static const uint8_t material_icon_hand_studio_map[] __attribute__((aligned(4))) = {
  0x00, 0x00, 0x00, 0x00, 0x00, 0x00, 0x00, 0x00, 0x00, 0x00, 0x00, 0x00,
  0x00, 0x00, 0x00, 0x00, 0x00, 0x00, 0x00, 0x00, 0x00, 0x00, 0x00, 0x00,
  0x00, 0x00, 0x00, 0x00, 0x00, 0x00, 0x00, 0x00, 0x00, 0x00, 0x00, 0x00,
  0x02, 0x02, 0x00, 0x00, 0x00, 0x00, 0x00, 0x00, 0x00, 0x00, 0x00, 0x00,
  0x00, 0x00, 0x00, 0x00, 0x1f, 0x1a, 0x00, 0x00, 0x61, 0x54, 0x02, 0x00,
  0x98, 0x88, 0x05, 0x00, 0xc7, 0xb2, 0x08, 0x00, 0xe3, 0xcb, 0x09, 0x00,
  0xeb, 0xd3, 0x07, 0x00, 0xf4, 0xdc, 0x07, 0x00, 0xf7, 0xde, 0x08, 0x00,
  0xf8, 0xe0, 0x08, 0x00, 0xf8, 0xe1, 0x08, 0x00, 0xf9, 0xe1, 0x08, 0x00,
  0xf9, 0xe2, 0x08, 0x00, 0xf9, 0xe2, 0x09, 0x15, 0xf9, 0xe2, 0x0a, 0x3b,
  0xfb, 0xe3, 0x0b, 0x59, 0xfb, 0xe3, 0x0a, 0x6e, 0xfa, 0xe3, 0x09, 0x7b,
  0xfb, 0xe4, 0x09, 0xff, 0xfc, 0xe4, 0x09, 0xff, 0xfb, 0xe4, 0x0a, 0xff,
  0xfc, 0xe5, 0x0a, 0xff, 0xfc, 0xe5, 0x0a, 0xff, 0xfc, 0xe5, 0x0b, 0xff,
  0xfc, 0xe5, 0x0a, 0xff, 0xfc, 0xe5, 0x0a, 0xff, 0xfd, 0xe5, 0x0a, 0xff,
  0xfd, 0xe5, 0x0a, 0xff, 0xfc, 0xe5, 0x0b, 0xff, 0xfd, 0xe6, 0x0a, 0xff,
  0xfd, 0xe7, 0x0a, 0xff, 0xfd, 0xe7, 0x0b, 0xff, 0xfd, 0xe8, 0x0b, 0xff,
  0xfe, 0xe8, 0x0a, 0xff, 0xfd, 0xe8, 0x0a, 0xff, 0xfd, 0xe8, 0x0b, 0xff,
  0xfd, 0xe9, 0x0b, 0xff, 0xfe, 0xe9, 0x0b, 0xff, 0xfe, 0xea, 0x0b, 0xff,
  0xfe, 0xea, 0x0c, 0xff, 0xfe, 0xea, 0x0d, 0xff, 0xfe, 0xe9, 0x0c, 0xff,
  0xfe, 0xea, 0x0c, 0xff, 0xff, 0xeb, 0x0d, 0xff, 0xff, 0xeb, 0x0e, 0xff,
  0xff, 0xeb, 0x0d, 0xff, 0xfe, 0xeb, 0x0d, 0xff, 0xfe, 0xeb, 0x0c, 0xff,
  0xfe, 0xea, 0x0c, 0xff, 0xfe, 0xeb, 0x0d, 0xff, 0xfe, 0xeb, 0x0d, 0xff,
  0xfe, 0xec, 0x0d, 0xff, 0xff, 0xec, 0x0d, 0xff, 0xfe, 0xec, 0x0d, 0xff,
  0xfe, 0xeb, 0x0d, 0xff, 0xfe, 0xeb, 0x0d, 0xff, 0xfe, 0xeb, 0x0d, 0xff,
  0xfe, 0xec, 0x0d, 0xff, 0xfe, 0xeb, 0x0d, 0xff, 0xfe, 0xeb, 0x0d, 0xff,
  0xfe, 0xec, 0x0e, 0xff, 0xfe, 0xeb, 0x0e, 0xff, 0xfe, 0xeb, 0x0d, 0xff,
  0xfe, 0xeb, 0x0c, 0xff, 0xfe, 0xeb, 0x0d, 0xff, 0xfd, 0xeb, 0x0d, 0xff,
  0xfe, 0xeb, 0x0e, 0x7b, 0xfe, 0xec, 0x0e, 0x6e, 0xfe, 0xeb, 0x0e, 0x59,
  0xfe, 0xeb, 0x0f, 0x3b, 0xfd, 0xeb, 0x0e, 0x15, 0xfe, 0xeb, 0x0d, 0x00,
  0xfe, 0xeb, 0x0d, 0x00, 0xfe, 0xeb, 0x0d, 0x00, 0xfd, 0xeb, 0x0e, 0x00,
  0xfe, 0xeb, 0x0e, 0x00, 0xfd, 0xeb, 0x0d, 0x00, 0xf8, 0xe6, 0x0d, 0x00,
  0xf0, 0xdd, 0x0c, 0x00, 0xde, 0xcc, 0x09, 0x00, 0xb1, 0xa4, 0x07, 0x00,
  0x75, 0x6a, 0x03, 0x00, 0x31, 0x2b, 0x00, 0x00, 0x00, 0x00, 0x00, 0x00,
  0x00, 0x00, 0x00, 0x00, 0x00, 0x00, 0x00, 0x00, 0x03, 0x03, 0x00, 0x00,
  0x00, 0x00, 0x00, 0x00, 0x00, 0x00, 0x00, 0x00, 0x00, 0x00, 0x00, 0x00,
  0x00, 0x00, 0x00, 0x00, 0x00, 0x00, 0x00, 0x00, 0x00, 0x00, 0x00, 0x00,
  0x00, 0x00, 0x00, 0x00, 0x00, 0x00, 0x00, 0x00, 0x00, 0x00, 0x00, 0x00,
  0x00, 0x00, 0x00, 0x00, 0x00, 0x00, 0x00, 0x00, 0x00, 0x00, 0x00, 0x00,
  0x00, 0x00, 0x00, 0x00, 0x00, 0x00, 0x00, 0x00, 0x00, 0x00, 0x00, 0x00,
  0x00, 0x00, 0x00, 0x00, 0x01, 0x01, 0x00, 0x00, 0x02, 0x02, 0x00, 0x00,
  0x00, 0x00, 0x00, 0x00, 0x00, 0x00, 0x00, 0x00, 0x44, 0x3b, 0x02, 0x00,
  0xa2, 0x8e, 0x06, 0x00, 0xe2, 0xc8, 0x07, 0x00, 0xfd, 0xe1, 0x09, 0x00,
  0xfb, 0xdf, 0x0a, 0x00, 0xf1, 0xd5, 0x0a, 0x00, 0xe8, 0xcc, 0x09, 0x00,
  0xe3, 0xc7, 0x08, 0x00, 0xdf, 0xc2, 0x07, 0x00, 0xde, 0xc1, 0x07, 0x00,
  0xdf, 0xc2, 0x08, 0x22, 0xdf, 0xc3, 0x09, 0x6a, 0xe0, 0xc3, 0x08, 0xaa,
  0xe0, 0xc4, 0x08, 0xe1, 0xe1, 0xc4, 0x08, 0xff, 0xe2, 0xc5, 0x09, 0xff,
  0xe3, 0xc6, 0x0a, 0xff, 0xe3, 0xc7, 0x09, 0xff, 0xe4, 0xc7, 0x09, 0xff,
  0xe4, 0xc7, 0x09, 0xff, 0xe5, 0xc8, 0x09, 0xff, 0xe5, 0xc8, 0x0a, 0xff,
  0xe6, 0xc9, 0x0a, 0xff, 0xe5, 0xc9, 0x09, 0xff, 0xe6, 0xca, 0x0a, 0xff,
  0xe8, 0xcb, 0x0a, 0xff, 0xe8, 0xcb, 0x0a, 0xff, 0xe8, 0xcb, 0x0a, 0xff,
  0xe9, 0xcc, 0x0b, 0xff, 0xe9, 0xcc, 0x0b, 0xff, 0xe9, 0xcd, 0x0b, 0xff,
  0xea, 0xce, 0x0b, 0xff, 0xeb, 0xcf, 0x0b, 0xff, 0xeb, 0xcf, 0x0b, 0xff,
  0xec, 0xd0, 0x0a, 0xff, 0xec, 0xd0, 0x0b, 0xff, 0xeb, 0xd0, 0x0b, 0xff,
  0xec, 0xd0, 0x0b, 0xff, 0xed, 0xd2, 0x0b, 0xff, 0xed, 0xd1, 0x0a, 0xff,
  0xed, 0xd2, 0x0b, 0xff, 0xee, 0xd3, 0x0b, 0xff, 0xef, 0xd4, 0x0b, 0xff,
  0xef, 0xd4, 0x0c, 0xff, 0xef, 0xd4, 0x0c, 0xff, 0xef, 0xd4, 0x0c, 0xff,
  0xef, 0xd5, 0x0d, 0xff, 0xef, 0xd5, 0x0c, 0xff, 0xef, 0xd4, 0x0b, 0xff,
  0xef, 0xd4, 0x0b, 0xff, 0xf0, 0xd6, 0x0b, 0xff, 0xf0, 0xd6, 0x0b, 0xff,
  0xf1, 0xd7, 0x0c, 0xff, 0xf1, 0xd8, 0x0c, 0xff, 0xf2, 0xd8, 0x0c, 0xff,
  0xf2, 0xd8, 0x0d, 0xff, 0xf2, 0xd9, 0x0d, 0xff, 0xf1, 0xd9, 0x0c, 0xff,
  0xf2, 0xd9, 0x0c, 0xff, 0xf1, 0xd8, 0x0b, 0xff, 0xf1, 0xd8, 0x0b, 0xff,
  0xf1, 0xd9, 0x0b, 0xff, 0xf2, 0xd9, 0x0c, 0xff, 0xf1, 0xd9, 0x0c, 0xff,
  0xf1, 0xd9, 0x0c, 0xff, 0xf1, 0xd9, 0x0b, 0xff, 0xf0, 0xd9, 0x0b, 0xff,
  0xf1, 0xd9, 0x0d, 0xff, 0xf1, 0xda, 0x0c, 0xff, 0xf1, 0xda, 0x0d, 0xff,
  0xf0, 0xda, 0x0d, 0xff, 0xf0, 0xda, 0x0d, 0xff, 0xf0, 0xd9, 0x0c, 0xe1,
  0xef, 0xd9, 0x0c, 0xaa, 0xef, 0xd9, 0x0c, 0x6a, 0xef, 0xd9, 0x0c, 0x22,
  0xef, 0xd9, 0x0c, 0x00, 0xf0, 0xdb, 0x0c, 0x00, 0xf3, 0xde, 0x0d, 0x00,
  0xf6, 0xe3, 0x0e, 0x00, 0xfc, 0xe9, 0x0e, 0x00, 0xff, 0xf4, 0x0e, 0x00,
  0xff, 0xf7, 0x0b, 0x00, 0xf9, 0xe7, 0x0a, 0x00, 0xc5, 0xb6, 0x0a, 0x00,
  0x6a, 0x62, 0x05, 0x00, 0x0f, 0x0d, 0x00, 0x00, 0x00, 0x00, 0x00, 0x00,
  0x01, 0x01, 0x00, 0x00, 0x02, 0x02, 0x00, 0x00, 0x00, 0x00, 0x00, 0x00,
  0x00, 0x00, 0x00, 0x00, 0x00, 0x00, 0x00, 0x00, 0x00, 0x00, 0x00, 0x00,
  0x00, 0x00, 0x00, 0x00, 0x00, 0x00, 0x00, 0x00, 0x00, 0x00, 0x00, 0x00,
  0x00, 0x00, 0x00, 0x00, 0x00, 0x00, 0x00, 0x00, 0x00, 0x00, 0x00, 0x00,
  0x00, 0x00, 0x00, 0x00, 0x00, 0x00, 0x00, 0x00, 0x00, 0x00, 0x00, 0x00,
  0x02, 0x01, 0x00, 0x00, 0x00, 0x00, 0x00, 0x00, 0x00, 0x00, 0x00, 0x00,
  0x30, 0x29, 0x01, 0x00, 0xa9, 0x92, 0x06, 0x00, 0xef, 0xd1, 0x09, 0x00,
  0xf2, 0xd4, 0x0a, 0x00, 0xe1, 0xc3, 0x08, 0x00, 0xd1, 0xb4, 0x08, 0x00,
  0xca, 0xac, 0x07, 0x00, 0xc8, 0xaa, 0x07, 0x00, 0xc7, 0xaa, 0x08, 0x00,
  0xc7, 0xaa, 0x08, 0x09, 0xc8, 0xab, 0x07, 0x6a, 0xc9, 0xac, 0x08, 0xc3,
  0xca, 0xad, 0x08, 0xff, 0xcb, 0xae, 0x09, 0xff, 0xcc, 0xae, 0x09, 0xff,
  0xcd, 0xaf, 0x08, 0xff, 0xce, 0xb0, 0x08, 0xff, 0xce, 0xb1, 0x09, 0xff,
  0xce, 0xb0, 0x08, 0xff, 0xcf, 0xb1, 0x08, 0xff, 0xd0, 0xb2, 0x09, 0xff,
  0xd1, 0xb3, 0x09, 0xff, 0xd1, 0xb3, 0x08, 0xff, 0xd1, 0xb2, 0x08, 0xff,
  0xd2, 0xb3, 0x09, 0xff, 0xd3, 0xb4, 0x09, 0xff, 0xd4, 0xb5, 0x09, 0xff,
  0xd5, 0xb7, 0x0a, 0xff, 0xd5, 0xb7, 0x0a, 0xff, 0xd6, 0xb7, 0x0a, 0xff,
  0xd6, 0xb8, 0x0a, 0xff, 0xd7, 0xb9, 0x0a, 0xff, 0xd8, 0xba, 0x0a, 0xff,
  0xd9, 0xbb, 0x0a, 0xff, 0xd9, 0xbc, 0x0a, 0xff, 0xda, 0xbc, 0x0b, 0xff,
  0xdb, 0xbd, 0x0a, 0xff, 0xdb, 0xbd, 0x0a, 0xff, 0xdb, 0xbd, 0x0a, 0xff,
  0xdc, 0xbe, 0x0a, 0xff, 0xdc, 0xbf, 0x09, 0xff, 0xdd, 0xc0, 0x0a, 0xff,
  0xdd, 0xc1, 0x0a, 0xff, 0xde, 0xc2, 0x0a, 0xff, 0xdf, 0xc2, 0x0a, 0xff,
  0xdf, 0xc3, 0x0b, 0xff, 0xdf, 0xc2, 0x0b, 0xff, 0xdf, 0xc3, 0x0b, 0xff,
  0xe0, 0xc4, 0x0c, 0xff, 0xe0, 0xc4, 0x0c, 0xff, 0xe0, 0xc4, 0x0b, 0xff,
  0xe0, 0xc4, 0x0a, 0xff, 0xe2, 0xc6, 0x0a, 0xff, 0xe2, 0xc6, 0x0a, 0xff,
  0xe2, 0xc7, 0x0b, 0xff, 0xe3, 0xc8, 0x0c, 0xff, 0xe4, 0xc9, 0x0c, 0xff,
  0xe4, 0xca, 0x0c, 0xff, 0xe4, 0xc9, 0x0c, 0xff, 0xe4, 0xc9, 0x0c, 0xff,
  0xe4, 0xca, 0x0b, 0xff, 0xe4, 0xca, 0x0b, 0xff, 0xe4, 0xca, 0x0b, 0xff,
  0xe4, 0xca, 0x0b, 0xff, 0xe4, 0xcb, 0x0b, 0xff, 0xe4, 0xcb, 0x0c, 0xff,
  0xe3, 0xcb, 0x0b, 0xff, 0xe4, 0xcb, 0x0b, 0xff, 0xe3, 0xcb, 0x0a, 0xff,
  0xe3, 0xcb, 0x0a, 0xff, 0xe3, 0xcb, 0x0b, 0xff, 0xe3, 0xcc, 0x0b, 0xff,
  0xe3, 0xcc, 0x0b, 0xff, 0xe3, 0xcc, 0x0b, 0xff, 0xe2, 0xcb, 0x0b, 0xff,
  0xe2, 0xcb, 0x0b, 0xff, 0xe1, 0xca, 0x0b, 0xff, 0xe0, 0xca, 0x0b, 0xff,
  0xe0, 0xca, 0x0a, 0xc3, 0xe0, 0xca, 0x0b, 0x6a, 0xe0, 0xcb, 0x0c, 0x09,
  0xe0, 0xcb, 0x0c, 0x00, 0xe1, 0xcc, 0x0b, 0x00, 0xe2, 0xce, 0x0b, 0x00,
  0xe6, 0xd3, 0x0b, 0x00, 0xf1, 0xdf, 0x0e, 0x00, 0xff, 0xf0, 0x10, 0x00,
  0xff, 0xf8, 0x11, 0x00, 0xd9, 0xc9, 0x0a, 0x00, 0x5b, 0x54, 0x03, 0x00,
  0x00, 0x00, 0x00, 0x00, 0x00, 0x00, 0x00, 0x00, 0x03, 0x03, 0x00, 0x00,
  0x00, 0x00, 0x00, 0x00, 0x00, 0x00, 0x00, 0x00, 0x00, 0x00, 0x00, 0x00,
  0x00, 0x00, 0x00, 0x00, 0x00, 0x00, 0x00, 0x00, 0x00, 0x00, 0x00, 0x00,
  0x00, 0x00, 0x00, 0x00, 0x00, 0x00, 0x00, 0x00, 0x00, 0x00, 0x00, 0x00,
  0x00, 0x00, 0x00, 0x00, 0x00, 0x00, 0x00, 0x00, 0x02, 0x02, 0x00, 0x00,
  0x00, 0x00, 0x00, 0x00, 0x00, 0x00, 0x00, 0x00, 0x6e, 0x5f, 0x05, 0x00,
  0xdf, 0xc2, 0x0a, 0x00, 0xe9, 0xcb, 0x09, 0x00, 0xd1, 0xb4, 0x08, 0x00,
  0xc4, 0xa7, 0x08, 0x00, 0xc1, 0xa4, 0x08, 0x00, 0xc2, 0xa5, 0x09, 0x00,
  0xc4, 0xa7, 0x08, 0x00, 0xc6, 0xa9, 0x08, 0x15, 0xc6, 0xa9, 0x08, 0x88,
  0xc7, 0xaa, 0x07, 0xf3, 0xc9, 0xab, 0x09, 0xff, 0xc9, 0xac, 0x09, 0xff,
  0xca, 0xae, 0x0a, 0xff, 0xcb, 0xaf, 0x0a, 0xff, 0xcc, 0xb0, 0x0a, 0xff,
  0xcd, 0xb0, 0x0a, 0xff, 0xce, 0xb1, 0x0a, 0xff, 0xcf, 0xb2, 0x0a, 0xff,
  0xce, 0xb2, 0x0a, 0xff, 0xcf, 0xb2, 0x0a, 0xff, 0xd0, 0xb3, 0x0b, 0xff,
  0xd0, 0xb4, 0x0b, 0xff, 0xd1, 0xb4, 0x0b, 0xff, 0xd1, 0xb4, 0x0a, 0xff,
  0xd2, 0xb5, 0x0a, 0xff, 0xd2, 0xb5, 0x0a, 0xff, 0xd3, 0xb6, 0x0a, 0xff,
  0xd4, 0xb7, 0x0b, 0xff, 0xd5, 0xb8, 0x0c, 0xff, 0xd5, 0xb9, 0x0c, 0xff,
  0xd6, 0xb9, 0x0b, 0xff, 0xd7, 0xba, 0x0b, 0xff, 0xd7, 0xbb, 0x0b, 0xff,
  0xd8, 0xbc, 0x0b, 0xff, 0xd8, 0xbc, 0x0b, 0xff, 0xd9, 0xbd, 0x0c, 0xff,
  0xda, 0xbe, 0x0c, 0xff, 0xda, 0xbe, 0x0d, 0xff, 0xdb, 0xbf, 0x0c, 0xff,
  0xdc, 0xc0, 0x0b, 0xff, 0xdc, 0xc0, 0x0b, 0xff, 0xdc, 0xc1, 0x0b, 0xff,
  0xdd, 0xc1, 0x0b, 0xff, 0xde, 0xc2, 0x0b, 0xff, 0xde, 0xc3, 0x0c, 0xff,
  0xde, 0xc3, 0x0c, 0xff, 0xde, 0xc3, 0x0c, 0xff, 0xdf, 0xc4, 0x0d, 0xff,
  0xdf, 0xc4, 0x0d, 0xff, 0xe0, 0xc5, 0x0d, 0xff, 0xe1, 0xc6, 0x0d, 0xff,
  0xe1, 0xc6, 0x0c, 0xff, 0xe1, 0xc7, 0x0b, 0xff, 0xe2, 0xc8, 0x0c, 0xff,
  0xe3, 0xc8, 0x0d, 0xff, 0xe3, 0xc9, 0x0d, 0xff, 0xe3, 0xca, 0x0d, 0xff,
  0xe3, 0xca, 0x0d, 0xff, 0xe4, 0xca, 0x0d, 0xff, 0xe4, 0xca, 0x0e, 0xff,
  0xe4, 0xcb, 0x0e, 0xff, 0xe4, 0xcb, 0x0e, 0xff, 0xe4, 0xcb, 0x0d, 0xff,
  0xe4, 0xcb, 0x0d, 0xff, 0xe3, 0xcb, 0x0d, 0xff, 0xe3, 0xcc, 0x0e, 0xff,
  0xe4, 0xcc, 0x0d, 0xff, 0xe3, 0xcc, 0x0d, 0xff, 0xe3, 0xcc, 0x0d, 0xff,
  0xe3, 0xcd, 0x0d, 0xff, 0xe4, 0xcd, 0x0d, 0xff, 0xe3, 0xcd, 0x0d, 0xff,
  0xe3, 0xcd, 0x0c, 0xff, 0xe2, 0xcd, 0x0c, 0xff, 0xe2, 0xcd, 0x0d, 0xff,
  0xe2, 0xcd, 0x0c, 0xff, 0xe1, 0xcc, 0x0b, 0xff, 0xe0, 0xcc, 0x0d, 0xff,
  0xe0, 0xcc, 0x0d, 0xff, 0xe0, 0xcc, 0x0d, 0xff, 0xe0, 0xcd, 0x0e, 0xf3,
  0xe0, 0xcc, 0x0e, 0x88, 0xdf, 0xcc, 0x0d, 0x15, 0xde, 0xcc, 0x0c, 0x00,
  0xdd, 0xcc, 0x0c, 0x00, 0xdd, 0xcb, 0x0c, 0x00, 0xdf, 0xce, 0x0c, 0x00,
  0xe7, 0xd6, 0x0d, 0x00, 0xfc, 0xeb, 0x0f, 0x00, 0xff, 0xf4, 0x0f, 0x00,
  0xa5, 0x98, 0x06, 0x00, 0x11, 0x0e, 0x00, 0x00, 0x00, 0x00, 0x00, 0x00,
  0x03, 0x03, 0x00, 0x00, 0x00, 0x00, 0x00, 0x00, 0x00, 0x00, 0x00, 0x00,
  0x00, 0x00, 0x00, 0x00, 0x00, 0x00, 0x00, 0x00, 0x00, 0x00, 0x00, 0x00,
  0x00, 0x00, 0x00, 0x00, 0x00, 0x00, 0x00, 0x00, 0x00, 0x00, 0x00, 0x00,
  0x00, 0x00, 0x00, 0x00, 0x02, 0x02, 0x00, 0x00, 0x00, 0x00, 0x00, 0x00,
  0x09, 0x07, 0x00, 0x00, 0x94, 0x80, 0x06, 0x00, 0xe8, 0xca, 0x0b, 0x00,
  0xd5, 0xb8, 0x09, 0x00, 0xc1, 0xa4, 0x07, 0x00, 0xbd, 0xa1, 0x08, 0x00,
  0xbf, 0xa2, 0x08, 0x00, 0xc0, 0xa4, 0x08, 0x00, 0xc1, 0xa5, 0x09, 0x00,
  0xc2, 0xa6, 0x09, 0x7b, 0xc3, 0xa7, 0x08, 0xf7, 0xc3, 0xa7, 0x08, 0xff,
  0xc4, 0xa8, 0x08, 0xff, 0xc6, 0xab, 0x0a, 0xff, 0xc7, 0xab, 0x0a, 0xff,
  0xc8, 0xac, 0x0a, 0xff, 0xc9, 0xad, 0x0a, 0xff, 0xca, 0xae, 0x0a, 0xff,
  0xca, 0xaf, 0x0a, 0xff, 0xcb, 0xaf, 0x0a, 0xff, 0xcc, 0xb0, 0x0b, 0xff,
  0xcc, 0xb1, 0x0a, 0xff, 0xcd, 0xb0, 0x0a, 0xff, 0xcd, 0xb1, 0x0a, 0xff,
  0xce, 0xb2, 0x0b, 0xff, 0xcf, 0xb3, 0x0b, 0xff, 0xcf, 0xb4, 0x0c, 0xff,
  0xcf, 0xb4, 0x0b, 0xff, 0xcf, 0xb4, 0x0b, 0xff, 0xd0, 0xb4, 0x0b, 0xff,
  0xd1, 0xb6, 0x0c, 0xff, 0xd2, 0xb7, 0x0d, 0xff, 0xd3, 0xb8, 0x0c, 0xff,
  0xd4, 0xb9, 0x0c, 0xff, 0xd5, 0xba, 0x0b, 0xff, 0xd5, 0xba, 0x0a, 0xff,
  0xd5, 0xba, 0x0b, 0xff, 0xd6, 0xbb, 0x0c, 0xff, 0xd7, 0xbc, 0x0c, 0xff,
  0xd7, 0xbd, 0x0d, 0xff, 0xd8, 0xbe, 0x0d, 0xff, 0xd9, 0xbe, 0x0c, 0xff,
  0xd9, 0xbf, 0x0c, 0xff, 0xd9, 0xbf, 0x0c, 0xff, 0xd9, 0xbf, 0x0b, 0xff,
  0xda, 0xbf, 0x0c, 0xff, 0xdb, 0xc0, 0x0c, 0xff, 0xdb, 0xc1, 0x0d, 0xff,
  0xdb, 0xc1, 0x0d, 0xff, 0xdc, 0xc2, 0x0d, 0xff, 0xdd, 0xc3, 0x0d, 0xff,
  0xdd, 0xc3, 0x0d, 0xff, 0xdd, 0xc4, 0x0e, 0xff, 0xdf, 0xc5, 0x0e, 0xff,
  0xdf, 0xc5, 0x0c, 0xff, 0xdf, 0xc6, 0x0c, 0xff, 0xe0, 0xc7, 0x0e, 0xff,
  0xe0, 0xc7, 0x0e, 0xff, 0xe0, 0xc8, 0x0d, 0xff, 0xe1, 0xc9, 0x0d, 0xff,
  0xe1, 0xc9, 0x0e, 0xff, 0xe1, 0xc9, 0x0e, 0xff, 0xe2, 0xca, 0x0e, 0xff,
  0xe3, 0xca, 0x0e, 0xff, 0xe2, 0xca, 0x0e, 0xff, 0xe2, 0xca, 0x0e, 0xff,
  0xe1, 0xc9, 0x0d, 0xff, 0xe1, 0xc9, 0x0d, 0xff, 0xe1, 0xcb, 0x0e, 0xff,
  0xe1, 0xcc, 0x0e, 0xff, 0xe1, 0xcc, 0x0d, 0xff, 0xe1, 0xcb, 0x0e, 0xff,
  0xe1, 0xcc, 0x0e, 0xff, 0xe1, 0xcc, 0x0e, 0xff, 0xe1, 0xcc, 0x0d, 0xff,
  0xe1, 0xcc, 0x0c, 0xff, 0xe1, 0xcc, 0x0d, 0xff, 0xe0, 0xcc, 0x0d, 0xff,
  0xdf, 0xcc, 0x0d, 0xff, 0xde, 0xcb, 0x0d, 0xff, 0xde, 0xcb, 0x0d, 0xff,
  0xde, 0xcb, 0x0d, 0xff, 0xdf, 0xcc, 0x0e, 0xff, 0xdf, 0xcc, 0x0e, 0xff,
  0xde, 0xcb, 0x0e, 0xff, 0xde, 0xcc, 0x0d, 0xf7, 0xde, 0xcc, 0x0c, 0x7b,
  0xdd, 0xcb, 0x0d, 0x00, 0xdd, 0xcb, 0x0d, 0x00, 0xdd, 0xcc, 0x0d, 0x00,
  0xdc, 0xcb, 0x0d, 0x00, 0xdd, 0xcd, 0x0d, 0x00, 0xe9, 0xd9, 0x0d, 0x00,
  0xff, 0xf3, 0x0f, 0x00, 0xcd, 0xbe, 0x0a, 0x00, 0x26, 0x21, 0x00, 0x00,
  0x00, 0x00, 0x00, 0x00, 0x03, 0x03, 0x00, 0x00, 0x00, 0x00, 0x00, 0x00,
  0x00, 0x00, 0x00, 0x00, 0x00, 0x00, 0x00, 0x00, 0x00, 0x00, 0x00, 0x00,
  0x00, 0x00, 0x00, 0x00, 0x00, 0x00, 0x00, 0x00, 0x00, 0x00, 0x00, 0x00,
  0x02, 0x02, 0x00, 0x00, 0x00, 0x00, 0x00, 0x00, 0x09, 0x07, 0x00, 0x00,
  0xa2, 0x8a, 0x06, 0x00, 0xe7, 0xc7, 0x0b, 0x00, 0xc9, 0xac, 0x09, 0x00,
  0xbb, 0x9f, 0x08, 0x00, 0xba, 0x9e, 0x08, 0x00, 0xbd, 0xa1, 0x09, 0x00,
  0xbd, 0xa2, 0x09, 0x00, 0xbe, 0xa3, 0x09, 0x44, 0xbe, 0xa4, 0x09, 0xd0,
  0xbf, 0xa4, 0x08, 0xff, 0xc1, 0xa5, 0x09, 0xff, 0xc2, 0xa6, 0x09, 0xff,
  0xc2, 0xa7, 0x09, 0xff, 0xc4, 0xa8, 0x09, 0xff, 0xc5, 0xaa, 0x0a, 0xff,
  0xc6, 0xab, 0x0a, 0xff, 0xc6, 0xac, 0x0b, 0xff, 0xc8, 0xac, 0x0a, 0xff,
  0xc8, 0xad, 0x09, 0xff, 0xca, 0xaf, 0x0b, 0xff, 0xca, 0xaf, 0x0b, 0xff,
  0xca, 0xaf, 0x0b, 0xff, 0xca, 0xb0, 0x0b, 0xff, 0xcb, 0xb1, 0x0b, 0xff,
  0xcc, 0xb1, 0x0a, 0xff, 0xcc, 0xb1, 0x0b, 0xff, 0xcd, 0xb2, 0x0c, 0xff,
  0xcd, 0xb3, 0x0b, 0xff, 0xce, 0xb3, 0x0b, 0xff, 0xce, 0xb4, 0x0c, 0xff,
  0xd0, 0xb5, 0x0d, 0xff, 0xd1, 0xb6, 0x0d, 0xff, 0xd1, 0xb7, 0x0d, 0xff,
  0xd2, 0xb8, 0x0d, 0xff, 0xd3, 0xb9, 0x0c, 0xff, 0xd3, 0xb9, 0x0b, 0xff,
  0xd4, 0xb9, 0x0c, 0xff, 0xd4, 0xba, 0x0c, 0xff, 0xd4, 0xba, 0x0c, 0xff,
  0xd5, 0xbb, 0x0d, 0xff, 0xd7, 0xbd, 0x0d, 0xff, 0xd7, 0xbe, 0x0d, 0xff,
  0xd8, 0xbe, 0x0d, 0xff, 0xd8, 0xbe, 0x0d, 0xff, 0xd7, 0xbe, 0x0b, 0xff,
  0xd7, 0xbe, 0x0c, 0xff, 0xd8, 0xbf, 0x0c, 0xff, 0xd9, 0xc0, 0x0d, 0xff,
  0xda, 0xc1, 0x0e, 0xff, 0xda, 0xc2, 0x0e, 0xff, 0xdb, 0xc3, 0x0d, 0xff,
  0xdb, 0xc3, 0x0d, 0xff, 0xdc, 0xc3, 0x0e, 0xff, 0xdc, 0xc4, 0x0e, 0xff,
  0xdd, 0xc5, 0x0e, 0xff, 0xde, 0xc6, 0x0e, 0xff, 0xde, 0xc6, 0x0e, 0xff,
  0xde, 0xc7, 0x0e, 0xff, 0xdf, 0xc7, 0x0e, 0xff, 0xdf, 0xc8, 0x0e, 0xff,
  0xdf, 0xc8, 0x0e, 0xff, 0xdf, 0xc9, 0x0e, 0xff, 0xe0, 0xca, 0x0f, 0xff,
  0xe0, 0xc9, 0x0e, 0xff, 0xe0, 0xc9, 0x0e, 0xff, 0xdf, 0xc8, 0x0e, 0xff,
  0xdf, 0xc9, 0x0d, 0xff, 0xdf, 0xc9, 0x0d, 0xff, 0xe0, 0xca, 0x0d, 0xff,
  0xe0, 0xcb, 0x0d, 0xff, 0xe0, 0xcb, 0x0d, 0xff, 0xe0, 0xcb, 0x0d, 0xff,
  0xdf, 0xcb, 0x0d, 0xff, 0xdf, 0xcb, 0x0e, 0xff, 0xdf, 0xcc, 0x0d, 0xff,
  0xdf, 0xcc, 0x0d, 0xff, 0xdf, 0xcc, 0x0d, 0xff, 0xdf, 0xcc, 0x0e, 0xff,
  0xde, 0xcc, 0x0d, 0xff, 0xde, 0xcb, 0x0d, 0xff, 0xdd, 0xcb, 0x0d, 0xff,
  0xde, 0xcc, 0x0e, 0xff, 0xde, 0xcc, 0x0e, 0xff, 0xde, 0xcc, 0x0e, 0xff,
  0xdd, 0xcb, 0x0d, 0xff, 0xde, 0xcc, 0x0d, 0xff, 0xdd, 0xcc, 0x0d, 0xff,
  0xdd, 0xcb, 0x0d, 0xd0, 0xdc, 0xcb, 0x0d, 0x44, 0xdc, 0xcb, 0x0d, 0x00,
  0xdb, 0xcb, 0x0e, 0x00, 0xda, 0xca, 0x0e, 0x00, 0xda, 0xca, 0x0c, 0x00,
  0xdf, 0xcf, 0x0c, 0x00, 0xfb, 0xec, 0x0f, 0x00, 0xd7, 0xc9, 0x0a, 0x00,
  0x28, 0x24, 0x00, 0x00, 0x00, 0x00, 0x00, 0x00, 0x03, 0x03, 0x00, 0x00,
  0x00, 0x00, 0x00, 0x00, 0x00, 0x00, 0x00, 0x00, 0x00, 0x00, 0x00, 0x00,
  0x00, 0x00, 0x00, 0x00, 0x00, 0x00, 0x00, 0x00, 0x01, 0x01, 0x00, 0x00,
  0x00, 0x00, 0x00, 0x00, 0x01, 0x01, 0x00, 0x00, 0x96, 0x7f, 0x05, 0x00,
  0xe0, 0xc1, 0x0b, 0x00, 0xc1, 0xa5, 0x08, 0x00, 0xb9, 0x9e, 0x09, 0x00,
  0xb9, 0x9e, 0x09, 0x00, 0xb9, 0x9e, 0x08, 0x00, 0xbb, 0x9f, 0x08, 0x00,
  0xbc, 0xa1, 0x09, 0x7f, 0xbc, 0xa2, 0x09, 0xff, 0xbd, 0xa3, 0x0a, 0xff,
  0xbe, 0xa3, 0x09, 0xff, 0xc0, 0xa5, 0x09, 0xff, 0xc0, 0xa5, 0x09, 0xff,
  0xc1, 0xa5, 0x08, 0xff, 0xc2, 0xa7, 0x09, 0xff, 0xc4, 0xa9, 0x0a, 0xff,
  0xc5, 0xaa, 0x0a, 0xff, 0xc5, 0xab, 0x0a, 0xff, 0xc6, 0xac, 0x0a, 0xff,
  0xc6, 0xac, 0x0a, 0xff, 0xc8, 0xad, 0x0b, 0xff, 0xc9, 0xae, 0x0b, 0xff,
  0xc9, 0xaf, 0x0b, 0xff, 0xc9, 0xaf, 0x0a, 0xff, 0xca, 0xaf, 0x0b, 0xff,
  0xca, 0xaf, 0x0b, 0xff, 0xca, 0xb0, 0x0b, 0xff, 0xcb, 0xb1, 0x0c, 0xff,
  0xcc, 0xb2, 0x0c, 0xff, 0xcd, 0xb3, 0x0c, 0xff, 0xcd, 0xb3, 0x0c, 0xff,
  0xcf, 0xb5, 0x0d, 0xff, 0xcf, 0xb5, 0x0d, 0xff, 0xd0, 0xb6, 0x0d, 0xff,
  0xd0, 0xb6, 0x0d, 0xff, 0xd0, 0xb7, 0x0c, 0xff, 0xd1, 0xb8, 0x0c, 0xff,
  0xd3, 0xb9, 0x0d, 0xff, 0xd3, 0xb9, 0x0d, 0xff, 0xd3, 0xba, 0x0d, 0xff,
  0xd3, 0xba, 0x0d, 0xff, 0xd4, 0xbb, 0x0d, 0xff, 0xd5, 0xbd, 0x0d, 0xff,
  0xd6, 0xbd, 0x0d, 0xff, 0xd6, 0xbd, 0x0d, 0xff, 0xd6, 0xbd, 0x0c, 0xff,
  0xd6, 0xbd, 0x0c, 0xff, 0xd6, 0xbe, 0x0d, 0xff, 0xd7, 0xbf, 0x0d, 0xff,
  0xd8, 0xc0, 0x0e, 0xff, 0xd9, 0xc2, 0x0d, 0xff, 0xd9, 0xc2, 0x0d, 0xff,
  0xd9, 0xc2, 0x0d, 0xff, 0xda, 0xc2, 0x0d, 0xff, 0xda, 0xc3, 0x0e, 0xff,
  0xdb, 0xc4, 0x0e, 0xff, 0xdc, 0xc5, 0x0e, 0xff, 0xdd, 0xc6, 0x0e, 0xff,
  0xdd, 0xc6, 0x0f, 0xff, 0xdd, 0xc6, 0x0f, 0xff, 0xde, 0xc7, 0x0f, 0xff,
  0xdd, 0xc7, 0x0e, 0xff, 0xdd, 0xc7, 0x0e, 0xff, 0xde, 0xc9, 0x0f, 0xff,
  0xde, 0xc9, 0x0e, 0xff, 0xde, 0xc8, 0x0e, 0xff, 0xde, 0xc7, 0x0d, 0xff,
  0xde, 0xc9, 0x0d, 0xff, 0xde, 0xc9, 0x0d, 0xff, 0xdf, 0xca, 0x0d, 0xff,
  0xde, 0xca, 0x0d, 0xff, 0xde, 0xca, 0x0d, 0xff, 0xde, 0xca, 0x0d, 0xff,
  0xdf, 0xcb, 0x0d, 0xff, 0xde, 0xcb, 0x0d, 0xff, 0xde, 0xcc, 0x0d, 0xff,
  0xdf, 0xcc, 0x0d, 0xff, 0xdf, 0xcc, 0x0e, 0xff, 0xde, 0xcc, 0x0e, 0xff,
  0xde, 0xcc, 0x0e, 0xff, 0xde, 0xcc, 0x0d, 0xff, 0xdd, 0xcc, 0x0d, 0xff,
  0xdd, 0xcc, 0x0e, 0xff, 0xde, 0xcc, 0x0e, 0xff, 0xde, 0xcc, 0x0e, 0xff,
  0xde, 0xcc, 0x0d, 0xff, 0xdd, 0xcc, 0x0d, 0xff, 0xdc, 0xcb, 0x0d, 0xff,
  0xdc, 0xcb, 0x0e, 0xff, 0xdb, 0xcb, 0x0e, 0xff, 0xdb, 0xca, 0x0d, 0x7f,
  0xda, 0xc9, 0x0d, 0x00, 0xd9, 0xc9, 0x0d, 0x00, 0xd9, 0xc9, 0x0c, 0x00,
  0xd8, 0xc8, 0x0b, 0x00, 0xdb, 0xcb, 0x0c, 0x00, 0xf8, 0xea, 0x0f, 0x00,
  0xd2, 0xc4, 0x0a, 0x00, 0x1b, 0x18, 0x00, 0x00, 0x00, 0x00, 0x00, 0x00,
  0x02, 0x02, 0x00, 0x00, 0x00, 0x00, 0x00, 0x00, 0x00, 0x00, 0x00, 0x00,
  0x00, 0x00, 0x00, 0x00, 0x00, 0x00, 0x00, 0x00, 0x02, 0x02, 0x00, 0x00,
  0x00, 0x00, 0x00, 0x00, 0x76, 0x65, 0x04, 0x00, 0xde, 0xbf, 0x0a, 0x00,
  0xbf, 0xa3, 0x09, 0x00, 0xb5, 0x9a, 0x08, 0x00, 0xb8, 0x9d, 0x08, 0x00,
  0xb8, 0x9d, 0x08, 0x00, 0xb8, 0x9d, 0x08, 0x05, 0xb9, 0x9e, 0x08, 0xaa,
  0xbb, 0xa0, 0x09, 0xff, 0xbc, 0xa1, 0x0a, 0xff, 0xbc, 0xa2, 0x0a, 0xff,
  0xbe, 0xa3, 0x09, 0xff, 0xbe, 0xa3, 0x08, 0xff, 0xbf, 0xa4, 0x09, 0xff,
  0xbf, 0xa4, 0x08, 0xff, 0xc1, 0xa7, 0x09, 0xff, 0xc2, 0xa8, 0x09, 0xff,
  0xc3, 0xa9, 0x09, 0xff, 0xc5, 0xaa, 0x09, 0xff, 0xc5, 0xab, 0x09, 0xff,
  0xc6, 0xab, 0x09, 0xff, 0xc7, 0xac, 0x0a, 0xff, 0xc8, 0xad, 0x0a, 0xff,
  0xc8, 0xae, 0x0a, 0xff, 0xc8, 0xae, 0x0a, 0xff, 0xc7, 0xae, 0x0b, 0xff,
  0xc8, 0xae, 0x0b, 0xff, 0xc9, 0xaf, 0x0b, 0xff, 0xc9, 0xb0, 0x0c, 0xff,
  0xca, 0xb1, 0x0c, 0xff, 0xcb, 0xb2, 0x0c, 0xff, 0xcd, 0xb3, 0x0c, 0xff,
  0xcd, 0xb3, 0x0c, 0xff, 0xce, 0xb4, 0x0d, 0xff, 0xce, 0xb5, 0x0d, 0xff,
  0xce, 0xb5, 0x0c, 0xff, 0xcf, 0xb5, 0x0c, 0xff, 0xd0, 0xb7, 0x0c, 0xff,
  0xd1, 0xb8, 0x0c, 0xff, 0xd1, 0xb8, 0x0c, 0xff, 0xd1, 0xb8, 0x0c, 0xff,
  0xd1, 0xb9, 0x0c, 0xff, 0xd2, 0xba, 0x0d, 0xff, 0xd3, 0xba, 0x0c, 0xff,
  0xd4, 0xbb, 0x0b, 0xff, 0xd4, 0xbc, 0x0b, 0xff, 0xd4, 0xbc, 0x0c, 0xff,
  0xd4, 0xbc, 0x0c, 0xff, 0xd4, 0xbd, 0x0c, 0xff, 0xd5, 0xbe, 0x0c, 0xff,
  0xd6, 0xbf, 0x0e, 0xff, 0xd7, 0xc1, 0x0e, 0xff, 0xd7, 0xc0, 0x0d, 0xff,
  0xd7, 0xc1, 0x0c, 0xff, 0xd8, 0xc1, 0x0c, 0xff, 0xd8, 0xc2, 0x0d, 0xff,
  0xd9, 0xc3, 0x0e, 0xff, 0xda, 0xc4, 0x0f, 0xff, 0xda, 0xc4, 0x0f, 0xff,
  0xda, 0xc4, 0x0e, 0xff, 0xdb, 0xc5, 0x0e, 0xff, 0xdc, 0xc6, 0x0e, 0xff,
  0xdc, 0xc7, 0x0e, 0xff, 0xdc, 0xc7, 0x0e, 0xff, 0xdd, 0xc8, 0x0e, 0xff,
  0xdd, 0xc8, 0x0e, 0xff, 0xdd, 0xc8, 0x0e, 0xff, 0xdd, 0xc7, 0x0d, 0xff,
  0xdd, 0xc8, 0x0d, 0xff, 0xdd, 0xc9, 0x0d, 0xff, 0xde, 0xc9, 0x0d, 0xff,
  0xdd, 0xc9, 0x0e, 0xff, 0xdc, 0xc9, 0x0d, 0xff, 0xdc, 0xca, 0x0d, 0xff,
  0xdd, 0xcb, 0x0d, 0xff, 0xde, 0xcc, 0x0c, 0xff, 0xde, 0xcc, 0x0c, 0xff,
  0xde, 0xcc, 0x0d, 0xff, 0xde, 0xcd, 0x0e, 0xff, 0xde, 0xcc, 0x0e, 0xff,
  0xdd, 0xcc, 0x0e, 0xff, 0xde, 0xcc, 0x0e, 0xff, 0xdd, 0xcc, 0x0e, 0xff,
  0xdd, 0xcb, 0x0e, 0xff, 0xdd, 0xcc, 0x0e, 0xff, 0xdd, 0xcc, 0x0e, 0xff,
  0xdd, 0xcc, 0x0e, 0xff, 0xdc, 0xcb, 0x0d, 0xff, 0xdc, 0xcb, 0x0c, 0xff,
  0xdc, 0xcb, 0x0e, 0xff, 0xdb, 0xcb, 0x0e, 0xff, 0xda, 0xca, 0x0e, 0xff,
  0xd9, 0xc9, 0x0d, 0xaa, 0xd8, 0xc8, 0x0d, 0x05, 0xd7, 0xc7, 0x0c, 0x00,
  0xd7, 0xc7, 0x0c, 0x00, 0xd6, 0xc6, 0x0b, 0x00, 0xd9, 0xca, 0x0c, 0x00,
  0xf9, 0xeb, 0x12, 0x00, 0xb4, 0xa8, 0x09, 0x00, 0x05, 0x03, 0x00, 0x00,
  0x00, 0x00, 0x00, 0x00, 0x01, 0x01, 0x00, 0x00, 0x00, 0x00, 0x00, 0x00,
  0x00, 0x00, 0x00, 0x00, 0x03, 0x02, 0x00, 0x00, 0x00, 0x00, 0x00, 0x00,
  0x3f, 0x35, 0x01, 0x00, 0xd1, 0xb3, 0x08, 0x00, 0xc1, 0xa5, 0x08, 0x00,
  0xb4, 0x99, 0x08, 0x00, 0xb6, 0x9b, 0x09, 0x00, 0xb6, 0x9b, 0x08, 0x00,
  0xb6, 0x9b, 0x08, 0x15, 0xb7, 0x9c, 0x07, 0xc3, 0xb7, 0x9d, 0x08, 0xff,
  0xb9, 0x9e, 0x09, 0xff, 0xba, 0xa0, 0x0a, 0xff, 0xbb, 0xa1, 0x0a, 0xff,
  0xbd, 0xa3, 0x09, 0xff, 0xbe, 0xa4, 0x09, 0xff, 0xbf, 0xa6, 0x0a, 0xff,
  0xc0, 0xa7, 0x0b, 0xff, 0xc1, 0xa8, 0x0b, 0xff, 0xc3, 0xa9, 0x0c, 0xff,
  0xc3, 0xaa, 0x0c, 0xff, 0xc5, 0xac, 0x0b, 0xff, 0xc5, 0xac, 0x0a, 0xff,
  0xc6, 0xad, 0x0c, 0xff, 0xc8, 0xb0, 0x0c, 0xff, 0xc8, 0xb0, 0x0c, 0xff,
  0xc8, 0xaf, 0x0c, 0xff, 0xc8, 0xaf, 0x0c, 0xff, 0xc7, 0xae, 0x0b, 0xff,
  0xc7, 0xae, 0x0a, 0xff, 0xc7, 0xae, 0x0b, 0xff, 0xc8, 0xaf, 0x0b, 0xff,
  0xc8, 0xaf, 0x0b, 0xff, 0xc9, 0xb0, 0x0b, 0xff, 0xca, 0xb1, 0x0c, 0xff,
  0xcb, 0xb2, 0x0c, 0xff, 0xcc, 0xb3, 0x0c, 0xff, 0xcc, 0xb3, 0x0c, 0xff,
  0xcd, 0xb4, 0x0c, 0xff, 0xcd, 0xb4, 0x0c, 0xff, 0xce, 0xb5, 0x0c, 0xff,
  0xce, 0xb6, 0x0c, 0xff, 0xcf, 0xb7, 0x0c, 0xff, 0xcf, 0xb7, 0x0c, 0xff,
  0xcf, 0xb7, 0x0c, 0xff, 0xd0, 0xb8, 0x0c, 0xff, 0xd0, 0xb8, 0x0c, 0xff,
  0xd1, 0xb9, 0x0b, 0xff, 0xd2, 0xbb, 0x0b, 0xff, 0xd2, 0xbb, 0x0c, 0xff,
  0xd2, 0xbb, 0x0c, 0xff, 0xd3, 0xbc, 0x0d, 0xff, 0xd4, 0xbd, 0x0c, 0xff,
  0xd4, 0xbe, 0x0d, 0xff, 0xd5, 0xbf, 0x0d, 0xff, 0xd5, 0xc0, 0x0d, 0xff,
  0xd5, 0xc0, 0x0d, 0xff, 0xd6, 0xc1, 0x0d, 0xff, 0xd7, 0xc1, 0x0d, 0xff,
  0xd7, 0xc2, 0x0e, 0xff, 0xd8, 0xc3, 0x0f, 0xff, 0xd8, 0xc3, 0x0e, 0xff,
  0xd8, 0xc3, 0x0e, 0xff, 0xd9, 0xc4, 0x0d, 0xff, 0xda, 0xc5, 0x0e, 0xff,
  0xda, 0xc5, 0x0e, 0xff, 0xdb, 0xc6, 0x0d, 0xff, 0xdb, 0xc7, 0x0e, 0xff,
  0xdb, 0xc7, 0x0e, 0xff, 0xdb, 0xc7, 0x0e, 0xff, 0xdb, 0xc6, 0x0e, 0xff,
  0xda, 0xc7, 0x0e, 0xff, 0xdc, 0xc8, 0x0d, 0xff, 0xdc, 0xc9, 0x0d, 0xff,
  0xdc, 0xc9, 0x0e, 0xff, 0xdb, 0xc9, 0x0d, 0xff, 0xdb, 0xc9, 0x0d, 0xff,
  0xdd, 0xcb, 0x0d, 0xff, 0xde, 0xcd, 0x0e, 0xff, 0xde, 0xcd, 0x10, 0xff,
  0xdf, 0xce, 0x11, 0xff, 0xdf, 0xce, 0x11, 0xff, 0xdf, 0xce, 0x12, 0xff,
  0xdf, 0xcf, 0x11, 0xff, 0xde, 0xce, 0x11, 0xff, 0xde, 0xcd, 0x10, 0xff,
  0xde, 0xcd, 0x10, 0xff, 0xde, 0xcd, 0x10, 0xff, 0xde, 0xce, 0x10, 0xff,
  0xde, 0xcd, 0x10, 0xff, 0xdd, 0xcd, 0x0e, 0xff, 0xdc, 0xcc, 0x0d, 0xff,
  0xdc, 0xcc, 0x0d, 0xff, 0xdb, 0xcc, 0x0e, 0xff, 0xda, 0xca, 0x0e, 0xff,
  0xd9, 0xc9, 0x0e, 0xff, 0xd8, 0xc8, 0x0e, 0xc3, 0xd7, 0xc7, 0x0d, 0x15,
  0xd6, 0xc6, 0x0c, 0x00, 0xd5, 0xc5, 0x0b, 0x00, 0xd3, 0xc4, 0x0b, 0x00,
  0xda, 0xcb, 0x0d, 0x00, 0xfa, 0xea, 0x11, 0x00, 0x79, 0x6f, 0x03, 0x00,
  0x00, 0x00, 0x00, 0x00, 0x03, 0x03, 0x00, 0x00, 0x00, 0x00, 0x00, 0x00,
  0x01, 0x01, 0x00, 0x00, 0x00, 0x00, 0x00, 0x00, 0x09, 0x08, 0x00, 0x00,
  0xa9, 0x8e, 0x05, 0x00, 0xca, 0xac, 0x07, 0x00, 0xb1, 0x97, 0x07, 0x00,
  0xb1, 0x97, 0x08, 0x00, 0xb4, 0x99, 0x09, 0x00, 0xb4, 0x99, 0x09, 0x15,
  0xb4, 0x99, 0x08, 0xcc, 0xb5, 0x9a, 0x07, 0xff, 0xb5, 0x9b, 0x08, 0xff,
  0xb7, 0x9d, 0x08, 0xff, 0xb9, 0x9f, 0x0a, 0xff, 0xbc, 0xa3, 0x0d, 0xff,
  0xc0, 0xa7, 0x0f, 0xff, 0xc3, 0xab, 0x0c, 0xff, 0xc4, 0xad, 0x0a, 0xff,
  0xc6, 0xae, 0x0a, 0xff, 0xc7, 0xb0, 0x0b, 0xff, 0xc8, 0xb2, 0x0b, 0xff,
  0xca, 0xb3, 0x0c, 0xff, 0xcb, 0xb4, 0x0c, 0xff, 0xcb, 0xb5, 0x0c, 0xff,
  0xcc, 0xb6, 0x0d, 0xff, 0xcd, 0xb7, 0x0d, 0xff, 0xcd, 0xb6, 0x0c, 0xff,
  0xcc, 0xb5, 0x0a, 0xff, 0xcb, 0xb3, 0x09, 0xff, 0xca, 0xb2, 0x0d, 0xff,
  0xc8, 0xb0, 0x0c, 0xff, 0xc7, 0xae, 0x0b, 0xff, 0xc7, 0xae, 0x0b, 0xff,
  0xc7, 0xad, 0x0b, 0xff, 0xc6, 0xad, 0x0a, 0xff, 0xc8, 0xaf, 0x0c, 0xff,
  0xc9, 0xb1, 0x0c, 0xff, 0xca, 0xb1, 0x0c, 0xff, 0xcb, 0xb2, 0x0c, 0xff,
  0xcb, 0xb3, 0x0c, 0xff, 0xcb, 0xb3, 0x0c, 0xff, 0xcc, 0xb4, 0x0c, 0xff,
  0xcd, 0xb5, 0x0c, 0xff, 0xcd, 0xb6, 0x0c, 0xff, 0xcd, 0xb6, 0x0b, 0xff,
  0xce, 0xb6, 0x0c, 0xff, 0xce, 0xb6, 0x0b, 0xff, 0xce, 0xb7, 0x0b, 0xff,
  0xcf, 0xb8, 0x0c, 0xff, 0xd1, 0xba, 0x0c, 0xff, 0xd1, 0xba, 0x0c, 0xff,
  0xd1, 0xba, 0x0c, 0xff, 0xd2, 0xbb, 0x0c, 0xff, 0xd2, 0xbc, 0x0c, 0xff,
  0xd3, 0xbd, 0x0c, 0xff, 0xd4, 0xbf, 0x0d, 0xff, 0xd4, 0xbf, 0x0d, 0xff,
  0xd4, 0xc0, 0x0d, 0xff, 0xd5, 0xc0, 0x0d, 0xff, 0xd5, 0xc0, 0x0e, 0xff,
  0xd5, 0xc1, 0x0e, 0xff, 0xd6, 0xc1, 0x0e, 0xff, 0xd7, 0xc2, 0x0d, 0xff,
  0xd7, 0xc2, 0x0d, 0xff, 0xd7, 0xc3, 0x0e, 0xff, 0xd8, 0xc4, 0x0e, 0xff,
  0xd9, 0xc4, 0x0e, 0xff, 0xd9, 0xc4, 0x0d, 0xff, 0xd9, 0xc5, 0x0d, 0xff,
  0xd9, 0xc5, 0x0e, 0xff, 0xd9, 0xc6, 0x0e, 0xff, 0xd9, 0xc6, 0x0e, 0xff,
  0xd9, 0xc6, 0x0e, 0xff, 0xda, 0xc7, 0x0d, 0xff, 0xda, 0xc8, 0x0d, 0xff,
  0xda, 0xc8, 0x0d, 0xff, 0xdb, 0xc9, 0x0c, 0xff, 0xdc, 0xcb, 0x0e, 0xff,
  0xdf, 0xcf, 0x11, 0xff, 0xe0, 0xd0, 0x0f, 0xff, 0xe1, 0xd2, 0x12, 0xff,
  0xe2, 0xd3, 0x13, 0xff, 0xe1, 0xd3, 0x14, 0xff, 0xe2, 0xd4, 0x15, 0xff,
  0xe2, 0xd3, 0x14, 0xff, 0xe1, 0xd3, 0x14, 0xff, 0xe1, 0xd2, 0x14, 0xff,
  0xe1, 0xd2, 0x15, 0xff, 0xe1, 0xd2, 0x14, 0xff, 0xe1, 0xd2, 0x13, 0xff,
  0xe1, 0xd2, 0x12, 0xff, 0xe0, 0xd1, 0x13, 0xff, 0xdf, 0xd0, 0x14, 0xff,
  0xdd, 0xce, 0x12, 0xff, 0xdc, 0xcd, 0x0f, 0xff, 0xda, 0xcb, 0x0f, 0xff,
  0xd9, 0xc9, 0x0f, 0xff, 0xd8, 0xc8, 0x0f, 0xff, 0xd7, 0xc7, 0x0e, 0xcc,
  0xd6, 0xc6, 0x0d, 0x15, 0xd4, 0xc4, 0x0c, 0x00, 0xd3, 0xc3, 0x0c, 0x00,
  0xd2, 0xc3, 0x0b, 0x00, 0xe4, 0xd6, 0x10, 0x00, 0xe3, 0xd6, 0x0e, 0x00,
  0x2b, 0x27, 0x00, 0x00, 0x00, 0x00, 0x00, 0x00, 0x02, 0x02, 0x00, 0x00,
  0x02, 0x02, 0x00, 0x00, 0x00, 0x00, 0x00, 0x00, 0x59, 0x4a, 0x03, 0x00,
  0xcd, 0xae, 0x08, 0x00, 0xb4, 0x99, 0x07, 0x00, 0xaf, 0x94, 0x07, 0x00,
  0xb1, 0x96, 0x08, 0x00, 0xb1, 0x97, 0x09, 0x05, 0xb2, 0x98, 0x08, 0xc3,
  0xb3, 0x99, 0x08, 0xff, 0xb4, 0x99, 0x08, 0xff, 0xb6, 0x9b, 0x08, 0xff,
  0xb8, 0x9f, 0x09, 0xff, 0xbc, 0xa5, 0x10, 0xff, 0xbf, 0xa8, 0x0b, 0xff,
  0xc4, 0xae, 0x06, 0xff, 0xcd, 0xbb, 0x1c, 0xff, 0xd5, 0xc4, 0x2f, 0xff,
  0xd7, 0xc7, 0x32, 0xff, 0xd8, 0xc8, 0x32, 0xff, 0xda, 0xca, 0x32, 0xff,
  0xda, 0xca, 0x33, 0xff, 0xda, 0xca, 0x34, 0xff, 0xdb, 0xcb, 0x34, 0xff,
  0xdc, 0xcc, 0x35, 0xff, 0xdc, 0xcd, 0x34, 0xff, 0xdc, 0xcc, 0x33, 0xff,
  0xda, 0xc9, 0x30, 0xff, 0xd8, 0xc6, 0x2d, 0xff, 0xcf, 0xba, 0x10, 0xff,
  0xc9, 0xb2, 0x0b, 0xff, 0xc7, 0xaf, 0x0d, 0xff, 0xc6, 0xad, 0x0c, 0xff,
  0xc5, 0xad, 0x0b, 0xff, 0xc6, 0xad, 0x0a, 0xff, 0xc6, 0xae, 0x0b, 0xff,
  0xc7, 0xaf, 0x0c, 0xff, 0xc8, 0xb0, 0x0c, 0xff, 0xc9, 0xb1, 0x0b, 0xff,
  0xc9, 0xb1, 0x0b, 0xff, 0xca, 0xb2, 0x0c, 0xff, 0xca, 0xb3, 0x0c, 0xff,
  0xcb, 0xb4, 0x0b, 0xff, 0xcc, 0xb4, 0x0c, 0xff, 0xcd, 0xb5, 0x0c, 0xff,
  0xcc, 0xb6, 0x0c, 0xff, 0xcc, 0xb6, 0x0b, 0xff, 0xcc, 0xb6, 0x0b, 0xff,
  0xce, 0xb8, 0x0c, 0xff, 0xcf, 0xba, 0x0d, 0xff, 0xcf, 0xba, 0x0c, 0xff,
  0xd1, 0xbb, 0x0d, 0xff, 0xd2, 0xbd, 0x0e, 0xff, 0xd3, 0xbe, 0x0e, 0xff,
  0xd3, 0xbf, 0x0f, 0xff, 0xd4, 0xc0, 0x0e, 0xff, 0xd3, 0xbf, 0x0d, 0xff,
  0xd3, 0xbf, 0x0d, 0xff, 0xd4, 0xbf, 0x0e, 0xff, 0xd4, 0xc0, 0x0d, 0xff,
  0xd4, 0xc0, 0x0d, 0xff, 0xd5, 0xc0, 0x0d, 0xff, 0xd5, 0xc0, 0x0d, 0xff,
  0xd6, 0xc1, 0x0e, 0xff, 0xd7, 0xc3, 0x0f, 0xff, 0xd7, 0xc3, 0x0e, 0xff,
  0xd7, 0xc3, 0x0e, 0xff, 0xd7, 0xc3, 0x0e, 0xff, 0xd7, 0xc4, 0x0d, 0xff,
  0xd8, 0xc4, 0x0d, 0xff, 0xd8, 0xc5, 0x0e, 0xff, 0xd8, 0xc5, 0x0e, 0xff,
  0xd9, 0xc7, 0x0d, 0xff, 0xda, 0xc8, 0x0e, 0xff, 0xd9, 0xc7, 0x0e, 0xff,
  0xd9, 0xc7, 0x0c, 0xff, 0xdc, 0xca, 0x0d, 0xff, 0xdd, 0xcd, 0x0f, 0xff,
  0xe1, 0xd3, 0x16, 0xff, 0xe9, 0xdd, 0x37, 0xff, 0xea, 0xdf, 0x3a, 0xff,
  0xea, 0xdf, 0x3a, 0xff, 0xea, 0xdf, 0x3b, 0xff, 0xea, 0xe0, 0x3c, 0xff,
  0xea, 0xe0, 0x3c, 0xff, 0xea, 0xe0, 0x3c, 0xff, 0xea, 0xe0, 0x3d, 0xff,
  0xeb, 0xe0, 0x3e, 0xff, 0xea, 0xe0, 0x3c, 0xff, 0xea, 0xdf, 0x3a, 0xff,
  0xe9, 0xde, 0x38, 0xff, 0xe6, 0xd9, 0x26, 0xff, 0xe2, 0xd4, 0x10, 0xff,
  0xe0, 0xd2, 0x12, 0xff, 0xde, 0xd0, 0x17, 0xff, 0xdb, 0xcc, 0x10, 0xff,
  0xd9, 0xc9, 0x0f, 0xff, 0xd7, 0xc8, 0x0f, 0xff, 0xd7, 0xc8, 0x0f, 0xff,
  0xd5, 0xc6, 0x0e, 0xc3, 0xd3, 0xc4, 0x0d, 0x05, 0xd2, 0xc3, 0x0d, 0x00,
  0xd1, 0xc2, 0x0c, 0x00, 0xd2, 0xc3, 0x0c, 0x00, 0xf2, 0xe4, 0x12, 0x00,
  0x9d, 0x93, 0x07, 0x00, 0x00, 0x00, 0x00, 0x00, 0x01, 0x01, 0x00, 0x00,
  0x00, 0x00, 0x00, 0x00, 0x0c, 0x0a, 0x00, 0x00, 0xa9, 0x8e, 0x07, 0x00,
  0xc1, 0xa4, 0x08, 0x00, 0xad, 0x92, 0x07, 0x00, 0xae, 0x93, 0x07, 0x00,
  0xaf, 0x95, 0x08, 0x00, 0xb0, 0x96, 0x08, 0xaa, 0xb1, 0x97, 0x08, 0xff,
  0xb2, 0x98, 0x08, 0xff, 0xb4, 0x9a, 0x09, 0xff, 0xb7, 0x9e, 0x0a, 0xff,
  0xbc, 0xa5, 0x11, 0xff, 0xc0, 0xaa, 0x09, 0xff, 0xd1, 0xc0, 0x32, 0xff,
  0xea, 0xe3, 0x9d, 0xff, 0xf8, 0xf6, 0xde, 0xff, 0xfd, 0xfc, 0xf3, 0xff,
  0xfd, 0xfd, 0xf5, 0xff, 0xfd, 0xfd, 0xf5, 0xff, 0xfd, 0xfd, 0xf5, 0xff,
  0xfd, 0xfd, 0xf4, 0xff, 0xfd, 0xfd, 0xf4, 0xff, 0xfd, 0xfd, 0xf4, 0xff,
  0xfd, 0xfd, 0xf4, 0xff, 0xfd, 0xfd, 0xf4, 0xff, 0xfd, 0xfd, 0xf4, 0xff,
  0xfd, 0xfc, 0xf2, 0xff, 0xfe, 0xfe, 0xfa, 0xff, 0xf0, 0xea, 0xb2, 0xff,
  0xce, 0xb9, 0x15, 0xff, 0xc8, 0xb0, 0x0e, 0xff, 0xc5, 0xad, 0x0c, 0xff,
  0xc4, 0xac, 0x0b, 0xff, 0xc5, 0xac, 0x0b, 0xff, 0xc5, 0xad, 0x0a, 0xff,
  0xc6, 0xae, 0x0a, 0xff, 0xc6, 0xae, 0x0a, 0xff, 0xc6, 0xae, 0x0b, 0xff,
  0xc7, 0xb0, 0x0c, 0xff, 0xc9, 0xb1, 0x0c, 0xff, 0xc9, 0xb2, 0x0b, 0xff,
  0xc9, 0xb2, 0x0b, 0xff, 0xc9, 0xb3, 0x0c, 0xff, 0xca, 0xb3, 0x0d, 0xff,
  0xcb, 0xb4, 0x0c, 0xff, 0xcc, 0xb5, 0x0c, 0xff, 0xcc, 0xb5, 0x0c, 0xff,
  0xcd, 0xb7, 0x0c, 0xff, 0xce, 0xb9, 0x0c, 0xff, 0xd0, 0xbc, 0x0f, 0xff,
  0xd2, 0xbe, 0x0d, 0xff, 0xd3, 0xc0, 0x08, 0xff, 0xd5, 0xc1, 0x09, 0xff,
  0xd6, 0xc2, 0x0a, 0xff, 0xd5, 0xc2, 0x10, 0xff, 0xd4, 0xc1, 0x11, 0xff,
  0xd3, 0xbf, 0x0d, 0xff, 0xd3, 0xbe, 0x0d, 0xff, 0xd3, 0xbf, 0x0e, 0xff,
  0xd3, 0xbf, 0x0f, 0xff, 0xd4, 0xbf, 0x0d, 0xff, 0xd4, 0xc0, 0x0d, 0xff,
  0xd4, 0xc0, 0x0e, 0xff, 0xd6, 0xc2, 0x0e, 0xff, 0xd6, 0xc3, 0x0e, 0xff,
  0xd7, 0xc3, 0x0e, 0xff, 0xd7, 0xc4, 0x0d, 0xff, 0xd6, 0xc3, 0x0d, 0xff,
  0xd6, 0xc3, 0x0d, 0xff, 0xd7, 0xc4, 0x0e, 0xff, 0xd7, 0xc5, 0x0f, 0xff,
  0xd7, 0xc6, 0x0e, 0xff, 0xd8, 0xc6, 0x0f, 0xff, 0xd9, 0xc7, 0x0f, 0xff,
  0xda, 0xc8, 0x0e, 0xff, 0xdc, 0xcb, 0x11, 0xff, 0xe0, 0xd2, 0x16, 0xff,
  0xf5, 0xf0, 0xab, 0xff, 0xfe, 0xfe, 0xfc, 0xff, 0xfd, 0xfd, 0xf3, 0xff,
  0xfd, 0xfd, 0xf4, 0xff, 0xfe, 0xfd, 0xf4, 0xff, 0xfd, 0xfd, 0xf4, 0xff,
  0xfd, 0xfd, 0xf4, 0xff, 0xfe, 0xfd, 0xf4, 0xff, 0xfe, 0xfd, 0xf4, 0xff,
  0xfe, 0xfd, 0xf4, 0xff, 0xfd, 0xfd, 0xf4, 0xff, 0xfd, 0xfd, 0xf4, 0xff,
  0xfd, 0xfd, 0xf2, 0xff, 0xfb, 0xfa, 0xe2, 0xff, 0xf5, 0xf1, 0xac, 0xff,
  0xea, 0xe1, 0x49, 0xff, 0xe1, 0xd3, 0x13, 0xff, 0xde, 0xd0, 0x17, 0xff,
  0xda, 0xcb, 0x10, 0xff, 0xd8, 0xc8, 0x0f, 0xff, 0xd6, 0xc7, 0x0f, 0xff,
  0xd4, 0xc4, 0x0e, 0xff, 0xd3, 0xc3, 0x0c, 0xaa, 0xd2, 0xc3, 0x0d, 0x00,
  0xd1, 0xc2, 0x0c, 0x00, 0xcf, 0xc0, 0x0a, 0x00, 0xdc, 0xcd, 0x0e, 0x00,
  0xe4, 0xd6, 0x0e, 0x00, 0x2d, 0x29, 0x00, 0x00, 0x00, 0x00, 0x00, 0x00,
  0x00, 0x00, 0x00, 0x00, 0x44, 0x39, 0x02, 0x00, 0xc6, 0xa7, 0x08, 0x00,
  0xb1, 0x96, 0x07, 0x00, 0xab, 0x91, 0x07, 0x00, 0xad, 0x92, 0x07, 0x00,
  0xae, 0x95, 0x08, 0x7f, 0xaf, 0x96, 0x08, 0xff, 0xb0, 0x97, 0x07, 0xff,
  0xb2, 0x98, 0x08, 0xff, 0xb5, 0x9c, 0x0a, 0xff, 0xba, 0xa2, 0x11, 0xff,
  0xc0, 0xab, 0x0b, 0xff, 0xdb, 0xce, 0x5c, 0xff, 0xfd, 0xfc, 0xf5, 0xff,
  0xff, 0xff, 0xff, 0xff, 0xfe, 0xfe, 0xff, 0xff, 0xfe, 0xfe, 0xff, 0xff,
  0xff, 0xff, 0xff, 0xff, 0xff, 0xfe, 0xff, 0xff, 0xff, 0xff, 0xff, 0xff,
  0xff, 0xff, 0xff, 0xff, 0xff, 0xff, 0xff, 0xff, 0xff, 0xff, 0xff, 0xff,
  0xff, 0xff, 0xff, 0xff, 0xff, 0xff, 0xff, 0xff, 0xfe, 0xff, 0xff, 0xff,
  0xfe, 0xfe, 0xff, 0xff, 0xff, 0xff, 0xff, 0xff, 0xff, 0xff, 0xff, 0xff,
  0xd7, 0xc5, 0x3c, 0xff, 0xc7, 0xaf, 0x07, 0xff, 0xc5, 0xad, 0x0e, 0xff,
  0xc3, 0xab, 0x0b, 0xff, 0xc3, 0xab, 0x0b, 0xff, 0xc4, 0xac, 0x0b, 0xff,
  0xc4, 0xad, 0x0a, 0xff, 0xc4, 0xad, 0x0a, 0xff, 0xc5, 0xae, 0x0b, 0xff,
  0xc6, 0xaf, 0x0c, 0xff, 0xc7, 0xb0, 0x0c, 0xff, 0xc8, 0xb1, 0x0c, 0xff,
  0xc8, 0xb1, 0x0b, 0xff, 0xc9, 0xb2, 0x0b, 0xff, 0xca, 0xb3, 0x0c, 0xff,
  0xca, 0xb3, 0x0c, 0xff, 0xcb, 0xb4, 0x0c, 0xff, 0xcb, 0xb5, 0x0c, 0xff,
  0xcc, 0xb7, 0x0c, 0xff, 0xcf, 0xba, 0x0f, 0xff, 0xd2, 0xbe, 0x0d, 0xff,
  0xda, 0xca, 0x2b, 0xff, 0xe6, 0xdc, 0x6b, 0xff, 0xeb, 0xe3, 0x85, 0xff,
  0xe8, 0xdd, 0x6d, 0xff, 0xdd, 0xcc, 0x2e, 0xff, 0xd6, 0xc3, 0x10, 0xff,
  0xd4, 0xc1, 0x11, 0xff, 0xd2, 0xbe, 0x0c, 0xff, 0xd1, 0xbd, 0x0d, 0xff,
  0xd2, 0xbd, 0x0e, 0xff, 0xd2, 0xbe, 0x0d, 0xff, 0xd2, 0xbe, 0x0d, 0xff,
  0xd3, 0xbf, 0x0d, 0xff, 0xd4, 0xc0, 0x0e, 0xff, 0xd5, 0xc2, 0x0e, 0xff,
  0xd5, 0xc3, 0x0e, 0xff, 0xd5, 0xc3, 0x0e, 0xff, 0xd5, 0xc3, 0x0d, 0xff,
  0xd6, 0xc3, 0x0e, 0xff, 0xd7, 0xc4, 0x0e, 0xff, 0xd7, 0xc5, 0x0e, 0xff,
  0xd7, 0xc5, 0x0e, 0xff, 0xd6, 0xc5, 0x0f, 0xff, 0xd8, 0xc6, 0x0f, 0xff,
  0xda, 0xc8, 0x10, 0xff, 0xdb, 0xca, 0x0d, 0xff, 0xe5, 0xd9, 0x37, 0xff,
  0xff, 0xff, 0xff, 0xff, 0xff, 0xff, 0xff, 0xff, 0xfe, 0xfe, 0xff, 0xff,
  0xfe, 0xfe, 0xff, 0xff, 0xfe, 0xfe, 0xff, 0xff, 0xfe, 0xfe, 0xff, 0xff,
  0xfe, 0xfe, 0xff, 0xff, 0xff, 0xfe, 0xff, 0xff, 0xfe, 0xfe, 0xff, 0xff,
  0xfe, 0xfe, 0xff, 0xff, 0xfe, 0xfe, 0xff, 0xff, 0xfe, 0xfe, 0xff, 0xff,
  0xfe, 0xfe, 0xff, 0xff, 0xfe, 0xfe, 0xff, 0xff, 0xff, 0xff, 0xff, 0xff,
  0xff, 0xff, 0xff, 0xff, 0xef, 0xe8, 0x78, 0xff, 0xe0, 0xd3, 0x14, 0xff,
  0xdc, 0xcf, 0x17, 0xff, 0xd8, 0xc9, 0x10, 0xff, 0xd5, 0xc6, 0x0f, 0xff,
  0xd4, 0xc4, 0x0e, 0xff, 0xd3, 0xc4, 0x0d, 0xff, 0xd2, 0xc2, 0x0c, 0x7f,
  0xd1, 0xc1, 0x0b, 0x00, 0xcf, 0xc0, 0x0b, 0x00, 0xd0, 0xc1, 0x0c, 0x00,
  0xee, 0xe1, 0x0f, 0x00, 0x82, 0x79, 0x05, 0x00, 0x00, 0x00, 0x00, 0x00,
  0x00, 0x00, 0x00, 0x00, 0x81, 0x6b, 0x05, 0x00, 0xc2, 0xa4, 0x08, 0x00,
  0xab, 0x91, 0x08, 0x00, 0xab, 0x91, 0x08, 0x00, 0xac, 0x93, 0x08, 0x44,
  0xae, 0x94, 0x08, 0xff, 0xae, 0x95, 0x08, 0xff, 0xaf, 0x96, 0x08, 0xff,
  0xb3, 0x99, 0x09, 0xff, 0xb7, 0x9f, 0x0f, 0xff, 0xbc, 0xa6, 0x0a, 0xff,
  0xd6, 0xc7, 0x4c, 0xff, 0xff, 0xff, 0xff, 0xff, 0xfe, 0xfe, 0xff, 0xff,
  0xfe, 0xfe, 0xfe, 0xff, 0xff, 0xff, 0xff, 0xff, 0xfd, 0xfc, 0xf4, 0xff,
  0xfc, 0xfb, 0xef, 0xff, 0xfc, 0xfb, 0xf0, 0xff, 0xfc, 0xfb, 0xf0, 0xff,
  0xfc, 0xfb, 0xf0, 0xff, 0xfc, 0xfb, 0xf0, 0xff, 0xfc, 0xfb, 0xf0, 0xff,
  0xfc, 0xfb, 0xf0, 0xff, 0xfc, 0xfb, 0xef, 0xff, 0xfc, 0xfb, 0xef, 0xff,
  0xfb, 0xfa, 0xee, 0xff, 0xfd, 0xfd, 0xf7, 0xff, 0xef, 0xe8, 0xae, 0xff,
  0xcc, 0xb8, 0x16, 0xff, 0xc6, 0xaf, 0x0e, 0xff, 0xc4, 0xac, 0x0b, 0xff,
  0xc1, 0xaa, 0x0a, 0xff, 0xc2, 0xaa, 0x0a, 0xff, 0xc2, 0xab, 0x0b, 0xff,
  0xc2, 0xab, 0x0a, 0xff, 0xc3, 0xac, 0x0a, 0xff, 0xc5, 0xad, 0x0b, 0xff,
  0xc6, 0xae, 0x0b, 0xff, 0xc6, 0xb0, 0x0c, 0xff, 0xc7, 0xb0, 0x0c, 0xff,
  0xc8, 0xb1, 0x0c, 0xff, 0xc9, 0xb2, 0x0b, 0xff, 0xc9, 0xb2, 0x0b, 0xff,
  0xca, 0xb3, 0x0c, 0xff, 0xc9, 0xb3, 0x0c, 0xff, 0xcb, 0xb5, 0x0b, 0xff,
  0xcd, 0xb9, 0x0f, 0xff, 0xd0, 0xbc, 0x0e, 0xff, 0xe3, 0xd7, 0x61, 0xff,
  0xfb, 0xfa, 0xea, 0xff, 0xff, 0xff, 0xff, 0xff, 0xff, 0xff, 0xff, 0xff,
  0xff, 0xff, 0xff, 0xff, 0xfa, 0xf9, 0xe7, 0xff, 0xe4, 0xd8, 0x5b, 0xff,
  0xd6, 0xc4, 0x10, 0xff, 0xd4, 0xc0, 0x11, 0xff, 0xd1, 0xbd, 0x0d, 0xff,
  0xd1, 0xbc, 0x0d, 0xff, 0xd1, 0xbc, 0x0d, 0xff, 0xd1, 0xbe, 0x0d, 0xff,
  0xd2, 0xbe, 0x0d, 0xff, 0xd2, 0xbf, 0x0d, 0xff, 0xd3, 0xc1, 0x0e, 0xff,
  0xd4, 0xc1, 0x0e, 0xff, 0xd5, 0xc2, 0x0e, 0xff, 0xd5, 0xc2, 0x0e, 0xff,
  0xd5, 0xc3, 0x0f, 0xff, 0xd7, 0xc4, 0x0f, 0xff, 0xd7, 0xc4, 0x0e, 0xff,
  0xd6, 0xc4, 0x0e, 0xff, 0xd6, 0xc4, 0x0e, 0xff, 0xd7, 0xc5, 0x0e, 0xff,
  0xd9, 0xc7, 0x10, 0xff, 0xdb, 0xcb, 0x14, 0xff, 0xdf, 0xd1, 0x1a, 0xff,
  0xf4, 0xef, 0xaa, 0xff, 0xfd, 0xfd, 0xf7, 0xff, 0xfc, 0xfc, 0xef, 0xff,
  0xfd, 0xfc, 0xf0, 0xff, 0xfc, 0xfc, 0xf0, 0xff, 0xfd, 0xfc, 0xf0, 0xff,
  0xfd, 0xfc, 0xf0, 0xff, 0xfd, 0xfc, 0xf0, 0xff, 0xfd, 0xfc, 0xf0, 0xff,
  0xfd, 0xfc, 0xf0, 0xff, 0xfd, 0xfc, 0xf0, 0xff, 0xfd, 0xfc, 0xf0, 0xff,
  0xfd, 0xfc, 0xf3, 0xff, 0xff, 0xff, 0xff, 0xff, 0xfe, 0xfe, 0xff, 0xff,
  0xfe, 0xfd, 0xfe, 0xff, 0xff, 0xff, 0xff, 0xff, 0xec, 0xe5, 0x67, 0xff,
  0xdd, 0xd0, 0x11, 0xff, 0xda, 0xcb, 0x16, 0xff, 0xd6, 0xc7, 0x0f, 0xff,
  0xd4, 0xc4, 0x0e, 0xff, 0xd3, 0xc3, 0x0d, 0xff, 0xd1, 0xc1, 0x0d, 0xff,
  0xcf, 0xc0, 0x0c, 0x44, 0xcf, 0xc0, 0x0b, 0x00, 0xce, 0xbf, 0x0b, 0x00,
  0xe2, 0xd3, 0x10, 0x00, 0xc6, 0xb9, 0x0c, 0x00, 0x0d, 0x0b, 0x00, 0x00,
  0x10, 0x0d, 0x00, 0x00, 0xa9, 0x8d, 0x06, 0x00, 0xb7, 0x9b, 0x08, 0x00,
  0xa9, 0x8f, 0x08, 0x00, 0xac, 0x92, 0x09, 0x00, 0xac, 0x93, 0x09, 0xd0,
  0xad, 0x94, 0x08, 0xff, 0xad, 0x94, 0x08, 0xff, 0xaf, 0x96, 0x09, 0xff,
  0xb4, 0x9b, 0x0c, 0xff, 0xba, 0xa4, 0x11, 0xff, 0xc5, 0xb3, 0x19, 0xff,
  0xf6, 0xf3, 0xd4, 0xff, 0xff, 0xff, 0xff, 0xff, 0xfe, 0xfe, 0xff, 0xff,
  0xf9, 0xf8, 0xeb, 0xff, 0xe1, 0xd7, 0x70, 0xff, 0xd5, 0xc5, 0x36, 0xff,
  0xd3, 0xc2, 0x31, 0xff, 0xd3, 0xc2, 0x31, 0xff, 0xd4, 0xc3, 0x31, 0xff,
  0xd4, 0xc4, 0x31, 0xff, 0xd5, 0xc5, 0x32, 0xff, 0xd5, 0xc5, 0x31, 0xff,
  0xd5, 0xc4, 0x30, 0xff, 0xd5, 0xc4, 0x30, 0xff, 0xd4, 0xc4, 0x2f, 0xff,
  0xd4, 0xc3, 0x2f, 0xff, 0xd3, 0xc1, 0x2c, 0xff, 0xcb, 0xb6, 0x10, 0xff,
  0xc6, 0xb0, 0x0d, 0xff, 0xc4, 0xae, 0x0d, 0xff, 0xc2, 0xab, 0x0a, 0xff,
  0xc1, 0xa9, 0x0a, 0xff, 0xc0, 0xa8, 0x0a, 0xff, 0xc0, 0xa8, 0x0b, 0xff,
  0xc1, 0xa9, 0x0a, 0xff, 0xc2, 0xaa, 0x0a, 0xff, 0xc3, 0xac, 0x0a, 0xff,
  0xc5, 0xae, 0x0b, 0xff, 0xc6, 0xaf, 0x0b, 0xff, 0xc6, 0xb0, 0x0b, 0xff,
  0xc7, 0xb0, 0x0c, 0xff, 0xc8, 0xb2, 0x0b, 0xff, 0xc8, 0xb2, 0x0b, 0xff,
  0xc8, 0xb2, 0x0b, 0xff, 0xc9, 0xb3, 0x0b, 0xff, 0xcb, 0xb6, 0x0d, 0xff,
  0xce, 0xba, 0x0c, 0xff, 0xdd, 0xd0, 0x4a, 0xff, 0xfe, 0xfe, 0xfd, 0xff,
  0xff, 0xff, 0xff, 0xff, 0xfc, 0xfa, 0xed, 0xff, 0xfc, 0xf8, 0xe4, 0xff,
  0xfc, 0xfa, 0xef, 0xff, 0xff, 0xff, 0xff, 0xff, 0xfd, 0xfc, 0xf4, 0xff,
  0xdf, 0xd2, 0x42, 0xff, 0xd4, 0xc1, 0x11, 0xff, 0xd2, 0xbe, 0x10, 0xff,
  0xd0, 0xbb, 0x0d, 0xff, 0xd0, 0xbb, 0x0c, 0xff, 0xd1, 0xbd, 0x0c, 0xff,
  0xd2, 0xbe, 0x0d, 0xff, 0xd2, 0xbf, 0x0d, 0xff, 0xd3, 0xc0, 0x0e, 0xff,
  0xd3, 0xc0, 0x0e, 0xff, 0xd3, 0xc0, 0x0e, 0xff, 0xd3, 0xc0, 0x0f, 0xff,
  0xd4, 0xc1, 0x10, 0xff, 0xd5, 0xc2, 0x0f, 0xff, 0xd5, 0xc3, 0x0f, 0xff,
  0xd5, 0xc3, 0x0e, 0xff, 0xd6, 0xc4, 0x0e, 0xff, 0xd6, 0xc5, 0x0f, 0xff,
  0xd8, 0xc6, 0x10, 0xff, 0xd9, 0xc8, 0x13, 0xff, 0xdc, 0xcc, 0x14, 0xff,
  0xdf, 0xd1, 0x19, 0xff, 0xe3, 0xd7, 0x34, 0xff, 0xe4, 0xd7, 0x37, 0xff,
  0xe4, 0xd9, 0x38, 0xff, 0xe5, 0xda, 0x39, 0xff, 0xe5, 0xdb, 0x38, 0xff,
  0xe6, 0xdb, 0x38, 0xff, 0xe5, 0xda, 0x37, 0xff, 0xe5, 0xda, 0x37, 0xff,
  0xe6, 0xda, 0x36, 0xff, 0xe5, 0xd9, 0x36, 0xff, 0xe4, 0xd9, 0x36, 0xff,
  0xe5, 0xda, 0x39, 0xff, 0xeb, 0xe3, 0x6b, 0xff, 0xfb, 0xf9, 0xe5, 0xff,
  0xfe, 0xfe, 0xff, 0xff, 0xff, 0xff, 0xff, 0xff, 0xfb, 0xfa, 0xe4, 0xff,
  0xe2, 0xd7, 0x2a, 0xff, 0xdb, 0xcd, 0x15, 0xff, 0xd6, 0xc7, 0x0f, 0xff,
  0xd4, 0xc4, 0x0d, 0xff, 0xd2, 0xc3, 0x0d, 0xff, 0xd0, 0xc0, 0x0e, 0xff,
  0xcf, 0xc0, 0x0d, 0xd0, 0xcf, 0xc0, 0x0d, 0x00, 0xcd, 0xbf, 0x0c, 0x00,
  0xd5, 0xc6, 0x0e, 0x00, 0xe5, 0xd6, 0x0d, 0x00, 0x39, 0x34, 0x01, 0x00,
  0x31, 0x28, 0x01, 0x00, 0xbc, 0x9d, 0x06, 0x00, 0xaf, 0x94, 0x06, 0x00,
  0xa8, 0x8e, 0x07, 0x00, 0xaa, 0x90, 0x08, 0x7b, 0xac, 0x92, 0x08, 0xff,
  0xad, 0x94, 0x08, 0xff, 0xae, 0x95, 0x08, 0xff, 0xb0, 0x97, 0x09, 0xff,
  0xb5, 0x9d, 0x0e, 0xff, 0xba, 0xa5, 0x09, 0xff, 0xd8, 0xcc, 0x5d, 0xff,
  0xff, 0xff, 0xff, 0xff, 0xfd, 0xfd, 0xfd, 0xff, 0xfe, 0xfd, 0xf9, 0xff,
  0xd7, 0xc9, 0x47, 0xff, 0xc4, 0xb0, 0x05, 0xff, 0xc5, 0xb0, 0x11, 0xff,
  0xc3, 0xad, 0x0f, 0xff, 0xc4, 0xae, 0x0f, 0xff, 0xc4, 0xae, 0x0f, 0xff,
  0xc4, 0xae, 0x10, 0xff, 0xc5, 0xb0, 0x10, 0xff, 0xc6, 0xb0, 0x10, 0xff,
  0xc6, 0xb0, 0x10, 0xff, 0xc7, 0xb1, 0x10, 0xff, 0xc7, 0xb1, 0x0f, 0xff,
  0xc6, 0xb0, 0x0f, 0xff, 0xc5, 0xaf, 0x0d, 0xff, 0xc4, 0xae, 0x0f, 0xff,
  0xc3, 0xac, 0x0d, 0xff, 0xc1, 0xaa, 0x0b, 0xff, 0xc0, 0xa9, 0x0b, 0xff,
  0xbf, 0xa8, 0x0a, 0xff, 0xbf, 0xa8, 0x09, 0xff, 0xbf, 0xa8, 0x09, 0xff,
  0xc0, 0xa9, 0x0a, 0xff, 0xc1, 0xaa, 0x0a, 0xff, 0xc3, 0xac, 0x0b, 0xff,
  0xc3, 0xad, 0x0b, 0xff, 0xc4, 0xae, 0x0a, 0xff, 0xc6, 0xaf, 0x0b, 0xff,
  0xc6, 0xaf, 0x0b, 0xff, 0xc5, 0xaf, 0x0b, 0xff, 0xc6, 0xb0, 0x0b, 0xff,
  0xc7, 0xb1, 0x0b, 0xff, 0xc9, 0xb2, 0x0c, 0xff, 0xcc, 0xb7, 0x11, 0xff,
  0xd0, 0xbe, 0x13, 0xff, 0xf2, 0xec, 0xb5, 0xff, 0xff, 0xff, 0xff, 0xff,
  0xfb, 0xf7, 0xe6, 0xff, 0xfd, 0xf8, 0xde, 0xff, 0xfd, 0xfb, 0xec, 0xff,
  0xfd, 0xf9, 0xe2, 0xff, 0xfc, 0xf9, 0xec, 0xff, 0xff, 0xff, 0xff, 0xff,
  0xf1, 0xeb, 0xab, 0xff, 0xd5, 0xc2, 0x12, 0xff, 0xd1, 0xbe, 0x12, 0xff,
  0xcf, 0xbb, 0x0d, 0xff, 0xcf, 0xbb, 0x0d, 0xff, 0xd0, 0xbb, 0x0d, 0xff,
  0xd0, 0xbc, 0x0d, 0xff, 0xd2, 0xbe, 0x0d, 0xff, 0xd2, 0xbf, 0x0d, 0xff,
  0xd2, 0xbf, 0x0d, 0xff, 0xd2, 0xc0, 0x0d, 0xff, 0xd3, 0xc0, 0x0e, 0xff,
  0xd4, 0xc1, 0x0f, 0xff, 0xd4, 0xc1, 0x0f, 0xff, 0xd4, 0xc2, 0x0f, 0xff,
  0xd4, 0xc3, 0x0e, 0xff, 0xd5, 0xc4, 0x0f, 0xff, 0xd6, 0xc5, 0x0f, 0xff,
  0xd6, 0xc5, 0x10, 0xff, 0xd7, 0xc6, 0x0f, 0xff, 0xd9, 0xc8, 0x11, 0xff,
  0xda, 0xcb, 0x15, 0xff, 0xda, 0xcb, 0x13, 0xff, 0xdc, 0xcd, 0x15, 0xff,
  0xdc, 0xce, 0x17, 0xff, 0xdd, 0xcf, 0x18, 0xff, 0xdd, 0xcf, 0x18, 0xff,
  0xdd, 0xcf, 0x17, 0xff, 0xdd, 0xcf, 0x17, 0xff, 0xdc, 0xce, 0x17, 0xff,
  0xdc, 0xcd, 0x16, 0xff, 0xdb, 0xcd, 0x15, 0xff, 0xdb, 0xcd, 0x15, 0xff,
  0xdc, 0xce, 0x17, 0xff, 0xdd, 0xcf, 0x0d, 0xff, 0xe6, 0xdc, 0x40, 0xff,
  0xfd, 0xfc, 0xf1, 0xff, 0xfe, 0xfd, 0xfe, 0xff, 0xff, 0xff, 0xff, 0xff,
  0xec, 0xe5, 0x70, 0xff, 0xdb, 0xcd, 0x0d, 0xff, 0xd7, 0xc7, 0x13, 0xff,
  0xd3, 0xc4, 0x0d, 0xff, 0xd2, 0xc2, 0x0d, 0xff, 0xd0, 0xc1, 0x0d, 0xff,
  0xce, 0xbf, 0x0d, 0xff, 0xce, 0xbf, 0x0d, 0x7b, 0xce, 0xbf, 0x0d, 0x00,
  0xcf, 0xc0, 0x0d, 0x00, 0xeb, 0xdc, 0x0e, 0x00, 0x65, 0x5c, 0x04, 0x00,
  0x53, 0x45, 0x04, 0x00, 0xc1, 0xa2, 0x08, 0x00, 0xa9, 0x8f, 0x06, 0x00,
  0xa8, 0x8d, 0x07, 0x15, 0xa9, 0x8f, 0x08, 0xf7, 0xaa, 0x91, 0x08, 0xff,
  0xad, 0x93, 0x08, 0xff, 0xad, 0x94, 0x08, 0xff, 0xb0, 0x97, 0x09, 0xff,
  0xb5, 0x9f, 0x10, 0xff, 0xbd, 0xa8, 0x08, 0xff, 0xe6, 0xde, 0x93, 0xff,
  0xff, 0xff, 0xff, 0xff, 0xff, 0xff, 0xff, 0xff, 0xec, 0xe5, 0xa7, 0xff,
  0xc7, 0xb3, 0x0b, 0xff, 0xc3, 0xae, 0x18, 0xff, 0xbd, 0xa7, 0x0e, 0xff,
  0xbc, 0xa5, 0x0d, 0xff, 0xbd, 0xa5, 0x0d, 0xff, 0xbd, 0xa5, 0x0d, 0xff,
  0xbd, 0xa6, 0x0e, 0xff, 0xbe, 0xa6, 0x0e, 0xff, 0xbf, 0xa7, 0x0f, 0xff,
  0xbf, 0xa8, 0x0e, 0xff, 0xc0, 0xa9, 0x0e, 0xff, 0xc0, 0xa9, 0x0d, 0xff,
  0xc0, 0xa9, 0x0e, 0xff, 0xc0, 0xa9, 0x0e, 0xff, 0xc0, 0xa8, 0x0c, 0xff,
  0xbf, 0xa8, 0x0b, 0xff, 0xbf, 0xa7, 0x0a, 0xff, 0xbe, 0xa7, 0x0b, 0xff,
  0xbf, 0xa7, 0x0a, 0xff, 0xbf, 0xa8, 0x09, 0xff, 0xc0, 0xaa, 0x09, 0xff,
  0xc2, 0xac, 0x0e, 0xff, 0xc5, 0xaf, 0x0d, 0xff, 0xc4, 0xaf, 0x07, 0xff,
  0xc5, 0xb0, 0x09, 0xff, 0xc5, 0xb0, 0x0d, 0xff, 0xc4, 0xaf, 0x0c, 0xff,
  0xc4, 0xae, 0x0b, 0xff, 0xc4, 0xad, 0x0a, 0xff, 0xc4, 0xad, 0x0a, 0xff,
  0xc5, 0xaf, 0x0a, 0xff, 0xc7, 0xb1, 0x0d, 0xff, 0xcb, 0xb6, 0x10, 0xff,
  0xd5, 0xc4, 0x2b, 0xff, 0xf9, 0xf6, 0xdf, 0xff, 0xfc, 0xfa, 0xf8, 0xff,
  0xfa, 0xf5, 0xde, 0xff, 0xfd, 0xf8, 0xdd, 0xff, 0xfe, 0xff, 0xff, 0xff,
  0xfd, 0xf9, 0xde, 0xff, 0xfb, 0xf7, 0xe4, 0xff, 0xfe, 0xfe, 0xff, 0xff,
  0xf9, 0xf6, 0xdf, 0xff, 0xd8, 0xc7, 0x29, 0xff, 0xd1, 0xbd, 0x12, 0xff,
  0xcf, 0xbb, 0x0e, 0xff, 0xcf, 0xbb, 0x0d, 0xff, 0xcf, 0xbb, 0x0d, 0xff,
  0xd0, 0xbc, 0x0e, 0xff, 0xd1, 0xbd, 0x0d, 0xff, 0xd1, 0xbe, 0x0c, 0xff,
  0xd2, 0xc0, 0x0d, 0xff, 0xd4, 0xc2, 0x10, 0xff, 0xd6, 0xc4, 0x12, 0xff,
  0xd6, 0xc5, 0x12, 0xff, 0xd6, 0xc5, 0x13, 0xff, 0xd4, 0xc3, 0x0f, 0xff,
  0xd4, 0xc3, 0x0e, 0xff, 0xd4, 0xc2, 0x0e, 0xff, 0xd5, 0xc3, 0x0f, 0xff,
  0xd6, 0xc5, 0x10, 0xff, 0xd6, 0xc5, 0x0f, 0xff, 0xd6, 0xc5, 0x0f, 0xff,
  0xd6, 0xc5, 0x10, 0xff, 0xd7, 0xc6, 0x12, 0xff, 0xd8, 0xc8, 0x13, 0xff,
  0xd8, 0xc8, 0x13, 0xff, 0xd9, 0xc9, 0x14, 0xff, 0xd8, 0xc9, 0x15, 0xff,
  0xd8, 0xc9, 0x15, 0xff, 0xd8, 0xc9, 0x15, 0xff, 0xd8, 0xc9, 0x14, 0xff,
  0xd7, 0xc8, 0x13, 0xff, 0xd7, 0xc8, 0x13, 0xff, 0xd7, 0xc8, 0x13, 0xff,
  0xd8, 0xc9, 0x14, 0xff, 0xdb, 0xcd, 0x1d, 0xff, 0xde, 0xd2, 0x12, 0xff,
  0xf3, 0xee, 0x9b, 0xff, 0xff, 0xff, 0xff, 0xff, 0xff, 0xff, 0xff, 0xff,
  0xf3, 0xee, 0xa4, 0xff, 0xdc, 0xce, 0x0f, 0xff, 0xd7, 0xc8, 0x16, 0xff,
  0xd4, 0xc4, 0x0e, 0xff, 0xd2, 0xc2, 0x0d, 0xff, 0xd0, 0xc1, 0x0d, 0xff,
  0xcf, 0xbf, 0x0d, 0xff, 0xce, 0xbe, 0x0d, 0xf7, 0xce, 0xbe, 0x0c, 0x15,
  0xcb, 0xbc, 0x0b, 0x00, 0xe7, 0xd8, 0x0d, 0x00, 0x8f, 0x86, 0x05, 0x00,
  0x6a, 0x59, 0x06, 0x00, 0xbe, 0xa0, 0x09, 0x00, 0xa5, 0x8a, 0x06, 0x00,
  0xa6, 0x8d, 0x07, 0x88, 0xa9, 0x8f, 0x08, 0xff, 0xaa, 0x91, 0x08, 0xff,
  0xab, 0x92, 0x08, 0xff, 0xac, 0x93, 0x08, 0xff, 0xb0, 0x98, 0x09, 0xff,
  0xb7, 0xa0, 0x11, 0xff, 0xbe, 0xaa, 0x0a, 0xff, 0xea, 0xe4, 0xa6, 0xff,
  0xff, 0xff, 0xff, 0xff, 0xff, 0xff, 0xff, 0xff, 0xe3, 0xda, 0x80, 0xff,
  0xc3, 0xaf, 0x0b, 0xff, 0xbe, 0xa8, 0x12, 0xff, 0xba, 0xa2, 0x0b, 0xff,
  0xb8, 0xa0, 0x09, 0xff, 0xb9, 0xa0, 0x09, 0xff, 0xb9, 0xa0, 0x09, 0xff,
  0xb9, 0xa2, 0x0a, 0xff, 0xba, 0xa2, 0x0b, 0xff, 0xbb, 0xa2, 0x0b, 0xff,
  0xbb, 0xa3, 0x0b, 0xff, 0xbb, 0xa3, 0x0a, 0xff, 0xbc, 0xa4, 0x0a, 0xff,
  0xbc, 0xa4, 0x0a, 0xff, 0xbc, 0xa4, 0x0a, 0xff, 0xbd, 0xa5, 0x0a, 0xff,
  0xbd, 0xa5, 0x0a, 0xff, 0xbd, 0xa5, 0x0a, 0xff, 0xbd, 0xa6, 0x0a, 0xff,
  0xbe, 0xa7, 0x09, 0xff, 0xbf, 0xa9, 0x0a, 0xff, 0xc3, 0xae, 0x0f, 0xff,
  0xc6, 0xb2, 0x0c, 0xff, 0xcd, 0xba, 0x1b, 0xff, 0xd6, 0xc6, 0x3a, 0xff,
  0xd4, 0xc2, 0x30, 0xff, 0xcc, 0xb7, 0x0f, 0xff, 0xc7, 0xb2, 0x0d, 0xff,
  0xc5, 0xaf, 0x0d, 0xff, 0xc3, 0xad, 0x0a, 0xff, 0xc3, 0xad, 0x0a, 0xff,
  0xc4, 0xad, 0x0b, 0xff, 0xc6, 0xb0, 0x0d, 0xff, 0xca, 0xb5, 0x0e, 0xff,
  0xd8, 0xc6, 0x37, 0xff, 0xfa, 0xf7, 0xe8, 0xff, 0xfa, 0xf7, 0xef, 0xff,
  0xf8, 0xf3, 0xe2, 0xff, 0xfb, 0xf4, 0xd3, 0xff, 0xfd, 0xf8, 0xd6, 0xff,
  0xfc, 0xf6, 0xd7, 0xff, 0xfa, 0xf6, 0xe9, 0xff, 0xfd, 0xfc, 0xf9, 0xff,
  0xfc, 0xfb, 0xf0, 0xff, 0xdc, 0xcc, 0x3e, 0xff, 0xd1, 0xbc, 0x11, 0xff,
  0xcf, 0xba, 0x0f, 0xff, 0xce, 0xba, 0x0d, 0xff, 0xcf, 0xbb, 0x0e, 0xff,
  0xd0, 0xbc, 0x0e, 0xff, 0xd1, 0xbd, 0x0d, 0xff, 0xd2, 0xbf, 0x0e, 0xff,
  0xd4, 0xc3, 0x12, 0xff, 0xd7, 0xc5, 0x0d, 0xff, 0xda, 0xc9, 0x14, 0xff,
  0xdb, 0xca, 0x17, 0xff, 0xd9, 0xc8, 0x10, 0xff, 0xd8, 0xc7, 0x14, 0xff,
  0xd6, 0xc5, 0x11, 0xff, 0xd5, 0xc3, 0x0f, 0xff, 0xd4, 0xc2, 0x0f, 0xff,
  0xd4, 0xc2, 0x0f, 0xff, 0xd5, 0xc3, 0x0f, 0xff, 0xd5, 0xc4, 0x10, 0xff,
  0xd5, 0xc4, 0x0f, 0xff, 0xd5, 0xc4, 0x0f, 0xff, 0xd5, 0xc4, 0x0f, 0xff,
  0xd5, 0xc4, 0x0f, 0xff, 0xd5, 0xc5, 0x10, 0xff, 0xd6, 0xc5, 0x10, 0xff,
  0xd5, 0xc5, 0x10, 0xff, 0xd5, 0xc5, 0x10, 0xff, 0xd5, 0xc5, 0x10, 0xff,
  0xd5, 0xc5, 0x10, 0xff, 0xd5, 0xc4, 0x10, 0xff, 0xd5, 0xc4, 0x10, 0xff,
  0xd6, 0xc6, 0x11, 0xff, 0xd9, 0xca, 0x18, 0xff, 0xdd, 0xd0, 0x15, 0xff,
  0xed, 0xe7, 0x71, 0xff, 0xff, 0xff, 0xff, 0xff, 0xff, 0xff, 0xff, 0xff,
  0xf5, 0xf1, 0xb9, 0xff, 0xdd, 0xcf, 0x15, 0xff, 0xd8, 0xc9, 0x18, 0xff,
  0xd4, 0xc5, 0x10, 0xff, 0xd1, 0xc2, 0x0e, 0xff, 0xd0, 0xc0, 0x0e, 0xff,
  0xcf, 0xbf, 0x0d, 0xff, 0xce, 0xbf, 0x0c, 0xff, 0xcc, 0xbd, 0x0c, 0x88,
  0xc9, 0xba, 0x0a, 0x00, 0xe1, 0xd2, 0x0c, 0x00, 0xad, 0xa1, 0x05, 0x00,
  0x7a, 0x66, 0x07, 0x00, 0xbb, 0x9d, 0x09, 0x00, 0xa3, 0x8a, 0x06, 0x09,
  0xa6, 0x8d, 0x07, 0xf3, 0xa9, 0x8f, 0x07, 0xff, 0xa9, 0x8f, 0x07, 0xff,
  0xa9, 0x90, 0x08, 0xff, 0xac, 0x92, 0x07, 0xff, 0xb0, 0x97, 0x0a, 0xff,
  0xb7, 0xa0, 0x13, 0xff, 0xbd, 0xaa, 0x0b, 0xff, 0xe9, 0xe4, 0xa6, 0xff,
  0xff, 0xff, 0xff, 0xff, 0xff, 0xff, 0xff, 0xff, 0xe2, 0xd8, 0x80, 0xff,
  0xc3, 0xad, 0x0b, 0xff, 0xbd, 0xa7, 0x11, 0xff, 0xb8, 0xa0, 0x0a, 0xff,
  0xb8, 0x9f, 0x09, 0xff, 0xb8, 0x9f, 0x09, 0xff, 0xb9, 0xa0, 0x09, 0xff,
  0xba, 0xa1, 0x0a, 0xff, 0xb9, 0xa1, 0x0b, 0xff, 0xb9, 0xa1, 0x0a, 0xff,
  0xba, 0xa2, 0x0a, 0xff, 0xba, 0xa2, 0x0a, 0xff, 0xbb, 0xa3, 0x0b, 0xff,
  0xbb, 0xa4, 0x0b, 0xff, 0xbb, 0xa4, 0x0b, 0xff, 0xbc, 0xa4, 0x0a, 0xff,
  0xbc, 0xa5, 0x0a, 0xff, 0xbc, 0xa5, 0x0a, 0xff, 0xbd, 0xa5, 0x0a, 0xff,
  0xbe, 0xa7, 0x0a, 0xff, 0xc2, 0xac, 0x0f, 0xff, 0xc7, 0xb2, 0x0e, 0xff,
  0xde, 0xd1, 0x5f, 0xff, 0xf6, 0xf3, 0xd5, 0xff, 0xfd, 0xfd, 0xf7, 0xff,
  0xfc, 0xfb, 0xf1, 0xff, 0xef, 0xe7, 0xae, 0xff, 0xd3, 0xc1, 0x2f, 0xff,
  0xc9, 0xb4, 0x0f, 0xff, 0xc5, 0xaf, 0x0d, 0xff, 0xc3, 0xad, 0x0c, 0xff,
  0xc3, 0xac, 0x0c, 0xff, 0xc5, 0xaf, 0x0e, 0xff, 0xc9, 0xb4, 0x0e, 0xff,
  0xd8, 0xc7, 0x3c, 0xff, 0xfb, 0xf7, 0xea, 0xff, 0xf9, 0xf5, 0xec, 0xff,
  0xf7, 0xf1, 0xe0, 0xff, 0xf7, 0xf1, 0xde, 0xff, 0xfa, 0xf5, 0xe4, 0xff,
  0xf9, 0xf3, 0xe2, 0xff, 0xf9, 0xf5, 0xe8, 0xff, 0xfc, 0xfb, 0xf6, 0xff,
  0xfe, 0xfd, 0xf9, 0xff, 0xde, 0xd0, 0x4b, 0xff, 0xd0, 0xbb, 0x11, 0xff,
  0xce, 0xba, 0x11, 0xff, 0xce, 0xba, 0x0d, 0xff, 0xce, 0xbb, 0x0e, 0xff,
  0xcf, 0xbc, 0x0e, 0xff, 0xd1, 0xbe, 0x0f, 0xff, 0xd4, 0xc2, 0x14, 0xff,
  0xd9, 0xc9, 0x1c, 0xff, 0xe8, 0xde, 0x6c, 0xff, 0xf3, 0xee, 0xb5, 0xff,
  0xf4, 0xef, 0xbb, 0xff, 0xec, 0xe3, 0x83, 0xff, 0xdf, 0xcf, 0x2a, 0xff,
  0xd9, 0xc8, 0x15, 0xff, 0xd6, 0xc5, 0x12, 0xff, 0xd4, 0xc2, 0x0f, 0xff,
  0xd4, 0xc2, 0x0f, 0xff, 0xd4, 0xc2, 0x0f, 0xff, 0xd4, 0xc2, 0x0f, 0xff,
  0xd5, 0xc3, 0x10, 0xff, 0xd4, 0xc3, 0x10, 0xff, 0xd4, 0xc3, 0x0f, 0xff,
  0xd5, 0xc4, 0x0f, 0xff, 0xd5, 0xc4, 0x10, 0xff, 0xd5, 0xc4, 0x10, 0xff,
  0xd5, 0xc4, 0x0f, 0xff, 0xd4, 0xc4, 0x10, 0xff, 0xd4, 0xc4, 0x0f, 0xff,
  0xd4, 0xc5, 0x0f, 0xff, 0xd4, 0xc5, 0x0f, 0xff, 0xd5, 0xc4, 0x0f, 0xff,
  0xd7, 0xc7, 0x10, 0xff, 0xd9, 0xcb, 0x18, 0xff, 0xdc, 0xcf, 0x15, 0xff,
  0xeb, 0xe5, 0x6e, 0xff, 0xff, 0xff, 0xff, 0xff, 0xff, 0xff, 0xff, 0xff,
  0xf5, 0xf1, 0xba, 0xff, 0xdd, 0xd0, 0x17, 0xff, 0xd9, 0xca, 0x19, 0xff,
  0xd4, 0xc5, 0x10, 0xff, 0xd1, 0xc2, 0x0f, 0xff, 0xd0, 0xc0, 0x0e, 0xff,
  0xce, 0xbf, 0x0d, 0xff, 0xcd, 0xbd, 0x0c, 0xff, 0xcc, 0xbd, 0x0c, 0xf3,
  0xc9, 0xba, 0x0a, 0x09, 0xdb, 0xcd, 0x0c, 0x00, 0xc0, 0xb2, 0x08, 0x00,
  0x83, 0x6d, 0x06, 0x00, 0xb7, 0x9a, 0x08, 0x00, 0xa3, 0x89, 0x07, 0x6a,
  0xa6, 0x8c, 0x08, 0xff, 0xa8, 0x8f, 0x07, 0xff, 0xa9, 0x90, 0x07, 0xff,
  0xaa, 0x90, 0x07, 0xff, 0xab, 0x93, 0x08, 0xff, 0xaf, 0x97, 0x0a, 0xff,
  0xb6, 0xa0, 0x13, 0xff, 0xbe, 0xab, 0x0c, 0xff, 0xea, 0xe4, 0xa7, 0xff,
  0xff, 0xff, 0xff, 0xff, 0xff, 0xff, 0xff, 0xff, 0xe2, 0xd8, 0x80, 0xff,
  0xc2, 0xad, 0x0b, 0xff, 0xbc, 0xa5, 0x10, 0xff, 0xb7, 0x9f, 0x09, 0xff,
  0xb6, 0x9d, 0x09, 0xff, 0xb7, 0x9f, 0x09, 0xff, 0xb8, 0xa0, 0x09, 0xff,
  0xb9, 0xa1, 0x0a, 0xff, 0xb9, 0xa1, 0x0a, 0xff, 0xb9, 0xa0, 0x0a, 0xff,
  0xb9, 0xa0, 0x0a, 0xff, 0xb9, 0xa1, 0x0a, 0xff, 0xba, 0xa2, 0x0b, 0xff,
  0xbb, 0xa3, 0x0b, 0xff, 0xbb, 0xa3, 0x0b, 0xff, 0xbb, 0xa4, 0x0b, 0xff,
  0xbc, 0xa5, 0x0b, 0xff, 0xbc, 0xa5, 0x0a, 0xff, 0xbd, 0xa6, 0x0a, 0xff,
  0xc1, 0xaa, 0x0d, 0xff, 0xc5, 0xaf, 0x0a, 0xff, 0xdb, 0xcd, 0x55, 0xff,
  0xff, 0xff, 0xff, 0xff, 0xff, 0xff, 0xff, 0xff, 0xfd, 0xfb, 0xf2, 0xff,
  0xfe, 0xfc, 0xf6, 0xff, 0xff, 0xff, 0xff, 0xff, 0xf4, 0xef, 0xc7, 0xff,
  0xd1, 0xbd, 0x1f, 0xff, 0xc8, 0xb2, 0x10, 0xff, 0xc3, 0xad, 0x0d, 0xff,
  0xc2, 0xac, 0x0b, 0xff, 0xc4, 0xae, 0x0d, 0xff, 0xc9, 0xb3, 0x0d, 0xff,
  0xd8, 0xc8, 0x3d, 0xff, 0xfb, 0xf8, 0xed, 0xff, 0xf9, 0xf5, 0xeb, 0xff,
  0xf6, 0xf0, 0xdf, 0xff, 0xf6, 0xef, 0xdd, 0xff, 0xf9, 0xf4, 0xe8, 0xff,
  0xf8, 0xf2, 0xe2, 0xff, 0xf8, 0xf4, 0xe7, 0xff, 0xfc, 0xfa, 0xf4, 0xff,
  0xff, 0xfe, 0xff, 0xff, 0xe0, 0xd2, 0x55, 0xff, 0xd1, 0xbb, 0x10, 0xff,
  0xce, 0xb9, 0x11, 0xff, 0xcc, 0xb9, 0x0d, 0xff, 0xcd, 0xba, 0x0e, 0xff,
  0xcf, 0xbc, 0x0f, 0xff, 0xd3, 0xc1, 0x16, 0xff, 0xd7, 0xc7, 0x19, 0xff,
  0xef, 0xe8, 0x9e, 0xff, 0xff, 0xff, 0xff, 0xff, 0xff, 0xff, 0xff, 0xff,
  0xff, 0xff, 0xff, 0xff, 0xff, 0xff, 0xff, 0xff, 0xf6, 0xf2, 0xc5, 0xff,
  0xde, 0xce, 0x2a, 0xff, 0xd8, 0xc6, 0x15, 0xff, 0xd5, 0xc3, 0x11, 0xff,
  0xd4, 0xc1, 0x11, 0xff, 0xd3, 0xc1, 0x10, 0xff, 0xd3, 0xc1, 0x0e, 0xff,
  0xd3, 0xc2, 0x0f, 0xff, 0xd3, 0xc2, 0x0f, 0xff, 0xd5, 0xc4, 0x10, 0xff,
  0xd5, 0xc4, 0x0f, 0xff, 0xd5, 0xc4, 0x0f, 0xff, 0xd5, 0xc4, 0x0f, 0xff,
  0xd4, 0xc4, 0x10, 0xff, 0xd4, 0xc4, 0x0f, 0xff, 0xd4, 0xc4, 0x0f, 0xff,
  0xd4, 0xc4, 0x0f, 0xff, 0xd4, 0xc4, 0x0f, 0xff, 0xd5, 0xc4, 0x0f, 0xff,
  0xd6, 0xc6, 0x10, 0xff, 0xda, 0xcb, 0x18, 0xff, 0xdd, 0xcf, 0x14, 0xff,
  0xeb, 0xe4, 0x6e, 0xff, 0xff, 0xff, 0xff, 0xff, 0xff, 0xff, 0xff, 0xff,
  0xf5, 0xf2, 0xba, 0xff, 0xdd, 0xd0, 0x17, 0xff, 0xd8, 0xc9, 0x19, 0xff,
  0xd4, 0xc4, 0x10, 0xff, 0xd1, 0xc2, 0x0f, 0xff, 0xd0, 0xc1, 0x0e, 0xff,
  0xce, 0xbe, 0x0d, 0xff, 0xcc, 0xbc, 0x0d, 0xff, 0xcb, 0xbc, 0x0c, 0xff,
  0xc9, 0xb9, 0x0b, 0x6a, 0xd8, 0xc9, 0x0c, 0x00, 0xc8, 0xba, 0x09, 0x00,
  0x85, 0x6f, 0x05, 0x00, 0xb4, 0x97, 0x08, 0x00, 0xa3, 0x89, 0x06, 0xc3,
  0xa5, 0x8c, 0x08, 0xff, 0xa8, 0x8f, 0x08, 0xff, 0xa9, 0x90, 0x08, 0xff,
  0xa9, 0x91, 0x07, 0xff, 0xab, 0x92, 0x08, 0xff, 0xae, 0x96, 0x0a, 0xff,
  0xb6, 0xa0, 0x13, 0xff, 0xbf, 0xac, 0x0e, 0xff, 0xea, 0xe4, 0xa8, 0xff,
  0xff, 0xff, 0xff, 0xff, 0xff, 0xff, 0xff, 0xff, 0xe2, 0xd8, 0x81, 0xff,
  0xc2, 0xad, 0x0a, 0xff, 0xbb, 0xa4, 0x10, 0xff, 0xb6, 0x9e, 0x09, 0xff,
  0xb5, 0x9c, 0x09, 0xff, 0xb6, 0x9d, 0x09, 0xff, 0xb8, 0xa0, 0x09, 0xff,
  0xb8, 0xa0, 0x09, 0xff, 0xb8, 0xa0, 0x0a, 0xff, 0xb8, 0xa0, 0x0a, 0xff,
  0xb8, 0xa0, 0x0a, 0xff, 0xb9, 0xa0, 0x0a, 0xff, 0xb9, 0xa1, 0x0b, 0xff,
  0xba, 0xa1, 0x0a, 0xff, 0xba, 0xa1, 0x0a, 0xff, 0xbb, 0xa3, 0x0b, 0xff,
  0xbb, 0xa4, 0x0b, 0xff, 0xbc, 0xa5, 0x0b, 0xff, 0xbe, 0xa6, 0x0b, 0xff,
  0xc3, 0xac, 0x0f, 0xff, 0xca, 0xb6, 0x12, 0xff, 0xf3, 0xee, 0xc3, 0xff,
  0xff, 0xff, 0xff, 0xff, 0xfb, 0xf7, 0xe0, 0xff, 0xfd, 0xfa, 0xe5, 0xff,
  0xfd, 0xf9, 0xe3, 0xff, 0xfb, 0xf8, 0xea, 0xff, 0xff, 0xff, 0xff, 0xff,
  0xe2, 0xd6, 0x6e, 0xff, 0xc9, 0xb3, 0x0c, 0xff, 0xc4, 0xae, 0x0f, 0xff,
  0xc2, 0xac, 0x0b, 0xff, 0xc4, 0xae, 0x0d, 0xff, 0xc8, 0xb2, 0x0c, 0xff,
  0xd9, 0xc8, 0x3e, 0xff, 0xfb, 0xf8, 0xee, 0xff, 0xf9, 0xf4, 0xea, 0xff,
  0xf6, 0xf0, 0xdf, 0xff, 0xf6, 0xef, 0xdd, 0xff, 0xf9, 0xf4, 0xe7, 0xff,
  0xf8, 0xf2, 0xe1, 0xff, 0xf8, 0xf4, 0xe6, 0xff, 0xfb, 0xf9, 0xf2, 0xff,
  0xff, 0xff, 0xff, 0xff, 0xe2, 0xd4, 0x5f, 0xff, 0xd0, 0xbc, 0x10, 0xff,
  0xce, 0xb9, 0x12, 0xff, 0xcc, 0xb8, 0x0e, 0xff, 0xcd, 0xb9, 0x0e, 0xff,
  0xcf, 0xbc, 0x13, 0xff, 0xd2, 0xc0, 0x11, 0xff, 0xe5, 0xda, 0x65, 0xff,
  0xff, 0xff, 0xff, 0xff, 0xfd, 0xfb, 0xf4, 0xff, 0xfd, 0xf9, 0xe3, 0xff,
  0xfd, 0xf9, 0xe1, 0xff, 0xfd, 0xfa, 0xed, 0xff, 0xff, 0xff, 0xff, 0xff,
  0xed, 0xe4, 0x89, 0xff, 0xd9, 0xc6, 0x13, 0xff, 0xd6, 0xc3, 0x15, 0xff,
  0xd3, 0xc1, 0x11, 0xff, 0xd2, 0xc0, 0x0f, 0xff, 0xd2, 0xc0, 0x0e, 0xff,
  0xd3, 0xc1, 0x0e, 0xff, 0xd3, 0xc2, 0x0e, 0xff, 0xd4, 0xc3, 0x0f, 0xff,
  0xd5, 0xc4, 0x0f, 0xff, 0xd5, 0xc4, 0x0e, 0xff, 0xd5, 0xc4, 0x0f, 0xff,
  0xd5, 0xc4, 0x10, 0xff, 0xd4, 0xc4, 0x0f, 0xff, 0xd4, 0xc4, 0x0f, 0xff,
  0xd4, 0xc4, 0x0f, 0xff, 0xd4, 0xc4, 0x0f, 0xff, 0xd4, 0xc4, 0x0f, 0xff,
  0xd6, 0xc6, 0x10, 0xff, 0xda, 0xcb, 0x17, 0xff, 0xdd, 0xcf, 0x14, 0xff,
  0xec, 0xe5, 0x6f, 0xff, 0xff, 0xff, 0xff, 0xff, 0xff, 0xff, 0xff, 0xff,
  0xf5, 0xf2, 0xba, 0xff, 0xdd, 0xd0, 0x17, 0xff, 0xd8, 0xc9, 0x19, 0xff,
  0xd3, 0xc3, 0x10, 0xff, 0xd1, 0xc1, 0x0f, 0xff, 0xd0, 0xc0, 0x0e, 0xff,
  0xce, 0xbe, 0x0d, 0xff, 0xcc, 0xbc, 0x0c, 0xff, 0xcb, 0xbb, 0x0c, 0xff,
  0xc8, 0xb8, 0x0a, 0xc3, 0xd7, 0xc7, 0x0d, 0x00, 0xcb, 0xbc, 0x09, 0x00,
  0x84, 0x6d, 0x05, 0x00, 0xb4, 0x97, 0x07, 0x22, 0xa2, 0x89, 0x06, 0xff,
  0xa6, 0x8d, 0x07, 0xff, 0xa7, 0x8e, 0x08, 0xff, 0xa8, 0x8f, 0x08, 0xff,
  0xa9, 0x90, 0x08, 0xff, 0xaa, 0x91, 0x08, 0xff, 0xad, 0x95, 0x0a, 0xff,
  0xb5, 0x9f, 0x14, 0xff, 0xbf, 0xab, 0x0e, 0xff, 0xea, 0xe4, 0xa8, 0xff,
  0xff, 0xff, 0xff, 0xff, 0xff, 0xff, 0xff, 0xff, 0xe2, 0xd8, 0x81, 0xff,
  0xc2, 0xad, 0x0b, 0xff, 0xbb, 0xa4, 0x11, 0xff, 0xb6, 0x9e, 0x0a, 0xff,
  0xb5, 0x9d, 0x0a, 0xff, 0xb5, 0x9d, 0x09, 0xff, 0xb6, 0x9e, 0x09, 0xff,
  0xb7, 0x9f, 0x09, 0xff, 0xb8, 0x9f, 0x0a, 0xff, 0xb8, 0xa0, 0x0b, 0xff,
  0xb8, 0xa0, 0x0a, 0xff, 0xb8, 0xa0, 0x0a, 0xff, 0xb9, 0xa0, 0x0a, 0xff,
  0xb9, 0xa0, 0x0a, 0xff, 0xb8, 0xa0, 0x0a, 0xff, 0xba, 0xa2, 0x0a, 0xff,
  0xbb, 0xa3, 0x0c, 0xff, 0xbc, 0xa4, 0x0c, 0xff, 0xbd, 0xa6, 0x0c, 0xff,
  0xc2, 0xac, 0x0b, 0xff, 0xd1, 0xbf, 0x2b, 0xff, 0xfa, 0xf7, 0xe7, 0xff,
  0xfc, 0xf9, 0xf3, 0xff, 0xfc, 0xf6, 0xd6, 0xff, 0xff, 0xff, 0xff, 0xff,
  0xfe, 0xfc, 0xf1, 0xff, 0xfb, 0xf6, 0xda, 0xff, 0xff, 0xff, 0xff, 0xff,
  0xee, 0xe7, 0xad, 0xff, 0xcb, 0xb6, 0x12, 0xff, 0xc5, 0xaf, 0x11, 0xff,
  0xc2, 0xab, 0x0b, 0xff, 0xc4, 0xad, 0x0d, 0xff, 0xc8, 0xb2, 0x0c, 0xff,
  0xda, 0xc9, 0x40, 0xff, 0xfc, 0xf9, 0xf0, 0xff, 0xf9, 0xf5, 0xea, 0xff,
  0xf6, 0xf0, 0xdf, 0xff, 0xf6, 0xef, 0xdd, 0xff, 0xf9, 0xf4, 0xe9, 0xff,
  0xf8, 0xf1, 0xe1, 0xff, 0xf8, 0xf3, 0xe5, 0xff, 0xfb, 0xf9, 0xf0, 0xff,
  0xff, 0xff, 0xff, 0xff, 0xe3, 0xd6, 0x69, 0xff, 0xd0, 0xbb, 0x10, 0xff,
  0xcd, 0xb8, 0x11, 0xff, 0xcc, 0xb7, 0x0e, 0xff, 0xcc, 0xb8, 0x0e, 0xff,
  0xcf, 0xbb, 0x13, 0xff, 0xd4, 0xc2, 0x17, 0xff, 0xf4, 0xef, 0xbc, 0xff,
  0xff, 0xff, 0xff, 0xff, 0xfc, 0xf7, 0xde, 0xff, 0xfe, 0xfc, 0xf2, 0xff,
  0xfe, 0xfe, 0xff, 0xff, 0xfc, 0xf7, 0xdd, 0xff, 0xfe, 0xfe, 0xff, 0xff,
  0xf7, 0xf3, 0xcc, 0xff, 0xdb, 0xca, 0x20, 0xff, 0xd5, 0xc3, 0x16, 0xff,
  0xd2, 0xbf, 0x10, 0xff, 0xd2, 0xc0, 0x0f, 0xff, 0xd2, 0xc0, 0x0f, 0xff,
  0xd2, 0xc0, 0x0e, 0xff, 0xd3, 0xc1, 0x0f, 0xff, 0xd4, 0xc2, 0x0e, 0xff,
  0xd3, 0xc2, 0x0e, 0xff, 0xd4, 0xc2, 0x0e, 0xff, 0xd5, 0xc3, 0x0f, 0xff,
  0xd5, 0xc4, 0x10, 0xff, 0xd4, 0xc4, 0x0f, 0xff, 0xd4, 0xc3, 0x0f, 0xff,
  0xd4, 0xc3, 0x10, 0xff, 0xd4, 0xc3, 0x10, 0xff, 0xd4, 0xc4, 0x0f, 0xff,
  0xd5, 0xc5, 0x11, 0xff, 0xd9, 0xca, 0x17, 0xff, 0xdd, 0xcf, 0x13, 0xff,
  0xec, 0xe6, 0x6f, 0xff, 0xff, 0xff, 0xff, 0xff, 0xff, 0xff, 0xff, 0xff,
  0xf5, 0xf2, 0xba, 0xff, 0xdd, 0xd0, 0x18, 0xff, 0xd8, 0xc9, 0x1a, 0xff,
  0xd2, 0xc3, 0x10, 0xff, 0xd0, 0xc0, 0x0e, 0xff, 0xcf, 0xbf, 0x0d, 0xff,
  0xcd, 0xbe, 0x0c, 0xff, 0xcc, 0xbc, 0x0b, 0xff, 0xca, 0xba, 0x0b, 0xff,
  0xc8, 0xb8, 0x0a, 0xff, 0xd6, 0xc6, 0x0c, 0x22, 0xc9, 0xbb, 0x09, 0x00,
  0x84, 0x6e, 0x04, 0x00, 0xb4, 0x97, 0x07, 0x6a, 0xa1, 0x88, 0x06, 0xff,
  0xa4, 0x8c, 0x07, 0xff, 0xa5, 0x8d, 0x07, 0xff, 0xa8, 0x8f, 0x08, 0xff,
  0xaa, 0x91, 0x08, 0xff, 0xab, 0x92, 0x08, 0xff, 0xad, 0x95, 0x0a, 0xff,
  0xb4, 0x9e, 0x14, 0xff, 0xbd, 0xaa, 0x0d, 0xff, 0xea, 0xe4, 0xa8, 0xff,
  0xff, 0xff, 0xff, 0xff, 0xff, 0xff, 0xff, 0xff, 0xe3, 0xd9, 0x82, 0xff,
  0xc3, 0xad, 0x0c, 0xff, 0xbb, 0xa4, 0x11, 0xff, 0xb5, 0x9d, 0x09, 0xff,
  0xb4, 0x9c, 0x09, 0xff, 0xb4, 0x9c, 0x09, 0xff, 0xb5, 0x9c, 0x09, 0xff,
  0xb6, 0x9d, 0x09, 0xff, 0xb6, 0x9e, 0x0a, 0xff, 0xb6, 0x9f, 0x0b, 0xff,
  0xb7, 0x9f, 0x0a, 0xff, 0xb8, 0xa0, 0x09, 0xff, 0xb8, 0x9f, 0x09, 0xff,
  0xb8, 0xa0, 0x0a, 0xff, 0xb8, 0xa1, 0x0a, 0xff, 0xb9, 0xa2, 0x09, 0xff,
  0xba, 0xa3, 0x0a, 0xff, 0xbb, 0xa3, 0x0a, 0xff, 0xbc, 0xa5, 0x0b, 0xff,
  0xc1, 0xab, 0x0a, 0xff, 0xd2, 0xc1, 0x34, 0xff, 0xfa, 0xf7, 0xe8, 0xff,
  0xf9, 0xf5, 0xeb, 0xff, 0xfa, 0xf3, 0xd6, 0xff, 0xfd, 0xf8, 0xdb, 0xff,
  0xfd, 0xf7, 0xd8, 0xff, 0xfa, 0xf5, 0xe0, 0xff, 0xfe, 0xfd, 0xff, 0xff,
  0xf6, 0xf2, 0xd4, 0xff, 0xcf, 0xbb, 0x23, 0xff, 0xc5, 0xaf, 0x10, 0xff,
  0xc2, 0xab, 0x0c, 0xff, 0xc3, 0xad, 0x0d, 0xff, 0xc8, 0xb2, 0x0b, 0xff,
  0xd8, 0xc8, 0x3f, 0xff, 0xfc, 0xf9, 0xf0, 0xff, 0xf9, 0xf5, 0xe9, 0xff,
  0xf6, 0xf0, 0xdf, 0xff, 0xf7, 0xf0, 0xda, 0xff, 0xfb, 0xf5, 0xdc, 0xff,
  0xf9, 0xf3, 0xdc, 0xff, 0xf9, 0xf4, 0xe5, 0xff, 0xfb, 0xf8, 0xee, 0xff,
  0xff, 0xff, 0xff, 0xff, 0xe4, 0xd8, 0x70, 0xff, 0xcf, 0xba, 0x10, 0xff,
  0xcb, 0xb6, 0x12, 0xff, 0xcb, 0xb6, 0x0e, 0xff, 0xcb, 0xb7, 0x0f, 0xff,
  0xcf, 0xba, 0x10, 0xff, 0xda, 0xca, 0x32, 0xff, 0xfb, 0xf9, 0xe7, 0xff,
  0xfc, 0xfa, 0xf8, 0xff, 0xfb, 0xf5, 0xde, 0xff, 0xfd, 0xf9, 0xdf, 0xff,
  0xfe, 0xfb, 0xe6, 0xff, 0xfc, 0xf7, 0xdc, 0xff, 0xfe, 0xfd, 0xff, 0xff,
  0xfa, 0xf7, 0xdf, 0xff, 0xdd, 0xce, 0x2d, 0xff, 0xd5, 0xc2, 0x15, 0xff,
  0xd1, 0xbf, 0x10, 0xff, 0xd1, 0xbe, 0x0e, 0xff, 0xd1, 0xbf, 0x0e, 0xff,
  0xd2, 0xbf, 0x0e, 0xff, 0xd2, 0xc0, 0x0f, 0xff, 0xd2, 0xc0, 0x0f, 0xff,
  0xd3, 0xc1, 0x0f, 0xff, 0xd3, 0xc2, 0x0f, 0xff, 0xd3, 0xc2, 0x0f, 0xff,
  0xd4, 0xc2, 0x0f, 0xff, 0xd4, 0xc3, 0x0f, 0xff, 0xd3, 0xc3, 0x0f, 0xff,
  0xd3, 0xc3, 0x0f, 0xff, 0xd4, 0xc3, 0x10, 0xff, 0xd4, 0xc3, 0x0f, 0xff,
  0xd5, 0xc5, 0x11, 0xff, 0xd8, 0xc9, 0x17, 0xff, 0xdc, 0xce, 0x14, 0xff,
  0xec, 0xe5, 0x70, 0xff, 0xff, 0xff, 0xff, 0xff, 0xff, 0xff, 0xff, 0xff,
  0xf5, 0xf2, 0xbb, 0xff, 0xdd, 0xcf, 0x18, 0xff, 0xd7, 0xc8, 0x19, 0xff,
  0xd2, 0xc2, 0x10, 0xff, 0xcf, 0xc0, 0x0d, 0xff, 0xce, 0xbf, 0x0d, 0xff,
  0xcd, 0xbd, 0x0d, 0xff, 0xcb, 0xbb, 0x0c, 0xff, 0xc9, 0xba, 0x0b, 0xff,
  0xc8, 0xb8, 0x0c, 0xff, 0xd5, 0xc6, 0x0d, 0x6a, 0xc9, 0xbb, 0x08, 0x00,
  0x85, 0x6f, 0x05, 0x00, 0xb3, 0x97, 0x07, 0xaa, 0xa1, 0x87, 0x06, 0xff,
  0xa4, 0x8b, 0x07, 0xff, 0xa6, 0x8d, 0x07, 0xff, 0xa8, 0x8f, 0x08, 0xff,
  0xa9, 0x91, 0x08, 0xff, 0xaa, 0x91, 0x08, 0xff, 0xac, 0x94, 0x0a, 0xff,
  0xb3, 0x9d, 0x13, 0xff, 0xbd, 0xaa, 0x0c, 0xff, 0xe9, 0xe4, 0xa7, 0xff,
  0xff, 0xff, 0xff, 0xff, 0xff, 0xff, 0xff, 0xff, 0xe2, 0xd9, 0x82, 0xff,
  0xc2, 0xad, 0x0c, 0xff, 0xbb, 0xa3, 0x11, 0xff, 0xb4, 0x9c, 0x09, 0xff,
  0xb4, 0x9c, 0x09, 0xff, 0xb4, 0x9b, 0x09, 0xff, 0xb4, 0x9c, 0x09, 0xff,
  0xb5, 0x9d, 0x09, 0xff, 0xb5, 0x9d, 0x09, 0xff, 0xb6, 0x9e, 0x0a, 0xff,
  0xb7, 0x9f, 0x0a, 0xff, 0xb7, 0x9f, 0x0a, 0xff, 0xb7, 0x9f, 0x0a, 0xff,
  0xb8, 0xa0, 0x0a, 0xff, 0xb8, 0xa1, 0x0a, 0xff, 0xb8, 0xa1, 0x09, 0xff,
  0xb9, 0xa2, 0x0a, 0xff, 0xba, 0xa2, 0x0a, 0xff, 0xbb, 0xa4, 0x0b, 0xff,
  0xc1, 0xaa, 0x0a, 0xff, 0xd0, 0xbe, 0x30, 0xff, 0xf8, 0xf4, 0xe3, 0xff,
  0xf8, 0xf4, 0xe9, 0xff, 0xf6, 0xf0, 0xdc, 0xff, 0xf9, 0xf3, 0xd9, 0xff,
  0xfa, 0xf5, 0xe1, 0xff, 0xf8, 0xf3, 0xe4, 0xff, 0xfd, 0xfb, 0xf8, 0xff,
  0xfb, 0xfa, 0xee, 0xff, 0xd4, 0xc3, 0x3a, 0xff, 0xc6, 0xb0, 0x0f, 0xff,
  0xc2, 0xab, 0x0d, 0xff, 0xc3, 0xad, 0x0d, 0xff, 0xc7, 0xb1, 0x0b, 0xff,
  0xd8, 0xc8, 0x3f, 0xff, 0xfc, 0xf9, 0xef, 0xff, 0xf9, 0xf4, 0xe8, 0xff,
  0xf8, 0xf1, 0xdd, 0xff, 0xfb, 0xf3, 0xc5, 0xff, 0xfd, 0xf8, 0xd1, 0xff,
  0xfc, 0xf5, 0xc7, 0xff, 0xfa, 0xf4, 0xdc, 0xff, 0xfa, 0xf7, 0xec, 0xff,
  0xff, 0xff, 0xff, 0xff, 0xe6, 0xda, 0x76, 0xff, 0xce, 0xb9, 0x10, 0xff,
  0xca, 0xb5, 0x11, 0xff, 0xc9, 0xb4, 0x0d, 0xff, 0xcb, 0xb6, 0x10, 0xff,
  0xcf, 0xba, 0x0e, 0xff, 0xe0, 0xd2, 0x4f, 0xff, 0xfd, 0xfc, 0xf9, 0xff,
  0xfa, 0xf7, 0xef, 0xff, 0xf9, 0xf3, 0xe4, 0xff, 0xfa, 0xf4, 0xdd, 0xff,
  0xfb, 0xf5, 0xda, 0xff, 0xfa, 0xf6, 0xe7, 0xff, 0xfe, 0xfc, 0xfe, 0xff,
  0xfa, 0xf8, 0xe3, 0xff, 0xdd, 0xcd, 0x30, 0xff, 0xd4, 0xc1, 0x15, 0xff,
  0xd0, 0xbd, 0x10, 0xff, 0xd0, 0xbc, 0x0e, 0xff, 0xd0, 0xbd, 0x0e, 0xff,
  0xd1, 0xbe, 0x0f, 0xff, 0xd2, 0xbf, 0x0e, 0xff, 0xd1, 0xbf, 0x0e, 0xff,
  0xd2, 0xc0, 0x0f, 0xff, 0xd2, 0xc0, 0x0e, 0xff, 0xd3, 0xc1, 0x0e, 0xff,
  0xd3, 0xc1, 0x0e, 0xff, 0xd3, 0xc2, 0x0e, 0xff, 0xd3, 0xc2, 0x0f, 0xff,
  0xd3, 0xc3, 0x0f, 0xff, 0xd4, 0xc3, 0x0f, 0xff, 0xd3, 0xc3, 0x0f, 0xff,
  0xd4, 0xc4, 0x11, 0xff, 0xd8, 0xc8, 0x17, 0xff, 0xdc, 0xce, 0x14, 0xff,
  0xec, 0xe5, 0x70, 0xff, 0xff, 0xff, 0xff, 0xff, 0xff, 0xff, 0xff, 0xff,
  0xf5, 0xf2, 0xbb, 0xff, 0xdd, 0xcf, 0x18, 0xff, 0xd6, 0xc7, 0x18, 0xff,
  0xd1, 0xc1, 0x0e, 0xff, 0xcf, 0xbe, 0x0d, 0xff, 0xce, 0xbe, 0x0d, 0xff,
  0xcd, 0xbd, 0x0d, 0xff, 0xcb, 0xbb, 0x0c, 0xff, 0xc9, 0xb9, 0x0b, 0xff,
  0xc6, 0xb6, 0x0b, 0xff, 0xd4, 0xc6, 0x0c, 0xaa, 0xca, 0xbb, 0x07, 0x00,
  0x86, 0x70, 0x06, 0x00, 0xb4, 0x97, 0x08, 0xe1, 0xa1, 0x88, 0x06, 0xff,
  0xa4, 0x8a, 0x06, 0xff, 0xa5, 0x8c, 0x07, 0xff, 0xa7, 0x8e, 0x07, 0xff,
  0xa8, 0x90, 0x08, 0xff, 0xa9, 0x91, 0x08, 0xff, 0xab, 0x93, 0x09, 0xff,
  0xb3, 0x9d, 0x12, 0xff, 0xbd, 0xaa, 0x0c, 0xff, 0xe9, 0xe4, 0xa7, 0xff,
  0xff, 0xff, 0xff, 0xff, 0xff, 0xff, 0xff, 0xff, 0xe2, 0xd8, 0x81, 0xff,
  0xc1, 0xad, 0x0b, 0xff, 0xba, 0xa3, 0x11, 0xff, 0xb4, 0x9c, 0x09, 0xff,
  0xb3, 0x9b, 0x09, 0xff, 0xb3, 0x9b, 0x09, 0xff, 0xb4, 0x9b, 0x09, 0xff,
  0xb4, 0x9c, 0x09, 0xff, 0xb5, 0x9d, 0x09, 0xff, 0xb5, 0x9d, 0x0a, 0xff,
  0xb6, 0x9e, 0x0a, 0xff, 0xb6, 0x9e, 0x0a, 0xff, 0xb7, 0x9f, 0x0a, 0xff,
  0xb8, 0xa0, 0x0a, 0xff, 0xb8, 0xa0, 0x0a, 0xff, 0xb8, 0xa0, 0x0a, 0xff,
  0xb9, 0xa1, 0x0a, 0xff, 0xb9, 0xa1, 0x0a, 0xff, 0xbb, 0xa4, 0x0b, 0xff,
  0xc0, 0xaa, 0x0b, 0xff, 0xce, 0xba, 0x27, 0xff, 0xf7, 0xf2, 0xdc, 0xff,
  0xf9, 0xf4, 0xea, 0xff, 0xf5, 0xee, 0xd9, 0xff, 0xf6, 0xf0, 0xe0, 0xff,
  0xf9, 0xf4, 0xe6, 0xff, 0xf7, 0xf1, 0xe1, 0xff, 0xfb, 0xf9, 0xf1, 0xff,
  0xff, 0xfe, 0xfe, 0xff, 0xda, 0xcb, 0x52, 0xff, 0xc7, 0xb1, 0x0d, 0xff,
  0xc2, 0xab, 0x0e, 0xff, 0xc1, 0xab, 0x0d, 0xff, 0xc6, 0xb1, 0x0a, 0xff,
  0xd9, 0xc8, 0x42, 0xff, 0xfb, 0xf7, 0xed, 0xff, 0xfa, 0xf6, 0xeb, 0xff,
  0xfa, 0xf4, 0xd8, 0xff, 0xfd, 0xf9, 0xd4, 0xff, 0xfd, 0xff, 0xff, 0xff,
  0xfd, 0xfb, 0xe1, 0xff, 0xfc, 0xf6, 0xd5, 0xff, 0xfb, 0xf8, 0xef, 0xff,
  0xff, 0xff, 0xff, 0xff, 0xe6, 0xda, 0x79, 0xff, 0xcd, 0xb8, 0x0e, 0xff,
  0xca, 0xb4, 0x10, 0xff, 0xc8, 0xb3, 0x0c, 0xff, 0xca, 0xb6, 0x10, 0xff,
  0xcf, 0xbb, 0x0e, 0xff, 0xe6, 0xda, 0x70, 0xff, 0xff, 0xfe, 0xff, 0xff,
  0xfa, 0xf6, 0xeb, 0xff, 0xf8, 0xf1, 0xe2, 0xff, 0xf9, 0xf4, 0xe7, 0xff,
  0xfa, 0xf4, 0xe8, 0xff, 0xf9, 0xf5, 0xe8, 0xff, 0xfe, 0xfd, 0xfe, 0xff,
  0xfa, 0xf7, 0xe2, 0xff, 0xdb, 0xcb, 0x2f, 0xff, 0xd2, 0xc0, 0x14, 0xff,
  0xcf, 0xbc, 0x0f, 0xff, 0xcf, 0xbc, 0x0e, 0xff, 0xcf, 0xbc, 0x0f, 0xff,
  0xd0, 0xbd, 0x0f, 0xff, 0xd1, 0xbe, 0x0e, 0xff, 0xd1, 0xbe, 0x0e, 0xff,
  0xd1, 0xbf, 0x0e, 0xff, 0xd2, 0xc0, 0x0e, 0xff, 0xd2, 0xc1, 0x0e, 0xff,
  0xd3, 0xc1, 0x0e, 0xff, 0xd3, 0xc1, 0x0e, 0xff, 0xd3, 0xc2, 0x0e, 0xff,
  0xd3, 0xc2, 0x0f, 0xff, 0xd3, 0xc3, 0x0f, 0xff, 0xd3, 0xc2, 0x0f, 0xff,
  0xd4, 0xc3, 0x10, 0xff, 0xd8, 0xc8, 0x17, 0xff, 0xdc, 0xce, 0x14, 0xff,
  0xec, 0xe5, 0x70, 0xff, 0xff, 0xff, 0xff, 0xff, 0xff, 0xff, 0xff, 0xff,
  0xf5, 0xf2, 0xbb, 0xff, 0xdc, 0xcf, 0x18, 0xff, 0xd6, 0xc6, 0x17, 0xff,
  0xd0, 0xc0, 0x0f, 0xff, 0xce, 0xbe, 0x0e, 0xff, 0xcd, 0xbd, 0x0d, 0xff,
  0xcc, 0xbc, 0x0c, 0xff, 0xca, 0xba, 0x0c, 0xff, 0xc8, 0xb8, 0x0b, 0xff,
  0xc5, 0xb5, 0x0a, 0xff, 0xd3, 0xc4, 0x0b, 0xe1, 0xc8, 0xba, 0x07, 0x00,
  0x86, 0x70, 0x05, 0x15, 0xb4, 0x99, 0x08, 0xff, 0xa2, 0x88, 0x06, 0xff,
  0xa2, 0x89, 0x06, 0xff, 0xa5, 0x8b, 0x08, 0xff, 0xa6, 0x8e, 0x07, 0xff,
  0xa8, 0x90, 0x08, 0xff, 0xa9, 0x90, 0x08, 0xff, 0xab, 0x93, 0x09, 0xff,
  0xb3, 0x9d, 0x12, 0xff, 0xbb, 0xa8, 0x0b, 0xff, 0xe8, 0xe3, 0xa6, 0xff,
  0xff, 0xff, 0xff, 0xff, 0xff, 0xff, 0xff, 0xff, 0xe1, 0xd7, 0x80, 0xff,
  0xbf, 0xab, 0x0b, 0xff, 0xb8, 0xa2, 0x11, 0xff, 0xb3, 0x9b, 0x09, 0xff,
  0xb2, 0x9a, 0x09, 0xff, 0xb3, 0x9b, 0x09, 0xff, 0xb3, 0x9b, 0x09, 0xff,
  0xb3, 0x9b, 0x09, 0xff, 0xb4, 0x9c, 0x09, 0xff, 0xb4, 0x9c, 0x0a, 0xff,
  0xb5, 0x9d, 0x0a, 0xff, 0xb5, 0x9d, 0x0b, 0xff, 0xb6, 0x9e, 0x0a, 0xff,
  0xb7, 0x9f, 0x0a, 0xff, 0xb7, 0x9f, 0x0a, 0xff, 0xb7, 0x9f, 0x0a, 0xff,
  0xb7, 0xa0, 0x0a, 0xff, 0xb8, 0xa0, 0x0a, 0xff, 0xba, 0xa3, 0x0a, 0xff,
  0xbf, 0xa8, 0x0b, 0xff, 0xcb, 0xb7, 0x1d, 0xff, 0xf5, 0xf0, 0xd3, 0xff,
  0xf9, 0xf5, 0xed, 0xff, 0xf4, 0xed, 0xd8, 0xff, 0xf5, 0xef, 0xdb, 0xff,
  0xf9, 0xf4, 0xe5, 0xff, 0xf7, 0xf1, 0xe0, 0xff, 0xfa, 0xf7, 0xec, 0xff,
  0xff, 0xff, 0xff, 0xff, 0xe1, 0xd5, 0x70, 0xff, 0xc7, 0xb0, 0x0b, 0xff,
  0xc1, 0xab, 0x0f, 0xff, 0xc0, 0xaa, 0x0d, 0xff, 0xc6, 0xb0, 0x0b, 0xff,
  0xd9, 0xc8, 0x43, 0xff, 0xfc, 0xf9, 0xf0, 0xff, 0xfb, 0xf8, 0xf0, 0xff,
  0xfa, 0xf4, 0xdb, 0xff, 0xfc, 0xf6, 0xc5, 0xff, 0xfe, 0xfc, 0xe7, 0xff,
  0xfc, 0xf6, 0xcb, 0xff, 0xfb, 0xf6, 0xdf, 0xff, 0xfb, 0xf8, 0xf0, 0xff,
  0xff, 0xff, 0xff, 0xff, 0xe6, 0xda, 0x7c, 0xff, 0xcd, 0xb8, 0x0c, 0xff,
  0xca, 0xb4, 0x10, 0xff, 0xc7, 0xb2, 0x0c, 0xff, 0xca, 0xb5, 0x11, 0xff,
  0xcf, 0xbb, 0x0f, 0xff, 0xec, 0xe3, 0x91, 0xff, 0xff, 0xfe, 0xff, 0xff,
  0xf9, 0xf5, 0xe7, 0xff, 0xf7, 0xf1, 0xe0, 0xff, 0xf9, 0xf4, 0xe7, 0xff,
  0xf9, 0xf3, 0xe4, 0xff, 0xf9, 0xf5, 0xe7, 0xff, 0xfe, 0xfd, 0xff, 0xff,
  0xf9, 0xf6, 0xdd, 0xff, 0xda, 0xca, 0x2d, 0xff, 0xd2, 0xbf, 0x15, 0xff,
  0xce, 0xbb, 0x0f, 0xff, 0xce, 0xbb, 0x10, 0xff, 0xcf, 0xbb, 0x0f, 0xff,
  0xd0, 0xbc, 0x0f, 0xff, 0xd0, 0xbd, 0x0e, 0xff, 0xd0, 0xbe, 0x0e, 0xff,
  0xd1, 0xbf, 0x0e, 0xff, 0xd2, 0xbf, 0x0e, 0xff, 0xd2, 0xc0, 0x0e, 0xff,
  0xd2, 0xc1, 0x0f, 0xff, 0xd2, 0xc1, 0x0f, 0xff, 0xd2, 0xc1, 0x0f, 0xff,
  0xd2, 0xc1, 0x0f, 0xff, 0xd3, 0xc2, 0x0f, 0xff, 0xd3, 0xc2, 0x0f, 0xff,
  0xd3, 0xc2, 0x10, 0xff, 0xd7, 0xc7, 0x16, 0xff, 0xdb, 0xcd, 0x14, 0xff,
  0xeb, 0xe4, 0x70, 0xff, 0xff, 0xff, 0xff, 0xff, 0xff, 0xff, 0xff, 0xff,
  0xf5, 0xf2, 0xba, 0xff, 0xdc, 0xce, 0x17, 0xff, 0xd6, 0xc6, 0x18, 0xff,
  0xd0, 0xc0, 0x0f, 0xff, 0xce, 0xbd, 0x0d, 0xff, 0xcc, 0xbc, 0x0d, 0xff,
  0xcb, 0xba, 0x0c, 0xff, 0xc9, 0xb9, 0x0c, 0xff, 0xc8, 0xb7, 0x0b, 0xff,
  0xc5, 0xb4, 0x0a, 0xff, 0xd3, 0xc3, 0x0b, 0xff, 0xc8, 0xb9, 0x07, 0x15,
  0x85, 0x6f, 0x05, 0x3b, 0xb2, 0x97, 0x08, 0xff, 0xa1, 0x88, 0x07, 0xff,
  0xa3, 0x8a, 0x07, 0xff, 0xa3, 0x8b, 0x08, 0xff, 0xa5, 0x8d, 0x07, 0xff,
  0xa7, 0x8f, 0x08, 0xff, 0xa9, 0x91, 0x08, 0xff, 0xac, 0x94, 0x09, 0xff,
  0xb2, 0x9c, 0x12, 0xff, 0xb9, 0xa6, 0x0b, 0xff, 0xe7, 0xe2, 0xa5, 0xff,
  0xff, 0xff, 0xff, 0xff, 0xff, 0xff, 0xff, 0xff, 0xe0, 0xd6, 0x7f, 0xff,
  0xbc, 0xa7, 0x09, 0xff, 0xb6, 0xa0, 0x10, 0xff, 0xb1, 0x9a, 0x09, 0xff,
  0xb0, 0x99, 0x08, 0xff, 0xb1, 0x99, 0x09, 0xff, 0xb2, 0x9a, 0x09, 0xff,
  0xb2, 0x9a, 0x09, 0xff, 0xb3, 0x9b, 0x09, 0xff, 0xb4, 0x9c, 0x09, 0xff,
  0xb4, 0x9c, 0x0a, 0xff, 0xb5, 0x9d, 0x0a, 0xff, 0xb4, 0x9d, 0x0a, 0xff,
  0xb5, 0x9e, 0x0a, 0xff, 0xb6, 0x9e, 0x0a, 0xff, 0xb6, 0x9f, 0x09, 0xff,
  0xb6, 0x9f, 0x0a, 0xff, 0xb7, 0xa0, 0x0a, 0xff, 0xb9, 0xa2, 0x0a, 0xff,
  0xbd, 0xa6, 0x0c, 0xff, 0xc8, 0xb3, 0x16, 0xff, 0xf3, 0xed, 0xc5, 0xff,
  0xfa, 0xf7, 0xf1, 0xff, 0xf4, 0xed, 0xd8, 0xff, 0xf4, 0xed, 0xd8, 0xff,
  0xf9, 0xf4, 0xe7, 0xff, 0xf7, 0xf1, 0xe1, 0xff, 0xf9, 0xf5, 0xe8, 0xff,
  0xff, 0xff, 0xff, 0xff, 0xe8, 0xdf, 0x93, 0xff, 0xc7, 0xb1, 0x0c, 0xff,
  0xc2, 0xab, 0x10, 0xff, 0xc0, 0xa9, 0x0d, 0xff, 0xc4, 0xae, 0x0a, 0xff,
  0xd9, 0xc9, 0x45, 0xff, 0xfd, 0xfb, 0xf4, 0xff, 0xf9, 0xf5, 0xe8, 0xff,
  0xf8, 0xf2, 0xdf, 0xff, 0xfa, 0xf3, 0xd4, 0xff, 0xfc, 0xf6, 0xce, 0xff,
  0xfa, 0xf4, 0xd6, 0xff, 0xf9, 0xf3, 0xe3, 0xff, 0xfa, 0xf7, 0xeb, 0xff,
  0xff, 0xff, 0xff, 0xff, 0xe7, 0xdc, 0x81, 0xff, 0xcd, 0xb8, 0x0d, 0xff,
  0xc9, 0xb4, 0x10, 0xff, 0xc6, 0xb2, 0x0c, 0xff, 0xca, 0xb5, 0x11, 0xff,
  0xd0, 0xbd, 0x13, 0xff, 0xf2, 0xeb, 0xb3, 0xff, 0xfe, 0xfd, 0xff, 0xff,
  0xf8, 0xf4, 0xe5, 0xff, 0xf8, 0xf2, 0xe2, 0xff, 0xfa, 0xf6, 0xe8, 0xff,
  0xf9, 0xf3, 0xe3, 0xff, 0xfa, 0xf5, 0xe7, 0xff, 0xfe, 0xfd, 0xff, 0xff,
  0xf7, 0xf4, 0xd5, 0xff, 0xd9, 0xc8, 0x28, 0xff, 0xd2, 0xbf, 0x15, 0xff,
  0xce, 0xba, 0x0f, 0xff, 0xcd, 0xba, 0x0e, 0xff, 0xce, 0xbb, 0x0f, 0xff,
  0xcf, 0xbc, 0x0f, 0xff, 0xcf, 0xbd, 0x0f, 0xff, 0xd0, 0xbd, 0x0f, 0xff,
  0xd0, 0xbe, 0x0f, 0xff, 0xd0, 0xbe, 0x0e, 0xff, 0xd1, 0xbf, 0x0e, 0xff,
  0xd1, 0xbf, 0x0e, 0xff, 0xd1, 0xbf, 0x0e, 0xff, 0xd1, 0xc0, 0x0f, 0xff,
  0xd1, 0xc0, 0x0e, 0xff, 0xd2, 0xc1, 0x0f, 0xff, 0xd2, 0xc1, 0x0e, 0xff,
  0xd3, 0xc1, 0x0f, 0xff, 0xd6, 0xc6, 0x15, 0xff, 0xd9, 0xca, 0x12, 0xff,
  0xea, 0xe2, 0x6f, 0xff, 0xff, 0xff, 0xff, 0xff, 0xff, 0xff, 0xff, 0xff,
  0xf4, 0xf1, 0xb9, 0xff, 0xda, 0xcc, 0x17, 0xff, 0xd5, 0xc5, 0x18, 0xff,
  0xd0, 0xbf, 0x10, 0xff, 0xcc, 0xbc, 0x0d, 0xff, 0xcb, 0xba, 0x0d, 0xff,
  0xcb, 0xba, 0x0c, 0xff, 0xc9, 0xb8, 0x0b, 0xff, 0xc8, 0xb7, 0x0c, 0xff,
  0xc6, 0xb4, 0x0a, 0xff, 0xd3, 0xc2, 0x0b, 0xff, 0xc8, 0xb9, 0x07, 0x3b,
  0x84, 0x6e, 0x04, 0x59, 0xb0, 0x95, 0x07, 0xff, 0xa1, 0x88, 0x06, 0xff,
  0xa2, 0x89, 0x07, 0xff, 0xa4, 0x8c, 0x08, 0xff, 0xa6, 0x8d, 0x08, 0xff,
  0xa6, 0x8e, 0x07, 0xff, 0xa9, 0x90, 0x07, 0xff, 0xac, 0x93, 0x0a, 0xff,
  0xb1, 0x9a, 0x11, 0xff, 0xb7, 0xa2, 0x08, 0xff, 0xe9, 0xe3, 0xaa, 0xff,
  0xff, 0xff, 0xff, 0xff, 0xff, 0xff, 0xff, 0xff, 0xde, 0xd4, 0x7d, 0xff,
  0xb8, 0xa2, 0x04, 0xff, 0xb6, 0x9f, 0x10, 0xff, 0xb1, 0x99, 0x09, 0xff,
  0xb0, 0x98, 0x08, 0xff, 0xb0, 0x98, 0x09, 0xff, 0xb1, 0x99, 0x0a, 0xff,
  0xb2, 0x9a, 0x09, 0xff, 0xb3, 0x9b, 0x0a, 0xff, 0xb3, 0x9b, 0x0a, 0xff,
  0xb4, 0x9c, 0x09, 0xff, 0xb4, 0x9d, 0x09, 0xff, 0xb4, 0x9d, 0x0a, 0xff,
  0xb4, 0x9d, 0x0a, 0xff, 0xb5, 0x9e, 0x0a, 0xff, 0xb5, 0x9e, 0x0a, 0xff,
  0xb5, 0x9e, 0x09, 0xff, 0xb6, 0x9f, 0x09, 0xff, 0xb8, 0xa0, 0x0a, 0xff,
  0xbb, 0xa4, 0x0d, 0xff, 0xc4, 0xaf, 0x10, 0xff, 0xef, 0xe7, 0xb5, 0xff,
  0xfb, 0xf8, 0xf4, 0xff, 0xf4, 0xee, 0xd8, 0xff, 0xf6, 0xef, 0xd8, 0xff,
  0xfa, 0xf4, 0xde, 0xff, 0xf9, 0xf2, 0xdb, 0xff, 0xf9, 0xf5, 0xe7, 0xff,
  0xff, 0xff, 0xff, 0xff, 0xef, 0xe8, 0xb5, 0xff, 0xc8, 0xb2, 0x12, 0xff,
  0xc1, 0xab, 0x0f, 0xff, 0xbf, 0xa8, 0x0c, 0xff, 0xc3, 0xad, 0x0a, 0xff,
  0xd9, 0xc9, 0x45, 0xff, 0xfc, 0xfa, 0xf2, 0xff, 0xfa, 0xf5, 0xeb, 0xff,
  0xf8, 0xf2, 0xe1, 0xff, 0xf7, 0xf0, 0xde, 0xff, 0xfa, 0xf5, 0xea, 0xff,
  0xf8, 0xf2, 0xe2, 0xff, 0xf8, 0xf3, 0xe4, 0xff, 0xfa, 0xf7, 0xeb, 0xff,
  0xff, 0xff, 0xff, 0xff, 0xe9, 0xde, 0x87, 0xff, 0xcd, 0xb8, 0x0e, 0xff,
  0xc8, 0xb3, 0x10, 0xff, 0xc6, 0xb1, 0x0c, 0xff, 0xc9, 0xb5, 0x10, 0xff,
  0xd2, 0xbf, 0x1d, 0xff, 0xf6, 0xf2, 0xce, 0xff, 0xfd, 0xfb, 0xfa, 0xff,
  0xf9, 0xf4, 0xe3, 0xff, 0xfb, 0xf4, 0xd1, 0xff, 0xfc, 0xf6, 0xcc, 0xff,
  0xfb, 0xf4, 0xd8, 0xff, 0xfa, 0xf6, 0xe8, 0xff, 0xfe, 0xfe, 0xff, 0xff,
  0xf6, 0xf1, 0xcb, 0xff, 0xd7, 0xc6, 0x22, 0xff, 0xd1, 0xbe, 0x14, 0xff,
  0xcd, 0xb9, 0x0e, 0xff, 0xcd, 0xb9, 0x0d, 0xff, 0xcd, 0xba, 0x0e, 0xff,
  0xce, 0xbb, 0x0e, 0xff, 0xce, 0xbb, 0x0e, 0xff, 0xcf, 0xbc, 0x0f, 0xff,
  0xcf, 0xbc, 0x0f, 0xff, 0xcf, 0xbd, 0x0e, 0xff, 0xd0, 0xbe, 0x0e, 0xff,
  0xd0, 0xbe, 0x0e, 0xff, 0xd0, 0xbe, 0x0e, 0xff, 0xd1, 0xbf, 0x0f, 0xff,
  0xd1, 0xc0, 0x0e, 0xff, 0xd1, 0xc0, 0x0f, 0xff, 0xd1, 0xbf, 0x0f, 0xff,
  0xd2, 0xc0, 0x0e, 0xff, 0xd5, 0xc4, 0x14, 0xff, 0xd6, 0xc7, 0x0d, 0xff,
  0xe8, 0xe0, 0x6c, 0xff, 0xff, 0xff, 0xff, 0xff, 0xff, 0xff, 0xff, 0xff,
  0xf5, 0xf1, 0xbe, 0xff, 0xd7, 0xc8, 0x12, 0xff, 0xd3, 0xc2, 0x17, 0xff,
  0xcf, 0xbe, 0x0f, 0xff, 0xcc, 0xbc, 0x0d, 0xff, 0xcb, 0xba, 0x0d, 0xff,
  0xc9, 0xb8, 0x0c, 0xff, 0xc8, 0xb7, 0x0b, 0xff, 0xc7, 0xb6, 0x0c, 0xff,
  0xc5, 0xb4, 0x0a, 0xff, 0xd2, 0xc2, 0x0c, 0xff, 0xc8, 0xb8, 0x08, 0x59,
  0x85, 0x6f, 0x04, 0x6e, 0xaf, 0x94, 0x07, 0xff, 0xa0, 0x87, 0x07, 0xff,
  0xa1, 0x89, 0x07, 0xff, 0xa3, 0x8b, 0x07, 0xff, 0xa5, 0x8d, 0x08, 0xff,
  0xa6, 0x8e, 0x08, 0xff, 0xa7, 0x8f, 0x07, 0xff, 0xaa, 0x92, 0x09, 0xff,
  0xae, 0x97, 0x0e, 0xff, 0xb3, 0x9d, 0x09, 0xff, 0xd1, 0xc4, 0x58, 0xff,
  0xfd, 0xfc, 0xf6, 0xff, 0xf6, 0xf4, 0xdc, 0xff, 0xc8, 0xb6, 0x32, 0xff,
  0xb8, 0xa1, 0x0a, 0xff, 0xb4, 0x9d, 0x0c, 0xff, 0xb1, 0x99, 0x09, 0xff,
  0xb0, 0x98, 0x09, 0xff, 0xb0, 0x98, 0x09, 0xff, 0xb1, 0x99, 0x0a, 0xff,
  0xb2, 0x9a, 0x0a, 0xff, 0xb2, 0x9b, 0x0a, 0xff, 0xb3, 0x9b, 0x09, 0xff,
  0xb4, 0x9d, 0x09, 0xff, 0xb5, 0x9e, 0x0a, 0xff, 0xb6, 0x9f, 0x0c, 0xff,
  0xb6, 0x9f, 0x0b, 0xff, 0xb5, 0x9e, 0x0a, 0xff, 0xb5, 0x9d, 0x0a, 0xff,
  0xb4, 0x9d, 0x09, 0xff, 0xb5, 0x9e, 0x09, 0xff, 0xb6, 0x9e, 0x09, 0xff,
  0xba, 0xa3, 0x0c, 0xff, 0xc2, 0xac, 0x0b, 0xff, 0xeb, 0xe1, 0xa0, 0xff,
  0xfc, 0xf8, 0xf6, 0xff, 0xf5, 0xee, 0xd9, 0xff, 0xf9, 0xf0, 0xc9, 0xff,
  0xfd, 0xf7, 0xcc, 0xff, 0xfc, 0xf6, 0xcf, 0xff, 0xfa, 0xf4, 0xdd, 0xff,
  0xfe, 0xfd, 0xfe, 0xff, 0xf5, 0xf1, 0xd1, 0xff, 0xca, 0xb6, 0x1c, 0xff,
  0xc0, 0xaa, 0x0e, 0xff, 0xbe, 0xa8, 0x0c, 0xff, 0xc4, 0xae, 0x0b, 0xff,
  0xd9, 0xc9, 0x48, 0xff, 0xfd, 0xfb, 0xf5, 0xff, 0xfa, 0xf6, 0xec, 0xff,
  0xf7, 0xf1, 0xe0, 0xff, 0xf6, 0xef, 0xdc, 0xff, 0xf9, 0xf4, 0xe6, 0xff,
  0xf8, 0xf1, 0xe0, 0xff, 0xf8, 0xf2, 0xe2, 0xff, 0xfa, 0xf6, 0xea, 0xff,
  0xff, 0xff, 0xff, 0xff, 0xe9, 0xdf, 0x8c, 0xff, 0xcc, 0xb7, 0x10, 0xff,
  0xc8, 0xb2, 0x11, 0xff, 0xc5, 0xb0, 0x0d, 0xff, 0xc8, 0xb3, 0x0d, 0xff,
  0xd5, 0xc4, 0x2d, 0xff, 0xfa, 0xf7, 0xe5, 0xff, 0xfc, 0xf9, 0xf6, 0xff,
  0xfb, 0xf6, 0xdb, 0xff, 0xfd, 0xf9, 0xd9, 0xff, 0xfe, 0xfd, 0xf5, 0xff,
  0xfc, 0xf6, 0xcd, 0xff, 0xfa, 0xf5, 0xe1, 0xff, 0xff, 0xfe, 0xff, 0xff,
  0xf3, 0xed, 0xbf, 0xff, 0xd5, 0xc2, 0x1c, 0xff, 0xcf, 0xbc, 0x13, 0xff,
  0xcc, 0xb8, 0x0e, 0xff, 0xcb, 0xb8, 0x0e, 0xff, 0xcc, 0xb9, 0x0e, 0xff,
  0xcd, 0xb9, 0x0d, 0xff, 0xcd, 0xba, 0x0e, 0xff, 0xce, 0xbb, 0x0f, 0xff,
  0xcd, 0xbb, 0x0e, 0xff, 0xce, 0xbc, 0x0d, 0xff, 0xcf, 0xbd, 0x0e, 0xff,
  0xcf, 0xbd, 0x0f, 0xff, 0xcf, 0xbc, 0x0f, 0xff, 0xcf, 0xbd, 0x0f, 0xff,
  0xd0, 0xbe, 0x0f, 0xff, 0xd0, 0xbe, 0x0f, 0xff, 0xd0, 0xbe, 0x0e, 0xff,
  0xd1, 0xbf, 0x0e, 0xff, 0xd3, 0xc2, 0x11, 0xff, 0xd5, 0xc5, 0x12, 0xff,
  0xdc, 0xcf, 0x2e, 0xff, 0xf8, 0xf5, 0xd4, 0xff, 0xfe, 0xfe, 0xfd, 0xff,
  0xe7, 0xdd, 0x69, 0xff, 0xd5, 0xc4, 0x0e, 0xff, 0xd1, 0xc0, 0x14, 0xff,
  0xcd, 0xbc, 0x0e, 0xff, 0xcb, 0xba, 0x0d, 0xff, 0xca, 0xb9, 0x0d, 0xff,
  0xc8, 0xb7, 0x0c, 0xff, 0xc8, 0xb6, 0x0c, 0xff, 0xc7, 0xb6, 0x0c, 0xff,
  0xc4, 0xb3, 0x0b, 0xff, 0xd1, 0xc0, 0x0c, 0xff, 0xc6, 0xb6, 0x08, 0x6e,
  0x81, 0x6c, 0x04, 0x7b, 0xaf, 0x93, 0x08, 0xff, 0x9f, 0x86, 0x07, 0xff,
  0xa1, 0x88, 0x07, 0xff, 0xa2, 0x8a, 0x08, 0xff, 0xa4, 0x8c, 0x08, 0xff,
  0xa6, 0x8e, 0x08, 0xff, 0xa6, 0x8e, 0x07, 0xff, 0xa8, 0x91, 0x08, 0xff,
  0xab, 0x95, 0x0a, 0xff, 0xb1, 0x9b, 0x0e, 0xff, 0xb6, 0xa0, 0x0c, 0xff,
  0xc3, 0xb1, 0x29, 0xff, 0xc1, 0xad, 0x1e, 0xff, 0xb8, 0xa1, 0x0a, 0xff,
  0xb5, 0x9e, 0x0d, 0xff, 0xb2, 0x9a, 0x0a, 0xff, 0xaf, 0x98, 0x09, 0xff,
  0xaf, 0x98, 0x09, 0xff, 0xb0, 0x99, 0x09, 0xff, 0xb1, 0x99, 0x0a, 0xff,
  0xb1, 0x99, 0x0a, 0xff, 0xb2, 0x9b, 0x09, 0xff, 0xb5, 0x9d, 0x09, 0xff,
  0xb8, 0xa1, 0x0c, 0xff, 0xb9, 0xa2, 0x09, 0xff, 0xba, 0xa3, 0x04, 0xff,
  0xba, 0xa4, 0x08, 0xff, 0xb9, 0xa2, 0x0d, 0xff, 0xb6, 0x9f, 0x0a, 0xff,
  0xb5, 0x9e, 0x0a, 0xff, 0xb5, 0x9e, 0x09, 0xff, 0xb5, 0x9e, 0x09, 0xff,
  0xb8, 0xa2, 0x0c, 0xff, 0xc0, 0xaa, 0x08, 0xff, 0xe5, 0xda, 0x89, 0xff,
  0xfc, 0xf9, 0xf7, 0xff, 0xf7, 0xf0, 0xda, 0xff, 0xfb, 0xf3, 0xc2, 0xff,
  0xff, 0xff, 0xfe, 0xff, 0xfe, 0xfd, 0xef, 0xff, 0xfc, 0xf7, 0xd6, 0xff,
  0xfd, 0xfc, 0xfd, 0xff, 0xfa, 0xf8, 0xe9, 0xff, 0xcf, 0xbc, 0x2d, 0xff,
  0xc0, 0xaa, 0x0b, 0xff, 0xbf, 0xa9, 0x0e, 0xff, 0xc4, 0xad, 0x0b, 0xff,
  0xda, 0xcb, 0x4f, 0xff, 0xfe, 0xfc, 0xf9, 0xff, 0xfa, 0xf5, 0xeb, 0xff,
  0xf7, 0xf1, 0xe0, 0xff, 0xf6, 0xee, 0xdc, 0xff, 0xf9, 0xf4, 0xe7, 0xff,
  0xf8, 0xf1, 0xe0, 0xff, 0xf7, 0xf2, 0xe3, 0xff, 0xf9, 0xf6, 0xeb, 0xff,
  0xff, 0xff, 0xff, 0xff, 0xea, 0xe0, 0x93, 0xff, 0xcc, 0xb7, 0x10, 0xff,
  0xc7, 0xb1, 0x12, 0xff, 0xc5, 0xb0, 0x0e, 0xff, 0xc8, 0xb3, 0x0a, 0xff,
  0xdb, 0xcc, 0x47, 0xff, 0xfe, 0xfd, 0xf9, 0xff, 0xfb, 0xf9, 0xf3, 0xff,
  0xfb, 0xf5, 0xd9, 0xff, 0xfe, 0xfa, 0xdc, 0xff, 0xff, 0xfe, 0xfa, 0xff,
  0xfd, 0xf7, 0xcc, 0xff, 0xfb, 0xf7, 0xe7, 0xff, 0xff, 0xff, 0xff, 0xff,
  0xf1, 0xe9, 0xac, 0xff, 0xd3, 0xbf, 0x17, 0xff, 0xcd, 0xb9, 0x12, 0xff,
  0xca, 0xb6, 0x0d, 0xff, 0xca, 0xb6, 0x0e, 0xff, 0xcb, 0xb7, 0x0e, 0xff,
  0xcc, 0xb9, 0x0e, 0xff, 0xcd, 0xb9, 0x0e, 0xff, 0xcd, 0xba, 0x0e, 0xff,
  0xcd, 0xba, 0x0e, 0xff, 0xcd, 0xba, 0x0e, 0xff, 0xce, 0xbb, 0x0f, 0xff,
  0xcf, 0xbc, 0x0f, 0xff, 0xcf, 0xbc, 0x0f, 0xff, 0xcf, 0xbc, 0x0e, 0xff,
  0xce, 0xbc, 0x0e, 0xff, 0xce, 0xbc, 0x0f, 0xff, 0xce, 0xbc, 0x0f, 0xff,
  0xcf, 0xbd, 0x0f, 0xff, 0xd1, 0xc0, 0x10, 0xff, 0xd3, 0xc3, 0x13, 0xff,
  0xd4, 0xc5, 0x12, 0xff, 0xd9, 0xcb, 0x24, 0xff, 0xdc, 0xce, 0x31, 0xff,
  0xd5, 0xc4, 0x12, 0xff, 0xd2, 0xc1, 0x14, 0xff, 0xce, 0xbd, 0x0f, 0xff,
  0xcc, 0xba, 0x0d, 0xff, 0xcb, 0xba, 0x0d, 0xff, 0xca, 0xb9, 0x0d, 0xff,
  0xc9, 0xb7, 0x0d, 0xff, 0xc7, 0xb5, 0x0c, 0xff, 0xc6, 0xb4, 0x0c, 0xff,
  0xc4, 0xb3, 0x0b, 0xff, 0xd0, 0xc0, 0x0c, 0xff, 0xc5, 0xb5, 0x07, 0x7b,
  0x81, 0x6b, 0x05, 0xff, 0xaf, 0x93, 0x08, 0xff, 0x9e, 0x85, 0x06, 0xff,
  0xa0, 0x87, 0x07, 0xff, 0xa2, 0x89, 0x07, 0xff, 0xa3, 0x8a, 0x07, 0xff,
  0xa4, 0x8c, 0x08, 0xff, 0xa5, 0x8d, 0x07, 0xff, 0xa7, 0x8f, 0x08, 0xff,
  0xaa, 0x92, 0x09, 0xff, 0xad, 0x96, 0x0b, 0xff, 0xb1, 0x9a, 0x0e, 0xff,
  0xb2, 0x9b, 0x09, 0xff, 0xb3, 0x9c, 0x0b, 0xff, 0xb4, 0x9c, 0x0d, 0xff,
  0xb1, 0x99, 0x0a, 0xff, 0xaf, 0x97, 0x09, 0xff, 0xae, 0x96, 0x09, 0xff,
  0xae, 0x96, 0x09, 0xff, 0xaf, 0x97, 0x09, 0xff, 0xb0, 0x98, 0x09, 0xff,
  0xb1, 0x99, 0x09, 0xff, 0xb3, 0x9c, 0x0a, 0xff, 0xb8, 0xa2, 0x0e, 0xff,
  0xbd, 0xa8, 0x0d, 0xff, 0xce, 0xbd, 0x39, 0xff, 0xd7, 0xc9, 0x5a, 0xff,
  0xcd, 0xbc, 0x37, 0xff, 0xbf, 0xa9, 0x0c, 0xff, 0xba, 0xa4, 0x0d, 0xff,
  0xb7, 0xa0, 0x0a, 0xff, 0xb5, 0x9f, 0x0a, 0xff, 0xb5, 0x9f, 0x09, 0xff,
  0xb8, 0xa2, 0x0d, 0xff, 0xbf, 0xa9, 0x07, 0xff, 0xdf, 0xd2, 0x72, 0xff,
  0xfd, 0xfb, 0xfb, 0xff, 0xf8, 0xf4, 0xe4, 0xff, 0xfb, 0xf3, 0xcc, 0xff,
  0xfe, 0xf9, 0xd7, 0xff, 0xfd, 0xf8, 0xd4, 0xff, 0xfb, 0xf5, 0xd8, 0xff,
  0xfc, 0xf9, 0xf4, 0xff, 0xfe, 0xfd, 0xfb, 0xff, 0xd5, 0xc4, 0x46, 0xff,
  0xc1, 0xaa, 0x08, 0xff, 0xbf, 0xa9, 0x0e, 0xff, 0xc3, 0xad, 0x0b, 0xff,
  0xdb, 0xcc, 0x55, 0xff, 0xfe, 0xfd, 0xfb, 0xff, 0xf9, 0xf4, 0xe9, 0xff,
  0xf6, 0xf0, 0xdf, 0xff, 0xf6, 0xee, 0xdb, 0xff, 0xf9, 0xf4, 0xe6, 0xff,
  0xf7, 0xf0, 0xe0, 0xff, 0xf7, 0xf2, 0xe3, 0xff, 0xf9, 0xf6, 0xea, 0xff,
  0xff, 0xff, 0xff, 0xff, 0xeb, 0xe2, 0x9d, 0xff, 0xca, 0xb5, 0x10, 0xff,
  0xc5, 0xaf, 0x10, 0xff, 0xc5, 0xaf, 0x0e, 0xff, 0xc8, 0xb3, 0x08, 0xff,
  0xe1, 0xd5, 0x64, 0xff, 0xff, 0xff, 0xff, 0xff, 0xfa, 0xf6, 0xea, 0xff,
  0xf9, 0xf3, 0xe0, 0xff, 0xfb, 0xf5, 0xd2, 0xff, 0xfd, 0xf6, 0xcc, 0xff,
  0xfb, 0xf5, 0xd7, 0xff, 0xfa, 0xf6, 0xe9, 0xff, 0xff, 0xff, 0xff, 0xff,
  0xec, 0xe3, 0x99, 0xff, 0xd1, 0xbd, 0x12, 0xff, 0xcc, 0xb8, 0x12, 0xff,
  0xc9, 0xb5, 0x0d, 0xff, 0xc9, 0xb5, 0x0e, 0xff, 0xca, 0xb6, 0x0d, 0xff,
  0xcb, 0xb7, 0x0d, 0xff, 0xcb, 0xb8, 0x0e, 0xff, 0xcb, 0xb8, 0x0e, 0xff,
  0xcc, 0xb9, 0x0e, 0xff, 0xcd, 0xb9, 0x0f, 0xff, 0xcd, 0xba, 0x0f, 0xff,
  0xce, 0xbb, 0x0e, 0xff, 0xce, 0xbb, 0x0e, 0xff, 0xce, 0xbb, 0x0d, 0xff,
  0xce, 0xbb, 0x0e, 0xff, 0xce, 0xbb, 0x0f, 0xff, 0xce, 0xbb, 0x0f, 0xff,
  0xcf, 0xbd, 0x0f, 0xff, 0xd0, 0xbe, 0x0f, 0xff, 0xd1, 0xc0, 0x10, 0xff,
  0xd2, 0xc2, 0x13, 0xff, 0xd2, 0xc1, 0x12, 0xff, 0xd1, 0xc0, 0x0f, 0xff,
  0xd0, 0xbf, 0x13, 0xff, 0xce, 0xbd, 0x0e, 0xff, 0xcc, 0xba, 0x0d, 0xff,
  0xca, 0xb8, 0x0d, 0xff, 0xc9, 0xb8, 0x0c, 0xff, 0xc9, 0xb7, 0x0d, 0xff,
  0xc8, 0xb6, 0x0c, 0xff, 0xc6, 0xb4, 0x0c, 0xff, 0xc5, 0xb3, 0x0b, 0xff,
  0xc3, 0xb2, 0x0b, 0xff, 0xd0, 0xbf, 0x0c, 0xff, 0xc4, 0xb4, 0x07, 0xff,
  0x81, 0x6c, 0x05, 0xff, 0xaf, 0x93, 0x08, 0xff, 0x9d, 0x84, 0x06, 0xff,
  0xa0, 0x87, 0x06, 0xff, 0xa1, 0x88, 0x07, 0xff, 0xa2, 0x8a, 0x07, 0xff,
  0xa3, 0x8b, 0x08, 0xff, 0xa5, 0x8d, 0x08, 0xff, 0xa7, 0x8f, 0x08, 0xff,
  0xa8, 0x91, 0x09, 0xff, 0xab, 0x93, 0x0a, 0xff, 0xad, 0x95, 0x0a, 0xff,
  0xae, 0x96, 0x0b, 0xff, 0xae, 0x97, 0x0a, 0xff, 0xaf, 0x97, 0x09, 0xff,
  0xae, 0x96, 0x09, 0xff, 0xad, 0x95, 0x08, 0xff, 0xad, 0x95, 0x09, 0xff,
  0xae, 0x96, 0x09, 0xff, 0xae, 0x96, 0x09, 0xff, 0xaf, 0x97, 0x08, 0xff,
  0xb2, 0x9a, 0x0a, 0xff, 0xb6, 0xa0, 0x0e, 0xff, 0xbe, 0xa9, 0x0f, 0xff,
  0xe2, 0xd8, 0x88, 0xff, 0xfe, 0xfe, 0xfc, 0xff, 0xff, 0xff, 0xff, 0xff,
  0xfd, 0xfd, 0xfa, 0xff, 0xe1, 0xd6, 0x83, 0xff, 0xc0, 0xab, 0x0f, 0xff,
  0xba, 0xa4, 0x0d, 0xff, 0xb5, 0x9f, 0x09, 0xff, 0xb4, 0x9e, 0x09, 0xff,
  0xb7, 0xa1, 0x0c, 0xff, 0xbd, 0xa6, 0x06, 0xff, 0xda, 0xcb, 0x5d, 0xff,
  0xfd, 0xfb, 0xf9, 0xff, 0xf6, 0xf0, 0xde, 0xff, 0xf7, 0xf0, 0xd8, 0xff,
  0xfa, 0xf3, 0xcf, 0xff, 0xfb, 0xf5, 0xd9, 0xff, 0xf9, 0xf3, 0xe2, 0xff,
  0xfa, 0xf7, 0xee, 0xff, 0xff, 0xff, 0xff, 0xff, 0xdc, 0xcf, 0x65, 0xff,
  0xc1, 0xaa, 0x06, 0xff, 0xbf, 0xa8, 0x0f, 0xff, 0xc2, 0xac, 0x09, 0xff,
  0xdc, 0xce, 0x5c, 0xff, 0xfe, 0xfc, 0xfc, 0xff, 0xf8, 0xf3, 0xe6, 0xff,
  0xf6, 0xf0, 0xdf, 0xff, 0xf6, 0xee, 0xdb, 0xff, 0xf9, 0xf3, 0xe6, 0xff,
  0xf7, 0xf0, 0xdf, 0xff, 0xf8, 0xf2, 0xe2, 0xff, 0xf9, 0xf5, 0xe9, 0xff,
  0xff, 0xff, 0xff, 0xff, 0xed, 0xe5, 0xa7, 0xff, 0xca, 0xb4, 0x0f, 0xff,
  0xc4, 0xae, 0x0f, 0xff, 0xc4, 0xae, 0x0f, 0xff, 0xc8, 0xb3, 0x06, 0xff,
  0xe7, 0xde, 0x86, 0xff, 0xff, 0xff, 0xff, 0xff, 0xf9, 0xf5, 0xe7, 0xff,
  0xf7, 0xf1, 0xe1, 0xff, 0xf9, 0xf4, 0xe6, 0xff, 0xfa, 0xf4, 0xe4, 0xff,
  0xf9, 0xf3, 0xe4, 0xff, 0xfa, 0xf7, 0xeb, 0xff, 0xff, 0xff, 0xff, 0xff,
  0xe8, 0xdd, 0x85, 0xff, 0xcf, 0xba, 0x10, 0xff, 0xcb, 0xb7, 0x12, 0xff,
  0xc8, 0xb3, 0x0d, 0xff, 0xc7, 0xb3, 0x0e, 0xff, 0xc8, 0xb4, 0x0d, 0xff,
  0xc9, 0xb6, 0x0d, 0xff, 0xca, 0xb6, 0x0d, 0xff, 0xca, 0xb7, 0x0e, 0xff,
  0xcb, 0xb7, 0x0e, 0xff, 0xcb, 0xb8, 0x0e, 0xff, 0xcc, 0xb9, 0x0d, 0xff,
  0xcc, 0xb9, 0x0d, 0xff, 0xcc, 0xb9, 0x0d, 0xff, 0xcc, 0xb9, 0x0d, 0xff,
  0xcd, 0xba, 0x0d, 0xff, 0xcd, 0xba, 0x0e, 0xff, 0xcd, 0xba, 0x0e, 0xff,
  0xce, 0xbb, 0x0e, 0xff, 0xce, 0xbc, 0x0e, 0xff, 0xce, 0xbc, 0x0e, 0xff,
  0xce, 0xbd, 0x0e, 0xff, 0xce, 0xbc, 0x0f, 0xff, 0xce, 0xbc, 0x10, 0xff,
  0xcd, 0xbb, 0x0e, 0xff, 0xcc, 0xba, 0x0d, 0xff, 0xcb, 0xb9, 0x0c, 0xff,
  0xc9, 0xb7, 0x0c, 0xff, 0xc8, 0xb6, 0x0c, 0xff, 0xc8, 0xb6, 0x0c, 0xff,
  0xc7, 0xb4, 0x0b, 0xff, 0xc5, 0xb3, 0x0b, 0xff, 0xc3, 0xb2, 0x0b, 0xff,
  0xc2, 0xb1, 0x0b, 0xff, 0xcf, 0xbe, 0x0c, 0xff, 0xc2, 0xb2, 0x08, 0xff,
  0x81, 0x6b, 0x05, 0xff, 0xaf, 0x92, 0x07, 0xff, 0x9c, 0x84, 0x05, 0xff,
  0x9f, 0x87, 0x07, 0xff, 0xa1, 0x88, 0x07, 0xff, 0xa3, 0x8a, 0x08, 0xff,
  0xa3, 0x8b, 0x08, 0xff, 0xa4, 0x8c, 0x07, 0xff, 0xa6, 0x8e, 0x08, 0xff,
  0xa8, 0x90, 0x08, 0xff, 0xa9, 0x92, 0x09, 0xff, 0xaa, 0x93, 0x08, 0xff,
  0xab, 0x93, 0x08, 0xff, 0xab, 0x93, 0x08, 0xff, 0xab, 0x94, 0x08, 0xff,
  0xac, 0x94, 0x08, 0xff, 0xac, 0x94, 0x08, 0xff, 0xad, 0x94, 0x08, 0xff,
  0xae, 0x96, 0x09, 0xff, 0xae, 0x96, 0x09, 0xff, 0xae, 0x96, 0x09, 0xff,
  0xb2, 0x9b, 0x0c, 0xff, 0xb6, 0xa0, 0x07, 0xff, 0xd5, 0xc7, 0x58, 0xff,
  0xff, 0xff, 0xff, 0xff, 0xfd, 0xfb, 0xf5, 0xff, 0xfd, 0xf9, 0xe5, 0xff,
  0xfe, 0xfb, 0xf4, 0xff, 0xff, 0xff, 0xff, 0xff, 0xd8, 0xcb, 0x62, 0xff,
  0xbc, 0xa5, 0x08, 0xff, 0xb7, 0xa1, 0x0d, 0xff, 0xb4, 0x9e, 0x09, 0xff,
  0xb6, 0x9f, 0x0a, 0xff, 0xbc, 0xa5, 0x07, 0xff, 0xd5, 0xc4, 0x47, 0xff,
  0xfb, 0xf7, 0xef, 0xff, 0xf6, 0xf1, 0xe1, 0xff, 0xf4, 0xed, 0xd8, 0xff,
  0xf6, 0xf0, 0xde, 0xff, 0xf9, 0xf4, 0xe6, 0xff, 0xf7, 0xf1, 0xe0, 0xff,
  0xfa, 0xf6, 0xea, 0xff, 0xff, 0xff, 0xff, 0xff, 0xe4, 0xdb, 0x8a, 0xff,
  0xc2, 0xac, 0x06, 0xff, 0xc0, 0xa9, 0x10, 0xff, 0xc2, 0xac, 0x08, 0xff,
  0xde, 0xd1, 0x65, 0xff, 0xfe, 0xfd, 0xfe, 0xff, 0xf8, 0xf3, 0xe4, 0xff,
  0xf7, 0xf0, 0xde, 0xff, 0xf7, 0xf0, 0xdc, 0xff, 0xfa, 0xf5, 0xe9, 0xff,
  0xf8, 0xf2, 0xe0, 0xff, 0xf8, 0xf2, 0xe2, 0xff, 0xf9, 0xf5, 0xe7, 0xff,
  0xff, 0xff, 0xff, 0xff, 0xf0, 0xe9, 0xb2, 0xff, 0xcb, 0xb5, 0x11, 0xff,
  0xc4, 0xae, 0x0e, 0xff, 0xc4, 0xae, 0x0e, 0xff, 0xca, 0xb5, 0x0a, 0xff,
  0xee, 0xe8, 0xaa, 0xff, 0xff, 0xfe, 0xff, 0xff, 0xf8, 0xf3, 0xe5, 0xff,
  0xf6, 0xf0, 0xdf, 0xff, 0xf9, 0xf4, 0xe6, 0xff, 0xf8, 0xf3, 0xe3, 0xff,
  0xf8, 0xf2, 0xe3, 0xff, 0xfa, 0xf8, 0xee, 0xff, 0xff, 0xff, 0xff, 0xff,
  0xe4, 0xd9, 0x73, 0xff, 0xcd, 0xb9, 0x0e, 0xff, 0xc9, 0xb4, 0x10, 0xff,
  0xc6, 0xb2, 0x0c, 0xff, 0xc6, 0xb1, 0x0d, 0xff, 0xc7, 0xb2, 0x0d, 0xff,
  0xc8, 0xb4, 0x0d, 0xff, 0xc9, 0xb5, 0x0c, 0xff, 0xc9, 0xb5, 0x0c, 0xff,
  0xca, 0xb6, 0x0d, 0xff, 0xca, 0xb7, 0x0d, 0xff, 0xcb, 0xb7, 0x0e, 0xff,
  0xcb, 0xb8, 0x0e, 0xff, 0xcb, 0xb9, 0x0e, 0xff, 0xcb, 0xb8, 0x0d, 0xff,
  0xcb, 0xb8, 0x0d, 0xff, 0xcb, 0xb9, 0x0d, 0xff, 0xcb, 0xb9, 0x0d, 0xff,
  0xcc, 0xb9, 0x0d, 0xff, 0xcd, 0xbb, 0x0d, 0xff, 0xcc, 0xba, 0x0d, 0xff,
  0xcc, 0xba, 0x0d, 0xff, 0xcc, 0xba, 0x0d, 0xff, 0xcc, 0xba, 0x0d, 0xff,
  0xcc, 0xb9, 0x0d, 0xff, 0xcb, 0xb8, 0x0d, 0xff, 0xca, 0xb8, 0x0c, 0xff,
  0xc9, 0xb6, 0x0c, 0xff, 0xc8, 0xb5, 0x0b, 0xff, 0xc7, 0xb5, 0x0b, 0xff,
  0xc6, 0xb3, 0x0b, 0xff, 0xc4, 0xb2, 0x0b, 0xff, 0xc3, 0xb1, 0x0b, 0xff,
  0xc1, 0xb0, 0x0a, 0xff, 0xcd, 0xbc, 0x0c, 0xff, 0xc2, 0xb2, 0x09, 0xff,
  0x7f, 0x69, 0x04, 0xff, 0xad, 0x91, 0x07, 0xff, 0x9d, 0x84, 0x06, 0xff,
  0x9e, 0x86, 0x07, 0xff, 0x9f, 0x87, 0x06, 0xff, 0xa2, 0x89, 0x07, 0xff,
  0xa3, 0x8b, 0x08, 0xff, 0xa3, 0x8b, 0x08, 0xff, 0xa5, 0x8d, 0x08, 0xff,
  0xa7, 0x8f, 0x08, 0xff, 0xa8, 0x91, 0x09, 0xff, 0xaa, 0x92, 0x08, 0xff,
  0xaa, 0x93, 0x08, 0xff, 0xab, 0x93, 0x08, 0xff, 0xac, 0x93, 0x07, 0xff,
  0xab, 0x93, 0x08, 0xff, 0xac, 0x94, 0x09, 0xff, 0xac, 0x95, 0x09, 0xff,
  0xad, 0x95, 0x09, 0xff, 0xad, 0x96, 0x09, 0xff, 0xae, 0x96, 0x09, 0xff,
  0xb3, 0x9b, 0x0d, 0xff, 0xba, 0xa4, 0x09, 0xff, 0xe9, 0xe1, 0xa4, 0xff,
  0xff, 0xfe, 0xff, 0xff, 0xfb, 0xf6, 0xdb, 0xff, 0xfd, 0xfd, 0xf9, 0xff,
  0xfc, 0xf9, 0xe7, 0xff, 0xff, 0xfe, 0xfd, 0xff, 0xf4, 0xf0, 0xd2, 0xff,
  0xc4, 0xaf, 0x19, 0xff, 0xb9, 0xa3, 0x0d, 0xff, 0xb5, 0x9e, 0x09, 0xff,
  0xb6, 0x9f, 0x0a, 0xff, 0xbb, 0xa4, 0x08, 0xff, 0xd0, 0xbe, 0x36, 0xff,
  0xfa, 0xf6, 0xe7, 0xff, 0xf7, 0xf2, 0xe5, 0xff, 0xf4, 0xed, 0xd7, 0xff,
  0xf4, 0xed, 0xd8, 0xff, 0xf8, 0xf3, 0xe5, 0xff, 0xf7, 0xf0, 0xdf, 0xff,
  0xf9, 0xf4, 0xe7, 0xff, 0xff, 0xff, 0xff, 0xff, 0xee, 0xe7, 0xb0, 0xff,
  0xc5, 0xaf, 0x0b, 0xff, 0xc1, 0xaa, 0x10, 0xff, 0xc2, 0xac, 0x06, 0xff,
  0xe1, 0xd5, 0x74, 0xff, 0xff, 0xfd, 0xff, 0xff, 0xf7, 0xf2, 0xe2, 0xff,
  0xf7, 0xf1, 0xdf, 0xff, 0xf9, 0xf2, 0xd0, 0xff, 0xfc, 0xf6, 0xce, 0xff,
  0xfb, 0xf4, 0xd1, 0xff, 0xf9, 0xf3, 0xdf, 0xff, 0xf9, 0xf4, 0xe5, 0xff,
  0xff, 0xfe, 0xff, 0xff, 0xf3, 0xed, 0xc1, 0xff, 0xcc, 0xb6, 0x14, 0xff,
  0xc3, 0xad, 0x0d, 0xff, 0xc4, 0xae, 0x0c, 0xff, 0xcd, 0xba, 0x16, 0xff,
  0xf6, 0xf2, 0xcf, 0xff, 0xfd, 0xfb, 0xfd, 0xff, 0xf8, 0xf3, 0xe4, 0xff,
  0xf6, 0xef, 0xde, 0xff, 0xf9, 0xf4, 0xe7, 0xff, 0xf7, 0xf1, 0xe1, 0xff,
  0xf7, 0xf2, 0xe4, 0xff, 0xfb, 0xf8, 0xf0, 0xff, 0xff, 0xff, 0xff, 0xff,
  0xe1, 0xd3, 0x62, 0xff, 0xcc, 0xb7, 0x0e, 0xff, 0xc8, 0xb3, 0x0f, 0xff,
  0xc5, 0xb1, 0x0d, 0xff, 0xc6, 0xb1, 0x0d, 0xff, 0xc6, 0xb2, 0x0d, 0xff,
  0xc7, 0xb3, 0x0c, 0xff, 0xc8, 0xb4, 0x0d, 0xff, 0xc8, 0xb4, 0x0d, 0xff,
  0xc8, 0xb4, 0x0d, 0xff, 0xc9, 0xb5, 0x0d, 0xff, 0xca, 0xb6, 0x0d, 0xff,
  0xca, 0xb7, 0x0d, 0xff, 0xca, 0xb7, 0x0d, 0xff, 0xca, 0xb7, 0x0d, 0xff,
  0xca, 0xb7, 0x0c, 0xff, 0xca, 0xb7, 0x0c, 0xff, 0xcb, 0xb8, 0x0d, 0xff,
  0xcb, 0xb8, 0x0d, 0xff, 0xcb, 0xb8, 0x0d, 0xff, 0xcb, 0xb8, 0x0d, 0xff,
  0xcb, 0xb9, 0x0d, 0xff, 0xcc, 0xb9, 0x0d, 0xff, 0xcc, 0xb9, 0x0d, 0xff,
  0xcb, 0xb9, 0x0c, 0xff, 0xca, 0xb7, 0x0c, 0xff, 0xca, 0xb7, 0x0c, 0xff,
  0xc8, 0xb6, 0x0d, 0xff, 0xc7, 0xb4, 0x0d, 0xff, 0xc6, 0xb4, 0x0c, 0xff,
  0xc5, 0xb3, 0x0c, 0xff, 0xc3, 0xb1, 0x0b, 0xff, 0xc2, 0xb0, 0x0a, 0xff,
  0xc0, 0xae, 0x09, 0xff, 0xcd, 0xbc, 0x0b, 0xff, 0xc3, 0xb3, 0x08, 0xff,
  0x80, 0x6a, 0x04, 0xff, 0xad, 0x90, 0x08, 0xff, 0x9b, 0x83, 0x06, 0xff,
  0x9d, 0x85, 0x07, 0xff, 0x9d, 0x85, 0x06, 0xff, 0x9f, 0x87, 0x07, 0xff,
  0xa1, 0x89, 0x07, 0xff, 0xa3, 0x8b, 0x07, 0xff, 0xa5, 0x8c, 0x07, 0xff,
  0xa6, 0x8e, 0x08, 0xff, 0xa7, 0x90, 0x08, 0xff, 0xa9, 0x91, 0x08, 0xff,
  0xa9, 0x92, 0x08, 0xff, 0xab, 0x93, 0x08, 0xff, 0xab, 0x93, 0x08, 0xff,
  0xaa, 0x92, 0x08, 0xff, 0xab, 0x93, 0x09, 0xff, 0xac, 0x94, 0x09, 0xff,
  0xad, 0x95, 0x09, 0xff, 0xad, 0x95, 0x09, 0xff, 0xae, 0x96, 0x09, 0xff,
  0xb3, 0x9c, 0x0c, 0xff, 0xbe, 0xa8, 0x0e, 0xff, 0xec, 0xe4, 0xb1, 0xff,
  0xfc, 0xf9, 0xf4, 0xff, 0xfb, 0xf6, 0xd6, 0xff, 0xff, 0xfe, 0xf8, 0xff,
  0xfd, 0xf9, 0xe3, 0xff, 0xfc, 0xf8, 0xe9, 0xff, 0xff, 0xff, 0xff, 0xff,
  0xd3, 0xc3, 0x4e, 0xff, 0xba, 0xa4, 0x08, 0xff, 0xb6, 0x9f, 0x0b, 0xff,
  0xb5, 0x9d, 0x0a, 0xff, 0xba, 0xa3, 0x0a, 0xff, 0xcb, 0xb8, 0x29, 0xff,
  0xf8, 0xf3, 0xdd, 0xff, 0xf8, 0xf3, 0xe8, 0xff, 0xf3, 0xec, 0xd7, 0xff,
  0xf3, 0xec, 0xd7, 0xff, 0xf9, 0xf3, 0xe5, 0xff, 0xf7, 0xf0, 0xdf, 0xff,
  0xf8, 0xf3, 0xe6, 0xff, 0xfe, 0xfd, 0xff, 0xff, 0xf6, 0xf2, 0xd5, 0xff,
  0xca, 0xb4, 0x19, 0xff, 0xc2, 0xaa, 0x0e, 0xff, 0xc3, 0xad, 0x05, 0xff,
  0xe5, 0xd9, 0x81, 0xff, 0xfe, 0xfc, 0xfd, 0xff, 0xf7, 0xf2, 0xe1, 0xff,
  0xf9, 0xf2, 0xd9, 0xff, 0xfc, 0xf6, 0xc9, 0xff, 0xfd, 0xfc, 0xf0, 0xff,
  0xfd, 0xf8, 0xd4, 0xff, 0xfb, 0xf4, 0xd3, 0xff, 0xf9, 0xf4, 0xe5, 0xff,
  0xfe, 0xfd, 0xfe, 0xff, 0xf5, 0xf1, 0xce, 0xff, 0xcc, 0xb7, 0x18, 0xff,
  0xc3, 0xad, 0x0d, 0xff, 0xc3, 0xad, 0x08, 0xff, 0xd3, 0xc2, 0x30, 0xff,
  0xfc, 0xfb, 0xef, 0xff, 0xfb, 0xf9, 0xf3, 0xff, 0xf7, 0xf2, 0xe2, 0xff,
  0xf6, 0xef, 0xdd, 0xff, 0xf9, 0xf4, 0xe7, 0xff, 0xf7, 0xf1, 0xe0, 0xff,
  0xf7, 0xf2, 0xe3, 0xff, 0xfb, 0xf9, 0xf2, 0xff, 0xfe, 0xfe, 0xfc, 0xff,
  0xdc, 0xcc, 0x4f, 0xff, 0xcb, 0xb5, 0x0e, 0xff, 0xc7, 0xb1, 0x0f, 0xff,
  0xc5, 0xb0, 0x0d, 0xff, 0xc4, 0xb0, 0x0d, 0xff, 0xc4, 0xb0, 0x0d, 0xff,
  0xc5, 0xb1, 0x0c, 0xff, 0xc7, 0xb3, 0x0d, 0xff, 0xc7, 0xb3, 0x0d, 0xff,
  0xc7, 0xb2, 0x0d, 0xff, 0xc8, 0xb4, 0x0d, 0xff, 0xc9, 0xb5, 0x0d, 0xff,
  0xca, 0xb6, 0x0d, 0xff, 0xc9, 0xb6, 0x0d, 0xff, 0xc9, 0xb6, 0x0d, 0xff,
  0xc9, 0xb6, 0x0c, 0xff, 0xca, 0xb7, 0x0d, 0xff, 0xca, 0xb7, 0x0d, 0xff,
  0xca, 0xb7, 0x0d, 0xff, 0xca, 0xb7, 0x0c, 0xff, 0xca, 0xb7, 0x0c, 0xff,
  0xca, 0xb7, 0x0d, 0xff, 0xca, 0xb8, 0x0c, 0xff, 0xca, 0xb8, 0x0c, 0xff,
  0xca, 0xb8, 0x0c, 0xff, 0xc9, 0xb7, 0x0c, 0xff, 0xc8, 0xb6, 0x0c, 0xff,
  0xc7, 0xb4, 0x0c, 0xff, 0xc6, 0xb3, 0x0d, 0xff, 0xc5, 0xb2, 0x0c, 0xff,
  0xc3, 0xb1, 0x0c, 0xff, 0xc2, 0xb0, 0x0b, 0xff, 0xc1, 0xaf, 0x0a, 0xff,
  0xbf, 0xac, 0x09, 0xff, 0xcc, 0xbb, 0x0a, 0xff, 0xc3, 0xb3, 0x07, 0xff,
  0x82, 0x6c, 0x05, 0xff, 0xac, 0x90, 0x08, 0xff, 0x9b, 0x82, 0x07, 0xff,
  0x9c, 0x84, 0x07, 0xff, 0x9d, 0x85, 0x06, 0xff, 0x9e, 0x86, 0x07, 0xff,
  0xa0, 0x88, 0x08, 0xff, 0xa2, 0x8a, 0x07, 0xff, 0xa4, 0x8c, 0x07, 0xff,
  0xa5, 0x8d, 0x07, 0xff, 0xa6, 0x8e, 0x08, 0xff, 0xa8, 0x90, 0x08, 0xff,
  0xa9, 0x91, 0x09, 0xff, 0xa9, 0x92, 0x08, 0xff, 0xaa, 0x92, 0x08, 0xff,
  0xa9, 0x91, 0x08, 0xff, 0xaa, 0x92, 0x08, 0xff, 0xac, 0x94, 0x09, 0xff,
  0xad, 0x95, 0x09, 0xff, 0xad, 0x95, 0x09, 0xff, 0xae, 0x96, 0x09, 0xff,
  0xb3, 0x9c, 0x0c, 0xff, 0xbd, 0xa6, 0x0b, 0xff, 0xe8, 0xde, 0xa1, 0xff,
  0xfa, 0xf7, 0xf3, 0xff, 0xf7, 0xf0, 0xd4, 0xff, 0xfb, 0xf5, 0xd1, 0xff,
  0xfa, 0xf4, 0xd9, 0xff, 0xf9, 0xf4, 0xe6, 0xff, 0xff, 0xff, 0xff, 0xff,
  0xe4, 0xda, 0x90, 0xff, 0xbd, 0xa6, 0x07, 0xff, 0xb7, 0xa1, 0x0d, 0xff,
  0xb5, 0x9d, 0x0a, 0xff, 0xb9, 0xa1, 0x0b, 0xff, 0xc7, 0xb2, 0x1d, 0xff,
  0xf5, 0xef, 0xd0, 0xff, 0xf9, 0xf4, 0xec, 0xff, 0xf3, 0xec, 0xd7, 0xff,
  0xf3, 0xec, 0xd6, 0xff, 0xf8, 0xf3, 0xe4, 0xff, 0xf7, 0xf1, 0xdf, 0xff,
  0xf8, 0xf3, 0xe4, 0xff, 0xfc, 0xfa, 0xf5, 0xff, 0xfc, 0xfb, 0xf3, 0xff,
  0xd0, 0xbe, 0x35, 0xff, 0xc2, 0xab, 0x0a, 0xff, 0xc3, 0xae, 0x06, 0xff,
  0xe6, 0xdb, 0x88, 0xff, 0xfe, 0xfb, 0xfb, 0xff, 0xfa, 0xf6, 0xe9, 0xff,
  0xfb, 0xf6, 0xdf, 0xff, 0xfd, 0xf8, 0xd1, 0xff, 0xfe, 0xff, 0xff, 0xff,
  0xfd, 0xf9, 0xd9, 0xff, 0xfc, 0xf6, 0xd4, 0xff, 0xfb, 0xf7, 0xee, 0xff,
  0xfe, 0xfd, 0xfc, 0xff, 0xf6, 0xf1, 0xd2, 0xff, 0xcd, 0xb8, 0x1c, 0xff,
  0xc3, 0xac, 0x0d, 0xff, 0xc3, 0xac, 0x02, 0xff, 0xdd, 0xcf, 0x58, 0xff,
  0xff, 0xff, 0xff, 0xff, 0xfa, 0xf6, 0xeb, 0xff, 0xf7, 0xf2, 0xe0, 0xff,
  0xf7, 0xf1, 0xe1, 0xff, 0xfa, 0xf5, 0xe9, 0xff, 0xf7, 0xf0, 0xde, 0xff,
  0xf8, 0xf3, 0xe4, 0xff, 0xfc, 0xfa, 0xf4, 0xff, 0xfd, 0xfc, 0xf6, 0xff,
  0xd8, 0xc8, 0x41, 0xff, 0xca, 0xb4, 0x0e, 0xff, 0xc5, 0xb0, 0x0e, 0xff,
  0xc3, 0xae, 0x0d, 0xff, 0xc3, 0xae, 0x0d, 0xff, 0xc4, 0xaf, 0x0d, 0xff,
  0xc5, 0xb0, 0x0d, 0xff, 0xc6, 0xb2, 0x0d, 0xff, 0xc6, 0xb2, 0x0d, 0xff,
  0xc6, 0xb3, 0x0d, 0xff, 0xc7, 0xb3, 0x0e, 0xff, 0xc8, 0xb5, 0x0d, 0xff,
  0xc9, 0xb5, 0x0d, 0xff, 0xc8, 0xb5, 0x0d, 0xff, 0xc8, 0xb5, 0x0c, 0xff,
  0xc9, 0xb5, 0x0c, 0xff, 0xca, 0xb6, 0x0c, 0xff, 0xc9, 0xb6, 0x0c, 0xff,
  0xca, 0xb7, 0x0c, 0xff, 0xc9, 0xb7, 0x0c, 0xff, 0xc9, 0xb6, 0x0c, 0xff,
  0xc9, 0xb7, 0x0c, 0xff, 0xc9, 0xb7, 0x0c, 0xff, 0xca, 0xb7, 0x0c, 0xff,
  0xc9, 0xb7, 0x0c, 0xff, 0xc8, 0xb6, 0x0c, 0xff, 0xc7, 0xb5, 0x0c, 0xff,
  0xc6, 0xb4, 0x0b, 0xff, 0xc5, 0xb2, 0x0b, 0xff, 0xc4, 0xb1, 0x0b, 0xff,
  0xc3, 0xb0, 0x0c, 0xff, 0xc2, 0xaf, 0x0c, 0xff, 0xc1, 0xae, 0x0b, 0xff,
  0xbe, 0xab, 0x0a, 0xff, 0xcb, 0xba, 0x0a, 0xff, 0xc2, 0xb1, 0x07, 0xff,
  0x82, 0x6c, 0x05, 0xff, 0xac, 0x90, 0x07, 0xff, 0x9a, 0x81, 0x06, 0xff,
  0x9b, 0x83, 0x07, 0xff, 0x9d, 0x85, 0x06, 0xff, 0x9e, 0x86, 0x07, 0xff,
  0xa0, 0x88, 0x08, 0xff, 0xa2, 0x8a, 0x07, 0xff, 0xa3, 0x8c, 0x07, 0xff,
  0xa4, 0x8c, 0x08, 0xff, 0xa5, 0x8e, 0x08, 0xff, 0xa7, 0x90, 0x09, 0xff,
  0xa8, 0x91, 0x09, 0xff, 0xa9, 0x91, 0x08, 0xff, 0xa9, 0x91, 0x07, 0xff,
  0xa9, 0x91, 0x08, 0xff, 0xaa, 0x92, 0x08, 0xff, 0xab, 0x93, 0x08, 0xff,
  0xad, 0x95, 0x08, 0xff, 0xad, 0x95, 0x08, 0xff, 0xae, 0x96, 0x08, 0xff,
  0xb2, 0x9a, 0x0c, 0xff, 0xba, 0xa4, 0x08, 0xff, 0xe1, 0xd6, 0x86, 0xff,
  0xfb, 0xf6, 0xf2, 0xff, 0xf3, 0xed, 0xd7, 0xff, 0xf4, 0xee, 0xd9, 0xff,
  0xf8, 0xf2, 0xe4, 0xff, 0xf7, 0xf2, 0xe2, 0xff, 0xff, 0xfe, 0xff, 0xff,
  0xf3, 0xee, 0xcb, 0xff, 0xc3, 0xae, 0x16, 0xff, 0xb9, 0xa1, 0x0d, 0xff,
  0xb5, 0x9d, 0x0b, 0xff, 0xb8, 0xa1, 0x0d, 0xff, 0xc4, 0xaf, 0x14, 0xff,
  0xf2, 0xec, 0xc3, 0xff, 0xfa, 0xf6, 0xef, 0xff, 0xf4, 0xed, 0xd8, 0xff,
  0xf4, 0xec, 0xd5, 0xff, 0xf8, 0xf3, 0xe2, 0xff, 0xf8, 0xf2, 0xde, 0xff,
  0xf8, 0xf2, 0xe2, 0xff, 0xfa, 0xf7, 0xed, 0xff, 0xff, 0xff, 0xff, 0xff,
  0xd9, 0xca, 0x59, 0xff, 0xc3, 0xab, 0x07, 0xff, 0xc4, 0xad, 0x05, 0xff,
  0xe6, 0xdc, 0x8b, 0xff, 0xff, 0xfc, 0xfe, 0xff, 0xf8, 0xf2, 0xe2, 0xff,
  0xf8, 0xf1, 0xdf, 0xff, 0xfb, 0xf4, 0xcd, 0xff, 0xfd, 0xf7, 0xcc, 0xff,
  0xfb, 0xf4, 0xc9, 0xff, 0xf9, 0xf3, 0xdc, 0xff, 0xf9, 0xf4, 0xe6, 0xff,
  0xfe, 0xfd, 0xfd, 0xff, 0xf6, 0xf2, 0xd4, 0xff, 0xcc, 0xb7, 0x1c, 0xff,
  0xc4, 0xad, 0x0e, 0xff, 0xc5, 0xae, 0x00, 0xff, 0xe9, 0xe0, 0x92, 0xff,
  0xff, 0xff, 0xff, 0xff, 0xf9, 0xf4, 0xe5, 0xff, 0xf9, 0xf3, 0xdf, 0xff,
  0xfb, 0xf3, 0xcd, 0xff, 0xfb, 0xf5, 0xd6, 0xff, 0xf8, 0xf2, 0xdc, 0xff,
  0xf8, 0xf3, 0xe4, 0xff, 0xfc, 0xfb, 0xf7, 0xff, 0xfb, 0xf9, 0xec, 0xff,
  0xd6, 0xc4, 0x35, 0xff, 0xc8, 0xb3, 0x0e, 0xff, 0xc4, 0xaf, 0x0d, 0xff,
  0xc2, 0xad, 0x0c, 0xff, 0xc2, 0xad, 0x0c, 0xff, 0xc3, 0xae, 0x0d, 0xff,
  0xc4, 0xb0, 0x0d, 0xff, 0xc5, 0xb1, 0x0e, 0xff, 0xc6, 0xb2, 0x0d, 0xff,
  0xc6, 0xb2, 0x0d, 0xff, 0xc6, 0xb2, 0x0e, 0xff, 0xc6, 0xb3, 0x0d, 0xff,
  0xc7, 0xb4, 0x0d, 0xff, 0xc8, 0xb4, 0x0c, 0xff, 0xc8, 0xb4, 0x0c, 0xff,
  0xc8, 0xb4, 0x0d, 0xff, 0xc8, 0xb4, 0x0c, 0xff, 0xc8, 0xb4, 0x0b, 0xff,
  0xc8, 0xb5, 0x0c, 0xff, 0xc8, 0xb5, 0x0c, 0xff, 0xc8, 0xb5, 0x0c, 0xff,
  0xc9, 0xb6, 0x0d, 0xff, 0xc9, 0xb6, 0x0c, 0xff, 0xc8, 0xb5, 0x0c, 0xff,
  0xc8, 0xb5, 0x0c, 0xff, 0xc8, 0xb5, 0x0c, 0xff, 0xc7, 0xb4, 0x0c, 0xff,
  0xc5, 0xb3, 0x0c, 0xff, 0xc5, 0xb2, 0x0c, 0xff, 0xc4, 0xb1, 0x0b, 0xff,
  0xc2, 0xaf, 0x0c, 0xff, 0xc1, 0xaf, 0x0c, 0xff, 0xc0, 0xae, 0x0c, 0xff,
  0xbd, 0xab, 0x0a, 0xff, 0xca, 0xb9, 0x0a, 0xff, 0xc0, 0xb0, 0x06, 0xff,
  0x81, 0x6b, 0x04, 0xff, 0xac, 0x90, 0x07, 0xff, 0x99, 0x81, 0x06, 0xff,
  0x9b, 0x83, 0x07, 0xff, 0x9c, 0x84, 0x06, 0xff, 0x9e, 0x86, 0x06, 0xff,
  0xa1, 0x88, 0x07, 0xff, 0xa2, 0x8a, 0x07, 0xff, 0xa3, 0x8c, 0x08, 0xff,
  0xa4, 0x8c, 0x08, 0xff, 0xa5, 0x8e, 0x09, 0xff, 0xa8, 0x90, 0x08, 0xff,
  0xa8, 0x91, 0x08, 0xff, 0xa8, 0x91, 0x08, 0xff, 0xa9, 0x91, 0x08, 0xff,
  0xa9, 0x91, 0x08, 0xff, 0xaa, 0x92, 0x08, 0xff, 0xaa, 0x92, 0x08, 0xff,
  0xac, 0x94, 0x08, 0xff, 0xad, 0x95, 0x08, 0xff, 0xad, 0x95, 0x08, 0xff,
  0xb0, 0x98, 0x0b, 0xff, 0xb6, 0xa0, 0x05, 0xff, 0xd8, 0xc9, 0x61, 0xff,
  0xfb, 0xf7, 0xf1, 0xff, 0xf3, 0xed, 0xd8, 0xff, 0xf2, 0xeb, 0xd3, 0xff,
  0xf8, 0xf3, 0xe4, 0xff, 0xf7, 0xf1, 0xe1, 0xff, 0xfb, 0xf8, 0xf2, 0xff,
  0xfd, 0xfc, 0xf7, 0xff, 0xce, 0xbc, 0x3c, 0xff, 0xb8, 0xa2, 0x08, 0xff,
  0xb5, 0x9e, 0x0b, 0xff, 0xb7, 0xa1, 0x0d, 0xff, 0xc1, 0xab, 0x0f, 0xff,
  0xee, 0xe6, 0xb5, 0xff, 0xfb, 0xf7, 0xf3, 0xff, 0xf5, 0xee, 0xd8, 0xff,
  0xf7, 0xf0, 0xd3, 0xff, 0xfb, 0xf3, 0xc7, 0xff, 0xfc, 0xf5, 0xca, 0xff,
  0xfa, 0xf3, 0xda, 0xff, 0xf9, 0xf5, 0xe7, 0xff, 0xff, 0xff, 0xff, 0xff,
  0xe4, 0xd9, 0x86, 0xff, 0xc4, 0xac, 0x07, 0xff, 0xc5, 0xae, 0x05, 0xff,
  0xe7, 0xdc, 0x86, 0xff, 0xfc, 0xf9, 0xf7, 0xff, 0xf7, 0xf1, 0xe0, 0xff,
  0xf6, 0xf0, 0xdf, 0xff, 0xf8, 0xf1, 0xde, 0xff, 0xfb, 0xf5, 0xe2, 0xff,
  0xf8, 0xf2, 0xde, 0xff, 0xf7, 0xf1, 0xe1, 0xff, 0xf8, 0xf3, 0xe5, 0xff,
  0xfd, 0xfc, 0xfc, 0xff, 0xf5, 0xf0, 0xce, 0xff, 0xcc, 0xb7, 0x1a, 0xff,
  0xc3, 0xad, 0x0d, 0xff, 0xc9, 0xb4, 0x0d, 0xff, 0xf4, 0xee, 0xc5, 0xff,
  0xfe, 0xfc, 0xfc, 0xff, 0xf9, 0xf5, 0xe7, 0xff, 0xfb, 0xf4, 0xd0, 0xff,
  0xfe, 0xfa, 0xda, 0xff, 0xfd, 0xf8, 0xd5, 0xff, 0xfb, 0xf3, 0xcb, 0xff,
  0xf9, 0xf3, 0xe4, 0xff, 0xfd, 0xfc, 0xfb, 0xff, 0xf9, 0xf6, 0xe2, 0xff,
  0xd2, 0xc0, 0x2a, 0xff, 0xc7, 0xb2, 0x10, 0xff, 0xc3, 0xae, 0x0d, 0xff,
  0xc1, 0xad, 0x0c, 0xff, 0xc2, 0xad, 0x0c, 0xff, 0xc2, 0xae, 0x0c, 0xff,
  0xc3, 0xaf, 0x0d, 0xff, 0xc4, 0xaf, 0x0d, 0xff, 0xc4, 0xb0, 0x0d, 0xff,
  0xc5, 0xb1, 0x0c, 0xff, 0xc5, 0xb0, 0x0c, 0xff, 0xc6, 0xb1, 0x0c, 0xff,
  0xc7, 0xb3, 0x0d, 0xff, 0xc6, 0xb3, 0x0c, 0xff, 0xc6, 0xb2, 0x0c, 0xff,
  0xc6, 0xb3, 0x0c, 0xff, 0xc6, 0xb3, 0x0c, 0xff, 0xc7, 0xb3, 0x0c, 0xff,
  0xc7, 0xb4, 0x0c, 0xff, 0xc7, 0xb4, 0x0c, 0xff, 0xc7, 0xb4, 0x0c, 0xff,
  0xc8, 0xb4, 0x0c, 0xff, 0xc8, 0xb4, 0x0c, 0xff, 0xc7, 0xb4, 0x0c, 0xff,
  0xc7, 0xb4, 0x0b, 0xff, 0xc6, 0xb3, 0x0c, 0xff, 0xc5, 0xb2, 0x0c, 0xff,
  0xc5, 0xb2, 0x0b, 0xff, 0xc4, 0xb1, 0x0c, 0xff, 0xc2, 0xaf, 0x0b, 0xff,
  0xc0, 0xad, 0x0b, 0xff, 0xbf, 0xac, 0x0b, 0xff, 0xbe, 0xab, 0x0b, 0xff,
  0xbc, 0xa9, 0x09, 0xff, 0xca, 0xb8, 0x09, 0xff, 0xc1, 0xb0, 0x05, 0xff,
  0x7f, 0x69, 0x04, 0xff, 0xab, 0x90, 0x07, 0xff, 0x99, 0x81, 0x06, 0xff,
  0x9c, 0x83, 0x07, 0xff, 0x9d, 0x85, 0x07, 0xff, 0x9f, 0x86, 0x07, 0xff,
  0xa0, 0x88, 0x07, 0xff, 0xa3, 0x8b, 0x07, 0xff, 0xa4, 0x8c, 0x08, 0xff,
  0xa4, 0x8c, 0x08, 0xff, 0xa6, 0x8e, 0x09, 0xff, 0xa7, 0x90, 0x08, 0xff,
  0xa8, 0x90, 0x08, 0xff, 0xa7, 0x90, 0x08, 0xff, 0xa8, 0x90, 0x08, 0xff,
  0xa9, 0x91, 0x08, 0xff, 0xa9, 0x91, 0x08, 0xff, 0xaa, 0x92, 0x08, 0xff,
  0xaa, 0x93, 0x09, 0xff, 0xac, 0x94, 0x08, 0xff, 0xad, 0x95, 0x08, 0xff,
  0xaf, 0x97, 0x0a, 0xff, 0xb4, 0x9d, 0x07, 0xff, 0xce, 0xbc, 0x3e, 0xff,
  0xf8, 0xf3, 0xe5, 0xff, 0xf4, 0xee, 0xdd, 0xff, 0xf2, 0xeb, 0xd2, 0xff,
  0xf7, 0xf1, 0xe1, 0xff, 0xf7, 0xf1, 0xe1, 0xff, 0xf8, 0xf4, 0xe8, 0xff,
  0xff, 0xff, 0xff, 0xff, 0xdd, 0xd1, 0x75, 0xff, 0xba, 0xa3, 0x05, 0xff,
  0xb5, 0x9f, 0x0d, 0xff, 0xb6, 0xa0, 0x0d, 0xff, 0xbf, 0xa9, 0x0a, 0xff,
  0xeb, 0xe2, 0xa9, 0xff, 0xfb, 0xf8, 0xf4, 0xff, 0xf6, 0xef, 0xd9, 0xff,
  0xfa, 0xf2, 0xc3, 0xff, 0xfe, 0xfc, 0xea, 0xff, 0xfe, 0xfd, 0xf4, 0xff,
  0xfb, 0xf5, 0xd0, 0xff, 0xfa, 0xf6, 0xeb, 0xff, 0xff, 0xff, 0xff, 0xff,
  0xed, 0xe5, 0xad, 0xff, 0xc7, 0xb0, 0x0e, 0xff, 0xc5, 0xad, 0x02, 0xff,
  0xe4, 0xd8, 0x7e, 0xff, 0xfc, 0xf9, 0xf9, 0xff, 0xf7, 0xf1, 0xe0, 0xff,
  0xf6, 0xef, 0xde, 0xff, 0xf6, 0xef, 0xdc, 0xff, 0xf9, 0xf5, 0xe9, 0xff,
  0xf6, 0xf1, 0xe1, 0xff, 0xf6, 0xf0, 0xe0, 0xff, 0xf8, 0xf3, 0xe5, 0xff,
  0xfd, 0xfc, 0xfd, 0xff, 0xf4, 0xee, 0xc7, 0xff, 0xcb, 0xb5, 0x16, 0xff,
  0xc3, 0xac, 0x0a, 0xff, 0xd0, 0xbd, 0x24, 0xff, 0xfa, 0xf6, 0xe3, 0xff,
  0xfc, 0xfa, 0xf5, 0xff, 0xfa, 0xf6, 0xea, 0xff, 0xfc, 0xf7, 0xd0, 0xff,
  0xfd, 0xfd, 0xf9, 0xff, 0xfe, 0xfd, 0xf6, 0xff, 0xfc, 0xf5, 0xc8, 0xff,
  0xfa, 0xf7, 0xea, 0xff, 0xfe, 0xfd, 0xfd, 0xff, 0xf6, 0xf2, 0xd5, 0xff,
  0xcf, 0xbb, 0x22, 0xff, 0xc6, 0xb0, 0x10, 0xff, 0xc2, 0xac, 0x0c, 0xff,
  0xc1, 0xac, 0x0c, 0xff, 0xc1, 0xac, 0x0c, 0xff, 0xc2, 0xad, 0x0c, 0xff,
  0xc2, 0xae, 0x0d, 0xff, 0xc3, 0xae, 0x0d, 0xff, 0xc3, 0xaf, 0x0d, 0xff,
  0xc3, 0xaf, 0x0c, 0xff, 0xc3, 0xaf, 0x0c, 0xff, 0xc5, 0xb0, 0x0c, 0xff,
  0xc5, 0xb1, 0x0d, 0xff, 0xc4, 0xb1, 0x0d, 0xff, 0xc4, 0xb0, 0x0b, 0xff,
  0xc5, 0xb1, 0x0c, 0xff, 0xc5, 0xb2, 0x0c, 0xff, 0xc5, 0xb2, 0x0c, 0xff,
  0xc6, 0xb2, 0x0c, 0xff, 0xc6, 0xb2, 0x0c, 0xff, 0xc6, 0xb2, 0x0c, 0xff,
  0xc6, 0xb2, 0x0b, 0xff, 0xc6, 0xb2, 0x0c, 0xff, 0xc5, 0xb2, 0x0c, 0xff,
  0xc5, 0xb2, 0x0c, 0xff, 0xc4, 0xb2, 0x0d, 0xff, 0xc4, 0xb1, 0x0c, 0xff,
  0xc3, 0xb0, 0x0c, 0xff, 0xc2, 0xaf, 0x0b, 0xff, 0xc0, 0xae, 0x0b, 0xff,
  0xbf, 0xac, 0x0b, 0xff, 0xbe, 0xab, 0x0a, 0xff, 0xbd, 0xaa, 0x09, 0xff,
  0xbb, 0xa8, 0x09, 0xff, 0xc8, 0xb6, 0x09, 0xff, 0xc1, 0xaf, 0x05, 0xff,
  0x7b, 0x65, 0x03, 0xff, 0xaa, 0x8e, 0x06, 0xff, 0x99, 0x80, 0x06, 0xff,
  0x9b, 0x82, 0x06, 0xff, 0x9d, 0x85, 0x07, 0xff, 0x9f, 0x86, 0x08, 0xff,
  0xa0, 0x87, 0x07, 0xff, 0xa2, 0x8a, 0x08, 0xff, 0xa3, 0x8a, 0x08, 0xff,
  0xa4, 0x8c, 0x08, 0xff, 0xa5, 0x8e, 0x09, 0xff, 0xa6, 0x8f, 0x08, 0xff,
  0xa6, 0x8e, 0x08, 0xff, 0xa7, 0x8f, 0x09, 0xff, 0xa8, 0x90, 0x08, 0xff,
  0xa8, 0x90, 0x08, 0xff, 0xa9, 0x91, 0x07, 0xff, 0xa9, 0x91, 0x08, 0xff,
  0xaa, 0x93, 0x09, 0xff, 0xab, 0x94, 0x08, 0xff, 0xac, 0x94, 0x07, 0xff,
  0xae, 0x96, 0x09, 0xff, 0xb4, 0x9d, 0x0b, 0xff, 0xc6, 0xb1, 0x23, 0xff,
  0xf3, 0xed, 0xd1, 0xff, 0xf7, 0xf1, 0xe3, 0xff, 0xf4, 0xec, 0xd1, 0xff,
  0xf9, 0xf1, 0xcf, 0xff, 0xfb, 0xf4, 0xcc, 0xff, 0xf9, 0xf3, 0xdb, 0xff,
  0xff, 0xfe, 0xff, 0xff, 0xed, 0xe7, 0xb6, 0xff, 0xbf, 0xa8, 0x0c, 0xff,
  0xb7, 0xa0, 0x0d, 0xff, 0xb5, 0x9e, 0x0c, 0xff, 0xbd, 0xa6, 0x06, 0xff,
  0xe7, 0xdd, 0x99, 0xff, 0xfc, 0xf9, 0xf5, 0xff, 0xf9, 0xf4, 0xe5, 0xff,
  0xfc, 0xf5, 0xcf, 0xff, 0xfd, 0xfa, 0xe0, 0xff, 0xfd, 0xfb, 0xea, 0xff,
  0xfb, 0xf4, 0xce, 0xff, 0xf9, 0xf4, 0xe6, 0xff, 0xfe, 0xfd, 0xfe, 0xff,
  0xf4, 0xef, 0xcd, 0xff, 0xca, 0xb4, 0x1a, 0xff, 0xc5, 0xac, 0x00, 0xff,
  0xe4, 0xd7, 0x7a, 0xff, 0xfd, 0xfa, 0xfa, 0xff, 0xf6, 0xf1, 0xdf, 0xff,
  0xf5, 0xef, 0xdd, 0xff, 0xf5, 0xee, 0xdc, 0xff, 0xf9, 0xf4, 0xe7, 0xff,
  0xf7, 0xf1, 0xe1, 0xff, 0xf6, 0xf0, 0xe0, 0xff, 0xf8, 0xf3, 0xe4, 0xff,
  0xff, 0xfe, 0xff, 0xff, 0xf1, 0xeb, 0xbd, 0xff, 0xc9, 0xb3, 0x12, 0xff,
  0xc4, 0xad, 0x08, 0xff, 0xd9, 0xc8, 0x43, 0xff, 0xfd, 0xfb, 0xf6, 0xff,
  0xf9, 0xf6, 0xeb, 0xff, 0xf8, 0xf2, 0xe3, 0xff, 0xfa, 0xf3, 0xd4, 0xff,
  0xfc, 0xf6, 0xcf, 0xff, 0xfc, 0xf5, 0xc9, 0xff, 0xfa, 0xf4, 0xd7, 0xff,
  0xfa, 0xf6, 0xe9, 0xff, 0xff, 0xff, 0xff, 0xff, 0xf1, 0xea, 0xbc, 0xff,
  0xcb, 0xb6, 0x16, 0xff, 0xc4, 0xaf, 0x11, 0xff, 0xc0, 0xaa, 0x0c, 0xff,
  0xc0, 0xaa, 0x0c, 0xff, 0xc0, 0xab, 0x0c, 0xff, 0xc0, 0xac, 0x0c, 0xff,
  0xc1, 0xad, 0x0c, 0xff, 0xc2, 0xae, 0x0d, 0xff, 0xc2, 0xae, 0x0c, 0xff,
  0xc2, 0xae, 0x0c, 0xff, 0xc3, 0xaf, 0x0c, 0xff, 0xc3, 0xae, 0x0c, 0xff,
  0xc3, 0xaf, 0x0c, 0xff, 0xc2, 0xaf, 0x0c, 0xff, 0xc3, 0xaf, 0x0c, 0xff,
  0xc4, 0xb0, 0x0c, 0xff, 0xc5, 0xb1, 0x0c, 0xff, 0xc5, 0xb1, 0x0c, 0xff,
  0xc5, 0xb1, 0x0c, 0xff, 0xc5, 0xb1, 0x0d, 0xff, 0xc5, 0xb1, 0x0c, 0xff,
  0xc5, 0xb1, 0x0c, 0xff, 0xc4, 0xb1, 0x0c, 0xff, 0xc4, 0xb1, 0x0b, 0xff,
  0xc4, 0xb1, 0x0b, 0xff, 0xc4, 0xb0, 0x0b, 0xff, 0xc3, 0xaf, 0x0c, 0xff,
  0xc2, 0xaf, 0x0c, 0xff, 0xc1, 0xae, 0x0b, 0xff, 0xc0, 0xad, 0x0b, 0xff,
  0xbe, 0xab, 0x0a, 0xff, 0xbd, 0xaa, 0x09, 0xff, 0xbc, 0xa9, 0x09, 0xff,
  0xb9, 0xa6, 0x08, 0xff, 0xc7, 0xb4, 0x09, 0xff, 0xc0, 0xae, 0x06, 0xff,
  0x7b, 0x65, 0x03, 0xff, 0xa8, 0x8c, 0x06, 0xff, 0x98, 0x7f, 0x06, 0xff,
  0x9a, 0x81, 0x06, 0xff, 0x9c, 0x83, 0x07, 0xff, 0x9d, 0x84, 0x07, 0xff,
  0xa0, 0x87, 0x08, 0xff, 0xa2, 0x8a, 0x08, 0xff, 0xa2, 0x8a, 0x07, 0xff,
  0xa3, 0x8b, 0x08, 0xff, 0xa4, 0x8c, 0x08, 0xff, 0xa5, 0x8e, 0x08, 0xff,
  0xa6, 0x8e, 0x09, 0xff, 0xa6, 0x8f, 0x08, 0xff, 0xa7, 0x8f, 0x08, 0xff,
  0xa7, 0x90, 0x08, 0xff, 0xa9, 0x91, 0x08, 0xff, 0xa9, 0x91, 0x08, 0xff,
  0xa9, 0x92, 0x09, 0xff, 0xaa, 0x93, 0x09, 0xff, 0xab, 0x93, 0x08, 0xff,
  0xad, 0x95, 0x08, 0xff, 0xb2, 0x9a, 0x0c, 0xff, 0xbf, 0xa9, 0x12, 0xff,
  0xed, 0xe5, 0xb3, 0xff, 0xf8, 0xf3, 0xea, 0xff, 0xf6, 0xee, 0xc5, 0xff,
  0xfd, 0xf7, 0xd3, 0xff, 0xfe, 0xfd, 0xee, 0xff, 0xfc, 0xf6, 0xd2, 0xff,
  0xfd, 0xfb, 0xf6, 0xff, 0xfa, 0xf8, 0xea, 0xff, 0xc9, 0xb6, 0x29, 0xff,
  0xb8, 0xa0, 0x08, 0xff, 0xb6, 0x9f, 0x0d, 0xff, 0xba, 0xa3, 0x02, 0xff,
  0xe2, 0xd5, 0x82, 0xff, 0xfe, 0xfc, 0xfd, 0xff, 0xf6, 0xf0, 0xdc, 0xff,
  0xf8, 0xf1, 0xd6, 0xff, 0xfb, 0xf3, 0xc7, 0xff, 0xfc, 0xf5, 0xcf, 0xff,
  0xf8, 0xf1, 0xd9, 0xff, 0xf8, 0xf3, 0xe5, 0xff, 0xfd, 0xfb, 0xf8, 0xff,
  0xf9, 0xf6, 0xe3, 0xff, 0xce, 0xb9, 0x28, 0xff, 0xc4, 0xab, 0x00, 0xff,
  0xe4, 0xd6, 0x77, 0xff, 0xfd, 0xfb, 0xfb, 0xff, 0xf6, 0xf1, 0xe0, 0xff,
  0xf4, 0xee, 0xdd, 0xff, 0xf4, 0xee, 0xdb, 0xff, 0xf9, 0xf4, 0xe7, 0xff,
  0xf7, 0xf1, 0xe1, 0xff, 0xf6, 0xf0, 0xe0, 0xff, 0xf8, 0xf3, 0xe5, 0xff,
  0xff, 0xfe, 0xff, 0xff, 0xef, 0xe8, 0xb2, 0xff, 0xc8, 0xb2, 0x0e, 0xff,
  0xc4, 0xad, 0x04, 0xff, 0xde, 0xd0, 0x60, 0xff, 0xfe, 0xfd, 0xfd, 0xff,
  0xf8, 0xf4, 0xe7, 0xff, 0xf7, 0xf2, 0xe2, 0xff, 0xf7, 0xf1, 0xde, 0xff,
  0xfa, 0xf5, 0xe3, 0xff, 0xf9, 0xf2, 0xdb, 0xff, 0xf8, 0xf2, 0xe1, 0xff,
  0xf8, 0xf4, 0xe5, 0xff, 0xff, 0xff, 0xff, 0xff, 0xeb, 0xe2, 0x9f, 0xff,
  0xc7, 0xb2, 0x0c, 0xff, 0xc3, 0xae, 0x10, 0xff, 0xbf, 0xaa, 0x0c, 0xff,
  0xbf, 0xa9, 0x0c, 0xff, 0xbe, 0xaa, 0x0c, 0xff, 0xbf, 0xab, 0x0c, 0xff,
  0xc0, 0xac, 0x0c, 0xff, 0xc0, 0xac, 0x0c, 0xff, 0xc1, 0xad, 0x0c, 0xff,
  0xc2, 0xad, 0x0c, 0xff, 0xc2, 0xae, 0x0d, 0xff, 0xc2, 0xae, 0x0c, 0xff,
  0xc3, 0xae, 0x0c, 0xff, 0xc2, 0xae, 0x0b, 0xff, 0xc1, 0xad, 0x0b, 0xff,
  0xc2, 0xae, 0x0b, 0xff, 0xc3, 0xaf, 0x0c, 0xff, 0xc4, 0xb0, 0x0c, 0xff,
  0xc4, 0xb0, 0x0d, 0xff, 0xc4, 0xb0, 0x0c, 0xff, 0xc4, 0xb1, 0x0b, 0xff,
  0xc4, 0xb1, 0x0b, 0xff, 0xc4, 0xb0, 0x0b, 0xff, 0xc4, 0xb0, 0x0b, 0xff,
  0xc3, 0xaf, 0x0b, 0xff, 0xc2, 0xae, 0x0b, 0xff, 0xc1, 0xad, 0x0b, 0xff,
  0xc1, 0xad, 0x0b, 0xff, 0xc0, 0xad, 0x0a, 0xff, 0xbf, 0xac, 0x0a, 0xff,
  0xbd, 0xaa, 0x0a, 0xff, 0xbb, 0xa8, 0x09, 0xff, 0xba, 0xa7, 0x09, 0xff,
  0xb7, 0xa4, 0x08, 0xff, 0xc5, 0xb3, 0x09, 0xff, 0xbe, 0xac, 0x05, 0xff,
  0x7b, 0x66, 0x04, 0xff, 0xa7, 0x8b, 0x06, 0xff, 0x97, 0x7e, 0x05, 0xff,
  0x9a, 0x80, 0x06, 0xff, 0x9a, 0x81, 0x06, 0xff, 0x9b, 0x83, 0x07, 0xff,
  0x9e, 0x86, 0x08, 0xff, 0xa1, 0x88, 0x08, 0xff, 0xa1, 0x89, 0x07, 0xff,
  0xa2, 0x8a, 0x07, 0xff, 0xa2, 0x8a, 0x08, 0xff, 0xa4, 0x8c, 0x08, 0xff,
  0xa5, 0x8d, 0x08, 0xff, 0xa5, 0x8e, 0x08, 0xff, 0xa5, 0x8e, 0x08, 0xff,
  0xa6, 0x8f, 0x08, 0xff, 0xa7, 0x8f, 0x08, 0xff, 0xa7, 0x90, 0x08, 0xff,
  0xa9, 0x91, 0x09, 0xff, 0xa9, 0x92, 0x09, 0xff, 0xaa, 0x92, 0x08, 0xff,
  0xad, 0x95, 0x09, 0xff, 0xb1, 0x9a, 0x0d, 0xff, 0xba, 0xa3, 0x08, 0xff,
  0xe4, 0xd9, 0x8d, 0xff, 0xfa, 0xf5, 0xef, 0xff, 0xf8, 0xf1, 0xcd, 0xff,
  0xfe, 0xfb, 0xde, 0xff, 0xfe, 0xfe, 0xff, 0xff, 0xfc, 0xf7, 0xd4, 0xff,
  0xfb, 0xf7, 0xe9, 0xff, 0xff, 0xff, 0xff, 0xff, 0xd8, 0xc9, 0x5d, 0xff,
  0xb9, 0xa2, 0x03, 0xff, 0xb6, 0x9f, 0x0d, 0xff, 0xb7, 0xa0, 0x01, 0xff,
  0xdb, 0xce, 0x6a, 0xff, 0xfc, 0xf8, 0xf4, 0xff, 0xf4, 0xee, 0xda, 0xff,
  0xf4, 0xee, 0xd9, 0xff, 0xf6, 0xf0, 0xdc, 0xff, 0xf9, 0xf5, 0xe8, 0xff,
  0xf6, 0xf0, 0xdf, 0xff, 0xf7, 0xf2, 0xe3, 0xff, 0xfb, 0xf9, 0xf2, 0xff,
  0xfc, 0xfb, 0xf3, 0xff, 0xd3, 0xc0, 0x38, 0xff, 0xc5, 0xab, 0x00, 0xff,
  0xe3, 0xd4, 0x72, 0xff, 0xfd, 0xfb, 0xfb, 0xff, 0xf6, 0xf0, 0xe0, 0xff,
  0xf4, 0xee, 0xdd, 0xff, 0xf4, 0xee, 0xdb, 0xff, 0xf8, 0xf4, 0xe6, 0xff,
  0xf6, 0xf0, 0xe1, 0xff, 0xf6, 0xf0, 0xe0, 0xff, 0xf8, 0xf4, 0xe5, 0xff,
  0xff, 0xff, 0xff, 0xff, 0xec, 0xe4, 0xa7, 0xff, 0xc7, 0xaf, 0x0b, 0xff,
  0xc4, 0xac, 0x02, 0xff, 0xe5, 0xda, 0x81, 0xff, 0xff, 0xfd, 0xff, 0xff,
  0xf7, 0xf3, 0xe4, 0xff, 0xf6, 0xf1, 0xe0, 0xff, 0xf6, 0xf0, 0xde, 0xff,
  0xf9, 0xf5, 0xe8, 0xff, 0xf6, 0xf0, 0xde, 0xff, 0xf6, 0xf0, 0xdf, 0xff,
  0xf9, 0xf5, 0xe7, 0xff, 0xff, 0xff, 0xff, 0xff, 0xe3, 0xd7, 0x7e, 0xff,
  0xc6, 0xb0, 0x08, 0xff, 0xc2, 0xad, 0x10, 0xff, 0xbf, 0xaa, 0x0b, 0xff,
  0xbe, 0xa9, 0x0b, 0xff, 0xbe, 0xa9, 0x0c, 0xff, 0xbe, 0xaa, 0x0c, 0xff,
  0xbf, 0xab, 0x0c, 0xff, 0xbf, 0xab, 0x0b, 0xff, 0xc0, 0xab, 0x0c, 0xff,
  0xc0, 0xac, 0x0d, 0xff, 0xc1, 0xad, 0x0c, 0xff, 0xc1, 0xad, 0x0c, 0xff,
  0xc1, 0xad, 0x0c, 0xff, 0xc1, 0xad, 0x0c, 0xff, 0xc1, 0xad, 0x0b, 0xff,
  0xc1, 0xad, 0x0b, 0xff, 0xc2, 0xae, 0x0c, 0xff, 0xc2, 0xaf, 0x0c, 0xff,
  0xc3, 0xaf, 0x0c, 0xff, 0xc3, 0xaf, 0x0c, 0xff, 0xc3, 0xaf, 0x0b, 0xff,
  0xc4, 0xb0, 0x0b, 0xff, 0xc4, 0xb0, 0x0c, 0xff, 0xc4, 0xb0, 0x0c, 0xff,
  0xc3, 0xaf, 0x0b, 0xff, 0xc1, 0xad, 0x0b, 0xff, 0xbf, 0xac, 0x0b, 0xff,
  0xbf, 0xab, 0x0b, 0xff, 0xbe, 0xaa, 0x0a, 0xff, 0xbd, 0xaa, 0x0a, 0xff,
  0xbc, 0xa8, 0x0a, 0xff, 0xba, 0xa7, 0x0a, 0xff, 0xb9, 0xa6, 0x0a, 0xff,
  0xb7, 0xa4, 0x09, 0xff, 0xc5, 0xb2, 0x09, 0xff, 0xbc, 0xaa, 0x05, 0xff,
  0x7c, 0x66, 0x04, 0xff, 0xa7, 0x8b, 0x06, 0xff, 0x97, 0x7e, 0x05, 0xff,
  0x98, 0x7f, 0x06, 0xff, 0x99, 0x80, 0x06, 0xff, 0x9a, 0x81, 0x06, 0xff,
  0x9c, 0x84, 0x07, 0xff, 0x9e, 0x86, 0x08, 0xff, 0xa0, 0x87, 0x07, 0xff,
  0xa1, 0x89, 0x07, 0xff, 0xa2, 0x8a, 0x08, 0xff, 0xa3, 0x8b, 0x08, 0xff,
  0xa4, 0x8c, 0x08, 0xff, 0xa5, 0x8d, 0x08, 0xff, 0xa5, 0x8d, 0x08, 0xff,
  0xa5, 0x8d, 0x08, 0xff, 0xa5, 0x8d, 0x08, 0xff, 0xa6, 0x8f, 0x08, 0xff,
  0xa8, 0x91, 0x08, 0xff, 0xa9, 0x91, 0x08, 0xff, 0xaa, 0x93, 0x09, 0xff,
  0xab, 0x94, 0x09, 0xff, 0xaf, 0x98, 0x0d, 0xff, 0xb7, 0x9f, 0x05, 0xff,
  0xd9, 0xca, 0x65, 0xff, 0xfc, 0xf9, 0xf5, 0xff, 0xf6, 0xf0, 0xd8, 0xff,
  0xf8, 0xf0, 0xc3, 0xff, 0xfc, 0xf5, 0xcc, 0xff, 0xf9, 0xf3, 0xd3, 0xff,
  0xf8, 0xf3, 0xe3, 0xff, 0xff, 0xff, 0xff, 0xff, 0xe8, 0xe0, 0x9f, 0xff,
  0xbc, 0xa5, 0x03, 0xff, 0xb6, 0x9f, 0x0d, 0xff, 0xb6, 0x9f, 0x03, 0xff,
  0xd2, 0xc1, 0x47, 0xff, 0xfa, 0xf6, 0xec, 0xff, 0xf5, 0xf0, 0xdf, 0xff,
  0xf3, 0xec, 0xd8, 0xff, 0xf4, 0xed, 0xd6, 0xff, 0xf8, 0xf3, 0xe4, 0xff,
  0xf5, 0xef, 0xdd, 0xff, 0xf6, 0xf0, 0xe0, 0xff, 0xfa, 0xf6, 0xec, 0xff,
  0xfe, 0xfe, 0xff, 0xff, 0xda, 0xc8, 0x4e, 0xff, 0xc5, 0xaa, 0x00, 0xff,
  0xe2, 0xd3, 0x6d, 0xff, 0xfd, 0xfb, 0xfc, 0xff, 0xf6, 0xf1, 0xe0, 0xff,
  0xf5, 0xee, 0xdd, 0xff, 0xf4, 0xee, 0xdb, 0xff, 0xf8, 0xf3, 0xe5, 0xff,
  0xf6, 0xf0, 0xe0, 0xff, 0xf6, 0xf0, 0xe0, 0xff, 0xf8, 0xf4, 0xe6, 0xff,
  0xff, 0xff, 0xff, 0xff, 0xea, 0xe0, 0x9a, 0xff, 0xc6, 0xae, 0x07, 0xff,
  0xc7, 0xaf, 0x06, 0xff, 0xed, 0xe5, 0xa7, 0xff, 0xfe, 0xfc, 0xff, 0xff,
  0xf7, 0xf2, 0xe3, 0xff, 0xf5, 0xef, 0xde, 0xff, 0xf6, 0xf0, 0xdf, 0xff,
  0xf9, 0xf4, 0xe7, 0xff, 0xf6, 0xef, 0xdd, 0xff, 0xf7, 0xf1, 0xe1, 0xff,
  0xfa, 0xf6, 0xeb, 0xff, 0xff, 0xff, 0xff, 0xff, 0xdb, 0xcc, 0x5c, 0xff,
  0xc4, 0xad, 0x09, 0xff, 0xc0, 0xab, 0x0e, 0xff, 0xbd, 0xa8, 0x0b, 0xff,
  0xbd, 0xa8, 0x0a, 0xff, 0xbd, 0xa8, 0x0b, 0xff, 0xbd, 0xa8, 0x0b, 0xff,
  0xbe, 0xa9, 0x0b, 0xff, 0xbf, 0xaa, 0x0b, 0xff, 0xbf, 0xaa, 0x0c, 0xff,
  0xbf, 0xaa, 0x0d, 0xff, 0xbf, 0xac, 0x0c, 0xff, 0xc0, 0xac, 0x0c, 0xff,
  0xbf, 0xab, 0x0c, 0xff, 0xc0, 0xac, 0x0c, 0xff, 0xc0, 0xac, 0x0c, 0xff,
  0xc0, 0xac, 0x0c, 0xff, 0xc0, 0xad, 0x0c, 0xff, 0xc1, 0xae, 0x0c, 0xff,
  0xc1, 0xae, 0x0c, 0xff, 0xc1, 0xad, 0x0b, 0xff, 0xc1, 0xae, 0x0b, 0xff,
  0xc2, 0xae, 0x0b, 0xff, 0xc2, 0xae, 0x0b, 0xff, 0xc2, 0xae, 0x0b, 0xff,
  0xc1, 0xae, 0x0b, 0xff, 0xc0, 0xad, 0x0c, 0xff, 0xbe, 0xab, 0x0c, 0xff,
  0xbd, 0xaa, 0x0b, 0xff, 0xbc, 0xa9, 0x0a, 0xff, 0xbc, 0xa8, 0x0a, 0xff,
  0xba, 0xa7, 0x0a, 0xff, 0xba, 0xa6, 0x0a, 0xff, 0xb9, 0xa5, 0x09, 0xff,
  0xb7, 0xa4, 0x09, 0xff, 0xc5, 0xb2, 0x0a, 0xff, 0xbb, 0xa9, 0x05, 0xff,
  0x7c, 0x67, 0x05, 0xff, 0xa6, 0x8b, 0x07, 0xff, 0x96, 0x7d, 0x05, 0xff,
  0x98, 0x7f, 0x05, 0xff, 0x99, 0x80, 0x06, 0xff, 0x9a, 0x82, 0x06, 0xff,
  0x9c, 0x84, 0x06, 0xff, 0x9f, 0x87, 0x07, 0xff, 0xa0, 0x87, 0x07, 0xff,
  0xa0, 0x88, 0x07, 0xff, 0xa1, 0x89, 0x07, 0xff, 0xa3, 0x8b, 0x08, 0xff,
  0xa3, 0x8c, 0x08, 0xff, 0xa4, 0x8d, 0x08, 0xff, 0xa5, 0x8e, 0x08, 0xff,
  0xa4, 0x8d, 0x08, 0xff, 0xa4, 0x8d, 0x08, 0xff, 0xa5, 0x8e, 0x09, 0xff,
  0xa7, 0x90, 0x09, 0xff, 0xa8, 0x90, 0x08, 0xff, 0xa8, 0x91, 0x08, 0xff,
  0xaa, 0x92, 0x08, 0xff, 0xad, 0x96, 0x0b, 0xff, 0xb3, 0x9b, 0x05, 0xff,
  0xce, 0xbc, 0x3e, 0xff, 0xf9, 0xf4, 0xe6, 0xff, 0xf4, 0xed, 0xd9, 0xff,
  0xf3, 0xeb, 0xd0, 0xff, 0xf7, 0xf1, 0xda, 0xff, 0xf7, 0xf2, 0xe1, 0xff,
  0xf6, 0xf0, 0xde, 0xff, 0xfd, 0xfb, 0xfa, 0xff, 0xf6, 0xf3, 0xdc, 0xff,
  0xc3, 0xaf, 0x1b, 0xff, 0xb6, 0xa0, 0x0a, 0xff, 0xb6, 0x9f, 0x06, 0xff,
  0xca, 0xb6, 0x2a, 0xff, 0xf8, 0xf3, 0xe0, 0xff, 0xf7, 0xf2, 0xe6, 0xff,
  0xf3, 0xec, 0xd7, 0xff, 0xf3, 0xec, 0xd4, 0xff, 0xf7, 0xf2, 0xe2, 0xff,
  0xf5, 0xef, 0xdc, 0xff, 0xf6, 0xef, 0xde, 0xff, 0xf9, 0xf5, 0xe8, 0xff,
  0xff, 0xff, 0xff, 0xff, 0xe0, 0xd1, 0x67, 0xff, 0xc6, 0xab, 0x00, 0xff,
  0xe3, 0xd3, 0x6c, 0xff, 0xfe, 0xfc, 0xfd, 0xff, 0xf6, 0xf1, 0xe0, 0xff,
  0xf5, 0xee, 0xdd, 0xff, 0xf4, 0xee, 0xda, 0xff, 0xf8, 0xf3, 0xe5, 0xff,
  0xf7, 0xf1, 0xe0, 0xff, 0xf6, 0xf1, 0xe0, 0xff, 0xf8, 0xf4, 0xe7, 0xff,
  0xff, 0xff, 0xff, 0xff, 0xe8, 0xdc, 0x8c, 0xff, 0xc7, 0xad, 0x01, 0xff,
  0xcb, 0xb4, 0x11, 0xff, 0xf4, 0xef, 0xca, 0xff, 0xfc, 0xf9, 0xf8, 0xff,
  0xf6, 0xf1, 0xe2, 0xff, 0xf5, 0xee, 0xdd, 0xff, 0xf6, 0xf0, 0xe0, 0xff,
  0xf8, 0xf3, 0xe6, 0xff, 0xf6, 0xef, 0xdc, 0xff, 0xf7, 0xf2, 0xe2, 0xff,
  0xfb, 0xf9, 0xf3, 0xff, 0xfc, 0xfb, 0xf3, 0xff, 0xd3, 0xc2, 0x3c, 0xff,
  0xc2, 0xac, 0x0c, 0xff, 0xbe, 0xa8, 0x0d, 0xff, 0xbb, 0xa6, 0x0b, 0xff,
  0xbb, 0xa7, 0x0b, 0xff, 0xbc, 0xa7, 0x0a, 0xff, 0xbc, 0xa7, 0x0a, 0xff,
  0xbc, 0xa8, 0x0b, 0xff, 0xbd, 0xa8, 0x0b, 0xff, 0xbd, 0xa9, 0x0c, 0xff,
  0xbe, 0xa9, 0x0d, 0xff, 0xbe, 0xaa, 0x0c, 0xff, 0xbf, 0xaa, 0x0c, 0xff,
  0xbf, 0xab, 0x0c, 0xff, 0xbf, 0xab, 0x0c, 0xff, 0xbf, 0xab, 0x0c, 0xff,
  0xbf, 0xac, 0x0c, 0xff, 0xbf, 0xac, 0x0c, 0xff, 0xbf, 0xac, 0x0c, 0xff,
  0xc0, 0xac, 0x0c, 0xff, 0xc0, 0xac, 0x0b, 0xff, 0xc0, 0xac, 0x0b, 0xff,
  0xbf, 0xac, 0x0b, 0xff, 0xbf, 0xab, 0x0b, 0xff, 0xbf, 0xab, 0x0b, 0xff,
  0xc0, 0xac, 0x0b, 0xff, 0xbf, 0xac, 0x0b, 0xff, 0xbe, 0xab, 0x0b, 0xff,
  0xbd, 0xaa, 0x0a, 0xff, 0xbc, 0xa9, 0x0a, 0xff, 0xba, 0xa7, 0x0a, 0xff,
  0xb8, 0xa5, 0x0a, 0xff, 0xb7, 0xa3, 0x09, 0xff, 0xb7, 0xa3, 0x09, 0xff,
  0xb6, 0xa2, 0x09, 0xff, 0xc4, 0xb0, 0x0a, 0xff, 0xb9, 0xa7, 0x05, 0xff,
  0x7d, 0x67, 0x04, 0xff, 0xa6, 0x8a, 0x07, 0xff, 0x95, 0x7c, 0x05, 0xff,
  0x98, 0x7e, 0x05, 0xff, 0x98, 0x80, 0x06, 0xff, 0x9a, 0x81, 0x06, 0xff,
  0x9c, 0x84, 0x06, 0xff, 0x9f, 0x86, 0x07, 0xff, 0xa0, 0x87, 0x07, 0xff,
  0xa0, 0x87, 0x07, 0xff, 0xa0, 0x88, 0x07, 0xff, 0xa2, 0x8a, 0x08, 0xff,
  0xa3, 0x8c, 0x08, 0xff, 0xa3, 0x8c, 0x08, 0xff, 0xa3, 0x8c, 0x08, 0xff,
  0xa4, 0x8c, 0x08, 0xff, 0xa4, 0x8d, 0x08, 0xff, 0xa6, 0x8f, 0x09, 0xff,
  0xa7, 0x90, 0x08, 0xff, 0xa7, 0x90, 0x08, 0xff, 0xa8, 0x91, 0x08, 0xff,
  0xa9, 0x92, 0x08, 0xff, 0xad, 0x95, 0x0a, 0xff, 0xb1, 0x99, 0x09, 0xff,
  0xc4, 0xaf, 0x1c, 0xff, 0xf3, 0xec, 0xcc, 0xff, 0xf6, 0xf0, 0xe4, 0xff,
  0xf1, 0xe9, 0xcf, 0xff, 0xf3, 0xeb, 0xd4, 0xff, 0xf7, 0xf1, 0xe0, 0xff,
  0xf5, 0xee, 0xdb, 0xff, 0xf9, 0xf6, 0xeb, 0xff, 0xff, 0xff, 0xff, 0xff,
  0xd5, 0xc7, 0x58, 0xff, 0xb8, 0xa1, 0x04, 0xff, 0xb7, 0xa0, 0x0b, 0xff,
  0xc3, 0xad, 0x12, 0xff, 0xf3, 0xed, 0xc9, 0xff, 0xf9, 0xf5, 0xed, 0xff,
  0xf4, 0xed, 0xd7, 0xff, 0xf3, 0xeb, 0xd4, 0xff, 0xf7, 0xf2, 0xe1, 0xff,
  0xf6, 0xf0, 0xdf, 0xff, 0xf5, 0xef, 0xde, 0xff, 0xf9, 0xf5, 0xe7, 0xff,
  0xff, 0xff, 0xff, 0xff, 0xe5, 0xd8, 0x80, 0xff, 0xc7, 0xab, 0x00, 0xff,
  0xe3, 0xd4, 0x6c, 0xff, 0xfe, 0xfc, 0xfe, 0xff, 0xf6, 0xf1, 0xe0, 0xff,
  0xf5, 0xef, 0xdd, 0xff, 0xf4, 0xed, 0xda, 0xff, 0xf8, 0xf3, 0xe5, 0xff,
  0xf7, 0xf1, 0xe0, 0xff, 0xf6, 0xf1, 0xe1, 0xff, 0xf8, 0xf4, 0xe7, 0xff,
  0xff, 0xff, 0xff, 0xff, 0xe6, 0xd9, 0x7e, 0xff, 0xc7, 0xad, 0x00, 0xff,
  0xd0, 0xbd, 0x26, 0xff, 0xfa, 0xf8, 0xe7, 0xff, 0xfa, 0xf7, 0xf0, 0xff,
  0xf6, 0xf0, 0xe0, 0xff, 0xf4, 0xee, 0xdb, 0xff, 0xf6, 0xf1, 0xe1, 0xff,
  0xf7, 0xf2, 0xe2, 0xff, 0xf5, 0xee, 0xdb, 0xff, 0xf7, 0xf2, 0xe3, 0xff,
  0xfd, 0xfc, 0xfb, 0xff, 0xf7, 0xf4, 0xdb, 0xff, 0xcc, 0xb9, 0x21, 0xff,
  0xc1, 0xab, 0x0d, 0xff, 0xbc, 0xa7, 0x0b, 0xff, 0xba, 0xa5, 0x0a, 0xff,
  0xba, 0xa5, 0x0b, 0xff, 0xba, 0xa6, 0x0a, 0xff, 0xbb, 0xa7, 0x0a, 0xff,
  0xbc, 0xa7, 0x0b, 0xff, 0xbc, 0xa7, 0x0b, 0xff, 0xbc, 0xa8, 0x0b, 0xff,
  0xbd, 0xa9, 0x0c, 0xff, 0xbe, 0xa9, 0x0c, 0xff, 0xbe, 0xaa, 0x0b, 0xff,
  0xbf, 0xaa, 0x0b, 0xff, 0xbf, 0xab, 0x0b, 0xff, 0xbe, 0xab, 0x0b, 0xff,
  0xbf, 0xab, 0x0c, 0xff, 0xbf, 0xab, 0x0c, 0xff, 0xbe, 0xab, 0x0c, 0xff,
  0xbe, 0xab, 0x0b, 0xff, 0xbe, 0xaa, 0x0b, 0xff, 0xbe, 0xab, 0x0a, 0xff,
  0xbe, 0xaa, 0x0a, 0xff, 0xbd, 0xa9, 0x0b, 0xff, 0xbd, 0xaa, 0x0b, 0xff,
  0xbe, 0xaa, 0x0b, 0xff, 0xbe, 0xab, 0x0b, 0xff, 0xbd, 0xaa, 0x0a, 0xff,
  0xbc, 0xa9, 0x0a, 0xff, 0xbb, 0xa8, 0x0a, 0xff, 0xb9, 0xa6, 0x0a, 0xff,
  0xb7, 0xa4, 0x0a, 0xff, 0xb6, 0xa2, 0x0a, 0xff, 0xb6, 0xa2, 0x0a, 0xff,
  0xb4, 0xa1, 0x09, 0xff, 0xc2, 0xaf, 0x09, 0xff, 0xb9, 0xa7, 0x06, 0xff,
  0x7c, 0x66, 0x03, 0xff, 0xa5, 0x89, 0x06, 0xff, 0x94, 0x7b, 0x05, 0xff,
  0x96, 0x7d, 0x05, 0xff, 0x97, 0x7f, 0x06, 0xff, 0x99, 0x81, 0x06, 0xff,
  0x9c, 0x84, 0x06, 0xff, 0x9e, 0x85, 0x07, 0xff, 0x9e, 0x86, 0x07, 0xff,
  0x9f, 0x86, 0x07, 0xff, 0xa0, 0x88, 0x07, 0xff, 0xa2, 0x8a, 0x07, 0xff,
  0xa3, 0x8b, 0x08, 0xff, 0xa3, 0x8b, 0x07, 0xff, 0xa3, 0x8b, 0x08, 0xff,
  0xa3, 0x8c, 0x08, 0xff, 0xa4, 0x8d, 0x08, 0xff, 0xa5, 0x8e, 0x08, 0xff,
  0xa7, 0x90, 0x09, 0xff, 0xa7, 0x90, 0x09, 0xff, 0xa7, 0x90, 0x08, 0xff,
  0xa8, 0x90, 0x07, 0xff, 0xab, 0x93, 0x08, 0xff, 0xaf, 0x98, 0x0b, 0xff,
  0xbc, 0xa5, 0x0a, 0xff, 0xeb, 0xe1, 0xa9, 0xff, 0xf9, 0xf5, 0xef, 0xff,
  0xf1, 0xe9, 0xcf, 0xff, 0xf0, 0xe8, 0xcd, 0xff, 0xf6, 0xf1, 0xdf, 0xff,
  0xf5, 0xee, 0xda, 0xff, 0xf7, 0xf2, 0xe3, 0xff, 0xff, 0xff, 0xff, 0xff,
  0xed, 0xe6, 0xb3, 0xff, 0xbd, 0xa6, 0x09, 0xff, 0xb8, 0xa0, 0x0d, 0xff,
  0xbd, 0xa5, 0x04, 0xff, 0xec, 0xe3, 0xaa, 0xff, 0xfb, 0xf7, 0xf3, 0xff,
  0xf4, 0xed, 0xd7, 0xff, 0xf2, 0xeb, 0xd4, 0xff, 0xf6, 0xf1, 0xdf, 0xff,
  0xf6, 0xf1, 0xe1, 0xff, 0xf5, 0xef, 0xde, 0xff, 0xf8, 0xf4, 0xe6, 0xff,
  0xff, 0xff, 0xff, 0xff, 0xea, 0xe0, 0x98, 0xff, 0xc8, 0xac, 0x00, 0xff,
  0xe4, 0xd5, 0x6c, 0xff, 0xfe, 0xfd, 0xff, 0xff, 0xf7, 0xf1, 0xe1, 0xff,
  0xf5, 0xef, 0xdd, 0xff, 0xf5, 0xee, 0xda, 0xff, 0xf8, 0xf3, 0xe6, 0xff,
  0xf7, 0xf1, 0xe0, 0xff, 0xf7, 0xf1, 0xe0, 0xff, 0xf9, 0xf5, 0xe8, 0xff,
  0xff, 0xff, 0xff, 0xff, 0xe3, 0xd5, 0x72, 0xff, 0xc6, 0xab, 0x00, 0xff,
  0xd8, 0xc8, 0x45, 0xff, 0xfe, 0xfd, 0xfb, 0xff, 0xf8, 0xf4, 0xe8, 0xff,
  0xf6, 0xf0, 0xdf, 0xff, 0xf4, 0xed, 0xda, 0xff, 0xf7, 0xf2, 0xe3, 0xff,
  0xf7, 0xf1, 0xdf, 0xff, 0xf5, 0xee, 0xdb, 0xff, 0xf7, 0xf2, 0xe3, 0xff,
  0xff, 0xfe, 0xff, 0xff, 0xf1, 0xea, 0xbd, 0xff, 0xc8, 0xb3, 0x12, 0xff,
  0xc0, 0xaa, 0x0e, 0xff, 0xbb, 0xa5, 0x0a, 0xff, 0xba, 0xa4, 0x0a, 0xff,
  0xb9, 0xa4, 0x0a, 0xff, 0xba, 0xa5, 0x0a, 0xff, 0xba, 0xa6, 0x0b, 0xff,
  0xbb, 0xa6, 0x0b, 0xff, 0xbc, 0xa7, 0x0b, 0xff, 0xbc, 0xa7, 0x0b, 0xff,
  0xbd, 0xa8, 0x0c, 0xff, 0xbd, 0xa9, 0x0b, 0xff, 0xbd, 0xa9, 0x0a, 0xff,
  0xbe, 0xa9, 0x0b, 0xff, 0xbe, 0xaa, 0x0b, 0xff, 0xbe, 0xaa, 0x0b, 0xff,
  0xbe, 0xaa, 0x0b, 0xff, 0xbe, 0xaa, 0x0b, 0xff, 0xbe, 0xaa, 0x0b, 0xff,
  0xbe, 0xaa, 0x0b, 0xff, 0xbd, 0xaa, 0x0a, 0xff, 0xbd, 0xa9, 0x0a, 0xff,
  0xbd, 0xa9, 0x0a, 0xff, 0xbc, 0xa8, 0x0a, 0xff, 0xbc, 0xa8, 0x0a, 0xff,
  0xbd, 0xa9, 0x0b, 0xff, 0xbd, 0xa9, 0x0a, 0xff, 0xbc, 0xa8, 0x0a, 0xff,
  0xbb, 0xa7, 0x0a, 0xff, 0xba, 0xa6, 0x0a, 0xff, 0xb8, 0xa5, 0x0a, 0xff,
  0xb7, 0xa4, 0x0a, 0xff, 0xb5, 0xa2, 0x09, 0xff, 0xb6, 0xa1, 0x09, 0xff,
  0xb4, 0xa0, 0x08, 0xff, 0xc2, 0xae, 0x08, 0xff, 0xb8, 0xa6, 0x05, 0xff,
  0x7a, 0x64, 0x03, 0xff, 0xa4, 0x87, 0x06, 0xff, 0x93, 0x7a, 0x05, 0xff,
  0x96, 0x7d, 0x05, 0xff, 0x98, 0x7f, 0x06, 0xff, 0x9a, 0x81, 0x07, 0xff,
  0x9b, 0x83, 0x07, 0xff, 0x9c, 0x84, 0x07, 0xff, 0x9d, 0x85, 0x07, 0xff,
  0x9e, 0x86, 0x08, 0xff, 0x9f, 0x87, 0x07, 0xff, 0xa1, 0x89, 0x07, 0xff,
  0xa2, 0x8a, 0x07, 0xff, 0xa2, 0x8b, 0x08, 0xff, 0xa3, 0x8b, 0x08, 0xff,
  0xa2, 0x8b, 0x07, 0xff, 0xa4, 0x8c, 0x07, 0xff, 0xa4, 0x8d, 0x08, 0xff,
  0xa6, 0x8f, 0x09, 0xff, 0xa7, 0x90, 0x09, 0xff, 0xa7, 0x90, 0x09, 0xff,
  0xa7, 0x90, 0x08, 0xff, 0xa9, 0x91, 0x08, 0xff, 0xae, 0x96, 0x0b, 0xff,
  0xb6, 0x9f, 0x03, 0xff, 0xe0, 0xd3, 0x7e, 0xff, 0xfb, 0xf7, 0xf3, 0xff,
  0xf1, 0xea, 0xd2, 0xff, 0xf0, 0xe7, 0xca, 0xff, 0xf6, 0xf0, 0xdd, 0xff,
  0xf7, 0xf1, 0xda, 0xff, 0xf7, 0xf2, 0xe1, 0xff, 0xfb, 0xf9, 0xf4, 0xff,
  0xfd, 0xfb, 0xf4, 0xff, 0xcb, 0xb7, 0x30, 0xff, 0xb8, 0x9f, 0x08, 0xff,
  0xba, 0xa1, 0x00, 0xff, 0xe3, 0xd7, 0x86, 0xff, 0xfc, 0xf9, 0xf8, 0xff,
  0xf4, 0xed, 0xd9, 0xff, 0xf2, 0xea, 0xd4, 0xff, 0xf5, 0xef, 0xdc, 0xff,
  0xf7, 0xf1, 0xe2, 0xff, 0xf5, 0xee, 0xdc, 0xff, 0xf8, 0xf3, 0xe5, 0xff,
  0xff, 0xff, 0xff, 0xff, 0xf0, 0xe8, 0xb2, 0xff, 0xcc, 0xb1, 0x00, 0xff,
  0xe5, 0xd6, 0x6e, 0xff, 0xfe, 0xfd, 0xff, 0xff, 0xf7, 0xf2, 0xe2, 0xff,
  0xf6, 0xf0, 0xdf, 0xff, 0xf6, 0xf0, 0xdb, 0xff, 0xfa, 0xf5, 0xe1, 0xff,
  0xf8, 0xf3, 0xde, 0xff, 0xf8, 0xf2, 0xe1, 0xff, 0xfa, 0xf6, 0xe9, 0xff,
  0xff, 0xff, 0xff, 0xff, 0xe2, 0xd4, 0x68, 0xff, 0xc8, 0xad, 0x00, 0xff,
  0xe2, 0xd4, 0x6e, 0xff, 0xff, 0xfe, 0xff, 0xff, 0xf7, 0xf3, 0xe4, 0xff,
  0xf5, 0xef, 0xde, 0xff, 0xf4, 0xed, 0xd9, 0xff, 0xf8, 0xf3, 0xe4, 0xff,
  0xf6, 0xf0, 0xde, 0xff, 0xf5, 0xef, 0xdd, 0xff, 0xf8, 0xf4, 0xe6, 0xff,
  0xff, 0xff, 0xff, 0xff, 0xe9, 0xe0, 0x9b, 0xff, 0xc5, 0xaf, 0x0a, 0xff,
  0xbf, 0xa9, 0x0f, 0xff, 0xbb, 0xa5, 0x0b, 0xff, 0xba, 0xa4, 0x0b, 0xff,
  0xb9, 0xa4, 0x0b, 0xff, 0xb9, 0xa4, 0x0b, 0xff, 0xb9, 0xa5, 0x0b, 0xff,
  0xba, 0xa6, 0x0b, 0xff, 0xba, 0xa6, 0x0b, 0xff, 0xbb, 0xa6, 0x0b, 0xff,
  0xbc, 0xa7, 0x0b, 0xff, 0xbd, 0xa8, 0x0b, 0xff, 0xbc, 0xa8, 0x0b, 0xff,
  0xbd, 0xa8, 0x0a, 0xff, 0xbd, 0xa8, 0x0a, 0xff, 0xbd, 0xa9, 0x0a, 0xff,
  0xbd, 0xa9, 0x0a, 0xff, 0xbd, 0xa9, 0x0a, 0xff, 0xbd, 0xaa, 0x0b, 0xff,
  0xbd, 0xaa, 0x0b, 0xff, 0xbd, 0xa9, 0x0b, 0xff, 0xbd, 0xa9, 0x0a, 0xff,
  0xbd, 0xa9, 0x09, 0xff, 0xbc, 0xa8, 0x0a, 0xff, 0xbc, 0xa8, 0x0a, 0xff,
  0xbc, 0xa8, 0x0a, 0xff, 0xbb, 0xa7, 0x0a, 0xff, 0xba, 0xa6, 0x0a, 0xff,
  0xba, 0xa6, 0x0a, 0xff, 0xb9, 0xa4, 0x0a, 0xff, 0xb6, 0xa3, 0x09, 0xff,
  0xb6, 0xa2, 0x09, 0xff, 0xb5, 0xa2, 0x09, 0xff, 0xb5, 0xa1, 0x09, 0xff,
  0xb3, 0x9f, 0x08, 0xff, 0xc2, 0xad, 0x08, 0xff, 0xb8, 0xa4, 0x04, 0xff,
  0x79, 0x63, 0x03, 0xff, 0xa4, 0x87, 0x06, 0xff, 0x93, 0x7a, 0x05, 0xff,
  0x95, 0x7c, 0x06, 0xff, 0x97, 0x7f, 0x06, 0xff, 0x99, 0x80, 0x06, 0xff,
  0x9a, 0x81, 0x07, 0xff, 0x9c, 0x83, 0x07, 0xff, 0x9d, 0x85, 0x08, 0xff,
  0x9e, 0x86, 0x08, 0xff, 0x9f, 0x87, 0x08, 0xff, 0xa0, 0x88, 0x07, 0xff,
  0xa1, 0x89, 0x07, 0xff, 0xa1, 0x8a, 0x08, 0xff, 0xa2, 0x8b, 0x08, 0xff,
  0xa3, 0x8c, 0x08, 0xff, 0xa4, 0x8c, 0x07, 0xff, 0xa5, 0x8d, 0x08, 0xff,
  0xa6, 0x8f, 0x08, 0xff, 0xa7, 0x90, 0x08, 0xff, 0xa7, 0x90, 0x09, 0xff,
  0xa6, 0x8f, 0x08, 0xff, 0xa8, 0x90, 0x08, 0xff, 0xab, 0x93, 0x09, 0xff,
  0xb3, 0x9c, 0x05, 0xff, 0xd4, 0xc3, 0x51, 0xff, 0xfa, 0xf6, 0xed, 0xff,
  0xf3, 0xec, 0xd7, 0xff, 0xf3, 0xea, 0xcb, 0xff, 0xf9, 0xf2, 0xc8, 0xff,
  0xfc, 0xf5, 0xca, 0xff, 0xfa, 0xf3, 0xd3, 0xff, 0xf9, 0xf6, 0xea, 0xff,
  0xff, 0xff, 0xff, 0xff, 0xda, 0xcc, 0x6a, 0xff, 0xb8, 0xa0, 0x02, 0xff,
  0xb8, 0x9f, 0x00, 0xff, 0xda, 0xcb, 0x63, 0xff, 0xfd, 0xfa, 0xf9, 0xff,
  0xf5, 0xef, 0xdd, 0xff, 0xf2, 0xeb, 0xd5, 0xff, 0xf5, 0xee, 0xda, 0xff,
  0xf7, 0xf2, 0xe3, 0xff, 0xf5, 0xef, 0xdc, 0xff, 0xf8, 0xf3, 0xe4, 0xff,
  0xfe, 0xfd, 0xff, 0xff, 0xf6, 0xf2, 0xce, 0xff, 0xce, 0xb4, 0x00, 0xff,
  0xe5, 0xd7, 0x6e, 0xff, 0xff, 0xff, 0xff, 0xff, 0xf8, 0xf3, 0xe4, 0xff,
  0xf8, 0xf2, 0xe2, 0xff, 0xfa, 0xf2, 0xc9, 0xff, 0xfd, 0xf7, 0xce, 0xff,
  0xfc, 0xf5, 0xcb, 0xff, 0xfa, 0xf4, 0xdd, 0xff, 0xfa, 0xf6, 0xea, 0xff,
  0xff, 0xff, 0xff, 0xff, 0xe2, 0xd4, 0x6b, 0xff, 0xc9, 0xaf, 0x00, 0xff,
  0xf0, 0xe8, 0xa7, 0xff, 0xfe, 0xfd, 0xff, 0xff, 0xf7, 0xf2, 0xe3, 0xff,
  0xf5, 0xef, 0xde, 0xff, 0xf4, 0xed, 0xd9, 0xff, 0xf8, 0xf3, 0xe5, 0xff,
  0xf5, 0xef, 0xdd, 0xff, 0xf6, 0xf0, 0xdf, 0xff, 0xf9, 0xf5, 0xe9, 0xff,
  0xff, 0xff, 0xff, 0xff, 0xe1, 0xd5, 0x78, 0xff, 0xc3, 0xac, 0x08, 0xff,
  0xbe, 0xa8, 0x0f, 0xff, 0xbb, 0xa5, 0x0b, 0xff, 0xba, 0xa5, 0x0b, 0xff,
  0xb9, 0xa4, 0x0b, 0xff, 0xb8, 0xa3, 0x0b, 0xff, 0xb9, 0xa4, 0x0b, 0xff,
  0xb9, 0xa5, 0x0b, 0xff, 0xb9, 0xa5, 0x0b, 0xff, 0xba, 0xa5, 0x0b, 0xff,
  0xba, 0xa6, 0x0b, 0xff, 0xbb, 0xa7, 0x0b, 0xff, 0xbc, 0xa7, 0x0b, 0xff,
  0xbc, 0xa7, 0x0a, 0xff, 0xbd, 0xa9, 0x0a, 0xff, 0xbe, 0xaa, 0x0c, 0xff,
  0xbf, 0xac, 0x0d, 0xff, 0xbf, 0xac, 0x0e, 0xff, 0xbf, 0xac, 0x0e, 0xff,
  0xc0, 0xad, 0x0e, 0xff, 0xc0, 0xad, 0x0f, 0xff, 0xbf, 0xab, 0x0d, 0xff,
  0xbd, 0xaa, 0x0c, 0xff, 0xbc, 0xa8, 0x0b, 0xff, 0xbb, 0xa6, 0x0a, 0xff,
  0xba, 0xa6, 0x09, 0xff, 0xb9, 0xa6, 0x0a, 0xff, 0xb9, 0xa5, 0x0a, 0xff,
  0xb9, 0xa4, 0x09, 0xff, 0xb7, 0xa4, 0x09, 0xff, 0xb6, 0xa2, 0x09, 0xff,
  0xb4, 0xa1, 0x09, 0xff, 0xb4, 0xa0, 0x09, 0xff, 0xb3, 0x9f, 0x08, 0xff,
  0xb3, 0x9e, 0x07, 0xff, 0xc2, 0xad, 0x08, 0xff, 0xb8, 0xa4, 0x04, 0xff,
  0x7a, 0x64, 0x03, 0xff, 0xa3, 0x87, 0x06, 0xff, 0x92, 0x79, 0x05, 0xff,
  0x95, 0x7c, 0x06, 0xff, 0x96, 0x7e, 0x05, 0xff, 0x98, 0x7f, 0x06, 0xff,
  0x9a, 0x81, 0x07, 0xff, 0x9b, 0x82, 0x07, 0xff, 0x9c, 0x84, 0x08, 0xff,
  0x9d, 0x85, 0x07, 0xff, 0x9e, 0x87, 0x07, 0xff, 0x9f, 0x88, 0x07, 0xff,
  0xa0, 0x88, 0x07, 0xff, 0xa0, 0x89, 0x07, 0xff, 0xa2, 0x8b, 0x08, 0xff,
  0xa3, 0x8b, 0x08, 0xff, 0xa4, 0x8c, 0x08, 0xff, 0xa4, 0x8d, 0x08, 0xff,
  0xa5, 0x8e, 0x09, 0xff, 0xa7, 0x8f, 0x08, 0xff, 0xa6, 0x8f, 0x08, 0xff,
  0xa6, 0x8e, 0x08, 0xff, 0xa6, 0x8e, 0x07, 0xff, 0xa9, 0x91, 0x09, 0xff,
  0xb1, 0x99, 0x08, 0xff, 0xc8, 0xb4, 0x2b, 0xff, 0xf7, 0xf1, 0xdb, 0xff,
  0xf5, 0xef, 0xe0, 0xff, 0xf5, 0xec, 0xc2, 0xff, 0xfd, 0xf7, 0xd2, 0xff,
  0xfe, 0xfe, 0xfd, 0xff, 0xfc, 0xf6, 0xcf, 0xff, 0xfb, 0xf7, 0xe6, 0xff,
  0xff, 0xff, 0xff, 0xff, 0xec, 0xe4, 0xae, 0xff, 0xbd, 0xa5, 0x06, 0xff,
  0xb8, 0x9f, 0x03, 0xff, 0xd3, 0xc0, 0x44, 0xff, 0xfc, 0xfa, 0xf4, 0xff,
  0xf7, 0xf1, 0xe2, 0xff, 0xf3, 0xec, 0xd7, 0xff, 0xf4, 0xed, 0xd8, 0xff,
  0xf8, 0xf3, 0xe4, 0xff, 0xf5, 0xef, 0xdc, 0xff, 0xf8, 0xf3, 0xe5, 0xff,
  0xfd, 0xfb, 0xf8, 0xff, 0xfb, 0xf9, 0xee, 0xff, 0xe2, 0xd4, 0x60, 0xff,
  0xf4, 0xee, 0xbe, 0xff, 0xfe, 0xfd, 0xff, 0xff, 0xf9, 0xf5, 0xe9, 0xff,
  0xf9, 0xf3, 0xd7, 0xff, 0xfc, 0xf7, 0xce, 0xff, 0xfd, 0xfe, 0xff, 0xff,
  0xfe, 0xfc, 0xea, 0xff, 0xfb, 0xf4, 0xcd, 0xff, 0xfa, 0xf7, 0xed, 0xff,
  0xfe, 0xfe, 0xff, 0xff, 0xf7, 0xf4, 0xdb, 0xff, 0xea, 0xe1, 0x92, 0xff,
  0xfb, 0xf9, 0xeb, 0xff, 0xfc, 0xfa, 0xf7, 0xff, 0xf7, 0xf3, 0xe5, 0xff,
  0xf5, 0xef, 0xde, 0xff, 0xf4, 0xee, 0xda, 0xff, 0xf8, 0xf3, 0xe5, 0xff,
  0xf5, 0xef, 0xdc, 0xff, 0xf6, 0xf1, 0xe0, 0xff, 0xf9, 0xf6, 0xec, 0xff,
  0xff, 0xff, 0xff, 0xff, 0xd9, 0xca, 0x58, 0xff, 0xc1, 0xaa, 0x07, 0xff,
  0xbc, 0xa6, 0x0d, 0xff, 0xb9, 0xa4, 0x0b, 0xff, 0xb9, 0xa4, 0x0b, 0xff,
  0xb9, 0xa4, 0x0b, 0xff, 0xb8, 0xa4, 0x0b, 0xff, 0xb8, 0xa4, 0x0b, 0xff,
  0xb9, 0xa4, 0x0b, 0xff, 0xb9, 0xa4, 0x0b, 0xff, 0xb9, 0xa5, 0x0c, 0xff,
  0xba, 0xa5, 0x0b, 0xff, 0xbb, 0xa6, 0x0b, 0xff, 0xbc, 0xa7, 0x0b, 0xff,
  0xbd, 0xa9, 0x0b, 0xff, 0xc0, 0xac, 0x0e, 0xff, 0xc3, 0xb0, 0x0f, 0xff,
  0xc4, 0xb1, 0x09, 0xff, 0xc5, 0xb1, 0x08, 0xff, 0xc6, 0xb3, 0x0d, 0xff,
  0xc6, 0xb4, 0x0e, 0xff, 0xc5, 0xb2, 0x0b, 0xff, 0xc2, 0xaf, 0x0b, 0xff,
  0xc1, 0xae, 0x10, 0xff, 0xbd, 0xa9, 0x0c, 0xff, 0xbb, 0xa6, 0x0a, 0xff,
  0xba, 0xa5, 0x09, 0xff, 0xb8, 0xa5, 0x0a, 0xff, 0xb8, 0xa4, 0x0a, 0xff,
  0xb8, 0xa4, 0x0a, 0xff, 0xb7, 0xa3, 0x0a, 0xff, 0xb6, 0xa2, 0x0a, 0xff,
  0xb4, 0xa0, 0x09, 0xff, 0xb2, 0x9e, 0x08, 0xff, 0xb2, 0x9d, 0x08, 0xff,
  0xb1, 0x9d, 0x08, 0xff, 0xc0, 0xab, 0x08, 0xff, 0xb7, 0xa3, 0x04, 0xff,
  0x7b, 0x65, 0x04, 0xff, 0xa2, 0x86, 0x06, 0xff, 0x91, 0x78, 0x04, 0xff,
  0x94, 0x7b, 0x06, 0xff, 0x95, 0x7d, 0x06, 0xff, 0x97, 0x7e, 0x06, 0xff,
  0x9a, 0x81, 0x07, 0xff, 0x9a, 0x82, 0x06, 0xff, 0x9b, 0x83, 0x07, 0xff,
  0x9c, 0x84, 0x07, 0xff, 0x9e, 0x86, 0x07, 0xff, 0x9f, 0x87, 0x07, 0xff,
  0x9f, 0x87, 0x07, 0xff, 0xa1, 0x88, 0x07, 0xff, 0xa1, 0x89, 0x07, 0xff,
  0xa1, 0x89, 0x07, 0xff, 0xa2, 0x8a, 0x08, 0xff, 0xa3, 0x8c, 0x08, 0xff,
  0xa4, 0x8d, 0x09, 0xff, 0xa5, 0x8d, 0x08, 0xff, 0xa6, 0x8e, 0x08, 0xff,
  0xa5, 0x8e, 0x08, 0xff, 0xa5, 0x8d, 0x07, 0xff, 0xa7, 0x8f, 0x08, 0xff,
  0xae, 0x97, 0x0b, 0xff, 0xbc, 0xa7, 0x10, 0xff, 0xec, 0xe4, 0xb4, 0xff,
  0xf8, 0xf4, 0xea, 0xff, 0xf8, 0xf1, 0xd3, 0xff, 0xfd, 0xf7, 0xcf, 0xff,
  0xfd, 0xfb, 0xed, 0xff, 0xfb, 0xf4, 0xca, 0xff, 0xf9, 0xf2, 0xdc, 0xff,
  0xfd, 0xfa, 0xf7, 0xff, 0xfb, 0xf9, 0xea, 0xff, 0xc8, 0xb3, 0x21, 0xff,
  0xba, 0xa0, 0x01, 0xff, 0xcf, 0xba, 0x2d, 0xff, 0xfa, 0xf7, 0xe9, 0xff,
  0xf8, 0xf4, 0xe9, 0xff, 0xf3, 0xed, 0xd9, 0xff, 0xf3, 0xec, 0xd7, 0xff,
  0xf8, 0xf3, 0xe5, 0xff, 0xf6, 0xf0, 0xdf, 0xff, 0xf8, 0xf3, 0xe4, 0xff,
  0xfa, 0xf7, 0xee, 0xff, 0xfd, 0xfd, 0xfc, 0xff, 0xff, 0xff, 0xff, 0xff,
  0xff, 0xff, 0xff, 0xff, 0xfb, 0xf9, 0xf2, 0xff, 0xf9, 0xf6, 0xeb, 0xff,
  0xfa, 0xf4, 0xd9, 0xff, 0xfd, 0xf6, 0xc8, 0xff, 0xfe, 0xff, 0xff, 0xff,
  0xfd, 0xfa, 0xdf, 0xff, 0xfc, 0xf6, 0xce, 0xff, 0xfb, 0xf8, 0xf0, 0xff,
  0xfc, 0xfa, 0xf4, 0xff, 0xff, 0xff, 0xff, 0xff, 0xff, 0xff, 0xff, 0xff,
  0xfd, 0xfb, 0xfa, 0xff, 0xfa, 0xf6, 0xed, 0xff, 0xf8, 0xf3, 0xe5, 0xff,
  0xf7, 0xf1, 0xe0, 0xff, 0xf7, 0xf2, 0xe0, 0xff, 0xf9, 0xf5, 0xe8, 0xff,
  0xf6, 0xef, 0xdc, 0xff, 0xf7, 0xf2, 0xe1, 0xff, 0xfb, 0xf8, 0xf0, 0xff,
  0xfd, 0xfc, 0xf8, 0xff, 0xd3, 0xc1, 0x40, 0xff, 0xbf, 0xa8, 0x09, 0xff,
  0xba, 0xa4, 0x0c, 0xff, 0xb7, 0xa2, 0x0a, 0xff, 0xb7, 0xa2, 0x0a, 0xff,
  0xb7, 0xa2, 0x0b, 0xff, 0xb7, 0xa2, 0x0b, 0xff, 0xb7, 0xa3, 0x0b, 0xff,
  0xb8, 0xa4, 0x0b, 0xff, 0xb9, 0xa4, 0x0b, 0xff, 0xb9, 0xa4, 0x0b, 0xff,
  0xba, 0xa5, 0x0b, 0xff, 0xbb, 0xa7, 0x0b, 0xff, 0xbf, 0xab, 0x0e, 0xff,
  0xc2, 0xaf, 0x0f, 0xff, 0xc5, 0xb2, 0x09, 0xff, 0xce, 0xbc, 0x1e, 0xff,
  0xda, 0xcd, 0x50, 0xff, 0xe5, 0xdc, 0x84, 0xff, 0xeb, 0xe4, 0xa3, 0xff,
  0xec, 0xe6, 0xaa, 0xff, 0xe5, 0xdc, 0x8b, 0xff, 0xd5, 0xc7, 0x46, 0xff,
  0xc7, 0xb4, 0x12, 0xff, 0xc2, 0xaf, 0x11, 0xff, 0xbc, 0xa8, 0x0c, 0xff,
  0xb9, 0xa5, 0x0a, 0xff, 0xb8, 0xa4, 0x0a, 0xff, 0xb7, 0xa4, 0x0a, 0xff,
  0xb7, 0xa3, 0x0a, 0xff, 0xb6, 0xa2, 0x0a, 0xff, 0xb6, 0xa1, 0x09, 0xff,
  0xb4, 0x9f, 0x08, 0xff, 0xb2, 0x9d, 0x08, 0xff, 0xb1, 0x9c, 0x08, 0xff,
  0xaf, 0x9b, 0x08, 0xff, 0xbe, 0xaa, 0x08, 0xff, 0xb6, 0xa2, 0x05, 0xff,
  0x7b, 0x64, 0x03, 0xff, 0xa1, 0x85, 0x06, 0xff, 0x90, 0x77, 0x05, 0xff,
  0x93, 0x7a, 0x05, 0xff, 0x95, 0x7c, 0x06, 0xff, 0x96, 0x7e, 0x06, 0xff,
  0x97, 0x7f, 0x07, 0xff, 0x99, 0x81, 0x06, 0xff, 0x9b, 0x83, 0x07, 0xff,
  0x9c, 0x84, 0x07, 0xff, 0x9c, 0x84, 0x07, 0xff, 0x9e, 0x86, 0x07, 0xff,
  0x9f, 0x87, 0x07, 0xff, 0x9f, 0x87, 0x08, 0xff, 0xa0, 0x89, 0x08, 0xff,
  0xa0, 0x88, 0x07, 0xff, 0xa1, 0x8a, 0x08, 0xff, 0xa3, 0x8b, 0x08, 0xff,
  0xa5, 0x8d, 0x09, 0xff, 0xa5, 0x8e, 0x08, 0xff, 0xa5, 0x8d, 0x08, 0xff,
  0xa5, 0x8e, 0x08, 0xff, 0xa5, 0x8d, 0x08, 0xff, 0xa6, 0x8e, 0x08, 0xff,
  0xac, 0x95, 0x0c, 0xff, 0xb3, 0x9c, 0x02, 0xff, 0xde, 0xd1, 0x7d, 0xff,
  0xfe, 0xfb, 0xfa, 0xff, 0xf4, 0xee, 0xd7, 0xff, 0xf5, 0xec, 0xbd, 0xff,
  0xfa, 0xf3, 0xc8, 0xff, 0xf8, 0xf1, 0xd4, 0xff, 0xf6, 0xef, 0xda, 0xff,
  0xf9, 0xf5, 0xe9, 0xff, 0xff, 0xff, 0xff, 0xff, 0xde, 0xd1, 0x6c, 0xff,
  0xc1, 0xa8, 0x00, 0xff, 0xcb, 0xb4, 0x1e, 0xff, 0xf7, 0xf2, 0xda, 0xff,
  0xfa, 0xf6, 0xef, 0xff, 0xf5, 0xee, 0xdb, 0xff, 0xf5, 0xee, 0xd9, 0xff,
  0xfa, 0xf5, 0xe4, 0xff, 0xf8, 0xf2, 0xdd, 0xff, 0xf7, 0xf2, 0xe3, 0xff,
  0xf8, 0xf4, 0xe8, 0xff, 0xfb, 0xf8, 0xf1, 0xff, 0xfc, 0xfa, 0xf4, 0xff,
  0xfc, 0xf9, 0xf2, 0xff, 0xfa, 0xf7, 0xed, 0xff, 0xf8, 0xf4, 0xe7, 0xff,
  0xf9, 0xf4, 0xe2, 0xff, 0xfc, 0xf6, 0xd0, 0xff, 0xfc, 0xf6, 0xc3, 0xff,
  0xfd, 0xf6, 0xcb, 0xff, 0xfa, 0xf4, 0xdd, 0xff, 0xf9, 0xf5, 0xe8, 0xff,
  0xfa, 0xf7, 0xee, 0xff, 0xfc, 0xfa, 0xf4, 0xff, 0xfc, 0xfa, 0xf3, 0xff,
  0xfb, 0xf9, 0xf2, 0xff, 0xf9, 0xf5, 0xea, 0xff, 0xf8, 0xf3, 0xe3, 0xff,
  0xf9, 0xf3, 0xd6, 0xff, 0xfc, 0xf5, 0xc7, 0xff, 0xfc, 0xf5, 0xcd, 0xff,
  0xf9, 0xf2, 0xd9, 0xff, 0xf8, 0xf3, 0xe4, 0xff, 0xfc, 0xfa, 0xf6, 0xff,
  0xfa, 0xf8, 0xec, 0xff, 0xcd, 0xba, 0x2f, 0xff, 0xbe, 0xa8, 0x0b, 0xff,
  0xb8, 0xa2, 0x0c, 0xff, 0xb6, 0xa0, 0x0a, 0xff, 0xb6, 0xa1, 0x0a, 0xff,
  0xb6, 0xa1, 0x0a, 0xff, 0xb5, 0xa1, 0x0b, 0xff, 0xb6, 0xa1, 0x0b, 0xff,
  0xb7, 0xa2, 0x0b, 0xff, 0xb9, 0xa4, 0x0a, 0xff, 0xb9, 0xa4, 0x0a, 0xff,
  0xba, 0xa5, 0x0b, 0xff, 0xbf, 0xab, 0x10, 0xff, 0xc3, 0xaf, 0x0c, 0xff,
  0xcc, 0xba, 0x1a, 0xff, 0xe3, 0xd8, 0x76, 0xff, 0xf6, 0xf3, 0xd6, 0xff,
  0xff, 0xff, 0xff, 0xff, 0xff, 0xff, 0xff, 0xff, 0xff, 0xff, 0xff, 0xff,
  0xff, 0xff, 0xff, 0xff, 0xff, 0xff, 0xff, 0xff, 0xff, 0xff, 0xff, 0xff,
  0xe6, 0xdd, 0x8e, 0xff, 0xc5, 0xb3, 0x15, 0xff, 0xbe, 0xab, 0x0f, 0xff,
  0xba, 0xa5, 0x0b, 0xff, 0xb7, 0xa3, 0x0b, 0xff, 0xb6, 0xa2, 0x0b, 0xff,
  0xb6, 0xa2, 0x0a, 0xff, 0xb5, 0xa1, 0x09, 0xff, 0xb4, 0xa0, 0x08, 0xff,
  0xb3, 0x9f, 0x08, 0xff, 0xb2, 0x9d, 0x08, 0xff, 0xb0, 0x9c, 0x08, 0xff,
  0xaf, 0x9a, 0x08, 0xff, 0xbd, 0xa8, 0x08, 0xff, 0xb5, 0xa1, 0x05, 0xff,
  0x7a, 0x63, 0x03, 0xff, 0xa1, 0x85, 0x05, 0xff, 0x90, 0x76, 0x05, 0xff,
  0x92, 0x79, 0x05, 0xff, 0x94, 0x7b, 0x05, 0xff, 0x95, 0x7c, 0x06, 0xff,
  0x96, 0x7d, 0x06, 0xff, 0x98, 0x80, 0x06, 0xff, 0x9a, 0x81, 0x07, 0xff,
  0x9b, 0x82, 0x07, 0xff, 0x9b, 0x83, 0x07, 0xff, 0x9d, 0x85, 0x07, 0xff,
  0x9d, 0x85, 0x07, 0xff, 0x9e, 0x86, 0x07, 0xff, 0x9f, 0x87, 0x07, 0xff,
  0xa0, 0x89, 0x08, 0xff, 0xa1, 0x8a, 0x07, 0xff, 0xa3, 0x8b, 0x08, 0xff,
  0xa4, 0x8c, 0x09, 0xff, 0xa5, 0x8e, 0x09, 0xff, 0xa5, 0x8e, 0x08, 0xff,
  0xa5, 0x8e, 0x08, 0xff, 0xa5, 0x8e, 0x08, 0xff, 0xa6, 0x8e, 0x08, 0xff,
  0xa9, 0x91, 0x0a, 0xff, 0xb0, 0x99, 0x06, 0xff, 0xce, 0xbc, 0x44, 0xff,
  0xf9, 0xf4, 0xe8, 0xff, 0xf3, 0xec, 0xd7, 0xff, 0xf0, 0xe8, 0xcc, 0xff,
  0xf3, 0xec, 0xd5, 0xff, 0xf5, 0xef, 0xda, 0xff, 0xf3, 0xec, 0xd5, 0xff,
  0xf7, 0xf2, 0xe3, 0xff, 0xfe, 0xfd, 0xff, 0xff, 0xf5, 0xf0, 0xcc, 0xff,
  0xca, 0xb3, 0x0d, 0xff, 0xc5, 0xad, 0x00, 0xff, 0xf3, 0xed, 0xc6, 0xff,
  0xfc, 0xfa, 0xf8, 0xff, 0xf7, 0xf1, 0xdf, 0xff, 0xf9, 0xf1, 0xcb, 0xff,
  0xfc, 0xf7, 0xcc, 0xff, 0xfb, 0xf5, 0xca, 0xff, 0xf8, 0xf2, 0xd7, 0xff,
  0xf8, 0xf3, 0xe4, 0xff, 0xf9, 0xf5, 0xe8, 0xff, 0xf9, 0xf6, 0xeb, 0xff,
  0xf9, 0xf6, 0xeb, 0xff, 0xf8, 0xf4, 0xe8, 0xff, 0xf7, 0xf2, 0xe5, 0xff,
  0xf9, 0xf4, 0xe5, 0xff, 0xfa, 0xf6, 0xe6, 0xff, 0xf8, 0xf2, 0xde, 0xff,
  0xfa, 0xf6, 0xe6, 0xff, 0xf9, 0xf4, 0xe6, 0xff, 0xf7, 0xf2, 0xe5, 0xff,
  0xf8, 0xf4, 0xe7, 0xff, 0xf8, 0xf4, 0xe9, 0xff, 0xf9, 0xf5, 0xea, 0xff,
  0xf9, 0xf6, 0xea, 0xff, 0xf9, 0xf5, 0xe8, 0xff, 0xfa, 0xf6, 0xe3, 0xff,
  0xfd, 0xf6, 0xcb, 0xff, 0xfe, 0xfc, 0xea, 0xff, 0xfd, 0xfa, 0xe0, 0xff,
  0xfb, 0xf4, 0xc7, 0xff, 0xf9, 0xf5, 0xe5, 0xff, 0xfd, 0xfc, 0xfb, 0xff,
  0xf8, 0xf5, 0xe2, 0xff, 0xca, 0xb6, 0x25, 0xff, 0xbc, 0xa6, 0x0c, 0xff,
  0xb7, 0xa1, 0x0b, 0xff, 0xb5, 0xa0, 0x0a, 0xff, 0xb5, 0x9f, 0x0a, 0xff,
  0xb5, 0xa0, 0x0a, 0xff, 0xb5, 0xa0, 0x0a, 0xff, 0xb5, 0xa0, 0x0a, 0xff,
  0xb7, 0xa2, 0x0a, 0xff, 0xb9, 0xa4, 0x0b, 0xff, 0xba, 0xa6, 0x0a, 0xff,
  0xbe, 0xab, 0x0f, 0xff, 0xc3, 0xb0, 0x09, 0xff, 0xd5, 0xc6, 0x41, 0xff,
  0xf5, 0xf1, 0xcc, 0xff, 0xff, 0xff, 0xff, 0xff, 0xff, 0xff, 0xff, 0xff,
  0xfc, 0xfa, 0xf5, 0xff, 0xfa, 0xf7, 0xee, 0xff, 0xf9, 0xf6, 0xeb, 0xff,
  0xf9, 0xf6, 0xeb, 0xff, 0xfa, 0xf7, 0xee, 0xff, 0xfd, 0xfc, 0xfb, 0xff,
  0xff, 0xff, 0xff, 0xff, 0xd6, 0xc9, 0x57, 0xff, 0xbf, 0xab, 0x0b, 0xff,
  0xba, 0xa6, 0x0e, 0xff, 0xb6, 0xa2, 0x0a, 0xff, 0xb5, 0xa1, 0x09, 0xff,
  0xb5, 0xa0, 0x09, 0xff, 0xb4, 0xa0, 0x09, 0xff, 0xb3, 0x9f, 0x08, 0xff,
  0xb2, 0x9d, 0x08, 0xff, 0xb0, 0x9b, 0x08, 0xff, 0xaf, 0x9a, 0x08, 0xff,
  0xae, 0x99, 0x07, 0xff, 0xbd, 0xa8, 0x08, 0xff, 0xb5, 0xa1, 0x06, 0xff,
  0x78, 0x62, 0x03, 0xff, 0xa0, 0x84, 0x06, 0xff, 0x8f, 0x76, 0x05, 0xff,
  0x91, 0x78, 0x06, 0xff, 0x92, 0x7a, 0x06, 0xff, 0x94, 0x7b, 0x06, 0xff,
  0x95, 0x7d, 0x06, 0xff, 0x98, 0x7f, 0x06, 0xff, 0x99, 0x80, 0x07, 0xff,
  0x9a, 0x82, 0x07, 0xff, 0x9c, 0x83, 0x07, 0xff, 0x9b, 0x83, 0x07, 0xff,
  0x9c, 0x84, 0x07, 0xff, 0x9d, 0x85, 0x07, 0xff, 0x9e, 0x86, 0x07, 0xff,
  0xa0, 0x88, 0x07, 0xff, 0xa1, 0x89, 0x07, 0xff, 0xa1, 0x8a, 0x07, 0xff,
  0xa3, 0x8c, 0x08, 0xff, 0xa4, 0x8d, 0x08, 0xff, 0xa5, 0x8d, 0x08, 0xff,
  0xa4, 0x8d, 0x08, 0xff, 0xa4, 0x8d, 0x08, 0xff, 0xa5, 0x8e, 0x08, 0xff,
  0xa8, 0x90, 0x09, 0xff, 0xae, 0x97, 0x0b, 0xff, 0xbc, 0xa6, 0x13, 0xff,
  0xed, 0xe5, 0xba, 0xff, 0xf8, 0xf2, 0xe8, 0xff, 0xef, 0xe7, 0xcb, 0xff,
  0xef, 0xe7, 0xca, 0xff, 0xf5, 0xef, 0xdb, 0xff, 0xf1, 0xea, 0xd2, 0xff,
  0xf5, 0xef, 0xde, 0xff, 0xfa, 0xf7, 0xed, 0xff, 0xff, 0xff, 0xff, 0xff,
  0xe0, 0xd4, 0x76, 0xff, 0xdc, 0xce, 0x56, 0xff, 0xfd, 0xfb, 0xf2, 0xff,
  0xfb, 0xf8, 0xf4, 0xff, 0xf8, 0xf2, 0xdc, 0xff, 0xfc, 0xf5, 0xc6, 0xff,
  0xfe, 0xfe, 0xfb, 0xff, 0xfd, 0xfc, 0xf0, 0xff, 0xfb, 0xf4, 0xc5, 0xff,
  0xf8, 0xf3, 0xe0, 0xff, 0xf7, 0xf2, 0xe3, 0xff, 0xf6, 0xf2, 0xe4, 0xff,
  0xf7, 0xf2, 0xe5, 0xff, 0xf7, 0xf2, 0xe4, 0xff, 0xf8, 0xf3, 0xe4, 0xff,
  0xfa, 0xf6, 0xe5, 0xff, 0xf7, 0xf2, 0xe2, 0xff, 0xf6, 0xf2, 0xe3, 0xff,
  0xf8, 0xf3, 0xe4, 0xff, 0xf9, 0xf5, 0xe6, 0xff, 0xf7, 0xf1, 0xe3, 0xff,
  0xf6, 0xf2, 0xe4, 0xff, 0xf6, 0xf2, 0xe4, 0xff, 0xf6, 0xf2, 0xe3, 0xff,
  0xf6, 0xf1, 0xe2, 0xff, 0xf6, 0xf1, 0xe2, 0xff, 0xf9, 0xf2, 0xd9, 0xff,
  0xfc, 0xf6, 0xc8, 0xff, 0xfe, 0xff, 0xff, 0xff, 0xfe, 0xfe, 0xfd, 0xff,
  0xfc, 0xf6, 0xc8, 0xff, 0xfb, 0xf6, 0xe7, 0xff, 0xfe, 0xfe, 0xff, 0xff,
  0xf6, 0xf2, 0xd7, 0xff, 0xc7, 0xb2, 0x1d, 0xff, 0xbb, 0xa4, 0x0c, 0xff,
  0xb6, 0xa0, 0x0b, 0xff, 0xb4, 0x9f, 0x0a, 0xff, 0xb4, 0x9f, 0x09, 0xff,
  0xb5, 0xa0, 0x09, 0xff, 0xb5, 0xa0, 0x0a, 0xff, 0xb5, 0xa0, 0x0a, 0xff,
  0xb6, 0xa1, 0x0a, 0xff, 0xb9, 0xa5, 0x0b, 0xff, 0xbe, 0xaa, 0x0f, 0xff,
  0xc3, 0xaf, 0x07, 0xff, 0xdd, 0xd1, 0x61, 0xff, 0xfd, 0xfd, 0xf7, 0xff,
  0xff, 0xff, 0xff, 0xff, 0xfb, 0xf9, 0xf2, 0xff, 0xf9, 0xf6, 0xeb, 0xff,
  0xf8, 0xf3, 0xe7, 0xff, 0xf7, 0xf2, 0xe4, 0xff, 0xf6, 0xf1, 0xe3, 0xff,
  0xf6, 0xf2, 0xe4, 0xff, 0xf8, 0xf3, 0xe7, 0xff, 0xf9, 0xf6, 0xeb, 0xff,
  0xff, 0xff, 0xff, 0xff, 0xe0, 0xd5, 0x7d, 0xff, 0xbd, 0xaa, 0x08, 0xff,
  0xba, 0xa6, 0x0f, 0xff, 0xb6, 0xa1, 0x0a, 0xff, 0xb4, 0xa0, 0x08, 0xff,
  0xb3, 0x9f, 0x08, 0xff, 0xb3, 0x9e, 0x09, 0xff, 0xb2, 0x9e, 0x09, 0xff,
  0xb1, 0x9c, 0x09, 0xff, 0xaf, 0x9a, 0x08, 0xff, 0xaf, 0x9a, 0x08, 0xff,
  0xad, 0x98, 0x07, 0xff, 0xbc, 0xa7, 0x08, 0xff, 0xb4, 0xa1, 0x05, 0xff,
  0x76, 0x60, 0x03, 0xff, 0x9f, 0x83, 0x06, 0xff, 0x8e, 0x75, 0x05, 0xff,
  0x8f, 0x77, 0x05, 0xff, 0x91, 0x79, 0x05, 0xff, 0x93, 0x7a, 0x05, 0xff,
  0x95, 0x7c, 0x05, 0xff, 0x97, 0x7e, 0x05, 0xff, 0x99, 0x80, 0x06, 0xff,
  0x9a, 0x82, 0x07, 0xff, 0x9a, 0x82, 0x06, 0xff, 0x9b, 0x83, 0x07, 0xff,
  0x9c, 0x83, 0x06, 0xff, 0x9c, 0x85, 0x07, 0xff, 0x9e, 0x86, 0x07, 0xff,
  0x9f, 0x87, 0x06, 0xff, 0x9f, 0x88, 0x07, 0xff, 0xa0, 0x89, 0x07, 0xff,
  0xa2, 0x8a, 0x07, 0xff, 0xa3, 0x8b, 0x08, 0xff, 0xa2, 0x8b, 0x08, 0xff,
  0xa3, 0x8c, 0x08, 0xff, 0xa3, 0x8c, 0x08, 0xff, 0xa4, 0x8d, 0x08, 0xff,
  0xa6, 0x8f, 0x08, 0xff, 0xab, 0x94, 0x0b, 0xff, 0xb3, 0x9c, 0x02, 0xff,
  0xdd, 0xcf, 0x78, 0xff, 0xfb, 0xf7, 0xf2, 0xff, 0xf1, 0xe9, 0xd1, 0xff,
  0xee, 0xe5, 0xc7, 0xff, 0xf4, 0xee, 0xda, 0xff, 0xf1, 0xea, 0xd2, 0xff,
  0xf3, 0xec, 0xd8, 0xff, 0xf8, 0xf3, 0xe5, 0xff, 0xfc, 0xf9, 0xf4, 0xff,
  0xff, 0xff, 0xff, 0xff, 0xff, 0xff, 0xff, 0xff, 0xfd, 0xfc, 0xfc, 0xff,
  0xfa, 0xf6, 0xeb, 0xff, 0xfa, 0xf5, 0xdf, 0xff, 0xfd, 0xf7, 0xca, 0xff,
  0xfd, 0xfd, 0xfb, 0xff, 0xfe, 0xfd, 0xf4, 0xff, 0xfb, 0xf4, 0xc5, 0xff,
  0xf8, 0xf1, 0xde, 0xff, 0xf7, 0xf1, 0xe0, 0xff, 0xf6, 0xf0, 0xe1, 0xff,
  0xf6, 0xf1, 0xe2, 0xff, 0xf6, 0xf1, 0xe2, 0xff, 0xf9, 0xf5, 0xe5, 0xff,
  0xf7, 0xf2, 0xe2, 0xff, 0xf5, 0xf0, 0xe1, 0xff, 0xf6, 0xf1, 0xe1, 0xff,
  0xf6, 0xf0, 0xe0, 0xff, 0xf9, 0xf5, 0xe5, 0xff, 0xf6, 0xf1, 0xe2, 0xff,
  0xf6, 0xf0, 0xe1, 0xff, 0xf6, 0xf1, 0xe1, 0xff, 0xf6, 0xf0, 0xe1, 0xff,
  0xf5, 0xf0, 0xe0, 0xff, 0xf6, 0xf1, 0xe1, 0xff, 0xf8, 0xf2, 0xde, 0xff,
  0xfc, 0xf5, 0xc8, 0xff, 0xfe, 0xf9, 0xd4, 0xff, 0xfd, 0xf7, 0xc9, 0xff,
  0xfb, 0xf4, 0xce, 0xff, 0xfa, 0xf6, 0xeb, 0xff, 0xff, 0xfe, 0xff, 0xff,
  0xf4, 0xef, 0xcf, 0xff, 0xc7, 0xb1, 0x18, 0xff, 0xbb, 0xa4, 0x0c, 0xff,
  0xb4, 0x9e, 0x0a, 0xff, 0xb4, 0x9e, 0x0a, 0xff, 0xb4, 0x9f, 0x0a, 0xff,
  0xb4, 0x9f, 0x09, 0xff, 0xb4, 0x9f, 0x0a, 0xff, 0xb5, 0xa0, 0x0a, 0xff,
  0xb8, 0xa2, 0x0a, 0xff, 0xbe, 0xa9, 0x10, 0xff, 0xc2, 0xae, 0x06, 0xff,
  0xde, 0xd3, 0x6a, 0xff, 0xff, 0xff, 0xff, 0xff, 0xfe, 0xfd, 0xfe, 0xff,
  0xfa, 0xf7, 0xee, 0xff, 0xf8, 0xf4, 0xeb, 0xff, 0xf7, 0xf2, 0xe5, 0xff,
  0xf5, 0xf0, 0xe0, 0xff, 0xf6, 0xf0, 0xe0, 0xff, 0xf5, 0xf0, 0xdf, 0xff,
  0xf5, 0xf0, 0xdf, 0xff, 0xf6, 0xf1, 0xe2, 0xff, 0xfa, 0xf7, 0xf0, 0xff,
  0xfd, 0xfb, 0xf7, 0xff, 0xd0, 0xc1, 0x44, 0xff, 0xbc, 0xa8, 0x0c, 0xff,
  0xb8, 0xa4, 0x0d, 0xff, 0xb4, 0xa1, 0x09, 0xff, 0xb4, 0xa0, 0x09, 0xff,
  0xb2, 0x9e, 0x09, 0xff, 0xb1, 0x9c, 0x09, 0xff, 0xb1, 0x9d, 0x09, 0xff,
  0xb0, 0x9c, 0x09, 0xff, 0xaf, 0x9a, 0x09, 0xff, 0xaf, 0x9a, 0x08, 0xff,
  0xac, 0x97, 0x07, 0xff, 0xba, 0xa6, 0x07, 0xff, 0xb4, 0xa1, 0x04, 0xff,
  0x75, 0x5f, 0x02, 0xff, 0x9e, 0x81, 0x06, 0xff, 0x8d, 0x73, 0x05, 0xff,
  0x8e, 0x75, 0x05, 0xff, 0x91, 0x77, 0x05, 0xff, 0x92, 0x79, 0x05, 0xff,
  0x93, 0x7a, 0x05, 0xff, 0x95, 0x7c, 0x05, 0xff, 0x98, 0x7e, 0x06, 0xff,
  0x99, 0x81, 0x06, 0xff, 0x99, 0x81, 0x06, 0xff, 0x9a, 0x82, 0x05, 0xff,
  0x9b, 0x83, 0x06, 0xff, 0x9c, 0x84, 0x06, 0xff, 0x9c, 0x85, 0x07, 0xff,
  0x9d, 0x86, 0x06, 0xff, 0x9e, 0x87, 0x07, 0xff, 0x9f, 0x88, 0x07, 0xff,
  0xa0, 0x88, 0x07, 0xff, 0xa1, 0x8a, 0x08, 0xff, 0xa2, 0x8a, 0x07, 0xff,
  0xa2, 0x8a, 0x07, 0xff, 0xa3, 0x8b, 0x08, 0xff, 0xa4, 0x8d, 0x08, 0xff,
  0xa6, 0x8e, 0x08, 0xff, 0xa9, 0x91, 0x09, 0xff, 0xb0, 0x98, 0x04, 0xff,
  0xcc, 0xb8, 0x36, 0xff, 0xf9, 0xf4, 0xe6, 0xff, 0xf4, 0xed, 0xdb, 0xff,
  0xee, 0xe5, 0xc8, 0xff, 0xf3, 0xec, 0xd5, 0xff, 0xf3, 0xed, 0xd5, 0xff,
  0xf2, 0xea, 0xd2, 0xff, 0xf6, 0xef, 0xde, 0xff, 0xf9, 0xf5, 0xe9, 0xff,
  0xfb, 0xf8, 0xf2, 0xff, 0xfb, 0xf8, 0xf1, 0xff, 0xfa, 0xf6, 0xec, 0xff,
  0xfa, 0xf7, 0xeb, 0xff, 0xfa, 0xf7, 0xea, 0xff, 0xfb, 0xf3, 0xc7, 0xff,
  0xfd, 0xf7, 0xc7, 0xff, 0xfc, 0xf5, 0xc9, 0xff, 0xf9, 0xf1, 0xd0, 0xff,
  0xf7, 0xf1, 0xdf, 0xff, 0xf6, 0xf0, 0xdf, 0xff, 0xf5, 0xf0, 0xe0, 0xff,
  0xf5, 0xef, 0xe0, 0xff, 0xf7, 0xf2, 0xe2, 0xff, 0xf8, 0xf4, 0xe2, 0xff,
  0xf5, 0xf0, 0xe0, 0xff, 0xf5, 0xf0, 0xe0, 0xff, 0xf5, 0xf0, 0xe0, 0xff,
  0xf5, 0xf0, 0xe0, 0xff, 0xf8, 0xf4, 0xe3, 0xff, 0xf7, 0xf3, 0xe2, 0xff,
  0xf5, 0xf0, 0xe0, 0xff, 0xf6, 0xf0, 0xe0, 0xff, 0xf5, 0xf0, 0xe0, 0xff,
  0xf6, 0xf0, 0xe0, 0xff, 0xf6, 0xf1, 0xe0, 0xff, 0xf7, 0xf1, 0xe0, 0xff,
  0xfb, 0xf7, 0xe6, 0xff, 0xfa, 0xf4, 0xd1, 0xff, 0xfa, 0xf4, 0xd5, 0xff,
  0xf8, 0xf4, 0xe3, 0xff, 0xf9, 0xf5, 0xe8, 0xff, 0xff, 0xfe, 0xff, 0xff,
  0xf4, 0xef, 0xcc, 0xff, 0xc7, 0xb1, 0x15, 0xff, 0xba, 0xa3, 0x0c, 0xff,
  0xb4, 0x9e, 0x0a, 0xff, 0xb3, 0x9d, 0x09, 0xff, 0xb3, 0x9d, 0x0a, 0xff,
  0xb3, 0x9d, 0x09, 0xff, 0xb4, 0x9e, 0x09, 0xff, 0xb6, 0xa1, 0x0a, 0xff,
  0xbc, 0xa8, 0x0f, 0xff, 0xc1, 0xac, 0x05, 0xff, 0xdb, 0xcd, 0x5a, 0xff,
  0xff, 0xff, 0xff, 0xff, 0xfd, 0xfc, 0xfb, 0xff, 0xfa, 0xf7, 0xed, 0xff,
  0xf9, 0xf4, 0xe1, 0xff, 0xfa, 0xf3, 0xcf, 0xff, 0xf9, 0xf2, 0xd4, 0xff,
  0xf6, 0xf0, 0xde, 0xff, 0xf4, 0xee, 0xdc, 0xff, 0xf4, 0xee, 0xdb, 0xff,
  0xf5, 0xf0, 0xdf, 0xff, 0xf7, 0xf3, 0xe6, 0xff, 0xff, 0xfd, 0xff, 0xff,
  0xe2, 0xd7, 0x84, 0xff, 0xc0, 0xac, 0x10, 0xff, 0xba, 0xa6, 0x10, 0xff,
  0xb5, 0xa1, 0x0b, 0xff, 0xb3, 0xa0, 0x09, 0xff, 0xb3, 0x9f, 0x09, 0xff,
  0xb2, 0x9e, 0x09, 0xff, 0xb1, 0x9d, 0x09, 0xff, 0xb0, 0x9c, 0x09, 0xff,
  0xb0, 0x9a, 0x08, 0xff, 0xae, 0x9a, 0x09, 0xff, 0xae, 0x99, 0x09, 0xff,
  0xab, 0x96, 0x08, 0xff, 0xb9, 0xa4, 0x08, 0xff, 0xb3, 0x9f, 0x05, 0xff,
  0x77, 0x60, 0x03, 0xff, 0x9d, 0x80, 0x05, 0xff, 0x8c, 0x73, 0x04, 0xff,
  0x8d, 0x74, 0x05, 0xff, 0x8f, 0x76, 0x05, 0xff, 0x91, 0x78, 0x05, 0xff,
  0x93, 0x7a, 0x05, 0xff, 0x94, 0x7c, 0x05, 0xff, 0x95, 0x7d, 0x06, 0xff,
  0x97, 0x7e, 0x06, 0xff, 0x98, 0x80, 0x06, 0xff, 0x99, 0x80, 0x06, 0xff,
  0x9a, 0x82, 0x06, 0xff, 0x9b, 0x83, 0x06, 0xff, 0x9c, 0x85, 0x07, 0xff,
  0x9d, 0x86, 0x07, 0xff, 0x9d, 0x86, 0x07, 0xff, 0x9e, 0x86, 0x07, 0xff,
  0x9f, 0x87, 0x08, 0xff, 0xa0, 0x89, 0x08, 0xff, 0xa1, 0x89, 0x08, 0xff,
  0xa1, 0x89, 0x07, 0xff, 0xa3, 0x8b, 0x07, 0xff, 0xa4, 0x8c, 0x08, 0xff,
  0xa4, 0x8c, 0x08, 0xff, 0xa7, 0x8e, 0x07, 0xff, 0xad, 0x95, 0x08, 0xff,
  0xc0, 0xa8, 0x0f, 0xff, 0xf2, 0xea, 0xc3, 0xff, 0xf7, 0xf3, 0xe9, 0xff,
  0xef, 0xe7, 0xcb, 0xff, 0xf1, 0xea, 0xcf, 0xff, 0xf5, 0xf0, 0xdb, 0xff,
  0xf2, 0xea, 0xd1, 0xff, 0xf4, 0xed, 0xd9, 0xff, 0xf5, 0xf0, 0xde, 0xff,
  0xf6, 0xf1, 0xe1, 0xff, 0xf8, 0xf4, 0xe7, 0xff, 0xfa, 0xf7, 0xec, 0xff,
  0xf8, 0xf4, 0xe5, 0xff, 0xf6, 0xef, 0xdc, 0xff, 0xf7, 0xf0, 0xdc, 0xff,
  0xfa, 0xf6, 0xdf, 0xff, 0xf8, 0xf2, 0xdb, 0xff, 0xf7, 0xf0, 0xde, 0xff,
  0xf6, 0xef, 0xde, 0xff, 0xf5, 0xf0, 0xdf, 0xff, 0xf5, 0xf0, 0xe0, 0xff,
  0xf6, 0xf0, 0xe0, 0xff, 0xf9, 0xf5, 0xe3, 0xff, 0xf6, 0xf1, 0xe0, 0xff,
  0xf5, 0xf0, 0xe0, 0xff, 0xf5, 0xf0, 0xe0, 0xff, 0xf5, 0xf0, 0xe0, 0xff,
  0xf5, 0xf0, 0xe0, 0xff, 0xf7, 0xf1, 0xe1, 0xff, 0xf8, 0xf4, 0xe3, 0xff,
  0xf5, 0xf0, 0xe0, 0xff, 0xf5, 0xf0, 0xe0, 0xff, 0xf5, 0xf0, 0xe0, 0xff,
  0xf6, 0xf0, 0xe1, 0xff, 0xf5, 0xf0, 0xdf, 0xff, 0xf8, 0xf4, 0xe5, 0xff,
  0xf9, 0xf4, 0xe5, 0xff, 0xf7, 0xf2, 0xe3, 0xff, 0xf7, 0xf2, 0xe5, 0xff,
  0xf8, 0xf3, 0xe4, 0xff, 0xf9, 0xf5, 0xe9, 0xff, 0xff, 0xff, 0xff, 0xff,
  0xf3, 0xee, 0xc9, 0xff, 0xc6, 0xaf, 0x13, 0xff, 0xb9, 0xa2, 0x0c, 0xff,
  0xb4, 0x9d, 0x09, 0xff, 0xb2, 0x9c, 0x09, 0xff, 0xb2, 0x9c, 0x09, 0xff,
  0xb3, 0x9d, 0x0a, 0xff, 0xb5, 0x9f, 0x0a, 0xff, 0xb9, 0xa4, 0x0e, 0xff,
  0xc0, 0xab, 0x0b, 0xff, 0xd3, 0xc3, 0x3a, 0xff, 0xfc, 0xfb, 0xf3, 0xff,
  0xfe, 0xfd, 0xfe, 0xff, 0xfa, 0xf7, 0xed, 0xff, 0xfa, 0xf5, 0xe4, 0xff,
  0xfb, 0xf5, 0xcc, 0xff, 0xfd, 0xfa, 0xdd, 0xff, 0xfc, 0xf6, 0xcc, 0xff,
  0xf8, 0xf1, 0xcf, 0xff, 0xf4, 0xee, 0xdc, 0xff, 0xf4, 0xee, 0xdc, 0xff,
  0xf7, 0xf3, 0xe4, 0xff, 0xff, 0xfe, 0xff, 0xff, 0xe5, 0xda, 0x91, 0xff,
  0xc2, 0xae, 0x11, 0xff, 0xbb, 0xa7, 0x10, 0xff, 0xb6, 0xa1, 0x0b, 0xff,
  0xb3, 0x9f, 0x0a, 0xff, 0xb3, 0x9e, 0x09, 0xff, 0xb2, 0x9d, 0x09, 0xff,
  0xb1, 0x9d, 0x09, 0xff, 0xb1, 0x9c, 0x08, 0xff, 0xb0, 0x9b, 0x08, 0xff,
  0xaf, 0x9a, 0x08, 0xff, 0xae, 0x99, 0x08, 0xff, 0xad, 0x98, 0x08, 0xff,
  0xaa, 0x95, 0x07, 0xff, 0xb9, 0xa4, 0x08, 0xff, 0xb3, 0x9e, 0x05, 0xff,
  0x77, 0x60, 0x03, 0xff, 0x9c, 0x80, 0x05, 0xff, 0x8c, 0x73, 0x04, 0xff,
  0x8e, 0x74, 0x05, 0xff, 0x8e, 0x75, 0x05, 0xff, 0x91, 0x77, 0x05, 0xff,
  0x93, 0x7a, 0x05, 0xff, 0x94, 0x7c, 0x06, 0xff, 0x94, 0x7c, 0x05, 0xff,
  0x96, 0x7d, 0x06, 0xff, 0x97, 0x7f, 0x06, 0xff, 0x98, 0x80, 0x06, 0xff,
  0x9a, 0x81, 0x06, 0xff, 0x9a, 0x82, 0x07, 0xff, 0x9c, 0x84, 0x07, 0xff,
  0x9d, 0x85, 0x07, 0xff, 0x9d, 0x85, 0x07, 0xff, 0x9d, 0x85, 0x07, 0xff,
  0x9f, 0x87, 0x07, 0xff, 0x9f, 0x87, 0x07, 0xff, 0x9f, 0x87, 0x07, 0xff,
  0xa1, 0x89, 0x08, 0xff, 0xa2, 0x8a, 0x07, 0xff, 0xa2, 0x8b, 0x07, 0xff,
  0xa3, 0x8b, 0x07, 0xff, 0xa4, 0x8c, 0x07, 0xff, 0xa9, 0x92, 0x0a, 0xff,
  0xb9, 0x9f, 0x00, 0xff, 0xe8, 0xdc, 0x94, 0xff, 0xfa, 0xf6, 0xf3, 0xff,
  0xf1, 0xea, 0xcf, 0xff, 0xf2, 0xea, 0xcc, 0xff, 0xf9, 0xf2, 0xd3, 0xff,
  0xf6, 0xee, 0xc8, 0xff, 0xf4, 0xed, 0xd4, 0xff, 0xf5, 0xed, 0xd7, 0xff,
  0xf8, 0xf4, 0xe5, 0xff, 0xf8, 0xf4, 0xe6, 0xff, 0xf6, 0xef, 0xdd, 0xff,
  0xf4, 0xee, 0xda, 0xff, 0xf5, 0xee, 0xdc, 0xff, 0xf5, 0xef, 0xdc, 0xff,
  0xf8, 0xf4, 0xe3, 0xff, 0xf6, 0xf0, 0xdf, 0xff, 0xf5, 0xf0, 0xde, 0xff,
  0xf5, 0xef, 0xde, 0xff, 0xf5, 0xf0, 0xdf, 0xff, 0xf5, 0xef, 0xe0, 0xff,
  0xf8, 0xf4, 0xe3, 0xff, 0xf8, 0xf3, 0xe2, 0xff, 0xf5, 0xef, 0xdf, 0xff,
  0xf5, 0xf0, 0xe0, 0xff, 0xf5, 0xf0, 0xe0, 0xff, 0xf5, 0xf0, 0xe0, 0xff,
  0xf5, 0xf0, 0xe0, 0xff, 0xf5, 0xf0, 0xe0, 0xff, 0xf8, 0xf4, 0xe4, 0xff,
  0xf6, 0xf1, 0xe1, 0xff, 0xf5, 0xf0, 0xe0, 0xff, 0xf5, 0xf0, 0xe0, 0xff,
  0xf5, 0xf0, 0xe0, 0xff, 0xf7, 0xf1, 0xe1, 0xff, 0xf9, 0xf5, 0xe6, 0xff,
  0xf6, 0xf0, 0xe0, 0xff, 0xf6, 0xf1, 0xe1, 0xff, 0xf6, 0xf1, 0xe1, 0xff,
  0xf7, 0xf3, 0xe5, 0xff, 0xf9, 0xf6, 0xea, 0xff, 0xff, 0xfe, 0xff, 0xff,
  0xf3, 0xee, 0xcb, 0xff, 0xc6, 0xaf, 0x16, 0xff, 0xb9, 0xa2, 0x0c, 0xff,
  0xb2, 0x9c, 0x0a, 0xff, 0xb1, 0x9a, 0x09, 0xff, 0xb2, 0x9b, 0x09, 0xff,
  0xb3, 0x9d, 0x09, 0xff, 0xb7, 0xa1, 0x0b, 0xff, 0xbd, 0xa8, 0x0d, 0xff,
  0xc9, 0xb6, 0x19, 0xff, 0xf5, 0xf1, 0xd0, 0xff, 0xff, 0xff, 0xff, 0xff,
  0xf9, 0xf6, 0xea, 0xff, 0xf7, 0xf2, 0xe7, 0xff, 0xf9, 0xf2, 0xd2, 0xff,
  0xfd, 0xf7, 0xcc, 0xff, 0xfe, 0xff, 0xff, 0xff, 0xfe, 0xfc, 0xf0, 0xff,
  0xfa, 0xf1, 0xc0, 0xff, 0xf6, 0xf0, 0xde, 0xff, 0xf6, 0xf2, 0xe2, 0xff,
  0xfe, 0xfc, 0xfe, 0xff, 0xe9, 0xdf, 0xa0, 0xff, 0xc3, 0xaf, 0x13, 0xff,
  0xbb, 0xa7, 0x0f, 0xff, 0xb6, 0xa1, 0x0b, 0xff, 0xb3, 0x9f, 0x09, 0xff,
  0xb2, 0x9e, 0x09, 0xff, 0xb2, 0x9d, 0x09, 0xff, 0xb1, 0x9c, 0x09, 0xff,
  0xb1, 0x9c, 0x09, 0xff, 0xb0, 0x9b, 0x08, 0xff, 0xae, 0x9a, 0x08, 0xff,
  0xad, 0x98, 0x08, 0xff, 0xad, 0x98, 0x07, 0xff, 0xab, 0x97, 0x07, 0xff,
  0xa9, 0x93, 0x07, 0xff, 0xb8, 0xa2, 0x08, 0xff, 0xb1, 0x9d, 0x05, 0xff,
  0x76, 0x60, 0x03, 0xff, 0x9b, 0x7f, 0x05, 0xff, 0x8b, 0x72, 0x05, 0xff,
  0x8d, 0x74, 0x05, 0xff, 0x8f, 0x76, 0x05, 0xff, 0x91, 0x77, 0x05, 0xff,
  0x92, 0x79, 0x06, 0xff, 0x93, 0x7a, 0x06, 0xff, 0x95, 0x7c, 0x06, 0xff,
  0x96, 0x7d, 0x05, 0xff, 0x96, 0x7e, 0x05, 0xff, 0x98, 0x7f, 0x05, 0xff,
  0x99, 0x81, 0x06, 0xff, 0x9a, 0x82, 0x07, 0xff, 0x9b, 0x83, 0x07, 0xff,
  0x9c, 0x84, 0x06, 0xff, 0x9c, 0x84, 0x06, 0xff, 0x9d, 0x85, 0x07, 0xff,
  0x9d, 0x85, 0x07, 0xff, 0x9e, 0x86, 0x07, 0xff, 0x9e, 0x87, 0x07, 0xff,
  0xa0, 0x88, 0x08, 0xff, 0xa1, 0x89, 0x08, 0xff, 0xa2, 0x8a, 0x07, 0xff,
  0xa2, 0x8a, 0x07, 0xff, 0xa3, 0x8b, 0x07, 0xff, 0xa8, 0x90, 0x0a, 0xff,
  0xb3, 0x9a, 0x00, 0xff, 0xdc, 0xcc, 0x66, 0xff, 0xfb, 0xf7, 0xf3, 0xff,
  0xf4, 0xed, 0xd5, 0xff, 0xf7, 0xee, 0xbb, 0xff, 0xfd, 0xf7, 0xc7, 0xff,
  0xfb, 0xf5, 0xc1, 0xff, 0xfa, 0xf2, 0xc5, 0xff, 0xf8, 0xf4, 0xe4, 0xff,
  0xf5, 0xef, 0xdb, 0xff, 0xf3, 0xec, 0xd6, 0xff, 0xf4, 0xec, 0xd8, 0xff,
  0xf4, 0xed, 0xda, 0xff, 0xf4, 0xee, 0xdb, 0xff, 0xf5, 0xee, 0xdc, 0xff,
  0xf8, 0xf4, 0xe3, 0xff, 0xf5, 0xee, 0xde, 0xff, 0xf5, 0xef, 0xde, 0xff,
  0xf5, 0xef, 0xdf, 0xff, 0xf5, 0xef, 0xe0, 0xff, 0xf6, 0xf1, 0xe1, 0xff,
  0xf9, 0xf5, 0xe3, 0xff, 0xf5, 0xf0, 0xe0, 0xff, 0xf5, 0xf0, 0xdf, 0xff,
  0xf5, 0xf0, 0xe0, 0xff, 0xf5, 0xf0, 0xe0, 0xff, 0xf5, 0xf0, 0xe0, 0xff,
  0xf5, 0xf0, 0xe0, 0xff, 0xf5, 0xef, 0xe0, 0xff, 0xf8, 0xf3, 0xe2, 0xff,
  0xf8, 0xf3, 0xe3, 0xff, 0xf5, 0xef, 0xe0, 0xff, 0xf5, 0xf0, 0xe1, 0xff,
  0xf6, 0xf0, 0xe0, 0xff, 0xfa, 0xf5, 0xe6, 0xff, 0xf7, 0xf2, 0xe2, 0xff,
  0xf5, 0xef, 0xe0, 0xff, 0xf5, 0xf0, 0xe0, 0xff, 0xf6, 0xf0, 0xe1, 0xff,
  0xf7, 0xf2, 0xe5, 0xff, 0xf9, 0xf6, 0xeb, 0xff, 0xfe, 0xfe, 0xff, 0xff,
  0xf5, 0xf1, 0xd5, 0xff, 0xc7, 0xb1, 0x1a, 0xff, 0xb8, 0xa0, 0x0a, 0xff,
  0xb1, 0x9a, 0x09, 0xff, 0xb0, 0x99, 0x09, 0xff, 0xb1, 0x9a, 0x0a, 0xff,
  0xb4, 0x9e, 0x09, 0xff, 0xbb, 0xa5, 0x0e, 0xff, 0xc2, 0xad, 0x03, 0xff,
  0xe9, 0xe0, 0x96, 0xff, 0xff, 0xff, 0xff, 0xff, 0xfa, 0xf6, 0xec, 0xff,
  0xf7, 0xf2, 0xe5, 0xff, 0xf6, 0xf0, 0xe0, 0xff, 0xf7, 0xf0, 0xd7, 0xff,
  0xfc, 0xf6, 0xc8, 0xff, 0xfe, 0xfa, 0xdc, 0xff, 0xfd, 0xf7, 0xc8, 0xff,
  0xf9, 0xf1, 0xcb, 0xff, 0xf6, 0xf1, 0xe0, 0xff, 0xfd, 0xfb, 0xfa, 0xff,
  0xef, 0xe8, 0xb9, 0xff, 0xc5, 0xb1, 0x18, 0xff, 0xbb, 0xa7, 0x0d, 0xff,
  0xb6, 0xa1, 0x0c, 0xff, 0xb3, 0x9e, 0x09, 0xff, 0xb2, 0x9e, 0x09, 0xff,
  0xb2, 0x9d, 0x09, 0xff, 0xb0, 0x9c, 0x08, 0xff, 0xb1, 0x9c, 0x08, 0xff,
  0xb1, 0x9b, 0x08, 0xff, 0xaf, 0x99, 0x07, 0xff, 0xad, 0x98, 0x08, 0xff,
  0xac, 0x97, 0x08, 0xff, 0xab, 0x96, 0x08, 0xff, 0xaa, 0x95, 0x07, 0xff,
  0xa8, 0x92, 0x07, 0xff, 0xb7, 0xa1, 0x08, 0xff, 0xb0, 0x9c, 0x06, 0xff,
  0x76, 0x5f, 0x02, 0xff, 0x9b, 0x7e, 0x05, 0xff, 0x8a, 0x70, 0x04, 0xff,
  0x8c, 0x73, 0x04, 0xff, 0x8e, 0x75, 0x05, 0xff, 0x90, 0x76, 0x05, 0xff,
  0x92, 0x78, 0x05, 0xff, 0x93, 0x7a, 0x05, 0xff, 0x94, 0x7b, 0x06, 0xff,
  0x95, 0x7d, 0x06, 0xff, 0x97, 0x7f, 0x06, 0xff, 0x97, 0x7f, 0x05, 0xff,
  0x98, 0x80, 0x06, 0xff, 0x9a, 0x81, 0x06, 0xff, 0x9a, 0x82, 0x07, 0xff,
  0x9a, 0x82, 0x06, 0xff, 0x9c, 0x83, 0x06, 0xff, 0x9d, 0x85, 0x07, 0xff,
  0x9c, 0x84, 0x07, 0xff, 0x9d, 0x85, 0x07, 0xff, 0x9f, 0x87, 0x07, 0xff,
  0xa0, 0x88, 0x08, 0xff, 0xa1, 0x89, 0x08, 0xff, 0xa1, 0x89, 0x07, 0xff,
  0xa1, 0x89, 0x07, 0xff, 0xa2, 0x8a, 0x07, 0xff, 0xa8, 0x8f, 0x09, 0xff,
  0xb2, 0x98, 0x00, 0xff, 0xd4, 0xc1, 0x46, 0xff, 0xfa, 0xf6, 0xef, 0xff,
  0xf6, 0xef, 0xd7, 0xff, 0xfa, 0xf2, 0xb7, 0xff, 0xfe, 0xfe, 0xfb, 0xff,
  0xfd, 0xfe, 0xff, 0xff, 0xfc, 0xf6, 0xc4, 0xff, 0xf5, 0xed, 0xcc, 0xff,
  0xf3, 0xeb, 0xd5, 0xff, 0xf3, 0xec, 0xd7, 0xff, 0xf3, 0xec, 0xd7, 0xff,
  0xf3, 0xed, 0xd9, 0xff, 0xf3, 0xed, 0xda, 0xff, 0xf5, 0xef, 0xdd, 0xff,
  0xf8, 0xf3, 0xe3, 0xff, 0xf4, 0xee, 0xde, 0xff, 0xf5, 0xef, 0xde, 0xff,
  0xf5, 0xef, 0xdf, 0xff, 0xf5, 0xef, 0xe0, 0xff, 0xf9, 0xf4, 0xe3, 0xff,
  0xf7, 0xf1, 0xe0, 0xff, 0xf5, 0xef, 0xdf, 0xff, 0xf5, 0xf0, 0xe0, 0xff,
  0xf5, 0xf0, 0xe0, 0xff, 0xf5, 0xf0, 0xe0, 0xff, 0xf5, 0xf0, 0xe0, 0xff,
  0xf5, 0xf0, 0xe0, 0xff, 0xf5, 0xf0, 0xe0, 0xff, 0xf6, 0xf1, 0xe0, 0xff,
  0xf9, 0xf4, 0xe3, 0xff, 0xf6, 0xf0, 0xe0, 0xff, 0xf6, 0xf0, 0xe0, 0xff,
  0xf8, 0xf3, 0xe2, 0xff, 0xf9, 0xf5, 0xe5, 0xff, 0xf5, 0xef, 0xdf, 0xff,
  0xf5, 0xf0, 0xe0, 0xff, 0xf5, 0xf0, 0xdf, 0xff, 0xf5, 0xf0, 0xe0, 0xff,
  0xf6, 0xf2, 0xe4, 0xff, 0xf9, 0xf6, 0xeb, 0xff, 0xfe, 0xfd, 0xfd, 0xff,
  0xf9, 0xf6, 0xe5, 0xff, 0xca, 0xb4, 0x22, 0xff, 0xb8, 0xa0, 0x08, 0xff,
  0xb1, 0x9a, 0x09, 0xff, 0xaf, 0x99, 0x08, 0xff, 0xb2, 0x9c, 0x09, 0xff,
  0xb7, 0xa1, 0x0d, 0xff, 0xbe, 0xa8, 0x00, 0xff, 0xdc, 0xcd, 0x55, 0xff,
  0xff, 0xff, 0xff, 0xff, 0xfb, 0xf9, 0xf3, 0xff, 0xf8, 0xf3, 0xe7, 0xff,
  0xf5, 0xef, 0xe0, 0xff, 0xf4, 0xed, 0xd9, 0xff, 0xf7, 0xf2, 0xe1, 0xff,
  0xfa, 0xf4, 0xde, 0xff, 0xf9, 0xf0, 0xbe, 0xff, 0xf8, 0xf1, 0xcb, 0xff,
  0xf7, 0xf1, 0xde, 0xff, 0xfa, 0xf7, 0xf0, 0xff, 0xf7, 0xf2, 0xdb, 0xff,
  0xcc, 0xba, 0x2d, 0xff, 0xbe, 0xa8, 0x0b, 0xff, 0xb8, 0xa2, 0x0c, 0xff,
  0xb2, 0x9e, 0x09, 0xff, 0xb1, 0x9d, 0x09, 0xff, 0xb1, 0x9c, 0x09, 0xff,
  0xb1, 0x9d, 0x09, 0xff, 0xb1, 0x9c, 0x09, 0xff, 0xb0, 0x9b, 0x08, 0xff,
  0xaf, 0x9a, 0x08, 0xff, 0xae, 0x99, 0x08, 0xff, 0xad, 0x98, 0x08, 0xff,
  0xab, 0x96, 0x08, 0xff, 0xaa, 0x95, 0x07, 0xff, 0xa9, 0x94, 0x07, 0xff,
  0xa8, 0x92, 0x07, 0xff, 0xb7, 0xa1, 0x08, 0xff, 0xb1, 0x9c, 0x05, 0xff,
  0x74, 0x5e, 0x03, 0xff, 0x9a, 0x7d, 0x04, 0xff, 0x8a, 0x70, 0x04, 0xff,
  0x8c, 0x72, 0x05, 0xff, 0x8d, 0x74, 0x05, 0xff, 0x8f, 0x76, 0x05, 0xff,
  0x92, 0x78, 0x05, 0xff, 0x92, 0x79, 0x05, 0xff, 0x92, 0x7a, 0x06, 0xff,
  0x95, 0x7c, 0x06, 0xff, 0x96, 0x7e, 0x06, 0xff, 0x97, 0x7f, 0x06, 0xff,
  0x98, 0x80, 0x05, 0xff, 0x99, 0x80, 0x06, 0xff, 0x9a, 0x81, 0x07, 0xff,
  0x9a, 0x81, 0x06, 0xff, 0x9b, 0x83, 0x06, 0xff, 0x9c, 0x84, 0x06, 0xff,
  0x9d, 0x84, 0x07, 0xff, 0x9d, 0x85, 0x07, 0xff, 0x9e, 0x86, 0x07, 0xff,
  0xa0, 0x88, 0x08, 0xff, 0xa0, 0x88, 0x08, 0xff, 0xa0, 0x88, 0x07, 0xff,
  0xa0, 0x88, 0x06, 0xff, 0xa1, 0x89, 0x06, 0xff, 0xa6, 0x8d, 0x08, 0xff,
  0xb1, 0x97, 0x02, 0xff, 0xce, 0xb9, 0x2e, 0xff, 0xf8, 0xf3, 0xe4, 0xff,
  0xf7, 0xf1, 0xde, 0xff, 0xfa, 0xf2, 0xb8, 0xff, 0xfd, 0xfb, 0xe3, 0xff,
  0xff, 0xfe, 0xf4, 0xff, 0xfa, 0xf1, 0xb5, 0xff, 0xf4, 0xec, 0xcb, 0xff,
  0xf3, 0xeb, 0xd6, 0xff, 0xf3, 0xeb, 0xd6, 0xff, 0xf3, 0xec, 0xd7, 0xff,
  0xf3, 0xec, 0xd9, 0xff, 0xf3, 0xec, 0xda, 0xff, 0xf6, 0xf0, 0xdd, 0xff,
  0xf8, 0xf3, 0xe2, 0xff, 0xf4, 0xee, 0xdd, 0xff, 0xf5, 0xef, 0xde, 0xff,
  0xf5, 0xef, 0xde, 0xff, 0xf8, 0xf3, 0xe2, 0xff, 0xf9, 0xf4, 0xe3, 0xff,
  0xf5, 0xef, 0xdf, 0xff, 0xf5, 0xf0, 0xe0, 0xff, 0xf5, 0xf0, 0xdf, 0xff,
  0xf5, 0xf0, 0xdf, 0xff, 0xf5, 0xf0, 0xdf, 0xff, 0xf5, 0xf0, 0xe0, 0xff,
  0xf5, 0xf0, 0xe0, 0xff, 0xf5, 0xf0, 0xe0, 0xff, 0xf5, 0xef, 0xdf, 0xff,
  0xf9, 0xf4, 0xe4, 0xff, 0xf8, 0xf3, 0xe4, 0xff, 0xf7, 0xf1, 0xe1, 0xff,
  0xfa, 0xf6, 0xe6, 0xff, 0xf6, 0xf1, 0xe0, 0xff, 0xf5, 0xef, 0xdf, 0xff,
  0xf5, 0xef, 0xdf, 0xff, 0xf5, 0xef, 0xdf, 0xff, 0xf5, 0xef, 0xdf, 0xff,
  0xf6, 0xf1, 0xe2, 0xff, 0xf9, 0xf5, 0xea, 0xff, 0xfd, 0xfb, 0xf8, 0xff,
  0xfd, 0xfc, 0xf8, 0xff, 0xd1, 0xbd, 0x35, 0xff, 0xbb, 0xa2, 0x04, 0xff,
  0xb2, 0x9b, 0x0a, 0xff, 0xb1, 0x9a, 0x09, 0xff, 0xb5, 0x9e, 0x0b, 0xff,
  0xbb, 0xa4, 0x07, 0xff, 0xcc, 0xb9, 0x1d, 0xff, 0xfa, 0xf9, 0xe6, 0xff,
  0xfe, 0xfc, 0xfe, 0xff, 0xf8, 0xf4, 0xe8, 0xff, 0xf6, 0xf0, 0xe0, 0xff,
  0xf4, 0xed, 0xda, 0xff, 0xf5, 0xf0, 0xdd, 0xff, 0xf8, 0xf4, 0xe5, 0xff,
  0xf3, 0xec, 0xd4, 0xff, 0xf4, 0xee, 0xda, 0xff, 0xf6, 0xf0, 0xdd, 0xff,
  0xf8, 0xf4, 0xe5, 0xff, 0xfe, 0xfc, 0xfa, 0xff, 0xda, 0xcb, 0x5d, 0xff,
  0xbf, 0xa8, 0x06, 0xff, 0xb9, 0xa2, 0x0c, 0xff, 0xb3, 0x9e, 0x09, 0xff,
  0xb1, 0x9c, 0x09, 0xff, 0xb0, 0x9b, 0x09, 0xff, 0xb0, 0x9b, 0x09, 0xff,
  0xb0, 0x9b, 0x09, 0xff, 0xb0, 0x9b, 0x09, 0xff, 0xaf, 0x9a, 0x09, 0xff,
  0xad, 0x98, 0x08, 0xff, 0xad, 0x97, 0x08, 0xff, 0xac, 0x96, 0x08, 0xff,
  0xab, 0x95, 0x08, 0xff, 0xa9, 0x94, 0x07, 0xff, 0xa9, 0x93, 0x07, 0xff,
  0xa6, 0x91, 0x07, 0xff, 0xb6, 0xa0, 0x07, 0xff, 0xb1, 0x9c, 0x05, 0xff,
  0x73, 0x5d, 0x03, 0xff, 0x98, 0x7b, 0x05, 0xff, 0x88, 0x6e, 0x04, 0xff,
  0x8b, 0x71, 0x04, 0xff, 0x8d, 0x74, 0x05, 0xff, 0x8f, 0x76, 0x05, 0xff,
  0x90, 0x77, 0x05, 0xff, 0x91, 0x78, 0x06, 0xff, 0x92, 0x79, 0x06, 0xff,
  0x94, 0x7b, 0x06, 0xff, 0x95, 0x7d, 0x07, 0xff, 0x97, 0x7f, 0x06, 0xff,
  0x97, 0x7f, 0x05, 0xff, 0x98, 0x80, 0x06, 0xff, 0x99, 0x81, 0x06, 0xff,
  0x9a, 0x81, 0x06, 0xff, 0x9a, 0x82, 0x06, 0xff, 0x9c, 0x83, 0x06, 0xff,
  0x9c, 0x84, 0x06, 0xff, 0x9d, 0x84, 0x06, 0xff, 0x9e, 0x86, 0x07, 0xff,
  0x9e, 0x86, 0x07, 0xff, 0x9f, 0x86, 0x07, 0xff, 0x9f, 0x87, 0x07, 0xff,
  0x9f, 0x87, 0x06, 0xff, 0xa0, 0x88, 0x06, 0xff, 0xa5, 0x8c, 0x07, 0xff,
  0xaf, 0x95, 0x04, 0xff, 0xc9, 0xb1, 0x1e, 0xff, 0xf7, 0xf2, 0xd9, 0xff,
  0xf7, 0xf2, 0xe4, 0xff, 0xf5, 0xed, 0xc7, 0xff, 0xf9, 0xf0, 0xb3, 0xff,
  0xfa, 0xf1, 0xb2, 0xff, 0xf9, 0xf3, 0xd3, 0xff, 0xf3, 0xeb, 0xd1, 0xff,
  0xf2, 0xea, 0xd3, 0xff, 0xf2, 0xeb, 0xd5, 0xff, 0xf2, 0xeb, 0xd6, 0xff,
  0xf3, 0xec, 0xd8, 0xff, 0xf3, 0xeb, 0xd9, 0xff, 0xf6, 0xf0, 0xdf, 0xff,
  0xf8, 0xf2, 0xe2, 0xff, 0xf4, 0xee, 0xdd, 0xff, 0xf5, 0xef, 0xde, 0xff,
  0xf5, 0xf0, 0xdf, 0xff, 0xf9, 0xf5, 0xe4, 0xff, 0xf6, 0xf0, 0xe0, 0xff,
  0xf5, 0xef, 0xdf, 0xff, 0xf5, 0xf0, 0xdf, 0xff, 0xf5, 0xf0, 0xdf, 0xff,
  0xf5, 0xf0, 0xdf, 0xff, 0xf5, 0xf0, 0xdf, 0xff, 0xf5, 0xf0, 0xdf, 0xff,
  0xf5, 0xf0, 0xe0, 0xff, 0xf5, 0xf0, 0xdf, 0xff, 0xf7, 0xf1, 0xdf, 0xff,
  0xfa, 0xf4, 0xdd, 0xff, 0xfb, 0xf4, 0xc9, 0xff, 0xfb, 0xf4, 0xce, 0xff,
  0xfa, 0xf5, 0xe4, 0xff, 0xf6, 0xf0, 0xde, 0xff, 0xf5, 0xef, 0xdf, 0xff,
  0xf5, 0xef, 0xde, 0xff, 0xf5, 0xef, 0xde, 0xff, 0xf5, 0xef, 0xdf, 0xff,
  0xf5, 0xf0, 0xe1, 0xff, 0xf8, 0xf3, 0xe7, 0xff, 0xfb, 0xf9, 0xf1, 0xff,
  0xff, 0xff, 0xff, 0xff, 0xde, 0xd0, 0x68, 0xff, 0xbf, 0xa5, 0x00, 0xff,
  0xb6, 0x9e, 0x0b, 0xff, 0xb3, 0x9c, 0x09, 0xff, 0xba, 0xa3, 0x0d, 0xff,
  0xc3, 0xad, 0x02, 0xff, 0xef, 0xe9, 0xb1, 0xff, 0xff, 0xff, 0xff, 0xff,
  0xf9, 0xf6, 0xeb, 0xff, 0xf6, 0xf1, 0xe2, 0xff, 0xf4, 0xed, 0xda, 0xff,
  0xf4, 0xee, 0xd9, 0xff, 0xf8, 0xf4, 0xe6, 0xff, 0xf3, 0xec, 0xd5, 0xff,
  0xf2, 0xeb, 0xd4, 0xff, 0xf2, 0xec, 0xd7, 0xff, 0xf5, 0xf0, 0xdd, 0xff,
  0xfe, 0xfc, 0xfd, 0xff, 0xec, 0xe3, 0xa8, 0xff, 0xc3, 0xae, 0x0f, 0xff,
  0xb8, 0xa3, 0x0d, 0xff, 0xb2, 0x9c, 0x08, 0xff, 0xb0, 0x9b, 0x09, 0xff,
  0xaf, 0x9b, 0x0a, 0xff, 0xaf, 0x9a, 0x09, 0xff, 0xaf, 0x9a, 0x09, 0xff,
  0xaf, 0x9a, 0x09, 0xff, 0xaf, 0x9a, 0x09, 0xff, 0xad, 0x98, 0x09, 0xff,
  0xac, 0x97, 0x09, 0xff, 0xab, 0x96, 0x07, 0xff, 0xaa, 0x95, 0x08, 0xff,
  0xa9, 0x94, 0x08, 0xff, 0xa9, 0x94, 0x08, 0xff, 0xa8, 0x92, 0x08, 0xff,
  0xa5, 0x8f, 0x07, 0xff, 0xb6, 0xa0, 0x08, 0xff, 0xb0, 0x9c, 0x05, 0xff,
  0x73, 0x5c, 0x03, 0xff, 0x97, 0x7a, 0x05, 0xff, 0x87, 0x6e, 0x04, 0xff,
  0x8b, 0x71, 0x04, 0xff, 0x8d, 0x73, 0x05, 0xff, 0x8e, 0x74, 0x05, 0xff,
  0x8f, 0x76, 0x05, 0xff, 0x90, 0x77, 0x05, 0xff, 0x92, 0x79, 0x06, 0xff,
  0x94, 0x7b, 0x06, 0xff, 0x95, 0x7c, 0x06, 0xff, 0x96, 0x7d, 0x06, 0xff,
  0x97, 0x7e, 0x06, 0xff, 0x97, 0x7f, 0x06, 0xff, 0x99, 0x80, 0x06, 0xff,
  0x99, 0x81, 0x06, 0xff, 0x9a, 0x81, 0x06, 0xff, 0x9a, 0x82, 0x06, 0xff,
  0x9c, 0x83, 0x07, 0xff, 0x9c, 0x83, 0x07, 0xff, 0x9c, 0x84, 0x07, 0xff,
  0x9e, 0x86, 0x07, 0xff, 0x9e, 0x86, 0x07, 0xff, 0x9f, 0x87, 0x07, 0xff,
  0xa0, 0x88, 0x07, 0xff, 0xa0, 0x88, 0x06, 0xff, 0xa4, 0x8b, 0x07, 0xff,
  0xae, 0x94, 0x06, 0xff, 0xc4, 0xab, 0x12, 0xff, 0xf4, 0xed, 0xcc, 0xff,
  0xf7, 0xf2, 0xe7, 0xff, 0xf2, 0xea, 0xd1, 0xff, 0xf2, 0xea, 0xcc, 0xff,
  0xf1, 0xe9, 0xc8, 0xff, 0xf3, 0xec, 0xd4, 0xff, 0xf6, 0xf0, 0xdf, 0xff,
  0xf1, 0xe9, 0xd0, 0xff, 0xf2, 0xea, 0xd5, 0xff, 0xf2, 0xeb, 0xd6, 0xff,
  0xf3, 0xec, 0xd8, 0xff, 0xf3, 0xec, 0xd9, 0xff, 0xf7, 0xf1, 0xe0, 0xff,
  0xf7, 0xf1, 0xe0, 0xff, 0xf4, 0xee, 0xdc, 0xff, 0xf4, 0xee, 0xde, 0xff,
  0xf8, 0xf3, 0xe2, 0xff, 0xf7, 0xf2, 0xe1, 0xff, 0xf5, 0xef, 0xdf, 0xff,
  0xf5, 0xf0, 0xdf, 0xff, 0xf5, 0xef, 0xdf, 0xff, 0xf5, 0xef, 0xdf, 0xff,
  0xf5, 0xef, 0xdf, 0xff, 0xf5, 0xf0, 0xdf, 0xff, 0xf5, 0xf0, 0xe0, 0xff,
  0xf5, 0xf0, 0xe0, 0xff, 0xf6, 0xf0, 0xe0, 0xff, 0xf8, 0xf2, 0xdc, 0xff,
  0xfc, 0xf4, 0xc3, 0xff, 0xfd, 0xfa, 0xdd, 0xff, 0xfd, 0xfa, 0xda, 0xff,
  0xfa, 0xf3, 0xc6, 0xff, 0xf7, 0xf1, 0xdf, 0xff, 0xf5, 0xef, 0xdf, 0xff,
  0xf5, 0xef, 0xdd, 0xff, 0xf5, 0xef, 0xde, 0xff, 0xf5, 0xee, 0xdd, 0xff,
  0xf5, 0xef, 0xdf, 0xff, 0xf6, 0xf2, 0xe4, 0xff, 0xfa, 0xf6, 0xec, 0xff,
  0xff, 0xff, 0xff, 0xff, 0xf3, 0xed, 0xc4, 0xff, 0xc9, 0xb1, 0x08, 0xff,
  0xbe, 0xa5, 0x0b, 0xff, 0xbb, 0xa4, 0x0f, 0xff, 0xc0, 0xa8, 0x00, 0xff,
  0xe4, 0xd9, 0x7b, 0xff, 0xff, 0xff, 0xff, 0xff, 0xfa, 0xf7, 0xee, 0xff,
  0xf7, 0xf2, 0xe5, 0xff, 0xf4, 0xee, 0xdc, 0xff, 0xf3, 0xed, 0xd7, 0xff,
  0xf7, 0xf3, 0xe5, 0xff, 0xf3, 0xec, 0xd7, 0xff, 0xf1, 0xe9, 0xd1, 0xff,
  0xf2, 0xeb, 0xd4, 0xff, 0xf4, 0xee, 0xda, 0xff, 0xf9, 0xf6, 0xed, 0xff,
  0xf9, 0xf5, 0xe7, 0xff, 0xcd, 0xba, 0x35, 0xff, 0xba, 0xa4, 0x0a, 0xff,
  0xb3, 0x9d, 0x0a, 0xff, 0xaf, 0x99, 0x09, 0xff, 0xaf, 0x9a, 0x0a, 0xff,
  0xaf, 0x9a, 0x09, 0xff, 0xae, 0x99, 0x09, 0xff, 0xae, 0x99, 0x09, 0xff,
  0xae, 0x99, 0x09, 0xff, 0xad, 0x98, 0x08, 0xff, 0xac, 0x97, 0x08, 0xff,
  0xab, 0x95, 0x08, 0xff, 0xaa, 0x94, 0x08, 0xff, 0xa9, 0x93, 0x08, 0xff,
  0xa8, 0x93, 0x07, 0xff, 0xa7, 0x92, 0x08, 0xff, 0xa6, 0x91, 0x06, 0xff,
  0xa4, 0x8e, 0x07, 0xff, 0xb4, 0x9e, 0x08, 0xff, 0xaf, 0x9a, 0x05, 0xff,
  0x71, 0x5a, 0x02, 0xff, 0x96, 0x79, 0x04, 0xff, 0x86, 0x6d, 0x04, 0xff,
  0x89, 0x6f, 0x04, 0xff, 0x8a, 0x70, 0x05, 0xff, 0x8d, 0x73, 0x05, 0xff,
  0x8e, 0x75, 0x04, 0xff, 0x8f, 0x76, 0x05, 0xff, 0x90, 0x78, 0x06, 0xff,
  0x92, 0x79, 0x06, 0xff, 0x93, 0x7b, 0x06, 0xff, 0x94, 0x7b, 0x05, 0xff,
  0x95, 0x7c, 0x06, 0xff, 0x96, 0x7d, 0x06, 0xff, 0x97, 0x7e, 0x06, 0xff,
  0x98, 0x7f, 0x06, 0xff, 0x98, 0x80, 0x05, 0xff, 0x9a, 0x81, 0x06, 0xff,
  0x9a, 0x82, 0x07, 0xff, 0x9b, 0x83, 0x07, 0xff, 0x9b, 0x83, 0x07, 0xff,
  0x9d, 0x84, 0x07, 0xff, 0x9e, 0x85, 0x07, 0xff, 0x9f, 0x86, 0x07, 0xff,
  0x9f, 0x87, 0x07, 0xff, 0xa0, 0x87, 0x06, 0xff, 0xa2, 0x89, 0x06, 0xff,
  0xac, 0x92, 0x08, 0xff, 0xc0, 0xa7, 0x08, 0xff, 0xf0, 0xe8, 0xbc, 0xff,
  0xf8, 0xf3, 0xea, 0xff, 0xf0, 0xe9, 0xcf, 0xff, 0xee, 0xe6, 0xca, 0xff,
  0xef, 0xe7, 0xcb, 0xff, 0xef, 0xe6, 0xc9, 0xff, 0xf5, 0xef, 0xdb, 0xff,
  0xf5, 0xef, 0xdc, 0xff, 0xf1, 0xe9, 0xd1, 0xff, 0xf2, 0xeb, 0xd7, 0xff,
  0xf3, 0xec, 0xd8, 0xff, 0xf3, 0xec, 0xd9, 0xff, 0xf7, 0xf2, 0xe0, 0xff,
  0xf6, 0xf0, 0xdf, 0xff, 0xf4, 0xee, 0xdc, 0xff, 0xf6, 0xf0, 0xdf, 0xff,
  0xf9, 0xf4, 0xe2, 0xff, 0xf5, 0xef, 0xde, 0xff, 0xf5, 0xef, 0xdf, 0xff,
  0xf5, 0xef, 0xdf, 0xff, 0xf5, 0xef, 0xdf, 0xff, 0xf5, 0xef, 0xdf, 0xff,
  0xf5, 0xef, 0xdf, 0xff, 0xf5, 0xf0, 0xe0, 0xff, 0xf5, 0xf0, 0xe0, 0xff,
  0xf5, 0xef, 0xdf, 0xff, 0xf6, 0xf0, 0xdf, 0xff, 0xf9, 0xf2, 0xd4, 0xff,
  0xfd, 0xf8, 0xcd, 0xff, 0xfe, 0xff, 0xff, 0xff, 0xfe, 0xfe, 0xff, 0xff,
  0xfc, 0xf5, 0xc3, 0xff, 0xf8, 0xf1, 0xda, 0xff, 0xf5, 0xef, 0xde, 0xff,
  0xf5, 0xef, 0xde, 0xff, 0xf5, 0xef, 0xde, 0xff, 0xf4, 0xef, 0xdd, 0xff,
  0xf5, 0xef, 0xdd, 0xff, 0xf5, 0xf0, 0xe0, 0xff, 0xf8, 0xf4, 0xe8, 0xff,
  0xfc, 0xf9, 0xf3, 0xff, 0xff, 0xff, 0xff, 0xff, 0xe2, 0xd4, 0x6b, 0xff,
  0xc5, 0xac, 0x00, 0xff, 0xc4, 0xaa, 0x00, 0xff, 0xdc, 0xcd, 0x56, 0xff,
  0xff, 0xff, 0xff, 0xff, 0xfb, 0xf9, 0xf4, 0xff, 0xf7, 0xf3, 0xe6, 0xff,
  0xf4, 0xee, 0xde, 0xff, 0xf2, 0xeb, 0xd6, 0xff, 0xf7, 0xf2, 0xe3, 0xff,
  0xf4, 0xee, 0xda, 0xff, 0xf0, 0xe8, 0xce, 0xff, 0xf0, 0xe9, 0xd1, 0xff,
  0xf2, 0xeb, 0xd6, 0xff, 0xf5, 0xf1, 0xe0, 0xff, 0xfe, 0xfb, 0xfb, 0xff,
  0xdd, 0xcf, 0x74, 0xff, 0xbc, 0xa5, 0x06, 0xff, 0xb5, 0x9f, 0x0c, 0xff,
  0xaf, 0x9a, 0x09, 0xff, 0xad, 0x98, 0x09, 0xff, 0xad, 0x98, 0x09, 0xff,
  0xad, 0x98, 0x09, 0xff, 0xad, 0x97, 0x08, 0xff, 0xac, 0x97, 0x08, 0xff,
  0xac, 0x97, 0x08, 0xff, 0xab, 0x96, 0x08, 0xff, 0xab, 0x95, 0x08, 0xff,
  0xaa, 0x94, 0x08, 0xff, 0xa9, 0x93, 0x07, 0xff, 0xa8, 0x92, 0x07, 0xff,
  0xa7, 0x92, 0x07, 0xff, 0xa6, 0x90, 0x07, 0xff, 0xa5, 0x90, 0x07, 0xff,
  0xa3, 0x8d, 0x07, 0xff, 0xb3, 0x9d, 0x07, 0xff, 0xaf, 0x99, 0x04, 0xff,
  0x71, 0x5a, 0x02, 0xff, 0x97, 0x7a, 0x04, 0xff, 0x86, 0x6c, 0x04, 0xff,
  0x87, 0x6e, 0x04, 0xff, 0x88, 0x6f, 0x05, 0xff, 0x8b, 0x72, 0x05, 0xff,
  0x8d, 0x74, 0x05, 0xff, 0x8e, 0x75, 0x05, 0xff, 0x90, 0x77, 0x05, 0xff,
  0x90, 0x78, 0x05, 0xff, 0x91, 0x79, 0x06, 0xff, 0x93, 0x7a, 0x06, 0xff,
  0x94, 0x7b, 0x06, 0xff, 0x95, 0x7d, 0x06, 0xff, 0x96, 0x7d, 0x06, 0xff,
  0x96, 0x7d, 0x06, 0xff, 0x97, 0x7e, 0x05, 0xff, 0x99, 0x80, 0x06, 0xff,
  0x9a, 0x81, 0x06, 0xff, 0x9b, 0x82, 0x07, 0xff, 0x9a, 0x82, 0x06, 0xff,
  0x9b, 0x83, 0x06, 0xff, 0x9c, 0x84, 0x06, 0xff, 0x9d, 0x85, 0x07, 0xff,
  0x9e, 0x86, 0x07, 0xff, 0x9e, 0x86, 0x06, 0xff, 0xa1, 0x87, 0x06, 0xff,
  0xa9, 0x90, 0x08, 0xff, 0xbb, 0xa2, 0x02, 0xff, 0xed, 0xe3, 0xad, 0xff,
  0xf8, 0xf3, 0xec, 0xff, 0xef, 0xe8, 0xcf, 0xff, 0xed, 0xe5, 0xc9, 0xff,
  0xee, 0xe5, 0xc8, 0xff, 0xef, 0xe6, 0xcb, 0xff, 0xef, 0xe7, 0xcb, 0xff,
  0xf6, 0xf1, 0xe0, 0xff, 0xf4, 0xed, 0xd8, 0xff, 0xf2, 0xea, 0xd4, 0xff,
  0xf3, 0xed, 0xd8, 0xff, 0xf4, 0xed, 0xd9, 0xff, 0xf8, 0xf3, 0xe1, 0xff,
  0xf6, 0xf0, 0xde, 0xff, 0xf5, 0xee, 0xdb, 0xff, 0xf8, 0xf3, 0xe0, 0xff,
  0xf6, 0xf0, 0xdf, 0xff, 0xf4, 0xef, 0xde, 0xff, 0xf5, 0xef, 0xdf, 0xff,
  0xf5, 0xef, 0xdf, 0xff, 0xf5, 0xef, 0xdf, 0xff, 0xf5, 0xf0, 0xdf, 0xff,
  0xf5, 0xef, 0xdf, 0xff, 0xf5, 0xef, 0xde, 0xff, 0xf5, 0xef, 0xdf, 0xff,
  0xf6, 0xf2, 0xe3, 0xff, 0xf9, 0xf5, 0xe8, 0xff, 0xfb, 0xf7, 0xe7, 0xff,
  0xfd, 0xf6, 0xc4, 0xff, 0xfe, 0xfb, 0xe1, 0xff, 0xfe, 0xfa, 0xd4, 0xff,
  0xfc, 0xf6, 0xcb, 0xff, 0xfa, 0xf5, 0xe8, 0xff, 0xf6, 0xf1, 0xe0, 0xff,
  0xf4, 0xee, 0xdc, 0xff, 0xf4, 0xee, 0xdd, 0xff, 0xf4, 0xee, 0xdd, 0xff,
  0xf4, 0xee, 0xdc, 0xff, 0xf5, 0xef, 0xde, 0xff, 0xf6, 0xf1, 0xe3, 0xff,
  0xf9, 0xf6, 0xeb, 0xff, 0xfe, 0xfd, 0xfc, 0xff, 0xfd, 0xfc, 0xf9, 0xff,
  0xe5, 0xd9, 0x76, 0xff, 0xe4, 0xd8, 0x78, 0xff, 0xfe, 0xfd, 0xfa, 0xff,
  0xfc, 0xfa, 0xf9, 0xff, 0xf7, 0xf3, 0xe7, 0xff, 0xf4, 0xef, 0xde, 0xff,
  0xf2, 0xeb, 0xd6, 0xff, 0xf6, 0xf1, 0xdf, 0xff, 0xf5, 0xf0, 0xdf, 0xff,
  0xef, 0xe8, 0xcd, 0xff, 0xf0, 0xe9, 0xcf, 0xff, 0xf1, 0xea, 0xd2, 0xff,
  0xf3, 0xed, 0xda, 0xff, 0xfb, 0xf9, 0xf7, 0xff, 0xef, 0xe7, 0xba, 0xff,
  0xc2, 0xac, 0x12, 0xff, 0xb7, 0xa0, 0x0a, 0xff, 0xb0, 0x9a, 0x09, 0xff,
  0xad, 0x98, 0x09, 0xff, 0xac, 0x96, 0x08, 0xff, 0xac, 0x96, 0x08, 0xff,
  0xab, 0x96, 0x08, 0xff, 0xab, 0x96, 0x08, 0xff, 0xac, 0x96, 0x08, 0xff,
  0xab, 0x96, 0x08, 0xff, 0xaa, 0x95, 0x08, 0xff, 0xaa, 0x94, 0x08, 0xff,
  0xa9, 0x93, 0x08, 0xff, 0xa8, 0x92, 0x07, 0xff, 0xa7, 0x91, 0x06, 0xff,
  0xa5, 0x90, 0x06, 0xff, 0xa4, 0x8f, 0x07, 0xff, 0xa5, 0x8f, 0x07, 0xff,
  0xa2, 0x8c, 0x06, 0xff, 0xb2, 0x9b, 0x06, 0xff, 0xad, 0x96, 0x03, 0xff,
  0x73, 0x5d, 0x03, 0xff, 0x97, 0x7a, 0x04, 0xff, 0x85, 0x6b, 0x04, 0xff,
  0x86, 0x6d, 0x04, 0xff, 0x88, 0x6f, 0x05, 0xff, 0x89, 0x70, 0x05, 0xff,
  0x8b, 0x72, 0x05, 0xff, 0x8c, 0x73, 0x05, 0xff, 0x8f, 0x75, 0x05, 0xff,
  0x90, 0x77, 0x05, 0xff, 0x91, 0x78, 0x06, 0xff, 0x92, 0x7a, 0x06, 0xff,
  0x94, 0x7b, 0x06, 0xff, 0x95, 0x7d, 0x06, 0xff, 0x95, 0x7d, 0x06, 0xff,
  0x95, 0x7c, 0x06, 0xff, 0x96, 0x7d, 0x06, 0xff, 0x98, 0x80, 0x06, 0xff,
  0x99, 0x81, 0x06, 0xff, 0x99, 0x81, 0x06, 0xff, 0x99, 0x81, 0x06, 0xff,
  0x9a, 0x81, 0x06, 0xff, 0x9b, 0x83, 0x06, 0xff, 0x9c, 0x83, 0x07, 0xff,
  0x9c, 0x84, 0x07, 0xff, 0x9d, 0x84, 0x07, 0xff, 0xa0, 0x86, 0x06, 0xff,
  0xa7, 0x8d, 0x09, 0xff, 0xb6, 0x9c, 0x00, 0xff, 0xe8, 0xdd, 0x9c, 0xff,
  0xf8, 0xf4, 0xee, 0xff, 0xef, 0xe7, 0xce, 0xff, 0xed, 0xe5, 0xc8, 0xff,
  0xed, 0xe4, 0xc6, 0xff, 0xee, 0xe5, 0xc9, 0xff, 0xee, 0xe6, 0xcb, 0xff,
  0xf0, 0xe8, 0xce, 0xff, 0xf7, 0xf2, 0xe3, 0xff, 0xf3, 0xec, 0xd6, 0xff,
  0xf3, 0xec, 0xd7, 0xff, 0xf4, 0xed, 0xd9, 0xff, 0xf8, 0xf3, 0xe1, 0xff,
  0xf5, 0xef, 0xdc, 0xff, 0xf7, 0xf1, 0xde, 0xff, 0xf7, 0xf2, 0xe0, 0xff,
  0xf4, 0xee, 0xdd, 0xff, 0xf5, 0xef, 0xde, 0xff, 0xf5, 0xef, 0xde, 0xff,
  0xf5, 0xef, 0xde, 0xff, 0xf4, 0xee, 0xdd, 0xff, 0xf5, 0xef, 0xdd, 0xff,
  0xf6, 0xf0, 0xe1, 0xff, 0xf8, 0xf3, 0xe6, 0xff, 0xf9, 0xf5, 0xea, 0xff,
  0xf8, 0xf4, 0xe8, 0xff, 0xf7, 0xf2, 0xe2, 0xff, 0xf7, 0xf1, 0xdc, 0xff,
  0xfa, 0xf3, 0xd5, 0xff, 0xfc, 0xf5, 0xcc, 0xff, 0xfa, 0xf2, 0xc2, 0xff,
  0xf9, 0xf2, 0xd7, 0xff, 0xf8, 0xf2, 0xe1, 0xff, 0xf9, 0xf5, 0xe9, 0xff,
  0xf8, 0xf4, 0xe7, 0xff, 0xf5, 0xef, 0xde, 0xff, 0xf4, 0xed, 0xda, 0xff,
  0xf4, 0xee, 0xdb, 0xff, 0xf4, 0xee, 0xdd, 0xff, 0xf5, 0xef, 0xdf, 0xff,
  0xf7, 0xf2, 0xe4, 0xff, 0xfa, 0xf6, 0xec, 0xff, 0xfd, 0xfd, 0xfb, 0xff,
  0xff, 0xff, 0xff, 0xff, 0xff, 0xff, 0xff, 0xff, 0xfc, 0xfa, 0xf6, 0xff,
  0xf8, 0xf3, 0xe7, 0xff, 0xf4, 0xef, 0xdf, 0xff, 0xf2, 0xeb, 0xd6, 0xff,
  0xf5, 0xef, 0xdb, 0xff, 0xf7, 0xf2, 0xe3, 0xff, 0xf0, 0xe9, 0xcf, 0xff,
  0xf0, 0xe8, 0xcf, 0xff, 0xf0, 0xe9, 0xd1, 0xff, 0xf3, 0xec, 0xd8, 0xff,
  0xf8, 0xf4, 0xe8, 0xff, 0xfb, 0xf8, 0xee, 0xff, 0xd0, 0xbd, 0x3e, 0xff,
  0xb9, 0xa1, 0x06, 0xff, 0xb2, 0x9b, 0x0a, 0xff, 0xad, 0x97, 0x08, 0xff,
  0xab, 0x96, 0x08, 0xff, 0xab, 0x95, 0x08, 0xff, 0xab, 0x95, 0x08, 0xff,
  0xab, 0x95, 0x09, 0xff, 0xab, 0x95, 0x09, 0xff, 0xab, 0x95, 0x09, 0xff,
  0xab, 0x95, 0x09, 0xff, 0xaa, 0x94, 0x08, 0xff, 0xa9, 0x94, 0x08, 0xff,
  0xa8, 0x93, 0x08, 0xff, 0xa7, 0x91, 0x08, 0xff, 0xa6, 0x90, 0x07, 0xff,
  0xa4, 0x8e, 0x06, 0xff, 0xa4, 0x8e, 0x06, 0xff, 0xa3, 0x8d, 0x06, 0xff,
  0xa0, 0x8a, 0x05, 0xff, 0xb0, 0x99, 0x05, 0xff, 0xab, 0x95, 0x03, 0xff,
  0x73, 0x5c, 0x03, 0xff, 0x96, 0x78, 0x04, 0xff, 0x84, 0x6a, 0x03, 0xff,
  0x86, 0x6c, 0x04, 0xff, 0x88, 0x6e, 0x04, 0xff, 0x89, 0x70, 0x04, 0xff,
  0x8b, 0x71, 0x04, 0xff, 0x8c, 0x73, 0x04, 0xff, 0x8e, 0x75, 0x05, 0xff,
  0x8f, 0x76, 0x05, 0xff, 0x91, 0x78, 0x05, 0xff, 0x92, 0x79, 0x06, 0xff,
  0x92, 0x7a, 0x05, 0xff, 0x93, 0x7a, 0x05, 0xff, 0x94, 0x7c, 0x06, 0xff,
  0x95, 0x7c, 0x05, 0xff, 0x96, 0x7d, 0x06, 0xff, 0x97, 0x7e, 0x06, 0xff,
  0x98, 0x80, 0x06, 0xff, 0x98, 0x80, 0x06, 0xff, 0x98, 0x7f, 0x05, 0xff,
  0x99, 0x80, 0x06, 0xff, 0x9a, 0x81, 0x06, 0xff, 0x9b, 0x82, 0x06, 0xff,
  0x9b, 0x83, 0x07, 0xff, 0x9c, 0x84, 0x06, 0xff, 0x9f, 0x86, 0x06, 0xff,
  0xa5, 0x8c, 0x09, 0xff, 0xb3, 0x98, 0x00, 0xff, 0xe3, 0xd7, 0x8c, 0xff,
  0xf9, 0xf5, 0xf0, 0xff, 0xef, 0xe7, 0xcd, 0xff, 0xec, 0xe3, 0xc7, 0xff,
  0xec, 0xe3, 0xc5, 0xff, 0xed, 0xe4, 0xc7, 0xff, 0xed, 0xe5, 0xca, 0xff,
  0xee, 0xe6, 0xcb, 0xff, 0xf2, 0xeb, 0xd5, 0xff, 0xf7, 0xf2, 0xe3, 0xff,
  0xf3, 0xeb, 0xd5, 0xff, 0xf4, 0xee, 0xd9, 0xff, 0xf9, 0xf3, 0xe0, 0xff,
  0xf6, 0xf0, 0xdc, 0xff, 0xf8, 0xf3, 0xe0, 0xff, 0xf4, 0xee, 0xdd, 0xff,
  0xf5, 0xef, 0xde, 0xff, 0xf4, 0xee, 0xdd, 0xff, 0xf4, 0xee, 0xdc, 0xff,
  0xf4, 0xee, 0xdd, 0xff, 0xf6, 0xf1, 0xe2, 0xff, 0xf8, 0xf4, 0xe9, 0xff,
  0xf9, 0xf5, 0xe9, 0xff, 0xf7, 0xf3, 0xe5, 0xff, 0xf5, 0xf0, 0xe0, 0xff,
  0xf4, 0xee, 0xdc, 0xff, 0xf5, 0xef, 0xde, 0xff, 0xf5, 0xef, 0xdd, 0xff,
  0xf9, 0xf4, 0xe7, 0xff, 0xf8, 0xf3, 0xe4, 0xff, 0xf7, 0xf0, 0xde, 0xff,
  0xf6, 0xf0, 0xdd, 0xff, 0xf5, 0xef, 0xdb, 0xff, 0xf5, 0xee, 0xdc, 0xff,
  0xf7, 0xf2, 0xe2, 0xff, 0xf9, 0xf5, 0xe8, 0xff, 0xf7, 0xf3, 0xe4, 0xff,
  0xf4, 0xee, 0xdc, 0xff, 0xf3, 0xec, 0xd9, 0xff, 0xf4, 0xed, 0xda, 0xff,
  0xf5, 0xef, 0xdd, 0xff, 0xf6, 0xf1, 0xe2, 0xff, 0xf9, 0xf6, 0xe9, 0xff,
  0xf9, 0xf6, 0xea, 0xff, 0xf8, 0xf4, 0xe8, 0xff, 0xf7, 0xf2, 0xe5, 0xff,
  0xf4, 0xee, 0xde, 0xff, 0xf2, 0xeb, 0xd7, 0xff, 0xf3, 0xec, 0xd7, 0xff,
  0xf7, 0xf3, 0xe4, 0xff, 0xf0, 0xe9, 0xd1, 0xff, 0xef, 0xe8, 0xcf, 0xff,
  0xf0, 0xe8, 0xcf, 0xff, 0xf2, 0xeb, 0xd5, 0xff, 0xf5, 0xf0, 0xde, 0xff,
  0xfe, 0xfc, 0xfe, 0xff, 0xe2, 0xd6, 0x8a, 0xff, 0xbc, 0xa4, 0x06, 0xff,
  0xb5, 0x9d, 0x0c, 0xff, 0xae, 0x97, 0x09, 0xff, 0xab, 0x95, 0x09, 0xff,
  0xaa, 0x94, 0x08, 0xff, 0xaa, 0x94, 0x08, 0xff, 0xaa, 0x95, 0x08, 0xff,
  0xab, 0x95, 0x09, 0xff, 0xaa, 0x95, 0x08, 0xff, 0xab, 0x95, 0x08, 0xff,
  0xab, 0x95, 0x08, 0xff, 0xaa, 0x94, 0x08, 0xff, 0xa9, 0x93, 0x08, 0xff,
  0xa7, 0x92, 0x07, 0xff, 0xa6, 0x90, 0x07, 0xff, 0xa5, 0x8f, 0x07, 0xff,
  0xa4, 0x8e, 0x06, 0xff, 0xa3, 0x8d, 0x06, 0xff, 0xa2, 0x8c, 0x06, 0xff,
  0xa0, 0x8a, 0x05, 0xff, 0xb0, 0x99, 0x06, 0xff, 0xab, 0x95, 0x04, 0xff,
  0x72, 0x5b, 0x02, 0xff, 0x94, 0x77, 0x04, 0xff, 0x84, 0x6a, 0x04, 0xff,
  0x86, 0x6c, 0x04, 0xff, 0x87, 0x6d, 0x04, 0xff, 0x89, 0x6f, 0x04, 0xff,
  0x8b, 0x71, 0x05, 0xff, 0x8c, 0x72, 0x05, 0xff, 0x8d, 0x74, 0x05, 0xff,
  0x8f, 0x75, 0x05, 0xff, 0x90, 0x77, 0x05, 0xff, 0x91, 0x78, 0x05, 0xff,
  0x91, 0x78, 0x05, 0xff, 0x91, 0x78, 0x05, 0xff, 0x93, 0x7a, 0x05, 0xff,
  0x94, 0x7b, 0x06, 0xff, 0x95, 0x7c, 0x06, 0xff, 0x95, 0x7d, 0x06, 0xff,
  0x97, 0x7e, 0x06, 0xff, 0x97, 0x7f, 0x06, 0xff, 0x98, 0x7f, 0x06, 0xff,
  0x98, 0x7f, 0x06, 0xff, 0x99, 0x80, 0x06, 0xff, 0x9a, 0x81, 0x07, 0xff,
  0x9b, 0x82, 0x07, 0xff, 0x9c, 0x83, 0x06, 0xff, 0x9d, 0x84, 0x06, 0xff,
  0xa2, 0x89, 0x09, 0xff, 0xb0, 0x95, 0x00, 0xff, 0xde, 0xcf, 0x77, 0xff,
  0xf9, 0xf5, 0xf0, 0xff, 0xee, 0xe6, 0xcc, 0xff, 0xeb, 0xe2, 0xc5, 0xff,
  0xeb, 0xe1, 0xc2, 0xff, 0xeb, 0xe2, 0xc4, 0xff, 0xed, 0xe4, 0xc7, 0xff,
  0xee, 0xe6, 0xcb, 0xff, 0xef, 0xe7, 0xcc, 0xff, 0xf5, 0xee, 0xdb, 0xff,
  0xf7, 0xf3, 0xe3, 0xff, 0xf6, 0xef, 0xd8, 0xff, 0xf9, 0xf4, 0xdf, 0xff,
  0xf9, 0xf4, 0xdf, 0xff, 0xf6, 0xf1, 0xdd, 0xff, 0xf4, 0xed, 0xdb, 0xff,
  0xf4, 0xee, 0xdb, 0xff, 0xf5, 0xef, 0xdf, 0xff, 0xf7, 0xf3, 0xe6, 0xff,
  0xf8, 0xf4, 0xe9, 0xff, 0xf8, 0xf4, 0xe7, 0xff, 0xf6, 0xf1, 0xe2, 0xff,
  0xf4, 0xee, 0xdd, 0xff, 0xf4, 0xee, 0xdc, 0xff, 0xf4, 0xef, 0xdd, 0xff,
  0xf5, 0xef, 0xde, 0xff, 0xf4, 0xef, 0xde, 0xff, 0xf5, 0xef, 0xde, 0xff,
  0xf9, 0xf5, 0xe9, 0xff, 0xf5, 0xef, 0xdd, 0xff, 0xf4, 0xef, 0xdc, 0xff,
  0xf5, 0xef, 0xdc, 0xff, 0xf4, 0xee, 0xdd, 0xff, 0xf5, 0xee, 0xdd, 0xff,
  0xf4, 0xee, 0xdb, 0xff, 0xf4, 0xee, 0xdb, 0xff, 0xf7, 0xf1, 0xe1, 0xff,
  0xf8, 0xf4, 0xe7, 0xff, 0xf7, 0xf2, 0xe3, 0xff, 0xf4, 0xed, 0xda, 0xff,
  0xf3, 0xec, 0xd8, 0xff, 0xf4, 0xed, 0xda, 0xff, 0xf5, 0xef, 0xdc, 0xff,
  0xf7, 0xf2, 0xe0, 0xff, 0xf4, 0xee, 0xdc, 0xff, 0xf3, 0xec, 0xd9, 0xff,
  0xf2, 0xeb, 0xd7, 0xff, 0xf2, 0xec, 0xd4, 0xff, 0xf7, 0xf3, 0xe4, 0xff,
  0xf2, 0xeb, 0xd5, 0xff, 0xef, 0xe7, 0xce, 0xff, 0xef, 0xe8, 0xce, 0xff,
  0xf1, 0xea, 0xd2, 0xff, 0xf4, 0xee, 0xda, 0xff, 0xfa, 0xf8, 0xf2, 0xff,
  0xf6, 0xf0, 0xd6, 0xff, 0xc7, 0xb1, 0x22, 0xff, 0xb6, 0x9e, 0x09, 0xff,
  0xaf, 0x98, 0x0a, 0xff, 0xab, 0x95, 0x09, 0xff, 0xaa, 0x94, 0x09, 0xff,
  0xa9, 0x93, 0x09, 0xff, 0xa9, 0x93, 0x08, 0xff, 0xaa, 0x94, 0x08, 0xff,
  0xaa, 0x93, 0x08, 0xff, 0xa9, 0x93, 0x08, 0xff, 0xa9, 0x93, 0x08, 0xff,
  0xa9, 0x93, 0x08, 0xff, 0xa8, 0x92, 0x08, 0xff, 0xa7, 0x91, 0x07, 0xff,
  0xa6, 0x90, 0x06, 0xff, 0xa5, 0x8f, 0x07, 0xff, 0xa4, 0x8e, 0x07, 0xff,
  0xa3, 0x8d, 0x06, 0xff, 0xa2, 0x8c, 0x06, 0xff, 0xa2, 0x8c, 0x05, 0xff,
  0x9f, 0x88, 0x05, 0xff, 0xb0, 0x99, 0x06, 0xff, 0xac, 0x95, 0x04, 0xff,
  0x71, 0x5a, 0x02, 0xff, 0x93, 0x76, 0x04, 0xff, 0x83, 0x69, 0x04, 0xff,
  0x84, 0x6a, 0x04, 0xff, 0x86, 0x6c, 0x04, 0xff, 0x87, 0x6e, 0x05, 0xff,
  0x89, 0x6f, 0x05, 0xff, 0x8a, 0x70, 0x05, 0xff, 0x8b, 0x72, 0x05, 0xff,
  0x8d, 0x73, 0x05, 0xff, 0x8e, 0x75, 0x05, 0xff, 0x90, 0x77, 0x05, 0xff,
  0x90, 0x77, 0x05, 0xff, 0x91, 0x78, 0x05, 0xff, 0x93, 0x7b, 0x05, 0xff,
  0x93, 0x7a, 0x05, 0xff, 0x93, 0x7b, 0x05, 0xff, 0x95, 0x7d, 0x06, 0xff,
  0x95, 0x7d, 0x06, 0xff, 0x96, 0x7e, 0x06, 0xff, 0x97, 0x7e, 0x07, 0xff,
  0x98, 0x7f, 0x06, 0xff, 0x98, 0x80, 0x06, 0xff, 0x99, 0x80, 0x06, 0xff,
  0x9a, 0x81, 0x06, 0xff, 0x9b, 0x82, 0x06, 0xff, 0x9b, 0x83, 0x06, 0xff,
  0xa1, 0x88, 0x09, 0xff, 0xac, 0x91, 0x00, 0xff, 0xd7, 0xc6, 0x62, 0xff,
  0xf9, 0xf5, 0xef, 0xff, 0xee, 0xe7, 0xcd, 0xff, 0xeb, 0xe1, 0xc3, 0xff,
  0xea, 0xe0, 0xbf, 0xff, 0xea, 0xe1, 0xc1, 0xff, 0xec, 0xe2, 0xc4, 0xff,
  0xee, 0xe5, 0xc8, 0xff, 0xef, 0xe7, 0xcd, 0xff, 0xf2, 0xea, 0xcf, 0xff,
  0xf9, 0xf4, 0xdf, 0xff, 0xfb, 0xf5, 0xc7, 0xff, 0xfc, 0xf4, 0xbf, 0xff,
  0xfa, 0xf4, 0xcf, 0xff, 0xf6, 0xf0, 0xda, 0xff, 0xf7, 0xf2, 0xe1, 0xff,
  0xf7, 0xf3, 0xe6, 0xff, 0xf8, 0xf4, 0xe7, 0xff, 0xf7, 0xf2, 0xe3, 0xff,
  0xf5, 0xef, 0xde, 0xff, 0xf4, 0xed, 0xdb, 0xff, 0xf4, 0xee, 0xdc, 0xff,
  0xf4, 0xee, 0xdd, 0xff, 0xf4, 0xef, 0xde, 0xff, 0xf4, 0xee, 0xdd, 0xff,
  0xf4, 0xef, 0xde, 0xff, 0xf4, 0xee, 0xdd, 0xff, 0xf6, 0xf1, 0xe2, 0xff,
  0xf8, 0xf3, 0xe7, 0xff, 0xf3, 0xed, 0xdb, 0xff, 0xf4, 0xee, 0xdc, 0xff,
  0xf4, 0xee, 0xdc, 0xff, 0xf4, 0xee, 0xdc, 0xff, 0xf4, 0xee, 0xdc, 0xff,
  0xf4, 0xee, 0xdc, 0xff, 0xf4, 0xee, 0xdb, 0xff, 0xf3, 0xec, 0xd9, 0xff,
  0xf4, 0xed, 0xd9, 0xff, 0xf6, 0xf0, 0xe0, 0xff, 0xf8, 0xf4, 0xe6, 0xff,
  0xf6, 0xf2, 0xe2, 0xff, 0xf3, 0xec, 0xd7, 0xff, 0xf2, 0xeb, 0xd5, 0xff,
  0xf5, 0xef, 0xd9, 0xff, 0xf5, 0xef, 0xda, 0xff, 0xf4, 0xed, 0xd8, 0xff,
  0xf4, 0xec, 0xd3, 0xff, 0xf7, 0xf2, 0xe1, 0xff, 0xf3, 0xed, 0xd9, 0xff,
  0xef, 0xe7, 0xcd, 0xff, 0xef, 0xe7, 0xce, 0xff, 0xef, 0xe8, 0xcf, 0xff,
  0xf2, 0xec, 0xd7, 0xff, 0xf6, 0xf2, 0xe3, 0xff, 0xfe, 0xfc, 0xfd, 0xff,
  0xdb, 0xcb, 0x69, 0xff, 0xba, 0xa2, 0x05, 0xff, 0xb2, 0x9a, 0x0c, 0xff,
  0xab, 0x95, 0x09, 0xff, 0xa9, 0x93, 0x08, 0xff, 0xa9, 0x92, 0x09, 0xff,
  0xa8, 0x92, 0x08, 0xff, 0xa8, 0x92, 0x08, 0xff, 0xa8, 0x92, 0x08, 0xff,
  0xa8, 0x92, 0x08, 0xff, 0xa8, 0x92, 0x08, 0xff, 0xa8, 0x92, 0x08, 0xff,
  0xa7, 0x91, 0x07, 0xff, 0xa6, 0x90, 0x07, 0xff, 0xa6, 0x90, 0x07, 0xff,
  0xa4, 0x8e, 0x07, 0xff, 0xa3, 0x8d, 0x07, 0xff, 0xa3, 0x8d, 0x07, 0xff,
  0xa2, 0x8b, 0x06, 0xff, 0xa1, 0x8b, 0x06, 0xff, 0xa1, 0x8b, 0x06, 0xff,
  0x9e, 0x88, 0x05, 0xff, 0xb0, 0x98, 0x06, 0xff, 0xab, 0x95, 0x03, 0xff,
  0x71, 0x5b, 0x02, 0xff, 0x93, 0x76, 0x04, 0xff, 0x82, 0x67, 0x04, 0xff,
  0x83, 0x69, 0x04, 0xff, 0x85, 0x6b, 0x04, 0xff, 0x86, 0x6d, 0x04, 0xff,
  0x87, 0x6e, 0x04, 0xff, 0x88, 0x6f, 0x04, 0xff, 0x8a, 0x70, 0x04, 0xff,
  0x8b, 0x71, 0x05, 0xff, 0x8d, 0x74, 0x06, 0xff, 0x8e, 0x75, 0x05, 0xff,
  0x8e, 0x76, 0x05, 0xff, 0x90, 0x77, 0x05, 0xff, 0x92, 0x79, 0x05, 0xff,
  0x93, 0x7a, 0x05, 0xff, 0x93, 0x7a, 0x05, 0xff, 0x93, 0x7b, 0x05, 0xff,
  0x94, 0x7c, 0x06, 0xff, 0x95, 0x7c, 0x06, 0xff, 0x96, 0x7d, 0x06, 0xff,
  0x97, 0x7f, 0x07, 0xff, 0x98, 0x80, 0x06, 0xff, 0x98, 0x80, 0x06, 0xff,
  0x99, 0x80, 0x06, 0xff, 0x99, 0x81, 0x05, 0xff, 0x9b, 0x82, 0x05, 0xff,
  0xa0, 0x86, 0x08, 0xff, 0xa7, 0x8d, 0x00, 0xff, 0xcf, 0xbc, 0x4c, 0xff,
  0xf9, 0xf4, 0xea, 0xff, 0xef, 0xe7, 0xce, 0xff, 0xea, 0xe1, 0xc2, 0xff,
  0xe9, 0xdf, 0xbd, 0xff, 0xea, 0xe0, 0xbf, 0xff, 0xeb, 0xe1, 0xc2, 0xff,
  0xec, 0xe4, 0xc6, 0xff, 0xef, 0xe6, 0xcb, 0xff, 0xf3, 0xec, 0xd1, 0xff,
  0xf9, 0xf0, 0xb9, 0xff, 0xfd, 0xfa, 0xe0, 0xff, 0xfe, 0xfd, 0xf0, 0xff,
  0xfc, 0xf7, 0xc7, 0xff, 0xfa, 0xf6, 0xe1, 0xff, 0xf8, 0xf3, 0xe4, 0xff,
  0xf5, 0xef, 0xdd, 0xff, 0xf4, 0xed, 0xda, 0xff, 0xf4, 0xed, 0xdb, 0xff,
  0xf4, 0xee, 0xdc, 0xff, 0xf4, 0xee, 0xdd, 0xff, 0xf4, 0xee, 0xdd, 0xff,
  0xf4, 0xee, 0xdd, 0xff, 0xf4, 0xee, 0xdd, 0xff, 0xf4, 0xee, 0xdd, 0xff,
  0xf4, 0xee, 0xde, 0xff, 0xf4, 0xee, 0xdc, 0xff, 0xf8, 0xf4, 0xe7, 0xff,
  0xf6, 0xf1, 0xe2, 0xff, 0xf4, 0xed, 0xdc, 0xff, 0xf4, 0xee, 0xdc, 0xff,
  0xf4, 0xee, 0xdc, 0xff, 0xf4, 0xee, 0xdc, 0xff, 0xf3, 0xed, 0xdb, 0xff,
  0xf3, 0xed, 0xda, 0xff, 0xf4, 0xed, 0xda, 0xff, 0xf4, 0xed, 0xda, 0xff,
  0xf3, 0xec, 0xd8, 0xff, 0xf2, 0xeb, 0xd5, 0xff, 0xf3, 0xec, 0xd6, 0xff,
  0xf5, 0xf0, 0xdd, 0xff, 0xf8, 0xf3, 0xe5, 0xff, 0xf6, 0xf0, 0xdf, 0xff,
  0xf5, 0xee, 0xd3, 0xff, 0xf9, 0xf2, 0xc6, 0xff, 0xf9, 0xf0, 0xb4, 0xff,
  0xfa, 0xf3, 0xcc, 0xff, 0xf7, 0xf1, 0xdd, 0xff, 0xf0, 0xe8, 0xcd, 0xff,
  0xef, 0xe7, 0xce, 0xff, 0xee, 0xe7, 0xcd, 0xff, 0xf0, 0xea, 0xd3, 0xff,
  0xf4, 0xee, 0xdb, 0xff, 0xfc, 0xfa, 0xf7, 0xff, 0xf1, 0xea, 0xc4, 0xff,
  0xc2, 0xab, 0x16, 0xff, 0xb4, 0x9c, 0x0a, 0xff, 0xac, 0x95, 0x09, 0xff,
  0xa8, 0x92, 0x08, 0xff, 0xa7, 0x91, 0x08, 0xff, 0xa7, 0x90, 0x07, 0xff,
  0xa7, 0x90, 0x08, 0xff, 0xa7, 0x90, 0x08, 0xff, 0xa7, 0x90, 0x07, 0xff,
  0xa7, 0x90, 0x08, 0xff, 0xa7, 0x91, 0x08, 0xff, 0xa7, 0x91, 0x08, 0xff,
  0xa7, 0x91, 0x07, 0xff, 0xa6, 0x8f, 0x07, 0xff, 0xa5, 0x8e, 0x06, 0xff,
  0xa3, 0x8c, 0x06, 0xff, 0xa1, 0x8b, 0x06, 0xff, 0xa1, 0x8b, 0x07, 0xff,
  0xa1, 0x8b, 0x07, 0xff, 0xa1, 0x8a, 0x06, 0xff, 0x9f, 0x89, 0x06, 0xff,
  0x9e, 0x88, 0x06, 0xff, 0xaf, 0x98, 0x06, 0xff, 0xaa, 0x93, 0x04, 0xff,
  0x72, 0x5b, 0x03, 0xff, 0x92, 0x75, 0x05, 0xff, 0x80, 0x66, 0x04, 0xff,
  0x82, 0x68, 0x04, 0xff, 0x83, 0x6a, 0x04, 0xff, 0x85, 0x6b, 0x04, 0xff,
  0x87, 0x6d, 0x05, 0xff, 0x88, 0x6e, 0x04, 0xff, 0x88, 0x6f, 0x04, 0xff,
  0x8a, 0x70, 0x05, 0xff, 0x8c, 0x73, 0x05, 0xff, 0x8e, 0x75, 0x05, 0xff,
  0x8e, 0x75, 0x05, 0xff, 0x8f, 0x76, 0x05, 0xff, 0x91, 0x77, 0x05, 0xff,
  0x91, 0x78, 0x04, 0xff, 0x92, 0x79, 0x05, 0xff, 0x93, 0x7a, 0x05, 0xff,
  0x93, 0x7a, 0x05, 0xff, 0x94, 0x7b, 0x06, 0xff, 0x95, 0x7c, 0x06, 0xff,
  0x95, 0x7d, 0x06, 0xff, 0x97, 0x7e, 0x06, 0xff, 0x97, 0x7f, 0x06, 0xff,
  0x98, 0x7f, 0x06, 0xff, 0x98, 0x80, 0x06, 0xff, 0x9a, 0x81, 0x05, 0xff,
  0x9e, 0x84, 0x07, 0xff, 0xa5, 0x8c, 0x01, 0xff, 0xc7, 0xb2, 0x32, 0xff,
  0xf7, 0xf2, 0xe0, 0xff, 0xf0, 0xe9, 0xd2, 0xff, 0xea, 0xe1, 0xc1, 0xff,
  0xe8, 0xde, 0xbc, 0xff, 0xe9, 0xdf, 0xbd, 0xff, 0xeb, 0xe1, 0xc0, 0xff,
  0xec, 0xe3, 0xc5, 0xff, 0xee, 0xe6, 0xca, 0xff, 0xf3, 0xeb, 0xcd, 0xff,
  0xfa, 0xf2, 0xb8, 0xff, 0xfe, 0xfe, 0xfc, 0xff, 0xfd, 0xff, 0xff, 0xff,
  0xfd, 0xf6, 0xc8, 0xff, 0xf8, 0xf1, 0xcb, 0xff, 0xf5, 0xee, 0xdb, 0xff,
  0xf4, 0xed, 0xda, 0xff, 0xf4, 0xed, 0xdc, 0xff, 0xf4, 0xee, 0xdc, 0xff,
  0xf3, 0xed, 0xdb, 0xff, 0xf3, 0xed, 0xdb, 0xff, 0xf4, 0xed, 0xdc, 0xff,
  0xf3, 0xed, 0xdc, 0xff, 0xf4, 0xee, 0xdd, 0xff, 0xf4, 0xee, 0xdd, 0xff,
  0xf4, 0xee, 0xdd, 0xff, 0xf5, 0xef, 0xde, 0xff, 0xf8, 0xf4, 0xe9, 0xff,
  0xf4, 0xee, 0xdd, 0xff, 0xf4, 0xee, 0xdd, 0xff, 0xf3, 0xed, 0xdc, 0xff,
  0xf3, 0xee, 0xdc, 0xff, 0xf3, 0xed, 0xdb, 0xff, 0xf3, 0xed, 0xda, 0xff,
  0xf3, 0xed, 0xda, 0xff, 0xf3, 0xec, 0xd9, 0xff, 0xf3, 0xec, 0xd8, 0xff,
  0xf2, 0xeb, 0xd7, 0xff, 0xf2, 0xeb, 0xd6, 0xff, 0xf2, 0xea, 0xd5, 0xff,
  0xf1, 0xe9, 0xd2, 0xff, 0xf2, 0xea, 0xd3, 0xff, 0xf6, 0xf0, 0xdd, 0xff,
  0xfa, 0xf5, 0xd8, 0xff, 0xfc, 0xf5, 0xbe, 0xff, 0xfd, 0xfb, 0xe4, 0xff,
  0xfc, 0xf7, 0xc7, 0xff, 0xf5, 0xed, 0xc0, 0xff, 0xf1, 0xe9, 0xd0, 0xff,
  0xef, 0xe7, 0xcd, 0xff, 0xf0, 0xe8, 0xcf, 0xff, 0xf2, 0xec, 0xd8, 0xff,
  0xf7, 0xf3, 0xe5, 0xff, 0xfe, 0xfc, 0xfb, 0xff, 0xd6, 0xc5, 0x58, 0xff,
  0xb8, 0x9f, 0x04, 0xff, 0xaf, 0x97, 0x0a, 0xff, 0xa8, 0x91, 0x08, 0xff,
  0xa7, 0x90, 0x07, 0xff, 0xa7, 0x90, 0x07, 0xff, 0xa6, 0x90, 0x08, 0xff,
  0xa6, 0x90, 0x07, 0xff, 0xa7, 0x91, 0x08, 0xff, 0xa6, 0x90, 0x08, 0xff,
  0xa6, 0x90, 0x08, 0xff, 0xa6, 0x90, 0x08, 0xff, 0xa6, 0x90, 0x07, 0xff,
  0xa6, 0x90, 0x06, 0xff, 0xa5, 0x8f, 0x07, 0xff, 0xa4, 0x8d, 0x07, 0xff,
  0xa3, 0x8c, 0x06, 0xff, 0xa2, 0x8b, 0x06, 0xff, 0xa1, 0x8a, 0x07, 0xff,
  0xa0, 0x89, 0x07, 0xff, 0x9f, 0x88, 0x06, 0xff, 0x9f, 0x88, 0x06, 0xff,
  0x9e, 0x87, 0x06, 0xff, 0xaf, 0x97, 0x07, 0xff, 0xaa, 0x93, 0x04, 0xff,
  0x71, 0x5a, 0x03, 0xff, 0x91, 0x73, 0x05, 0xff, 0x80, 0x66, 0x04, 0xff,
  0x82, 0x68, 0x04, 0xff, 0x83, 0x69, 0x04, 0xff, 0x84, 0x6a, 0x04, 0xff,
  0x86, 0x6c, 0x04, 0xff, 0x86, 0x6d, 0x04, 0xff, 0x87, 0x6e, 0x04, 0xff,
  0x89, 0x70, 0x05, 0xff, 0x8b, 0x72, 0x05, 0xff, 0x8c, 0x74, 0x05, 0xff,
  0x8d, 0x74, 0x05, 0xff, 0x8e, 0x75, 0x05, 0xff, 0x8f, 0x76, 0x05, 0xff,
  0x90, 0x77, 0x05, 0xff, 0x91, 0x78, 0x05, 0xff, 0x92, 0x79, 0x05, 0xff,
  0x92, 0x79, 0x05, 0xff, 0x93, 0x7a, 0x06, 0xff, 0x94, 0x7b, 0x05, 0xff,
  0x95, 0x7c, 0x06, 0xff, 0x96, 0x7d, 0x06, 0xff, 0x97, 0x7e, 0x06, 0xff,
  0x97, 0x7e, 0x06, 0xff, 0x98, 0x7f, 0x06, 0xff, 0x98, 0x7f, 0x05, 0xff,
  0x9b, 0x82, 0x06, 0xff, 0xa5, 0x8b, 0x04, 0xff, 0xc0, 0xa9, 0x1b, 0xff,
  0xf3, 0xec, 0xd0, 0xff, 0xf1, 0xeb, 0xd9, 0xff, 0xea, 0xe1, 0xc0, 0xff,
  0xe8, 0xde, 0xba, 0xff, 0xe8, 0xde, 0xbb, 0xff, 0xea, 0xe0, 0xbf, 0xff,
  0xeb, 0xe2, 0xc3, 0xff, 0xed, 0xe5, 0xc8, 0xff, 0xf2, 0xe9, 0xce, 0xff,
  0xf8, 0xf0, 0xbf, 0xff, 0xfd, 0xf6, 0xc2, 0xff, 0xfd, 0xf8, 0xcc, 0xff,
  0xfd, 0xf6, 0xc5, 0xff, 0xf8, 0xf2, 0xdd, 0xff, 0xf4, 0xed, 0xd8, 0xff,
  0xf4, 0xed, 0xdb, 0xff, 0xf3, 0xed, 0xda, 0xff, 0xf3, 0xed, 0xdb, 0xff,
  0xf3, 0xed, 0xdb, 0xff, 0xf3, 0xed, 0xdb, 0xff, 0xf3, 0xed, 0xdb, 0xff,
  0xf4, 0xed, 0xdc, 0xff, 0xf4, 0xee, 0xdd, 0xff, 0xf4, 0xee, 0xdd, 0xff,
  0xf4, 0xee, 0xdc, 0xff, 0xf6, 0xf1, 0xe2, 0xff, 0xf7, 0xf2, 0xe5, 0xff,
  0xf3, 0xed, 0xdb, 0xff, 0xf3, 0xed, 0xdc, 0xff, 0xf3, 0xed, 0xdb, 0xff,
  0xf3, 0xed, 0xdb, 0xff, 0xf3, 0xed, 0xdb, 0xff, 0xf3, 0xed, 0xda, 0xff,
  0xf3, 0xec, 0xd9, 0xff, 0xf2, 0xeb, 0xd7, 0xff, 0xf2, 0xeb, 0xd7, 0xff,
  0xf2, 0xeb, 0xd7, 0xff, 0xf1, 0xea, 0xd5, 0xff, 0xf1, 0xea, 0xd4, 0xff,
  0xf1, 0xea, 0xd4, 0xff, 0xf1, 0xea, 0xd2, 0xff, 0xf3, 0xeb, 0xd4, 0xff,
  0xf9, 0xf0, 0xb7, 0xff, 0xfe, 0xfb, 0xe2, 0xff, 0xfe, 0xff, 0xff, 0xff,
  0xfd, 0xfa, 0xe1, 0xff, 0xf6, 0xed, 0xb4, 0xff, 0xf1, 0xe9, 0xd0, 0xff,
  0xf0, 0xe8, 0xcd, 0xff, 0xf1, 0xea, 0xd3, 0xff, 0xf4, 0xef, 0xdc, 0xff,
  0xfd, 0xfb, 0xfa, 0xff, 0xf1, 0xe9, 0xc0, 0xff, 0xc0, 0xa8, 0x10, 0xff,
  0xb2, 0x9a, 0x0b, 0xff, 0xaa, 0x93, 0x08, 0xff, 0xa7, 0x90, 0x07, 0xff,
  0xa7, 0x91, 0x08, 0xff, 0xa6, 0x90, 0x08, 0xff, 0xa6, 0x90, 0x08, 0xff,
  0xa6, 0x90, 0x08, 0xff, 0xa6, 0x8f, 0x08, 0xff, 0xa5, 0x8f, 0x08, 0xff,
  0xa5, 0x8f, 0x07, 0xff, 0xa5, 0x8f, 0x07, 0xff, 0xa5, 0x8e, 0x07, 0xff,
  0xa4, 0x8e, 0x07, 0xff, 0xa4, 0x8e, 0x07, 0xff, 0xa3, 0x8c, 0x06, 0xff,
  0xa2, 0x8b, 0x06, 0xff, 0xa2, 0x8b, 0x07, 0xff, 0xa0, 0x89, 0x07, 0xff,
  0x9f, 0x88, 0x06, 0xff, 0x9f, 0x88, 0x07, 0xff, 0x9f, 0x88, 0x06, 0xff,
  0x9d, 0x86, 0x05, 0xff, 0xae, 0x96, 0x07, 0xff, 0xaa, 0x93, 0x04, 0xff,
  0x70, 0x58, 0x02, 0xff, 0x91, 0x73, 0x04, 0xff, 0x80, 0x66, 0x03, 0xff,
  0x81, 0x67, 0x04, 0xff, 0x82, 0x68, 0x04, 0xff, 0x84, 0x6a, 0x04, 0xff,
  0x84, 0x6b, 0x04, 0xff, 0x85, 0x6b, 0x04, 0xff, 0x87, 0x6d, 0x04, 0xff,
  0x89, 0x70, 0x04, 0xff, 0x8a, 0x71, 0x05, 0xff, 0x8b, 0x72, 0x05, 0xff,
  0x8c, 0x73, 0x05, 0xff, 0x8d, 0x74, 0x05, 0xff, 0x8e, 0x75, 0x05, 0xff,
  0x8f, 0x76, 0x04, 0xff, 0x90, 0x77, 0x05, 0xff, 0x90, 0x77, 0x05, 0xff,
  0x91, 0x78, 0x05, 0xff, 0x92, 0x79, 0x05, 0xff, 0x94, 0x7a, 0x05, 0xff,
  0x95, 0x7c, 0x06, 0xff, 0x96, 0x7d, 0x06, 0xff, 0x96, 0x7e, 0x06, 0xff,
  0x97, 0x7f, 0x06, 0xff, 0x98, 0x7f, 0x06, 0xff, 0x97, 0x7e, 0x05, 0xff,
  0x9a, 0x80, 0x06, 0xff, 0xa4, 0x8a, 0x07, 0xff, 0xb9, 0x9f, 0x0a, 0xff,
  0xed, 0xe4, 0xb8, 0xff, 0xf3, 0xed, 0xe0, 0xff, 0xea, 0xe1, 0xc0, 0xff,
  0xe7, 0xdd, 0xb8, 0xff, 0xe7, 0xdd, 0xb8, 0xff, 0xe8, 0xde, 0xbc, 0xff,
  0xea, 0xe1, 0xc1, 0xff, 0xec, 0xe4, 0xc5, 0xff, 0xef, 0xe6, 0xca, 0xff,
  0xf3, 0xeb, 0xcf, 0xff, 0xf7, 0xee, 0xc2, 0xff, 0xfb, 0xf4, 0xcc, 0xff,
  0xf8, 0xf1, 0xd1, 0xff, 0xf8, 0xf3, 0xe4, 0xff, 0xf7, 0xf2, 0xe3, 0xff,
  0xf3, 0xec, 0xd8, 0xff, 0xf3, 0xed, 0xda, 0xff, 0xf3, 0xed, 0xda, 0xff,
  0xf3, 0xed, 0xda, 0xff, 0xf3, 0xed, 0xdb, 0xff, 0xf3, 0xed, 0xdc, 0xff,
  0xf3, 0xed, 0xdc, 0xff, 0xf3, 0xed, 0xdc, 0xff, 0xf4, 0xee, 0xdd, 0xff,
  0xf3, 0xed, 0xdb, 0xff, 0xf8, 0xf3, 0xe7, 0xff, 0xf5, 0xf0, 0xe0, 0xff,
  0xf3, 0xed, 0xda, 0xff, 0xf3, 0xed, 0xdb, 0xff, 0xf3, 0xed, 0xda, 0xff,
  0xf3, 0xed, 0xda, 0xff, 0xf3, 0xec, 0xda, 0xff, 0xf2, 0xec, 0xd8, 0xff,
  0xf2, 0xeb, 0xd7, 0xff, 0xf2, 0xea, 0xd6, 0xff, 0xf2, 0xeb, 0xd7, 0xff,
  0xf2, 0xeb, 0xd6, 0xff, 0xf1, 0xea, 0xd4, 0xff, 0xf1, 0xe9, 0xd3, 0xff,
  0xf1, 0xe9, 0xd2, 0xff, 0xf1, 0xe9, 0xd2, 0xff, 0xf3, 0xeb, 0xd5, 0xff,
  0xf7, 0xee, 0xc2, 0xff, 0xfd, 0xf7, 0xc0, 0xff, 0xfe, 0xfb, 0xdf, 0xff,
  0xfb, 0xf3, 0xb8, 0xff, 0xf4, 0xeb, 0xbf, 0xff, 0xef, 0xe8, 0xcd, 0xff,
  0xf0, 0xe8, 0xce, 0xff, 0xf3, 0xec, 0xd7, 0xff, 0xf7, 0xf3, 0xe4, 0xff,
  0xff, 0xfd, 0xfd, 0xff, 0xd8, 0xc6, 0x5e, 0xff, 0xb5, 0x9d, 0x03, 0xff,
  0xac, 0x95, 0x0c, 0xff, 0xa8, 0x90, 0x09, 0xff, 0xa6, 0x90, 0x08, 0xff,
  0xa6, 0x90, 0x08, 0xff, 0xa6, 0x8f, 0x08, 0xff, 0xa5, 0x8e, 0x07, 0xff,
  0xa5, 0x8e, 0x08, 0xff, 0xa4, 0x8e, 0x08, 0xff, 0xa3, 0x8d, 0x07, 0xff,
  0xa4, 0x8e, 0x07, 0xff, 0xa3, 0x8d, 0x07, 0xff, 0xa3, 0x8d, 0x07, 0xff,
  0xa3, 0x8c, 0x07, 0xff, 0xa3, 0x8c, 0x07, 0xff, 0xa2, 0x8b, 0x07, 0xff,
  0xa1, 0x8a, 0x07, 0xff, 0xa0, 0x89, 0x06, 0xff, 0x9f, 0x88, 0x06, 0xff,
  0x9e, 0x87, 0x06, 0xff, 0x9e, 0x87, 0x06, 0xff, 0x9e, 0x87, 0x06, 0xff,
  0x9c, 0x85, 0x05, 0xff, 0xae, 0x95, 0x06, 0xff, 0xa7, 0x90, 0x03, 0xff,
  0x70, 0x59, 0x02, 0xff, 0x90, 0x73, 0x04, 0xff, 0x7f, 0x64, 0x04, 0xff,
  0x81, 0x66, 0x03, 0xff, 0x81, 0x67, 0x04, 0xff, 0x82, 0x68, 0x04, 0xff,
  0x83, 0x6a, 0x04, 0xff, 0x84, 0x6b, 0x04, 0xff, 0x86, 0x6c, 0x04, 0xff,
  0x87, 0x6e, 0x03, 0xff, 0x89, 0x6f, 0x04, 0xff, 0x8a, 0x70, 0x05, 0xff,
  0x8a, 0x71, 0x05, 0xff, 0x8c, 0x73, 0x04, 0xff, 0x8c, 0x74, 0x05, 0xff,
  0x8d, 0x75, 0x05, 0xff, 0x8f, 0x76, 0x05, 0xff, 0x8e, 0x76, 0x05, 0xff,
  0x8f, 0x77, 0x05, 0xff, 0x91, 0x78, 0x05, 0xff, 0x93, 0x7a, 0x05, 0xff,
  0x93, 0x7b, 0x05, 0xff, 0x95, 0x7c, 0x05, 0xff, 0x96, 0x7d, 0x06, 0xff,
  0x97, 0x7e, 0x06, 0xff, 0x97, 0x7e, 0x06, 0xff, 0x97, 0x7e, 0x05, 0xff,
  0x9a, 0x80, 0x06, 0xff, 0xa2, 0x89, 0x09, 0xff, 0xb1, 0x96, 0x00, 0xff,
  0xe4, 0xd9, 0x97, 0xff, 0xf5, 0xf1, 0xe7, 0xff, 0xea, 0xe1, 0xc1, 0xff,
  0xe6, 0xdc, 0xb7, 0xff, 0xe6, 0xdb, 0xb5, 0xff, 0xe7, 0xdd, 0xb8, 0xff,
  0xe9, 0xe0, 0xbe, 0xff, 0xeb, 0xe2, 0xc3, 0xff, 0xed, 0xe4, 0xc8, 0xff,
  0xef, 0xe7, 0xcc, 0xff, 0xf1, 0xe9, 0xcf, 0xff, 0xf7, 0xf1, 0xe2, 0xff,
  0xf4, 0xee, 0xd9, 0xff, 0xf3, 0xeb, 0xd4, 0xff, 0xf6, 0xf1, 0xe2, 0xff,
  0xf7, 0xf3, 0xe4, 0xff, 0xf3, 0xed, 0xd8, 0xff, 0xf3, 0xed, 0xda, 0xff,
  0xf3, 0xed, 0xdb, 0xff, 0xf3, 0xed, 0xdb, 0xff, 0xf3, 0xed, 0xdb, 0xff,
  0xf3, 0xed, 0xdb, 0xff, 0xf3, 0xed, 0xdc, 0xff, 0xf4, 0xed, 0xdc, 0xff,
  0xf4, 0xee, 0xdd, 0xff, 0xf8, 0xf4, 0xe8, 0xff, 0xf4, 0xed, 0xdb, 0xff,
  0xf3, 0xec, 0xda, 0xff, 0xf3, 0xec, 0xda, 0xff, 0xf3, 0xec, 0xd9, 0xff,
  0xf2, 0xeb, 0xd9, 0xff, 0xf2, 0xeb, 0xd8, 0xff, 0xf2, 0xeb, 0xd7, 0xff,
  0xf2, 0xeb, 0xd6, 0xff, 0xf1, 0xea, 0xd5, 0xff, 0xf1, 0xea, 0xd5, 0xff,
  0xf1, 0xea, 0xd5, 0xff, 0xf1, 0xea, 0xd4, 0xff, 0xf0, 0xe9, 0xd2, 0xff,
  0xf0, 0xe9, 0xd2, 0xff, 0xf1, 0xea, 0xd2, 0xff, 0xf1, 0xe9, 0xce, 0xff,
  0xf7, 0xf2, 0xdd, 0xff, 0xf8, 0xf1, 0xcc, 0xff, 0xf6, 0xec, 0xb2, 0xff,
  0xf4, 0xeb, 0xbf, 0xff, 0xf0, 0xe8, 0xcb, 0xff, 0xef, 0xe7, 0xcb, 0xff,
  0xf0, 0xe9, 0xd1, 0xff, 0xf4, 0xee, 0xdb, 0xff, 0xfc, 0xfa, 0xf6, 0xff,
  0xf3, 0xed, 0xcc, 0xff, 0xc0, 0xa9, 0x17, 0xff, 0xb0, 0x98, 0x0b, 0xff,
  0xa8, 0x91, 0x09, 0xff, 0xa6, 0x8f, 0x08, 0xff, 0xa5, 0x8e, 0x08, 0xff,
  0xa4, 0x8d, 0x07, 0xff, 0xa4, 0x8d, 0x07, 0xff, 0xa4, 0x8d, 0x07, 0xff,
  0xa4, 0x8d, 0x08, 0xff, 0xa3, 0x8d, 0x07, 0xff, 0xa3, 0x8c, 0x07, 0xff,
  0xa1, 0x8b, 0x07, 0xff, 0xa2, 0x8b, 0x08, 0xff, 0xa2, 0x8b, 0x08, 0xff,
  0xa2, 0x8b, 0x07, 0xff, 0xa2, 0x8b, 0x07, 0xff, 0xa1, 0x8a, 0x06, 0xff,
  0xa0, 0x89, 0x06, 0xff, 0x9f, 0x87, 0x06, 0xff, 0x9d, 0x86, 0x06, 0xff,
  0x9c, 0x85, 0x06, 0xff, 0x9c, 0x85, 0x06, 0xff, 0x9d, 0x86, 0x05, 0xff,
  0x9a, 0x83, 0x05, 0xff, 0xab, 0x93, 0x05, 0xff, 0xa6, 0x8f, 0x03, 0xff,
  0x70, 0x59, 0x02, 0xff, 0x8f, 0x71, 0x04, 0xff, 0x7d, 0x63, 0x03, 0xff,
  0x7f, 0x65, 0x04, 0xff, 0x80, 0x66, 0x04, 0xff, 0x81, 0x67, 0x04, 0xff,
  0x82, 0x68, 0x04, 0xff, 0x84, 0x6a, 0x04, 0xff, 0x84, 0x6b, 0x04, 0xff,
  0x86, 0x6c, 0x04, 0xff, 0x88, 0x6e, 0x04, 0xff, 0x89, 0x6f, 0x05, 0xff,
  0x8a, 0x70, 0x05, 0xff, 0x8b, 0x71, 0x04, 0xff, 0x8c, 0x72, 0x05, 0xff,
  0x8d, 0x74, 0x05, 0xff, 0x8d, 0x75, 0x05, 0xff, 0x8e, 0x75, 0x05, 0xff,
  0x8f, 0x76, 0x05, 0xff, 0x91, 0x78, 0x05, 0xff, 0x92, 0x79, 0x05, 0xff,
  0x93, 0x7a, 0x05, 0xff, 0x94, 0x7b, 0x05, 0xff, 0x94, 0x7b, 0x05, 0xff,
  0x95, 0x7c, 0x06, 0xff, 0x96, 0x7e, 0x06, 0xff, 0x97, 0x7e, 0x06, 0xff,
  0x99, 0x80, 0x06, 0xff, 0x9f, 0x85, 0x09, 0xff, 0xa9, 0x8f, 0x00, 0xff,
  0xd8, 0xc8, 0x6a, 0xff, 0xf7, 0xf3, 0xeb, 0xff, 0xeb, 0xe3, 0xc5, 0xff,
  0xe6, 0xdc, 0xb7, 0xff, 0xe5, 0xda, 0xb2, 0xff, 0xe6, 0xdb, 0xb4, 0xff,
  0xe8, 0xde, 0xba, 0xff, 0xea, 0xe0, 0xc0, 0xff, 0xec, 0xe3, 0xc6, 0xff,
  0xee, 0xe5, 0xca, 0xff, 0xee, 0xe6, 0xcb, 0xff, 0xf4, 0xee, 0xda, 0xff,
  0xf3, 0xed, 0xd9, 0xff, 0xf1, 0xea, 0xd3, 0xff, 0xf2, 0xea, 0xd3, 0xff,
  0xf5, 0xef, 0xde, 0xff, 0xf8, 0xf4, 0xe7, 0xff, 0xf4, 0xee, 0xda, 0xff,
  0xf3, 0xec, 0xd9, 0xff, 0xf4, 0xed, 0xdb, 0xff, 0xf4, 0xed, 0xdb, 0xff,
  0xf3, 0xed, 0xdb, 0xff, 0xf4, 0xee, 0xdc, 0xff, 0xf3, 0xed, 0xda, 0xff,
  0xf6, 0xf1, 0xe2, 0xff, 0xf7, 0xf2, 0xe4, 0xff, 0xf3, 0xec, 0xd9, 0xff,
  0xf3, 0xed, 0xda, 0xff, 0xf3, 0xec, 0xd9, 0xff, 0xf2, 0xeb, 0xd9, 0xff,
  0xf2, 0xeb, 0xd7, 0xff, 0xf2, 0xeb, 0xd7, 0xff, 0xf2, 0xeb, 0xd7, 0xff,
  0xf2, 0xeb, 0xd6, 0xff, 0xf1, 0xea, 0xd5, 0xff, 0xf1, 0xea, 0xd4, 0xff,
  0xf0, 0xe9, 0xd3, 0xff, 0xf0, 0xe9, 0xd2, 0xff, 0xf0, 0xe8, 0xd1, 0xff,
  0xf0, 0xe9, 0xd2, 0xff, 0xef, 0xe7, 0xcd, 0xff, 0xf4, 0xee, 0xd8, 0xff,
  0xf5, 0xf0, 0xdc, 0xff, 0xef, 0xe7, 0xc9, 0xff, 0xf0, 0xe8, 0xcd, 0xff,
  0xee, 0xe6, 0xca, 0xff, 0xee, 0xe6, 0xc8, 0xff, 0xef, 0xe7, 0xcc, 0xff,
  0xf2, 0xec, 0xd6, 0xff, 0xf6, 0xf2, 0xe2, 0xff, 0xff, 0xfd, 0xff, 0xff,
  0xdb, 0xcb, 0x6e, 0xff, 0xb4, 0x9b, 0x02, 0xff, 0xac, 0x94, 0x0b, 0xff,
  0xa5, 0x8e, 0x08, 0xff, 0xa3, 0x8d, 0x07, 0xff, 0xa3, 0x8c, 0x07, 0xff,
  0xa2, 0x8c, 0x07, 0xff, 0xa2, 0x8b, 0x07, 0xff, 0xa2, 0x8b, 0x07, 0xff,
  0xa3, 0x8b, 0x07, 0xff, 0xa2, 0x8b, 0x07, 0xff, 0xa1, 0x8a, 0x07, 0xff,
  0xa0, 0x89, 0x08, 0xff, 0xa1, 0x8a, 0x08, 0xff, 0xa1, 0x8a, 0x07, 0xff,
  0xa0, 0x89, 0x07, 0xff, 0xa0, 0x89, 0x07, 0xff, 0x9f, 0x89, 0x06, 0xff,
  0x9f, 0x87, 0x06, 0xff, 0x9d, 0x85, 0x06, 0xff, 0x9c, 0x85, 0x06, 0xff,
  0x9b, 0x84, 0x06, 0xff, 0x9a, 0x83, 0x06, 0xff, 0x9b, 0x84, 0x05, 0xff,
  0x99, 0x82, 0x05, 0xff, 0xaa, 0x91, 0x05, 0xff, 0xa4, 0x8d, 0x03, 0xff,
  0x6f, 0x58, 0x02, 0xff, 0x8d, 0x70, 0x04, 0xff, 0x7c, 0x62, 0x03, 0xff,
  0x7f, 0x64, 0x04, 0xff, 0x80, 0x66, 0x04, 0xff, 0x80, 0x67, 0x04, 0xff,
  0x82, 0x68, 0x04, 0xff, 0x84, 0x6b, 0x04, 0xff, 0x85, 0x6b, 0x04, 0xff,
  0x85, 0x6b, 0x04, 0xff, 0x86, 0x6d, 0x04, 0xff, 0x88, 0x6e, 0x04, 0xff,
  0x89, 0x6f, 0x05, 0xff, 0x8a, 0x70, 0x05, 0xff, 0x8b, 0x71, 0x05, 0xff,
  0x8d, 0x73, 0x05, 0xff, 0x8d, 0x74, 0x05, 0xff, 0x8d, 0x74, 0x05, 0xff,
  0x8f, 0x76, 0x05, 0xff, 0x91, 0x78, 0x05, 0xff, 0x91, 0x79, 0x05, 0xff,
  0x92, 0x79, 0x05, 0xff, 0x93, 0x7a, 0x05, 0xff, 0x93, 0x7a, 0x05, 0xff,
  0x94, 0x7c, 0x06, 0xff, 0x96, 0x7d, 0x06, 0xff, 0x97, 0x7e, 0x06, 0xff,
  0x97, 0x7e, 0x06, 0xff, 0x9b, 0x82, 0x08, 0xff, 0xa4, 0x8a, 0x00, 0xff,
  0xc9, 0xb5, 0x3b, 0xff, 0xf6, 0xf2, 0xe5, 0xff, 0xee, 0xe6, 0xcc, 0xff,
  0xe7, 0xdd, 0xb8, 0xff, 0xe4, 0xd9, 0xb0, 0xff, 0xe5, 0xda, 0xb0, 0xff,
  0xe7, 0xdc, 0xb5, 0xff, 0xe8, 0xde, 0xbc, 0xff, 0xeb, 0xe1, 0xc2, 0xff,
  0xed, 0xe4, 0xc7, 0xff, 0xed, 0xe5, 0xc9, 0xff, 0xf2, 0xeb, 0xd6, 0xff,
  0xf3, 0xee, 0xdb, 0xff, 0xf0, 0xe8, 0xd0, 0xff, 0xf2, 0xeb, 0xd5, 0xff,
  0xf1, 0xea, 0xd3, 0xff, 0xf4, 0xed, 0xda, 0xff, 0xf9, 0xf4, 0xe7, 0xff,
  0xf5, 0xef, 0xdd, 0xff, 0xf3, 0xec, 0xd8, 0xff, 0xf4, 0xed, 0xdb, 0xff,
  0xf3, 0xed, 0xda, 0xff, 0xf3, 0xed, 0xda, 0xff, 0xf3, 0xec, 0xd9, 0xff,
  0xf7, 0xf3, 0xe6, 0xff, 0xf4, 0xee, 0xdd, 0xff, 0xf3, 0xec, 0xd9, 0xff,
  0xf2, 0xec, 0xd8, 0xff, 0xf2, 0xeb, 0xd8, 0xff, 0xf2, 0xec, 0xd8, 0xff,
  0xf2, 0xeb, 0xd6, 0xff, 0xf2, 0xeb, 0xd6, 0xff, 0xf2, 0xea, 0xd5, 0xff,
  0xf1, 0xea, 0xd5, 0xff, 0xf1, 0xea, 0xd4, 0xff, 0xf1, 0xe9, 0xd3, 0xff,
  0xf0, 0xe9, 0xd2, 0xff, 0xef, 0xe8, 0xd1, 0xff, 0xef, 0xe8, 0xd0, 0xff,
  0xef, 0xe7, 0xce, 0xff, 0xf1, 0xea, 0xd2, 0xff, 0xf5, 0xf1, 0xe0, 0xff,
  0xed, 0xe5, 0xc9, 0xff, 0xed, 0xe4, 0xc7, 0xff, 0xec, 0xe4, 0xc5, 0xff,
  0xec, 0xe4, 0xc5, 0xff, 0xed, 0xe5, 0xc8, 0xff, 0xef, 0xe8, 0xd0, 0xff,
  0xf3, 0xee, 0xdb, 0xff, 0xfb, 0xf9, 0xf4, 0xff, 0xf5, 0xef, 0xd4, 0xff,
  0xc1, 0xaa, 0x1b, 0xff, 0xb0, 0x97, 0x08, 0xff, 0xa7, 0x8f, 0x08, 0xff,
  0xa4, 0x8c, 0x07, 0xff, 0xa3, 0x8c, 0x08, 0xff, 0xa2, 0x8b, 0x08, 0xff,
  0xa2, 0x8b, 0x07, 0xff, 0xa1, 0x8a, 0x07, 0xff, 0xa1, 0x8a, 0x07, 0xff,
  0xa1, 0x8a, 0x07, 0xff, 0xa1, 0x8a, 0x07, 0xff, 0xa1, 0x89, 0x07, 0xff,
  0xa1, 0x89, 0x07, 0xff, 0xa1, 0x8a, 0x07, 0xff, 0xa0, 0x89, 0x07, 0xff,
  0x9f, 0x88, 0x07, 0xff, 0x9f, 0x88, 0x07, 0xff, 0x9e, 0x87, 0x07, 0xff,
  0x9e, 0x86, 0x06, 0xff, 0x9b, 0x84, 0x06, 0xff, 0x9a, 0x84, 0x06, 0xff,
  0x9a, 0x83, 0x06, 0xff, 0x99, 0x82, 0x06, 0xff, 0x99, 0x82, 0x06, 0xff,
  0x97, 0x80, 0x06, 0xff, 0xa9, 0x90, 0x05, 0xff, 0xa3, 0x8c, 0x03, 0xff,
  0x6f, 0x57, 0x02, 0xff, 0x8d, 0x6f, 0x04, 0xff, 0x7d, 0x62, 0x03, 0xff,
  0x7e, 0x64, 0x04, 0xff, 0x80, 0x66, 0x04, 0xff, 0x81, 0x67, 0x04, 0xff,
  0x83, 0x69, 0x05, 0xff, 0x85, 0x6b, 0x04, 0xff, 0x85, 0x6c, 0x04, 0xff,
  0x86, 0x6d, 0x05, 0xff, 0x87, 0x6e, 0x05, 0xff, 0x8a, 0x71, 0x05, 0xff,
  0x8d, 0x74, 0x08, 0xff, 0x8d, 0x74, 0x07, 0xff, 0x8e, 0x74, 0x06, 0xff,
  0x8d, 0x73, 0x05, 0xff, 0x8d, 0x73, 0x05, 0xff, 0x8e, 0x75, 0x05, 0xff,
  0x8e, 0x75, 0x05, 0xff, 0x8f, 0x76, 0x05, 0xff, 0x90, 0x78, 0x05, 0xff,
  0x91, 0x78, 0x05, 0xff, 0x92, 0x79, 0x05, 0xff, 0x93, 0x7a, 0x06, 0xff,
  0x94, 0x7b, 0x06, 0xff, 0x95, 0x7c, 0x06, 0xff, 0x95, 0x7d, 0x06, 0xff,
  0x96, 0x7d, 0x06, 0xff, 0x99, 0x80, 0x06, 0xff, 0xa0, 0x87, 0x05, 0xff,
  0xba, 0xa2, 0x18, 0xff, 0xf1, 0xea, 0xcb, 0xff, 0xf1, 0xeb, 0xd8, 0xff,
  0xe7, 0xdd, 0xb9, 0xff, 0xe3, 0xd8, 0xae, 0xff, 0xe3, 0xd8, 0xad, 0xff,
  0xe5, 0xda, 0xb2, 0xff, 0xe7, 0xdd, 0xb8, 0xff, 0xe9, 0xe0, 0xbd, 0xff,
  0xeb, 0xe2, 0xc3, 0xff, 0xec, 0xe3, 0xc6, 0xff, 0xf0, 0xe8, 0xd0, 0xff,
  0xf4, 0xee, 0xdc, 0xff, 0xef, 0xe7, 0xce, 0xff, 0xf0, 0xe9, 0xd2, 0xff,
  0xf1, 0xea, 0xd3, 0xff, 0xf1, 0xea, 0xd3, 0xff, 0xf3, 0xec, 0xd7, 0xff,
  0xf8, 0xf4, 0xe7, 0xff, 0xf6, 0xf1, 0xe0, 0xff, 0xf3, 0xec, 0xd7, 0xff,
  0xf4, 0xed, 0xd9, 0xff, 0xf4, 0xed, 0xd9, 0xff, 0xf4, 0xee, 0xdb, 0xff,
  0xf8, 0xf3, 0xe6, 0xff, 0xf2, 0xeb, 0xd8, 0xff, 0xf2, 0xeb, 0xd8, 0xff,
  0xf2, 0xeb, 0xd7, 0xff, 0xf2, 0xeb, 0xd7, 0xff, 0xf2, 0xeb, 0xd7, 0xff,
  0xf1, 0xea, 0xd6, 0xff, 0xf1, 0xea, 0xd4, 0xff, 0xf1, 0xe9, 0xd3, 0xff,
  0xf1, 0xe9, 0xd3, 0xff, 0xf1, 0xe9, 0xd3, 0xff, 0xf0, 0xe8, 0xd1, 0xff,
  0xef, 0xe8, 0xd0, 0xff, 0xef, 0xe8, 0xd0, 0xff, 0xee, 0xe7, 0xcf, 0xff,
  0xef, 0xe7, 0xcc, 0xff, 0xf6, 0xf1, 0xe0, 0xff, 0xee, 0xe7, 0xcc, 0xff,
  0xec, 0xe3, 0xc6, 0xff, 0xec, 0xe3, 0xc5, 0xff, 0xec, 0xe3, 0xc4, 0xff,
  0xec, 0xe3, 0xc5, 0xff, 0xee, 0xe6, 0xca, 0xff, 0xf1, 0xeb, 0xd5, 0xff,
  0xf6, 0xf1, 0xe2, 0xff, 0xff, 0xfe, 0xff, 0xff, 0xd8, 0xc9, 0x6a, 0xff,
  0xb3, 0x9a, 0x02, 0xff, 0xab, 0x93, 0x0a, 0xff, 0xa4, 0x8d, 0x07, 0xff,
  0xa2, 0x8b, 0x07, 0xff, 0xa2, 0x8b, 0x07, 0xff, 0xa2, 0x8b, 0x08, 0xff,
  0xa1, 0x8a, 0x07, 0xff, 0xa1, 0x8a, 0x07, 0xff, 0xa0, 0x89, 0x07, 0xff,
  0xa0, 0x89, 0x07, 0xff, 0xa1, 0x8a, 0x07, 0xff, 0xa1, 0x8a, 0x07, 0xff,
  0xa1, 0x8a, 0x06, 0xff, 0xa3, 0x8c, 0x09, 0xff, 0xa2, 0x8c, 0x0a, 0xff,
  0xa0, 0x89, 0x07, 0xff, 0x9f, 0x87, 0x07, 0xff, 0x9e, 0x86, 0x07, 0xff,
  0x9e, 0x86, 0x07, 0xff, 0x9b, 0x83, 0x06, 0xff, 0x99, 0x81, 0x06, 0xff,
  0x98, 0x81, 0x05, 0xff, 0x98, 0x81, 0x05, 0xff, 0x97, 0x80, 0x05, 0xff,
  0x95, 0x7e, 0x05, 0xff, 0xa7, 0x8f, 0x05, 0xff, 0xa2, 0x8b, 0x03, 0xff,
  0x70, 0x58, 0x03, 0xff, 0x8d, 0x6f, 0x05, 0xff, 0x7c, 0x61, 0x03, 0xff,
  0x7e, 0x63, 0x04, 0xff, 0x7f, 0x65, 0x04, 0xff, 0x81, 0x67, 0x05, 0xff,
  0x83, 0x6a, 0x05, 0xff, 0x84, 0x6a, 0x04, 0xff, 0x84, 0x6b, 0x04, 0xff,
  0x86, 0x6d, 0x04, 0xff, 0x8a, 0x71, 0x05, 0xff, 0x90, 0x76, 0x08, 0xff,
  0x90, 0x77, 0x00, 0xff, 0x93, 0x7a, 0x00, 0xff, 0x94, 0x7b, 0x08, 0xff,
  0x8f, 0x75, 0x06, 0xff, 0x8e, 0x74, 0x05, 0xff, 0x8e, 0x74, 0x05, 0xff,
  0x8d, 0x74, 0x06, 0xff, 0x8d, 0x74, 0x05, 0xff, 0x8f, 0x76, 0x05, 0xff,
  0x90, 0x77, 0x05, 0xff, 0x91, 0x78, 0x06, 0xff, 0x92, 0x79, 0x06, 0xff,
  0x93, 0x7a, 0x05, 0xff, 0x94, 0x7b, 0x06, 0xff, 0x95, 0x7c, 0x06, 0xff,
  0x95, 0x7c, 0x06, 0xff, 0x98, 0x7e, 0x06, 0xff, 0x9d, 0x84, 0x09, 0xff,
  0xad, 0x93, 0x02, 0xff, 0xe4, 0xd8, 0x99, 0xff, 0xf4, 0xef, 0xe4, 0xff,
  0xe8, 0xde, 0xba, 0xff, 0xe3, 0xd8, 0xae, 0xff, 0xe2, 0xd6, 0xaa, 0xff,
  0xe3, 0xd8, 0xae, 0xff, 0xe6, 0xdb, 0xb5, 0xff, 0xe8, 0xde, 0xba, 0xff,
  0xea, 0xe0, 0xbf, 0xff, 0xeb, 0xe2, 0xc3, 0xff, 0xed, 0xe5, 0xc9, 0xff,
  0xf4, 0xee, 0xdb, 0xff, 0xef, 0xe7, 0xcd, 0xff, 0xf0, 0xe8, 0xcf, 0xff,
  0xf0, 0xe8, 0xd1, 0xff, 0xf1, 0xea, 0xd3, 0xff, 0xf1, 0xea, 0xd4, 0xff,
  0xf2, 0xeb, 0xd6, 0xff, 0xf8, 0xf3, 0xe5, 0xff, 0xf7, 0xf2, 0xe2, 0xff,
  0xf5, 0xee, 0xd8, 0xff, 0xf5, 0xee, 0xd7, 0xff, 0xf8, 0xf2, 0xdf, 0xff,
  0xf7, 0xf1, 0xe1, 0xff, 0xf3, 0xeb, 0xd4, 0xff, 0xf3, 0xeb, 0xd7, 0xff,
  0xf2, 0xea, 0xd6, 0xff, 0xf2, 0xea, 0xd5, 0xff, 0xf1, 0xea, 0xd5, 0xff,
  0xf1, 0xea, 0xd4, 0xff, 0xf0, 0xe9, 0xd2, 0xff, 0xf0, 0xe8, 0xd1, 0xff,
  0xf0, 0xe8, 0xd1, 0xff, 0xf0, 0xe8, 0xd0, 0xff, 0xef, 0xe7, 0xcf, 0xff,
  0xee, 0xe7, 0xce, 0xff, 0xee, 0xe7, 0xcd, 0xff, 0xed, 0xe5, 0xc8, 0xff,
  0xf5, 0xef, 0xdc, 0xff, 0xf0, 0xe9, 0xd0, 0xff, 0xeb, 0xe2, 0xc2, 0xff,
  0xec, 0xe3, 0xc5, 0xff, 0xeb, 0xe1, 0xc2, 0xff, 0xea, 0xe1, 0xc1, 0xff,
  0xec, 0xe4, 0xc6, 0xff, 0xef, 0xe8, 0xcf, 0xff, 0xf3, 0xee, 0xda, 0xff,
  0xfd, 0xfb, 0xfa, 0xff, 0xef, 0xe8, 0xc1, 0xff, 0xbb, 0xa3, 0x12, 0xff,
  0xad, 0x94, 0x0a, 0xff, 0xa6, 0x8e, 0x08, 0xff, 0xa1, 0x8a, 0x07, 0xff,
  0xa1, 0x8a, 0x07, 0xff, 0xa0, 0x8a, 0x07, 0xff, 0xa0, 0x89, 0x07, 0xff,
  0x9f, 0x88, 0x07, 0xff, 0x9f, 0x89, 0x07, 0xff, 0xa0, 0x89, 0x07, 0xff,
  0xa0, 0x89, 0x07, 0xff, 0xa0, 0x8a, 0x07, 0xff, 0xa2, 0x8b, 0x07, 0xff,
  0xa5, 0x8f, 0x0a, 0xff, 0xa5, 0x8f, 0x04, 0xff, 0xa4, 0x8e, 0x00, 0xff,
  0xa5, 0x8e, 0x0a, 0xff, 0xa1, 0x8a, 0x08, 0xff, 0x9f, 0x87, 0x08, 0xff,
  0x9d, 0x85, 0x07, 0xff, 0x9a, 0x83, 0x06, 0xff, 0x99, 0x81, 0x06, 0xff,
  0x99, 0x82, 0x07, 0xff, 0x98, 0x81, 0x06, 0xff, 0x96, 0x7f, 0x05, 0xff,
  0x95, 0x7d, 0x05, 0xff, 0xa6, 0x8d, 0x05, 0xff, 0xa0, 0x89, 0x03, 0xff,
  0x6e, 0x56, 0x03, 0xff, 0x8c, 0x6e, 0x04, 0xff, 0x7b, 0x61, 0x03, 0xff,
  0x7d, 0x63, 0x04, 0xff, 0x7f, 0x65, 0x04, 0xff, 0x81, 0x67, 0x05, 0xff,
  0x82, 0x68, 0x05, 0xff, 0x83, 0x69, 0x05, 0xff, 0x84, 0x6b, 0x04, 0xff,
  0x88, 0x6f, 0x05, 0xff, 0x8f, 0x76, 0x07, 0xff, 0x98, 0x80, 0x05, 0xff,
  0xb9, 0xa8, 0x42, 0xff, 0xb4, 0xa1, 0x32, 0xff, 0x97, 0x7e, 0x01, 0xff,
  0x94, 0x7a, 0x08, 0xff, 0x8f, 0x76, 0x06, 0xff, 0x8d, 0x73, 0x05, 0xff,
  0x8c, 0x73, 0x05, 0xff, 0x8d, 0x74, 0x05, 0xff, 0x8e, 0x74, 0x05, 0xff,
  0x8e, 0x75, 0x05, 0xff, 0x90, 0x77, 0x06, 0xff, 0x91, 0x79, 0x06, 0xff,
  0x91, 0x79, 0x05, 0xff, 0x92, 0x79, 0x05, 0xff, 0x94, 0x7b, 0x06, 0xff,
  0x95, 0x7c, 0x05, 0xff, 0x96, 0x7d, 0x05, 0xff, 0x9a, 0x81, 0x08, 0xff,
  0xa5, 0x8a, 0x00, 0xff, 0xd0, 0xbf, 0x58, 0xff, 0xf6, 0xf1, 0xe7, 0xff,
  0xea, 0xe1, 0xc2, 0xff, 0xe4, 0xd9, 0xb1, 0xff, 0xe1, 0xd5, 0xa9, 0xff,
  0xe2, 0xd6, 0xab, 0xff, 0xe4, 0xd9, 0xb1, 0xff, 0xe6, 0xdc, 0xb6, 0xff,
  0xe8, 0xde, 0xbb, 0xff, 0xe9, 0xe0, 0xc0, 0xff, 0xea, 0xe2, 0xc2, 0xff,
  0xf3, 0xed, 0xd9, 0xff, 0xef, 0xe7, 0xce, 0xff, 0xee, 0xe6, 0xcd, 0xff,
  0xef, 0xe7, 0xcf, 0xff, 0xf1, 0xe9, 0xd2, 0xff, 0xf1, 0xea, 0xd4, 0xff,
  0xf1, 0xea, 0xd4, 0xff, 0xf2, 0xea, 0xd3, 0xff, 0xf7, 0xf2, 0xe2, 0xff,
  0xfa, 0xf5, 0xdc, 0xff, 0xfa, 0xf1, 0xb8, 0xff, 0xfc, 0xf6, 0xca, 0xff,
  0xf9, 0xf0, 0xcb, 0xff, 0xf5, 0xed, 0xd5, 0xff, 0xf2, 0xeb, 0xd5, 0xff,
  0xf1, 0xe9, 0xd4, 0xff, 0xf0, 0xe9, 0xd3, 0xff, 0xf0, 0xe9, 0xd2, 0xff,
  0xf0, 0xe8, 0xd2, 0xff, 0xf0, 0xe8, 0xd0, 0xff, 0xef, 0xe7, 0xcf, 0xff,
  0xef, 0xe7, 0xce, 0xff, 0xef, 0xe7, 0xcd, 0xff, 0xee, 0xe6, 0xcc, 0xff,
  0xee, 0xe6, 0xcc, 0xff, 0xed, 0xe4, 0xc7, 0xff, 0xf2, 0xec, 0xd5, 0xff,
  0xf2, 0xec, 0xd5, 0xff, 0xea, 0xe1, 0xc0, 0xff, 0xeb, 0xe2, 0xc2, 0xff,
  0xea, 0xe1, 0xc0, 0xff, 0xe9, 0xe0, 0xbf, 0xff, 0xea, 0xe1, 0xc1, 0xff,
  0xed, 0xe5, 0xca, 0xff, 0xf1, 0xeb, 0xd5, 0xff, 0xf8, 0xf4, 0xea, 0xff,
  0xfb, 0xf8, 0xee, 0xff, 0xca, 0xb6, 0x3e, 0xff, 0xaf, 0x96, 0x05, 0xff,
  0xa7, 0x8f, 0x09, 0xff, 0xa3, 0x8b, 0x08, 0xff, 0xa0, 0x89, 0x07, 0xff,
  0xa0, 0x89, 0x07, 0xff, 0x9f, 0x88, 0x07, 0xff, 0x9f, 0x88, 0x07, 0xff,
  0x9e, 0x87, 0x07, 0xff, 0x9e, 0x87, 0x07, 0xff, 0x9f, 0x88, 0x07, 0xff,
  0xa0, 0x89, 0x07, 0xff, 0xa1, 0x8a, 0x07, 0xff, 0xa5, 0x8f, 0x0a, 0xff,
  0xaa, 0x95, 0x05, 0xff, 0xbf, 0xae, 0x32, 0xff, 0xc6, 0xb8, 0x49, 0xff,
  0xad, 0x99, 0x0c, 0xff, 0xa5, 0x8f, 0x0b, 0xff, 0xa1, 0x8a, 0x09, 0xff,
  0x9d, 0x86, 0x07, 0xff, 0x99, 0x82, 0x06, 0xff, 0x98, 0x81, 0x06, 0xff,
  0x98, 0x80, 0x06, 0xff, 0x97, 0x80, 0x06, 0xff, 0x96, 0x7f, 0x06, 0xff,
  0x94, 0x7d, 0x05, 0xff, 0xa5, 0x8c, 0x06, 0xff, 0xa0, 0x88, 0x04, 0xff,
  0x6d, 0x55, 0x02, 0x7b, 0x8c, 0x6d, 0x04, 0xff, 0x7a, 0x60, 0x03, 0xff,
  0x7c, 0x62, 0x04, 0xff, 0x7e, 0x65, 0x04, 0xff, 0x80, 0x66, 0x04, 0xff,
  0x81, 0x67, 0x04, 0xff, 0x82, 0x68, 0x04, 0xff, 0x85, 0x6b, 0x04, 0xff,
  0x8b, 0x72, 0x08, 0xff, 0x90, 0x78, 0x00, 0xff, 0xc6, 0xb9, 0x68, 0xff,
  0xff, 0xff, 0xff, 0xff, 0xfc, 0xfc, 0xf8, 0xff, 0xb6, 0xa4, 0x3a, 0xff,
  0x98, 0x7e, 0x00, 0xff, 0x91, 0x78, 0x08, 0xff, 0x8c, 0x73, 0x05, 0xff,
  0x8b, 0x72, 0x05, 0xff, 0x8d, 0x73, 0x05, 0xff, 0x8d, 0x73, 0x05, 0xff,
  0x8d, 0x74, 0x05, 0xff, 0x8f, 0x76, 0x06, 0xff, 0x8f, 0x77, 0x05, 0xff,
  0x90, 0x77, 0x05, 0xff, 0x91, 0x78, 0x05, 0xff, 0x93, 0x7a, 0x06, 0xff,
  0x95, 0x7b, 0x06, 0xff, 0x95, 0x7c, 0x05, 0xff, 0x98, 0x7e, 0x06, 0xff,
  0xa0, 0x86, 0x04, 0xff, 0xba, 0xa3, 0x1b, 0xff, 0xf1, 0xea, 0xce, 0xff,
  0xef, 0xe8, 0xd1, 0xff, 0xe6, 0xdb, 0xb5, 0xff, 0xe2, 0xd6, 0xaa, 0xff,
  0xe2, 0xd6, 0xaa, 0xff, 0xe3, 0xd7, 0xae, 0xff, 0xe4, 0xd9, 0xb2, 0xff,
  0xe6, 0xdc, 0xb7, 0xff, 0xe7, 0xde, 0xbc, 0xff, 0xe8, 0xdf, 0xbd, 0xff,
  0xf1, 0xeb, 0xd3, 0xff, 0xef, 0xe7, 0xce, 0xff, 0xed, 0xe5, 0xc9, 0xff,
  0xee, 0xe7, 0xce, 0xff, 0xef, 0xe7, 0xd0, 0xff, 0xf0, 0xe8, 0xd1, 0xff,
  0xf0, 0xe9, 0xd2, 0xff, 0xf1, 0xea, 0xd4, 0xff, 0xf4, 0xec, 0xd2, 0xff,
  0xfb, 0xf4, 0xc3, 0xff, 0xfe, 0xfc, 0xe9, 0xff, 0xfe, 0xfd, 0xf4, 0xff,
  0xfb, 0xf3, 0xbd, 0xff, 0xf6, 0xee, 0xce, 0xff, 0xf2, 0xea, 0xd3, 0xff,
  0xf0, 0xe8, 0xd2, 0xff, 0xf0, 0xe8, 0xd1, 0xff, 0xef, 0xe8, 0xd0, 0xff,
  0xee, 0xe7, 0xd0, 0xff, 0xef, 0xe7, 0xcf, 0xff, 0xee, 0xe6, 0xce, 0xff,
  0xee, 0xe6, 0xcc, 0xff, 0xee, 0xe5, 0xca, 0xff, 0xed, 0xe5, 0xc9, 0xff,
  0xed, 0xe4, 0xc5, 0xff, 0xf0, 0xe8, 0xcd, 0xff, 0xf4, 0xef, 0xdb, 0xff,
  0xeb, 0xe1, 0xc0, 0xff, 0xea, 0xe1, 0xc1, 0xff, 0xea, 0xe0, 0xbf, 0xff,
  0xe9, 0xdf, 0xbd, 0xff, 0xe9, 0xe0, 0xbf, 0xff, 0xeb, 0xe3, 0xc5, 0xff,
  0xf0, 0xe9, 0xd1, 0xff, 0xf5, 0xf0, 0xdf, 0xff, 0xfe, 0xfd, 0xfe, 0xff,
  0xda, 0xcb, 0x72, 0xff, 0xb3, 0x9a, 0x02, 0xff, 0xaa, 0x91, 0x0a, 0xff,
  0xa3, 0x8b, 0x07, 0xff, 0xa1, 0x8a, 0x07, 0xff, 0xa0, 0x89, 0x07, 0xff,
  0x9f, 0x88, 0x07, 0xff, 0x9e, 0x87, 0x07, 0xff, 0x9e, 0x87, 0x07, 0xff,
  0x9d, 0x86, 0x07, 0xff, 0x9d, 0x86, 0x07, 0xff, 0x9e, 0x86, 0x06, 0xff,
  0x9f, 0x88, 0x07, 0xff, 0xa2, 0x8c, 0x0a, 0xff, 0xa6, 0x91, 0x05, 0xff,
  0xbe, 0xaf, 0x33, 0xff, 0xfc, 0xfb, 0xf2, 0xff, 0xff, 0xff, 0xff, 0xff,
  0xd6, 0xcc, 0x78, 0xff, 0xa8, 0x93, 0x02, 0xff, 0xa3, 0x8d, 0x0c, 0xff,
  0x9c, 0x85, 0x07, 0xff, 0x99, 0x81, 0x06, 0xff, 0x97, 0x7f, 0x06, 0xff,
  0x96, 0x7e, 0x05, 0xff, 0x95, 0x7e, 0x06, 0xff, 0x96, 0x7f, 0x06, 0xff,
  0x94, 0x7d, 0x05, 0xff, 0xa4, 0x8b, 0x06, 0xff, 0xa0, 0x88, 0x03, 0x7b,
  0x6d, 0x56, 0x02, 0x6e, 0x8b, 0x6c, 0x04, 0xff, 0x79, 0x5f, 0x03, 0xff,
  0x7a, 0x60, 0x03, 0xff, 0x7c, 0x62, 0x04, 0xff, 0x7e, 0x64, 0x04, 0xff,
  0x80, 0x66, 0x04, 0xff, 0x81, 0x67, 0x04, 0xff, 0x84, 0x6b, 0x05, 0xff,
  0x8c, 0x74, 0x0a, 0xff, 0x97, 0x7f, 0x00, 0xff, 0xe1, 0xda, 0xa8, 0xff,
  0xff, 0xff, 0xff, 0xff, 0xff, 0xff, 0xff, 0xff, 0xd4, 0xc8, 0x7a, 0xff,
  0x9b, 0x81, 0x00, 0xff, 0x93, 0x79, 0x0a, 0xff, 0x8d, 0x73, 0x05, 0xff,
  0x8b, 0x71, 0x05, 0xff, 0x8c, 0x72, 0x05, 0xff, 0x8d, 0x73, 0x05, 0xff,
  0x8d, 0x74, 0x05, 0xff, 0x8e, 0x75, 0x05, 0xff, 0x8e, 0x76, 0x06, 0xff,
  0x8e, 0x76, 0x06, 0xff, 0x90, 0x77, 0x05, 0xff, 0x92, 0x78, 0x06, 0xff,
  0x93, 0x7a, 0x06, 0xff, 0x94, 0x7a, 0x06, 0xff, 0x96, 0x7c, 0x06, 0xff,
  0x9b, 0x82, 0x09, 0xff, 0xa9, 0x8e, 0x00, 0xff, 0xdf, 0xd2, 0x8f, 0xff,
  0xf4, 0xef, 0xe4, 0xff, 0xe7, 0xde, 0xb9, 0xff, 0xe1, 0xd6, 0xab, 0xff,
  0xe0, 0xd4, 0xa7, 0xff, 0xe1, 0xd5, 0xaa, 0xff, 0xe2, 0xd7, 0xae, 0xff,
  0xe4, 0xda, 0xb3, 0xff, 0xe7, 0xdc, 0xb8, 0xff, 0xe7, 0xdd, 0xb9, 0xff,
  0xef, 0xe7, 0xcc, 0xff, 0xef, 0xe8, 0xce, 0xff, 0xec, 0xe3, 0xc5, 0xff,
  0xed, 0xe5, 0xcb, 0xff, 0xed, 0xe5, 0xcc, 0xff, 0xef, 0xe7, 0xce, 0xff,
  0xef, 0xe8, 0xd0, 0xff, 0xf0, 0xe9, 0xd2, 0xff, 0xf3, 0xec, 0xd0, 0xff,
  0xf9, 0xf1, 0xb5, 0xff, 0xfe, 0xfe, 0xfc, 0xff, 0xfe, 0xff, 0xff, 0xff,
  0xfc, 0xf6, 0xc6, 0xff, 0xf5, 0xec, 0xc5, 0xff, 0xf1, 0xe9, 0xd3, 0xff,
  0xef, 0xe7, 0xcf, 0xff, 0xef, 0xe7, 0xcf, 0xff, 0xef, 0xe7, 0xcf, 0xff,
  0xee, 0xe6, 0xce, 0xff, 0xee, 0xe6, 0xcd, 0xff, 0xed, 0xe5, 0xcb, 0xff,
  0xed, 0xe5, 0xc9, 0xff, 0xec, 0xe4, 0xc7, 0xff, 0xec, 0xe3, 0xc4, 0xff,
  0xed, 0xe4, 0xc4, 0xff, 0xf4, 0xef, 0xda, 0xff, 0xec, 0xe3, 0xc2, 0xff,
  0xea, 0xe0, 0xbf, 0xff, 0xe9, 0xdf, 0xbd, 0xff, 0xe8, 0xde, 0xbb, 0xff,
  0xe9, 0xdf, 0xbd, 0xff, 0xea, 0xe1, 0xc2, 0xff, 0xef, 0xe7, 0xce, 0xff,
  0xf3, 0xee, 0xda, 0xff, 0xfe, 0xfc, 0xfe, 0xff, 0xe7, 0xdc, 0xa1, 0xff,
  0xb9, 0xa0, 0x09, 0xff, 0xae, 0x95, 0x0c, 0xff, 0xa5, 0x8c, 0x08, 0xff,
  0xa1, 0x89, 0x07, 0xff, 0x9f, 0x88, 0x06, 0xff, 0x9f, 0x88, 0x07, 0xff,
  0x9e, 0x87, 0x07, 0xff, 0x9f, 0x87, 0x07, 0xff, 0x9e, 0x87, 0x07, 0xff,
  0x9d, 0x86, 0x07, 0xff, 0x9c, 0x85, 0x07, 0xff, 0x9c, 0x85, 0x06, 0xff,
  0x9e, 0x87, 0x07, 0xff, 0xa2, 0x8c, 0x0b, 0xff, 0xa7, 0x93, 0x02, 0xff,
  0xd3, 0xc9, 0x68, 0xff, 0xff, 0xff, 0xff, 0xff, 0xff, 0xff, 0xff, 0xff,
  0xeb, 0xe6, 0xba, 0xff, 0xad, 0x99, 0x04, 0xff, 0xa3, 0x8d, 0x0d, 0xff,
  0x9c, 0x85, 0x07, 0xff, 0x98, 0x80, 0x06, 0xff, 0x96, 0x7f, 0x05, 0xff,
  0x95, 0x7e, 0x05, 0xff, 0x95, 0x7d, 0x05, 0xff, 0x95, 0x7e, 0x05, 0xff,
  0x94, 0x7c, 0x05, 0xff, 0xa4, 0x8b, 0x05, 0xff, 0x9e, 0x86, 0x02, 0x6e,
  0x6c, 0x54, 0x02, 0x59, 0x89, 0x6b, 0x04, 0xff, 0x77, 0x5d, 0x03, 0xff,
  0x79, 0x5f, 0x03, 0xff, 0x7b, 0x61, 0x04, 0xff, 0x7d, 0x63, 0x04, 0xff,
  0x80, 0x65, 0x04, 0xff, 0x81, 0x66, 0x04, 0xff, 0x84, 0x6a, 0x05, 0xff,
  0x8e, 0x75, 0x0a, 0xff, 0x9a, 0x84, 0x00, 0xff, 0xe0, 0xd9, 0xa2, 0xff,
  0xff, 0xff, 0xff, 0xff, 0xff, 0xff, 0xff, 0xff, 0xd4, 0xc8, 0x78, 0xff,
  0x9e, 0x85, 0x00, 0xff, 0x93, 0x7a, 0x0a, 0xff, 0x8b, 0x72, 0x05, 0xff,
  0x8a, 0x70, 0x05, 0xff, 0x8a, 0x70, 0x05, 0xff, 0x8b, 0x71, 0x06, 0xff,
  0x8b, 0x72, 0x05, 0xff, 0x8c, 0x73, 0x05, 0xff, 0x8d, 0x74, 0x05, 0xff,
  0x8e, 0x75, 0x06, 0xff, 0x8f, 0x76, 0x06, 0xff, 0x90, 0x77, 0x05, 0xff,
  0x91, 0x78, 0x05, 0xff, 0x93, 0x7a, 0x06, 0xff, 0x94, 0x7a, 0x06, 0xff,
  0x97, 0x7e, 0x08, 0xff, 0xa0, 0x85, 0x00, 0xff, 0xc4, 0xb0, 0x3b, 0xff,
  0xf4, 0xef, 0xe0, 0xff, 0xea, 0xe2, 0xc5, 0xff, 0xe2, 0xd8, 0xb0, 0xff,
  0xdf, 0xd3, 0xa5, 0xff, 0xdf, 0xd3, 0xa6, 0xff, 0xe0, 0xd5, 0xa9, 0xff,
  0xe3, 0xd7, 0xae, 0xff, 0xe5, 0xda, 0xb3, 0xff, 0xe6, 0xdb, 0xb5, 0xff,
  0xec, 0xe3, 0xc3, 0xff, 0xef, 0xe8, 0xcd, 0xff, 0xe9, 0xe0, 0xc0, 0xff,
  0xec, 0xe3, 0xc6, 0xff, 0xed, 0xe4, 0xc8, 0xff, 0xed, 0xe5, 0xca, 0xff,
  0xee, 0xe5, 0xcb, 0xff, 0xef, 0xe7, 0xcd, 0xff, 0xf1, 0xe9, 0xcd, 0xff,
  0xf9, 0xf2, 0xcb, 0xff, 0xfd, 0xf6, 0xc3, 0xff, 0xfc, 0xf5, 0xbe, 0xff,
  0xfb, 0xf3, 0xc2, 0xff, 0xf7, 0xf1, 0xdc, 0xff, 0xef, 0xe7, 0xcc, 0xff,
  0xee, 0xe6, 0xcd, 0xff, 0xee, 0xe6, 0xcd, 0xff, 0xed, 0xe5, 0xcb, 0xff,
  0xed, 0xe5, 0xca, 0xff, 0xed, 0xe4, 0xc9, 0xff, 0xec, 0xe3, 0xc6, 0xff,
  0xeb, 0xe2, 0xc4, 0xff, 0xeb, 0xe2, 0xc3, 0xff, 0xea, 0xe1, 0xbd, 0xff,
  0xf3, 0xed, 0xd6, 0xff, 0xec, 0xe4, 0xc5, 0xff, 0xe8, 0xde, 0xb9, 0xff,
  0xe9, 0xdf, 0xbb, 0xff, 0xe8, 0xde, 0xb9, 0xff, 0xe8, 0xde, 0xba, 0xff,
  0xe9, 0xe0, 0xbf, 0xff, 0xed, 0xe5, 0xca, 0xff, 0xf2, 0xec, 0xd6, 0xff,
  0xfc, 0xfa, 0xf8, 0xff, 0xf0, 0xe9, 0xc4, 0xff, 0xbd, 0xa6, 0x17, 0xff,
  0xae, 0x96, 0x0a, 0xff, 0xa6, 0x8e, 0x09, 0xff, 0xa1, 0x89, 0x07, 0xff,
  0x9e, 0x86, 0x07, 0xff, 0x9c, 0x85, 0x06, 0xff, 0x9c, 0x85, 0x06, 0xff,
  0x9c, 0x85, 0x07, 0xff, 0x9d, 0x85, 0x07, 0xff, 0x9c, 0x85, 0x06, 0xff,
  0x9b, 0x84, 0x06, 0xff, 0x9b, 0x83, 0x07, 0xff, 0x9b, 0x84, 0x07, 0xff,
  0x9d, 0x86, 0x07, 0xff, 0xa2, 0x8c, 0x0c, 0xff, 0xa9, 0x95, 0x06, 0xff,
  0xd2, 0xc8, 0x65, 0xff, 0xff, 0xff, 0xff, 0xff, 0xff, 0xff, 0xff, 0xff,
  0xe9, 0xe4, 0xb3, 0xff, 0xaf, 0x9b, 0x07, 0xff, 0xa4, 0x8d, 0x0e, 0xff,
  0x9b, 0x83, 0x07, 0xff, 0x96, 0x7f, 0x05, 0xff, 0x95, 0x7e, 0x05, 0xff,
  0x95, 0x7d, 0x05, 0xff, 0x94, 0x7c, 0x05, 0xff, 0x94, 0x7c, 0x05, 0xff,
  0x92, 0x7a, 0x05, 0xff, 0xa3, 0x89, 0x04, 0xff, 0x9d, 0x85, 0x02, 0x59,
  0x6b, 0x53, 0x02, 0x3b, 0x88, 0x6a, 0x04, 0xff, 0x77, 0x5c, 0x03, 0xff,
  0x78, 0x5e, 0x03, 0xff, 0x7a, 0x61, 0x04, 0xff, 0x7d, 0x63, 0x04, 0xff,
  0x7e, 0x64, 0x04, 0xff, 0x81, 0x66, 0x04, 0xff, 0x85, 0x6b, 0x05, 0xff,
  0x8e, 0x76, 0x0b, 0xff, 0x9b, 0x84, 0x00, 0xff, 0xe0, 0xda, 0xa4, 0xff,
  0xff, 0xff, 0xff, 0xff, 0xff, 0xff, 0xff, 0xff, 0xd5, 0xc9, 0x79, 0xff,
  0x9f, 0x86, 0x00, 0xff, 0x93, 0x79, 0x0a, 0xff, 0x8b, 0x71, 0x05, 0xff,
  0x8a, 0x70, 0x05, 0xff, 0x8a, 0x6f, 0x05, 0xff, 0x8a, 0x70, 0x05, 0xff,
  0x8a, 0x71, 0x05, 0xff, 0x8b, 0x72, 0x05, 0xff, 0x8d, 0x73, 0x06, 0xff,
  0x8e, 0x75, 0x05, 0xff, 0x8f, 0x75, 0x05, 0xff, 0x8f, 0x75, 0x05, 0xff,
  0x90, 0x77, 0x05, 0xff, 0x92, 0x79, 0x06, 0xff, 0x92, 0x79, 0x06, 0xff,
  0x95, 0x7b, 0x05, 0xff, 0x9c, 0x82, 0x07, 0xff, 0xae, 0x94, 0x04, 0xff,
  0xe8, 0xdd, 0xaa, 0xff, 0xf2, 0xec, 0xde, 0xff, 0xe5, 0xdb, 0xb6, 0xff,
  0xe0, 0xd4, 0xa7, 0xff, 0xde, 0xd1, 0xa2, 0xff, 0xde, 0xd2, 0xa4, 0xff,
  0xe0, 0xd5, 0xa8, 0xff, 0xe3, 0xd7, 0xac, 0xff, 0xe4, 0xd9, 0xaf, 0xff,
  0xe8, 0xdf, 0xba, 0xff, 0xef, 0xe8, 0xcc, 0xff, 0xe8, 0xde, 0xbb, 0xff,
  0xea, 0xe1, 0xc1, 0xff, 0xeb, 0xe2, 0xc3, 0xff, 0xeb, 0xe2, 0xc4, 0xff,
  0xec, 0xe3, 0xc7, 0xff, 0xed, 0xe4, 0xc5, 0xff, 0xf3, 0xec, 0xd3, 0xff,
  0xf6, 0xf0, 0xdb, 0xff, 0xf3, 0xea, 0xbf, 0xff, 0xf4, 0xeb, 0xbf, 0xff,
  0xf2, 0xe9, 0xc7, 0xff, 0xf3, 0xec, 0xd5, 0xff, 0xf5, 0xf0, 0xdd, 0xff,
  0xee, 0xe6, 0xca, 0xff, 0xec, 0xe3, 0xc6, 0xff, 0xec, 0xe4, 0xc8, 0xff,
  0xec, 0xe3, 0xc7, 0xff, 0xeb, 0xe3, 0xc4, 0xff, 0xea, 0xe1, 0xc2, 0xff,
  0xea, 0xe1, 0xc1, 0xff, 0xe8, 0xdf, 0xbb, 0xff, 0xf1, 0xe9, 0xce, 0xff,
  0xee, 0xe7, 0xc9, 0xff, 0xe6, 0xdc, 0xb5, 0xff, 0xe7, 0xdd, 0xb7, 0xff,
  0xe6, 0xdc, 0xb6, 0xff, 0xe6, 0xdc, 0xb7, 0xff, 0xe8, 0xdf, 0xbc, 0xff,
  0xec, 0xe4, 0xc7, 0xff, 0xf0, 0xea, 0xd4, 0xff, 0xfa, 0xf7, 0xf1, 0xff,
  0xf6, 0xf1, 0xda, 0xff, 0xc3, 0xae, 0x28, 0xff, 0xaf, 0x95, 0x06, 0xff,
  0xa7, 0x8e, 0x0b, 0xff, 0xa1, 0x89, 0x07, 0xff, 0x9e, 0x86, 0x06, 0xff,
  0x9d, 0x85, 0x07, 0xff, 0x9b, 0x83, 0x07, 0xff, 0x9b, 0x84, 0x07, 0xff,
  0x9b, 0x84, 0x07, 0xff, 0x9b, 0x84, 0x07, 0xff, 0x9b, 0x83, 0x06, 0xff,
  0x9a, 0x83, 0x06, 0xff, 0x9a, 0x82, 0x06, 0xff, 0x9b, 0x83, 0x06, 0xff,
  0x9d, 0x85, 0x07, 0xff, 0xa2, 0x8c, 0x0c, 0xff, 0xa9, 0x95, 0x06, 0xff,
  0xd2, 0xc8, 0x65, 0xff, 0xff, 0xff, 0xff, 0xff, 0xff, 0xff, 0xff, 0xff,
  0xea, 0xe5, 0xb4, 0xff, 0xaf, 0x9c, 0x08, 0xff, 0xa3, 0x8d, 0x0e, 0xff,
  0x9a, 0x83, 0x07, 0xff, 0x96, 0x7e, 0x05, 0xff, 0x95, 0x7d, 0x05, 0xff,
  0x93, 0x7c, 0x05, 0xff, 0x93, 0x7c, 0x05, 0xff, 0x92, 0x7a, 0x05, 0xff,
  0x90, 0x78, 0x04, 0xff, 0xa1, 0x88, 0x05, 0xff, 0x9c, 0x84, 0x03, 0x3b,
  0x6b, 0x53, 0x02, 0x15, 0x89, 0x6a, 0x04, 0xff, 0x77, 0x5d, 0x03, 0xff,
  0x78, 0x5e, 0x04, 0xff, 0x7a, 0x60, 0x04, 0xff, 0x7d, 0x62, 0x04, 0xff,
  0x7e, 0x64, 0x04, 0xff, 0x80, 0x66, 0x04, 0xff, 0x84, 0x6a, 0x05, 0xff,
  0x8f, 0x77, 0x0c, 0xff, 0x9b, 0x85, 0x01, 0xff, 0xe0, 0xd9, 0xa4, 0xff,
  0xff, 0xff, 0xff, 0xff, 0xff, 0xff, 0xff, 0xff, 0xd5, 0xc9, 0x79, 0xff,
  0x9e, 0x85, 0x00, 0xff, 0x92, 0x78, 0x0a, 0xff, 0x8b, 0x71, 0x05, 0xff,
  0x89, 0x70, 0x04, 0xff, 0x8a, 0x70, 0x05, 0xff, 0x8a, 0x70, 0x05, 0xff,
  0x8a, 0x70, 0x05, 0xff, 0x8a, 0x70, 0x05, 0xff, 0x8c, 0x72, 0x05, 0xff,
  0x8d, 0x73, 0x05, 0xff, 0x8e, 0x74, 0x05, 0xff, 0x8e, 0x74, 0x05, 0xff,
  0x8f, 0x75, 0x05, 0xff, 0x8f, 0x76, 0x05, 0xff, 0x90, 0x78, 0x06, 0xff,
  0x93, 0x79, 0x05, 0xff, 0x98, 0x7e, 0x07, 0xff, 0xa1, 0x85, 0x00, 0xff,
  0xcc, 0xb8, 0x4b, 0xff, 0xf7, 0xf2, 0xe8, 0xff, 0xea, 0xe1, 0xc3, 0xff,
  0xe1, 0xd6, 0xac, 0xff, 0xdd, 0xd1, 0xa1, 0xff, 0xdc, 0xcf, 0x9e, 0xff,
  0xdd, 0xd1, 0xa0, 0xff, 0xe0, 0xd4, 0xa5, 0xff, 0xe1, 0xd6, 0xa9, 0xff,
  0xe4, 0xd9, 0xaf, 0xff, 0xee, 0xe7, 0xc9, 0xff, 0xe6, 0xdc, 0xb7, 0xff,
  0xe8, 0xdd, 0xba, 0xff, 0xe8, 0xde, 0xbd, 0xff, 0xe9, 0xe0, 0xc0, 0xff,
  0xea, 0xe0, 0xbe, 0xff, 0xee, 0xe6, 0xc9, 0xff, 0xf4, 0xee, 0xd9, 0xff,
  0xec, 0xe3, 0xc3, 0xff, 0xed, 0xe5, 0xc8, 0xff, 0xee, 0xe5, 0xc8, 0xff,
  0xee, 0xe5, 0xc7, 0xff, 0xec, 0xe3, 0xc3, 0xff, 0xee, 0xe7, 0xcb, 0xff,
  0xf4, 0xee, 0xda, 0xff, 0xee, 0xe6, 0xcb, 0xff, 0xea, 0xe1, 0xc0, 0xff,
  0xeb, 0xe2, 0xc2, 0xff, 0xeb, 0xe2, 0xc1, 0xff, 0xeb, 0xe2, 0xc1, 0xff,
  0xe9, 0xdf, 0xba, 0xff, 0xee, 0xe6, 0xc6, 0xff, 0xf0, 0xe9, 0xcd, 0xff,
  0xe5, 0xda, 0xb2, 0xff, 0xe6, 0xdb, 0xb5, 0xff, 0xe4, 0xd9, 0xb1, 0xff,
  0xe5, 0xda, 0xb3, 0xff, 0xe6, 0xdc, 0xb8, 0xff, 0xea, 0xe2, 0xc4, 0xff,
  0xf0, 0xe9, 0xd1, 0xff, 0xf8, 0xf5, 0xed, 0xff, 0xf7, 0xf3, 0xe2, 0xff,
  0xc8, 0xb3, 0x37, 0xff, 0xae, 0x94, 0x03, 0xff, 0xa7, 0x8e, 0x0b, 0xff,
  0xa1, 0x88, 0x07, 0xff, 0x9d, 0x86, 0x07, 0xff, 0x9c, 0x85, 0x07, 0xff,
  0x9c, 0x84, 0x07, 0xff, 0x9b, 0x83, 0x07, 0xff, 0x9a, 0x82, 0x07, 0xff,
  0x99, 0x82, 0x06, 0xff, 0x99, 0x82, 0x07, 0xff, 0x99, 0x82, 0x06, 0xff,
  0x99, 0x82, 0x07, 0xff, 0x9a, 0x82, 0x07, 0xff, 0x9a, 0x82, 0x06, 0xff,
  0x9c, 0x85, 0x07, 0xff, 0xa2, 0x8b, 0x0c, 0xff, 0xa9, 0x95, 0x07, 0xff,
  0xd2, 0xc8, 0x66, 0xff, 0xff, 0xff, 0xff, 0xff, 0xff, 0xff, 0xff, 0xff,
  0xe9, 0xe5, 0xb5, 0xff, 0xae, 0x9c, 0x09, 0xff, 0xa2, 0x8d, 0x0e, 0xff,
  0x99, 0x82, 0x07, 0xff, 0x96, 0x7e, 0x06, 0xff, 0x95, 0x7d, 0x05, 0xff,
  0x93, 0x7b, 0x05, 0xff, 0x92, 0x7a, 0x05, 0xff, 0x91, 0x79, 0x04, 0xff,
  0x8e, 0x76, 0x04, 0xff, 0x9f, 0x86, 0x05, 0xff, 0x9c, 0x84, 0x04, 0x15,
  0x6a, 0x52, 0x02, 0x00, 0x89, 0x6a, 0x04, 0xe1, 0x77, 0x5d, 0x03, 0xff,
  0x79, 0x5f, 0x03, 0xff, 0x7a, 0x60, 0x04, 0xff, 0x7d, 0x63, 0x04, 0xff,
  0x7e, 0x64, 0x05, 0xff, 0x7f, 0x65, 0x05, 0xff, 0x83, 0x6a, 0x05, 0xff,
  0x8e, 0x76, 0x0b, 0xff, 0x9c, 0x86, 0x01, 0xff, 0xe0, 0xda, 0xa4, 0xff,
  0xff, 0xff, 0xff, 0xff, 0xff, 0xff, 0xff, 0xff, 0xd4, 0xc8, 0x79, 0xff,
  0x9d, 0x85, 0x00, 0xff, 0x91, 0x77, 0x0a, 0xff, 0x8a, 0x70, 0x05, 0xff,
  0x89, 0x6e, 0x04, 0xff, 0x89, 0x6e, 0x05, 0xff, 0x89, 0x6f, 0x05, 0xff,
  0x89, 0x6f, 0x04, 0xff, 0x89, 0x70, 0x05, 0xff, 0x8b, 0x72, 0x05, 0xff,
  0x8c, 0x72, 0x05, 0xff, 0x8c, 0x72, 0x05, 0xff, 0x8d, 0x73, 0x05, 0xff,
  0x8d, 0x73, 0x05, 0xff, 0x8d, 0x74, 0x05, 0xff, 0x8e, 0x76, 0x05, 0xff,
  0x91, 0x78, 0x05, 0xff, 0x95, 0x7a, 0x06, 0xff, 0x9c, 0x82, 0x07, 0xff,
  0xaf, 0x94, 0x05, 0xff, 0xe8, 0xdd, 0xab, 0xff, 0xf2, 0xec, 0xdf, 0xff,
  0xe4, 0xda, 0xb4, 0xff, 0xdd, 0xd1, 0xa4, 0xff, 0xdb, 0xce, 0x9c, 0xff,
  0xdc, 0xcf, 0x9c, 0xff, 0xdd, 0xd0, 0x9e, 0xff, 0xde, 0xd1, 0xa2, 0xff,
  0xdf, 0xd3, 0xa4, 0xff, 0xec, 0xe4, 0xc2, 0xff, 0xe5, 0xdb, 0xb4, 0xff,
  0xe5, 0xda, 0xb3, 0xff, 0xe6, 0xdc, 0xb7, 0xff, 0xe7, 0xdd, 0xb8, 0xff,
  0xea, 0xe1, 0xbd, 0xff, 0xf2, 0xed, 0xd5, 0xff, 0xea, 0xe1, 0xc1, 0xff,
  0xea, 0xe1, 0xc1, 0xff, 0xea, 0xe2, 0xc2, 0xff, 0xea, 0xe2, 0xc1, 0xff,
  0xeb, 0xe2, 0xc2, 0xff, 0xea, 0xe1, 0xc2, 0xff, 0xe9, 0xdf, 0xbd, 0xff,
  0xeb, 0xe2, 0xc0, 0xff, 0xf2, 0xec, 0xd5, 0xff, 0xef, 0xe7, 0xca, 0xff,
  0xeb, 0xe1, 0xbb, 0xff, 0xed, 0xe4, 0xbd, 0xff, 0xee, 0xe4, 0xb8, 0xff,
  0xef, 0xe5, 0xbb, 0xff, 0xf2, 0xeb, 0xce, 0xff, 0xe6, 0xdb, 0xb1, 0xff,
  0xe4, 0xd9, 0xb0, 0xff, 0xe3, 0xd8, 0xaf, 0xff, 0xe3, 0xd9, 0xb0, 0xff,
  0xe5, 0xdb, 0xb6, 0xff, 0xea, 0xe1, 0xc2, 0xff, 0xef, 0xe8, 0xd0, 0xff,
  0xf8, 0xf4, 0xeb, 0xff, 0xf8, 0xf4, 0xe5, 0xff, 0xca, 0xb5, 0x3f, 0xff,
  0xae, 0x94, 0x02, 0xff, 0xa6, 0x8d, 0x0c, 0xff, 0xa0, 0x86, 0x07, 0xff,
  0x9c, 0x84, 0x07, 0xff, 0x9a, 0x83, 0x07, 0xff, 0x9a, 0x82, 0x07, 0xff,
  0x9a, 0x82, 0x07, 0xff, 0x9a, 0x82, 0x07, 0xff, 0x98, 0x81, 0x06, 0xff,
  0x98, 0x81, 0x06, 0xff, 0x99, 0x81, 0x07, 0xff, 0x99, 0x81, 0x07, 0xff,
  0x99, 0x81, 0x06, 0xff, 0x99, 0x81, 0x06, 0xff, 0x99, 0x81, 0x06, 0xff,
  0x9c, 0x84, 0x07, 0xff, 0xa1, 0x8b, 0x0c, 0xff, 0xa8, 0x95, 0x07, 0xff,
  0xd1, 0xc8, 0x66, 0xff, 0xff, 0xff, 0xff, 0xff, 0xff, 0xff, 0xff, 0xff,
  0xe9, 0xe5, 0xb5, 0xff, 0xae, 0x9b, 0x09, 0xff, 0xa2, 0x8c, 0x0f, 0xff,
  0x99, 0x81, 0x08, 0xff, 0x95, 0x7d, 0x06, 0xff, 0x94, 0x7d, 0x06, 0xff,
  0x93, 0x7b, 0x06, 0xff, 0x91, 0x79, 0x06, 0xff, 0x8f, 0x78, 0x05, 0xff,
  0x8d, 0x75, 0x04, 0xff, 0x9f, 0x85, 0x05, 0xe1, 0x9b, 0x83, 0x03, 0x00,
  0x6c, 0x54, 0x02, 0x00, 0x89, 0x6b, 0x04, 0xaa, 0x77, 0x5d, 0x03, 0xff,
  0x79, 0x5f, 0x03, 0xff, 0x7a, 0x60, 0x04, 0xff, 0x7c, 0x62, 0x04, 0xff,
  0x7d, 0x63, 0x04, 0xff, 0x7f, 0x65, 0x05, 0xff, 0x83, 0x69, 0x05, 0xff,
  0x8d, 0x75, 0x0b, 0xff, 0x9c, 0x86, 0x02, 0xff, 0xe1, 0xdb, 0xa5, 0xff,
  0xff, 0xff, 0xff, 0xff, 0xff, 0xff, 0xff, 0xff, 0xd3, 0xc8, 0x79, 0xff,
  0x9c, 0x84, 0x00, 0xff, 0x90, 0x76, 0x0a, 0xff, 0x89, 0x6e, 0x05, 0xff,
  0x87, 0x6d, 0x05, 0xff, 0x88, 0x6d, 0x04, 0xff, 0x88, 0x6e, 0x05, 0xff,
  0x88, 0x6e, 0x05, 0xff, 0x8a, 0x6f, 0x05, 0xff, 0x8a, 0x71, 0x05, 0xff,
  0x8a, 0x70, 0x04, 0xff, 0x8b, 0x71, 0x05, 0xff, 0x8c, 0x72, 0x05, 0xff,
  0x8c, 0x72, 0x05, 0xff, 0x8c, 0x73, 0x05, 0xff, 0x8e, 0x74, 0x05, 0xff,
  0x90, 0x76, 0x05, 0xff, 0x92, 0x79, 0x05, 0xff, 0x98, 0x7e, 0x07, 0xff,
  0xa2, 0x87, 0x00, 0xff, 0xc6, 0xb0, 0x39, 0xff, 0xf6, 0xf0, 0xe2, 0xff,
  0xeb, 0xe3, 0xc9, 0xff, 0xe1, 0xd6, 0xae, 0xff, 0xdc, 0xcf, 0x9f, 0xff,
  0xdb, 0xcd, 0x99, 0xff, 0xdb, 0xcd, 0x9a, 0xff, 0xdc, 0xcf, 0x9d, 0xff,
  0xdc, 0xcf, 0x9c, 0xff, 0xe8, 0xdf, 0xb9, 0xff, 0xe5, 0xdb, 0xb3, 0xff,
  0xe2, 0xd7, 0xac, 0xff, 0xe4, 0xda, 0xb1, 0xff, 0xe6, 0xdb, 0xb2, 0xff,
  0xf0, 0xea, 0xce, 0xff, 0xe9, 0xe0, 0xbe, 0xff, 0xe7, 0xdd, 0xb9, 0xff,
  0xe8, 0xdf, 0xbd, 0xff, 0xe9, 0xdf, 0xbd, 0xff, 0xe9, 0xdf, 0xbd, 0xff,
  0xe9, 0xdf, 0xbd, 0xff, 0xe8, 0xde, 0xbc, 0xff, 0xe8, 0xde, 0xbb, 0xff,
  0xe7, 0xdd, 0xb9, 0xff, 0xe7, 0xdc, 0xb5, 0xff, 0xf1, 0xea, 0xcc, 0xff,
  0xf4, 0xed, 0xc7, 0xff, 0xf5, 0xea, 0xa1, 0xff, 0xf7, 0xed, 0xa6, 0xff,
  0xf8, 0xf0, 0xbd, 0xff, 0xeb, 0xe1, 0xb3, 0xff, 0xe5, 0xd9, 0xac, 0xff,
  0xe3, 0xd7, 0xac, 0xff, 0xe2, 0xd7, 0xad, 0xff, 0xe4, 0xda, 0xb3, 0xff,
  0xe9, 0xe0, 0xc0, 0xff, 0xee, 0xe7, 0xcf, 0xff, 0xf8, 0xf4, 0xec, 0xff,
  0xf7, 0xf2, 0xe2, 0xff, 0xca, 0xb5, 0x3f, 0xff, 0xae, 0x94, 0x03, 0xff,
  0xa6, 0x8d, 0x0c, 0xff, 0x9f, 0x86, 0x07, 0xff, 0x9b, 0x83, 0x07, 0xff,
  0x9a, 0x82, 0x07, 0xff, 0x9a, 0x82, 0x07, 0xff, 0x9a, 0x81, 0x07, 0xff,
  0x99, 0x81, 0x07, 0xff, 0x98, 0x81, 0x06, 0xff, 0x98, 0x80, 0x06, 0xff,
  0x98, 0x81, 0x07, 0xff, 0x98, 0x81, 0x07, 0xff, 0x98, 0x80, 0x07, 0xff,
  0x97, 0x7f, 0x06, 0xff, 0x97, 0x7f, 0x06, 0xff, 0x98, 0x80, 0x06, 0xff,
  0x9a, 0x82, 0x06, 0xff, 0xa0, 0x89, 0x0c, 0xff, 0xa8, 0x94, 0x07, 0xff,
  0xd1, 0xc8, 0x66, 0xff, 0xff, 0xff, 0xff, 0xff, 0xff, 0xff, 0xff, 0xff,
  0xea, 0xe5, 0xb5, 0xff, 0xae, 0x9a, 0x0a, 0xff, 0xa1, 0x8b, 0x0e, 0xff,
  0x98, 0x80, 0x07, 0xff, 0x94, 0x7c, 0x06, 0xff, 0x93, 0x7b, 0x05, 0xff,
  0x93, 0x7a, 0x05, 0xff, 0x91, 0x79, 0x05, 0xff, 0x90, 0x78, 0x05, 0xff,
  0x8d, 0x75, 0x04, 0xff, 0x9f, 0x85, 0x05, 0xaa, 0x9a, 0x82, 0x02, 0x00,
  0x6b, 0x54, 0x03, 0x00, 0x89, 0x6b, 0x05, 0x6a, 0x78, 0x5d, 0x04, 0xff,
  0x78, 0x5e, 0x04, 0xff, 0x7a, 0x5f, 0x04, 0xff, 0x7b, 0x61, 0x04, 0xff,
  0x7c, 0x62, 0x04, 0xff, 0x7f, 0x64, 0x04, 0xff, 0x82, 0x68, 0x05, 0xff,
  0x8c, 0x74, 0x0c, 0xff, 0x9c, 0x86, 0x03, 0xff, 0xe1, 0xda, 0xa6, 0xff,
  0xff, 0xff, 0xff, 0xff, 0xff, 0xff, 0xff, 0xff, 0xd3, 0xc7, 0x79, 0xff,
  0x9b, 0x83, 0x00, 0xff, 0x8f, 0x76, 0x0a, 0xff, 0x87, 0x6d, 0x04, 0xff,
  0x86, 0x6c, 0x04, 0xff, 0x88, 0x6e, 0x05, 0xff, 0x88, 0x6e, 0x05, 0xff,
  0x88, 0x6e, 0x05, 0xff, 0x89, 0x6e, 0x05, 0xff, 0x89, 0x6f, 0x05, 0xff,
  0x8a, 0x70, 0x04, 0xff, 0x8a, 0x70, 0x04, 0xff, 0x8a, 0x71, 0x05, 0xff,
  0x8b, 0x71, 0x05, 0xff, 0x8c, 0x73, 0x05, 0xff, 0x8d, 0x73, 0x05, 0xff,
  0x8e, 0x75, 0x05, 0xff, 0x90, 0x77, 0x05, 0xff, 0x94, 0x7b, 0x05, 0xff,
  0x9c, 0x82, 0x09, 0xff, 0xaa, 0x8f, 0x00, 0xff, 0xdc, 0xce, 0x82, 0xff,
  0xf6, 0xf1, 0xea, 0xff, 0xe7, 0xde, 0xbe, 0xff, 0xdf, 0xd4, 0xa9, 0xff,
  0xda, 0xcd, 0x9a, 0xff, 0xda, 0xcc, 0x98, 0xff, 0xdb, 0xce, 0x9a, 0xff,
  0xdb, 0xce, 0x98, 0xff, 0xe5, 0xdb, 0xaf, 0xff, 0xe5, 0xdb, 0xb2, 0xff,
  0xdf, 0xd3, 0xa5, 0xff, 0xe2, 0xd6, 0xa8, 0xff, 0xee, 0xe6, 0xc4, 0xff,
  0xe8, 0xdf, 0xbb, 0xff, 0xe3, 0xd8, 0xb0, 0xff, 0xe5, 0xdb, 0xb5, 0xff,
  0xe6, 0xdb, 0xb6, 0xff, 0xe6, 0xdc, 0xb7, 0xff, 0xe6, 0xdc, 0xb8, 0xff,
  0xe6, 0xdc, 0xb7, 0xff, 0xe5, 0xdb, 0xb6, 0xff, 0xe4, 0xda, 0xb3, 0xff,
  0xe4, 0xd9, 0xb0, 0xff, 0xe5, 0xda, 0xb0, 0xff, 0xe8, 0xde, 0xab, 0xff,
  0xf5, 0xeb, 0xa3, 0xff, 0xfe, 0xfb, 0xdb, 0xff, 0xff, 0xff, 0xfc, 0xff,
  0xfa, 0xf2, 0xb8, 0xff, 0xeb, 0xde, 0x9e, 0xff, 0xe5, 0xd9, 0xac, 0xff,
  0xe2, 0xd7, 0xab, 0xff, 0xe4, 0xd9, 0xb0, 0xff, 0xe8, 0xdf, 0xbe, 0xff,
  0xee, 0xe7, 0xcd, 0xff, 0xf9, 0xf5, 0xee, 0xff, 0xf5, 0xef, 0xda, 0xff,
  0xc7, 0xb2, 0x37, 0xff, 0xad, 0x92, 0x01, 0xff, 0xa5, 0x8c, 0x0c, 0xff,
  0x9e, 0x85, 0x07, 0xff, 0x9b, 0x82, 0x07, 0xff, 0x99, 0x81, 0x07, 0xff,
  0x9a, 0x81, 0x07, 0xff, 0x99, 0x81, 0x07, 0xff, 0x98, 0x80, 0x06, 0xff,
  0x98, 0x80, 0x06, 0xff, 0x97, 0x7f, 0x06, 0xff, 0x98, 0x7f, 0x06, 0xff,
  0x98, 0x80, 0x06, 0xff, 0x97, 0x7f, 0x06, 0xff, 0x97, 0x7f, 0x06, 0xff,
  0x96, 0x7e, 0x06, 0xff, 0x96, 0x7e, 0x06, 0xff, 0x97, 0x7f, 0x06, 0xff,
  0x99, 0x81, 0x06, 0xff, 0x9f, 0x89, 0x0c, 0xff, 0xa7, 0x93, 0x07, 0xff,
  0xd1, 0xc8, 0x67, 0xff, 0xff, 0xff, 0xff, 0xff, 0xff, 0xff, 0xff, 0xff,
  0xe9, 0xe5, 0xb5, 0xff, 0xad, 0x99, 0x09, 0xff, 0xa1, 0x8a, 0x0d, 0xff,
  0x97, 0x7f, 0x05, 0xff, 0x93, 0x7b, 0x05, 0xff, 0x92, 0x7a, 0x05, 0xff,
  0x91, 0x79, 0x05, 0xff, 0x91, 0x78, 0x05, 0xff, 0x90, 0x78, 0x05, 0xff,
  0x8d, 0x75, 0x04, 0xff, 0x9e, 0x84, 0x04, 0x6a, 0x9a, 0x81, 0x02, 0x00,
  0x69, 0x52, 0x02, 0x00, 0x89, 0x6b, 0x05, 0x22, 0x78, 0x5d, 0x03, 0xff,
  0x78, 0x5e, 0x04, 0xff, 0x79, 0x5f, 0x04, 0xff, 0x7a, 0x60, 0x04, 0xff,
  0x7d, 0x62, 0x04, 0xff, 0x7f, 0x64, 0x04, 0xff, 0x81, 0x67, 0x05, 0xff,
  0x8c, 0x73, 0x0b, 0xff, 0x9b, 0x85, 0x03, 0xff, 0xe0, 0xda, 0xa5, 0xff,
  0xff, 0xff, 0xff, 0xff, 0xff, 0xff, 0xff, 0xff, 0xd2, 0xc7, 0x78, 0xff,
  0x9a, 0x82, 0x00, 0xff, 0x8f, 0x75, 0x0a, 0xff, 0x86, 0x6c, 0x04, 0xff,
  0x85, 0x6b, 0x04, 0xff, 0x86, 0x6c, 0x04, 0xff, 0x88, 0x6e, 0x05, 0xff,
  0x88, 0x6e, 0x05, 0xff, 0x88, 0x6e, 0x05, 0xff, 0x89, 0x6e, 0x05, 0xff,
  0x89, 0x6e, 0x05, 0xff, 0x89, 0x6e, 0x04, 0xff, 0x89, 0x6f, 0x04, 0xff,
  0x8a, 0x71, 0x04, 0xff, 0x8c, 0x72, 0x05, 0xff, 0x8c, 0x73, 0x05, 0xff,
  0x8d, 0x73, 0x05, 0xff, 0x8e, 0x74, 0x05, 0xff, 0x91, 0x77, 0x05, 0xff,
  0x95, 0x7b, 0x06, 0xff, 0x9d, 0x84, 0x06, 0xff, 0xb5, 0x9c, 0x11, 0xff,
  0xed, 0xe4, 0xbd, 0xff, 0xf2, 0xec, 0xde, 0xff, 0xe4, 0xda, 0xb5, 0xff,
  0xdd, 0xd1, 0xa2, 0xff, 0xdb, 0xcd, 0x99, 0xff, 0xdb, 0xcd, 0x97, 0xff,
  0xdc, 0xcf, 0x96, 0xff, 0xe4, 0xd9, 0xa7, 0xff, 0xe9, 0xe0, 0xb4, 0xff,
  0xe0, 0xd3, 0x9b, 0xff, 0xea, 0xe1, 0xb5, 0xff, 0xe9, 0xe0, 0xb9, 0xff,
  0xe0, 0xd4, 0xa7, 0xff, 0xe2, 0xd7, 0xad, 0xff, 0xe1, 0xd6, 0xac, 0xff,
  0xe1, 0xd5, 0xab, 0xff, 0xe0, 0xd5, 0xaa, 0xff, 0xe0, 0xd5, 0xaa, 0xff,
  0xe2, 0xd7, 0xad, 0xff, 0xe4, 0xd9, 0xb1, 0xff, 0xe5, 0xdb, 0xb4, 0xff,
  0xe8, 0xdf, 0xb8, 0xff, 0xea, 0xe2, 0xbb, 0xff, 0xee, 0xe5, 0xba, 0xff,
  0xf7, 0xee, 0xa7, 0xff, 0xfe, 0xfd, 0xf3, 0xff, 0xfe, 0xff, 0xff, 0xff,
  0xfb, 0xf3, 0xbd, 0xff, 0xeb, 0xdd, 0x96, 0xff, 0xe4, 0xd8, 0xab, 0xff,
  0xe4, 0xd9, 0xaf, 0xff, 0xe8, 0xdf, 0xbd, 0xff, 0xef, 0xe8, 0xce, 0xff,
  0xf9, 0xf6, 0xf0, 0xff, 0xf1, 0xea, 0xcb, 0xff, 0xc3, 0xac, 0x2b, 0xff,
  0xab, 0x91, 0x01, 0xff, 0xa3, 0x8a, 0x0c, 0xff, 0x9d, 0x84, 0x07, 0xff,
  0x9a, 0x81, 0x07, 0xff, 0x98, 0x7f, 0x07, 0xff, 0x97, 0x7f, 0x07, 0xff,
  0x98, 0x7f, 0x07, 0xff, 0x97, 0x7f, 0x06, 0xff, 0x97, 0x7f, 0x06, 0xff,
  0x97, 0x7f, 0x06, 0xff, 0x96, 0x7e, 0x06, 0xff, 0x97, 0x7f, 0x06, 0xff,
  0x97, 0x7f, 0x06, 0xff, 0x96, 0x7e, 0x06, 0xff, 0x95, 0x7d, 0x06, 0xff,
  0x95, 0x7d, 0x06, 0xff, 0x95, 0x7d, 0x06, 0xff, 0x96, 0x7e, 0x06, 0xff,
  0x99, 0x81, 0x07, 0xff, 0x9e, 0x87, 0x0c, 0xff, 0xa6, 0x93, 0x07, 0xff,
  0xd1, 0xc8, 0x66, 0xff, 0xff, 0xff, 0xff, 0xff, 0xff, 0xff, 0xff, 0xff,
  0xe9, 0xe4, 0xb5, 0xff, 0xac, 0x99, 0x08, 0xff, 0xa0, 0x8a, 0x0d, 0xff,
  0x96, 0x7e, 0x06, 0xff, 0x91, 0x79, 0x05, 0xff, 0x90, 0x78, 0x05, 0xff,
  0x8f, 0x77, 0x05, 0xff, 0x8f, 0x77, 0x05, 0xff, 0x8f, 0x77, 0x05, 0xff,
  0x8b, 0x73, 0x04, 0xff, 0x9e, 0x84, 0x04, 0x22, 0x99, 0x80, 0x02, 0x00,
  0x69, 0x51, 0x02, 0x00, 0x89, 0x6a, 0x04, 0x00, 0x77, 0x5d, 0x03, 0xc3,
  0x78, 0x5d, 0x03, 0xff, 0x79, 0x5e, 0x03, 0xff, 0x7a, 0x60, 0x04, 0xff,
  0x7b, 0x61, 0x04, 0xff, 0x7d, 0x63, 0x03, 0xff, 0x81, 0x67, 0x04, 0xff,
  0x8b, 0x73, 0x0b, 0xff, 0x9a, 0x84, 0x02, 0xff, 0xe0, 0xda, 0xa5, 0xff,
  0xff, 0xff, 0xff, 0xff, 0xff, 0xff, 0xff, 0xff, 0xd1, 0xc6, 0x78, 0xff,
  0x9a, 0x82, 0x00, 0xff, 0x8e, 0x75, 0x0b, 0xff, 0x86, 0x6c, 0x05, 0xff,
  0x85, 0x6a, 0x04, 0xff, 0x86, 0x6b, 0x05, 0xff, 0x86, 0x6c, 0x05, 0xff,
  0x87, 0x6c, 0x05, 0xff, 0x87, 0x6d, 0x05, 0xff, 0x87, 0x6d, 0x05, 0xff,
  0x87, 0x6d, 0x05, 0xff, 0x88, 0x6e, 0x05, 0xff, 0x89, 0x6f, 0x05, 0xff,
  0x8a, 0x70, 0x05, 0xff, 0x8b, 0x71, 0x05, 0xff, 0x8c, 0x72, 0x06, 0xff,
  0x8c, 0x72, 0x06, 0xff, 0x8d, 0x73, 0x05, 0xff, 0x8e, 0x74, 0x05, 0xff,
  0x90, 0x76, 0x06, 0xff, 0x97, 0x7d, 0x08, 0xff, 0xa3, 0x88, 0x01, 0xff,
  0xc5, 0xaf, 0x33, 0xff, 0xf3, 0xed, 0xda, 0xff, 0xec, 0xe5, 0xce, 0xff,
  0xe2, 0xd7, 0xaf, 0xff, 0xdc, 0xcf, 0x9d, 0xff, 0xdb, 0xce, 0x96, 0xff,
  0xe0, 0xd2, 0x95, 0xff, 0xeb, 0xdf, 0x95, 0xff, 0xf6, 0xec, 0xa3, 0xff,
  0xf3, 0xe7, 0x99, 0xff, 0xec, 0xe2, 0xb0, 0xff, 0xde, 0xd0, 0x98, 0xff,
  0xdd, 0xd1, 0x9f, 0xff, 0xde, 0xd2, 0xa4, 0xff, 0xe0, 0xd5, 0xa7, 0xff,
  0xe3, 0xd8, 0xad, 0xff, 0xe4, 0xdb, 0xb2, 0xff, 0xe6, 0xde, 0xb7, 0xff,
  0xe8, 0xe0, 0xba, 0xff, 0xe9, 0xe0, 0xb9, 0xff, 0xe7, 0xde, 0xb5, 0xff,
  0xe5, 0xdb, 0xaf, 0xff, 0xe3, 0xd9, 0xa9, 0xff, 0xe4, 0xd9, 0xa5, 0xff,
  0xeb, 0xdf, 0x93, 0xff, 0xf9, 0xf0, 0xac, 0xff, 0xfb, 0xf4, 0xbc, 0xff,
  0xf1, 0xe4, 0x8f, 0xff, 0xe6, 0xd9, 0x9f, 0xff, 0xe4, 0xd8, 0xad, 0xff,
  0xe8, 0xdf, 0xbd, 0xff, 0xef, 0xe8, 0xcf, 0xff, 0xfa, 0xf6, 0xf2, 0xff,
  0xec, 0xe4, 0xb9, 0xff, 0xbe, 0xa7, 0x1d, 0xff, 0xaa, 0x8f, 0x02, 0xff,
  0xa1, 0x88, 0x0b, 0xff, 0x9b, 0x82, 0x06, 0xff, 0x98, 0x7f, 0x06, 0xff,
  0x96, 0x7e, 0x06, 0xff, 0x96, 0x7d, 0x07, 0xff, 0x96, 0x7d, 0x06, 0xff,
  0x96, 0x7d, 0x06, 0xff, 0x96, 0x7e, 0x06, 0xff, 0x96, 0x7f, 0x07, 0xff,
  0x96, 0x7f, 0x06, 0xff, 0x96, 0x7e, 0x06, 0xff, 0x97, 0x7f, 0x06, 0xff,
  0x96, 0x7f, 0x06, 0xff, 0x95, 0x7d, 0x06, 0xff, 0x94, 0x7c, 0x06, 0xff,
  0x93, 0x7b, 0x05, 0xff, 0x93, 0x7c, 0x05, 0xff, 0x95, 0x7d, 0x06, 0xff,
  0x97, 0x80, 0x06, 0xff, 0x9d, 0x86, 0x0c, 0xff, 0xa6, 0x92, 0x08, 0xff,
  0xd2, 0xc9, 0x68, 0xff, 0xff, 0xff, 0xff, 0xff, 0xff, 0xff, 0xff, 0xff,
  0xe9, 0xe5, 0xb5, 0xff, 0xac, 0x99, 0x08, 0xff, 0x9f, 0x89, 0x0d, 0xff,
  0x96, 0x7e, 0x06, 0xff, 0x92, 0x79, 0x05, 0xff, 0x91, 0x78, 0x05, 0xff,
  0x8e, 0x76, 0x05, 0xff, 0x8d, 0x75, 0x04, 0xff, 0x8c, 0x74, 0x04, 0xff,
  0x8a, 0x72, 0x04, 0xc3, 0x9e, 0x84, 0x04, 0x00, 0x97, 0x7e, 0x02, 0x00,
  0x64, 0x4e, 0x02, 0x00, 0x89, 0x6a, 0x03, 0x00, 0x76, 0x5b, 0x03, 0x6a,
  0x76, 0x5c, 0x03, 0xff, 0x78, 0x5e, 0x03, 0xff, 0x79, 0x5f, 0x03, 0xff,
  0x7a, 0x60, 0x04, 0xff, 0x7c, 0x61, 0x03, 0xff, 0x80, 0x66, 0x04, 0xff,
  0x8b, 0x73, 0x0b, 0xff, 0x9a, 0x85, 0x01, 0xff, 0xe1, 0xda, 0xa5, 0xff,
  0xff, 0xff, 0xff, 0xff, 0xff, 0xff, 0xff, 0xff, 0xd1, 0xc6, 0x78, 0xff,
  0x9a, 0x82, 0x00, 0xff, 0x8e, 0x74, 0x0b, 0xff, 0x85, 0x6b, 0x05, 0xff,
  0x84, 0x69, 0x04, 0xff, 0x85, 0x6b, 0x05, 0xff, 0x85, 0x6b, 0x05, 0xff,
  0x85, 0x6a, 0x05, 0xff, 0x85, 0x6b, 0x05, 0xff, 0x86, 0x6b, 0x05, 0xff,
  0x86, 0x6b, 0x05, 0xff, 0x87, 0x6d, 0x05, 0xff, 0x88, 0x6e, 0x05, 0xff,
  0x89, 0x6f, 0x06, 0xff, 0x8a, 0x70, 0x05, 0xff, 0x8b, 0x72, 0x06, 0xff,
  0x8c, 0x72, 0x06, 0xff, 0x8c, 0x72, 0x05, 0xff, 0x8d, 0x73, 0x05, 0xff,
  0x8f, 0x75, 0x06, 0xff, 0x93, 0x78, 0x06, 0xff, 0x9b, 0x81, 0x0a, 0xff,
  0xaa, 0x8f, 0x00, 0xff, 0xd9, 0xc9, 0x6e, 0xff, 0xf5, 0xf0, 0xe5, 0xff,
  0xe5, 0xdc, 0xb9, 0xff, 0xdf, 0xd2, 0xa4, 0xff, 0xde, 0xd0, 0x9b, 0xff,
  0xe7, 0xd8, 0x8c, 0xff, 0xf8, 0xef, 0xaa, 0xff, 0xfe, 0xfd, 0xf0, 0xff,
  0xfd, 0xf7, 0xc6, 0xff, 0xed, 0xe0, 0x92, 0xff, 0xe5, 0xda, 0xa6, 0xff,
  0xe5, 0xdc, 0xaf, 0xff, 0xe6, 0xdd, 0xb2, 0xff, 0xe6, 0xdd, 0xb1, 0xff,
  0xe5, 0xdb, 0xb1, 0xff, 0xe2, 0xd7, 0xab, 0xff, 0xdf, 0xd3, 0xa4, 0xff,
  0xdc, 0xd0, 0x9f, 0xff, 0xda, 0xcd, 0x99, 0xff, 0xd8, 0xcb, 0x94, 0xff,
  0xd8, 0xca, 0x92, 0xff, 0xd8, 0xca, 0x92, 0xff, 0xdb, 0xce, 0x95, 0xff,
  0xdf, 0xd2, 0x92, 0xff, 0xee, 0xe3, 0xa5, 0xff, 0xea, 0xdd, 0x92, 0xff,
  0xe5, 0xd7, 0x98, 0xff, 0xe3, 0xd6, 0xa4, 0xff, 0xe6, 0xdc, 0xb6, 0xff,
  0xee, 0xe6, 0xcd, 0xff, 0xf9, 0xf5, 0xf0, 0xff, 0xe8, 0xde, 0xa9, 0xff,
  0xbd, 0xa5, 0x15, 0xff, 0xaa, 0x8f, 0x06, 0xff, 0xa0, 0x87, 0x0a, 0xff,
  0x9a, 0x81, 0x06, 0xff, 0x97, 0x7e, 0x07, 0xff, 0x95, 0x7d, 0x06, 0xff,
  0x94, 0x7b, 0x06, 0xff, 0x94, 0x7b, 0x07, 0xff, 0x94, 0x7c, 0x06, 0xff,
  0x95, 0x7c, 0x06, 0xff, 0x95, 0x7c, 0x06, 0xff, 0x94, 0x7c, 0x06, 0xff,
  0x94, 0x7c, 0x06, 0xff, 0x94, 0x7c, 0x06, 0xff, 0x95, 0x7d, 0x07, 0xff,
  0x95, 0x7d, 0x06, 0xff, 0x94, 0x7c, 0x05, 0xff, 0x93, 0x7b, 0x06, 0xff,
  0x93, 0x7b, 0x06, 0xff, 0x93, 0x7b, 0x06, 0xff, 0x94, 0x7c, 0x06, 0xff,
  0x96, 0x7e, 0x06, 0xff, 0x9c, 0x86, 0x0c, 0xff, 0xa7, 0x93, 0x09, 0xff,
  0xd2, 0xc9, 0x69, 0xff, 0xff, 0xff, 0xff, 0xff, 0xff, 0xff, 0xff, 0xff,
  0xe9, 0xe4, 0xb5, 0xff, 0xab, 0x98, 0x08, 0xff, 0x9d, 0x87, 0x0d, 0xff,
  0x94, 0x7c, 0x06, 0xff, 0x91, 0x79, 0x05, 0xff, 0x8f, 0x77, 0x05, 0xff,
  0x8e, 0x76, 0x05, 0xff, 0x8c, 0x74, 0x04, 0xff, 0x8b, 0x73, 0x04, 0xff,
  0x89, 0x71, 0x04, 0x6a, 0x9f, 0x85, 0x04, 0x00, 0x8e, 0x77, 0x02, 0x00,
  0x5c, 0x47, 0x02, 0x00, 0x8a, 0x6a, 0x03, 0x00, 0x75, 0x5a, 0x03, 0x09,
  0x75, 0x5a, 0x03, 0xf3, 0x76, 0x5c, 0x03, 0xff, 0x78, 0x5e, 0x03, 0xff,
  0x7a, 0x60, 0x03, 0xff, 0x7b, 0x61, 0x03, 0xff, 0x80, 0x66, 0x04, 0xff,
  0x8b, 0x73, 0x0b, 0xff, 0x9a, 0x84, 0x02, 0xff, 0xe1, 0xda, 0xa6, 0xff,
  0xff, 0xff, 0xff, 0xff, 0xff, 0xff, 0xff, 0xff, 0xd1, 0xc5, 0x77, 0xff,
  0x9a, 0x82, 0x00, 0xff, 0x8e, 0x75, 0x0b, 0xff, 0x85, 0x6b, 0x05, 0xff,
  0x82, 0x68, 0x03, 0xff, 0x83, 0x69, 0x04, 0xff, 0x84, 0x6a, 0x05, 0xff,
  0x83, 0x69, 0x04, 0xff, 0x83, 0x69, 0x04, 0xff, 0x84, 0x69, 0x04, 0xff,
  0x85, 0x6a, 0x05, 0xff, 0x86, 0x6c, 0x04, 0xff, 0x87, 0x6d, 0x05, 0xff,
  0x88, 0x6e, 0x05, 0xff, 0x89, 0x6f, 0x06, 0xff, 0x8a, 0x70, 0x05, 0xff,
  0x8a, 0x70, 0x05, 0xff, 0x8a, 0x70, 0x06, 0xff, 0x8c, 0x72, 0x06, 0xff,
  0x8d, 0x73, 0x05, 0xff, 0x8f, 0x75, 0x05, 0xff, 0x93, 0x79, 0x07, 0xff,
  0x9f, 0x84, 0x05, 0xff, 0xbd, 0xa3, 0x16, 0xff, 0xed, 0xe5, 0xc3, 0xff,
  0xeb, 0xe4, 0xcd, 0xff, 0xe0, 0xd4, 0xa9, 0xff, 0xde, 0xd1, 0x9e, 0xff,
  0xe9, 0xda, 0x83, 0xff, 0xfc, 0xf7, 0xd1, 0xff, 0xff, 0xff, 0xff, 0xff,
  0xfe, 0xfc, 0xe9, 0xff, 0xef, 0xe4, 0x8f, 0xff, 0xe1, 0xd4, 0x9a, 0xff,
  0xdb, 0xce, 0x95, 0xff, 0xd7, 0xca, 0x90, 0xff, 0xd6, 0xc8, 0x8f, 0xff,
  0xd6, 0xc7, 0x8f, 0xff, 0xd6, 0xc7, 0x90, 0xff, 0xd6, 0xc9, 0x92, 0xff,
  0xd7, 0xc9, 0x92, 0xff, 0xd6, 0xc8, 0x92, 0xff, 0xd5, 0xc7, 0x8f, 0xff,
  0xd5, 0xc6, 0x8d, 0xff, 0xd5, 0xc7, 0x8c, 0xff, 0xd5, 0xc6, 0x8a, 0xff,
  0xd9, 0xcb, 0x8e, 0xff, 0xe5, 0xda, 0xaa, 0xff, 0xdb, 0xcd, 0x94, 0xff,
  0xdd, 0xcf, 0x9a, 0xff, 0xe1, 0xd5, 0xa9, 0xff, 0xe9, 0xe0, 0xc0, 0xff,
  0xf5, 0xf0, 0xe6, 0xff, 0xeb, 0xe1, 0xb2, 0xff, 0xbd, 0xa4, 0x11, 0xff,
  0xa9, 0x8e, 0x06, 0xff, 0xa0, 0x86, 0x0a, 0xff, 0x99, 0x80, 0x07, 0xff,
  0x96, 0x7d, 0x06, 0xff, 0x94, 0x7b, 0x07, 0xff, 0x94, 0x7b, 0x07, 0xff,
  0x93, 0x7a, 0x06, 0xff, 0x93, 0x7a, 0x07, 0xff, 0x93, 0x7a, 0x06, 0xff,
  0x93, 0x7b, 0x05, 0xff, 0x93, 0x7a, 0x06, 0xff, 0x92, 0x7a, 0x05, 0xff,
  0x92, 0x7a, 0x05, 0xff, 0x93, 0x7a, 0x06, 0xff, 0x93, 0x7b, 0x06, 0xff,
  0x93, 0x7b, 0x06, 0xff, 0x93, 0x7a, 0x05, 0xff, 0x93, 0x7b, 0x05, 0xff,
  0x93, 0x7a, 0x05, 0xff, 0x92, 0x7a, 0x06, 0xff, 0x93, 0x7b, 0x06, 0xff,
  0x96, 0x7e, 0x07, 0xff, 0x9d, 0x87, 0x0d, 0xff, 0xa7, 0x94, 0x0a, 0xff,
  0xd2, 0xc9, 0x67, 0xff, 0xff, 0xff, 0xff, 0xff, 0xff, 0xff, 0xff, 0xff,
  0xe8, 0xe3, 0xb5, 0xff, 0xaa, 0x96, 0x08, 0xff, 0x9c, 0x85, 0x0c, 0xff,
  0x92, 0x79, 0x06, 0xff, 0x8e, 0x76, 0x05, 0xff, 0x8d, 0x76, 0x04, 0xff,
  0x8d, 0x75, 0x05, 0xff, 0x8d, 0x74, 0x05, 0xff, 0x8c, 0x74, 0x05, 0xf3,
  0x88, 0x71, 0x04, 0x09, 0xa3, 0x87, 0x03, 0x00, 0x80, 0x6c, 0x02, 0x00,
  0x4d, 0x3c, 0x03, 0x00, 0x8a, 0x6a, 0x03, 0x00, 0x75, 0x5a, 0x03, 0x00,
  0x75, 0x5a, 0x03, 0x88, 0x76, 0x5c, 0x03, 0xff, 0x78, 0x5e, 0x04, 0xff,
  0x7b, 0x60, 0x04, 0xff, 0x7c, 0x62, 0x04, 0xff, 0x80, 0x66, 0x05, 0xff,
  0x8a, 0x72, 0x0b, 0xff, 0x96, 0x7f, 0x00, 0xff, 0xdd, 0xd6, 0x9f, 0xff,
  0xff, 0xff, 0xff, 0xff, 0xff, 0xff, 0xff, 0xff, 0xd5, 0xcb, 0x80, 0xff,
  0x9e, 0x87, 0x01, 0xff, 0x90, 0x78, 0x0c, 0xff, 0x86, 0x6c, 0x05, 0xff,
  0x83, 0x69, 0x04, 0xff, 0x82, 0x68, 0x04, 0xff, 0x82, 0x68, 0x04, 0xff,
  0x82, 0x68, 0x04, 0xff, 0x83, 0x69, 0x04, 0xff, 0x83, 0x69, 0x04, 0xff,
  0x84, 0x6a, 0x04, 0xff, 0x85, 0x6b, 0x05, 0xff, 0x86, 0x6c, 0x05, 0xff,
  0x87, 0x6d, 0x04, 0xff, 0x87, 0x6d, 0x05, 0xff, 0x88, 0x6e, 0x05, 0xff,
  0x89, 0x6f, 0x05, 0xff, 0x8a, 0x70, 0x06, 0xff, 0x8b, 0x71, 0x06, 0xff,
  0x8b, 0x71, 0x06, 0xff, 0x8c, 0x72, 0x05, 0xff, 0x8f, 0x74, 0x06, 0xff,
  0x98, 0x7e, 0x09, 0xff, 0xaa, 0x8e, 0x00, 0xff, 0xe0, 0xd3, 0x8a, 0xff,
  0xf0, 0xeb, 0xde, 0xff, 0xe1, 0xd6, 0xad, 0xff, 0xdc, 0xcf, 0x9d, 0xff,
  0xe0, 0xd2, 0x89, 0xff, 0xf1, 0xe5, 0x8f, 0xff, 0xfc, 0xf8, 0xd4, 0xff,
  0xf3, 0xe8, 0x98, 0xff, 0xdf, 0xd0, 0x75, 0xff, 0xd5, 0xc5, 0x84, 0xff,
  0xd2, 0xc2, 0x83, 0xff, 0xd2, 0xc2, 0x85, 0xff, 0xd2, 0xc2, 0x87, 0xff,
  0xd3, 0xc3, 0x89, 0xff, 0xd3, 0xc4, 0x89, 0xff, 0xd2, 0xc3, 0x88, 0xff,
  0xd3, 0xc4, 0x88, 0xff, 0xd1, 0xc2, 0x86, 0xff, 0xd0, 0xc1, 0x85, 0xff,
  0xcf, 0xc0, 0x83, 0xff, 0xcf, 0xbf, 0x81, 0xff, 0xcf, 0xc0, 0x7f, 0xff,
  0xd6, 0xc9, 0x8b, 0xff, 0xdc, 0xcf, 0x99, 0xff, 0xd5, 0xc6, 0x8a, 0xff,
  0xdb, 0xcd, 0x9a, 0xff, 0xe2, 0xd7, 0xaf, 0xff, 0xec, 0xe5, 0xce, 0xff,
  0xf3, 0xee, 0xdc, 0xff, 0xc7, 0xb1, 0x34, 0xff, 0xaa, 0x8f, 0x02, 0xff,
  0x9f, 0x85, 0x0a, 0xff, 0x98, 0x7e, 0x07, 0xff, 0x95, 0x7c, 0x07, 0xff,
  0x93, 0x7a, 0x06, 0xff, 0x92, 0x79, 0x06, 0xff, 0x92, 0x79, 0x06, 0xff,
  0x92, 0x79, 0x06, 0xff, 0x93, 0x7a, 0x06, 0xff, 0x93, 0x7a, 0x07, 0xff,
  0x93, 0x7a, 0x06, 0xff, 0x93, 0x7b, 0x06, 0xff, 0x93, 0x7b, 0x05, 0xff,
  0x93, 0x7a, 0x05, 0xff, 0x93, 0x7b, 0x06, 0xff, 0x93, 0x7b, 0x06, 0xff,
  0x93, 0x7b, 0x06, 0xff, 0x93, 0x7b, 0x05, 0xff, 0x93, 0x7a, 0x05, 0xff,
  0x92, 0x7a, 0x05, 0xff, 0x93, 0x7b, 0x06, 0xff, 0x94, 0x7c, 0x06, 0xff,
  0x96, 0x7f, 0x07, 0xff, 0xa0, 0x8a, 0x10, 0xff, 0xa8, 0x96, 0x0a, 0xff,
  0xd4, 0xcb, 0x70, 0xff, 0xff, 0xff, 0xff, 0xff, 0xff, 0xff, 0xff, 0xff,
  0xe7, 0xe1, 0xb0, 0xff, 0xa6, 0x92, 0x06, 0xff, 0x99, 0x83, 0x0c, 0xff,
  0x90, 0x78, 0x06, 0xff, 0x8d, 0x75, 0x05, 0xff, 0x8c, 0x74, 0x05, 0xff,
  0x8c, 0x74, 0x05, 0xff, 0x8b, 0x74, 0x05, 0xff, 0x8b, 0x73, 0x05, 0x88,
  0x88, 0x70, 0x04, 0x00, 0xa7, 0x8a, 0x04, 0x00, 0x71, 0x5f, 0x02, 0x00,
  0x38, 0x2a, 0x02, 0x00, 0x88, 0x68, 0x03, 0x00, 0x76, 0x5b, 0x03, 0x00,
  0x74, 0x5a, 0x03, 0x15, 0x76, 0x5c, 0x04, 0xf7, 0x78, 0x5e, 0x04, 0xff,
  0x7a, 0x60, 0x04, 0xff, 0x7c, 0x61, 0x04, 0xff, 0x7f, 0x65, 0x05, 0xff,
  0x87, 0x6e, 0x0a, 0xff, 0x90, 0x79, 0x00, 0xff, 0xd0, 0xc6, 0x7d, 0xff,
  0xff, 0xff, 0xff, 0xff, 0xff, 0xff, 0xff, 0xff, 0xef, 0xeb, 0xc6, 0xff,
  0xa7, 0x92, 0x06, 0xff, 0x97, 0x80, 0x0d, 0xff, 0x90, 0x77, 0x0c, 0xff,
  0x8b, 0x72, 0x0a, 0xff, 0x8c, 0x72, 0x0a, 0xff, 0x8c, 0x72, 0x0a, 0xff,
  0x8b, 0x72, 0x0a, 0xff, 0x8c, 0x72, 0x0a, 0xff, 0x8c, 0x73, 0x0b, 0xff,
  0x8d, 0x73, 0x0b, 0xff, 0x8d, 0x74, 0x0a, 0xff, 0x8e, 0x75, 0x0a, 0xff,
  0x8e, 0x75, 0x0a, 0xff, 0x8d, 0x74, 0x0a, 0xff, 0x8c, 0x72, 0x08, 0xff,
  0x8a, 0x70, 0x06, 0xff, 0x89, 0x70, 0x06, 0xff, 0x89, 0x6f, 0x06, 0xff,
  0x89, 0x70, 0x06, 0xff, 0x8b, 0x71, 0x05, 0xff, 0x8d, 0x72, 0x05, 0xff,
  0x93, 0x79, 0x08, 0xff, 0xa4, 0x88, 0x00, 0xff, 0xd4, 0xc3, 0x62, 0xff,
  0xf0, 0xeb, 0xe0, 0xff, 0xe0, 0xd6, 0xb1, 0xff, 0xd7, 0xc9, 0x97, 0xff,
  0xd6, 0xc6, 0x87, 0xff, 0xda, 0xca, 0x77, 0xff, 0xe4, 0xd6, 0x80, 0xff,
  0xdb, 0xcb, 0x78, 0xff, 0xd2, 0xc1, 0x78, 0xff, 0xce, 0xbd, 0x77, 0xff,
  0xcd, 0xbb, 0x79, 0xff, 0xcd, 0xbc, 0x7b, 0xff, 0xcd, 0xbd, 0x7d, 0xff,
  0xcd, 0xbd, 0x7e, 0xff, 0xcd, 0xbd, 0x7e, 0xff, 0xcc, 0xbc, 0x7c, 0xff,
  0xcc, 0xbc, 0x7b, 0xff, 0xcb, 0xbb, 0x7a, 0xff, 0xca, 0xba, 0x79, 0xff,
  0xcb, 0xba, 0x79, 0xff, 0xcb, 0xba, 0x78, 0xff, 0xca, 0xb9, 0x74, 0xff,
  0xd4, 0xc7, 0x88, 0xff, 0xd3, 0xc5, 0x89, 0xff, 0xd1, 0xc1, 0x84, 0xff,
  0xd9, 0xcb, 0x99, 0xff, 0xe2, 0xd7, 0xb1, 0xff, 0xf1, 0xec, 0xdf, 0xff,
  0xe1, 0xd4, 0x97, 0xff, 0xb1, 0x97, 0x06, 0xff, 0xa0, 0x87, 0x09, 0xff,
  0x97, 0x7d, 0x06, 0xff, 0x94, 0x7b, 0x06, 0xff, 0x92, 0x7a, 0x06, 0xff,
  0x91, 0x79, 0x06, 0xff, 0x91, 0x78, 0x06, 0xff, 0x91, 0x78, 0x06, 0xff,
  0x91, 0x78, 0x06, 0xff, 0x92, 0x79, 0x05, 0xff, 0x95, 0x7c, 0x06, 0xff,
  0x97, 0x7f, 0x09, 0xff, 0x99, 0x82, 0x0c, 0xff, 0x9a, 0x83, 0x0c, 0xff,
  0x9b, 0x83, 0x0c, 0xff, 0x9a, 0x83, 0x0c, 0xff, 0x99, 0x83, 0x0c, 0xff,
  0x99, 0x83, 0x0c, 0xff, 0x9a, 0x83, 0x0c, 0xff, 0x99, 0x82, 0x0c, 0xff,
  0x99, 0x82, 0x0c, 0xff, 0x9a, 0x83, 0x0c, 0xff, 0x9b, 0x84, 0x0c, 0xff,
  0x9e, 0x89, 0x10, 0xff, 0xa5, 0x92, 0x15, 0xff, 0xb3, 0xa2, 0x0d, 0xff,
  0xeb, 0xe7, 0xb8, 0xff, 0xff, 0xff, 0xff, 0xff, 0xff, 0xff, 0xff, 0xff,
  0xdb, 0xd3, 0x90, 0xff, 0xa1, 0x8c, 0x02, 0xff, 0x97, 0x80, 0x0c, 0xff,
  0x8f, 0x76, 0x05, 0xff, 0x8c, 0x73, 0x05, 0xff, 0x8b, 0x72, 0x05, 0xff,
  0x8a, 0x71, 0x04, 0xff, 0x8a, 0x72, 0x05, 0xf7, 0x89, 0x70, 0x05, 0x15,
  0x89, 0x70, 0x04, 0x00, 0xaa, 0x8d, 0x04, 0x00, 0x59, 0x4a, 0x01, 0x00,
  0x20, 0x18, 0x01, 0x00, 0x82, 0x63, 0x02, 0x00, 0x79, 0x5d, 0x03, 0x00,
  0x73, 0x59, 0x03, 0x00, 0x75, 0x5b, 0x03, 0x7b, 0x77, 0x5d, 0x03, 0xff,
  0x79, 0x5e, 0x03, 0xff, 0x7a, 0x60, 0x04, 0xff, 0x7c, 0x62, 0x05, 0xff,
  0x83, 0x6a, 0x08, 0xff, 0x8c, 0x75, 0x03, 0xff, 0xb5, 0xa4, 0x3b, 0xff,
  0xff, 0xff, 0xfe, 0xff, 0xfd, 0xfd, 0xfc, 0xff, 0xff, 0xff, 0xff, 0xff,
  0xd5, 0xcc, 0x82, 0xff, 0xa8, 0x94, 0x06, 0xff, 0x9c, 0x85, 0x00, 0xff,
  0x9a, 0x82, 0x00, 0xff, 0x9a, 0x82, 0x00, 0xff, 0x99, 0x81, 0x00, 0xff,
  0x99, 0x81, 0x00, 0xff, 0x9a, 0x82, 0x00, 0xff, 0x9a, 0x82, 0x00, 0xff,
  0x9a, 0x81, 0x00, 0xff, 0x9b, 0x82, 0x00, 0xff, 0x9a, 0x81, 0x00, 0xff,
  0x98, 0x7f, 0x00, 0xff, 0x96, 0x7c, 0x00, 0xff, 0x93, 0x7a, 0x02, 0xff,
  0x8f, 0x76, 0x08, 0xff, 0x8a, 0x70, 0x06, 0xff, 0x88, 0x6e, 0x06, 0xff,
  0x88, 0x6e, 0x05, 0xff, 0x89, 0x6f, 0x05, 0xff, 0x8b, 0x71, 0x05, 0xff,
  0x91, 0x77, 0x07, 0xff, 0x9f, 0x83, 0x00, 0xff, 0xcb, 0xb8, 0x4f, 0xff,
  0xee, 0xe9, 0xda, 0xff, 0xdc, 0xd0, 0xa9, 0xff, 0xd3, 0xc4, 0x91, 0xff,
  0xcd, 0xbc, 0x7c, 0xff, 0xca, 0xba, 0x72, 0xff, 0xd3, 0xc5, 0x85, 0xff,
  0xcb, 0xba, 0x73, 0xff, 0xc7, 0xb4, 0x6a, 0xff, 0xc6, 0xb4, 0x6c, 0xff,
  0xc6, 0xb4, 0x6e, 0xff, 0xc6, 0xb4, 0x6f, 0xff, 0xc6, 0xb5, 0x70, 0xff,
  0xc7, 0xb6, 0x72, 0xff, 0xc7, 0xb6, 0x72, 0xff, 0xc7, 0xb5, 0x72, 0xff,
  0xc6, 0xb4, 0x6f, 0xff, 0xc5, 0xb3, 0x6f, 0xff, 0xc5, 0xb4, 0x6f, 0xff,
  0xc5, 0xb3, 0x6d, 0xff, 0xc5, 0xb3, 0x6c, 0xff, 0xc7, 0xb5, 0x6c, 0xff,
  0xd1, 0xc2, 0x83, 0xff, 0xcb, 0xba, 0x78, 0xff, 0xcd, 0xbd, 0x7f, 0xff,
  0xd5, 0xc7, 0x93, 0xff, 0xe1, 0xd6, 0xb1, 0xff, 0xf1, 0xeb, 0xde, 0xff,
  0xcd, 0xba, 0x58, 0xff, 0xa6, 0x8b, 0x00, 0xff, 0x9b, 0x81, 0x08, 0xff,
  0x93, 0x7a, 0x05, 0xff, 0x92, 0x79, 0x05, 0xff, 0x91, 0x78, 0x05, 0xff,
  0x90, 0x78, 0x06, 0xff, 0x90, 0x78, 0x06, 0xff, 0x90, 0x77, 0x05, 0xff,
  0x90, 0x77, 0x06, 0xff, 0x93, 0x7a, 0x06, 0xff, 0x98, 0x80, 0x09, 0xff,
  0x9c, 0x85, 0x05, 0xff, 0x9f, 0x89, 0x00, 0xff, 0xa5, 0x8f, 0x02, 0xff,
  0xa6, 0x90, 0x02, 0xff, 0xa5, 0x90, 0x02, 0xff, 0xa6, 0x91, 0x02, 0xff,
  0xa6, 0x91, 0x03, 0xff, 0xa5, 0x90, 0x02, 0xff, 0xa4, 0x8f, 0x01, 0xff,
  0xa4, 0x8f, 0x01, 0xff, 0xa4, 0x90, 0x02, 0xff, 0xa5, 0x90, 0x03, 0xff,
  0xaa, 0x96, 0x06, 0xff, 0xb2, 0xa0, 0x0b, 0xff, 0xd8, 0xd0, 0x7b, 0xff,
  0xff, 0xff, 0xff, 0xff, 0xfc, 0xfc, 0xfb, 0xff, 0xff, 0xff, 0xff, 0xff,
  0xc3, 0xb6, 0x4c, 0xff, 0x9c, 0x87, 0x05, 0xff, 0x94, 0x7d, 0x0a, 0xff,
  0x8d, 0x74, 0x05, 0xff, 0x8a, 0x71, 0x04, 0xff, 0x89, 0x71, 0x04, 0xff,
  0x89, 0x70, 0x05, 0xff, 0x88, 0x70, 0x04, 0x7b, 0x87, 0x6e, 0x04, 0x00,
  0x8b, 0x72, 0x04, 0x00, 0xa7, 0x8b, 0x04, 0x00, 0x3a, 0x31, 0x01, 0x00,
  0x08, 0x06, 0x00, 0x00, 0x73, 0x57, 0x02, 0x00, 0x80, 0x63, 0x03, 0x00,
  0x72, 0x58, 0x04, 0x00, 0x74, 0x5a, 0x03, 0x00, 0x76, 0x5b, 0x03, 0xd0,
  0x77, 0x5d, 0x03, 0xff, 0x79, 0x5e, 0x03, 0xff, 0x7a, 0x60, 0x04, 0xff,
  0x7f, 0x66, 0x05, 0xff, 0x8a, 0x72, 0x0b, 0xff, 0x98, 0x82, 0x03, 0xff,
  0xe1, 0xda, 0xa5, 0xff, 0xff, 0xff, 0xff, 0xff, 0xfb, 0xfa, 0xf7, 0xff,
  0xff, 0xff, 0xff, 0xff, 0xed, 0xe8, 0xc3, 0xff, 0xd4, 0xcb, 0x7d, 0xff,
  0xd1, 0xc7, 0x73, 0xff, 0xd1, 0xc6, 0x73, 0xff, 0xd1, 0xc7, 0x73, 0xff,
  0xd1, 0xc6, 0x72, 0xff, 0xd1, 0xc6, 0x73, 0xff, 0xd1, 0xc6, 0x72, 0xff,
  0xd0, 0xc5, 0x71, 0xff, 0xd0, 0xc5, 0x71, 0xff, 0xcf, 0xc4, 0x71, 0xff,
  0xcf, 0xc3, 0x70, 0xff, 0xd0, 0xc4, 0x74, 0xff, 0xb1, 0x9e, 0x33, 0xff,
  0x94, 0x7b, 0x03, 0xff, 0x8f, 0x75, 0x09, 0xff, 0x89, 0x6f, 0x06, 0xff,
  0x88, 0x6d, 0x05, 0xff, 0x88, 0x6e, 0x06, 0xff, 0x8a, 0x70, 0x06, 0xff,
  0x90, 0x75, 0x07, 0xff, 0x9c, 0x81, 0x00, 0xff, 0xc7, 0xb4, 0x49, 0xff,
  0xe7, 0xe0, 0xca, 0xff, 0xd6, 0xca, 0x9f, 0xff, 0xcd, 0xbe, 0x86, 0xff,
  0xc6, 0xb4, 0x72, 0xff, 0xc1, 0xaf, 0x66, 0xff, 0xc7, 0xb7, 0x72, 0xff,
  0xc2, 0xaf, 0x66, 0xff, 0xbf, 0xab, 0x60, 0xff, 0xbf, 0xac, 0x62, 0xff,
  0xc0, 0xac, 0x62, 0xff, 0xc0, 0xad, 0x63, 0xff, 0xbf, 0xac, 0x62, 0xff,
  0xc0, 0xad, 0x63, 0xff, 0xc0, 0xae, 0x64, 0xff, 0xbf, 0xad, 0x64, 0xff,
  0xc0, 0xad, 0x63, 0xff, 0xbf, 0xad, 0x63, 0xff, 0xbf, 0xac, 0x62, 0xff,
  0xbf, 0xac, 0x61, 0xff, 0xbf, 0xac, 0x60, 0xff, 0xc0, 0xae, 0x62, 0xff,
  0xc8, 0xb8, 0x74, 0xff, 0xc3, 0xb1, 0x6a, 0xff, 0xc8, 0xb7, 0x77, 0xff,
  0xcf, 0xc0, 0x88, 0xff, 0xdd, 0xd2, 0xad, 0xff, 0xea, 0xe2, 0xcb, 0xff,
  0xbe, 0xa8, 0x32, 0xff, 0xa1, 0x86, 0x03, 0xff, 0x97, 0x7d, 0x07, 0xff,
  0x92, 0x78, 0x05, 0xff, 0x90, 0x77, 0x05, 0xff, 0x90, 0x77, 0x05, 0xff,
  0x90, 0x78, 0x06, 0xff, 0x90, 0x78, 0x06, 0xff, 0x90, 0x77, 0x06, 0xff,
  0x91, 0x78, 0x06, 0xff, 0x95, 0x7d, 0x0a, 0xff, 0x9b, 0x84, 0x04, 0xff,
  0xb5, 0xa3, 0x30, 0xff, 0xd4, 0xca, 0x77, 0xff, 0xd5, 0xcb, 0x74, 0xff,
  0xd6, 0xcc, 0x73, 0xff, 0xd6, 0xcd, 0x74, 0xff, 0xd7, 0xce, 0x75, 0xff,
  0xd7, 0xce, 0x76, 0xff, 0xd6, 0xcd, 0x75, 0xff, 0xd6, 0xcd, 0x74, 0xff,
  0xd6, 0xcd, 0x75, 0xff, 0xd6, 0xcd, 0x76, 0xff, 0xd6, 0xce, 0x75, 0xff,
  0xd9, 0xd1, 0x7c, 0xff, 0xee, 0xea, 0xbd, 0xff, 0xff, 0xff, 0xff, 0xff,
  0xfb, 0xfb, 0xf8, 0xff, 0xff, 0xff, 0xff, 0xff, 0xea, 0xe5, 0xb9, 0xff,
  0xa7, 0x95, 0x0d, 0xff, 0x99, 0x83, 0x0d, 0xff, 0x90, 0x78, 0x07, 0xff,
  0x8b, 0x73, 0x05, 0xff, 0x89, 0x70, 0x04, 0xff, 0x88, 0x6f, 0x05, 0xff,
  0x87, 0x6e, 0x04, 0xd0, 0x87, 0x6e, 0x04, 0x00, 0x86, 0x6d, 0x04, 0x00,
  0x92, 0x77, 0x04, 0x00, 0x98, 0x7f, 0x03, 0x00, 0x17, 0x14, 0x01, 0x00,
  0x00, 0x00, 0x00, 0x00, 0x53, 0x3f, 0x02, 0x00, 0x88, 0x68, 0x03, 0x00,
  0x74, 0x59, 0x03, 0x00, 0x74, 0x5a, 0x03, 0x00, 0x75, 0x5b, 0x03, 0x44,
  0x76, 0x5c, 0x04, 0xff, 0x77, 0x5d, 0x03, 0xff, 0x7a, 0x5f, 0x04, 0xff,
  0x7d, 0x63, 0x05, 0xff, 0x84, 0x6b, 0x08, 0xff, 0x8e, 0x77, 0x09, 0xff,
  0xa9, 0x96, 0x1d, 0xff, 0xf2, 0xee, 0xd2, 0xff, 0xff, 0xff, 0xff, 0xff,
  0xfc, 0xfc, 0xfa, 0xff, 0xff, 0xff, 0xff, 0xff, 0xff, 0xff, 0xff, 0xff,
  0xff, 0xff, 0xff, 0xff, 0xff, 0xff, 0xff, 0xff, 0xff, 0xff, 0xff, 0xff,
  0xff, 0xff, 0xff, 0xff, 0xff, 0xff, 0xff, 0xff, 0xff, 0xff, 0xff, 0xff,
  0xff, 0xff, 0xff, 0xff, 0xff, 0xff, 0xff, 0xff, 0xff, 0xff, 0xff, 0xff,
  0xff, 0xff, 0xff, 0xff, 0xff, 0xff, 0xff, 0xff, 0xf8, 0xf6, 0xea, 0xff,
  0xa9, 0x95, 0x24, 0xff, 0x90, 0x76, 0x05, 0xff, 0x8a, 0x6f, 0x08, 0xff,
  0x87, 0x6d, 0x05, 0xff, 0x88, 0x6d, 0x05, 0xff, 0x89, 0x6e, 0x05, 0xff,
  0x8e, 0x73, 0x07, 0xff, 0x9a, 0x7f, 0x00, 0xff, 0xc0, 0xac, 0x45, 0xff,
  0xdf, 0xd5, 0xb6, 0xff, 0xce, 0xc0, 0x8d, 0xff, 0xc5, 0xb4, 0x75, 0xff,
  0xbf, 0xac, 0x64, 0xff, 0xb9, 0xa6, 0x59, 0xff, 0xbd, 0xab, 0x61, 0xff,
  0xbb, 0xa7, 0x59, 0xff, 0xb8, 0xa4, 0x54, 0xff, 0xb8, 0xa4, 0x55, 0xff,
  0xb8, 0xa4, 0x55, 0xff, 0xb9, 0xa5, 0x56, 0xff, 0xb9, 0xa5, 0x56, 0xff,
  0xb9, 0xa5, 0x56, 0xff, 0xb9, 0xa5, 0x56, 0xff, 0xb8, 0xa4, 0x55, 0xff,
  0xb8, 0xa4, 0x55, 0xff, 0xb9, 0xa4, 0x55, 0xff, 0xb8, 0xa4, 0x54, 0xff,
  0xb9, 0xa4, 0x55, 0xff, 0xb8, 0xa4, 0x53, 0xff, 0xbc, 0xa9, 0x5a, 0xff,
  0xbf, 0xac, 0x62, 0xff, 0xbc, 0xa8, 0x5b, 0xff, 0xc1, 0xaf, 0x6a, 0xff,
  0xc7, 0xb7, 0x78, 0xff, 0xd5, 0xc9, 0x9e, 0xff, 0xe0, 0xd6, 0xb2, 0xff,
  0xb2, 0x9b, 0x23, 0xff, 0x9d, 0x83, 0x07, 0xff, 0x94, 0x7a, 0x07, 0xff,
  0x90, 0x78, 0x06, 0xff, 0x8f, 0x76, 0x05, 0xff, 0x8f, 0x76, 0x05, 0xff,
  0x90, 0x77, 0x06, 0xff, 0x8f, 0x77, 0x07, 0xff, 0x8f, 0x76, 0x06, 0xff,
  0x91, 0x78, 0x08, 0xff, 0x95, 0x7d, 0x07, 0xff, 0xab, 0x98, 0x1d, 0xff,
  0xf6, 0xf4, 0xe2, 0xff, 0xff, 0xff, 0xff, 0xff, 0xff, 0xff, 0xff, 0xff,
  0xff, 0xff, 0xff, 0xff, 0xff, 0xff, 0xff, 0xff, 0xff, 0xff, 0xff, 0xff,
  0xff, 0xff, 0xff, 0xff, 0xff, 0xff, 0xff, 0xff, 0xff, 0xff, 0xff, 0xff,
  0xff, 0xff, 0xff, 0xff, 0xff, 0xff, 0xff, 0xff, 0xff, 0xff, 0xff, 0xff,
  0xff, 0xff, 0xff, 0xff, 0xff, 0xff, 0xff, 0xff, 0xfd, 0xfd, 0xfb, 0xff,
  0xff, 0xff, 0xff, 0xff, 0xf6, 0xf4, 0xe1, 0xff, 0xb7, 0xa7, 0x2d, 0xff,
  0x9c, 0x87, 0x0b, 0xff, 0x93, 0x7c, 0x0a, 0xff, 0x8d, 0x75, 0x06, 0xff,
  0x8a, 0x71, 0x04, 0xff, 0x87, 0x6f, 0x04, 0xff, 0x85, 0x6c, 0x04, 0xff,
  0x85, 0x6c, 0x04, 0x44, 0x86, 0x6d, 0x04, 0x00, 0x85, 0x6c, 0x04, 0x00,
  0x9b, 0x80, 0x04, 0x00, 0x78, 0x64, 0x03, 0x00, 0x00, 0x00, 0x00, 0x00,
  0x00, 0x00, 0x00, 0x00, 0x28, 0x1f, 0x01, 0x00, 0x86, 0x67, 0x04, 0x00,
  0x79, 0x5d, 0x03, 0x00, 0x72, 0x59, 0x03, 0x00, 0x75, 0x5b, 0x04, 0x00,
  0x75, 0x5b, 0x03, 0x7f, 0x75, 0x5b, 0x03, 0xff, 0x77, 0x5d, 0x04, 0xff,
  0x7a, 0x60, 0x04, 0xff, 0x7f, 0x65, 0x05, 0xff, 0x86, 0x6e, 0x0a, 0xff,
  0x90, 0x79, 0x07, 0xff, 0xad, 0x9b, 0x21, 0xff, 0xe6, 0xe0, 0xb2, 0xff,
  0xff, 0xff, 0xff, 0xff, 0xff, 0xff, 0xff, 0xff, 0xff, 0xff, 0xff, 0xff,
  0xff, 0xff, 0xff, 0xff, 0xff, 0xff, 0xff, 0xff, 0xff, 0xff, 0xff, 0xff,
  0xff, 0xff, 0xff, 0xff, 0xff, 0xff, 0xff, 0xff, 0xff, 0xff, 0xff, 0xff,
  0xff, 0xff, 0xff, 0xff, 0xff, 0xff, 0xff, 0xff, 0xff, 0xff, 0xff, 0xff,
  0xff, 0xff, 0xff, 0xff, 0xff, 0xff, 0xff, 0xff, 0xff, 0xff, 0xff, 0xff,
  0xb2, 0x9e, 0x33, 0xff, 0x8f, 0x75, 0x03, 0xff, 0x8a, 0x70, 0x08, 0xff,
  0x87, 0x6c, 0x05, 0xff, 0x86, 0x6c, 0x05, 0xff, 0x87, 0x6d, 0x05, 0xff,
  0x8d, 0x72, 0x08, 0xff, 0x94, 0x7a, 0x00, 0xff, 0xb7, 0xa4, 0x45, 0xff,
  0xd2, 0xc5, 0x9b, 0xff, 0xc2, 0xb1, 0x73, 0xff, 0xbb, 0xa9, 0x62, 0xff,
  0xb6, 0xa2, 0x55, 0xff, 0xb1, 0x9d, 0x4c, 0xff, 0xb4, 0xa0, 0x52, 0xff,
  0xb3, 0x9e, 0x4b, 0xff, 0xb1, 0x9b, 0x48, 0xff, 0xb1, 0x9c, 0x49, 0xff,
  0xb1, 0x9c, 0x49, 0xff, 0xb1, 0x9c, 0x48, 0xff, 0xb2, 0x9c, 0x49, 0xff,
  0xb2, 0x9c, 0x49, 0xff, 0xb1, 0x9c, 0x48, 0xff, 0xb1, 0x9c, 0x48, 0xff,
  0xb1, 0x9c, 0x48, 0xff, 0xb1, 0x9c, 0x48, 0xff, 0xb2, 0x9c, 0x48, 0xff,
  0xb1, 0x9b, 0x48, 0xff, 0xb0, 0x9b, 0x46, 0xff, 0xb7, 0xa3, 0x52, 0xff,
  0xb4, 0x9f, 0x4f, 0xff, 0xb4, 0x9f, 0x4d, 0xff, 0xb9, 0xa5, 0x59, 0xff,
  0xbe, 0xac, 0x66, 0xff, 0xca, 0xbc, 0x87, 0xff, 0xd2, 0xc5, 0x93, 0xff,
  0xa6, 0x8f, 0x1a, 0xff, 0x98, 0x7f, 0x09, 0xff, 0x92, 0x79, 0x07, 0xff,
  0x8e, 0x76, 0x06, 0xff, 0x8e, 0x76, 0x06, 0xff, 0x8e, 0x76, 0x06, 0xff,
  0x8e, 0x76, 0x06, 0xff, 0x8e, 0x75, 0x06, 0xff, 0x8e, 0x75, 0x06, 0xff,
  0x91, 0x78, 0x08, 0xff, 0x95, 0x7c, 0x04, 0xff, 0xb0, 0x9e, 0x2a, 0xff,
  0xff, 0xff, 0xfd, 0xff, 0xff, 0xff, 0xff, 0xff, 0xff, 0xff, 0xff, 0xff,
  0xff, 0xff, 0xff, 0xff, 0xff, 0xff, 0xff, 0xff, 0xff, 0xff, 0xff, 0xff,
  0xff, 0xff, 0xff, 0xff, 0xff, 0xff, 0xff, 0xff, 0xff, 0xff, 0xff, 0xff,
  0xff, 0xff, 0xff, 0xff, 0xff, 0xff, 0xff, 0xff, 0xff, 0xff, 0xff, 0xff,
  0xff, 0xff, 0xff, 0xff, 0xff, 0xff, 0xff, 0xff, 0xff, 0xff, 0xff, 0xff,
  0xeb, 0xe7, 0xbe, 0xff, 0xb6, 0xa7, 0x2c, 0xff, 0x9e, 0x89, 0x09, 0xff,
  0x95, 0x7f, 0x0c, 0xff, 0x8e, 0x76, 0x06, 0xff, 0x8a, 0x71, 0x05, 0xff,
  0x87, 0x6f, 0x04, 0xff, 0x85, 0x6c, 0x04, 0xff, 0x83, 0x6a, 0x04, 0x7f,
  0x84, 0x6b, 0x04, 0x00, 0x85, 0x6b, 0x04, 0x00, 0x88, 0x6e, 0x03, 0x00,
  0xa2, 0x85, 0x04, 0x00, 0x42, 0x37, 0x02, 0x00, 0x00, 0x00, 0x00, 0x00,
  0x00, 0x00, 0x00, 0x00, 0x03, 0x03, 0x00, 0x00, 0x69, 0x50, 0x03, 0x00,
  0x82, 0x64, 0x03, 0x00, 0x72, 0x58, 0x03, 0x00, 0x72, 0x59, 0x03, 0x00,
  0x72, 0x59, 0x04, 0x00, 0x73, 0x59, 0x03, 0xaa, 0x75, 0x5b, 0x03, 0xff,
  0x78, 0x5e, 0x04, 0xff, 0x7c, 0x61, 0x04, 0xff, 0x7f, 0x66, 0x05, 0xff,
  0x87, 0x6f, 0x0a, 0xff, 0x8e, 0x78, 0x08, 0xff, 0x99, 0x84, 0x05, 0xff,
  0xbc, 0xad, 0x48, 0xff, 0xda, 0xd2, 0x93, 0xff, 0xe5, 0xdf, 0xb2, 0xff,
  0xe6, 0xe1, 0xb5, 0xff, 0xe6, 0xe1, 0xb4, 0xff, 0xe5, 0xe0, 0xb4, 0xff,
  0xe5, 0xe0, 0xb4, 0xff, 0xe5, 0xe0, 0xb4, 0xff, 0xe6, 0xe1, 0xb4, 0xff,
  0xe6, 0xe1, 0xb4, 0xff, 0xe6, 0xe1, 0xb5, 0xff, 0xe6, 0xe0, 0xb4, 0xff,
  0xe5, 0xe0, 0xb3, 0xff, 0xe8, 0xe4, 0xbb, 0xff, 0xc9, 0xbc, 0x69, 0xff,
  0x9a, 0x81, 0x0a, 0xff, 0x8e, 0x75, 0x0b, 0xff, 0x87, 0x6e, 0x06, 0xff,
  0x86, 0x6c, 0x06, 0xff, 0x86, 0x6c, 0x05, 0xff, 0x86, 0x6b, 0x05, 0xff,
  0x8b, 0x71, 0x07, 0xff, 0x91, 0x77, 0x03, 0xff, 0xaf, 0x9a, 0x3e, 0xff,
  0xc0, 0xaf, 0x74, 0xff, 0xb5, 0xa1, 0x57, 0xff, 0xb1, 0x9c, 0x4c, 0xff,
  0xac, 0x97, 0x44, 0xff, 0xa9, 0x93, 0x3e, 0xff, 0xac, 0x96, 0x42, 0xff,
  0xab, 0x95, 0x3d, 0xff, 0xa9, 0x93, 0x3b, 0xff, 0xa9, 0x93, 0x3d, 0xff,
  0xa9, 0x93, 0x3c, 0xff, 0xa9, 0x93, 0x3b, 0xff, 0xa9, 0x93, 0x3c, 0xff,
  0xa9, 0x93, 0x3c, 0xff, 0xa9, 0x93, 0x3c, 0xff, 0xaa, 0x94, 0x3d, 0xff,
  0xaa, 0x94, 0x3d, 0xff, 0xaa, 0x94, 0x3d, 0xff, 0xa9, 0x93, 0x3c, 0xff,
  0xa8, 0x92, 0x3b, 0xff, 0xa9, 0x93, 0x3a, 0xff, 0xae, 0x99, 0x43, 0xff,
  0xab, 0x94, 0x3c, 0xff, 0xac, 0x96, 0x3f, 0xff, 0xb0, 0x9b, 0x48, 0xff,
  0xb4, 0xa0, 0x51, 0xff, 0xbc, 0xab, 0x67, 0xff, 0xbe, 0xae, 0x6a, 0xff,
  0x9e, 0x86, 0x13, 0xff, 0x93, 0x7a, 0x08, 0xff, 0x8f, 0x76, 0x06, 0xff,
  0x8e, 0x74, 0x06, 0xff, 0x8d, 0x74, 0x06, 0xff, 0x8d, 0x74, 0x05, 0xff,
  0x8c, 0x73, 0x05, 0xff, 0x8d, 0x74, 0x05, 0xff, 0x8d, 0x74, 0x06, 0xff,
  0x8f, 0x76, 0x06, 0xff, 0x94, 0x7c, 0x0a, 0xff, 0x9c, 0x85, 0x08, 0xff,
  0xc9, 0xbb, 0x63, 0xff, 0xe9, 0xe5, 0xba, 0xff, 0xe8, 0xe3, 0xb5, 0xff,
  0xe8, 0xe3, 0xb5, 0xff, 0xe8, 0xe3, 0xb5, 0xff, 0xe8, 0xe3, 0xb5, 0xff,
  0xe8, 0xe3, 0xb5, 0xff, 0xe7, 0xe3, 0xb5, 0xff, 0xe7, 0xe3, 0xb5, 0xff,
  0xe8, 0xe3, 0xb6, 0xff, 0xe8, 0xe3, 0xb5, 0xff, 0xe8, 0xe3, 0xb6, 0xff,
  0xe8, 0xe3, 0xb5, 0xff, 0xdd, 0xd6, 0x96, 0xff, 0xc4, 0xb7, 0x52, 0xff,
  0xa8, 0x96, 0x0f, 0xff, 0x9d, 0x88, 0x0b, 0xff, 0x96, 0x7f, 0x0d, 0xff,
  0x8f, 0x77, 0x07, 0xff, 0x8a, 0x72, 0x05, 0xff, 0x88, 0x6f, 0x04, 0xff,
  0x85, 0x6c, 0x04, 0xff, 0x84, 0x6b, 0x04, 0xaa, 0x83, 0x6a, 0x04, 0x00,
  0x84, 0x6b, 0x04, 0x00, 0x84, 0x6b, 0x04, 0x00, 0x93, 0x77, 0x03, 0x00,
  0x8b, 0x72, 0x03, 0x00, 0x0c, 0x0a, 0x00, 0x00, 0x00, 0x00, 0x00, 0x00,
  0x02, 0x01, 0x00, 0x00, 0x00, 0x00, 0x00, 0x00, 0x2f, 0x24, 0x01, 0x00,
  0x86, 0x67, 0x04, 0x00, 0x78, 0x5c, 0x04, 0x00, 0x71, 0x57, 0x03, 0x00,
  0x72, 0x58, 0x04, 0x00, 0x73, 0x59, 0x03, 0x05, 0x74, 0x5a, 0x03, 0xc3,
  0x76, 0x5c, 0x04, 0xff, 0x79, 0x5f, 0x04, 0xff, 0x7b, 0x61, 0x04, 0xff,
  0x7e, 0x64, 0x05, 0xff, 0x84, 0x6b, 0x08, 0xff, 0x89, 0x72, 0x0b, 0xff,
  0x8e, 0x77, 0x03, 0xff, 0x94, 0x7d, 0x01, 0xff, 0x9a, 0x84, 0x06, 0xff,
  0x9d, 0x87, 0x07, 0xff, 0x9e, 0x88, 0x06, 0xff, 0x9e, 0x89, 0x07, 0xff,
  0x9e, 0x89, 0x07, 0xff, 0x9e, 0x89, 0x07, 0xff, 0x9d, 0x88, 0x06, 0xff,
  0x9e, 0x88, 0x06, 0xff, 0x9f, 0x89, 0x07, 0xff, 0x9d, 0x87, 0x06, 0xff,
  0x9c, 0x86, 0x05, 0xff, 0x9b, 0x84, 0x04, 0xff, 0x93, 0x7b, 0x02, 0xff,
  0x8f, 0x76, 0x0b, 0xff, 0x89, 0x70, 0x07, 0xff, 0x85, 0x6b, 0x06, 0xff,
  0x84, 0x6a, 0x05, 0xff, 0x85, 0x6b, 0x05, 0xff, 0x85, 0x6b, 0x05, 0xff,
  0x87, 0x6e, 0x06, 0xff, 0x8f, 0x75, 0x06, 0xff, 0xa0, 0x89, 0x29, 0xff,
  0xaa, 0x95, 0x45, 0xff, 0xa7, 0x91, 0x3c, 0xff, 0xa5, 0x8d, 0x36, 0xff,
  0xa1, 0x8a, 0x31, 0xff, 0xa0, 0x89, 0x2f, 0xff, 0xa2, 0x8b, 0x32, 0xff,
  0xa2, 0x8b, 0x2f, 0xff, 0xa1, 0x89, 0x2e, 0xff, 0xa1, 0x89, 0x2f, 0xff,
  0xa0, 0x89, 0x2e, 0xff, 0xa0, 0x89, 0x2e, 0xff, 0xa1, 0x8a, 0x30, 0xff,
  0xa2, 0x8b, 0x30, 0xff, 0xa3, 0x8c, 0x31, 0xff, 0xa3, 0x8c, 0x30, 0xff,
  0xa2, 0x8b, 0x30, 0xff, 0xa2, 0x8a, 0x2e, 0xff, 0xa0, 0x89, 0x2d, 0xff,
  0xa0, 0x89, 0x2e, 0xff, 0xa2, 0x8b, 0x2f, 0xff, 0xa5, 0x8e, 0x34, 0xff,
  0xa2, 0x8b, 0x2e, 0xff, 0xa4, 0x8d, 0x31, 0xff, 0xa6, 0x8f, 0x35, 0xff,
  0xa8, 0x93, 0x3a, 0xff, 0xac, 0x97, 0x45, 0xff, 0xab, 0x97, 0x42, 0xff,
  0x97, 0x7f, 0x0e, 0xff, 0x90, 0x76, 0x07, 0xff, 0x8d, 0x73, 0x06, 0xff,
  0x8d, 0x73, 0x06, 0xff, 0x8c, 0x73, 0x06, 0xff, 0x8b, 0x72, 0x05, 0xff,
  0x8b, 0x72, 0x05, 0xff, 0x8b, 0x72, 0x05, 0xff, 0x8b, 0x72, 0x06, 0xff,
  0x8d, 0x73, 0x06, 0xff, 0x90, 0x77, 0x07, 0xff, 0x95, 0x7d, 0x0b, 0xff,
  0x9a, 0x83, 0x04, 0xff, 0xa0, 0x8b, 0x04, 0xff, 0xa4, 0x91, 0x08, 0xff,
  0xa6, 0x93, 0x0a, 0xff, 0xa6, 0x93, 0x0a, 0xff, 0xa7, 0x94, 0x0a, 0xff,
  0xa7, 0x94, 0x0a, 0xff, 0xa6, 0x93, 0x0a, 0xff, 0xa6, 0x93, 0x0a, 0xff,
  0xa6, 0x94, 0x0b, 0xff, 0xa6, 0x93, 0x0a, 0xff, 0xa5, 0x92, 0x09, 0xff,
  0xa3, 0x90, 0x08, 0xff, 0x9f, 0x8a, 0x03, 0xff, 0x9b, 0x85, 0x05, 0xff,
  0x99, 0x82, 0x0d, 0xff, 0x93, 0x7b, 0x0a, 0xff, 0x8e, 0x75, 0x07, 0xff,
  0x8a, 0x71, 0x06, 0xff, 0x88, 0x6f, 0x05, 0xff, 0x86, 0x6d, 0x05, 0xff,
  0x85, 0x6c, 0x04, 0xc3, 0x83, 0x6a, 0x04, 0x05, 0x83, 0x69, 0x04, 0x00,
  0x83, 0x69, 0x04, 0x00, 0x86, 0x6c, 0x03, 0x00, 0x9f, 0x81, 0x03, 0x00,
  0x4a, 0x3d, 0x02, 0x00, 0x00, 0x00, 0x00, 0x00, 0x02, 0x02, 0x00, 0x00,
  0x00, 0x00, 0x00, 0x00, 0x00, 0x00, 0x00, 0x00, 0x01, 0x01, 0x00, 0x00,
  0x61, 0x4a, 0x03, 0x00, 0x85, 0x66, 0x04, 0x00, 0x71, 0x58, 0x04, 0x00,
  0x70, 0x56, 0x03, 0x00, 0x72, 0x58, 0x03, 0x00, 0x73, 0x59, 0x03, 0x15,
  0x75, 0x5b, 0x04, 0xcc, 0x76, 0x5c, 0x04, 0xff, 0x78, 0x5e, 0x04, 0xff,
  0x7a, 0x5f, 0x03, 0xff, 0x7d, 0x62, 0x04, 0xff, 0x80, 0x66, 0x05, 0xff,
  0x84, 0x6b, 0x08, 0xff, 0x87, 0x6e, 0x0b, 0xff, 0x8a, 0x72, 0x0c, 0xff,
  0x8c, 0x74, 0x0b, 0xff, 0x8d, 0x74, 0x0d, 0xff, 0x8d, 0x75, 0x0d, 0xff,
  0x8d, 0x76, 0x0c, 0xff, 0x8e, 0x76, 0x0c, 0xff, 0x8e, 0x76, 0x0c, 0xff,
  0x8d, 0x75, 0x0b, 0xff, 0x8d, 0x75, 0x0b, 0xff, 0x8c, 0x75, 0x0c, 0xff,
  0x8c, 0x75, 0x0b, 0xff, 0x8b, 0x74, 0x0b, 0xff, 0x8a, 0x71, 0x0b, 0xff,
  0x87, 0x6e, 0x07, 0xff, 0x86, 0x6c, 0x06, 0xff, 0x84, 0x6a, 0x05, 0xff,
  0x83, 0x69, 0x05, 0xff, 0x83, 0x69, 0x05, 0xff, 0x83, 0x69, 0x04, 0xff,
  0x85, 0x6b, 0x05, 0xff, 0x89, 0x70, 0x07, 0xff, 0x8f, 0x76, 0x10, 0xff,
  0x95, 0x7d, 0x1c, 0xff, 0x9a, 0x81, 0x22, 0xff, 0x9a, 0x82, 0x24, 0xff,
  0x99, 0x80, 0x22, 0xff, 0x98, 0x80, 0x22, 0xff, 0x9a, 0x82, 0x24, 0xff,
  0x9a, 0x81, 0x23, 0xff, 0x99, 0x80, 0x22, 0xff, 0x98, 0x80, 0x22, 0xff,
  0x98, 0x7f, 0x21, 0xff, 0x97, 0x7f, 0x20, 0xff, 0x98, 0x80, 0x21, 0xff,
  0x9a, 0x81, 0x23, 0xff, 0x9b, 0x83, 0x24, 0xff, 0x9c, 0x83, 0x25, 0xff,
  0x9b, 0x83, 0x24, 0xff, 0x9a, 0x82, 0x23, 0xff, 0x9a, 0x82, 0x22, 0xff,
  0x98, 0x80, 0x21, 0xff, 0x99, 0x82, 0x24, 0xff, 0x9b, 0x82, 0x24, 0xff,
  0x9a, 0x82, 0x20, 0xff, 0x9c, 0x83, 0x22, 0xff, 0x9c, 0x84, 0x22, 0xff,
  0x9c, 0x84, 0x23, 0xff, 0x9b, 0x84, 0x23, 0xff, 0x98, 0x7f, 0x18, 0xff,
  0x91, 0x78, 0x0a, 0xff, 0x8d, 0x73, 0x06, 0xff, 0x8b, 0x71, 0x05, 0xff,
  0x8b, 0x71, 0x05, 0xff, 0x89, 0x70, 0x05, 0xff, 0x89, 0x70, 0x05, 0xff,
  0x8a, 0x70, 0x05, 0xff, 0x8a, 0x70, 0x05, 0xff, 0x8a, 0x70, 0x05, 0xff,
  0x8a, 0x70, 0x05, 0xff, 0x8b, 0x72, 0x05, 0xff, 0x8e, 0x75, 0x06, 0xff,
  0x91, 0x79, 0x0a, 0xff, 0x94, 0x7c, 0x0c, 0xff, 0x95, 0x7f, 0x0d, 0xff,
  0x96, 0x80, 0x0e, 0xff, 0x97, 0x81, 0x0e, 0xff, 0x97, 0x81, 0x0e, 0xff,
  0x97, 0x81, 0x0e, 0xff, 0x97, 0x81, 0x0e, 0xff, 0x96, 0x80, 0x0d, 0xff,
  0x96, 0x7f, 0x0d, 0xff, 0x96, 0x7f, 0x0d, 0xff, 0x95, 0x7f, 0x0d, 0xff,
  0x95, 0x7e, 0x0d, 0xff, 0x93, 0x7c, 0x0d, 0xff, 0x91, 0x79, 0x0a, 0xff,
  0x8e, 0x75, 0x07, 0xff, 0x8c, 0x72, 0x06, 0xff, 0x89, 0x70, 0x06, 0xff,
  0x88, 0x6f, 0x06, 0xff, 0x86, 0x6d, 0x05, 0xff, 0x85, 0x6c, 0x04, 0xcc,
  0x84, 0x6a, 0x04, 0x15, 0x82, 0x68, 0x04, 0x00, 0x82, 0x68, 0x03, 0x00,
  0x81, 0x68, 0x03, 0x00, 0x96, 0x79, 0x03, 0x00, 0x83, 0x6b, 0x03, 0x00,
  0x08, 0x07, 0x01, 0x00, 0x00, 0x00, 0x00, 0x00, 0x01, 0x01, 0x00, 0x00,
  0x00, 0x00, 0x00, 0x00, 0x01, 0x01, 0x00, 0x00, 0x00, 0x00, 0x00, 0x00,
  0x19, 0x13, 0x01, 0x00, 0x7c, 0x5e, 0x03, 0x00, 0x7e, 0x61, 0x03, 0x00,
  0x6f, 0x56, 0x03, 0x00, 0x70, 0x56, 0x03, 0x00, 0x71, 0x57, 0x03, 0x00,
  0x72, 0x59, 0x04, 0x15, 0x74, 0x5a, 0x04, 0xc3, 0x76, 0x5c, 0x03, 0xff,
  0x77, 0x5d, 0x04, 0xff, 0x79, 0x5f, 0x03, 0xff, 0x7b, 0x60, 0x03, 0xff,
  0x7c, 0x62, 0x03, 0xff, 0x7d, 0x63, 0x04, 0xff, 0x7e, 0x64, 0x05, 0xff,
  0x7f, 0x65, 0x05, 0xff, 0x80, 0x66, 0x05, 0xff, 0x80, 0x66, 0x05, 0xff,
  0x80, 0x67, 0x05, 0xff, 0x82, 0x68, 0x05, 0xff, 0x83, 0x69, 0x06, 0xff,
  0x82, 0x68, 0x05, 0xff, 0x81, 0x68, 0x05, 0xff, 0x82, 0x68, 0x05, 0xff,
  0x82, 0x68, 0x05, 0xff, 0x81, 0x68, 0x05, 0xff, 0x82, 0x68, 0x05, 0xff,
  0x82, 0x68, 0x05, 0xff, 0x83, 0x68, 0x04, 0xff, 0x82, 0x68, 0x05, 0xff,
  0x82, 0x68, 0x05, 0xff, 0x82, 0x67, 0x05, 0xff, 0x82, 0x67, 0x04, 0xff,
  0x84, 0x6a, 0x04, 0xff, 0x85, 0x6c, 0x06, 0xff, 0x88, 0x6f, 0x09, 0xff,
  0x8b, 0x71, 0x0b, 0xff, 0x8f, 0x74, 0x0f, 0xff, 0x90, 0x76, 0x13, 0xff,
  0x90, 0x77, 0x15, 0xff, 0x91, 0x78, 0x16, 0xff, 0x92, 0x79, 0x18, 0xff,
  0x93, 0x79, 0x17, 0xff, 0x92, 0x78, 0x17, 0xff, 0x91, 0x78, 0x17, 0xff,
  0x91, 0x78, 0x17, 0xff, 0x91, 0x78, 0x16, 0xff, 0x92, 0x79, 0x17, 0xff,
  0x92, 0x79, 0x18, 0xff, 0x93, 0x7a, 0x18, 0xff, 0x94, 0x7b, 0x19, 0xff,
  0x94, 0x7b, 0x19, 0xff, 0x93, 0x7a, 0x19, 0xff, 0x93, 0x7a, 0x18, 0xff,
  0x92, 0x79, 0x16, 0xff, 0x93, 0x7a, 0x19, 0xff, 0x93, 0x7a, 0x17, 0xff,
  0x92, 0x79, 0x15, 0xff, 0x94, 0x7a, 0x15, 0xff, 0x93, 0x7a, 0x13, 0xff,
  0x92, 0x79, 0x11, 0xff, 0x91, 0x78, 0x0e, 0xff, 0x8f, 0x76, 0x0c, 0xff,
  0x8c, 0x73, 0x07, 0xff, 0x89, 0x70, 0x05, 0xff, 0x88, 0x6f, 0x04, 0xff,
  0x88, 0x6f, 0x05, 0xff, 0x88, 0x6f, 0x05, 0xff, 0x87, 0x6e, 0x05, 0xff,
  0x88, 0x6f, 0x05, 0xff, 0x89, 0x6f, 0x05, 0xff, 0x89, 0x6f, 0x05, 0xff,
  0x89, 0x6e, 0x05, 0xff, 0x88, 0x6f, 0x04, 0xff, 0x89, 0x70, 0x05, 0xff,
  0x8a, 0x71, 0x05, 0xff, 0x8b, 0x72, 0x06, 0xff, 0x8b, 0x72, 0x06, 0xff,
  0x8c, 0x73, 0x06, 0xff, 0x8c, 0x74, 0x07, 0xff, 0x8b, 0x73, 0x07, 0xff,
  0x8b, 0x73, 0x06, 0xff, 0x8b, 0x73, 0x06, 0xff, 0x8b, 0x72, 0x06, 0xff,
  0x8a, 0x72, 0x06, 0xff, 0x8a, 0x71, 0x05, 0xff, 0x8a, 0x72, 0x06, 0xff,
  0x8a, 0x71, 0x06, 0xff, 0x8a, 0x70, 0x06, 0xff, 0x89, 0x70, 0x05, 0xff,
  0x89, 0x70, 0x05, 0xff, 0x87, 0x6e, 0x05, 0xff, 0x85, 0x6c, 0x05, 0xff,
  0x85, 0x6b, 0x05, 0xff, 0x84, 0x6a, 0x05, 0xc3, 0x83, 0x69, 0x04, 0x15,
  0x82, 0x68, 0x04, 0x00, 0x81, 0x67, 0x03, 0x00, 0x80, 0x66, 0x03, 0x00,
  0x8b, 0x6f, 0x03, 0x00, 0x98, 0x7b, 0x03, 0x00, 0x2d, 0x25, 0x01, 0x00,
  0x00, 0x00, 0x00, 0x00, 0x02, 0x02, 0x00, 0x00, 0x00, 0x00, 0x00, 0x00,
  0x00, 0x00, 0x00, 0x00, 0x00, 0x00, 0x00, 0x00, 0x01, 0x01, 0x00, 0x00,
  0x00, 0x00, 0x00, 0x00, 0x36, 0x2a, 0x02, 0x00, 0x86, 0x67, 0x04, 0x00,
  0x78, 0x5c, 0x03, 0x00, 0x6e, 0x55, 0x03, 0x00, 0x70, 0x56, 0x04, 0x00,
  0x71, 0x57, 0x04, 0x00, 0x73, 0x59, 0x03, 0x05, 0x74, 0x5a, 0x03, 0xaa,
  0x75, 0x5b, 0x04, 0xff, 0x76, 0x5c, 0x04, 0xff, 0x77, 0x5d, 0x03, 0xff,
  0x78, 0x5e, 0x03, 0xff, 0x79, 0x5e, 0x03, 0xff, 0x7a, 0x60, 0x03, 0xff,
  0x7b, 0x60, 0x03, 0xff, 0x7b, 0x61, 0x03, 0xff, 0x7c, 0x62, 0x03, 0xff,
  0x7c, 0x62, 0x04, 0xff, 0x7d, 0x62, 0x03, 0xff, 0x7d, 0x63, 0x04, 0xff,
  0x7e, 0x63, 0x04, 0xff, 0x7e, 0x63, 0x04, 0xff, 0x7f, 0x64, 0x04, 0xff,
  0x7f, 0x64, 0x04, 0xff, 0x7f, 0x64, 0x04, 0xff, 0x7f, 0x64, 0x04, 0xff,
  0x7f, 0x65, 0x04, 0xff, 0x7f, 0x65, 0x03, 0xff, 0x80, 0x65, 0x04, 0xff,
  0x80, 0x65, 0x05, 0xff, 0x80, 0x65, 0x04, 0xff, 0x81, 0x66, 0x04, 0xff,
  0x81, 0x67, 0x04, 0xff, 0x83, 0x69, 0x04, 0xff, 0x84, 0x69, 0x05, 0xff,
  0x85, 0x6b, 0x06, 0xff, 0x87, 0x6c, 0x07, 0xff, 0x88, 0x6d, 0x07, 0xff,
  0x89, 0x6f, 0x09, 0xff, 0x8a, 0x70, 0x0b, 0xff, 0x8b, 0x71, 0x0c, 0xff,
  0x8c, 0x72, 0x0d, 0xff, 0x8c, 0x72, 0x0e, 0xff, 0x8c, 0x72, 0x0e, 0xff,
  0x8b, 0x72, 0x0e, 0xff, 0x8c, 0x72, 0x0f, 0xff, 0x8c, 0x72, 0x0f, 0xff,
  0x8c, 0x72, 0x0e, 0xff, 0x8c, 0x73, 0x0e, 0xff, 0x8d, 0x73, 0x0e, 0xff,
  0x8c, 0x72, 0x0e, 0xff, 0x8d, 0x73, 0x0f, 0xff, 0x8d, 0x73, 0x0f, 0xff,
  0x8c, 0x72, 0x0d, 0xff, 0x8e, 0x74, 0x10, 0xff, 0x8d, 0x73, 0x0d, 0xff,
  0x8c, 0x72, 0x0c, 0xff, 0x8c, 0x73, 0x0b, 0xff, 0x8c, 0x73, 0x0a, 0xff,
  0x8c, 0x72, 0x09, 0xff, 0x8b, 0x71, 0x08, 0xff, 0x89, 0x70, 0x08, 0xff,
  0x88, 0x6f, 0x06, 0xff, 0x87, 0x6d, 0x05, 0xff, 0x87, 0x6d, 0x05, 0xff,
  0x87, 0x6d, 0x05, 0xff, 0x88, 0x6e, 0x05, 0xff, 0x88, 0x6e, 0x05, 0xff,
  0x87, 0x6d, 0x05, 0xff, 0x88, 0x6e, 0x05, 0xff, 0x88, 0x6e, 0x05, 0xff,
  0x87, 0x6d, 0x04, 0xff, 0x87, 0x6d, 0x04, 0xff, 0x87, 0x6d, 0x04, 0xff,
  0x88, 0x6e, 0x05, 0xff, 0x88, 0x6e, 0x04, 0xff, 0x87, 0x6e, 0x04, 0xff,
  0x88, 0x6e, 0x05, 0xff, 0x88, 0x6f, 0x05, 0xff, 0x87, 0x6e, 0x05, 0xff,
  0x87, 0x6e, 0x05, 0xff, 0x87, 0x6e, 0x05, 0xff, 0x87, 0x6e, 0x04, 0xff,
  0x87, 0x6d, 0x04, 0xff, 0x86, 0x6d, 0x04, 0xff, 0x87, 0x6d, 0x05, 0xff,
  0x87, 0x6e, 0x05, 0xff, 0x86, 0x6c, 0x04, 0xff, 0x86, 0x6c, 0x04, 0xff,
  0x86, 0x6c, 0x04, 0xff, 0x84, 0x6a, 0x04, 0xff, 0x83, 0x69, 0x04, 0xff,
  0x82, 0x68, 0x04, 0xaa, 0x81, 0x67, 0x04, 0x05, 0x81, 0x67, 0x04, 0x00,
  0x81, 0x67, 0x03, 0x00, 0x7f, 0x65, 0x03, 0x00, 0x85, 0x6a, 0x03, 0x00,
  0x9c, 0x7d, 0x03, 0x00, 0x4e, 0x3f, 0x02, 0x00, 0x00, 0x00, 0x00, 0x00,
  0x02, 0x01, 0x00, 0x00, 0x00, 0x00, 0x00, 0x00, 0x00, 0x00, 0x00, 0x00,
  0x00, 0x00, 0x00, 0x00, 0x00, 0x00, 0x00, 0x00, 0x00, 0x00, 0x00, 0x00,
  0x01, 0x00, 0x00, 0x00, 0x00, 0x00, 0x00, 0x00, 0x45, 0x34, 0x02, 0x00,
  0x86, 0x66, 0x03, 0x00, 0x78, 0x5c, 0x03, 0x00, 0x6f, 0x55, 0x03, 0x00,
  0x70, 0x56, 0x03, 0x00, 0x71, 0x57, 0x03, 0x00, 0x71, 0x57, 0x03, 0x00,
  0x72, 0x58, 0x03, 0x7f, 0x73, 0x59, 0x03, 0xff, 0x74, 0x5a, 0x04, 0xff,
  0x76, 0x5b, 0x03, 0xff, 0x78, 0x5d, 0x03, 0xff, 0x78, 0x5e, 0x03, 0xff,
  0x79, 0x5e, 0x03, 0xff, 0x7a, 0x5f, 0x03, 0xff, 0x79, 0x5e, 0x03, 0xff,
  0x79, 0x5f, 0x03, 0xff, 0x7a, 0x5f, 0x03, 0xff, 0x7b, 0x60, 0x03, 0xff,
  0x7b, 0x60, 0x03, 0xff, 0x7b, 0x61, 0x03, 0xff, 0x7c, 0x62, 0x04, 0xff,
  0x7d, 0x63, 0x04, 0xff, 0x7d, 0x63, 0x04, 0xff, 0x7d, 0x63, 0x04, 0xff,
  0x7c, 0x62, 0x04, 0xff, 0x7d, 0x62, 0x04, 0xff, 0x7e, 0x64, 0x04, 0xff,
  0x7e, 0x64, 0x04, 0xff, 0x7f, 0x64, 0x04, 0xff, 0x7f, 0x65, 0x04, 0xff,
  0x80, 0x66, 0x04, 0xff, 0x80, 0x66, 0x04, 0xff, 0x80, 0x66, 0x04, 0xff,
  0x81, 0x66, 0x04, 0xff, 0x81, 0x67, 0x04, 0xff, 0x82, 0x68, 0x04, 0xff,
  0x84, 0x69, 0x05, 0xff, 0x85, 0x6b, 0x06, 0xff, 0x85, 0x6b, 0x07, 0xff,
  0x86, 0x6c, 0x07, 0xff, 0x87, 0x6d, 0x08, 0xff, 0x87, 0x6d, 0x09, 0xff,
  0x86, 0x6c, 0x09, 0xff, 0x86, 0x6c, 0x09, 0xff, 0x87, 0x6c, 0x08, 0xff,
  0x87, 0x6d, 0x09, 0xff, 0x86, 0x6d, 0x09, 0xff, 0x87, 0x6d, 0x08, 0xff,
  0x87, 0x6d, 0x08, 0xff, 0x87, 0x6d, 0x08, 0xff, 0x87, 0x6d, 0x08, 0xff,
  0x87, 0x6d, 0x08, 0xff, 0x88, 0x6e, 0x08, 0xff, 0x87, 0x6d, 0x07, 0xff,
  0x88, 0x6e, 0x07, 0xff, 0x88, 0x6f, 0x07, 0xff, 0x88, 0x6e, 0x06, 0xff,
  0x87, 0x6d, 0x06, 0xff, 0x87, 0x6d, 0x06, 0xff, 0x87, 0x6d, 0x05, 0xff,
  0x86, 0x6c, 0x05, 0xff, 0x86, 0x6c, 0x05, 0xff, 0x85, 0x6b, 0x05, 0xff,
  0x84, 0x6a, 0x04, 0xff, 0x85, 0x6b, 0x05, 0xff, 0x86, 0x6c, 0x05, 0xff,
  0x86, 0x6c, 0x05, 0xff, 0x85, 0x6c, 0x05, 0xff, 0x86, 0x6c, 0x04, 0xff,
  0x85, 0x6b, 0x04, 0xff, 0x83, 0x6a, 0x04, 0xff, 0x84, 0x6a, 0x04, 0xff,
  0x85, 0x6b, 0x04, 0xff, 0x85, 0x6b, 0x05, 0xff, 0x85, 0x6b, 0x04, 0xff,
  0x85, 0x6b, 0x04, 0xff, 0x85, 0x6b, 0x05, 0xff, 0x84, 0x6b, 0x04, 0xff,
  0x84, 0x6b, 0x04, 0xff, 0x85, 0x6c, 0x05, 0xff, 0x84, 0x6b, 0x04, 0xff,
  0x84, 0x6b, 0x04, 0xff, 0x84, 0x6b, 0x04, 0xff, 0x84, 0x6b, 0x04, 0xff,
  0x84, 0x6b, 0x04, 0xff, 0x84, 0x6a, 0x04, 0xff, 0x84, 0x6a, 0x04, 0xff,
  0x83, 0x69, 0x04, 0xff, 0x82, 0x67, 0x04, 0xff, 0x81, 0x66, 0x04, 0x7f,
  0x80, 0x66, 0x04, 0x00, 0x80, 0x66, 0x04, 0x00, 0x80, 0x66, 0x03, 0x00,
  0x7f, 0x65, 0x03, 0x00, 0x85, 0x6a, 0x03, 0x00, 0x9b, 0x7c, 0x03, 0x00,
  0x5f, 0x4d, 0x03, 0x00, 0x00, 0x00, 0x00, 0x00, 0x00, 0x00, 0x00, 0x00,
  0x00, 0x00, 0x00, 0x00, 0x00, 0x00, 0x00, 0x00, 0x00, 0x00, 0x00, 0x00,
  0x00, 0x00, 0x00, 0x00, 0x00, 0x00, 0x00, 0x00, 0x00, 0x00, 0x00, 0x00,
  0x01, 0x00, 0x00, 0x00, 0x00, 0x00, 0x00, 0x00, 0x00, 0x00, 0x00, 0x00,
  0x46, 0x36, 0x02, 0x00, 0x86, 0x67, 0x03, 0x00, 0x79, 0x5d, 0x03, 0x00,
  0x6e, 0x54, 0x02, 0x00, 0x6f, 0x55, 0x03, 0x00, 0x6f, 0x55, 0x03, 0x00,
  0x71, 0x57, 0x03, 0x00, 0x72, 0x58, 0x03, 0x44, 0x72, 0x59, 0x03, 0xd0,
  0x74, 0x5a, 0x03, 0xff, 0x75, 0x5b, 0x03, 0xff, 0x76, 0x5c, 0x03, 0xff,
  0x77, 0x5b, 0x03, 0xff, 0x77, 0x5c, 0x03, 0xff, 0x78, 0x5d, 0x04, 0xff,
  0x77, 0x5c, 0x03, 0xff, 0x77, 0x5d, 0x03, 0xff, 0x78, 0x5e, 0x03, 0xff,
  0x78, 0x5e, 0x03, 0xff, 0x79, 0x5f, 0x04, 0xff, 0x79, 0x5f, 0x04, 0xff,
  0x79, 0x5f, 0x04, 0xff, 0x7a, 0x60, 0x04, 0xff, 0x7a, 0x60, 0x04, 0xff,
  0x7a, 0x5f, 0x04, 0xff, 0x7a, 0x60, 0x04, 0xff, 0x7c, 0x61, 0x04, 0xff,
  0x7c, 0x62, 0x04, 0xff, 0x7d, 0x62, 0x04, 0xff, 0x7d, 0x63, 0x04, 0xff,
  0x7e, 0x63, 0x04, 0xff, 0x7d, 0x63, 0x04, 0xff, 0x7d, 0x63, 0x04, 0xff,
  0x7d, 0x63, 0x04, 0xff, 0x7e, 0x64, 0x04, 0xff, 0x7f, 0x65, 0x04, 0xff,
  0x80, 0x65, 0x04, 0xff, 0x81, 0x67, 0x05, 0xff, 0x82, 0x67, 0x05, 0xff,
  0x81, 0x66, 0x05, 0xff, 0x81, 0x66, 0x05, 0xff, 0x82, 0x68, 0x05, 0xff,
  0x82, 0x67, 0x06, 0xff, 0x81, 0x67, 0x05, 0xff, 0x82, 0x68, 0x05, 0xff,
  0x83, 0x68, 0x06, 0xff, 0x82, 0x68, 0x06, 0xff, 0x82, 0x68, 0x06, 0xff,
  0x82, 0x68, 0x06, 0xff, 0x82, 0x68, 0x06, 0xff, 0x82, 0x68, 0x06, 0xff,
  0x83, 0x69, 0x06, 0xff, 0x83, 0x68, 0x05, 0xff, 0x82, 0x68, 0x04, 0xff,
  0x83, 0x69, 0x05, 0xff, 0x84, 0x6a, 0x05, 0xff, 0x83, 0x69, 0x05, 0xff,
  0x83, 0x6a, 0x05, 0xff, 0x84, 0x6a, 0x05, 0xff, 0x84, 0x6a, 0x05, 0xff,
  0x84, 0x6a, 0x05, 0xff, 0x84, 0x6a, 0x05, 0xff, 0x82, 0x69, 0x05, 0xff,
  0x82, 0x68, 0x04, 0xff, 0x83, 0x69, 0x05, 0xff, 0x84, 0x6a, 0x05, 0xff,
  0x82, 0x69, 0x05, 0xff, 0x83, 0x69, 0x04, 0xff, 0x83, 0x69, 0x04, 0xff,
  0x82, 0x68, 0x04, 0xff, 0x81, 0x67, 0x04, 0xff, 0x81, 0x68, 0x04, 0xff,
  0x82, 0x68, 0x04, 0xff, 0x82, 0x69, 0x05, 0xff, 0x82, 0x68, 0x04, 0xff,
  0x82, 0x68, 0x04, 0xff, 0x81, 0x68, 0x05, 0xff, 0x81, 0x68, 0x04, 0xff,
  0x81, 0x68, 0x05, 0xff, 0x82, 0x68, 0x04, 0xff, 0x82, 0x68, 0x04, 0xff,
  0x81, 0x68, 0x04, 0xff, 0x81, 0x68, 0x04, 0xff, 0x82, 0x68, 0x04, 0xff,
  0x82, 0x68, 0x05, 0xff, 0x80, 0x67, 0x05, 0xff, 0x80, 0x67, 0x04, 0xff,
  0x80, 0x65, 0x04, 0xd0, 0x7f, 0x65, 0x03, 0x44, 0x7e, 0x64, 0x04, 0x00,
  0x7e, 0x64, 0x03, 0x00, 0x7d, 0x63, 0x03, 0x00, 0x7d, 0x63, 0x03, 0x00,
  0x86, 0x6b, 0x04, 0x00, 0x99, 0x7b, 0x03, 0x00, 0x62, 0x4f, 0x02, 0x00,
  0x01, 0x01, 0x00, 0x00, 0x00, 0x00, 0x00, 0x00, 0x01, 0x01, 0x00, 0x00,
  0x00, 0x00, 0x00, 0x00, 0x00, 0x00, 0x00, 0x00, 0x00, 0x00, 0x00, 0x00,
  0x00, 0x00, 0x00, 0x00, 0x00, 0x00, 0x00, 0x00, 0x00, 0x00, 0x00, 0x00,
  0x00, 0x00, 0x00, 0x00, 0x01, 0x01, 0x00, 0x00, 0x00, 0x00, 0x00, 0x00,
  0x00, 0x00, 0x00, 0x00, 0x39, 0x2b, 0x02, 0x00, 0x7d, 0x60, 0x03, 0x00,
  0x80, 0x62, 0x03, 0x00, 0x71, 0x57, 0x02, 0x00, 0x6e, 0x54, 0x02, 0x00,
  0x6f, 0x55, 0x02, 0x00, 0x71, 0x57, 0x03, 0x00, 0x72, 0x58, 0x03, 0x00,
  0x73, 0x59, 0x03, 0x7b, 0x74, 0x5a, 0x03, 0xf7, 0x74, 0x59, 0x03, 0xff,
  0x73, 0x59, 0x03, 0xff, 0x74, 0x59, 0x03, 0xff, 0x76, 0x5b, 0x03, 0xff,
  0x76, 0x5b, 0x03, 0xff, 0x76, 0x5b, 0x03, 0xff, 0x76, 0x5c, 0x04, 0xff,
  0x77, 0x5d, 0x04, 0xff, 0x77, 0x5d, 0x04, 0xff, 0x78, 0x5d, 0x04, 0xff,
  0x77, 0x5c, 0x04, 0xff, 0x77, 0x5d, 0x03, 0xff, 0x77, 0x5d, 0x03, 0xff,
  0x77, 0x5d, 0x03, 0xff, 0x78, 0x5e, 0x03, 0xff, 0x7a, 0x60, 0x04, 0xff,
  0x7a, 0x5f, 0x04, 0xff, 0x7a, 0x60, 0x04, 0xff, 0x7b, 0x61, 0x04, 0xff,
  0x7b, 0x61, 0x04, 0xff, 0x7a, 0x60, 0x04, 0xff, 0x7b, 0x61, 0x04, 0xff,
  0x7c, 0x62, 0x04, 0xff, 0x7c, 0x62, 0x04, 0xff, 0x7c, 0x62, 0x04, 0xff,
  0x7c, 0x62, 0x04, 0xff, 0x7c, 0x63, 0x04, 0xff, 0x7d, 0x62, 0x04, 0xff,
  0x7d, 0x63, 0x04, 0xff, 0x7d, 0x63, 0x04, 0xff, 0x7d, 0x63, 0x04, 0xff,
  0x7d, 0x63, 0x04, 0xff, 0x7e, 0x64, 0x04, 0xff, 0x7f, 0x64, 0x04, 0xff,
  0x7e, 0x64, 0x04, 0xff, 0x7e, 0x64, 0x04, 0xff, 0x7e, 0x64, 0x05, 0xff,
  0x7e, 0x65, 0x05, 0xff, 0x7f, 0x66, 0x05, 0xff, 0x80, 0x66, 0x05, 0xff,
  0x7f, 0x65, 0x05, 0xff, 0x7f, 0x65, 0x04, 0xff, 0x80, 0x66, 0x04, 0xff,
  0x80, 0x66, 0x04, 0xff, 0x80, 0x66, 0x04, 0xff, 0x7f, 0x66, 0x04, 0xff,
  0x80, 0x67, 0x05, 0xff, 0x81, 0x67, 0x05, 0xff, 0x81, 0x67, 0x05, 0xff,
  0x82, 0x68, 0x04, 0xff, 0x82, 0x68, 0x04, 0xff, 0x81, 0x67, 0x04, 0xff,
  0x80, 0x67, 0x04, 0xff, 0x81, 0x67, 0x05, 0xff, 0x81, 0x67, 0x05, 0xff,
  0x80, 0x66, 0x05, 0xff, 0x80, 0x67, 0x04, 0xff, 0x81, 0x67, 0x04, 0xff,
  0x80, 0x67, 0x04, 0xff, 0x7f, 0x65, 0x04, 0xff, 0x7e, 0x65, 0x04, 0xff,
  0x7f, 0x66, 0x04, 0xff, 0x80, 0x66, 0x04, 0xff, 0x7f, 0x66, 0x04, 0xff,
  0x7f, 0x65, 0x04, 0xff, 0x7e, 0x65, 0x04, 0xff, 0x7f, 0x66, 0x04, 0xff,
  0x80, 0x66, 0x04, 0xff, 0x80, 0x66, 0x04, 0xff, 0x80, 0x66, 0x04, 0xff,
  0x80, 0x66, 0x04, 0xff, 0x80, 0x66, 0x04, 0xff, 0x80, 0x66, 0x04, 0xff,
  0x7f, 0x66, 0x05, 0xff, 0x7f, 0x65, 0x05, 0xf7, 0x7e, 0x64, 0x04, 0x7b,
  0x7c, 0x62, 0x03, 0x00, 0x7c, 0x62, 0x03, 0x00, 0x7b, 0x61, 0x03, 0x00,
  0x7b, 0x61, 0x03, 0x00, 0x7e, 0x64, 0x03, 0x00, 0x8c, 0x70, 0x03, 0x00,
  0x94, 0x76, 0x03, 0x00, 0x52, 0x42, 0x02, 0x00, 0x00, 0x00, 0x00, 0x00,
  0x00, 0x00, 0x00, 0x00, 0x01, 0x01, 0x00, 0x00, 0x00, 0x00, 0x00, 0x00,
  0x00, 0x00, 0x00, 0x00, 0x00, 0x00, 0x00, 0x00, 0x00, 0x00, 0x00, 0x00,
  0x00, 0x00, 0x00, 0x00, 0x00, 0x00, 0x00, 0x00, 0x00, 0x00, 0x00, 0x00,
  0x00, 0x00, 0x00, 0x00, 0x00, 0x00, 0x00, 0x00, 0x01, 0x01, 0x00, 0x00,
  0x00, 0x00, 0x00, 0x00, 0x00, 0x00, 0x00, 0x00, 0x22, 0x1a, 0x01, 0x00,
  0x6a, 0x52, 0x03, 0x00, 0x86, 0x68, 0x04, 0x00, 0x7c, 0x60, 0x02, 0x00,
  0x71, 0x57, 0x02, 0x00, 0x6e, 0x55, 0x03, 0x00, 0x6f, 0x55, 0x03, 0x00,
  0x70, 0x57, 0x03, 0x00, 0x71, 0x57, 0x03, 0x15, 0x71, 0x57, 0x03, 0x88,
  0x71, 0x57, 0x03, 0xf3, 0x72, 0x57, 0x03, 0xff, 0x71, 0x57, 0x02, 0xff,
  0x72, 0x59, 0x03, 0xff, 0x74, 0x5a, 0x04, 0xff, 0x74, 0x5a, 0x03, 0xff,
  0x74, 0x5a, 0x03, 0xff, 0x75, 0x5b, 0x03, 0xff, 0x76, 0x5c, 0x04, 0xff,
  0x75, 0x5b, 0x03, 0xff, 0x74, 0x5a, 0x03, 0xff, 0x75, 0x5a, 0x03, 0xff,
  0x75, 0x5b, 0x03, 0xff, 0x76, 0x5c, 0x03, 0xff, 0x78, 0x5d, 0x03, 0xff,
  0x78, 0x5e, 0x04, 0xff, 0x78, 0x5d, 0x03, 0xff, 0x78, 0x5d, 0x03, 0xff,
  0x77, 0x5d, 0x04, 0xff, 0x78, 0x5e, 0x04, 0xff, 0x79, 0x5f, 0x04, 0xff,
  0x7a, 0x5f, 0x04, 0xff, 0x7a, 0x5f, 0x04, 0xff, 0x79, 0x5f, 0x04, 0xff,
  0x7a, 0x5f, 0x04, 0xff, 0x7a, 0x5f, 0x03, 0xff, 0x79, 0x5e, 0x03, 0xff,
  0x7a, 0x60, 0x04, 0xff, 0x7a, 0x60, 0x04, 0xff, 0x79, 0x5f, 0x03, 0xff,
  0x79, 0x5f, 0x03, 0xff, 0x7a, 0x60, 0x04, 0xff, 0x7b, 0x61, 0x04, 0xff,
  0x7b, 0x62, 0x03, 0xff, 0x7a, 0x61, 0x03, 0xff, 0x7a, 0x60, 0x04, 0xff,
  0x7b, 0x61, 0x04, 0xff, 0x7c, 0x62, 0x04, 0xff, 0x7c, 0x63, 0x05, 0xff,
  0x7c, 0x62, 0x04, 0xff, 0x7d, 0x62, 0x04, 0xff, 0x7d, 0x63, 0x04, 0xff,
  0x7d, 0x63, 0x04, 0xff, 0x7e, 0x64, 0x04, 0xff, 0x7e, 0x64, 0x04, 0xff,
  0x7d, 0x64, 0x04, 0xff, 0x7e, 0x64, 0x04, 0xff, 0x7f, 0x65, 0x04, 0xff,
  0x7e, 0x64, 0x04, 0xff, 0x7e, 0x64, 0x04, 0xff, 0x7f, 0x65, 0x05, 0xff,
  0x7e, 0x64, 0x05, 0xff, 0x7f, 0x64, 0x05, 0xff, 0x7e, 0x63, 0x04, 0xff,
  0x7d, 0x63, 0x04, 0xff, 0x7e, 0x64, 0x04, 0xff, 0x7e, 0x64, 0x04, 0xff,
  0x7e, 0x64, 0x04, 0xff, 0x7d, 0x63, 0x04, 0xff, 0x7c, 0x62, 0x03, 0xff,
  0x7c, 0x63, 0x04, 0xff, 0x7d, 0x63, 0x04, 0xff, 0x7d, 0x63, 0x04, 0xff,
  0x7d, 0x63, 0x04, 0xff, 0x7d, 0x63, 0x04, 0xff, 0x7d, 0x63, 0x04, 0xff,
  0x7e, 0x65, 0x03, 0xff, 0x7f, 0x65, 0x04, 0xff, 0x7e, 0x64, 0x04, 0xff,
  0x7f, 0x64, 0x03, 0xff, 0x7e, 0x64, 0x03, 0xff, 0x7d, 0x63, 0x04, 0xf3,
  0x7e, 0x63, 0x03, 0x88, 0x7c, 0x62, 0x03, 0x15, 0x7b, 0x61, 0x03, 0x00,
  0x7a, 0x60, 0x03, 0x00, 0x79, 0x60, 0x03, 0x00, 0x7c, 0x62, 0x03, 0x00,
  0x86, 0x6b, 0x03, 0x00, 0x93, 0x76, 0x03, 0x00, 0x83, 0x69, 0x03, 0x00,
  0x35, 0x2b, 0x01, 0x00, 0x00, 0x00, 0x00, 0x00, 0x00, 0x00, 0x00, 0x00,
  0x01, 0x01, 0x00, 0x00, 0x00, 0x00, 0x00, 0x00, 0x00, 0x00, 0x00, 0x00,
  0x00, 0x00, 0x00, 0x00, 0x00, 0x00, 0x00, 0x00, 0x00, 0x00, 0x00, 0x00,
  0x00, 0x00, 0x00, 0x00, 0x00, 0x00, 0x00, 0x00, 0x00, 0x00, 0x00, 0x00,
  0x00, 0x00, 0x00, 0x00, 0x00, 0x00, 0x00, 0x00, 0x00, 0x00, 0x00, 0x00,
  0x00, 0x00, 0x00, 0x00, 0x01, 0x01, 0x00, 0x00, 0x00, 0x00, 0x00, 0x00,
  0x07, 0x06, 0x00, 0x00, 0x3f, 0x31, 0x03, 0x00, 0x75, 0x5b, 0x04, 0x00,
  0x87, 0x69, 0x04, 0x00, 0x81, 0x65, 0x04, 0x00, 0x78, 0x5d, 0x03, 0x00,
  0x73, 0x59, 0x03, 0x00, 0x70, 0x57, 0x03, 0x00, 0x6f, 0x55, 0x03, 0x00,
  0x6f, 0x55, 0x03, 0x09, 0x6f, 0x55, 0x03, 0x6a, 0x70, 0x56, 0x02, 0xc3,
  0x70, 0x57, 0x03, 0xff, 0x71, 0x57, 0x03, 0xff, 0x72, 0x58, 0x03, 0xff,
  0x72, 0x58, 0x03, 0xff, 0x72, 0x59, 0x03, 0xff, 0x71, 0x58, 0x03, 0xff,
  0x71, 0x57, 0x03, 0xff, 0x72, 0x58, 0x02, 0xff, 0x72, 0x58, 0x02, 0xff,
  0x73, 0x59, 0x02, 0xff, 0x74, 0x5a, 0x02, 0xff, 0x75, 0x5a, 0x03, 0xff,
  0x76, 0x5b, 0x03, 0xff, 0x76, 0x5b, 0x03, 0xff, 0x75, 0x5a, 0x03, 0xff,
  0x75, 0x5b, 0x03, 0xff, 0x75, 0x5b, 0x03, 0xff, 0x77, 0x5c, 0x03, 0xff,
  0x76, 0x5c, 0x03, 0xff, 0x76, 0x5c, 0x03, 0xff, 0x77, 0x5d, 0x03, 0xff,
  0x77, 0x5c, 0x03, 0xff, 0x77, 0x5c, 0x03, 0xff, 0x77, 0x5d, 0x03, 0xff,
  0x77, 0x5d, 0x04, 0xff, 0x76, 0x5d, 0x03, 0xff, 0x76, 0x5d, 0x03, 0xff,
  0x76, 0x5d, 0x03, 0xff, 0x77, 0x5d, 0x03, 0xff, 0x78, 0x5e, 0x03, 0xff,
  0x79, 0x5f, 0x03, 0xff, 0x78, 0x5e, 0x03, 0xff, 0x78, 0x5e, 0x03, 0xff,
  0x79, 0x5f, 0x04, 0xff, 0x7a, 0x5f, 0x04, 0xff, 0x7a, 0x60, 0x04, 0xff,
  0x7a, 0x60, 0x04, 0xff, 0x7a, 0x60, 0x04, 0xff, 0x7a, 0x60, 0x04, 0xff,
  0x7b, 0x61, 0x04, 0xff, 0x7b, 0x61, 0x04, 0xff, 0x7b, 0x61, 0x04, 0xff,
  0x7b, 0x61, 0x04, 0xff, 0x7a, 0x61, 0x03, 0xff, 0x7b, 0x61, 0x04, 0xff,
  0x7b, 0x61, 0x04, 0xff, 0x7b, 0x62, 0x03, 0xff, 0x7b, 0x61, 0x04, 0xff,
  0x7b, 0x61, 0x04, 0xff, 0x7c, 0x62, 0x04, 0xff, 0x7c, 0x62, 0x04, 0xff,
  0x7c, 0x62, 0x04, 0xff, 0x7c, 0x62, 0x04, 0xff, 0x7b, 0x61, 0x03, 0xff,
  0x7b, 0x61, 0x03, 0xff, 0x7b, 0x61, 0x03, 0xff, 0x7a, 0x60, 0x03, 0xff,
  0x7a, 0x60, 0x03, 0xff, 0x7b, 0x61, 0x03, 0xff, 0x7b, 0x61, 0x03, 0xff,
  0x7a, 0x61, 0x03, 0xff, 0x7a, 0x60, 0x03, 0xff, 0x7a, 0x61, 0x03, 0xff,
  0x7c, 0x62, 0x03, 0xff, 0x7c, 0x62, 0x03, 0xff, 0x7c, 0x62, 0x03, 0xff,
  0x7c, 0x62, 0x04, 0xc3, 0x7b, 0x61, 0x03, 0x6a, 0x7b, 0x61, 0x03, 0x09,
  0x7b, 0x61, 0x03, 0x00, 0x7a, 0x61, 0x03, 0x00, 0x7c, 0x63, 0x03, 0x00,
  0x81, 0x67, 0x03, 0x00, 0x8a, 0x6e, 0x03, 0x00, 0x93, 0x75, 0x04, 0x00,
  0x86, 0x6b, 0x03, 0x00, 0x52, 0x41, 0x02, 0x00, 0x10, 0x0d, 0x01, 0x00,
  0x00, 0x00, 0x00, 0x00, 0x01, 0x01, 0x00, 0x00, 0x01, 0x01, 0x00, 0x00,
  0x00, 0x00, 0x00, 0x00, 0x00, 0x00, 0x00, 0x00, 0x00, 0x00, 0x00, 0x00,
  0x00, 0x00, 0x00, 0x00, 0x00, 0x00, 0x00, 0x00, 0x00, 0x00, 0x00, 0x00,
  0x00, 0x00, 0x00, 0x00, 0x00, 0x00, 0x00, 0x00, 0x00, 0x00, 0x00, 0x00,
  0x00, 0x00, 0x00, 0x00, 0x00, 0x00, 0x00, 0x00, 0x00, 0x00, 0x00, 0x00,
  0x00, 0x00, 0x00, 0x00, 0x00, 0x00, 0x00, 0x00, 0x01, 0x01, 0x00, 0x00,
  0x00, 0x00, 0x00, 0x00, 0x00, 0x00, 0x00, 0x00, 0x0d, 0x0b, 0x01, 0x00,
  0x3a, 0x2d, 0x03, 0x00, 0x63, 0x4e, 0x04, 0x00, 0x7d, 0x61, 0x04, 0x00,
  0x86, 0x68, 0x04, 0x00, 0x86, 0x68, 0x04, 0x00, 0x84, 0x67, 0x03, 0x00,
  0x80, 0x63, 0x03, 0x00, 0x7d, 0x61, 0x03, 0x00, 0x7e, 0x62, 0x03, 0x00,
  0x7e, 0x62, 0x03, 0x22, 0x7e, 0x62, 0x03, 0x6a, 0x7e, 0x62, 0x03, 0xaa,
  0x7e, 0x62, 0x03, 0xe1, 0x7e, 0x62, 0x03, 0xff, 0x7e, 0x62, 0x02, 0xff,
  0x7e, 0x62, 0x02, 0xff, 0x7f, 0x63, 0x02, 0xff, 0x7f, 0x62, 0x02, 0xff,
  0x7f, 0x62, 0x02, 0xff, 0x80, 0x63, 0x02, 0xff, 0x81, 0x64, 0x03, 0xff,
  0x82, 0x65, 0x03, 0xff, 0x82, 0x65, 0x03, 0xff, 0x82, 0x66, 0x04, 0xff,
  0x82, 0x65, 0x03, 0xff, 0x83, 0x66, 0x03, 0xff, 0x83, 0x66, 0x03, 0xff,
  0x82, 0x65, 0x02, 0xff, 0x82, 0x65, 0x03, 0xff, 0x83, 0x66, 0x03, 0xff,
  0x83, 0x66, 0x03, 0xff, 0x82, 0x66, 0x03, 0xff, 0x83, 0x66, 0x04, 0xff,
  0x83, 0x67, 0x04, 0xff, 0x83, 0x67, 0x03, 0xff, 0x84, 0x68, 0x03, 0xff,
  0x84, 0x68, 0x03, 0xff, 0x84, 0x67, 0x03, 0xff, 0x84, 0x68, 0x03, 0xff,
  0x85, 0x69, 0x03, 0xff, 0x84, 0x68, 0x03, 0xff, 0x85, 0x68, 0x03, 0xff,
  0x86, 0x69, 0x04, 0xff, 0x85, 0x69, 0x04, 0xff, 0x86, 0x69, 0x04, 0xff,
  0x87, 0x6a, 0x04, 0xff, 0x87, 0x6b, 0x04, 0xff, 0x87, 0x6b, 0x04, 0xff,
  0x88, 0x6c, 0x04, 0xff, 0x87, 0x6b, 0x03, 0xff, 0x87, 0x6b, 0x03, 0xff,
  0x87, 0x6b, 0x03, 0xff, 0x87, 0x6b, 0x03, 0xff, 0x86, 0x6b, 0x03, 0xff,
  0x86, 0x6a, 0x03, 0xff, 0x87, 0x6b, 0x03, 0xff, 0x87, 0x6b, 0x03, 0xff,
  0x88, 0x6b, 0x04, 0xff, 0x88, 0x6b, 0x03, 0xff, 0x88, 0x6c, 0x03, 0xff,
  0x88, 0x6c, 0x03, 0xff, 0x88, 0x6c, 0x03, 0xff, 0x88, 0x6c, 0x03, 0xff,
  0x88, 0x6b, 0x03, 0xff, 0x88, 0x6c, 0x03, 0xff, 0x86, 0x6a, 0x03, 0xff,
  0x86, 0x6a, 0x02, 0xff, 0x87, 0x6b, 0x03, 0xff, 0x88, 0x6c, 0x03, 0xff,
  0x87, 0x6c, 0x03, 0xff, 0x86, 0x6b, 0x03, 0xff, 0x86, 0x6b, 0x03, 0xe1,
  0x87, 0x6c, 0x03, 0xaa, 0x88, 0x6d, 0x03, 0x6a, 0x88, 0x6c, 0x03, 0x22,
  0x88, 0x6c, 0x04, 0x00, 0x88, 0x6c, 0x03, 0x00, 0x8a, 0x6f, 0x03, 0x00,
  0x8e, 0x71, 0x03, 0x00, 0x91, 0x73, 0x03, 0x00, 0x91, 0x73, 0x03, 0x00,
  0x88, 0x6c, 0x04, 0x00, 0x71, 0x5a, 0x04, 0x00, 0x48, 0x39, 0x02, 0x00,
  0x15, 0x11, 0x01, 0x00, 0x00, 0x00, 0x00, 0x00, 0x00, 0x00, 0x00, 0x00,
  0x02, 0x01, 0x00, 0x00, 0x00, 0x00, 0x00, 0x00, 0x00, 0x00, 0x00, 0x00,
  0x00, 0x00, 0x00, 0x00, 0x00, 0x00, 0x00, 0x00, 0x00, 0x00, 0x00, 0x00,
  0x00, 0x00, 0x00, 0x00, 0x00, 0x00, 0x00, 0x00, 0x00, 0x00, 0x00, 0x00,
  0x00, 0x00, 0x00, 0x00, 0x00, 0x00, 0x00, 0x00, 0x00, 0x00, 0x00, 0x00,
  0x00, 0x00, 0x00, 0x00, 0x00, 0x00, 0x00, 0x00, 0x00, 0x00, 0x00, 0x00,
  0x00, 0x00, 0x00, 0x00, 0x00, 0x00, 0x00, 0x00, 0x00, 0x00, 0x00, 0x00,
  0x01, 0x00, 0x00, 0x00, 0x01, 0x01, 0x00, 0x00, 0x00, 0x00, 0x00, 0x00,
  0x00, 0x00, 0x00, 0x00, 0x00, 0x01, 0x00, 0x00, 0x17, 0x12, 0x01, 0x00,
  0x32, 0x27, 0x02, 0x00, 0x4a, 0x3a, 0x03, 0x00, 0x5c, 0x47, 0x03, 0x00,
  0x68, 0x51, 0x03, 0x00, 0x70, 0x56, 0x03, 0x00, 0x72, 0x58, 0x03, 0x00,
  0x72, 0x59, 0x04, 0x00, 0x72, 0x58, 0x03, 0x00, 0x6f, 0x56, 0x02, 0x00,
  0x6f, 0x55, 0x02, 0x00, 0x70, 0x57, 0x02, 0x15, 0x71, 0x57, 0x02, 0x3b,
  0x71, 0x58, 0x03, 0x59, 0x72, 0x58, 0x03, 0x6e, 0x70, 0x57, 0x03, 0x7b,
  0x6f, 0x56, 0x02, 0xff, 0x70, 0x57, 0x02, 0xff, 0x72, 0x59, 0x03, 0xff,
  0x72, 0x59, 0x03, 0xff, 0x73, 0x5a, 0x04, 0xff, 0x74, 0x5b, 0x03, 0xff,
  0x73, 0x5a, 0x03, 0xff, 0x74, 0x5b, 0x03, 0xff, 0x74, 0x5b, 0x03, 0xff,
  0x73, 0x5a, 0x03, 0xff, 0x72, 0x59, 0x02, 0xff, 0x73, 0x5a, 0x03, 0xff,
  0x75, 0x5b, 0x04, 0xff, 0x73, 0x5a, 0x03, 0xff, 0x73, 0x5a, 0x03, 0xff,
  0x75, 0x5b, 0x04, 0xff, 0x75, 0x5c, 0x03, 0xff, 0x75, 0x5c, 0x03, 0xff,
  0x76, 0x5d, 0x03, 0xff, 0x76, 0x5d, 0x03, 0xff, 0x76, 0x5d, 0x04, 0xff,
  0x77, 0x5d, 0x03, 0xff, 0x76, 0x5d, 0x03, 0xff, 0x76, 0x5d, 0x03, 0xff,
  0x77, 0x5d, 0x03, 0xff, 0x76, 0x5d, 0x03, 0xff, 0x77, 0x5d, 0x03, 0xff,
  0x79, 0x5f, 0x04, 0xff, 0x7a, 0x60, 0x04, 0xff, 0x78, 0x5f, 0x03, 0xff,
  0x78, 0x5e, 0x03, 0xff, 0x79, 0x5f, 0x03, 0xff, 0x78, 0x5f, 0x04, 0xff,
  0x78, 0x5f, 0x03, 0xff, 0x79, 0x60, 0x03, 0xff, 0x78, 0x5e, 0x03, 0xff,
  0x77, 0x5d, 0x03, 0xff, 0x77, 0x5e, 0x03, 0xff, 0x79, 0x60, 0x03, 0xff,
  0x79, 0x5f, 0x04, 0xff, 0x79, 0x5f, 0x04, 0xff, 0x78, 0x5f, 0x03, 0xff,
  0x78, 0x5f, 0x03, 0xff, 0x78, 0x5f, 0x03, 0xff, 0x79, 0x60, 0x03, 0xff,
  0x78, 0x5f, 0x03, 0xff, 0x78, 0x5f, 0x03, 0xff, 0x76, 0x5d, 0x03, 0xff,
  0x76, 0x5d, 0x02, 0x7b, 0x78, 0x5f, 0x03, 0x6e, 0x79, 0x60, 0x03, 0x59,
  0x77, 0x5f, 0x03, 0x3b, 0x76, 0x5e, 0x03, 0x15, 0x77, 0x5e, 0x02, 0x00,
  0x78, 0x5f, 0x03, 0x00, 0x7a, 0x61, 0x03, 0x00, 0x7a, 0x61, 0x04, 0x00,
  0x79, 0x60, 0x03, 0x00, 0x77, 0x5e, 0x03, 0x00, 0x70, 0x59, 0x03, 0x00,
  0x64, 0x50, 0x03, 0x00, 0x51, 0x41, 0x02, 0x00, 0x38, 0x2c, 0x01, 0x00,
  0x1b, 0x16, 0x01, 0x00, 0x02, 0x02, 0x01, 0x00, 0x00, 0x00, 0x00, 0x00,
  0x00, 0x00, 0x00, 0x00, 0x01, 0x01, 0x00, 0x00, 0x01, 0x01, 0x00, 0x00,
  0x00, 0x00, 0x00, 0x00, 0x00, 0x00, 0x00, 0x00, 0x00, 0x00, 0x00, 0x00,
  0x00, 0x00, 0x00, 0x00, 0x00, 0x00, 0x00, 0x00, 0x00, 0x00, 0x00, 0x00,
  0x00, 0x00, 0x00, 0x00, 0x00, 0x00, 0x00, 0x00, 0x00, 0x00, 0x00, 0x00
};
