static const uint8_t material_icon_yolo_models_map[] __attribute__((aligned(4))) = {
  0xfa, 0xfa, 0xfa, 0x00, 0xfa, 0xfa, 0xfb, 0x00, 0xfa, 0xfa, 0xfa, 0x00,
  0xfa, 0xfa, 0xfa, 0x00, 0xfa, 0xfa, 0xfb, 0x00, 0xfa, 0xfa, 0xfa, 0x00,
  0xfa, 0xfa, 0xfa, 0x00, 0xfa, 0xfa, 0xfa, 0x00, 0xfa, 0xfa, 0xfa, 0x00,
  0xfa, 0xfa, 0xfa, 0x00, 0xfa, 0xfa, 0xfa, 0x00, 0xfa, 0xfa, 0xfa, 0x00,
  0xfa, 0xfa, 0xfa, 0x00, 0xfa, 0xfa, 0xfa, 0x00, 0xfa, 0xfa, 0xfa, 0x00,
  0xfa, 0xfa, 0xfa, 0x00, 0xfa, 0xfa, 0xfa, 0x00, 0xfa, 0xfa, 0xfa, 0x00,
  0xfa, 0xfa, 0xfa, 0x00, 0xfa, 0xfa, 0xfa, 0x00, 0xfa, 0xfa, 0xfa, 0x00,
  0xfa, 0xfa, 0xfa, 0x00, 0xfa, 0xfa, 0xfa, 0x00, 0xfa, 0xfa, 0xfa, 0x00,
  0xfa, 0xfa, 0xfa, 0x00, 0xfa, 0xfa, 0xfa, 0x15, 0xfa, 0xfa, 0xfa, 0x3b,
  0xfa, 0xfa, 0xfa, 0x59, 0xfa, 0xfa, 0xfa, 0x6e, 0xfa, 0xfa, 0xfa, 0x7b,
  0xfa, 0xfa, 0xfa, 0xff, 0xfa, 0xfa, 0xfa, 0xff, 0xfa, 0xfa, 0xfa, 0xff,
  0xfa, 0xfa, 0xfa, 0xff, 0xfa, 0xfa, 0xfa, 0xff, 0xfa, 0xfa, 0xfa, 0xff,
  0xfa, 0xfa, 0xfa, 0xff, 0xfa, 0xfa, 0xfb, 0xff, 0xfa, 0xfa, 0xfa, 0xff,
  0xfa, 0xfa, 0xfa, 0xff, 0xfa, 0xfa, 0xfa, 0xff, 0xfa, 0xfa, 0xfa, 0xff,
  0xfa, 0xfa, 0xfb, 0xff, 0xfa, 0xfa, 0xfa, 0xff, 0xfa, 0xfa, 0xfa, 0xff,
  0xfa, 0xfa, 0xfa, 0xff, 0xfa, 0xfa, 0xfa, 0xff, 0xfa, 0xfa, 0xfa, 0xff,
  0xfa, 0xfa, 0xfa, 0xff, 0xfa, 0xfa, 0xfa, 0xff, 0xfa, 0xfa, 0xfb, 0xff,
  0xfa, 0xfa, 0xfa, 0xff, 0xfa, 0xfa, 0xfa, 0xff, 0xfa, 0xfa, 0xfa, 0xff,
  0xfa, 0xfa, 0xfa, 0xff, 0xfa, 0xfa, 0xfa, 0xff, 0xfa, 0xfa, 0xfa, 0xff,
  0xfa, 0xfa, 0xfa, 0xff, 0xfa, 0xfa, 0xfa, 0xff, 0xfa, 0xfa, 0xfa, 0xff,
  0xfa, 0xfa, 0xfa, 0xff, 0xfa, 0xfa, 0xfa, 0xff, 0xfa, 0xfa, 0xfa, 0xff,
  0xfa, 0xfa, 0xfa, 0xff, 0xfa, 0xfa, 0xfa, 0xff, 0xfa, 0xfa, 0xfa, 0xff,
  0xfa, 0xfa, 0xfa, 0xff, 0xfa, 0xfa, 0xfa, 0xff, 0xfa, 0xfa, 0xfa, 0xff,
  0xfa, 0xfa, 0xfa, 0xff, 0xfa, 0xfa, 0xfa, 0xff, 0xfa, 0xfa, 0xfa, 0xff,
  0xfa, 0xfa, 0xfa, 0xff, 0xfa, 0xfa, 0xfa, 0xff, 0xfa, 0xfa, 0xfa, 0xff,
  0xfa, 0xfa, 0xfa, 0xff, 0xfa, 0xfa, 0xfa, 0xff, 0xfa, 0xfa, 0xfa, 0xff,
  0xfa, 0xfa, 0xfa, 0x7b, 0xfa, 0xfa, 0xfa, 0x6e, 0xfa, 0xfa, 0xfa, 0x59,
  0xfa, 0xfa, 0xfa, 0x3b, 0xfa, 0xfa, 0xfb, 0x15, 0xfa, 0xfa, 0xfa, 0x00,
  0xfa, 0xfa, 0xfa, 0x00, 0xfa, 0xfa, 0xfa, 0x00, 0xfa, 0xfa, 0xfa, 0x00,
  0xfa, 0xfa, 0xfa, 0x00, 0xfa, 0xfa, 0xfa, 0x00, 0xfa, 0xfa, 0xfa, 0x00,
  0xfa, 0xfa, 0xfa, 0x00, 0xfa, 0xfa, 0xfa, 0x00, 0xfa, 0xfa, 0xfb, 0x00,
  0xfa, 0xfa, 0xfa, 0x00, 0xfa, 0xfa, 0xfa, 0x00, 0xfa, 0xfa, 0xfa, 0x00,
  0xfa, 0xfa, 0xfa, 0x00, 0xfa, 0xfa, 0xfa, 0x00, 0xfa, 0xfa, 0xfb, 0x00,
  0xfa, 0xfa, 0xfb, 0x00, 0xfa, 0xfa, 0xfa, 0x00, 0xfa, 0xfa, 0xfa, 0x00,
  0xfa, 0xfa, 0xfa, 0x00, 0xfa, 0xfa, 0xfa, 0x00, 0xfa, 0xfa, 0xfa, 0x00,
  0xfa, 0xfa, 0xfa, 0x00, 0xfa, 0xfa, 0xfa, 0x00, 0xfa, 0xfa, 0xfa, 0x00,
  0xfa, 0xfa, 0xfa, 0x00, 0xfa, 0xfa, 0xfa, 0x00, 0xfa, 0xfa, 0xfa, 0x00,
  0xfa, 0xfa, 0xfa, 0x00, 0xfa, 0xfa, 0xfa, 0x00, 0xfa, 0xfa, 0xfa, 0x00,
  0xfa, 0xfa, 0xfa, 0x00, 0xfa, 0xfa, 0xfa, 0x00, 0xfa, 0xfa, 0xfa, 0x00,
  0xfa, 0xfa, 0xfa, 0x00, 0xfa, 0xfa, 0xfa, 0x00, 0xfa, 0xfa, 0xfa, 0x00,
  0xfa, 0xfa, 0xfa, 0x00, 0xfa, 0xfa, 0xfa, 0x00, 0xfa, 0xfb, 0xfb, 0x00,
  0xfa, 0xfa, 0xfa, 0x00, 0xfa, 0xfa, 0xfa, 0x00, 0xfa, 0xfa, 0xfa, 0x00,
  0xfa, 0xfa, 0xfa, 0x00, 0xfa, 0xfa, 0xfa, 0x00, 0xfa, 0xfa, 0xfa, 0x00,
  0xfa, 0xfa, 0xfa, 0x22, 0xfa, 0xfa, 0xfa, 0x6a, 0xfa, 0xfa, 0xfa, 0xaa,
  0xfa, 0xfa, 0xfa, 0xe1, 0xfa, 0xfa, 0xfa, 0xff, 0xfa, 0xfa, 0xfa, 0xff,
  0xfa, 0xfa, 0xfa, 0xff, 0xfa, 0xfa, 0xfa, 0xff, 0xfa, 0xfa, 0xfa, 0xff,
  0xfa, 0xfa, 0xfa, 0xff, 0xfa, 0xfa, 0xfa, 0xff, 0xfa, 0xfa, 0xfb, 0xff,
  0xfa, 0xfa, 0xfb, 0xff, 0xfa, 0xfa, 0xfa, 0xff, 0xfa, 0xfa, 0xfa, 0xff,
  0xfa, 0xfa, 0xfa, 0xff, 0xfa, 0xfa, 0xfa, 0xff, 0xfa, 0xfa, 0xfa, 0xff,
  0xfa, 0xfa, 0xfa, 0xff, 0xfa, 0xfa, 0xfb, 0xff, 0xfa, 0xfa, 0xfb, 0xff,
  0xfa, 0xfa, 0xfb, 0xff, 0xfa, 0xfa, 0xfb, 0xff, 0xfa, 0xfa, 0xfb, 0xff,
  0xfa, 0xfa, 0xfb, 0xff, 0xfa, 0xfa, 0xfb, 0xff, 0xfa, 0xfa, 0xfb, 0xff,
  0xfa, 0xfa, 0xfa, 0xff, 0xfa, 0xfa, 0xfb, 0xff, 0xfa, 0xfa, 0xfa, 0xff,
  0xfa, 0xfa, 0xfa, 0xff, 0xfa, 0xfa, 0xfa, 0xff, 0xfa, 0xfa, 0xfa, 0xff,
  0xfa, 0xfa, 0xfa, 0xff, 0xfa, 0xfa, 0xfa, 0xff, 0xfa, 0xfa, 0xfa, 0xff,
  0xfa, 0xfa, 0xfa, 0xff, 0xfa, 0xfb, 0xfa, 0xff, 0xfa, 0xfa, 0xfa, 0xff,
  0xfa, 0xfa, 0xfa, 0xff, 0xfa, 0xfa, 0xfa, 0xff, 0xfa, 0xfa, 0xfa, 0xff,
  0xfa, 0xfa, 0xfa, 0xff, 0xfa, 0xfa, 0xfa, 0xff, 0xfa, 0xfa, 0xfa, 0xff,
  0xfa, 0xfa, 0xfa, 0xff, 0xfa, 0xfa, 0xfa, 0xff, 0xfa, 0xfa, 0xfa, 0xff,
  0xfa, 0xfa, 0xfa, 0xff, 0xfa, 0xfa, 0xfa, 0xff, 0xfa, 0xfa, 0xfa, 0xff,
  0xfa, 0xfa, 0xfa, 0xff, 0xfa, 0xfa, 0xfa, 0xff, 0xfa, 0xfa, 0xfa, 0xff,
  0xfa, 0xfa, 0xfa, 0xff, 0xfa, 0xfa, 0xfa, 0xff, 0xfa, 0xfa, 0xfa, 0xff,
  0xfa, 0xfb, 0xfa, 0xff, 0xfb, 0xfa, 0xfa, 0xff, 0xfa, 0xfa, 0xfa, 0xff,
  0xfa, 0xfa, 0xfa, 0xff, 0xfa, 0xfb, 0xfb, 0xff, 0xfa, 0xfa, 0xfa, 0xe1,
  0xfa, 0xfa, 0xfa, 0xaa, 0xfa, 0xfa, 0xfa, 0x6a, 0xfa, 0xfa, 0xfa, 0x22,
  0xfa, 0xfa, 0xfa, 0x00, 0xfa, 0xfa, 0xfa, 0x00, 0xfa, 0xfa, 0xfa, 0x00,
  0xfa, 0xfa, 0xfa, 0x00, 0xfa, 0xfa, 0xfa, 0x00, 0xfa, 0xfa, 0xfa, 0x00,
  0xfa, 0xfa, 0xfa, 0x00, 0xfa, 0xfa, 0xfa, 0x00, 0xfa, 0xfa, 0xfa, 0x00,
  0xfa, 0xfa, 0xfa, 0x00, 0xfa, 0xfa, 0xfa, 0x00, 0xfa, 0xfa, 0xfa, 0x00,
  0xfa, 0xfa, 0xfa, 0x00, 0xfa, 0xfa, 0xfa, 0x00, 0xfa, 0xfa, 0xfa, 0x00,
  0xfa, 0xfa, 0xfa, 0x00, 0xfa, 0xfa, 0xfa, 0x00, 0xfa, 0xfa, 0xfa, 0x00,
  0xfa, 0xfa, 0xfa, 0x00, 0xfa, 0xfa, 0xfa, 0x00, 0xfa, 0xfa, 0xfa, 0x00,
  0xfa, 0xfa, 0xfa, 0x00, 0xfa, 0xfa, 0xfa, 0x00, 0xfa, 0xfa, 0xfa, 0x00,
  0xfa, 0xfa, 0xfa, 0x00, 0xfa, 0xfa, 0xfa, 0x00, 0xfa, 0xfa, 0xfa, 0x00,
  0xfa, 0xfa, 0xfa, 0x00, 0xfa, 0xfa, 0xfa, 0x00, 0xfa, 0xfa, 0xfa, 0x00,
  0xfa, 0xfa, 0xfa, 0x00, 0xfa, 0xfa, 0xfa, 0x00, 0xfa, 0xfa, 0xfa, 0x00,
  0xfa, 0xfa, 0xfa, 0x00, 0xfa, 0xfa, 0xfb, 0x00, 0xfa, 0xfa, 0xfa, 0x00,
  0xfa, 0xfa, 0xfa, 0x00, 0xfa, 0xfa, 0xfb, 0x00, 0xfa, 0xfa, 0xfa, 0x00,
  0xfa, 0xfa, 0xfa, 0x09, 0xfa, 0xfa, 0xfa, 0x6a, 0xfa, 0xfa, 0xfa, 0xc3,
  0xfa, 0xfa, 0xfa, 0xff, 0xfa, 0xfa, 0xfa, 0xff, 0xfa, 0xfa, 0xfa, 0xff,
  0xfa, 0xfa, 0xfa, 0xff, 0xfa, 0xfa, 0xfa, 0xff, 0xfa, 0xfa, 0xfa, 0xff,
  0xfa, 0xfa, 0xfa, 0xff, 0xfa, 0xfa, 0xfa, 0xff, 0xfb, 0xfb, 0xfa, 0xff,
  0xfa, 0xfa, 0xfa, 0xff, 0xfa, 0xfa, 0xfa, 0xff, 0xfa, 0xfa, 0xfa, 0xff,
  0xfa, 0xfa, 0xfa, 0xff, 0xfa, 0xfa, 0xfa, 0xff, 0xfa, 0xfa, 0xfb, 0xff,
  0xfa, 0xfa, 0xfb, 0xff, 0xfa, 0xfa, 0xfa, 0xff, 0xfa, 0xfa, 0xfa, 0xff,
  0xfa, 0xfa, 0xfa, 0xff, 0xfa, 0xfa, 0xfb, 0xff, 0xfa, 0xfa, 0xfb, 0xff,
  0xfa, 0xfa, 0xfb, 0xff, 0xfa, 0xfa, 0xfb, 0xff, 0xfa, 0xfa, 0xfb, 0xff,
  0xfa, 0xfa, 0xfb, 0xff, 0xfa, 0xfa, 0xfb, 0xff, 0xfa, 0xfa, 0xfb, 0xff,
  0xfa, 0xfa, 0xfb, 0xff, 0xfa, 0xfa, 0xfb, 0xff, 0xfb, 0xfb, 0xfa, 0xff,
  0xfa, 0xfa, 0xfa, 0xff, 0xfa, 0xfa, 0xfb, 0xff, 0xfa, 0xfa, 0xfb, 0xff,
  0xfa, 0xfa, 0xfa, 0xff, 0xfa, 0xfa, 0xfa, 0xff, 0xfa, 0xfa, 0xfa, 0xff,
  0xfa, 0xfa, 0xfa, 0xff, 0xfa, 0xfa, 0xfb, 0xff, 0xfa, 0xfa, 0xfa, 0xff,
  0xfa, 0xfa, 0xfa, 0xff, 0xfa, 0xfa, 0xfa, 0xff, 0xfa, 0xfa, 0xfa, 0xff,
  0xfa, 0xfa, 0xfa, 0xff, 0xfa, 0xfa, 0xfa, 0xff, 0xfa, 0xfa, 0xfa, 0xff,
  0xfa, 0xfa, 0xfa, 0xff, 0xfa, 0xfa, 0xfa, 0xff, 0xfa, 0xfa, 0xfa, 0xff,
  0xfa, 0xfa, 0xfa, 0xff, 0xfa, 0xfa, 0xfb, 0xff, 0xfa, 0xfa, 0xfb, 0xff,
  0xfa, 0xfa, 0xfa, 0xff, 0xfa, 0xfa, 0xfa, 0xff, 0xfa, 0xfa, 0xfa, 0xff,
  0xfa, 0xfa, 0xfa, 0xff, 0xfa, 0xfa, 0xfa, 0xff, 0xfa, 0xfa, 0xfa, 0xff,
  0xfa, 0xfa, 0xfa, 0xff, 0xfa, 0xfa, 0xfa, 0xff, 0xfa, 0xfa, 0xfa, 0xff,
  0xfa, 0xfa, 0xfa, 0xff, 0xfa, 0xfa, 0xfa, 0xff, 0xfa, 0xfa, 0xfa, 0xff,
  0xfa, 0xfa, 0xfa, 0xff, 0xfa, 0xfa, 0xfa, 0xff, 0xfa, 0xfa, 0xfa, 0xff,
  0xfa, 0xfa, 0xfa, 0xc3, 0xfa, 0xfa, 0xfa, 0x6a, 0xfa, 0xfa, 0xfa, 0x09,
  0xfa, 0xfa, 0xfa, 0x00, 0xfa, 0xfa, 0xfa, 0x00, 0xfa, 0xfa, 0xfa, 0x00,
  0xfa, 0xfa, 0xfa, 0x00, 0xfa, 0xfa, 0xfa, 0x00, 0xfa, 0xfa, 0xfa, 0x00,
  0xfa, 0xfa, 0xfa, 0x00, 0xfa, 0xfa, 0xfa, 0x00, 0xfa, 0xfa, 0xfa, 0x00,
  0xfa, 0xfa, 0xfa, 0x00, 0xfa, 0xfa, 0xfa, 0x00, 0xfa, 0xfa, 0xfa, 0x00,
  0xfa, 0xfa, 0xfa, 0x00, 0xfa, 0xfa, 0xfa, 0x00, 0xfa, 0xfa, 0xfa, 0x00,
  0xfa, 0xfa, 0xfa, 0x00, 0xfa, 0xfb, 0xfa, 0x00, 0xfa, 0xfa, 0xfa, 0x00,
  0xfa, 0xfa, 0xfa, 0x00, 0xfa, 0xfa, 0xfa, 0x00, 0xfa, 0xfa, 0xfa, 0x00,
  0xfa, 0xfa, 0xfa, 0x00, 0xfa, 0xfa, 0xfa, 0x00, 0xfa, 0xfa, 0xfa, 0x00,
  0xfa, 0xfa, 0xfa, 0x00, 0xfa, 0xfa, 0xfa, 0x00, 0xfa, 0xfa, 0xfa, 0x00,
  0xfa, 0xfa, 0xfa, 0x00, 0xfa, 0xfa, 0xfa, 0x00, 0xfa, 0xfa, 0xfa, 0x00,
  0xfa, 0xfa, 0xfa, 0x00, 0xfa, 0xfa, 0xfa, 0x00, 0xfa, 0xfa, 0xfa, 0x00,
  0xfa, 0xfa, 0xfa, 0x00, 0xfa, 0xfa, 0xfa, 0x15, 0xfa, 0xfa, 0xfa, 0x88,
  0xfa, 0xfa, 0xfa, 0xf3, 0xfa, 0xfa, 0xfa, 0xff, 0xfa, 0xfa, 0xfa, 0xff,
  0xfa, 0xfa, 0xfa, 0xff, 0xfa, 0xfa, 0xfa, 0xff, 0xfa, 0xfa, 0xfa, 0xff,
  0xfa, 0xfa, 0xfa, 0xff, 0xfa, 0xfa, 0xfa, 0xff, 0xfa, 0xfa, 0xfa, 0xff,
  0xfa, 0xfa, 0xfa, 0xff, 0xfa, 0xfa, 0xfa, 0xff, 0xfa, 0xfa, 0xfa, 0xff,
  0xfa, 0xfa, 0xfa, 0xff, 0xfa, 0xfa, 0xfa, 0xff, 0xfa, 0xfa, 0xfa, 0xff,
  0xfa, 0xfa, 0xfa, 0xff, 0xfa, 0xfa, 0xfa, 0xff, 0xfa, 0xfa, 0xfa, 0xff,
  0xfa, 0xfa, 0xfb, 0xff, 0xfa, 0xfa, 0xfb, 0xff, 0xfa, 0xfa, 0xfa, 0xff,
  0xfa, 0xfa, 0xfa, 0xff, 0xfa, 0xfa, 0xfa, 0xff, 0xfa, 0xfa, 0xfa, 0xff,
  0xfa, 0xfa, 0xfa, 0xff, 0xfa, 0xfa, 0xfa, 0xff, 0xfa, 0xfa, 0xfa, 0xff,
  0xfa, 0xfa, 0xfa, 0xff, 0xfa, 0xfa, 0xfa, 0xff, 0xfa, 0xfa, 0xfa, 0xff,
  0xfa, 0xfa, 0xfa, 0xff, 0xfa, 0xfa, 0xfb, 0xff, 0xfa, 0xfa, 0xfb, 0xff,
  0xfa, 0xfa, 0xfa, 0xff, 0xfa, 0xfa, 0xfa, 0xff, 0xfa, 0xfa, 0xfa, 0xff,
  0xfa, 0xfa, 0xfa, 0xff, 0xfa, 0xfa, 0xfa, 0xff, 0xfa, 0xfa, 0xfa, 0xff,
  0xfa, 0xfa, 0xfa, 0xff, 0xfa, 0xfa, 0xfa, 0xff, 0xfa, 0xfa, 0xfa, 0xff,
  0xfa, 0xfa, 0xfa, 0xff, 0xfa, 0xfa, 0xfa, 0xff, 0xfa, 0xfa, 0xfa, 0xff,
  0xfa, 0xfa, 0xfa, 0xff, 0xfa, 0xfa, 0xfa, 0xff, 0xfa, 0xfa, 0xfa, 0xff,
  0xfa, 0xfa, 0xfa, 0xff, 0xfa, 0xfa, 0xfa, 0xff, 0xfa, 0xfa, 0xfa, 0xff,
  0xfa, 0xfa, 0xfa, 0xff, 0xfa, 0xfa, 0xfa, 0xff, 0xfa, 0xfa, 0xfa, 0xff,
  0xfa, 0xfa, 0xfa, 0xff, 0xfa, 0xfa, 0xfa, 0xff, 0xfa, 0xfa, 0xfa, 0xff,
  0xfa, 0xfa, 0xfb, 0xff, 0xfa, 0xfa, 0xfa, 0xff, 0xfa, 0xfa, 0xfa, 0xff,
  0xfa, 0xfa, 0xfa, 0xff, 0xfa, 0xfa, 0xfa, 0xff, 0xfa, 0xfa, 0xfa, 0xff,
  0xfa, 0xfa, 0xfa, 0xff, 0xfa, 0xfa, 0xfa, 0xff, 0xfa, 0xfa, 0xfa, 0xff,
  0xfa, 0xfa, 0xfa, 0xff, 0xfa, 0xfa, 0xfa, 0xff, 0xfa, 0xfa, 0xfa, 0xff,
  0xfa, 0xfa, 0xfa, 0xff, 0xfa, 0xfa, 0xfa, 0xff, 0xfa, 0xfa, 0xfa, 0xf3,
  0xfa, 0xfa, 0xfa, 0x88, 0xfa, 0xfa, 0xfa, 0x15, 0xfa, 0xfa, 0xfa, 0x00,
  0xfa, 0xfa, 0xfa, 0x00, 0xfa, 0xfa, 0xfa, 0x00, 0xfa, 0xfa, 0xfa, 0x00,
  0xfa, 0xfa, 0xfa, 0x00, 0xfa, 0xfa, 0xfa, 0x00, 0xfa, 0xfa, 0xfa, 0x00,
  0xfa, 0xfa, 0xfa, 0x00, 0xfa, 0xfa, 0xfa, 0x00, 0xfa, 0xfa, 0xfa, 0x00,
  0xfa, 0xfa, 0xfa, 0x00, 0xfa, 0xfa, 0xfa, 0x00, 0xfa, 0xfa, 0xfa, 0x00,
  0xfa, 0xfa, 0xfa, 0x00, 0xfa, 0xfa, 0xfa, 0x00, 0xfa, 0xfa, 0xfa, 0x00,
  0xfa, 0xfa, 0xfa, 0x00, 0xfa, 0xfa, 0xfa, 0x00, 0xfa, 0xfa, 0xfa, 0x00,
  0xfa, 0xfa, 0xfa, 0x00, 0xfa, 0xfa, 0xfa, 0x00, 0xfa, 0xfa, 0xfa, 0x00,
  0xfa, 0xfa, 0xfa, 0x00, 0xfa, 0xfa, 0xfa, 0x00, 0xfa, 0xfa, 0xfa, 0x00,
  0xfa, 0xfa, 0xfa, 0x00, 0xfa, 0xfa, 0xfa, 0x00, 0xfa, 0xfa, 0xfa, 0x00,
  0xfa, 0xfa, 0xfa, 0x00, 0xfa, 0xfa, 0xfa, 0x00, 0xfa, 0xfa, 0xfa, 0x00,
  0xfa, 0xfa, 0xfa, 0x7b, 0xfa, 0xfa, 0xfa, 0xf7, 0xfa, 0xfa, 0xfa, 0xff,
  0xfa, 0xfa, 0xfa, 0xff, 0xfa, 0xfa, 0xfa, 0xff, 0xfa, 0xfa, 0xfa, 0xff,
  0xfa, 0xfa, 0xfa, 0xff, 0xfa, 0xfa, 0xfa, 0xff, 0xfa, 0xfa, 0xfa, 0xff,
  0xfa, 0xfa, 0xfa, 0xff, 0xfa, 0xfa, 0xfa, 0xff, 0xfa, 0xfa, 0xfa, 0xff,
  0xfa, 0xfa, 0xfa, 0xff, 0xfa, 0xfa, 0xfa, 0xff, 0xfa, 0xfa, 0xfa, 0xff,
  0xfa, 0xfa, 0xfa, 0xff, 0xfa, 0xfa, 0xfa, 0xff, 0xfa, 0xfa, 0xfa, 0xff,
  0xfa, 0xfa, 0xfa, 0xff, 0xfa, 0xfa, 0xfa, 0xff, 0xfa, 0xfa, 0xfa, 0xff,
  0xfa, 0xfa, 0xfa, 0xff, 0xfa, 0xfa, 0xfa, 0xff, 0xfa, 0xfa, 0xfb, 0xff,
  0xfa, 0xfa, 0xfa, 0xff, 0xfa, 0xfa, 0xfa, 0xff, 0xfa, 0xfa, 0xfa, 0xff,
  0xfa, 0xfa, 0xfa, 0xff, 0xfa, 0xfa, 0xfa, 0xff, 0xfa, 0xfa, 0xfa, 0xff,
  0xfa, 0xfa, 0xfa, 0xff, 0xfa, 0xfa, 0xfa, 0xff, 0xfa, 0xfa, 0xfa, 0xff,
  0xfa, 0xfa, 0xfa, 0xff, 0xfa, 0xfa, 0xfa, 0xff, 0xfa, 0xfa, 0xfa, 0xff,
  0xfa, 0xfa, 0xfa, 0xff, 0xfa, 0xfa, 0xfa, 0xff, 0xfa, 0xfa, 0xfa, 0xff,
  0xfa, 0xfa, 0xfa, 0xff, 0xfa, 0xfa, 0xfa, 0xff, 0xfa, 0xfa, 0xfa, 0xff,
  0xfa, 0xfa, 0xfa, 0xff, 0xfa, 0xfa, 0xfa, 0xff, 0xfa, 0xfa, 0xfa, 0xff,
  0xfa, 0xfa, 0xfa, 0xff, 0xfa, 0xfa, 0xfa, 0xff, 0xfa, 0xfa, 0xfa, 0xff,
  0xfa, 0xfa, 0xfa, 0xff, 0xfa, 0xfa, 0xfa, 0xff, 0xfa, 0xfa, 0xfa, 0xff,
  0xfa, 0xfa, 0xfa, 0xff, 0xfa, 0xfa, 0xfa, 0xff, 0xfa, 0xfa, 0xfa, 0xff,
  0xfb, 0xfb, 0xfb, 0xff, 0xfa, 0xfa, 0xfa, 0xff, 0xfa, 0xfa, 0xfa, 0xff,
  0xfa, 0xfa, 0xfa, 0xff, 0xfa, 0xfa, 0xfa, 0xff, 0xfa, 0xfa, 0xfa, 0xff,
  0xfa, 0xfa, 0xfa, 0xff, 0xfa, 0xfa, 0xfa, 0xff, 0xfa, 0xfa, 0xfa, 0xff,
  0xfa, 0xfa, 0xfa, 0xff, 0xfa, 0xfa, 0xfa, 0xff, 0xfa, 0xfa, 0xfa, 0xff,
  0xfa, 0xfa, 0xfa, 0xff, 0xfa, 0xfa, 0xfa, 0xff, 0xfa, 0xfa, 0xfa, 0xff,
  0xfa, 0xfa, 0xfa, 0xff, 0xfa, 0xfa, 0xfa, 0xff, 0xfa, 0xfa, 0xfa, 0xff,
  0xfa, 0xfa, 0xfa, 0xff, 0xfa, 0xfa, 0xfa, 0xff, 0xfa, 0xfa, 0xfa, 0xff,
  0xfa, 0xfa, 0xfa, 0xff, 0xfa, 0xfa, 0xfa, 0xf7, 0xfa, 0xfa, 0xfa, 0x7b,
  0xfa, 0xfa, 0xfa, 0x00, 0xfa, 0xfa, 0xfa, 0x00, 0xfa, 0xfa, 0xfa, 0x00,
  0xfa, 0xfa, 0xfa, 0x00, 0xfa, 0xfa, 0xfa, 0x00, 0xfa, 0xfa, 0xfa, 0x00,
  0xfa, 0xfa, 0xfa, 0x00, 0xfa, 0xfa, 0xfa, 0x00, 0xfa, 0xfa, 0xfa, 0x00,
  0xfa, 0xfa, 0xfa, 0x00, 0xfa, 0xfa, 0xfa, 0x00, 0xfa, 0xfa, 0xfa, 0x00,
  0xfa, 0xfa, 0xfa, 0x00, 0xfa, 0xfa, 0xfa, 0x00, 0xfa, 0xfa, 0xfa, 0x00,
  0xfa, 0xfa, 0xfa, 0x00, 0xfa, 0xfa, 0xfa, 0x00, 0xfa, 0xfa, 0xfa, 0x00,
  0xfa, 0xfa, 0xfa, 0x00, 0xfa, 0xfa, 0xfa, 0x00, 0xfa, 0xfa, 0xfa, 0x00,
  0xfa, 0xfa, 0xfa, 0x00, 0xfa, 0xfa, 0xfa, 0x00, 0xfa, 0xfa, 0xfa, 0x00,
  0xfa, 0xfa, 0xfa, 0x00, 0xfa, 0xfa, 0xfa, 0x00, 0xfa, 0xfa, 0xfa, 0x00,
  0xfa, 0xfa, 0xfa, 0x00, 0xfa, 0xfa, 0xfa, 0x44, 0xfa, 0xfa, 0xfa, 0xd0,
  0xfa, 0xfa, 0xfa, 0xff, 0xfa, 0xfa, 0xfa, 0xff, 0xfa, 0xfa, 0xfa, 0xff,
  0xfa, 0xfa, 0xfa, 0xff, 0xfa, 0xfa, 0xfa, 0xff, 0xfa, 0xfa, 0xfa, 0xff,
  0xfa, 0xfa, 0xfa, 0xff, 0xfa, 0xfa, 0xfa, 0xff, 0xfa, 0xfa, 0xfa, 0xff,
  0xfa, 0xfa, 0xfa, 0xff, 0xfa, 0xfa, 0xfa, 0xff, 0xfa, 0xfa, 0xfa, 0xff,
  0xfa, 0xfa, 0xfa, 0xff, 0xfa, 0xfa, 0xfa, 0xff, 0xfa, 0xfa, 0xfa, 0xff,
  0xfa, 0xfa, 0xfa, 0xff, 0xfa, 0xfa, 0xfa, 0xff, 0xfa, 0xfa, 0xfa, 0xff,
  0xfa, 0xfa, 0xfa, 0xff, 0xfa, 0xfa, 0xfa, 0xff, 0xfa, 0xfa, 0xfa, 0xff,
  0xfa, 0xfa, 0xfa, 0xff, 0xfa, 0xfa, 0xfa, 0xff, 0xfa, 0xfa, 0xfa, 0xff,
  0xfa, 0xfa, 0xfa, 0xff, 0xfa, 0xfa, 0xfa, 0xff, 0xfa, 0xfa, 0xfa, 0xff,
  0xfa, 0xfa, 0xfa, 0xff, 0xfa, 0xfa, 0xfa, 0xff, 0xfa, 0xfa, 0xfa, 0xff,
  0xfa, 0xfa, 0xfa, 0xff, 0xfa, 0xfa, 0xfa, 0xff, 0xfa, 0xfa, 0xfa, 0xff,
  0xfa, 0xfa, 0xfa, 0xff, 0xfa, 0xfa, 0xfa, 0xff, 0xfa, 0xfa, 0xfa, 0xff,
  0xfa, 0xfa, 0xfa, 0xff, 0xfa, 0xfa, 0xfa, 0xff, 0xfa, 0xfa, 0xfb, 0xff,
  0xfa, 0xfa, 0xfa, 0xff, 0xfa, 0xfa, 0xfb, 0xff, 0xfa, 0xfa, 0xfa, 0xff,
  0xfa, 0xfa, 0xfb, 0xff, 0xfa, 0xfa, 0xfa, 0xff, 0xfa, 0xfa, 0xfa, 0xff,
  0xfa, 0xfa, 0xfa, 0xff, 0xfa, 0xfa, 0xfa, 0xff, 0xfa, 0xfa, 0xfa, 0xff,
  0xfa, 0xfa, 0xfa, 0xff, 0xfa, 0xfa, 0xfa, 0xff, 0xfa, 0xfa, 0xfb, 0xff,
  0xfa, 0xfa, 0xfa, 0xff, 0xfa, 0xfa, 0xfa, 0xff, 0xfa, 0xfa, 0xfb, 0xff,
  0xfa, 0xfa, 0xfa, 0xff, 0xfa, 0xfa, 0xfa, 0xff, 0xfa, 0xfa, 0xfa, 0xff,
  0xfa, 0xfa, 0xfa, 0xff, 0xfa, 0xfa, 0xfa, 0xff, 0xfa, 0xfa, 0xfa, 0xff,
  0xfa, 0xfa, 0xfa, 0xff, 0xfa, 0xfa, 0xfa, 0xff, 0xfa, 0xfa, 0xfa, 0xff,
  0xfa, 0xfa, 0xfa, 0xff, 0xfa, 0xfa, 0xfa, 0xff, 0xfa, 0xfa, 0xfa, 0xff,
  0xfa, 0xfa, 0xfa, 0xff, 0xfa, 0xfa, 0xfa, 0xff, 0xfa, 0xfa, 0xfb, 0xff,
  0xfa, 0xfa, 0xfa, 0xff, 0xfa, 0xfa, 0xfa, 0xff, 0xfa, 0xfa, 0xfa, 0xff,
  0xfa, 0xfa, 0xfa, 0xff, 0xfa, 0xfa, 0xfa, 0xff, 0xfa, 0xfa, 0xfa, 0xff,
  0xfa, 0xfa, 0xfa, 0xff, 0xfa, 0xfa, 0xfa, 0xff, 0xfa, 0xfa, 0xfa, 0xff,
  0xfa, 0xfa, 0xfa, 0xd0, 0xfa, 0xfa, 0xfa, 0x44, 0xfa, 0xfa, 0xfa, 0x00,
  0xfa, 0xfa, 0xfa, 0x00, 0xfa, 0xfa, 0xfa, 0x00, 0xfa, 0xfa, 0xfa, 0x00,
  0xfa, 0xfa, 0xfa, 0x00, 0xfa, 0xfa, 0xfa, 0x00, 0xfa, 0xfa, 0xfa, 0x00,
  0xfa, 0xfa, 0xfa, 0x00, 0xfa, 0xfa, 0xfa, 0x00, 0xfa, 0xfa, 0xfa, 0x00,
  0xfa, 0xfa, 0xfa, 0x00, 0xfa, 0xfa, 0xfa, 0x00, 0xfa, 0xfa, 0xfa, 0x00,
  0xfa, 0xfa, 0xfa, 0x00, 0xfa, 0xfa, 0xfa, 0x00, 0xfa, 0xfa, 0xfa, 0x00,
  0xfa, 0xfa, 0xfa, 0x00, 0xfa, 0xfa, 0xfa, 0x00, 0xfa, 0xfa, 0xfa, 0x00,
  0xfa, 0xfa, 0xfa, 0x00, 0xfa, 0xfa, 0xfa, 0x00, 0xfa, 0xfa, 0xfa, 0x00,
  0xfa, 0xfa, 0xfa, 0x00, 0xfa, 0xfa, 0xfa, 0x00, 0xfa, 0xfa, 0xfa, 0x00,
  0xfa, 0xfa, 0xfa, 0x7f, 0xfa, 0xfa, 0xfa, 0xff, 0xfa, 0xfa, 0xfa, 0xff,
  0xfa, 0xfa, 0xfa, 0xff, 0xfa, 0xfa, 0xfa, 0xff, 0xfa, 0xfa, 0xfa, 0xff,
  0xfa, 0xfa, 0xfa, 0xff, 0xfa, 0xfa, 0xfa, 0xff, 0xfa, 0xfa, 0xfa, 0xff,
  0xfa, 0xfa, 0xfb, 0xff, 0xfa, 0xfa, 0xfa, 0xff, 0xfa, 0xfa, 0xfa, 0xff,
  0xfa, 0xfa, 0xfa, 0xff, 0xfa, 0xfa, 0xfa, 0xff, 0xf9, 0xfa, 0xfa, 0xff,
  0xf9, 0xfa, 0xfa, 0xff, 0xf9, 0xfa, 0xfa, 0xff, 0xfa, 0xfa, 0xfa, 0xff,
  0xfa, 0xfa, 0xfa, 0xff, 0xfa, 0xfa, 0xfa, 0xff, 0xfa, 0xfa, 0xfa, 0xff,
  0xfa, 0xfa, 0xfa, 0xff, 0xfa, 0xfa, 0xfa, 0xff, 0xf9, 0xfa, 0xfa, 0xff,
  0xfa, 0xfa, 0xfa, 0xff, 0xfa, 0xfa, 0xfa, 0xff, 0xfa, 0xfa, 0xfa, 0xff,
  0xf9, 0xfa, 0xfa, 0xff, 0xfa, 0xfa, 0xfa, 0xff, 0xfa, 0xfa, 0xfa, 0xff,
  0xfa, 0xfa, 0xfa, 0xff, 0xfa, 0xfa, 0xfa, 0xff, 0xfa, 0xfa, 0xfa, 0xff,
  0xfa, 0xfa, 0xfa, 0xff, 0xfa, 0xfa, 0xfa, 0xff, 0xfa, 0xfa, 0xfa, 0xff,
  0xf9, 0xfa, 0xfa, 0xff, 0xfa, 0xfa, 0xfa, 0xff, 0xfa, 0xfa, 0xfa, 0xff,
  0xfa, 0xfa, 0xfa, 0xff, 0xfa, 0xfa, 0xfa, 0xff, 0xfa, 0xfa, 0xfa, 0xff,
  0xfa, 0xfa, 0xfa, 0xff, 0xfa, 0xfa, 0xfa, 0xff, 0xfa, 0xfa, 0xfa, 0xff,
  0xfa, 0xfa, 0xfa, 0xff, 0xfa, 0xfa, 0xfa, 0xff, 0xfa, 0xfa, 0xfa, 0xff,
  0xfa, 0xfa, 0xfa, 0xff, 0xfa, 0xfa, 0xfa, 0xff, 0xfa, 0xfa, 0xfa, 0xff,
  0xfa, 0xfa, 0xfa, 0xff, 0xfa, 0xfa, 0xfa, 0xff, 0xfa, 0xfa, 0xfa, 0xff,
  0xfa, 0xfa, 0xfa, 0xff, 0xfa, 0xfa, 0xfa, 0xff, 0xfa, 0xfa, 0xfa, 0xff,
  0xf9, 0xfa, 0xfa, 0xff, 0xf9, 0xf9, 0xfa, 0xff, 0xf9, 0xf9, 0xfa, 0xff,
  0xfa, 0xf9, 0xfa, 0xff, 0xfa, 0xfa, 0xfa, 0xff, 0xfa, 0xfa, 0xfa, 0xff,
  0xfa, 0xfa, 0xfa, 0xff, 0xfa, 0xfa, 0xfa, 0xff, 0xfa, 0xfa, 0xfa, 0xff,
  0xfa, 0xfa, 0xfa, 0xff, 0xfa, 0xfa, 0xfa, 0xff, 0xfa, 0xfa, 0xfa, 0xff,
  0xfa, 0xfa, 0xfa, 0xff, 0xfa, 0xfa, 0xfa, 0xff, 0xfa, 0xfa, 0xfa, 0xff,
  0xfa, 0xfa, 0xfa, 0xff, 0xfa, 0xfa, 0xfa, 0xff, 0xfa, 0xfa, 0xfa, 0xff,
  0xfa, 0xfa, 0xfa, 0xff, 0xfa, 0xfa, 0xfa, 0xff, 0xfa, 0xfa, 0xfa, 0xff,
  0xfa, 0xfa, 0xfa, 0xff, 0xfa, 0xfa, 0xfa, 0xff, 0xfa, 0xfa, 0xfa, 0xff,
  0xfa, 0xfa, 0xfa, 0xff, 0xfa, 0xfa, 0xfa, 0xff, 0xfa, 0xfa, 0xfa, 0x7f,
  0xfa, 0xfa, 0xfa, 0x00, 0xfa, 0xfa, 0xfa, 0x00, 0xfa, 0xfa, 0xfa, 0x00,
  0xfa, 0xfa, 0xfa, 0x00, 0xfa, 0xfa, 0xfa, 0x00, 0xfa, 0xfa, 0xfa, 0x00,
  0xfa, 0xfa, 0xfa, 0x00, 0xfa, 0xfa, 0xfa, 0x00, 0xfa, 0xfa, 0xfa, 0x00,
  0xfa, 0xfa, 0xfb, 0x00, 0xfa, 0xfa, 0xfa, 0x00, 0xfa, 0xfa, 0xfa, 0x00,
  0xfa, 0xfa, 0xfa, 0x00, 0xfa, 0xfa, 0xfa, 0x00, 0xfa, 0xfa, 0xfa, 0x00,
  0xfa, 0xfa, 0xfa, 0x00, 0xfa, 0xfa, 0xfa, 0x00, 0xfa, 0xfa, 0xfa, 0x00,
  0xfa, 0xfa, 0xfa, 0x00, 0xfa, 0xfa, 0xfa, 0x00, 0xfa, 0xfa, 0xfb, 0x00,
  0xfa, 0xfa, 0xfa, 0x00, 0xfa, 0xfa, 0xfa, 0x05, 0xfa, 0xfa, 0xfa, 0xaa,
  0xfa, 0xfa, 0xfa, 0xff, 0xfa, 0xfa, 0xfa, 0xff, 0xfa, 0xfa, 0xfa, 0xff,
  0xfa, 0xfa, 0xfa, 0xff, 0xfa, 0xfa, 0xfa, 0xff, 0xfa, 0xfa, 0xfa, 0xff,
  0xfa, 0xfa, 0xfb, 0xff, 0xfa, 0xfa, 0xfa, 0xff, 0xf9, 0xf9, 0xf9, 0xff,
  0xf8, 0xf8, 0xf9, 0xff, 0xf7, 0xf7, 0xf7, 0xff, 0xf6, 0xf6, 0xf7, 0xff,
  0xf6, 0xf6, 0xf7, 0xff, 0xf7, 0xf7, 0xf7, 0xff, 0xf6, 0xf6, 0xf7, 0xff,
  0xf7, 0xf7, 0xf7, 0xff, 0xf6, 0xf7, 0xf7, 0xff, 0xf6, 0xf6, 0xf6, 0xff,
  0xf6, 0xf6, 0xf7, 0xff, 0xf6, 0xf6, 0xf7, 0xff, 0xf6, 0xf6, 0xf7, 0xff,
  0xf7, 0xf6, 0xf6, 0xff, 0xf6, 0xf6, 0xf6, 0xff, 0xf6, 0xf7, 0xf7, 0xff,
  0xf7, 0xf7, 0xf7, 0xff, 0xf7, 0xf7, 0xf7, 0xff, 0xf7, 0xf7, 0xf7, 0xff,
  0xf7, 0xf7, 0xf7, 0xff, 0xf7, 0xf7, 0xf7, 0xff, 0xf7, 0xf7, 0xf7, 0xff,
  0xf7, 0xf7, 0xf7, 0xff, 0xf6, 0xf6, 0xf7, 0xff, 0xf6, 0xf6, 0xf7, 0xff,
  0xf6, 0xf6, 0xf7, 0xff, 0xf6, 0xf6, 0xf6, 0xff, 0xf6, 0xf6, 0xf6, 0xff,
  0xf6, 0xf6, 0xf6, 0xff, 0xf6, 0xf6, 0xf7, 0xff, 0xf7, 0xf7, 0xf7, 0xff,
  0xf6, 0xf6, 0xf7, 0xff, 0xf6, 0xf6, 0xf6, 0xff, 0xf7, 0xf6, 0xf7, 0xff,
  0xf6, 0xf6, 0xf7, 0xff, 0xf6, 0xf6, 0xf7, 0xff, 0xf6, 0xf6, 0xf6, 0xff,
  0xf6, 0xf6, 0xf6, 0xff, 0xf6, 0xf6, 0xf7, 0xff, 0xf6, 0xf7, 0xf7, 0xff,
  0xf6, 0xf6, 0xf6, 0xff, 0xf6, 0xf6, 0xf6, 0xff, 0xf6, 0xf6, 0xf7, 0xff,
  0xf6, 0xf7, 0xf7, 0xff, 0xf6, 0xf7, 0xf7, 0xff, 0xf7, 0xf7, 0xf7, 0xff,
  0xf6, 0xf7, 0xf7, 0xff, 0xf6, 0xf6, 0xf7, 0xff, 0xf7, 0xf7, 0xf7, 0xff,
  0xf7, 0xf7, 0xf7, 0xff, 0xf7, 0xf7, 0xf7, 0xff, 0xf7, 0xf6, 0xf7, 0xff,
  0xf6, 0xf6, 0xf6, 0xff, 0xf6, 0xf6, 0xf6, 0xff, 0xf7, 0xf7, 0xf7, 0xff,
  0xf6, 0xf7, 0xf7, 0xff, 0xf6, 0xf6, 0xf7, 0xff, 0xf7, 0xf7, 0xf7, 0xff,
  0xf7, 0xf7, 0xf7, 0xff, 0xf6, 0xf6, 0xf7, 0xff, 0xf6, 0xf6, 0xf7, 0xff,
  0xf6, 0xf6, 0xf6, 0xff, 0xf6, 0xf7, 0xf7, 0xff, 0xf7, 0xf7, 0xf7, 0xff,
  0xf6, 0xf6, 0xf7, 0xff, 0xf7, 0xf7, 0xf7, 0xff, 0xf8, 0xf8, 0xf8, 0xff,
  0xf9, 0xf9, 0xf9, 0xff, 0xfa, 0xfa, 0xfa, 0xff, 0xfa, 0xfa, 0xfa, 0xff,
  0xfa, 0xfa, 0xfa, 0xff, 0xfa, 0xfa, 0xfa, 0xff, 0xfa, 0xfa, 0xfa, 0xff,
  0xfa, 0xfa, 0xfa, 0xff, 0xfa, 0xfa, 0xfa, 0xff, 0xfa, 0xfa, 0xfa, 0xff,
  0xfa, 0xfa, 0xfa, 0xaa, 0xfa, 0xfa, 0xfa, 0x05, 0xfa, 0xfa, 0xfa, 0x00,
  0xfa, 0xfa, 0xfa, 0x00, 0xfa, 0xfa, 0xfa, 0x00, 0xfa, 0xfa, 0xfa, 0x00,
  0xfa, 0xfa, 0xfa, 0x00, 0xfa, 0xfa, 0xfa, 0x00, 0xfa, 0xfa, 0xfa, 0x00,
  0xfa, 0xfa, 0xfa, 0x00, 0xfa, 0xfa, 0xfa, 0x00, 0xfa, 0xfa, 0xfa, 0x00,
  0xfa, 0xfa, 0xfa, 0x00, 0xfa, 0xfa, 0xfa, 0x00, 0xfa, 0xfa, 0xfa, 0x00,
  0xfa, 0xfa, 0xfa, 0x00, 0xfa, 0xfa, 0xfa, 0x00, 0xfa, 0xfa, 0xfa, 0x00,
  0xfa, 0xfa, 0xfa, 0x00, 0xfa, 0xfa, 0xfa, 0x00, 0xfa, 0xfa, 0xfa, 0x00,
  0xfa, 0xfa, 0xfa, 0x15, 0xfa, 0xfa, 0xfa, 0xc3, 0xfa, 0xfa, 0xfa, 0xff,
  0xfa, 0xfa, 0xfa, 0xff, 0xfa, 0xfa, 0xfa, 0xff, 0xfa, 0xfa, 0xfa, 0xff,
  0xfa, 0xfa, 0xfa, 0xff, 0xfa, 0xfa, 0xfa, 0xff, 0xfa, 0xfa, 0xfa, 0xff,
  0xf8, 0xf8, 0xf9, 0xff, 0xf7, 0xf7, 0xf7, 0xff, 0xf6, 0xf7, 0xf7, 0xff,
  0xf8, 0xf8, 0xf8, 0xff, 0xfa, 0xfa, 0xfa, 0xff, 0xfa, 0xfa, 0xfa, 0xff,
  0xfb, 0xfb, 0xfb, 0xff, 0xfc, 0xfc, 0xfc, 0xff, 0xfc, 0xfc, 0xfc, 0xff,
  0xfc, 0xfc, 0xfc, 0xff, 0xfc, 0xfc, 0xfc, 0xff, 0xfc, 0xfc, 0xfc, 0xff,
  0xfc, 0xfc, 0xfc, 0xff, 0xfc, 0xfc, 0xfc, 0xff, 0xfc, 0xfc, 0xfc, 0xff,
  0xfc, 0xfc, 0xfc, 0xff, 0xfc, 0xfc, 0xfc, 0xff, 0xfc, 0xfc, 0xfc, 0xff,
  0xfc, 0xfc, 0xfc, 0xff, 0xfc, 0xfc, 0xfc, 0xff, 0xfc, 0xfc, 0xfc, 0xff,
  0xfc, 0xfc, 0xfc, 0xff, 0xfc, 0xfc, 0xfc, 0xff, 0xfc, 0xfc, 0xfc, 0xff,
  0xfc, 0xfc, 0xfc, 0xff, 0xfc, 0xfc, 0xfc, 0xff, 0xfc, 0xfc, 0xfc, 0xff,
  0xfc, 0xfc, 0xfc, 0xff, 0xfc, 0xfc, 0xfc, 0xff, 0xfc, 0xfc, 0xfc, 0xff,
  0xfc, 0xfc, 0xfc, 0xff, 0xfc, 0xfc, 0xfc, 0xff, 0xfc, 0xfc, 0xfc, 0xff,
  0xfc, 0xfc, 0xfc, 0xff, 0xfc, 0xfc, 0xfc, 0xff, 0xfc, 0xfc, 0xfc, 0xff,
  0xfc, 0xfc, 0xfc, 0xff, 0xfc, 0xfc, 0xfc, 0xff, 0xfc, 0xfc, 0xfc, 0xff,
  0xfc, 0xfc, 0xfc, 0xff, 0xfc, 0xfc, 0xfc, 0xff, 0xfc, 0xfc, 0xfc, 0xff,
  0xfc, 0xfc, 0xfc, 0xff, 0xfc, 0xfc, 0xfc, 0xff, 0xfc, 0xfc, 0xfc, 0xff,
  0xfc, 0xfc, 0xfc, 0xff, 0xfc, 0xfc, 0xfc, 0xff, 0xfc, 0xfc, 0xfc, 0xff,
  0xfc, 0xfc, 0xfc, 0xff, 0xfc, 0xfc, 0xfc, 0xff, 0xfc, 0xfc, 0xfc, 0xff,
  0xfc, 0xfc, 0xfc, 0xff, 0xfc, 0xfc, 0xfc, 0xff, 0xfc, 0xfc, 0xfc, 0xff,
  0xfc, 0xfc, 0xfc, 0xff, 0xfc, 0xfc, 0xfc, 0xff, 0xfc, 0xfc, 0xfc, 0xff,
  0xfc, 0xfc, 0xfc, 0xff, 0xfc, 0xfc, 0xfc, 0xff, 0xfc, 0xfc, 0xfc, 0xff,
  0xfc, 0xfc, 0xfc, 0xff, 0xfc, 0xfc, 0xfc, 0xff, 0xfc, 0xfc, 0xfc, 0xff,
  0xfc, 0xfc, 0xfc, 0xff, 0xfc, 0xfc, 0xfc, 0xff, 0xfb, 0xfb, 0xfb, 0xff,
  0xfa, 0xfa, 0xfa, 0xff, 0xf9, 0xf9, 0xf9, 0xff, 0xf7, 0xf7, 0xf7, 0xff,
  0xf5, 0xf5, 0xf6, 0xff, 0xf6, 0xf6, 0xf6, 0xff, 0xf8, 0xf8, 0xf8, 0xff,
  0xfa, 0xfa, 0xfa, 0xff, 0xfa, 0xfa, 0xfa, 0xff, 0xfa, 0xfa, 0xfa, 0xff,
  0xfa, 0xfa, 0xfa, 0xff, 0xfa, 0xfa, 0xfa, 0xff, 0xfa, 0xfa, 0xfa, 0xff,
  0xfa, 0xfa, 0xfa, 0xff, 0xfa, 0xfa, 0xfa, 0xc3, 0xfa, 0xfa, 0xfa, 0x15,
  0xfa, 0xfa, 0xfa, 0x00, 0xfa, 0xfa, 0xfa, 0x00, 0xfa, 0xfa, 0xfa, 0x00,
  0xfa, 0xfa, 0xfa, 0x00, 0xfa, 0xfa, 0xfa, 0x00, 0xfa, 0xfa, 0xfa, 0x00,
  0xfa, 0xfa, 0xfa, 0x00, 0xfa, 0xfa, 0xfa, 0x00, 0xfa, 0xfa, 0xfa, 0x00,
  0xfa, 0xfa, 0xfa, 0x00, 0xfa, 0xfa, 0xfa, 0x00, 0xfa, 0xfa, 0xfa, 0x00,
  0xfa, 0xfa, 0xfa, 0x00, 0xfa, 0xfa, 0xfa, 0x00, 0xfa, 0xfa, 0xfa, 0x00,
  0xfa, 0xfa, 0xfa, 0x00, 0xfa, 0xfa, 0xfa, 0x00, 0xfa, 0xfa, 0xfa, 0x15,
  0xfa, 0xfa, 0xfa, 0xcc, 0xfa, 0xfa, 0xfa, 0xff, 0xfa, 0xfa, 0xfa, 0xff,
  0xfa, 0xfa, 0xfa, 0xff, 0xfa, 0xfa, 0xfa, 0xff, 0xfa, 0xfa, 0xfa, 0xff,
  0xfa, 0xfa, 0xfa, 0xff, 0xf9, 0xf9, 0xf9, 0xff, 0xf6, 0xf6, 0xf7, 0xff,
  0xf6, 0xf7, 0xf7, 0xff, 0xfa, 0xfa, 0xfa, 0xff, 0xfc, 0xfc, 0xfc, 0xff,
  0xfd, 0xfd, 0xfd, 0xff, 0xfd, 0xfe, 0xfe, 0xff, 0xfd, 0xfe, 0xfe, 0xff,
  0xfd, 0xfd, 0xfd, 0xff, 0xfd, 0xfd, 0xfd, 0xff, 0xfd, 0xfd, 0xfd, 0xff,
  0xfd, 0xfd, 0xfd, 0xff, 0xfd, 0xfd, 0xfe, 0xff, 0xfd, 0xfd, 0xfd, 0xff,
  0xfd, 0xfd, 0xfd, 0xff, 0xfd, 0xfd, 0xfd, 0xff, 0xfd, 0xfd, 0xfd, 0xff,
  0xfd, 0xfd, 0xfd, 0xff, 0xfd, 0xfd, 0xfd, 0xff, 0xfd, 0xfd, 0xfd, 0xff,
  0xfd, 0xfd, 0xfe, 0xff, 0xfd, 0xfd, 0xfd, 0xff, 0xfd, 0xfd, 0xfe, 0xff,
  0xfd, 0xfd, 0xfd, 0xff, 0xfd, 0xfd, 0xfd, 0xff, 0xfd, 0xfd, 0xfd, 0xff,
  0xfd, 0xfd, 0xfd, 0xff, 0xfd, 0xfd, 0xfd, 0xff, 0xfd, 0xfd, 0xfe, 0xff,
  0xfd, 0xfd, 0xfd, 0xff, 0xfd, 0xfd, 0xfd, 0xff, 0xfd, 0xfd, 0xfd, 0xff,
  0xfd, 0xfd, 0xfd, 0xff, 0xfd, 0xfd, 0xfd, 0xff, 0xfd, 0xfd, 0xfd, 0xff,
  0xfd, 0xfd, 0xfd, 0xff, 0xfd, 0xfd, 0xfd, 0xff, 0xfd, 0xfd, 0xfd, 0xff,
  0xfd, 0xfd, 0xfd, 0xff, 0xfd, 0xfd, 0xfd, 0xff, 0xfd, 0xfd, 0xfe, 0xff,
  0xfd, 0xfd, 0xfd, 0xff, 0xfd, 0xfd, 0xfd, 0xff, 0xfd, 0xfd, 0xfd, 0xff,
  0xfd, 0xfd, 0xfd, 0xff, 0xfd, 0xfd, 0xfd, 0xff, 0xfd, 0xfd, 0xfd, 0xff,
  0xfd, 0xfd, 0xfd, 0xff, 0xfd, 0xfd, 0xfd, 0xff, 0xfd, 0xfd, 0xfd, 0xff,
  0xfd, 0xfd, 0xfd, 0xff, 0xfd, 0xfd, 0xfd, 0xff, 0xfd, 0xfd, 0xfd, 0xff,
  0xfd, 0xfd, 0xfd, 0xff, 0xfd, 0xfd, 0xfd, 0xff, 0xfd, 0xfd, 0xfd, 0xff,
  0xfd, 0xfd, 0xfd, 0xff, 0xfd, 0xfd, 0xfe, 0xff, 0xfd, 0xfd, 0xfd, 0xff,
  0xfd, 0xfd, 0xfd, 0xff, 0xfd, 0xfd, 0xfe, 0xff, 0xfd, 0xfd, 0xfd, 0xff,
  0xfd, 0xfd, 0xfd, 0xff, 0xfd, 0xfd, 0xfd, 0xff, 0xfd, 0xfd, 0xfd, 0xff,
  0xfd, 0xfd, 0xfd, 0xff, 0xfd, 0xfd, 0xfd, 0xff, 0xfd, 0xfd, 0xfd, 0xff,
  0xfd, 0xfd, 0xfe, 0xff, 0xfd, 0xfd, 0xfd, 0xff, 0xfd, 0xfd, 0xfe, 0xff,
  0xfc, 0xfc, 0xfc, 0xff, 0xf9, 0xf9, 0xf9, 0xff, 0xf5, 0xf5, 0xf6, 0xff,
  0xf6, 0xf6, 0xf6, 0xff, 0xf9, 0xf9, 0xf9, 0xff, 0xfa, 0xfa, 0xfa, 0xff,
  0xfa, 0xfa, 0xfa, 0xff, 0xfa, 0xfa, 0xfa, 0xff, 0xfa, 0xfa, 0xfa, 0xff,
  0xfa, 0xfa, 0xfa, 0xff, 0xfa, 0xfa, 0xfa, 0xff, 0xfa, 0xfa, 0xfa, 0xcc,
  0xfa, 0xfa, 0xfa, 0x15, 0xfa, 0xfa, 0xfa, 0x00, 0xfa, 0xfa, 0xfa, 0x00,
  0xfa, 0xfa, 0xfa, 0x00, 0xfa, 0xfa, 0xfa, 0x00, 0xfa, 0xfa, 0xfa, 0x00,
  0xfa, 0xfa, 0xfa, 0x00, 0xfa, 0xfa, 0xfa, 0x00, 0xfa, 0xfa, 0xfa, 0x00,
  0xfa, 0xfa, 0xfa, 0x00, 0xfa, 0xfa, 0xfa, 0x00, 0xfa, 0xfa, 0xfa, 0x00,
  0xfa, 0xfa, 0xfa, 0x00, 0xfa, 0xfa, 0xfa, 0x00, 0xfa, 0xfa, 0xfa, 0x00,
  0xfa, 0xfa, 0xfa, 0x00, 0xfa, 0xfa, 0xfa, 0x05, 0xfa, 0xfa, 0xfa, 0xc3,
  0xfa, 0xfa, 0xfa, 0xff, 0xfa, 0xfa, 0xfa, 0xff, 0xfa, 0xfa, 0xfa, 0xff,
  0xfa, 0xfa, 0xfa, 0xff, 0xfa, 0xfa, 0xfa, 0xff, 0xfa, 0xfa, 0xfa, 0xff,
  0xf7, 0xf7, 0xf7, 0xff, 0xf6, 0xf6, 0xf6, 0xff, 0xfa, 0xfa, 0xfa, 0xff,
  0xfd, 0xfd, 0xfd, 0xff, 0xfd, 0xfd, 0xfe, 0xff, 0xfd, 0xfd, 0xfd, 0xff,
  0xfd, 0xfd, 0xfd, 0xff, 0xfd, 0xfd, 0xfd, 0xff, 0xfd, 0xfd, 0xfd, 0xff,
  0xfd, 0xfd, 0xfd, 0xff, 0xfd, 0xfd, 0xfd, 0xff, 0xfd, 0xfd, 0xfd, 0xff,
  0xfd, 0xfd, 0xfd, 0xff, 0xfd, 0xfd, 0xfd, 0xff, 0xfd, 0xfd, 0xfd, 0xff,
  0xfd, 0xfd, 0xfd, 0xff, 0xfd, 0xfd, 0xfd, 0xff, 0xfd, 0xfd, 0xfd, 0xff,
  0xfd, 0xfd, 0xfd, 0xff, 0xfd, 0xfd, 0xfd, 0xff, 0xfd, 0xfd, 0xfd, 0xff,
  0xfd, 0xfd, 0xfd, 0xff, 0xfd, 0xfd, 0xfd, 0xff, 0xfd, 0xfd, 0xfd, 0xff,
  0xfd, 0xfd, 0xfd, 0xff, 0xfd, 0xfd, 0xfd, 0xff, 0xfd, 0xfd, 0xfd, 0xff,
  0xfd, 0xfd, 0xfd, 0xff, 0xfd, 0xfd, 0xfd, 0xff, 0xfd, 0xfd, 0xfd, 0xff,
  0xfd, 0xfd, 0xfd, 0xff, 0xfd, 0xfd, 0xfd, 0xff, 0xfd, 0xfd, 0xfd, 0xff,
  0xfd, 0xfd, 0xfd, 0xff, 0xfd, 0xfd, 0xfd, 0xff, 0xfd, 0xfd, 0xfd, 0xff,
  0xfd, 0xfd, 0xfd, 0xff, 0xfd, 0xfd, 0xfd, 0xff, 0xfd, 0xfd, 0xfd, 0xff,
  0xfd, 0xfd, 0xfd, 0xff, 0xfd, 0xfd, 0xfd, 0xff, 0xfd, 0xfd, 0xfd, 0xff,
  0xfd, 0xfd, 0xfd, 0xff, 0xfd, 0xfd, 0xfd, 0xff, 0xfd, 0xfd, 0xfd, 0xff,
  0xfd, 0xfd, 0xfd, 0xff, 0xfd, 0xfd, 0xfd, 0xff, 0xfd, 0xfd, 0xfd, 0xff,
  0xfd, 0xfd, 0xfd, 0xff, 0xfd, 0xfd, 0xfd, 0xff, 0xfd, 0xfd, 0xfd, 0xff,
  0xfd, 0xfd, 0xfd, 0xff, 0xfd, 0xfd, 0xfd, 0xff, 0xfd, 0xfd, 0xfd, 0xff,
  0xfd, 0xfd, 0xfd, 0xff, 0xfd, 0xfd, 0xfd, 0xff, 0xfd, 0xfd, 0xfd, 0xff,
  0xfd, 0xfd, 0xfd, 0xff, 0xfd, 0xfd, 0xfd, 0xff, 0xfd, 0xfd, 0xfd, 0xff,
  0xfd, 0xfd, 0xfd, 0xff, 0xfd, 0xfd, 0xfd, 0xff, 0xfd, 0xfd, 0xfd, 0xff,
  0xfd, 0xfd, 0xfd, 0xff, 0xfd, 0xfd, 0xfd, 0xff, 0xfd, 0xfd, 0xfd, 0xff,
  0xfd, 0xfd, 0xfd, 0xff, 0xfd, 0xfd, 0xfd, 0xff, 0xfd, 0xfd, 0xfd, 0xff,
  0xfd, 0xfd, 0xfd, 0xff, 0xfd, 0xfd, 0xfd, 0xff, 0xfd, 0xfd, 0xfd, 0xff,
  0xfd, 0xfd, 0xfd, 0xff, 0xfe, 0xfe, 0xfe, 0xff, 0xfd, 0xfd, 0xfd, 0xff,
  0xf8, 0xf8, 0xf9, 0xff, 0xf4, 0xf4, 0xf4, 0xff, 0xf6, 0xf6, 0xf6, 0xff,
  0xfa, 0xfa, 0xfa, 0xff, 0xfa, 0xfa, 0xfa, 0xff, 0xfa, 0xfa, 0xfa, 0xff,
  0xfa, 0xfa, 0xfa, 0xff, 0xfa, 0xfa, 0xfa, 0xff, 0xfa, 0xfa, 0xfa, 0xff,
  0xfa, 0xfa, 0xfa, 0xc3, 0xfa, 0xfa, 0xfa, 0x05, 0xfa, 0xfa, 0xfa, 0x00,
  0xfa, 0xfa, 0xfa, 0x00, 0xfa, 0xfa, 0xfa, 0x00, 0xfa, 0xfa, 0xfa, 0x00,
  0xfa, 0xfa, 0xfa, 0x00, 0xfa, 0xfa, 0xfa, 0x00, 0xfa, 0xfa, 0xfa, 0x00,
  0xfa, 0xfa, 0xfa, 0x00, 0xfa, 0xfa, 0xfa, 0x00, 0xfa, 0xfa, 0xfa, 0x00,
  0xfa, 0xfa, 0xfa, 0x00, 0xfa, 0xfa, 0xfa, 0x00, 0xfa, 0xfa, 0xfa, 0x00,
  0xfa, 0xfa, 0xfa, 0x00, 0xfa, 0xfa, 0xfa, 0xaa, 0xfa, 0xfa, 0xfa, 0xff,
  0xfa, 0xfa, 0xfa, 0xff, 0xfa, 0xfa, 0xfa, 0xff, 0xfa, 0xfa, 0xfa, 0xff,
  0xfa, 0xfa, 0xfa, 0xff, 0xf9, 0xfa, 0xfa, 0xff, 0xf6, 0xf6, 0xf6, 0xff,
  0xf6, 0xf6, 0xf6, 0xff, 0xfc, 0xfc, 0xfc, 0xff, 0xfe, 0xfe, 0xfe, 0xff,
  0xfd, 0xfd, 0xfd, 0xff, 0xfd, 0xfd, 0xfd, 0xff, 0xfd, 0xfd, 0xfd, 0xff,
  0xfd, 0xfd, 0xfd, 0xff, 0xfd, 0xfd, 0xfd, 0xff, 0xfd, 0xfd, 0xfd, 0xff,
  0xfd, 0xfd, 0xfd, 0xff, 0xfd, 0xfd, 0xfd, 0xff, 0xfd, 0xfd, 0xfd, 0xff,
  0xfd, 0xfd, 0xfd, 0xff, 0xfd, 0xfd, 0xfd, 0xff, 0xfd, 0xfd, 0xfd, 0xff,
  0xfd, 0xfd, 0xfd, 0xff, 0xfd, 0xfd, 0xfd, 0xff, 0xfd, 0xfd, 0xfd, 0xff,
  0xfd, 0xfd, 0xfd, 0xff, 0xfd, 0xfd, 0xfd, 0xff, 0xfd, 0xfd, 0xfd, 0xff,
  0xfd, 0xfd, 0xfd, 0xff, 0xfd, 0xfd, 0xfd, 0xff, 0xfd, 0xfd, 0xfd, 0xff,
  0xfd, 0xfd, 0xfd, 0xff, 0xfd, 0xfd, 0xfd, 0xff, 0xfd, 0xfd, 0xfd, 0xff,
  0xfd, 0xfd, 0xfd, 0xff, 0xfd, 0xfd, 0xfd, 0xff, 0xfd, 0xfd, 0xfd, 0xff,
  0xfd, 0xfd, 0xfd, 0xff, 0xfd, 0xfd, 0xfd, 0xff, 0xfd, 0xfd, 0xfd, 0xff,
  0xfd, 0xfd, 0xfd, 0xff, 0xfd, 0xfd, 0xfd, 0xff, 0xfd, 0xfd, 0xfd, 0xff,
  0xfd, 0xfd, 0xfd, 0xff, 0xfd, 0xfd, 0xfd, 0xff, 0xfd, 0xfd, 0xfd, 0xff,
  0xfd, 0xfd, 0xfd, 0xff, 0xfd, 0xfd, 0xfd, 0xff, 0xfd, 0xfd, 0xfd, 0xff,
  0xfd, 0xfd, 0xfd, 0xff, 0xfd, 0xfd, 0xfd, 0xff, 0xfd, 0xfd, 0xfd, 0xff,
  0xfd, 0xfd, 0xfd, 0xff, 0xfd, 0xfd, 0xfd, 0xff, 0xfd, 0xfd, 0xfd, 0xff,
  0xfd, 0xfd, 0xfd, 0xff, 0xfd, 0xfd, 0xfd, 0xff, 0xfd, 0xfd, 0xfd, 0xff,
  0xfd, 0xfd, 0xfd, 0xff, 0xfd, 0xfd, 0xfd, 0xff, 0xfd, 0xfd, 0xfd, 0xff,
  0xfd, 0xfd, 0xfd, 0xff, 0xfd, 0xfd, 0xfd, 0xff, 0xfd, 0xfd, 0xfd, 0xff,
  0xfd, 0xfd, 0xfd, 0xff, 0xfd, 0xfd, 0xfd, 0xff, 0xfd, 0xfd, 0xfd, 0xff,
  0xfd, 0xfd, 0xfd, 0xff, 0xfd, 0xfd, 0xfd, 0xff, 0xfd, 0xfd, 0xfd, 0xff,
  0xfd, 0xfd, 0xfd, 0xff, 0xfd, 0xfd, 0xfd, 0xff, 0xfd, 0xfd, 0xfd, 0xff,
  0xfd, 0xfd, 0xfd, 0xff, 0xfd, 0xfd, 0xfd, 0xff, 0xfd, 0xfd, 0xfd, 0xff,
  0xfd, 0xfd, 0xfd, 0xff, 0xfd, 0xfd, 0xfd, 0xff, 0xfd, 0xfd, 0xfd, 0xff,
  0xfd, 0xfd, 0xfd, 0xff, 0xfd, 0xfd, 0xfd, 0xff, 0xfd, 0xfd, 0xfd, 0xff,
  0xfe, 0xfe, 0xfe, 0xff, 0xfb, 0xfb, 0xfb, 0xff, 0xf4, 0xf4, 0xf4, 0xff,
  0xf5, 0xf5, 0xf5, 0xff, 0xf9, 0xf9, 0xf9, 0xff, 0xfa, 0xfa, 0xfa, 0xff,
  0xfa, 0xfa, 0xfb, 0xff, 0xfa, 0xfa, 0xfa, 0xff, 0xfa, 0xfa, 0xfa, 0xff,
  0xfa, 0xfa, 0xfa, 0xff, 0xfa, 0xfa, 0xfa, 0xaa, 0xfa, 0xfa, 0xfa, 0x00,
  0xfa, 0xfa, 0xfa, 0x00, 0xfa, 0xfa, 0xfa, 0x00, 0xfa, 0xfa, 0xfa, 0x00,
  0xfa, 0xfa, 0xfa, 0x00, 0xfa, 0xfa, 0xfa, 0x00, 0xfa, 0xfa, 0xfa, 0x00,
  0xfa, 0xfa, 0xfa, 0x00, 0xfa, 0xfa, 0xfa, 0x00, 0xfa, 0xfa, 0xfa, 0x00,
  0xfa, 0xfa, 0xfa, 0x00, 0xfa, 0xfa, 0xfa, 0x00, 0xfa, 0xfa, 0xfa, 0x00,
  0xfa, 0xfa, 0xfa, 0x7f, 0xfa, 0xfa, 0xfa, 0xff, 0xfa, 0xfa, 0xfa, 0xff,
  0xfa, 0xfa, 0xfa, 0xff, 0xfa, 0xfa, 0xfa, 0xff, 0xfa, 0xfa, 0xfa, 0xff,
  0xf9, 0xfa, 0xfa, 0xff, 0xf6, 0xf6, 0xf6, 0xff, 0xf7, 0xf7, 0xf7, 0xff,
  0xfd, 0xfd, 0xfd, 0xff, 0xfd, 0xfd, 0xfd, 0xff, 0xfd, 0xfd, 0xfd, 0xff,
  0xfd, 0xfd, 0xfd, 0xff, 0xfd, 0xfd, 0xfd, 0xff, 0xfd, 0xfd, 0xfd, 0xff,
  0xfd, 0xfd, 0xfd, 0xff, 0xfd, 0xfd, 0xfd, 0xff, 0xfd, 0xfd, 0xfd, 0xff,
  0xfd, 0xfd, 0xfd, 0xff, 0xfd, 0xfd, 0xfd, 0xff, 0xfd, 0xfd, 0xfd, 0xff,
  0xfd, 0xfd, 0xfd, 0xff, 0xfd, 0xfd, 0xfd, 0xff, 0xfd, 0xfd, 0xfd, 0xff,
  0xfd, 0xfd, 0xfd, 0xff, 0xfd, 0xfd, 0xfd, 0xff, 0xfd, 0xfd, 0xfd, 0xff,
  0xfd, 0xfd, 0xfd, 0xff, 0xfd, 0xfd, 0xfd, 0xff, 0xfd, 0xfd, 0xfd, 0xff,
  0xfd, 0xfd, 0xfd, 0xff, 0xfd, 0xfd, 0xfd, 0xff, 0xfd, 0xfd, 0xfd, 0xff,
  0xfd, 0xfd, 0xfd, 0xff, 0xfd, 0xfd, 0xfd, 0xff, 0xfd, 0xfd, 0xfd, 0xff,
  0xfd, 0xfd, 0xfd, 0xff, 0xfd, 0xfd, 0xfd, 0xff, 0xfd, 0xfd, 0xfd, 0xff,
  0xfd, 0xfd, 0xfd, 0xff, 0xfd, 0xfd, 0xfd, 0xff, 0xfd, 0xfd, 0xfd, 0xff,
  0xfd, 0xfd, 0xfd, 0xff, 0xfd, 0xfd, 0xfd, 0xff, 0xfd, 0xfd, 0xfd, 0xff,
  0xfd, 0xfd, 0xfd, 0xff, 0xfd, 0xfd, 0xfd, 0xff, 0xfd, 0xfd, 0xfd, 0xff,
  0xfd, 0xfd, 0xfd, 0xff, 0xfd, 0xfd, 0xfd, 0xff, 0xfd, 0xfd, 0xfd, 0xff,
  0xfd, 0xfd, 0xfd, 0xff, 0xfd, 0xfd, 0xfd, 0xff, 0xfd, 0xfd, 0xfd, 0xff,
  0xfd, 0xfd, 0xfd, 0xff, 0xfd, 0xfd, 0xfd, 0xff, 0xfd, 0xfd, 0xfd, 0xff,
  0xfd, 0xfd, 0xfd, 0xff, 0xfd, 0xfd, 0xfd, 0xff, 0xfd, 0xfd, 0xfd, 0xff,
  0xfd, 0xfd, 0xfd, 0xff, 0xfd, 0xfd, 0xfd, 0xff, 0xfd, 0xfd, 0xfd, 0xff,
  0xfd, 0xfd, 0xfd, 0xff, 0xfd, 0xfd, 0xfd, 0xff, 0xfd, 0xfd, 0xfd, 0xff,
  0xfd, 0xfd, 0xfd, 0xff, 0xfd, 0xfd, 0xfd, 0xff, 0xfd, 0xfd, 0xfd, 0xff,
  0xfd, 0xfd, 0xfd, 0xff, 0xfd, 0xfd, 0xfd, 0xff, 0xfd, 0xfd, 0xfd, 0xff,
  0xfd, 0xfd, 0xfd, 0xff, 0xfd, 0xfd, 0xfd, 0xff, 0xfd, 0xfd, 0xfd, 0xff,
  0xfd, 0xfd, 0xfd, 0xff, 0xfd, 0xfd, 0xfd, 0xff, 0xfd, 0xfd, 0xfd, 0xff,
  0xfd, 0xfd, 0xfd, 0xff, 0xfd, 0xfd, 0xfd, 0xff, 0xfd, 0xfd, 0xfd, 0xff,
  0xfd, 0xfd, 0xfd, 0xff, 0xfd, 0xfd, 0xfd, 0xff, 0xfd, 0xfd, 0xfd, 0xff,
  0xfc, 0xfd, 0xfd, 0xff, 0xfd, 0xfe, 0xfe, 0xff, 0xfd, 0xfd, 0xfd, 0xff,
  0xf4, 0xf4, 0xf4, 0xff, 0xf4, 0xf4, 0xf4, 0xff, 0xf9, 0xf9, 0xf9, 0xff,
  0xfa, 0xfa, 0xfa, 0xff, 0xfa, 0xfa, 0xfa, 0xff, 0xfa, 0xfa, 0xfa, 0xff,
  0xfa, 0xfa, 0xfa, 0xff, 0xfa, 0xfa, 0xfa, 0xff, 0xfa, 0xfa, 0xfa, 0x7f,
  0xfa, 0xfa, 0xfa, 0x00, 0xfa, 0xfa, 0xfa, 0x00, 0xfa, 0xfa, 0xfa, 0x00,
  0xfa, 0xfa, 0xfa, 0x00, 0xfa, 0xfa, 0xfa, 0x00, 0xfa, 0xfa, 0xfa, 0x00,
  0xfa, 0xfa, 0xfa, 0x00, 0xfa, 0xfa, 0xfa, 0x00, 0xfa, 0xfa, 0xfa, 0x00,
  0xfa, 0xfa, 0xfa, 0x00, 0xfa, 0xfa, 0xfa, 0x00, 0xfa, 0xfa, 0xfa, 0x44,
  0xfa, 0xfa, 0xfa, 0xff, 0xfa, 0xfa, 0xfa, 0xff, 0xfa, 0xfa, 0xfa, 0xff,
  0xfa, 0xfa, 0xfa, 0xff, 0xfa, 0xfa, 0xfa, 0xff, 0xfa, 0xfa, 0xfa, 0xff,
  0xf6, 0xf6, 0xf6, 0xff, 0xf6, 0xf6, 0xf6, 0xff, 0xfd, 0xfe, 0xfe, 0xff,
  0xfd, 0xfd, 0xfd, 0xff, 0xfd, 0xfd, 0xfd, 0xff, 0xfd, 0xfd, 0xfd, 0xff,
  0xfd, 0xfd, 0xfd, 0xff, 0xfd, 0xfd, 0xfd, 0xff, 0xfd, 0xfd, 0xfd, 0xff,
  0xfd, 0xfd, 0xfd, 0xff, 0xfd, 0xfd, 0xfd, 0xff, 0xfd, 0xfd, 0xfd, 0xff,
  0xfd, 0xfd, 0xfd, 0xff, 0xfd, 0xfd, 0xfd, 0xff, 0xfd, 0xfd, 0xfd, 0xff,
  0xfd, 0xfd, 0xfd, 0xff, 0xfd, 0xfd, 0xfd, 0xff, 0xfd, 0xfd, 0xfd, 0xff,
  0xfd, 0xfd, 0xfd, 0xff, 0xfd, 0xfd, 0xfd, 0xff, 0xfd, 0xfd, 0xfd, 0xff,
  0xfd, 0xfd, 0xfd, 0xff, 0xfd, 0xfd, 0xfd, 0xff, 0xfd, 0xfd, 0xfd, 0xff,
  0xfd, 0xfd, 0xfd, 0xff, 0xfd, 0xfd, 0xfd, 0xff, 0xfd, 0xfd, 0xfd, 0xff,
  0xfd, 0xfd, 0xfd, 0xff, 0xfd, 0xfd, 0xfd, 0xff, 0xfd, 0xfd, 0xfd, 0xff,
  0xfd, 0xfd, 0xfd, 0xff, 0xfd, 0xfd, 0xfd, 0xff, 0xfd, 0xfd, 0xfd, 0xff,
  0xfd, 0xfd, 0xfd, 0xff, 0xfd, 0xfd, 0xfd, 0xff, 0xfd, 0xfd, 0xfd, 0xff,
  0xfd, 0xfd, 0xfd, 0xff, 0xfd, 0xfd, 0xfd, 0xff, 0xfd, 0xfd, 0xfd, 0xff,
  0xfd, 0xfd, 0xfd, 0xff, 0xfd, 0xfd, 0xfd, 0xff, 0xfd, 0xfd, 0xfd, 0xff,
  0xfd, 0xfd, 0xfd, 0xff, 0xfd, 0xfd, 0xfd, 0xff, 0xfd, 0xfd, 0xfd, 0xff,
  0xfd, 0xfd, 0xfd, 0xff, 0xfd, 0xfd, 0xfd, 0xff, 0xfd, 0xfd, 0xfd, 0xff,
  0xfd, 0xfd, 0xfd, 0xff, 0xfd, 0xfd, 0xfd, 0xff, 0xfd, 0xfd, 0xfd, 0xff,
  0xfd, 0xfd, 0xfd, 0xff, 0xfd, 0xfd, 0xfd, 0xff, 0xfd, 0xfd, 0xfd, 0xff,
  0xfd, 0xfd, 0xfd, 0xff, 0xfd, 0xfd, 0xfd, 0xff, 0xfd, 0xfd, 0xfd, 0xff,
  0xfd, 0xfd, 0xfd, 0xff, 0xfd, 0xfd, 0xfd, 0xff, 0xfd, 0xfd, 0xfd, 0xff,
  0xfd, 0xfd, 0xfd, 0xff, 0xfd, 0xfd, 0xfd, 0xff, 0xfd, 0xfd, 0xfd, 0xff,
  0xfd, 0xfd, 0xfd, 0xff, 0xfd, 0xfd, 0xfd, 0xff, 0xfd, 0xfd, 0xfd, 0xff,
  0xfd, 0xfd, 0xfd, 0xff, 0xfd, 0xfd, 0xfd, 0xff, 0xfd, 0xfd, 0xfd, 0xff,
  0xfd, 0xfd, 0xfd, 0xff, 0xfd, 0xfd, 0xfd, 0xff, 0xfd, 0xfd, 0xfd, 0xff,
  0xfd, 0xfd, 0xfd, 0xff, 0xfd, 0xfd, 0xfd, 0xff, 0xfd, 0xfd, 0xfd, 0xff,
  0xfd, 0xfd, 0xfd, 0xff, 0xfd, 0xfd, 0xfd, 0xff, 0xfd, 0xfd, 0xfd, 0xff,
  0xfd, 0xfd, 0xfd, 0xff, 0xfd, 0xfd, 0xfd, 0xff, 0xfd, 0xfd, 0xfd, 0xff,
  0xfd, 0xfd, 0xfd, 0xff, 0xf2, 0xf2, 0xf3, 0xff, 0xf4, 0xf4, 0xf4, 0xff,
  0xf9, 0xf9, 0xf9, 0xff, 0xfa, 0xfa, 0xfa, 0xff, 0xfa, 0xfa, 0xfa, 0xff,
  0xfa, 0xfa, 0xfa, 0xff, 0xfa, 0xfa, 0xfa, 0xff, 0xfa, 0xfa, 0xfa, 0xff,
  0xfa, 0xfa, 0xfb, 0x44, 0xfa, 0xfa, 0xfa, 0x00, 0xfa, 0xfa, 0xfa, 0x00,
  0xfa, 0xfa, 0xfa, 0x00, 0xfa, 0xfa, 0xfa, 0x00, 0xfa, 0xfa, 0xfa, 0x00,
  0xfa, 0xfa, 0xfa, 0x00, 0xfa, 0xfa, 0xfa, 0x00, 0xfa, 0xfa, 0xfa, 0x00,
  0xfa, 0xfa, 0xfa, 0x00, 0xfa, 0xfa, 0xfa, 0x00, 0xfa, 0xfa, 0xfa, 0xd0,
  0xfa, 0xfa, 0xfa, 0xff, 0xfa, 0xfa, 0xfa, 0xff, 0xfa, 0xfa, 0xfa, 0xff,
  0xfa, 0xfa, 0xfa, 0xff, 0xfa, 0xfa, 0xfa, 0xff, 0xf7, 0xf7, 0xf7, 0xff,
  0xf5, 0xf5, 0xf5, 0xff, 0xfd, 0xfd, 0xfd, 0xff, 0xfd, 0xfd, 0xfd, 0xff,
  0xfd, 0xfd, 0xfd, 0xff, 0xfd, 0xfd, 0xfd, 0xff, 0xfd, 0xfd, 0xfd, 0xff,
  0xfd, 0xfd, 0xfd, 0xff, 0xfd, 0xfd, 0xfd, 0xff, 0xfd, 0xfd, 0xfd, 0xff,
  0xfd, 0xfd, 0xfd, 0xff, 0xfd, 0xfd, 0xfd, 0xff, 0xfd, 0xfd, 0xfd, 0xff,
  0xfd, 0xfd, 0xfd, 0xff, 0xfd, 0xfd, 0xfd, 0xff, 0xfd, 0xfd, 0xfd, 0xff,
  0xfd, 0xfd, 0xfd, 0xff, 0xfd, 0xfd, 0xfd, 0xff, 0xfd, 0xfd, 0xfd, 0xff,
  0xfd, 0xfd, 0xfd, 0xff, 0xfd, 0xfd, 0xfd, 0xff, 0xfd, 0xfd, 0xfd, 0xff,
  0xfd, 0xfd, 0xfd, 0xff, 0xfd, 0xfd, 0xfd, 0xff, 0xfd, 0xfd, 0xfd, 0xff,
  0xfd, 0xfd, 0xfd, 0xff, 0xfd, 0xfd, 0xfd, 0xff, 0xfd, 0xfd, 0xfd, 0xff,
  0xfd, 0xfd, 0xfd, 0xff, 0xfd, 0xfd, 0xfd, 0xff, 0xfd, 0xfd, 0xfd, 0xff,
  0xfd, 0xfd, 0xfd, 0xff, 0xfd, 0xfd, 0xfd, 0xff, 0xfd, 0xfd, 0xfd, 0xff,
  0xfd, 0xfd, 0xfd, 0xff, 0xfd, 0xfd, 0xfd, 0xff, 0xfd, 0xfd, 0xfd, 0xff,
  0xfd, 0xfd, 0xfd, 0xff, 0xfd, 0xfd, 0xfd, 0xff, 0xfd, 0xfd, 0xfd, 0xff,
  0xfd, 0xfd, 0xfd, 0xff, 0xfd, 0xfd, 0xfd, 0xff, 0xfd, 0xfd, 0xfd, 0xff,
  0xfd, 0xfd, 0xfd, 0xff, 0xfd, 0xfd, 0xfd, 0xff, 0xfd, 0xfd, 0xfd, 0xff,
  0xfd, 0xfd, 0xfd, 0xff, 0xfd, 0xfd, 0xfd, 0xff, 0xfd, 0xfd, 0xfd, 0xff,
  0xfd, 0xfd, 0xfd, 0xff, 0xfd, 0xfd, 0xfd, 0xff, 0xfd, 0xfd, 0xfd, 0xff,
  0xfd, 0xfd, 0xfd, 0xff, 0xfd, 0xfd, 0xfd, 0xff, 0xfd, 0xfd, 0xfd, 0xff,
  0xfd, 0xfd, 0xfd, 0xff, 0xfd, 0xfd, 0xfd, 0xff, 0xfd, 0xfd, 0xfd, 0xff,
  0xfd, 0xfd, 0xfd, 0xff, 0xfd, 0xfd, 0xfd, 0xff, 0xfd, 0xfd, 0xfd, 0xff,
  0xfd, 0xfd, 0xfd, 0xff, 0xfd, 0xfd, 0xfd, 0xff, 0xfd, 0xfd, 0xfd, 0xff,
  0xfd, 0xfd, 0xfd, 0xff, 0xfd, 0xfd, 0xfd, 0xff, 0xfd, 0xfd, 0xfd, 0xff,
  0xfd, 0xfd, 0xfd, 0xff, 0xfd, 0xfd, 0xfd, 0xff, 0xfd, 0xfd, 0xfd, 0xff,
  0xfd, 0xfd, 0xfd, 0xff, 0xfd, 0xfd, 0xfd, 0xff, 0xfd, 0xfd, 0xfd, 0xff,
  0xfd, 0xfd, 0xfd, 0xff, 0xfd, 0xfd, 0xfd, 0xff, 0xfd, 0xfd, 0xfd, 0xff,
  0xfd, 0xfd, 0xfd, 0xff, 0xfd, 0xfd, 0xfd, 0xff, 0xfd, 0xfd, 0xfd, 0xff,
  0xfd, 0xfd, 0xfd, 0xff, 0xfd, 0xfd, 0xfd, 0xff, 0xfd, 0xfd, 0xfd, 0xff,
  0xfe, 0xfe, 0xfe, 0xff, 0xfc, 0xfc, 0xfc, 0xff, 0xf1, 0xf1, 0xf1, 0xff,
  0xf5, 0xf6, 0xf6, 0xff, 0xf9, 0xfa, 0xfa, 0xff, 0xfa, 0xfa, 0xfa, 0xff,
  0xfa, 0xfa, 0xfa, 0xff, 0xfa, 0xfa, 0xfa, 0xff, 0xfa, 0xfa, 0xfa, 0xff,
  0xfa, 0xfa, 0xfb, 0xd0, 0xfa, 0xfa, 0xfb, 0x00, 0xfa, 0xfa, 0xfa, 0x00,
  0xfa, 0xfa, 0xfa, 0x00, 0xfa, 0xfa, 0xfa, 0x00, 0xfa, 0xfa, 0xfa, 0x00,
  0xfa, 0xfa, 0xfa, 0x00, 0xfa, 0xfa, 0xfa, 0x00, 0xfa, 0xfa, 0xfa, 0x00,
  0xfa, 0xfa, 0xfa, 0x00, 0xfa, 0xfa, 0xfa, 0x7b, 0xfa, 0xfa, 0xfa, 0xff,
  0xfa, 0xfa, 0xfa, 0xff, 0xfa, 0xfa, 0xfa, 0xff, 0xfa, 0xfa, 0xfa, 0xff,
  0xfa, 0xfa, 0xfa, 0xff, 0xf8, 0xf8, 0xf9, 0xff, 0xf3, 0xf3, 0xf3, 0xff,
  0xfb, 0xfb, 0xfb, 0xff, 0xfe, 0xfe, 0xfe, 0xff, 0xfd, 0xfd, 0xfd, 0xff,
  0xfd, 0xfd, 0xfd, 0xff, 0xfd, 0xfd, 0xfd, 0xff, 0xfd, 0xfd, 0xfd, 0xff,
  0xfd, 0xfd, 0xfd, 0xff, 0xfd, 0xfd, 0xfd, 0xff, 0xfd, 0xfc, 0xfb, 0xff,
  0xfd, 0xfb, 0xf9, 0xff, 0xfd, 0xfc, 0xfa, 0xff, 0xfd, 0xfc, 0xfa, 0xff,
  0xfd, 0xfc, 0xfa, 0xff, 0xfd, 0xfc, 0xfa, 0xff, 0xfd, 0xfc, 0xfa, 0xff,
  0xfd, 0xfc, 0xfa, 0xff, 0xfd, 0xfc, 0xfb, 0xff, 0xfd, 0xfc, 0xfa, 0xff,
  0xfd, 0xfc, 0xfb, 0xff, 0xfd, 0xfd, 0xfd, 0xff, 0xfd, 0xfd, 0xfd, 0xff,
  0xfd, 0xfd, 0xfd, 0xff, 0xfd, 0xfd, 0xfd, 0xff, 0xfd, 0xfd, 0xfd, 0xff,
  0xfd, 0xfd, 0xfd, 0xff, 0xfd, 0xfd, 0xfd, 0xff, 0xfd, 0xfd, 0xfd, 0xff,
  0xfd, 0xfd, 0xfd, 0xff, 0xfd, 0xfd, 0xfd, 0xff, 0xfd, 0xfd, 0xfd, 0xff,
  0xfd, 0xfd, 0xfd, 0xff, 0xfd, 0xfd, 0xfd, 0xff, 0xfd, 0xfd, 0xfd, 0xff,
  0xfd, 0xfd, 0xfd, 0xff, 0xfd, 0xfd, 0xfd, 0xff, 0xfd, 0xfd, 0xfd, 0xff,
  0xfd, 0xfd, 0xfd, 0xff, 0xfd, 0xfd, 0xfd, 0xff, 0xfd, 0xfd, 0xfd, 0xff,
  0xfd, 0xfd, 0xfd, 0xff, 0xfd, 0xfd, 0xfd, 0xff, 0xfd, 0xfd, 0xfd, 0xff,
  0xfd, 0xfd, 0xfd, 0xff, 0xfd, 0xfd, 0xfd, 0xff, 0xfd, 0xfd, 0xfd, 0xff,
  0xfd, 0xfd, 0xfd, 0xff, 0xfd, 0xfd, 0xfd, 0xff, 0xfd, 0xfd, 0xfd, 0xff,
  0xfd, 0xfd, 0xfd, 0xff, 0xfd, 0xfd, 0xfd, 0xff, 0xfd, 0xfd, 0xfd, 0xff,
  0xfd, 0xfd, 0xfd, 0xff, 0xfd, 0xfd, 0xfd, 0xff, 0xfd, 0xfd, 0xfd, 0xff,
  0xfd, 0xfd, 0xfd, 0xff, 0xfd, 0xfd, 0xfd, 0xff, 0xfd, 0xfd, 0xfd, 0xff,
  0xfd, 0xfd, 0xfd, 0xff, 0xfd, 0xfd, 0xfd, 0xff, 0xfd, 0xfd, 0xfd, 0xff,
  0xfd, 0xfd, 0xfd, 0xff, 0xfd, 0xfd, 0xfd, 0xff, 0xfd, 0xfd, 0xfd, 0xff,
  0xfd, 0xfd, 0xfd, 0xff, 0xfd, 0xfd, 0xfd, 0xff, 0xfd, 0xfb, 0xfc, 0xff,
  0xfd, 0xfb, 0xfc, 0xff, 0xfd, 0xfb, 0xfc, 0xff, 0xfd, 0xfb, 0xfc, 0xff,
  0xfd, 0xfb, 0xfc, 0xff, 0xfd, 0xfb, 0xfc, 0xff, 0xfd, 0xfb, 0xfc, 0xff,
  0xfd, 0xfb, 0xfc, 0xff, 0xfd, 0xfa, 0xfc, 0xff, 0xfd, 0xf9, 0xfb, 0xff,
  0xfd, 0xfb, 0xfc, 0xff, 0xfd, 0xfd, 0xfd, 0xff, 0xfd, 0xfd, 0xfd, 0xff,
  0xfd, 0xfd, 0xfd, 0xff, 0xfd, 0xfd, 0xfd, 0xff, 0xfd, 0xfd, 0xfd, 0xff,
  0xfd, 0xfd, 0xfd, 0xff, 0xfe, 0xfe, 0xfe, 0xff, 0xf8, 0xf8, 0xf8, 0xff,
  0xf0, 0xf0, 0xf0, 0xff, 0xf8, 0xf8, 0xf8, 0xff, 0xfa, 0xfa, 0xfa, 0xff,
  0xfb, 0xfb, 0xfa, 0xff, 0xfa, 0xfa, 0xfa, 0xff, 0xfa, 0xfa, 0xfa, 0xff,
  0xfa, 0xfa, 0xfa, 0xff, 0xfa, 0xfa, 0xfa, 0x7b, 0xfa, 0xfa, 0xfa, 0x00,
  0xfa, 0xfa, 0xfa, 0x00, 0xfa, 0xfa, 0xfa, 0x00, 0xfa, 0xfa, 0xfa, 0x00,
  0xfa, 0xfa, 0xfa, 0x00, 0xfa, 0xfa, 0xfa, 0x00, 0xfa, 0xfa, 0xfa, 0x00,
  0xfa, 0xfa, 0xfa, 0x15, 0xfa, 0xfa, 0xfa, 0xf7, 0xfa, 0xfa, 0xfa, 0xff,
  0xfa, 0xfa, 0xfa, 0xff, 0xfa, 0xfa, 0xfa, 0xff, 0xfa, 0xfa, 0xfa, 0xff,
  0xf9, 0xf9, 0xfa, 0xff, 0xf5, 0xf5, 0xf5, 0xff, 0xf6, 0xf6, 0xf6, 0xff,
  0xfe, 0xfe, 0xfe, 0xff, 0xfd, 0xfd, 0xfd, 0xff, 0xfd, 0xfd, 0xfd, 0xff,
  0xfd, 0xfd, 0xfd, 0xff, 0xfd, 0xfd, 0xfd, 0xff, 0xfd, 0xfd, 0xfd, 0xff,
  0xfd, 0xfd, 0xfd, 0xff, 0xfd, 0xfc, 0xfb, 0xff, 0xfd, 0xff, 0xff, 0xff,
  0xfd, 0xff, 0xff, 0xff, 0xfd, 0xff, 0xff, 0xff, 0xfe, 0xff, 0xff, 0xff,
  0xfe, 0xff, 0xff, 0xff, 0xfd, 0xff, 0xff, 0xff, 0xfd, 0xff, 0xff, 0xff,
  0xfe, 0xff, 0xff, 0xff, 0xfe, 0xff, 0xff, 0xff, 0xfe, 0xff, 0xff, 0xff,
  0xfd, 0xff, 0xff, 0xff, 0xfd, 0xfd, 0xfd, 0xff, 0xfd, 0xfd, 0xfd, 0xff,
  0xfd, 0xfd, 0xfd, 0xff, 0xfd, 0xfd, 0xfd, 0xff, 0xfd, 0xfd, 0xfd, 0xff,
  0xfd, 0xfd, 0xfd, 0xff, 0xfd, 0xfd, 0xfd, 0xff, 0xfd, 0xfd, 0xfd, 0xff,
  0xfd, 0xfd, 0xfe, 0xff, 0xfd, 0xfd, 0xfd, 0xff, 0xfd, 0xfd, 0xfd, 0xff,
  0xfd, 0xfd, 0xfd, 0xff, 0xfd, 0xfd, 0xfd, 0xff, 0xfd, 0xfd, 0xfd, 0xff,
  0xfd, 0xfd, 0xfd, 0xff, 0xfd, 0xfd, 0xfd, 0xff, 0xfd, 0xfd, 0xfd, 0xff,
  0xfd, 0xfd, 0xfd, 0xff, 0xfd, 0xfd, 0xfd, 0xff, 0xfd, 0xfd, 0xfd, 0xff,
  0xfd, 0xfd, 0xfd, 0xff, 0xfd, 0xfd, 0xfd, 0xff, 0xfd, 0xfd, 0xfd, 0xff,
  0xfd, 0xfd, 0xfd, 0xff, 0xfd, 0xfd, 0xfd, 0xff, 0xfd, 0xfd, 0xfd, 0xff,
  0xfd, 0xfd, 0xfd, 0xff, 0xfd, 0xfd, 0xfd, 0xff, 0xfd, 0xfd, 0xfd, 0xff,
  0xfd, 0xfd, 0xfd, 0xff, 0xfd, 0xfd, 0xfd, 0xff, 0xfd, 0xfd, 0xfd, 0xff,
  0xfd, 0xfd, 0xfd, 0xff, 0xfd, 0xfd, 0xfd, 0xff, 0xfd, 0xfd, 0xfd, 0xff,
  0xfd, 0xfd, 0xfd, 0xff, 0xfd, 0xfd, 0xfd, 0xff, 0xfd, 0xfd, 0xfd, 0xff,
  0xfd, 0xfd, 0xfd, 0xff, 0xfd, 0xfd, 0xfd, 0xff, 0xfd, 0xfd, 0xfd, 0xff,
  0xfd, 0xfd, 0xfd, 0xff, 0xfd, 0xfd, 0xfd, 0xff, 0xfd, 0xfd, 0xfd, 0xff,
  0xfd, 0xfd, 0xfd, 0xff, 0xfd, 0xfd, 0xfd, 0xff, 0xfe, 0xff, 0xff, 0xff,
  0xfe, 0xff, 0xff, 0xff, 0xfe, 0xff, 0xff, 0xff, 0xfe, 0xff, 0xff, 0xff,
  0xfe, 0xff, 0xff, 0xff, 0xfe, 0xff, 0xff, 0xff, 0xfe, 0xff, 0xff, 0xff,
  0xfe, 0xff, 0xff, 0xff, 0xfe, 0xff, 0xff, 0xff, 0xfe, 0xff, 0xff, 0xff,
  0xfd, 0xff, 0xff, 0xff, 0xfd, 0xfa, 0xfc, 0xff, 0xfd, 0xfd, 0xfd, 0xff,
  0xfd, 0xfd, 0xfd, 0xff, 0xfd, 0xfd, 0xfd, 0xff, 0xfd, 0xfd, 0xfd, 0xff,
  0xfd, 0xfd, 0xfd, 0xff, 0xfd, 0xfd, 0xfd, 0xff, 0xfe, 0xfe, 0xfe, 0xff,
  0xf2, 0xf2, 0xf2, 0xff, 0xf2, 0xf2, 0xf3, 0xff, 0xf9, 0xf9, 0xf9, 0xff,
  0xfa, 0xfa, 0xfa, 0xff, 0xfa, 0xfa, 0xfa, 0xff, 0xfa, 0xfa, 0xfa, 0xff,
  0xfa, 0xfa, 0xfa, 0xff, 0xfa, 0xfa, 0xfa, 0xf7, 0xfa, 0xfa, 0xfa, 0x15,
  0xfa, 0xfa, 0xfa, 0x00, 0xfa, 0xfa, 0xfa, 0x00, 0xfa, 0xfa, 0xfa, 0x00,
  0xfa, 0xfa, 0xfa, 0x00, 0xfa, 0xfa, 0xfa, 0x00, 0xfa, 0xfa, 0xfa, 0x00,
  0xfa, 0xfa, 0xfa, 0x88, 0xfa, 0xfa, 0xfa, 0xff, 0xfa, 0xfa, 0xfa, 0xff,
  0xfa, 0xfa, 0xfa, 0xff, 0xfa, 0xfa, 0xfa, 0xff, 0xfa, 0xfa, 0xfa, 0xff,
  0xf8, 0xf8, 0xf8, 0xff, 0xf2, 0xf3, 0xf3, 0xff, 0xfb, 0xfb, 0xfb, 0xff,
  0xfd, 0xfd, 0xfe, 0xff, 0xfd, 0xfd, 0xfd, 0xff, 0xfd, 0xfd, 0xfd, 0xff,
  0xfd, 0xfd, 0xfd, 0xff, 0xfd, 0xfd, 0xfd, 0xff, 0xfd, 0xfd, 0xfd, 0xff,
  0xfd, 0xfd, 0xfd, 0xff, 0xfe, 0xff, 0xff, 0xff, 0xfc, 0xe7, 0xc6, 0xff,
  0xfc, 0xc4, 0x6e, 0xff, 0xfd, 0xb9, 0x52, 0xff, 0xfd, 0xb8, 0x50, 0xff,
  0xfd, 0xb8, 0x50, 0xff, 0xfd, 0xb8, 0x50, 0xff, 0xfd, 0xb7, 0x50, 0xff,
  0xfd, 0xb5, 0x50, 0xff, 0xfd, 0xb6, 0x51, 0xff, 0xfd, 0xb2, 0x49, 0xff,
  0xfd, 0xdb, 0xac, 0xff, 0xfd, 0xff, 0xff, 0xff, 0xfd, 0xfc, 0xfb, 0xff,
  0xfd, 0xfd, 0xfd, 0xff, 0xfd, 0xfd, 0xfd, 0xff, 0xfd, 0xfd, 0xfd, 0xff,
  0xfd, 0xfd, 0xfd, 0xff, 0xfd, 0xfd, 0xfd, 0xff, 0xfd, 0xfd, 0xfd, 0xff,
  0xfd, 0xfd, 0xfd, 0xff, 0xfd, 0xfd, 0xfd, 0xff, 0xfd, 0xfd, 0xfd, 0xff,
  0xfd, 0xfd, 0xfd, 0xff, 0xfd, 0xfd, 0xfd, 0xff, 0xfd, 0xfd, 0xfd, 0xff,
  0xfd, 0xfd, 0xfd, 0xff, 0xfd, 0xfd, 0xfd, 0xff, 0xfd, 0xfd, 0xfd, 0xff,
  0xfd, 0xfd, 0xfd, 0xff, 0xfd, 0xfd, 0xfd, 0xff, 0xfd, 0xfd, 0xfd, 0xff,
  0xfd, 0xfd, 0xfd, 0xff, 0xfd, 0xfd, 0xfd, 0xff, 0xfd, 0xfd, 0xfd, 0xff,
  0xfd, 0xfd, 0xfd, 0xff, 0xfd, 0xfd, 0xfd, 0xff, 0xfd, 0xfd, 0xfd, 0xff,
  0xfd, 0xfd, 0xfd, 0xff, 0xfd, 0xfd, 0xfd, 0xff, 0xfd, 0xfd, 0xfd, 0xff,
  0xfd, 0xfd, 0xfd, 0xff, 0xfd, 0xfd, 0xfd, 0xff, 0xfd, 0xfd, 0xfd, 0xff,
  0xfd, 0xfd, 0xfd, 0xff, 0xfd, 0xfd, 0xfd, 0xff, 0xfd, 0xfd, 0xfd, 0xff,
  0xfd, 0xfd, 0xfd, 0xff, 0xfd, 0xfd, 0xfd, 0xff, 0xfd, 0xfd, 0xfd, 0xff,
  0xfd, 0xfd, 0xfd, 0xff, 0xfd, 0xfd, 0xfd, 0xff, 0xfd, 0xfd, 0xfd, 0xff,
  0xfd, 0xfd, 0xfd, 0xff, 0xfd, 0xfd, 0xfd, 0xff, 0xfd, 0xfd, 0xfd, 0xff,
  0xfd, 0xfb, 0xfc, 0xff, 0xfe, 0xff, 0xff, 0xff, 0xfc, 0xa8, 0xc9, 0xff,
  0xfb, 0x52, 0x96, 0xff, 0xfb, 0x5e, 0x9d, 0xff, 0xfb, 0x5e, 0x9d, 0xff,
  0xfb, 0x5c, 0x9c, 0xff, 0xfb, 0x5b, 0x9b, 0xff, 0xfb, 0x5b, 0x9b, 0xff,
  0xfa, 0x5c, 0x9b, 0xff, 0xfa, 0x5d, 0x9c, 0xff, 0xfb, 0x79, 0xad, 0xff,
  0xfd, 0xcf, 0xe2, 0xff, 0xfe, 0xff, 0xff, 0xff, 0xfd, 0xfc, 0xfd, 0xff,
  0xfd, 0xfd, 0xfd, 0xff, 0xfd, 0xfd, 0xfd, 0xff, 0xfd, 0xfd, 0xfd, 0xff,
  0xfd, 0xfd, 0xfd, 0xff, 0xfd, 0xfd, 0xfd, 0xff, 0xfe, 0xfe, 0xfe, 0xff,
  0xf9, 0xf9, 0xf9, 0xff, 0xee, 0xee, 0xef, 0xff, 0xf7, 0xf7, 0xf7, 0xff,
  0xfa, 0xfa, 0xfa, 0xff, 0xfa, 0xfa, 0xfa, 0xff, 0xfa, 0xfa, 0xfa, 0xff,
  0xfa, 0xfa, 0xfa, 0xff, 0xfa, 0xfa, 0xfa, 0xff, 0xfa, 0xfa, 0xfa, 0x88,
  0xfa, 0xfa, 0xfa, 0x00, 0xfa, 0xfa, 0xfa, 0x00, 0xfa, 0xfa, 0xfa, 0x00,
  0xfa, 0xfa, 0xfa, 0x00, 0xfa, 0xfa, 0xfa, 0x00, 0xfa, 0xfa, 0xfa, 0x09,
  0xfa, 0xfa, 0xfa, 0xf3, 0xfa, 0xfa, 0xfa, 0xff, 0xfa, 0xfa, 0xfa, 0xff,
  0xfa, 0xfa, 0xfa, 0xff, 0xfa, 0xfa, 0xfa, 0xff, 0xfa, 0xfa, 0xfa, 0xff,
  0xf5, 0xf5, 0xf5, 0xff, 0xf5, 0xf5, 0xf5, 0xff, 0xfe, 0xfe, 0xfe, 0xff,
  0xfc, 0xfc, 0xfd, 0xff, 0xfd, 0xfd, 0xfd, 0xff, 0xfd, 0xfd, 0xfd, 0xff,
  0xfd, 0xfd, 0xfd, 0xff, 0xfd, 0xfd, 0xfd, 0xff, 0xfd, 0xfd, 0xfc, 0xff,
  0xfe, 0xff, 0xff, 0xff, 0xfc, 0xcc, 0x7d, 0xff, 0xfd, 0x98, 0x00, 0xff,
  0xfc, 0x8e, 0x00, 0xff, 0xfd, 0x8d, 0x00, 0xff, 0xfd, 0x8d, 0x00, 0xff,
  0xfe, 0x8d, 0x00, 0xff, 0xfd, 0x8c, 0x00, 0xff, 0xfd, 0x8a, 0x00, 0xff,
  0xfd, 0x88, 0x00, 0xff, 0xfd, 0x8a, 0x00, 0xff, 0xfd, 0x80, 0x00, 0xff,
  0xfc, 0xa7, 0x34, 0xff, 0xfd, 0xff, 0xff, 0xff, 0xfd, 0xfc, 0xfb, 0xff,
  0xfd, 0xfd, 0xfd, 0xff, 0xfd, 0xfd, 0xfd, 0xff, 0xfd, 0xfd, 0xfd, 0xff,
  0xfd, 0xfd, 0xfd, 0xff, 0xfd, 0xfd, 0xfd, 0xff, 0xfd, 0xfd, 0xfd, 0xff,
  0xfd, 0xfd, 0xfd, 0xff, 0xfd, 0xfd, 0xfd, 0xff, 0xfd, 0xfd, 0xfd, 0xff,
  0xfd, 0xfd, 0xfd, 0xff, 0xfd, 0xfd, 0xfd, 0xff, 0xfd, 0xfd, 0xfd, 0xff,
  0xfd, 0xfd, 0xfd, 0xff, 0xfd, 0xfd, 0xfd, 0xff, 0xfd, 0xfd, 0xfd, 0xff,
  0xfd, 0xfd, 0xfd, 0xff, 0xfd, 0xfd, 0xfd, 0xff, 0xfd, 0xfd, 0xfd, 0xff,
  0xfd, 0xfd, 0xfd, 0xff, 0xfd, 0xfd, 0xfd, 0xff, 0xfd, 0xfd, 0xfd, 0xff,
  0xfd, 0xfd, 0xfd, 0xff, 0xfd, 0xfd, 0xfd, 0xff, 0xfd, 0xfd, 0xfd, 0xff,
  0xfd, 0xfd, 0xfd, 0xff, 0xfd, 0xfd, 0xfd, 0xff, 0xfd, 0xfd, 0xfd, 0xff,
  0xfd, 0xfd, 0xfd, 0xff, 0xfd, 0xfd, 0xfd, 0xff, 0xfd, 0xfd, 0xfd, 0xff,
  0xfd, 0xfd, 0xfd, 0xff, 0xfd, 0xfd, 0xfd, 0xff, 0xfd, 0xfd, 0xfd, 0xff,
  0xfd, 0xfd, 0xfd, 0xff, 0xfd, 0xfd, 0xfd, 0xff, 0xfc, 0xfd, 0xfd, 0xff,
  0xfd, 0xfd, 0xfd, 0xff, 0xfd, 0xfd, 0xfd, 0xff, 0xfd, 0xfd, 0xfd, 0xff,
  0xfd, 0xfd, 0xfd, 0xff, 0xfd, 0xfd, 0xfd, 0xff, 0xfd, 0xfd, 0xfd, 0xff,
  0xfd, 0xfc, 0xfd, 0xff, 0xfd, 0xff, 0xff, 0xff, 0xf9, 0x2d, 0x81, 0xff,
  0xfa, 0x00, 0x5c, 0xff, 0xfb, 0x00, 0x65, 0xff, 0xfb, 0x00, 0x63, 0xff,
  0xfb, 0x00, 0x62, 0xff, 0xfa, 0x00, 0x62, 0xff, 0xfa, 0x00, 0x62, 0xff,
  0xfa, 0x00, 0x60, 0xff, 0xf9, 0x00, 0x60, 0xff, 0xfa, 0x00, 0x65, 0xff,
  0xfa, 0x0b, 0x6f, 0xff, 0xfd, 0x8e, 0xbc, 0xff, 0xfe, 0xff, 0xff, 0xff,
  0xfd, 0xfb, 0xfc, 0xff, 0xfd, 0xfd, 0xfd, 0xff, 0xfd, 0xfd, 0xfd, 0xff,
  0xfd, 0xfd, 0xfd, 0xff, 0xfd, 0xfd, 0xfd, 0xff, 0xfd, 0xfd, 0xfd, 0xff,
  0xfe, 0xfe, 0xfe, 0xff, 0xf0, 0xf0, 0xf0, 0xff, 0xf3, 0xf3, 0xf3, 0xff,
  0xf9, 0xf9, 0xf9, 0xff, 0xfa, 0xfa, 0xfa, 0xff, 0xfa, 0xfa, 0xfa, 0xff,
  0xfa, 0xfa, 0xfa, 0xff, 0xfa, 0xfa, 0xfa, 0xff, 0xfa, 0xfa, 0xfa, 0xf3,
  0xfa, 0xfa, 0xfa, 0x09, 0xfa, 0xfa, 0xfa, 0x00, 0xfa, 0xfa, 0xfb, 0x00,
  0xfa, 0xfa, 0xfa, 0x00, 0xfa, 0xfa, 0xfa, 0x00, 0xfa, 0xfa, 0xfa, 0x6a,
  0xfa, 0xfa, 0xfa, 0xff, 0xfa, 0xfa, 0xfa, 0xff, 0xfa, 0xfa, 0xfa, 0xff,
  0xfa, 0xfa, 0xfa, 0xff, 0xfa, 0xfa, 0xfa, 0xff, 0xf9, 0xf9, 0xf9, 0xff,
  0xf2, 0xf2, 0xf3, 0xff, 0xf9, 0xf9, 0xf9, 0xff, 0xfe, 0xfe, 0xfe, 0xff,
  0xfd, 0xfd, 0xfd, 0xff, 0xfd, 0xfd, 0xfd, 0xff, 0xfd, 0xfd, 0xfd, 0xff,
  0xfd, 0xfd, 0xfd, 0xff, 0xfd, 0xfc, 0xfa, 0xff, 0xfd, 0xff, 0xff, 0xff,
  0xfd, 0xd6, 0x98, 0xff, 0xfd, 0x96, 0x00, 0xff, 0xfd, 0x99, 0x00, 0xff,
  0xfd, 0xb2, 0x3e, 0xff, 0xfc, 0xc9, 0x7c, 0xff, 0xfc, 0xc9, 0x7b, 0xff,
  0xfc, 0xc9, 0x7b, 0xff, 0xfc, 0xc9, 0x7c, 0xff, 0xfc, 0xc8, 0x7b, 0xff,
  0xfc, 0xc7, 0x7c, 0xff, 0xfc, 0xc8, 0x7d, 0xff, 0xfc, 0xc5, 0x77, 0xff,
  0xfe, 0xe9, 0xcd, 0xff, 0xfd, 0xff, 0xff, 0xff, 0xfd, 0xfc, 0xfc, 0xff,
  0xfd, 0xfd, 0xfe, 0xff, 0xfd, 0xfd, 0xfd, 0xff, 0xfd, 0xfd, 0xfd, 0xff,
  0xfd, 0xfd, 0xfd, 0xff, 0xfd, 0xfd, 0xfd, 0xff, 0xfd, 0xfd, 0xfd, 0xff,
  0xfd, 0xfd, 0xfd, 0xff, 0xfd, 0xfd, 0xfd, 0xff, 0xfd, 0xfd, 0xfd, 0xff,
  0xfd, 0xfd, 0xfd, 0xff, 0xfd, 0xfd, 0xfd, 0xff, 0xfd, 0xfd, 0xfd, 0xff,
  0xfd, 0xfd, 0xfd, 0xff, 0xfd, 0xfd, 0xfd, 0xff, 0xfd, 0xfd, 0xfd, 0xff,
  0xfd, 0xfd, 0xfd, 0xff, 0xfd, 0xfd, 0xfd, 0xff, 0xfd, 0xfd, 0xfd, 0xff,
  0xfd, 0xfd, 0xfd, 0xff, 0xfd, 0xfd, 0xfd, 0xff, 0xfd, 0xfd, 0xfd, 0xff,
  0xfd, 0xfd, 0xfd, 0xff, 0xfd, 0xfd, 0xfd, 0xff, 0xfd, 0xfd, 0xfd, 0xff,
  0xfd, 0xfd, 0xfd, 0xff, 0xfd, 0xfd, 0xfd, 0xff, 0xfd, 0xfd, 0xfd, 0xff,
  0xfd, 0xfd, 0xfd, 0xff, 0xfd, 0xfd, 0xfd, 0xff, 0xfd, 0xfd, 0xfd, 0xff,
  0xfd, 0xfd, 0xfd, 0xff, 0xfd, 0xfd, 0xfd, 0xff, 0xfd, 0xfd, 0xfd, 0xff,
  0xfd, 0xfd, 0xfd, 0xff, 0xfd, 0xfd, 0xfd, 0xff, 0xfd, 0xfd, 0xfd, 0xff,
  0xfd, 0xfd, 0xfd, 0xff, 0xfd, 0xfd, 0xfd, 0xff, 0xfd, 0xfd, 0xfd, 0xff,
  0xfd, 0xfd, 0xfd, 0xff, 0xfd, 0xfd, 0xfd, 0xff, 0xfd, 0xfd, 0xfd, 0xff,
  0xfd, 0xfc, 0xfc, 0xff, 0xfe, 0xff, 0xff, 0xff, 0xfb, 0xc6, 0xdd, 0xff,
  0xfa, 0x7e, 0xb3, 0xff, 0xfb, 0x84, 0xb6, 0xff, 0xfb, 0x82, 0xb5, 0xff,
  0xfb, 0x82, 0xb5, 0xff, 0xfb, 0x82, 0xb5, 0xff, 0xfa, 0x81, 0xb5, 0xff,
  0xfa, 0x82, 0xb5, 0xff, 0xfa, 0x80, 0xb4, 0xff, 0xf8, 0x40, 0x91, 0xff,
  0xfa, 0x05, 0x70, 0xff, 0xfa, 0x00, 0x68, 0xff, 0xfd, 0xaa, 0xcd, 0xff,
  0xfe, 0xff, 0xff, 0xff, 0xfd, 0xfa, 0xfb, 0xff, 0xfd, 0xfd, 0xfd, 0xff,
  0xfd, 0xfd, 0xfd, 0xff, 0xfd, 0xfd, 0xfd, 0xff, 0xfd, 0xfd, 0xfd, 0xff,
  0xfe, 0xff, 0xff, 0xff, 0xf5, 0xf5, 0xf5, 0xff, 0xef, 0xef, 0xef, 0xff,
  0xf8, 0xf8, 0xf8, 0xff, 0xfa, 0xfa, 0xfa, 0xff, 0xfa, 0xfa, 0xfa, 0xff,
  0xfa, 0xfa, 0xfa, 0xff, 0xfa, 0xfa, 0xfa, 0xff, 0xfa, 0xfa, 0xfa, 0xff,
  0xfa, 0xfa, 0xfa, 0x6a, 0xfb, 0xfb, 0xfa, 0x00, 0xfa, 0xfa, 0xfa, 0x00,
  0xfa, 0xfa, 0xfa, 0x00, 0xfa, 0xfa, 0xfa, 0x00, 0xfa, 0xfa, 0xfa, 0xc3,
  0xfa, 0xfa, 0xfa, 0xff, 0xfa, 0xfa, 0xfa, 0xff, 0xfa, 0xfa, 0xfa, 0xff,
  0xfa, 0xfa, 0xfa, 0xff, 0xfa, 0xfa, 0xfa, 0xff, 0xf7, 0xf7, 0xf8, 0xff,
  0xf2, 0xf2, 0xf3, 0xff, 0xfc, 0xfc, 0xfc, 0xff, 0xfd, 0xfd, 0xfd, 0xff,
  0xfd, 0xfd, 0xfd, 0xff, 0xfd, 0xfd, 0xfe, 0xff, 0xfd, 0xfd, 0xfd, 0xff,
  0xfd, 0xfd, 0xfc, 0xff, 0xfd, 0xfe, 0xff, 0xff, 0xfe, 0xfb, 0xf7, 0xff,
  0xfc, 0xa8, 0x20, 0xff, 0xfd, 0x95, 0x00, 0xff, 0xfd, 0xc5, 0x69, 0xff,
  0xfe, 0xff, 0xff, 0xff, 0xfd, 0xff, 0xff, 0xff, 0xfd, 0xff, 0xff, 0xff,
  0xfd, 0xff, 0xff, 0xff, 0xfd, 0xff, 0xff, 0xff, 0xfd, 0xff, 0xff, 0xff,
  0xfd, 0xff, 0xff, 0xff, 0xfd, 0xff, 0xff, 0xff, 0xfd, 0xff, 0xff, 0xff,
  0xfd, 0xff, 0xff, 0xff, 0xfd, 0xfd, 0xfc, 0xff, 0xfd, 0xfd, 0xfe, 0xff,
  0xfd, 0xfd, 0xfd, 0xff, 0xfd, 0xfd, 0xfd, 0xff, 0xfd, 0xfd, 0xfd, 0xff,
  0xfd, 0xfd, 0xfd, 0xff, 0xfd, 0xfd, 0xfd, 0xff, 0xfd, 0xfd, 0xfd, 0xff,
  0xfd, 0xfd, 0xfd, 0xff, 0xfd, 0xfd, 0xfd, 0xff, 0xfd, 0xfd, 0xfd, 0xff,
  0xfd, 0xfd, 0xfd, 0xff, 0xfd, 0xfd, 0xfd, 0xff, 0xfd, 0xfd, 0xfd, 0xff,
  0xfd, 0xfd, 0xfd, 0xff, 0xfd, 0xfc, 0xfb, 0xff, 0xfd, 0xfc, 0xfc, 0xff,
  0xfd, 0xfd, 0xfd, 0xff, 0xfd, 0xfd, 0xfd, 0xff, 0xfd, 0xfd, 0xfd, 0xff,
  0xfd, 0xfd, 0xfd, 0xff, 0xfd, 0xfd, 0xfd, 0xff, 0xfd, 0xfd, 0xfd, 0xff,
  0xfd, 0xfd, 0xfd, 0xff, 0xfd, 0xfd, 0xfd, 0xff, 0xfd, 0xfd, 0xfd, 0xff,
  0xfd, 0xfd, 0xfd, 0xff, 0xfd, 0xfd, 0xfd, 0xff, 0xfd, 0xfd, 0xfd, 0xff,
  0xfd, 0xfd, 0xfd, 0xff, 0xfd, 0xfd, 0xfd, 0xff, 0xfd, 0xfd, 0xfd, 0xff,
  0xfd, 0xfd, 0xfd, 0xff, 0xfd, 0xfd, 0xfd, 0xff, 0xfd, 0xfd, 0xfd, 0xff,
  0xfd, 0xfd, 0xfd, 0xff, 0xfd, 0xfd, 0xfd, 0xff, 0xfd, 0xfd, 0xfd, 0xff,
  0xfd, 0xfd, 0xfd, 0xff, 0xfd, 0xfd, 0xfd, 0xff, 0xfd, 0xfd, 0xfd, 0xff,
  0xfd, 0xfd, 0xfd, 0xff, 0xfd, 0xfd, 0xfd, 0xff, 0xfd, 0xfd, 0xfd, 0xff,
  0xfd, 0xfd, 0xfd, 0xff, 0xfd, 0xfc, 0xfd, 0xff, 0xfd, 0xff, 0xff, 0xff,
  0xfd, 0xff, 0xff, 0xff, 0xfd, 0xff, 0xff, 0xff, 0xfd, 0xff, 0xff, 0xff,
  0xfd, 0xff, 0xff, 0xff, 0xfd, 0xff, 0xff, 0xff, 0xfd, 0xff, 0xff, 0xff,
  0xfd, 0xff, 0xff, 0xff, 0xfd, 0xff, 0xff, 0xff, 0xfd, 0xff, 0xff, 0xff,
  0xf9, 0x66, 0xa7, 0xff, 0xf9, 0x00, 0x66, 0xff, 0xfa, 0x3b, 0x8b, 0xff,
  0xfe, 0xff, 0xff, 0xff, 0xfd, 0xfd, 0xfd, 0xff, 0xfd, 0xfd, 0xfd, 0xff,
  0xfd, 0xfd, 0xfd, 0xff, 0xfd, 0xfd, 0xfd, 0xff, 0xfd, 0xfd, 0xfd, 0xff,
  0xfe, 0xfe, 0xfe, 0xff, 0xf9, 0xfa, 0xfa, 0xff, 0xed, 0xed, 0xee, 0xff,
  0xf6, 0xf6, 0xf6, 0xff, 0xfa, 0xfa, 0xfa, 0xff, 0xfa, 0xfa, 0xfa, 0xff,
  0xfa, 0xfa, 0xfa, 0xff, 0xfa, 0xfa, 0xfa, 0xff, 0xfa, 0xfa, 0xfa, 0xff,
  0xfa, 0xfa, 0xfa, 0xc3, 0xfa, 0xfa, 0xfa, 0x00, 0xfa, 0xfa, 0xfa, 0x00,
  0xfa, 0xfa, 0xfa, 0x00, 0xfa, 0xfa, 0xfa, 0x22, 0xfa, 0xfa, 0xfa, 0xff,
  0xfa, 0xfa, 0xfa, 0xff, 0xfa, 0xfa, 0xfa, 0xff, 0xfa, 0xfa, 0xfa, 0xff,
  0xfa, 0xfa, 0xfb, 0xff, 0xfa, 0xfa, 0xfa, 0xff, 0xf5, 0xf5, 0xf6, 0xff,
  0xf3, 0xf3, 0xf4, 0xff, 0xfe, 0xfe, 0xfe, 0xff, 0xfd, 0xfd, 0xfd, 0xff,
  0xfd, 0xfd, 0xfd, 0xff, 0xfd, 0xfd, 0xfd, 0xff, 0xfd, 0xfd, 0xfd, 0xff,
  0xfd, 0xfc, 0xfb, 0xff, 0xfd, 0xff, 0xff, 0xff, 0xfd, 0xea, 0xcc, 0xff,
  0xfd, 0x9c, 0x00, 0xff, 0xfc, 0x9f, 0x08, 0xff, 0xfe, 0xf4, 0xe4, 0xff,
  0xfd, 0xff, 0xff, 0xff, 0xfd, 0xfa, 0xf7, 0xff, 0xfd, 0xfb, 0xf9, 0xff,
  0xfd, 0xfc, 0xf9, 0xff, 0xfd, 0xfb, 0xf9, 0xff, 0xfd, 0xfb, 0xf9, 0xff,
  0xfd, 0xfb, 0xf9, 0xff, 0xfd, 0xfb, 0xf9, 0xff, 0xfd, 0xfb, 0xf9, 0xff,
  0xfd, 0xfc, 0xfb, 0xff, 0xfd, 0xfd, 0xfd, 0xff, 0xfd, 0xfd, 0xfd, 0xff,
  0xfd, 0xfd, 0xfd, 0xff, 0xfd, 0xfd, 0xfd, 0xff, 0xfd, 0xfd, 0xfd, 0xff,
  0xfd, 0xfd, 0xfd, 0xff, 0xfd, 0xfd, 0xfd, 0xff, 0xfd, 0xfd, 0xfd, 0xff,
  0xfd, 0xfd, 0xfd, 0xff, 0xfd, 0xfd, 0xfe, 0xff, 0xfd, 0xfd, 0xfd, 0xff,
  0xfd, 0xfd, 0xfd, 0xff, 0xfd, 0xfd, 0xfe, 0xff, 0xfd, 0xfc, 0xfb, 0xff,
  0xfd, 0xfc, 0xfc, 0xff, 0xfd, 0xff, 0xff, 0xff, 0xfd, 0xff, 0xff, 0xff,
  0xfd, 0xfb, 0xfa, 0xff, 0xfd, 0xfc, 0xfc, 0xff, 0xfd, 0xfd, 0xfd, 0xff,
  0xfd, 0xfd, 0xfd, 0xff, 0xfd, 0xfd, 0xfd, 0xff, 0xfd, 0xfd, 0xfd, 0xff,
  0xfd, 0xfd, 0xfd, 0xff, 0xfd, 0xfd, 0xfd, 0xff, 0xfd, 0xfd, 0xfd, 0xff,
  0xfd, 0xfd, 0xfd, 0xff, 0xfd, 0xfd, 0xfd, 0xff, 0xfd, 0xfd, 0xfd, 0xff,
  0xfd, 0xfd, 0xfd, 0xff, 0xfd, 0xfd, 0xfd, 0xff, 0xfd, 0xfd, 0xfd, 0xff,
  0xfd, 0xfd, 0xfd, 0xff, 0xfd, 0xfd, 0xfd, 0xff, 0xfd, 0xfd, 0xfd, 0xff,
  0xfd, 0xfd, 0xfd, 0xff, 0xfd, 0xfd, 0xfd, 0xff, 0xfd, 0xfd, 0xfd, 0xff,
  0xfd, 0xfd, 0xfd, 0xff, 0xfd, 0xfd, 0xfd, 0xff, 0xfd, 0xfd, 0xfd, 0xff,
  0xfd, 0xfd, 0xfd, 0xff, 0xfd, 0xfd, 0xfd, 0xff, 0xfd, 0xfd, 0xfd, 0xff,
  0xfd, 0xfd, 0xfd, 0xff, 0xfd, 0xfd, 0xfd, 0xff, 0xfd, 0xfb, 0xfc, 0xff,
  0xfd, 0xf9, 0xfb, 0xff, 0xfd, 0xf9, 0xfb, 0xff, 0xfd, 0xf9, 0xfb, 0xff,
  0xfd, 0xf9, 0xfb, 0xff, 0xfd, 0xf9, 0xfb, 0xff, 0xfd, 0xf9, 0xfb, 0xff,
  0xfd, 0xf9, 0xfb, 0xff, 0xfd, 0xf6, 0xf9, 0xff, 0xfe, 0xff, 0xff, 0xff,
  0xfb, 0xd6, 0xe6, 0xff, 0xf8, 0x0a, 0x70, 0xff, 0xfa, 0x14, 0x76, 0xff,
  0xfd, 0xdd, 0xea, 0xff, 0xfd, 0xff, 0xff, 0xff, 0xfd, 0xfb, 0xfc, 0xff,
  0xfd, 0xfd, 0xfd, 0xff, 0xfd, 0xfd, 0xfd, 0xff, 0xfd, 0xfd, 0xfd, 0xff,
  0xfd, 0xfd, 0xfd, 0xff, 0xfc, 0xfd, 0xfd, 0xff, 0xee, 0xee, 0xee, 0xff,
  0xf4, 0xf4, 0xf4, 0xff, 0xf9, 0xf9, 0xf9, 0xff, 0xfa, 0xfa, 0xfa, 0xff,
  0xfa, 0xfa, 0xfa, 0xff, 0xfa, 0xfa, 0xfa, 0xff, 0xfa, 0xfa, 0xfa, 0xff,
  0xfa, 0xfa, 0xfa, 0xff, 0xfa, 0xfa, 0xfb, 0x22, 0xfa, 0xfa, 0xfa, 0x00,
  0xfa, 0xfa, 0xfa, 0x00, 0xfa, 0xfa, 0xfa, 0x6a, 0xfa, 0xfa, 0xfa, 0xff,
  0xfa, 0xfa, 0xfa, 0xff, 0xfa, 0xfa, 0xfa, 0xff, 0xfa, 0xfa, 0xfa, 0xff,
  0xfa, 0xfa, 0xfb, 0xff, 0xfa, 0xfa, 0xfa, 0xff, 0xf4, 0xf4, 0xf4, 0xff,
  0xf5, 0xf5, 0xf5, 0xff, 0xfe, 0xfe, 0xfe, 0xff, 0xfd, 0xfd, 0xfd, 0xff,
  0xfd, 0xfd, 0xfd, 0xff, 0xfd, 0xfd, 0xfd, 0xff, 0xfd, 0xfd, 0xfd, 0xff,
  0xfd, 0xfc, 0xfa, 0xff, 0xfd, 0xff, 0xff, 0xff, 0xfd, 0xe5, 0xc1, 0xff,
  0xfd, 0x99, 0x00, 0xff, 0xfd, 0xa6, 0x19, 0xff, 0xfd, 0xf7, 0xef, 0xff,
  0xfd, 0xfe, 0xff, 0xff, 0xfd, 0xfd, 0xfd, 0xff, 0xfd, 0xfd, 0xfd, 0xff,
  0xfd, 0xfd, 0xfd, 0xff, 0xfd, 0xfd, 0xfd, 0xff, 0xfd, 0xfd, 0xfd, 0xff,
  0xfd, 0xfd, 0xfd, 0xff, 0xfd, 0xfd, 0xfd, 0xff, 0xfd, 0xfd, 0xfd, 0xff,
  0xfd, 0xfd, 0xfd, 0xff, 0xfd, 0xfd, 0xfd, 0xff, 0xfd, 0xfd, 0xfd, 0xff,
  0xfd, 0xfd, 0xfd, 0xff, 0xfd, 0xfd, 0xfd, 0xff, 0xfd, 0xfd, 0xfd, 0xff,
  0xfd, 0xfd, 0xfd, 0xff, 0xfd, 0xfd, 0xfd, 0xff, 0xfd, 0xfd, 0xfd, 0xff,
  0xfd, 0xfd, 0xfd, 0xff, 0xfd, 0xfd, 0xfd, 0xff, 0xfd, 0xfd, 0xfd, 0xff,
  0xfd, 0xfd, 0xfe, 0xff, 0xfd, 0xfc, 0xfb, 0xff, 0xfd, 0xff, 0xff, 0xff,
  0xfe, 0xff, 0xff, 0xff, 0xfd, 0xeb, 0xe1, 0xff, 0xfc, 0xee, 0xe6, 0xff,
  0xfe, 0xff, 0xff, 0xff, 0xfd, 0xff, 0xff, 0xff, 0xfd, 0xfc, 0xfc, 0xff,
  0xfd, 0xfd, 0xfd, 0xff, 0xfd, 0xfd, 0xfd, 0xff, 0xfd, 0xfd, 0xfd, 0xff,
  0xfd, 0xfd, 0xfe, 0xff, 0xfd, 0xfd, 0xfd, 0xff, 0xfd, 0xfd, 0xfd, 0xff,
  0xfd, 0xfd, 0xfd, 0xff, 0xfd, 0xfd, 0xfd, 0xff, 0xfd, 0xfd, 0xfd, 0xff,
  0xfd, 0xfd, 0xfd, 0xff, 0xfd, 0xfd, 0xfd, 0xff, 0xfd, 0xfd, 0xfd, 0xff,
  0xfd, 0xfd, 0xfd, 0xff, 0xfd, 0xfd, 0xfd, 0xff, 0xfd, 0xfd, 0xfd, 0xff,
  0xfd, 0xfd, 0xfd, 0xff, 0xfd, 0xfd, 0xfd, 0xff, 0xfd, 0xfd, 0xfd, 0xff,
  0xfd, 0xfd, 0xfd, 0xff, 0xfd, 0xfd, 0xfd, 0xff, 0xfd, 0xfd, 0xfd, 0xff,
  0xfd, 0xfd, 0xfd, 0xff, 0xfd, 0xfd, 0xfd, 0xff, 0xfd, 0xfc, 0xfd, 0xff,
  0xfd, 0xfa, 0xfb, 0xff, 0xfd, 0xfa, 0xfc, 0xff, 0xfd, 0xfd, 0xfd, 0xff,
  0xfd, 0xfd, 0xfd, 0xff, 0xfd, 0xfd, 0xfd, 0xff, 0xfd, 0xfd, 0xfd, 0xff,
  0xfd, 0xfd, 0xfd, 0xff, 0xfd, 0xfd, 0xfd, 0xff, 0xfd, 0xfd, 0xfd, 0xff,
  0xfd, 0xfd, 0xfd, 0xff, 0xfd, 0xfc, 0xfd, 0xff, 0xfd, 0xff, 0xff, 0xff,
  0xfc, 0xe2, 0xee, 0xff, 0xf8, 0x18, 0x78, 0xff, 0xfa, 0x0a, 0x70, 0xff,
  0xfd, 0xd5, 0xe6, 0xff, 0xfd, 0xff, 0xff, 0xff, 0xfd, 0xfb, 0xfc, 0xff,
  0xfd, 0xfd, 0xfd, 0xff, 0xfd, 0xfd, 0xfd, 0xff, 0xfd, 0xfd, 0xfd, 0xff,
  0xfd, 0xfd, 0xfd, 0xff, 0xfe, 0xfe, 0xfe, 0xff, 0xef, 0xef, 0xef, 0xff,
  0xf1, 0xf1, 0xf1, 0xff, 0xf8, 0xf9, 0xf9, 0xff, 0xfa, 0xfa, 0xfa, 0xff,
  0xfa, 0xfa, 0xfa, 0xff, 0xfa, 0xfa, 0xfa, 0xff, 0xfa, 0xfa, 0xfb, 0xff,
  0xfa, 0xfa, 0xfb, 0xff, 0xfa, 0xfa, 0xfa, 0x6a, 0xfa, 0xfa, 0xfa, 0x00,
  0xfa, 0xfa, 0xfa, 0x00, 0xfa, 0xfa, 0xfa, 0xaa, 0xfa, 0xfa, 0xfa, 0xff,
  0xfa, 0xfa, 0xfa, 0xff, 0xfa, 0xfa, 0xfa, 0xff, 0xfa, 0xfa, 0xfa, 0xff,
  0xfa, 0xfa, 0xfb, 0xff, 0xf9, 0xfa, 0xfa, 0xff, 0xf2, 0xf3, 0xf3, 0xff,
  0xf5, 0xf5, 0xf6, 0xff, 0xfe, 0xfe, 0xfe, 0xff, 0xfd, 0xfd, 0xfd, 0xff,
  0xfd, 0xfd, 0xfd, 0xff, 0xfd, 0xfd, 0xfd, 0xff, 0xfd, 0xfd, 0xfd, 0xff,
  0xfd, 0xfc, 0xfb, 0xff, 0xfd, 0xff, 0xff, 0xff, 0xfd, 0xe5, 0xc2, 0xff,
  0xfd, 0x97, 0x00, 0xff, 0xfd, 0xa4, 0x17, 0xff, 0xfd, 0xf7, 0xee, 0xff,
  0xfd, 0xff, 0xff, 0xff, 0xfd, 0xfd, 0xfc, 0xff, 0xfd, 0xfd, 0xfd, 0xff,
  0xfd, 0xfd, 0xfd, 0xff, 0xfd, 0xfd, 0xfd, 0xff, 0xfd, 0xfd, 0xfd, 0xff,
  0xfd, 0xfd, 0xfd, 0xff, 0xfd, 0xfd, 0xfd, 0xff, 0xfd, 0xfd, 0xfd, 0xff,
  0xfd, 0xfd, 0xfd, 0xff, 0xfd, 0xfd, 0xfd, 0xff, 0xfd, 0xfd, 0xfd, 0xff,
  0xfd, 0xfd, 0xfd, 0xff, 0xfd, 0xfd, 0xfd, 0xff, 0xfd, 0xfd, 0xfd, 0xff,
  0xfd, 0xfd, 0xfd, 0xff, 0xfd, 0xfd, 0xfd, 0xff, 0xfd, 0xfd, 0xfd, 0xff,
  0xfd, 0xfd, 0xfd, 0xff, 0xfd, 0xfd, 0xfd, 0xff, 0xfd, 0xfd, 0xfd, 0xff,
  0xfd, 0xfc, 0xfb, 0xff, 0xfd, 0xff, 0xff, 0xff, 0xfd, 0xed, 0xe4, 0xff,
  0xfc, 0x81, 0x3a, 0xff, 0xfb, 0x5e, 0x09, 0xff, 0xfc, 0x5d, 0x11, 0xff,
  0xfd, 0x91, 0x63, 0xff, 0xfd, 0xf9, 0xf8, 0xff, 0xfd, 0xff, 0xff, 0xff,
  0xfd, 0xfc, 0xfc, 0xff, 0xfd, 0xfd, 0xfd, 0xff, 0xfd, 0xfd, 0xfd, 0xff,
  0xfd, 0xfd, 0xfe, 0xff, 0xfd, 0xfd, 0xfd, 0xff, 0xfd, 0xfd, 0xfd, 0xff,
  0xfd, 0xfd, 0xfd, 0xff, 0xfd, 0xfd, 0xfd, 0xff, 0xfd, 0xfd, 0xfd, 0xff,
  0xfd, 0xfd, 0xfd, 0xff, 0xfd, 0xfd, 0xfd, 0xff, 0xfd, 0xfd, 0xfd, 0xff,
  0xfd, 0xfd, 0xfd, 0xff, 0xfd, 0xfd, 0xfd, 0xff, 0xfd, 0xfd, 0xfd, 0xff,
  0xfd, 0xfd, 0xfd, 0xff, 0xfd, 0xfd, 0xfd, 0xff, 0xfd, 0xfd, 0xfd, 0xff,
  0xfd, 0xfd, 0xfd, 0xff, 0xfd, 0xfd, 0xfd, 0xff, 0xfd, 0xfd, 0xfd, 0xff,
  0xfd, 0xfd, 0xfd, 0xff, 0xfd, 0xfb, 0xfc, 0xff, 0xfd, 0xff, 0xff, 0xff,
  0xfd, 0xff, 0xff, 0xff, 0xfe, 0xff, 0xff, 0xff, 0xfd, 0xfd, 0xfd, 0xff,
  0xfd, 0xfc, 0xfc, 0xff, 0xfd, 0xfd, 0xfe, 0xff, 0xfd, 0xfd, 0xfd, 0xff,
  0xfd, 0xfd, 0xfd, 0xff, 0xfd, 0xfd, 0xfd, 0xff, 0xfd, 0xfd, 0xfd, 0xff,
  0xfd, 0xfd, 0xfd, 0xff, 0xfd, 0xfb, 0xfc, 0xff, 0xfe, 0xff, 0xff, 0xff,
  0xfc, 0xe2, 0xee, 0xff, 0xf9, 0x18, 0x77, 0xff, 0xfa, 0x0c, 0x71, 0xff,
  0xfc, 0xd6, 0xe6, 0xff, 0xfd, 0xff, 0xff, 0xff, 0xfd, 0xfb, 0xfc, 0xff,
  0xfd, 0xfd, 0xfd, 0xff, 0xfd, 0xfd, 0xfd, 0xff, 0xfd, 0xfd, 0xfd, 0xff,
  0xfd, 0xfd, 0xfd, 0xff, 0xfe, 0xff, 0xff, 0xff, 0xf0, 0xf0, 0xf0, 0xff,
  0xf0, 0xf0, 0xf0, 0xff, 0xf8, 0xf8, 0xf9, 0xff, 0xfa, 0xfa, 0xfa, 0xff,
  0xfa, 0xfa, 0xfa, 0xff, 0xfa, 0xfa, 0xfa, 0xff, 0xfa, 0xfa, 0xfa, 0xff,
  0xfa, 0xfa, 0xfb, 0xff, 0xfa, 0xfa, 0xfa, 0xaa, 0xfa, 0xfa, 0xfa, 0x00,
  0xfa, 0xfa, 0xfa, 0x00, 0xfa, 0xfa, 0xfa, 0xe1, 0xfa, 0xfa, 0xfa, 0xff,
  0xfa, 0xfa, 0xfb, 0xff, 0xfa, 0xfa, 0xfa, 0xff, 0xfa, 0xfa, 0xfa, 0xff,
  0xfa, 0xfa, 0xfa, 0xff, 0xf9, 0xf9, 0xfa, 0xff, 0xf1, 0xf2, 0xf2, 0xff,
  0xf5, 0xf5, 0xf6, 0xff, 0xfe, 0xfe, 0xfe, 0xff, 0xfd, 0xfd, 0xfd, 0xff,
  0xfd, 0xfd, 0xfd, 0xff, 0xfd, 0xfd, 0xfd, 0xff, 0xfd, 0xfd, 0xfd, 0xff,
  0xfd, 0xfc, 0xfa, 0xff, 0xfd, 0xff, 0xff, 0xff, 0xfd, 0xe6, 0xc3, 0xff,
  0xfd, 0x96, 0x00, 0xff, 0xfd, 0xa4, 0x17, 0xff, 0xfd, 0xf8, 0xee, 0xff,
  0xfd, 0xff, 0xff, 0xff, 0xfd, 0xfd, 0xfc, 0xff, 0xfd, 0xfd, 0xfd, 0xff,
  0xfd, 0xfd, 0xfd, 0xff, 0xfd, 0xfd, 0xfd, 0xff, 0xfd, 0xfd, 0xfd, 0xff,
  0xfd, 0xfd, 0xfd, 0xff, 0xfd, 0xfd, 0xfd, 0xff, 0xfd, 0xfd, 0xfd, 0xff,
  0xfd, 0xfd, 0xfd, 0xff, 0xfd, 0xfd, 0xfd, 0xff, 0xfd, 0xfd, 0xfd, 0xff,
  0xfd, 0xfd, 0xfd, 0xff, 0xfd, 0xfd, 0xfd, 0xff, 0xfd, 0xfd, 0xfd, 0xff,
  0xfd, 0xfd, 0xfd, 0xff, 0xfd, 0xfd, 0xfd, 0xff, 0xfd, 0xfd, 0xfd, 0xff,
  0xfd, 0xfd, 0xfd, 0xff, 0xfd, 0xfd, 0xfd, 0xff, 0xfd, 0xfd, 0xfd, 0xff,
  0xfd, 0xfd, 0xfe, 0xff, 0xfd, 0xff, 0xff, 0xff, 0xfb, 0x7a, 0x2b, 0xff,
  0xfd, 0x84, 0x3b, 0xff, 0xfd, 0xe5, 0xd9, 0xff, 0xfd, 0xdb, 0xcc, 0xff,
  0xfb, 0x5d, 0x1e, 0xff, 0xfd, 0x96, 0x6e, 0xff, 0xfe, 0xff, 0xff, 0xff,
  0xfd, 0xfb, 0xfa, 0xff, 0xfd, 0xfd, 0xfd, 0xff, 0xfd, 0xfd, 0xfd, 0xff,
  0xfd, 0xfd, 0xfd, 0xff, 0xfd, 0xfd, 0xfd, 0xff, 0xfd, 0xfd, 0xfd, 0xff,
  0xfd, 0xfd, 0xfd, 0xff, 0xfd, 0xfd, 0xfd, 0xff, 0xfd, 0xfd, 0xfd, 0xff,
  0xfd, 0xfd, 0xfd, 0xff, 0xfd, 0xfd, 0xfd, 0xff, 0xfd, 0xfd, 0xfd, 0xff,
  0xfd, 0xfd, 0xfd, 0xff, 0xfd, 0xfd, 0xfd, 0xff, 0xfd, 0xfd, 0xfd, 0xff,
  0xfd, 0xfd, 0xfd, 0xff, 0xfd, 0xfd, 0xfd, 0xff, 0xfd, 0xfd, 0xfd, 0xff,
  0xfd, 0xfd, 0xfd, 0xff, 0xfd, 0xfd, 0xfd, 0xff, 0xfd, 0xfd, 0xfe, 0xff,
  0xfd, 0xfb, 0xfc, 0xff, 0xfe, 0xff, 0xff, 0xff, 0xfd, 0xf1, 0xf5, 0xff,
  0xfb, 0xaf, 0xcd, 0xff, 0xfc, 0xbc, 0xd6, 0xff, 0xfe, 0xff, 0xff, 0xff,
  0xfd, 0xff, 0xff, 0xff, 0xfd, 0xfc, 0xfc, 0xff, 0xfd, 0xfd, 0xfd, 0xff,
  0xfd, 0xfd, 0xfd, 0xff, 0xfd, 0xfd, 0xfd, 0xff, 0xfd, 0xfd, 0xfd, 0xff,
  0xfd, 0xfd, 0xfd, 0xff, 0xfd, 0xfb, 0xfc, 0xff, 0xfd, 0xff, 0xff, 0xff,
  0xfc, 0xe3, 0xee, 0xff, 0xf8, 0x18, 0x77, 0xff, 0xfa, 0x0c, 0x71, 0xff,
  0xfc, 0xd6, 0xe6, 0xff, 0xfd, 0xff, 0xff, 0xff, 0xfd, 0xfb, 0xfc, 0xff,
  0xfd, 0xfd, 0xfd, 0xff, 0xfd, 0xfd, 0xfd, 0xff, 0xfd, 0xfd, 0xfd, 0xff,
  0xfc, 0xfd, 0xfd, 0xff, 0xfe, 0xfe, 0xff, 0xff, 0xf0, 0xf0, 0xf0, 0xff,
  0xef, 0xef, 0xef, 0xff, 0xf8, 0xf8, 0xf8, 0xff, 0xfa, 0xfa, 0xfa, 0xff,
  0xfa, 0xfa, 0xfa, 0xff, 0xfa, 0xfa, 0xfa, 0xff, 0xfa, 0xfa, 0xfa, 0xff,
  0xfa, 0xfa, 0xfa, 0xff, 0xfa, 0xfa, 0xfa, 0xe1, 0xfa, 0xfa, 0xfa, 0x00,
  0xfa, 0xfa, 0xfa, 0x15, 0xfa, 0xfa, 0xfa, 0xff, 0xfa, 0xfa, 0xfa, 0xff,
  0xfa, 0xfa, 0xfa, 0xff, 0xfa, 0xfa, 0xfa, 0xff, 0xfa, 0xfa, 0xfa, 0xff,
  0xfa, 0xfa, 0xfa, 0xff, 0xf9, 0xf9, 0xf9, 0xff, 0xf1, 0xf1, 0xf2, 0xff,
  0xf6, 0xf6, 0xf6, 0xff, 0xfe, 0xfe, 0xfe, 0xff, 0xfc, 0xfd, 0xfd, 0xff,
  0xfd, 0xfd, 0xfd, 0xff, 0xfd, 0xfd, 0xfd, 0xff, 0xfd, 0xfd, 0xfd, 0xff,
  0xfd, 0xfc, 0xfa, 0xff, 0xfd, 0xff, 0xff, 0xff, 0xfd, 0xe5, 0xc2, 0xff,
  0xfd, 0x97, 0x00, 0xff, 0xfd, 0xa5, 0x17, 0xff, 0xfd, 0xf8, 0xee, 0xff,
  0xfd, 0xff, 0xff, 0xff, 0xfd, 0xfd, 0xfc, 0xff, 0xfd, 0xfd, 0xfd, 0xff,
  0xfd, 0xfd, 0xfd, 0xff, 0xfd, 0xfd, 0xfd, 0xff, 0xfd, 0xfd, 0xfd, 0xff,
  0xfd, 0xfd, 0xfd, 0xff, 0xfd, 0xfd, 0xfd, 0xff, 0xfd, 0xfd, 0xfd, 0xff,
  0xfd, 0xfd, 0xfd, 0xff, 0xfd, 0xfd, 0xfd, 0xff, 0xfd, 0xfd, 0xfd, 0xff,
  0xfd, 0xfd, 0xfd, 0xff, 0xfd, 0xfd, 0xfd, 0xff, 0xfd, 0xfd, 0xfd, 0xff,
  0xfd, 0xfd, 0xfd, 0xff, 0xfd, 0xfd, 0xfd, 0xff, 0xfd, 0xfd, 0xfd, 0xff,
  0xfd, 0xfd, 0xfd, 0xff, 0xfd, 0xfd, 0xfd, 0xff, 0xfd, 0xfb, 0xfb, 0xff,
  0xfe, 0xff, 0xff, 0xff, 0xfd, 0xd6, 0xbe, 0xff, 0xfb, 0x68, 0x0a, 0xff,
  0xfe, 0xf7, 0xf3, 0xff, 0xfe, 0xff, 0xff, 0xff, 0xfd, 0xff, 0xff, 0xff,
  0xfd, 0xd8, 0xca, 0xff, 0xfb, 0x5a, 0x1d, 0xff, 0xfd, 0xef, 0xea, 0xff,
  0xfd, 0xff, 0xff, 0xff, 0xfd, 0xfc, 0xfc, 0xff, 0xfd, 0xfd, 0xfd, 0xff,
  0xfd, 0xfd, 0xfd, 0xff, 0xfd, 0xfd, 0xfd, 0xff, 0xfd, 0xfd, 0xfd, 0xff,
  0xfd, 0xfd, 0xfd, 0xff, 0xfd, 0xfd, 0xfd, 0xff, 0xfd, 0xfd, 0xfd, 0xff,
  0xfd, 0xfd, 0xfd, 0xff, 0xfd, 0xfd, 0xfd, 0xff, 0xfd, 0xfd, 0xfd, 0xff,
  0xfd, 0xfd, 0xfd, 0xff, 0xfd, 0xfd, 0xfd, 0xff, 0xfd, 0xfd, 0xfd, 0xff,
  0xfd, 0xfd, 0xfd, 0xff, 0xfd, 0xfd, 0xfd, 0xff, 0xfd, 0xfd, 0xfd, 0xff,
  0xfd, 0xfd, 0xfd, 0xff, 0xfd, 0xfd, 0xfd, 0xff, 0xfd, 0xfb, 0xfc, 0xff,
  0xfe, 0xff, 0xff, 0xff, 0xfc, 0xcb, 0xdd, 0xff, 0xf8, 0x20, 0x73, 0xff,
  0xf7, 0x26, 0x79, 0xff, 0xf8, 0x1a, 0x75, 0xff, 0xfb, 0x48, 0x8f, 0xff,
  0xfe, 0xf4, 0xf8, 0xff, 0xfd, 0xff, 0xff, 0xff, 0xfd, 0xfc, 0xfd, 0xff,
  0xfd, 0xfd, 0xfd, 0xff, 0xfd, 0xfd, 0xfd, 0xff, 0xfd, 0xfd, 0xfd, 0xff,
  0xfd, 0xfd, 0xfd, 0xff, 0xfd, 0xfb, 0xfc, 0xff, 0xfd, 0xff, 0xff, 0xff,
  0xfc, 0xe2, 0xee, 0xff, 0xf8, 0x17, 0x77, 0xff, 0xfa, 0x0b, 0x71, 0xff,
  0xfd, 0xd6, 0xe6, 0xff, 0xfd, 0xff, 0xff, 0xff, 0xfd, 0xfb, 0xfc, 0xff,
  0xfd, 0xfd, 0xfd, 0xff, 0xfd, 0xfd, 0xfd, 0xff, 0xfd, 0xfd, 0xfd, 0xff,
  0xfd, 0xfd, 0xfd, 0xff, 0xff, 0xff, 0xff, 0xff, 0xf0, 0xf0, 0xf0, 0xff,
  0xee, 0xee, 0xee, 0xff, 0xf8, 0xf8, 0xf8, 0xff, 0xfa, 0xfa, 0xfa, 0xff,
  0xfa, 0xfa, 0xfa, 0xff, 0xfa, 0xfa, 0xfa, 0xff, 0xfa, 0xfa, 0xfa, 0xff,
  0xfa, 0xfa, 0xfa, 0xff, 0xfa, 0xfa, 0xfa, 0xff, 0xfa, 0xfa, 0xfa, 0x15,
  0xfa, 0xfa, 0xfa, 0x3b, 0xfa, 0xfa, 0xfa, 0xff, 0xfa, 0xfa, 0xfa, 0xff,
  0xfa, 0xfa, 0xfa, 0xff, 0xfa, 0xfa, 0xfa, 0xff, 0xfa, 0xfa, 0xfa, 0xff,
  0xfa, 0xfa, 0xfa, 0xff, 0xf9, 0xf9, 0xf9, 0xff, 0xf1, 0xf2, 0xf2, 0xff,
  0xf6, 0xf6, 0xf6, 0xff, 0xfe, 0xfe, 0xfe, 0xff, 0xfd, 0xfd, 0xfd, 0xff,
  0xfd, 0xfd, 0xfd, 0xff, 0xfd, 0xfd, 0xfd, 0xff, 0xfd, 0xfd, 0xfd, 0xff,
  0xfd, 0xfc, 0xfa, 0xff, 0xfd, 0xff, 0xff, 0xff, 0xfd, 0xe6, 0xc3, 0xff,
  0xfd, 0x98, 0x00, 0xff, 0xfd, 0xa6, 0x17, 0xff, 0xfd, 0xf8, 0xef, 0xff,
  0xfd, 0xff, 0xff, 0xff, 0xfd, 0xfc, 0xfc, 0xff, 0xfd, 0xfd, 0xfd, 0xff,
  0xfd, 0xfd, 0xfd, 0xff, 0xfd, 0xfd, 0xfd, 0xff, 0xfd, 0xfd, 0xfd, 0xff,
  0xfd, 0xfd, 0xfd, 0xff, 0xfd, 0xfd, 0xfd, 0xff, 0xfd, 0xfd, 0xfd, 0xff,
  0xfd, 0xfd, 0xfd, 0xff, 0xfd, 0xfd, 0xfd, 0xff, 0xfd, 0xfd, 0xfd, 0xff,
  0xfd, 0xfd, 0xfd, 0xff, 0xfd, 0xfd, 0xfd, 0xff, 0xfd, 0xfd, 0xfd, 0xff,
  0xfd, 0xfd, 0xfd, 0xff, 0xfd, 0xfd, 0xfd, 0xff, 0xfd, 0xfd, 0xfd, 0xff,
  0xfd, 0xfd, 0xfd, 0xff, 0xfd, 0xfd, 0xfd, 0xff, 0xfd, 0xfb, 0xfa, 0xff,
  0xfd, 0xff, 0xff, 0xff, 0xfc, 0xd6, 0xbf, 0xff, 0xfb, 0x73, 0x1c, 0xff,
  0xfe, 0xff, 0xff, 0xff, 0xfd, 0xfd, 0xfe, 0xff, 0xfe, 0xff, 0xff, 0xff,
  0xfd, 0xe0, 0xd4, 0xff, 0xfb, 0x60, 0x24, 0xff, 0xfe, 0xf4, 0xef, 0xff,
  0xfd, 0xff, 0xff, 0xff, 0xfd, 0xfc, 0xfc, 0xff, 0xfd, 0xfd, 0xfd, 0xff,
  0xfd, 0xfd, 0xfd, 0xff, 0xfd, 0xfd, 0xfd, 0xff, 0xfd, 0xfd, 0xfd, 0xff,
  0xfd, 0xfd, 0xfd, 0xff, 0xfd, 0xfd, 0xfd, 0xff, 0xfd, 0xfd, 0xfd, 0xff,
  0xfd, 0xfd, 0xfd, 0xff, 0xfd, 0xfd, 0xfd, 0xff, 0xfd, 0xfd, 0xfd, 0xff,
  0xfd, 0xfd, 0xfd, 0xff, 0xfd, 0xfd, 0xfd, 0xff, 0xfd, 0xfd, 0xfd, 0xff,
  0xfd, 0xfd, 0xfd, 0xff, 0xfd, 0xfd, 0xfd, 0xff, 0xfd, 0xfd, 0xfd, 0xff,
  0xfd, 0xfd, 0xfd, 0xff, 0xfd, 0xfd, 0xfd, 0xff, 0xfd, 0xfd, 0xfe, 0xff,
  0xfe, 0xff, 0xff, 0xff, 0xf6, 0x2c, 0x79, 0xff, 0xfb, 0x72, 0xa6, 0xff,
  0xff, 0xff, 0xff, 0xff, 0xfd, 0xf4, 0xf7, 0xff, 0xf8, 0x2d, 0x80, 0xff,
  0xfb, 0x77, 0xac, 0xff, 0xfe, 0xff, 0xff, 0xff, 0xfd, 0xfa, 0xfb, 0xff,
  0xfd, 0xfd, 0xfd, 0xff, 0xfd, 0xfd, 0xfd, 0xff, 0xfd, 0xfd, 0xfd, 0xff,
  0xfd, 0xfd, 0xfd, 0xff, 0xfd, 0xfb, 0xfc, 0xff, 0xfd, 0xff, 0xff, 0xff,
  0xfc, 0xe3, 0xee, 0xff, 0xf8, 0x18, 0x78, 0xff, 0xf9, 0x0b, 0x71, 0xff,
  0xfd, 0xd7, 0xe7, 0xff, 0xfd, 0xff, 0xff, 0xff, 0xfd, 0xfb, 0xfc, 0xff,
  0xfd, 0xfd, 0xfd, 0xff, 0xfd, 0xfd, 0xfd, 0xff, 0xfd, 0xfd, 0xfd, 0xff,
  0xfd, 0xfd, 0xfd, 0xff, 0xff, 0xff, 0xff, 0xff, 0xf0, 0xf0, 0xf0, 0xff,
  0xed, 0xed, 0xee, 0xff, 0xf7, 0xf8, 0xf8, 0xff, 0xfa, 0xfa, 0xfa, 0xff,
  0xfa, 0xfa, 0xfa, 0xff, 0xfa, 0xfa, 0xfa, 0xff, 0xfa, 0xfa, 0xfa, 0xff,
  0xfa, 0xfa, 0xfb, 0xff, 0xfa, 0xfa, 0xfb, 0xff, 0xfa, 0xfb, 0xfb, 0x3b,
  0xfa, 0xfa, 0xfa, 0x59, 0xfa, 0xfa, 0xfa, 0xff, 0xfa, 0xfa, 0xfa, 0xff,
  0xfa, 0xfa, 0xfa, 0xff, 0xfa, 0xfa, 0xfa, 0xff, 0xfa, 0xfa, 0xfa, 0xff,
  0xfa, 0xfa, 0xfa, 0xff, 0xf9, 0xf9, 0xf9, 0xff, 0xf1, 0xf2, 0xf2, 0xff,
  0xf6, 0xf6, 0xf6, 0xff, 0xfe, 0xfe, 0xff, 0xff, 0xfd, 0xfd, 0xfd, 0xff,
  0xfd, 0xfd, 0xfd, 0xff, 0xfd, 0xfd, 0xfd, 0xff, 0xfd, 0xfd, 0xfd, 0xff,
  0xfd, 0xfc, 0xfa, 0xff, 0xfd, 0xff, 0xff, 0xff, 0xfd, 0xe6, 0xc4, 0xff,
  0xfd, 0x99, 0x00, 0xff, 0xfc, 0xa7, 0x18, 0xff, 0xfd, 0xf8, 0xef, 0xff,
  0xfd, 0xff, 0xff, 0xff, 0xfd, 0xfc, 0xfc, 0xff, 0xfd, 0xfd, 0xfd, 0xff,
  0xfd, 0xfd, 0xfd, 0xff, 0xfd, 0xfd, 0xfd, 0xff, 0xfd, 0xfd, 0xfd, 0xff,
  0xfd, 0xfd, 0xfd, 0xff, 0xfd, 0xfd, 0xfd, 0xff, 0xfd, 0xfd, 0xfd, 0xff,
  0xfd, 0xfd, 0xfd, 0xff, 0xfd, 0xfd, 0xfd, 0xff, 0xfd, 0xfd, 0xfd, 0xff,
  0xfd, 0xfd, 0xfd, 0xff, 0xfd, 0xfd, 0xfd, 0xff, 0xfd, 0xfd, 0xfd, 0xff,
  0xfd, 0xfd, 0xfd, 0xff, 0xfd, 0xfd, 0xfd, 0xff, 0xfd, 0xfd, 0xfd, 0xff,
  0xfd, 0xfd, 0xfd, 0xff, 0xfd, 0xfc, 0xfb, 0xff, 0xfd, 0xfc, 0xfc, 0xff,
  0xfe, 0xff, 0xff, 0xff, 0xfb, 0xd1, 0xb6, 0xff, 0xfc, 0x54, 0x00, 0xff,
  0xfe, 0xab, 0x7a, 0xff, 0xfd, 0xff, 0xff, 0xff, 0xfe, 0xfc, 0xf9, 0xff,
  0xfd, 0x80, 0x4e, 0xff, 0xfc, 0x51, 0x14, 0xff, 0xfd, 0xe6, 0xdf, 0xff,
  0xfd, 0xff, 0xff, 0xff, 0xfd, 0xfb, 0xfb, 0xff, 0xfd, 0xfc, 0xfc, 0xff,
  0xfd, 0xfd, 0xfe, 0xff, 0xfd, 0xfd, 0xfd, 0xff, 0xfd, 0xfd, 0xfd, 0xff,
  0xfd, 0xfd, 0xfd, 0xff, 0xfd, 0xfd, 0xfd, 0xff, 0xfd, 0xfd, 0xfd, 0xff,
  0xfd, 0xfd, 0xfd, 0xff, 0xfd, 0xfd, 0xfd, 0xff, 0xfd, 0xfd, 0xfd, 0xff,
  0xfd, 0xfd, 0xfd, 0xff, 0xfd, 0xfd, 0xfd, 0xff, 0xfd, 0xfd, 0xfd, 0xff,
  0xfd, 0xfd, 0xfd, 0xff, 0xfd, 0xfd, 0xfd, 0xff, 0xfd, 0xfd, 0xfd, 0xff,
  0xfd, 0xfd, 0xfd, 0xff, 0xfd, 0xfc, 0xfc, 0xff, 0xfd, 0xff, 0xff, 0xff,
  0xfc, 0xdc, 0xe7, 0xff, 0xf8, 0x22, 0x72, 0xff, 0xfd, 0xef, 0xf4, 0xff,
  0xfe, 0xff, 0xff, 0xff, 0xfe, 0xff, 0xff, 0xff, 0xfa, 0xa3, 0xc7, 0xff,
  0xf9, 0x35, 0x84, 0xff, 0xfe, 0xff, 0xff, 0xff, 0xfd, 0xfb, 0xfc, 0xff,
  0xfd, 0xfd, 0xfd, 0xff, 0xfd, 0xfd, 0xfd, 0xff, 0xfd, 0xfd, 0xfd, 0xff,
  0xfd, 0xfd, 0xfd, 0xff, 0xfd, 0xfc, 0xfc, 0xff, 0xfd, 0xff, 0xff, 0xff,
  0xfc, 0xe3, 0xee, 0xff, 0xf8, 0x19, 0x78, 0xff, 0xf9, 0x0c, 0x71, 0xff,
  0xfd, 0xd7, 0xe7, 0xff, 0xfd, 0xff, 0xff, 0xff, 0xfd, 0xfb, 0xfc, 0xff,
  0xfd, 0xfd, 0xfd, 0xff, 0xfd, 0xfd, 0xfd, 0xff, 0xfd, 0xfd, 0xfd, 0xff,
  0xfc, 0xfc, 0xfd, 0xff, 0xfe, 0xff, 0xff, 0xff, 0xf0, 0xef, 0xf0, 0xff,
  0xed, 0xed, 0xed, 0xff, 0xf7, 0xf8, 0xf8, 0xff, 0xfa, 0xfa, 0xfa, 0xff,
  0xfa, 0xfa, 0xfa, 0xff, 0xfa, 0xfa, 0xfa, 0xff, 0xfa, 0xfa, 0xfa, 0xff,
  0xfa, 0xfa, 0xfb, 0xff, 0xfa, 0xfa, 0xfb, 0xff, 0xfa, 0xfb, 0xfb, 0x59,
  0xfa, 0xfa, 0xfa, 0x6e, 0xfa, 0xfa, 0xfa, 0xff, 0xfa, 0xfa, 0xfa, 0xff,
  0xfa, 0xfa, 0xfa, 0xff, 0xfa, 0xfa, 0xfa, 0xff, 0xfa, 0xfa, 0xfa, 0xff,
  0xfa, 0xfa, 0xfb, 0xff, 0xf9, 0xf9, 0xf9, 0xff, 0xf1, 0xf1, 0xf2, 0xff,
  0xf6, 0xf6, 0xf6, 0xff, 0xfe, 0xfe, 0xfe, 0xff, 0xfd, 0xfd, 0xfd, 0xff,
  0xfd, 0xfd, 0xfd, 0xff, 0xfd, 0xfd, 0xfd, 0xff, 0xfd, 0xfd, 0xfd, 0xff,
  0xfd, 0xfc, 0xfb, 0xff, 0xfd, 0xff, 0xff, 0xff, 0xfd, 0xe4, 0xbf, 0xff,
  0xfd, 0x98, 0x00, 0xff, 0xfc, 0xa4, 0x13, 0xff, 0xfd, 0xf7, 0xec, 0xff,
  0xfd, 0xff, 0xff, 0xff, 0xfd, 0xfc, 0xfc, 0xff, 0xfd, 0xfd, 0xfd, 0xff,
  0xfd, 0xfd, 0xfd, 0xff, 0xfd, 0xfd, 0xfd, 0xff, 0xfd, 0xfd, 0xfd, 0xff,
  0xfd, 0xfd, 0xfd, 0xff, 0xfd, 0xfd, 0xfd, 0xff, 0xfd, 0xfd, 0xfd, 0xff,
  0xfd, 0xfd, 0xfd, 0xff, 0xfd, 0xfd, 0xfd, 0xff, 0xfd, 0xfd, 0xfd, 0xff,
  0xfd, 0xfd, 0xfd, 0xff, 0xfd, 0xfd, 0xfd, 0xff, 0xfd, 0xfd, 0xfd, 0xff,
  0xfd, 0xfd, 0xfd, 0xff, 0xfd, 0xfd, 0xfd, 0xff, 0xfd, 0xfd, 0xfd, 0xff,
  0xfd, 0xfb, 0xf9, 0xff, 0xfd, 0xff, 0xff, 0xff, 0xfd, 0xff, 0xff, 0xff,
  0xfd, 0xae, 0x7a, 0xff, 0xfb, 0x62, 0x00, 0xff, 0xfb, 0x98, 0x5d, 0xff,
  0xfb, 0x68, 0x19, 0xff, 0xfd, 0x66, 0x19, 0xff, 0xfd, 0x5c, 0x11, 0xff,
  0xfd, 0x77, 0x40, 0xff, 0xfd, 0x8c, 0x69, 0xff, 0xfb, 0x48, 0x17, 0xff,
  0xfd, 0xbb, 0xaa, 0xff, 0xfe, 0xff, 0xff, 0xff, 0xfd, 0xff, 0xff, 0xff,
  0xfd, 0xfa, 0xfa, 0xff, 0xfd, 0xfd, 0xfd, 0xff, 0xfd, 0xfd, 0xfd, 0xff,
  0xfd, 0xfd, 0xfd, 0xff, 0xfd, 0xfd, 0xfd, 0xff, 0xfd, 0xfd, 0xfd, 0xff,
  0xfd, 0xfd, 0xfd, 0xff, 0xfd, 0xfd, 0xfd, 0xff, 0xfd, 0xfd, 0xfd, 0xff,
  0xfd, 0xfd, 0xfd, 0xff, 0xfd, 0xfd, 0xfd, 0xff, 0xfd, 0xfd, 0xfd, 0xff,
  0xfd, 0xfd, 0xfd, 0xff, 0xfd, 0xfd, 0xfd, 0xff, 0xfd, 0xfd, 0xfd, 0xff,
  0xfd, 0xfd, 0xfd, 0xff, 0xfd, 0xf8, 0xfa, 0xff, 0xfe, 0xff, 0xff, 0xff,
  0xfd, 0xf3, 0xf6, 0xff, 0xf9, 0x19, 0x6e, 0xff, 0xfd, 0xb2, 0xce, 0xff,
  0xfe, 0xff, 0xff, 0xff, 0xfe, 0xff, 0xff, 0xff, 0xf7, 0x58, 0x98, 0xff,
  0xfa, 0x56, 0x97, 0xff, 0xfe, 0xff, 0xff, 0xff, 0xfd, 0xfa, 0xfb, 0xff,
  0xfd, 0xfd, 0xfd, 0xff, 0xfd, 0xfd, 0xfd, 0xff, 0xfd, 0xfd, 0xfd, 0xff,
  0xfd, 0xfd, 0xfd, 0xff, 0xfd, 0xfc, 0xfc, 0xff, 0xfd, 0xff, 0xff, 0xff,
  0xfc, 0xe0, 0xed, 0xff, 0xf8, 0x16, 0x77, 0xff, 0xfa, 0x0a, 0x70, 0xff,
  0xfc, 0xd4, 0xe5, 0xff, 0xfd, 0xff, 0xff, 0xff, 0xfd, 0xfb, 0xfc, 0xff,
  0xfd, 0xfd, 0xfd, 0xff, 0xfd, 0xfd, 0xfd, 0xff, 0xfd, 0xfd, 0xfd, 0xff,
  0xfd, 0xfd, 0xfd, 0xff, 0xfe, 0xff, 0xff, 0xff, 0xf0, 0xf0, 0xf0, 0xff,
  0xed, 0xed, 0xee, 0xff, 0xf8, 0xf8, 0xf8, 0xff, 0xfa, 0xfa, 0xfa, 0xff,
  0xfa, 0xfa, 0xfa, 0xff, 0xfa, 0xfa, 0xfa, 0xff, 0xfa, 0xfa, 0xfa, 0xff,
  0xfa, 0xfa, 0xfa, 0xff, 0xfa, 0xfa, 0xfb, 0xff, 0xfa, 0xfa, 0xfb, 0x6e,
  0xfa, 0xfa, 0xfa, 0x7b, 0xfa, 0xfa, 0xfa, 0xff, 0xfa, 0xfa, 0xfa, 0xff,
  0xfa, 0xfa, 0xfa, 0xff, 0xfa, 0xfa, 0xfa, 0xff, 0xfa, 0xfa, 0xfa, 0xff,
  0xfa, 0xfa, 0xfa, 0xff, 0xf9, 0xf9, 0xf9, 0xff, 0xf1, 0xf1, 0xf2, 0xff,
  0xf6, 0xf6, 0xf6, 0xff, 0xfe, 0xfe, 0xfe, 0xff, 0xfd, 0xfd, 0xfd, 0xff,
  0xfd, 0xfd, 0xfd, 0xff, 0xfd, 0xfd, 0xfd, 0xff, 0xfd, 0xfd, 0xfd, 0xff,
  0xfd, 0xfc, 0xfb, 0xff, 0xfd, 0xff, 0xff, 0xff, 0xfd, 0xef, 0xd9, 0xff,
  0xfc, 0x9b, 0x00, 0xff, 0xfd, 0xac, 0x2a, 0xff, 0xfd, 0xfd, 0xfb, 0xff,
  0xfd, 0xfe, 0xfe, 0xff, 0xfd, 0xfd, 0xfc, 0xff, 0xfd, 0xfd, 0xfd, 0xff,
  0xfd, 0xfd, 0xfd, 0xff, 0xfd, 0xfd, 0xfd, 0xff, 0xfd, 0xfd, 0xfd, 0xff,
  0xfd, 0xfd, 0xfd, 0xff, 0xfd, 0xfd, 0xfd, 0xff, 0xfd, 0xfd, 0xfd, 0xff,
  0xfc, 0xfd, 0xfd, 0xff, 0xfd, 0xfd, 0xfd, 0xff, 0xfd, 0xfd, 0xfd, 0xff,
  0xfd, 0xfd, 0xfd, 0xff, 0xfd, 0xfd, 0xfd, 0xff, 0xfd, 0xfd, 0xfd, 0xff,
  0xfd, 0xfe, 0xfe, 0xff, 0xfd, 0xfc, 0xfc, 0xff, 0xfd, 0xfc, 0xfa, 0xff,
  0xfe, 0xff, 0xff, 0xff, 0xfd, 0xeb, 0xdf, 0xff, 0xfb, 0x81, 0x2a, 0xff,
  0xfc, 0x6d, 0x0a, 0xff, 0xfe, 0xd6, 0xbb, 0xff, 0xfe, 0xff, 0xff, 0xff,
  0xfd, 0xf3, 0xee, 0xff, 0xfd, 0xc6, 0xac, 0xff, 0xfd, 0xcb, 0xb4, 0xff,
  0xfe, 0xfd, 0xfd, 0xff, 0xfd, 0xff, 0xff, 0xff, 0xfd, 0xbb, 0xaa, 0xff,
  0xfb, 0x45, 0x1c, 0xff, 0xfc, 0x7e, 0x66, 0xff, 0xfe, 0xf9, 0xf8, 0xff,
  0xfe, 0xff, 0xff, 0xff, 0xfd, 0xf9, 0xf9, 0xff, 0xfd, 0xfd, 0xfd, 0xff,
  0xfd, 0xfd, 0xfd, 0xff, 0xfd, 0xfd, 0xfd, 0xff, 0xfd, 0xfd, 0xfd, 0xff,
  0xfd, 0xfd, 0xfd, 0xff, 0xfd, 0xfd, 0xfd, 0xff, 0xfd, 0xfd, 0xfd, 0xff,
  0xfd, 0xfd, 0xfd, 0xff, 0xfd, 0xfd, 0xfd, 0xff, 0xfd, 0xfd, 0xfd, 0xff,
  0xfd, 0xfd, 0xfd, 0xff, 0xfd, 0xfd, 0xfd, 0xff, 0xfd, 0xfc, 0xfd, 0xff,
  0xfd, 0xfa, 0xfb, 0xff, 0xfe, 0xff, 0xff, 0xff, 0xfc, 0xe4, 0xec, 0xff,
  0xf9, 0x41, 0x85, 0xff, 0xf9, 0x20, 0x73, 0xff, 0xf9, 0x1b, 0x70, 0xff,
  0xfb, 0x67, 0xa0, 0xff, 0xf9, 0x4a, 0x8f, 0xff, 0xf8, 0x1b, 0x73, 0xff,
  0xfd, 0xd5, 0xe5, 0xff, 0xfd, 0xff, 0xff, 0xff, 0xfd, 0xfb, 0xfc, 0xff,
  0xfd, 0xfd, 0xfd, 0xff, 0xfd, 0xfd, 0xfd, 0xff, 0xfd, 0xfd, 0xfd, 0xff,
  0xfd, 0xfd, 0xfd, 0xff, 0xfd, 0xfc, 0xfd, 0xff, 0xfd, 0xff, 0xff, 0xff,
  0xfd, 0xf1, 0xf7, 0xff, 0xf8, 0x23, 0x7e, 0xff, 0xf9, 0x19, 0x77, 0xff,
  0xfd, 0xe9, 0xf1, 0xff, 0xfd, 0xff, 0xff, 0xff, 0xfd, 0xfb, 0xfc, 0xff,
  0xfd, 0xfd, 0xfd, 0xff, 0xfd, 0xfd, 0xfd, 0xff, 0xfd, 0xfd, 0xfd, 0xff,
  0xfd, 0xfd, 0xfd, 0xff, 0xff, 0xff, 0xff, 0xff, 0xf0, 0xf0, 0xf0, 0xff,
  0xee, 0xee, 0xee, 0xff, 0xf8, 0xf8, 0xf8, 0xff, 0xfa, 0xfa, 0xfa, 0xff,
  0xfa, 0xfa, 0xfa, 0xff, 0xfa, 0xfa, 0xfa, 0xff, 0xfa, 0xfa, 0xfa, 0xff,
  0xfa, 0xfa, 0xfa, 0xff, 0xfa, 0xfa, 0xfb, 0xff, 0xfa, 0xfa, 0xfb, 0x7b,
  0xfa, 0xfa, 0xfa, 0xff, 0xfa, 0xfa, 0xfa, 0xff, 0xfa, 0xfa, 0xfa, 0xff,
  0xfa, 0xfa, 0xfa, 0xff, 0xfa, 0xfa, 0xfa, 0xff, 0xfa, 0xfa, 0xfa, 0xff,
  0xfa, 0xfa, 0xfa, 0xff, 0xf9, 0xf9, 0xf9, 0xff, 0xf2, 0xf2, 0xf2, 0xff,
  0xf6, 0xf6, 0xf6, 0xff, 0xfe, 0xfe, 0xfe, 0xff, 0xfd, 0xfd, 0xfd, 0xff,
  0xfd, 0xfd, 0xfd, 0xff, 0xfd, 0xfd, 0xfd, 0xff, 0xfd, 0xfd, 0xfd, 0xff,
  0xfd, 0xfd, 0xfe, 0xff, 0xfd, 0xfd, 0xfc, 0xff, 0xfd, 0xff, 0xff, 0xff,
  0xfd, 0xed, 0xd3, 0xff, 0xfd, 0xf3, 0xe1, 0xff, 0xfd, 0xff, 0xff, 0xff,
  0xfd, 0xfd, 0xfc, 0xff, 0xfd, 0xfd, 0xfd, 0xff, 0xfd, 0xfd, 0xfd, 0xff,
  0xfd, 0xfd, 0xfd, 0xff, 0xfd, 0xfd, 0xfd, 0xff, 0xfd, 0xfd, 0xfd, 0xff,
  0xfd, 0xfd, 0xfd, 0xff, 0xfd, 0xfd, 0xfd, 0xff, 0xfd, 0xfd, 0xfd, 0xff,
  0xfd, 0xfd, 0xfd, 0xff, 0xfd, 0xfd, 0xfd, 0xff, 0xfd, 0xfd, 0xfd, 0xff,
  0xfd, 0xfd, 0xfd, 0xff, 0xfd, 0xfd, 0xfd, 0xff, 0xfd, 0xfd, 0xfd, 0xff,
  0xfd, 0xfb, 0xf9, 0xff, 0xfd, 0xff, 0xff, 0xff, 0xfe, 0xff, 0xff, 0xff,
  0xfd, 0xc4, 0x98, 0xff, 0xfa, 0x66, 0x00, 0xff, 0xfc, 0x95, 0x4b, 0xff,
  0xfe, 0xf9, 0xf6, 0xff, 0xfd, 0xff, 0xff, 0xff, 0xfd, 0xfa, 0xf8, 0xff,
  0xfd, 0xff, 0xff, 0xff, 0xfd, 0xff, 0xff, 0xff, 0xfd, 0xff, 0xff, 0xff,
  0xfd, 0xfd, 0xfe, 0xff, 0xfd, 0xfb, 0xfa, 0xff, 0xfe, 0xff, 0xff, 0xff,
  0xfd, 0xe8, 0xe4, 0xff, 0xfa, 0x62, 0x49, 0xff, 0xfa, 0x4c, 0x37, 0xff,
  0xfe, 0xd4, 0xd0, 0xff, 0xfe, 0xff, 0xff, 0xff, 0xfd, 0xfc, 0xfc, 0xff,
  0xfd, 0xfb, 0xfb, 0xff, 0xfd, 0xfd, 0xfd, 0xff, 0xfd, 0xfd, 0xfd, 0xff,
  0xfd, 0xfd, 0xfd, 0xff, 0xfd, 0xfd, 0xfd, 0xff, 0xfd, 0xfd, 0xfd, 0xff,
  0xfd, 0xfd, 0xfd, 0xff, 0xfd, 0xfd, 0xfd, 0xff, 0xfd, 0xfd, 0xfd, 0xff,
  0xfd, 0xfd, 0xfd, 0xff, 0xfd, 0xfa, 0xfb, 0xff, 0xfd, 0xff, 0xff, 0xff,
  0xfe, 0xff, 0xff, 0xff, 0xfb, 0xa9, 0xc7, 0xff, 0xf7, 0x0f, 0x66, 0xff,
  0xfa, 0x5b, 0x97, 0xff, 0xfe, 0xf1, 0xf6, 0xff, 0xfa, 0xb9, 0xd2, 0xff,
  0xf9, 0x62, 0x9e, 0xff, 0xfb, 0x70, 0xa8, 0xff, 0xfd, 0xdd, 0xea, 0xff,
  0xfd, 0xff, 0xff, 0xff, 0xfd, 0xfb, 0xfc, 0xff, 0xfd, 0xfd, 0xfd, 0xff,
  0xfd, 0xfd, 0xfd, 0xff, 0xfd, 0xfd, 0xfd, 0xff, 0xfc, 0xfd, 0xfd, 0xff,
  0xfd, 0xfd, 0xfd, 0xff, 0xfd, 0xfd, 0xfd, 0xff, 0xfd, 0xfc, 0xfd, 0xff,
  0xfd, 0xff, 0xff, 0xff, 0xfd, 0xdd, 0xea, 0xff, 0xfd, 0xd9, 0xe7, 0xff,
  0xfd, 0xff, 0xff, 0xff, 0xfd, 0xfc, 0xfd, 0xff, 0xfd, 0xfd, 0xfd, 0xff,
  0xfd, 0xfd, 0xfd, 0xff, 0xfd, 0xfd, 0xfd, 0xff, 0xfd, 0xfd, 0xfd, 0xff,
  0xfd, 0xfd, 0xfd, 0xff, 0xff, 0xff, 0xff, 0xff, 0xf0, 0xf0, 0xf0, 0xff,
  0xed, 0xed, 0xee, 0xff, 0xf8, 0xf8, 0xf8, 0xff, 0xfa, 0xfa, 0xfa, 0xff,
  0xfa, 0xfa, 0xfa, 0xff, 0xfa, 0xfa, 0xfa, 0xff, 0xfa, 0xfa, 0xfa, 0xff,
  0xfa, 0xfa, 0xfa, 0xff, 0xfb, 0xfa, 0xfb, 0xff, 0xfa, 0xfa, 0xfb, 0xff,
  0xfa, 0xfa, 0xfa, 0xff, 0xfa, 0xfa, 0xfa, 0xff, 0xfa, 0xfa, 0xfa, 0xff,
  0xfa, 0xfa, 0xfa, 0xff, 0xfa, 0xfa, 0xfa, 0xff, 0xfa, 0xfa, 0xfa, 0xff,
  0xfa, 0xfa, 0xfa, 0xff, 0xf9, 0xf9, 0xf9, 0xff, 0xf1, 0xf1, 0xf2, 0xff,
  0xf6, 0xf6, 0xf6, 0xff, 0xfe, 0xfe, 0xff, 0xff, 0xfd, 0xfd, 0xfd, 0xff,
  0xfd, 0xfd, 0xfd, 0xff, 0xfd, 0xfd, 0xfd, 0xff, 0xfd, 0xfd, 0xfd, 0xff,
  0xfd, 0xfd, 0xfd, 0xff, 0xfd, 0xfd, 0xfd, 0xff, 0xfd, 0xfc, 0xfc, 0xff,
  0xfd, 0xff, 0xff, 0xff, 0xfd, 0xff, 0xff, 0xff, 0xfd, 0xfd, 0xfc, 0xff,
  0xfd, 0xfd, 0xfd, 0xff, 0xfd, 0xfd, 0xfd, 0xff, 0xfd, 0xfd, 0xfd, 0xff,
  0xfd, 0xfd, 0xfd, 0xff, 0xfd, 0xfd, 0xfd, 0xff, 0xfd, 0xfd, 0xfd, 0xff,
  0xfd, 0xfd, 0xfd, 0xff, 0xfd, 0xfd, 0xfd, 0xff, 0xfd, 0xfd, 0xfd, 0xff,
  0xfd, 0xfc, 0xfa, 0xff, 0xfd, 0xfd, 0xfc, 0xff, 0xfd, 0xfd, 0xfe, 0xff,
  0xfd, 0xfb, 0xfa, 0xff, 0xfd, 0xfc, 0xfb, 0xff, 0xfd, 0xfb, 0xf9, 0xff,
  0xfe, 0xff, 0xff, 0xff, 0xfd, 0xf7, 0xf2, 0xff, 0xfa, 0x97, 0x44, 0xff,
  0xfd, 0x6f, 0x00, 0xff, 0xfe, 0xc7, 0x9f, 0xff, 0xfe, 0xff, 0xff, 0xff,
  0xfd, 0xff, 0xff, 0xff, 0xfd, 0xfb, 0xf9, 0xff, 0xfd, 0xfd, 0xfd, 0xff,
  0xfd, 0xfc, 0xfc, 0xff, 0xfd, 0xfb, 0xfa, 0xff, 0xfd, 0xfb, 0xfa, 0xff,
  0xfd, 0xfd, 0xfd, 0xff, 0xfd, 0xfd, 0xfd, 0xff, 0xfd, 0xfa, 0xf9, 0xff,
  0xfd, 0xff, 0xff, 0xff, 0xfe, 0xff, 0xff, 0xff, 0xfc, 0x97, 0x8c, 0xff,
  0xfb, 0x37, 0x29, 0xff, 0xfc, 0x99, 0x96, 0xff, 0xfe, 0xff, 0xff, 0xff,
  0xfd, 0xff, 0xff, 0xff, 0xfd, 0xf9, 0xfa, 0xff, 0xfd, 0xfd, 0xfe, 0xff,
  0xfd, 0xfd, 0xfd, 0xff, 0xfd, 0xfb, 0xfc, 0xff, 0xfd, 0xfb, 0xfc, 0xff,
  0xfd, 0xfd, 0xfd, 0xff, 0xfd, 0xfd, 0xfd, 0xff, 0xfd, 0xfd, 0xfd, 0xff,
  0xfd, 0xf9, 0xfa, 0xff, 0xfe, 0xff, 0xff, 0xff, 0xfd, 0xfa, 0xfb, 0xff,
  0xf8, 0x5c, 0x94, 0xff, 0xf7, 0x10, 0x65, 0xff, 0xfc, 0xa3, 0xc5, 0xff,
  0xfe, 0xff, 0xff, 0xff, 0xfd, 0xff, 0xff, 0xff, 0xfd, 0xff, 0xff, 0xff,
  0xfd, 0xff, 0xff, 0xff, 0xfe, 0xff, 0xff, 0xff, 0xfd, 0xff, 0xff, 0xff,
  0xfd, 0xfb, 0xfc, 0xff, 0xfd, 0xfd, 0xfe, 0xff, 0xfd, 0xfd, 0xfd, 0xff,
  0xfd, 0xfd, 0xfd, 0xff, 0xfd, 0xfd, 0xfd, 0xff, 0xfd, 0xfd, 0xfd, 0xff,
  0xfd, 0xfd, 0xfd, 0xff, 0xfd, 0xfd, 0xfd, 0xff, 0xfd, 0xfd, 0xfe, 0xff,
  0xfd, 0xfc, 0xfc, 0xff, 0xfd, 0xff, 0xff, 0xff, 0xfd, 0xff, 0xff, 0xff,
  0xfd, 0xfc, 0xfd, 0xff, 0xfd, 0xfd, 0xfd, 0xff, 0xfd, 0xfd, 0xfd, 0xff,
  0xfd, 0xfd, 0xfd, 0xff, 0xfd, 0xfd, 0xfd, 0xff, 0xfd, 0xfd, 0xfd, 0xff,
  0xfd, 0xfd, 0xfd, 0xff, 0xfe, 0xff, 0xff, 0xff, 0xf0, 0xf0, 0xf0, 0xff,
  0xed, 0xed, 0xee, 0xff, 0xf7, 0xf7, 0xf8, 0xff, 0xfa, 0xfa, 0xfa, 0xff,
  0xfa, 0xfa, 0xfa, 0xff, 0xfa, 0xfa, 0xfa, 0xff, 0xfa, 0xfa, 0xfa, 0xff,
  0xfa, 0xfa, 0xfb, 0xff, 0xfa, 0xfa, 0xfb, 0xff, 0xfa, 0xfa, 0xfb, 0xff,
  0xfa, 0xfa, 0xfa, 0xff, 0xfa, 0xfa, 0xfa, 0xff, 0xfa, 0xfa, 0xfa, 0xff,
  0xfa, 0xfa, 0xfa, 0xff, 0xfa, 0xfa, 0xfa, 0xff, 0xfa, 0xfa, 0xfa, 0xff,
  0xfa, 0xfa, 0xfb, 0xff, 0xf9, 0xf9, 0xf9, 0xff, 0xf1, 0xf1, 0xf2, 0xff,
  0xf6, 0xf6, 0xf6, 0xff, 0xfe, 0xfe, 0xfe, 0xff, 0xfd, 0xfd, 0xfd, 0xff,
  0xfd, 0xfd, 0xfd, 0xff, 0xfd, 0xfd, 0xfd, 0xff, 0xfd, 0xfd, 0xfd, 0xff,
  0xfd, 0xfd, 0xfd, 0xff, 0xfd, 0xfd, 0xfd, 0xff, 0xfd, 0xfd, 0xfd, 0xff,
  0xfd, 0xfc, 0xfb, 0xff, 0xfd, 0xfc, 0xfc, 0xff, 0xfd, 0xfd, 0xfd, 0xff,
  0xfd, 0xfd, 0xfd, 0xff, 0xfd, 0xfd, 0xfd, 0xff, 0xfd, 0xfd, 0xfd, 0xff,
  0xfd, 0xfd, 0xfd, 0xff, 0xfd, 0xfd, 0xfd, 0xff, 0xfd, 0xfd, 0xfd, 0xff,
  0xfd, 0xfd, 0xfd, 0xff, 0xfd, 0xfd, 0xfd, 0xff, 0xfd, 0xfc, 0xfb, 0xff,
  0xfd, 0xff, 0xff, 0xff, 0xfd, 0xff, 0xff, 0xff, 0xfe, 0xff, 0xff, 0xff,
  0xfd, 0xff, 0xff, 0xff, 0xfe, 0xff, 0xff, 0xff, 0xfe, 0xff, 0xff, 0xff,
  0xfb, 0xd4, 0xb4, 0xff, 0xfc, 0x78, 0x06, 0xff, 0xfc, 0x8e, 0x31, 0xff,
  0xfd, 0xef, 0xe4, 0xff, 0xfe, 0xff, 0xff, 0xff, 0xfd, 0xfb, 0xfa, 0xff,
  0xfd, 0xfc, 0xfc, 0xff, 0xfd, 0xfd, 0xfe, 0xff, 0xfd, 0xfd, 0xfd, 0xff,
  0xfd, 0xfd, 0xfd, 0xff, 0xfd, 0xfd, 0xfd, 0xff, 0xfd, 0xfd, 0xfd, 0xff,
  0xfd, 0xfd, 0xfd, 0xff, 0xfd, 0xfd, 0xfd, 0xff, 0xfd, 0xfd, 0xfe, 0xff,
  0xfd, 0xfb, 0xfb, 0xff, 0xfd, 0xfd, 0xfd, 0xff, 0xfe, 0xff, 0xff, 0xff,
  0xfd, 0xcd, 0xca, 0xff, 0xf9, 0x40, 0x3e, 0xff, 0xfb, 0x62, 0x64, 0xff,
  0xfe, 0xeb, 0xec, 0xff, 0xfe, 0xff, 0xff, 0xff, 0xfd, 0xfa, 0xfa, 0xff,
  0xfd, 0xfc, 0xfc, 0xff, 0xfd, 0xff, 0xff, 0xff, 0xfd, 0xff, 0xff, 0xff,
  0xfd, 0xfc, 0xfc, 0xff, 0xfd, 0xfa, 0xfb, 0xff, 0xfd, 0xfc, 0xfd, 0xff,
  0xfe, 0xff, 0xff, 0xff, 0xfc, 0xc9, 0xd9, 0xff, 0xf9, 0x29, 0x70, 0xff,
  0xf9, 0x3b, 0x7e, 0xff, 0xfd, 0xdd, 0xe8, 0xff, 0xfe, 0xff, 0xff, 0xff,
  0xfd, 0xfa, 0xfb, 0xff, 0xfd, 0xfb, 0xfc, 0xff, 0xfd, 0xfb, 0xfc, 0xff,
  0xfd, 0xf9, 0xfb, 0xff, 0xfd, 0xf9, 0xfb, 0xff, 0xfd, 0xfb, 0xfc, 0xff,
  0xfd, 0xfd, 0xfd, 0xff, 0xfd, 0xfd, 0xfd, 0xff, 0xfd, 0xfd, 0xfd, 0xff,
  0xfd, 0xfd, 0xfd, 0xff, 0xfd, 0xfd, 0xfd, 0xff, 0xfd, 0xfd, 0xfd, 0xff,
  0xfd, 0xfd, 0xfd, 0xff, 0xfd, 0xfd, 0xfd, 0xff, 0xfd, 0xfd, 0xfd, 0xff,
  0xfd, 0xfd, 0xfd, 0xff, 0xfd, 0xfb, 0xfc, 0xff, 0xfd, 0xfb, 0xfc, 0xff,
  0xfd, 0xfd, 0xfd, 0xff, 0xfd, 0xfd, 0xfd, 0xff, 0xfd, 0xfd, 0xfd, 0xff,
  0xfd, 0xfd, 0xfd, 0xff, 0xfd, 0xfd, 0xfd, 0xff, 0xfd, 0xfd, 0xfd, 0xff,
  0xfd, 0xfd, 0xfd, 0xff, 0xfe, 0xff, 0xff, 0xff, 0xf0, 0xf0, 0xf0, 0xff,
  0xed, 0xed, 0xee, 0xff, 0xf7, 0xf7, 0xf8, 0xff, 0xfa, 0xfa, 0xfa, 0xff,
  0xfa, 0xfa, 0xfa, 0xff, 0xfa, 0xfa, 0xfa, 0xff, 0xfa, 0xfa, 0xfa, 0xff,
  0xfa, 0xfa, 0xfa, 0xff, 0xfa, 0xfa, 0xfb, 0xff, 0xfa, 0xfa, 0xfa, 0xff,
  0xfa, 0xfa, 0xfa, 0xff, 0xfa, 0xfa, 0xfa, 0xff, 0xfa, 0xfa, 0xfa, 0xff,
  0xfa, 0xfa, 0xfa, 0xff, 0xfa, 0xfa, 0xfa, 0xff, 0xfa, 0xfa, 0xfa, 0xff,
  0xfa, 0xfa, 0xfa, 0xff, 0xf9, 0xf9, 0xf9, 0xff, 0xf1, 0xf1, 0xf2, 0xff,
  0xf6, 0xf6, 0xf6, 0xff, 0xfe, 0xfe, 0xff, 0xff, 0xfd, 0xfd, 0xfd, 0xff,
  0xfd, 0xfd, 0xfd, 0xff, 0xfd, 0xfd, 0xfd, 0xff, 0xfd, 0xfd, 0xfd, 0xff,
  0xfd, 0xfd, 0xfd, 0xff, 0xfd, 0xfd, 0xfd, 0xff, 0xfd, 0xfd, 0xfd, 0xff,
  0xfd, 0xfd, 0xfd, 0xff, 0xfd, 0xfd, 0xfd, 0xff, 0xfd, 0xfd, 0xfd, 0xff,
  0xfd, 0xfd, 0xfd, 0xff, 0xfd, 0xfd, 0xfd, 0xff, 0xfd, 0xfd, 0xfd, 0xff,
  0xfd, 0xfd, 0xfd, 0xff, 0xfd, 0xfd, 0xfd, 0xff, 0xfd, 0xfd, 0xfd, 0xff,
  0xfd, 0xfd, 0xfd, 0xff, 0xfd, 0xfc, 0xfb, 0xff, 0xfe, 0xff, 0xff, 0xff,
  0xfd, 0xd5, 0xa7, 0xff, 0xfa, 0x94, 0x24, 0xff, 0xfc, 0x8d, 0x19, 0xff,
  0xfb, 0xb2, 0x68, 0xff, 0xfc, 0xf4, 0xec, 0xff, 0xfc, 0xaf, 0x66, 0xff,
  0xfb, 0x72, 0x00, 0xff, 0xfb, 0xb9, 0x80, 0xff, 0xfe, 0xff, 0xff, 0xff,
  0xfd, 0xff, 0xff, 0xff, 0xfd, 0xfa, 0xf8, 0xff, 0xfd, 0xfd, 0xfd, 0xff,
  0xfd, 0xfd, 0xfd, 0xff, 0xfd, 0xfd, 0xfd, 0xff, 0xfd, 0xfd, 0xfd, 0xff,
  0xfd, 0xfd, 0xfd, 0xff, 0xfd, 0xfd, 0xfd, 0xff, 0xfd, 0xfd, 0xfd, 0xff,
  0xfd, 0xfd, 0xfd, 0xff, 0xfd, 0xfd, 0xfd, 0xff, 0xfd, 0xfd, 0xfd, 0xff,
  0xfd, 0xfd, 0xfd, 0xff, 0xfd, 0xfd, 0xfd, 0xff, 0xfd, 0xfa, 0xfa, 0xff,
  0xfe, 0xff, 0xff, 0xff, 0xfe, 0xf7, 0xf7, 0xff, 0xfa, 0x6c, 0x71, 0xff,
  0xf8, 0x32, 0x3e, 0xff, 0xfd, 0xbf, 0xc4, 0xff, 0xfe, 0xff, 0xff, 0xff,
  0xfe, 0xff, 0xff, 0xff, 0xfc, 0xdf, 0xe5, 0xff, 0xfc, 0xe2, 0xe7, 0xff,
  0xfd, 0xff, 0xff, 0xff, 0xfe, 0xff, 0xff, 0xff, 0xfe, 0xff, 0xff, 0xff,
  0xfa, 0x89, 0xab, 0xff, 0xf7, 0x10, 0x5a, 0xff, 0xfb, 0x7d, 0xa8, 0xff,
  0xfe, 0xff, 0xff, 0xff, 0xfd, 0xff, 0xff, 0xff, 0xfd, 0xf8, 0xfa, 0xff,
  0xfd, 0xfd, 0xfd, 0xff, 0xfd, 0xfd, 0xfd, 0xff, 0xfd, 0xfd, 0xfd, 0xff,
  0xfd, 0xfd, 0xfd, 0xff, 0xfd, 0xfd, 0xfd, 0xff, 0xfd, 0xfd, 0xfd, 0xff,
  0xfd, 0xfd, 0xfd, 0xff, 0xfd, 0xfd, 0xfd, 0xff, 0xfd, 0xfd, 0xfd, 0xff,
  0xfd, 0xfd, 0xfd, 0xff, 0xfd, 0xfd, 0xfd, 0xff, 0xfd, 0xfd, 0xfd, 0xff,
  0xfd, 0xfd, 0xfd, 0xff, 0xfd, 0xfd, 0xfd, 0xff, 0xfd, 0xfd, 0xfd, 0xff,
  0xfd, 0xfd, 0xfd, 0xff, 0xfd, 0xfd, 0xfd, 0xff, 0xfd, 0xfd, 0xfd, 0xff,
  0xfd, 0xfd, 0xfd, 0xff, 0xfd, 0xfd, 0xfd, 0xff, 0xfd, 0xfd, 0xfd, 0xff,
  0xfd, 0xfd, 0xfd, 0xff, 0xfd, 0xfd, 0xfd, 0xff, 0xfd, 0xfd, 0xfd, 0xff,
  0xfd, 0xfd, 0xfd, 0xff, 0xff, 0xff, 0xff, 0xff, 0xf0, 0xf0, 0xf0, 0xff,
  0xed, 0xed, 0xee, 0xff, 0xf7, 0xf7, 0xf8, 0xff, 0xfa, 0xfa, 0xfa, 0xff,
  0xfa, 0xfa, 0xfa, 0xff, 0xfa, 0xfa, 0xfa, 0xff, 0xfa, 0xfa, 0xfa, 0xff,
  0xfa, 0xfa, 0xfa, 0xff, 0xfa, 0xfa, 0xfb, 0xff, 0xfa, 0xfa, 0xfb, 0xff,
  0xfa, 0xfa, 0xfa, 0xff, 0xfa, 0xfa, 0xfa, 0xff, 0xfa, 0xfa, 0xfa, 0xff,
  0xfa, 0xfa, 0xfa, 0xff, 0xfa, 0xfa, 0xfa, 0xff, 0xfa, 0xfa, 0xfa, 0xff,
  0xfa, 0xfa, 0xfa, 0xff, 0xf9, 0xf9, 0xf9, 0xff, 0xf1, 0xf1, 0xf1, 0xff,
  0xf6, 0xf6, 0xf6, 0xff, 0xfe, 0xfe, 0xfe, 0xff, 0xfd, 0xfd, 0xfd, 0xff,
  0xfd, 0xfd, 0xfd, 0xff, 0xfd, 0xfd, 0xfd, 0xff, 0xfd, 0xfd, 0xfd, 0xff,
  0xfd, 0xfd, 0xfd, 0xff, 0xfd, 0xfd, 0xfd, 0xff, 0xfd, 0xfd, 0xfd, 0xff,
  0xfd, 0xfd, 0xfd, 0xff, 0xfd, 0xfd, 0xfd, 0xff, 0xfd, 0xfd, 0xfd, 0xff,
  0xfd, 0xfd, 0xfd, 0xff, 0xfd, 0xfd, 0xfd, 0xff, 0xfd, 0xfd, 0xfd, 0xff,
  0xfd, 0xfd, 0xfd, 0xff, 0xfd, 0xfd, 0xfd, 0xff, 0xfd, 0xfd, 0xfd, 0xff,
  0xfd, 0xfc, 0xfa, 0xff, 0xfe, 0xff, 0xff, 0xff, 0xfc, 0xd8, 0xb1, 0xff,
  0xfa, 0x83, 0x00, 0xff, 0xfd, 0xc3, 0x83, 0xff, 0xfd, 0xd5, 0xad, 0xff,
  0xfc, 0x92, 0x29, 0xff, 0xfb, 0x7b, 0x00, 0xff, 0xfa, 0x8b, 0x22, 0xff,
  0xfe, 0xe5, 0xce, 0xff, 0xfe, 0xff, 0xff, 0xff, 0xfd, 0xfc, 0xfb, 0xff,
  0xfd, 0xfc, 0xfb, 0xff, 0xfd, 0xfd, 0xfd, 0xff, 0xfd, 0xfd, 0xfd, 0xff,
  0xfd, 0xfd, 0xfd, 0xff, 0xfd, 0xfd, 0xfd, 0xff, 0xfd, 0xfd, 0xfd, 0xff,
  0xfd, 0xfd, 0xfd, 0xff, 0xfd, 0xfd, 0xfd, 0xff, 0xfd, 0xfd, 0xfd, 0xff,
  0xfd, 0xfd, 0xfd, 0xff, 0xfd, 0xfd, 0xfd, 0xff, 0xfd, 0xfd, 0xfd, 0xff,
  0xfd, 0xfd, 0xfd, 0xff, 0xfd, 0xfd, 0xfd, 0xff, 0xfd, 0xfd, 0xfd, 0xff,
  0xfd, 0xfa, 0xfa, 0xff, 0xfd, 0xff, 0xff, 0xff, 0xfd, 0xff, 0xff, 0xff,
  0xfb, 0xa9, 0xb0, 0xff, 0xf8, 0x26, 0x3b, 0xff, 0xfb, 0x82, 0x91, 0xff,
  0xfa, 0x75, 0x8b, 0xff, 0xf8, 0x2e, 0x54, 0xff, 0xf7, 0x2d, 0x59, 0xff,
  0xfa, 0x66, 0x8b, 0xff, 0xfc, 0xd7, 0xe1, 0xff, 0xf9, 0x4b, 0x7d, 0xff,
  0xf9, 0x2b, 0x6a, 0xff, 0xfc, 0xc5, 0xd7, 0xff, 0xfe, 0xff, 0xff, 0xff,
  0xfd, 0xfd, 0xfd, 0xff, 0xfd, 0xfa, 0xfb, 0xff, 0xfd, 0xfd, 0xfd, 0xff,
  0xfd, 0xfd, 0xfd, 0xff, 0xfd, 0xfd, 0xfd, 0xff, 0xfd, 0xfd, 0xfd, 0xff,
  0xfd, 0xfd, 0xfd, 0xff, 0xfd, 0xfd, 0xfd, 0xff, 0xfd, 0xfd, 0xfd, 0xff,
  0xfd, 0xfd, 0xfd, 0xff, 0xfd, 0xfd, 0xfd, 0xff, 0xfd, 0xfd, 0xfd, 0xff,
  0xfd, 0xfd, 0xfd, 0xff, 0xfd, 0xfd, 0xfd, 0xff, 0xfd, 0xfd, 0xfd, 0xff,
  0xfd, 0xfd, 0xfd, 0xff, 0xfd, 0xfd, 0xfd, 0xff, 0xfd, 0xfd, 0xfd, 0xff,
  0xfd, 0xfd, 0xfd, 0xff, 0xfd, 0xfd, 0xfd, 0xff, 0xfd, 0xfd, 0xfd, 0xff,
  0xfd, 0xfd, 0xfd, 0xff, 0xfd, 0xfd, 0xfd, 0xff, 0xfd, 0xfd, 0xfd, 0xff,
  0xfd, 0xfd, 0xfd, 0xff, 0xfd, 0xfd, 0xfd, 0xff, 0xfd, 0xfd, 0xfd, 0xff,
  0xfd, 0xfd, 0xfd, 0xff, 0xff, 0xff, 0xff, 0xff, 0xef, 0xef, 0xf0, 0xff,
  0xed, 0xed, 0xee, 0xff, 0xf8, 0xf8, 0xf8, 0xff, 0xfa, 0xfa, 0xfa, 0xff,
  0xfa, 0xfa, 0xfa, 0xff, 0xfa, 0xfa, 0xfa, 0xff, 0xfa, 0xfa, 0xfa, 0xff,
  0xfa, 0xfa, 0xfa, 0xff, 0xfa, 0xfa, 0xfb, 0xff, 0xfa, 0xfa, 0xfb, 0xff,
  0xfa, 0xfa, 0xfb, 0xff, 0xfa, 0xfa, 0xfa, 0xff, 0xfa, 0xfa, 0xfa, 0xff,
  0xfa, 0xfa, 0xfa, 0xff, 0xfa, 0xfa, 0xfa, 0xff, 0xfa, 0xfa, 0xfa, 0xff,
  0xfa, 0xfa, 0xfa, 0xff, 0xf9, 0xf9, 0xf9, 0xff, 0xf1, 0xf1, 0xf1, 0xff,
  0xf6, 0xf6, 0xf6, 0xff, 0xfe, 0xfe, 0xfe, 0xff, 0xfd, 0xfd, 0xfd, 0xff,
  0xfd, 0xfd, 0xfd, 0xff, 0xfd, 0xfd, 0xfd, 0xff, 0xfd, 0xfd, 0xfd, 0xff,
  0xfd, 0xfd, 0xfd, 0xff, 0xfd, 0xfd, 0xfd, 0xff, 0xfd, 0xfd, 0xfd, 0xff,
  0xfd, 0xfd, 0xfd, 0xff, 0xfd, 0xfd, 0xfd, 0xff, 0xfd, 0xfd, 0xfd, 0xff,
  0xfd, 0xfd, 0xfd, 0xff, 0xfd, 0xfd, 0xfd, 0xff, 0xfd, 0xfd, 0xfd, 0xff,
  0xfd, 0xfd, 0xfd, 0xff, 0xfd, 0xfd, 0xfd, 0xff, 0xfd, 0xfd, 0xfd, 0xff,
  0xfd, 0xfc, 0xfb, 0xff, 0xfe, 0xff, 0xff, 0xff, 0xfb, 0xa1, 0x39, 0xff,
  0xfc, 0xbd, 0x73, 0xff, 0xfe, 0xff, 0xff, 0xff, 0xfe, 0xff, 0xff, 0xff,
  0xfd, 0xed, 0xdc, 0xff, 0xfb, 0x80, 0x05, 0xff, 0xfe, 0xee, 0xde, 0xff,
  0xfd, 0xff, 0xff, 0xff, 0xfd, 0xfa, 0xf7, 0xff, 0xfd, 0xfd, 0xfd, 0xff,
  0xfd, 0xfd, 0xfd, 0xff, 0xfd, 0xfd, 0xfd, 0xff, 0xfd, 0xfd, 0xfd, 0xff,
  0xfd, 0xfd, 0xfd, 0xff, 0xfd, 0xfd, 0xfd, 0xff, 0xfd, 0xfd, 0xfd, 0xff,
  0xfd, 0xfd, 0xfd, 0xff, 0xfd, 0xfd, 0xfd, 0xff, 0xfd, 0xfd, 0xfe, 0xff,
  0xfd, 0xfd, 0xfd, 0xff, 0xfd, 0xfd, 0xfd, 0xff, 0xfd, 0xfd, 0xfd, 0xff,
  0xfd, 0xfd, 0xfd, 0xff, 0xfd, 0xfd, 0xfd, 0xff, 0xfd, 0xfd, 0xfd, 0xff,
  0xfd, 0xfd, 0xfd, 0xff, 0xfd, 0xfc, 0xfc, 0xff, 0xfe, 0xfc, 0xfc, 0xff,
  0xfd, 0xff, 0xff, 0xff, 0xfc, 0xda, 0xdd, 0xff, 0xf9, 0x30, 0x4c, 0xff,
  0xfa, 0x4f, 0x69, 0xff, 0xfd, 0xe3, 0xe8, 0xff, 0xfc, 0xde, 0xe5, 0xff,
  0xf9, 0x4b, 0x78, 0xff, 0xf8, 0x1d, 0x55, 0xff, 0xfb, 0x65, 0x8e, 0xff,
  0xfe, 0xf7, 0xf9, 0xff, 0xfd, 0xff, 0xff, 0xff, 0xfd, 0xf9, 0xfa, 0xff,
  0xfd, 0xfc, 0xfd, 0xff, 0xfd, 0xfd, 0xfd, 0xff, 0xfd, 0xfd, 0xfd, 0xff,
  0xfd, 0xfd, 0xfd, 0xff, 0xfd, 0xfd, 0xfd, 0xff, 0xfd, 0xfd, 0xfd, 0xff,
  0xfd, 0xfd, 0xfd, 0xff, 0xfd, 0xfd, 0xfd, 0xff, 0xfd, 0xfd, 0xfd, 0xff,
  0xfd, 0xfd, 0xfd, 0xff, 0xfd, 0xfd, 0xfd, 0xff, 0xfd, 0xfd, 0xfd, 0xff,
  0xfd, 0xfd, 0xfd, 0xff, 0xfd, 0xfd, 0xfd, 0xff, 0xfd, 0xfd, 0xfd, 0xff,
  0xfd, 0xfd, 0xfd, 0xff, 0xfd, 0xfd, 0xfd, 0xff, 0xfd, 0xfd, 0xfd, 0xff,
  0xfd, 0xfd, 0xfd, 0xff, 0xfd, 0xfd, 0xfd, 0xff, 0xfd, 0xfd, 0xfd, 0xff,
  0xfd, 0xfd, 0xfd, 0xff, 0xfd, 0xfd, 0xfd, 0xff, 0xfd, 0xfd, 0xfd, 0xff,
  0xfd, 0xfd, 0xfd, 0xff, 0xfd, 0xfd, 0xfd, 0xff, 0xfd, 0xfd, 0xfd, 0xff,
  0xfd, 0xfd, 0xfd, 0xff, 0xfe, 0xff, 0xff, 0xff, 0xef, 0xef, 0xef, 0xff,
  0xed, 0xed, 0xee, 0xff, 0xf8, 0xf8, 0xf8, 0xff, 0xfa, 0xfa, 0xfa, 0xff,
  0xfa, 0xfa, 0xfa, 0xff, 0xfa, 0xfa, 0xfa, 0xff, 0xfa, 0xfa, 0xfa, 0xff,
  0xfa, 0xfa, 0xfa, 0xff, 0xfa, 0xfa, 0xfb, 0xff, 0xfa, 0xfa, 0xfb, 0xff,
  0xfa, 0xfa, 0xfa, 0xff, 0xfa, 0xfa, 0xfa, 0xff, 0xfa, 0xfa, 0xfa, 0xff,
  0xfa, 0xfa, 0xfa, 0xff, 0xfa, 0xfa, 0xfa, 0xff, 0xfa, 0xfa, 0xfa, 0xff,
  0xfa, 0xfa, 0xfa, 0xff, 0xf9, 0xf9, 0xf9, 0xff, 0xf1, 0xf1, 0xf1, 0xff,
  0xf6, 0xf6, 0xf6, 0xff, 0xfe, 0xfe, 0xff, 0xff, 0xfc, 0xfc, 0xfd, 0xff,
  0xfd, 0xfd, 0xfd, 0xff, 0xfd, 0xfd, 0xfd, 0xff, 0xfd, 0xfd, 0xfd, 0xff,
  0xfd, 0xfd, 0xfd, 0xff, 0xfd, 0xfd, 0xfd, 0xff, 0xfd, 0xfd, 0xfd, 0xff,
  0xfd, 0xfd, 0xfd, 0xff, 0xfd, 0xfd, 0xfd, 0xff, 0xfd, 0xfd, 0xfd, 0xff,
  0xfd, 0xfd, 0xfd, 0xff, 0xfd, 0xfd, 0xfd, 0xff, 0xfd, 0xfd, 0xfd, 0xff,
  0xfd, 0xfd, 0xfd, 0xff, 0xfd, 0xfd, 0xfd, 0xff, 0xfd, 0xfd, 0xfd, 0xff,
  0xfd, 0xfc, 0xfb, 0xff, 0xfd, 0xff, 0xff, 0xff, 0xfb, 0x9f, 0x2f, 0xff,
  0xff, 0xc9, 0x8a, 0xff, 0xfe, 0xff, 0xff, 0xff, 0xfd, 0xff, 0xff, 0xff,
  0xfe, 0xf3, 0xe9, 0xff, 0xfb, 0x83, 0x0c, 0xff, 0xfc, 0xe9, 0xd6, 0xff,
  0xfd, 0xff, 0xff, 0xff, 0xfd, 0xfc, 0xfb, 0xff, 0xfd, 0xfd, 0xfd, 0xff,
  0xfd, 0xfd, 0xfd, 0xff, 0xfd, 0xfd, 0xfd, 0xff, 0xfd, 0xfd, 0xfd, 0xff,
  0xfd, 0xfd, 0xfd, 0xff, 0xfd, 0xfd, 0xfd, 0xff, 0xfd, 0xfd, 0xfd, 0xff,
  0xfd, 0xfd, 0xfd, 0xff, 0xfd, 0xfd, 0xfd, 0xff, 0xfd, 0xfd, 0xfd, 0xff,
  0xfd, 0xfd, 0xfd, 0xff, 0xfd, 0xfd, 0xfd, 0xff, 0xfd, 0xfd, 0xfd, 0xff,
  0xfd, 0xfd, 0xfd, 0xff, 0xfd, 0xfd, 0xfd, 0xff, 0xfd, 0xfd, 0xfd, 0xff,
  0xfd, 0xfd, 0xfd, 0xff, 0xfd, 0xfd, 0xfd, 0xff, 0xfd, 0xfc, 0xfc, 0xff,
  0xfd, 0xfc, 0xfd, 0xff, 0xfe, 0xff, 0xff, 0xff, 0xfa, 0x46, 0x5e, 0xff,
  0xfd, 0xca, 0xd1, 0xff, 0xfe, 0xff, 0xff, 0xff, 0xfe, 0xff, 0xff, 0xff,
  0xfb, 0xc5, 0xd4, 0xff, 0xf8, 0x3a, 0x6d, 0xff, 0xfe, 0xff, 0xff, 0xff,
  0xfd, 0xff, 0xff, 0xff, 0xfd, 0xf9, 0xfa, 0xff, 0xfd, 0xfd, 0xfd, 0xff,
  0xfd, 0xfd, 0xfd, 0xff, 0xfd, 0xfd, 0xfd, 0xff, 0xfd, 0xfd, 0xfd, 0xff,
  0xfd, 0xfd, 0xfe, 0xff, 0xfd, 0xfd, 0xfd, 0xff, 0xfd, 0xfd, 0xfd, 0xff,
  0xfd, 0xfd, 0xfd, 0xff, 0xfd, 0xfd, 0xfd, 0xff, 0xfd, 0xfd, 0xfd, 0xff,
  0xfd, 0xfd, 0xfd, 0xff, 0xfd, 0xfd, 0xfd, 0xff, 0xfd, 0xfd, 0xfd, 0xff,
  0xfd, 0xfd, 0xfd, 0xff, 0xfd, 0xfd, 0xfd, 0xff, 0xfd, 0xfd, 0xfd, 0xff,
  0xfd, 0xfd, 0xfd, 0xff, 0xfd, 0xfd, 0xfd, 0xff, 0xfd, 0xfd, 0xfd, 0xff,
  0xfd, 0xfd, 0xfd, 0xff, 0xfd, 0xfd, 0xfd, 0xff, 0xfd, 0xfd, 0xfd, 0xff,
  0xfd, 0xfd, 0xfd, 0xff, 0xfd, 0xfd, 0xfd, 0xff, 0xfd, 0xfd, 0xfd, 0xff,
  0xfd, 0xfd, 0xfd, 0xff, 0xfd, 0xfd, 0xfd, 0xff, 0xfd, 0xfd, 0xfd, 0xff,
  0xfd, 0xfd, 0xfd, 0xff, 0xff, 0xff, 0xff, 0xff, 0xf0, 0xf0, 0xf0, 0xff,
  0xed, 0xed, 0xee, 0xff, 0xf8, 0xf8, 0xf8, 0xff, 0xfa, 0xfa, 0xfa, 0xff,
  0xfa, 0xfa, 0xfa, 0xff, 0xfa, 0xfa, 0xfa, 0xff, 0xfa, 0xfa, 0xfa, 0xff,
  0xfa, 0xfa, 0xfa, 0xff, 0xfa, 0xfa, 0xfa, 0xff, 0xfa, 0xfa, 0xfa, 0xff,
  0xfa, 0xfa, 0xfa, 0xff, 0xfa, 0xfa, 0xfa, 0xff, 0xfa, 0xfa, 0xfa, 0xff,
  0xfa, 0xfa, 0xfa, 0xff, 0xfa, 0xfa, 0xfa, 0xff, 0xfa, 0xfa, 0xfa, 0xff,
  0xfa, 0xfa, 0xfa, 0xff, 0xf9, 0xf9, 0xf9, 0xff, 0xf1, 0xf1, 0xf2, 0xff,
  0xf6, 0xf6, 0xf6, 0xff, 0xfe, 0xfe, 0xfe, 0xff, 0xfc, 0xfc, 0xfd, 0xff,
  0xfd, 0xfd, 0xfd, 0xff, 0xfd, 0xfd, 0xfd, 0xff, 0xfd, 0xfd, 0xfd, 0xff,
  0xfd, 0xfd, 0xfd, 0xff, 0xfd, 0xfd, 0xfd, 0xff, 0xfd, 0xfd, 0xfd, 0xff,
  0xfd, 0xfd, 0xfd, 0xff, 0xfd, 0xfd, 0xfd, 0xff, 0xfd, 0xfd, 0xfd, 0xff,
  0xfd, 0xfd, 0xfd, 0xff, 0xfd, 0xfd, 0xfd, 0xff, 0xfd, 0xfd, 0xfd, 0xff,
  0xfd, 0xfd, 0xfd, 0xff, 0xfd, 0xfd, 0xfd, 0xff, 0xfd, 0xfd, 0xfd, 0xff,
  0xfd, 0xfb, 0xf9, 0xff, 0xfd, 0xff, 0xff, 0xff, 0xfe, 0xd0, 0x97, 0xff,
  0xfa, 0x89, 0x00, 0xff, 0xfc, 0xd9, 0xb2, 0xff, 0xfe, 0xed, 0xda, 0xff,
  0xfb, 0x99, 0x34, 0xff, 0xfc, 0x9b, 0x39, 0xff, 0xfe, 0xff, 0xff, 0xff,
  0xfd, 0xfc, 0xfc, 0xff, 0xfd, 0xfd, 0xfd, 0xff, 0xfd, 0xfd, 0xfd, 0xff,
  0xfd, 0xfd, 0xfd, 0xff, 0xfd, 0xfd, 0xfd, 0xff, 0xfd, 0xfd, 0xfd, 0xff,
  0xfd, 0xfd, 0xfd, 0xff, 0xfd, 0xfd, 0xfd, 0xff, 0xfd, 0xfd, 0xfd, 0xff,
  0xfd, 0xfd, 0xfd, 0xff, 0xfd, 0xfd, 0xfd, 0xff, 0xfd, 0xfd, 0xfd, 0xff,
  0xfd, 0xfd, 0xfd, 0xff, 0xfd, 0xfd, 0xfd, 0xff, 0xfd, 0xfd, 0xfd, 0xff,
  0xfd, 0xfd, 0xfd, 0xff, 0xfd, 0xfd, 0xfd, 0xff, 0xfd, 0xfd, 0xfd, 0xff,
  0xfd, 0xfd, 0xfd, 0xff, 0xfd, 0xfd, 0xfd, 0xff, 0xfd, 0xfd, 0xfd, 0xff,
  0xfd, 0xfe, 0xfe, 0xff, 0xfd, 0xfc, 0xfb, 0xff, 0xfa, 0x44, 0x5d, 0xff,
  0xfc, 0xad, 0xb9, 0xff, 0xfe, 0xff, 0xff, 0xff, 0xff, 0xff, 0xff, 0xff,
  0xfa, 0xa1, 0xb9, 0xff, 0xf9, 0x3e, 0x70, 0xff, 0xfe, 0xff, 0xff, 0xff,
  0xfd, 0xfc, 0xfc, 0xff, 0xfd, 0xfd, 0xfd, 0xff, 0xfd, 0xfd, 0xfd, 0xff,
  0xfd, 0xfd, 0xfd, 0xff, 0xfd, 0xfd, 0xfd, 0xff, 0xfd, 0xfd, 0xfd, 0xff,
  0xfd, 0xfd, 0xfd, 0xff, 0xfd, 0xfd, 0xfd, 0xff, 0xfd, 0xfd, 0xfd, 0xff,
  0xfd, 0xfd, 0xfd, 0xff, 0xfd, 0xfd, 0xfd, 0xff, 0xfd, 0xfd, 0xfe, 0xff,
  0xfd, 0xfd, 0xfd, 0xff, 0xfd, 0xfd, 0xfd, 0xff, 0xfd, 0xfd, 0xfd, 0xff,
  0xfd, 0xfd, 0xfd, 0xff, 0xfd, 0xfd, 0xfd, 0xff, 0xfd, 0xfd, 0xfd, 0xff,
  0xfd, 0xfd, 0xfd, 0xff, 0xfd, 0xfd, 0xfd, 0xff, 0xfd, 0xfd, 0xfd, 0xff,
  0xfd, 0xfd, 0xfd, 0xff, 0xfd, 0xfd, 0xfd, 0xff, 0xfd, 0xfd, 0xfd, 0xff,
  0xfd, 0xfd, 0xfd, 0xff, 0xfd, 0xfd, 0xfd, 0xff, 0xfd, 0xfd, 0xfd, 0xff,
  0xfd, 0xfd, 0xfd, 0xff, 0xfd, 0xfd, 0xfd, 0xff, 0xfd, 0xfd, 0xfd, 0xff,
  0xfc, 0xfd, 0xfd, 0xff, 0xfe, 0xfe, 0xff, 0xff, 0xef, 0xef, 0xf0, 0xff,
  0xee, 0xed, 0xee, 0xff, 0xf8, 0xf8, 0xf8, 0xff, 0xfa, 0xfa, 0xfa, 0xff,
  0xfa, 0xfa, 0xfa, 0xff, 0xfa, 0xfa, 0xfa, 0xff, 0xfa, 0xfa, 0xfa, 0xff,
  0xfa, 0xfa, 0xfa, 0xff, 0xfa, 0xfa, 0xfa, 0xff, 0xfa, 0xfa, 0xfa, 0xff,
  0xfa, 0xfa, 0xfa, 0xff, 0xfa, 0xfa, 0xfa, 0xff, 0xfa, 0xfa, 0xfa, 0xff,
  0xfa, 0xfa, 0xfa, 0xff, 0xfa, 0xfa, 0xfa, 0xff, 0xfa, 0xfa, 0xfa, 0xff,
  0xfa, 0xfa, 0xfa, 0xff, 0xf9, 0xf9, 0xf9, 0xff, 0xf1, 0xf1, 0xf2, 0xff,
  0xf6, 0xf6, 0xf6, 0xff, 0xfe, 0xfe, 0xff, 0xff, 0xfd, 0xfd, 0xfd, 0xff,
  0xfd, 0xfd, 0xfd, 0xff, 0xfd, 0xfd, 0xfd, 0xff, 0xfd, 0xfd, 0xfd, 0xff,
  0xfd, 0xfd, 0xfd, 0xff, 0xfd, 0xfd, 0xfd, 0xff, 0xfd, 0xfd, 0xfd, 0xff,
  0xfd, 0xfd, 0xfd, 0xff, 0xfd, 0xfd, 0xfd, 0xff, 0xfd, 0xfd, 0xfd, 0xff,
  0xfd, 0xfd, 0xfd, 0xff, 0xfd, 0xfd, 0xfd, 0xff, 0xfd, 0xfd, 0xfd, 0xff,
  0xfd, 0xfd, 0xfd, 0xff, 0xfd, 0xfd, 0xfd, 0xff, 0xfd, 0xfd, 0xfd, 0xff,
  0xfd, 0xfd, 0xfd, 0xff, 0xfd, 0xfd, 0xfd, 0xff, 0xfe, 0xff, 0xff, 0xff,
  0xfb, 0xc0, 0x7c, 0xff, 0xfc, 0x8d, 0x0f, 0xff, 0xfa, 0x88, 0x0c, 0xff,
  0xfc, 0xa1, 0x41, 0xff, 0xfd, 0xf3, 0xe9, 0xff, 0xfd, 0xff, 0xff, 0xff,
  0xfd, 0xfc, 0xfc, 0xff, 0xfd, 0xfd, 0xfd, 0xff, 0xfd, 0xfd, 0xfd, 0xff,
  0xfd, 0xfd, 0xfd, 0xff, 0xfd, 0xfd, 0xfd, 0xff, 0xfd, 0xfd, 0xfd, 0xff,
  0xfd, 0xfd, 0xfd, 0xff, 0xfd, 0xfd, 0xfd, 0xff, 0xfd, 0xfd, 0xfd, 0xff,
  0xfd, 0xfd, 0xfd, 0xff, 0xfd, 0xfd, 0xfd, 0xff, 0xfd, 0xfd, 0xfd, 0xff,
  0xfd, 0xfd, 0xfd, 0xff, 0xfd, 0xfd, 0xfd, 0xff, 0xfd, 0xfd, 0xfd, 0xff,
  0xfd, 0xfd, 0xfd, 0xff, 0xfd, 0xfd, 0xfd, 0xff, 0xfd, 0xfd, 0xfd, 0xff,
  0xfd, 0xfd, 0xfd, 0xff, 0xfd, 0xfd, 0xfd, 0xff, 0xfd, 0xfd, 0xfd, 0xff,
  0xfd, 0xfa, 0xfb, 0xff, 0xfe, 0xff, 0xff, 0xff, 0xfb, 0xa0, 0xae, 0xff,
  0xf9, 0x24, 0x47, 0xff, 0xfb, 0x9b, 0xad, 0xff, 0xf9, 0x93, 0xab, 0xff,
  0xf7, 0x1c, 0x54, 0xff, 0xfc, 0xa7, 0xbe, 0xff, 0xfd, 0xff, 0xff, 0xff,
  0xfd, 0xfa, 0xfb, 0xff, 0xfd, 0xfd, 0xfd, 0xff, 0xfd, 0xfd, 0xfd, 0xff,
  0xfd, 0xfd, 0xfd, 0xff, 0xfd, 0xfd, 0xfd, 0xff, 0xfd, 0xfd, 0xfd, 0xff,
  0xfd, 0xfd, 0xfd, 0xff, 0xfd, 0xfd, 0xfd, 0xff, 0xfd, 0xfd, 0xfd, 0xff,
  0xfd, 0xfd, 0xfd, 0xff, 0xfd, 0xfd, 0xfd, 0xff, 0xfd, 0xfd, 0xfd, 0xff,
  0xfd, 0xfd, 0xfd, 0xff, 0xfd, 0xfd, 0xfd, 0xff, 0xfd, 0xfd, 0xfd, 0xff,
  0xfd, 0xfd, 0xfd, 0xff, 0xfd, 0xfd, 0xfd, 0xff, 0xfd, 0xfd, 0xfd, 0xff,
  0xfd, 0xfd, 0xfd, 0xff, 0xfd, 0xfd, 0xfd, 0xff, 0xfd, 0xfd, 0xfd, 0xff,
  0xfd, 0xfd, 0xfd, 0xff, 0xfd, 0xfd, 0xfd, 0xff, 0xfd, 0xfd, 0xfd, 0xff,
  0xfd, 0xfd, 0xfd, 0xff, 0xfd, 0xfd, 0xfd, 0xff, 0xfd, 0xfd, 0xfd, 0xff,
  0xfd, 0xfd, 0xfd, 0xff, 0xfd, 0xfd, 0xfd, 0xff, 0xfd, 0xfd, 0xfd, 0xff,
  0xfd, 0xfd, 0xfd, 0xff, 0xfe, 0xff, 0xff, 0xff, 0xef, 0xef, 0xef, 0xff,
  0xed, 0xed, 0xed, 0xff, 0xf8, 0xf8, 0xf8, 0xff, 0xfa, 0xfa, 0xfa, 0xff,
  0xfa, 0xfa, 0xfa, 0xff, 0xfa, 0xfa, 0xfa, 0xff, 0xfa, 0xfa, 0xfa, 0xff,
  0xfa, 0xfa, 0xfa, 0xff, 0xfa, 0xfa, 0xfa, 0xff, 0xfa, 0xfa, 0xfa, 0xff,
  0xfa, 0xfa, 0xfa, 0xff, 0xfa, 0xfa, 0xfa, 0xff, 0xfa, 0xfa, 0xfa, 0xff,
  0xfa, 0xfa, 0xfa, 0xff, 0xfa, 0xfa, 0xfa, 0xff, 0xfa, 0xfa, 0xfa, 0xff,
  0xfa, 0xfa, 0xfa, 0xff, 0xf9, 0xf9, 0xf9, 0xff, 0xf1, 0xf1, 0xf2, 0xff,
  0xf6, 0xf6, 0xf6, 0xff, 0xfe, 0xfe, 0xfe, 0xff, 0xfc, 0xfc, 0xfd, 0xff,
  0xfd, 0xfd, 0xfd, 0xff, 0xfd, 0xfd, 0xfd, 0xff, 0xfd, 0xfd, 0xfd, 0xff,
  0xfd, 0xfd, 0xfd, 0xff, 0xfd, 0xfd, 0xfd, 0xff, 0xfd, 0xfd, 0xfd, 0xff,
  0xfd, 0xfd, 0xfd, 0xff, 0xfd, 0xfd, 0xfd, 0xff, 0xfd, 0xfd, 0xfd, 0xff,
  0xfd, 0xfd, 0xfd, 0xff, 0xfd, 0xfd, 0xfd, 0xff, 0xfd, 0xfd, 0xfd, 0xff,
  0xfd, 0xfd, 0xfd, 0xff, 0xfd, 0xfd, 0xfd, 0xff, 0xfd, 0xfd, 0xfd, 0xff,
  0xfd, 0xfd, 0xfd, 0xff, 0xfd, 0xfd, 0xfd, 0xff, 0xfd, 0xfd, 0xfd, 0xff,
  0xfe, 0xff, 0xff, 0xff, 0xfd, 0xf8, 0xf4, 0xff, 0xfd, 0xf3, 0xe8, 0xff,
  0xfd, 0xff, 0xff, 0xff, 0xfd, 0xff, 0xff, 0xff, 0xfd, 0xfc, 0xfb, 0xff,
  0xfd, 0xfd, 0xfd, 0xff, 0xfd, 0xfd, 0xfd, 0xff, 0xfd, 0xfd, 0xfd, 0xff,
  0xfd, 0xfd, 0xfd, 0xff, 0xfd, 0xfd, 0xfd, 0xff, 0xfd, 0xfd, 0xfd, 0xff,
  0xfd, 0xfd, 0xfd, 0xff, 0xfd, 0xfd, 0xfd, 0xff, 0xfd, 0xfd, 0xfd, 0xff,
  0xfd, 0xfd, 0xfd, 0xff, 0xfd, 0xfd, 0xfd, 0xff, 0xfd, 0xfd, 0xfd, 0xff,
  0xfd, 0xfd, 0xfd, 0xff, 0xfd, 0xfd, 0xfd, 0xff, 0xfd, 0xfd, 0xfd, 0xff,
  0xfd, 0xfd, 0xfd, 0xff, 0xfd, 0xfd, 0xfd, 0xff, 0xfd, 0xfd, 0xfd, 0xff,
  0xfd, 0xfd, 0xfd, 0xff, 0xfd, 0xfd, 0xfd, 0xff, 0xfd, 0xfd, 0xfd, 0xff,
  0xfd, 0xfd, 0xfd, 0xff, 0xfd, 0xfc, 0xfd, 0xff, 0xfe, 0xff, 0xff, 0xff,
  0xfb, 0xb0, 0xbd, 0xff, 0xf7, 0x4f, 0x71, 0xff, 0xf8, 0x4f, 0x76, 0xff,
  0xfb, 0xad, 0xc1, 0xff, 0xfe, 0xff, 0xff, 0xff, 0xfd, 0xfc, 0xfc, 0xff,
  0xfd, 0xfd, 0xfd, 0xff, 0xfd, 0xfd, 0xfd, 0xff, 0xfd, 0xfd, 0xfd, 0xff,
  0xfd, 0xfd, 0xfd, 0xff, 0xfd, 0xfd, 0xfd, 0xff, 0xfd, 0xfd, 0xfd, 0xff,
  0xfd, 0xfd, 0xfd, 0xff, 0xfd, 0xfd, 0xfd, 0xff, 0xfd, 0xfd, 0xfd, 0xff,
  0xfd, 0xfd, 0xfd, 0xff, 0xfd, 0xfd, 0xfd, 0xff, 0xfd, 0xfd, 0xfd, 0xff,
  0xfd, 0xfd, 0xfd, 0xff, 0xfd, 0xfd, 0xfd, 0xff, 0xfd, 0xfd, 0xfd, 0xff,
  0xfd, 0xfd, 0xfd, 0xff, 0xfd, 0xfd, 0xfd, 0xff, 0xfd, 0xfd, 0xfd, 0xff,
  0xfd, 0xfd, 0xfd, 0xff, 0xfd, 0xfd, 0xfd, 0xff, 0xfd, 0xfd, 0xfd, 0xff,
  0xfd, 0xfd, 0xfd, 0xff, 0xfd, 0xfd, 0xfd, 0xff, 0xfd, 0xfd, 0xfd, 0xff,
  0xfd, 0xfd, 0xfd, 0xff, 0xfd, 0xfd, 0xfd, 0xff, 0xfd, 0xfd, 0xfd, 0xff,
  0xfd, 0xfd, 0xfd, 0xff, 0xfd, 0xfd, 0xfd, 0xff, 0xfd, 0xfd, 0xfd, 0xff,
  0xfc, 0xfc, 0xfd, 0xff, 0xff, 0xff, 0xff, 0xff, 0xef, 0xef, 0xef, 0xff,
  0xed, 0xed, 0xed, 0xff, 0xf8, 0xf8, 0xf8, 0xff, 0xfa, 0xfa, 0xfa, 0xff,
  0xfa, 0xfa, 0xfa, 0xff, 0xfa, 0xfa, 0xfa, 0xff, 0xfa, 0xfa, 0xfa, 0xff,
  0xfa, 0xfa, 0xfa, 0xff, 0xfa, 0xfa, 0xfb, 0xff, 0xfa, 0xfa, 0xfa, 0xff,
  0xfa, 0xfa, 0xfa, 0xff, 0xfa, 0xfa, 0xfa, 0xff, 0xfa, 0xfa, 0xfa, 0xff,
  0xfa, 0xfa, 0xfa, 0xff, 0xfa, 0xfa, 0xfa, 0xff, 0xfa, 0xfa, 0xfa, 0xff,
  0xfa, 0xfa, 0xfa, 0xff, 0xf9, 0xf9, 0xf9, 0xff, 0xf1, 0xf1, 0xf2, 0xff,
  0xf6, 0xf6, 0xf6, 0xff, 0xfe, 0xfe, 0xff, 0xff, 0xfd, 0xfd, 0xfd, 0xff,
  0xfd, 0xfd, 0xfd, 0xff, 0xfd, 0xfd, 0xfd, 0xff, 0xfd, 0xfd, 0xfd, 0xff,
  0xfd, 0xfd, 0xfd, 0xff, 0xfd, 0xfd, 0xfd, 0xff, 0xfd, 0xfd, 0xfd, 0xff,
  0xfd, 0xfd, 0xfd, 0xff, 0xfd, 0xfd, 0xfd, 0xff, 0xfd, 0xfd, 0xfd, 0xff,
  0xfd, 0xfd, 0xfd, 0xff, 0xfd, 0xfd, 0xfd, 0xff, 0xfd, 0xfd, 0xfd, 0xff,
  0xfd, 0xfd, 0xfd, 0xff, 0xfd, 0xfd, 0xfd, 0xff, 0xfd, 0xfd, 0xfd, 0xff,
  0xfd, 0xfd, 0xfd, 0xff, 0xfd, 0xfd, 0xfd, 0xff, 0xfd, 0xfd, 0xfd, 0xff,
  0xfd, 0xfc, 0xfa, 0xff, 0xfd, 0xff, 0xff, 0xff, 0xfd, 0xff, 0xff, 0xff,
  0xfd, 0xfc, 0xfb, 0xff, 0xfd, 0xfc, 0xfb, 0xff, 0xfd, 0xfd, 0xfe, 0xff,
  0xfd, 0xfd, 0xfd, 0xff, 0xfd, 0xfd, 0xfd, 0xff, 0xfd, 0xfd, 0xfd, 0xff,
  0xfd, 0xfd, 0xfd, 0xff, 0xfd, 0xfd, 0xfd, 0xff, 0xfd, 0xfd, 0xfd, 0xff,
  0xfd, 0xfd, 0xfd, 0xff, 0xfd, 0xfd, 0xfd, 0xff, 0xfd, 0xfd, 0xfd, 0xff,
  0xfd, 0xfd, 0xfd, 0xff, 0xfc, 0xfc, 0xfd, 0xff, 0xfc, 0xfc, 0xfd, 0xff,
  0xfd, 0xfd, 0xfd, 0xff, 0xfd, 0xfd, 0xfd, 0xff, 0xfd, 0xfd, 0xfd, 0xff,
  0xfd, 0xfd, 0xfd, 0xff, 0xfd, 0xfd, 0xfd, 0xff, 0xfd, 0xfd, 0xfd, 0xff,
  0xfd, 0xfd, 0xfd, 0xff, 0xfd, 0xfd, 0xfd, 0xff, 0xfd, 0xfd, 0xfd, 0xff,
  0xfd, 0xfd, 0xfd, 0xff, 0xfd, 0xfd, 0xfd, 0xff, 0xfd, 0xfc, 0xfd, 0xff,
  0xfd, 0xff, 0xff, 0xff, 0xfd, 0xff, 0xff, 0xff, 0xfe, 0xff, 0xff, 0xff,
  0xfd, 0xff, 0xff, 0xff, 0xfd, 0xfc, 0xfc, 0xff, 0xfd, 0xfd, 0xfd, 0xff,
  0xfd, 0xfd, 0xfd, 0xff, 0xfd, 0xfd, 0xfd, 0xff, 0xfd, 0xfd, 0xfd, 0xff,
  0xfd, 0xfd, 0xfd, 0xff, 0xfd, 0xfd, 0xfd, 0xff, 0xfd, 0xfd, 0xfd, 0xff,
  0xfd, 0xfd, 0xfd, 0xff, 0xfd, 0xfd, 0xfd, 0xff, 0xfd, 0xfd, 0xfd, 0xff,
  0xfd, 0xfd, 0xfd, 0xff, 0xfd, 0xfd, 0xfd, 0xff, 0xfd, 0xfd, 0xfd, 0xff,
  0xfd, 0xfd, 0xfd, 0xff, 0xfd, 0xfd, 0xfe, 0xff, 0xfd, 0xfd, 0xfd, 0xff,
  0xfc, 0xfc, 0xfc, 0xff, 0xfc, 0xfc, 0xfd, 0xff, 0xfd, 0xfd, 0xfd, 0xff,
  0xfd, 0xfd, 0xfd, 0xff, 0xfd, 0xfd, 0xfd, 0xff, 0xfd, 0xfd, 0xfd, 0xff,
  0xfd, 0xfd, 0xfd, 0xff, 0xfd, 0xfd, 0xfd, 0xff, 0xfd, 0xfd, 0xfd, 0xff,
  0xfd, 0xfd, 0xfd, 0xff, 0xfd, 0xfd, 0xfd, 0xff, 0xfd, 0xfd, 0xfd, 0xff,
  0xfd, 0xfd, 0xfd, 0xff, 0xfd, 0xfd, 0xfd, 0xff, 0xfd, 0xfd, 0xfd, 0xff,
  0xfc, 0xfc, 0xfd, 0xff, 0xfe, 0xfe, 0xff, 0xff, 0xef, 0xef, 0xef, 0xff,
  0xed, 0xed, 0xee, 0xff, 0xf8, 0xf8, 0xf8, 0xff, 0xfa, 0xfa, 0xfa, 0xff,
  0xfa, 0xfa, 0xfa, 0xff, 0xfa, 0xfa, 0xfa, 0xff, 0xfa, 0xfa, 0xfa, 0xff,
  0xfa, 0xfa, 0xfa, 0xff, 0xfa, 0xfa, 0xfa, 0xff, 0xfa, 0xfa, 0xfa, 0xff,
  0xfa, 0xfa, 0xfa, 0xff, 0xfa, 0xfa, 0xfa, 0xff, 0xfa, 0xfa, 0xfa, 0xff,
  0xfa, 0xfa, 0xfa, 0xff, 0xfa, 0xfa, 0xfa, 0xff, 0xfa, 0xfa, 0xfa, 0xff,
  0xfa, 0xfa, 0xfa, 0xff, 0xf9, 0xf9, 0xf9, 0xff, 0xf1, 0xf1, 0xf1, 0xff,
  0xf6, 0xf6, 0xf6, 0xff, 0xfe, 0xfe, 0xfe, 0xff, 0xfd, 0xfd, 0xfd, 0xff,
  0xfd, 0xfd, 0xfd, 0xff, 0xfd, 0xfd, 0xfd, 0xff, 0xfd, 0xfd, 0xfd, 0xff,
  0xfd, 0xfd, 0xfd, 0xff, 0xfc, 0xfc, 0xfc, 0xff, 0xfa, 0xf9, 0xf9, 0xff,
  0xfa, 0xfa, 0xfa, 0xff, 0xfa, 0xfa, 0xfa, 0xff, 0xfa, 0xfa, 0xfa, 0xff,
  0xfa, 0xf9, 0xf9, 0xff, 0xfc, 0xfc, 0xfd, 0xff, 0xfd, 0xfd, 0xfe, 0xff,
  0xfd, 0xfd, 0xfd, 0xff, 0xfd, 0xfd, 0xfd, 0xff, 0xfd, 0xfd, 0xfd, 0xff,
  0xfd, 0xfd, 0xfd, 0xff, 0xfd, 0xfd, 0xfd, 0xff, 0xfd, 0xfd, 0xfd, 0xff,
  0xfd, 0xfd, 0xfd, 0xff, 0xfb, 0xfa, 0xfa, 0xff, 0xfa, 0xf9, 0xf8, 0xff,
  0xfa, 0xfa, 0xfa, 0xff, 0xfa, 0xfa, 0xf9, 0xff, 0xfa, 0xf9, 0xf9, 0xff,
  0xfa, 0xfa, 0xfa, 0xff, 0xfd, 0xfd, 0xfd, 0xff, 0xfd, 0xfd, 0xfd, 0xff,
  0xfd, 0xfd, 0xfd, 0xff, 0xfd, 0xfd, 0xfd, 0xff, 0xfd, 0xfd, 0xfd, 0xff,
  0xfc, 0xfc, 0xfc, 0xff, 0xfa, 0xfa, 0xf9, 0xff, 0xfa, 0xfa, 0xfa, 0xff,
  0xfc, 0xfc, 0xfc, 0xff, 0xfd, 0xfd, 0xfd, 0xff, 0xfc, 0xfc, 0xfc, 0xff,
  0xfa, 0xfa, 0xfa, 0xff, 0xf9, 0xf9, 0xf9, 0xff, 0xfc, 0xfb, 0xfc, 0xff,
  0xfd, 0xfd, 0xfd, 0xff, 0xfd, 0xfd, 0xfd, 0xff, 0xfd, 0xfd, 0xfd, 0xff,
  0xfd, 0xfd, 0xfd, 0xff, 0xfd, 0xfd, 0xfd, 0xff, 0xfd, 0xfd, 0xfd, 0xff,
  0xfd, 0xfd, 0xfe, 0xff, 0xfc, 0xfc, 0xfc, 0xff, 0xfa, 0xf9, 0xf9, 0xff,
  0xfa, 0xf7, 0xf7, 0xff, 0xfa, 0xf8, 0xf9, 0xff, 0xf9, 0xf7, 0xf7, 0xff,
  0xfb, 0xf9, 0xf9, 0xff, 0xfd, 0xfd, 0xfd, 0xff, 0xfd, 0xfd, 0xfd, 0xff,
  0xfd, 0xfd, 0xfd, 0xff, 0xfd, 0xfd, 0xfd, 0xff, 0xfd, 0xfd, 0xfd, 0xff,
  0xfd, 0xfd, 0xfd, 0xff, 0xfd, 0xfd, 0xfd, 0xff, 0xfd, 0xfd, 0xfd, 0xff,
  0xfd, 0xfd, 0xfd, 0xff, 0xfd, 0xfd, 0xfd, 0xff, 0xfd, 0xfd, 0xfd, 0xff,
  0xfd, 0xfd, 0xfd, 0xff, 0xfd, 0xfd, 0xfd, 0xff, 0xfd, 0xfd, 0xfd, 0xff,
  0xfb, 0xfa, 0xfb, 0xff, 0xfa, 0xf9, 0xf9, 0xff, 0xfb, 0xfb, 0xfb, 0xff,
  0xfd, 0xfd, 0xfd, 0xff, 0xfd, 0xfd, 0xfd, 0xff, 0xfb, 0xfb, 0xfb, 0xff,
  0xfa, 0xf9, 0xf9, 0xff, 0xfa, 0xfa, 0xfa, 0xff, 0xfc, 0xfc, 0xfd, 0xff,
  0xfd, 0xfd, 0xfd, 0xff, 0xfd, 0xfd, 0xfd, 0xff, 0xfc, 0xfd, 0xfd, 0xff,
  0xfd, 0xfd, 0xfd, 0xff, 0xfd, 0xfd, 0xfd, 0xff, 0xfd, 0xfd, 0xfd, 0xff,
  0xfd, 0xfd, 0xfd, 0xff, 0xfd, 0xfd, 0xfd, 0xff, 0xfd, 0xfd, 0xfd, 0xff,
  0xfc, 0xfc, 0xfd, 0xff, 0xfe, 0xfe, 0xff, 0xff, 0xef, 0xf0, 0xf0, 0xff,
  0xee, 0xee, 0xee, 0xff, 0xf8, 0xf8, 0xf8, 0xff, 0xfa, 0xfa, 0xfa, 0xff,
  0xfa, 0xfa, 0xfa, 0xff, 0xfa, 0xfa, 0xfa, 0xff, 0xfa, 0xfa, 0xfa, 0xff,
  0xfa, 0xfa, 0xfa, 0xff, 0xfb, 0xfb, 0xfa, 0xff, 0xfa, 0xfa, 0xfa, 0xff,
  0xfa, 0xfa, 0xfa, 0xff, 0xfa, 0xfa, 0xfa, 0xff, 0xfa, 0xfa, 0xfa, 0xff,
  0xfa, 0xfa, 0xfa, 0xff, 0xfa, 0xfa, 0xfa, 0xff, 0xfa, 0xfa, 0xfa, 0xff,
  0xfa, 0xfa, 0xfa, 0xff, 0xf9, 0xf9, 0xf9, 0xff, 0xf1, 0xf1, 0xf2, 0xff,
  0xf6, 0xf6, 0xf7, 0xff, 0xfe, 0xfe, 0xfe, 0xff, 0xfd, 0xfd, 0xfd, 0xff,
  0xfd, 0xfd, 0xfd, 0xff, 0xfd, 0xfd, 0xfd, 0xff, 0xfd, 0xfd, 0xfd, 0xff,
  0xfc, 0xfc, 0xfc, 0xff, 0xff, 0xff, 0xff, 0xff, 0xff, 0xff, 0xff, 0xff,
  0xff, 0xff, 0xff, 0xff, 0xff, 0xff, 0xff, 0xff, 0xff, 0xff, 0xff, 0xff,
  0xff, 0xff, 0xff, 0xff, 0xff, 0xff, 0xff, 0xff, 0xfc, 0xfc, 0xfc, 0xff,
  0xfd, 0xfd, 0xfd, 0xff, 0xfd, 0xfd, 0xfd, 0xff, 0xfd, 0xfd, 0xfd, 0xff,
  0xfd, 0xfd, 0xfd, 0xff, 0xfd, 0xfd, 0xfd, 0xff, 0xfd, 0xfd, 0xfe, 0xff,
  0xfc, 0xfc, 0xfb, 0xff, 0xff, 0xff, 0xff, 0xff, 0xff, 0xff, 0xff, 0xff,
  0xff, 0xff, 0xff, 0xff, 0xff, 0xff, 0xff, 0xff, 0xff, 0xff, 0xff, 0xff,
  0xff, 0xff, 0xff, 0xff, 0xfc, 0xfc, 0xfc, 0xff, 0xfd, 0xfd, 0xfd, 0xff,
  0xfd, 0xfd, 0xfd, 0xff, 0xfd, 0xfd, 0xfd, 0xff, 0xfa, 0xfa, 0xfa, 0xff,
  0xff, 0xff, 0xff, 0xff, 0xff, 0xff, 0xff, 0xff, 0xff, 0xff, 0xff, 0xff,
  0xff, 0xff, 0xff, 0xff, 0xff, 0xff, 0xff, 0xff, 0xff, 0xff, 0xff, 0xff,
  0xff, 0xff, 0xff, 0xff, 0xff, 0xff, 0xff, 0xff, 0xff, 0xff, 0xff, 0xff,
  0xfa, 0xfa, 0xfa, 0xff, 0xfc, 0xfc, 0xfc, 0xff, 0xfd, 0xfd, 0xfe, 0xff,
  0xfd, 0xfd, 0xfd, 0xff, 0xfd, 0xfd, 0xfd, 0xff, 0xfd, 0xfd, 0xfd, 0xff,
  0xfc, 0xfc, 0xfc, 0xff, 0xff, 0xff, 0xff, 0xff, 0xff, 0xff, 0xff, 0xff,
  0xff, 0xff, 0xff, 0xff, 0xff, 0xff, 0xff, 0xff, 0xff, 0xff, 0xff, 0xff,
  0xff, 0xff, 0xff, 0xff, 0xfc, 0xfc, 0xfc, 0xff, 0xfd, 0xfd, 0xfd, 0xff,
  0xfd, 0xfd, 0xfd, 0xff, 0xfd, 0xfd, 0xfd, 0xff, 0xfd, 0xfd, 0xfd, 0xff,
  0xfd, 0xfd, 0xfd, 0xff, 0xfd, 0xfd, 0xfd, 0xff, 0xfd, 0xfd, 0xfd, 0xff,
  0xfd, 0xfd, 0xfd, 0xff, 0xfd, 0xfd, 0xfd, 0xff, 0xfd, 0xfd, 0xfd, 0xff,
  0xfd, 0xfd, 0xfe, 0xff, 0xfb, 0xfb, 0xfb, 0xff, 0xfc, 0xfc, 0xfc, 0xff,
  0xff, 0xff, 0xff, 0xff, 0xff, 0xff, 0xff, 0xff, 0xff, 0xff, 0xff, 0xff,
  0xff, 0xff, 0xff, 0xff, 0xff, 0xff, 0xff, 0xff, 0xff, 0xff, 0xff, 0xff,
  0xff, 0xff, 0xff, 0xff, 0xff, 0xff, 0xff, 0xff, 0xfd, 0xfd, 0xfc, 0xff,
  0xfb, 0xfa, 0xfa, 0xff, 0xfd, 0xfd, 0xfd, 0xff, 0xfd, 0xfd, 0xfd, 0xff,
  0xfd, 0xfd, 0xfd, 0xff, 0xfd, 0xfd, 0xfd, 0xff, 0xfd, 0xfd, 0xfd, 0xff,
  0xfd, 0xfd, 0xfd, 0xff, 0xfd, 0xfd, 0xfd, 0xff, 0xfd, 0xfd, 0xfd, 0xff,
  0xfd, 0xfd, 0xfd, 0xff, 0xff, 0xff, 0xff, 0xff, 0xf0, 0xf0, 0xf0, 0xff,
  0xee, 0xee, 0xee, 0xff, 0xf8, 0xf8, 0xf8, 0xff, 0xfa, 0xfa, 0xfa, 0xff,
  0xfa, 0xfa, 0xfa, 0xff, 0xfa, 0xfa, 0xfa, 0xff, 0xfa, 0xfa, 0xfa, 0xff,
  0xfa, 0xfa, 0xfa, 0xff, 0xfa, 0xfa, 0xfa, 0xff, 0xfa, 0xfa, 0xfa, 0xff,
  0xfa, 0xfa, 0xfa, 0xff, 0xfa, 0xfa, 0xfa, 0xff, 0xfa, 0xfa, 0xfa, 0xff,
  0xfa, 0xfa, 0xfa, 0xff, 0xfa, 0xfa, 0xfa, 0xff, 0xfa, 0xfa, 0xfa, 0xff,
  0xfa, 0xfa, 0xfa, 0xff, 0xf9, 0xf9, 0xf9, 0xff, 0xf1, 0xf1, 0xf2, 0xff,
  0xf6, 0xf6, 0xf6, 0xff, 0xfe, 0xfe, 0xfe, 0xff, 0xfd, 0xfd, 0xfd, 0xff,
  0xfd, 0xfd, 0xfd, 0xff, 0xfd, 0xfd, 0xfd, 0xff, 0xfb, 0xfb, 0xfb, 0xff,
  0xff, 0xff, 0xff, 0xff, 0xc8, 0xc0, 0xbd, 0xff, 0x7e, 0x67, 0x5d, 0xff,
  0x8c, 0x77, 0x6d, 0xff, 0x86, 0x72, 0x6a, 0xff, 0x86, 0x71, 0x68, 0xff,
  0x8c, 0x77, 0x6f, 0xff, 0xf2, 0xf0, 0xef, 0xff, 0xff, 0xff, 0xff, 0xff,
  0xfc, 0xfc, 0xfc, 0xff, 0xfd, 0xfd, 0xfd, 0xff, 0xfd, 0xfd, 0xfd, 0xff,
  0xfd, 0xfd, 0xfd, 0xff, 0xfd, 0xfd, 0xfe, 0xff, 0xfa, 0xfa, 0xfa, 0xff,
  0xff, 0xff, 0xff, 0xff, 0xbf, 0xb4, 0xb0, 0xff, 0x82, 0x6a, 0x60, 0xff,
  0x88, 0x74, 0x6c, 0xff, 0x88, 0x74, 0x6b, 0xff, 0x85, 0x6e, 0x64, 0xff,
  0x95, 0x85, 0x7f, 0xff, 0xfe, 0xfe, 0xfe, 0xff, 0xfd, 0xfe, 0xfe, 0xff,
  0xfb, 0xfb, 0xfb, 0xff, 0xfd, 0xfd, 0xfd, 0xff, 0xff, 0xff, 0xff, 0xff,
  0xf2, 0xf1, 0xf1, 0xff, 0xb7, 0xa9, 0xa4, 0xff, 0x83, 0x6c, 0x62, 0xff,
  0x6a, 0x4c, 0x3e, 0xff, 0x5e, 0x41, 0x33, 0xff, 0x65, 0x48, 0x39, 0xff,
  0x7b, 0x62, 0x56, 0xff, 0xa3, 0x94, 0x8f, 0xff, 0xe2, 0xdd, 0xdc, 0xff,
  0xff, 0xff, 0xff, 0xff, 0xff, 0xff, 0xff, 0xff, 0xfa, 0xfa, 0xfa, 0xff,
  0xfd, 0xfd, 0xfe, 0xff, 0xfd, 0xfd, 0xfd, 0xff, 0xfb, 0xfb, 0xfb, 0xff,
  0xff, 0xff, 0xff, 0xff, 0xdc, 0xd7, 0xd5, 0xff, 0x81, 0x6c, 0x64, 0xff,
  0x87, 0x73, 0x6b, 0xff, 0x89, 0x74, 0x6b, 0xff, 0x7f, 0x69, 0x60, 0xff,
  0xc7, 0xc0, 0xbd, 0xff, 0xff, 0xff, 0xff, 0xff, 0xfb, 0xfb, 0xfb, 0xff,
  0xfd, 0xfd, 0xfd, 0xff, 0xfd, 0xfd, 0xfd, 0xff, 0xfd, 0xfd, 0xfd, 0xff,
  0xfd, 0xfd, 0xfd, 0xff, 0xfd, 0xfd, 0xfd, 0xff, 0xfd, 0xfd, 0xfd, 0xff,
  0xfd, 0xfd, 0xfd, 0xff, 0xfd, 0xfd, 0xfd, 0xff, 0xfd, 0xfd, 0xfd, 0xff,
  0xfa, 0xfa, 0xfa, 0xff, 0xff, 0xff, 0xff, 0xff, 0xff, 0xff, 0xff, 0xff,
  0xce, 0xc5, 0xc3, 0xff, 0x95, 0x81, 0x79, 0xff, 0x70, 0x56, 0x49, 0xff,
  0x5d, 0x42, 0x34, 0xff, 0x60, 0x42, 0x34, 0xff, 0x6e, 0x53, 0x47, 0xff,
  0x91, 0x7e, 0x76, 0xff, 0xcb, 0xc2, 0xbf, 0xff, 0xff, 0xff, 0xff, 0xff,
  0xff, 0xff, 0xff, 0xff, 0xfa, 0xfa, 0xfa, 0xff, 0xfd, 0xfd, 0xfd, 0xff,
  0xfd, 0xfd, 0xfd, 0xff, 0xfd, 0xfd, 0xfd, 0xff, 0xfd, 0xfd, 0xfd, 0xff,
  0xfd, 0xfd, 0xfd, 0xff, 0xfd, 0xfd, 0xfd, 0xff, 0xfd, 0xfd, 0xfd, 0xff,
  0xfd, 0xfd, 0xfd, 0xff, 0xfe, 0xfe, 0xff, 0xff, 0xf0, 0xf0, 0xf0, 0xff,
  0xee, 0xee, 0xee, 0xff, 0xf8, 0xf8, 0xf8, 0xff, 0xfa, 0xfa, 0xfa, 0xff,
  0xfa, 0xfa, 0xfa, 0xff, 0xfa, 0xfa, 0xfa, 0xff, 0xfa, 0xfa, 0xfa, 0xff,
  0xfa, 0xfa, 0xfa, 0xff, 0xfa, 0xfa, 0xfa, 0xff, 0xfa, 0xfa, 0xfa, 0xff,
  0xfa, 0xfa, 0xfa, 0xff, 0xfa, 0xfb, 0xfa, 0xff, 0xfa, 0xfa, 0xfa, 0xff,
  0xfa, 0xfa, 0xfa, 0xff, 0xfa, 0xfa, 0xfa, 0xff, 0xfa, 0xfa, 0xfa, 0xff,
  0xfa, 0xfa, 0xfa, 0xff, 0xf9, 0xf9, 0xf9, 0xff, 0xf1, 0xf1, 0xf2, 0xff,
  0xf6, 0xf6, 0xf6, 0xff, 0xfe, 0xfe, 0xfe, 0xff, 0xfd, 0xfd, 0xfd, 0xff,
  0xfd, 0xfd, 0xfe, 0xff, 0xfd, 0xfd, 0xfd, 0xff, 0xfc, 0xfc, 0xfc, 0xff,
  0xff, 0xff, 0xff, 0xff, 0xea, 0xe7, 0xe6, 0xff, 0x42, 0x1d, 0x0a, 0xff,
  0x27, 0x00, 0x00, 0xff, 0x2e, 0x06, 0x00, 0xff, 0x2f, 0x07, 0x00, 0xff,
  0x21, 0x00, 0x00, 0xff, 0x93, 0x7f, 0x77, 0xff, 0xff, 0xff, 0xff, 0xff,
  0xfa, 0xf9, 0xf9, 0xff, 0xfd, 0xfd, 0xfd, 0xff, 0xfd, 0xfd, 0xfd, 0xff,
  0xfd, 0xfd, 0xfd, 0xff, 0xfc, 0xfc, 0xfc, 0xff, 0xff, 0xff, 0xff, 0xff,
  0xee, 0xeb, 0xeb, 0xff, 0x3f, 0x1d, 0x0d, 0xff, 0x2a, 0x00, 0x00, 0xff,
  0x2d, 0x06, 0x00, 0xff, 0x2f, 0x08, 0x00, 0xff, 0x20, 0x00, 0x00, 0xff,
  0xa2, 0x92, 0x8b, 0xff, 0xff, 0xff, 0xff, 0xff, 0xf9, 0xf8, 0xf8, 0xff,
  0xff, 0xff, 0xff, 0xff, 0xff, 0xff, 0xff, 0xff, 0xa6, 0x96, 0x8f, 0xff,
  0x4b, 0x29, 0x18, 0xff, 0x2e, 0x06, 0x00, 0xff, 0x2e, 0x05, 0x00, 0xff,
  0x31, 0x09, 0x00, 0xff, 0x33, 0x0c, 0x00, 0xff, 0x33, 0x0b, 0x00, 0xff,
  0x2e, 0x06, 0x00, 0xff, 0x2c, 0x04, 0x00, 0xff, 0x3f, 0x19, 0x06, 0xff,
  0x85, 0x6e, 0x65, 0xff, 0xf0, 0xee, 0xee, 0xff, 0xff, 0xff, 0xff, 0xff,
  0xfa, 0xf9, 0xf9, 0xff, 0xfd, 0xfd, 0xfe, 0xff, 0xfa, 0xfa, 0xfa, 0xff,
  0xff, 0xff, 0xff, 0xff, 0xc1, 0xb7, 0xb3, 0xff, 0x23, 0x00, 0x00, 0xff,
  0x2f, 0x07, 0x00, 0xff, 0x30, 0x09, 0x00, 0xff, 0x1f, 0x00, 0x00, 0xff,
  0xa0, 0x91, 0x89, 0xff, 0xff, 0xff, 0xff, 0xff, 0xfa, 0xf9, 0xf9, 0xff,
  0xfd, 0xfd, 0xfd, 0xff, 0xfd, 0xfd, 0xfd, 0xff, 0xfd, 0xfd, 0xfd, 0xff,
  0xfd, 0xfd, 0xfd, 0xff, 0xfd, 0xfd, 0xfd, 0xff, 0xfd, 0xfd, 0xfd, 0xff,
  0xfd, 0xfd, 0xfd, 0xff, 0xfd, 0xfd, 0xfd, 0xff, 0xfb, 0xfb, 0xfb, 0xff,
  0xff, 0xff, 0xff, 0xff, 0xd2, 0xcb, 0xc8, 0xff, 0x68, 0x4a, 0x3c, 0xff,
  0x33, 0x0c, 0x00, 0xff, 0x2d, 0x04, 0x00, 0xff, 0x2f, 0x07, 0x00, 0xff,
  0x33, 0x0b, 0x00, 0xff, 0x33, 0x0b, 0x00, 0xff, 0x30, 0x08, 0x00, 0xff,
  0x2c, 0x04, 0x00, 0xff, 0x32, 0x0b, 0x00, 0xff, 0x61, 0x43, 0x35, 0xff,
  0xcd, 0xc3, 0xc1, 0xff, 0xff, 0xff, 0xff, 0xff, 0xfb, 0xfb, 0xfb, 0xff,
  0xfc, 0xfc, 0xfd, 0xff, 0xfd, 0xfd, 0xfe, 0xff, 0xfd, 0xfd, 0xfd, 0xff,
  0xfd, 0xfd, 0xfd, 0xff, 0xfd, 0xfd, 0xfd, 0xff, 0xfd, 0xfd, 0xfd, 0xff,
  0xfd, 0xfd, 0xfd, 0xff, 0xfe, 0xfe, 0xff, 0xff, 0xf0, 0xf0, 0xf0, 0xff,
  0xee, 0xee, 0xee, 0xff, 0xf8, 0xf8, 0xf8, 0xff, 0xfa, 0xfa, 0xfa, 0xff,
  0xfa, 0xfa, 0xfa, 0xff, 0xfa, 0xfa, 0xfa, 0xff, 0xfa, 0xfa, 0xfa, 0xff,
  0xfa, 0xfa, 0xfa, 0xff, 0xfa, 0xfa, 0xfa, 0xff, 0xfa, 0xfa, 0xfa, 0xff,
  0xfa, 0xfa, 0xfa, 0xff, 0xfa, 0xfa, 0xfa, 0xff, 0xfa, 0xfa, 0xfa, 0xff,
  0xfa, 0xfa, 0xfa, 0xff, 0xfa, 0xfa, 0xfa, 0xff, 0xfa, 0xfa, 0xfa, 0xff,
  0xfa, 0xfa, 0xfa, 0xff, 0xf9, 0xf9, 0xf9, 0xff, 0xf1, 0xf1, 0xf2, 0xff,
  0xf6, 0xf6, 0xf6, 0xff, 0xfe, 0xfe, 0xfe, 0xff, 0xfd, 0xfd, 0xfd, 0xff,
  0xfd, 0xfd, 0xfd, 0xff, 0xfd, 0xfd, 0xfd, 0xff, 0xfd, 0xfd, 0xfe, 0xff,
  0xf9, 0xf9, 0xf9, 0xff, 0xff, 0xff, 0xff, 0xff, 0xbf, 0xb3, 0xaf, 0xff,
  0x30, 0x09, 0x00, 0xff, 0x40, 0x1b, 0x08, 0xff, 0x3d, 0x18, 0x05, 0xff,
  0x3c, 0x16, 0x03, 0xff, 0x38, 0x13, 0x01, 0xff, 0xdd, 0xd7, 0xd5, 0xff,
  0xff, 0xff, 0xff, 0xff, 0xfb, 0xfb, 0xfb, 0xff, 0xfd, 0xfd, 0xfd, 0xff,
  0xfd, 0xfd, 0xfe, 0xff, 0xfa, 0xf9, 0xf9, 0xff, 0xff, 0xff, 0xff, 0xff,
  0x89, 0x73, 0x69, 0xff, 0x2d, 0x04, 0x00, 0xff, 0x40, 0x1c, 0x09, 0xff,
  0x40, 0x1b, 0x07, 0xff, 0x34, 0x0d, 0x00, 0xff, 0x65, 0x4b, 0x3f, 0xff,
  0xff, 0xff, 0xff, 0xff, 0xfb, 0xfb, 0xfb, 0xff, 0xff, 0xff, 0xff, 0xff,
  0xf8, 0xf8, 0xf8, 0xff, 0x6f, 0x55, 0x49, 0xff, 0x2b, 0x01, 0x00, 0xff,
  0x36, 0x10, 0x00, 0xff, 0x3d, 0x18, 0x04, 0xff, 0x3e, 0x1a, 0x07, 0xff,
  0x40, 0x1b, 0x07, 0xff, 0x3e, 0x1a, 0x06, 0xff, 0x3e, 0x1a, 0x07, 0xff,
  0x41, 0x1b, 0x07, 0xff, 0x3f, 0x19, 0x05, 0xff, 0x39, 0x14, 0x00, 0xff,
  0x2b, 0x03, 0x00, 0xff, 0x4c, 0x2a, 0x1b, 0xff, 0xdb, 0xd5, 0xd3, 0xff,
  0xff, 0xff, 0xff, 0xff, 0xfa, 0xfa, 0xfa, 0xff, 0xfb, 0xfb, 0xfb, 0xff,
  0xff, 0xff, 0xff, 0xff, 0xc5, 0xbb, 0xb8, 0xff, 0x34, 0x0d, 0x00, 0xff,
  0x40, 0x1a, 0x07, 0xff, 0x40, 0x1b, 0x08, 0xff, 0x2e, 0x08, 0x00, 0xff,
  0xa6, 0x98, 0x92, 0xff, 0xff, 0xff, 0xff, 0xff, 0xfa, 0xfa, 0xfa, 0xff,
  0xfd, 0xfd, 0xfd, 0xff, 0xfd, 0xfd, 0xfd, 0xff, 0xfd, 0xfd, 0xfd, 0xff,
  0xfd, 0xfd, 0xfd, 0xff, 0xfd, 0xfd, 0xfd, 0xff, 0xfd, 0xfd, 0xfd, 0xff,
  0xfd, 0xfd, 0xfd, 0xff, 0xfb, 0xfb, 0xfa, 0xff, 0xff, 0xff, 0xff, 0xff,
  0xaa, 0x9b, 0x95, 0xff, 0x34, 0x0d, 0x00, 0xff, 0x31, 0x09, 0x00, 0xff,
  0x3c, 0x17, 0x03, 0xff, 0x3e, 0x19, 0x06, 0xff, 0x40, 0x1a, 0x08, 0xff,
  0x3e, 0x1a, 0x06, 0xff, 0x3e, 0x19, 0x06, 0xff, 0x40, 0x1b, 0x08, 0xff,
  0x3f, 0x1a, 0x06, 0xff, 0x3d, 0x17, 0x03, 0xff, 0x31, 0x0a, 0x00, 0xff,
  0x31, 0x0b, 0x00, 0xff, 0xa0, 0x8f, 0x89, 0xff, 0xff, 0xff, 0xff, 0xff,
  0xfb, 0xfb, 0xfb, 0xff, 0xfd, 0xfd, 0xfd, 0xff, 0xfd, 0xfd, 0xfd, 0xff,
  0xfd, 0xfd, 0xfd, 0xff, 0xfd, 0xfd, 0xfd, 0xff, 0xfd, 0xfd, 0xfd, 0xff,
  0xfd, 0xfd, 0xfd, 0xff, 0xfe, 0xff, 0xff, 0xff, 0xf0, 0xf0, 0xf0, 0xff,
  0xee, 0xee, 0xee, 0xff, 0xf8, 0xf8, 0xf8, 0xff, 0xfa, 0xfa, 0xfa, 0xff,
  0xfa, 0xfa, 0xfa, 0xff, 0xfa, 0xfa, 0xfa, 0xff, 0xfa, 0xfa, 0xfa, 0xff,
  0xfa, 0xfa, 0xfa, 0xff, 0xfa, 0xfa, 0xfa, 0xff, 0xfa, 0xfa, 0xfa, 0xff,
  0xfa, 0xfa, 0xfa, 0xff, 0xfa, 0xfa, 0xfa, 0xff, 0xfa, 0xfa, 0xfa, 0xff,
  0xfa, 0xfa, 0xfa, 0xff, 0xfa, 0xfa, 0xfa, 0xff, 0xfa, 0xfa, 0xfa, 0xff,
  0xfa, 0xfa, 0xfa, 0xff, 0xf9, 0xf9, 0xf9, 0xff, 0xf1, 0xf1, 0xf2, 0xff,
  0xf6, 0xf6, 0xf6, 0xff, 0xfe, 0xfe, 0xfe, 0xff, 0xfd, 0xfd, 0xfd, 0xff,
  0xfd, 0xfd, 0xfd, 0xff, 0xfd, 0xfd, 0xfd, 0xff, 0xfd, 0xfd, 0xfd, 0xff,
  0xfd, 0xfd, 0xfd, 0xff, 0xfb, 0xfb, 0xfb, 0xff, 0xff, 0xff, 0xff, 0xff,
  0x73, 0x5a, 0x4e, 0xff, 0x2d, 0x05, 0x00, 0xff, 0x3d, 0x18, 0x04, 0xff,
  0x3c, 0x17, 0x04, 0xff, 0x2f, 0x07, 0x00, 0xff, 0x70, 0x55, 0x49, 0xff,
  0xff, 0xff, 0xff, 0xff, 0xfb, 0xfb, 0xfb, 0xff, 0xfd, 0xfd, 0xfd, 0xff,
  0xfb, 0xfa, 0xfa, 0xff, 0xff, 0xff, 0xff, 0xff, 0xd8, 0xd1, 0xcf, 0xff,
  0x37, 0x11, 0x00, 0xff, 0x3b, 0x14, 0x01, 0xff, 0x3a, 0x15, 0x01, 0xff,
  0x3b, 0x15, 0x01, 0xff, 0x35, 0x10, 0x00, 0xff, 0xd5, 0xce, 0xcb, 0xff,
  0xff, 0xff, 0xff, 0xff, 0xfc, 0xfb, 0xfb, 0xff, 0xfe, 0xff, 0xff, 0xff,
  0x69, 0x4e, 0x41, 0xff, 0x2a, 0x01, 0x00, 0xff, 0x3f, 0x1a, 0x06, 0xff,
  0x3c, 0x16, 0x03, 0xff, 0x3c, 0x16, 0x03, 0xff, 0x31, 0x0a, 0x00, 0xff,
  0x2a, 0x03, 0x00, 0xff, 0x2c, 0x05, 0x00, 0xff, 0x2f, 0x05, 0x00, 0xff,
  0x2f, 0x07, 0x00, 0xff, 0x39, 0x14, 0x01, 0xff, 0x3c, 0x16, 0x03, 0xff,
  0x3f, 0x1a, 0x06, 0xff, 0x32, 0x0a, 0x00, 0xff, 0x42, 0x1f, 0x0f, 0xff,
  0xe4, 0xdf, 0xde, 0xff, 0xff, 0xff, 0xff, 0xff, 0xf9, 0xf8, 0xf8, 0xff,
  0xff, 0xff, 0xff, 0xff, 0xc6, 0xbc, 0xb8, 0xff, 0x31, 0x09, 0x00, 0xff,
  0x3c, 0x16, 0x03, 0xff, 0x3d, 0x18, 0x05, 0xff, 0x2b, 0x04, 0x00, 0xff,
  0xa4, 0x96, 0x90, 0xff, 0xff, 0xff, 0xff, 0xff, 0xfa, 0xf9, 0xf9, 0xff,
  0xfd, 0xfd, 0xfd, 0xff, 0xfd, 0xfd, 0xfd, 0xff, 0xfd, 0xfd, 0xfd, 0xff,
  0xfd, 0xfd, 0xfd, 0xff, 0xfd, 0xfd, 0xfd, 0xff, 0xfd, 0xfd, 0xfe, 0xff,
  0xfa, 0xfa, 0xf9, 0xff, 0xff, 0xff, 0xff, 0xff, 0xae, 0x9f, 0x99, 0xff,
  0x2c, 0x03, 0x00, 0xff, 0x3b, 0x15, 0x00, 0xff, 0x3d, 0x18, 0x04, 0xff,
  0x3c, 0x17, 0x04, 0xff, 0x36, 0x0f, 0x00, 0xff, 0x2d, 0x04, 0x00, 0xff,
  0x2d, 0x04, 0x00, 0xff, 0x2e, 0x05, 0x00, 0xff, 0x2c, 0x04, 0x00, 0xff,
  0x36, 0x0f, 0x00, 0xff, 0x3d, 0x17, 0x04, 0xff, 0x3d, 0x18, 0x04, 0xff,
  0x3c, 0x16, 0x02, 0xff, 0x2a, 0x01, 0x00, 0xff, 0xa2, 0x92, 0x8c, 0xff,
  0xff, 0xff, 0xff, 0xff, 0xfa, 0xfa, 0xfa, 0xff, 0xfd, 0xfd, 0xfd, 0xff,
  0xfd, 0xfd, 0xfd, 0xff, 0xfc, 0xfd, 0xfd, 0xff, 0xfd, 0xfd, 0xfd, 0xff,
  0xfd, 0xfd, 0xfd, 0xff, 0xff, 0xff, 0xff, 0xff, 0xf0, 0xf0, 0xf0, 0xff,
  0xee, 0xed, 0xee, 0xff, 0xf8, 0xf8, 0xf8, 0xff, 0xfa, 0xfa, 0xfa, 0xff,
  0xfa, 0xfa, 0xfa, 0xff, 0xfa, 0xfa, 0xfa, 0xff, 0xfa, 0xfa, 0xfa, 0xff,
  0xfa, 0xfa, 0xfa, 0xff, 0xfa, 0xfa, 0xfa, 0xff, 0xfa, 0xfa, 0xfa, 0xff,
  0xfa, 0xfa, 0xfa, 0xff, 0xfa, 0xfa, 0xfa, 0xff, 0xfa, 0xfa, 0xfa, 0xff,
  0xfa, 0xfa, 0xfa, 0xff, 0xfa, 0xfa, 0xfa, 0xff, 0xfa, 0xfa, 0xfa, 0xff,
  0xfa, 0xfa, 0xfa, 0xff, 0xf9, 0xf9, 0xf9, 0xff, 0xf1, 0xf1, 0xf1, 0xff,
  0xf6, 0xf6, 0xf6, 0xff, 0xfe, 0xfe, 0xfe, 0xff, 0xfd, 0xfd, 0xfd, 0xff,
  0xfd, 0xfd, 0xfd, 0xff, 0xfd, 0xfd, 0xfd, 0xff, 0xfd, 0xfd, 0xfd, 0xff,
  0xfd, 0xfd, 0xfd, 0xff, 0xfb, 0xfb, 0xfb, 0xff, 0xff, 0xff, 0xff, 0xff,
  0xe3, 0xdf, 0xde, 0xff, 0x3e, 0x19, 0x07, 0xff, 0x38, 0x12, 0x00, 0xff,
  0x3a, 0x15, 0x02, 0xff, 0x3d, 0x17, 0x04, 0xff, 0x2e, 0x07, 0x00, 0xff,
  0xbd, 0xb2, 0xae, 0xff, 0xff, 0xff, 0xff, 0xff, 0xfa, 0xfa, 0xf9, 0xff,
  0xfc, 0xfb, 0xfb, 0xff, 0xff, 0xff, 0xff, 0xff, 0x6e, 0x52, 0x46, 0xff,
  0x30, 0x07, 0x00, 0xff, 0x3c, 0x17, 0x04, 0xff, 0x3d, 0x18, 0x05, 0xff,
  0x2c, 0x03, 0x00, 0xff, 0x89, 0x73, 0x69, 0xff, 0xff, 0xff, 0xff, 0xff,
  0xf7, 0xf6, 0xf5, 0xff, 0xff, 0xff, 0xff, 0xff, 0x93, 0x7f, 0x76, 0xff,
  0x28, 0x00, 0x00, 0xff, 0x3e, 0x19, 0x07, 0xff, 0x3b, 0x15, 0x01, 0xff,
  0x3a, 0x13, 0x00, 0xff, 0x2e, 0x07, 0x00, 0xff, 0x64, 0x46, 0x38, 0xff,
  0x9b, 0x8a, 0x84, 0xff, 0xb4, 0xa5, 0xa0, 0xff, 0xa9, 0x97, 0x91, 0xff,
  0x6f, 0x57, 0x4e, 0xff, 0x36, 0x10, 0x00, 0xff, 0x39, 0x10, 0x00, 0xff,
  0x3c, 0x16, 0x02, 0xff, 0x3e, 0x19, 0x06, 0xff, 0x2f, 0x07, 0x00, 0xff,
  0x61, 0x44, 0x36, 0xff, 0xff, 0xff, 0xff, 0xff, 0xfb, 0xfa, 0xfa, 0xff,
  0xff, 0xff, 0xff, 0xff, 0xc5, 0xbc, 0xb8, 0xff, 0x30, 0x09, 0x00, 0xff,
  0x3d, 0x16, 0x03, 0xff, 0x3d, 0x18, 0x05, 0xff, 0x2b, 0x04, 0x00, 0xff,
  0xa4, 0x96, 0x90, 0xff, 0xff, 0xff, 0xff, 0xff, 0xfa, 0xf9, 0xf9, 0xff,
  0xfd, 0xfd, 0xfd, 0xff, 0xfd, 0xfd, 0xfd, 0xff, 0xfd, 0xfd, 0xfd, 0xff,
  0xfd, 0xfd, 0xfd, 0xff, 0xfd, 0xfd, 0xfd, 0xff, 0xfb, 0xfb, 0xfb, 0xff,
  0xff, 0xff, 0xff, 0xff, 0xd9, 0xd2, 0xd0, 0xff, 0x37, 0x11, 0x00, 0xff,
  0x3a, 0x14, 0x00, 0xff, 0x3b, 0x16, 0x02, 0xff, 0x3c, 0x16, 0x03, 0xff,
  0x31, 0x08, 0x00, 0xff, 0x46, 0x24, 0x14, 0xff, 0x86, 0x72, 0x6b, 0xff,
  0xb0, 0xa1, 0x9b, 0xff, 0xb3, 0xa3, 0x9d, 0xff, 0x8d, 0x79, 0x71, 0xff,
  0x4c, 0x2a, 0x1a, 0xff, 0x2f, 0x07, 0x00, 0xff, 0x3d, 0x17, 0x03, 0xff,
  0x3c, 0x16, 0x02, 0xff, 0x3b, 0x16, 0x01, 0xff, 0x32, 0x0c, 0x00, 0xff,
  0xd1, 0xc9, 0xc6, 0xff, 0xff, 0xff, 0xff, 0xff, 0xfb, 0xfb, 0xfb, 0xff,
  0xfd, 0xfd, 0xfd, 0xff, 0xfd, 0xfd, 0xfd, 0xff, 0xfd, 0xfd, 0xfd, 0xff,
  0xfc, 0xfd, 0xfd, 0xff, 0xff, 0xff, 0xff, 0xff, 0xef, 0xef, 0xf0, 0xff,
  0xed, 0xed, 0xee, 0xff, 0xf8, 0xf8, 0xf8, 0xff, 0xfa, 0xfa, 0xfa, 0xff,
  0xfa, 0xfa, 0xfa, 0xff, 0xfa, 0xfa, 0xfa, 0xff, 0xfa, 0xfa, 0xfa, 0xff,
  0xfa, 0xfa, 0xfa, 0xff, 0xfa, 0xfa, 0xfa, 0xff, 0xfa, 0xfa, 0xfa, 0xff,
  0xfa, 0xfa, 0xfa, 0xff, 0xfa, 0xfa, 0xfa, 0xff, 0xfa, 0xfa, 0xfa, 0xff,
  0xfa, 0xfa, 0xfa, 0xff, 0xfa, 0xfa, 0xfa, 0xff, 0xfa, 0xfa, 0xfa, 0xff,
  0xfa, 0xfa, 0xfa, 0xff, 0xf9, 0xf9, 0xf9, 0xff, 0xf1, 0xf2, 0xf2, 0xff,
  0xf6, 0xf6, 0xf6, 0xff, 0xfe, 0xfe, 0xff, 0xff, 0xfd, 0xfd, 0xfd, 0xff,
  0xfd, 0xfd, 0xfd, 0xff, 0xfd, 0xfd, 0xfd, 0xff, 0xfd, 0xfd, 0xfd, 0xff,
  0xfd, 0xfd, 0xfd, 0xff, 0xfd, 0xfd, 0xfe, 0xff, 0xf9, 0xf9, 0xf9, 0xff,
  0xff, 0xff, 0xff, 0xff, 0xa2, 0x91, 0x8a, 0xff, 0x2c, 0x03, 0x00, 0xff,
  0x3e, 0x18, 0x05, 0xff, 0x3b, 0x16, 0x02, 0xff, 0x33, 0x0d, 0x00, 0xff,
  0x51, 0x32, 0x24, 0xff, 0xfb, 0xfa, 0xfa, 0xff, 0xfc, 0xfb, 0xfb, 0xff,
  0xff, 0xff, 0xff, 0xff, 0xbd, 0xb1, 0xad, 0xff, 0x30, 0x07, 0x00, 0xff,
  0x3d, 0x17, 0x04, 0xff, 0x3b, 0x15, 0x02, 0xff, 0x36, 0x0f, 0x00, 0xff,
  0x47, 0x26, 0x15, 0xff, 0xf0, 0xee, 0xee, 0xff, 0xff, 0xff, 0xff, 0xff,
  0xff, 0xff, 0xff, 0xff, 0xdd, 0xd8, 0xd6, 0xff, 0x3a, 0x14, 0x01, 0xff,
  0x3a, 0x14, 0x00, 0xff, 0x3b, 0x15, 0x02, 0xff, 0x39, 0x13, 0x00, 0xff,
  0x36, 0x10, 0x00, 0xff, 0xa9, 0x9a, 0x94, 0xff, 0xff, 0xff, 0xff, 0xff,
  0xff, 0xff, 0xff, 0xff, 0xff, 0xff, 0xff, 0xff, 0xff, 0xff, 0xff, 0xff,
  0xff, 0xff, 0xff, 0xff, 0xd0, 0xc5, 0xc1, 0xff, 0x45, 0x23, 0x12, 0xff,
  0x33, 0x0e, 0x00, 0xff, 0x3b, 0x16, 0x02, 0xff, 0x3f, 0x19, 0x06, 0xff,
  0x2a, 0x03, 0x00, 0xff, 0xad, 0xa0, 0x9b, 0xff, 0xff, 0xff, 0xff, 0xff,
  0xff, 0xff, 0xff, 0xff, 0xc5, 0xbc, 0xb8, 0xff, 0x31, 0x09, 0x00, 0xff,
  0x3d, 0x17, 0x03, 0xff, 0x3d, 0x18, 0x05, 0xff, 0x2b, 0x04, 0x00, 0xff,
  0xa4, 0x96, 0x90, 0xff, 0xff, 0xff, 0xff, 0xff, 0xfa, 0xf9, 0xf9, 0xff,
  0xfd, 0xfd, 0xfd, 0xff, 0xfd, 0xfd, 0xfd, 0xff, 0xfd, 0xfd, 0xfd, 0xff,
  0xfd, 0xfd, 0xfd, 0xff, 0xfd, 0xfd, 0xfd, 0xff, 0xfc, 0xfc, 0xfc, 0xff,
  0xff, 0xff, 0xff, 0xff, 0x6b, 0x50, 0x43, 0xff, 0x2f, 0x07, 0x00, 0xff,
  0x3d, 0x18, 0x05, 0xff, 0x3d, 0x17, 0x04, 0xff, 0x2f, 0x08, 0x00, 0xff,
  0x6d, 0x54, 0x48, 0xff, 0xf1, 0xef, 0xee, 0xff, 0xff, 0xff, 0xff, 0xff,
  0xff, 0xff, 0xff, 0xff, 0xff, 0xff, 0xff, 0xff, 0xff, 0xff, 0xff, 0xff,
  0xf5, 0xf4, 0xf4, 0xff, 0x79, 0x60, 0x54, 0xff, 0x2f, 0x07, 0x00, 0xff,
  0x3d, 0x17, 0x03, 0xff, 0x3d, 0x18, 0x04, 0xff, 0x30, 0x09, 0x00, 0xff,
  0x65, 0x49, 0x3c, 0xff, 0xff, 0xff, 0xff, 0xff, 0xfc, 0xfc, 0xfc, 0xff,
  0xfd, 0xfd, 0xfd, 0xff, 0xfd, 0xfd, 0xfd, 0xff, 0xfd, 0xfd, 0xfd, 0xff,
  0xfd, 0xfd, 0xfd, 0xff, 0xff, 0xff, 0xff, 0xff, 0xef, 0xef, 0xf0, 0xff,
  0xed, 0xed, 0xee, 0xff, 0xf8, 0xf8, 0xf8, 0xff, 0xfa, 0xfa, 0xfa, 0xff,
  0xfa, 0xfa, 0xfa, 0xff, 0xfa, 0xfa, 0xfa, 0xff, 0xfa, 0xfa, 0xfa, 0xff,
  0xfa, 0xfa, 0xfa, 0xff, 0xfa, 0xfa, 0xfa, 0xff, 0xfa, 0xfa, 0xfa, 0xff,
  0xfa, 0xfa, 0xfa, 0xff, 0xfa, 0xfa, 0xfa, 0xff, 0xfa, 0xfa, 0xfa, 0xff,
  0xfa, 0xfa, 0xfa, 0xff, 0xfa, 0xfa, 0xfa, 0xff, 0xfa, 0xfa, 0xfa, 0xff,
  0xfa, 0xfa, 0xfa, 0xff, 0xf9, 0xf9, 0xf9, 0xff, 0xf1, 0xf2, 0xf2, 0xff,
  0xf6, 0xf6, 0xf7, 0xff, 0xfe, 0xfe, 0xfe, 0xff, 0xfd, 0xfd, 0xfd, 0xff,
  0xfd, 0xfd, 0xfd, 0xff, 0xfd, 0xfd, 0xfd, 0xff, 0xfd, 0xfd, 0xfd, 0xff,
  0xfd, 0xfd, 0xfd, 0xff, 0xfd, 0xfd, 0xfd, 0xff, 0xfd, 0xfd, 0xfd, 0xff,
  0xfd, 0xfd, 0xfd, 0xff, 0xff, 0xff, 0xff, 0xff, 0x5e, 0x40, 0x31, 0xff,
  0x31, 0x09, 0x00, 0xff, 0x3b, 0x16, 0x03, 0xff, 0x3d, 0x18, 0x05, 0xff,
  0x2e, 0x04, 0x00, 0xff, 0x9b, 0x89, 0x82, 0xff, 0xff, 0xff, 0xff, 0xff,
  0xf6, 0xf5, 0xf5, 0xff, 0x56, 0x35, 0x26, 0xff, 0x35, 0x0d, 0x00, 0xff,
  0x3b, 0x16, 0x03, 0xff, 0x3d, 0x18, 0x05, 0xff, 0x2a, 0x03, 0x00, 0xff,
  0xaf, 0xa1, 0x9b, 0xff, 0xff, 0xff, 0xff, 0xff, 0xf7, 0xf6, 0xf5, 0xff,
  0xff, 0xff, 0xff, 0xff, 0x8d, 0x77, 0x6d, 0xff, 0x2c, 0x04, 0x00, 0xff,
  0x3e, 0x18, 0x05, 0xff, 0x3d, 0x17, 0x04, 0xff, 0x2a, 0x04, 0x00, 0xff,
  0x9d, 0x8e, 0x87, 0xff, 0xff, 0xff, 0xff, 0xff, 0xfa, 0xfa, 0xfa, 0xff,
  0xfa, 0xf9, 0xf9, 0xff, 0xfa, 0xf9, 0xf9, 0xff, 0xfa, 0xf9, 0xf9, 0xff,
  0xf9, 0xf9, 0xf8, 0xff, 0xff, 0xff, 0xff, 0xff, 0xc8, 0xc0, 0xbf, 0xff,
  0x34, 0x0f, 0x00, 0xff, 0x3c, 0x15, 0x01, 0xff, 0x3c, 0x17, 0x03, 0xff,
  0x32, 0x0b, 0x00, 0xff, 0x5e, 0x3f, 0x30, 0xff, 0xfc, 0xfc, 0xfd, 0xff,
  0xff, 0xff, 0xff, 0xff, 0xc5, 0xbb, 0xb8, 0xff, 0x31, 0x09, 0x00, 0xff,
  0x3c, 0x16, 0x03, 0xff, 0x3e, 0x18, 0x04, 0xff, 0x2c, 0x04, 0x00, 0xff,
  0xa4, 0x96, 0x90, 0xff, 0xff, 0xff, 0xff, 0xff, 0xfa, 0xf9, 0xf9, 0xff,
  0xfd, 0xfd, 0xfd, 0xff, 0xfd, 0xfd, 0xfd, 0xff, 0xfd, 0xfd, 0xfd, 0xff,
  0xfd, 0xfd, 0xfd, 0xff, 0xfb, 0xfb, 0xfb, 0xff, 0xff, 0xff, 0xff, 0xff,
  0xd2, 0xca, 0xc7, 0xff, 0x35, 0x0e, 0x00, 0xff, 0x3c, 0x16, 0x02, 0xff,
  0x3c, 0x17, 0x03, 0xff, 0x32, 0x0b, 0x00, 0xff, 0x5c, 0x3e, 0x2f, 0xff,
  0xff, 0xff, 0xff, 0xff, 0xff, 0xff, 0xff, 0xff, 0xf8, 0xf8, 0xf8, 0xff,
  0xfa, 0xfa, 0xfa, 0xff, 0xfa, 0xfa, 0xfa, 0xff, 0xf9, 0xf8, 0xf8, 0xff,
  0xff, 0xff, 0xff, 0xff, 0xff, 0xff, 0xff, 0xff, 0x68, 0x4b, 0x3d, 0xff,
  0x32, 0x0a, 0x00, 0xff, 0x3c, 0x17, 0x03, 0xff, 0x3c, 0x16, 0x02, 0xff,
  0x34, 0x0d, 0x00, 0xff, 0xcf, 0xc7, 0xc4, 0xff, 0xff, 0xff, 0xff, 0xff,
  0xfb, 0xfb, 0xfb, 0xff, 0xfd, 0xfd, 0xfd, 0xff, 0xfd, 0xfd, 0xfd, 0xff,
  0xfd, 0xfd, 0xfd, 0xff, 0xfe, 0xff, 0xff, 0xff, 0xf0, 0xf0, 0xf0, 0xff,
  0xed, 0xed, 0xee, 0xff, 0xf8, 0xf7, 0xf8, 0xff, 0xfa, 0xfa, 0xfa, 0xff,
  0xfa, 0xfa, 0xfa, 0xff, 0xfa, 0xfa, 0xfa, 0xff, 0xfa, 0xfa, 0xfa, 0xff,
  0xfa, 0xfa, 0xfa, 0xff, 0xfa, 0xfa, 0xfb, 0xff, 0xfa, 0xfa, 0xfb, 0xff,
  0xfa, 0xfa, 0xfa, 0xff, 0xfa, 0xfa, 0xfa, 0xff, 0xfa, 0xfa, 0xfa, 0xff,
  0xfa, 0xfa, 0xfa, 0xff, 0xfa, 0xfa, 0xfa, 0xff, 0xfa, 0xfa, 0xfa, 0xff,
  0xfa, 0xfa, 0xfa, 0xff, 0xf9, 0xf9, 0xf9, 0xff, 0xf1, 0xf1, 0xf2, 0xff,
  0xf6, 0xf6, 0xf7, 0xff, 0xfe, 0xfe, 0xfe, 0xff, 0xfd, 0xfd, 0xfd, 0xff,
  0xfd, 0xfd, 0xfd, 0xff, 0xfd, 0xfd, 0xfd, 0xff, 0xfd, 0xfd, 0xfd, 0xff,
  0xfd, 0xfd, 0xfd, 0xff, 0xfd, 0xfd, 0xfd, 0xff, 0xfd, 0xfd, 0xfd, 0xff,
  0xfa, 0xfa, 0xfa, 0xff, 0xff, 0xff, 0xff, 0xff, 0xcf, 0xc7, 0xc4, 0xff,
  0x34, 0x0d, 0x00, 0xff, 0x3b, 0x15, 0x02, 0xff, 0x3b, 0x15, 0x02, 0xff,
  0x38, 0x12, 0x00, 0xff, 0x38, 0x15, 0x04, 0xff, 0xf4, 0xf2, 0xf3, 0xff,
  0xab, 0x9a, 0x92, 0xff, 0x2a, 0x02, 0x00, 0xff, 0x3d, 0x18, 0x05, 0xff,
  0x3c, 0x17, 0x04, 0xff, 0x30, 0x08, 0x00, 0xff, 0x63, 0x47, 0x3a, 0xff,
  0xff, 0xff, 0xff, 0xff, 0xfb, 0xfb, 0xfb, 0xff, 0xfe, 0xff, 0xff, 0xff,
  0xf9, 0xf8, 0xf8, 0xff, 0x53, 0x32, 0x22, 0xff, 0x35, 0x0e, 0x00, 0xff,
  0x3c, 0x17, 0x04, 0xff, 0x33, 0x0c, 0x00, 0xff, 0x55, 0x36, 0x27, 0xff,
  0xfd, 0xfd, 0xfe, 0xff, 0xfd, 0xfd, 0xfd, 0xff, 0xfc, 0xfc, 0xfc, 0xff,
  0xfd, 0xfd, 0xfd, 0xff, 0xfd, 0xfd, 0xfd, 0xff, 0xfd, 0xfd, 0xfd, 0xff,
  0xfd, 0xfd, 0xfd, 0xff, 0xf8, 0xf7, 0xf7, 0xff, 0xff, 0xff, 0xff, 0xff,
  0x80, 0x66, 0x5a, 0xff, 0x2e, 0x06, 0x00, 0xff, 0x3c, 0x17, 0x04, 0xff,
  0x3c, 0x16, 0x01, 0xff, 0x34, 0x0f, 0x00, 0xff, 0xd1, 0xca, 0xc8, 0xff,
  0xff, 0xff, 0xff, 0xff, 0xc3, 0xb9, 0xb6, 0xff, 0x30, 0x09, 0x00, 0xff,
  0x3c, 0x16, 0x03, 0xff, 0x3e, 0x18, 0x04, 0xff, 0x2b, 0x04, 0x00, 0xff,
  0xa4, 0x96, 0x90, 0xff, 0xff, 0xff, 0xff, 0xff, 0xfa, 0xf9, 0xf9, 0xff,
  0xfd, 0xfd, 0xfd, 0xff, 0xfd, 0xfd, 0xfd, 0xff, 0xfd, 0xfd, 0xfd, 0xff,
  0xfd, 0xfd, 0xfd, 0xff, 0xfa, 0xf9, 0xf9, 0xff, 0xff, 0xff, 0xff, 0xff,
  0x92, 0x7f, 0x76, 0xff, 0x2c, 0x04, 0x00, 0xff, 0x3d, 0x18, 0x05, 0xff,
  0x3c, 0x16, 0x03, 0xff, 0x2e, 0x08, 0x00, 0xff, 0xc3, 0xb9, 0xb5, 0xff,
  0xff, 0xff, 0xff, 0xff, 0xf8, 0xf8, 0xf8, 0xff, 0xfd, 0xfd, 0xfd, 0xff,
  0xfd, 0xfd, 0xfd, 0xff, 0xfd, 0xfd, 0xfd, 0xff, 0xfd, 0xfd, 0xfd, 0xff,
  0xf9, 0xf8, 0xf8, 0xff, 0xff, 0xff, 0xff, 0xff, 0xd2, 0xca, 0xc7, 0xff,
  0x33, 0x0d, 0x00, 0xff, 0x3b, 0x16, 0x02, 0xff, 0x3f, 0x19, 0x05, 0xff,
  0x2b, 0x03, 0x00, 0xff, 0x8f, 0x7e, 0x76, 0xff, 0xff, 0xff, 0xff, 0xff,
  0xfa, 0xf9, 0xf9, 0xff, 0xfd, 0xfd, 0xfd, 0xff, 0xfd, 0xfd, 0xfd, 0xff,
  0xfd, 0xfd, 0xfd, 0xff, 0xfe, 0xff, 0xff, 0xff, 0xf0, 0xf0, 0xf0, 0xff,
  0xed, 0xed, 0xed, 0xff, 0xf7, 0xf7, 0xf8, 0xff, 0xfa, 0xfa, 0xfa, 0xff,
  0xfa, 0xfa, 0xfa, 0xff, 0xfa, 0xfa, 0xfa, 0xff, 0xfa, 0xfa, 0xfa, 0xff,
  0xfa, 0xfa, 0xfa, 0xff, 0xfa, 0xfa, 0xfa, 0xff, 0xfa, 0xfa, 0xfa, 0xff,
  0xfa, 0xfa, 0xfa, 0xff, 0xfa, 0xfa, 0xfa, 0xff, 0xfa, 0xfa, 0xfa, 0xff,
  0xfa, 0xfa, 0xfa, 0xff, 0xfa, 0xfa, 0xfa, 0xff, 0xfa, 0xfa, 0xfa, 0xff,
  0xfa, 0xfa, 0xfa, 0xff, 0xf9, 0xf9, 0xf9, 0xff, 0xf1, 0xf1, 0xf1, 0xff,
  0xf6, 0xf6, 0xf6, 0xff, 0xfe, 0xfe, 0xfe, 0xff, 0xfd, 0xfd, 0xfd, 0xff,
  0xfd, 0xfd, 0xfd, 0xff, 0xfd, 0xfd, 0xfd, 0xff, 0xfd, 0xfd, 0xfd, 0xff,
  0xfd, 0xfd, 0xfd, 0xff, 0xfd, 0xfd, 0xfd, 0xff, 0xfd, 0xfd, 0xfd, 0xff,
  0xfd, 0xfd, 0xfd, 0xff, 0xfa, 0xf9, 0xf9, 0xff, 0xff, 0xff, 0xff, 0xff,
  0x8a, 0x74, 0x69, 0xff, 0x2c, 0x03, 0x00, 0xff, 0x3d, 0x18, 0x05, 0xff,
  0x3b, 0x17, 0x03, 0xff, 0x32, 0x0a, 0x00, 0xff, 0x6b, 0x52, 0x46, 0xff,
  0x4e, 0x2e, 0x1e, 0xff, 0x36, 0x0e, 0x00, 0xff, 0x3b, 0x15, 0x02, 0xff,
  0x3a, 0x14, 0x01, 0xff, 0x34, 0x0e, 0x00, 0xff, 0xd5, 0xcd, 0xca, 0xff,
  0xff, 0xff, 0xff, 0xff, 0xf8, 0xf8, 0xf8, 0xff, 0xff, 0xff, 0xff, 0xff,
  0xdb, 0xd4, 0xd2, 0xff, 0x3b, 0x14, 0x00, 0xff, 0x3a, 0x14, 0x00, 0xff,
  0x3d, 0x18, 0x05, 0xff, 0x2a, 0x03, 0x00, 0xff, 0x96, 0x83, 0x7a, 0xff,
  0xff, 0xff, 0xff, 0xff, 0xf9, 0xf9, 0xf9, 0xff, 0xfd, 0xfd, 0xfd, 0xff,
  0xfd, 0xfd, 0xfd, 0xff, 0xfd, 0xfd, 0xfd, 0xff, 0xfd, 0xfd, 0xfd, 0xff,
  0xfd, 0xfd, 0xfd, 0xff, 0xfa, 0xfa, 0xfa, 0xff, 0xff, 0xff, 0xff, 0xff,
  0xc2, 0xb8, 0xb4, 0xff, 0x2e, 0x08, 0x00, 0xff, 0x3d, 0x17, 0x03, 0xff,
  0x3d, 0x18, 0x04, 0xff, 0x2b, 0x04, 0x00, 0xff, 0xaa, 0x9b, 0x94, 0xff,
  0xff, 0xff, 0xff, 0xff, 0xc2, 0xb7, 0xb4, 0xff, 0x2f, 0x09, 0x00, 0xff,
  0x3c, 0x17, 0x03, 0xff, 0x3d, 0x18, 0x04, 0xff, 0x2b, 0x04, 0x00, 0xff,
  0xa5, 0x97, 0x90, 0xff, 0xff, 0xff, 0xff, 0xff, 0xfa, 0xf9, 0xf9, 0xff,
  0xfd, 0xfd, 0xfd, 0xff, 0xfd, 0xfd, 0xfd, 0xff, 0xfd, 0xfd, 0xfd, 0xff,
  0xfc, 0xfd, 0xfd, 0xff, 0xfc, 0xfc, 0xfc, 0xff, 0xff, 0xff, 0xff, 0xff,
  0x65, 0x48, 0x3b, 0xff, 0x31, 0x09, 0x00, 0xff, 0x3d, 0x18, 0x05, 0xff,
  0x34, 0x0d, 0x00, 0xff, 0x4e, 0x2f, 0x20, 0xff, 0xf7, 0xf7, 0xf7, 0xff,
  0xfe, 0xfe, 0xfe, 0xff, 0xfc, 0xfc, 0xfd, 0xff, 0xfd, 0xfd, 0xfd, 0xff,
  0xfc, 0xfd, 0xfd, 0xff, 0xfd, 0xfd, 0xfd, 0xff, 0xfd, 0xfd, 0xfd, 0xff,
  0xfd, 0xfd, 0xfd, 0xff, 0xfc, 0xfc, 0xfc, 0xff, 0xff, 0xff, 0xff, 0xff,
  0x5d, 0x3f, 0x30, 0xff, 0x34, 0x0c, 0x00, 0xff, 0x3f, 0x19, 0x06, 0xff,
  0x30, 0x09, 0x00, 0xff, 0x69, 0x4e, 0x40, 0xff, 0xff, 0xff, 0xff, 0xff,
  0xfb, 0xfb, 0xfb, 0xff, 0xfd, 0xfd, 0xfd, 0xff, 0xfd, 0xfd, 0xfd, 0xff,
  0xfd, 0xfd, 0xfd, 0xff, 0xfe, 0xfe, 0xff, 0xff, 0xf0, 0xf0, 0xf0, 0xff,
  0xed, 0xed, 0xee, 0xff, 0xf8, 0xf8, 0xf8, 0xff, 0xfa, 0xfa, 0xfa, 0xff,
  0xfa, 0xfa, 0xfa, 0xff, 0xfa, 0xfa, 0xfa, 0xff, 0xfa, 0xfa, 0xfa, 0xff,
  0xfa, 0xfa, 0xfa, 0xff, 0xfa, 0xfa, 0xfa, 0xff, 0xfa, 0xfa, 0xfa, 0xff,
  0xfa, 0xfa, 0xfa, 0xff, 0xfa, 0xfa, 0xfa, 0xff, 0xfa, 0xfa, 0xfa, 0xff,
  0xfa, 0xfa, 0xfa, 0xff, 0xfa, 0xfa, 0xfa, 0xff, 0xfa, 0xfa, 0xfa, 0xff,
  0xfa, 0xfa, 0xfa, 0xff, 0xf9, 0xf9, 0xf9, 0xff, 0xf1, 0xf1, 0xf2, 0xff,
  0xf6, 0xf6, 0xf6, 0xff, 0xfe, 0xfe, 0xfe, 0xff, 0xfd, 0xfd, 0xfd, 0xff,
  0xfd, 0xfd, 0xfd, 0xff, 0xfd, 0xfd, 0xfd, 0xff, 0xfd, 0xfd, 0xfd, 0xff,
  0xfd, 0xfd, 0xfd, 0xff, 0xfd, 0xfd, 0xfd, 0xff, 0xfd, 0xfd, 0xfd, 0xff,
  0xfd, 0xfd, 0xfd, 0xff, 0xfc, 0xfc, 0xfc, 0xff, 0xff, 0xff, 0xff, 0xff,
  0xf2, 0xf0, 0xf0, 0xff, 0x49, 0x27, 0x17, 0xff, 0x34, 0x0e, 0x00, 0xff,
  0x3b, 0x16, 0x02, 0xff, 0x3c, 0x16, 0x02, 0xff, 0x31, 0x0c, 0x00, 0xff,
  0x37, 0x10, 0x00, 0xff, 0x3b, 0x15, 0x01, 0xff, 0x3d, 0x18, 0x05, 0xff,
  0x2b, 0x03, 0x00, 0xff, 0x86, 0x72, 0x68, 0xff, 0xff, 0xff, 0xff, 0xff,
  0xfa, 0xf9, 0xf9, 0xff, 0xfa, 0xfa, 0xfa, 0xff, 0xff, 0xff, 0xff, 0xff,
  0xc2, 0xb8, 0xb3, 0xff, 0x2e, 0x08, 0x00, 0xff, 0x3d, 0x17, 0x03, 0xff,
  0x3d, 0x18, 0x04, 0xff, 0x2c, 0x07, 0x00, 0xff, 0xba, 0xb0, 0xac, 0xff,
  0xff, 0xff, 0xff, 0xff, 0xfa, 0xfa, 0xfa, 0xff, 0xfd, 0xfd, 0xfd, 0xff,
  0xfd, 0xfd, 0xfd, 0xff, 0xfd, 0xfd, 0xfd, 0xff, 0xfd, 0xfd, 0xfd, 0xff,
  0xfd, 0xfd, 0xfd, 0xff, 0xfc, 0xfb, 0xfc, 0xff, 0xff, 0xff, 0xff, 0xff,
  0xe3, 0xdf, 0xde, 0xff, 0x3e, 0x1a, 0x07, 0xff, 0x3a, 0x13, 0x00, 0xff,
  0x3d, 0x19, 0x05, 0xff, 0x2e, 0x05, 0x00, 0xff, 0x8c, 0x78, 0x6e, 0xff,
  0xff, 0xff, 0xff, 0xff, 0xc2, 0xb8, 0xb4, 0xff, 0x30, 0x09, 0x00, 0xff,
  0x3c, 0x16, 0x03, 0xff, 0x3d, 0x18, 0x05, 0xff, 0x2b, 0x04, 0x00, 0xff,
  0xa4, 0x96, 0x90, 0xff, 0xff, 0xff, 0xff, 0xff, 0xfa, 0xf9, 0xf9, 0xff,
  0xfd, 0xfd, 0xfd, 0xff, 0xfd, 0xfd, 0xfd, 0xff, 0xfd, 0xfd, 0xfd, 0xff,
  0xfc, 0xfc, 0xfc, 0xff, 0xff, 0xff, 0xff, 0xff, 0xf7, 0xf6, 0xf6, 0xff,
  0x4d, 0x2e, 0x1e, 0xff, 0x34, 0x0e, 0x00, 0xff, 0x3d, 0x18, 0x05, 0xff,
  0x2f, 0x07, 0x00, 0xff, 0x71, 0x57, 0x4b, 0xff, 0xff, 0xff, 0xff, 0xff,
  0xfb, 0xfa, 0xfb, 0xff, 0xfd, 0xfd, 0xfd, 0xff, 0xfd, 0xfd, 0xfd, 0xff,
  0xfd, 0xfd, 0xfd, 0xff, 0xfd, 0xfd, 0xfd, 0xff, 0xfd, 0xfd, 0xfd, 0xff,
  0xfd, 0xfd, 0xfd, 0xff, 0xfa, 0xfa, 0xfa, 0xff, 0xff, 0xff, 0xff, 0xff,
  0x85, 0x6d, 0x62, 0xff, 0x2e, 0x05, 0x00, 0xff, 0x3e, 0x19, 0x06, 0xff,
  0x35, 0x0e, 0x00, 0xff, 0x54, 0x33, 0x23, 0xff, 0xf8, 0xf8, 0xf8, 0xff,
  0xfe, 0xff, 0xff, 0xff, 0xfc, 0xfc, 0xfc, 0xff, 0xfd, 0xfd, 0xfd, 0xff,
  0xfc, 0xfd, 0xfd, 0xff, 0xfe, 0xfe, 0xfe, 0xff, 0xf0, 0xf0, 0xf0, 0xff,
  0xee, 0xed, 0xee, 0xff, 0xf8, 0xf8, 0xf8, 0xff, 0xfa, 0xfa, 0xfa, 0xff,
  0xfa, 0xfa, 0xfa, 0xff, 0xfa, 0xfa, 0xfa, 0xff, 0xfa, 0xfa, 0xfa, 0xff,
  0xfa, 0xfa, 0xfa, 0xff, 0xfa, 0xfa, 0xfa, 0xff, 0xfa, 0xfa, 0xfa, 0xff,
  0xfa, 0xfa, 0xfa, 0xff, 0xfa, 0xfa, 0xfa, 0xff, 0xfa, 0xfa, 0xfa, 0xff,
  0xfa, 0xfa, 0xfa, 0xff, 0xfa, 0xfa, 0xfa, 0xff, 0xfa, 0xfa, 0xfa, 0xff,
  0xfa, 0xfa, 0xfa, 0xff, 0xf9, 0xf9, 0xf9, 0xff, 0xf1, 0xf1, 0xf2, 0xff,
  0xf6, 0xf6, 0xf6, 0xff, 0xfe, 0xfe, 0xfe, 0xff, 0xfc, 0xfd, 0xfd, 0xff,
  0xfd, 0xfd, 0xfd, 0xff, 0xfd, 0xfd, 0xfd, 0xff, 0xfd, 0xfd, 0xfd, 0xff,
  0xfd, 0xfd, 0xfd, 0xff, 0xfd, 0xfd, 0xfd, 0xff, 0xfd, 0xfd, 0xfd, 0xff,
  0xfd, 0xfd, 0xfd, 0xff, 0xfd, 0xfd, 0xfe, 0xff, 0xfa, 0xf9, 0xf9, 0xff,
  0xff, 0xff, 0xff, 0xff, 0xb6, 0xa9, 0xa4, 0xff, 0x2c, 0x05, 0x00, 0xff,
  0x3c, 0x17, 0x04, 0xff, 0x39, 0x14, 0x00, 0xff, 0x3c, 0x16, 0x03, 0xff,
  0x3b, 0x15, 0x02, 0xff, 0x3b, 0x15, 0x02, 0xff, 0x37, 0x10, 0x00, 0xff,
  0x47, 0x25, 0x14, 0xff, 0xf0, 0xed, 0xed, 0xff, 0xff, 0xff, 0xff, 0xff,
  0xfc, 0xfc, 0xfc, 0xff, 0xfa, 0xfa, 0xfa, 0xff, 0xff, 0xff, 0xff, 0xff,
  0xb5, 0xa9, 0xa3, 0xff, 0x2f, 0x07, 0x00, 0xff, 0x3d, 0x17, 0x04, 0xff,
  0x3b, 0x16, 0x02, 0xff, 0x31, 0x0c, 0x00, 0xff, 0xcb, 0xc3, 0xc0, 0xff,
  0xff, 0xff, 0xff, 0xff, 0xfb, 0xfb, 0xfb, 0xff, 0xfd, 0xfd, 0xfd, 0xff,
  0xfd, 0xfd, 0xfd, 0xff, 0xfd, 0xfd, 0xfe, 0xff, 0xfd, 0xfd, 0xfd, 0xff,
  0xfd, 0xfd, 0xfd, 0xff, 0xfc, 0xfc, 0xfc, 0xff, 0xff, 0xff, 0xff, 0xff,
  0xf0, 0xee, 0xed, 0xff, 0x49, 0x27, 0x16, 0xff, 0x36, 0x10, 0x00, 0xff,
  0x3f, 0x19, 0x06, 0xff, 0x2c, 0x05, 0x00, 0xff, 0x7e, 0x68, 0x5e, 0xff,
  0xff, 0xff, 0xff, 0xff, 0xc2, 0xb8, 0xb5, 0xff, 0x2f, 0x09, 0x00, 0xff,
  0x3c, 0x16, 0x03, 0xff, 0x3d, 0x18, 0x04, 0xff, 0x2b, 0x04, 0x00, 0xff,
  0xa5, 0x97, 0x90, 0xff, 0xff, 0xff, 0xff, 0xff, 0xfa, 0xf9, 0xf9, 0xff,
  0xfd, 0xfd, 0xfd, 0xff, 0xfd, 0xfd, 0xfd, 0xff, 0xfd, 0xfd, 0xfd, 0xff,
  0xfc, 0xfc, 0xfc, 0xff, 0xff, 0xff, 0xff, 0xff, 0xef, 0xec, 0xeb, 0xff,
  0x4a, 0x26, 0x12, 0xff, 0x37, 0x10, 0x00, 0xff, 0x3d, 0x18, 0x05, 0xff,
  0x2c, 0x05, 0x00, 0xff, 0x81, 0x6d, 0x64, 0xff, 0xff, 0xff, 0xff, 0xff,
  0xfa, 0xfa, 0xfa, 0xff, 0xfd, 0xfd, 0xfd, 0xff, 0xfd, 0xfd, 0xfd, 0xff,
  0xfd, 0xfd, 0xfd, 0xff, 0xfd, 0xfd, 0xfd, 0xff, 0xfd, 0xfd, 0xfd, 0xff,
  0xfd, 0xfd, 0xfd, 0xff, 0xfa, 0xf9, 0xf9, 0xff, 0xff, 0xff, 0xff, 0xff,
  0x95, 0x82, 0x7a, 0xff, 0x2c, 0x04, 0x00, 0xff, 0x3f, 0x19, 0x06, 0xff,
  0x38, 0x10, 0x00, 0xff, 0x46, 0x27, 0x17, 0xff, 0xf0, 0xef, 0xef, 0xff,
  0xff, 0xff, 0xff, 0xff, 0xfc, 0xfc, 0xfc, 0xff, 0xfd, 0xfd, 0xfd, 0xff,
  0xfc, 0xfd, 0xfd, 0xff, 0xfe, 0xfe, 0xff, 0xff, 0xf0, 0xf0, 0xf0, 0xff,
  0xed, 0xed, 0xee, 0xff, 0xf8, 0xf8, 0xf8, 0xff, 0xfa, 0xfa, 0xfa, 0xff,
  0xfa, 0xfa, 0xfa, 0xff, 0xfa, 0xfa, 0xfa, 0xff, 0xfa, 0xfa, 0xfa, 0xff,
  0xfa, 0xfa, 0xfa, 0xff, 0xfa, 0xfa, 0xfb, 0xff, 0xfa, 0xfa, 0xfa, 0xff,
  0xfa, 0xfa, 0xfa, 0xff, 0xfa, 0xfa, 0xfa, 0xff, 0xfa, 0xfa, 0xfa, 0xff,
  0xfa, 0xfa, 0xfa, 0xff, 0xfa, 0xfa, 0xfa, 0xff, 0xfa, 0xfa, 0xfa, 0xff,
  0xfa, 0xfa, 0xfa, 0xff, 0xf9, 0xf9, 0xf9, 0xff, 0xf1, 0xf1, 0xf2, 0xff,
  0xf6, 0xf6, 0xf7, 0xff, 0xfe, 0xfe, 0xfe, 0xff, 0xfd, 0xfd, 0xfd, 0xff,
  0xfd, 0xfd, 0xfd, 0xff, 0xfd, 0xfd, 0xfd, 0xff, 0xfd, 0xfd, 0xfd, 0xff,
  0xfd, 0xfd, 0xfd, 0xff, 0xfd, 0xfd, 0xfd, 0xff, 0xfd, 0xfd, 0xfd, 0xff,
  0xfd, 0xfd, 0xfd, 0xff, 0xfd, 0xfd, 0xfd, 0xff, 0xfd, 0xfd, 0xfd, 0xff,
  0xfb, 0xfb, 0xfb, 0xff, 0xff, 0xff, 0xff, 0xff, 0x6e, 0x53, 0x46, 0xff,
  0x2e, 0x06, 0x00, 0xff, 0x3c, 0x17, 0x04, 0xff, 0x39, 0x14, 0x00, 0xff,
  0x39, 0x14, 0x01, 0xff, 0x3d, 0x17, 0x04, 0xff, 0x2b, 0x03, 0x00, 0xff,
  0xad, 0x9f, 0x99, 0xff, 0xff, 0xff, 0xff, 0xff, 0xfa, 0xf9, 0xf9, 0xff,
  0xfd, 0xfd, 0xfd, 0xff, 0xfa, 0xfa, 0xf9, 0xff, 0xff, 0xff, 0xff, 0xff,
  0xb5, 0xa9, 0xa3, 0xff, 0x2e, 0x06, 0x00, 0xff, 0x3c, 0x17, 0x04, 0xff,
  0x3b, 0x16, 0x02, 0xff, 0x33, 0x0c, 0x00, 0xff, 0xcc, 0xc3, 0xc0, 0xff,
  0xff, 0xff, 0xff, 0xff, 0xfb, 0xfa, 0xfa, 0xff, 0xfd, 0xfd, 0xfd, 0xff,
  0xfd, 0xfd, 0xfd, 0xff, 0xfd, 0xfd, 0xfd, 0xff, 0xfd, 0xfd, 0xfd, 0xff,
  0xfd, 0xfd, 0xfd, 0xff, 0xfc, 0xfc, 0xfc, 0xff, 0xff, 0xff, 0xff, 0xff,
  0xf0, 0xee, 0xed, 0xff, 0x46, 0x25, 0x15, 0xff, 0x37, 0x10, 0x00, 0xff,
  0x3e, 0x19, 0x06, 0xff, 0x2c, 0x05, 0x00, 0xff, 0x81, 0x6a, 0x5f, 0xff,
  0xff, 0xff, 0xff, 0xff, 0xc2, 0xb8, 0xb4, 0xff, 0x2f, 0x08, 0x00, 0xff,
  0x3b, 0x16, 0x03, 0xff, 0x3d, 0x17, 0x04, 0xff, 0x2a, 0x03, 0x00, 0xff,
  0xa4, 0x96, 0x90, 0xff, 0xff, 0xff, 0xff, 0xff, 0xfa, 0xf9, 0xf9, 0xff,
  0xfd, 0xfd, 0xfd, 0xff, 0xfd, 0xfd, 0xfd, 0xff, 0xfd, 0xfd, 0xfd, 0xff,
  0xfc, 0xfc, 0xfc, 0xff, 0xff, 0xff, 0xff, 0xff, 0xef, 0xed, 0xec, 0xff,
  0x49, 0x25, 0x13, 0xff, 0x37, 0x10, 0x00, 0xff, 0x3d, 0x18, 0x05, 0xff,
  0x2c, 0x04, 0x00, 0xff, 0x80, 0x6b, 0x62, 0xff, 0xff, 0xff, 0xff, 0xff,
  0xfa, 0xfa, 0xfa, 0xff, 0xfd, 0xfd, 0xfd, 0xff, 0xfd, 0xfd, 0xfd, 0xff,
  0xfd, 0xfd, 0xfd, 0xff, 0xfd, 0xfd, 0xfd, 0xff, 0xfc, 0xfd, 0xfd, 0xff,
  0xfd, 0xfd, 0xfd, 0xff, 0xfa, 0xf9, 0xf9, 0xff, 0xff, 0xff, 0xff, 0xff,
  0x93, 0x80, 0x78, 0xff, 0x2c, 0x04, 0x00, 0xff, 0x3f, 0x1a, 0x06, 0xff,
  0x34, 0x0f, 0x00, 0xff, 0x49, 0x2a, 0x19, 0xff, 0xf2, 0xf1, 0xf1, 0xff,
  0xff, 0xff, 0xff, 0xff, 0xfc, 0xfc, 0xfc, 0xff, 0xfd, 0xfd, 0xfd, 0xff,
  0xfc, 0xfd, 0xfd, 0xff, 0xfe, 0xfe, 0xff, 0xff, 0xf0, 0xf0, 0xf0, 0xff,
  0xee, 0xee, 0xee, 0xff, 0xf8, 0xf8, 0xf8, 0xff, 0xfa, 0xfa, 0xfa, 0xff,
  0xfa, 0xfa, 0xfa, 0xff, 0xfa, 0xfa, 0xfa, 0xff, 0xfa, 0xfa, 0xfa, 0xff,
  0xfa, 0xfa, 0xfa, 0xff, 0xfa, 0xfa, 0xfa, 0xff, 0xfa, 0xfa, 0xfa, 0xff,
  0xfa, 0xfa, 0xfa, 0xff, 0xfa, 0xfa, 0xfa, 0xff, 0xfa, 0xfa, 0xfa, 0xff,
  0xfa, 0xfa, 0xfa, 0xff, 0xfa, 0xfa, 0xfa, 0xff, 0xfa, 0xfa, 0xfa, 0xff,
  0xfa, 0xfa, 0xfa, 0xff, 0xf9, 0xf9, 0xf9, 0xff, 0xf1, 0xf1, 0xf2, 0xff,
  0xf6, 0xf6, 0xf7, 0xff, 0xfe, 0xfe, 0xfe, 0xff, 0xfd, 0xfd, 0xfd, 0xff,
  0xfd, 0xfd, 0xfd, 0xff, 0xfd, 0xfd, 0xfd, 0xff, 0xfd, 0xfd, 0xfd, 0xff,
  0xfd, 0xfd, 0xfd, 0xff, 0xfd, 0xfd, 0xfd, 0xff, 0xfd, 0xfd, 0xfd, 0xff,
  0xfd, 0xfd, 0xfd, 0xff, 0xfd, 0xfd, 0xfd, 0xff, 0xfd, 0xfd, 0xfd, 0xff,
  0xfb, 0xfb, 0xfb, 0xff, 0xff, 0xff, 0xff, 0xff, 0xdf, 0xda, 0xd8, 0xff,
  0x3d, 0x19, 0x07, 0xff, 0x38, 0x12, 0x00, 0xff, 0x3b, 0x15, 0x01, 0xff,
  0x3c, 0x17, 0x03, 0xff, 0x2f, 0x09, 0x00, 0xff, 0x65, 0x49, 0x3c, 0xff,
  0xff, 0xff, 0xff, 0xff, 0xfc, 0xfc, 0xfc, 0xff, 0xfd, 0xfd, 0xfd, 0xff,
  0xfd, 0xfd, 0xfd, 0xff, 0xfa, 0xfa, 0xfa, 0xff, 0xff, 0xff, 0xff, 0xff,
  0xc4, 0xba, 0xb5, 0xff, 0x2e, 0x08, 0x00, 0xff, 0x3b, 0x16, 0x03, 0xff,
  0x3e, 0x18, 0x04, 0xff, 0x2d, 0x07, 0x00, 0xff, 0xb9, 0xaf, 0xab, 0xff,
  0xff, 0xff, 0xff, 0xff, 0xfa, 0xfa, 0xfa, 0xff, 0xfd, 0xfd, 0xfd, 0xff,
  0xfd, 0xfd, 0xfd, 0xff, 0xfd, 0xfd, 0xfd, 0xff, 0xfd, 0xfd, 0xfd, 0xff,
  0xfd, 0xfd, 0xfd, 0xff, 0xfc, 0xfc, 0xfc, 0xff, 0xff, 0xff, 0xff, 0xff,
  0xe2, 0xdd, 0xdc, 0xff, 0x3f, 0x1a, 0x06, 0xff, 0x39, 0x13, 0x00, 0xff,
  0x3e, 0x19, 0x05, 0xff, 0x2c, 0x04, 0x00, 0xff, 0x8d, 0x7b, 0x72, 0xff,
  0xff, 0xff, 0xff, 0xff, 0xc2, 0xb8, 0xb5, 0xff, 0x2f, 0x09, 0x00, 0xff,
  0x3c, 0x16, 0x03, 0xff, 0x3d, 0x18, 0x05, 0xff, 0x2a, 0x03, 0x00, 0xff,
  0xa4, 0x96, 0x90, 0xff, 0xff, 0xff, 0xff, 0xff, 0xfa, 0xf9, 0xf9, 0xff,
  0xfd, 0xfd, 0xfd, 0xff, 0xfd, 0xfd, 0xfd, 0xff, 0xfd, 0xfd, 0xfd, 0xff,
  0xfc, 0xfc, 0xfd, 0xff, 0xff, 0xff, 0xff, 0xff, 0xf8, 0xf7, 0xf7, 0xff,
  0x4f, 0x30, 0x20, 0xff, 0x35, 0x0e, 0x00, 0xff, 0x3e, 0x19, 0x05, 0xff,
  0x2e, 0x07, 0x00, 0xff, 0x70, 0x57, 0x4b, 0xff, 0xff, 0xff, 0xff, 0xff,
  0xfb, 0xfb, 0xfb, 0xff, 0xfd, 0xfd, 0xfd, 0xff, 0xfd, 0xfd, 0xfd, 0xff,
  0xfd, 0xfd, 0xfd, 0xff, 0xfd, 0xfd, 0xfd, 0xff, 0xfd, 0xfd, 0xfd, 0xff,
  0xfd, 0xfd, 0xfd, 0xff, 0xfa, 0xfa, 0xfa, 0xff, 0xff, 0xff, 0xff, 0xff,
  0x82, 0x69, 0x5e, 0xff, 0x2e, 0x05, 0x00, 0xff, 0x3e, 0x19, 0x06, 0xff,
  0x34, 0x0d, 0x00, 0xff, 0x52, 0x34, 0x26, 0xff, 0xfa, 0xfa, 0xfb, 0xff,
  0xfe, 0xfe, 0xfe, 0xff, 0xfc, 0xfd, 0xfd, 0xff, 0xfd, 0xfd, 0xfd, 0xff,
  0xfd, 0xfd, 0xfd, 0xff, 0xfe, 0xfe, 0xff, 0xff, 0xf0, 0xf0, 0xf0, 0xff,
  0xee, 0xee, 0xee, 0xff, 0xf8, 0xf8, 0xf8, 0xff, 0xfa, 0xfa, 0xfa, 0xff,
  0xfa, 0xfa, 0xfa, 0xff, 0xfa, 0xfa, 0xfa, 0xff, 0xfa, 0xfa, 0xfa, 0xff,
  0xfa, 0xfa, 0xfa, 0xff, 0xfa, 0xfa, 0xfa, 0xff, 0xfa, 0xfa, 0xfa, 0xff,
  0xfa, 0xfa, 0xfa, 0xff, 0xfa, 0xfa, 0xfa, 0xff, 0xfa, 0xfa, 0xfa, 0xff,
  0xfa, 0xfa, 0xfa, 0xff, 0xfa, 0xfa, 0xfb, 0xff, 0xfa, 0xfa, 0xfa, 0xff,
  0xfa, 0xfa, 0xfa, 0xff, 0xf9, 0xf9, 0xf9, 0xff, 0xf1, 0xf1, 0xf1, 0xff,
  0xf6, 0xf6, 0xf6, 0xff, 0xfe, 0xfe, 0xff, 0xff, 0xfd, 0xfd, 0xfd, 0xff,
  0xfd, 0xfd, 0xfd, 0xff, 0xfd, 0xfd, 0xfd, 0xff, 0xfd, 0xfd, 0xfd, 0xff,
  0xfd, 0xfd, 0xfd, 0xff, 0xfd, 0xfd, 0xfd, 0xff, 0xfd, 0xfd, 0xfd, 0xff,
  0xfd, 0xfd, 0xfd, 0xff, 0xfd, 0xfd, 0xfd, 0xff, 0xfd, 0xfd, 0xfd, 0xff,
  0xfd, 0xfd, 0xfe, 0xff, 0xfa, 0xf9, 0xf9, 0xff, 0xff, 0xff, 0xff, 0xff,
  0x89, 0x72, 0x68, 0xff, 0x2d, 0x04, 0x00, 0xff, 0x3c, 0x17, 0x04, 0xff,
  0x3b, 0x16, 0x03, 0xff, 0x2f, 0x09, 0x00, 0xff, 0xc2, 0xb8, 0xb4, 0xff,
  0xff, 0xff, 0xff, 0xff, 0xfa, 0xf9, 0xf9, 0xff, 0xfd, 0xfd, 0xfd, 0xff,
  0xfd, 0xfd, 0xfd, 0xff, 0xfb, 0xfb, 0xfb, 0xff, 0xff, 0xff, 0xff, 0xff,
  0xda, 0xd5, 0xd3, 0xff, 0x37, 0x12, 0x00, 0xff, 0x3b, 0x15, 0x00, 0xff,
  0x3e, 0x19, 0x05, 0xff, 0x29, 0x02, 0x00, 0xff, 0x92, 0x80, 0x79, 0xff,
  0xff, 0xff, 0xff, 0xff, 0xf9, 0xf9, 0xf9, 0xff, 0xfd, 0xfd, 0xfd, 0xff,
  0xfd, 0xfd, 0xfd, 0xff, 0xfd, 0xfd, 0xfd, 0xff, 0xfd, 0xfd, 0xfd, 0xff,
  0xfd, 0xfd, 0xfd, 0xff, 0xfa, 0xfa, 0xfa, 0xff, 0xff, 0xff, 0xff, 0xff,
  0xbe, 0xb3, 0xaf, 0xff, 0x2f, 0x07, 0x00, 0xff, 0x3d, 0x17, 0x03, 0xff,
  0x3d, 0x18, 0x04, 0xff, 0x2c, 0x05, 0x00, 0xff, 0xab, 0x9d, 0x97, 0xff,
  0xff, 0xff, 0xff, 0xff, 0xc2, 0xb8, 0xb4, 0xff, 0x30, 0x09, 0x00, 0xff,
  0x3c, 0x16, 0x03, 0xff, 0x3d, 0x18, 0x04, 0xff, 0x2a, 0x03, 0x00, 0xff,
  0xa4, 0x96, 0x90, 0xff, 0xff, 0xff, 0xff, 0xff, 0xfa, 0xf9, 0xf9, 0xff,
  0xfd, 0xfd, 0xfd, 0xff, 0xfd, 0xfd, 0xfd, 0xff, 0xfd, 0xfd, 0xfd, 0xff,
  0xfd, 0xfd, 0xfd, 0xff, 0xfc, 0xfc, 0xfc, 0xff, 0xff, 0xff, 0xff, 0xff,
  0x66, 0x4a, 0x3c, 0xff, 0x32, 0x0a, 0x00, 0xff, 0x3e, 0x18, 0x05, 0xff,
  0x34, 0x0e, 0x00, 0xff, 0x50, 0x31, 0x21, 0xff, 0xf8, 0xf7, 0xf8, 0xff,
  0xfe, 0xfe, 0xfe, 0xff, 0xfc, 0xfc, 0xfd, 0xff, 0xfd, 0xfd, 0xfd, 0xff,
  0xfd, 0xfd, 0xfd, 0xff, 0xfd, 0xfd, 0xfd, 0xff, 0xfd, 0xfd, 0xfd, 0xff,
  0xfd, 0xfd, 0xfd, 0xff, 0xfd, 0xfd, 0xfd, 0xff, 0xfe, 0xff, 0xff, 0xff,
  0x5c, 0x3d, 0x2d, 0xff, 0x34, 0x0c, 0x00, 0xff, 0x3e, 0x19, 0x06, 0xff,
  0x30, 0x08, 0x00, 0xff, 0x6c, 0x52, 0x46, 0xff, 0xff, 0xff, 0xff, 0xff,
  0xfb, 0xfb, 0xfb, 0xff, 0xfd, 0xfd, 0xfd, 0xff, 0xfd, 0xfd, 0xfd, 0xff,
  0xfd, 0xfd, 0xfd, 0xff, 0xff, 0xff, 0xff, 0xff, 0xf0, 0xf0, 0xf0, 0xff,
  0xee, 0xee, 0xee, 0xff, 0xf8, 0xf8, 0xf8, 0xff, 0xfa, 0xfa, 0xfa, 0xff,
  0xfa, 0xfa, 0xfa, 0xff, 0xfa, 0xfa, 0xfa, 0xff, 0xfa, 0xfa, 0xfa, 0xff,
  0xfa, 0xfa, 0xfa, 0xff, 0xfa, 0xfa, 0xfa, 0xff, 0xfa, 0xfa, 0xfa, 0xff,
  0xfa, 0xfa, 0xfa, 0xff, 0xfa, 0xfa, 0xfa, 0xff, 0xfa, 0xfa, 0xfa, 0xff,
  0xfa, 0xfa, 0xfa, 0xff, 0xfa, 0xfa, 0xfa, 0xff, 0xfa, 0xfa, 0xfa, 0xff,
  0xfa, 0xfa, 0xfa, 0xff, 0xf9, 0xf9, 0xf9, 0xff, 0xf1, 0xf1, 0xf1, 0xff,
  0xf6, 0xf6, 0xf6, 0xff, 0xfe, 0xfe, 0xfe, 0xff, 0xfd, 0xfd, 0xfd, 0xff,
  0xfd, 0xfd, 0xfd, 0xff, 0xfd, 0xfd, 0xfd, 0xff, 0xfd, 0xfd, 0xfd, 0xff,
  0xfd, 0xfd, 0xfd, 0xff, 0xfd, 0xfd, 0xfd, 0xff, 0xfd, 0xfd, 0xfd, 0xff,
  0xfd, 0xfd, 0xfd, 0xff, 0xfd, 0xfd, 0xfd, 0xff, 0xfd, 0xfd, 0xfd, 0xff,
  0xfd, 0xfd, 0xfd, 0xff, 0xfa, 0xfa, 0xf9, 0xff, 0xff, 0xff, 0xff, 0xff,
  0x94, 0x7f, 0x77, 0xff, 0x2c, 0x03, 0x00, 0xff, 0x3d, 0x18, 0x05, 0xff,
  0x3b, 0x15, 0x02, 0xff, 0x31, 0x0b, 0x00, 0xff, 0xca, 0xc2, 0xbe, 0xff,
  0xff, 0xff, 0xff, 0xff, 0xfb, 0xfb, 0xfb, 0xff, 0xfd, 0xfd, 0xfd, 0xff,
  0xfd, 0xfd, 0xfd, 0xff, 0xfc, 0xfc, 0xfd, 0xff, 0xfe, 0xff, 0xff, 0xff,
  0xf9, 0xf8, 0xf9, 0xff, 0x56, 0x34, 0x23, 0xff, 0x34, 0x0d, 0x00, 0xff,
  0x3b, 0x17, 0x04, 0xff, 0x33, 0x0d, 0x00, 0xff, 0x57, 0x37, 0x27, 0xff,
  0xfc, 0xfc, 0xfd, 0xff, 0xfc, 0xfd, 0xfd, 0xff, 0xfc, 0xfc, 0xfc, 0xff,
  0xfd, 0xfd, 0xfd, 0xff, 0xfd, 0xfd, 0xfd, 0xff, 0xfd, 0xfd, 0xfd, 0xff,
  0xfd, 0xfd, 0xfd, 0xff, 0xf9, 0xf8, 0xf8, 0xff, 0xff, 0xff, 0xff, 0xff,
  0x7c, 0x62, 0x56, 0xff, 0x2d, 0x06, 0x00, 0xff, 0x3d, 0x18, 0x04, 0xff,
  0x3a, 0x15, 0x01, 0xff, 0x34, 0x11, 0x00, 0xff, 0xd8, 0xd1, 0xcf, 0xff,
  0xff, 0xff, 0xff, 0xff, 0xc3, 0xb9, 0xb5, 0xff, 0x30, 0x09, 0x00, 0xff,
  0x3c, 0x16, 0x03, 0xff, 0x3c, 0x18, 0x04, 0xff, 0x2a, 0x04, 0x00, 0xff,
  0xa5, 0x97, 0x90, 0xff, 0xff, 0xff, 0xff, 0xff, 0xfa, 0xf9, 0xf9, 0xff,
  0xfd, 0xfd, 0xfd, 0xff, 0xfd, 0xfd, 0xfd, 0xff, 0xfd, 0xfd, 0xfd, 0xff,
  0xfd, 0xfd, 0xfd, 0xff, 0xfa, 0xf9, 0xf9, 0xff, 0xff, 0xff, 0xff, 0xff,
  0x97, 0x82, 0x78, 0xff, 0x2e, 0x04, 0x00, 0xff, 0x3d, 0x18, 0x05, 0xff,
  0x3c, 0x17, 0x03, 0xff, 0x30, 0x09, 0x00, 0xff, 0xc5, 0xbc, 0xb8, 0xff,
  0xff, 0xff, 0xff, 0xff, 0xf9, 0xf8, 0xf8, 0xff, 0xfd, 0xfd, 0xfd, 0xff,
  0xfc, 0xfd, 0xfd, 0xff, 0xfd, 0xfd, 0xfd, 0xff, 0xfd, 0xfd, 0xfd, 0xff,
  0xf9, 0xf8, 0xf8, 0xff, 0xff, 0xff, 0xff, 0xff, 0xce, 0xc6, 0xc3, 0xff,
  0x33, 0x0c, 0x00, 0xff, 0x3c, 0x16, 0x02, 0xff, 0x3f, 0x19, 0x05, 0xff,
  0x2a, 0x03, 0x00, 0xff, 0x99, 0x88, 0x7f, 0xff, 0xff, 0xff, 0xff, 0xff,
  0xfa, 0xf9, 0xf9, 0xff, 0xfd, 0xfd, 0xfd, 0xff, 0xfd, 0xfd, 0xfd, 0xff,
  0xfc, 0xfd, 0xfd, 0xff, 0xfe, 0xfe, 0xff, 0xff, 0xf0, 0xf0, 0xf0, 0xff,
  0xed, 0xed, 0xee, 0xff, 0xf8, 0xf8, 0xf8, 0xff, 0xfa, 0xfa, 0xfa, 0xff,
  0xfa, 0xfa, 0xfa, 0xff, 0xfa, 0xfa, 0xfa, 0xff, 0xfa, 0xfa, 0xfa, 0xff,
  0xfa, 0xfa, 0xfa, 0xff, 0xfa, 0xfa, 0xfa, 0xff, 0xfa, 0xfa, 0xfa, 0xff,
  0xfa, 0xfa, 0xfa, 0xff, 0xfa, 0xfa, 0xfa, 0xff, 0xfa, 0xfa, 0xfa, 0xff,
  0xfa, 0xfa, 0xfa, 0xff, 0xfa, 0xfa, 0xfa, 0xff, 0xfa, 0xfa, 0xfa, 0xff,
  0xfa, 0xfa, 0xfa, 0xff, 0xf9, 0xf9, 0xf9, 0xff, 0xf1, 0xf1, 0xf2, 0xff,
  0xf6, 0xf6, 0xf6, 0xff, 0xfe, 0xfe, 0xfe, 0xff, 0xfd, 0xfd, 0xfd, 0xff,
  0xfd, 0xfd, 0xfd, 0xff, 0xfd, 0xfd, 0xfd, 0xff, 0xfd, 0xfd, 0xfd, 0xff,
  0xfd, 0xfd, 0xfd, 0xff, 0xfd, 0xfd, 0xfd, 0xff, 0xfd, 0xfd, 0xfd, 0xff,
  0xfd, 0xfd, 0xfd, 0xff, 0xfd, 0xfd, 0xfd, 0xff, 0xfd, 0xfd, 0xfd, 0xff,
  0xfd, 0xfd, 0xfd, 0xff, 0xfa, 0xf9, 0xf9, 0xff, 0xff, 0xff, 0xff, 0xff,
  0x92, 0x7c, 0x73, 0xff, 0x2c, 0x04, 0x00, 0xff, 0x3d, 0x18, 0x05, 0xff,
  0x3b, 0x15, 0x02, 0xff, 0x2f, 0x0a, 0x00, 0xff, 0xc8, 0xc0, 0xbc, 0xff,
  0xff, 0xff, 0xff, 0xff, 0xfb, 0xfa, 0xfa, 0xff, 0xfd, 0xfd, 0xfd, 0xff,
  0xfd, 0xfd, 0xfd, 0xff, 0xfd, 0xfd, 0xfd, 0xff, 0xfa, 0xf9, 0xf9, 0xff,
  0xff, 0xff, 0xff, 0xff, 0x8d, 0x78, 0x6e, 0xff, 0x2b, 0x03, 0x00, 0xff,
  0x3d, 0x18, 0x05, 0xff, 0x3e, 0x18, 0x04, 0xff, 0x2c, 0x06, 0x00, 0xff,
  0x9e, 0x8f, 0x89, 0xff, 0xff, 0xff, 0xff, 0xff, 0xfa, 0xfa, 0xf9, 0xff,
  0xf9, 0xf9, 0xf9, 0xff, 0xfa, 0xfa, 0xfa, 0xff, 0xfa, 0xf9, 0xf9, 0xff,
  0xf9, 0xf9, 0xf8, 0xff, 0xff, 0xff, 0xff, 0xff, 0xc7, 0xbe, 0xbc, 0xff,
  0x35, 0x0f, 0x00, 0xff, 0x3c, 0x16, 0x01, 0xff, 0x3b, 0x16, 0x04, 0xff,
  0x31, 0x0a, 0x00, 0xff, 0x60, 0x43, 0x35, 0xff, 0xfe, 0xfe, 0xff, 0xff,
  0xff, 0xff, 0xff, 0xff, 0xc5, 0xbc, 0xb8, 0xff, 0x30, 0x09, 0x00, 0xff,
  0x3b, 0x16, 0x03, 0xff, 0x3d, 0x17, 0x04, 0xff, 0x2b, 0x04, 0x00, 0xff,
  0xa2, 0x94, 0x8e, 0xff, 0xff, 0xff, 0xff, 0xff, 0xf7, 0xf6, 0xf5, 0xff,
  0xfa, 0xf9, 0xf9, 0xff, 0xfa, 0xf9, 0xf9, 0xff, 0xfa, 0xf9, 0xf9, 0xff,
  0xfa, 0xf9, 0xf9, 0xff, 0xf7, 0xf7, 0xf6, 0xff, 0xff, 0xff, 0xff, 0xff,
  0xd1, 0xca, 0xc7, 0xff, 0x30, 0x0b, 0x00, 0xff, 0x3c, 0x17, 0x03, 0xff,
  0x3c, 0x17, 0x03, 0xff, 0x31, 0x0b, 0x00, 0xff, 0x5e, 0x41, 0x34, 0xff,
  0xff, 0xff, 0xff, 0xff, 0xff, 0xff, 0xff, 0xff, 0xf9, 0xf8, 0xf8, 0xff,
  0xfa, 0xfa, 0xfa, 0xff, 0xfa, 0xfa, 0xfa, 0xff, 0xf9, 0xf8, 0xf8, 0xff,
  0xff, 0xff, 0xff, 0xff, 0xff, 0xff, 0xff, 0xff, 0x65, 0x47, 0x39, 0xff,
  0x31, 0x0a, 0x00, 0xff, 0x3c, 0x17, 0x04, 0xff, 0x3c, 0x16, 0x02, 0xff,
  0x36, 0x0f, 0x00, 0xff, 0xd5, 0xce, 0xcb, 0xff, 0xff, 0xff, 0xff, 0xff,
  0xfb, 0xfb, 0xfb, 0xff, 0xfd, 0xfd, 0xfd, 0xff, 0xfd, 0xfd, 0xfd, 0xff,
  0xfc, 0xfc, 0xfd, 0xff, 0xff, 0xff, 0xff, 0xff, 0xf0, 0xf0, 0xf0, 0xff,
  0xed, 0xed, 0xee, 0xff, 0xf8, 0xf8, 0xf8, 0xff, 0xfa, 0xfa, 0xfa, 0xff,
  0xfa, 0xfa, 0xfa, 0xff, 0xfa, 0xfa, 0xfa, 0xff, 0xfa, 0xfa, 0xfa, 0xff,
  0xfa, 0xfa, 0xfa, 0xff, 0xfa, 0xfa, 0xfa, 0xff, 0xfa, 0xfa, 0xfa, 0xff,
  0xfa, 0xfa, 0xfa, 0xff, 0xfa, 0xfa, 0xfa, 0xff, 0xfa, 0xfa, 0xfa, 0xff,
  0xfa, 0xfa, 0xfa, 0xff, 0xfa, 0xfa, 0xfa, 0xff, 0xfa, 0xfa, 0xfa, 0xff,
  0xfa, 0xfa, 0xfa, 0xff, 0xf9, 0xf9, 0xf9, 0xff, 0xf1, 0xf1, 0xf1, 0xff,
  0xf6, 0xf6, 0xf6, 0xff, 0xfe, 0xfe, 0xfe, 0xff, 0xfc, 0xfd, 0xfd, 0xff,
  0xfd, 0xfd, 0xfd, 0xff, 0xfd, 0xfd, 0xfd, 0xff, 0xfd, 0xfd, 0xfd, 0xff,
  0xfd, 0xfd, 0xfd, 0xff, 0xfd, 0xfd, 0xfd, 0xff, 0xfc, 0xfd, 0xfd, 0xff,
  0xfd, 0xfd, 0xfd, 0xff, 0xfd, 0xfd, 0xfd, 0xff, 0xfd, 0xfd, 0xfd, 0xff,
  0xfd, 0xfd, 0xfd, 0xff, 0xfa, 0xf9, 0xf9, 0xff, 0xff, 0xff, 0xff, 0xff,
  0x93, 0x7d, 0x74, 0xff, 0x2d, 0x04, 0x00, 0xff, 0x3d, 0x18, 0x05, 0xff,
  0x3b, 0x16, 0x02, 0xff, 0x30, 0x0b, 0x00, 0xff, 0xc9, 0xc1, 0xbd, 0xff,
  0xff, 0xff, 0xff, 0xff, 0xfb, 0xfa, 0xfb, 0xff, 0xfd, 0xfd, 0xfd, 0xff,
  0xfd, 0xfd, 0xfd, 0xff, 0xfd, 0xfd, 0xfd, 0xff, 0xfb, 0xfb, 0xfb, 0xff,
  0xff, 0xff, 0xff, 0xff, 0xde, 0xd8, 0xd7, 0xff, 0x38, 0x13, 0x01, 0xff,
  0x3c, 0x15, 0x00, 0xff, 0x3b, 0x15, 0x02, 0xff, 0x38, 0x13, 0x00, 0xff,
  0x37, 0x11, 0x00, 0xff, 0xac, 0x9e, 0x98, 0xff, 0xff, 0xff, 0xff, 0xff,
  0xff, 0xff, 0xff, 0xff, 0xff, 0xff, 0xff, 0xff, 0xff, 0xff, 0xff, 0xff,
  0xff, 0xff, 0xff, 0xff, 0xcd, 0xc3, 0xc0, 0xff, 0x43, 0x20, 0x0f, 0xff,
  0x34, 0x0f, 0x00, 0xff, 0x3b, 0x16, 0x02, 0xff, 0x3d, 0x18, 0x05, 0xff,
  0x2a, 0x03, 0x00, 0xff, 0xb6, 0xa9, 0xa3, 0xff, 0xff, 0xff, 0xff, 0xff,
  0xff, 0xff, 0xff, 0xff, 0xc6, 0xbc, 0xb9, 0xff, 0x30, 0x09, 0x00, 0xff,
  0x3c, 0x16, 0x03, 0xff, 0x3e, 0x18, 0x05, 0xff, 0x29, 0x02, 0x00, 0xff,
  0xaa, 0x9f, 0x9a, 0xff, 0xff, 0xff, 0xff, 0xff, 0xff, 0xff, 0xff, 0xff,
  0xff, 0xff, 0xff, 0xff, 0xff, 0xff, 0xff, 0xff, 0xff, 0xff, 0xff, 0xff,
  0xff, 0xff, 0xff, 0xff, 0xff, 0xff, 0xff, 0xff, 0xff, 0xff, 0xff, 0xff,
  0xff, 0xff, 0xff, 0xff, 0x6b, 0x4e, 0x41, 0xff, 0x30, 0x08, 0x00, 0xff,
  0x3c, 0x18, 0x04, 0xff, 0x3c, 0x17, 0x03, 0xff, 0x2f, 0x08, 0x00, 0xff,
  0x76, 0x5c, 0x51, 0xff, 0xf7, 0xf5, 0xf5, 0xff, 0xff, 0xff, 0xff, 0xff,
  0xff, 0xff, 0xff, 0xff, 0xff, 0xff, 0xff, 0xff, 0xff, 0xff, 0xff, 0xff,
  0xf3, 0xf1, 0xf2, 0xff, 0x75, 0x5c, 0x51, 0xff, 0x31, 0x09, 0x00, 0xff,
  0x3d, 0x17, 0x03, 0xff, 0x3d, 0x18, 0x04, 0xff, 0x2e, 0x06, 0x00, 0xff,
  0x6d, 0x53, 0x46, 0xff, 0xff, 0xff, 0xff, 0xff, 0xfb, 0xfb, 0xfb, 0xff,
  0xfd, 0xfd, 0xfd, 0xff, 0xfd, 0xfd, 0xfd, 0xff, 0xfd, 0xfd, 0xfd, 0xff,
  0xfd, 0xfd, 0xfd, 0xff, 0xff, 0xff, 0xff, 0xff, 0xef, 0xef, 0xef, 0xff,
  0xed, 0xed, 0xee, 0xff, 0xf8, 0xf8, 0xf8, 0xff, 0xfa, 0xfa, 0xfa, 0xff,
  0xfa, 0xfa, 0xfa, 0xff, 0xfa, 0xfa, 0xfa, 0xff, 0xfa, 0xfa, 0xfa, 0xff,
  0xfa, 0xfa, 0xfa, 0xff, 0xfa, 0xfa, 0xfa, 0xff, 0xfa, 0xfa, 0xfa, 0xff,
  0xfa, 0xfa, 0xfa, 0xff, 0xfa, 0xfa, 0xfa, 0xff, 0xfa, 0xfa, 0xfa, 0xff,
  0xfa, 0xfa, 0xfa, 0xff, 0xfa, 0xfa, 0xfa, 0xff, 0xfa, 0xfa, 0xfa, 0xff,
  0xfa, 0xfa, 0xfa, 0xff, 0xf9, 0xf9, 0xf9, 0xff, 0xf1, 0xf1, 0xf1, 0xff,
  0xf6, 0xf6, 0xf6, 0xff, 0xfe, 0xfe, 0xfe, 0xff, 0xfd, 0xfd, 0xfd, 0xff,
  0xfd, 0xfd, 0xfd, 0xff, 0xfd, 0xfd, 0xfd, 0xff, 0xfd, 0xfd, 0xfd, 0xff,
  0xfd, 0xfd, 0xfd, 0xff, 0xfd, 0xfd, 0xfd, 0xff, 0xfd, 0xfd, 0xfd, 0xff,
  0xfd, 0xfd, 0xfd, 0xff, 0xfd, 0xfd, 0xfd, 0xff, 0xfd, 0xfd, 0xfd, 0xff,
  0xfd, 0xfd, 0xfd, 0xff, 0xfa, 0xf9, 0xf9, 0xff, 0xff, 0xff, 0xff, 0xff,
  0x93, 0x7d, 0x74, 0xff, 0x2c, 0x04, 0x00, 0xff, 0x3d, 0x18, 0x05, 0xff,
  0x3c, 0x16, 0x02, 0xff, 0x30, 0x0b, 0x00, 0xff, 0xc8, 0xc0, 0xbc, 0xff,
  0xff, 0xff, 0xff, 0xff, 0xfb, 0xfa, 0xfa, 0xff, 0xfd, 0xfd, 0xfd, 0xff,
  0xfd, 0xfd, 0xfd, 0xff, 0xfd, 0xfd, 0xfd, 0xff, 0xfd, 0xfd, 0xfd, 0xff,
  0xfa, 0xfa, 0xfa, 0xff, 0xff, 0xff, 0xff, 0xff, 0x93, 0x7f, 0x75, 0xff,
  0x2a, 0x00, 0x00, 0xff, 0x3e, 0x19, 0x06, 0xff, 0x3a, 0x15, 0x01, 0xff,
  0x3a, 0x14, 0x00, 0xff, 0x2e, 0x08, 0x00, 0xff, 0x67, 0x4a, 0x3d, 0xff,
  0xa0, 0x90, 0x88, 0xff, 0xb6, 0xaa, 0xa5, 0xff, 0xad, 0x9d, 0x95, 0xff,
  0x72, 0x5a, 0x50, 0xff, 0x36, 0x10, 0x00, 0xff, 0x37, 0x10, 0x00, 0xff,
  0x3b, 0x16, 0x02, 0xff, 0x3d, 0x19, 0x06, 0xff, 0x2c, 0x04, 0x00, 0xff,
  0x66, 0x4b, 0x3e, 0xff, 0xff, 0xff, 0xff, 0xff, 0xfa, 0xfa, 0xf9, 0xff,
  0xff, 0xff, 0xff, 0xff, 0xc5, 0xbb, 0xb8, 0xff, 0x30, 0x09, 0x00, 0xff,
  0x3d, 0x17, 0x03, 0xff, 0x3c, 0x16, 0x03, 0xff, 0x32, 0x0b, 0x00, 0xff,
  0x78, 0x5e, 0x51, 0xff, 0xac, 0x9d, 0x97, 0xff, 0xa4, 0x93, 0x8b, 0xff,
  0xa6, 0x95, 0x8e, 0xff, 0xa5, 0x94, 0x8d, 0xff, 0xa5, 0x94, 0x8d, 0xff,
  0xa7, 0x96, 0x8f, 0xff, 0xa0, 0x8f, 0x88, 0xff, 0xb7, 0xac, 0xa8, 0xff,
  0xff, 0xff, 0xff, 0xff, 0xd3, 0xcc, 0xc9, 0xff, 0x34, 0x0d, 0x00, 0xff,
  0x3b, 0x15, 0x01, 0xff, 0x3b, 0x15, 0x02, 0xff, 0x3c, 0x17, 0x03, 0xff,
  0x31, 0x09, 0x00, 0xff, 0x4b, 0x2a, 0x1a, 0xff, 0x8e, 0x7b, 0x73, 0xff,
  0xb7, 0xa8, 0xa1, 0xff, 0xb3, 0xa5, 0xa0, 0xff, 0x8d, 0x79, 0x71, 0xff,
  0x4c, 0x29, 0x18, 0xff, 0x30, 0x08, 0x00, 0xff, 0x3c, 0x17, 0x03, 0xff,
  0x3b, 0x16, 0x02, 0xff, 0x3a, 0x13, 0x00, 0xff, 0x35, 0x10, 0x00, 0xff,
  0xd9, 0xd3, 0xd0, 0xff, 0xff, 0xff, 0xff, 0xff, 0xfb, 0xfb, 0xfb, 0xff,
  0xfd, 0xfd, 0xfd, 0xff, 0xfd, 0xfd, 0xfd, 0xff, 0xfd, 0xfd, 0xfd, 0xff,
  0xfd, 0xfd, 0xfd, 0xff, 0xff, 0xff, 0xff, 0xff, 0xef, 0xf0, 0xf0, 0xff,
  0xed, 0xed, 0xee, 0xff, 0xf8, 0xf8, 0xf8, 0xff, 0xfa, 0xfa, 0xfa, 0xff,
  0xfa, 0xfa, 0xfa, 0xff, 0xfa, 0xfa, 0xfa, 0xff, 0xfa, 0xfa, 0xfa, 0xff,
  0xfa, 0xfa, 0xfa, 0xff, 0xfa, 0xfa, 0xfb, 0xff, 0xfa, 0xfa, 0xfa, 0xff,
  0xfa, 0xfa, 0xfa, 0xff, 0xfa, 0xfa, 0xfa, 0xff, 0xfa, 0xfa, 0xfa, 0xff,
  0xfa, 0xfa, 0xfa, 0xff, 0xfa, 0xfa, 0xfa, 0xff, 0xfa, 0xfa, 0xfa, 0xff,
  0xfa, 0xfa, 0xfa, 0xff, 0xf9, 0xf9, 0xf9, 0xff, 0xf1, 0xf1, 0xf1, 0xff,
  0xf6, 0xf6, 0xf6, 0xff, 0xfe, 0xfe, 0xfe, 0xff, 0xfd, 0xfd, 0xfd, 0xff,
  0xfd, 0xfd, 0xfd, 0xff, 0xfd, 0xfd, 0xfd, 0xff, 0xfd, 0xfd, 0xfd, 0xff,
  0xfd, 0xfd, 0xfd, 0xff, 0xfd, 0xfd, 0xfd, 0xff, 0xfd, 0xfd, 0xfd, 0xff,
  0xfd, 0xfd, 0xfd, 0xff, 0xfd, 0xfd, 0xfd, 0xff, 0xfd, 0xfd, 0xfd, 0xff,
  0xfd, 0xfd, 0xfd, 0xff, 0xfa, 0xf9, 0xf9, 0xff, 0xff, 0xff, 0xff, 0xff,
  0x92, 0x7d, 0x74, 0xff, 0x2c, 0x04, 0x00, 0xff, 0x3d, 0x18, 0x05, 0xff,
  0x3b, 0x16, 0x02, 0xff, 0x30, 0x0b, 0x00, 0xff, 0xc8, 0xc0, 0xbc, 0xff,
  0xff, 0xff, 0xff, 0xff, 0xfa, 0xfa, 0xfa, 0xff, 0xfd, 0xfd, 0xfd, 0xff,
  0xfd, 0xfd, 0xfd, 0xff, 0xfd, 0xfd, 0xfd, 0xff, 0xfd, 0xfd, 0xfd, 0xff,
  0xfd, 0xfc, 0xfc, 0xff, 0xfe, 0xfe, 0xfe, 0xff, 0xfe, 0xff, 0xff, 0xff,
  0x66, 0x4a, 0x3d, 0xff, 0x2a, 0x01, 0x00, 0xff, 0x3f, 0x19, 0x06, 0xff,
  0x3b, 0x16, 0x03, 0xff, 0x3c, 0x17, 0x03, 0xff, 0x30, 0x09, 0x00, 0xff,
  0x2d, 0x04, 0x00, 0xff, 0x2e, 0x07, 0x00, 0xff, 0x2e, 0x05, 0x00, 0xff,
  0x2e, 0x07, 0x00, 0xff, 0x39, 0x14, 0x01, 0xff, 0x3b, 0x16, 0x03, 0xff,
  0x3d, 0x19, 0x06, 0xff, 0x2f, 0x08, 0x00, 0xff, 0x46, 0x25, 0x15, 0xff,
  0xe9, 0xe5, 0xe4, 0xff, 0xff, 0xff, 0xff, 0xff, 0xf9, 0xf8, 0xf8, 0xff,
  0xff, 0xff, 0xff, 0xff, 0xc5, 0xbb, 0xb8, 0xff, 0x31, 0x0a, 0x00, 0xff,
  0x3d, 0x17, 0x03, 0xff, 0x3a, 0x14, 0x00, 0xff, 0x3b, 0x16, 0x02, 0xff,
  0x34, 0x0c, 0x00, 0xff, 0x2c, 0x03, 0x00, 0xff, 0x2d, 0x05, 0x00, 0xff,
  0x2d, 0x05, 0x00, 0xff, 0x2d, 0x05, 0x00, 0xff, 0x2d, 0x04, 0x00, 0xff,
  0x2f, 0x07, 0x00, 0xff, 0x22, 0x00, 0x00, 0xff, 0x5a, 0x40, 0x33, 0xff,
  0xff, 0xff, 0xff, 0xff, 0xff, 0xff, 0xff, 0xff, 0xa5, 0x95, 0x8e, 0xff,
  0x2a, 0x02, 0x00, 0xff, 0x3b, 0x16, 0x02, 0xff, 0x3c, 0x17, 0x04, 0xff,
  0x3c, 0x17, 0x04, 0xff, 0x35, 0x0f, 0x00, 0xff, 0x2e, 0x05, 0x00, 0xff,
  0x2f, 0x07, 0x00, 0xff, 0x2c, 0x05, 0x00, 0xff, 0x2d, 0x04, 0x00, 0xff,
  0x36, 0x0f, 0x00, 0xff, 0x3d, 0x18, 0x04, 0xff, 0x3d, 0x18, 0x04, 0xff,
  0x3b, 0x15, 0x01, 0xff, 0x2a, 0x02, 0x00, 0xff, 0xa9, 0x9b, 0x95, 0xff,
  0xff, 0xff, 0xff, 0xff, 0xfa, 0xf9, 0xf9, 0xff, 0xfd, 0xfd, 0xfd, 0xff,
  0xfd, 0xfd, 0xfd, 0xff, 0xfd, 0xfd, 0xfd, 0xff, 0xfd, 0xfd, 0xfd, 0xff,
  0xfd, 0xfd, 0xfd, 0xff, 0xfe, 0xff, 0xff, 0xff, 0xf0, 0xf0, 0xf0, 0xff,
  0xed, 0xed, 0xee, 0xff, 0xf8, 0xf8, 0xf8, 0xff, 0xfa, 0xfa, 0xfa, 0xff,
  0xfa, 0xfa, 0xfa, 0xff, 0xfa, 0xfa, 0xfa, 0xff, 0xfa, 0xfa, 0xfa, 0xff,
  0xfa, 0xfa, 0xfa, 0xff, 0xfa, 0xfa, 0xfa, 0xff, 0xfa, 0xfa, 0xfa, 0xff,
  0xfa, 0xfa, 0xfa, 0xff, 0xfa, 0xfa, 0xfa, 0xff, 0xfa, 0xfa, 0xfa, 0xff,
  0xfa, 0xfa, 0xfa, 0xff, 0xfa, 0xfa, 0xfa, 0xff, 0xfa, 0xfa, 0xfa, 0xff,
  0xfa, 0xfa, 0xfa, 0xff, 0xf9, 0xf9, 0xf9, 0xff, 0xf1, 0xf1, 0xf1, 0xff,
  0xf6, 0xf6, 0xf6, 0xff, 0xfe, 0xfe, 0xfe, 0xff, 0xfc, 0xfc, 0xfd, 0xff,
  0xfd, 0xfd, 0xfd, 0xff, 0xfd, 0xfd, 0xfd, 0xff, 0xfd, 0xfd, 0xfd, 0xff,
  0xfd, 0xfd, 0xfd, 0xff, 0xfd, 0xfd, 0xfd, 0xff, 0xfd, 0xfd, 0xfd, 0xff,
  0xfd, 0xfd, 0xfd, 0xff, 0xfd, 0xfd, 0xfd, 0xff, 0xfd, 0xfd, 0xfd, 0xff,
  0xfd, 0xfd, 0xfd, 0xff, 0xfa, 0xf9, 0xf9, 0xff, 0xff, 0xff, 0xff, 0xff,
  0x94, 0x7f, 0x76, 0xff, 0x30, 0x08, 0x00, 0xff, 0x40, 0x1b, 0x08, 0xff,
  0x3e, 0x19, 0x06, 0xff, 0x33, 0x0e, 0x00, 0xff, 0xc9, 0xc1, 0xbd, 0xff,
  0xff, 0xff, 0xff, 0xff, 0xfa, 0xfa, 0xfa, 0xff, 0xfd, 0xfd, 0xfd, 0xff,
  0xfd, 0xfd, 0xfd, 0xff, 0xfd, 0xfd, 0xfd, 0xff, 0xfd, 0xfd, 0xfd, 0xff,
  0xfd, 0xfd, 0xfd, 0xff, 0xfc, 0xfb, 0xfb, 0xff, 0xff, 0xff, 0xff, 0xff,
  0xf7, 0xf6, 0xf6, 0xff, 0x6c, 0x52, 0x45, 0xff, 0x2a, 0x01, 0x00, 0xff,
  0x37, 0x10, 0x00, 0xff, 0x3d, 0x18, 0x05, 0xff, 0x3e, 0x1a, 0x07, 0xff,
  0x3f, 0x1b, 0x07, 0xff, 0x3f, 0x1a, 0x06, 0xff, 0x3e, 0x1a, 0x07, 0xff,
  0x3f, 0x1a, 0x07, 0xff, 0x3d, 0x18, 0x05, 0xff, 0x37, 0x12, 0x00, 0xff,
  0x27, 0x00, 0x00, 0xff, 0x50, 0x31, 0x22, 0xff, 0xe1, 0xdc, 0xda, 0xff,
  0xff, 0xff, 0xff, 0xff, 0xfa, 0xf9, 0xfa, 0xff, 0xfb, 0xfb, 0xfb, 0xff,
  0xff, 0xff, 0xff, 0xff, 0xc6, 0xbd, 0xb9, 0xff, 0x35, 0x0d, 0x00, 0xff,
  0x3f, 0x1a, 0x06, 0xff, 0x3d, 0x18, 0x05, 0xff, 0x3d, 0x17, 0x04, 0xff,
  0x3e, 0x1a, 0x07, 0xff, 0x40, 0x1c, 0x09, 0xff, 0x40, 0x1b, 0x08, 0xff,
  0x40, 0x1c, 0x08, 0xff, 0x40, 0x1c, 0x08, 0xff, 0x40, 0x1c, 0x08, 0xff,
  0x42, 0x1e, 0x0b, 0xff, 0x35, 0x10, 0x00, 0xff, 0x6e, 0x53, 0x46, 0xff,
  0xff, 0xff, 0xff, 0xff, 0xfa, 0xfa, 0xf9, 0xff, 0xff, 0xff, 0xff, 0xff,
  0xa1, 0x90, 0x88, 0xff, 0x30, 0x08, 0x00, 0xff, 0x31, 0x0a, 0x00, 0xff,
  0x3d, 0x17, 0x03, 0xff, 0x3f, 0x1a, 0x06, 0xff, 0x3f, 0x1b, 0x08, 0xff,
  0x3d, 0x19, 0x06, 0xff, 0x3f, 0x1a, 0x07, 0xff, 0x3f, 0x1b, 0x08, 0xff,
  0x3e, 0x19, 0x06, 0xff, 0x3c, 0x16, 0x03, 0xff, 0x30, 0x08, 0x00, 0xff,
  0x31, 0x0c, 0x00, 0xff, 0xa7, 0x97, 0x90, 0xff, 0xff, 0xff, 0xff, 0xff,
  0xfb, 0xfa, 0xfa, 0xff, 0xfd, 0xfd, 0xfd, 0xff, 0xfd, 0xfd, 0xfd, 0xff,
  0xfd, 0xfd, 0xfd, 0xff, 0xfd, 0xfd, 0xfd, 0xff, 0xfd, 0xfd, 0xfd, 0xff,
  0xfc, 0xfc, 0xfd, 0xff, 0xfe, 0xff, 0xff, 0xff, 0xef, 0xf0, 0xf0, 0xff,
  0xed, 0xed, 0xed, 0xff, 0xf8, 0xf8, 0xf8, 0xff, 0xfa, 0xfa, 0xfa, 0xff,
  0xfa, 0xfa, 0xfa, 0xff, 0xfa, 0xfa, 0xfa, 0xff, 0xfa, 0xfa, 0xfa, 0xff,
  0xfa, 0xfa, 0xfa, 0xff, 0xfa, 0xfa, 0xfa, 0xff, 0xfa, 0xfa, 0xfa, 0xff,
  0xfa, 0xfa, 0xfa, 0xff, 0xfa, 0xfa, 0xfa, 0xff, 0xfa, 0xfa, 0xfa, 0xff,
  0xfa, 0xfa, 0xfa, 0xff, 0xfa, 0xfa, 0xfa, 0xff, 0xfa, 0xfa, 0xfa, 0xff,
  0xfa, 0xfa, 0xfa, 0xff, 0xf9, 0xf9, 0xf9, 0xff, 0xf1, 0xf1, 0xf1, 0xff,
  0xf6, 0xf6, 0xf6, 0xff, 0xfe, 0xfe, 0xfe, 0xff, 0xfd, 0xfd, 0xfd, 0xff,
  0xfd, 0xfd, 0xfd, 0xff, 0xfc, 0xfd, 0xfd, 0xff, 0xfd, 0xfd, 0xfd, 0xff,
  0xfd, 0xfd, 0xfd, 0xff, 0xfd, 0xfd, 0xfd, 0xff, 0xfd, 0xfd, 0xfd, 0xff,
  0xfd, 0xfd, 0xfd, 0xff, 0xfd, 0xfd, 0xfd, 0xff, 0xfd, 0xfd, 0xfd, 0xff,
  0xfd, 0xfd, 0xfd, 0xff, 0xfa, 0xf9, 0xf9, 0xff, 0xff, 0xff, 0xff, 0xff,
  0x8b, 0x74, 0x6a, 0xff, 0x1f, 0x00, 0x00, 0xff, 0x30, 0x08, 0x00, 0xff,
  0x2e, 0x06, 0x00, 0xff, 0x21, 0x00, 0x00, 0xff, 0xc4, 0xbc, 0xb8, 0xff,
  0xff, 0xff, 0xff, 0xff, 0xfa, 0xfa, 0xfa, 0xff, 0xfd, 0xfd, 0xfd, 0xff,
  0xfd, 0xfd, 0xfd, 0xff, 0xfd, 0xfd, 0xfd, 0xff, 0xfd, 0xfd, 0xfd, 0xff,
  0xfd, 0xfd, 0xfd, 0xff, 0xfd, 0xfd, 0xfe, 0xff, 0xfb, 0xfb, 0xfb, 0xff,
  0xff, 0xff, 0xff, 0xff, 0xff, 0xff, 0xff, 0xff, 0xa2, 0x93, 0x8c, 0xff,
  0x48, 0x26, 0x15, 0xff, 0x2c, 0x05, 0x00, 0xff, 0x2c, 0x04, 0x00, 0xff,
  0x30, 0x08, 0x00, 0xff, 0x32, 0x0a, 0x00, 0xff, 0x31, 0x09, 0x00, 0xff,
  0x2c, 0x05, 0x00, 0xff, 0x28, 0x02, 0x00, 0xff, 0x3d, 0x19, 0x07, 0xff,
  0x89, 0x74, 0x6b, 0xff, 0xf4, 0xf3, 0xf3, 0xff, 0xff, 0xff, 0xff, 0xff,
  0xfa, 0xf9, 0xf9, 0xff, 0xfd, 0xfd, 0xfe, 0xff, 0xfa, 0xfa, 0xfa, 0xff,
  0xff, 0xff, 0xff, 0xff, 0xc2, 0xb8, 0xb4, 0xff, 0x22, 0x00, 0x00, 0xff,
  0x2e, 0x06, 0x00, 0xff, 0x2d, 0x04, 0x00, 0xff, 0x2c, 0x04, 0x00, 0xff,
  0x2c, 0x04, 0x00, 0xff, 0x2c, 0x04, 0x00, 0xff, 0x2c, 0x04, 0x00, 0xff,
  0x2d, 0x04, 0x00, 0xff, 0x2d, 0x04, 0x00, 0xff, 0x2d, 0x04, 0x00, 0xff,
  0x2f, 0x07, 0x00, 0xff, 0x22, 0x00, 0x00, 0xff, 0x5b, 0x40, 0x33, 0xff,
  0xff, 0xff, 0xff, 0xff, 0xfb, 0xfb, 0xfb, 0xff, 0xfb, 0xfb, 0xfb, 0xff,
  0xff, 0xff, 0xff, 0xff, 0xca, 0xc1, 0xbe, 0xff, 0x5f, 0x41, 0x33, 0xff,
  0x31, 0x0a, 0x00, 0xff, 0x2c, 0x04, 0x00, 0xff, 0x2e, 0x07, 0x00, 0xff,
  0x33, 0x0a, 0x00, 0xff, 0x32, 0x0a, 0x00, 0xff, 0x2e, 0x07, 0x00, 0xff,
  0x2c, 0x03, 0x00, 0xff, 0x31, 0x0b, 0x00, 0xff, 0x63, 0x46, 0x39, 0xff,
  0xcf, 0xc7, 0xc5, 0xff, 0xff, 0xff, 0xff, 0xff, 0xfb, 0xfb, 0xfb, 0xff,
  0xfd, 0xfd, 0xfd, 0xff, 0xfd, 0xfd, 0xfd, 0xff, 0xfc, 0xfd, 0xfd, 0xff,
  0xfd, 0xfd, 0xfd, 0xff, 0xfd, 0xfd, 0xfd, 0xff, 0xfd, 0xfd, 0xfd, 0xff,
  0xfc, 0xfd, 0xfd, 0xff, 0xfe, 0xfe, 0xff, 0xff, 0xf0, 0xf0, 0xf0, 0xff,
  0xed, 0xed, 0xee, 0xff, 0xf8, 0xf7, 0xf8, 0xff, 0xfa, 0xfa, 0xfa, 0xff,
  0xfa, 0xfa, 0xfa, 0xff, 0xfa, 0xfa, 0xfa, 0xff, 0xfa, 0xfa, 0xfa, 0xff,
  0xfa, 0xfa, 0xfa, 0xff, 0xfa, 0xfa, 0xfa, 0xff, 0xfa, 0xfa, 0xfa, 0xff,
  0xfa, 0xfa, 0xfa, 0xff, 0xfa, 0xfa, 0xfa, 0xff, 0xfa, 0xfa, 0xfa, 0xff,
  0xfa, 0xfa, 0xfa, 0xff, 0xfa, 0xfa, 0xfa, 0xff, 0xfa, 0xfa, 0xfa, 0xff,
  0xfa, 0xfa, 0xfa, 0xff, 0xf9, 0xf9, 0xf9, 0xff, 0xf1, 0xf1, 0xf2, 0xff,
  0xf7, 0xf7, 0xf7, 0xff, 0xfe, 0xfe, 0xff, 0xff, 0xfd, 0xfd, 0xfd, 0xff,
  0xfd, 0xfd, 0xfd, 0xff, 0xfd, 0xfd, 0xfd, 0xff, 0xfd, 0xfd, 0xfd, 0xff,
  0xfd, 0xfd, 0xfd, 0xff, 0xfd, 0xfd, 0xfd, 0xff, 0xfd, 0xfd, 0xfd, 0xff,
  0xfd, 0xfd, 0xfd, 0xff, 0xfd, 0xfd, 0xfd, 0xff, 0xfd, 0xfd, 0xfd, 0xff,
  0xfd, 0xfd, 0xfd, 0xff, 0xfb, 0xfb, 0xfb, 0xff, 0xff, 0xff, 0xff, 0xff,
  0xb9, 0xac, 0xa8, 0xff, 0x7c, 0x64, 0x5a, 0xff, 0x87, 0x71, 0x68, 0xff,
  0x85, 0x6f, 0x66, 0xff, 0x7f, 0x69, 0x60, 0xff, 0xdf, 0xda, 0xd8, 0xff,
  0xff, 0xff, 0xff, 0xff, 0xfc, 0xfb, 0xfc, 0xff, 0xfd, 0xfd, 0xfd, 0xff,
  0xfd, 0xfd, 0xfd, 0xff, 0xfd, 0xfd, 0xfd, 0xff, 0xfd, 0xfd, 0xfd, 0xff,
  0xfd, 0xfd, 0xfd, 0xff, 0xfd, 0xfd, 0xfd, 0xff, 0xfd, 0xfd, 0xfe, 0xff,
  0xfc, 0xfc, 0xfc, 0xff, 0xfd, 0xfd, 0xfd, 0xff, 0xff, 0xff, 0xff, 0xff,
  0xf1, 0xef, 0xef, 0xff, 0xb3, 0xa6, 0xa1, 0xff, 0x80, 0x6a, 0x60, 0xff,
  0x66, 0x4a, 0x3e, 0xff, 0x5f, 0x41, 0x33, 0xff, 0x63, 0x47, 0x3b, 0xff,
  0x7b, 0x63, 0x58, 0xff, 0xa6, 0x98, 0x93, 0xff, 0xe5, 0xe0, 0xdf, 0xff,
  0xff, 0xff, 0xff, 0xff, 0xff, 0xff, 0xff, 0xff, 0xfb, 0xfa, 0xfa, 0xff,
  0xfd, 0xfd, 0xfd, 0xff, 0xfd, 0xfd, 0xfd, 0xff, 0xfb, 0xfb, 0xfb, 0xff,
  0xff, 0xff, 0xff, 0xff, 0xd9, 0xd4, 0xd3, 0xff, 0x7c, 0x67, 0x5f, 0xff,
  0x85, 0x70, 0x67, 0xff, 0x85, 0x6f, 0x66, 0xff, 0x84, 0x6f, 0x66, 0xff,
  0x84, 0x6e, 0x65, 0xff, 0x84, 0x6f, 0x65, 0xff, 0x85, 0x6f, 0x66, 0xff,
  0x84, 0x6e, 0x65, 0xff, 0x84, 0x6e, 0x65, 0xff, 0x84, 0x6e, 0x65, 0xff,
  0x86, 0x71, 0x67, 0xff, 0x7f, 0x68, 0x5e, 0xff, 0xa0, 0x91, 0x8c, 0xff,
  0xff, 0xff, 0xff, 0xff, 0xfc, 0xfc, 0xfc, 0xff, 0xfc, 0xfd, 0xfd, 0xff,
  0xfa, 0xfa, 0xfa, 0xff, 0xff, 0xff, 0xff, 0xff, 0xff, 0xff, 0xff, 0xff,
  0xc9, 0xbf, 0xbc, 0xff, 0x8e, 0x7b, 0x72, 0xff, 0x6e, 0x54, 0x48, 0xff,
  0x62, 0x44, 0x35, 0xff, 0x5d, 0x42, 0x35, 0xff, 0x70, 0x56, 0x4b, 0xff,
  0x96, 0x82, 0x7a, 0xff, 0xcd, 0xc5, 0xc3, 0xff, 0xff, 0xff, 0xff, 0xff,
  0xff, 0xff, 0xff, 0xff, 0xfa, 0xf9, 0xf9, 0xff, 0xfd, 0xfd, 0xfd, 0xff,
  0xfd, 0xfd, 0xfd, 0xff, 0xfd, 0xfd, 0xfd, 0xff, 0xfd, 0xfd, 0xfd, 0xff,
  0xfd, 0xfd, 0xfd, 0xff, 0xfd, 0xfd, 0xfd, 0xff, 0xfd, 0xfd, 0xfd, 0xff,
  0xfc, 0xfd, 0xfd, 0xff, 0xfe, 0xfe, 0xff, 0xff, 0xf0, 0xf0, 0xf0, 0xff,
  0xed, 0xed, 0xee, 0xff, 0xf8, 0xf8, 0xf8, 0xff, 0xfa, 0xfa, 0xfa, 0xff,
  0xfa, 0xfa, 0xfa, 0xff, 0xfa, 0xfa, 0xfa, 0xff, 0xfa, 0xfa, 0xfa, 0xff,
  0xfa, 0xfa, 0xfa, 0xff, 0xfa, 0xfa, 0xfa, 0xff, 0xfa, 0xfa, 0xfa, 0xff,
  0xfa, 0xfa, 0xfa, 0xff, 0xfa, 0xfa, 0xfa, 0xff, 0xfa, 0xfa, 0xfa, 0xff,
  0xfa, 0xfa, 0xfa, 0xff, 0xfa, 0xfa, 0xfa, 0xff, 0xfa, 0xfa, 0xfa, 0xff,
  0xfa, 0xfa, 0xfa, 0xff, 0xf9, 0xf9, 0xf9, 0xff, 0xf2, 0xf2, 0xf2, 0xff,
  0xf6, 0xf6, 0xf6, 0xff, 0xfe, 0xfe, 0xfe, 0xff, 0xfc, 0xfd, 0xfd, 0xff,
  0xfd, 0xfd, 0xfd, 0xff, 0xfd, 0xfd, 0xfd, 0xff, 0xfd, 0xfd, 0xfd, 0xff,
  0xfd, 0xfd, 0xfd, 0xff, 0xfd, 0xfd, 0xfd, 0xff, 0xfd, 0xfd, 0xfd, 0xff,
  0xfd, 0xfd, 0xfd, 0xff, 0xfd, 0xfd, 0xfd, 0xff, 0xfd, 0xfd, 0xfd, 0xff,
  0xfd, 0xfd, 0xfd, 0xff, 0xfd, 0xfd, 0xfd, 0xff, 0xfc, 0xfc, 0xfc, 0xff,
  0xff, 0xff, 0xff, 0xff, 0xff, 0xff, 0xff, 0xff, 0xff, 0xff, 0xff, 0xff,
  0xff, 0xff, 0xff, 0xff, 0xff, 0xff, 0xff, 0xff, 0xff, 0xff, 0xff, 0xff,
  0xfc, 0xfc, 0xfc, 0xff, 0xfd, 0xfd, 0xfd, 0xff, 0xfd, 0xfd, 0xfd, 0xff,
  0xfd, 0xfd, 0xfd, 0xff, 0xfd, 0xfd, 0xfd, 0xff, 0xfd, 0xfd, 0xfd, 0xff,
  0xfd, 0xfd, 0xfd, 0xff, 0xfd, 0xfd, 0xfd, 0xff, 0xfd, 0xfd, 0xfd, 0xff,
  0xfd, 0xfd, 0xfd, 0xff, 0xfc, 0xfd, 0xfd, 0xff, 0xfa, 0xf9, 0xf9, 0xff,
  0xff, 0xff, 0xff, 0xff, 0xff, 0xff, 0xff, 0xff, 0xff, 0xff, 0xff, 0xff,
  0xff, 0xff, 0xff, 0xff, 0xff, 0xff, 0xff, 0xff, 0xff, 0xff, 0xff, 0xff,
  0xff, 0xff, 0xff, 0xff, 0xff, 0xff, 0xff, 0xff, 0xff, 0xff, 0xff, 0xff,
  0xfa, 0xf9, 0xf9, 0xff, 0xfc, 0xfc, 0xfc, 0xff, 0xfd, 0xfd, 0xfd, 0xff,
  0xfd, 0xfd, 0xfd, 0xff, 0xfd, 0xfd, 0xfd, 0xff, 0xfd, 0xfd, 0xfd, 0xff,
  0xfc, 0xfc, 0xfc, 0xff, 0xff, 0xff, 0xff, 0xff, 0xff, 0xff, 0xff, 0xff,
  0xff, 0xff, 0xff, 0xff, 0xff, 0xff, 0xff, 0xff, 0xff, 0xff, 0xff, 0xff,
  0xff, 0xff, 0xff, 0xff, 0xff, 0xff, 0xff, 0xff, 0xff, 0xff, 0xff, 0xff,
  0xff, 0xff, 0xff, 0xff, 0xff, 0xff, 0xff, 0xff, 0xff, 0xff, 0xff, 0xff,
  0xff, 0xff, 0xff, 0xff, 0xff, 0xff, 0xff, 0xff, 0xff, 0xff, 0xff, 0xff,
  0xfc, 0xfc, 0xfd, 0xff, 0xfd, 0xfd, 0xfd, 0xff, 0xfd, 0xfd, 0xfd, 0xff,
  0xfd, 0xfd, 0xfd, 0xff, 0xfa, 0xfa, 0xfa, 0xff, 0xfd, 0xfd, 0xfd, 0xff,
  0xff, 0xff, 0xff, 0xff, 0xff, 0xff, 0xff, 0xff, 0xff, 0xff, 0xff, 0xff,
  0xff, 0xff, 0xff, 0xff, 0xff, 0xff, 0xff, 0xff, 0xff, 0xff, 0xff, 0xff,
  0xff, 0xff, 0xff, 0xff, 0xff, 0xff, 0xff, 0xff, 0xfc, 0xfc, 0xfc, 0xff,
  0xfa, 0xfa, 0xfa, 0xff, 0xfd, 0xfd, 0xfd, 0xff, 0xfd, 0xfd, 0xfd, 0xff,
  0xfd, 0xfd, 0xfd, 0xff, 0xfd, 0xfd, 0xfd, 0xff, 0xfd, 0xfd, 0xfd, 0xff,
  0xfd, 0xfd, 0xfd, 0xff, 0xfd, 0xfd, 0xfd, 0xff, 0xfd, 0xfd, 0xfd, 0xff,
  0xfd, 0xfd, 0xfd, 0xff, 0xfe, 0xff, 0xff, 0xff, 0xf0, 0xf0, 0xf0, 0xff,
  0xee, 0xee, 0xee, 0xff, 0xf8, 0xf8, 0xf8, 0xff, 0xfa, 0xfa, 0xfa, 0xff,
  0xfa, 0xfa, 0xfa, 0xff, 0xfa, 0xfa, 0xfa, 0xff, 0xfa, 0xfa, 0xfa, 0xff,
  0xfa, 0xfa, 0xfa, 0xff, 0xfa, 0xfa, 0xfa, 0xff, 0xfa, 0xfa, 0xfa, 0xff,
  0xfa, 0xfa, 0xfa, 0xff, 0xfa, 0xfa, 0xfa, 0xff, 0xfa, 0xfa, 0xfa, 0xff,
  0xfa, 0xfa, 0xfa, 0xff, 0xfa, 0xfa, 0xfa, 0xff, 0xfa, 0xfa, 0xfa, 0xff,
  0xfa, 0xfa, 0xfb, 0xff, 0xf9, 0xf9, 0xf9, 0xff, 0xf1, 0xf1, 0xf2, 0xff,
  0xf6, 0xf6, 0xf6, 0xff, 0xfe, 0xfe, 0xfe, 0xff, 0xfc, 0xfd, 0xfd, 0xff,
  0xfd, 0xfd, 0xfd, 0xff, 0xfd, 0xfd, 0xfd, 0xff, 0xfd, 0xfd, 0xfd, 0xff,
  0xfd, 0xfd, 0xfd, 0xff, 0xfd, 0xfd, 0xfd, 0xff, 0xfd, 0xfd, 0xfd, 0xff,
  0xfd, 0xfd, 0xfd, 0xff, 0xfd, 0xfd, 0xfd, 0xff, 0xfb, 0xfb, 0xfb, 0xff,
  0xfa, 0xf9, 0xf9, 0xff, 0xfa, 0xfa, 0xfa, 0xff, 0xfb, 0xfb, 0xfa, 0xff,
  0xf9, 0xf8, 0xf8, 0xff, 0xf8, 0xf7, 0xf6, 0xff, 0xf8, 0xf7, 0xf6, 0xff,
  0xf8, 0xf7, 0xf7, 0xff, 0xf8, 0xf7, 0xf7, 0xff, 0xfa, 0xf9, 0xf9, 0xff,
  0xfb, 0xfa, 0xfa, 0xff, 0xfa, 0xfa, 0xfa, 0xff, 0xfb, 0xfa, 0xfa, 0xff,
  0xfa, 0xfa, 0xfa, 0xff, 0xfa, 0xfa, 0xfa, 0xff, 0xfa, 0xfa, 0xfa, 0xff,
  0xfb, 0xfa, 0xfa, 0xff, 0xfa, 0xfa, 0xfa, 0xff, 0xfb, 0xfb, 0xfa, 0xff,
  0xfb, 0xfa, 0xfa, 0xff, 0xfb, 0xfa, 0xfa, 0xff, 0xfb, 0xfa, 0xfa, 0xff,
  0xfa, 0xf9, 0xf9, 0xff, 0xf8, 0xf7, 0xf7, 0xff, 0xf8, 0xf7, 0xf7, 0xff,
  0xfa, 0xf9, 0xf8, 0xff, 0xfa, 0xfa, 0xf9, 0xff, 0xfa, 0xf9, 0xf9, 0xff,
  0xf8, 0xf7, 0xf7, 0xff, 0xf7, 0xf6, 0xf6, 0xff, 0xf9, 0xf9, 0xf9, 0xff,
  0xfa, 0xfa, 0xfa, 0xff, 0xfa, 0xfa, 0xfa, 0xff, 0xfb, 0xfa, 0xfa, 0xff,
  0xfb, 0xfa, 0xfa, 0xff, 0xfb, 0xfa, 0xfa, 0xff, 0xfb, 0xfb, 0xfa, 0xff,
  0xfb, 0xfb, 0xfb, 0xff, 0xfa, 0xf9, 0xf9, 0xff, 0xf7, 0xf6, 0xf6, 0xff,
  0xf8, 0xf7, 0xf7, 0xff, 0xf8, 0xf7, 0xf7, 0xff, 0xf8, 0xf7, 0xf6, 0xff,
  0xf8, 0xf7, 0xf6, 0xff, 0xf8, 0xf7, 0xf6, 0xff, 0xf8, 0xf7, 0xf6, 0xff,
  0xf8, 0xf7, 0xf6, 0xff, 0xf8, 0xf7, 0xf7, 0xff, 0xf8, 0xf7, 0xf6, 0xff,
  0xf8, 0xf7, 0xf7, 0xff, 0xf8, 0xf7, 0xf6, 0xff, 0xf8, 0xf7, 0xf7, 0xff,
  0xfb, 0xfa, 0xfa, 0xff, 0xfb, 0xfa, 0xfa, 0xff, 0xfa, 0xfa, 0xfa, 0xff,
  0xfa, 0xfa, 0xfa, 0xff, 0xfb, 0xfa, 0xfa, 0xff, 0xfa, 0xfa, 0xfa, 0xff,
  0xf8, 0xf8, 0xf7, 0xff, 0xf7, 0xf7, 0xf6, 0xff, 0xf9, 0xf8, 0xf8, 0xff,
  0xfa, 0xfa, 0xf9, 0xff, 0xfa, 0xfa, 0xfa, 0xff, 0xf9, 0xf8, 0xf7, 0xff,
  0xf8, 0xf7, 0xf6, 0xff, 0xf8, 0xf7, 0xf7, 0xff, 0xf9, 0xf9, 0xf9, 0xff,
  0xfb, 0xfb, 0xfb, 0xff, 0xfd, 0xfd, 0xfd, 0xff, 0xfd, 0xfd, 0xfd, 0xff,
  0xfd, 0xfd, 0xfd, 0xff, 0xfd, 0xfd, 0xfd, 0xff, 0xfd, 0xfd, 0xfd, 0xff,
  0xfd, 0xfd, 0xfd, 0xff, 0xfd, 0xfd, 0xfd, 0xff, 0xfd, 0xfd, 0xfd, 0xff,
  0xfd, 0xfd, 0xfd, 0xff, 0xfe, 0xfe, 0xff, 0xff, 0xf0, 0xf0, 0xf0, 0xff,
  0xee, 0xee, 0xee, 0xff, 0xf8, 0xf8, 0xf8, 0xff, 0xfa, 0xfa, 0xfa, 0xff,
  0xfa, 0xfa, 0xfa, 0xff, 0xfa, 0xfa, 0xfa, 0xff, 0xfa, 0xfa, 0xfa, 0xff,
  0xfa, 0xfa, 0xfa, 0xff, 0xfa, 0xfa, 0xfa, 0xff, 0xfa, 0xfa, 0xfa, 0xff,
  0xfa, 0xfa, 0xfa, 0xff, 0xfa, 0xfa, 0xfa, 0xff, 0xfa, 0xfa, 0xfa, 0xff,
  0xfa, 0xfa, 0xfa, 0xff, 0xfa, 0xfa, 0xfa, 0xff, 0xfa, 0xfa, 0xfa, 0xff,
  0xfa, 0xfa, 0xfa, 0xff, 0xf9, 0xf9, 0xf9, 0xff, 0xf1, 0xf1, 0xf2, 0xff,
  0xf6, 0xf6, 0xf6, 0xff, 0xfe, 0xfe, 0xfe, 0xff, 0xfc, 0xfd, 0xfd, 0xff,
  0xfd, 0xfd, 0xfd, 0xff, 0xfd, 0xfd, 0xfd, 0xff, 0xfd, 0xfd, 0xfd, 0xff,
  0xfd, 0xfd, 0xfd, 0xff, 0xfd, 0xfd, 0xfd, 0xff, 0xfd, 0xfd, 0xfe, 0xff,
  0xfd, 0xfd, 0xfd, 0xff, 0xfb, 0xfa, 0xfa, 0xff, 0xff, 0xff, 0xff, 0xff,
  0xff, 0xff, 0xff, 0xff, 0xff, 0xff, 0xff, 0xff, 0xff, 0xff, 0xff, 0xff,
  0xff, 0xff, 0xff, 0xff, 0xff, 0xff, 0xff, 0xff, 0xff, 0xff, 0xff, 0xff,
  0xff, 0xff, 0xff, 0xff, 0xff, 0xff, 0xff, 0xff, 0xff, 0xff, 0xff, 0xff,
  0xff, 0xff, 0xff, 0xff, 0xff, 0xff, 0xff, 0xff, 0xff, 0xff, 0xff, 0xff,
  0xff, 0xff, 0xff, 0xff, 0xff, 0xff, 0xff, 0xff, 0xff, 0xff, 0xff, 0xff,
  0xff, 0xff, 0xff, 0xff, 0xff, 0xff, 0xff, 0xff, 0xff, 0xff, 0xff, 0xff,
  0xff, 0xff, 0xff, 0xff, 0xff, 0xff, 0xff, 0xff, 0xff, 0xff, 0xff, 0xff,
  0xff, 0xff, 0xff, 0xff, 0xff, 0xff, 0xff, 0xff, 0xff, 0xff, 0xff, 0xff,
  0xff, 0xff, 0xff, 0xff, 0xff, 0xff, 0xff, 0xff, 0xff, 0xff, 0xff, 0xff,
  0xff, 0xff, 0xff, 0xff, 0xff, 0xff, 0xff, 0xff, 0xff, 0xff, 0xff, 0xff,
  0xff, 0xff, 0xff, 0xff, 0xff, 0xff, 0xff, 0xff, 0xff, 0xff, 0xff, 0xff,
  0xff, 0xff, 0xff, 0xff, 0xff, 0xff, 0xff, 0xff, 0xff, 0xff, 0xff, 0xff,
  0xff, 0xff, 0xff, 0xff, 0xff, 0xff, 0xff, 0xff, 0xff, 0xff, 0xff, 0xff,
  0xff, 0xff, 0xff, 0xff, 0xff, 0xff, 0xff, 0xff, 0xff, 0xff, 0xff, 0xff,
  0xff, 0xff, 0xff, 0xff, 0xff, 0xff, 0xff, 0xff, 0xff, 0xff, 0xff, 0xff,
  0xff, 0xff, 0xff, 0xff, 0xff, 0xff, 0xff, 0xff, 0xff, 0xff, 0xff, 0xff,
  0xff, 0xff, 0xff, 0xff, 0xff, 0xff, 0xff, 0xff, 0xff, 0xff, 0xff, 0xff,
  0xff, 0xff, 0xff, 0xff, 0xff, 0xff, 0xff, 0xff, 0xff, 0xff, 0xff, 0xff,
  0xff, 0xff, 0xff, 0xff, 0xff, 0xff, 0xff, 0xff, 0xff, 0xff, 0xff, 0xff,
  0xff, 0xff, 0xff, 0xff, 0xff, 0xff, 0xff, 0xff, 0xff, 0xff, 0xff, 0xff,
  0xff, 0xff, 0xff, 0xff, 0xff, 0xff, 0xff, 0xff, 0xff, 0xff, 0xff, 0xff,
  0xff, 0xff, 0xff, 0xff, 0xff, 0xff, 0xff, 0xff, 0xff, 0xff, 0xff, 0xff,
  0xff, 0xff, 0xff, 0xff, 0xfb, 0xfb, 0xfb, 0xff, 0xfd, 0xfd, 0xfd, 0xff,
  0xfd, 0xfd, 0xfd, 0xff, 0xfd, 0xfd, 0xfd, 0xff, 0xfd, 0xfd, 0xfd, 0xff,
  0xfd, 0xfd, 0xfd, 0xff, 0xfd, 0xfd, 0xfd, 0xff, 0xfd, 0xfd, 0xfd, 0xff,
  0xfd, 0xfd, 0xfd, 0xff, 0xff, 0xff, 0xff, 0xff, 0xf0, 0xf0, 0xf0, 0xff,
  0xed, 0xed, 0xee, 0xff, 0xf8, 0xf8, 0xf8, 0xff, 0xfa, 0xfa, 0xfa, 0xff,
  0xfa, 0xfa, 0xfa, 0xff, 0xfa, 0xfa, 0xfa, 0xff, 0xfa, 0xfa, 0xfa, 0xff,
  0xfa, 0xfa, 0xfa, 0xff, 0xfa, 0xfa, 0xfb, 0xff, 0xfa, 0xfa, 0xfb, 0xff,
  0xfa, 0xfa, 0xfa, 0xff, 0xfa, 0xfa, 0xfa, 0xff, 0xfa, 0xfa, 0xfa, 0xff,
  0xfa, 0xfa, 0xfa, 0xff, 0xfa, 0xfa, 0xfa, 0xff, 0xfa, 0xfa, 0xfa, 0xff,
  0xfa, 0xfa, 0xfa, 0xff, 0xf9, 0xf9, 0xf9, 0xff, 0xf1, 0xf1, 0xf2, 0xff,
  0xf6, 0xf6, 0xf6, 0xff, 0xfe, 0xfe, 0xfe, 0xff, 0xfc, 0xfd, 0xfd, 0xff,
  0xfd, 0xfd, 0xfd, 0xff, 0xfd, 0xfd, 0xfd, 0xff, 0xfd, 0xfd, 0xfd, 0xff,
  0xfd, 0xfd, 0xfd, 0xff, 0xfd, 0xfd, 0xfd, 0xff, 0xfd, 0xfd, 0xfd, 0xff,
  0xfd, 0xfd, 0xfd, 0xff, 0xff, 0xff, 0xff, 0xff, 0xd3, 0xcb, 0xc9, 0xff,
  0x90, 0x7b, 0x73, 0xff, 0x7a, 0x62, 0x57, 0xff, 0x78, 0x61, 0x56, 0xff,
  0x78, 0x61, 0x56, 0xff, 0x79, 0x62, 0x57, 0xff, 0x78, 0x61, 0x56, 0xff,
  0x77, 0x60, 0x56, 0xff, 0x78, 0x61, 0x56, 0xff, 0x78, 0x61, 0x56, 0xff,
  0x78, 0x61, 0x56, 0xff, 0x77, 0x61, 0x56, 0xff, 0x77, 0x61, 0x56, 0xff,
  0x78, 0x61, 0x56, 0xff, 0x78, 0x61, 0x56, 0xff, 0x78, 0x61, 0x56, 0xff,
  0x77, 0x61, 0x56, 0xff, 0x78, 0x61, 0x56, 0xff, 0x78, 0x61, 0x56, 0xff,
  0x78, 0x61, 0x56, 0xff, 0x77, 0x60, 0x56, 0xff, 0x77, 0x60, 0x55, 0xff,
  0x78, 0x61, 0x56, 0xff, 0x78, 0x61, 0x56, 0xff, 0x78, 0x61, 0x56, 0xff,
  0x78, 0x61, 0x56, 0xff, 0x77, 0x60, 0x56, 0xff, 0x78, 0x61, 0x56, 0xff,
  0x78, 0x61, 0x56, 0xff, 0x77, 0x60, 0x55, 0xff, 0x77, 0x61, 0x56, 0xff,
  0x78, 0x61, 0x56, 0xff, 0x78, 0x61, 0x56, 0xff, 0x77, 0x60, 0x56, 0xff,
  0x78, 0x60, 0x56, 0xff, 0x78, 0x61, 0x56, 0xff, 0x78, 0x61, 0x56, 0xff,
  0x77, 0x61, 0x56, 0xff, 0x77, 0x61, 0x56, 0xff, 0x77, 0x61, 0x56, 0xff,
  0x77, 0x60, 0x56, 0xff, 0x77, 0x61, 0x56, 0xff, 0x78, 0x61, 0x56, 0xff,
  0x77, 0x60, 0x56, 0xff, 0x77, 0x60, 0x56, 0xff, 0x77, 0x60, 0x55, 0xff,
  0x77, 0x60, 0x56, 0xff, 0x77, 0x60, 0x56, 0xff, 0x78, 0x61, 0x56, 0xff,
  0x78, 0x61, 0x56, 0xff, 0x78, 0x61, 0x56, 0xff, 0x78, 0x61, 0x56, 0xff,
  0x79, 0x62, 0x57, 0xff, 0x79, 0x61, 0x56, 0xff, 0x78, 0x61, 0x56, 0xff,
  0x78, 0x61, 0x56, 0xff, 0x78, 0x61, 0x56, 0xff, 0x77, 0x60, 0x56, 0xff,
  0x77, 0x60, 0x56, 0xff, 0x78, 0x61, 0x56, 0xff, 0x78, 0x60, 0x56, 0xff,
  0x77, 0x60, 0x56, 0xff, 0x77, 0x60, 0x56, 0xff, 0x78, 0x61, 0x56, 0xff,
  0x77, 0x60, 0x56, 0xff, 0x78, 0x60, 0x56, 0xff, 0x91, 0x7b, 0x72, 0xff,
  0xd2, 0xca, 0xc8, 0xff, 0xff, 0xff, 0xff, 0xff, 0xfd, 0xfd, 0xfd, 0xff,
  0xfc, 0xfc, 0xfd, 0xff, 0xfd, 0xfd, 0xfd, 0xff, 0xfd, 0xfd, 0xfd, 0xff,
  0xfd, 0xfd, 0xfd, 0xff, 0xfd, 0xfd, 0xfd, 0xff, 0xfd, 0xfd, 0xfd, 0xff,
  0xfd, 0xfd, 0xfd, 0xff, 0xfe, 0xfe, 0xff, 0xff, 0xf0, 0xf0, 0xf0, 0xff,
  0xee, 0xed, 0xee, 0xff, 0xf7, 0xf7, 0xf8, 0xff, 0xfa, 0xfa, 0xfa, 0xff,
  0xfa, 0xfa, 0xfa, 0xff, 0xfa, 0xfa, 0xfa, 0xff, 0xfa, 0xfa, 0xfa, 0xff,
  0xfa, 0xfa, 0xfa, 0xff, 0xfa, 0xfa, 0xfa, 0xff, 0xfa, 0xfa, 0xfb, 0xff,
  0xfa, 0xfa, 0xfa, 0xff, 0xfa, 0xfa, 0xfa, 0xff, 0xfa, 0xfa, 0xfa, 0xff,
  0xfa, 0xfa, 0xfa, 0xff, 0xfa, 0xfa, 0xfa, 0xff, 0xfa, 0xfa, 0xfa, 0xff,
  0xfa, 0xfa, 0xfa, 0xff, 0xf9, 0xf9, 0xf9, 0xff, 0xf1, 0xf1, 0xf2, 0xff,
  0xf6, 0xf6, 0xf6, 0xff, 0xfe, 0xfe, 0xfe, 0xff, 0xfd, 0xfd, 0xfd, 0xff,
  0xfd, 0xfd, 0xfd, 0xff, 0xfd, 0xfd, 0xfd, 0xff, 0xfd, 0xfd, 0xfd, 0xff,
  0xfd, 0xfd, 0xfd, 0xff, 0xfd, 0xfd, 0xfd, 0xff, 0xfd, 0xfc, 0xfc, 0xff,
  0xff, 0xff, 0xff, 0xff, 0x97, 0x83, 0x7b, 0xff, 0x35, 0x0c, 0x00, 0xff,
  0x2d, 0x04, 0x00, 0xff, 0x2f, 0x06, 0x00, 0xff, 0x2e, 0x06, 0x00, 0xff,
  0x2f, 0x06, 0x00, 0xff, 0x2e, 0x06, 0x00, 0xff, 0x2d, 0x06, 0x00, 0xff,
  0x2e, 0x06, 0x00, 0xff, 0x30, 0x07, 0x00, 0xff, 0x2f, 0x07, 0x00, 0xff,
  0x30, 0x07, 0x00, 0xff, 0x2f, 0x07, 0x00, 0xff, 0x2d, 0x05, 0x00, 0xff,
  0x2d, 0x06, 0x00, 0xff, 0x2e, 0x06, 0x00, 0xff, 0x2e, 0x06, 0x00, 0xff,
  0x2f, 0x08, 0x00, 0xff, 0x2e, 0x07, 0x00, 0xff, 0x2d, 0x05, 0x00, 0xff,
  0x2e, 0x06, 0x00, 0xff, 0x2e, 0x06, 0x00, 0xff, 0x2e, 0x06, 0x00, 0xff,
  0x2e, 0x06, 0x00, 0xff, 0x2e, 0x06, 0x00, 0xff, 0x2d, 0x05, 0x00, 0xff,
  0x2f, 0x07, 0x00, 0xff, 0x30, 0x09, 0x00, 0xff, 0x30, 0x08, 0x00, 0xff,
  0x2e, 0x06, 0x00, 0xff, 0x2e, 0x06, 0x00, 0xff, 0x2f, 0x06, 0x00, 0xff,
  0x2e, 0x06, 0x00, 0xff, 0x2d, 0x05, 0x00, 0xff, 0x30, 0x08, 0x00, 0xff,
  0x2d, 0x06, 0x00, 0xff, 0x2e, 0x06, 0x00, 0xff, 0x2f, 0x06, 0x00, 0xff,
  0x2e, 0x06, 0x00, 0xff, 0x2d, 0x05, 0x00, 0xff, 0x2d, 0x06, 0x00, 0xff,
  0x2d, 0x06, 0x00, 0xff, 0x2e, 0x06, 0x00, 0xff, 0x2f, 0x06, 0x00, 0xff,
  0x2d, 0x06, 0x00, 0xff, 0x2d, 0x06, 0x00, 0xff, 0x2f, 0x06, 0x00, 0xff,
  0x2e, 0x06, 0x00, 0xff, 0x2e, 0x06, 0x00, 0xff, 0x2e, 0x06, 0x00, 0xff,
  0x2e, 0x06, 0x00, 0xff, 0x2f, 0x07, 0x00, 0xff, 0x30, 0x08, 0x00, 0xff,
  0x2e, 0x06, 0x00, 0xff, 0x2f, 0x06, 0x00, 0xff, 0x2e, 0x06, 0x00, 0xff,
  0x2e, 0x06, 0x00, 0xff, 0x2e, 0x06, 0x00, 0xff, 0x2e, 0x06, 0x00, 0xff,
  0x2f, 0x06, 0x00, 0xff, 0x2f, 0x06, 0x00, 0xff, 0x30, 0x06, 0x00, 0xff,
  0x2f, 0x06, 0x00, 0xff, 0x2e, 0x06, 0x00, 0xff, 0x2d, 0x06, 0x00, 0xff,
  0x30, 0x07, 0x00, 0xff, 0x30, 0x07, 0x00, 0xff, 0x2c, 0x04, 0x00, 0xff,
  0x31, 0x0a, 0x00, 0xff, 0x95, 0x81, 0x78, 0xff, 0xff, 0xff, 0xff, 0xff,
  0xfc, 0xfc, 0xfc, 0xff, 0xfd, 0xfd, 0xfd, 0xff, 0xfd, 0xfd, 0xfd, 0xff,
  0xfd, 0xfd, 0xfd, 0xff, 0xfd, 0xfd, 0xfd, 0xff, 0xfd, 0xfd, 0xfd, 0xff,
  0xfc, 0xfc, 0xfd, 0xff, 0xfe, 0xfe, 0xff, 0xff, 0xf0, 0xf0, 0xf0, 0xff,
  0xed, 0xed, 0xee, 0xff, 0xf8, 0xf7, 0xf8, 0xff, 0xfa, 0xfa, 0xfa, 0xff,
  0xfa, 0xfa, 0xfa, 0xff, 0xfa, 0xfa, 0xfa, 0xff, 0xfa, 0xfa, 0xfa, 0xff,
  0xfa, 0xfa, 0xfa, 0xff, 0xfa, 0xfa, 0xfa, 0xff, 0xfa, 0xfa, 0xfa, 0xff,
  0xfa, 0xfa, 0xfa, 0xff, 0xfa, 0xfa, 0xfa, 0xff, 0xfa, 0xfa, 0xfa, 0xff,
  0xfa, 0xfa, 0xfa, 0xff, 0xfa, 0xfa, 0xfa, 0xff, 0xfa, 0xfa, 0xfa, 0xff,
  0xfa, 0xfa, 0xfa, 0xff, 0xf9, 0xf9, 0xf9, 0xff, 0xf1, 0xf1, 0xf1, 0xff,
  0xf6, 0xf6, 0xf6, 0xff, 0xfe, 0xfe, 0xfe, 0xff, 0xfc, 0xfc, 0xfd, 0xff,
  0xfd, 0xfd, 0xfd, 0xff, 0xfd, 0xfd, 0xfd, 0xff, 0xfd, 0xfd, 0xfd, 0xff,
  0xfd, 0xfd, 0xfd, 0xff, 0xfa, 0xfa, 0xfa, 0xff, 0xff, 0xff, 0xff, 0xff,
  0xac, 0x9c, 0x95, 0xff, 0x2a, 0x00, 0x00, 0xff, 0x3d, 0x16, 0x02, 0xff,
  0x3f, 0x19, 0x05, 0xff, 0x3e, 0x18, 0x04, 0xff, 0x3e, 0x18, 0x04, 0xff,
  0x3d, 0x18, 0x04, 0xff, 0x3d, 0x17, 0x04, 0xff, 0x3d, 0x18, 0x04, 0xff,
  0x3e, 0x18, 0x04, 0xff, 0x35, 0x12, 0x04, 0xff, 0x30, 0x0e, 0x04, 0xff,
  0x2f, 0x0d, 0x04, 0xff, 0x34, 0x11, 0x04, 0xff, 0x3d, 0x18, 0x04, 0xff,
  0x3d, 0x17, 0x04, 0xff, 0x3c, 0x17, 0x04, 0xff, 0x3e, 0x19, 0x05, 0xff,
  0x37, 0x11, 0x00, 0xff, 0x39, 0x12, 0x00, 0xff, 0x3e, 0x19, 0x05, 0xff,
  0x3c, 0x17, 0x04, 0xff, 0x3d, 0x18, 0x04, 0xff, 0x3d, 0x18, 0x04, 0xff,
  0x3d, 0x18, 0x04, 0xff, 0x3c, 0x17, 0x04, 0xff, 0x3e, 0x18, 0x04, 0xff,
  0x37, 0x11, 0x04, 0xff, 0x2e, 0x05, 0x04, 0xff, 0x34, 0x0d, 0x04, 0xff,
  0x3f, 0x19, 0x04, 0xff, 0x3e, 0x18, 0x04, 0xff, 0x3d, 0x17, 0x04, 0xff,
  0x3c, 0x17, 0x04, 0xff, 0x3e, 0x18, 0x04, 0xff, 0x35, 0x0e, 0x00, 0xff,
  0x3d, 0x17, 0x03, 0xff, 0x3c, 0x18, 0x04, 0xff, 0x3c, 0x17, 0x04, 0xff,
  0x3d, 0x17, 0x04, 0xff, 0x3c, 0x17, 0x04, 0xff, 0x3c, 0x17, 0x04, 0xff,
  0x3d, 0x17, 0x05, 0xff, 0x3c, 0x17, 0x04, 0xff, 0x32, 0x12, 0x00, 0xff,
  0x3a, 0x16, 0x03, 0xff, 0x3d, 0x18, 0x05, 0xff, 0x33, 0x12, 0x00, 0xff,
  0x39, 0x16, 0x02, 0xff, 0x3d, 0x18, 0x04, 0xff, 0x3d, 0x17, 0x04, 0xff,
  0x3e, 0x18, 0x05, 0xff, 0x3b, 0x15, 0x02, 0xff, 0x35, 0x0f, 0x00, 0xff,
  0x3f, 0x19, 0x05, 0xff, 0x3d, 0x17, 0x04, 0xff, 0x3e, 0x18, 0x04, 0xff,
  0x3d, 0x18, 0x04, 0xff, 0x3d, 0x17, 0x04, 0xff, 0x3d, 0x18, 0x04, 0xff,
  0x3d, 0x17, 0x04, 0xff, 0x30, 0x12, 0x00, 0xff, 0x30, 0x12, 0x00, 0xff,
  0x3e, 0x18, 0x04, 0xff, 0x3d, 0x18, 0x04, 0xff, 0x3e, 0x17, 0x05, 0xff,
  0x33, 0x13, 0x00, 0xff, 0x38, 0x15, 0x00, 0xff, 0x3f, 0x19, 0x06, 0xff,
  0x3d, 0x17, 0x03, 0xff, 0x27, 0x00, 0x00, 0xff, 0xa9, 0x99, 0x92, 0xff,
  0xff, 0xff, 0xff, 0xff, 0xfa, 0xfa, 0xfa, 0xff, 0xfd, 0xfd, 0xfd, 0xff,
  0xfd, 0xfd, 0xfd, 0xff, 0xfd, 0xfd, 0xfd, 0xff, 0xfd, 0xfd, 0xfd, 0xff,
  0xfc, 0xfd, 0xfd, 0xff, 0xff, 0xff, 0xff, 0xff, 0xf0, 0xf0, 0xf0, 0xff,
  0xee, 0xee, 0xee, 0xff, 0xf7, 0xf7, 0xf8, 0xff, 0xfa, 0xfa, 0xfa, 0xff,
  0xfa, 0xfa, 0xfa, 0xff, 0xfa, 0xfa, 0xfa, 0xff, 0xfa, 0xfa, 0xfa, 0xff,
  0xfa, 0xfa, 0xfa, 0xff, 0xfb, 0xfb, 0xfb, 0xff, 0xfa, 0xfa, 0xfa, 0xff,
  0xfa, 0xfa, 0xfa, 0xff, 0xfa, 0xfa, 0xfa, 0xff, 0xfa, 0xfa, 0xfa, 0xff,
  0xfa, 0xfa, 0xfa, 0xff, 0xfa, 0xfa, 0xfa, 0xff, 0xfa, 0xfa, 0xfa, 0xff,
  0xfa, 0xfa, 0xfa, 0xff, 0xf9, 0xf9, 0xf9, 0xff, 0xf1, 0xf1, 0xf1, 0xff,
  0xf6, 0xf6, 0xf6, 0xff, 0xfe, 0xfe, 0xff, 0xff, 0xfd, 0xfd, 0xfd, 0xff,
  0xfd, 0xfd, 0xfd, 0xff, 0xfd, 0xfd, 0xfd, 0xff, 0xfd, 0xfd, 0xfd, 0xff,
  0xfc, 0xfc, 0xfc, 0xff, 0xff, 0xff, 0xff, 0xff, 0xf8, 0xf6, 0xf6, 0xff,
  0x4c, 0x2b, 0x1b, 0xff, 0x37, 0x0f, 0x00, 0xff, 0x3d, 0x17, 0x03, 0xff,
  0x3b, 0x14, 0x00, 0xff, 0x3b, 0x14, 0x01, 0xff, 0x3d, 0x16, 0x01, 0xff,
  0x3b, 0x15, 0x00, 0xff, 0x3a, 0x14, 0x01, 0xff, 0x3e, 0x17, 0x01, 0xff,
  0x37, 0x12, 0x01, 0xff, 0x54, 0x28, 0x01, 0xff, 0x75, 0x3e, 0x00, 0xff,
  0x79, 0x42, 0x01, 0xff, 0x5e, 0x2e, 0x00, 0xff, 0x37, 0x12, 0x01, 0xff,
  0x3b, 0x14, 0x00, 0xff, 0x3b, 0x15, 0x02, 0xff, 0x34, 0x0e, 0x00, 0xff,
  0x52, 0x33, 0x24, 0xff, 0x4e, 0x2f, 0x1f, 0xff, 0x36, 0x0f, 0x00, 0xff,
  0x3c, 0x16, 0x02, 0xff, 0x3d, 0x17, 0x01, 0xff, 0x3a, 0x14, 0x00, 0xff,
  0x3b, 0x15, 0x01, 0xff, 0x3e, 0x19, 0x01, 0xff, 0x33, 0x0c, 0x01, 0xff,
  0x4f, 0x2d, 0x01, 0xff, 0x85, 0x6e, 0x01, 0xff, 0x62, 0x42, 0x00, 0xff,
  0x34, 0x0c, 0x00, 0xff, 0x3c, 0x15, 0x01, 0xff, 0x3b, 0x14, 0x01, 0xff,
  0x3a, 0x14, 0x01, 0xff, 0x37, 0x12, 0x00, 0xff, 0x5c, 0x40, 0x33, 0xff,
  0x3e, 0x1a, 0x08, 0xff, 0x3a, 0x13, 0x00, 0xff, 0x3c, 0x16, 0x02, 0xff,
  0x3a, 0x14, 0x01, 0xff, 0x39, 0x14, 0x00, 0xff, 0x3e, 0x16, 0x03, 0xff,
  0x35, 0x11, 0x00, 0xff, 0x33, 0x11, 0x00, 0xff, 0x67, 0x2b, 0x1f, 0xff,
  0x42, 0x18, 0x05, 0xff, 0x30, 0x0f, 0x00, 0xff, 0x65, 0x29, 0x1e, 0xff,
  0x48, 0x1b, 0x0a, 0xff, 0x37, 0x13, 0x00, 0xff, 0x3b, 0x15, 0x01, 0xff,
  0x38, 0x11, 0x00, 0xff, 0x43, 0x20, 0x0d, 0xff, 0x5b, 0x3f, 0x31, 0xff,
  0x38, 0x11, 0x00, 0xff, 0x3d, 0x16, 0x02, 0xff, 0x3c, 0x15, 0x02, 0xff,
  0x3a, 0x14, 0x00, 0xff, 0x3d, 0x15, 0x02, 0xff, 0x3b, 0x14, 0x01, 0xff,
  0x30, 0x10, 0x00, 0xff, 0x7a, 0x2d, 0x37, 0xff, 0x81, 0x30, 0x3c, 0xff,
  0x39, 0x14, 0x01, 0xff, 0x39, 0x14, 0x00, 0xff, 0x36, 0x13, 0x00, 0xff,
  0x60, 0x24, 0x25, 0xff, 0x51, 0x1c, 0x18, 0xff, 0x37, 0x13, 0x00, 0xff,
  0x3d, 0x17, 0x04, 0xff, 0x37, 0x10, 0x00, 0xff, 0x49, 0x29, 0x19, 0xff,
  0xf6, 0xf5, 0xf5, 0xff, 0xff, 0xff, 0xff, 0xff, 0xfc, 0xfc, 0xfc, 0xff,
  0xfd, 0xfd, 0xfd, 0xff, 0xfd, 0xfd, 0xfd, 0xff, 0xfd, 0xfd, 0xfd, 0xff,
  0xfd, 0xfd, 0xfd, 0xff, 0xff, 0xff, 0xff, 0xff, 0xf0, 0xf0, 0xf0, 0xff,
  0xee, 0xee, 0xee, 0xff, 0xf8, 0xf7, 0xf8, 0xff, 0xfa, 0xfa, 0xfa, 0xff,
  0xfa, 0xfa, 0xfa, 0xff, 0xfa, 0xfa, 0xfa, 0xff, 0xfa, 0xfa, 0xfa, 0xff,
  0xfa, 0xfa, 0xfa, 0xff, 0xfa, 0xfa, 0xfa, 0xff, 0xfa, 0xfa, 0xfa, 0xff,
  0xfa, 0xfa, 0xfa, 0xff, 0xfa, 0xfa, 0xfa, 0xff, 0xfa, 0xfa, 0xfa, 0xff,
  0xfa, 0xfa, 0xfa, 0xff, 0xfa, 0xfa, 0xfa, 0xff, 0xfa, 0xfa, 0xfa, 0xff,
  0xfa, 0xfa, 0xfa, 0xff, 0xf9, 0xf9, 0xf9, 0xff, 0xf1, 0xf2, 0xf2, 0xff,
  0xf6, 0xf6, 0xf6, 0xff, 0xfe, 0xfe, 0xfe, 0xff, 0xfd, 0xfd, 0xfd, 0xff,
  0xfd, 0xfd, 0xfd, 0xff, 0xfd, 0xfd, 0xfd, 0xff, 0xfd, 0xfd, 0xfd, 0xff,
  0xfb, 0xfb, 0xfb, 0xff, 0xff, 0xff, 0xff, 0xff, 0xd4, 0xcd, 0xca, 0xff,
  0x38, 0x11, 0x00, 0xff, 0x3c, 0x15, 0x02, 0xff, 0x3b, 0x14, 0x01, 0xff,
  0x3b, 0x14, 0x01, 0xff, 0x3b, 0x15, 0x01, 0xff, 0x30, 0x0c, 0x00, 0xff,
  0x36, 0x11, 0x01, 0xff, 0x3d, 0x16, 0x01, 0xff, 0x31, 0x0e, 0x01, 0xff,
  0x2a, 0x0a, 0x00, 0xff, 0xca, 0x79, 0x03, 0xff, 0xe0, 0x8a, 0x02, 0xff,
  0xc9, 0x7b, 0x02, 0xff, 0x9c, 0x5b, 0x01, 0xff, 0x33, 0x0f, 0x01, 0xff,
  0x3c, 0x16, 0x01, 0xff, 0x3d, 0x17, 0x03, 0xff, 0x2d, 0x06, 0x00, 0xff,
  0xba, 0xb0, 0xac, 0xff, 0x6e, 0x51, 0x43, 0xff, 0x30, 0x08, 0x00, 0xff,
  0x39, 0x14, 0x03, 0xff, 0x2d, 0x06, 0x00, 0xff, 0x3a, 0x14, 0x01, 0xff,
  0x38, 0x13, 0x01, 0xff, 0x2b, 0x02, 0x01, 0xff, 0x4f, 0x2f, 0x01, 0xff,
  0xd3, 0xc9, 0x01, 0xff, 0xb4, 0xa0, 0x01, 0xff, 0xda, 0xd2, 0x01, 0xff,
  0x73, 0x57, 0x01, 0xff, 0x33, 0x0a, 0x00, 0xff, 0x3d, 0x18, 0x02, 0xff,
  0x34, 0x0c, 0x00, 0xff, 0x55, 0x36, 0x27, 0xff, 0xc7, 0xbe, 0xbb, 0xff,
  0x36, 0x11, 0x00, 0xff, 0x3b, 0x14, 0x01, 0xff, 0x2c, 0x0e, 0x00, 0xff,
  0x35, 0x12, 0x00, 0xff, 0x3d, 0x15, 0x02, 0xff, 0x27, 0x0b, 0x00, 0xff,
  0x4a, 0x1e, 0x0c, 0xff, 0xd4, 0x5e, 0x62, 0xff, 0xfe, 0x73, 0x7c, 0xff,
  0x65, 0x2d, 0x1f, 0xff, 0xbb, 0x54, 0x53, 0xff, 0xff, 0x75, 0x80, 0xff,
  0x6e, 0x2e, 0x24, 0xff, 0x30, 0x0f, 0x00, 0xff, 0x40, 0x19, 0x06, 0xff,
  0x2b, 0x03, 0x00, 0xff, 0x82, 0x6e, 0x64, 0xff, 0xac, 0x9c, 0x95, 0xff,
  0x2b, 0x01, 0x00, 0xff, 0x39, 0x16, 0x00, 0xff, 0x31, 0x10, 0x00, 0xff,
  0x3c, 0x15, 0x02, 0xff, 0x34, 0x12, 0x00, 0xff, 0x28, 0x0d, 0x00, 0xff,
  0xb7, 0x44, 0x6a, 0xff, 0xde, 0x50, 0x88, 0xff, 0xdb, 0x4e, 0x86, 0xff,
  0xb8, 0x40, 0x68, 0xff, 0x2b, 0x10, 0x00, 0xff, 0x5c, 0x1f, 0x1f, 0xff,
  0xeb, 0x57, 0x97, 0xff, 0x57, 0x20, 0x19, 0xff, 0x35, 0x12, 0x00, 0xff,
  0x3c, 0x15, 0x02, 0xff, 0x3b, 0x16, 0x02, 0xff, 0x36, 0x10, 0x00, 0xff,
  0xd4, 0xcc, 0xc9, 0xff, 0xff, 0xff, 0xff, 0xff, 0xfb, 0xfb, 0xfb, 0xff,
  0xfd, 0xfd, 0xfd, 0xff, 0xfd, 0xfd, 0xfd, 0xff, 0xfd, 0xfd, 0xfd, 0xff,
  0xfd, 0xfd, 0xfd, 0xff, 0xff, 0xff, 0xff, 0xff, 0xf0, 0xf0, 0xf0, 0xff,
  0xed, 0xed, 0xee, 0xff, 0xf8, 0xf8, 0xf8, 0xff, 0xfa, 0xfa, 0xfa, 0xff,
  0xfa, 0xfa, 0xfa, 0xff, 0xfa, 0xfa, 0xfa, 0xff, 0xfa, 0xfa, 0xfa, 0xff,
  0xfa, 0xfa, 0xfa, 0xff, 0xfa, 0xfb, 0xfb, 0xff, 0xfa, 0xfa, 0xfa, 0xff,
  0xfa, 0xfa, 0xfa, 0xff, 0xfa, 0xfa, 0xfa, 0xff, 0xfa, 0xfa, 0xfa, 0xff,
  0xfa, 0xfa, 0xfa, 0xff, 0xfa, 0xfa, 0xfa, 0xff, 0xfa, 0xfa, 0xfa, 0xff,
  0xfa, 0xfa, 0xfa, 0xff, 0xf9, 0xf9, 0xf9, 0xff, 0xf1, 0xf2, 0xf2, 0xff,
  0xf7, 0xf6, 0xf7, 0xff, 0xfe, 0xfe, 0xff, 0xff, 0xfd, 0xfd, 0xfd, 0xff,
  0xfd, 0xfd, 0xfd, 0xff, 0xfd, 0xfd, 0xfd, 0xff, 0xfd, 0xfd, 0xfd, 0xff,
  0xfb, 0xfb, 0xfb, 0xff, 0xff, 0xff, 0xff, 0xff, 0xcc, 0xc3, 0xbf, 0xff,
  0x34, 0x0c, 0x00, 0xff, 0x3c, 0x16, 0x02, 0xff, 0x3b, 0x15, 0x01, 0xff,
  0x3b, 0x14, 0x01, 0xff, 0x39, 0x14, 0x00, 0xff, 0xa2, 0x5f, 0x03, 0xff,
  0x62, 0x30, 0x01, 0xff, 0x2f, 0x0d, 0x00, 0xff, 0xa4, 0x60, 0x02, 0xff,
  0x5b, 0x2d, 0x01, 0xff, 0xc9, 0x79, 0x02, 0xff, 0x79, 0x41, 0x02, 0xff,
  0x3e, 0x19, 0x01, 0xff, 0x32, 0x0e, 0x01, 0xff, 0x3b, 0x15, 0x00, 0xff,
  0x3b, 0x16, 0x02, 0xff, 0x34, 0x0e, 0x00, 0xff, 0x51, 0x30, 0x1e, 0xff,
  0xc6, 0xbc, 0xb8, 0xff, 0x39, 0x13, 0x00, 0xff, 0x36, 0x0f, 0x01, 0xff,
  0x4b, 0x2c, 0x01, 0xff, 0x9f, 0x8b, 0x01, 0xff, 0x3d, 0x16, 0x00, 0xff,
  0x49, 0x29, 0x01, 0xff, 0x96, 0x7f, 0x01, 0xff, 0x7c, 0x60, 0x00, 0xff,
  0xcd, 0xc2, 0x01, 0xff, 0x15, 0x00, 0x00, 0xff, 0xab, 0x99, 0x01, 0xff,
  0xa4, 0x8e, 0x01, 0xff, 0x2b, 0x02, 0x01, 0xff, 0x40, 0x1b, 0x04, 0xff,
  0x2a, 0x01, 0x00, 0xff, 0x91, 0x7d, 0x73, 0xff, 0x99, 0x86, 0x7e, 0xff,
  0x2a, 0x00, 0x00, 0xff, 0x3b, 0x17, 0x06, 0xff, 0x9e, 0x49, 0x43, 0xff,
  0x57, 0x24, 0x13, 0xff, 0x35, 0x12, 0x00, 0xff, 0x99, 0x44, 0x40, 0xff,
  0x6e, 0x2f, 0x25, 0xff, 0x7f, 0x39, 0x2e, 0xff, 0xda, 0x60, 0x64, 0xff,
  0x74, 0x32, 0x27, 0xff, 0x74, 0x33, 0x27, 0xff, 0xd5, 0x5e, 0x61, 0xff,
  0x78, 0x33, 0x28, 0xff, 0x2f, 0x0e, 0x00, 0xff, 0x3f, 0x18, 0x05, 0xff,
  0x2f, 0x06, 0x00, 0xff, 0xba, 0xad, 0xa7, 0xff, 0x6a, 0x4e, 0x41, 0xff,
  0x27, 0x03, 0x00, 0xff, 0x72, 0x2d, 0x2f, 0xff, 0x9b, 0x3e, 0x4c, 0xff,
  0x2c, 0x0e, 0x00, 0xff, 0x6d, 0x2a, 0x30, 0xff, 0x95, 0x3c, 0x4d, 0xff,
  0x94, 0x38, 0x49, 0xff, 0x45, 0x1a, 0x08, 0xff, 0x56, 0x1e, 0x18, 0xff,
  0xf0, 0x54, 0x97, 0xff, 0x36, 0x15, 0x00, 0xff, 0xd2, 0x4c, 0x7f, 0xff,
  0xa3, 0x37, 0x5b, 0xff, 0x2c, 0x10, 0x00, 0xff, 0x39, 0x14, 0x00, 0xff,
  0x3b, 0x15, 0x02, 0xff, 0x3b, 0x16, 0x02, 0xff, 0x32, 0x0b, 0x00, 0xff,
  0xc9, 0xc0, 0xbc, 0xff, 0xff, 0xff, 0xff, 0xff, 0xfb, 0xfa, 0xfa, 0xff,
  0xfd, 0xfd, 0xfd, 0xff, 0xfd, 0xfd, 0xfd, 0xff, 0xfd, 0xfd, 0xfd, 0xff,
  0xfd, 0xfd, 0xfd, 0xff, 0xff, 0xff, 0xff, 0xff, 0xf0, 0xf0, 0xf0, 0xff,
  0xed, 0xed, 0xee, 0xff, 0xf8, 0xf8, 0xf8, 0xff, 0xfa, 0xfa, 0xfa, 0xff,
  0xfa, 0xfa, 0xfa, 0xff, 0xfa, 0xfa, 0xfa, 0xff, 0xfa, 0xfa, 0xfa, 0xff,
  0xfa, 0xfa, 0xfa, 0xff, 0xfa, 0xfa, 0xfa, 0xff, 0xfa, 0xfa, 0xfa, 0xff,
  0xfa, 0xfa, 0xfa, 0xff, 0xfa, 0xfa, 0xfa, 0xff, 0xfa, 0xfa, 0xfa, 0xff,
  0xfa, 0xfa, 0xfa, 0xff, 0xfa, 0xfa, 0xfa, 0xff, 0xfa, 0xfa, 0xfa, 0xff,
  0xfa, 0xfa, 0xfa, 0xff, 0xf9, 0xf9, 0xf9, 0xff, 0xf2, 0xf1, 0xf2, 0xff,
  0xf7, 0xf7, 0xf7, 0xff, 0xfe, 0xfe, 0xfe, 0xff, 0xfc, 0xfd, 0xfd, 0xff,
  0xfd, 0xfd, 0xfd, 0xff, 0xfd, 0xfd, 0xfd, 0xff, 0xfd, 0xfd, 0xfd, 0xff,
  0xfb, 0xfa, 0xfa, 0xff, 0xff, 0xff, 0xff, 0xff, 0xcd, 0xc4, 0xc1, 0xff,
  0x34, 0x0c, 0x00, 0xff, 0x3c, 0x16, 0x02, 0xff, 0x3b, 0x15, 0x01, 0xff,
  0x3e, 0x17, 0x01, 0xff, 0x2a, 0x09, 0x00, 0xff, 0xbe, 0x73, 0x02, 0xff,
  0xab, 0x63, 0x01, 0xff, 0x4a, 0x1f, 0x01, 0xff, 0xf5, 0x97, 0x03, 0xff,
  0x57, 0x26, 0x01, 0xff, 0xdd, 0x89, 0x01, 0xff, 0xd5, 0x82, 0x00, 0xff,
  0xee, 0x92, 0x03, 0xff, 0xa0, 0x5b, 0x03, 0xff, 0x31, 0x0e, 0x00, 0xff,
  0x3f, 0x19, 0x04, 0xff, 0x2b, 0x02, 0x00, 0xff, 0x84, 0x70, 0x66, 0xff,
  0xa3, 0x92, 0x8b, 0xff, 0x2a, 0x01, 0x00, 0xff, 0x3c, 0x17, 0x05, 0xff,
  0x3e, 0x17, 0x00, 0xff, 0xe0, 0xd7, 0x01, 0xff, 0x5d, 0x3b, 0x01, 0xff,
  0x81, 0x67, 0x00, 0xff, 0xc4, 0xb6, 0x01, 0xff, 0x33, 0x0b, 0x00, 0xff,
  0xcc, 0xc1, 0x01, 0xff, 0xd0, 0xc8, 0x01, 0xff, 0xdf, 0xd5, 0x01, 0xff,
  0x54, 0x31, 0x01, 0xff, 0x36, 0x0e, 0x01, 0xff, 0x3e, 0x18, 0x03, 0xff,
  0x2d, 0x08, 0x00, 0xff, 0xbb, 0xb2, 0xae, 0xff, 0x62, 0x44, 0x35, 0xff,
  0x34, 0x0b, 0x00, 0xff, 0x2b, 0x0e, 0x00, 0xff, 0xca, 0x5d, 0x5b, 0xff,
  0x96, 0x42, 0x3a, 0xff, 0x4d, 0x1f, 0x11, 0xff, 0xf3, 0x73, 0x79, 0xff,
  0x3e, 0x16, 0x02, 0xff, 0x31, 0x11, 0x00, 0xff, 0xe2, 0x68, 0x6b, 0xff,
  0x5e, 0x25, 0x17, 0xff, 0x22, 0x09, 0x00, 0xff, 0xd7, 0x62, 0x64, 0xff,
  0x76, 0x31, 0x27, 0xff, 0x2e, 0x0f, 0x00, 0xff, 0x3a, 0x11, 0x00, 0xff,
  0x4a, 0x29, 0x18, 0xff, 0xc3, 0xba, 0xb7, 0xff, 0x3e, 0x18, 0x05, 0xff,
  0x32, 0x11, 0x00, 0xff, 0x5c, 0x20, 0x1f, 0xff, 0xf2, 0x59, 0x90, 0xff,
  0x35, 0x14, 0x00, 0xff, 0xc8, 0x48, 0x73, 0xff, 0x9d, 0x39, 0x51, 0xff,
  0x23, 0x0c, 0x00, 0xff, 0x2c, 0x0f, 0x00, 0xff, 0xc4, 0x46, 0x73, 0xff,
  0xad, 0x3d, 0x60, 0xff, 0x6a, 0x24, 0x2b, 0xff, 0xff, 0x5a, 0xa5, 0xff,
  0xd1, 0x4b, 0x80, 0xff, 0xd6, 0x4a, 0x83, 0xff, 0x4c, 0x1d, 0x10, 0xff,
  0x37, 0x13, 0x00, 0xff, 0x3d, 0x16, 0x03, 0xff, 0x30, 0x0b, 0x00, 0xff,
  0xc9, 0xc1, 0xbd, 0xff, 0xff, 0xff, 0xff, 0xff, 0xfa, 0xfa, 0xfa, 0xff,
  0xfd, 0xfd, 0xfd, 0xff, 0xfd, 0xfd, 0xfd, 0xff, 0xfd, 0xfd, 0xfd, 0xff,
  0xfc, 0xfc, 0xfd, 0xff, 0xfe, 0xfe, 0xff, 0xff, 0xf0, 0xf0, 0xf0, 0xff,
  0xee, 0xee, 0xee, 0xff, 0xf8, 0xf8, 0xf8, 0xff, 0xfa, 0xfa, 0xfa, 0xff,
  0xfa, 0xfa, 0xfa, 0xff, 0xfa, 0xfa, 0xfa, 0xff, 0xfa, 0xfa, 0xfa, 0xff,
  0xfa, 0xfa, 0xfa, 0xff, 0xfa, 0xfa, 0xfa, 0xff, 0xfa, 0xfa, 0xfa, 0xff,
  0xfa, 0xfa, 0xfa, 0xff, 0xfa, 0xfa, 0xfa, 0xff, 0xfa, 0xfa, 0xfa, 0xff,
  0xfa, 0xfa, 0xfa, 0xff, 0xfa, 0xfa, 0xfa, 0xff, 0xfa, 0xfa, 0xfa, 0xff,
  0xfa, 0xfa, 0xfa, 0xff, 0xf9, 0xf9, 0xf9, 0xff, 0xf1, 0xf1, 0xf1, 0xff,
  0xf6, 0xf6, 0xf6, 0xff, 0xfe, 0xfe, 0xfe, 0xff, 0xfd, 0xfd, 0xfd, 0xff,
  0xfd, 0xfd, 0xfd, 0xff, 0xfd, 0xfd, 0xfd, 0xff, 0xfd, 0xfd, 0xfd, 0xff,
  0xfb, 0xfa, 0xfa, 0xff, 0xff, 0xff, 0xff, 0xff, 0xcc, 0xc4, 0xc1, 0xff,
  0x32, 0x0c, 0x00, 0xff, 0x3c, 0x16, 0x02, 0xff, 0x3b, 0x15, 0x01, 0xff,
  0x3c, 0x16, 0x01, 0xff, 0x2e, 0x0c, 0x00, 0xff, 0x70, 0x3c, 0x01, 0xff,
  0xce, 0x7f, 0x03, 0xff, 0x97, 0x55, 0x01, 0xff, 0xbf, 0x70, 0x03, 0xff,
  0x28, 0x08, 0x01, 0xff, 0x55, 0x27, 0x01, 0xff, 0x3a, 0x13, 0x01, 0xff,
  0x63, 0x32, 0x01, 0xff, 0xf2, 0x96, 0x02, 0xff, 0x44, 0x1b, 0x01, 0xff,
  0x3a, 0x15, 0x03, 0xff, 0x2e, 0x07, 0x00, 0xff, 0xb8, 0xad, 0xa8, 0xff,
  0x68, 0x4c, 0x3e, 0xff, 0x31, 0x08, 0x00, 0xff, 0x40, 0x1a, 0x03, 0xff,
  0x28, 0x01, 0x00, 0xff, 0x9b, 0x8a, 0x01, 0xff, 0x9a, 0x87, 0x01, 0xff,
  0xb4, 0xa2, 0x01, 0xff, 0x70, 0x53, 0x00, 0xff, 0x6e, 0x53, 0x01, 0xff,
  0xc8, 0xb8, 0x01, 0xff, 0x4c, 0x27, 0x00, 0xff, 0xab, 0x99, 0x01, 0xff,
  0xa6, 0x92, 0x01, 0xff, 0x30, 0x07, 0x02, 0xff, 0x35, 0x0f, 0x00, 0xff,
  0x54, 0x34, 0x24, 0xff, 0xc4, 0xba, 0xb6, 0xff, 0x37, 0x10, 0x00, 0xff,
  0x3d, 0x16, 0x03, 0xff, 0x2d, 0x0e, 0x00, 0xff, 0x77, 0x32, 0x27, 0xff,
  0xc4, 0x58, 0x55, 0xff, 0x9e, 0x46, 0x40, 0xff, 0xaf, 0x4d, 0x4a, 0xff,
  0x29, 0x0c, 0x00, 0xff, 0x44, 0x1a, 0x08, 0xff, 0xe0, 0x68, 0x6a, 0xff,
  0x62, 0x29, 0x1a, 0xff, 0x2c, 0x0e, 0x00, 0xff, 0xd7, 0x63, 0x65, 0xff,
  0x77, 0x33, 0x27, 0xff, 0x31, 0x11, 0x00, 0xff, 0x2c, 0x04, 0x00, 0xff,
  0x80, 0x6b, 0x60, 0xff, 0xa8, 0x98, 0x91, 0xff, 0x2a, 0x01, 0x00, 0xff,
  0x3f, 0x18, 0x06, 0xff, 0x2f, 0x10, 0x00, 0xff, 0xcc, 0x4d, 0x77, 0xff,
  0x8a, 0x34, 0x41, 0xff, 0xd4, 0x4e, 0x7f, 0xff, 0x50, 0x1c, 0x15, 0xff,
  0x24, 0x0c, 0x00, 0xff, 0x9f, 0x3e, 0x56, 0xff, 0xd9, 0x4c, 0x84, 0xff,
  0x28, 0x0d, 0x00, 0xff, 0xbf, 0x45, 0x70, 0xff, 0xa8, 0x3c, 0x59, 0xff,
  0x20, 0x0b, 0x00, 0xff, 0xce, 0x49, 0x7d, 0xff, 0x99, 0x37, 0x53, 0xff,
  0x2a, 0x0e, 0x00, 0xff, 0x3f, 0x17, 0x05, 0xff, 0x32, 0x0b, 0x00, 0xff,
  0xc9, 0xc1, 0xbc, 0xff, 0xff, 0xff, 0xff, 0xff, 0xfb, 0xfa, 0xfa, 0xff,
  0xfd, 0xfd, 0xfd, 0xff, 0xfd, 0xfd, 0xfd, 0xff, 0xfd, 0xfd, 0xfd, 0xff,
  0xfd, 0xfd, 0xfd, 0xff, 0xfe, 0xfe, 0xff, 0xff, 0xf0, 0xf0, 0xf0, 0xff,
  0xee, 0xee, 0xee, 0xff, 0xf8, 0xf8, 0xf8, 0xff, 0xfa, 0xfa, 0xfa, 0xff,
  0xfa, 0xfa, 0xfa, 0xff, 0xfa, 0xfa, 0xfa, 0xff, 0xfa, 0xfa, 0xfa, 0xff,
  0xfa, 0xfa, 0xfa, 0xff, 0xfa, 0xfa, 0xfa, 0xff, 0xfa, 0xfa, 0xfa, 0xff,
  0xfa, 0xfa, 0xfa, 0xff, 0xfa, 0xfa, 0xfa, 0xff, 0xfa, 0xfa, 0xfa, 0xff,
  0xfa, 0xfa, 0xfa, 0xff, 0xfa, 0xfa, 0xfa, 0xff, 0xfa, 0xfa, 0xfa, 0xff,
  0xfa, 0xfa, 0xfa, 0xff, 0xf9, 0xf9, 0xf9, 0xff, 0xf1, 0xf1, 0xf1, 0xff,
  0xf6, 0xf6, 0xf6, 0xff, 0xfe, 0xfe, 0xfe, 0xff, 0xfc, 0xfd, 0xfd, 0xff,
  0xfd, 0xfd, 0xfd, 0xff, 0xfc, 0xfd, 0xfd, 0xff, 0xfd, 0xfd, 0xfd, 0xff,
  0xfb, 0xfa, 0xfa, 0xff, 0xff, 0xff, 0xff, 0xff, 0xcc, 0xc4, 0xc1, 0xff,
  0x33, 0x0c, 0x00, 0xff, 0x3c, 0x16, 0x02, 0xff, 0x3a, 0x14, 0x01, 0xff,
  0x3a, 0x15, 0x01, 0xff, 0x3b, 0x14, 0x01, 0xff, 0x3c, 0x16, 0x00, 0xff,
  0xd1, 0x82, 0x01, 0xff, 0xf7, 0x98, 0x01, 0xff, 0x71, 0x39, 0x01, 0xff,
  0x3a, 0x14, 0x01, 0xff, 0xb0, 0x68, 0x02, 0xff, 0x53, 0x28, 0x01, 0xff,
  0x86, 0x4a, 0x01, 0xff, 0xea, 0x8f, 0x03, 0xff, 0x3e, 0x17, 0x02, 0xff,
  0x34, 0x0e, 0x00, 0xff, 0x48, 0x29, 0x18, 0xff, 0xc6, 0xbd, 0xb9, 0xff,
  0x3d, 0x16, 0x02, 0xff, 0x3a, 0x14, 0x00, 0xff, 0x3d, 0x17, 0x01, 0xff,
  0x32, 0x0b, 0x01, 0xff, 0x5f, 0x3e, 0x00, 0xff, 0xe7, 0xe0, 0x01, 0xff,
  0xd7, 0xc9, 0x01, 0xff, 0x3a, 0x10, 0x01, 0xff, 0x96, 0x81, 0x01, 0xff,
  0xcf, 0xc5, 0x01, 0xff, 0x2b, 0x02, 0x01, 0xff, 0xa9, 0x94, 0x02, 0xff,
  0xc2, 0xb3, 0x01, 0xff, 0x2f, 0x08, 0x04, 0xff, 0x2b, 0x03, 0x00, 0xff,
  0x8c, 0x77, 0x6d, 0xff, 0x9e, 0x8d, 0x85, 0xff, 0x2a, 0x01, 0x00, 0xff,
  0x3e, 0x18, 0x05, 0xff, 0x38, 0x14, 0x00, 0xff, 0x40, 0x18, 0x05, 0xff,
  0xd9, 0x63, 0x62, 0xff, 0xf5, 0x70, 0x73, 0xff, 0x66, 0x2a, 0x1c, 0xff,
  0x31, 0x0f, 0x00, 0xff, 0x3e, 0x17, 0x06, 0xff, 0xe5, 0x69, 0x6c, 0xff,
  0x63, 0x29, 0x1a, 0xff, 0x2a, 0x0d, 0x00, 0xff, 0xdc, 0x63, 0x66, 0xff,
  0x7a, 0x33, 0x28, 0xff, 0x33, 0x12, 0x00, 0xff, 0x29, 0x02, 0x00, 0xff,
  0xb1, 0xa6, 0xa1, 0xff, 0x74, 0x57, 0x48, 0xff, 0x2f, 0x06, 0x00, 0xff,
  0x3f, 0x18, 0x05, 0xff, 0x2c, 0x0f, 0x00, 0xff, 0x85, 0x2e, 0x3e, 0xff,
  0xfc, 0x59, 0x99, 0xff, 0xbc, 0x45, 0x69, 0xff, 0x2b, 0x0f, 0x00, 0xff,
  0x8f, 0x33, 0x48, 0xff, 0xf7, 0x5a, 0x9e, 0xff, 0x6e, 0x2b, 0x2c, 0xff,
  0x43, 0x18, 0x06, 0xff, 0xb9, 0x43, 0x6c, 0xff, 0xbc, 0x42, 0x6e, 0xff,
  0x3a, 0x16, 0x00, 0xff, 0xde, 0x50, 0x8c, 0xff, 0x8a, 0x30, 0x46, 0xff,
  0x2c, 0x0f, 0x00, 0xff, 0x3f, 0x17, 0x05, 0xff, 0x32, 0x0c, 0x00, 0xff,
  0xcb, 0xc2, 0xbd, 0xff, 0xff, 0xff, 0xff, 0xff, 0xfa, 0xfa, 0xfa, 0xff,
  0xfd, 0xfd, 0xfd, 0xff, 0xfd, 0xfd, 0xfd, 0xff, 0xfd, 0xfd, 0xfd, 0xff,
  0xfd, 0xfd, 0xfd, 0xff, 0xff, 0xff, 0xff, 0xff, 0xf0, 0xf0, 0xf0, 0xff,
  0xee, 0xee, 0xee, 0xff, 0xf7, 0xf7, 0xf8, 0xff, 0xfa, 0xfa, 0xfa, 0xff,
  0xfa, 0xfa, 0xfa, 0xff, 0xfa, 0xfa, 0xfa, 0xff, 0xfa, 0xfa, 0xfa, 0xff,
  0xfa, 0xfa, 0xfa, 0xff, 0xfa, 0xfa, 0xfa, 0xff, 0xfa, 0xfa, 0xfa, 0xff,
  0xfa, 0xfa, 0xfa, 0xff, 0xfa, 0xfa, 0xfa, 0xff, 0xfa, 0xfa, 0xfa, 0xff,
  0xfa, 0xfa, 0xfa, 0xff, 0xfa, 0xfa, 0xfa, 0xff, 0xfa, 0xfa, 0xfa, 0xff,
  0xfa, 0xfa, 0xfa, 0xff, 0xf9, 0xf9, 0xf9, 0xff, 0xf1, 0xf1, 0xf1, 0xff,
  0xf6, 0xf6, 0xf6, 0xff, 0xfe, 0xfe, 0xfe, 0xff, 0xfc, 0xfd, 0xfd, 0xff,
  0xfd, 0xfd, 0xfd, 0xff, 0xfd, 0xfd, 0xfd, 0xff, 0xfd, 0xfd, 0xfd, 0xff,
  0xfc, 0xfc, 0xfc, 0xff, 0xff, 0xff, 0xff, 0xff, 0xe2, 0xdd, 0xdc, 0xff,
  0x3f, 0x18, 0x05, 0xff, 0x3a, 0x14, 0x00, 0xff, 0x3b, 0x15, 0x01, 0xff,
  0x3b, 0x15, 0x00, 0xff, 0x3e, 0x17, 0x01, 0xff, 0x2e, 0x0c, 0x01, 0xff,
  0x97, 0x57, 0x01, 0xff, 0xd8, 0x84, 0x01, 0xff, 0x3c, 0x16, 0x01, 0xff,
  0x38, 0x13, 0x00, 0xff, 0xa9, 0x63, 0x02, 0xff, 0xe3, 0x8d, 0x00, 0xff,
  0xe1, 0x8c, 0x01, 0xff, 0x78, 0x3f, 0x02, 0xff, 0x36, 0x12, 0x04, 0xff,
  0x2c, 0x03, 0x00, 0xff, 0x88, 0x75, 0x6c, 0xff, 0xa6, 0x96, 0x90, 0xff,
  0x2b, 0x01, 0x00, 0xff, 0x3e, 0x18, 0x05, 0xff, 0x3b, 0x15, 0x01, 0xff,
  0x3b, 0x15, 0x01, 0xff, 0x35, 0x0f, 0x00, 0xff, 0xbf, 0xb0, 0x01, 0xff,
  0x9d, 0x8a, 0x01, 0xff, 0x2e, 0x04, 0x01, 0xff, 0x4b, 0x25, 0x01, 0xff,
  0xba, 0xad, 0x01, 0xff, 0xd2, 0xcd, 0x01, 0xff, 0xcf, 0xc3, 0x01, 0xff,
  0x5c, 0x3a, 0x01, 0xff, 0x38, 0x10, 0x03, 0xff, 0x2f, 0x0a, 0x00, 0xff,
  0xc2, 0xb9, 0xb6, 0xff, 0x65, 0x48, 0x39, 0xff, 0x32, 0x09, 0x00, 0xff,
  0x3c, 0x16, 0x03, 0xff, 0x3d, 0x16, 0x02, 0xff, 0x2d, 0x0e, 0x00, 0xff,
  0xa2, 0x46, 0x40, 0xff, 0xcd, 0x5c, 0x5d, 0xff, 0x39, 0x14, 0x00, 0xff,
  0x39, 0x13, 0x00, 0xff, 0x3e, 0x17, 0x04, 0xff, 0xc6, 0x56, 0x56, 0xff,
  0x59, 0x22, 0x14, 0xff, 0x2f, 0x0f, 0x00, 0xff, 0xbe, 0x53, 0x53, 0xff,
  0x6b, 0x2c, 0x21, 0xff, 0x2b, 0x0a, 0x00, 0xff, 0x4f, 0x2c, 0x1c, 0xff,
  0xcc, 0xc4, 0xc1, 0xff, 0x3c, 0x18, 0x06, 0xff, 0x39, 0x13, 0x00, 0xff,
  0x3c, 0x15, 0x02, 0xff, 0x36, 0x13, 0x00, 0xff, 0x4d, 0x1c, 0x10, 0xff,
  0xe5, 0x54, 0x89, 0xff, 0x75, 0x2a, 0x30, 0xff, 0x33, 0x12, 0x00, 0xff,
  0xce, 0x4d, 0x7c, 0xff, 0xd8, 0x49, 0x81, 0xff, 0xd6, 0x4b, 0x82, 0xff,
  0xc4, 0x49, 0x76, 0xff, 0x53, 0x1e, 0x17, 0xff, 0xc9, 0x46, 0x7a, 0xff,
  0xe7, 0x4f, 0x93, 0xff, 0xb9, 0x3f, 0x6b, 0xff, 0x40, 0x17, 0x03, 0xff,
  0x39, 0x14, 0x00, 0xff, 0x3a, 0x14, 0x01, 0xff, 0x39, 0x15, 0x03, 0xff,
  0xe1, 0xdc, 0xda, 0xff, 0xff, 0xff, 0xff, 0xff, 0xfb, 0xfb, 0xfb, 0xff,
  0xfd, 0xfd, 0xfd, 0xff, 0xfd, 0xfd, 0xfd, 0xff, 0xfd, 0xfd, 0xfd, 0xff,
  0xfc, 0xfd, 0xfd, 0xff, 0xff, 0xff, 0xff, 0xff, 0xf0, 0xf0, 0xf0, 0xff,
  0xee, 0xee, 0xee, 0xff, 0xf7, 0xf8, 0xf8, 0xff, 0xfa, 0xfa, 0xfa, 0xff,
  0xfa, 0xfa, 0xfa, 0xff, 0xfa, 0xfa, 0xfa, 0xff, 0xfa, 0xfa, 0xfa, 0xff,
  0xfa, 0xfa, 0xfa, 0xff, 0xfa, 0xfa, 0xfb, 0xff, 0xfa, 0xfa, 0xfb, 0xff,
  0xfa, 0xfa, 0xfa, 0x7b, 0xfa, 0xfa, 0xfa, 0xff, 0xfa, 0xfa, 0xfa, 0xff,
  0xfa, 0xfa, 0xfa, 0xff, 0xfa, 0xfa, 0xfa, 0xff, 0xfa, 0xfa, 0xfa, 0xff,
  0xfa, 0xfa, 0xfa, 0xff, 0xf9, 0xf8, 0xf9, 0xff, 0xf1, 0xf1, 0xf2, 0xff,
  0xf6, 0xf6, 0xf6, 0xff, 0xfe, 0xfe, 0xfe, 0xff, 0xfd, 0xfd, 0xfd, 0xff,
  0xfd, 0xfd, 0xfd, 0xff, 0xfd, 0xfd, 0xfd, 0xff, 0xfd, 0xfd, 0xfd, 0xff,
  0xfd, 0xfd, 0xfd, 0xff, 0xfb, 0xfb, 0xfb, 0xff, 0xff, 0xff, 0xff, 0xff,
  0x6f, 0x55, 0x49, 0xff, 0x2b, 0x03, 0x00, 0xff, 0x40, 0x1b, 0x08, 0xff,
  0x3b, 0x15, 0x01, 0xff, 0x3b, 0x15, 0x01, 0xff, 0x3c, 0x16, 0x01, 0xff,
  0x39, 0x14, 0x01, 0xff, 0x38, 0x14, 0x01, 0xff, 0x3a, 0x15, 0x01, 0xff,
  0x3b, 0x15, 0x01, 0xff, 0x2e, 0x0c, 0x01, 0xff, 0x43, 0x1b, 0x01, 0xff,
  0x3c, 0x17, 0x01, 0xff, 0x32, 0x0f, 0x00, 0xff, 0x3d, 0x17, 0x02, 0xff,
  0x35, 0x0e, 0x00, 0xff, 0x5f, 0x41, 0x32, 0xff, 0x4f, 0x2e, 0x1d, 0xff,
  0x36, 0x0f, 0x00, 0xff, 0x3b, 0x15, 0x02, 0xff, 0x3a, 0x14, 0x01, 0xff,
  0x3b, 0x15, 0x01, 0xff, 0x3a, 0x14, 0x01, 0xff, 0x3b, 0x14, 0x01, 0xff,
  0x39, 0x13, 0x01, 0xff, 0x3a, 0x15, 0x01, 0xff, 0x35, 0x10, 0x01, 0xff,
  0x31, 0x0b, 0x01, 0xff, 0x49, 0x25, 0x01, 0xff, 0x37, 0x12, 0x01, 0xff,
  0x34, 0x0e, 0x01, 0xff, 0x3b, 0x15, 0x00, 0xff, 0x3b, 0x17, 0x05, 0xff,
  0x68, 0x4d, 0x3f, 0xff, 0x3b, 0x16, 0x04, 0xff, 0x3a, 0x14, 0x00, 0xff,
  0x3b, 0x14, 0x01, 0xff, 0x3b, 0x15, 0x01, 0xff, 0x3a, 0x14, 0x01, 0xff,
  0x39, 0x14, 0x00, 0xff, 0x36, 0x12, 0x00, 0xff, 0x3b, 0x14, 0x00, 0xff,
  0x39, 0x14, 0x01, 0xff, 0x3b, 0x15, 0x01, 0xff, 0x3d, 0x16, 0x02, 0xff,
  0x39, 0x14, 0x01, 0xff, 0x38, 0x14, 0x00, 0xff, 0x3c, 0x16, 0x02, 0xff,
  0x3b, 0x16, 0x02, 0xff, 0x36, 0x10, 0x00, 0xff, 0x4a, 0x28, 0x17, 0xff,
  0x62, 0x45, 0x38, 0xff, 0x36, 0x0f, 0x00, 0xff, 0x3c, 0x16, 0x02, 0xff,
  0x3b, 0x15, 0x01, 0xff, 0x3a, 0x15, 0x01, 0xff, 0x38, 0x14, 0x00, 0xff,
  0x38, 0x14, 0x00, 0xff, 0x36, 0x13, 0x00, 0xff, 0x3d, 0x16, 0x01, 0xff,
  0x39, 0x15, 0x01, 0xff, 0x3b, 0x15, 0x03, 0xff, 0x3e, 0x16, 0x04, 0xff,
  0x3d, 0x16, 0x04, 0xff, 0x37, 0x13, 0x00, 0xff, 0x36, 0x14, 0x00, 0xff,
  0x45, 0x18, 0x0c, 0xff, 0x31, 0x11, 0x00, 0xff, 0x39, 0x14, 0x00, 0xff,
  0x40, 0x1b, 0x08, 0xff, 0x2c, 0x04, 0x00, 0xff, 0x69, 0x50, 0x43, 0xff,
  0xff, 0xff, 0xff, 0xff, 0xfb, 0xfb, 0xfb, 0xff, 0xfd, 0xfd, 0xfd, 0xff,
  0xfd, 0xfd, 0xfd, 0xff, 0xfd, 0xfd, 0xfd, 0xff, 0xfd, 0xfd, 0xfd, 0xff,
  0xfd, 0xfd, 0xfd, 0xff, 0xfe, 0xfe, 0xff, 0xff, 0xf0, 0xf0, 0xf0, 0xff,
  0xee, 0xee, 0xee, 0xff, 0xf7, 0xf7, 0xf8, 0xff, 0xfa, 0xfa, 0xfa, 0xff,
  0xfa, 0xfa, 0xfa, 0xff, 0xfa, 0xfa, 0xfa, 0xff, 0xfa, 0xfa, 0xfa, 0xff,
  0xfa, 0xfa, 0xfa, 0xff, 0xfa, 0xfa, 0xfb, 0xff, 0xfa, 0xfa, 0xfa, 0x7b,
  0xfa, 0xfa, 0xfa, 0x6e, 0xfa, 0xfa, 0xfa, 0xff, 0xfa, 0xfa, 0xfa, 0xff,
  0xfa, 0xfa, 0xfa, 0xff, 0xfa, 0xfa, 0xfa, 0xff, 0xfa, 0xfa, 0xfa, 0xff,
  0xfa, 0xfa, 0xfa, 0xff, 0xf8, 0xf8, 0xf9, 0xff, 0xf1, 0xf1, 0xf2, 0xff,
  0xf6, 0xf6, 0xf6, 0xff, 0xfe, 0xfe, 0xfe, 0xff, 0xfc, 0xfd, 0xfd, 0xff,
  0xfd, 0xfd, 0xfd, 0xff, 0xfd, 0xfd, 0xfd, 0xff, 0xfd, 0xfd, 0xfd, 0xff,
  0xfd, 0xfd, 0xfd, 0xff, 0xfb, 0xfb, 0xfb, 0xff, 0xff, 0xff, 0xff, 0xff,
  0xe1, 0xdc, 0xda, 0xff, 0x45, 0x21, 0x0f, 0xff, 0x2e, 0x05, 0x00, 0xff,
  0x3c, 0x16, 0x02, 0xff, 0x3d, 0x17, 0x03, 0xff, 0x3d, 0x17, 0x03, 0xff,
  0x3d, 0x17, 0x03, 0xff, 0x3c, 0x17, 0x03, 0xff, 0x3d, 0x17, 0x03, 0xff,
  0x3d, 0x17, 0x03, 0xff, 0x3e, 0x19, 0x03, 0xff, 0x39, 0x15, 0x03, 0xff,
  0x3b, 0x16, 0x03, 0xff, 0x3f, 0x18, 0x03, 0xff, 0x3c, 0x17, 0x03, 0xff,
  0x3e, 0x18, 0x04, 0xff, 0x36, 0x0f, 0x00, 0xff, 0x38, 0x12, 0x00, 0xff,
  0x3e, 0x18, 0x04, 0xff, 0x3c, 0x16, 0x03, 0xff, 0x3c, 0x17, 0x03, 0xff,
  0x3c, 0x17, 0x03, 0xff, 0x3c, 0x17, 0x03, 0xff, 0x3c, 0x17, 0x03, 0xff,
  0x3c, 0x17, 0x03, 0xff, 0x3c, 0x17, 0x03, 0xff, 0x3d, 0x18, 0x03, 0xff,
  0x3d, 0x18, 0x03, 0xff, 0x38, 0x12, 0x03, 0xff, 0x3b, 0x16, 0x03, 0xff,
  0x3e, 0x18, 0x03, 0xff, 0x3b, 0x16, 0x03, 0xff, 0x3c, 0x16, 0x02, 0xff,
  0x32, 0x0c, 0x00, 0xff, 0x3d, 0x16, 0x03, 0xff, 0x3c, 0x16, 0x03, 0xff,
  0x3c, 0x17, 0x03, 0xff, 0x3c, 0x17, 0x03, 0xff, 0x3d, 0x17, 0x03, 0xff,
  0x3b, 0x16, 0x03, 0xff, 0x3c, 0x17, 0x03, 0xff, 0x3c, 0x16, 0x03, 0xff,
  0x3c, 0x16, 0x03, 0xff, 0x3c, 0x17, 0x03, 0xff, 0x3a, 0x16, 0x02, 0xff,
  0x3c, 0x16, 0x03, 0xff, 0x3c, 0x16, 0x03, 0xff, 0x3b, 0x16, 0x03, 0xff,
  0x3c, 0x16, 0x03, 0xff, 0x3e, 0x18, 0x04, 0xff, 0x39, 0x13, 0x00, 0xff,
  0x33, 0x0d, 0x00, 0xff, 0x3e, 0x18, 0x04, 0xff, 0x3d, 0x17, 0x03, 0xff,
  0x3d, 0x17, 0x03, 0xff, 0x3c, 0x17, 0x03, 0xff, 0x3d, 0x17, 0x03, 0xff,
  0x3d, 0x17, 0x03, 0xff, 0x3d, 0x17, 0x03, 0xff, 0x3c, 0x17, 0x03, 0xff,
  0x3c, 0x17, 0x02, 0xff, 0x3c, 0x17, 0x02, 0xff, 0x3c, 0x17, 0x02, 0xff,
  0x3b, 0x17, 0x02, 0xff, 0x3e, 0x17, 0x04, 0xff, 0x3e, 0x17, 0x03, 0xff,
  0x3a, 0x16, 0x00, 0xff, 0x3e, 0x17, 0x04, 0xff, 0x3c, 0x16, 0x02, 0xff,
  0x2e, 0x05, 0x00, 0xff, 0x3f, 0x1c, 0x0c, 0xff, 0xe0, 0xda, 0xd8, 0xff,
  0xff, 0xff, 0xff, 0xff, 0xfb, 0xfb, 0xfb, 0xff, 0xfd, 0xfd, 0xfd, 0xff,
  0xfd, 0xfd, 0xfd, 0xff, 0xfd, 0xfd, 0xfd, 0xff, 0xfd, 0xfd, 0xfd, 0xff,
  0xfd, 0xfd, 0xfd, 0xff, 0xfe, 0xff, 0xff, 0xff, 0xf0, 0xf0, 0xf0, 0xff,
  0xee, 0xed, 0xee, 0xff, 0xf7, 0xf7, 0xf8, 0xff, 0xfa, 0xfa, 0xfa, 0xff,
  0xfa, 0xfa, 0xfa, 0xff, 0xfa, 0xfa, 0xfa, 0xff, 0xfa, 0xfa, 0xfa, 0xff,
  0xfa, 0xfa, 0xfa, 0xff, 0xfa, 0xfa, 0xfa, 0xff, 0xfa, 0xfa, 0xfa, 0x6e,
  0xfa, 0xfa, 0xfa, 0x59, 0xfa, 0xfa, 0xfa, 0xff, 0xfa, 0xfa, 0xfa, 0xff,
  0xfa, 0xfa, 0xfa, 0xff, 0xfa, 0xfa, 0xfa, 0xff, 0xfa, 0xfa, 0xfa, 0xff,
  0xfa, 0xfa, 0xfa, 0xff, 0xf9, 0xf9, 0xf9, 0xff, 0xf1, 0xf1, 0xf1, 0xff,
  0xf6, 0xf6, 0xf6, 0xff, 0xfe, 0xfe, 0xfe, 0xff, 0xfc, 0xfc, 0xfd, 0xff,
  0xfd, 0xfd, 0xfd, 0xff, 0xfd, 0xfd, 0xfd, 0xff, 0xfd, 0xfd, 0xfd, 0xff,
  0xfd, 0xfd, 0xfd, 0xff, 0xfd, 0xfd, 0xfe, 0xff, 0xfb, 0xfa, 0xf9, 0xff,
  0xff, 0xff, 0xff, 0xff, 0xe2, 0xdd, 0xdc, 0xff, 0x67, 0x4c, 0x3f, 0xff,
  0x38, 0x13, 0x00, 0xff, 0x30, 0x09, 0x00, 0xff, 0x30, 0x09, 0x00, 0xff,
  0x30, 0x09, 0x00, 0xff, 0x30, 0x09, 0x00, 0xff, 0x2f, 0x08, 0x00, 0xff,
  0x2f, 0x08, 0x00, 0xff, 0x2e, 0x07, 0x00, 0xff, 0x2f, 0x08, 0x00, 0xff,
  0x2f, 0x08, 0x00, 0xff, 0x2f, 0x08, 0x00, 0xff, 0x2f, 0x08, 0x00, 0xff,
  0x2f, 0x08, 0x00, 0xff, 0x31, 0x0a, 0x00, 0xff, 0x31, 0x09, 0x00, 0xff,
  0x2f, 0x08, 0x00, 0xff, 0x2f, 0x08, 0x00, 0xff, 0x2f, 0x08, 0x00, 0xff,
  0x2f, 0x08, 0x00, 0xff, 0x2f, 0x08, 0x00, 0xff, 0x2f, 0x08, 0x00, 0xff,
  0x2f, 0x08, 0x00, 0xff, 0x2f, 0x08, 0x00, 0xff, 0x2f, 0x08, 0x00, 0xff,
  0x2f, 0x08, 0x00, 0xff, 0x2e, 0x08, 0x00, 0xff, 0x2f, 0x08, 0x00, 0xff,
  0x2e, 0x07, 0x00, 0xff, 0x2e, 0x08, 0x00, 0xff, 0x2f, 0x08, 0x00, 0xff,
  0x30, 0x0a, 0x00, 0xff, 0x2f, 0x08, 0x00, 0xff, 0x2f, 0x08, 0x00, 0xff,
  0x2f, 0x08, 0x00, 0xff, 0x2f, 0x08, 0x00, 0xff, 0x2f, 0x08, 0x00, 0xff,
  0x2f, 0x08, 0x00, 0xff, 0x2f, 0x08, 0x00, 0xff, 0x2e, 0x07, 0x00, 0xff,
  0x2f, 0x08, 0x00, 0xff, 0x2e, 0x07, 0x00, 0xff, 0x2e, 0x07, 0x00, 0xff,
  0x2e, 0x07, 0x00, 0xff, 0x2f, 0x08, 0x00, 0xff, 0x2e, 0x08, 0x00, 0xff,
  0x2e, 0x08, 0x00, 0xff, 0x2e, 0x07, 0x00, 0xff, 0x2f, 0x08, 0x00, 0xff,
  0x32, 0x0a, 0x00, 0xff, 0x2f, 0x07, 0x00, 0xff, 0x2f, 0x08, 0x00, 0xff,
  0x2f, 0x08, 0x00, 0xff, 0x2f, 0x08, 0x00, 0xff, 0x2f, 0x08, 0x00, 0xff,
  0x2f, 0x08, 0x00, 0xff, 0x30, 0x08, 0x00, 0xff, 0x30, 0x08, 0x00, 0xff,
  0x30, 0x08, 0x00, 0xff, 0x30, 0x08, 0x00, 0xff, 0x30, 0x08, 0x00, 0xff,
  0x30, 0x08, 0x00, 0xff, 0x30, 0x08, 0x00, 0xff, 0x30, 0x08, 0x00, 0xff,
  0x30, 0x09, 0x00, 0xff, 0x30, 0x09, 0x00, 0xff, 0x36, 0x11, 0x00, 0xff,
  0x64, 0x47, 0x3b, 0xff, 0xdd, 0xd9, 0xd6, 0xff, 0xff, 0xff, 0xff, 0xff,
  0xfb, 0xf9, 0xfa, 0xff, 0xfd, 0xfd, 0xfe, 0xff, 0xfd, 0xfd, 0xfd, 0xff,
  0xfd, 0xfd, 0xfd, 0xff, 0xfd, 0xfd, 0xfd, 0xff, 0xfd, 0xfd, 0xfd, 0xff,
  0xfd, 0xfd, 0xfd, 0xff, 0xff, 0xff, 0xff, 0xff, 0xf0, 0xf0, 0xf0, 0xff,
  0xed, 0xed, 0xee, 0xff, 0xf7, 0xf7, 0xf8, 0xff, 0xfa, 0xfa, 0xfa, 0xff,
  0xfa, 0xfa, 0xfa, 0xff, 0xfa, 0xfa, 0xfa, 0xff, 0xfa, 0xfa, 0xfa, 0xff,
  0xfa, 0xfa, 0xfa, 0xff, 0xfa, 0xfa, 0xfa, 0xff, 0xfa, 0xfa, 0xfa, 0x59,
  0xfa, 0xfa, 0xfa, 0x3b, 0xfa, 0xfa, 0xfa, 0xff, 0xfa, 0xfa, 0xfa, 0xff,
  0xfa, 0xfa, 0xfa, 0xff, 0xfa, 0xfa, 0xfa, 0xff, 0xfa, 0xfa, 0xfa, 0xff,
  0xfa, 0xfa, 0xfa, 0xff, 0xf9, 0xf9, 0xf9, 0xff, 0xf1, 0xf1, 0xf2, 0xff,
  0xf7, 0xf6, 0xf7, 0xff, 0xfe, 0xfe, 0xfe, 0xff, 0xfd, 0xfd, 0xfd, 0xff,
  0xfd, 0xfd, 0xfd, 0xff, 0xfd, 0xfd, 0xfd, 0xff, 0xfd, 0xfd, 0xfd, 0xff,
  0xfd, 0xfd, 0xfe, 0xff, 0xfd, 0xfd, 0xfc, 0xff, 0xfe, 0xff, 0xff, 0xff,
  0xfb, 0xf3, 0xec, 0xff, 0xff, 0xff, 0xff, 0xff, 0xff, 0xff, 0xff, 0xff,
  0xda, 0xd4, 0xd1, 0xff, 0xc2, 0xb8, 0xb5, 0xff, 0xc2, 0xb7, 0xb4, 0xff,
  0xc2, 0xb7, 0xb4, 0xff, 0xc2, 0xb7, 0xb4, 0xff, 0xc1, 0xb6, 0xb3, 0xff,
  0xc1, 0xb6, 0xb3, 0xff, 0xc1, 0xb6, 0xb3, 0xff, 0xc1, 0xb6, 0xb3, 0xff,
  0xc1, 0xb6, 0xb3, 0xff, 0xc1, 0xb6, 0xb3, 0xff, 0xc1, 0xb6, 0xb3, 0xff,
  0xc1, 0xb7, 0xb3, 0xff, 0xc1, 0xb6, 0xb3, 0xff, 0xc2, 0xb7, 0xb3, 0xff,
  0xc1, 0xb6, 0xb3, 0xff, 0xc1, 0xb6, 0xb3, 0xff, 0xc1, 0xb6, 0xb3, 0xff,
  0xc1, 0xb6, 0xb3, 0xff, 0xc2, 0xb7, 0xb4, 0xff, 0xc1, 0xb6, 0xb3, 0xff,
  0xc0, 0xb5, 0xb2, 0xff, 0xc1, 0xb6, 0xb2, 0xff, 0xc2, 0xb7, 0xb3, 0xff,
  0xc1, 0xb6, 0xb3, 0xff, 0xc1, 0xb6, 0xb3, 0xff, 0xc0, 0xb6, 0xb2, 0xff,
  0xc1, 0xb6, 0xb3, 0xff, 0xc1, 0xb6, 0xb3, 0xff, 0xc1, 0xb6, 0xb3, 0xff,
  0xc1, 0xb6, 0xb3, 0xff, 0xc1, 0xb6, 0xb3, 0xff, 0xc1, 0xb6, 0xb3, 0xff,
  0xc1, 0xb6, 0xb3, 0xff, 0xc1, 0xb6, 0xb3, 0xff, 0xc1, 0xb6, 0xb3, 0xff,
  0xc2, 0xb7, 0xb3, 0xff, 0xc1, 0xb6, 0xb3, 0xff, 0xc1, 0xb6, 0xb3, 0xff,
  0xc1, 0xb6, 0xb3, 0xff, 0xc1, 0xb6, 0xb3, 0xff, 0xc1, 0xb6, 0xb3, 0xff,
  0xc1, 0xb6, 0xb2, 0xff, 0xc2, 0xb7, 0xb3, 0xff, 0xc1, 0xb7, 0xb3, 0xff,
  0xc1, 0xb7, 0xb4, 0xff, 0xc1, 0xb7, 0xb4, 0xff, 0xc1, 0xb7, 0xb3, 0xff,
  0xc1, 0xb6, 0xb3, 0xff, 0xc1, 0xb6, 0xb3, 0xff, 0xc1, 0xb6, 0xb3, 0xff,
  0xc2, 0xb7, 0xb4, 0xff, 0xc1, 0xb6, 0xb3, 0xff, 0xc1, 0xb6, 0xb3, 0xff,
  0xc1, 0xb6, 0xb3, 0xff, 0xc1, 0xb7, 0xb3, 0xff, 0xc1, 0xb6, 0xb3, 0xff,
  0xc2, 0xb7, 0xb3, 0xff, 0xc1, 0xb6, 0xb3, 0xff, 0xc1, 0xb6, 0xb3, 0xff,
  0xc1, 0xb6, 0xb3, 0xff, 0xc1, 0xb6, 0xb3, 0xff, 0xc1, 0xb7, 0xb3, 0xff,
  0xc2, 0xb7, 0xb4, 0xff, 0xc2, 0xb8, 0xb5, 0xff, 0xd9, 0xd3, 0xd1, 0xff,
  0xff, 0xff, 0xff, 0xff, 0xff, 0xff, 0xff, 0xff, 0xfb, 0xf0, 0xf4, 0xff,
  0xfe, 0xff, 0xff, 0xff, 0xfd, 0xfc, 0xfd, 0xff, 0xfd, 0xfd, 0xfd, 0xff,
  0xfd, 0xfd, 0xfd, 0xff, 0xfd, 0xfd, 0xfd, 0xff, 0xfd, 0xfd, 0xfd, 0xff,
  0xfd, 0xfd, 0xfd, 0xff, 0xfe, 0xff, 0xff, 0xff, 0xf0, 0xf0, 0xf0, 0xff,
  0xed, 0xed, 0xee, 0xff, 0xf7, 0xf7, 0xf8, 0xff, 0xfa, 0xfa, 0xfa, 0xff,
  0xfa, 0xfa, 0xfa, 0xff, 0xfa, 0xfa, 0xfa, 0xff, 0xfa, 0xfa, 0xfa, 0xff,
  0xfa, 0xfa, 0xfa, 0xff, 0xfa, 0xfa, 0xfa, 0xff, 0xfa, 0xfa, 0xfa, 0x3b,
  0xfa, 0xfa, 0xfa, 0x15, 0xfa, 0xfa, 0xfa, 0xff, 0xfa, 0xfa, 0xfa, 0xff,
  0xfa, 0xfa, 0xfa, 0xff, 0xfa, 0xfa, 0xfa, 0xff, 0xfa, 0xfa, 0xfa, 0xff,
  0xfa, 0xfa, 0xfa, 0xff, 0xf9, 0xf9, 0xf9, 0xff, 0xf2, 0xf2, 0xf2, 0xff,
  0xf7, 0xf7, 0xf7, 0xff, 0xfe, 0xfe, 0xfe, 0xff, 0xfd, 0xfd, 0xfd, 0xff,
  0xfd, 0xfd, 0xfd, 0xff, 0xfd, 0xfd, 0xfd, 0xff, 0xfd, 0xfd, 0xfd, 0xff,
  0xfd, 0xfc, 0xfc, 0xff, 0xfd, 0xff, 0xff, 0xff, 0xfd, 0xf0, 0xe4, 0xff,
  0xfb, 0x87, 0x15, 0xff, 0xfb, 0x9f, 0x44, 0xff, 0xfc, 0xfd, 0xfe, 0xff,
  0xff, 0xff, 0xff, 0xff, 0xff, 0xff, 0xff, 0xff, 0xff, 0xff, 0xff, 0xff,
  0xff, 0xff, 0xff, 0xff, 0xff, 0xff, 0xff, 0xff, 0xff, 0xff, 0xff, 0xff,
  0xff, 0xff, 0xff, 0xff, 0xff, 0xff, 0xff, 0xff, 0xff, 0xff, 0xff, 0xff,
  0xff, 0xff, 0xff, 0xff, 0xff, 0xff, 0xff, 0xff, 0xff, 0xff, 0xff, 0xff,
  0xff, 0xff, 0xff, 0xff, 0xff, 0xff, 0xff, 0xff, 0xff, 0xff, 0xff, 0xff,
  0xff, 0xff, 0xff, 0xff, 0xff, 0xff, 0xff, 0xff, 0xff, 0xff, 0xff, 0xff,
  0xff, 0xff, 0xff, 0xff, 0xff, 0xff, 0xff, 0xff, 0xff, 0xff, 0xff, 0xff,
  0xff, 0xff, 0xff, 0xff, 0xff, 0xff, 0xff, 0xff, 0xff, 0xff, 0xff, 0xff,
  0xff, 0xff, 0xff, 0xff, 0xff, 0xff, 0xff, 0xff, 0xff, 0xff, 0xff, 0xff,
  0xff, 0xff, 0xff, 0xff, 0xff, 0xff, 0xff, 0xff, 0xff, 0xff, 0xff, 0xff,
  0xff, 0xff, 0xff, 0xff, 0xff, 0xff, 0xff, 0xff, 0xff, 0xff, 0xff, 0xff,
  0xff, 0xff, 0xff, 0xff, 0xff, 0xff, 0xff, 0xff, 0xff, 0xff, 0xff, 0xff,
  0xff, 0xff, 0xff, 0xff, 0xff, 0xff, 0xff, 0xff, 0xff, 0xff, 0xff, 0xff,
  0xff, 0xff, 0xff, 0xff, 0xff, 0xff, 0xff, 0xff, 0xff, 0xff, 0xff, 0xff,
  0xff, 0xff, 0xff, 0xff, 0xff, 0xff, 0xff, 0xff, 0xff, 0xff, 0xff, 0xff,
  0xff, 0xff, 0xff, 0xff, 0xff, 0xff, 0xff, 0xff, 0xff, 0xff, 0xff, 0xff,
  0xff, 0xff, 0xff, 0xff, 0xff, 0xff, 0xff, 0xff, 0xff, 0xff, 0xff, 0xff,
  0xff, 0xff, 0xff, 0xff, 0xff, 0xff, 0xff, 0xff, 0xff, 0xff, 0xff, 0xff,
  0xff, 0xff, 0xff, 0xff, 0xff, 0xff, 0xff, 0xff, 0xff, 0xff, 0xff, 0xff,
  0xff, 0xff, 0xff, 0xff, 0xff, 0xff, 0xff, 0xff, 0xff, 0xff, 0xff, 0xff,
  0xff, 0xff, 0xff, 0xff, 0xff, 0xff, 0xff, 0xff, 0xff, 0xff, 0xff, 0xff,
  0xff, 0xff, 0xff, 0xff, 0xff, 0xff, 0xff, 0xff, 0xff, 0xff, 0xff, 0xff,
  0xfc, 0xfa, 0xfb, 0xff, 0xf8, 0x47, 0x8f, 0xff, 0xfa, 0x2f, 0x85, 0xff,
  0xfd, 0xee, 0xf5, 0xff, 0xfd, 0xff, 0xff, 0xff, 0xfd, 0xfc, 0xfd, 0xff,
  0xfd, 0xfd, 0xfd, 0xff, 0xfd, 0xfd, 0xfd, 0xff, 0xfd, 0xfd, 0xfd, 0xff,
  0xfc, 0xfd, 0xfd, 0xff, 0xfe, 0xfe, 0xff, 0xff, 0xf0, 0xf0, 0xf0, 0xff,
  0xee, 0xee, 0xee, 0xff, 0xf8, 0xf8, 0xf8, 0xff, 0xfa, 0xfa, 0xfa, 0xff,
  0xfa, 0xfa, 0xfa, 0xff, 0xfa, 0xfa, 0xfa, 0xff, 0xfa, 0xfa, 0xfa, 0xff,
  0xfa, 0xfa, 0xfa, 0xff, 0xfa, 0xfa, 0xfa, 0xff, 0xfa, 0xfa, 0xfa, 0x15,
  0xfa, 0xfa, 0xfa, 0x00, 0xfa, 0xfa, 0xfa, 0xe1, 0xfa, 0xfa, 0xfa, 0xff,
  0xfa, 0xfa, 0xfa, 0xff, 0xfa, 0xfa, 0xfa, 0xff, 0xfa, 0xfa, 0xfa, 0xff,
  0xfa, 0xfa, 0xfa, 0xff, 0xf9, 0xf9, 0xf9, 0xff, 0xf2, 0xf2, 0xf2, 0xff,
  0xf6, 0xf6, 0xf6, 0xff, 0xfe, 0xfe, 0xfe, 0xff, 0xfc, 0xfd, 0xfd, 0xff,
  0xfd, 0xfd, 0xfd, 0xff, 0xfd, 0xfd, 0xfd, 0xff, 0xfd, 0xfd, 0xfd, 0xff,
  0xfd, 0xfb, 0xfa, 0xff, 0xfd, 0xff, 0xff, 0xff, 0xfc, 0xdb, 0xbd, 0xff,
  0xfc, 0x72, 0x00, 0xff, 0xfd, 0x86, 0x11, 0xff, 0xfd, 0xf5, 0xed, 0xff,
  0xfb, 0xfd, 0xff, 0xff, 0xfa, 0xf9, 0xf9, 0xff, 0xfa, 0xfa, 0xfa, 0xff,
  0xfb, 0xfa, 0xfa, 0xff, 0xfa, 0xfa, 0xfa, 0xff, 0xfa, 0xfa, 0xfa, 0xff,
  0xfa, 0xfa, 0xfa, 0xff, 0xfb, 0xfa, 0xfa, 0xff, 0xfb, 0xfa, 0xfa, 0xff,
  0xfa, 0xfa, 0xfa, 0xff, 0xfa, 0xfa, 0xfa, 0xff, 0xfa, 0xfa, 0xfa, 0xff,
  0xfa, 0xfa, 0xfa, 0xff, 0xfa, 0xfa, 0xfa, 0xff, 0xfa, 0xfa, 0xfa, 0xff,
  0xfa, 0xfa, 0xfa, 0xff, 0xfa, 0xfa, 0xfa, 0xff, 0xfa, 0xfa, 0xfa, 0xff,
  0xfa, 0xfa, 0xfa, 0xff, 0xfa, 0xfa, 0xfa, 0xff, 0xfa, 0xfa, 0xfa, 0xff,
  0xfa, 0xfa, 0xfa, 0xff, 0xfa, 0xfa, 0xfa, 0xff, 0xfa, 0xfa, 0xfa, 0xff,
  0xfa, 0xfa, 0xfa, 0xff, 0xfa, 0xfa, 0xfa, 0xff, 0xfa, 0xfa, 0xfa, 0xff,
  0xfa, 0xfa, 0xfa, 0xff, 0xfa, 0xfa, 0xfa, 0xff, 0xfa, 0xfa, 0xfa, 0xff,
  0xfa, 0xfa, 0xfa, 0xff, 0xfa, 0xfa, 0xfa, 0xff, 0xfa, 0xfa, 0xfa, 0xff,
  0xfa, 0xfa, 0xfa, 0xff, 0xfa, 0xfa, 0xfa, 0xff, 0xfa, 0xfa, 0xfa, 0xff,
  0xfa, 0xfa, 0xfa, 0xff, 0xfa, 0xfa, 0xfa, 0xff, 0xfb, 0xfa, 0xfa, 0xff,
  0xfa, 0xfa, 0xfa, 0xff, 0xfa, 0xfa, 0xfa, 0xff, 0xfa, 0xfa, 0xfa, 0xff,
  0xfa, 0xfa, 0xfa, 0xff, 0xfa, 0xfa, 0xfa, 0xff, 0xfa, 0xfa, 0xfa, 0xff,
  0xfa, 0xfa, 0xfa, 0xff, 0xfa, 0xfa, 0xfa, 0xff, 0xfa, 0xfa, 0xfa, 0xff,
  0xfa, 0xfa, 0xfa, 0xff, 0xfa, 0xfa, 0xfa, 0xff, 0xfa, 0xfa, 0xfa, 0xff,
  0xfa, 0xfa, 0xfa, 0xff, 0xfa, 0xfa, 0xfa, 0xff, 0xfa, 0xfa, 0xfa, 0xff,
  0xfa, 0xfa, 0xfa, 0xff, 0xfa, 0xfa, 0xfa, 0xff, 0xfa, 0xfa, 0xfa, 0xff,
  0xfa, 0xfa, 0xfa, 0xff, 0xfa, 0xfa, 0xfa, 0xff, 0xfa, 0xfa, 0xfa, 0xff,
  0xfa, 0xfa, 0xfa, 0xff, 0xfa, 0xfa, 0xfa, 0xff, 0xfa, 0xfa, 0xfa, 0xff,
  0xfa, 0xfa, 0xfa, 0xff, 0xfa, 0xf9, 0xf9, 0xff, 0xfb, 0xff, 0xff, 0xff,
  0xfc, 0xe5, 0xef, 0xff, 0xf8, 0x16, 0x76, 0xff, 0xf9, 0x02, 0x6c, 0xff,
  0xfd, 0xcf, 0xe2, 0xff, 0xfd, 0xff, 0xff, 0xff, 0xfd, 0xfb, 0xfc, 0xff,
  0xfd, 0xfd, 0xfd, 0xff, 0xfd, 0xfd, 0xfd, 0xff, 0xfd, 0xfd, 0xfd, 0xff,
  0xfd, 0xfd, 0xfd, 0xff, 0xfe, 0xfe, 0xff, 0xff, 0xef, 0xef, 0xf0, 0xff,
  0xee, 0xee, 0xee, 0xff, 0xf7, 0xf8, 0xf8, 0xff, 0xfa, 0xfa, 0xfa, 0xff,
  0xfa, 0xfa, 0xfa, 0xff, 0xfa, 0xfa, 0xfa, 0xff, 0xfa, 0xfa, 0xfa, 0xff,
  0xfa, 0xfa, 0xfa, 0xff, 0xfa, 0xfa, 0xfa, 0xe1, 0xfa, 0xfa, 0xfa, 0x00,
  0xfa, 0xfa, 0xfa, 0x00, 0xfa, 0xfa, 0xfa, 0xaa, 0xfa, 0xfa, 0xfa, 0xff,
  0xfa, 0xfa, 0xfa, 0xff, 0xfa, 0xfa, 0xfa, 0xff, 0xfa, 0xfa, 0xfa, 0xff,
  0xfa, 0xfa, 0xfa, 0xff, 0xf9, 0xf9, 0xf9, 0xff, 0xf2, 0xf2, 0xf2, 0xff,
  0xf5, 0xf5, 0xf5, 0xff, 0xfe, 0xfe, 0xfe, 0xff, 0xfd, 0xfd, 0xfd, 0xff,
  0xfd, 0xfd, 0xfd, 0xff, 0xfd, 0xfd, 0xfd, 0xff, 0xfd, 0xfd, 0xfd, 0xff,
  0xfd, 0xfc, 0xfb, 0xff, 0xfd, 0xff, 0xff, 0xff, 0xfd, 0xdf, 0xc4, 0xff,
  0xfd, 0x76, 0x00, 0xff, 0xfc, 0x89, 0x19, 0xff, 0xfd, 0xf6, 0xef, 0xff,
  0xfd, 0xff, 0xff, 0xff, 0xfd, 0xfd, 0xfc, 0xff, 0xfd, 0xfd, 0xfd, 0xff,
  0xfd, 0xfd, 0xfd, 0xff, 0xfd, 0xfd, 0xfd, 0xff, 0xfd, 0xfd, 0xfd, 0xff,
  0xfd, 0xfd, 0xfd, 0xff, 0xfd, 0xfd, 0xfd, 0xff, 0xfd, 0xfd, 0xfd, 0xff,
  0xfd, 0xfd, 0xfd, 0xff, 0xfd, 0xfd, 0xfd, 0xff, 0xfd, 0xfd, 0xfd, 0xff,
  0xfd, 0xfd, 0xfd, 0xff, 0xfd, 0xfd, 0xfd, 0xff, 0xfd, 0xfd, 0xfd, 0xff,
  0xfd, 0xfd, 0xfd, 0xff, 0xfd, 0xfd, 0xfd, 0xff, 0xfd, 0xfd, 0xfd, 0xff,
  0xfd, 0xfd, 0xfd, 0xff, 0xfd, 0xfd, 0xfd, 0xff, 0xfd, 0xfd, 0xfd, 0xff,
  0xfd, 0xfd, 0xfd, 0xff, 0xfd, 0xfd, 0xfd, 0xff, 0xfd, 0xfd, 0xfd, 0xff,
  0xfd, 0xfd, 0xfd, 0xff, 0xfd, 0xfd, 0xfd, 0xff, 0xfd, 0xfd, 0xfd, 0xff,
  0xfd, 0xfd, 0xfd, 0xff, 0xfd, 0xfd, 0xfd, 0xff, 0xfd, 0xfd, 0xfd, 0xff,
  0xfd, 0xfd, 0xfd, 0xff, 0xfd, 0xfd, 0xfd, 0xff, 0xfd, 0xfd, 0xfd, 0xff,
  0xfd, 0xfd, 0xfd, 0xff, 0xfd, 0xfd, 0xfd, 0xff, 0xfd, 0xfd, 0xfd, 0xff,
  0xfd, 0xfd, 0xfd, 0xff, 0xfd, 0xfd, 0xfd, 0xff, 0xfd, 0xfd, 0xfd, 0xff,
  0xfd, 0xfd, 0xfd, 0xff, 0xfd, 0xfd, 0xfd, 0xff, 0xfd, 0xfd, 0xfd, 0xff,
  0xfd, 0xfd, 0xfd, 0xff, 0xfd, 0xfd, 0xfd, 0xff, 0xfd, 0xfd, 0xfd, 0xff,
  0xfd, 0xfd, 0xfd, 0xff, 0xfd, 0xfd, 0xfd, 0xff, 0xfd, 0xfd, 0xfd, 0xff,
  0xfd, 0xfd, 0xfd, 0xff, 0xfd, 0xfd, 0xfd, 0xff, 0xfd, 0xfd, 0xfd, 0xff,
  0xfd, 0xfd, 0xfd, 0xff, 0xfd, 0xfd, 0xfd, 0xff, 0xfd, 0xfd, 0xfd, 0xff,
  0xfd, 0xfd, 0xfd, 0xff, 0xfd, 0xfd, 0xfd, 0xff, 0xfd, 0xfd, 0xfd, 0xff,
  0xfd, 0xfd, 0xfd, 0xff, 0xfd, 0xfd, 0xfd, 0xff, 0xfd, 0xfd, 0xfd, 0xff,
  0xfd, 0xfd, 0xfd, 0xff, 0xfd, 0xfd, 0xfd, 0xff, 0xfd, 0xfd, 0xfd, 0xff,
  0xfd, 0xfd, 0xfd, 0xff, 0xfd, 0xfc, 0xfd, 0xff, 0xfd, 0xff, 0xff, 0xff,
  0xfc, 0xe7, 0xf0, 0xff, 0xf9, 0x1c, 0x7a, 0xff, 0xf9, 0x0a, 0x70, 0xff,
  0xfd, 0xd5, 0xe5, 0xff, 0xfd, 0xff, 0xff, 0xff, 0xfd, 0xfb, 0xfc, 0xff,
  0xfd, 0xfd, 0xfd, 0xff, 0xfd, 0xfd, 0xfd, 0xff, 0xfd, 0xfd, 0xfd, 0xff,
  0xfd, 0xfd, 0xfd, 0xff, 0xfe, 0xfe, 0xfe, 0xff, 0xef, 0xef, 0xef, 0xff,
  0xef, 0xef, 0xef, 0xff, 0xf8, 0xf8, 0xf8, 0xff, 0xfa, 0xfa, 0xfa, 0xff,
  0xfa, 0xfa, 0xfa, 0xff, 0xfa, 0xfa, 0xfa, 0xff, 0xfa, 0xfa, 0xfa, 0xff,
  0xfa, 0xfa, 0xfa, 0xff, 0xfa, 0xfa, 0xfb, 0xaa, 0xfa, 0xfa, 0xfa, 0x00,
  0xfa, 0xfa, 0xfa, 0x00, 0xfa, 0xfa, 0xfa, 0x6a, 0xfa, 0xfa, 0xfa, 0xff,
  0xfa, 0xfa, 0xfa, 0xff, 0xfa, 0xfa, 0xfa, 0xff, 0xfa, 0xfa, 0xfa, 0xff,
  0xfa, 0xfa, 0xfa, 0xff, 0xf9, 0xf9, 0xfa, 0xff, 0xf3, 0xf3, 0xf3, 0xff,
  0xf3, 0xf3, 0xf4, 0xff, 0xfe, 0xfe, 0xfe, 0xff, 0xfd, 0xfd, 0xfd, 0xff,
  0xfd, 0xfd, 0xfd, 0xff, 0xfd, 0xfd, 0xfd, 0xff, 0xfd, 0xfd, 0xfd, 0xff,
  0xfd, 0xfc, 0xfb, 0xff, 0xfd, 0xff, 0xff, 0xff, 0xfd, 0xde, 0xc3, 0xff,
  0xfc, 0x76, 0x00, 0xff, 0xfc, 0x89, 0x19, 0xff, 0xfd, 0xf6, 0xef, 0xff,
  0xfd, 0xff, 0xff, 0xff, 0xfd, 0xfc, 0xfc, 0xff, 0xfd, 0xfd, 0xfd, 0xff,
  0xfd, 0xfd, 0xfd, 0xff, 0xfd, 0xfd, 0xfd, 0xff, 0xfd, 0xfd, 0xfd, 0xff,
  0xfd, 0xfd, 0xfd, 0xff, 0xfd, 0xfd, 0xfd, 0xff, 0xfd, 0xfd, 0xfd, 0xff,
  0xfd, 0xfd, 0xfd, 0xff, 0xfd, 0xfd, 0xfd, 0xff, 0xfd, 0xfd, 0xfd, 0xff,
  0xfd, 0xfd, 0xfd, 0xff, 0xfd, 0xfd, 0xfd, 0xff, 0xfd, 0xfd, 0xfd, 0xff,
  0xfd, 0xfd, 0xfd, 0xff, 0xfd, 0xfd, 0xfd, 0xff, 0xfd, 0xfd, 0xfd, 0xff,
  0xfd, 0xfd, 0xfd, 0xff, 0xfd, 0xfd, 0xfd, 0xff, 0xfd, 0xfd, 0xfd, 0xff,
  0xfd, 0xfd, 0xfd, 0xff, 0xfd, 0xfd, 0xfd, 0xff, 0xfd, 0xfd, 0xfd, 0xff,
  0xfd, 0xfd, 0xfd, 0xff, 0xfd, 0xfd, 0xfd, 0xff, 0xfd, 0xfd, 0xfd, 0xff,
  0xfd, 0xfd, 0xfd, 0xff, 0xfd, 0xfd, 0xfd, 0xff, 0xfd, 0xfd, 0xfd, 0xff,
  0xfd, 0xfd, 0xfd, 0xff, 0xfd, 0xfd, 0xfd, 0xff, 0xfd, 0xfd, 0xfd, 0xff,
  0xfd, 0xfd, 0xfd, 0xff, 0xfd, 0xfd, 0xfd, 0xff, 0xfd, 0xfd, 0xfd, 0xff,
  0xfd, 0xfd, 0xfd, 0xff, 0xfd, 0xfd, 0xfd, 0xff, 0xfd, 0xfd, 0xfd, 0xff,
  0xfd, 0xfd, 0xfd, 0xff, 0xfd, 0xfd, 0xfd, 0xff, 0xfd, 0xfd, 0xfd, 0xff,
  0xfd, 0xfd, 0xfd, 0xff, 0xfd, 0xfd, 0xfe, 0xff, 0xfd, 0xfd, 0xfd, 0xff,
  0xfd, 0xfd, 0xfd, 0xff, 0xfd, 0xfd, 0xfd, 0xff, 0xfd, 0xfd, 0xfd, 0xff,
  0xfd, 0xfd, 0xfd, 0xff, 0xfd, 0xfd, 0xfd, 0xff, 0xfd, 0xfd, 0xfd, 0xff,
  0xfd, 0xfd, 0xfd, 0xff, 0xfd, 0xfd, 0xfd, 0xff, 0xfd, 0xfd, 0xfd, 0xff,
  0xfd, 0xfd, 0xfd, 0xff, 0xfd, 0xfd, 0xfd, 0xff, 0xfd, 0xfd, 0xfd, 0xff,
  0xfd, 0xfd, 0xfd, 0xff, 0xfd, 0xfd, 0xfd, 0xff, 0xfd, 0xfd, 0xfd, 0xff,
  0xfd, 0xfd, 0xfd, 0xff, 0xfd, 0xfd, 0xfd, 0xff, 0xfd, 0xfd, 0xfd, 0xff,
  0xfd, 0xfd, 0xfd, 0xff, 0xfd, 0xfc, 0xfc, 0xff, 0xfd, 0xff, 0xff, 0xff,
  0xfc, 0xe6, 0xef, 0xff, 0xf8, 0x1d, 0x7a, 0xff, 0xf9, 0x0a, 0x70, 0xff,
  0xfd, 0xd3, 0xe4, 0xff, 0xfd, 0xff, 0xff, 0xff, 0xfd, 0xfb, 0xfc, 0xff,
  0xfd, 0xfd, 0xfd, 0xff, 0xfd, 0xfd, 0xfd, 0xff, 0xfd, 0xfd, 0xfd, 0xff,
  0xfd, 0xfd, 0xfd, 0xff, 0xfe, 0xfe, 0xfe, 0xff, 0xed, 0xed, 0xed, 0xff,
  0xf0, 0xf0, 0xf0, 0xff, 0xf8, 0xf8, 0xf8, 0xff, 0xfa, 0xfa, 0xfa, 0xff,
  0xfa, 0xfa, 0xfa, 0xff, 0xfa, 0xfa, 0xfa, 0xff, 0xfa, 0xfa, 0xfa, 0xff,
  0xfa, 0xfa, 0xfa, 0xff, 0xfb, 0xfb, 0xfb, 0x6a, 0xfa, 0xfa, 0xfa, 0x00,
  0xfa, 0xfa, 0xfa, 0x00, 0xfa, 0xfa, 0xfa, 0x22, 0xfa, 0xfa, 0xfa, 0xff,
  0xfa, 0xfa, 0xfa, 0xff, 0xfa, 0xfa, 0xfa, 0xff, 0xfa, 0xfa, 0xfa, 0xff,
  0xfa, 0xfa, 0xfa, 0xff, 0xfa, 0xfa, 0xfa, 0xff, 0xf4, 0xf4, 0xf5, 0xff,
  0xf0, 0xf0, 0xf1, 0xff, 0xfd, 0xfd, 0xfd, 0xff, 0xfd, 0xfd, 0xfd, 0xff,
  0xfd, 0xfd, 0xfd, 0xff, 0xfd, 0xfd, 0xfd, 0xff, 0xfd, 0xfd, 0xfd, 0xff,
  0xfd, 0xfc, 0xfb, 0xff, 0xfd, 0xff, 0xff, 0xff, 0xfd, 0xe0, 0xc5, 0xff,
  0xfd, 0x78, 0x00, 0xff, 0xfc, 0x85, 0x12, 0xff, 0xfd, 0xf5, 0xee, 0xff,
  0xfd, 0xfe, 0xff, 0xff, 0xfd, 0xfb, 0xf9, 0xff, 0xfd, 0xfb, 0xfa, 0xff,
  0xfd, 0xfc, 0xfa, 0xff, 0xfd, 0xfb, 0xfa, 0xff, 0xfd, 0xfb, 0xfa, 0xff,
  0xfd, 0xfb, 0xfa, 0xff, 0xfd, 0xfb, 0xfa, 0xff, 0xfd, 0xfb, 0xfa, 0xff,
  0xfd, 0xfc, 0xfc, 0xff, 0xfd, 0xfd, 0xfd, 0xff, 0xfd, 0xfd, 0xfd, 0xff,
  0xfd, 0xfd, 0xfd, 0xff, 0xfd, 0xfd, 0xfd, 0xff, 0xfd, 0xfd, 0xfd, 0xff,
  0xfd, 0xfd, 0xfd, 0xff, 0xfd, 0xfd, 0xfd, 0xff, 0xfd, 0xfd, 0xfd, 0xff,
  0xfd, 0xfd, 0xfd, 0xff, 0xfd, 0xfd, 0xfd, 0xff, 0xfd, 0xfd, 0xfd, 0xff,
  0xfc, 0xfd, 0xfd, 0xff, 0xfd, 0xfd, 0xfd, 0xff, 0xfd, 0xfd, 0xfd, 0xff,
  0xfd, 0xfd, 0xfd, 0xff, 0xfd, 0xfd, 0xfd, 0xff, 0xfd, 0xfd, 0xfd, 0xff,
  0xfd, 0xfd, 0xfd, 0xff, 0xfd, 0xfd, 0xfd, 0xff, 0xfd, 0xfd, 0xfd, 0xff,
  0xfd, 0xfd, 0xfd, 0xff, 0xfd, 0xfd, 0xfd, 0xff, 0xfd, 0xfd, 0xfd, 0xff,
  0xfd, 0xfd, 0xfd, 0xff, 0xfd, 0xfd, 0xfd, 0xff, 0xfd, 0xfd, 0xfd, 0xff,
  0xfd, 0xfd, 0xfd, 0xff, 0xfd, 0xfd, 0xfd, 0xff, 0xfd, 0xfd, 0xfd, 0xff,
  0xfd, 0xfd, 0xfd, 0xff, 0xfd, 0xfd, 0xfd, 0xff, 0xfd, 0xfd, 0xfd, 0xff,
  0xfd, 0xfd, 0xfd, 0xff, 0xfd, 0xfd, 0xfd, 0xff, 0xfd, 0xfd, 0xfd, 0xff,
  0xfd, 0xfd, 0xfd, 0xff, 0xfd, 0xfd, 0xfd, 0xff, 0xfd, 0xfd, 0xfd, 0xff,
  0xfd, 0xfd, 0xfd, 0xff, 0xfd, 0xfd, 0xfd, 0xff, 0xfd, 0xfd, 0xfd, 0xff,
  0xfd, 0xfd, 0xfd, 0xff, 0xfd, 0xfd, 0xfd, 0xff, 0xfd, 0xfd, 0xfd, 0xff,
  0xfd, 0xfd, 0xfd, 0xff, 0xfd, 0xfd, 0xfd, 0xff, 0xfd, 0xfc, 0xfd, 0xff,
  0xfd, 0xfa, 0xfb, 0xff, 0xfd, 0xfa, 0xfb, 0xff, 0xfd, 0xfa, 0xfb, 0xff,
  0xfd, 0xfa, 0xfb, 0xff, 0xfd, 0xfa, 0xfb, 0xff, 0xfd, 0xfa, 0xfb, 0xff,
  0xfd, 0xfa, 0xfb, 0xff, 0xfd, 0xf8, 0xfa, 0xff, 0xfe, 0xff, 0xff, 0xff,
  0xfc, 0xe4, 0xee, 0xff, 0xf8, 0x16, 0x75, 0xff, 0xf8, 0x0e, 0x72, 0xff,
  0xfc, 0xd5, 0xe5, 0xff, 0xfe, 0xff, 0xff, 0xff, 0xfd, 0xfb, 0xfc, 0xff,
  0xfd, 0xfd, 0xfd, 0xff, 0xfd, 0xfd, 0xfd, 0xff, 0xfd, 0xfd, 0xfd, 0xff,
  0xfd, 0xfe, 0xfe, 0xff, 0xfb, 0xfc, 0xfc, 0xff, 0xea, 0xea, 0xeb, 0xff,
  0xf2, 0xf2, 0xf2, 0xff, 0xf9, 0xf9, 0xf9, 0xff, 0xfa, 0xfa, 0xfa, 0xff,
  0xfa, 0xfa, 0xfa, 0xff, 0xfa, 0xfa, 0xfa, 0xff, 0xfa, 0xfa, 0xfa, 0xff,
  0xfa, 0xfa, 0xfa, 0xff, 0xfa, 0xfa, 0xfa, 0x22, 0xfa, 0xfa, 0xfa, 0x00,
  0xfa, 0xfa, 0xfa, 0x00, 0xfa, 0xfa, 0xfa, 0x00, 0xfa, 0xfa, 0xfa, 0xc3,
  0xfa, 0xfa, 0xfa, 0xff, 0xfa, 0xfa, 0xfa, 0xff, 0xfa, 0xfa, 0xfa, 0xff,
  0xfa, 0xfa, 0xfa, 0xff, 0xfa, 0xfa, 0xfa, 0xff, 0xf6, 0xf6, 0xf6, 0xff,
  0xee, 0xee, 0xef, 0xff, 0xfb, 0xfb, 0xfb, 0xff, 0xfe, 0xfe, 0xfe, 0xff,
  0xfd, 0xfd, 0xfd, 0xff, 0xfd, 0xfd, 0xfd, 0xff, 0xfd, 0xfd, 0xfd, 0xff,
  0xfd, 0xfc, 0xfc, 0xff, 0xfd, 0xff, 0xff, 0xff, 0xfd, 0xf2, 0xe7, 0xff,
  0xfd, 0x84, 0x10, 0xff, 0xfc, 0x75, 0x00, 0xff, 0xfd, 0xca, 0x99, 0xff,
  0xfe, 0xff, 0xff, 0xff, 0xfd, 0xff, 0xff, 0xff, 0xfd, 0xff, 0xff, 0xff,
  0xfd, 0xff, 0xff, 0xff, 0xfd, 0xff, 0xff, 0xff, 0xfd, 0xff, 0xff, 0xff,
  0xfd, 0xff, 0xff, 0xff, 0xfd, 0xff, 0xff, 0xff, 0xfd, 0xff, 0xff, 0xff,
  0xfd, 0xff, 0xff, 0xff, 0xfd, 0xfc, 0xfc, 0xff, 0xfd, 0xfd, 0xfd, 0xff,
  0xfd, 0xfd, 0xfd, 0xff, 0xfd, 0xfd, 0xfd, 0xff, 0xfd, 0xfd, 0xfd, 0xff,
  0xfd, 0xfd, 0xfd, 0xff, 0xfd, 0xfd, 0xfd, 0xff, 0xfd, 0xfd, 0xfd, 0xff,
  0xfd, 0xfd, 0xfd, 0xff, 0xfd, 0xfd, 0xfd, 0xff, 0xfd, 0xfd, 0xfd, 0xff,
  0xfd, 0xfd, 0xfd, 0xff, 0xfd, 0xfd, 0xfd, 0xff, 0xfd, 0xfd, 0xfd, 0xff,
  0xfd, 0xfd, 0xfd, 0xff, 0xfd, 0xfd, 0xfd, 0xff, 0xfd, 0xfd, 0xfd, 0xff,
  0xfd, 0xfd, 0xfd, 0xff, 0xfd, 0xfd, 0xfd, 0xff, 0xfd, 0xfd, 0xfd, 0xff,
  0xfd, 0xfd, 0xfd, 0xff, 0xfd, 0xfd, 0xfd, 0xff, 0xfd, 0xfd, 0xfd, 0xff,
  0xfd, 0xfd, 0xfd, 0xff, 0xfd, 0xfd, 0xfd, 0xff, 0xfd, 0xfd, 0xfd, 0xff,
  0xfd, 0xfd, 0xfd, 0xff, 0xfd, 0xfd, 0xfd, 0xff, 0xfd, 0xfd, 0xfd, 0xff,
  0xfd, 0xfd, 0xfd, 0xff, 0xfd, 0xfd, 0xfd, 0xff, 0xfd, 0xfd, 0xfd, 0xff,
  0xfd, 0xfd, 0xfd, 0xff, 0xfd, 0xfd, 0xfd, 0xff, 0xfd, 0xfd, 0xfd, 0xff,
  0xfd, 0xfd, 0xfd, 0xff, 0xfd, 0xfd, 0xfd, 0xff, 0xfd, 0xfd, 0xfd, 0xff,
  0xfd, 0xfd, 0xfd, 0xff, 0xfd, 0xfd, 0xfd, 0xff, 0xfd, 0xfd, 0xfd, 0xff,
  0xfd, 0xfd, 0xfd, 0xff, 0xfd, 0xfd, 0xfd, 0xff, 0xfd, 0xfd, 0xfd, 0xff,
  0xfd, 0xfd, 0xfd, 0xff, 0xfd, 0xfc, 0xfd, 0xff, 0xfd, 0xff, 0xff, 0xff,
  0xfe, 0xff, 0xff, 0xff, 0xfe, 0xff, 0xff, 0xff, 0xfe, 0xff, 0xff, 0xff,
  0xfe, 0xff, 0xff, 0xff, 0xfe, 0xff, 0xff, 0xff, 0xfe, 0xff, 0xff, 0xff,
  0xfe, 0xff, 0xff, 0xff, 0xfe, 0xff, 0xff, 0xff, 0xfe, 0xff, 0xff, 0xff,
  0xfb, 0x93, 0xbd, 0xff, 0xf9, 0x00, 0x67, 0xff, 0xf9, 0x25, 0x7f, 0xff,
  0xfd, 0xf2, 0xf6, 0xff, 0xfd, 0xff, 0xff, 0xff, 0xfd, 0xfc, 0xfd, 0xff,
  0xfd, 0xfd, 0xfd, 0xff, 0xfd, 0xfd, 0xfd, 0xff, 0xfd, 0xfd, 0xfd, 0xff,
  0xfe, 0xfe, 0xfe, 0xff, 0xf7, 0xf7, 0xf7, 0xff, 0xe9, 0xe9, 0xe9, 0xff,
  0xf4, 0xf4, 0xf4, 0xff, 0xf9, 0xf9, 0xf9, 0xff, 0xfa, 0xfa, 0xfa, 0xff,
  0xfa, 0xfa, 0xfa, 0xff, 0xfa, 0xfa, 0xfa, 0xff, 0xfa, 0xfa, 0xfa, 0xff,
  0xfa, 0xfa, 0xfa, 0xc3, 0xfa, 0xfa, 0xfa, 0x00, 0xfa, 0xfa, 0xfa, 0x00,
  0xfa, 0xfa, 0xfa, 0x00, 0xfa, 0xfa, 0xfa, 0x00, 0xfa, 0xfa, 0xfa, 0x6a,
  0xfa, 0xfa, 0xfa, 0xff, 0xfa, 0xfa, 0xfa, 0xff, 0xfa, 0xfa, 0xfa, 0xff,
  0xfa, 0xfa, 0xfa, 0xff, 0xfa, 0xfa, 0xfa, 0xff, 0xf8, 0xf8, 0xf8, 0xff,
  0xef, 0xef, 0xef, 0xff, 0xf6, 0xf6, 0xf6, 0xff, 0xfe, 0xff, 0xff, 0xff,
  0xfd, 0xfd, 0xfd, 0xff, 0xfd, 0xfd, 0xfd, 0xff, 0xfd, 0xfd, 0xfd, 0xff,
  0xfd, 0xfd, 0xfd, 0xff, 0xfd, 0xfb, 0xfa, 0xff, 0xfe, 0xff, 0xff, 0xff,
  0xfb, 0xb2, 0x6b, 0xff, 0xfe, 0x70, 0x00, 0xff, 0xfd, 0x81, 0x0b, 0xff,
  0xfc, 0xb9, 0x7b, 0xff, 0xfc, 0xda, 0xb9, 0xff, 0xfc, 0xda, 0xb8, 0xff,
  0xfd, 0xda, 0xb8, 0xff, 0xfd, 0xda, 0xb9, 0xff, 0xfd, 0xda, 0xb9, 0xff,
  0xfc, 0xda, 0xb9, 0xff, 0xfc, 0xda, 0xb9, 0xff, 0xfc, 0xd9, 0xb8, 0xff,
  0xfd, 0xf6, 0xef, 0xff, 0xfd, 0xff, 0xff, 0xff, 0xfd, 0xfc, 0xfc, 0xff,
  0xfd, 0xfd, 0xfd, 0xff, 0xfd, 0xfd, 0xfd, 0xff, 0xfd, 0xfd, 0xfd, 0xff,
  0xfd, 0xfd, 0xfd, 0xff, 0xfd, 0xfd, 0xfd, 0xff, 0xfd, 0xfd, 0xfd, 0xff,
  0xfd, 0xfd, 0xfd, 0xff, 0xfd, 0xfd, 0xfd, 0xff, 0xfd, 0xfd, 0xfd, 0xff,
  0xfd, 0xfd, 0xfd, 0xff, 0xfd, 0xfd, 0xfd, 0xff, 0xfd, 0xfd, 0xfd, 0xff,
  0xfd, 0xfd, 0xfd, 0xff, 0xfd, 0xfd, 0xfd, 0xff, 0xfd, 0xfd, 0xfd, 0xff,
  0xfd, 0xfd, 0xfd, 0xff, 0xfd, 0xfd, 0xfd, 0xff, 0xfd, 0xfd, 0xfd, 0xff,
  0xfd, 0xfd, 0xfd, 0xff, 0xfd, 0xfd, 0xfd, 0xff, 0xfd, 0xfd, 0xfd, 0xff,
  0xfd, 0xfd, 0xfd, 0xff, 0xfd, 0xfd, 0xfd, 0xff, 0xfd, 0xfd, 0xfd, 0xff,
  0xfd, 0xfd, 0xfd, 0xff, 0xfd, 0xfd, 0xfd, 0xff, 0xfd, 0xfd, 0xfd, 0xff,
  0xfd, 0xfd, 0xfd, 0xff, 0xfd, 0xfd, 0xfd, 0xff, 0xfd, 0xfd, 0xfd, 0xff,
  0xfd, 0xfd, 0xfd, 0xff, 0xfd, 0xfd, 0xfd, 0xff, 0xfd, 0xfd, 0xfd, 0xff,
  0xfd, 0xfd, 0xfd, 0xff, 0xfd, 0xfd, 0xfd, 0xff, 0xfd, 0xfd, 0xfd, 0xff,
  0xfd, 0xfd, 0xfd, 0xff, 0xfd, 0xfd, 0xfd, 0xff, 0xfd, 0xfd, 0xfd, 0xff,
  0xfd, 0xfd, 0xfd, 0xff, 0xfd, 0xfd, 0xfd, 0xff, 0xfd, 0xfd, 0xfd, 0xff,
  0xfd, 0xfc, 0xfd, 0xff, 0xfd, 0xff, 0xff, 0xff, 0xfd, 0xee, 0xf4, 0xff,
  0xfc, 0xbc, 0xd5, 0xff, 0xfc, 0xbe, 0xd6, 0xff, 0xfc, 0xbe, 0xd6, 0xff,
  0xfc, 0xbe, 0xd6, 0xff, 0xfc, 0xbe, 0xd6, 0xff, 0xfc, 0xbe, 0xd6, 0xff,
  0xfc, 0xbd, 0xd5, 0xff, 0xfc, 0xbe, 0xd6, 0xff, 0xfb, 0x7e, 0xb1, 0xff,
  0xf9, 0x17, 0x75, 0xff, 0xf9, 0x00, 0x65, 0xff, 0xfb, 0x7c, 0xb0, 0xff,
  0xfe, 0xff, 0xff, 0xff, 0xfd, 0xfa, 0xfb, 0xff, 0xfd, 0xfd, 0xfd, 0xff,
  0xfd, 0xfd, 0xfd, 0xff, 0xfd, 0xfd, 0xfd, 0xff, 0xfd, 0xfd, 0xfd, 0xff,
  0xff, 0xff, 0xff, 0xff, 0xf1, 0xf1, 0xf1, 0xff, 0xea, 0xea, 0xeb, 0xff,
  0xf6, 0xf6, 0xf6, 0xff, 0xf9, 0xf9, 0xfa, 0xff, 0xfa, 0xfa, 0xfa, 0xff,
  0xfa, 0xfa, 0xfa, 0xff, 0xfa, 0xfa, 0xfa, 0xff, 0xfa, 0xfa, 0xfa, 0xff,
  0xfa, 0xfa, 0xfa, 0x6a, 0xfa, 0xfa, 0xfa, 0x00, 0xfa, 0xfa, 0xfa, 0x00,
  0xfa, 0xfa, 0xfa, 0x00, 0xfa, 0xfa, 0xfb, 0x00, 0xfa, 0xfa, 0xfa, 0x09,
  0xfa, 0xfa, 0xfa, 0xf3, 0xfa, 0xfa, 0xfa, 0xff, 0xfa, 0xfa, 0xfa, 0xff,
  0xfa, 0xfa, 0xfa, 0xff, 0xfa, 0xfa, 0xfa, 0xff, 0xf9, 0xf9, 0xf9, 0xff,
  0xf2, 0xf2, 0xf2, 0xff, 0xf0, 0xf0, 0xf0, 0xff, 0xfe, 0xfe, 0xfe, 0xff,
  0xfd, 0xfd, 0xfd, 0xff, 0xfd, 0xfd, 0xfd, 0xff, 0xfd, 0xfd, 0xfd, 0xff,
  0xfd, 0xfd, 0xfd, 0xff, 0xfd, 0xfc, 0xfc, 0xff, 0xfd, 0xfe, 0xff, 0xff,
  0xfe, 0xfb, 0xf8, 0xff, 0xfc, 0x9c, 0x40, 0xff, 0xfd, 0x6e, 0x00, 0xff,
  0xfd, 0x6d, 0x00, 0xff, 0xfd, 0x70, 0x00, 0xff, 0xfd, 0x72, 0x00, 0xff,
  0xfd, 0x73, 0x00, 0xff, 0xfd, 0x71, 0x00, 0xff, 0xfd, 0x71, 0x00, 0xff,
  0xfd, 0x70, 0x00, 0xff, 0xfd, 0x74, 0x00, 0xff, 0xfc, 0x69, 0x00, 0xff,
  0xfb, 0x9e, 0x4a, 0xff, 0xfe, 0xff, 0xff, 0xff, 0xfd, 0xfc, 0xfb, 0xff,
  0xfd, 0xfd, 0xfd, 0xff, 0xfd, 0xfd, 0xfd, 0xff, 0xfd, 0xfd, 0xfd, 0xff,
  0xfd, 0xfd, 0xfd, 0xff, 0xfd, 0xfd, 0xfd, 0xff, 0xfd, 0xfd, 0xfd, 0xff,
  0xfd, 0xfd, 0xfd, 0xff, 0xfd, 0xfd, 0xfd, 0xff, 0xfd, 0xfd, 0xfd, 0xff,
  0xfd, 0xfd, 0xfd, 0xff, 0xfd, 0xfd, 0xfd, 0xff, 0xfd, 0xfd, 0xfd, 0xff,
  0xfd, 0xfd, 0xfd, 0xff, 0xfd, 0xfd, 0xfd, 0xff, 0xfd, 0xfd, 0xfd, 0xff,
  0xfd, 0xfd, 0xfd, 0xff, 0xfd, 0xfd, 0xfd, 0xff, 0xfd, 0xfd, 0xfd, 0xff,
  0xfd, 0xfd, 0xfd, 0xff, 0xfd, 0xfd, 0xfd, 0xff, 0xfd, 0xfd, 0xfd, 0xff,
  0xfd, 0xfd, 0xfd, 0xff, 0xfd, 0xfd, 0xfd, 0xff, 0xfd, 0xfd, 0xfd, 0xff,
  0xfd, 0xfd, 0xfd, 0xff, 0xfd, 0xfd, 0xfd, 0xff, 0xfd, 0xfd, 0xfd, 0xff,
  0xfd, 0xfd, 0xfd, 0xff, 0xfd, 0xfd, 0xfd, 0xff, 0xfd, 0xfd, 0xfd, 0xff,
  0xfd, 0xfd, 0xfd, 0xff, 0xfd, 0xfd, 0xfd, 0xff, 0xfd, 0xfd, 0xfd, 0xff,
  0xfd, 0xfd, 0xfd, 0xff, 0xfd, 0xfd, 0xfd, 0xff, 0xfd, 0xfd, 0xfd, 0xff,
  0xfd, 0xfd, 0xfd, 0xff, 0xfd, 0xfd, 0xfd, 0xff, 0xfd, 0xfd, 0xfd, 0xff,
  0xfd, 0xfd, 0xfd, 0xff, 0xfd, 0xfd, 0xfd, 0xff, 0xfd, 0xfd, 0xfd, 0xff,
  0xfd, 0xfb, 0xfc, 0xff, 0xfe, 0xff, 0xff, 0xff, 0xfa, 0x4d, 0x95, 0xff,
  0xfa, 0x00, 0x61, 0xff, 0xfa, 0x02, 0x69, 0xff, 0xf9, 0x00, 0x67, 0xff,
  0xf9, 0x00, 0x67, 0xff, 0xf9, 0x00, 0x67, 0xff, 0xf9, 0x00, 0x66, 0xff,
  0xf9, 0x00, 0x67, 0xff, 0xf9, 0x00, 0x67, 0xff, 0xf9, 0x00, 0x62, 0xff,
  0xf9, 0x00, 0x65, 0xff, 0xfa, 0x4e, 0x96, 0xff, 0xfd, 0xfc, 0xfc, 0xff,
  0xfd, 0xff, 0xfe, 0xff, 0xfd, 0xfc, 0xfd, 0xff, 0xfd, 0xfd, 0xfd, 0xff,
  0xfd, 0xfd, 0xfd, 0xff, 0xfd, 0xfd, 0xfd, 0xff, 0xfd, 0xfd, 0xfd, 0xff,
  0xfd, 0xfd, 0xfd, 0xff, 0xea, 0xea, 0xea, 0xff, 0xef, 0xef, 0xef, 0xff,
  0xf7, 0xf7, 0xf7, 0xff, 0xfa, 0xfa, 0xfa, 0xff, 0xfa, 0xfa, 0xfa, 0xff,
  0xfa, 0xfa, 0xfa, 0xff, 0xfa, 0xfa, 0xfb, 0xff, 0xfa, 0xfb, 0xfb, 0xf3,
  0xfa, 0xfa, 0xfa, 0x09, 0xfa, 0xfa, 0xfa, 0x00, 0xfa, 0xfa, 0xfa, 0x00,
  0xfa, 0xfa, 0xfa, 0x00, 0xfa, 0xfa, 0xfa, 0x00, 0xfa, 0xfa, 0xfa, 0x00,
  0xfa, 0xfa, 0xfa, 0x88, 0xfa, 0xfa, 0xfa, 0xff, 0xfa, 0xfa, 0xfa, 0xff,
  0xfa, 0xfa, 0xfa, 0xff, 0xfa, 0xfa, 0xfa, 0xff, 0xfa, 0xfa, 0xfa, 0xff,
  0xf6, 0xf6, 0xf6, 0xff, 0xec, 0xec, 0xec, 0xff, 0xf8, 0xf8, 0xf8, 0xff,
  0xfe, 0xfe, 0xfe, 0xff, 0xfd, 0xfd, 0xfd, 0xff, 0xfd, 0xfd, 0xfd, 0xff,
  0xfd, 0xfd, 0xfd, 0xff, 0xfd, 0xfd, 0xfd, 0xff, 0xfd, 0xfc, 0xfb, 0xff,
  0xfd, 0xff, 0xff, 0xff, 0xfe, 0xfd, 0xfd, 0xff, 0xfd, 0xc0, 0x88, 0xff,
  0xfc, 0x93, 0x33, 0xff, 0xfd, 0x88, 0x1e, 0xff, 0xfd, 0x88, 0x1d, 0xff,
  0xfc, 0x88, 0x1d, 0xff, 0xfc, 0x88, 0x1c, 0xff, 0xfc, 0x87, 0x1c, 0xff,
  0xfc, 0x87, 0x1c, 0xff, 0xfc, 0x89, 0x1f, 0xff, 0xfc, 0x82, 0x11, 0xff,
  0xfd, 0xba, 0x7d, 0xff, 0xfd, 0xff, 0xff, 0xff, 0xfd, 0xfc, 0xfb, 0xff,
  0xfd, 0xfd, 0xfd, 0xff, 0xfd, 0xfd, 0xfd, 0xff, 0xfd, 0xfd, 0xfd, 0xff,
  0xfd, 0xfd, 0xfd, 0xff, 0xfd, 0xfd, 0xfd, 0xff, 0xfc, 0xfc, 0xfd, 0xff,
  0xfd, 0xfd, 0xfd, 0xff, 0xfd, 0xfd, 0xfd, 0xff, 0xfd, 0xfd, 0xfd, 0xff,
  0xfd, 0xfd, 0xfd, 0xff, 0xfd, 0xfd, 0xfd, 0xff, 0xfd, 0xfd, 0xfd, 0xff,
  0xfd, 0xfd, 0xfd, 0xff, 0xfd, 0xfd, 0xfe, 0xff, 0xfd, 0xfd, 0xfd, 0xff,
  0xfd, 0xfd, 0xfd, 0xff, 0xfd, 0xfd, 0xfd, 0xff, 0xfd, 0xfd, 0xfd, 0xff,
  0xfd, 0xfd, 0xfd, 0xff, 0xfd, 0xfd, 0xfd, 0xff, 0xfd, 0xfd, 0xfd, 0xff,
  0xfd, 0xfd, 0xfd, 0xff, 0xfd, 0xfd, 0xfd, 0xff, 0xfd, 0xfd, 0xfd, 0xff,
  0xfd, 0xfd, 0xfd, 0xff, 0xfd, 0xfd, 0xfd, 0xff, 0xfd, 0xfd, 0xfd, 0xff,
  0xfd, 0xfd, 0xfd, 0xff, 0xfd, 0xfd, 0xfd, 0xff, 0xfd, 0xfd, 0xfd, 0xff,
  0xfd, 0xfd, 0xfd, 0xff, 0xfd, 0xfd, 0xfd, 0xff, 0xfd, 0xfd, 0xfd, 0xff,
  0xfd, 0xfd, 0xfd, 0xff, 0xfd, 0xfd, 0xfd, 0xff, 0xfd, 0xfd, 0xfd, 0xff,
  0xfd, 0xfd, 0xfd, 0xff, 0xfd, 0xfd, 0xfd, 0xff, 0xfd, 0xfd, 0xfd, 0xff,
  0xfd, 0xfd, 0xfd, 0xff, 0xfd, 0xfd, 0xfd, 0xff, 0xfd, 0xfd, 0xfd, 0xff,
  0xfd, 0xfb, 0xfc, 0xff, 0xfe, 0xff, 0xff, 0xff, 0xf9, 0x7d, 0xb2, 0xff,
  0xf8, 0x1e, 0x7b, 0xff, 0xf9, 0x28, 0x81, 0xff, 0xf8, 0x26, 0x80, 0xff,
  0xf8, 0x25, 0x7f, 0xff, 0xf8, 0x25, 0x7f, 0xff, 0xf8, 0x26, 0x7f, 0xff,
  0xf8, 0x27, 0x80, 0xff, 0xf9, 0x2a, 0x82, 0xff, 0xf9, 0x3f, 0x8d, 0xff,
  0xfb, 0x90, 0xbc, 0xff, 0xfe, 0xfe, 0xfe, 0xff, 0xfd, 0xff, 0xff, 0xff,
  0xfd, 0xfb, 0xfc, 0xff, 0xfd, 0xfd, 0xfd, 0xff, 0xfd, 0xfd, 0xfd, 0xff,
  0xfd, 0xfd, 0xfd, 0xff, 0xfd, 0xfd, 0xfd, 0xff, 0xff, 0xff, 0xff, 0xff,
  0xf4, 0xf4, 0xf4, 0xff, 0xe7, 0xe8, 0xe8, 0xff, 0xf3, 0xf3, 0xf4, 0xff,
  0xf8, 0xf8, 0xf8, 0xff, 0xfa, 0xfa, 0xfa, 0xff, 0xfa, 0xfa, 0xfa, 0xff,
  0xfa, 0xfa, 0xfa, 0xff, 0xfa, 0xfa, 0xfb, 0xff, 0xfa, 0xfa, 0xfa, 0x88,
  0xfa, 0xfa, 0xfa, 0x00, 0xfa, 0xfa, 0xfa, 0x00, 0xfa, 0xfa, 0xfa, 0x00,
  0xfa, 0xfa, 0xfa, 0x00, 0xfa, 0xfa, 0xfa, 0x00, 0xfa, 0xfa, 0xfa, 0x00,
  0xfa, 0xfa, 0xfa, 0x15, 0xfa, 0xfa, 0xfa, 0xf7, 0xfa, 0xfa, 0xfa, 0xff,
  0xfa, 0xfa, 0xfa, 0xff, 0xfa, 0xfa, 0xfa, 0xff, 0xfa, 0xfa, 0xfa, 0xff,
  0xf8, 0xf8, 0xf8, 0xff, 0xf0, 0xf0, 0xf1, 0xff, 0xed, 0xed, 0xee, 0xff,
  0xfd, 0xfd, 0xfe, 0xff, 0xfd, 0xfd, 0xfd, 0xff, 0xfd, 0xfd, 0xfd, 0xff,
  0xfd, 0xfd, 0xfd, 0xff, 0xfd, 0xfd, 0xfd, 0xff, 0xfd, 0xfd, 0xfe, 0xff,
  0xfd, 0xfc, 0xfc, 0xff, 0xfd, 0xfe, 0xfe, 0xff, 0xfd, 0xff, 0xff, 0xff,
  0xfd, 0xff, 0xff, 0xff, 0xfd, 0xf8, 0xf3, 0xff, 0xfd, 0xf8, 0xf3, 0xff,
  0xfd, 0xf8, 0xf3, 0xff, 0xfd, 0xf8, 0xf3, 0xff, 0xfd, 0xf8, 0xf2, 0xff,
  0xfd, 0xf8, 0xf3, 0xff, 0xfd, 0xf8, 0xf2, 0xff, 0xfd, 0xf8, 0xf3, 0xff,
  0xfd, 0xff, 0xff, 0xff, 0xfd, 0xfe, 0xfe, 0xff, 0xfd, 0xfd, 0xfd, 0xff,
  0xfd, 0xfd, 0xfd, 0xff, 0xfd, 0xfd, 0xfd, 0xff, 0xfd, 0xfd, 0xfd, 0xff,
  0xfd, 0xfd, 0xfd, 0xff, 0xfd, 0xfd, 0xfd, 0xff, 0xfd, 0xfd, 0xfd, 0xff,
  0xfd, 0xfd, 0xfd, 0xff, 0xfd, 0xfd, 0xfd, 0xff, 0xfd, 0xfd, 0xfd, 0xff,
  0xfd, 0xfd, 0xfd, 0xff, 0xfd, 0xfd, 0xfd, 0xff, 0xfd, 0xfd, 0xfd, 0xff,
  0xfd, 0xfd, 0xfd, 0xff, 0xfd, 0xfd, 0xfd, 0xff, 0xfd, 0xfd, 0xfd, 0xff,
  0xfd, 0xfd, 0xfd, 0xff, 0xfc, 0xfd, 0xfd, 0xff, 0xfd, 0xfd, 0xfd, 0xff,
  0xfd, 0xfd, 0xfd, 0xff, 0xfd, 0xfd, 0xfd, 0xff, 0xfd, 0xfd, 0xfd, 0xff,
  0xfd, 0xfd, 0xfd, 0xff, 0xfd, 0xfd, 0xfd, 0xff, 0xfd, 0xfd, 0xfd, 0xff,
  0xfd, 0xfd, 0xfd, 0xff, 0xfd, 0xfd, 0xfd, 0xff, 0xfd, 0xfd, 0xfd, 0xff,
  0xfd, 0xfd, 0xfd, 0xff, 0xfd, 0xfd, 0xfd, 0xff, 0xfd, 0xfd, 0xfd, 0xff,
  0xfd, 0xfd, 0xfd, 0xff, 0xfd, 0xfd, 0xfd, 0xff, 0xfd, 0xfd, 0xfd, 0xff,
  0xfd, 0xfd, 0xfd, 0xff, 0xfd, 0xfd, 0xfd, 0xff, 0xfd, 0xfd, 0xfd, 0xff,
  0xfd, 0xfd, 0xfd, 0xff, 0xfd, 0xfd, 0xfd, 0xff, 0xfd, 0xfd, 0xfd, 0xff,
  0xfd, 0xfd, 0xfd, 0xff, 0xfd, 0xfd, 0xfd, 0xff, 0xfd, 0xfd, 0xfd, 0xff,
  0xfd, 0xfd, 0xfd, 0xff, 0xfd, 0xfe, 0xfe, 0xff, 0xfd, 0xff, 0xff, 0xff,
  0xfd, 0xf3, 0xf7, 0xff, 0xfd, 0xf3, 0xf7, 0xff, 0xfd, 0xf3, 0xf7, 0xff,
  0xfd, 0xf2, 0xf7, 0xff, 0xfd, 0xf3, 0xf7, 0xff, 0xfd, 0xf3, 0xf7, 0xff,
  0xfd, 0xf3, 0xf7, 0xff, 0xfd, 0xf3, 0xf7, 0xff, 0xfd, 0xff, 0xff, 0xff,
  0xfd, 0xff, 0xff, 0xff, 0xfd, 0xfe, 0xfe, 0xff, 0xfd, 0xfc, 0xfc, 0xff,
  0xfd, 0xfd, 0xfd, 0xff, 0xfd, 0xfd, 0xfd, 0xff, 0xfd, 0xfd, 0xfd, 0xff,
  0xfd, 0xfd, 0xfd, 0xff, 0xfd, 0xfd, 0xfd, 0xff, 0xfd, 0xfd, 0xfd, 0xff,
  0xe9, 0xe9, 0xea, 0xff, 0xed, 0xed, 0xee, 0xff, 0xf6, 0xf6, 0xf6, 0xff,
  0xf9, 0xf9, 0xf9, 0xff, 0xfa, 0xfa, 0xfa, 0xff, 0xfa, 0xfa, 0xfa, 0xff,
  0xfa, 0xfa, 0xfa, 0xff, 0xfa, 0xfa, 0xfa, 0xf7, 0xfa, 0xfa, 0xfa, 0x15,
  0xfa, 0xfa, 0xfa, 0x00, 0xfa, 0xfa, 0xfa, 0x00, 0xfa, 0xfa, 0xfa, 0x00,
  0xfa, 0xfa, 0xfa, 0x00, 0xfa, 0xfa, 0xfa, 0x00, 0xfa, 0xfa, 0xfa, 0x00,
  0xfa, 0xfa, 0xfa, 0x00, 0xfa, 0xfa, 0xfa, 0x7b, 0xfa, 0xfa, 0xfa, 0xff,
  0xfa, 0xfa, 0xfa, 0xff, 0xfa, 0xfa, 0xfa, 0xff, 0xfa, 0xfa, 0xfa, 0xff,
  0xf9, 0xf9, 0xf9, 0xff, 0xf6, 0xf6, 0xf6, 0xff, 0xeb, 0xeb, 0xec, 0xff,
  0xf3, 0xf3, 0xf3, 0xff, 0xff, 0xff, 0xff, 0xff, 0xfc, 0xfd, 0xfd, 0xff,
  0xfd, 0xfd, 0xfd, 0xff, 0xfd, 0xfd, 0xfd, 0xff, 0xfd, 0xfd, 0xfd, 0xff,
  0xfd, 0xfd, 0xfd, 0xff, 0xfd, 0xfd, 0xfd, 0xff, 0xfd, 0xfb, 0xfa, 0xff,
  0xfd, 0xfd, 0xfd, 0xff, 0xfd, 0xfe, 0xff, 0xff, 0xfd, 0xfe, 0xff, 0xff,
  0xfd, 0xfe, 0xff, 0xff, 0xfd, 0xfe, 0xff, 0xff, 0xfd, 0xff, 0xff, 0xff,
  0xfd, 0xfe, 0xff, 0xff, 0xfd, 0xff, 0xff, 0xff, 0xfd, 0xfe, 0xff, 0xff,
  0xfd, 0xfc, 0xfc, 0xff, 0xfd, 0xfd, 0xfd, 0xff, 0xfd, 0xfd, 0xfd, 0xff,
  0xfd, 0xfd, 0xfd, 0xff, 0xfd, 0xfd, 0xfd, 0xff, 0xfd, 0xfd, 0xfd, 0xff,
  0xfd, 0xfd, 0xfd, 0xff, 0xfd, 0xfd, 0xfd, 0xff, 0xfd, 0xfd, 0xfd, 0xff,
  0xfd, 0xfd, 0xfd, 0xff, 0xfd, 0xfd, 0xfd, 0xff, 0xfd, 0xfd, 0xfd, 0xff,
  0xfd, 0xfd, 0xfd, 0xff, 0xfd, 0xfd, 0xfd, 0xff, 0xfd, 0xfd, 0xfd, 0xff,
  0xfd, 0xfd, 0xfd, 0xff, 0xfd, 0xfd, 0xfd, 0xff, 0xfd, 0xfd, 0xfd, 0xff,
  0xfd, 0xfd, 0xfd, 0xff, 0xfd, 0xfd, 0xfd, 0xff, 0xfd, 0xfd, 0xfd, 0xff,
  0xfd, 0xfd, 0xfd, 0xff, 0xfd, 0xfd, 0xfd, 0xff, 0xfd, 0xfd, 0xfd, 0xff,
  0xfd, 0xfd, 0xfd, 0xff, 0xfd, 0xfd, 0xfd, 0xff, 0xfd, 0xfd, 0xfd, 0xff,
  0xfd, 0xfd, 0xfd, 0xff, 0xfd, 0xfd, 0xfd, 0xff, 0xfd, 0xfd, 0xfd, 0xff,
  0xfd, 0xfd, 0xfd, 0xff, 0xfd, 0xfd, 0xfd, 0xff, 0xfd, 0xfd, 0xfd, 0xff,
  0xfd, 0xfd, 0xfd, 0xff, 0xfd, 0xfd, 0xfd, 0xff, 0xfd, 0xfd, 0xfd, 0xff,
  0xfd, 0xfd, 0xfd, 0xff, 0xfd, 0xfd, 0xfd, 0xff, 0xfd, 0xfd, 0xfd, 0xff,
  0xfd, 0xfd, 0xfd, 0xff, 0xfd, 0xfd, 0xfd, 0xff, 0xfd, 0xfd, 0xfd, 0xff,
  0xfd, 0xfd, 0xfd, 0xff, 0xfd, 0xfd, 0xfd, 0xff, 0xfd, 0xfd, 0xfd, 0xff,
  0xfd, 0xfd, 0xfd, 0xff, 0xfd, 0xfd, 0xfd, 0xff, 0xfd, 0xfc, 0xfd, 0xff,
  0xfd, 0xff, 0xff, 0xff, 0xfd, 0xff, 0xff, 0xff, 0xfd, 0xff, 0xff, 0xff,
  0xfd, 0xff, 0xff, 0xff, 0xfd, 0xff, 0xff, 0xff, 0xfd, 0xff, 0xff, 0xff,
  0xfd, 0xff, 0xff, 0xff, 0xfd, 0xff, 0xff, 0xff, 0xfd, 0xfc, 0xfd, 0xff,
  0xfc, 0xf9, 0xfb, 0xff, 0xfd, 0xfc, 0xfd, 0xff, 0xfd, 0xfd, 0xfd, 0xff,
  0xfd, 0xfd, 0xfd, 0xff, 0xfd, 0xfd, 0xfd, 0xff, 0xfd, 0xfd, 0xfd, 0xff,
  0xfc, 0xfc, 0xfc, 0xff, 0xff, 0xff, 0xff, 0xff, 0xf1, 0xf1, 0xf1, 0xff,
  0xe8, 0xe8, 0xe9, 0xff, 0xf3, 0xf3, 0xf4, 0xff, 0xf8, 0xf8, 0xf8, 0xff,
  0xfa, 0xfa, 0xfa, 0xff, 0xfa, 0xfa, 0xfa, 0xff, 0xfa, 0xfa, 0xfa, 0xff,
  0xfa, 0xfa, 0xfa, 0xff, 0xfa, 0xfa, 0xfa, 0x7b, 0xfa, 0xfa, 0xfa, 0x00,
  0xfa, 0xfa, 0xfa, 0x00, 0xfa, 0xfa, 0xfa, 0x00, 0xfa, 0xfa, 0xfa, 0x00,
  0xfa, 0xfa, 0xfa, 0x00, 0xfa, 0xfa, 0xfa, 0x00, 0xfa, 0xfa, 0xfa, 0x00,
  0xfa, 0xfa, 0xfa, 0x00, 0xfa, 0xfa, 0xfa, 0x00, 0xfa, 0xfa, 0xfa, 0xd0,
  0xfa, 0xfa, 0xfa, 0xff, 0xfa, 0xfa, 0xfa, 0xff, 0xfa, 0xfa, 0xfa, 0xff,
  0xfa, 0xfa, 0xfa, 0xff, 0xf8, 0xf8, 0xf8, 0xff, 0xf3, 0xf3, 0xf3, 0xff,
  0xe9, 0xe9, 0xea, 0xff, 0xf8, 0xf8, 0xf8, 0xff, 0xff, 0xff, 0xff, 0xff,
  0xfc, 0xfc, 0xfd, 0xff, 0xfd, 0xfd, 0xfd, 0xff, 0xfd, 0xfd, 0xfd, 0xff,
  0xfd, 0xfd, 0xfd, 0xff, 0xfd, 0xfd, 0xfd, 0xff, 0xfd, 0xfd, 0xfd, 0xff,
  0xfd, 0xfd, 0xfd, 0xff, 0xfd, 0xfd, 0xfc, 0xff, 0xfd, 0xfc, 0xfc, 0xff,
  0xfd, 0xfc, 0xfc, 0xff, 0xfd, 0xfc, 0xfc, 0xff, 0xfd, 0xfc, 0xfc, 0xff,
  0xfd, 0xfc, 0xfc, 0xff, 0xfd, 0xfc, 0xfc, 0xff, 0xfd, 0xfc, 0xfc, 0xff,
  0xfd, 0xfd, 0xfd, 0xff, 0xfd, 0xfd, 0xfd, 0xff, 0xfd, 0xfd, 0xfd, 0xff,
  0xfd, 0xfd, 0xfd, 0xff, 0xfd, 0xfd, 0xfd, 0xff, 0xfd, 0xfd, 0xfd, 0xff,
  0xfd, 0xfd, 0xfd, 0xff, 0xfd, 0xfd, 0xfd, 0xff, 0xfd, 0xfd, 0xfd, 0xff,
  0xfd, 0xfd, 0xfd, 0xff, 0xfd, 0xfd, 0xfd, 0xff, 0xfd, 0xfd, 0xfd, 0xff,
  0xfd, 0xfd, 0xfd, 0xff, 0xfd, 0xfd, 0xfd, 0xff, 0xfd, 0xfd, 0xfd, 0xff,
  0xfd, 0xfd, 0xfd, 0xff, 0xfd, 0xfd, 0xfd, 0xff, 0xfd, 0xfd, 0xfd, 0xff,
  0xfd, 0xfd, 0xfd, 0xff, 0xfd, 0xfd, 0xfd, 0xff, 0xfd, 0xfd, 0xfd, 0xff,
  0xfc, 0xfd, 0xfd, 0xff, 0xfd, 0xfd, 0xfd, 0xff, 0xfd, 0xfd, 0xfd, 0xff,
  0xfd, 0xfd, 0xfd, 0xff, 0xfd, 0xfd, 0xfd, 0xff, 0xfd, 0xfd, 0xfd, 0xff,
  0xfd, 0xfd, 0xfd, 0xff, 0xfd, 0xfd, 0xfd, 0xff, 0xfd, 0xfd, 0xfd, 0xff,
  0xfd, 0xfd, 0xfd, 0xff, 0xfd, 0xfd, 0xfd, 0xff, 0xfd, 0xfd, 0xfd, 0xff,
  0xfd, 0xfd, 0xfd, 0xff, 0xfd, 0xfd, 0xfd, 0xff, 0xfd, 0xfd, 0xfd, 0xff,
  0xfd, 0xfd, 0xfd, 0xff, 0xfd, 0xfd, 0xfd, 0xff, 0xfd, 0xfd, 0xfd, 0xff,
  0xfd, 0xfd, 0xfd, 0xff, 0xfd, 0xfd, 0xfd, 0xff, 0xfd, 0xfd, 0xfd, 0xff,
  0xfd, 0xfd, 0xfd, 0xff, 0xfd, 0xfd, 0xfd, 0xff, 0xfd, 0xfd, 0xfd, 0xff,
  0xfd, 0xfd, 0xfd, 0xff, 0xfd, 0xfd, 0xfd, 0xff, 0xfd, 0xfd, 0xfd, 0xff,
  0xfd, 0xfc, 0xfd, 0xff, 0xfd, 0xfc, 0xfd, 0xff, 0xfd, 0xfc, 0xfc, 0xff,
  0xfd, 0xfc, 0xfd, 0xff, 0xfd, 0xfc, 0xfd, 0xff, 0xfd, 0xfc, 0xfd, 0xff,
  0xfd, 0xfc, 0xfd, 0xff, 0xfd, 0xfc, 0xfd, 0xff, 0xfd, 0xfd, 0xfd, 0xff,
  0xfd, 0xfd, 0xfd, 0xff, 0xfd, 0xfd, 0xfd, 0xff, 0xfd, 0xfd, 0xfd, 0xff,
  0xfd, 0xfd, 0xfd, 0xff, 0xfd, 0xfd, 0xfd, 0xff, 0xfc, 0xfc, 0xfd, 0xff,
  0xff, 0xff, 0xff, 0xff, 0xf7, 0xf7, 0xf7, 0xff, 0xe7, 0xe7, 0xe8, 0xff,
  0xf0, 0xf0, 0xf0, 0xff, 0xf6, 0xf6, 0xf7, 0xff, 0xf9, 0xf9, 0xf9, 0xff,
  0xfa, 0xfa, 0xfa, 0xff, 0xfa, 0xfa, 0xfa, 0xff, 0xfa, 0xfa, 0xfa, 0xff,
  0xfa, 0xfa, 0xfa, 0xd0, 0xfa, 0xfa, 0xfa, 0x00, 0xfa, 0xfa, 0xfa, 0x00,
  0xfa, 0xfa, 0xfa, 0x00, 0xfa, 0xfa, 0xfa, 0x00, 0xfa, 0xfa, 0xfa, 0x00,
  0xfa, 0xfa, 0xfa, 0x00, 0xfa, 0xfa, 0xfa, 0x00, 0xfa, 0xfa, 0xfa, 0x00,
  0xfa, 0xfa, 0xfa, 0x00, 0xfa, 0xfa, 0xfa, 0x00, 0xfa, 0xfa, 0xfa, 0x44,
  0xfa, 0xfa, 0xfa, 0xff, 0xfa, 0xfa, 0xfa, 0xff, 0xfa, 0xfa, 0xfa, 0xff,
  0xfa, 0xfa, 0xfa, 0xff, 0xf9, 0xf9, 0xf9, 0xff, 0xf7, 0xf7, 0xf7, 0xff,
  0xf0, 0xf0, 0xf0, 0xff, 0xe9, 0xe9, 0xea, 0xff, 0xf9, 0xf9, 0xf9, 0xff,
  0xff, 0xff, 0xff, 0xff, 0xfc, 0xfc, 0xfc, 0xff, 0xfd, 0xfd, 0xfd, 0xff,
  0xfd, 0xfd, 0xfd, 0xff, 0xfd, 0xfd, 0xfd, 0xff, 0xfd, 0xfd, 0xfd, 0xff,
  0xfd, 0xfd, 0xfd, 0xff, 0xfd, 0xfd, 0xfd, 0xff, 0xfd, 0xfd, 0xfd, 0xff,
  0xfd, 0xfd, 0xfd, 0xff, 0xfd, 0xfd, 0xfd, 0xff, 0xfd, 0xfd, 0xfd, 0xff,
  0xfd, 0xfd, 0xfd, 0xff, 0xfd, 0xfd, 0xfd, 0xff, 0xfc, 0xfd, 0xfd, 0xff,
  0xfd, 0xfd, 0xfd, 0xff, 0xfd, 0xfd, 0xfd, 0xff, 0xfd, 0xfd, 0xfd, 0xff,
  0xfd, 0xfd, 0xfd, 0xff, 0xfd, 0xfd, 0xfd, 0xff, 0xfd, 0xfd, 0xfd, 0xff,
  0xfd, 0xfd, 0xfd, 0xff, 0xfd, 0xfd, 0xfd, 0xff, 0xfd, 0xfd, 0xfd, 0xff,
  0xfd, 0xfd, 0xfd, 0xff, 0xfd, 0xfd, 0xfd, 0xff, 0xfd, 0xfd, 0xfd, 0xff,
  0xfd, 0xfd, 0xfd, 0xff, 0xfd, 0xfd, 0xfd, 0xff, 0xfd, 0xfd, 0xfd, 0xff,
  0xfd, 0xfd, 0xfd, 0xff, 0xfd, 0xfd, 0xfd, 0xff, 0xfd, 0xfd, 0xfd, 0xff,
  0xfd, 0xfd, 0xfd, 0xff, 0xfd, 0xfd, 0xfd, 0xff, 0xfd, 0xfd, 0xfd, 0xff,
  0xfd, 0xfd, 0xfd, 0xff, 0xfd, 0xfd, 0xfd, 0xff, 0xfd, 0xfd, 0xfd, 0xff,
  0xfd, 0xfd, 0xfd, 0xff, 0xfd, 0xfd, 0xfd, 0xff, 0xfd, 0xfd, 0xfd, 0xff,
  0xfd, 0xfd, 0xfd, 0xff, 0xfd, 0xfd, 0xfd, 0xff, 0xfd, 0xfd, 0xfd, 0xff,
  0xfd, 0xfd, 0xfd, 0xff, 0xfd, 0xfd, 0xfd, 0xff, 0xfd, 0xfd, 0xfd, 0xff,
  0xfd, 0xfd, 0xfd, 0xff, 0xfd, 0xfd, 0xfd, 0xff, 0xfd, 0xfd, 0xfd, 0xff,
  0xfd, 0xfd, 0xfd, 0xff, 0xfd, 0xfd, 0xfd, 0xff, 0xfd, 0xfd, 0xfd, 0xff,
  0xfd, 0xfd, 0xfd, 0xff, 0xfd, 0xfd, 0xfd, 0xff, 0xfd, 0xfd, 0xfd, 0xff,
  0xfd, 0xfd, 0xfd, 0xff, 0xfd, 0xfd, 0xfd, 0xff, 0xfd, 0xfd, 0xfd, 0xff,
  0xfd, 0xfd, 0xfd, 0xff, 0xfd, 0xfd, 0xfd, 0xff, 0xfd, 0xfd, 0xfd, 0xff,
  0xfd, 0xfd, 0xfd, 0xff, 0xfd, 0xfd, 0xfd, 0xff, 0xfd, 0xfd, 0xfd, 0xff,
  0xfd, 0xfd, 0xfd, 0xff, 0xfd, 0xfd, 0xfd, 0xff, 0xfd, 0xfd, 0xfd, 0xff,
  0xfd, 0xfd, 0xfd, 0xff, 0xfd, 0xfd, 0xfd, 0xff, 0xfd, 0xfd, 0xfd, 0xff,
  0xfd, 0xfd, 0xfd, 0xff, 0xfd, 0xfd, 0xfd, 0xff, 0xfd, 0xfd, 0xfd, 0xff,
  0xfd, 0xfd, 0xfd, 0xff, 0xfc, 0xfc, 0xfd, 0xff, 0xff, 0xff, 0xff, 0xff,
  0xf9, 0xf9, 0xf9, 0xff, 0xe7, 0xe7, 0xe8, 0xff, 0xee, 0xee, 0xee, 0xff,
  0xf5, 0xf5, 0xf5, 0xff, 0xf8, 0xf8, 0xf9, 0xff, 0xfa, 0xfa, 0xfa, 0xff,
  0xfa, 0xfa, 0xfa, 0xff, 0xfa, 0xfa, 0xfa, 0xff, 0xfa, 0xfa, 0xfa, 0xff,
  0xfa, 0xfa, 0xfa, 0x44, 0xfa, 0xfa, 0xfa, 0x00, 0xfa, 0xfa, 0xfa, 0x00,
  0xfa, 0xfa, 0xfa, 0x00, 0xfa, 0xfa, 0xfa, 0x00, 0xfa, 0xfa, 0xfa, 0x00,
  0xfa, 0xfa, 0xfa, 0x00, 0xfa, 0xfa, 0xfa, 0x00, 0xfa, 0xfa, 0xfa, 0x00,
  0xfa, 0xfa, 0xfa, 0x00, 0xfa, 0xfa, 0xfa, 0x00, 0xfa, 0xfa, 0xfa, 0x00,
  0xfa, 0xfb, 0xfa, 0x7f, 0xfa, 0xfa, 0xfa, 0xff, 0xfa, 0xfa, 0xfa, 0xff,
  0xfa, 0xfa, 0xfa, 0xff, 0xfa, 0xfa, 0xfa, 0xff, 0xf9, 0xf9, 0xf9, 0xff,
  0xf6, 0xf6, 0xf7, 0xff, 0xef, 0xef, 0xef, 0xff, 0xe9, 0xe9, 0xea, 0xff,
  0xf8, 0xf7, 0xf8, 0xff, 0xff, 0xff, 0xff, 0xff, 0xfd, 0xfd, 0xfd, 0xff,
  0xfd, 0xfd, 0xfd, 0xff, 0xfd, 0xfd, 0xfd, 0xff, 0xfd, 0xfd, 0xfd, 0xff,
  0xfd, 0xfd, 0xfd, 0xff, 0xfd, 0xfd, 0xfd, 0xff, 0xfd, 0xfd, 0xfd, 0xff,
  0xfd, 0xfd, 0xfd, 0xff, 0xfd, 0xfd, 0xfd, 0xff, 0xfd, 0xfd, 0xfd, 0xff,
  0xfd, 0xfd, 0xfd, 0xff, 0xfd, 0xfd, 0xfd, 0xff, 0xfd, 0xfd, 0xfd, 0xff,
  0xfd, 0xfd, 0xfd, 0xff, 0xfd, 0xfd, 0xfd, 0xff, 0xfd, 0xfd, 0xfd, 0xff,
  0xfd, 0xfd, 0xfd, 0xff, 0xfd, 0xfd, 0xfd, 0xff, 0xfd, 0xfd, 0xfd, 0xff,
  0xfd, 0xfd, 0xfd, 0xff, 0xfd, 0xfd, 0xfd, 0xff, 0xfd, 0xfd, 0xfd, 0xff,
  0xfd, 0xfd, 0xfd, 0xff, 0xfd, 0xfd, 0xfd, 0xff, 0xfd, 0xfd, 0xfd, 0xff,
  0xfd, 0xfd, 0xfd, 0xff, 0xfd, 0xfd, 0xfd, 0xff, 0xfd, 0xfd, 0xfd, 0xff,
  0xfd, 0xfd, 0xfd, 0xff, 0xfd, 0xfd, 0xfd, 0xff, 0xfd, 0xfd, 0xfd, 0xff,
  0xfd, 0xfd, 0xfd, 0xff, 0xfd, 0xfd, 0xfd, 0xff, 0xfd, 0xfd, 0xfd, 0xff,
  0xfd, 0xfd, 0xfd, 0xff, 0xfd, 0xfd, 0xfd, 0xff, 0xfd, 0xfd, 0xfd, 0xff,
  0xfd, 0xfd, 0xfd, 0xff, 0xfd, 0xfd, 0xfd, 0xff, 0xfd, 0xfd, 0xfd, 0xff,
  0xfd, 0xfd, 0xfd, 0xff, 0xfd, 0xfd, 0xfd, 0xff, 0xfd, 0xfd, 0xfd, 0xff,
  0xfd, 0xfd, 0xfd, 0xff, 0xfd, 0xfd, 0xfd, 0xff, 0xfd, 0xfd, 0xfd, 0xff,
  0xfd, 0xfd, 0xfd, 0xff, 0xfd, 0xfd, 0xfd, 0xff, 0xfd, 0xfd, 0xfd, 0xff,
  0xfd, 0xfd, 0xfd, 0xff, 0xfd, 0xfd, 0xfd, 0xff, 0xfd, 0xfd, 0xfd, 0xff,
  0xfd, 0xfd, 0xfd, 0xff, 0xfd, 0xfd, 0xfd, 0xff, 0xfd, 0xfd, 0xfd, 0xff,
  0xfd, 0xfd, 0xfd, 0xff, 0xfd, 0xfd, 0xfd, 0xff, 0xfd, 0xfd, 0xfd, 0xff,
  0xfd, 0xfd, 0xfd, 0xff, 0xfd, 0xfd, 0xfd, 0xff, 0xfd, 0xfd, 0xfd, 0xff,
  0xfd, 0xfd, 0xfd, 0xff, 0xfd, 0xfd, 0xfd, 0xff, 0xfd, 0xfd, 0xfd, 0xff,
  0xfd, 0xfd, 0xfd, 0xff, 0xfd, 0xfd, 0xfd, 0xff, 0xfd, 0xfd, 0xfd, 0xff,
  0xfd, 0xfd, 0xfd, 0xff, 0xfd, 0xfd, 0xfd, 0xff, 0xfd, 0xfd, 0xfd, 0xff,
  0xfd, 0xfd, 0xfd, 0xff, 0xfd, 0xfd, 0xfd, 0xff, 0xfc, 0xfc, 0xfd, 0xff,
  0xfd, 0xfd, 0xfd, 0xff, 0xff, 0xff, 0xff, 0xff, 0xf8, 0xf8, 0xf8, 0xff,
  0xe7, 0xe7, 0xe8, 0xff, 0xec, 0xec, 0xed, 0xff, 0xf4, 0xf4, 0xf4, 0xff,
  0xf8, 0xf8, 0xf8, 0xff, 0xf9, 0xfa, 0xfa, 0xff, 0xfa, 0xfa, 0xfa, 0xff,
  0xfa, 0xfa, 0xfa, 0xff, 0xfa, 0xfa, 0xfa, 0xff, 0xfa, 0xfa, 0xfa, 0x7f,
  0xfa, 0xfa, 0xfa, 0x00, 0xfa, 0xfa, 0xfa, 0x00, 0xfa, 0xfa, 0xfa, 0x00,
  0xfa, 0xfa, 0xfa, 0x00, 0xfa, 0xfa, 0xfa, 0x00, 0xfa, 0xfa, 0xfa, 0x00,
  0xfa, 0xfa, 0xfa, 0x00, 0xfa, 0xfa, 0xfa, 0x00, 0xfa, 0xfa, 0xfa, 0x00,
  0xfa, 0xfa, 0xfa, 0x00, 0xfa, 0xfa, 0xfa, 0x00, 0xfa, 0xfa, 0xfa, 0x00,
  0xfa, 0xfa, 0xfa, 0x00, 0xfa, 0xfa, 0xfa, 0xaa, 0xfa, 0xfa, 0xfa, 0xff,
  0xfa, 0xfa, 0xfa, 0xff, 0xfa, 0xfa, 0xfb, 0xff, 0xfa, 0xfa, 0xfa, 0xff,
  0xf9, 0xf9, 0xf9, 0xff, 0xf6, 0xf6, 0xf7, 0xff, 0xef, 0xef, 0xef, 0xff,
  0xe7, 0xe7, 0xe8, 0xff, 0xf2, 0xf2, 0xf2, 0xff, 0xfe, 0xfe, 0xfe, 0xff,
  0xff, 0xff, 0xff, 0xff, 0xfc, 0xfd, 0xfd, 0xff, 0xfc, 0xfd, 0xfd, 0xff,
  0xfd, 0xfd, 0xfd, 0xff, 0xfd, 0xfd, 0xfd, 0xff, 0xfd, 0xfd, 0xfd, 0xff,
  0xfd, 0xfd, 0xfd, 0xff, 0xfd, 0xfd, 0xfd, 0xff, 0xfd, 0xfd, 0xfd, 0xff,
  0xfc, 0xfd, 0xfd, 0xff, 0xfd, 0xfd, 0xfd, 0xff, 0xfd, 0xfd, 0xfd, 0xff,
  0xfd, 0xfd, 0xfd, 0xff, 0xfd, 0xfd, 0xfd, 0xff, 0xfd, 0xfd, 0xfd, 0xff,
  0xfd, 0xfd, 0xfd, 0xff, 0xfd, 0xfd, 0xfd, 0xff, 0xfd, 0xfd, 0xfd, 0xff,
  0xfd, 0xfd, 0xfd, 0xff, 0xfd, 0xfd, 0xfd, 0xff, 0xfd, 0xfd, 0xfd, 0xff,
  0xfd, 0xfd, 0xfd, 0xff, 0xfd, 0xfd, 0xfd, 0xff, 0xfd, 0xfd, 0xfd, 0xff,
  0xfd, 0xfd, 0xfd, 0xff, 0xfd, 0xfd, 0xfd, 0xff, 0xfd, 0xfd, 0xfd, 0xff,
  0xfd, 0xfd, 0xfd, 0xff, 0xfd, 0xfd, 0xfd, 0xff, 0xfd, 0xfd, 0xfd, 0xff,
  0xfd, 0xfd, 0xfd, 0xff, 0xfd, 0xfd, 0xfd, 0xff, 0xfd, 0xfd, 0xfd, 0xff,
  0xfd, 0xfd, 0xfd, 0xff, 0xfd, 0xfd, 0xfd, 0xff, 0xfd, 0xfd, 0xfd, 0xff,
  0xfd, 0xfd, 0xfd, 0xff, 0xfd, 0xfd, 0xfd, 0xff, 0xfd, 0xfd, 0xfd, 0xff,
  0xfd, 0xfd, 0xfd, 0xff, 0xfd, 0xfd, 0xfd, 0xff, 0xfd, 0xfd, 0xfd, 0xff,
  0xfd, 0xfd, 0xfd, 0xff, 0xfd, 0xfd, 0xfd, 0xff, 0xfd, 0xfd, 0xfd, 0xff,
  0xfd, 0xfd, 0xfd, 0xff, 0xfd, 0xfd, 0xfd, 0xff, 0xfd, 0xfd, 0xfd, 0xff,
  0xfd, 0xfd, 0xfd, 0xff, 0xfd, 0xfd, 0xfd, 0xff, 0xfd, 0xfd, 0xfd, 0xff,
  0xfd, 0xfd, 0xfd, 0xff, 0xfd, 0xfd, 0xfd, 0xff, 0xfd, 0xfd, 0xfd, 0xff,
  0xfd, 0xfd, 0xfd, 0xff, 0xfd, 0xfd, 0xfd, 0xff, 0xfd, 0xfd, 0xfd, 0xff,
  0xfd, 0xfd, 0xfd, 0xff, 0xfd, 0xfd, 0xfd, 0xff, 0xfd, 0xfd, 0xfd, 0xff,
  0xfd, 0xfd, 0xfd, 0xff, 0xfd, 0xfd, 0xfd, 0xff, 0xfd, 0xfd, 0xfd, 0xff,
  0xfd, 0xfd, 0xfd, 0xff, 0xfd, 0xfd, 0xfd, 0xff, 0xfd, 0xfd, 0xfd, 0xff,
  0xfd, 0xfd, 0xfd, 0xff, 0xfd, 0xfd, 0xfd, 0xff, 0xfd, 0xfd, 0xfd, 0xff,
  0xfc, 0xfc, 0xfd, 0xff, 0xfd, 0xfd, 0xfd, 0xff, 0xfe, 0xfe, 0xff, 0xff,
  0xfe, 0xff, 0xff, 0xff, 0xf3, 0xf3, 0xf3, 0xff, 0xe6, 0xe6, 0xe7, 0xff,
  0xed, 0xed, 0xed, 0xff, 0xf4, 0xf4, 0xf4, 0xff, 0xf8, 0xf8, 0xf8, 0xff,
  0xf9, 0xfa, 0xfa, 0xff, 0xfa, 0xfa, 0xfa, 0xff, 0xfa, 0xfa, 0xfa, 0xff,
  0xfa, 0xfa, 0xfa, 0xff, 0xfa, 0xfa, 0xfa, 0xaa, 0xfa, 0xfa, 0xfa, 0x00,
  0xfa, 0xfa, 0xfa, 0x00, 0xfa, 0xfa, 0xfa, 0x00, 0xfa, 0xfa, 0xfa, 0x00,
  0xfa, 0xfa, 0xfa, 0x00, 0xfa, 0xfa, 0xfa, 0x00, 0xfa, 0xfa, 0xfa, 0x00,
  0xfa, 0xfa, 0xfa, 0x00, 0xfa, 0xfa, 0xfa, 0x00, 0xfa, 0xfa, 0xfa, 0x00,
  0xfa, 0xfa, 0xfa, 0x00, 0xfa, 0xfa, 0xfa, 0x00, 0xfa, 0xfa, 0xfa, 0x00,
  0xfa, 0xfa, 0xfa, 0x00, 0xfa, 0xfa, 0xfb, 0x05, 0xfa, 0xfa, 0xfa, 0xc3,
  0xfa, 0xfa, 0xfa, 0xff, 0xfa, 0xfa, 0xfa, 0xff, 0xfa, 0xfa, 0xfb, 0xff,
  0xfa, 0xfa, 0xfa, 0xff, 0xf9, 0xf9, 0xf9, 0xff, 0xf6, 0xf6, 0xf6, 0xff,
  0xf0, 0xf0, 0xf1, 0xff, 0xe8, 0xe8, 0xe8, 0xff, 0xeb, 0xeb, 0xeb, 0xff,
  0xf7, 0xf7, 0xf7, 0xff, 0xfe, 0xfe, 0xfe, 0xff, 0xff, 0xff, 0xff, 0xff,
  0xfe, 0xfe, 0xfe, 0xff, 0xfd, 0xfd, 0xfd, 0xff, 0xfc, 0xfd, 0xfd, 0xff,
  0xfd, 0xfd, 0xfd, 0xff, 0xfc, 0xfd, 0xfd, 0xff, 0xfc, 0xfd, 0xfd, 0xff,
  0xfc, 0xfd, 0xfd, 0xff, 0xfc, 0xfd, 0xfd, 0xff, 0xfc, 0xfd, 0xfd, 0xff,
  0xfd, 0xfd, 0xfd, 0xff, 0xfc, 0xfd, 0xfd, 0xff, 0xfc, 0xfc, 0xfd, 0xff,
  0xfc, 0xfc, 0xfd, 0xff, 0xfc, 0xfc, 0xfd, 0xff, 0xfd, 0xfd, 0xfd, 0xff,
  0xfc, 0xfd, 0xfd, 0xff, 0xfc, 0xfc, 0xfd, 0xff, 0xfd, 0xfd, 0xfd, 0xff,
  0xfd, 0xfd, 0xfd, 0xff, 0xfc, 0xfd, 0xfd, 0xff, 0xfc, 0xfc, 0xfd, 0xff,
  0xfc, 0xfc, 0xfd, 0xff, 0xfc, 0xfd, 0xfd, 0xff, 0xfc, 0xfd, 0xfd, 0xff,
  0xfc, 0xfd, 0xfd, 0xff, 0xfc, 0xfd, 0xfd, 0xff, 0xfd, 0xfd, 0xfd, 0xff,
  0xfc, 0xfc, 0xfd, 0xff, 0xfc, 0xfc, 0xfd, 0xff, 0xfc, 0xfd, 0xfd, 0xff,
  0xfc, 0xfd, 0xfd, 0xff, 0xfc, 0xfd, 0xfc, 0xff, 0xfc, 0xfc, 0xfc, 0xff,
  0xfc, 0xfc, 0xfc, 0xff, 0xfc, 0xfd, 0xfd, 0xff, 0xfc, 0xfd, 0xfc, 0xff,
  0xfc, 0xfd, 0xfd, 0xff, 0xfc, 0xfd, 0xfd, 0xff, 0xfc, 0xfc, 0xfd, 0xff,
  0xfc, 0xfd, 0xfd, 0xff, 0xfc, 0xfc, 0xfd, 0xff, 0xfd, 0xfd, 0xfd, 0xff,
  0xfc, 0xfd, 0xfd, 0xff, 0xfc, 0xfc, 0xfd, 0xff, 0xfc, 0xfd, 0xfd, 0xff,
  0xfc, 0xfd, 0xfd, 0xff, 0xfc, 0xfd, 0xfd, 0xff, 0xfc, 0xfc, 0xfd, 0xff,
  0xfc, 0xfc, 0xfd, 0xff, 0xfc, 0xfd, 0xfd, 0xff, 0xfc, 0xfd, 0xfd, 0xff,
  0xfd, 0xfd, 0xfd, 0xff, 0xfc, 0xfd, 0xfd, 0xff, 0xfc, 0xfc, 0xfc, 0xff,
  0xfd, 0xfd, 0xfd, 0xff, 0xfc, 0xfc, 0xfd, 0xff, 0xfc, 0xfc, 0xfc, 0xff,
  0xfd, 0xfd, 0xfd, 0xff, 0xfc, 0xfd, 0xfd, 0xff, 0xfc, 0xfd, 0xfd, 0xff,
  0xfd, 0xfd, 0xfd, 0xff, 0xfd, 0xfd, 0xfd, 0xff, 0xfd, 0xfd, 0xfd, 0xff,
  0xfc, 0xfc, 0xfd, 0xff, 0xfd, 0xfd, 0xfd, 0xff, 0xfd, 0xfe, 0xfe, 0xff,
  0xfe, 0xfe, 0xff, 0xff, 0xff, 0xff, 0xff, 0xff, 0xf8, 0xf9, 0xf9, 0xff,
  0xeb, 0xeb, 0xec, 0xff, 0xe7, 0xe7, 0xe7, 0xff, 0xef, 0xef, 0xef, 0xff,
  0xf5, 0xf5, 0xf5, 0xff, 0xf8, 0xf8, 0xf8, 0xff, 0xfa, 0xfa, 0xfa, 0xff,
  0xfa, 0xfa, 0xfa, 0xff, 0xfa, 0xfa, 0xfa, 0xff, 0xfa, 0xfa, 0xfa, 0xff,
  0xfa, 0xfa, 0xfa, 0xc3, 0xfa, 0xfa, 0xfa, 0x05, 0xfa, 0xfa, 0xfa, 0x00,
  0xfa, 0xfa, 0xfa, 0x00, 0xfa, 0xfa, 0xfa, 0x00, 0xfa, 0xfa, 0xfa, 0x00,
  0xfa, 0xfa, 0xfa, 0x00, 0xfa, 0xfa, 0xfa, 0x00, 0xfa, 0xfa, 0xfa, 0x00,
  0xfa, 0xfa, 0xfa, 0x00, 0xfa, 0xfa, 0xfa, 0x00, 0xfa, 0xfa, 0xfa, 0x00,
  0xfa, 0xfa, 0xfa, 0x00, 0xfa, 0xfa, 0xfa, 0x00, 0xfa, 0xfa, 0xfa, 0x00,
  0xfa, 0xfa, 0xfa, 0x00, 0xfa, 0xfa, 0xfa, 0x00, 0xfa, 0xfa, 0xfa, 0x15,
  0xfa, 0xfa, 0xfa, 0xcc, 0xfa, 0xfa, 0xfa, 0xff, 0xfa, 0xfa, 0xfa, 0xff,
  0xfa, 0xfa, 0xfa, 0xff, 0xfa, 0xfa, 0xfa, 0xff, 0xf9, 0xf9, 0xf9, 0xff,
  0xf7, 0xf7, 0xf7, 0xff, 0xf3, 0xf3, 0xf4, 0xff, 0xeb, 0xec, 0xec, 0xff,
  0xe6, 0xe6, 0xe7, 0xff, 0xeb, 0xeb, 0xeb, 0xff, 0xf4, 0xf4, 0xf4, 0xff,
  0xfb, 0xfb, 0xfb, 0xff, 0xfe, 0xfe, 0xfe, 0xff, 0xff, 0xff, 0xff, 0xff,
  0xff, 0xff, 0xff, 0xff, 0xff, 0xff, 0xff, 0xff, 0xff, 0xff, 0xff, 0xff,
  0xff, 0xff, 0xff, 0xff, 0xfe, 0xff, 0xff, 0xff, 0xfe, 0xff, 0xff, 0xff,
  0xff, 0xff, 0xff, 0xff, 0xff, 0xff, 0xff, 0xff, 0xff, 0xff, 0xff, 0xff,
  0xff, 0xff, 0xff, 0xff, 0xff, 0xff, 0xff, 0xff, 0xff, 0xff, 0xff, 0xff,
  0xff, 0xff, 0xff, 0xff, 0xfe, 0xff, 0xff, 0xff, 0xfe, 0xff, 0xff, 0xff,
  0xfe, 0xff, 0xff, 0xff, 0xff, 0xff, 0xff, 0xff, 0xfe, 0xfe, 0xff, 0xff,
  0xff, 0xff, 0xff, 0xff, 0xff, 0xff, 0xff, 0xff, 0xff, 0xff, 0xff, 0xff,
  0xfe, 0xff, 0xff, 0xff, 0xff, 0xff, 0xff, 0xff, 0xff, 0xff, 0xff, 0xff,
  0xff, 0xff, 0xff, 0xff, 0xfe, 0xfe, 0xff, 0xff, 0xfe, 0xff, 0xff, 0xff,
  0xff, 0xff, 0xff, 0xff, 0xff, 0xff, 0xff, 0xff, 0xff, 0xff, 0xff, 0xff,
  0xff, 0xff, 0xff, 0xff, 0xfe, 0xff, 0xff, 0xff, 0xfe, 0xff, 0xff, 0xff,
  0xff, 0xff, 0xff, 0xff, 0xff, 0xff, 0xff, 0xff, 0xfe, 0xfe, 0xff, 0xff,
  0xff, 0xff, 0xff, 0xff, 0xff, 0xff, 0xff, 0xff, 0xfe, 0xff, 0xff, 0xff,
  0xff, 0xff, 0xff, 0xff, 0xff, 0xff, 0xff, 0xff, 0xff, 0xff, 0xff, 0xff,
  0xff, 0xff, 0xff, 0xff, 0xff, 0xff, 0xff, 0xff, 0xff, 0xff, 0xff, 0xff,
  0xff, 0xff, 0xff, 0xff, 0xfe, 0xff, 0xff, 0xff, 0xff, 0xff, 0xff, 0xff,
  0xfe, 0xff, 0xff, 0xff, 0xfe, 0xff, 0xff, 0xff, 0xff, 0xff, 0xff, 0xff,
  0xff, 0xff, 0xff, 0xff, 0xff, 0xff, 0xff, 0xff, 0xff, 0xff, 0xff, 0xff,
  0xfe, 0xfe, 0xfe, 0xff, 0xfe, 0xff, 0xff, 0xff, 0xff, 0xff, 0xff, 0xff,
  0xfe, 0xff, 0xff, 0xff, 0xff, 0xff, 0xff, 0xff, 0xff, 0xff, 0xff, 0xff,
  0xff, 0xff, 0xff, 0xff, 0xfe, 0xfe, 0xfe, 0xff, 0xfc, 0xfc, 0xfc, 0xff,
  0xf5, 0xf5, 0xf5, 0xff, 0xec, 0xec, 0xec, 0xff, 0xe5, 0xe5, 0xe6, 0xff,
  0xea, 0xea, 0xea, 0xff, 0xf2, 0xf2, 0xf2, 0xff, 0xf6, 0xf6, 0xf6, 0xff,
  0xf8, 0xf8, 0xf9, 0xff, 0xfa, 0xfa, 0xfa, 0xff, 0xfa, 0xfa, 0xfa, 0xff,
  0xfa, 0xfa, 0xfa, 0xff, 0xfa, 0xfa, 0xfa, 0xff, 0xfa, 0xfa, 0xfa, 0xcc,
  0xfa, 0xfa, 0xfa, 0x15, 0xfa, 0xfa, 0xfa, 0x00, 0xfa, 0xfa, 0xfa, 0x00,
  0xfa, 0xfa, 0xfa, 0x00, 0xfa, 0xfa, 0xfa, 0x00, 0xfa, 0xfa, 0xfa, 0x00,
  0xfa, 0xfa, 0xfa, 0x00, 0xfa, 0xfa, 0xfa, 0x00, 0xfa, 0xfa, 0xfa, 0x00,
  0xfa, 0xfa, 0xfa, 0x00, 0xfa, 0xfa, 0xfa, 0x00, 0xfa, 0xfa, 0xfa, 0x00,
  0xfa, 0xfa, 0xfa, 0x00, 0xfa, 0xfa, 0xfa, 0x00, 0xfa, 0xfa, 0xfa, 0x00,
  0xfa, 0xfa, 0xfa, 0x00, 0xfa, 0xfa, 0xfa, 0x00, 0xfa, 0xfa, 0xfa, 0x00,
  0xfa, 0xfa, 0xfa, 0x15, 0xfa, 0xfa, 0xfa, 0xc3, 0xfa, 0xfa, 0xfa, 0xff,
  0xfa, 0xfa, 0xfa, 0xff, 0xfa, 0xfa, 0xfa, 0xff, 0xfa, 0xfa, 0xfa, 0xff,
  0xf9, 0xf9, 0xf9, 0xff, 0xf8, 0xf8, 0xf8, 0xff, 0xf5, 0xf5, 0xf5, 0xff,
  0xf1, 0xf1, 0xf2, 0xff, 0xeb, 0xeb, 0xec, 0xff, 0xe7, 0xe7, 0xe7, 0xff,
  0xe7, 0xe7, 0xe7, 0xff, 0xea, 0xea, 0xeb, 0xff, 0xef, 0xef, 0xef, 0xff,
  0xf2, 0xf2, 0xf2, 0xff, 0xf3, 0xf3, 0xf4, 0xff, 0xf4, 0xf4, 0xf4, 0xff,
  0xf4, 0xf4, 0xf4, 0xff, 0xf4, 0xf4, 0xf4, 0xff, 0xf4, 0xf4, 0xf4, 0xff,
  0xf4, 0xf4, 0xf4, 0xff, 0xf4, 0xf4, 0xf4, 0xff, 0xf4, 0xf4, 0xf4, 0xff,
  0xf4, 0xf4, 0xf4, 0xff, 0xf4, 0xf4, 0xf4, 0xff, 0xf4, 0xf4, 0xf4, 0xff,
  0xf4, 0xf4, 0xf4, 0xff, 0xf4, 0xf4, 0xf4, 0xff, 0xf4, 0xf4, 0xf4, 0xff,
  0xf4, 0xf4, 0xf4, 0xff, 0xf4, 0xf4, 0xf4, 0xff, 0xf4, 0xf4, 0xf4, 0xff,
  0xf4, 0xf4, 0xf4, 0xff, 0xf4, 0xf4, 0xf4, 0xff, 0xf4, 0xf4, 0xf4, 0xff,
  0xf4, 0xf4, 0xf4, 0xff, 0xf4, 0xf4, 0xf4, 0xff, 0xf4, 0xf4, 0xf4, 0xff,
  0xf4, 0xf4, 0xf5, 0xff, 0xf4, 0xf5, 0xf5, 0xff, 0xf4, 0xf4, 0xf4, 0xff,
  0xf4, 0xf4, 0xf4, 0xff, 0xf4, 0xf4, 0xf4, 0xff, 0xf4, 0xf4, 0xf4, 0xff,
  0xf4, 0xf4, 0xf4, 0xff, 0xf4, 0xf4, 0xf4, 0xff, 0xf4, 0xf4, 0xf4, 0xff,
  0xf4, 0xf4, 0xf5, 0xff, 0xf4, 0xf4, 0xf4, 0xff, 0xf4, 0xf4, 0xf4, 0xff,
  0xf4, 0xf4, 0xf4, 0xff, 0xf4, 0xf4, 0xf4, 0xff, 0xf4, 0xf4, 0xf4, 0xff,
  0xf4, 0xf4, 0xf4, 0xff, 0xf4, 0xf4, 0xf4, 0xff, 0xf4, 0xf4, 0xf4, 0xff,
  0xf4, 0xf4, 0xf4, 0xff, 0xf4, 0xf4, 0xf4, 0xff, 0xf4, 0xf4, 0xf4, 0xff,
  0xf4, 0xf4, 0xf4, 0xff, 0xf4, 0xf4, 0xf4, 0xff, 0xf4, 0xf4, 0xf4, 0xff,
  0xf4, 0xf4, 0xf4, 0xff, 0xf4, 0xf4, 0xf4, 0xff, 0xf4, 0xf4, 0xf5, 0xff,
  0xf4, 0xf4, 0xf5, 0xff, 0xf4, 0xf4, 0xf4, 0xff, 0xf4, 0xf4, 0xf4, 0xff,
  0xf4, 0xf4, 0xf4, 0xff, 0xf4, 0xf4, 0xf4, 0xff, 0xf4, 0xf4, 0xf4, 0xff,
  0xf4, 0xf4, 0xf4, 0xff, 0xf3, 0xf3, 0xf4, 0xff, 0xf2, 0xf2, 0xf2, 0xff,
  0xef, 0xef, 0xef, 0xff, 0xeb, 0xeb, 0xeb, 0xff, 0xe8, 0xe8, 0xe8, 0xff,
  0xe7, 0xe7, 0xe7, 0xff, 0xea, 0xea, 0xea, 0xff, 0xf0, 0xf0, 0xf0, 0xff,
  0xf4, 0xf4, 0xf4, 0xff, 0xf7, 0xf7, 0xf7, 0xff, 0xf9, 0xf9, 0xf9, 0xff,
  0xfa, 0xfa, 0xfa, 0xff, 0xfa, 0xfa, 0xfa, 0xff, 0xfa, 0xfa, 0xfa, 0xff,
  0xfa, 0xfa, 0xfa, 0xff, 0xfa, 0xfa, 0xfa, 0xc3, 0xfa, 0xfa, 0xfa, 0x15,
  0xfa, 0xfa, 0xfa, 0x00, 0xfa, 0xfa, 0xfa, 0x00, 0xfa, 0xfa, 0xfa, 0x00,
  0xfa, 0xfa, 0xfa, 0x00, 0xfa, 0xfa, 0xfa, 0x00, 0xfa, 0xfa, 0xfa, 0x00,
  0xfa, 0xfa, 0xfa, 0x00, 0xfa, 0xfa, 0xfa, 0x00, 0xfa, 0xfa, 0xfa, 0x00,
  0xfa, 0xfa, 0xfa, 0x00, 0xfa, 0xfa, 0xfa, 0x00, 0xfa, 0xfa, 0xfa, 0x00,
  0xfa, 0xfa, 0xfa, 0x00, 0xfa, 0xfa, 0xfa, 0x00, 0xfa, 0xfa, 0xfa, 0x00,
  0xfa, 0xfa, 0xfa, 0x00, 0xfa, 0xfa, 0xfa, 0x00, 0xfa, 0xfa, 0xfa, 0x00,
  0xfa, 0xfa, 0xfa, 0x00, 0xfa, 0xfa, 0xfa, 0x05, 0xfa, 0xfa, 0xfa, 0xaa,
  0xfa, 0xfa, 0xfa, 0xff, 0xfa, 0xfa, 0xfa, 0xff, 0xfa, 0xfa, 0xfa, 0xff,
  0xfa, 0xfa, 0xfa, 0xff, 0xf9, 0xfa, 0xfa, 0xff, 0xf9, 0xf9, 0xf9, 0xff,
  0xf7, 0xf8, 0xf8, 0xff, 0xf6, 0xf6, 0xf6, 0xff, 0xf4, 0xf4, 0xf4, 0xff,
  0xf0, 0xf0, 0xf0, 0xff, 0xec, 0xec, 0xec, 0xff, 0xe9, 0xe9, 0xea, 0xff,
  0xe8, 0xe9, 0xe9, 0xff, 0xe8, 0xe8, 0xe8, 0xff, 0xe7, 0xe7, 0xe8, 0xff,
  0xe7, 0xe7, 0xe8, 0xff, 0xe7, 0xe7, 0xe8, 0xff, 0xe7, 0xe7, 0xe8, 0xff,
  0xe7, 0xe7, 0xe8, 0xff, 0xe7, 0xe7, 0xe7, 0xff, 0xe7, 0xe8, 0xe8, 0xff,
  0xe7, 0xe8, 0xe8, 0xff, 0xe7, 0xe7, 0xe7, 0xff, 0xe7, 0xe7, 0xe7, 0xff,
  0xe7, 0xe7, 0xe7, 0xff, 0xe7, 0xe7, 0xe7, 0xff, 0xe7, 0xe7, 0xe8, 0xff,
  0xe7, 0xe7, 0xe8, 0xff, 0xe7, 0xe7, 0xe7, 0xff, 0xe7, 0xe7, 0xe7, 0xff,
  0xe7, 0xe7, 0xe7, 0xff, 0xe7, 0xe7, 0xe8, 0xff, 0xe7, 0xe7, 0xe7, 0xff,
  0xe7, 0xe7, 0xe7, 0xff, 0xe7, 0xe7, 0xe7, 0xff, 0xe7, 0xe7, 0xe7, 0xff,
  0xe7, 0xe7, 0xe7, 0xff, 0xe8, 0xe8, 0xe8, 0xff, 0xe7, 0xe7, 0xe8, 0xff,
  0xe7, 0xe7, 0xe7, 0xff, 0xe7, 0xe7, 0xe8, 0xff, 0xe7, 0xe7, 0xe7, 0xff,
  0xe7, 0xe7, 0xe7, 0xff, 0xe7, 0xe7, 0xe8, 0xff, 0xe7, 0xe7, 0xe8, 0xff,
  0xe7, 0xe7, 0xe8, 0xff, 0xe7, 0xe7, 0xe8, 0xff, 0xe8, 0xe8, 0xe8, 0xff,
  0xe7, 0xe7, 0xe8, 0xff, 0xe7, 0xe7, 0xe7, 0xff, 0xe6, 0xe7, 0xe7, 0xff,
  0xe7, 0xe7, 0xe7, 0xff, 0xe7, 0xe7, 0xe7, 0xff, 0xe7, 0xe7, 0xe8, 0xff,
  0xe7, 0xe7, 0xe7, 0xff, 0xe7, 0xe7, 0xe7, 0xff, 0xe7, 0xe7, 0xe7, 0xff,
  0xe7, 0xe7, 0xe7, 0xff, 0xe7, 0xe7, 0xe8, 0xff, 0xe7, 0xe7, 0xe7, 0xff,
  0xe7, 0xe7, 0xe8, 0xff, 0xe7, 0xe7, 0xe8, 0xff, 0xe8, 0xe8, 0xe8, 0xff,
  0xe7, 0xe7, 0xe8, 0xff, 0xe7, 0xe7, 0xe7, 0xff, 0xe7, 0xe7, 0xe7, 0xff,
  0xe7, 0xe7, 0xe8, 0xff, 0xe7, 0xe7, 0xe8, 0xff, 0xe7, 0xe7, 0xe8, 0xff,
  0xe7, 0xe7, 0xe8, 0xff, 0xe7, 0xe7, 0xe8, 0xff, 0xe8, 0xe8, 0xe9, 0xff,
  0xe9, 0xea, 0xea, 0xff, 0xec, 0xec, 0xec, 0xff, 0xef, 0xef, 0xf0, 0xff,
  0xf3, 0xf3, 0xf3, 0xff, 0xf5, 0xf5, 0xf6, 0xff, 0xf7, 0xf7, 0xf7, 0xff,
  0xf9, 0xf9, 0xf9, 0xff, 0xf9, 0xfa, 0xfa, 0xff, 0xfa, 0xfa, 0xfa, 0xff,
  0xfa, 0xfa, 0xfa, 0xff, 0xfa, 0xfa, 0xfa, 0xff, 0xfa, 0xfa, 0xfa, 0xff,
  0xfa, 0xfa, 0xfa, 0xaa, 0xfa, 0xfa, 0xfa, 0x05, 0xfa, 0xfa, 0xfa, 0x00,
  0xfa, 0xfa, 0xfa, 0x00, 0xfa, 0xfa, 0xfa, 0x00, 0xfa, 0xfa, 0xfa, 0x00,
  0xfa, 0xfa, 0xfa, 0x00, 0xfa, 0xfa, 0xfa, 0x00, 0xfa, 0xfa, 0xfa, 0x00,
  0xfa, 0xfa, 0xfa, 0x00, 0xfa, 0xfa, 0xfa, 0x00, 0xfa, 0xfa, 0xfa, 0x00,
  0xfa, 0xfa, 0xfa, 0x00, 0xfa, 0xfa, 0xfa, 0x00, 0xfa, 0xfa, 0xfa, 0x00,
  0xfa, 0xfa, 0xfa, 0x00, 0xfa, 0xfa, 0xfa, 0x00, 0xfa, 0xfa, 0xfa, 0x00,
  0xfa, 0xfa, 0xfa, 0x00, 0xfa, 0xfa, 0xfa, 0x00, 0xfa, 0xfa, 0xfa, 0x00,
  0xfa, 0xfa, 0xfa, 0x00, 0xfa, 0xfa, 0xfa, 0x00, 0xfa, 0xfa, 0xfa, 0x00,
  0xfa, 0xfa, 0xfa, 0x7f, 0xfa, 0xfa, 0xfa, 0xff, 0xfa, 0xfa, 0xfa, 0xff,
  0xfa, 0xfa, 0xfa, 0xff, 0xfa, 0xfa, 0xfa, 0xff, 0xfa, 0xfa, 0xfa, 0xff,
  0xf9, 0xf9, 0xfa, 0xff, 0xf9, 0xf9, 0xf9, 0xff, 0xf8, 0xf8, 0xf8, 0xff,
  0xf7, 0xf7, 0xf7, 0xff, 0xf6, 0xf6, 0xf7, 0xff, 0xf5, 0xf5, 0xf6, 0xff,
  0xf5, 0xf5, 0xf5, 0xff, 0xf4, 0xf4, 0xf5, 0xff, 0xf4, 0xf4, 0xf4, 0xff,
  0xf4, 0xf4, 0xf4, 0xff, 0xf4, 0xf4, 0xf4, 0xff, 0xf4, 0xf4, 0xf4, 0xff,
  0xf4, 0xf4, 0xf4, 0xff, 0xf3, 0xf3, 0xf4, 0xff, 0xf4, 0xf4, 0xf4, 0xff,
  0xf4, 0xf4, 0xf4, 0xff, 0xf4, 0xf4, 0xf4, 0xff, 0xf4, 0xf4, 0xf4, 0xff,
  0xf4, 0xf4, 0xf4, 0xff, 0xf4, 0xf4, 0xf4, 0xff, 0xf4, 0xf4, 0xf4, 0xff,
  0xf4, 0xf4, 0xf4, 0xff, 0xf4, 0xf4, 0xf4, 0xff, 0xf3, 0xf3, 0xf4, 0xff,
  0xf4, 0xf4, 0xf4, 0xff, 0xf4, 0xf4, 0xf4, 0xff, 0xf4, 0xf4, 0xf4, 0xff,
  0xf4, 0xf4, 0xf4, 0xff, 0xf4, 0xf4, 0xf4, 0xff, 0xf4, 0xf4, 0xf4, 0xff,
  0xf4, 0xf4, 0xf4, 0xff, 0xf4, 0xf4, 0xf4, 0xff, 0xf3, 0xf3, 0xf4, 0xff,
  0xf3, 0xf3, 0xf4, 0xff, 0xf4, 0xf4, 0xf4, 0xff, 0xf3, 0xf4, 0xf4, 0xff,
  0xf3, 0xf4, 0xf4, 0xff, 0xf3, 0xf3, 0xf4, 0xff, 0xf3, 0xf3, 0xf4, 0xff,
  0xf4, 0xf4, 0xf4, 0xff, 0xf4, 0xf4, 0xf4, 0xff, 0xf3, 0xf3, 0xf4, 0xff,
  0xf3, 0xf3, 0xf4, 0xff, 0xf4, 0xf4, 0xf4, 0xff, 0xf3, 0xf3, 0xf4, 0xff,
  0xf3, 0xf4, 0xf4, 0xff, 0xf3, 0xf4, 0xf4, 0xff, 0xf3, 0xf3, 0xf4, 0xff,
  0xf4, 0xf4, 0xf4, 0xff, 0xf4, 0xf4, 0xf4, 0xff, 0xf4, 0xf4, 0xf4, 0xff,
  0xf4, 0xf4, 0xf4, 0xff, 0xf4, 0xf4, 0xf4, 0xff, 0xf4, 0xf4, 0xf4, 0xff,
  0xf4, 0xf4, 0xf4, 0xff, 0xf4, 0xf4, 0xf4, 0xff, 0xf4, 0xf4, 0xf4, 0xff,
  0xf4, 0xf4, 0xf4, 0xff, 0xf4, 0xf4, 0xf4, 0xff, 0xf3, 0xf4, 0xf4, 0xff,
  0xf4, 0xf4, 0xf4, 0xff, 0xf4, 0xf4, 0xf4, 0xff, 0xf4, 0xf4, 0xf4, 0xff,
  0xf4, 0xf4, 0xf4, 0xff, 0xf4, 0xf4, 0xf4, 0xff, 0xf5, 0xf5, 0xf5, 0xff,
  0xf5, 0xf6, 0xf6, 0xff, 0xf6, 0xf6, 0xf6, 0xff, 0xf7, 0xf7, 0xf7, 0xff,
  0xf8, 0xf8, 0xf8, 0xff, 0xf9, 0xf9, 0xf9, 0xff, 0xf9, 0xf9, 0xfa, 0xff,
  0xfa, 0xfa, 0xfa, 0xff, 0xfa, 0xfa, 0xfa, 0xff, 0xfa, 0xfa, 0xfa, 0xff,
  0xfa, 0xfa, 0xfa, 0xff, 0xfa, 0xfa, 0xfa, 0xff, 0xfa, 0xfa, 0xfa, 0x7f,
  0xfa, 0xfa, 0xfa, 0x00, 0xfa, 0xfa, 0xfb, 0x00, 0xfa, 0xfa, 0xfa, 0x00,
  0xfa, 0xfa, 0xfa, 0x00, 0xfa, 0xfa, 0xfa, 0x00, 0xfa, 0xfa, 0xfa, 0x00,
  0xfa, 0xfa, 0xfa, 0x00, 0xfa, 0xfa, 0xfa, 0x00, 0xfa, 0xfa, 0xfa, 0x00,
  0xfa, 0xfa, 0xfa, 0x00, 0xfa, 0xfa, 0xfa, 0x00, 0xfa, 0xfa, 0xfa, 0x00,
  0xfa, 0xfa, 0xfa, 0x00, 0xfa, 0xfa, 0xfa, 0x00, 0xfa, 0xfa, 0xfa, 0x00,
  0xfa, 0xfa, 0xfa, 0x00, 0xfa, 0xfa, 0xfa, 0x00, 0xfa, 0xfa, 0xfa, 0x00,
  0xfa, 0xfa, 0xfa, 0x00, 0xfa, 0xfa, 0xfa, 0x00, 0xfa, 0xfa, 0xfa, 0x00,
  0xfa, 0xfa, 0xfa, 0x00, 0xfa, 0xfa, 0xfa, 0x00, 0xfa, 0xfa, 0xfa, 0x00,
  0xfa, 0xfa, 0xfa, 0x00, 0xfa, 0xfa, 0xfa, 0x44, 0xfa, 0xfa, 0xfa, 0xd0,
  0xfa, 0xfa, 0xfa, 0xff, 0xfa, 0xfa, 0xfa, 0xff, 0xfa, 0xfa, 0xfa, 0xff,
  0xfa, 0xfa, 0xfa, 0xff, 0xfa, 0xfa, 0xfa, 0xff, 0xfa, 0xfa, 0xfa, 0xff,
  0xf9, 0xfa, 0xfa, 0xff, 0xf9, 0xf9, 0xf9, 0xff, 0xf9, 0xf9, 0xf9, 0xff,
  0xf9, 0xf9, 0xf9, 0xff, 0xf9, 0xf9, 0xf9, 0xff, 0xf9, 0xf9, 0xf9, 0xff,
  0xf8, 0xf8, 0xf9, 0xff, 0xf9, 0xf8, 0xf9, 0xff, 0xf9, 0xf9, 0xf9, 0xff,
  0xf9, 0xf9, 0xf9, 0xff, 0xf9, 0xf9, 0xf9, 0xff, 0xf9, 0xf9, 0xf9, 0xff,
  0xf9, 0xf9, 0xf9, 0xff, 0xf9, 0xf9, 0xf9, 0xff, 0xf9, 0xf9, 0xf9, 0xff,
  0xf9, 0xf9, 0xf9, 0xff, 0xf9, 0xf9, 0xf9, 0xff, 0xf8, 0xf8, 0xf9, 0xff,
  0xf9, 0xf9, 0xf9, 0xff, 0xf9, 0xf9, 0xf9, 0xff, 0xf8, 0xf8, 0xf9, 0xff,
  0xf9, 0xf8, 0xf9, 0xff, 0xf9, 0xf9, 0xf9, 0xff, 0xf9, 0xf9, 0xf9, 0xff,
  0xf8, 0xf8, 0xf9, 0xff, 0xf9, 0xf9, 0xf9, 0xff, 0xf9, 0xf9, 0xf9, 0xff,
  0xf9, 0xf8, 0xf9, 0xff, 0xf8, 0xf8, 0xf9, 0xff, 0xf9, 0xf8, 0xf9, 0xff,
  0xf9, 0xf9, 0xf9, 0xff, 0xf8, 0xf9, 0xf9, 0xff, 0xf8, 0xf8, 0xf9, 0xff,
  0xf8, 0xf9, 0xf9, 0xff, 0xf8, 0xf8, 0xf9, 0xff, 0xf8, 0xf8, 0xf9, 0xff,
  0xf9, 0xf9, 0xf9, 0xff, 0xf9, 0xf9, 0xf9, 0xff, 0xf8, 0xf8, 0xf9, 0xff,
  0xf8, 0xf8, 0xf9, 0xff, 0xf9, 0xf9, 0xf9, 0xff, 0xf8, 0xf8, 0xf9, 0xff,
  0xf9, 0xf9, 0xf9, 0xff, 0xf9, 0xf9, 0xf9, 0xff, 0xf9, 0xf9, 0xf9, 0xff,
  0xf9, 0xf9, 0xf9, 0xff, 0xf9, 0xf9, 0xf9, 0xff, 0xf9, 0xf8, 0xf9, 0xff,
  0xf8, 0xf8, 0xf9, 0xff, 0xf9, 0xf9, 0xf9, 0xff, 0xf9, 0xf9, 0xf9, 0xff,
  0xf9, 0xf9, 0xf9, 0xff, 0xf9, 0xf9, 0xf9, 0xff, 0xf9, 0xf9, 0xf9, 0xff,
  0xf9, 0xf8, 0xf9, 0xff, 0xf9, 0xf9, 0xf9, 0xff, 0xf9, 0xf9, 0xf9, 0xff,
  0xf9, 0xf9, 0xf9, 0xff, 0xf9, 0xf8, 0xf9, 0xff, 0xf8, 0xf8, 0xf9, 0xff,
  0xf9, 0xf9, 0xf9, 0xff, 0xf9, 0xf9, 0xf9, 0xff, 0xf9, 0xf9, 0xf9, 0xff,
  0xf9, 0xf9, 0xf9, 0xff, 0xfa, 0xfa, 0xfa, 0xff, 0xfa, 0xfa, 0xfa, 0xff,
  0xfa, 0xfa, 0xfa, 0xff, 0xfa, 0xfa, 0xfa, 0xff, 0xfa, 0xfa, 0xfa, 0xff,
  0xfa, 0xfa, 0xfa, 0xff, 0xfa, 0xfa, 0xfa, 0xff, 0xfa, 0xfa, 0xfa, 0xff,
  0xfa, 0xfa, 0xfa, 0xd0, 0xfa, 0xfa, 0xfa, 0x44, 0xfa, 0xfa, 0xfa, 0x00,
  0xfa, 0xfa, 0xfa, 0x00, 0xfa, 0xfa, 0xfa, 0x00, 0xfa, 0xfa, 0xfa, 0x00,
  0xfa, 0xfa, 0xfa, 0x00, 0xfa, 0xfa, 0xfa, 0x00, 0xfa, 0xfa, 0xfa, 0x00,
  0xfa, 0xfa, 0xfa, 0x00, 0xfa, 0xfa, 0xfa, 0x00, 0xfa, 0xfa, 0xfa, 0x00,
  0xfa, 0xfa, 0xfa, 0x00, 0xfa, 0xfa, 0xfa, 0x00, 0xfa, 0xfa, 0xfa, 0x00,
  0xfa, 0xfa, 0xfa, 0x00, 0xfa, 0xfa, 0xfa, 0x00, 0xfa, 0xfa, 0xfa, 0x00,
  0xfa, 0xfa, 0xfa, 0x00, 0xfa, 0xfa, 0xfa, 0x00, 0xfa, 0xfa, 0xfa, 0x00,
  0xfa, 0xfa, 0xfa, 0x00, 0xfa, 0xfa, 0xfa, 0x00, 0xfa, 0xfa, 0xfa, 0x00,
  0xfa, 0xfa, 0xfa, 0x00, 0xfa, 0xfa, 0xfa, 0x00, 0xfa, 0xfa, 0xfa, 0x00,
  0xfa, 0xfa, 0xfa, 0x00, 0xfa, 0xfa, 0xfa, 0x00, 0xfa, 0xfa, 0xfa, 0x00,
  0xfa, 0xfa, 0xfa, 0x7b, 0xfa, 0xfa, 0xfa, 0xf7, 0xfa, 0xfa, 0xfa, 0xff,
  0xfa, 0xfa, 0xfa, 0xff, 0xfa, 0xfa, 0xfa, 0xff, 0xfa, 0xfa, 0xfa, 0xff,
  0xfa, 0xfa, 0xfa, 0xff, 0xfa, 0xfa, 0xfa, 0xff, 0xfa, 0xfa, 0xfa, 0xff,
  0xfa, 0xfa, 0xfa, 0xff, 0xfa, 0xfa, 0xfa, 0xff, 0xfa, 0xfa, 0xfa, 0xff,
  0xfa, 0xfa, 0xfa, 0xff, 0xfa, 0xfa, 0xfa, 0xff, 0xfa, 0xfa, 0xfa, 0xff,
  0xfa, 0xfa, 0xfa, 0xff, 0xfa, 0xfa, 0xfa, 0xff, 0xfa, 0xfa, 0xfa, 0xff,
  0xfa, 0xfa, 0xfa, 0xff, 0xfa, 0xfa, 0xfa, 0xff, 0xfa, 0xfa, 0xfa, 0xff,
  0xfa, 0xfa, 0xfa, 0xff, 0xfa, 0xfa, 0xfa, 0xff, 0xfa, 0xfa, 0xfa, 0xff,
  0xfa, 0xfa, 0xfa, 0xff, 0xfa, 0xfa, 0xfa, 0xff, 0xfa, 0xfa, 0xfa, 0xff,
  0xfa, 0xfa, 0xfa, 0xff, 0xfa, 0xfa, 0xfa, 0xff, 0xfa, 0xfa, 0xfa, 0xff,
  0xfa, 0xfa, 0xfa, 0xff, 0xfa, 0xfa, 0xfa, 0xff, 0xfa, 0xfa, 0xfa, 0xff,
  0xfa, 0xfa, 0xfa, 0xff, 0xfa, 0xfa, 0xfa, 0xff, 0xfa, 0xfa, 0xfa, 0xff,
  0xfa, 0xfa, 0xfa, 0xff, 0xfa, 0xfa, 0xfa, 0xff, 0xfa, 0xfa, 0xfa, 0xff,
  0xfa, 0xfa, 0xfa, 0xff, 0xfa, 0xfa, 0xfa, 0xff, 0xfa, 0xfa, 0xfa, 0xff,
  0xfa, 0xfa, 0xfa, 0xff, 0xfa, 0xfa, 0xfa, 0xff, 0xfa, 0xfa, 0xfa, 0xff,
  0xfa, 0xfa, 0xfa, 0xff, 0xfa, 0xfa, 0xfa, 0xff, 0xfa, 0xfa, 0xfa, 0xff,
  0xfa, 0xfa, 0xfa, 0xff, 0xfa, 0xfa, 0xfa, 0xff, 0xfa, 0xfa, 0xfa, 0xff,
  0xfa, 0xfa, 0xfa, 0xff, 0xfa, 0xfa, 0xfa, 0xff, 0xfa, 0xfa, 0xfa, 0xff,
  0xfa, 0xfa, 0xfa, 0xff, 0xfa, 0xfa, 0xfa, 0xff, 0xfa, 0xfa, 0xfa, 0xff,
  0xfa, 0xfa, 0xfa, 0xff, 0xfa, 0xfa, 0xfa, 0xff, 0xfa, 0xfa, 0xfa, 0xff,
  0xfa, 0xfa, 0xfa, 0xff, 0xfa, 0xfa, 0xfa, 0xff, 0xfa, 0xfa, 0xfa, 0xff,
  0xfa, 0xfa, 0xfa, 0xff, 0xfa, 0xfa, 0xfa, 0xff, 0xfa, 0xfa, 0xfa, 0xff,
  0xfa, 0xfa, 0xfa, 0xff, 0xfa, 0xfa, 0xfa, 0xff, 0xfa, 0xfa, 0xfa, 0xff,
  0xfa, 0xfa, 0xfa, 0xff, 0xfa, 0xfa, 0xfa, 0xff, 0xfa, 0xfa, 0xfa, 0xff,
  0xfa, 0xfa, 0xfa, 0xff, 0xfa, 0xfa, 0xfa, 0xff, 0xfa, 0xfa, 0xfa, 0xff,
  0xfa, 0xfa, 0xfa, 0xff, 0xfa, 0xfa, 0xfa, 0xf7, 0xfa, 0xfa, 0xfa, 0x7b,
  0xfa, 0xfa, 0xfa, 0x00, 0xfa, 0xfa, 0xfa, 0x00, 0xfa, 0xfa, 0xfa, 0x00,
  0xfa, 0xfa, 0xfa, 0x00, 0xfa, 0xfa, 0xfa, 0x00, 0xfa, 0xfa, 0xfa, 0x00,
  0xfa, 0xfa, 0xfa, 0x00, 0xfa, 0xfa, 0xfa, 0x00, 0xfa, 0xfa, 0xfa, 0x00,
  0xfa, 0xfa, 0xfa, 0x00, 0xfa, 0xfa, 0xfa, 0x00, 0xfa, 0xfa, 0xfa, 0x00,
  0xfa, 0xfa, 0xfa, 0x00, 0xfa, 0xfa, 0xfa, 0x00, 0xfa, 0xfa, 0xfa, 0x00,
  0xfa, 0xfa, 0xfa, 0x00, 0xfa, 0xfa, 0xfa, 0x00, 0xfa, 0xfa, 0xfa, 0x00,
  0xfa, 0xfa, 0xfa, 0x00, 0xfa, 0xfa, 0xfa, 0x00, 0xfa, 0xfa, 0xfa, 0x00,
  0xfa, 0xfa, 0xfa, 0x00, 0xfa, 0xfa, 0xfa, 0x00, 0xfa, 0xfa, 0xfa, 0x00,
  0xfa, 0xfa, 0xfa, 0x00, 0xfa, 0xfa, 0xfa, 0x00, 0xfa, 0xfa, 0xfa, 0x00,
  0xfa, 0xfa, 0xfa, 0x00, 0xfa, 0xfa, 0xfa, 0x00, 0xfa, 0xfa, 0xfa, 0x00,
  0xfa, 0xfa, 0xfa, 0x00, 0xfa, 0xfa, 0xfa, 0x15, 0xfa, 0xfa, 0xfa, 0x88,
  0xfa, 0xfa, 0xfa, 0xf3, 0xfa, 0xfa, 0xfa, 0xff, 0xfa, 0xfa, 0xfa, 0xff,
  0xfa, 0xfa, 0xfa, 0xff, 0xfa, 0xfa, 0xfa, 0xff, 0xfa, 0xfa, 0xfa, 0xff,
  0xfa, 0xfa, 0xfa, 0xff, 0xfa, 0xfa, 0xfa, 0xff, 0xfa, 0xfa, 0xfa, 0xff,
  0xfa, 0xfa, 0xfa, 0xff, 0xfa, 0xfa, 0xfa, 0xff, 0xfa, 0xfa, 0xfa, 0xff,
  0xfa, 0xfa, 0xfa, 0xff, 0xfa, 0xfa, 0xfa, 0xff, 0xfa, 0xfa, 0xfa, 0xff,
  0xfa, 0xfa, 0xfa, 0xff, 0xfa, 0xfa, 0xfa, 0xff, 0xfa, 0xfa, 0xfa, 0xff,
  0xfa, 0xfa, 0xfa, 0xff, 0xfa, 0xfa, 0xfa, 0xff, 0xfa, 0xfa, 0xfa, 0xff,
  0xfa, 0xfa, 0xfa, 0xff, 0xfa, 0xfa, 0xfa, 0xff, 0xfa, 0xfa, 0xfa, 0xff,
  0xfa, 0xfa, 0xfa, 0xff, 0xfa, 0xfa, 0xfa, 0xff, 0xfa, 0xfa, 0xfa, 0xff,
  0xfa, 0xfa, 0xfa, 0xff, 0xfa, 0xfa, 0xfa, 0xff, 0xfa, 0xfa, 0xfa, 0xff,
  0xfa, 0xfa, 0xfa, 0xff, 0xfa, 0xfa, 0xfa, 0xff, 0xfa, 0xfa, 0xfa, 0xff,
  0xfa, 0xfa, 0xfa, 0xff, 0xfa, 0xfa, 0xfa, 0xff, 0xfa, 0xfa, 0xfa, 0xff,
  0xfa, 0xfa, 0xfa, 0xff, 0xfa, 0xfa, 0xfa, 0xff, 0xfa, 0xfa, 0xfa, 0xff,
  0xfa, 0xfa, 0xfa, 0xff, 0xfa, 0xfa, 0xfa, 0xff, 0xfa, 0xfa, 0xfa, 0xff,
  0xfa, 0xfa, 0xfa, 0xff, 0xfa, 0xfa, 0xfa, 0xff, 0xfa, 0xfa, 0xfa, 0xff,
  0xfa, 0xfa, 0xfa, 0xff, 0xfa, 0xfa, 0xfa, 0xff, 0xfa, 0xfa, 0xfa, 0xff,
  0xfa, 0xfa, 0xfa, 0xff, 0xfa, 0xfa, 0xfa, 0xff, 0xfa, 0xfa, 0xfa, 0xff,
  0xfa, 0xfa, 0xfa, 0xff, 0xfa, 0xfa, 0xfa, 0xff, 0xfa, 0xfa, 0xfa, 0xff,
  0xfa, 0xfa, 0xfa, 0xff, 0xfa, 0xfa, 0xfa, 0xff, 0xfa, 0xfa, 0xfa, 0xff,
  0xfa, 0xfa, 0xfa, 0xff, 0xfa, 0xfa, 0xfa, 0xff, 0xfa, 0xfa, 0xfa, 0xff,
  0xfa, 0xfa, 0xfa, 0xff, 0xfa, 0xfa, 0xfa, 0xff, 0xfa, 0xfa, 0xfa, 0xff,
  0xfa, 0xfa, 0xfa, 0xff, 0xfa, 0xfa, 0xfa, 0xff, 0xfa, 0xfa, 0xfa, 0xff,
  0xfa, 0xfa, 0xfa, 0xff, 0xfa, 0xfa, 0xfa, 0xff, 0xfa, 0xfa, 0xfa, 0xff,
  0xfa, 0xfa, 0xfa, 0xff, 0xfa, 0xfa, 0xfa, 0xff, 0xfa, 0xfa, 0xfa, 0xf3,
  0xfa, 0xfa, 0xfa, 0x88, 0xfa, 0xfa, 0xfa, 0x15, 0xfa, 0xfa, 0xfa, 0x00,
  0xfa, 0xfa, 0xfa, 0x00, 0xfa, 0xfa, 0xfa, 0x00, 0xfa, 0xfa, 0xfa, 0x00,
  0xfa, 0xfa, 0xfa, 0x00, 0xfa, 0xfa, 0xfa, 0x00, 0xfa, 0xfa, 0xfa, 0x00,
  0xfa, 0xfa, 0xfa, 0x00, 0xfa, 0xfa, 0xfb, 0x00, 0xfa, 0xfa, 0xfa, 0x00,
  0xfa, 0xfa, 0xfa, 0x00, 0xfa, 0xfa, 0xfa, 0x00, 0xfa, 0xfa, 0xfa, 0x00,
  0xfa, 0xfa, 0xfa, 0x00, 0xfa, 0xfa, 0xfa, 0x00, 0xfa, 0xfa, 0xfa, 0x00,
  0xfa, 0xfa, 0xfa, 0x00, 0xfa, 0xfa, 0xfa, 0x00, 0xfa, 0xfa, 0xfa, 0x00,
  0xfa, 0xfa, 0xfa, 0x00, 0xfa, 0xfa, 0xfa, 0x00, 0xfa, 0xfa, 0xfa, 0x00,
  0xfa, 0xfa, 0xfa, 0x00, 0xfa, 0xfa, 0xfa, 0x00, 0xfa, 0xfa, 0xfa, 0x00,
  0xfa, 0xfb, 0xfb, 0x00, 0xfa, 0xfa, 0xfb, 0x00, 0xfa, 0xfa, 0xfa, 0x00,
  0xfa, 0xfa, 0xfa, 0x00, 0xfa, 0xfa, 0xfa, 0x00, 0xfa, 0xfa, 0xfa, 0x00,
  0xfa, 0xfa, 0xfa, 0x00, 0xfa, 0xfa, 0xfa, 0x00, 0xfa, 0xfa, 0xfa, 0x00,
  0xfa, 0xfa, 0xfa, 0x09, 0xfa, 0xfa, 0xfa, 0x6a, 0xfa, 0xfa, 0xfa, 0xc3,
  0xfa, 0xfa, 0xfa, 0xff, 0xfa, 0xfa, 0xfa, 0xff, 0xfa, 0xfa, 0xfa, 0xff,
  0xfa, 0xfa, 0xfa, 0xff, 0xfa, 0xfa, 0xfa, 0xff, 0xfa, 0xfa, 0xfa, 0xff,
  0xfa, 0xfa, 0xfa, 0xff, 0xfa, 0xfa, 0xfa, 0xff, 0xfa, 0xfa, 0xfa, 0xff,
  0xfa, 0xfa, 0xfa, 0xff, 0xfa, 0xfa, 0xfa, 0xff, 0xfa, 0xfa, 0xfa, 0xff,
  0xfa, 0xfa, 0xfa, 0xff, 0xfa, 0xfa, 0xfa, 0xff, 0xfa, 0xfa, 0xfa, 0xff,
  0xfa, 0xfa, 0xfa, 0xff, 0xfa, 0xfa, 0xfa, 0xff, 0xfa, 0xfa, 0xfb, 0xff,
  0xfa, 0xfa, 0xfa, 0xff, 0xfa, 0xfa, 0xfa, 0xff, 0xfa, 0xfa, 0xfa, 0xff,
  0xfa, 0xfa, 0xfa, 0xff, 0xfa, 0xfa, 0xfa, 0xff, 0xfa, 0xfa, 0xfa, 0xff,
  0xfa, 0xfa, 0xfa, 0xff, 0xfa, 0xfa, 0xfa, 0xff, 0xfa, 0xfa, 0xfa, 0xff,
  0xfa, 0xfa, 0xfa, 0xff, 0xfa, 0xfa, 0xfa, 0xff, 0xfa, 0xfa, 0xfa, 0xff,
  0xfa, 0xfa, 0xfa, 0xff, 0xfa, 0xfa, 0xfa, 0xff, 0xfa, 0xfa, 0xfa, 0xff,
  0xfa, 0xfa, 0xfa, 0xff, 0xfa, 0xfa, 0xfa, 0xff, 0xfa, 0xfa, 0xfa, 0xff,
  0xfa, 0xfa, 0xfa, 0xff, 0xfa, 0xfa, 0xfa, 0xff, 0xfa, 0xfa, 0xfa, 0xff,
  0xfa, 0xfa, 0xfa, 0xff, 0xfa, 0xfa, 0xfa, 0xff, 0xfa, 0xfa, 0xfb, 0xff,
  0xfa, 0xfa, 0xfa, 0xff, 0xfa, 0xfa, 0xfa, 0xff, 0xfa, 0xfa, 0xfa, 0xff,
  0xfa, 0xfa, 0xfa, 0xff, 0xfa, 0xfa, 0xfa, 0xff, 0xfa, 0xfa, 0xfa, 0xff,
  0xfa, 0xfa, 0xfa, 0xff, 0xfa, 0xfa, 0xfa, 0xff, 0xfa, 0xfa, 0xfa, 0xff,
  0xfa, 0xfa, 0xfa, 0xff, 0xfa, 0xfa, 0xfa, 0xff, 0xfa, 0xfa, 0xfa, 0xff,
  0xfa, 0xfa, 0xfa, 0xff, 0xfa, 0xfa, 0xfa, 0xff, 0xfa, 0xfa, 0xfa, 0xff,
  0xfa, 0xfa, 0xfa, 0xff, 0xfa, 0xfa, 0xfa, 0xff, 0xfa, 0xfa, 0xfa, 0xff,
  0xfa, 0xfa, 0xfa, 0xff, 0xfa, 0xfa, 0xfa, 0xff, 0xfa, 0xfa, 0xfa, 0xff,
  0xfa, 0xfa, 0xfa, 0xff, 0xfa, 0xfa, 0xfa, 0xff, 0xfa, 0xfa, 0xfa, 0xff,
  0xfa, 0xfa, 0xfa, 0xc3, 0xfa, 0xfa, 0xfa, 0x6a, 0xfa, 0xfa, 0xfa, 0x09,
  0xfa, 0xfa, 0xfa, 0x00, 0xfa, 0xfa, 0xfa, 0x00, 0xfa, 0xfa, 0xfa, 0x00,
  0xfa, 0xfa, 0xfa, 0x00, 0xfa, 0xfa, 0xfa, 0x00, 0xfa, 0xfa, 0xfa, 0x00,
  0xfa, 0xfa, 0xfa, 0x00, 0xfa, 0xfa, 0xfa, 0x00, 0xfa, 0xfa, 0xfa, 0x00,
  0xfa, 0xfa, 0xfa, 0x00, 0xfa, 0xfa, 0xfa, 0x00, 0xfa, 0xfa, 0xfa, 0x00,
  0xfa, 0xfa, 0xfb, 0x00, 0xfa, 0xfa, 0xfa, 0x00, 0xfa, 0xfa, 0xfa, 0x00,
  0xfa, 0xfa, 0xfa, 0x00, 0xfa, 0xfa, 0xfa, 0x00, 0xfa, 0xfa, 0xfa, 0x00,
  0xfa, 0xfa, 0xfa, 0x00, 0xfa, 0xfa, 0xfa, 0x00, 0xfa, 0xfa, 0xfa, 0x00,
  0xfa, 0xfa, 0xfa, 0x00, 0xfa, 0xfa, 0xfa, 0x00, 0xfa, 0xfa, 0xfa, 0x00,
  0xfa, 0xfa, 0xfa, 0x00, 0xfa, 0xfa, 0xfa, 0x00, 0xfa, 0xfa, 0xfa, 0x00,
  0xfa, 0xfa, 0xfa, 0x00, 0xfa, 0xfa, 0xfa, 0x00, 0xfa, 0xfa, 0xfa, 0x00,
  0xfa, 0xfa, 0xfa, 0x00, 0xfa, 0xfa, 0xfa, 0x00, 0xfa, 0xfa, 0xfa, 0x00,
  0xfa, 0xfa, 0xfa, 0x00, 0xfa, 0xfa, 0xfa, 0x00, 0xfa, 0xfa, 0xfa, 0x00,
  0xfa, 0xfa, 0xfa, 0x00, 0xfa, 0xfa, 0xfa, 0x00, 0xfa, 0xfa, 0xfa, 0x00,
  0xfa, 0xfa, 0xfa, 0x22, 0xfa, 0xfa, 0xfa, 0x6a, 0xfa, 0xfa, 0xfa, 0xaa,
  0xfa, 0xfa, 0xfa, 0xe1, 0xfa, 0xfa, 0xfa, 0xff, 0xfa, 0xfa, 0xfa, 0xff,
  0xfa, 0xfa, 0xfa, 0xff, 0xfa, 0xfa, 0xfa, 0xff, 0xfa, 0xfa, 0xfa, 0xff,
  0xfa, 0xfa, 0xfa, 0xff, 0xfa, 0xfa, 0xfa, 0xff, 0xfa, 0xfa, 0xfa, 0xff,
  0xfa, 0xfa, 0xfa, 0xff, 0xfa, 0xfa, 0xfa, 0xff, 0xfa, 0xfa, 0xfa, 0xff,
  0xfa, 0xfa, 0xfa, 0xff, 0xfa, 0xfa, 0xfa, 0xff, 0xfa, 0xfa, 0xfa, 0xff,
  0xfa, 0xfa, 0xfa, 0xff, 0xfa, 0xfa, 0xfa, 0xff, 0xfa, 0xfa, 0xfa, 0xff,
  0xfa, 0xfa, 0xfa, 0xff, 0xfa, 0xfa, 0xfa, 0xff, 0xfa, 0xfa, 0xfa, 0xff,
  0xfa, 0xfa, 0xfa, 0xff, 0xfa, 0xfa, 0xfa, 0xff, 0xfa, 0xfa, 0xfa, 0xff,
  0xfa, 0xfa, 0xfa, 0xff, 0xfa, 0xfa, 0xfa, 0xff, 0xfa, 0xfa, 0xfa, 0xff,
  0xfa, 0xfa, 0xfa, 0xff, 0xfa, 0xfa, 0xfa, 0xff, 0xfa, 0xfa, 0xfa, 0xff,
  0xfa, 0xfa, 0xfa, 0xff, 0xfa, 0xfa, 0xfa, 0xff, 0xfa, 0xfa, 0xfa, 0xff,
  0xfa, 0xfa, 0xfa, 0xff, 0xfa, 0xfa, 0xfa, 0xff, 0xfa, 0xfa, 0xfa, 0xff,
  0xfa, 0xfa, 0xfa, 0xff, 0xfa, 0xfa, 0xfa, 0xff, 0xfa, 0xfa, 0xfa, 0xff,
  0xfa, 0xfa, 0xfa, 0xff, 0xfa, 0xfa, 0xfa, 0xff, 0xfa, 0xfa, 0xfa, 0xff,
  0xfa, 0xfa, 0xfa, 0xff, 0xfa, 0xfa, 0xfa, 0xff, 0xfa, 0xfa, 0xfa, 0xff,
  0xfa, 0xfa, 0xfa, 0xff, 0xfa, 0xfa, 0xfa, 0xff, 0xfa, 0xfa, 0xfa, 0xff,
  0xfa, 0xfa, 0xfa, 0xff, 0xfa, 0xfa, 0xfa, 0xff, 0xfa, 0xfa, 0xfa, 0xff,
  0xfa, 0xfa, 0xfa, 0xff, 0xfa, 0xfa, 0xfa, 0xff, 0xfa, 0xfa, 0xfa, 0xff,
  0xfa, 0xfa, 0xfa, 0xff, 0xfa, 0xfa, 0xfa, 0xff, 0xfa, 0xfa, 0xfa, 0xff,
  0xfa, 0xfa, 0xfa, 0xff, 0xfa, 0xfa, 0xfa, 0xff, 0xfa, 0xfa, 0xfa, 0xe1,
  0xfa, 0xfa, 0xfa, 0xaa, 0xfa, 0xfa, 0xfa, 0x6a, 0xfa, 0xfa, 0xfa, 0x22,
  0xfa, 0xfa, 0xfa, 0x00, 0xfa, 0xfa, 0xfa, 0x00, 0xfa, 0xfa, 0xfa, 0x00,
  0xfa, 0xfa, 0xfa, 0x00, 0xfa, 0xfa, 0xfa, 0x00, 0xfa, 0xfa, 0xfa, 0x00,
  0xfa, 0xfa, 0xfa, 0x00, 0xfa, 0xfa, 0xfa, 0x00, 0xfa, 0xfa, 0xfa, 0x00,
  0xfa, 0xfa, 0xfa, 0x00, 0xfa, 0xfa, 0xfa, 0x00, 0xfa, 0xfa, 0xfa, 0x00,
  0xfa, 0xfa, 0xfa, 0x00, 0xfa, 0xfa, 0xfa, 0x00, 0xfa, 0xfa, 0xfa, 0x00,
  0xfa, 0xfa, 0xfa, 0x00, 0xfa, 0xfa, 0xfa, 0x00, 0xfa, 0xfa, 0xfa, 0x00,
  0xfa, 0xfa, 0xfa, 0x00, 0xfa, 0xfa, 0xfa, 0x00, 0xfa, 0xfa, 0xfa, 0x00,
  0xfa, 0xfa, 0xfa, 0x00, 0xfa, 0xfa, 0xfa, 0x00, 0xfa, 0xfa, 0xfa, 0x00,
  0xfa, 0xfa, 0xfa, 0x00, 0xfa, 0xfa, 0xfa, 0x00, 0xfa, 0xfa, 0xfa, 0x00,
  0xfa, 0xfa, 0xfa, 0x00, 0xfa, 0xfa, 0xfb, 0x00, 0xfa, 0xfa, 0xfa, 0x00,
  0xfa, 0xfa, 0xfa, 0x00, 0xfa, 0xfa, 0xfa, 0x00, 0xfa, 0xfa, 0xfa, 0x00,
  0xfa, 0xfa, 0xfa, 0x00, 0xfa, 0xfa, 0xfa, 0x00, 0xfa, 0xfa, 0xfa, 0x00,
  0xfa, 0xfa, 0xfa, 0x00, 0xfa, 0xfa, 0xfa, 0x00, 0xfa, 0xfa, 0xfa, 0x00,
  0xfa, 0xfa, 0xfa, 0x00, 0xfa, 0xfa, 0xfa, 0x00, 0xfa, 0xfa, 0xfb, 0x00,
  0xfa, 0xfa, 0xfa, 0x00, 0xfa, 0xfa, 0xfa, 0x00, 0xfa, 0xfa, 0xfa, 0x00,
  0xfa, 0xfa, 0xfa, 0x00, 0xfa, 0xfa, 0xfa, 0x15, 0xfa, 0xfa, 0xfa, 0x3b,
  0xfa, 0xfa, 0xfa, 0x59, 0xfa, 0xfa, 0xfa, 0x6e, 0xfa, 0xfa, 0xfa, 0x7b,
  0xfa, 0xfa, 0xfa, 0xff, 0xfa, 0xfa, 0xfa, 0xff, 0xfa, 0xfa, 0xfa, 0xff,
  0xfa, 0xfa, 0xfb, 0xff, 0xfa, 0xfa, 0xfb, 0xff, 0xfa, 0xfa, 0xfa, 0xff,
  0xfa, 0xfa, 0xfa, 0xff, 0xfa, 0xfa, 0xfb, 0xff, 0xfa, 0xfa, 0xfa, 0xff,
  0xfa, 0xfa, 0xfa, 0xff, 0xfa, 0xfa, 0xfa, 0xff, 0xfa, 0xfa, 0xfa, 0xff,
  0xfa, 0xfa, 0xfa, 0xff, 0xfa, 0xfa, 0xfa, 0xff, 0xfa, 0xfa, 0xfa, 0xff,
  0xfa, 0xfa, 0xfb, 0xff, 0xfa, 0xfa, 0xfa, 0xff, 0xfa, 0xfa, 0xfa, 0xff,
  0xfa, 0xfa, 0xfa, 0xff, 0xfa, 0xfa, 0xfa, 0xff, 0xfa, 0xfa, 0xfa, 0xff,
  0xfa, 0xfa, 0xfa, 0xff, 0xfa, 0xfa, 0xfa, 0xff, 0xfa, 0xfa, 0xfa, 0xff,
  0xfa, 0xfa, 0xfa, 0xff, 0xfa, 0xfa, 0xfa, 0xff, 0xfa, 0xfa, 0xfa, 0xff,
  0xfa, 0xfa, 0xfa, 0xff, 0xfa, 0xfa, 0xfa, 0xff, 0xfa, 0xfa, 0xfa, 0xff,
  0xfa, 0xfa, 0xfa, 0xff, 0xfa, 0xfa, 0xfa, 0xff, 0xfa, 0xfa, 0xfa, 0xff,
  0xfa, 0xfa, 0xfa, 0xff, 0xfa, 0xfa, 0xfa, 0xff, 0xfa, 0xfa, 0xfa, 0xff,
  0xfa, 0xfa, 0xfa, 0xff, 0xfa, 0xfa, 0xfa, 0xff, 0xfa, 0xfa, 0xfa, 0xff,
  0xfa, 0xfa, 0xfa, 0xff, 0xfa, 0xfa, 0xfa, 0xff, 0xfa, 0xfa, 0xfa, 0xff,
  0xfa, 0xfa, 0xfa, 0xff, 0xfa, 0xfa, 0xfa, 0xff, 0xfa, 0xfa, 0xfa, 0xff,
  0xfa, 0xfa, 0xfa, 0xff, 0xfa, 0xfa, 0xfa, 0xff, 0xfa, 0xfa, 0xfa, 0xff,
  0xfa, 0xfa, 0xfa, 0x7b, 0xfa, 0xfa, 0xfa, 0x6e, 0xfa, 0xfa, 0xfa, 0x59,
  0xfa, 0xfa, 0xfa, 0x3b, 0xfa, 0xfa, 0xfa, 0x15, 0xfa, 0xfa, 0xfa, 0x00,
  0xfa, 0xfa, 0xfa, 0x00, 0xfa, 0xfa, 0xfa, 0x00, 0xfa, 0xfa, 0xfa, 0x00,
  0xfa, 0xfa, 0xfa, 0x00, 0xfa, 0xfa, 0xfa, 0x00, 0xfa, 0xfa, 0xfa, 0x00,
  0xfa, 0xfa, 0xfa, 0x00, 0xfa, 0xfa, 0xfa, 0x00, 0xfa, 0xfa, 0xfa, 0x00,
  0xfa, 0xfa, 0xfa, 0x00, 0xfa, 0xfa, 0xfa, 0x00, 0xfa, 0xfa, 0xfa, 0x00,
  0xfa, 0xfa, 0xfa, 0x00, 0xfa, 0xfa, 0xfa, 0x00, 0xfa, 0xfa, 0xfa, 0x00,
  0xfa, 0xfa, 0xfa, 0x00, 0xfa, 0xfa, 0xfa, 0x00, 0xfa, 0xfa, 0xfa, 0x00,
  0xfa, 0xfa, 0xfa, 0x00, 0xfa, 0xfa, 0xfa, 0x00, 0xfa, 0xfa, 0xfa, 0x00,
  0xfa, 0xfa, 0xfa, 0x00, 0xfa, 0xfa, 0xfa, 0x00, 0xfa, 0xfa, 0xfa, 0x00
};
