static const uint8_t material_icon_drawing_map[] __attribute__((aligned(4))) = {
  0xfd, 0xfd, 0xfd, 0x00, 0xfd, 0xfd, 0xfe, 0x00, 0xfd, 0xfd, 0xfd, 0x00,
  0xfd, 0xfd, 0xfe, 0x00, 0xfd, 0xfe, 0xfe, 0x00, 0xfd, 0xfd, 0xfe, 0x00,
  0xfd, 0xfd, 0xfe, 0x00, 0xfd, 0xfd, 0xfd, 0x00, 0xfd, 0xfd, 0xfd, 0x00,
  0xfd, 0xfd, 0xfe, 0x00, 0xfd, 0xfd, 0xfe, 0x00, 0xfd, 0xfd, 0xfe, 0x00,
  0xfd, 0xfd, 0xfe, 0x00, 0xfd, 0xfd, 0xfd, 0x00, 0xfd, 0xfd, 0xfd, 0x00,
  0xfd, 0xfe, 0xfd, 0x00, 0xfd, 0xff, 0xfe, 0x00, 0xfd, 0xff, 0xfe, 0x00,
  0xfe, 0xfd, 0xfe, 0x00, 0xfd, 0xf9, 0xfd, 0x00, 0xfd, 0xf5, 0xfb, 0x00,
  0xfd, 0xf1, 0xfa, 0x00, 0xfd, 0xed, 0xf9, 0x00, 0xfd, 0xea, 0xf8, 0x00,
  0xfd, 0xe9, 0xf8, 0x00, 0xfd, 0xe7, 0xf7, 0x15, 0xfc, 0xe4, 0xf6, 0x3b,
  0xfc, 0xe2, 0xf5, 0x59, 0xfd, 0xe2, 0xf5, 0x6e, 0xfd, 0xe1, 0xf5, 0x7b,
  0xfd, 0xe1, 0xf4, 0xff, 0xfd, 0xe1, 0xf4, 0xff, 0xfc, 0xdf, 0xf3, 0xff,
  0xfd, 0xdf, 0xf3, 0xff, 0xfc, 0xde, 0xf3, 0xff, 0xfc, 0xde, 0xf3, 0xff,
  0xfc, 0xdd, 0xf3, 0xff, 0xfc, 0xdd, 0xf3, 0xff, 0xfd, 0xdd, 0xf3, 0xff,
  0xfc, 0xdc, 0xf2, 0xff, 0xfc, 0xdd, 0xf2, 0xff, 0xfc, 0xdc, 0xf2, 0xff,
  0xfc, 0xdc, 0xf2, 0xff, 0xfd, 0xdd, 0xf2, 0xff, 0xfc, 0xdc, 0xf2, 0xff,
  0xfc, 0xdc, 0xf2, 0xff, 0xfc, 0xdb, 0xf1, 0xff, 0xfc, 0xdb, 0xf2, 0xff,
  0xfc, 0xdc, 0xf2, 0xff, 0xfc, 0xdb, 0xf2, 0xff, 0xfc, 0xdb, 0xf1, 0xff,
  0xfd, 0xda, 0xf1, 0xff, 0xfc, 0xda, 0xf1, 0xff, 0xfb, 0xd9, 0xf1, 0xff,
  0xfc, 0xda, 0xf1, 0xff, 0xfd, 0xdc, 0xf2, 0xff, 0xfc, 0xdc, 0xf2, 0xff,
  0xfc, 0xdb, 0xf2, 0xff, 0xfc, 0xdb, 0xf1, 0xff, 0xfc, 0xda, 0xf1, 0xff,
  0xfc, 0xda, 0xf1, 0xff, 0xfc, 0xd9, 0xf1, 0xff, 0xfc, 0xda, 0xf1, 0xff,
  0xfc, 0xda, 0xf1, 0xff, 0xfb, 0xda, 0xf1, 0xff, 0xfc, 0xd9, 0xf1, 0xff,
  0xfc, 0xda, 0xf1, 0xff, 0xfc, 0xda, 0xf1, 0xff, 0xfc, 0xda, 0xf1, 0xff,
  0xfc, 0xdb, 0xf1, 0xff, 0xfc, 0xdc, 0xf1, 0xff, 0xfc, 0xdb, 0xf1, 0xff,
  0xfc, 0xda, 0xf0, 0xff, 0xfc, 0xda, 0xf0, 0xff, 0xfc, 0xda, 0xf0, 0xff,
  0xfc, 0xd9, 0xf0, 0xff, 0xfb, 0xd9, 0xf0, 0xff, 0xfc, 0xdb, 0xf1, 0xff,
  0xfc, 0xdc, 0xf1, 0x7b, 0xfc, 0xdb, 0xf1, 0x6e, 0xfc, 0xdc, 0xf1, 0x59,
  0xfc, 0xdd, 0xf1, 0x3b, 0xfc, 0xde, 0xf1, 0x15, 0xfb, 0xdf, 0xf2, 0x00,
  0xfc, 0xe1, 0xf2, 0x00, 0xfc, 0xe5, 0xf4, 0x00, 0xfc, 0xea, 0xf5, 0x00,
  0xfc, 0xef, 0xf8, 0x00, 0xfc, 0xf6, 0xfa, 0x00, 0xfd, 0xfc, 0xfd, 0x00,
  0xfd, 0xff, 0xfe, 0x00, 0xfd, 0xff, 0xff, 0x00, 0xfd, 0xff, 0xfe, 0x00,
  0xfd, 0xfd, 0xfd, 0x00, 0xfd, 0xfd, 0xfd, 0x00, 0xfd, 0xfd, 0xfe, 0x00,
  0xfd, 0xfd, 0xfe, 0x00, 0xfd, 0xfd, 0xfe, 0x00, 0xfd, 0xfd, 0xfd, 0x00,
  0xfd, 0xfd, 0xfd, 0x00, 0xfd, 0xfd, 0xfe, 0x00, 0xfd, 0xfd, 0xfe, 0x00,
  0xfd, 0xfd, 0xfe, 0x00, 0xfd, 0xfd, 0xfe, 0x00, 0xfd, 0xfd, 0xfe, 0x00,
  0xfd, 0xfd, 0xfd, 0x00, 0xfd, 0xfd, 0xfd, 0x00, 0xfd, 0xfd, 0xfe, 0x00,
  0xfd, 0xfd, 0xfe, 0x00, 0xfd, 0xfd, 0xfe, 0x00, 0xfd, 0xfd, 0xfd, 0x00,
  0xfd, 0xfd, 0xfe, 0x00, 0xfd, 0xfd, 0xfe, 0x00, 0xfd, 0xfd, 0xfd, 0x00,
  0xfd, 0xfd, 0xfd, 0x00, 0xfd, 0xfd, 0xfd, 0x00, 0xfd, 0xfd, 0xfe, 0x00,
  0xfd, 0xfd, 0xfe, 0x00, 0xfd, 0xfd, 0xfe, 0x00, 0xfd, 0xfd, 0xfe, 0x00,
  0xfd, 0xfd, 0xfd, 0x00, 0xfd, 0xfe, 0xfe, 0x00, 0xfd, 0xff, 0xfe, 0x00,
  0xfe, 0xfc, 0xfe, 0x00, 0xfd, 0xf5, 0xfc, 0x00, 0xfd, 0xec, 0xf9, 0x00,
  0xfd, 0xe4, 0xf7, 0x00, 0xfc, 0xdf, 0xf5, 0x00, 0xfc, 0xdd, 0xf3, 0x00,
  0xfc, 0xdc, 0xf3, 0x22, 0xfc, 0xdb, 0xf2, 0x6a, 0xfc, 0xda, 0xf1, 0xaa,
  0xfc, 0xda, 0xf1, 0xe1, 0xfc, 0xda, 0xf1, 0xff, 0xfc, 0xd9, 0xf0, 0xff,
  0xfb, 0xd8, 0xf0, 0xff, 0xfb, 0xd7, 0xef, 0xff, 0xfb, 0xd5, 0xee, 0xff,
  0xfb, 0xd6, 0xee, 0xff, 0xfb, 0xd6, 0xee, 0xff, 0xfb, 0xd6, 0xee, 0xff,
  0xfb, 0xd6, 0xee, 0xff, 0xfa, 0xd5, 0xee, 0xff, 0xfa, 0xd5, 0xee, 0xff,
  0xfb, 0xd5, 0xee, 0xff, 0xfb, 0xd4, 0xee, 0xff, 0xfb, 0xd5, 0xed, 0xff,
  0xfa, 0xd4, 0xed, 0xff, 0xfa, 0xd4, 0xed, 0xff, 0xfa, 0xd4, 0xed, 0xff,
  0xfa, 0xd3, 0xed, 0xff, 0xfa, 0xd3, 0xed, 0xff, 0xfa, 0xd2, 0xec, 0xff,
  0xf9, 0xd2, 0xec, 0xff, 0xfa, 0xd2, 0xec, 0xff, 0xfa, 0xd3, 0xec, 0xff,
  0xfa, 0xd3, 0xec, 0xff, 0xfa, 0xd3, 0xec, 0xff, 0xfb, 0xd3, 0xec, 0xff,
  0xfb, 0xd4, 0xec, 0xff, 0xfa, 0xd4, 0xec, 0xff, 0xfa, 0xd3, 0xec, 0xff,
  0xfa, 0xd3, 0xec, 0xff, 0xfa, 0xd3, 0xec, 0xff, 0xfa, 0xd3, 0xec, 0xff,
  0xfa, 0xd2, 0xec, 0xff, 0xfa, 0xd2, 0xec, 0xff, 0xf9, 0xd2, 0xeb, 0xff,
  0xf9, 0xd2, 0xeb, 0xff, 0xfa, 0xd3, 0xec, 0xff, 0xf9, 0xd2, 0xec, 0xff,
  0xfa, 0xd3, 0xec, 0xff, 0xfa, 0xd3, 0xec, 0xff, 0xfa, 0xd3, 0xec, 0xff,
  0xf9, 0xd2, 0xeb, 0xff, 0xf9, 0xd2, 0xeb, 0xff, 0xfa, 0xd1, 0xeb, 0xff,
  0xf9, 0xd2, 0xeb, 0xff, 0xf9, 0xd2, 0xeb, 0xff, 0xf9, 0xd1, 0xeb, 0xff,
  0xfa, 0xd1, 0xeb, 0xff, 0xf9, 0xd2, 0xeb, 0xff, 0xfa, 0xd2, 0xeb, 0xff,
  0xf9, 0xd1, 0xeb, 0xff, 0xf9, 0xd1, 0xeb, 0xff, 0xf9, 0xd1, 0xeb, 0xff,
  0xfa, 0xd2, 0xec, 0xff, 0xfa, 0xd2, 0xeb, 0xff, 0xfa, 0xd1, 0xeb, 0xff,
  0xf9, 0xd1, 0xeb, 0xff, 0xf9, 0xd1, 0xeb, 0xff, 0xf9, 0xd0, 0xeb, 0xe1,
  0xf9, 0xd0, 0xeb, 0xaa, 0xf9, 0xd0, 0xea, 0x6a, 0xf9, 0xd0, 0xea, 0x22,
  0xf9, 0xd0, 0xea, 0x00, 0xfa, 0xd3, 0xec, 0x00, 0xfb, 0xd9, 0xf0, 0x00,
  0xfc, 0xe1, 0xf2, 0x00, 0xfc, 0xec, 0xf6, 0x00, 0xfd, 0xf9, 0xfb, 0x00,
  0xfd, 0xff, 0xff, 0x00, 0xfd, 0xff, 0xff, 0x00, 0xfd, 0xfd, 0xfd, 0x00,
  0xfd, 0xfd, 0xfd, 0x00, 0xfd, 0xfd, 0xfe, 0x00, 0xfd, 0xfd, 0xfe, 0x00,
  0xfd, 0xfd, 0xfd, 0x00, 0xfd, 0xfd, 0xfe, 0x00, 0xfd, 0xfd, 0xfe, 0x00,
  0xfd, 0xfd, 0xfe, 0x00, 0xfd, 0xfd, 0xfe, 0x00, 0xfd, 0xfd, 0xfd, 0x00,
  0xfd, 0xfd, 0xfe, 0x00, 0xfd, 0xfd, 0xfd, 0x00, 0xfd, 0xfe, 0xfe, 0x00,
  0xfd, 0xfd, 0xfd, 0x00, 0xfd, 0xfd, 0xfe, 0x00, 0xfd, 0xfd, 0xfe, 0x00,
  0xfd, 0xfd, 0xfe, 0x00, 0xfd, 0xfd, 0xfe, 0x00, 0xfd, 0xfd, 0xfe, 0x00,
  0xfd, 0xfd, 0xfe, 0x00, 0xfd, 0xfd, 0xfe, 0x00, 0xfd, 0xfd, 0xfe, 0x00,
  0xfd, 0xfd, 0xfe, 0x00, 0xfc, 0xfd, 0xfe, 0x00, 0xfd, 0xfe, 0xfe, 0x00,
  0xfd, 0xfe, 0xfe, 0x00, 0xfd, 0xf9, 0xfd, 0x00, 0xfd, 0xee, 0xfb, 0x00,
  0xfd, 0xe4, 0xf7, 0x00, 0xfd, 0xde, 0xf4, 0x00, 0xfc, 0xdb, 0xf2, 0x00,
  0xfb, 0xda, 0xf1, 0x09, 0xfb, 0xd9, 0xf0, 0x6a, 0xfa, 0xd7, 0xef, 0xc3,
  0xfa, 0xd7, 0xee, 0xff, 0xf9, 0xd5, 0xed, 0xff, 0xf9, 0xd4, 0xec, 0xff,
  0xf9, 0xd4, 0xec, 0xff, 0xf9, 0xd4, 0xec, 0xff, 0xf9, 0xd2, 0xeb, 0xff,
  0xf8, 0xd2, 0xeb, 0xff, 0xf7, 0xcf, 0xe9, 0xff, 0xf7, 0xcf, 0xe9, 0xff,
  0xf7, 0xcf, 0xe9, 0xff, 0xf7, 0xce, 0xe8, 0xff, 0xf7, 0xce, 0xe8, 0xff,
  0xf7, 0xcf, 0xe9, 0xff, 0xf7, 0xce, 0xe9, 0xff, 0xf7, 0xce, 0xe8, 0xff,
  0xf7, 0xce, 0xe9, 0xff, 0xf6, 0xcc, 0xe7, 0xff, 0xf6, 0xcc, 0xe7, 0xff,
  0xf6, 0xcb, 0xe6, 0xff, 0xf5, 0xcb, 0xe6, 0xff, 0xf6, 0xcb, 0xe6, 0xff,
  0xf6, 0xcc, 0xe7, 0xff, 0xf6, 0xcc, 0xe7, 0xff, 0xf5, 0xca, 0xe6, 0xff,
  0xf5, 0xca, 0xe6, 0xff, 0xf5, 0xcb, 0xe6, 0xff, 0xf5, 0xcc, 0xe6, 0xff,
  0xf6, 0xcd, 0xe7, 0xff, 0xf6, 0xcc, 0xe7, 0xff, 0xf6, 0xcc, 0xe6, 0xff,
  0xf6, 0xcc, 0xe7, 0xff, 0xf6, 0xcc, 0xe6, 0xff, 0xf7, 0xcc, 0xe7, 0xff,
  0xf6, 0xcc, 0xe6, 0xff, 0xf5, 0xcb, 0xe6, 0xff, 0xf6, 0xcb, 0xe6, 0xff,
  0xf6, 0xcb, 0xe6, 0xff, 0xf5, 0xca, 0xe5, 0xff, 0xf5, 0xca, 0xe5, 0xff,
  0xf6, 0xcb, 0xe6, 0xff, 0xf6, 0xcc, 0xe6, 0xff, 0xf5, 0xcb, 0xe6, 0xff,
  0xf5, 0xcb, 0xe5, 0xff, 0xf6, 0xca, 0xe6, 0xff, 0xf6, 0xcb, 0xe6, 0xff,
  0xf6, 0xcb, 0xe6, 0xff, 0xf6, 0xca, 0xe6, 0xff, 0xf5, 0xca, 0xe5, 0xff,
  0xf5, 0xca, 0xe5, 0xff, 0xf5, 0xca, 0xe5, 0xff, 0xf5, 0xca, 0xe5, 0xff,
  0xf6, 0xcb, 0xe6, 0xff, 0xf5, 0xcb, 0xe6, 0xff, 0xf6, 0xcb, 0xe6, 0xff,
  0xf6, 0xcc, 0xe6, 0xff, 0xf7, 0xcc, 0xe7, 0xff, 0xf6, 0xcc, 0xe6, 0xff,
  0xf5, 0xcb, 0xe6, 0xff, 0xf5, 0xcc, 0xe6, 0xff, 0xf6, 0xcc, 0xe6, 0xff,
  0xf6, 0xcb, 0xe6, 0xff, 0xf5, 0xcb, 0xe6, 0xff, 0xf6, 0xcb, 0xe6, 0xff,
  0xf6, 0xcc, 0xe7, 0xff, 0xf6, 0xcd, 0xe7, 0xff, 0xf6, 0xcd, 0xe7, 0xff,
  0xf7, 0xce, 0xe8, 0xc3, 0xf8, 0xcf, 0xea, 0x6a, 0xf9, 0xcf, 0xea, 0x09,
  0xf8, 0xcd, 0xe9, 0x00, 0xf9, 0xcd, 0xe9, 0x00, 0xfa, 0xd1, 0xeb, 0x00,
  0xfb, 0xde, 0xf0, 0x00, 0xfc, 0xf2, 0xf9, 0x00, 0xfe, 0xff, 0xff, 0x00,
  0xfd, 0xff, 0xfe, 0x00, 0xfd, 0xfc, 0xfd, 0x00, 0xfd, 0xfd, 0xfd, 0x00,
  0xfd, 0xfd, 0xfd, 0x00, 0xfd, 0xfd, 0xfe, 0x00, 0xfd, 0xfd, 0xfe, 0x00,
  0xfd, 0xfd, 0xfe, 0x00, 0xfd, 0xfd, 0xfe, 0x00, 0xfc, 0xfd, 0xfd, 0x00,
  0xfd, 0xfd, 0xfe, 0x00, 0xfd, 0xfe, 0xfe, 0x00, 0xfd, 0xfd, 0xfd, 0x00,
  0xfd, 0xfd, 0xfd, 0x00, 0xfd, 0xfd, 0xfe, 0x00, 0xfd, 0xfd, 0xfe, 0x00,
  0xfd, 0xfd, 0xfd, 0x00, 0xfd, 0xfd, 0xfe, 0x00, 0xfd, 0xfd, 0xfe, 0x00,
  0xfd, 0xfd, 0xfe, 0x00, 0xfd, 0xfd, 0xfe, 0x00, 0xfd, 0xfd, 0xfe, 0x00,
  0xfd, 0xfd, 0xfe, 0x00, 0xfd, 0xff, 0xfe, 0x00, 0xfd, 0xfb, 0xfd, 0x00,
  0xfd, 0xef, 0xfb, 0x00, 0xfd, 0xe3, 0xf7, 0x00, 0xfc, 0xdc, 0xf3, 0x00,
  0xfb, 0xda, 0xf1, 0x00, 0xfb, 0xd8, 0xf0, 0x15, 0xfa, 0xd5, 0xed, 0x88,
  0xf8, 0xd2, 0xeb, 0xf3, 0xf7, 0xcf, 0xe8, 0xff, 0xf5, 0xcc, 0xe7, 0xff,
  0xf4, 0xca, 0xe5, 0xff, 0xf4, 0xc9, 0xe4, 0xff, 0xf4, 0xc9, 0xe4, 0xff,
  0xf3, 0xc8, 0xe4, 0xff, 0xf3, 0xc8, 0xe3, 0xff, 0xf3, 0xc7, 0xe2, 0xff,
  0xf3, 0xc7, 0xe2, 0xff, 0xf3, 0xc7, 0xe2, 0xff, 0xf2, 0xc6, 0xe2, 0xff,
  0xf1, 0xc4, 0xe1, 0xff, 0xf2, 0xc4, 0xe1, 0xff, 0xf2, 0xc3, 0xe1, 0xff,
  0xf2, 0xc4, 0xe1, 0xff, 0xf2, 0xc4, 0xe1, 0xff, 0xf3, 0xc5, 0xe1, 0xff,
  0xf2, 0xc5, 0xe1, 0xff, 0xf2, 0xc4, 0xe0, 0xff, 0xf1, 0xc3, 0xe0, 0xff,
  0xf1, 0xc3, 0xdf, 0xff, 0xf1, 0xc2, 0xdf, 0xff, 0xf0, 0xc1, 0xdf, 0xff,
  0xf0, 0xc2, 0xdf, 0xff, 0xf1, 0xc3, 0xe0, 0xff, 0xf1, 0xc3, 0xe0, 0xff,
  0xf1, 0xc3, 0xe0, 0xff, 0xf1, 0xc3, 0xdf, 0xff, 0xf1, 0xc3, 0xdf, 0xff,
  0xf1, 0xc4, 0xe0, 0xff, 0xf1, 0xc4, 0xe0, 0xff, 0xf1, 0xc3, 0xe0, 0xff,
  0xf0, 0xc1, 0xdf, 0xff, 0xf0, 0xc2, 0xdf, 0xff, 0xf1, 0xc2, 0xdf, 0xff,
  0xf0, 0xc1, 0xdf, 0xff, 0xf0, 0xc0, 0xde, 0xff, 0xf1, 0xc2, 0xdf, 0xff,
  0xf1, 0xc3, 0xdf, 0xff, 0xef, 0xc1, 0xde, 0xff, 0xf0, 0xc1, 0xde, 0xff,
  0xf1, 0xc2, 0xde, 0xff, 0xf1, 0xc2, 0xdf, 0xff, 0xf2, 0xc3, 0xe0, 0xff,
  0xf1, 0xc3, 0xdf, 0xff, 0xf1, 0xc2, 0xdf, 0xff, 0xf1, 0xc2, 0xdf, 0xff,
  0xf1, 0xc2, 0xdf, 0xff, 0xf1, 0xc2, 0xdf, 0xff, 0xf2, 0xc2, 0xe0, 0xff,
  0xf1, 0xc2, 0xdf, 0xff, 0xf1, 0xc2, 0xe0, 0xff, 0xf1, 0xc3, 0xdf, 0xff,
  0xf1, 0xc3, 0xe0, 0xff, 0xf0, 0xc2, 0xdf, 0xff, 0xf0, 0xc2, 0xdf, 0xff,
  0xf1, 0xc4, 0xe1, 0xff, 0xf2, 0xc4, 0xe1, 0xff, 0xf1, 0xc3, 0xe0, 0xff,
  0xf1, 0xc2, 0xdf, 0xff, 0xf1, 0xc2, 0xdf, 0xff, 0xf1, 0xc2, 0xdf, 0xff,
  0xf1, 0xc1, 0xde, 0xff, 0xf0, 0xc1, 0xde, 0xff, 0xf0, 0xc1, 0xde, 0xff,
  0xf0, 0xc1, 0xde, 0xff, 0xf1, 0xc2, 0xdf, 0xff, 0xf1, 0xc2, 0xdf, 0xff,
  0xf2, 0xc5, 0xe1, 0xff, 0xf3, 0xc6, 0xe2, 0xff, 0xf4, 0xc7, 0xe3, 0xf3,
  0xf4, 0xc8, 0xe4, 0x88, 0xf5, 0xca, 0xe6, 0x15, 0xf7, 0xcb, 0xe7, 0x00,
  0xf7, 0xc8, 0xe6, 0x00, 0xf7, 0xca, 0xe6, 0x00, 0xf9, 0xda, 0xed, 0x00,
  0xfc, 0xf4, 0xf9, 0x00, 0xfe, 0xff, 0xff, 0x00, 0xfd, 0xfd, 0xfe, 0x00,
  0xfd, 0xfd, 0xfd, 0x00, 0xfd, 0xfd, 0xfe, 0x00, 0xfd, 0xfd, 0xfe, 0x00,
  0xfd, 0xfd, 0xfe, 0x00, 0xfd, 0xfd, 0xfe, 0x00, 0xfd, 0xfd, 0xfe, 0x00,
  0xfd, 0xfd, 0xfd, 0x00, 0xfd, 0xfd, 0xfe, 0x00, 0xfd, 0xfd, 0xfe, 0x00,
  0xfd, 0xfd, 0xfd, 0x00, 0xfd, 0xfd, 0xfe, 0x00, 0xfd, 0xfd, 0xfe, 0x00,
  0xfd, 0xfd, 0xfe, 0x00, 0xfd, 0xfd, 0xfe, 0x00, 0xfd, 0xfd, 0xfe, 0x00,
  0xfd, 0xfd, 0xfe, 0x00, 0xfd, 0xfd, 0xfd, 0x00, 0xfd, 0xfe, 0xfd, 0x00,
  0xfd, 0xfe, 0xfd, 0x00, 0xfd, 0xf4, 0xfc, 0x00, 0xfd, 0xe7, 0xf8, 0x00,
  0xfd, 0xdf, 0xf5, 0x00, 0xfc, 0xdc, 0xf2, 0x00, 0xfa, 0xd7, 0xef, 0x00,
  0xf8, 0xd2, 0xec, 0x7b, 0xf6, 0xce, 0xe8, 0xf7, 0xf4, 0xc9, 0xe5, 0xff,
  0xf3, 0xc6, 0xe2, 0xff, 0xf2, 0xc4, 0xe0, 0xff, 0xf0, 0xc2, 0xdf, 0xff,
  0xf1, 0xc1, 0xdf, 0xff, 0xf0, 0xc2, 0xde, 0xff, 0xf0, 0xc1, 0xde, 0xff,
  0xf0, 0xc1, 0xde, 0xff, 0xf0, 0xc2, 0xde, 0xff, 0xf0, 0xc1, 0xdf, 0xff,
  0xf0, 0xc2, 0xde, 0xff, 0xf0, 0xc1, 0xde, 0xff, 0xf0, 0xc0, 0xde, 0xff,
  0xf0, 0xbf, 0xdd, 0xff, 0xef, 0xbf, 0xdd, 0xff, 0xef, 0xc0, 0xdd, 0xff,
  0xef, 0xc0, 0xde, 0xff, 0xef, 0xc0, 0xdd, 0xff, 0xef, 0xbf, 0xdc, 0xff,
  0xee, 0xbe, 0xdc, 0xff, 0xef, 0xbf, 0xdc, 0xff, 0xef, 0xbf, 0xdd, 0xff,
  0xee, 0xbf, 0xdd, 0xff, 0xee, 0xbe, 0xdc, 0xff, 0xed, 0xbd, 0xdb, 0xff,
  0xed, 0xbc, 0xdb, 0xff, 0xee, 0xbd, 0xdb, 0xff, 0xee, 0xbe, 0xdc, 0xff,
  0xee, 0xbd, 0xdc, 0xff, 0xee, 0xbd, 0xdc, 0xff, 0xef, 0xbf, 0xdc, 0xff,
  0xee, 0xbe, 0xdc, 0xff, 0xee, 0xbe, 0xdc, 0xff, 0xee, 0xbe, 0xdc, 0xff,
  0xee, 0xbd, 0xdb, 0xff, 0xed, 0xbc, 0xdb, 0xff, 0xed, 0xbc, 0xda, 0xff,
  0xed, 0xbb, 0xda, 0xff, 0xec, 0xbb, 0xd9, 0xff, 0xee, 0xbd, 0xdb, 0xff,
  0xee, 0xbd, 0xdb, 0xff, 0xee, 0xbd, 0xdb, 0xff, 0xed, 0xbc, 0xda, 0xff,
  0xed, 0xbc, 0xda, 0xff, 0xee, 0xbd, 0xdb, 0xff, 0xef, 0xbe, 0xdc, 0xff,
  0xef, 0xbe, 0xdc, 0xff, 0xef, 0xbe, 0xdc, 0xff, 0xef, 0xbe, 0xdc, 0xff,
  0xef, 0xbe, 0xdc, 0xff, 0xef, 0xbe, 0xdc, 0xff, 0xef, 0xbe, 0xdd, 0xff,
  0xf0, 0xbf, 0xdd, 0xff, 0xef, 0xbf, 0xdd, 0xff, 0xee, 0xbf, 0xdd, 0xff,
  0xee, 0xbf, 0xdd, 0xff, 0xee, 0xbe, 0xdc, 0xff, 0xee, 0xbf, 0xdc, 0xff,
  0xef, 0xbf, 0xdd, 0xff, 0xef, 0xbf, 0xdd, 0xff, 0xee, 0xbe, 0xdc, 0xff,
  0xed, 0xbd, 0xdb, 0xff, 0xed, 0xbc, 0xda, 0xff, 0xee, 0xbb, 0xda, 0xff,
  0xed, 0xbb, 0xda, 0xff, 0xed, 0xbc, 0xda, 0xff, 0xed, 0xbb, 0xda, 0xff,
  0xec, 0xba, 0xd9, 0xff, 0xed, 0xb9, 0xd8, 0xff, 0xed, 0xba, 0xd9, 0xff,
  0xee, 0xbb, 0xda, 0xff, 0xed, 0xbc, 0xda, 0xff, 0xee, 0xbd, 0xdb, 0xff,
  0xef, 0xbf, 0xdd, 0xff, 0xf0, 0xc0, 0xde, 0xf7, 0xf2, 0xc4, 0xe1, 0x7b,
  0xf3, 0xc6, 0xe3, 0x00, 0xf4, 0xc7, 0xe4, 0x00, 0xf4, 0xc5, 0xe3, 0x00,
  0xf5, 0xc8, 0xe4, 0x00, 0xf9, 0xe2, 0xf0, 0x00, 0xfe, 0xfe, 0xfe, 0x00,
  0xfd, 0xff, 0xff, 0x00, 0xfc, 0xfc, 0xfd, 0x00, 0xfd, 0xfd, 0xfe, 0x00,
  0xfd, 0xfd, 0xfe, 0x00, 0xfd, 0xfd, 0xfe, 0x00, 0xfd, 0xfd, 0xfe, 0x00,
  0xfd, 0xfd, 0xfe, 0x00, 0xfd, 0xfd, 0xfe, 0x00, 0xfd, 0xfd, 0xfe, 0x00,
  0xfd, 0xfd, 0xfe, 0x00, 0xfd, 0xfd, 0xfe, 0x00, 0xfc, 0xfd, 0xfe, 0x00,
  0xfd, 0xfd, 0xfe, 0x00, 0xfd, 0xfd, 0xfe, 0x00, 0xfd, 0xfd, 0xfe, 0x00,
  0xfd, 0xfd, 0xfd, 0x00, 0xfd, 0xfe, 0xfe, 0x00, 0xfd, 0xfc, 0xfe, 0x00,
  0xfd, 0xed, 0xfa, 0x00, 0xfd, 0xe1, 0xf6, 0x00, 0xfc, 0xde, 0xf4, 0x00,
  0xfb, 0xd9, 0xf1, 0x00, 0xf8, 0xd3, 0xec, 0x44, 0xf6, 0xcc, 0xe8, 0xd0,
  0xf4, 0xc7, 0xe4, 0xff, 0xf2, 0xc4, 0xe1, 0xff, 0xf0, 0xc2, 0xdf, 0xff,
  0xf0, 0xc0, 0xde, 0xff, 0xef, 0xc0, 0xdd, 0xff, 0xef, 0xbf, 0xdd, 0xff,
  0xef, 0xbf, 0xdd, 0xff, 0xf0, 0xc0, 0xdd, 0xff, 0xee, 0xbe, 0xdc, 0xff,
  0xee, 0xbe, 0xdc, 0xff, 0xef, 0xc0, 0xdd, 0xff, 0xee, 0xbf, 0xdd, 0xff,
  0xee, 0xbf, 0xdc, 0xff, 0xef, 0xbf, 0xdd, 0xff, 0xef, 0xbf, 0xdd, 0xff,
  0xee, 0xbf, 0xdc, 0xff, 0xee, 0xbe, 0xdc, 0xff, 0xee, 0xbe, 0xdc, 0xff,
  0xee, 0xbd, 0xdc, 0xff, 0xed, 0xbd, 0xdb, 0xff, 0xec, 0xbc, 0xda, 0xff,
  0xec, 0xba, 0xd9, 0xff, 0xec, 0xbb, 0xda, 0xff, 0xee, 0xbd, 0xdb, 0xff,
  0xed, 0xbc, 0xdb, 0xff, 0xed, 0xbd, 0xdb, 0xff, 0xed, 0xbc, 0xda, 0xff,
  0xed, 0xbc, 0xda, 0xff, 0xed, 0xbc, 0xda, 0xff, 0xed, 0xbb, 0xda, 0xff,
  0xed, 0xbb, 0xda, 0xff, 0xed, 0xbb, 0xda, 0xff, 0xed, 0xbc, 0xda, 0xff,
  0xec, 0xbb, 0xd9, 0xff, 0xec, 0xbc, 0xda, 0xff, 0xec, 0xbb, 0xd9, 0xff,
  0xec, 0xba, 0xd9, 0xff, 0xeb, 0xb9, 0xd8, 0xff, 0xeb, 0xb9, 0xd8, 0xff,
  0xeb, 0xba, 0xd9, 0xff, 0xeb, 0xba, 0xd8, 0xff, 0xec, 0xba, 0xd9, 0xff,
  0xec, 0xbb, 0xd9, 0xff, 0xec, 0xba, 0xd9, 0xff, 0xec, 0xb9, 0xd8, 0xff,
  0xec, 0xb9, 0xd8, 0xff, 0xed, 0xba, 0xd9, 0xff, 0xed, 0xbb, 0xd9, 0xff,
  0xed, 0xbc, 0xda, 0xff, 0xed, 0xbc, 0xda, 0xff, 0xed, 0xbc, 0xda, 0xff,
  0xed, 0xbc, 0xda, 0xff, 0xed, 0xbc, 0xdb, 0xff, 0xed, 0xbc, 0xdb, 0xff,
  0xee, 0xbd, 0xdb, 0xff, 0xee, 0xbd, 0xdc, 0xff, 0xee, 0xbe, 0xdc, 0xff,
  0xed, 0xbd, 0xdb, 0xff, 0xed, 0xbe, 0xdb, 0xff, 0xee, 0xbe, 0xdc, 0xff,
  0xee, 0xbe, 0xdb, 0xff, 0xee, 0xbd, 0xdb, 0xff, 0xed, 0xbd, 0xda, 0xff,
  0xed, 0xbc, 0xda, 0xff, 0xed, 0xbb, 0xda, 0xff, 0xed, 0xba, 0xd9, 0xff,
  0xec, 0xb9, 0xd8, 0xff, 0xeb, 0xb8, 0xd7, 0xff, 0xea, 0xb7, 0xd7, 0xff,
  0xeb, 0xb7, 0xd6, 0xff, 0xeb, 0xb7, 0xd6, 0xff, 0xec, 0xb8, 0xd7, 0xff,
  0xec, 0xb8, 0xd7, 0xff, 0xeb, 0xb8, 0xd7, 0xff, 0xec, 0xb9, 0xd8, 0xff,
  0xec, 0xb9, 0xd8, 0xff, 0xec, 0xb9, 0xd9, 0xff, 0xed, 0xbc, 0xdb, 0xff,
  0xef, 0xbe, 0xdd, 0xd0, 0xf0, 0xc1, 0xde, 0x44, 0xf1, 0xc3, 0xe0, 0x00,
  0xf1, 0xc4, 0xe1, 0x00, 0xf2, 0xc1, 0xe0, 0x00, 0xf5, 0xd2, 0xe7, 0x00,
  0xfc, 0xf8, 0xfb, 0x00, 0xfe, 0xff, 0xff, 0x00, 0xfd, 0xfc, 0xfd, 0x00,
  0xfd, 0xfd, 0xfe, 0x00, 0xfd, 0xfd, 0xfe, 0x00, 0xfc, 0xfd, 0xfd, 0x00,
  0xfd, 0xfd, 0xfe, 0x00, 0xfd, 0xfd, 0xfe, 0x00, 0xfd, 0xfd, 0xfe, 0x00,
  0xfd, 0xfd, 0xfd, 0x00, 0xfc, 0xfd, 0xfe, 0x00, 0xfd, 0xfd, 0xfe, 0x00,
  0xfd, 0xfd, 0xfe, 0x00, 0xfd, 0xfd, 0xfe, 0x00, 0xfd, 0xfd, 0xfd, 0x00,
  0xfd, 0xfe, 0xfe, 0x00, 0xfd, 0xfb, 0xfd, 0x00, 0xfd, 0xea, 0xf9, 0x00,
  0xfd, 0xdf, 0xf5, 0x00, 0xfc, 0xdc, 0xf3, 0x00, 0xfa, 0xd7, 0xef, 0x00,
  0xf6, 0xce, 0xe8, 0x7f, 0xf4, 0xc8, 0xe3, 0xff, 0xf2, 0xc4, 0xe1, 0xff,
  0xf0, 0xc1, 0xdf, 0xff, 0xef, 0xbf, 0xde, 0xff, 0xef, 0xbe, 0xdc, 0xff,
  0xef, 0xbe, 0xdc, 0xff, 0xef, 0xbe, 0xdc, 0xff, 0xee, 0xbe, 0xdc, 0xff,
  0xee, 0xbe, 0xdc, 0xff, 0xef, 0xbf, 0xdd, 0xff, 0xee, 0xbf, 0xdc, 0xff,
  0xee, 0xbe, 0xdb, 0xff, 0xee, 0xbe, 0xdb, 0xff, 0xed, 0xbd, 0xdb, 0xff,
  0xee, 0xbe, 0xdb, 0xff, 0xee, 0xbe, 0xdc, 0xff, 0xee, 0xbe, 0xdb, 0xff,
  0xed, 0xbd, 0xdb, 0xff, 0xed, 0xbd, 0xdb, 0xff, 0xee, 0xbd, 0xdb, 0xff,
  0xed, 0xbc, 0xdb, 0xff, 0xed, 0xbc, 0xda, 0xff, 0xec, 0xbb, 0xd9, 0xff,
  0xed, 0xbb, 0xd9, 0xff, 0xed, 0xbc, 0xda, 0xff, 0xed, 0xbb, 0xda, 0xff,
  0xec, 0xbb, 0xda, 0xff, 0xed, 0xbc, 0xda, 0xff, 0xed, 0xbc, 0xda, 0xff,
  0xed, 0xbc, 0xda, 0xff, 0xed, 0xba, 0xda, 0xff, 0xed, 0xbb, 0xda, 0xff,
  0xed, 0xbb, 0xda, 0xff, 0xec, 0xba, 0xd9, 0xff, 0xec, 0xba, 0xd9, 0xff,
  0xec, 0xba, 0xd9, 0xff, 0xeb, 0xba, 0xd8, 0xff, 0xeb, 0xb9, 0xd8, 0xff,
  0xeb, 0xb8, 0xd7, 0xff, 0xeb, 0xb9, 0xd8, 0xff, 0xeb, 0xb9, 0xd8, 0xff,
  0xeb, 0xb9, 0xd8, 0xff, 0xeb, 0xb9, 0xd7, 0xff, 0xeb, 0xb9, 0xd7, 0xff,
  0xec, 0xba, 0xd8, 0xff, 0xec, 0xba, 0xd9, 0xff, 0xec, 0xb9, 0xd8, 0xff,
  0xec, 0xb8, 0xd8, 0xff, 0xec, 0xb9, 0xd8, 0xff, 0xec, 0xba, 0xd8, 0xff,
  0xec, 0xba, 0xd9, 0xff, 0xed, 0xbb, 0xd9, 0xff, 0xed, 0xbc, 0xda, 0xff,
  0xed, 0xbc, 0xda, 0xff, 0xec, 0xbb, 0xda, 0xff, 0xed, 0xbb, 0xda, 0xff,
  0xed, 0xbc, 0xdb, 0xff, 0xee, 0xbd, 0xdc, 0xff, 0xee, 0xbd, 0xdb, 0xff,
  0xed, 0xbd, 0xdb, 0xff, 0xed, 0xbd, 0xdb, 0xff, 0xed, 0xbd, 0xdb, 0xff,
  0xee, 0xbd, 0xdb, 0xff, 0xee, 0xbc, 0xda, 0xff, 0xed, 0xbb, 0xda, 0xff,
  0xed, 0xbb, 0xd9, 0xff, 0xec, 0xb9, 0xd9, 0xff, 0xeb, 0xb8, 0xd8, 0xff,
  0xeb, 0xb8, 0xd7, 0xff, 0xeb, 0xb7, 0xd6, 0xff, 0xea, 0xb7, 0xd6, 0xff,
  0xeb, 0xb7, 0xd7, 0xff, 0xeb, 0xb6, 0xd6, 0xff, 0xeb, 0xb6, 0xd6, 0xff,
  0xea, 0xb6, 0xd5, 0xff, 0xea, 0xb5, 0xd5, 0xff, 0xea, 0xb6, 0xd5, 0xff,
  0xeb, 0xb6, 0xd5, 0xff, 0xeb, 0xb6, 0xd6, 0xff, 0xea, 0xb7, 0xd6, 0xff,
  0xec, 0xb8, 0xd8, 0xff, 0xed, 0xbb, 0xda, 0xff, 0xed, 0xbd, 0xdb, 0x7f,
  0xee, 0xbe, 0xdd, 0x00, 0xef, 0xc1, 0xde, 0x00, 0xf0, 0xbf, 0xdd, 0x00,
  0xf2, 0xc7, 0xe1, 0x00, 0xfb, 0xf4, 0xf9, 0x00, 0xfe, 0xff, 0xff, 0x00,
  0xfc, 0xfc, 0xfd, 0x00, 0xfd, 0xfd, 0xfe, 0x00, 0xfd, 0xfd, 0xfe, 0x00,
  0xfd, 0xfd, 0xfe, 0x00, 0xfd, 0xfd, 0xfd, 0x00, 0xfd, 0xfd, 0xfe, 0x00,
  0xfd, 0xfd, 0xfd, 0x00, 0xfc, 0xfd, 0xfe, 0x00, 0xfd, 0xfd, 0xfe, 0x00,
  0xfd, 0xfd, 0xfe, 0x00, 0xfd, 0xfd, 0xfd, 0x00, 0xfd, 0xfe, 0xfe, 0x00,
  0xfd, 0xfb, 0xfd, 0x00, 0xfd, 0xe8, 0xf8, 0x00, 0xfd, 0xdf, 0xf4, 0x00,
  0xfc, 0xdb, 0xf1, 0x00, 0xf9, 0xd4, 0xed, 0x05, 0xf6, 0xcc, 0xe7, 0xaa,
  0xf2, 0xc5, 0xe1, 0xff, 0xf1, 0xc1, 0xde, 0xff, 0xef, 0xbf, 0xdd, 0xff,
  0xee, 0xbd, 0xdc, 0xff, 0xed, 0xbc, 0xdb, 0xff, 0xed, 0xbc, 0xda, 0xff,
  0xed, 0xbd, 0xda, 0xff, 0xee, 0xbd, 0xdb, 0xff, 0xee, 0xbd, 0xdb, 0xff,
  0xee, 0xbe, 0xdb, 0xff, 0xef, 0xbf, 0xdc, 0xff, 0xee, 0xbe, 0xdc, 0xff,
  0xec, 0xbd, 0xda, 0xff, 0xed, 0xbd, 0xda, 0xff, 0xed, 0xbd, 0xdb, 0xff,
  0xed, 0xbd, 0xda, 0xff, 0xed, 0xbd, 0xda, 0xff, 0xec, 0xbc, 0xda, 0xff,
  0xec, 0xbb, 0xd9, 0xff, 0xec, 0xbb, 0xd9, 0xff, 0xec, 0xbc, 0xd9, 0xff,
  0xec, 0xbc, 0xda, 0xff, 0xec, 0xbb, 0xd9, 0xff, 0xed, 0xbc, 0xd9, 0xff,
  0xed, 0xbd, 0xda, 0xff, 0xee, 0xbc, 0xda, 0xff, 0xec, 0xbb, 0xd9, 0xff,
  0xec, 0xba, 0xd9, 0xff, 0xec, 0xbb, 0xd9, 0xff, 0xec, 0xbb, 0xd9, 0xff,
  0xec, 0xbb, 0xd9, 0xff, 0xec, 0xba, 0xd9, 0xff, 0xec, 0xba, 0xd9, 0xff,
  0xec, 0xb9, 0xd9, 0xff, 0xec, 0xb9, 0xd8, 0xff, 0xea, 0xb9, 0xd7, 0xff,
  0xea, 0xb9, 0xd7, 0xff, 0xea, 0xb8, 0xd7, 0xff, 0xea, 0xb8, 0xd7, 0xff,
  0xeb, 0xb8, 0xd7, 0xff, 0xeb, 0xb9, 0xd8, 0xff, 0xeb, 0xba, 0xd8, 0xff,
  0xeb, 0xb9, 0xd8, 0xff, 0xea, 0xb8, 0xd7, 0xff, 0xeb, 0xb9, 0xd7, 0xff,
  0xeb, 0xb9, 0xd8, 0xff, 0xeb, 0xb8, 0xd7, 0xff, 0xeb, 0xb9, 0xd8, 0xff,
  0xec, 0xb9, 0xd8, 0xff, 0xec, 0xb9, 0xd8, 0xff, 0xec, 0xba, 0xd8, 0xff,
  0xec, 0xba, 0xd8, 0xff, 0xec, 0xb9, 0xd8, 0xff, 0xec, 0xbb, 0xd9, 0xff,
  0xed, 0xbb, 0xd9, 0xff, 0xed, 0xbb, 0xda, 0xff, 0xed, 0xbc, 0xdb, 0xff,
  0xee, 0xbc, 0xdb, 0xff, 0xed, 0xbc, 0xdb, 0xff, 0xec, 0xbc, 0xda, 0xff,
  0xed, 0xbc, 0xda, 0xff, 0xee, 0xbe, 0xdc, 0xff, 0xef, 0xc0, 0xde, 0xff,
  0xee, 0xc0, 0xdd, 0xff, 0xee, 0xbf, 0xdd, 0xff, 0xee, 0xc0, 0xdd, 0xff,
  0xee, 0xbf, 0xdd, 0xff, 0xee, 0xbe, 0xdc, 0xff, 0xec, 0xbb, 0xd9, 0xff,
  0xe9, 0xb5, 0xd5, 0xff, 0xeb, 0xb6, 0xd6, 0xff, 0xec, 0xb8, 0xd7, 0xff,
  0xea, 0xb5, 0xd5, 0xff, 0xea, 0xb5, 0xd5, 0xff, 0xea, 0xb5, 0xd5, 0xff,
  0xe9, 0xb5, 0xd4, 0xff, 0xe8, 0xb4, 0xd4, 0xff, 0xe8, 0xb3, 0xd3, 0xff,
  0xe9, 0xb4, 0xd4, 0xff, 0xe9, 0xb4, 0xd4, 0xff, 0xe8, 0xb4, 0xd3, 0xff,
  0xe9, 0xb5, 0xd4, 0xff, 0xea, 0xb6, 0xd5, 0xff, 0xea, 0xb7, 0xd6, 0xff,
  0xec, 0xb9, 0xd8, 0xaa, 0xec, 0xbb, 0xda, 0x05, 0xef, 0xbf, 0xdc, 0x00,
  0xee, 0xbc, 0xdb, 0x00, 0xf0, 0xc2, 0xdd, 0x00, 0xfb, 0xf3, 0xf8, 0x00,
  0xfe, 0xff, 0xff, 0x00, 0xfc, 0xfc, 0xfd, 0x00, 0xfd, 0xfd, 0xfd, 0x00,
  0xfd, 0xfd, 0xfe, 0x00, 0xfd, 0xfd, 0xfe, 0x00, 0xfd, 0xfd, 0xfe, 0x00,
  0xfd, 0xfd, 0xfd, 0x00, 0xfd, 0xfd, 0xfe, 0x00, 0xfc, 0xfd, 0xfe, 0x00,
  0xfd, 0xfd, 0xfd, 0x00, 0xfd, 0xfe, 0xfd, 0x00, 0xfd, 0xfc, 0xfd, 0x00,
  0xfd, 0xe7, 0xf8, 0x00, 0xfc, 0xdc, 0xf3, 0x00, 0xfb, 0xda, 0xf1, 0x00,
  0xf9, 0xd3, 0xec, 0x15, 0xf5, 0xca, 0xe5, 0xc3, 0xf2, 0xc4, 0xe0, 0xff,
  0xef, 0xc0, 0xdd, 0xff, 0xee, 0xbe, 0xdb, 0xff, 0xee, 0xbe, 0xdb, 0xff,
  0xed, 0xbc, 0xda, 0xff, 0xed, 0xbb, 0xda, 0xff, 0xed, 0xbc, 0xda, 0xff,
  0xed, 0xbc, 0xda, 0xff, 0xed, 0xbc, 0xdb, 0xff, 0xed, 0xbd, 0xdb, 0xff,
  0xee, 0xbe, 0xdb, 0xff, 0xef, 0xbf, 0xdc, 0xff, 0xed, 0xbd, 0xdb, 0xff,
  0xec, 0xbc, 0xda, 0xff, 0xed, 0xbd, 0xda, 0xff, 0xed, 0xbe, 0xdb, 0xff,
  0xed, 0xbe, 0xdb, 0xff, 0xed, 0xbc, 0xda, 0xff, 0xed, 0xbb, 0xda, 0xff,
  0xec, 0xbb, 0xd9, 0xff, 0xec, 0xba, 0xd9, 0xff, 0xeb, 0xba, 0xd8, 0xff,
  0xec, 0xba, 0xd9, 0xff, 0xec, 0xbb, 0xd9, 0xff, 0xed, 0xbd, 0xda, 0xff,
  0xed, 0xbc, 0xda, 0xff, 0xed, 0xbb, 0xd9, 0xff, 0xec, 0xbb, 0xd9, 0xff,
  0xec, 0xbb, 0xd9, 0xff, 0xec, 0xbb, 0xda, 0xff, 0xec, 0xbb, 0xd9, 0xff,
  0xeb, 0xba, 0xd9, 0xff, 0xeb, 0xb9, 0xd8, 0xff, 0xeb, 0xb9, 0xd8, 0xff,
  0xeb, 0xb8, 0xd7, 0xff, 0xec, 0xba, 0xd8, 0xff, 0xeb, 0xb9, 0xd8, 0xff,
  0xea, 0xb8, 0xd6, 0xff, 0xea, 0xb7, 0xd6, 0xff, 0xea, 0xb7, 0xd6, 0xff,
  0xea, 0xb8, 0xd7, 0xff, 0xea, 0xb8, 0xd7, 0xff, 0xeb, 0xb9, 0xd8, 0xff,
  0xeb, 0xba, 0xd9, 0xff, 0xeb, 0xb9, 0xd8, 0xff, 0xeb, 0xb9, 0xd7, 0xff,
  0xeb, 0xb9, 0xd7, 0xff, 0xeb, 0xb9, 0xd8, 0xff, 0xeb, 0xb9, 0xd8, 0xff,
  0xeb, 0xb9, 0xd8, 0xff, 0xea, 0xb9, 0xd8, 0xff, 0xeb, 0xba, 0xd8, 0xff,
  0xeb, 0xba, 0xd8, 0xff, 0xeb, 0xb8, 0xd7, 0xff, 0xec, 0xba, 0xd9, 0xff,
  0xed, 0xbb, 0xda, 0xff, 0xed, 0xbb, 0xda, 0xff, 0xed, 0xbc, 0xda, 0xff,
  0xed, 0xbb, 0xda, 0xff, 0xed, 0xbb, 0xda, 0xff, 0xed, 0xbe, 0xdb, 0xff,
  0xed, 0xbe, 0xdb, 0xff, 0xeb, 0xb7, 0xd6, 0xff, 0xe7, 0xac, 0xcd, 0xff,
  0xe3, 0xa0, 0xc4, 0xff, 0xde, 0x98, 0xbe, 0xff, 0xdd, 0x97, 0xbc, 0xff,
  0xdf, 0x9b, 0xbf, 0xff, 0xe3, 0xa4, 0xc6, 0xff, 0xe8, 0xb2, 0xd1, 0xff,
  0xeb, 0xba, 0xd8, 0xff, 0xeb, 0xb9, 0xd8, 0xff, 0xea, 0xb3, 0xd4, 0xff,
  0xea, 0xb3, 0xd4, 0xff, 0xe9, 0xb3, 0xd4, 0xff, 0xe9, 0xb3, 0xd4, 0xff,
  0xe9, 0xb4, 0xd4, 0xff, 0xe9, 0xb4, 0xd3, 0xff, 0xe9, 0xb3, 0xd3, 0xff,
  0xea, 0xb5, 0xd5, 0xff, 0xe9, 0xb5, 0xd4, 0xff, 0xe9, 0xb4, 0xd3, 0xff,
  0xe9, 0xb4, 0xd3, 0xff, 0xea, 0xb5, 0xd5, 0xff, 0xe9, 0xb5, 0xd4, 0xff,
  0xe8, 0xb5, 0xd4, 0xff, 0xe9, 0xb7, 0xd6, 0xc3, 0xeb, 0xb9, 0xd8, 0x15,
  0xed, 0xbd, 0xdb, 0x00, 0xed, 0xba, 0xd9, 0x00, 0xee, 0xc1, 0xdc, 0x00,
  0xfc, 0xf7, 0xfa, 0x00, 0xfe, 0xff, 0xff, 0x00, 0xfc, 0xfc, 0xfd, 0x00,
  0xfd, 0xfd, 0xfd, 0x00, 0xfd, 0xfd, 0xfe, 0x00, 0xfd, 0xfd, 0xfd, 0x00,
  0xfd, 0xfd, 0xfd, 0x00, 0xfd, 0xfd, 0xfe, 0x00, 0xfd, 0xfd, 0xfe, 0x00,
  0xfd, 0xfd, 0xfd, 0x00, 0xfd, 0xfe, 0xfe, 0x00, 0xfd, 0xe8, 0xf8, 0x00,
  0xfb, 0xda, 0xf2, 0x00, 0xfb, 0xd9, 0xf0, 0x00, 0xf8, 0xd2, 0xea, 0x15,
  0xf4, 0xc9, 0xe3, 0xcc, 0xf1, 0xc3, 0xe0, 0xff, 0xf0, 0xc0, 0xdd, 0xff,
  0xef, 0xbf, 0xdc, 0xff, 0xee, 0xbe, 0xdb, 0xff, 0xed, 0xbc, 0xda, 0xff,
  0xec, 0xbb, 0xd9, 0xff, 0xed, 0xbb, 0xda, 0xff, 0xed, 0xbc, 0xda, 0xff,
  0xed, 0xbc, 0xda, 0xff, 0xed, 0xbd, 0xdb, 0xff, 0xed, 0xbd, 0xdb, 0xff,
  0xed, 0xbd, 0xdb, 0xff, 0xed, 0xbe, 0xdb, 0xff, 0xed, 0xbd, 0xda, 0xff,
  0xec, 0xbc, 0xda, 0xff, 0xec, 0xbc, 0xda, 0xff, 0xed, 0xbc, 0xda, 0xff,
  0xed, 0xbc, 0xda, 0xff, 0xec, 0xbb, 0xda, 0xff, 0xed, 0xbc, 0xda, 0xff,
  0xed, 0xbc, 0xda, 0xff, 0xec, 0xbb, 0xd9, 0xff, 0xec, 0xba, 0xd9, 0xff,
  0xec, 0xba, 0xd9, 0xff, 0xec, 0xbb, 0xd9, 0xff, 0xec, 0xbc, 0xd9, 0xff,
  0xeb, 0xba, 0xd8, 0xff, 0xeb, 0xba, 0xd8, 0xff, 0xec, 0xbb, 0xd9, 0xff,
  0xec, 0xbb, 0xd9, 0xff, 0xeb, 0xba, 0xd9, 0xff, 0xeb, 0xba, 0xd8, 0xff,
  0xeb, 0xb8, 0xd8, 0xff, 0xea, 0xb7, 0xd7, 0xff, 0xea, 0xb8, 0xd7, 0xff,
  0xea, 0xb8, 0xd7, 0xff, 0xea, 0xb8, 0xd7, 0xff, 0xea, 0xb7, 0xd6, 0xff,
  0xea, 0xb7, 0xd6, 0xff, 0xea, 0xb7, 0xd6, 0xff, 0xea, 0xb8, 0xd7, 0xff,
  0xea, 0xb8, 0xd7, 0xff, 0xea, 0xb8, 0xd7, 0xff, 0xeb, 0xb9, 0xd7, 0xff,
  0xeb, 0xb9, 0xd7, 0xff, 0xeb, 0xb9, 0xd8, 0xff, 0xeb, 0xb9, 0xd8, 0xff,
  0xeb, 0xb9, 0xd8, 0xff, 0xec, 0xb9, 0xd8, 0xff, 0xeb, 0xb9, 0xd8, 0xff,
  0xeb, 0xb9, 0xd8, 0xff, 0xeb, 0xb9, 0xd8, 0xff, 0xeb, 0xb9, 0xd8, 0xff,
  0xeb, 0xb9, 0xd8, 0xff, 0xeb, 0xb9, 0xd8, 0xff, 0xec, 0xb9, 0xd8, 0xff,
  0xed, 0xbb, 0xd9, 0xff, 0xec, 0xbb, 0xda, 0xff, 0xed, 0xbb, 0xda, 0xff,
  0xec, 0xbb, 0xda, 0xff, 0xed, 0xbf, 0xdd, 0xff, 0xeb, 0xb5, 0xd4, 0xff,
  0xe2, 0x9f, 0xc4, 0xff, 0xdb, 0x8d, 0xb7, 0xff, 0xd8, 0x88, 0xb3, 0xff,
  0xd8, 0x86, 0xb3, 0xff, 0xd4, 0x82, 0xae, 0xff, 0xd0, 0x7c, 0xa8, 0xff,
  0xcd, 0x78, 0xa4, 0xff, 0xca, 0x74, 0x9e, 0xff, 0xcb, 0x75, 0x9f, 0xff,
  0xd4, 0x8a, 0xaf, 0xff, 0xe2, 0xaa, 0xca, 0xff, 0xec, 0xb9, 0xd9, 0xff,
  0xea, 0xb3, 0xd5, 0xff, 0xe9, 0xb3, 0xd4, 0xff, 0xe9, 0xb3, 0xd4, 0xff,
  0xe8, 0xb3, 0xd4, 0xff, 0xe8, 0xb2, 0xd3, 0xff, 0xe9, 0xb3, 0xd4, 0xff,
  0xea, 0xb5, 0xd5, 0xff, 0xea, 0xb4, 0xd4, 0xff, 0xe9, 0xb3, 0xd3, 0xff,
  0xe9, 0xb4, 0xd3, 0xff, 0xe9, 0xb4, 0xd4, 0xff, 0xe9, 0xb3, 0xd3, 0xff,
  0xe8, 0xb2, 0xd2, 0xff, 0xe8, 0xb4, 0xd3, 0xff, 0xea, 0xb7, 0xd6, 0xcc,
  0xeb, 0xb8, 0xd8, 0x15, 0xeb, 0xba, 0xd8, 0x00, 0xe9, 0xb5, 0xd5, 0x00,
  0xee, 0xc7, 0xde, 0x00, 0xfe, 0xfe, 0xfe, 0x00, 0xfd, 0xfd, 0xfe, 0x00,
  0xfd, 0xfd, 0xfd, 0x00, 0xfd, 0xfd, 0xfe, 0x00, 0xfd, 0xfd, 0xfe, 0x00,
  0xfd, 0xfd, 0xfd, 0x00, 0xfd, 0xfd, 0xfe, 0x00, 0xfd, 0xfd, 0xfe, 0x00,
  0xfd, 0xff, 0xfe, 0x00, 0xfd, 0xef, 0xfa, 0x00, 0xfc, 0xda, 0xf2, 0x00,
  0xfa, 0xd7, 0xef, 0x00, 0xf8, 0xd1, 0xea, 0x05, 0xf4, 0xc7, 0xe2, 0xc3,
  0xf1, 0xc2, 0xde, 0xff, 0xef, 0xbf, 0xdc, 0xff, 0xee, 0xbe, 0xdc, 0xff,
  0xee, 0xbe, 0xdc, 0xff, 0xed, 0xbd, 0xdb, 0xff, 0xec, 0xbc, 0xda, 0xff,
  0xec, 0xbb, 0xd9, 0xff, 0xed, 0xbb, 0xd9, 0xff, 0xed, 0xbc, 0xda, 0xff,
  0xed, 0xbb, 0xda, 0xff, 0xed, 0xbd, 0xdb, 0xff, 0xee, 0xbe, 0xdc, 0xff,
  0xed, 0xbc, 0xda, 0xff, 0xec, 0xbc, 0xda, 0xff, 0xec, 0xbc, 0xda, 0xff,
  0xec, 0xbc, 0xd9, 0xff, 0xed, 0xbc, 0xda, 0xff, 0xed, 0xbc, 0xdb, 0xff,
  0xec, 0xbb, 0xd9, 0xff, 0xeb, 0xba, 0xd8, 0xff, 0xeb, 0xba, 0xd8, 0xff,
  0xeb, 0xba, 0xd8, 0xff, 0xeb, 0xba, 0xd8, 0xff, 0xec, 0xb9, 0xd9, 0xff,
  0xec, 0xba, 0xd9, 0xff, 0xeb, 0xbb, 0xd8, 0xff, 0xeb, 0xbb, 0xd8, 0xff,
  0xea, 0xba, 0xd8, 0xff, 0xea, 0xb9, 0xd8, 0xff, 0xec, 0xbb, 0xd9, 0xff,
  0xec, 0xbb, 0xd9, 0xff, 0xeb, 0xba, 0xd8, 0xff, 0xeb, 0xb9, 0xd8, 0xff,
  0xeb, 0xb9, 0xd8, 0xff, 0xea, 0xb8, 0xd7, 0xff, 0xe9, 0xb7, 0xd6, 0xff,
  0xe9, 0xb7, 0xd6, 0xff, 0xe9, 0xb7, 0xd5, 0xff, 0xe9, 0xb6, 0xd5, 0xff,
  0xea, 0xb8, 0xd6, 0xff, 0xeb, 0xb8, 0xd7, 0xff, 0xea, 0xb7, 0xd7, 0xff,
  0xea, 0xb7, 0xd6, 0xff, 0xea, 0xb8, 0xd7, 0xff, 0xeb, 0xb9, 0xd8, 0xff,
  0xea, 0xb8, 0xd7, 0xff, 0xeb, 0xb8, 0xd7, 0xff, 0xeb, 0xb9, 0xd8, 0xff,
  0xec, 0xba, 0xd8, 0xff, 0xeb, 0xb9, 0xd8, 0xff, 0xeb, 0xb9, 0xd8, 0xff,
  0xeb, 0xb9, 0xd8, 0xff, 0xeb, 0xba, 0xd8, 0xff, 0xeb, 0xb9, 0xd8, 0xff,
  0xec, 0xba, 0xd8, 0xff, 0xec, 0xbb, 0xd9, 0xff, 0xec, 0xba, 0xd9, 0xff,
  0xec, 0xba, 0xd8, 0xff, 0xec, 0xba, 0xd9, 0xff, 0xec, 0xbb, 0xda, 0xff,
  0xed, 0xbf, 0xdc, 0xff, 0xe6, 0xa7, 0xc9, 0xff, 0xdb, 0x8d, 0xb6, 0xff,
  0xd8, 0x88, 0xb4, 0xff, 0xdb, 0x90, 0xbb, 0xff, 0xde, 0x9a, 0xc5, 0xff,
  0xe1, 0x9f, 0xc7, 0xff, 0xde, 0x9a, 0xc2, 0xff, 0xd6, 0x8e, 0xb8, 0xff,
  0xcf, 0x84, 0xae, 0xff, 0xc8, 0x77, 0xa2, 0xff, 0xc1, 0x6d, 0x97, 0xff,
  0xbc, 0x67, 0x90, 0xff, 0xbd, 0x6a, 0x91, 0xff, 0xd6, 0x94, 0xb7, 0xff,
  0xec, 0xb9, 0xd9, 0xff, 0xea, 0xb4, 0xd4, 0xff, 0xe9, 0xb3, 0xd4, 0xff,
  0xe8, 0xb2, 0xd3, 0xff, 0xe8, 0xb2, 0xd3, 0xff, 0xe9, 0xb3, 0xd4, 0xff,
  0xe7, 0xb2, 0xd3, 0xff, 0xe8, 0xb2, 0xd2, 0xff, 0xe9, 0xb2, 0xd2, 0xff,
  0xe8, 0xb3, 0xd3, 0xff, 0xe7, 0xb2, 0xd2, 0xff, 0xe8, 0xb2, 0xd2, 0xff,
  0xe8, 0xb2, 0xd2, 0xff, 0xe9, 0xb3, 0xd3, 0xff, 0xea, 0xb5, 0xd5, 0xff,
  0xe8, 0xb5, 0xd4, 0xc3, 0xe9, 0xb5, 0xd5, 0x05, 0xea, 0xb8, 0xd6, 0x00,
  0xe8, 0xb1, 0xd1, 0x00, 0xf2, 0xd7, 0xe7, 0x00, 0xff, 0xff, 0xff, 0x00,
  0xfc, 0xfc, 0xfd, 0x00, 0xfd, 0xfd, 0xfe, 0x00, 0xfd, 0xfd, 0xfe, 0x00,
  0xfd, 0xfd, 0xfd, 0x00, 0xfd, 0xfd, 0xfd, 0x00, 0xfd, 0xff, 0xfe, 0x00,
  0xfe, 0xf8, 0xfc, 0x00, 0xfc, 0xdc, 0xf3, 0x00, 0xfb, 0xd7, 0xef, 0x00,
  0xf9, 0xd3, 0xec, 0x00, 0xf5, 0xcb, 0xe5, 0xaa, 0xf2, 0xc4, 0xe0, 0xff,
  0xef, 0xbf, 0xdc, 0xff, 0xee, 0xbd, 0xdb, 0xff, 0xed, 0xbd, 0xda, 0xff,
  0xec, 0xbc, 0xda, 0xff, 0xec, 0xbb, 0xd9, 0xff, 0xed, 0xbc, 0xda, 0xff,
  0xec, 0xbb, 0xd9, 0xff, 0xeb, 0xba, 0xd9, 0xff, 0xed, 0xbb, 0xd9, 0xff,
  0xeb, 0xbb, 0xd9, 0xff, 0xed, 0xbc, 0xda, 0xff, 0xed, 0xbd, 0xdb, 0xff,
  0xed, 0xbc, 0xda, 0xff, 0xed, 0xbd, 0xdb, 0xff, 0xec, 0xbd, 0xda, 0xff,
  0xec, 0xbc, 0xda, 0xff, 0xee, 0xbe, 0xdb, 0xff, 0xed, 0xbd, 0xda, 0xff,
  0xec, 0xbc, 0xda, 0xff, 0xeb, 0xba, 0xd8, 0xff, 0xeb, 0xba, 0xd8, 0xff,
  0xeb, 0xb9, 0xd8, 0xff, 0xeb, 0xba, 0xd9, 0xff, 0xeb, 0xb9, 0xd8, 0xff,
  0xeb, 0xb9, 0xd8, 0xff, 0xeb, 0xb9, 0xd8, 0xff, 0xeb, 0xba, 0xd8, 0xff,
  0xeb, 0xba, 0xd8, 0xff, 0xea, 0xb9, 0xd7, 0xff, 0xea, 0xb8, 0xd7, 0xff,
  0xeb, 0xb9, 0xd7, 0xff, 0xeb, 0xb9, 0xd8, 0xff, 0xeb, 0xb8, 0xd7, 0xff,
  0xea, 0xb8, 0xd7, 0xff, 0xeb, 0xb8, 0xd7, 0xff, 0xeb, 0xb8, 0xd7, 0xff,
  0xea, 0xb7, 0xd7, 0xff, 0xea, 0xb7, 0xd6, 0xff, 0xeb, 0xb7, 0xd6, 0xff,
  0xeb, 0xb8, 0xd7, 0xff, 0xea, 0xb7, 0xd6, 0xff, 0xe9, 0xb7, 0xd6, 0xff,
  0xea, 0xb8, 0xd7, 0xff, 0xeb, 0xb8, 0xd7, 0xff, 0xeb, 0xb8, 0xd7, 0xff,
  0xeb, 0xb8, 0xd7, 0xff, 0xea, 0xb9, 0xd7, 0xff, 0xea, 0xb9, 0xd7, 0xff,
  0xea, 0xb9, 0xd8, 0xff, 0xec, 0xb9, 0xd8, 0xff, 0xec, 0xba, 0xd9, 0xff,
  0xeb, 0xb9, 0xd8, 0xff, 0xeb, 0xba, 0xd8, 0xff, 0xeb, 0xb9, 0xd8, 0xff,
  0xec, 0xb9, 0xd8, 0xff, 0xec, 0xba, 0xd8, 0xff, 0xed, 0xbb, 0xd9, 0xff,
  0xec, 0xb9, 0xd9, 0xff, 0xeb, 0xba, 0xd8, 0xff, 0xec, 0xbe, 0xda, 0xff,
  0xe3, 0x9e, 0xc3, 0xff, 0xda, 0x86, 0xb1, 0xff, 0xd9, 0x88, 0xb5, 0xff,
  0xdb, 0x94, 0xbe, 0xff, 0xe1, 0xa5, 0xcc, 0xff, 0xe3, 0xab, 0xd1, 0xff,
  0xe0, 0xa5, 0xcc, 0xff, 0xda, 0x98, 0xc1, 0xff, 0xd2, 0x8a, 0xb5, 0xff,
  0xcc, 0x7f, 0xaa, 0xff, 0xc3, 0x74, 0x9e, 0xff, 0xbd, 0x6c, 0x95, 0xff,
  0xb6, 0x65, 0x8d, 0xff, 0xac, 0x5d, 0x83, 0xff, 0xad, 0x59, 0x80, 0xff,
  0xcb, 0x86, 0xa9, 0xff, 0xec, 0xb9, 0xd8, 0xff, 0xe9, 0xb3, 0xd4, 0xff,
  0xe8, 0xb2, 0xd3, 0xff, 0xe8, 0xb2, 0xd3, 0xff, 0xe8, 0xb3, 0xd3, 0xff,
  0xe8, 0xb3, 0xd3, 0xff, 0xe7, 0xb2, 0xd2, 0xff, 0xe8, 0xb3, 0xd3, 0xff,
  0xe9, 0xb3, 0xd3, 0xff, 0xe7, 0xb2, 0xd2, 0xff, 0xe8, 0xb1, 0xd2, 0xff,
  0xe8, 0xb2, 0xd3, 0xff, 0xe9, 0xb3, 0xd3, 0xff, 0xe9, 0xb3, 0xd3, 0xff,
  0xe7, 0xb2, 0xd2, 0xff, 0xe8, 0xb3, 0xd3, 0xaa, 0xe9, 0xb4, 0xd4, 0x00,
  0xe9, 0xb4, 0xd3, 0x00, 0xe7, 0xb2, 0xd0, 0x00, 0xf9, 0xef, 0xf5, 0x00,
  0xfe, 0xff, 0xff, 0x00, 0xfc, 0xfc, 0xfd, 0x00, 0xfd, 0xfd, 0xfe, 0x00,
  0xfd, 0xfd, 0xfd, 0x00, 0xfd, 0xfd, 0xfe, 0x00, 0xfd, 0xff, 0xfe, 0x00,
  0xfd, 0xe6, 0xf6, 0x00, 0xfb, 0xd5, 0xef, 0x00, 0xf9, 0xd4, 0xed, 0x00,
  0xf6, 0xcc, 0xe6, 0x7f, 0xf1, 0xc3, 0xdf, 0xff, 0xf0, 0xc1, 0xdd, 0xff,
  0xee, 0xbe, 0xdc, 0xff, 0xee, 0xbd, 0xdb, 0xff, 0xed, 0xbc, 0xda, 0xff,
  0xec, 0xbb, 0xda, 0xff, 0xed, 0xbc, 0xda, 0xff, 0xed, 0xbc, 0xd9, 0xff,
  0xeb, 0xbb, 0xd9, 0xff, 0xeb, 0xbb, 0xd9, 0xff, 0xec, 0xbb, 0xd9, 0xff,
  0xeb, 0xbb, 0xd8, 0xff, 0xec, 0xbc, 0xda, 0xff, 0xed, 0xbc, 0xda, 0xff,
  0xec, 0xbb, 0xd9, 0xff, 0xed, 0xbc, 0xda, 0xff, 0xec, 0xbc, 0xda, 0xff,
  0xed, 0xbc, 0xda, 0xff, 0xed, 0xbd, 0xda, 0xff, 0xec, 0xbc, 0xd9, 0xff,
  0xeb, 0xba, 0xd9, 0xff, 0xeb, 0xb9, 0xd8, 0xff, 0xeb, 0xb9, 0xd8, 0xff,
  0xeb, 0xba, 0xd8, 0xff, 0xeb, 0xba, 0xd8, 0xff, 0xeb, 0xba, 0xd8, 0xff,
  0xea, 0xb9, 0xd8, 0xff, 0xea, 0xb8, 0xd7, 0xff, 0xea, 0xb9, 0xd7, 0xff,
  0xeb, 0xb9, 0xd8, 0xff, 0xea, 0xb7, 0xd7, 0xff, 0xea, 0xb7, 0xd6, 0xff,
  0xea, 0xb7, 0xd6, 0xff, 0xeb, 0xb8, 0xd7, 0xff, 0xea, 0xb8, 0xd7, 0xff,
  0xe9, 0xb6, 0xd6, 0xff, 0xe9, 0xb7, 0xd6, 0xff, 0xea, 0xb7, 0xd6, 0xff,
  0xea, 0xb7, 0xd6, 0xff, 0xea, 0xb7, 0xd6, 0xff, 0xea, 0xb7, 0xd6, 0xff,
  0xe9, 0xb6, 0xd6, 0xff, 0xe9, 0xb6, 0xd5, 0xff, 0xea, 0xb7, 0xd5, 0xff,
  0xe9, 0xb7, 0xd5, 0xff, 0xea, 0xb7, 0xd6, 0xff, 0xea, 0xb7, 0xd7, 0xff,
  0xeb, 0xb8, 0xd7, 0xff, 0xea, 0xb9, 0xd7, 0xff, 0xea, 0xb8, 0xd7, 0xff,
  0xeb, 0xb8, 0xd7, 0xff, 0xec, 0xb9, 0xd8, 0xff, 0xec, 0xb9, 0xd8, 0xff,
  0xea, 0xb8, 0xd7, 0xff, 0xea, 0xb8, 0xd6, 0xff, 0xeb, 0xb8, 0xd7, 0xff,
  0xeb, 0xb9, 0xd7, 0xff, 0xec, 0xb9, 0xd8, 0xff, 0xec, 0xb9, 0xd8, 0xff,
  0xec, 0xba, 0xd8, 0xff, 0xec, 0xbe, 0xda, 0xff, 0xe3, 0x9a, 0xbe, 0xff,
  0xd9, 0x81, 0xad, 0xff, 0xd8, 0x85, 0xb1, 0xff, 0xdc, 0x93, 0xbd, 0xff,
  0xdf, 0xa1, 0xc9, 0xff, 0xe1, 0xa7, 0xcd, 0xff, 0xdd, 0xa1, 0xc8, 0xff,
  0xd5, 0x91, 0xbb, 0xff, 0xcc, 0x83, 0xae, 0xff, 0xc4, 0x77, 0xa2, 0xff,
  0xbf, 0x6f, 0x9a, 0xff, 0xb9, 0x68, 0x92, 0xff, 0xb3, 0x62, 0x8b, 0xff,
  0xab, 0x5b, 0x82, 0xff, 0xa4, 0x57, 0x7b, 0xff, 0xa0, 0x55, 0x78, 0xff,
  0x9e, 0x50, 0x72, 0xff, 0xca, 0x8a, 0xaa, 0xff, 0xed, 0xb9, 0xda, 0xff,
  0xe6, 0xb0, 0xd1, 0xff, 0xe7, 0xb2, 0xd3, 0xff, 0xe7, 0xb2, 0xd2, 0xff,
  0xe8, 0xb3, 0xd3, 0xff, 0xe8, 0xb2, 0xd2, 0xff, 0xe8, 0xb3, 0xd2, 0xff,
  0xe9, 0xb3, 0xd3, 0xff, 0xe7, 0xb2, 0xd2, 0xff, 0xe7, 0xb1, 0xd1, 0xff,
  0xe8, 0xb2, 0xd2, 0xff, 0xe7, 0xb1, 0xd2, 0xff, 0xe7, 0xb1, 0xd1, 0xff,
  0xe7, 0xb1, 0xd1, 0xff, 0xe7, 0xb1, 0xd1, 0xff, 0xe8, 0xb2, 0xd1, 0x7f,
  0xe8, 0xb4, 0xd2, 0x00, 0xe5, 0xad, 0xcd, 0x00, 0xea, 0xc4, 0xd9, 0x00,
  0xfe, 0xff, 0xff, 0x00, 0xfd, 0xfd, 0xfd, 0x00, 0xfd, 0xfd, 0xfd, 0x00,
  0xfd, 0xfd, 0xfd, 0x00, 0xfd, 0xff, 0xfe, 0x00, 0xfd, 0xf6, 0xfb, 0x00,
  0xfc, 0xd8, 0xf0, 0x00, 0xfa, 0xd4, 0xed, 0x00, 0xf7, 0xcf, 0xe9, 0x44,
  0xf3, 0xc5, 0xe1, 0xff, 0xef, 0xbf, 0xdc, 0xff, 0xee, 0xbd, 0xdb, 0xff,
  0xee, 0xbd, 0xdb, 0xff, 0xed, 0xbb, 0xda, 0xff, 0xed, 0xbb, 0xda, 0xff,
  0xed, 0xbc, 0xda, 0xff, 0xed, 0xbc, 0xda, 0xff, 0xed, 0xbd, 0xda, 0xff,
  0xec, 0xbc, 0xd9, 0xff, 0xec, 0xbc, 0xda, 0xff, 0xec, 0xbc, 0xda, 0xff,
  0xec, 0xbb, 0xd9, 0xff, 0xec, 0xbc, 0xd9, 0xff, 0xec, 0xbb, 0xd9, 0xff,
  0xec, 0xbb, 0xd9, 0xff, 0xeb, 0xba, 0xd8, 0xff, 0xeb, 0xbb, 0xd9, 0xff,
  0xec, 0xbb, 0xd9, 0xff, 0xec, 0xbb, 0xd9, 0xff, 0xeb, 0xbb, 0xd8, 0xff,
  0xeb, 0xba, 0xd8, 0xff, 0xeb, 0xb9, 0xd7, 0xff, 0xeb, 0xb9, 0xd8, 0xff,
  0xeb, 0xba, 0xd8, 0xff, 0xeb, 0xba, 0xd8, 0xff, 0xeb, 0xba, 0xd8, 0xff,
  0xea, 0xb9, 0xd7, 0xff, 0xea, 0xb9, 0xd7, 0xff, 0xea, 0xb9, 0xd7, 0xff,
  0xeb, 0xb9, 0xd8, 0xff, 0xea, 0xb7, 0xd6, 0xff, 0xea, 0xb7, 0xd6, 0xff,
  0xea, 0xb7, 0xd6, 0xff, 0xea, 0xb8, 0xd6, 0xff, 0xea, 0xb7, 0xd6, 0xff,
  0xea, 0xb6, 0xd5, 0xff, 0xe9, 0xb6, 0xd5, 0xff, 0xe9, 0xb7, 0xd6, 0xff,
  0xea, 0xb7, 0xd6, 0xff, 0xe9, 0xb6, 0xd6, 0xff, 0xe9, 0xb5, 0xd5, 0xff,
  0xe8, 0xb5, 0xd5, 0xff, 0xe9, 0xb6, 0xd5, 0xff, 0xea, 0xb7, 0xd6, 0xff,
  0xea, 0xb7, 0xd6, 0xff, 0xeb, 0xb8, 0xd7, 0xff, 0xeb, 0xb8, 0xd7, 0xff,
  0xeb, 0xb8, 0xd7, 0xff, 0xeb, 0xb8, 0xd7, 0xff, 0xea, 0xb8, 0xd7, 0xff,
  0xeb, 0xb8, 0xd7, 0xff, 0xeb, 0xb9, 0xd8, 0xff, 0xeb, 0xb8, 0xd7, 0xff,
  0xea, 0xb7, 0xd6, 0xff, 0xea, 0xb8, 0xd6, 0xff, 0xeb, 0xb9, 0xd7, 0xff,
  0xeb, 0xb9, 0xd7, 0xff, 0xeb, 0xb9, 0xd7, 0xff, 0xea, 0xb7, 0xd6, 0xff,
  0xed, 0xbf, 0xdb, 0xff, 0xe4, 0x9d, 0xc1, 0xff, 0xd8, 0x7b, 0xa8, 0xff,
  0xd7, 0x80, 0xad, 0xff, 0xda, 0x8c, 0xb7, 0xff, 0xdf, 0x9c, 0xc4, 0xff,
  0xde, 0xa0, 0xc8, 0xff, 0xd8, 0x97, 0xc1, 0xff, 0xcf, 0x87, 0xb2, 0xff,
  0xc5, 0x7a, 0xa5, 0xff, 0xbd, 0x70, 0x9a, 0xff, 0xb7, 0x68, 0x92, 0xff,
  0xb1, 0x61, 0x8a, 0xff, 0xab, 0x5a, 0x83, 0xff, 0xa5, 0x56, 0x7c, 0xff,
  0xa1, 0x54, 0x78, 0xff, 0x9d, 0x51, 0x75, 0xff, 0x96, 0x4c, 0x6e, 0xff,
  0x90, 0x4a, 0x69, 0xff, 0x99, 0x51, 0x70, 0xff, 0xda, 0xa1, 0xc0, 0xff,
  0xea, 0xb4, 0xd5, 0xff, 0xe6, 0xb0, 0xd0, 0xff, 0xe6, 0xb1, 0xd2, 0xff,
  0xe8, 0xb2, 0xd3, 0xff, 0xe7, 0xb1, 0xd2, 0xff, 0xe7, 0xb1, 0xd1, 0xff,
  0xe8, 0xb1, 0xd1, 0xff, 0xe6, 0xb1, 0xd1, 0xff, 0xe6, 0xb1, 0xd1, 0xff,
  0xe7, 0xb1, 0xd1, 0xff, 0xe7, 0xb1, 0xd1, 0xff, 0xe7, 0xb2, 0xd2, 0xff,
  0xe6, 0xb1, 0xd1, 0xff, 0xe6, 0xb0, 0xd0, 0xff, 0xe7, 0xb1, 0xd1, 0xff,
  0xe6, 0xb1, 0xd0, 0x44, 0xe4, 0xaf, 0xce, 0x00, 0xe1, 0xa9, 0xc9, 0x00,
  0xf7, 0xe9, 0xf1, 0x00, 0xff, 0xff, 0xff, 0x00, 0xfd, 0xfd, 0xfd, 0x00,
  0xfd, 0xfd, 0xfd, 0x00, 0xfe, 0xff, 0xfe, 0x00, 0xfd, 0xe5, 0xf5, 0x00,
  0xfa, 0xd3, 0xed, 0x00, 0xf9, 0xd2, 0xeb, 0x00, 0xf4, 0xc8, 0xe4, 0xd0,
  0xf0, 0xc0, 0xdd, 0xff, 0xef, 0xbf, 0xdc, 0xff, 0xee, 0xbe, 0xdb, 0xff,
  0xed, 0xbc, 0xda, 0xff, 0xed, 0xbc, 0xd9, 0xff, 0xec, 0xbb, 0xd9, 0xff,
  0xed, 0xbc, 0xda, 0xff, 0xee, 0xbd, 0xda, 0xff, 0xed, 0xbd, 0xda, 0xff,
  0xed, 0xbc, 0xd9, 0xff, 0xec, 0xbb, 0xd9, 0xff, 0xec, 0xbb, 0xd9, 0xff,
  0xec, 0xbc, 0xd9, 0xff, 0xec, 0xbb, 0xd9, 0xff, 0xec, 0xbb, 0xd9, 0xff,
  0xeb, 0xbb, 0xda, 0xff, 0xea, 0xbb, 0xd9, 0xff, 0xea, 0xb9, 0xd8, 0xff,
  0xea, 0xb9, 0xd7, 0xff, 0xeb, 0xba, 0xd8, 0xff, 0xeb, 0xba, 0xd8, 0xff,
  0xeb, 0xba, 0xd8, 0xff, 0xeb, 0xba, 0xd8, 0xff, 0xeb, 0xba, 0xd8, 0xff,
  0xeb, 0xb9, 0xd7, 0xff, 0xeb, 0xb9, 0xd7, 0xff, 0xec, 0xba, 0xd8, 0xff,
  0xeb, 0xba, 0xd8, 0xff, 0xeb, 0xb9, 0xd7, 0xff, 0xea, 0xb8, 0xd6, 0xff,
  0xea, 0xb7, 0xd6, 0xff, 0xe9, 0xb7, 0xd6, 0xff, 0xea, 0xb7, 0xd6, 0xff,
  0xea, 0xb7, 0xd6, 0xff, 0xea, 0xb7, 0xd6, 0xff, 0xea, 0xb7, 0xd5, 0xff,
  0xe9, 0xb6, 0xd5, 0xff, 0xe9, 0xb6, 0xd5, 0xff, 0xea, 0xb7, 0xd6, 0xff,
  0xea, 0xb7, 0xd6, 0xff, 0xea, 0xb7, 0xd6, 0xff, 0xe9, 0xb6, 0xd5, 0xff,
  0xe8, 0xb5, 0xd4, 0xff, 0xe9, 0xb6, 0xd5, 0xff, 0xea, 0xb7, 0xd6, 0xff,
  0xeb, 0xb8, 0xd7, 0xff, 0xea, 0xb8, 0xd7, 0xff, 0xea, 0xb7, 0xd6, 0xff,
  0xeb, 0xb9, 0xd7, 0xff, 0xeb, 0xb9, 0xd7, 0xff, 0xeb, 0xb9, 0xd7, 0xff,
  0xeb, 0xb9, 0xd8, 0xff, 0xeb, 0xb9, 0xd8, 0xff, 0xeb, 0xb8, 0xd7, 0xff,
  0xeb, 0xb8, 0xd8, 0xff, 0xec, 0xb9, 0xd8, 0xff, 0xec, 0xb9, 0xd7, 0xff,
  0xec, 0xba, 0xd8, 0xff, 0xeb, 0xb7, 0xd7, 0xff, 0xed, 0xbe, 0xdb, 0xff,
  0xe6, 0xa7, 0xc8, 0xff, 0xd6, 0x79, 0xa5, 0xff, 0xd4, 0x79, 0xa7, 0xff,
  0xd7, 0x84, 0xb0, 0xff, 0xda, 0x93, 0xbd, 0xff, 0xdc, 0x9b, 0xc3, 0xff,
  0xd6, 0x93, 0xbd, 0xff, 0xcc, 0x84, 0xb0, 0xff, 0xc2, 0x76, 0xa1, 0xff,
  0xb7, 0x6b, 0x94, 0xff, 0xb2, 0x65, 0x8e, 0xff, 0xac, 0x5d, 0x85, 0xff,
  0xa6, 0x58, 0x7e, 0xff, 0x9e, 0x51, 0x76, 0xff, 0x9b, 0x50, 0x73, 0xff,
  0x99, 0x4f, 0x71, 0xff, 0x92, 0x4a, 0x6b, 0xff, 0x8d, 0x47, 0x66, 0xff,
  0x89, 0x45, 0x62, 0xff, 0x85, 0x41, 0x5e, 0xff, 0xac, 0x6c, 0x89, 0xff,
  0xea, 0xb5, 0xd5, 0xff, 0xe5, 0xb0, 0xd0, 0xff, 0xe6, 0xb1, 0xd2, 0xff,
  0xe7, 0xb2, 0xd2, 0xff, 0xe7, 0xb1, 0xd2, 0xff, 0xe7, 0xb0, 0xd1, 0xff,
  0xe7, 0xb1, 0xd1, 0xff, 0xe7, 0xb2, 0xd2, 0xff, 0xe7, 0xb2, 0xd2, 0xff,
  0xe7, 0xb2, 0xd2, 0xff, 0xe8, 0xb2, 0xd2, 0xff, 0xe8, 0xb2, 0xd2, 0xff,
  0xe7, 0xb1, 0xd1, 0xff, 0xe6, 0xb1, 0xd1, 0xff, 0xe7, 0xb1, 0xd1, 0xff,
  0xe5, 0xaf, 0xcf, 0xd0, 0xe3, 0xad, 0xcd, 0x00, 0xdf, 0xa4, 0xc5, 0x00,
  0xe9, 0xc4, 0xd8, 0x00, 0xff, 0xff, 0xff, 0x00, 0xfd, 0xfd, 0xfd, 0x00,
  0xfd, 0xff, 0xfe, 0x00, 0xfe, 0xfa, 0xfc, 0x00, 0xfb, 0xd8, 0xef, 0x00,
  0xf9, 0xd2, 0xec, 0x00, 0xf6, 0xce, 0xe8, 0x7b, 0xf2, 0xc4, 0xe1, 0xff,
  0xee, 0xbe, 0xdb, 0xff, 0xed, 0xbd, 0xda, 0xff, 0xed, 0xbc, 0xda, 0xff,
  0xed, 0xbb, 0xd9, 0xff, 0xed, 0xbc, 0xda, 0xff, 0xec, 0xbc, 0xd9, 0xff,
  0xec, 0xbb, 0xd9, 0xff, 0xec, 0xbc, 0xd9, 0xff, 0xec, 0xbb, 0xd9, 0xff,
  0xec, 0xbc, 0xd9, 0xff, 0xeb, 0xbb, 0xd8, 0xff, 0xeb, 0xba, 0xd8, 0xff,
  0xeb, 0xbb, 0xd8, 0xff, 0xec, 0xbc, 0xd9, 0xff, 0xec, 0xbb, 0xd9, 0xff,
  0xeb, 0xbb, 0xd9, 0xff, 0xeb, 0xbb, 0xd9, 0xff, 0xeb, 0xba, 0xd8, 0xff,
  0xea, 0xb9, 0xd7, 0xff, 0xeb, 0xb9, 0xd7, 0xff, 0xeb, 0xba, 0xd8, 0xff,
  0xeb, 0xba, 0xd8, 0xff, 0xeb, 0xb9, 0xd8, 0xff, 0xea, 0xb8, 0xd7, 0xff,
  0xea, 0xb9, 0xd7, 0xff, 0xeb, 0xb9, 0xd7, 0xff, 0xeb, 0xb9, 0xd8, 0xff,
  0xeb, 0xb9, 0xd8, 0xff, 0xea, 0xb8, 0xd6, 0xff, 0xe8, 0xb6, 0xd5, 0xff,
  0xe9, 0xb7, 0xd6, 0xff, 0xe9, 0xb7, 0xd6, 0xff, 0xe9, 0xb7, 0xd5, 0xff,
  0xe9, 0xb6, 0xd5, 0xff, 0xe9, 0xb6, 0xd5, 0xff, 0xe9, 0xb6, 0xd5, 0xff,
  0xe9, 0xb6, 0xd5, 0xff, 0xe9, 0xb6, 0xd5, 0xff, 0xea, 0xb7, 0xd6, 0xff,
  0xea, 0xb7, 0xd6, 0xff, 0xe9, 0xb7, 0xd6, 0xff, 0xe9, 0xb6, 0xd6, 0xff,
  0xea, 0xb7, 0xd6, 0xff, 0xea, 0xb6, 0xd5, 0xff, 0xeb, 0xb7, 0xd7, 0xff,
  0xeb, 0xb8, 0xd7, 0xff, 0xea, 0xb7, 0xd6, 0xff, 0xea, 0xb8, 0xd7, 0xff,
  0xeb, 0xb9, 0xd8, 0xff, 0xeb, 0xb9, 0xd8, 0xff, 0xeb, 0xb9, 0xd7, 0xff,
  0xeb, 0xb9, 0xd8, 0xff, 0xeb, 0xb8, 0xd8, 0xff, 0xeb, 0xb8, 0xd8, 0xff,
  0xeb, 0xb8, 0xd7, 0xff, 0xec, 0xb9, 0xd8, 0xff, 0xec, 0xba, 0xd8, 0xff,
  0xec, 0xb8, 0xd8, 0xff, 0xec, 0xbb, 0xd9, 0xff, 0xe9, 0xb0, 0xcf, 0xff,
  0xd8, 0x7d, 0xa7, 0xff, 0xd1, 0x76, 0xa3, 0xff, 0xd3, 0x7c, 0xa9, 0xff,
  0xd8, 0x8b, 0xb6, 0xff, 0xd9, 0x92, 0xbc, 0xff, 0xd5, 0x8e, 0xb8, 0xff,
  0xcb, 0x83, 0xad, 0xff, 0xc1, 0x76, 0xa0, 0xff, 0xb6, 0x69, 0x93, 0xff,
  0xae, 0x61, 0x88, 0xff, 0xa8, 0x5c, 0x82, 0xff, 0xa3, 0x57, 0x7b, 0xff,
  0x9c, 0x50, 0x74, 0xff, 0x97, 0x4c, 0x6f, 0xff, 0x94, 0x4a, 0x6c, 0xff,
  0x8e, 0x47, 0x67, 0xff, 0x8a, 0x45, 0x64, 0xff, 0x86, 0x43, 0x61, 0xff,
  0x7f, 0x3e, 0x5a, 0xff, 0x7c, 0x3d, 0x57, 0xff, 0x89, 0x46, 0x62, 0xff,
  0xd7, 0x9f, 0xbe, 0xff, 0xe9, 0xb4, 0xd4, 0xff, 0xe5, 0xb0, 0xd0, 0xff,
  0xe6, 0xb1, 0xd1, 0xff, 0xe6, 0xb0, 0xd1, 0xff, 0xe6, 0xaf, 0xd0, 0xff,
  0xe6, 0xb1, 0xd1, 0xff, 0xe7, 0xb2, 0xd2, 0xff, 0xe8, 0xb3, 0xd2, 0xff,
  0xe8, 0xb3, 0xd2, 0xff, 0xe7, 0xb2, 0xd2, 0xff, 0xe8, 0xb3, 0xd2, 0xff,
  0xe8, 0xb2, 0xd2, 0xff, 0xe7, 0xb2, 0xd2, 0xff, 0xe6, 0xb1, 0xd1, 0xff,
  0xe5, 0xaf, 0xcf, 0xff, 0xe3, 0xac, 0xcc, 0x7b, 0xe0, 0xa8, 0xc8, 0x00,
  0xdd, 0xa8, 0xc5, 0x00, 0xf9, 0xf3, 0xf6, 0x00, 0xfe, 0xff, 0xff, 0x00,
  0xfe, 0xff, 0xfe, 0x00, 0xfd, 0xef, 0xf9, 0x00, 0xfa, 0xd2, 0xec, 0x00,
  0xf9, 0xd2, 0xea, 0x15, 0xf4, 0xca, 0xe5, 0xf7, 0xef, 0xc1, 0xde, 0xff,
  0xed, 0xbd, 0xdb, 0xff, 0xeb, 0xba, 0xd8, 0xff, 0xeb, 0xba, 0xd7, 0xff,
  0xec, 0xba, 0xd8, 0xff, 0xec, 0xbb, 0xd9, 0xff, 0xec, 0xbc, 0xd9, 0xff,
  0xec, 0xbb, 0xd9, 0xff, 0xeb, 0xbb, 0xd9, 0xff, 0xeb, 0xba, 0xd9, 0xff,
  0xeb, 0xbb, 0xd9, 0xff, 0xeb, 0xba, 0xd8, 0xff, 0xea, 0xba, 0xd8, 0xff,
  0xeb, 0xba, 0xd8, 0xff, 0xec, 0xbb, 0xd9, 0xff, 0xeb, 0xbb, 0xd9, 0xff,
  0xec, 0xbc, 0xd9, 0xff, 0xeb, 0xbb, 0xd9, 0xff, 0xea, 0xba, 0xd8, 0xff,
  0xea, 0xb9, 0xd7, 0xff, 0xeb, 0xb9, 0xd7, 0xff, 0xeb, 0xba, 0xd8, 0xff,
  0xeb, 0xb9, 0xd8, 0xff, 0xeb, 0xb9, 0xd7, 0xff, 0xea, 0xb8, 0xd6, 0xff,
  0xea, 0xb9, 0xd7, 0xff, 0xeb, 0xb9, 0xd8, 0xff, 0xea, 0xb9, 0xd7, 0xff,
  0xea, 0xb7, 0xd6, 0xff, 0xe9, 0xb6, 0xd5, 0xff, 0xe9, 0xb6, 0xd5, 0xff,
  0xe9, 0xb7, 0xd6, 0xff, 0xea, 0xb7, 0xd6, 0xff, 0xea, 0xb6, 0xd5, 0xff,
  0xea, 0xb7, 0xd6, 0xff, 0xea, 0xb7, 0xd6, 0xff, 0xe9, 0xb6, 0xd5, 0xff,
  0xe9, 0xb6, 0xd5, 0xff, 0xe9, 0xb6, 0xd5, 0xff, 0xea, 0xb7, 0xd6, 0xff,
  0xe9, 0xb6, 0xd5, 0xff, 0xe9, 0xb6, 0xd6, 0xff, 0xea, 0xb6, 0xd6, 0xff,
  0xea, 0xb7, 0xd6, 0xff, 0xeb, 0xb8, 0xd7, 0xff, 0xeb, 0xb8, 0xd7, 0xff,
  0xeb, 0xb8, 0xd7, 0xff, 0xeb, 0xb8, 0xd7, 0xff, 0xeb, 0xb8, 0xd7, 0xff,
  0xeb, 0xb9, 0xd7, 0xff, 0xea, 0xb8, 0xd7, 0xff, 0xeb, 0xb8, 0xd7, 0xff,
  0xeb, 0xb9, 0xd7, 0xff, 0xeb, 0xb8, 0xd8, 0xff, 0xeb, 0xb8, 0xd7, 0xff,
  0xeb, 0xb8, 0xd7, 0xff, 0xec, 0xba, 0xd8, 0xff, 0xec, 0xb9, 0xd8, 0xff,
  0xec, 0xba, 0xd9, 0xff, 0xeb, 0xb7, 0xd6, 0xff, 0xda, 0x82, 0xab, 0xff,
  0xd2, 0x75, 0xa0, 0xff, 0xd3, 0x7b, 0xa6, 0xff, 0xd6, 0x86, 0xb1, 0xff,
  0xd7, 0x8e, 0xb8, 0xff, 0xd3, 0x8b, 0xb6, 0xff, 0xcb, 0x82, 0xac, 0xff,
  0xc0, 0x75, 0x9e, 0xff, 0xb6, 0x6a, 0x92, 0xff, 0xab, 0x5f, 0x85, 0xff,
  0xa5, 0x59, 0x7f, 0xff, 0x9f, 0x53, 0x78, 0xff, 0x99, 0x4d, 0x71, 0xff,
  0x93, 0x49, 0x6b, 0xff, 0x90, 0x47, 0x68, 0xff, 0x8a, 0x44, 0x64, 0xff,
  0x84, 0x40, 0x5f, 0xff, 0x82, 0x3f, 0x5c, 0xff, 0x7d, 0x3c, 0x58, 0xff,
  0x74, 0x37, 0x51, 0xff, 0x71, 0x37, 0x4e, 0xff, 0x78, 0x39, 0x52, 0xff,
  0xc0, 0x85, 0xa2, 0xff, 0xeb, 0xb6, 0xd7, 0xff, 0xe4, 0xae, 0xcf, 0xff,
  0xe6, 0xaf, 0xd1, 0xff, 0xe5, 0xae, 0xd0, 0xff, 0xe5, 0xaf, 0xcf, 0xff,
  0xe6, 0xb1, 0xd1, 0xff, 0xe7, 0xb2, 0xd2, 0xff, 0xe8, 0xb3, 0xd2, 0xff,
  0xe7, 0xb1, 0xd1, 0xff, 0xe7, 0xb2, 0xd2, 0xff, 0xe8, 0xb3, 0xd3, 0xff,
  0xe8, 0xb2, 0xd2, 0xff, 0xe7, 0xb1, 0xd1, 0xff, 0xe6, 0xb1, 0xd1, 0xff,
  0xe6, 0xaf, 0xd0, 0xff, 0xe4, 0xad, 0xcd, 0xf7, 0xe0, 0xa9, 0xc9, 0x15,
  0xd9, 0x9d, 0xbd, 0x00, 0xee, 0xd7, 0xe4, 0x00, 0xff, 0xff, 0xff, 0x00,
  0xfe, 0xff, 0xfe, 0x00, 0xfc, 0xe3, 0xf3, 0x00, 0xf9, 0xd0, 0xea, 0x00,
  0xf7, 0xd0, 0xe9, 0x88, 0xf3, 0xc8, 0xe3, 0xff, 0xee, 0xbf, 0xdd, 0xff,
  0xed, 0xbd, 0xda, 0xff, 0xeb, 0xbb, 0xd9, 0xff, 0xeb, 0xbb, 0xd8, 0xff,
  0xeb, 0xba, 0xd8, 0xff, 0xeb, 0xbb, 0xd8, 0xff, 0xec, 0xbc, 0xd9, 0xff,
  0xec, 0xbb, 0xd9, 0xff, 0xeb, 0xba, 0xd8, 0xff, 0xeb, 0xba, 0xd8, 0xff,
  0xeb, 0xbb, 0xd8, 0xff, 0xeb, 0xbb, 0xd9, 0xff, 0xeb, 0xbb, 0xd8, 0xff,
  0xeb, 0xba, 0xd8, 0xff, 0xeb, 0xba, 0xd8, 0xff, 0xeb, 0xbb, 0xd8, 0xff,
  0xec, 0xbb, 0xd9, 0xff, 0xeb, 0xba, 0xd9, 0xff, 0xea, 0xb9, 0xd8, 0xff,
  0xea, 0xb8, 0xd7, 0xff, 0xea, 0xb9, 0xd7, 0xff, 0xeb, 0xb9, 0xd7, 0xff,
  0xeb, 0xb8, 0xd7, 0xff, 0xea, 0xb8, 0xd7, 0xff, 0xea, 0xb8, 0xd7, 0xff,
  0xeb, 0xb9, 0xd7, 0xff, 0xeb, 0xb9, 0xd7, 0xff, 0xea, 0xb8, 0xd7, 0xff,
  0xe9, 0xb7, 0xd6, 0xff, 0xe9, 0xb6, 0xd5, 0xff, 0xea, 0xb7, 0xd6, 0xff,
  0xe9, 0xb7, 0xd6, 0xff, 0xe9, 0xb6, 0xd5, 0xff, 0xe9, 0xb6, 0xd6, 0xff,
  0xea, 0xb6, 0xd6, 0xff, 0xea, 0xb7, 0xd6, 0xff, 0xea, 0xb6, 0xd6, 0xff,
  0xe9, 0xb6, 0xd5, 0xff, 0xe9, 0xb5, 0xd5, 0xff, 0xe9, 0xb6, 0xd5, 0xff,
  0xe9, 0xb6, 0xd5, 0xff, 0xe9, 0xb5, 0xd5, 0xff, 0xe9, 0xb6, 0xd5, 0xff,
  0xea, 0xb8, 0xd7, 0xff, 0xeb, 0xb9, 0xd8, 0xff, 0xea, 0xb8, 0xd6, 0xff,
  0xeb, 0xb8, 0xd7, 0xff, 0xeb, 0xb8, 0xd7, 0xff, 0xeb, 0xb8, 0xd7, 0xff,
  0xea, 0xb8, 0xd7, 0xff, 0xea, 0xb8, 0xd7, 0xff, 0xea, 0xb8, 0xd7, 0xff,
  0xeb, 0xb8, 0xd7, 0xff, 0xeb, 0xb8, 0xd7, 0xff, 0xeb, 0xb8, 0xd7, 0xff,
  0xeb, 0xb9, 0xd8, 0xff, 0xec, 0xb9, 0xd8, 0xff, 0xeb, 0xb8, 0xd7, 0xff,
  0xed, 0xbd, 0xda, 0xff, 0xdf, 0x90, 0xb6, 0xff, 0xd2, 0x71, 0x9e, 0xff,
  0xd1, 0x75, 0xa1, 0xff, 0xd5, 0x80, 0xac, 0xff, 0xd7, 0x8b, 0xb6, 0xff,
  0xd3, 0x8b, 0xb6, 0xff, 0xcb, 0x82, 0xac, 0xff, 0xc1, 0x76, 0xa0, 0xff,
  0xb6, 0x6a, 0x93, 0xff, 0xad, 0x61, 0x88, 0xff, 0xa6, 0x5a, 0x7f, 0xff,
  0x9c, 0x51, 0x75, 0xff, 0x96, 0x4b, 0x6e, 0xff, 0x90, 0x48, 0x69, 0xff,
  0x8d, 0x46, 0x66, 0xff, 0x88, 0x43, 0x62, 0xff, 0x84, 0x40, 0x5e, 0xff,
  0x7e, 0x3c, 0x59, 0xff, 0x77, 0x38, 0x53, 0xff, 0x71, 0x34, 0x4d, 0xff,
  0x6a, 0x30, 0x47, 0xff, 0x65, 0x2f, 0x44, 0xff, 0x6c, 0x32, 0x48, 0xff,
  0xa9, 0x6c, 0x88, 0xff, 0xea, 0xb6, 0xd6, 0xff, 0xe4, 0xae, 0xce, 0xff,
  0xe5, 0xaf, 0xd0, 0xff, 0xe5, 0xae, 0xcf, 0xff, 0xe5, 0xaf, 0xd0, 0xff,
  0xe7, 0xb1, 0xd1, 0xff, 0xe6, 0xb1, 0xd1, 0xff, 0xe6, 0xb1, 0xd2, 0xff,
  0xe7, 0xb1, 0xd2, 0xff, 0xe7, 0xb2, 0xd2, 0xff, 0xe9, 0xb4, 0xd3, 0xff,
  0xe9, 0xb2, 0xd2, 0xff, 0xe6, 0xb0, 0xd0, 0xff, 0xe6, 0xb0, 0xd1, 0xff,
  0xe6, 0xaf, 0xd0, 0xff, 0xe3, 0xac, 0xcd, 0xff, 0xdf, 0xa7, 0xc8, 0x88,
  0xd8, 0x9c, 0xbd, 0x00, 0xe4, 0xbd, 0xd1, 0x00, 0xff, 0xff, 0xff, 0x00,
  0xfe, 0xfd, 0xfd, 0x00, 0xfa, 0xd9, 0xee, 0x00, 0xf7, 0xcf, 0xe9, 0x09,
  0xf6, 0xcd, 0xe7, 0xf3, 0xf2, 0xc5, 0xe1, 0xff, 0xee, 0xbf, 0xdc, 0xff,
  0xed, 0xbd, 0xda, 0xff, 0xec, 0xbb, 0xd9, 0xff, 0xeb, 0xba, 0xd8, 0xff,
  0xeb, 0xba, 0xd8, 0xff, 0xea, 0xba, 0xd8, 0xff, 0xeb, 0xbb, 0xd8, 0xff,
  0xeb, 0xba, 0xd8, 0xff, 0xeb, 0xba, 0xd8, 0xff, 0xeb, 0xba, 0xd8, 0xff,
  0xeb, 0xba, 0xd8, 0xff, 0xeb, 0xba, 0xd8, 0xff, 0xeb, 0xba, 0xd8, 0xff,
  0xec, 0xbb, 0xd9, 0xff, 0xeb, 0xba, 0xd8, 0xff, 0xeb, 0xb9, 0xd8, 0xff,
  0xeb, 0xba, 0xd9, 0xff, 0xeb, 0xba, 0xd9, 0xff, 0xea, 0xb9, 0xd8, 0xff,
  0xea, 0xb8, 0xd7, 0xff, 0xea, 0xb8, 0xd7, 0xff, 0xea, 0xb8, 0xd7, 0xff,
  0xea, 0xb8, 0xd7, 0xff, 0xea, 0xb8, 0xd7, 0xff, 0xea, 0xb7, 0xd6, 0xff,
  0xea, 0xb8, 0xd7, 0xff, 0xea, 0xb8, 0xd7, 0xff, 0xea, 0xb7, 0xd7, 0xff,
  0xe9, 0xb7, 0xd6, 0xff, 0xea, 0xb7, 0xd6, 0xff, 0xeb, 0xb7, 0xd7, 0xff,
  0xe9, 0xb6, 0xd5, 0xff, 0xe9, 0xb6, 0xd5, 0xff, 0xea, 0xb6, 0xd6, 0xff,
  0xea, 0xb7, 0xd6, 0xff, 0xea, 0xb6, 0xd6, 0xff, 0xea, 0xb6, 0xd6, 0xff,
  0xea, 0xb6, 0xd6, 0xff, 0xe9, 0xb5, 0xd5, 0xff, 0xe9, 0xb5, 0xd5, 0xff,
  0xe9, 0xb6, 0xd5, 0xff, 0xe9, 0xb6, 0xd5, 0xff, 0xea, 0xb8, 0xd6, 0xff,
  0xea, 0xb7, 0xd6, 0xff, 0xea, 0xb7, 0xd6, 0xff, 0xea, 0xb7, 0xd6, 0xff,
  0xeb, 0xb7, 0xd7, 0xff, 0xeb, 0xb7, 0xd7, 0xff, 0xeb, 0xb8, 0xd7, 0xff,
  0xea, 0xb8, 0xd7, 0xff, 0xeb, 0xb7, 0xd7, 0xff, 0xeb, 0xb8, 0xd7, 0xff,
  0xeb, 0xb8, 0xd7, 0xff, 0xeb, 0xb8, 0xd8, 0xff, 0xea, 0xb7, 0xd7, 0xff,
  0xeb, 0xb8, 0xd7, 0xff, 0xec, 0xb7, 0xd7, 0xff, 0xed, 0xbe, 0xdb, 0xff,
  0xe4, 0x9f, 0xc1, 0xff, 0xd2, 0x71, 0x9d, 0xff, 0xcf, 0x72, 0x9e, 0xff,
  0xd1, 0x79, 0xa5, 0xff, 0xd3, 0x84, 0xaf, 0xff, 0xd4, 0x8a, 0xb5, 0xff,
  0xcb, 0x82, 0xac, 0xff, 0xc1, 0x77, 0xa1, 0xff, 0xb7, 0x6b, 0x94, 0xff,
  0xae, 0x60, 0x88, 0xff, 0xa6, 0x59, 0x7f, 0xff, 0x9e, 0x52, 0x76, 0xff,
  0x96, 0x4b, 0x6e, 0xff, 0x90, 0x48, 0x69, 0xff, 0x8a, 0x45, 0x64, 0xff,
  0x85, 0x42, 0x60, 0xff, 0x80, 0x3e, 0x5c, 0xff, 0x7c, 0x3b, 0x57, 0xff,
  0x76, 0x37, 0x52, 0xff, 0x6d, 0x32, 0x4b, 0xff, 0x67, 0x2e, 0x46, 0xff,
  0x62, 0x2c, 0x42, 0xff, 0x5b, 0x29, 0x3c, 0xff, 0x64, 0x2d, 0x42, 0xff,
  0x9d, 0x61, 0x7b, 0xff, 0xe7, 0xb2, 0xd2, 0xff, 0xe4, 0xae, 0xce, 0xff,
  0xe5, 0xaf, 0xcf, 0xff, 0xe5, 0xae, 0xcf, 0xff, 0xe5, 0xaf, 0xd0, 0xff,
  0xe5, 0xaf, 0xcf, 0xff, 0xe6, 0xb0, 0xd1, 0xff, 0xe6, 0xb0, 0xd1, 0xff,
  0xe7, 0xb1, 0xd2, 0xff, 0xe6, 0xb1, 0xd1, 0xff, 0xe7, 0xb3, 0xd2, 0xff,
  0xe6, 0xb1, 0xd1, 0xff, 0xe6, 0xb1, 0xd1, 0xff, 0xe6, 0xb1, 0xd1, 0xff,
  0xe6, 0xb0, 0xd0, 0xff, 0xe3, 0xac, 0xcd, 0xff, 0xe0, 0xa7, 0xc9, 0xf3,
  0xd9, 0x9e, 0xbe, 0x09, 0xda, 0xa7, 0xc2, 0x00, 0xfb, 0xf9, 0xfb, 0x00,
  0xfd, 0xf7, 0xfb, 0x00, 0xf9, 0xd2, 0xeb, 0x00, 0xf7, 0xcf, 0xe9, 0x6a,
  0xf4, 0xca, 0xe5, 0xff, 0xf0, 0xc2, 0xde, 0xff, 0xed, 0xbd, 0xda, 0xff,
  0xec, 0xbb, 0xd9, 0xff, 0xeb, 0xb9, 0xd8, 0xff, 0xeb, 0xba, 0xd8, 0xff,
  0xeb, 0xba, 0xd8, 0xff, 0xea, 0xba, 0xd7, 0xff, 0xeb, 0xbb, 0xd8, 0xff,
  0xec, 0xbb, 0xd9, 0xff, 0xec, 0xbb, 0xd9, 0xff, 0xea, 0xb9, 0xd7, 0xff,
  0xe9, 0xb8, 0xd6, 0xff, 0xea, 0xb9, 0xd7, 0xff, 0xeb, 0xba, 0xd8, 0xff,
  0xeb, 0xba, 0xd8, 0xff, 0xea, 0xb9, 0xd7, 0xff, 0xea, 0xb9, 0xd8, 0xff,
  0xeb, 0xba, 0xd8, 0xff, 0xea, 0xb9, 0xd8, 0xff, 0xea, 0xb9, 0xd7, 0xff,
  0xea, 0xb8, 0xd7, 0xff, 0xea, 0xb9, 0xd6, 0xff, 0xea, 0xb9, 0xd7, 0xff,
  0xea, 0xb8, 0xd7, 0xff, 0xe9, 0xb7, 0xd6, 0xff, 0xea, 0xb7, 0xd6, 0xff,
  0xea, 0xb8, 0xd7, 0xff, 0xeb, 0xb8, 0xd7, 0xff, 0xea, 0xb8, 0xd7, 0xff,
  0xe9, 0xb7, 0xd6, 0xff, 0xea, 0xb7, 0xd6, 0xff, 0xea, 0xb7, 0xd6, 0xff,
  0xe9, 0xb6, 0xd5, 0xff, 0xe9, 0xb5, 0xd5, 0xff, 0xea, 0xb6, 0xd6, 0xff,
  0xe9, 0xb6, 0xd5, 0xff, 0xea, 0xb6, 0xd6, 0xff, 0xea, 0xb7, 0xd6, 0xff,
  0xea, 0xb6, 0xd6, 0xff, 0xea, 0xb6, 0xd6, 0xff, 0xea, 0xb5, 0xd5, 0xff,
  0xe9, 0xb5, 0xd5, 0xff, 0xe9, 0xb6, 0xd5, 0xff, 0xe9, 0xb7, 0xd6, 0xff,
  0xea, 0xb7, 0xd6, 0xff, 0xea, 0xb7, 0xd6, 0xff, 0xe9, 0xb6, 0xd5, 0xff,
  0xeb, 0xb7, 0xd7, 0xff, 0xeb, 0xb8, 0xd7, 0xff, 0xeb, 0xb8, 0xd7, 0xff,
  0xeb, 0xb8, 0xd7, 0xff, 0xeb, 0xb8, 0xd7, 0xff, 0xec, 0xb9, 0xd8, 0xff,
  0xeb, 0xb8, 0xd8, 0xff, 0xea, 0xb7, 0xd7, 0xff, 0xeb, 0xb8, 0xd7, 0xff,
  0xeb, 0xb7, 0xd6, 0xff, 0xec, 0xbb, 0xd9, 0xff, 0xe8, 0xaf, 0xcd, 0xff,
  0xd5, 0x76, 0xa1, 0xff, 0xd0, 0x6f, 0x9c, 0xff, 0xd1, 0x74, 0xa1, 0xff,
  0xd2, 0x7f, 0xab, 0xff, 0xd2, 0x87, 0xb2, 0xff, 0xcc, 0x82, 0xad, 0xff,
  0xc1, 0x76, 0xa0, 0xff, 0xb8, 0x6b, 0x95, 0xff, 0xae, 0x61, 0x89, 0xff,
  0xa5, 0x59, 0x7e, 0xff, 0x9e, 0x52, 0x76, 0xff, 0x97, 0x4c, 0x70, 0xff,
  0x90, 0x47, 0x69, 0xff, 0x89, 0x45, 0x63, 0xff, 0x85, 0x42, 0x5f, 0xff,
  0x7f, 0x3e, 0x5a, 0xff, 0x7c, 0x3a, 0x57, 0xff, 0x74, 0x36, 0x50, 0xff,
  0x6d, 0x32, 0x4a, 0xff, 0x66, 0x2e, 0x45, 0xff, 0x61, 0x2b, 0x41, 0xff,
  0x59, 0x27, 0x3b, 0xff, 0x54, 0x25, 0x37, 0xff, 0x62, 0x2c, 0x41, 0xff,
  0x9a, 0x5e, 0x77, 0xff, 0xe3, 0xad, 0xce, 0xff, 0xe0, 0xaa, 0xcb, 0xff,
  0xe4, 0xad, 0xcd, 0xff, 0xe4, 0xad, 0xce, 0xff, 0xe4, 0xad, 0xce, 0xff,
  0xe4, 0xad, 0xce, 0xff, 0xe5, 0xaf, 0xd0, 0xff, 0xe6, 0xb0, 0xd1, 0xff,
  0xe6, 0xb1, 0xd1, 0xff, 0xe7, 0xb2, 0xd1, 0xff, 0xe7, 0xb2, 0xd1, 0xff,
  0xe6, 0xb2, 0xd1, 0xff, 0xe6, 0xb2, 0xd1, 0xff, 0xe7, 0xb1, 0xd1, 0xff,
  0xe6, 0xb0, 0xd0, 0xff, 0xe5, 0xae, 0xce, 0xff, 0xe1, 0xa8, 0xc9, 0xff,
  0xdb, 0xa1, 0xc1, 0x6a, 0xd4, 0x9a, 0xb9, 0x00, 0xf6, 0xeb, 0xf1, 0x00,
  0xfc, 0xf0, 0xf8, 0x00, 0xf8, 0xcf, 0xe9, 0x00, 0xf7, 0xce, 0xe8, 0xc3,
  0xf3, 0xc9, 0xe4, 0xff, 0xef, 0xc2, 0xde, 0xff, 0xed, 0xbc, 0xda, 0xff,
  0xeb, 0xb9, 0xd8, 0xff, 0xea, 0xb9, 0xd7, 0xff, 0xea, 0xb9, 0xd7, 0xff,
  0xeb, 0xba, 0xd7, 0xff, 0xeb, 0xba, 0xd8, 0xff, 0xeb, 0xba, 0xd8, 0xff,
  0xea, 0xba, 0xd7, 0xff, 0xeb, 0xba, 0xd7, 0xff, 0xea, 0xb9, 0xd7, 0xff,
  0xe9, 0xb8, 0xd6, 0xff, 0xea, 0xb9, 0xd7, 0xff, 0xeb, 0xb9, 0xd7, 0xff,
  0xeb, 0xba, 0xd8, 0xff, 0xea, 0xb9, 0xd7, 0xff, 0xea, 0xb9, 0xd7, 0xff,
  0xea, 0xb9, 0xd7, 0xff, 0xeb, 0xb9, 0xd7, 0xff, 0xea, 0xb8, 0xd6, 0xff,
  0xe9, 0xb7, 0xd6, 0xff, 0xe9, 0xb8, 0xd6, 0xff, 0xea, 0xb9, 0xd7, 0xff,
  0xe9, 0xb7, 0xd6, 0xff, 0xe8, 0xb5, 0xd4, 0xff, 0xe9, 0xb7, 0xd6, 0xff,
  0xea, 0xb7, 0xd6, 0xff, 0xea, 0xb7, 0xd6, 0xff, 0xea, 0xb7, 0xd6, 0xff,
  0xe9, 0xb7, 0xd6, 0xff, 0xe8, 0xb6, 0xd5, 0xff, 0xe9, 0xb6, 0xd5, 0xff,
  0xe9, 0xb5, 0xd5, 0xff, 0xe9, 0xb6, 0xd5, 0xff, 0xe9, 0xb5, 0xd5, 0xff,
  0xe9, 0xb5, 0xd5, 0xff, 0xe9, 0xb6, 0xd5, 0xff, 0xea, 0xb6, 0xd6, 0xff,
  0xea, 0xb6, 0xd6, 0xff, 0xea, 0xb6, 0xd6, 0xff, 0xea, 0xb6, 0xd5, 0xff,
  0xea, 0xb6, 0xd6, 0xff, 0xe9, 0xb7, 0xd5, 0xff, 0xe9, 0xb6, 0xd5, 0xff,
  0xea, 0xb7, 0xd6, 0xff, 0xe9, 0xb6, 0xd5, 0xff, 0xe9, 0xb5, 0xd5, 0xff,
  0xea, 0xb6, 0xd6, 0xff, 0xea, 0xb7, 0xd6, 0xff, 0xeb, 0xb8, 0xd7, 0xff,
  0xeb, 0xb8, 0xd7, 0xff, 0xec, 0xb8, 0xd8, 0xff, 0xec, 0xb8, 0xd8, 0xff,
  0xeb, 0xb8, 0xd7, 0xff, 0xeb, 0xb8, 0xd7, 0xff, 0xeb, 0xb8, 0xd7, 0xff,
  0xea, 0xb7, 0xd6, 0xff, 0xec, 0xb9, 0xd7, 0xff, 0xdc, 0x86, 0xae, 0xff,
  0xd1, 0x6f, 0x9b, 0xff, 0xcf, 0x71, 0x9d, 0xff, 0xd2, 0x7b, 0xa7, 0xff,
  0xd2, 0x84, 0xaf, 0xff, 0xcf, 0x84, 0xaf, 0xff, 0xc4, 0x78, 0xa4, 0xff,
  0xba, 0x6d, 0x97, 0xff, 0xb0, 0x63, 0x8a, 0xff, 0xa6, 0x5a, 0x80, 0xff,
  0x9f, 0x54, 0x78, 0xff, 0x98, 0x4d, 0x70, 0xff, 0x8f, 0x47, 0x69, 0xff,
  0x8a, 0x44, 0x64, 0xff, 0x84, 0x41, 0x5e, 0xff, 0x7f, 0x3e, 0x5a, 0xff,
  0x7b, 0x3b, 0x56, 0xff, 0x76, 0x37, 0x51, 0xff, 0x6d, 0x32, 0x4a, 0xff,
  0x67, 0x2f, 0x45, 0xff, 0x60, 0x2a, 0x3f, 0xff, 0x57, 0x24, 0x38, 0xff,
  0x51, 0x21, 0x33, 0xff, 0x52, 0x23, 0x34, 0xff, 0x61, 0x2b, 0x3f, 0xff,
  0xa0, 0x64, 0x7e, 0xff, 0xe0, 0xa9, 0xca, 0xff, 0xdb, 0xa4, 0xc4, 0xff,
  0xe0, 0xaa, 0xca, 0xff, 0xe2, 0xab, 0xcc, 0xff, 0xe3, 0xab, 0xcc, 0xff,
  0xe4, 0xad, 0xcd, 0xff, 0xe4, 0xae, 0xce, 0xff, 0xe5, 0xb0, 0xd0, 0xff,
  0xe6, 0xb1, 0xd0, 0xff, 0xe6, 0xb1, 0xd0, 0xff, 0xe6, 0xb1, 0xd1, 0xff,
  0xe6, 0xb2, 0xd1, 0xff, 0xe6, 0xb1, 0xd0, 0xff, 0xe6, 0xb1, 0xd0, 0xff,
  0xe6, 0xb0, 0xd0, 0xff, 0xe4, 0xac, 0xcd, 0xff, 0xe1, 0xa8, 0xc9, 0xff,
  0xdb, 0xa2, 0xc2, 0xc3, 0xd2, 0x94, 0xb5, 0x00, 0xef, 0xdc, 0xe7, 0x00,
  0xfc, 0xea, 0xf5, 0x00, 0xf8, 0xce, 0xe8, 0x22, 0xf6, 0xce, 0xe8, 0xff,
  0xf2, 0xc8, 0xe3, 0xff, 0xee, 0xc0, 0xdd, 0xff, 0xec, 0xbc, 0xd9, 0xff,
  0xec, 0xbb, 0xd9, 0xff, 0xec, 0xba, 0xd8, 0xff, 0xea, 0xb9, 0xd7, 0xff,
  0xeb, 0xba, 0xd7, 0xff, 0xea, 0xba, 0xd7, 0xff, 0xea, 0xb9, 0xd7, 0xff,
  0xe9, 0xb9, 0xd6, 0xff, 0xea, 0xb9, 0xd7, 0xff, 0xea, 0xb9, 0xd7, 0xff,
  0xea, 0xb9, 0xd7, 0xff, 0xea, 0xb9, 0xd6, 0xff, 0xeb, 0xba, 0xd8, 0xff,
  0xeb, 0xba, 0xd8, 0xff, 0xeb, 0xba, 0xd8, 0xff, 0xeb, 0xba, 0xd8, 0xff,
  0xeb, 0xb9, 0xd7, 0xff, 0xeb, 0xb9, 0xd7, 0xff, 0xea, 0xb8, 0xd6, 0xff,
  0xea, 0xb8, 0xd6, 0xff, 0xe9, 0xb8, 0xd6, 0xff, 0xea, 0xb8, 0xd7, 0xff,
  0xea, 0xb8, 0xd6, 0xff, 0xe9, 0xb7, 0xd5, 0xff, 0xe9, 0xb6, 0xd5, 0xff,
  0xe9, 0xb6, 0xd5, 0xff, 0xe9, 0xb6, 0xd5, 0xff, 0xe9, 0xb6, 0xd5, 0xff,
  0xe9, 0xb6, 0xd5, 0xff, 0xea, 0xb6, 0xd5, 0xff, 0xe9, 0xb6, 0xd5, 0xff,
  0xe9, 0xb6, 0xd5, 0xff, 0xea, 0xb6, 0xd5, 0xff, 0xe9, 0xb5, 0xd5, 0xff,
  0xe8, 0xb4, 0xd4, 0xff, 0xe8, 0xb5, 0xd5, 0xff, 0xe9, 0xb6, 0xd5, 0xff,
  0xe9, 0xb6, 0xd5, 0xff, 0xe9, 0xb7, 0xd5, 0xff, 0xe8, 0xb6, 0xd5, 0xff,
  0xe9, 0xb6, 0xd5, 0xff, 0xea, 0xb6, 0xd5, 0xff, 0xe9, 0xb6, 0xd6, 0xff,
  0xe9, 0xb6, 0xd5, 0xff, 0xea, 0xb6, 0xd5, 0xff, 0xe9, 0xb5, 0xd4, 0xff,
  0xea, 0xb6, 0xd6, 0xff, 0xea, 0xb7, 0xd6, 0xff, 0xea, 0xb7, 0xd6, 0xff,
  0xea, 0xb8, 0xd6, 0xff, 0xec, 0xb8, 0xd7, 0xff, 0xec, 0xb8, 0xd8, 0xff,
  0xeb, 0xb7, 0xd7, 0xff, 0xec, 0xb8, 0xd8, 0xff, 0xeb, 0xb7, 0xd7, 0xff,
  0xec, 0xbc, 0xda, 0xff, 0xe3, 0xa0, 0xc1, 0xff, 0xd2, 0x6e, 0x9b, 0xff,
  0xd0, 0x71, 0x9c, 0xff, 0xcd, 0x76, 0x9f, 0xff, 0xcf, 0x80, 0xaa, 0xff,
  0xcd, 0x82, 0xad, 0xff, 0xc6, 0x79, 0xa4, 0xff, 0xbb, 0x6f, 0x99, 0xff,
  0xb0, 0x63, 0x8b, 0xff, 0xa5, 0x58, 0x7d, 0xff, 0x9f, 0x54, 0x78, 0xff,
  0x98, 0x4e, 0x70, 0xff, 0x91, 0x48, 0x69, 0xff, 0x8b, 0x45, 0x64, 0xff,
  0x85, 0x41, 0x5f, 0xff, 0x7e, 0x3d, 0x59, 0xff, 0x7b, 0x3a, 0x55, 0xff,
  0x75, 0x37, 0x51, 0xff, 0x6c, 0x32, 0x4a, 0xff, 0x67, 0x2e, 0x45, 0xff,
  0x62, 0x2b, 0x41, 0xff, 0x58, 0x27, 0x3a, 0xff, 0x50, 0x22, 0x33, 0xff,
  0x4b, 0x1f, 0x2f, 0xff, 0x51, 0x24, 0x34, 0xff, 0x66, 0x2f, 0x43, 0xff,
  0xae, 0x71, 0x8e, 0xff, 0xda, 0xa0, 0xc2, 0xff, 0xd8, 0xa0, 0xc1, 0xff,
  0xde, 0xa5, 0xc6, 0xff, 0xe0, 0xa7, 0xc9, 0xff, 0xe2, 0xaa, 0xcb, 0xff,
  0xe3, 0xac, 0xcd, 0xff, 0xe4, 0xad, 0xcd, 0xff, 0xe5, 0xb0, 0xd0, 0xff,
  0xe6, 0xb2, 0xd1, 0xff, 0xe6, 0xb1, 0xd0, 0xff, 0xe6, 0xb1, 0xd0, 0xff,
  0xe6, 0xb2, 0xd1, 0xff, 0xe6, 0xb2, 0xd1, 0xff, 0xe6, 0xb1, 0xd1, 0xff,
  0xe6, 0xb0, 0xd0, 0xff, 0xe3, 0xac, 0xcd, 0xff, 0xe1, 0xa8, 0xc9, 0xff,
  0xdc, 0xa2, 0xc3, 0xff, 0xd1, 0x92, 0xb3, 0x22, 0xe8, 0xcc, 0xdb, 0x00,
  0xfc, 0xe5, 0xf3, 0x00, 0xf8, 0xce, 0xe8, 0x6a, 0xf6, 0xcf, 0xe8, 0xff,
  0xf2, 0xc7, 0xe2, 0xff, 0xee, 0xbf, 0xdc, 0xff, 0xec, 0xbb, 0xd9, 0xff,
  0xeb, 0xbb, 0xd8, 0xff, 0xeb, 0xb9, 0xd7, 0xff, 0xea, 0xb9, 0xd6, 0xff,
  0xe9, 0xb7, 0xd6, 0xff, 0xea, 0xb8, 0xd6, 0xff, 0xeb, 0xb9, 0xd7, 0xff,
  0xeb, 0xb9, 0xd7, 0xff, 0xea, 0xb9, 0xd7, 0xff, 0xea, 0xb9, 0xd7, 0xff,
  0xea, 0xb9, 0xd7, 0xff, 0xeb, 0xba, 0xd8, 0xff, 0xeb, 0xbb, 0xd9, 0xff,
  0xeb, 0xba, 0xd8, 0xff, 0xec, 0xbb, 0xd9, 0xff, 0xec, 0xba, 0xd8, 0xff,
  0xeb, 0xb9, 0xd7, 0xff, 0xeb, 0xb9, 0xd8, 0xff, 0xeb, 0xba, 0xd7, 0xff,
  0xea, 0xb9, 0xd7, 0xff, 0xea, 0xb7, 0xd6, 0xff, 0xea, 0xb7, 0xd6, 0xff,
  0xea, 0xb8, 0xd7, 0xff, 0xea, 0xb8, 0xd6, 0xff, 0xeb, 0xb7, 0xd6, 0xff,
  0xe9, 0xb6, 0xd5, 0xff, 0xe9, 0xb7, 0xd5, 0xff, 0xea, 0xb7, 0xd6, 0xff,
  0xe9, 0xb5, 0xd5, 0xff, 0xea, 0xb6, 0xd5, 0xff, 0xea, 0xb5, 0xd5, 0xff,
  0xe9, 0xb6, 0xd5, 0xff, 0xe9, 0xb6, 0xd5, 0xff, 0xe9, 0xb6, 0xd5, 0xff,
  0xe8, 0xb4, 0xd4, 0xff, 0xe8, 0xb4, 0xd4, 0xff, 0xe9, 0xb5, 0xd5, 0xff,
  0xea, 0xb6, 0xd5, 0xff, 0xea, 0xb6, 0xd5, 0xff, 0xe9, 0xb5, 0xd4, 0xff,
  0xea, 0xb5, 0xd5, 0xff, 0xea, 0xb6, 0xd5, 0xff, 0xea, 0xb7, 0xd5, 0xff,
  0xe9, 0xb6, 0xd5, 0xff, 0xea, 0xb7, 0xd6, 0xff, 0xea, 0xb7, 0xd6, 0xff,
  0xea, 0xb7, 0xd6, 0xff, 0xea, 0xb7, 0xd6, 0xff, 0xeb, 0xb7, 0xd7, 0xff,
  0xea, 0xb7, 0xd6, 0xff, 0xeb, 0xb8, 0xd7, 0xff, 0xec, 0xb9, 0xd8, 0xff,
  0xed, 0xb9, 0xd9, 0xff, 0xec, 0xb8, 0xd9, 0xff, 0xec, 0xb7, 0xd7, 0xff,
  0xee, 0xbe, 0xdc, 0xff, 0xcd, 0x81, 0xa2, 0xff, 0xad, 0x4b, 0x72, 0xff,
  0xb7, 0x57, 0x80, 0xff, 0xc9, 0x76, 0x9f, 0xff, 0xd0, 0x84, 0xae, 0xff,
  0xca, 0x7e, 0xa8, 0xff, 0xbe, 0x72, 0x9b, 0xff, 0xb3, 0x66, 0x8e, 0xff,
  0xa6, 0x5a, 0x80, 0xff, 0x9e, 0x51, 0x76, 0xff, 0x98, 0x4d, 0x71, 0xff,
  0x93, 0x49, 0x6b, 0xff, 0x8b, 0x44, 0x64, 0xff, 0x84, 0x40, 0x5e, 0xff,
  0x80, 0x3d, 0x5a, 0xff, 0x7a, 0x3a, 0x55, 0xff, 0x73, 0x35, 0x4f, 0xff,
  0x6e, 0x31, 0x4b, 0xff, 0x66, 0x2d, 0x45, 0xff, 0x5f, 0x2a, 0x3f, 0xff,
  0x57, 0x26, 0x39, 0xff, 0x50, 0x22, 0x34, 0xff, 0x4a, 0x1e, 0x2f, 0xff,
  0x48, 0x1d, 0x2c, 0xff, 0x56, 0x27, 0x38, 0xff, 0x72, 0x37, 0x4e, 0xff,
  0xbd, 0x7f, 0x9f, 0xff, 0xd3, 0x97, 0xba, 0xff, 0xd6, 0x9b, 0xbd, 0xff,
  0xdb, 0xa2, 0xc3, 0xff, 0xdf, 0xa6, 0xc7, 0xff, 0xe1, 0xa9, 0xca, 0xff,
  0xe3, 0xac, 0xcc, 0xff, 0xe3, 0xad, 0xcd, 0xff, 0xe4, 0xae, 0xce, 0xff,
  0xe5, 0xb0, 0xd0, 0xff, 0xe5, 0xb0, 0xd0, 0xff, 0xe7, 0xb2, 0xd1, 0xff,
  0xe7, 0xb2, 0xd2, 0xff, 0xe7, 0xb2, 0xd1, 0xff, 0xe5, 0xaf, 0xd0, 0xff,
  0xe5, 0xaf, 0xcf, 0xff, 0xe5, 0xad, 0xce, 0xff, 0xe2, 0xa9, 0xca, 0xff,
  0xdc, 0xa3, 0xc4, 0xff, 0xd0, 0x90, 0xb3, 0x6a, 0xe1, 0xbe, 0xd1, 0x00,
  0xfb, 0xe0, 0xf1, 0x00, 0xf7, 0xcd, 0xe8, 0xaa, 0xf6, 0xce, 0xe7, 0xff,
  0xf2, 0xc6, 0xe2, 0xff, 0xee, 0xbf, 0xdc, 0xff, 0xeb, 0xbb, 0xd9, 0xff,
  0xea, 0xb8, 0xd7, 0xff, 0xe9, 0xb8, 0xd6, 0xff, 0xea, 0xb9, 0xd7, 0xff,
  0xea, 0xb8, 0xd7, 0xff, 0xea, 0xb9, 0xd7, 0xff, 0xe9, 0xb8, 0xd6, 0xff,
  0xea, 0xb8, 0xd7, 0xff, 0xeb, 0xba, 0xd8, 0xff, 0xea, 0xba, 0xd7, 0xff,
  0xea, 0xb9, 0xd7, 0xff, 0xea, 0xb9, 0xd7, 0xff, 0xea, 0xb9, 0xd7, 0xff,
  0xeb, 0xba, 0xd8, 0xff, 0xeb, 0xba, 0xd8, 0xff, 0xeb, 0xb9, 0xd7, 0xff,
  0xea, 0xb8, 0xd7, 0xff, 0xea, 0xb8, 0xd7, 0xff, 0xea, 0xb8, 0xd6, 0xff,
  0xea, 0xb8, 0xd7, 0xff, 0xea, 0xb8, 0xd6, 0xff, 0xea, 0xb7, 0xd6, 0xff,
  0xea, 0xb7, 0xd6, 0xff, 0xea, 0xb6, 0xd6, 0xff, 0xea, 0xb6, 0xd6, 0xff,
  0xea, 0xb7, 0xd6, 0xff, 0xea, 0xb7, 0xd6, 0xff, 0xea, 0xb7, 0xd6, 0xff,
  0xea, 0xb6, 0xd6, 0xff, 0xe9, 0xb6, 0xd5, 0xff, 0xea, 0xb6, 0xd5, 0xff,
  0xe9, 0xb5, 0xd5, 0xff, 0xe9, 0xb5, 0xd5, 0xff, 0xe9, 0xb5, 0xd5, 0xff,
  0xe9, 0xb5, 0xd4, 0xff, 0xe9, 0xb4, 0xd4, 0xff, 0xe9, 0xb5, 0xd5, 0xff,
  0xe9, 0xb5, 0xd4, 0xff, 0xe9, 0xb5, 0xd4, 0xff, 0xe9, 0xb4, 0xd4, 0xff,
  0xea, 0xb5, 0xd5, 0xff, 0xea, 0xb6, 0xd5, 0xff, 0xe9, 0xb6, 0xd5, 0xff,
  0xe9, 0xb6, 0xd4, 0xff, 0xe9, 0xb6, 0xd5, 0xff, 0xea, 0xb6, 0xd6, 0xff,
  0xea, 0xb6, 0xd6, 0xff, 0xeb, 0xb7, 0xd6, 0xff, 0xeb, 0xb7, 0xd6, 0xff,
  0xeb, 0xb7, 0xd6, 0xff, 0xec, 0xb8, 0xd8, 0xff, 0xec, 0xb9, 0xd8, 0xff,
  0xed, 0xba, 0xd9, 0xff, 0xed, 0xb9, 0xd9, 0xff, 0xeb, 0xb7, 0xd6, 0xff,
  0xf2, 0xc0, 0xde, 0xff, 0xf4, 0xc5, 0xe1, 0xff, 0xdd, 0xa7, 0xc2, 0xff,
  0xac, 0x5f, 0x7e, 0xff, 0x9d, 0x44, 0x69, 0xff, 0xb8, 0x67, 0x8f, 0xff,
  0xc0, 0x74, 0x9d, 0xff, 0xb5, 0x68, 0x90, 0xff, 0xaa, 0x5d, 0x83, 0xff,
  0x9d, 0x51, 0x76, 0xff, 0x9a, 0x4e, 0x73, 0xff, 0x93, 0x4a, 0x6b, 0xff,
  0x8d, 0x46, 0x66, 0xff, 0x86, 0x41, 0x60, 0xff, 0x7e, 0x3c, 0x59, 0xff,
  0x79, 0x39, 0x54, 0xff, 0x73, 0x35, 0x4f, 0xff, 0x6c, 0x30, 0x49, 0xff,
  0x68, 0x2e, 0x46, 0xff, 0x60, 0x2a, 0x3f, 0xff, 0x56, 0x25, 0x38, 0xff,
  0x50, 0x21, 0x34, 0xff, 0x4b, 0x1f, 0x2f, 0xff, 0x46, 0x1c, 0x2b, 0xff,
  0x4b, 0x20, 0x2f, 0xff, 0x60, 0x2b, 0x3e, 0xff, 0x86, 0x49, 0x62, 0xff,
  0xc4, 0x87, 0xa8, 0xff, 0xca, 0x8e, 0xb0, 0xff, 0xd2, 0x96, 0xb8, 0xff,
  0xd6, 0x9d, 0xbf, 0xff, 0xdc, 0xa3, 0xc4, 0xff, 0xe0, 0xa9, 0xc9, 0xff,
  0xe1, 0xab, 0xcb, 0xff, 0xe3, 0xad, 0xcd, 0xff, 0xe4, 0xae, 0xce, 0xff,
  0xe5, 0xaf, 0xcf, 0xff, 0xe5, 0xaf, 0xcf, 0xff, 0xe5, 0xaf, 0xcf, 0xff,
  0xe6, 0xb0, 0xd1, 0xff, 0xe7, 0xb1, 0xd1, 0xff, 0xe6, 0xb0, 0xd0, 0xff,
  0xe6, 0xaf, 0xd0, 0xff, 0xe4, 0xad, 0xcd, 0xff, 0xe1, 0xa9, 0xca, 0xff,
  0xdc, 0xa2, 0xc3, 0xff, 0xd0, 0x91, 0xb3, 0xaa, 0xdd, 0xb4, 0xca, 0x00,
  0xfa, 0xdd, 0xef, 0x00, 0xf7, 0xcc, 0xe8, 0xe1, 0xf5, 0xcb, 0xe6, 0xff,
  0xf1, 0xc4, 0xe1, 0xff, 0xec, 0xbd, 0xda, 0xff, 0xeb, 0xba, 0xd8, 0xff,
  0xea, 0xb9, 0xd7, 0xff, 0xe9, 0xb9, 0xd7, 0xff, 0xea, 0xb9, 0xd7, 0xff,
  0xea, 0xba, 0xd7, 0xff, 0xea, 0xb9, 0xd7, 0xff, 0xea, 0xb8, 0xd7, 0xff,
  0xea, 0xb8, 0xd7, 0xff, 0xea, 0xb9, 0xd7, 0xff, 0xea, 0xb9, 0xd7, 0xff,
  0xe9, 0xb8, 0xd6, 0xff, 0xe9, 0xb8, 0xd6, 0xff, 0xea, 0xb8, 0xd7, 0xff,
  0xe9, 0xb7, 0xd6, 0xff, 0xea, 0xb8, 0xd7, 0xff, 0xea, 0xb9, 0xd7, 0xff,
  0xea, 0xb8, 0xd7, 0xff, 0xea, 0xb8, 0xd6, 0xff, 0xe9, 0xb7, 0xd6, 0xff,
  0xe9, 0xb7, 0xd6, 0xff, 0xe9, 0xb7, 0xd6, 0xff, 0xea, 0xb6, 0xd6, 0xff,
  0xea, 0xb6, 0xd6, 0xff, 0xea, 0xb6, 0xd6, 0xff, 0xea, 0xb6, 0xd6, 0xff,
  0xeb, 0xb6, 0xd6, 0xff, 0xea, 0xb6, 0xd6, 0xff, 0xe9, 0xb6, 0xd5, 0xff,
  0xea, 0xb6, 0xd5, 0xff, 0xe9, 0xb5, 0xd5, 0xff, 0xe9, 0xb6, 0xd5, 0xff,
  0xe9, 0xb6, 0xd5, 0xff, 0xe9, 0xb6, 0xd5, 0xff, 0xe9, 0xb5, 0xd4, 0xff,
  0xe9, 0xb4, 0xd4, 0xff, 0xea, 0xb5, 0xd5, 0xff, 0xe9, 0xb5, 0xd5, 0xff,
  0xe9, 0xb5, 0xd4, 0xff, 0xe9, 0xb5, 0xd4, 0xff, 0xe9, 0xb5, 0xd5, 0xff,
  0xea, 0xb5, 0xd5, 0xff, 0xe9, 0xb5, 0xd5, 0xff, 0xe9, 0xb5, 0xd5, 0xff,
  0xe9, 0xb5, 0xd5, 0xff, 0xea, 0xb6, 0xd6, 0xff, 0xeb, 0xb7, 0xd6, 0xff,
  0xea, 0xb6, 0xd5, 0xff, 0xea, 0xb6, 0xd6, 0xff, 0xeb, 0xb7, 0xd6, 0xff,
  0xeb, 0xb7, 0xd6, 0xff, 0xec, 0xb8, 0xd7, 0xff, 0xeb, 0xb9, 0xd8, 0xff,
  0xeb, 0xb8, 0xd7, 0xff, 0xea, 0xb6, 0xd6, 0xff, 0xef, 0xbe, 0xdc, 0xff,
  0xfa, 0xcc, 0xe8, 0xff, 0xfd, 0xcc, 0xea, 0xff, 0xff, 0xd5, 0xf1, 0xff,
  0xfb, 0xd8, 0xef, 0xff, 0xc7, 0x8d, 0xa9, 0xff, 0x8f, 0x3d, 0x5e, 0xff,
  0x9d, 0x4d, 0x72, 0xff, 0xa9, 0x5c, 0x82, 0xff, 0x9f, 0x53, 0x77, 0xff,
  0x9b, 0x4f, 0x73, 0xff, 0x94, 0x4a, 0x6d, 0xff, 0x8d, 0x46, 0x67, 0xff,
  0x85, 0x41, 0x60, 0xff, 0x80, 0x3d, 0x5a, 0xff, 0x7a, 0x39, 0x54, 0xff,
  0x72, 0x34, 0x4e, 0xff, 0x6d, 0x31, 0x4a, 0xff, 0x67, 0x2e, 0x46, 0xff,
  0x60, 0x2a, 0x40, 0xff, 0x57, 0x25, 0x39, 0xff, 0x51, 0x21, 0x33, 0xff,
  0x4a, 0x1e, 0x2e, 0xff, 0x45, 0x1c, 0x2b, 0xff, 0x47, 0x1e, 0x2d, 0xff,
  0x56, 0x26, 0x38, 0xff, 0x67, 0x2f, 0x43, 0xff, 0x9f, 0x61, 0x7e, 0xff,
  0xbc, 0x7e, 0x9f, 0xff, 0xc3, 0x86, 0xa7, 0xff, 0xcd, 0x92, 0xb3, 0xff,
  0xd3, 0x99, 0xbb, 0xff, 0xd9, 0xa0, 0xc1, 0xff, 0xdd, 0xa7, 0xc7, 0xff,
  0xe0, 0xaa, 0xca, 0xff, 0xe2, 0xab, 0xcc, 0xff, 0xe3, 0xac, 0xcd, 0xff,
  0xe5, 0xae, 0xcf, 0xff, 0xe5, 0xaf, 0xcf, 0xff, 0xe5, 0xaf, 0xcf, 0xff,
  0xe5, 0xb0, 0xd0, 0xff, 0xe6, 0xb0, 0xd1, 0xff, 0xe6, 0xb0, 0xd0, 0xff,
  0xe6, 0xb0, 0xcf, 0xff, 0xe4, 0xad, 0xcd, 0xff, 0xe1, 0xa9, 0xca, 0xff,
  0xdb, 0xa1, 0xc1, 0xff, 0xd0, 0x91, 0xb2, 0xe1, 0xd8, 0xac, 0xc3, 0x00,
  0xf9, 0xd9, 0xed, 0x15, 0xf7, 0xcb, 0xe6, 0xff, 0xf5, 0xca, 0xe5, 0xff,
  0xf1, 0xc4, 0xe0, 0xff, 0xed, 0xbd, 0xdb, 0xff, 0xeb, 0xba, 0xd8, 0xff,
  0xea, 0xb9, 0xd7, 0xff, 0xe9, 0xb8, 0xd6, 0xff, 0xe9, 0xb9, 0xd7, 0xff,
  0xea, 0xb9, 0xd7, 0xff, 0xea, 0xb9, 0xd6, 0xff, 0xea, 0xb9, 0xd7, 0xff,
  0xeb, 0xb9, 0xd7, 0xff, 0xeb, 0xb9, 0xd7, 0xff, 0xea, 0xb9, 0xd7, 0xff,
  0xea, 0xb7, 0xd6, 0xff, 0xea, 0xb8, 0xd7, 0xff, 0xea, 0xb8, 0xd7, 0xff,
  0xea, 0xb8, 0xd7, 0xff, 0xea, 0xb8, 0xd6, 0xff, 0xea, 0xb8, 0xd7, 0xff,
  0xea, 0xb8, 0xd7, 0xff, 0xea, 0xb8, 0xd7, 0xff, 0xea, 0xb8, 0xd7, 0xff,
  0xea, 0xb7, 0xd7, 0xff, 0xe9, 0xb6, 0xd5, 0xff, 0xe9, 0xb5, 0xd5, 0xff,
  0xea, 0xb6, 0xd5, 0xff, 0xea, 0xb6, 0xd5, 0xff, 0xea, 0xb5, 0xd5, 0xff,
  0xe9, 0xb5, 0xd5, 0xff, 0xea, 0xb6, 0xd5, 0xff, 0xea, 0xb7, 0xd6, 0xff,
  0xea, 0xb6, 0xd5, 0xff, 0xea, 0xb5, 0xd5, 0xff, 0xe9, 0xb5, 0xd5, 0xff,
  0xea, 0xb6, 0xd5, 0xff, 0xe9, 0xb5, 0xd4, 0xff, 0xe9, 0xb5, 0xd4, 0xff,
  0xe9, 0xb5, 0xd5, 0xff, 0xe8, 0xb5, 0xd4, 0xff, 0xe9, 0xb5, 0xd5, 0xff,
  0xe9, 0xb6, 0xd5, 0xff, 0xe9, 0xb6, 0xd5, 0xff, 0xe9, 0xb5, 0xd5, 0xff,
  0xea, 0xb5, 0xd5, 0xff, 0xea, 0xb6, 0xd5, 0xff, 0xea, 0xb6, 0xd5, 0xff,
  0xea, 0xb5, 0xd5, 0xff, 0xea, 0xb6, 0xd6, 0xff, 0xeb, 0xb7, 0xd7, 0xff,
  0xe9, 0xb7, 0xd5, 0xff, 0xea, 0xb7, 0xd5, 0xff, 0xeb, 0xb8, 0xd7, 0xff,
  0xeb, 0xb8, 0xd7, 0xff, 0xeb, 0xb8, 0xd7, 0xff, 0xea, 0xb7, 0xd6, 0xff,
  0xea, 0xb9, 0xd8, 0xff, 0xea, 0xb8, 0xd7, 0xff, 0xf9, 0xc0, 0xe1, 0xff,
  0xfe, 0xcc, 0xea, 0xff, 0xfb, 0xcc, 0xe8, 0xff, 0xf9, 0xce, 0xe8, 0xff,
  0xfb, 0xd5, 0xee, 0xff, 0xff, 0xe0, 0xfa, 0xff, 0xdf, 0xad, 0xc9, 0xff,
  0x8f, 0x49, 0x64, 0xff, 0x84, 0x38, 0x58, 0xff, 0x96, 0x4c, 0x6f, 0xff,
  0x93, 0x4a, 0x6c, 0xff, 0x8c, 0x45, 0x66, 0xff, 0x83, 0x3f, 0x5e, 0xff,
  0x7e, 0x3c, 0x59, 0xff, 0x78, 0x38, 0x54, 0xff, 0x72, 0x35, 0x4f, 0xff,
  0x6d, 0x32, 0x4a, 0xff, 0x67, 0x2e, 0x46, 0xff, 0x60, 0x2a, 0x40, 0xff,
  0x58, 0x26, 0x3a, 0xff, 0x50, 0x21, 0x33, 0xff, 0x4b, 0x1f, 0x2f, 0xff,
  0x45, 0x1c, 0x2b, 0xff, 0x43, 0x1b, 0x29, 0xff, 0x50, 0x23, 0x33, 0xff,
  0x60, 0x2b, 0x3f, 0xff, 0x7b, 0x41, 0x59, 0xff, 0xa7, 0x6a, 0x89, 0xff,
  0xb2, 0x74, 0x95, 0xff, 0xbf, 0x81, 0xa3, 0xff, 0xca, 0x8d, 0xaf, 0xff,
  0xd1, 0x97, 0xb8, 0xff, 0xd6, 0x9d, 0xbe, 0xff, 0xdb, 0xa3, 0xc4, 0xff,
  0xde, 0xa6, 0xc7, 0xff, 0xe0, 0xa9, 0xca, 0xff, 0xe1, 0xab, 0xcb, 0xff,
  0xe2, 0xac, 0xcd, 0xff, 0xe4, 0xae, 0xce, 0xff, 0xe4, 0xaf, 0xcf, 0xff,
  0xe5, 0xb0, 0xcf, 0xff, 0xe5, 0xb0, 0xd0, 0xff, 0xe4, 0xaf, 0xcf, 0xff,
  0xe5, 0xaf, 0xce, 0xff, 0xe4, 0xae, 0xce, 0xff, 0xe3, 0xaa, 0xcb, 0xff,
  0xdb, 0xa1, 0xc2, 0xff, 0xcf, 0x90, 0xb2, 0xff, 0xd6, 0xa6, 0xbf, 0x15,
  0xfa, 0xd7, 0xec, 0x3b, 0xf6, 0xca, 0xe6, 0xff, 0xf5, 0xca, 0xe5, 0xff,
  0xf1, 0xc4, 0xdf, 0xff, 0xed, 0xbd, 0xda, 0xff, 0xea, 0xb9, 0xd7, 0xff,
  0xea, 0xb9, 0xd7, 0xff, 0xe9, 0xb8, 0xd6, 0xff, 0xea, 0xb8, 0xd7, 0xff,
  0xea, 0xb9, 0xd7, 0xff, 0xea, 0xb9, 0xd7, 0xff, 0xea, 0xba, 0xd8, 0xff,
  0xeb, 0xb9, 0xd7, 0xff, 0xea, 0xb8, 0xd7, 0xff, 0xe9, 0xb8, 0xd6, 0xff,
  0xea, 0xb9, 0xd7, 0xff, 0xeb, 0xba, 0xd8, 0xff, 0xeb, 0xba, 0xd8, 0xff,
  0xeb, 0xb9, 0xd7, 0xff, 0xea, 0xb8, 0xd7, 0xff, 0xea, 0xb8, 0xd7, 0xff,
  0xeb, 0xb9, 0xd8, 0xff, 0xea, 0xb8, 0xd7, 0xff, 0xea, 0xb7, 0xd7, 0xff,
  0xea, 0xb8, 0xd6, 0xff, 0xe9, 0xb6, 0xd5, 0xff, 0xe9, 0xb6, 0xd4, 0xff,
  0xe9, 0xb6, 0xd5, 0xff, 0xe9, 0xb6, 0xd5, 0xff, 0xe9, 0xb5, 0xd5, 0xff,
  0xe9, 0xb5, 0xd5, 0xff, 0xea, 0xb6, 0xd5, 0xff, 0xeb, 0xb7, 0xd6, 0xff,
  0xe9, 0xb5, 0xd5, 0xff, 0xe8, 0xb4, 0xd4, 0xff, 0xe9, 0xb5, 0xd5, 0xff,
  0xe9, 0xb4, 0xd4, 0xff, 0xe8, 0xb4, 0xd4, 0xff, 0xe8, 0xb5, 0xd4, 0xff,
  0xe9, 0xb5, 0xd5, 0xff, 0xe8, 0xb4, 0xd4, 0xff, 0xe9, 0xb4, 0xd4, 0xff,
  0xe9, 0xb5, 0xd5, 0xff, 0xea, 0xb6, 0xd5, 0xff, 0xeb, 0xb6, 0xd6, 0xff,
  0xea, 0xb5, 0xd4, 0xff, 0xea, 0xb5, 0xd5, 0xff, 0xea, 0xb6, 0xd6, 0xff,
  0xea, 0xb6, 0xd6, 0xff, 0xea, 0xb6, 0xd6, 0xff, 0xea, 0xb7, 0xd6, 0xff,
  0xea, 0xb7, 0xd6, 0xff, 0xea, 0xb7, 0xd6, 0xff, 0xeb, 0xb8, 0xd7, 0xff,
  0xeb, 0xb7, 0xd7, 0xff, 0xeb, 0xb5, 0xd6, 0xff, 0xec, 0xbb, 0xd9, 0xff,
  0xe7, 0xae, 0xce, 0xff, 0xe2, 0x96, 0xbc, 0xff, 0xdd, 0x7f, 0xa9, 0xff,
  0xe6, 0x92, 0xb9, 0xff, 0xf9, 0xc4, 0xe3, 0xff, 0xfd, 0xd5, 0xf0, 0xff,
  0xf9, 0xcf, 0xea, 0xff, 0xf3, 0xc2, 0xe0, 0xff, 0xf9, 0xc4, 0xe5, 0xff,
  0xed, 0xb2, 0xd4, 0xff, 0x99, 0x56, 0x72, 0xff, 0x76, 0x31, 0x4c, 0xff,
  0x84, 0x3f, 0x5e, 0xff, 0x81, 0x3e, 0x5b, 0xff, 0x7e, 0x3c, 0x59, 0xff,
  0x78, 0x37, 0x53, 0xff, 0x73, 0x35, 0x50, 0xff, 0x6e, 0x33, 0x4b, 0xff,
  0x67, 0x2e, 0x46, 0xff, 0x5f, 0x29, 0x3f, 0xff, 0x58, 0x25, 0x39, 0xff,
  0x50, 0x21, 0x34, 0xff, 0x48, 0x1d, 0x2d, 0xff, 0x44, 0x1b, 0x29, 0xff,
  0x43, 0x1b, 0x2a, 0xff, 0x4b, 0x1f, 0x2f, 0xff, 0x5a, 0x27, 0x39, 0xff,
  0x68, 0x31, 0x46, 0xff, 0x8e, 0x55, 0x6f, 0xff, 0xa0, 0x64, 0x82, 0xff,
  0xac, 0x6f, 0x8f, 0xff, 0xba, 0x7d, 0x9e, 0xff, 0xc6, 0x8a, 0xab, 0xff,
  0xcf, 0x94, 0xb5, 0xff, 0xd5, 0x9b, 0xbc, 0xff, 0xd9, 0xa1, 0xc2, 0xff,
  0xdc, 0xa4, 0xc5, 0xff, 0xde, 0xa7, 0xc7, 0xff, 0xe0, 0xaa, 0xca, 0xff,
  0xe2, 0xac, 0xcd, 0xff, 0xe3, 0xad, 0xce, 0xff, 0xe4, 0xae, 0xce, 0xff,
  0xe4, 0xaf, 0xcf, 0xff, 0xe4, 0xaf, 0xcf, 0xff, 0xe5, 0xaf, 0xcf, 0xff,
  0xe6, 0xaf, 0xd0, 0xff, 0xe4, 0xad, 0xce, 0xff, 0xe2, 0xa9, 0xca, 0xff,
  0xdc, 0xa2, 0xc3, 0xff, 0xd0, 0x91, 0xb3, 0xff, 0xd6, 0xa3, 0xbe, 0x3b,
  0xfa, 0xd5, 0xec, 0x59, 0xf6, 0xca, 0xe6, 0xff, 0xf4, 0xc9, 0xe4, 0xff,
  0xef, 0xc2, 0xde, 0xff, 0xeb, 0xbb, 0xd9, 0xff, 0xeb, 0xb9, 0xd7, 0xff,
  0xeb, 0xb9, 0xd7, 0xff, 0xea, 0xb9, 0xd7, 0xff, 0xea, 0xb9, 0xd7, 0xff,
  0xea, 0xb8, 0xd6, 0xff, 0xea, 0xb8, 0xd7, 0xff, 0xea, 0xba, 0xd8, 0xff,
  0xea, 0xb9, 0xd7, 0xff, 0xea, 0xb8, 0xd6, 0xff, 0xe9, 0xb8, 0xd6, 0xff,
  0xea, 0xb9, 0xd7, 0xff, 0xeb, 0xba, 0xd8, 0xff, 0xeb, 0xba, 0xd7, 0xff,
  0xeb, 0xb9, 0xd7, 0xff, 0xe9, 0xb9, 0xd7, 0xff, 0xe9, 0xb9, 0xd7, 0xff,
  0xea, 0xb8, 0xd7, 0xff, 0xea, 0xb7, 0xd6, 0xff, 0xe9, 0xb6, 0xd6, 0xff,
  0xea, 0xb7, 0xd6, 0xff, 0xea, 0xb8, 0xd6, 0xff, 0xea, 0xb7, 0xd5, 0xff,
  0xe9, 0xb6, 0xd5, 0xff, 0xe9, 0xb5, 0xd5, 0xff, 0xe9, 0xb5, 0xd4, 0xff,
  0xe9, 0xb5, 0xd4, 0xff, 0xe9, 0xb6, 0xd5, 0xff, 0xe9, 0xb6, 0xd5, 0xff,
  0xe9, 0xb5, 0xd5, 0xff, 0xe8, 0xb4, 0xd4, 0xff, 0xe9, 0xb4, 0xd4, 0xff,
  0xe9, 0xb5, 0xd4, 0xff, 0xe8, 0xb4, 0xd4, 0xff, 0xe9, 0xb5, 0xd4, 0xff,
  0xe9, 0xb4, 0xd4, 0xff, 0xe9, 0xb4, 0xd4, 0xff, 0xe8, 0xb4, 0xd4, 0xff,
  0xe9, 0xb5, 0xd4, 0xff, 0xea, 0xb6, 0xd5, 0xff, 0xeb, 0xb7, 0xd6, 0xff,
  0xea, 0xb6, 0xd6, 0xff, 0xea, 0xb5, 0xd5, 0xff, 0xea, 0xb6, 0xd5, 0xff,
  0xea, 0xb6, 0xd6, 0xff, 0xea, 0xb7, 0xd6, 0xff, 0xeb, 0xb7, 0xd6, 0xff,
  0xea, 0xb6, 0xd6, 0xff, 0xea, 0xb7, 0xd6, 0xff, 0xeb, 0xb8, 0xd7, 0xff,
  0xeb, 0xb6, 0xd6, 0xff, 0xec, 0xba, 0xd9, 0xff, 0xe8, 0xae, 0xce, 0xff,
  0xd7, 0x7d, 0xa6, 0xff, 0xd2, 0x70, 0x9d, 0xff, 0xd3, 0x78, 0xa4, 0xff,
  0xcf, 0x77, 0xa1, 0xff, 0xce, 0x70, 0x9b, 0xff, 0xec, 0xa4, 0xca, 0xff,
  0xf8, 0xc5, 0xe6, 0xff, 0xf1, 0xb8, 0xda, 0xff, 0xeb, 0xa9, 0xce, 0xff,
  0xed, 0xa7, 0xcf, 0xff, 0xf4, 0xae, 0xd5, 0xff, 0xa1, 0x5e, 0x7b, 0xff,
  0x64, 0x25, 0x3c, 0xff, 0x7b, 0x3a, 0x55, 0xff, 0x78, 0x39, 0x54, 0xff,
  0x72, 0x34, 0x4e, 0xff, 0x6e, 0x32, 0x4b, 0xff, 0x68, 0x2f, 0x46, 0xff,
  0x60, 0x29, 0x3f, 0xff, 0x57, 0x24, 0x38, 0xff, 0x50, 0x21, 0x33, 0xff,
  0x4a, 0x1e, 0x2e, 0xff, 0x44, 0x1b, 0x29, 0xff, 0x41, 0x19, 0x27, 0xff,
  0x4a, 0x1e, 0x2d, 0xff, 0x57, 0x26, 0x38, 0xff, 0x5e, 0x29, 0x3c, 0xff,
  0x76, 0x41, 0x58, 0xff, 0x8c, 0x55, 0x6f, 0xff, 0x9b, 0x60, 0x7d, 0xff,
  0xa9, 0x6c, 0x8c, 0xff, 0xb6, 0x78, 0x99, 0xff, 0xc2, 0x86, 0xa7, 0xff,
  0xcc, 0x91, 0xb2, 0xff, 0xd2, 0x98, 0xb9, 0xff, 0xd7, 0x9e, 0xbf, 0xff,
  0xdb, 0xa2, 0xc3, 0xff, 0xdd, 0xa5, 0xc6, 0xff, 0xe0, 0xaa, 0xca, 0xff,
  0xe3, 0xae, 0xcd, 0xff, 0xe3, 0xad, 0xcd, 0xff, 0xe3, 0xae, 0xce, 0xff,
  0xe4, 0xb0, 0xcf, 0xff, 0xe5, 0xb0, 0xd0, 0xff, 0xe6, 0xb0, 0xd0, 0xff,
  0xe6, 0xaf, 0xd0, 0xff, 0xe4, 0xad, 0xcd, 0xff, 0xe1, 0xa8, 0xc9, 0xff,
  0xdb, 0xa2, 0xc3, 0xff, 0xcf, 0x91, 0xb2, 0xff, 0xd4, 0x9f, 0xbb, 0x59,
  0xf9, 0xd4, 0xeb, 0x6e, 0xf6, 0xca, 0xe6, 0xff, 0xf3, 0xc8, 0xe4, 0xff,
  0xef, 0xc1, 0xde, 0xff, 0xeb, 0xbb, 0xd8, 0xff, 0xeb, 0xb9, 0xd7, 0xff,
  0xeb, 0xb9, 0xd7, 0xff, 0xea, 0xb9, 0xd7, 0xff, 0xea, 0xb9, 0xd6, 0xff,
  0xea, 0xb9, 0xd6, 0xff, 0xea, 0xb9, 0xd7, 0xff, 0xe9, 0xb8, 0xd6, 0xff,
  0xe9, 0xb8, 0xd6, 0xff, 0xe9, 0xb8, 0xd6, 0xff, 0xe9, 0xb9, 0xd7, 0xff,
  0xe9, 0xb8, 0xd6, 0xff, 0xe9, 0xb8, 0xd6, 0xff, 0xeb, 0xb9, 0xd8, 0xff,
  0xea, 0xb9, 0xd7, 0xff, 0xe9, 0xb9, 0xd6, 0xff, 0xea, 0xb8, 0xd6, 0xff,
  0xea, 0xb8, 0xd6, 0xff, 0xe9, 0xb6, 0xd6, 0xff, 0xe9, 0xb6, 0xd5, 0xff,
  0xea, 0xb7, 0xd5, 0xff, 0xeb, 0xb8, 0xd6, 0xff, 0xe9, 0xb6, 0xd5, 0xff,
  0xe9, 0xb5, 0xd4, 0xff, 0xe9, 0xb5, 0xd5, 0xff, 0xe8, 0xb5, 0xd4, 0xff,
  0xea, 0xb6, 0xd5, 0xff, 0xea, 0xb6, 0xd5, 0xff, 0xe8, 0xb4, 0xd4, 0xff,
  0xe9, 0xb5, 0xd5, 0xff, 0xe8, 0xb5, 0xd4, 0xff, 0xe8, 0xb4, 0xd3, 0xff,
  0xe9, 0xb4, 0xd4, 0xff, 0xe8, 0xb4, 0xd3, 0xff, 0xe7, 0xb3, 0xd2, 0xff,
  0xe9, 0xb4, 0xd4, 0xff, 0xe9, 0xb4, 0xd4, 0xff, 0xea, 0xb5, 0xd4, 0xff,
  0xea, 0xb6, 0xd5, 0xff, 0xe9, 0xb6, 0xd5, 0xff, 0xea, 0xb6, 0xd5, 0xff,
  0xea, 0xb6, 0xd6, 0xff, 0xea, 0xb6, 0xd6, 0xff, 0xe9, 0xb5, 0xd5, 0xff,
  0xea, 0xb6, 0xd6, 0xff, 0xeb, 0xb7, 0xd7, 0xff, 0xeb, 0xb7, 0xd7, 0xff,
  0xeb, 0xb7, 0xd6, 0xff, 0xeb, 0xb8, 0xd7, 0xff, 0xeb, 0xb8, 0xd7, 0xff,
  0xeb, 0xb9, 0xd7, 0xff, 0xea, 0xb4, 0xd3, 0xff, 0xd9, 0x81, 0xaa, 0xff,
  0xd0, 0x71, 0x9e, 0xff, 0xd1, 0x75, 0xa2, 0xff, 0xd3, 0x7e, 0xa9, 0xff,
  0xd7, 0x8e, 0xb7, 0xff, 0xd1, 0x89, 0xaf, 0xff, 0xc2, 0x68, 0x90, 0xff,
  0xd5, 0x81, 0xaa, 0xff, 0xee, 0xa8, 0xd0, 0xff, 0xeb, 0xa5, 0xcd, 0xff,
  0xe5, 0x9a, 0xc3, 0xff, 0xe4, 0x95, 0xc0, 0xff, 0xf0, 0xa1, 0xcb, 0xff,
  0xab, 0x68, 0x86, 0xff, 0x5f, 0x24, 0x39, 0xff, 0x6d, 0x31, 0x49, 0xff,
  0x6e, 0x33, 0x4b, 0xff, 0x67, 0x2f, 0x46, 0xff, 0x63, 0x2c, 0x42, 0xff,
  0x5a, 0x26, 0x3a, 0xff, 0x50, 0x21, 0x33, 0xff, 0x4a, 0x1e, 0x2e, 0xff,
  0x45, 0x1b, 0x2a, 0xff, 0x42, 0x1a, 0x28, 0xff, 0x47, 0x1c, 0x2c, 0xff,
  0x52, 0x23, 0x34, 0xff, 0x59, 0x26, 0x38, 0xff, 0x68, 0x36, 0x49, 0xff,
  0x7c, 0x4a, 0x60, 0xff, 0x89, 0x52, 0x6c, 0xff, 0x98, 0x5e, 0x7b, 0xff,
  0xa6, 0x6a, 0x89, 0xff, 0xb4, 0x76, 0x96, 0xff, 0xc0, 0x82, 0xa2, 0xff,
  0xca, 0x8e, 0xaf, 0xff, 0xd0, 0x95, 0xb6, 0xff, 0xd5, 0x9a, 0xbc, 0xff,
  0xd9, 0xa0, 0xc2, 0xff, 0xdc, 0xa5, 0xc6, 0xff, 0xe1, 0xaa, 0xca, 0xff,
  0xe3, 0xae, 0xce, 0xff, 0xe3, 0xae, 0xcd, 0xff, 0xe4, 0xae, 0xcf, 0xff,
  0xe5, 0xaf, 0xcf, 0xff, 0xe5, 0xb0, 0xd0, 0xff, 0xe5, 0xaf, 0xcf, 0xff,
  0xe4, 0xaf, 0xcf, 0xff, 0xe5, 0xae, 0xce, 0xff, 0xe0, 0xa9, 0xc9, 0xff,
  0xda, 0xa2, 0xc2, 0xff, 0xce, 0x91, 0xb2, 0xff, 0xd2, 0x9c, 0xb8, 0x6e,
  0xf9, 0xd2, 0xea, 0x7b, 0xf6, 0xca, 0xe5, 0xff, 0xf4, 0xc9, 0xe4, 0xff,
  0xef, 0xc2, 0xde, 0xff, 0xec, 0xbc, 0xd9, 0xff, 0xeb, 0xba, 0xd8, 0xff,
  0xea, 0xb9, 0xd7, 0xff, 0xe9, 0xb9, 0xd7, 0xff, 0xea, 0xb9, 0xd7, 0xff,
  0xea, 0xb9, 0xd7, 0xff, 0xe9, 0xb8, 0xd6, 0xff, 0xe8, 0xb7, 0xd5, 0xff,
  0xe8, 0xb7, 0xd5, 0xff, 0xe9, 0xb7, 0xd6, 0xff, 0xe9, 0xb7, 0xd6, 0xff,
  0xe9, 0xb8, 0xd6, 0xff, 0xea, 0xb8, 0xd6, 0xff, 0xeb, 0xb9, 0xd8, 0xff,
  0xea, 0xb9, 0xd7, 0xff, 0xea, 0xb9, 0xd7, 0xff, 0xe9, 0xb8, 0xd6, 0xff,
  0xe9, 0xb7, 0xd5, 0xff, 0xe9, 0xb6, 0xd5, 0xff, 0xe9, 0xb6, 0xd4, 0xff,
  0xe9, 0xb6, 0xd4, 0xff, 0xe9, 0xb6, 0xd5, 0xff, 0xe9, 0xb6, 0xd4, 0xff,
  0xe9, 0xb6, 0xd5, 0xff, 0xe8, 0xb5, 0xd4, 0xff, 0xe8, 0xb4, 0xd4, 0xff,
  0xe9, 0xb4, 0xd4, 0xff, 0xe9, 0xb5, 0xd4, 0xff, 0xe7, 0xb4, 0xd3, 0xff,
  0xe8, 0xb4, 0xd4, 0xff, 0xe8, 0xb5, 0xd4, 0xff, 0xe8, 0xb4, 0xd3, 0xff,
  0xe8, 0xb5, 0xd4, 0xff, 0xe9, 0xb5, 0xd4, 0xff, 0xe9, 0xb5, 0xd4, 0xff,
  0xe9, 0xb4, 0xd4, 0xff, 0xe9, 0xb4, 0xd4, 0xff, 0xe9, 0xb5, 0xd4, 0xff,
  0xea, 0xb5, 0xd5, 0xff, 0xe9, 0xb4, 0xd4, 0xff, 0xea, 0xb5, 0xd5, 0xff,
  0xea, 0xb5, 0xd6, 0xff, 0xea, 0xb6, 0xd6, 0xff, 0xea, 0xb6, 0xd5, 0xff,
  0xea, 0xb6, 0xd6, 0xff, 0xeb, 0xb7, 0xd6, 0xff, 0xeb, 0xb7, 0xd6, 0xff,
  0xea, 0xb6, 0xd5, 0xff, 0xeb, 0xb7, 0xd6, 0xff, 0xea, 0xb7, 0xd6, 0xff,
  0xec, 0xb9, 0xd6, 0xff, 0xdc, 0x88, 0xb0, 0xff, 0xd1, 0x71, 0x9e, 0xff,
  0xcf, 0x75, 0xa0, 0xff, 0xd2, 0x7d, 0xa8, 0xff, 0xd2, 0x85, 0xaf, 0xff,
  0xcf, 0x86, 0xae, 0xff, 0xcb, 0x87, 0xad, 0xff, 0xc5, 0x7c, 0xa3, 0xff,
  0xb4, 0x5f, 0x86, 0xff, 0xc0, 0x69, 0x90, 0xff, 0xe4, 0x93, 0xbd, 0xff,
  0xe5, 0x99, 0xc2, 0xff, 0xdf, 0x8f, 0xba, 0xff, 0xdc, 0x8d, 0xb7, 0xff,
  0xe6, 0x93, 0xbf, 0xff, 0xa6, 0x5f, 0x7f, 0xff, 0x5c, 0x25, 0x38, 0xff,
  0x65, 0x2c, 0x42, 0xff, 0x62, 0x2c, 0x41, 0xff, 0x5c, 0x27, 0x3c, 0xff,
  0x52, 0x23, 0x35, 0xff, 0x4b, 0x1f, 0x2f, 0xff, 0x46, 0x1b, 0x2b, 0xff,
  0x42, 0x19, 0x27, 0xff, 0x47, 0x1c, 0x2b, 0xff, 0x52, 0x23, 0x34, 0xff,
  0x54, 0x23, 0x35, 0xff, 0x5f, 0x2e, 0x41, 0xff, 0x6f, 0x41, 0x55, 0xff,
  0x7b, 0x48, 0x5e, 0xff, 0x89, 0x52, 0x6c, 0xff, 0x97, 0x5d, 0x7a, 0xff,
  0xa5, 0x68, 0x87, 0xff, 0xb1, 0x74, 0x93, 0xff, 0xbe, 0x80, 0xa1, 0xff,
  0xc6, 0x89, 0xaa, 0xff, 0xcd, 0x91, 0xb3, 0xff, 0xd3, 0x98, 0xb9, 0xff,
  0xd8, 0x9e, 0xc0, 0xff, 0xdc, 0xa3, 0xc4, 0xff, 0xdf, 0xa8, 0xc8, 0xff,
  0xe1, 0xab, 0xcb, 0xff, 0xe3, 0xad, 0xcd, 0xff, 0xe4, 0xae, 0xce, 0xff,
  0xe4, 0xae, 0xce, 0xff, 0xe4, 0xaf, 0xcf, 0xff, 0xe4, 0xaf, 0xcf, 0xff,
  0xe5, 0xaf, 0xcf, 0xff, 0xe4, 0xae, 0xce, 0xff, 0xe0, 0xa9, 0xc9, 0xff,
  0xd9, 0xa0, 0xc0, 0xff, 0xcd, 0x90, 0xb1, 0xff, 0xd0, 0x9a, 0xb5, 0x7b,
  0xf9, 0xd1, 0xe9, 0xff, 0xf6, 0xcb, 0xe6, 0xff, 0xf4, 0xc9, 0xe4, 0xff,
  0xf0, 0xc3, 0xde, 0xff, 0xed, 0xbd, 0xda, 0xff, 0xeb, 0xb9, 0xd7, 0xff,
  0xea, 0xb8, 0xd6, 0xff, 0xea, 0xb8, 0xd7, 0xff, 0xeb, 0xb9, 0xd7, 0xff,
  0xea, 0xb8, 0xd6, 0xff, 0xe8, 0xb7, 0xd5, 0xff, 0xe9, 0xb7, 0xd6, 0xff,
  0xe8, 0xb6, 0xd5, 0xff, 0xe9, 0xb6, 0xd5, 0xff, 0xe9, 0xb7, 0xd5, 0xff,
  0xe9, 0xb7, 0xd6, 0xff, 0xea, 0xb7, 0xd6, 0xff, 0xea, 0xb8, 0xd6, 0xff,
  0xea, 0xb7, 0xd6, 0xff, 0xe9, 0xb7, 0xd6, 0xff, 0xe9, 0xb7, 0xd5, 0xff,
  0xe9, 0xb6, 0xd5, 0xff, 0xe8, 0xb6, 0xd5, 0xff, 0xe8, 0xb5, 0xd4, 0xff,
  0xe9, 0xb5, 0xd4, 0xff, 0xe9, 0xb5, 0xd4, 0xff, 0xe8, 0xb6, 0xd4, 0xff,
  0xe8, 0xb5, 0xd4, 0xff, 0xe7, 0xb3, 0xd3, 0xff, 0xe8, 0xb4, 0xd4, 0xff,
  0xe8, 0xb3, 0xd3, 0xff, 0xe7, 0xb3, 0xd3, 0xff, 0xe9, 0xb4, 0xd4, 0xff,
  0xe9, 0xb5, 0xd5, 0xff, 0xe9, 0xb5, 0xd5, 0xff, 0xe9, 0xb6, 0xd5, 0xff,
  0xe9, 0xb5, 0xd4, 0xff, 0xea, 0xb6, 0xd5, 0xff, 0xe9, 0xb5, 0xd5, 0xff,
  0xe8, 0xb4, 0xd3, 0xff, 0xe8, 0xb4, 0xd3, 0xff, 0xe9, 0xb5, 0xd4, 0xff,
  0xea, 0xb5, 0xd5, 0xff, 0xe9, 0xb4, 0xd4, 0xff, 0xea, 0xb5, 0xd4, 0xff,
  0xea, 0xb5, 0xd5, 0xff, 0xe9, 0xb5, 0xd5, 0xff, 0xea, 0xb6, 0xd5, 0xff,
  0xea, 0xb6, 0xd6, 0xff, 0xea, 0xb6, 0xd6, 0xff, 0xeb, 0xb6, 0xd5, 0xff,
  0xea, 0xb6, 0xd5, 0xff, 0xea, 0xb6, 0xd5, 0xff, 0xeb, 0xbb, 0xd9, 0xff,
  0xe0, 0x92, 0xb7, 0xff, 0xd2, 0x70, 0x9d, 0xff, 0xce, 0x72, 0x9e, 0xff,
  0xcd, 0x77, 0xa2, 0xff, 0xd1, 0x83, 0xac, 0xff, 0xcf, 0x85, 0xae, 0xff,
  0xc7, 0x80, 0xa7, 0xff, 0xbc, 0x73, 0x9a, 0xff, 0xb3, 0x66, 0x8d, 0xff,
  0xb3, 0x64, 0x8b, 0xff, 0xa8, 0x55, 0x7b, 0xff, 0xac, 0x56, 0x7c, 0xff,
  0xd3, 0x7f, 0xa9, 0xff, 0xde, 0x8d, 0xb8, 0xff, 0xd5, 0x82, 0xae, 0xff,
  0xce, 0x7b, 0xa5, 0xff, 0xd9, 0x87, 0xb1, 0xff, 0x9f, 0x5a, 0x79, 0xff,
  0x4f, 0x1e, 0x2e, 0xff, 0x59, 0x25, 0x38, 0xff, 0x51, 0x21, 0x34, 0xff,
  0x4b, 0x1e, 0x2f, 0xff, 0x46, 0x1b, 0x2b, 0xff, 0x42, 0x19, 0x28, 0xff,
  0x46, 0x1b, 0x2b, 0xff, 0x50, 0x21, 0x33, 0xff, 0x54, 0x22, 0x35, 0xff,
  0x59, 0x29, 0x3b, 0xff, 0x67, 0x3b, 0x4d, 0xff, 0x70, 0x40, 0x55, 0xff,
  0x7b, 0x49, 0x60, 0xff, 0x89, 0x52, 0x6d, 0xff, 0x99, 0x5e, 0x7b, 0xff,
  0xa4, 0x68, 0x86, 0xff, 0xb0, 0x73, 0x93, 0xff, 0xbb, 0x7e, 0x9f, 0xff,
  0xc5, 0x88, 0xa9, 0xff, 0xcb, 0x90, 0xb1, 0xff, 0xd2, 0x98, 0xb9, 0xff,
  0xd9, 0x9f, 0xc1, 0xff, 0xdc, 0xa4, 0xc5, 0xff, 0xde, 0xa6, 0xc7, 0xff,
  0xe0, 0xa9, 0xc9, 0xff, 0xe2, 0xab, 0xcc, 0xff, 0xe3, 0xad, 0xcd, 0xff,
  0xe3, 0xad, 0xcd, 0xff, 0xe4, 0xae, 0xce, 0xff, 0xe4, 0xaf, 0xcf, 0xff,
  0xe5, 0xaf, 0xcf, 0xff, 0xe4, 0xae, 0xce, 0xff, 0xe1, 0xa9, 0xca, 0xff,
  0xda, 0xa0, 0xc1, 0xff, 0xce, 0x92, 0xb2, 0xff, 0xd0, 0x98, 0xb4, 0xff,
  0xf9, 0xd0, 0xe9, 0xff, 0xf6, 0xcc, 0xe6, 0xff, 0xf4, 0xc9, 0xe4, 0xff,
  0xf0, 0xc2, 0xde, 0xff, 0xec, 0xbc, 0xd9, 0xff, 0xeb, 0xb9, 0xd7, 0xff,
  0xe9, 0xb8, 0xd6, 0xff, 0xea, 0xb8, 0xd6, 0xff, 0xea, 0xb9, 0xd6, 0xff,
  0xea, 0xb8, 0xd6, 0xff, 0xe9, 0xb8, 0xd5, 0xff, 0xea, 0xb8, 0xd6, 0xff,
  0xe9, 0xb7, 0xd6, 0xff, 0xe9, 0xb6, 0xd6, 0xff, 0xe9, 0xb6, 0xd5, 0xff,
  0xe8, 0xb6, 0xd5, 0xff, 0xe9, 0xb6, 0xd5, 0xff, 0xea, 0xb7, 0xd6, 0xff,
  0xe9, 0xb7, 0xd6, 0xff, 0xe9, 0xb7, 0xd5, 0xff, 0xe8, 0xb5, 0xd5, 0xff,
  0xe9, 0xb6, 0xd5, 0xff, 0xe8, 0xb6, 0xd5, 0xff, 0xe8, 0xb5, 0xd4, 0xff,
  0xe9, 0xb5, 0xd4, 0xff, 0xe9, 0xb5, 0xd5, 0xff, 0xe9, 0xb5, 0xd4, 0xff,
  0xe8, 0xb4, 0xd3, 0xff, 0xe8, 0xb4, 0xd3, 0xff, 0xe9, 0xb6, 0xd5, 0xff,
  0xe8, 0xb4, 0xd4, 0xff, 0xe8, 0xb3, 0xd3, 0xff, 0xe9, 0xb5, 0xd5, 0xff,
  0xe9, 0xb5, 0xd5, 0xff, 0xe9, 0xb5, 0xd5, 0xff, 0xe9, 0xb6, 0xd5, 0xff,
  0xe9, 0xb5, 0xd4, 0xff, 0xe9, 0xb5, 0xd5, 0xff, 0xe8, 0xb4, 0xd4, 0xff,
  0xe8, 0xb4, 0xd4, 0xff, 0xe8, 0xb4, 0xd4, 0xff, 0xe9, 0xb6, 0xd5, 0xff,
  0xe9, 0xb6, 0xd5, 0xff, 0xe8, 0xb5, 0xd4, 0xff, 0xea, 0xb6, 0xd5, 0xff,
  0xea, 0xb6, 0xd5, 0xff, 0xe9, 0xb5, 0xd4, 0xff, 0xea, 0xb6, 0xd5, 0xff,
  0xea, 0xb6, 0xd6, 0xff, 0xeb, 0xb6, 0xd6, 0xff, 0xeb, 0xb7, 0xd6, 0xff,
  0xea, 0xb6, 0xd5, 0xff, 0xeb, 0xbb, 0xd9, 0xff, 0xe2, 0x9a, 0xbe, 0xff,
  0xd3, 0x72, 0x9e, 0xff, 0xcf, 0x73, 0x9e, 0xff, 0xcf, 0x76, 0xa1, 0xff,
  0xd0, 0x80, 0xa9, 0xff, 0xd0, 0x86, 0xae, 0xff, 0xca, 0x82, 0xaa, 0xff,
  0xbf, 0x74, 0x9c, 0xff, 0xb1, 0x65, 0x8d, 0xff, 0xa6, 0x58, 0x7e, 0xff,
  0xa0, 0x51, 0x75, 0xff, 0x9f, 0x51, 0x75, 0xff, 0x9c, 0x4c, 0x6f, 0xff,
  0x9a, 0x4a, 0x6c, 0xff, 0xc0, 0x6d, 0x95, 0xff, 0xd1, 0x7d, 0xa8, 0xff,
  0xc9, 0x78, 0xa2, 0xff, 0xbb, 0x6b, 0x93, 0xff, 0xbf, 0x6d, 0x96, 0xff,
  0x88, 0x48, 0x64, 0xff, 0x42, 0x17, 0x26, 0xff, 0x49, 0x1d, 0x2e, 0xff,
  0x44, 0x1a, 0x2a, 0xff, 0x42, 0x19, 0x28, 0xff, 0x47, 0x1d, 0x2c, 0xff,
  0x50, 0x22, 0x33, 0xff, 0x56, 0x24, 0x36, 0xff, 0x57, 0x27, 0x39, 0xff,
  0x61, 0x36, 0x48, 0xff, 0x6a, 0x3d, 0x50, 0xff, 0x74, 0x43, 0x58, 0xff,
  0x7f, 0x4a, 0x63, 0xff, 0x8c, 0x53, 0x6f, 0xff, 0x99, 0x5f, 0x7c, 0xff,
  0xa6, 0x6a, 0x88, 0xff, 0xb2, 0x75, 0x95, 0xff, 0xbc, 0x7f, 0xa0, 0xff,
  0xc5, 0x88, 0xa9, 0xff, 0xcb, 0x8f, 0xb0, 0xff, 0xd1, 0x96, 0xb7, 0xff,
  0xd6, 0x9e, 0xbe, 0xff, 0xdb, 0xa4, 0xc4, 0xff, 0xde, 0xa6, 0xc7, 0xff,
  0xdf, 0xa8, 0xc8, 0xff, 0xe1, 0xaa, 0xcb, 0xff, 0xe2, 0xac, 0xcc, 0xff,
  0xe3, 0xad, 0xcd, 0xff, 0xe4, 0xae, 0xcf, 0xff, 0xe4, 0xae, 0xcf, 0xff,
  0xe4, 0xae, 0xce, 0xff, 0xe4, 0xad, 0xcd, 0xff, 0xe1, 0xa9, 0xc9, 0xff,
  0xdb, 0xa1, 0xc2, 0xff, 0xcf, 0x93, 0xb3, 0xff, 0xcf, 0x96, 0xb2, 0xff,
  0xf8, 0xcf, 0xe8, 0xff, 0xf6, 0xcb, 0xe6, 0xff, 0xf4, 0xc8, 0xe3, 0xff,
  0xee, 0xc0, 0xdc, 0xff, 0xeb, 0xbb, 0xd9, 0xff, 0xea, 0xb9, 0xd7, 0xff,
  0xea, 0xb8, 0xd6, 0xff, 0xe9, 0xb8, 0xd6, 0xff, 0xe9, 0xb8, 0xd6, 0xff,
  0xe9, 0xb8, 0xd6, 0xff, 0xea, 0xb8, 0xd6, 0xff, 0xe9, 0xb6, 0xd5, 0xff,
  0xe9, 0xb7, 0xd5, 0xff, 0xe9, 0xb6, 0xd5, 0xff, 0xe9, 0xb6, 0xd5, 0xff,
  0xe9, 0xb7, 0xd5, 0xff, 0xe8, 0xb6, 0xd5, 0xff, 0xe8, 0xb5, 0xd4, 0xff,
  0xe9, 0xb7, 0xd5, 0xff, 0xe9, 0xb6, 0xd5, 0xff, 0xe8, 0xb5, 0xd4, 0xff,
  0xe7, 0xb4, 0xd3, 0xff, 0xe9, 0xb5, 0xd4, 0xff, 0xe8, 0xb5, 0xd5, 0xff,
  0xe8, 0xb5, 0xd4, 0xff, 0xe9, 0xb5, 0xd5, 0xff, 0xe8, 0xb4, 0xd3, 0xff,
  0xe7, 0xb3, 0xd3, 0xff, 0xe8, 0xb4, 0xd3, 0xff, 0xe9, 0xb5, 0xd4, 0xff,
  0xe9, 0xb4, 0xd4, 0xff, 0xe9, 0xb4, 0xd4, 0xff, 0xe8, 0xb4, 0xd4, 0xff,
  0xe9, 0xb4, 0xd4, 0xff, 0xe9, 0xb5, 0xd4, 0xff, 0xe9, 0xb4, 0xd4, 0xff,
  0xe8, 0xb4, 0xd3, 0xff, 0xe9, 0xb4, 0xd4, 0xff, 0xe8, 0xb4, 0xd4, 0xff,
  0xe8, 0xb4, 0xd4, 0xff, 0xe9, 0xb5, 0xd4, 0xff, 0xea, 0xb6, 0xd5, 0xff,
  0xe9, 0xb6, 0xd5, 0xff, 0xe9, 0xb6, 0xd5, 0xff, 0xea, 0xb6, 0xd6, 0xff,
  0xea, 0xb7, 0xd6, 0xff, 0xea, 0xb6, 0xd6, 0xff, 0xea, 0xb7, 0xd6, 0xff,
  0xea, 0xb5, 0xd5, 0xff, 0xeb, 0xb6, 0xd6, 0xff, 0xea, 0xb6, 0xd5, 0xff,
  0xec, 0xbc, 0xda, 0xff, 0xe5, 0xa4, 0xc5, 0xff, 0xd3, 0x73, 0x9e, 0xff,
  0xcf, 0x72, 0x9e, 0xff, 0xce, 0x74, 0x9f, 0xff, 0xcf, 0x7d, 0xa7, 0xff,
  0xcf, 0x84, 0xac, 0xff, 0xcc, 0x83, 0xac, 0xff, 0xc2, 0x77, 0x9f, 0xff,
  0xb6, 0x68, 0x91, 0xff, 0xa8, 0x5a, 0x81, 0xff, 0x9f, 0x51, 0x76, 0xff,
  0x99, 0x4d, 0x70, 0xff, 0x90, 0x46, 0x67, 0xff, 0x8c, 0x44, 0x64, 0xff,
  0x90, 0x45, 0x65, 0xff, 0x89, 0x3f, 0x5d, 0xff, 0xb0, 0x5f, 0x84, 0xff,
  0xc0, 0x6e, 0x97, 0xff, 0xb1, 0x62, 0x89, 0xff, 0xa3, 0x5a, 0x7d, 0xff,
  0xa4, 0x5a, 0x7d, 0xff, 0x69, 0x34, 0x49, 0xff, 0x40, 0x16, 0x25, 0xff,
  0x47, 0x1c, 0x2d, 0xff, 0x45, 0x1c, 0x2b, 0xff, 0x50, 0x21, 0x33, 0xff,
  0x54, 0x23, 0x35, 0xff, 0x56, 0x27, 0x39, 0xff, 0x5d, 0x33, 0x44, 0xff,
  0x65, 0x39, 0x4c, 0xff, 0x6d, 0x3e, 0x53, 0xff, 0x78, 0x46, 0x5d, 0xff,
  0x82, 0x4d, 0x66, 0xff, 0x8f, 0x56, 0x72, 0xff, 0x9b, 0x60, 0x7d, 0xff,
  0xa6, 0x6b, 0x89, 0xff, 0xb2, 0x75, 0x95, 0xff, 0xbc, 0x7f, 0xa0, 0xff,
  0xc4, 0x87, 0xa8, 0xff, 0xcc, 0x8f, 0xb0, 0xff, 0xd1, 0x95, 0xb7, 0xff,
  0xd4, 0x9b, 0xbc, 0xff, 0xd9, 0xa0, 0xc1, 0xff, 0xdd, 0xa5, 0xc6, 0xff,
  0xdf, 0xa8, 0xc8, 0xff, 0xe0, 0xa9, 0xc9, 0xff, 0xe1, 0xab, 0xcb, 0xff,
  0xe3, 0xac, 0xcc, 0xff, 0xe4, 0xad, 0xce, 0xff, 0xe4, 0xae, 0xcf, 0xff,
  0xe3, 0xad, 0xcd, 0xff, 0xe3, 0xac, 0xcd, 0xff, 0xe0, 0xa9, 0xc9, 0xff,
  0xda, 0xa1, 0xc2, 0xff, 0xcf, 0x93, 0xb2, 0xff, 0xce, 0x94, 0xb1, 0xff,
  0xf9, 0xd0, 0xe9, 0xff, 0xf6, 0xcb, 0xe6, 0xff, 0xf3, 0xc8, 0xe3, 0xff,
  0xee, 0xc0, 0xdd, 0xff, 0xeb, 0xba, 0xd8, 0xff, 0xeb, 0xb9, 0xd6, 0xff,
  0xeb, 0xb9, 0xd7, 0xff, 0xe9, 0xb8, 0xd5, 0xff, 0xea, 0xb8, 0xd6, 0xff,
  0xea, 0xb8, 0xd6, 0xff, 0xe9, 0xb7, 0xd5, 0xff, 0xe9, 0xb6, 0xd5, 0xff,
  0xe9, 0xb7, 0xd5, 0xff, 0xe9, 0xb7, 0xd5, 0xff, 0xe9, 0xb6, 0xd5, 0xff,
  0xe9, 0xb7, 0xd6, 0xff, 0xe8, 0xb6, 0xd4, 0xff, 0xe9, 0xb6, 0xd4, 0xff,
  0xe9, 0xb6, 0xd5, 0xff, 0xe9, 0xb6, 0xd5, 0xff, 0xe9, 0xb5, 0xd4, 0xff,
  0xe8, 0xb4, 0xd4, 0xff, 0xe9, 0xb5, 0xd4, 0xff, 0xe8, 0xb4, 0xd4, 0xff,
  0xe9, 0xb4, 0xd4, 0xff, 0xe9, 0xb4, 0xd4, 0xff, 0xe7, 0xb4, 0xd3, 0xff,
  0xe7, 0xb5, 0xd3, 0xff, 0xe8, 0xb4, 0xd4, 0xff, 0xe8, 0xb4, 0xd3, 0xff,
  0xe8, 0xb3, 0xd3, 0xff, 0xe8, 0xb3, 0xd4, 0xff, 0xe9, 0xb4, 0xd4, 0xff,
  0xe7, 0xb3, 0xd3, 0xff, 0xe8, 0xb3, 0xd3, 0xff, 0xe9, 0xb4, 0xd4, 0xff,
  0xe9, 0xb4, 0xd4, 0xff, 0xe9, 0xb4, 0xd5, 0xff, 0xe8, 0xb4, 0xd4, 0xff,
  0xe8, 0xb4, 0xd4, 0xff, 0xe9, 0xb6, 0xd4, 0xff, 0xe9, 0xb6, 0xd5, 0xff,
  0xea, 0xb6, 0xd5, 0xff, 0xeb, 0xb7, 0xd6, 0xff, 0xeb, 0xb7, 0xd7, 0xff,
  0xeb, 0xb7, 0xd6, 0xff, 0xea, 0xb7, 0xd6, 0xff, 0xeb, 0xb7, 0xd7, 0xff,
  0xec, 0xb7, 0xd7, 0xff, 0xeb, 0xb5, 0xd5, 0xff, 0xec, 0xba, 0xd9, 0xff,
  0xe9, 0xac, 0xcd, 0xff, 0xd5, 0x76, 0xa1, 0xff, 0xcf, 0x70, 0x9c, 0xff,
  0xcd, 0x73, 0x9e, 0xff, 0xce, 0x7a, 0xa4, 0xff, 0xce, 0x80, 0xa9, 0xff,
  0xcb, 0x82, 0xaa, 0xff, 0xc4, 0x7b, 0xa3, 0xff, 0xb7, 0x6b, 0x93, 0xff,
  0xac, 0x5d, 0x84, 0xff, 0xa1, 0x53, 0x78, 0xff, 0x99, 0x4d, 0x70, 0xff,
  0x92, 0x47, 0x6a, 0xff, 0x89, 0x42, 0x62, 0xff, 0x82, 0x3d, 0x5b, 0xff,
  0x7e, 0x3a, 0x58, 0xff, 0x82, 0x3c, 0x59, 0xff, 0x79, 0x36, 0x50, 0xff,
  0x96, 0x4c, 0x6d, 0xff, 0xa9, 0x5a, 0x81, 0xff, 0x99, 0x51, 0x73, 0xff,
  0x89, 0x48, 0x66, 0xff, 0x88, 0x48, 0x66, 0xff, 0x56, 0x26, 0x38, 0xff,
  0x43, 0x18, 0x2a, 0xff, 0x53, 0x22, 0x37, 0xff, 0x55, 0x22, 0x35, 0xff,
  0x54, 0x25, 0x37, 0xff, 0x5c, 0x32, 0x44, 0xff, 0x62, 0x37, 0x4a, 0xff,
  0x69, 0x3b, 0x50, 0xff, 0x73, 0x42, 0x58, 0xff, 0x7d, 0x4a, 0x62, 0xff,
  0x86, 0x50, 0x6a, 0xff, 0x92, 0x59, 0x75, 0xff, 0x9e, 0x63, 0x80, 0xff,
  0xa9, 0x6d, 0x8b, 0xff, 0xb5, 0x77, 0x97, 0xff, 0xbe, 0x80, 0xa1, 0xff,
  0xc4, 0x87, 0xa8, 0xff, 0xcc, 0x90, 0xb1, 0xff, 0xd1, 0x96, 0xb7, 0xff,
  0xd5, 0x99, 0xbb, 0xff, 0xd8, 0x9f, 0xc0, 0xff, 0xdc, 0xa4, 0xc5, 0xff,
  0xe0, 0xa8, 0xc8, 0xff, 0xe0, 0xaa, 0xc9, 0xff, 0xe2, 0xab, 0xcb, 0xff,
  0xe3, 0xac, 0xcd, 0xff, 0xe4, 0xad, 0xce, 0xff, 0xe4, 0xae, 0xce, 0xff,
  0xe4, 0xae, 0xce, 0xff, 0xe2, 0xac, 0xcc, 0xff, 0xdf, 0xa8, 0xc8, 0xff,
  0xdb, 0xa0, 0xc1, 0xff, 0xcf, 0x92, 0xb3, 0xff, 0xcd, 0x94, 0xb1, 0xff,
  0xf9, 0xd0, 0xe9, 0xff, 0xf6, 0xcb, 0xe5, 0xff, 0xf3, 0xc8, 0xe3, 0xff,
  0xee, 0xc0, 0xdc, 0xff, 0xea, 0xba, 0xd7, 0xff, 0xea, 0xb8, 0xd6, 0xff,
  0xea, 0xb8, 0xd6, 0xff, 0xe9, 0xb7, 0xd5, 0xff, 0xe9, 0xb6, 0xd5, 0xff,
  0xea, 0xb8, 0xd5, 0xff, 0xe9, 0xb7, 0xd5, 0xff, 0xea, 0xb7, 0xd6, 0xff,
  0xe9, 0xb6, 0xd5, 0xff, 0xe8, 0xb5, 0xd4, 0xff, 0xe8, 0xb6, 0xd5, 0xff,
  0xe8, 0xb5, 0xd4, 0xff, 0xe9, 0xb6, 0xd5, 0xff, 0xe9, 0xb6, 0xd5, 0xff,
  0xe9, 0xb7, 0xd5, 0xff, 0xe9, 0xb6, 0xd5, 0xff, 0xe9, 0xb5, 0xd5, 0xff,
  0xe9, 0xb4, 0xd4, 0xff, 0xe9, 0xb5, 0xd4, 0xff, 0xe9, 0xb5, 0xd4, 0xff,
  0xe8, 0xb4, 0xd3, 0xff, 0xe8, 0xb4, 0xd3, 0xff, 0xe8, 0xb6, 0xd4, 0xff,
  0xe8, 0xb5, 0xd4, 0xff, 0xe9, 0xb4, 0xd4, 0xff, 0xe8, 0xb4, 0xd3, 0xff,
  0xe8, 0xb3, 0xd3, 0xff, 0xe8, 0xb3, 0xd3, 0xff, 0xe8, 0xb3, 0xd4, 0xff,
  0xe8, 0xb2, 0xd3, 0xff, 0xe8, 0xb2, 0xd2, 0xff, 0xe9, 0xb3, 0xd3, 0xff,
  0xe9, 0xb4, 0xd4, 0xff, 0xea, 0xb5, 0xd5, 0xff, 0xea, 0xb5, 0xd5, 0xff,
  0xea, 0xb6, 0xd5, 0xff, 0xe9, 0xb6, 0xd5, 0xff, 0xe9, 0xb6, 0xd5, 0xff,
  0xea, 0xb5, 0xd5, 0xff, 0xeb, 0xb7, 0xd6, 0xff, 0xeb, 0xb7, 0xd6, 0xff,
  0xeb, 0xb7, 0xd6, 0xff, 0xeb, 0xb6, 0xd6, 0xff, 0xec, 0xb7, 0xd7, 0xff,
  0xeb, 0xb5, 0xd6, 0xff, 0xec, 0xb8, 0xd8, 0xff, 0xeb, 0xb3, 0xd3, 0xff,
  0xd8, 0x7d, 0xa7, 0xff, 0xcf, 0x6f, 0x9b, 0xff, 0xce, 0x72, 0x9e, 0xff,
  0xce, 0x7a, 0xa4, 0xff, 0xce, 0x80, 0xa8, 0xff, 0xcc, 0x82, 0xaa, 0xff,
  0xc4, 0x7a, 0xa2, 0xff, 0xb9, 0x6e, 0x96, 0xff, 0xaf, 0x61, 0x88, 0xff,
  0xa4, 0x56, 0x7b, 0xff, 0x9a, 0x4c, 0x71, 0xff, 0x92, 0x47, 0x6a, 0xff,
  0x8a, 0x43, 0x63, 0xff, 0x83, 0x3e, 0x5c, 0xff, 0x7c, 0x3a, 0x56, 0xff,
  0x75, 0x35, 0x50, 0xff, 0x71, 0x33, 0x4d, 0xff, 0x6f, 0x32, 0x4b, 0xff,
  0x67, 0x2d, 0x44, 0xff, 0x82, 0x40, 0x5d, 0xff, 0x8e, 0x4b, 0x69, 0xff,
  0x7f, 0x41, 0x5e, 0xff, 0x7a, 0x3f, 0x5b, 0xff, 0x80, 0x42, 0x5e, 0xff,
  0x49, 0x1b, 0x2c, 0xff, 0x4d, 0x1c, 0x30, 0xff, 0x55, 0x25, 0x38, 0xff,
  0x5b, 0x30, 0x42, 0xff, 0x63, 0x37, 0x4a, 0xff, 0x67, 0x3a, 0x4f, 0xff,
  0x6e, 0x3f, 0x55, 0xff, 0x78, 0x46, 0x5d, 0xff, 0x81, 0x4d, 0x65, 0xff,
  0x8b, 0x54, 0x6f, 0xff, 0x96, 0x5d, 0x79, 0xff, 0xa2, 0x66, 0x83, 0xff,
  0xad, 0x70, 0x8e, 0xff, 0xb7, 0x78, 0x98, 0xff, 0xbf, 0x80, 0xa1, 0xff,
  0xc5, 0x88, 0xaa, 0xff, 0xcc, 0x8f, 0xb1, 0xff, 0xd1, 0x96, 0xb7, 0xff,
  0xd5, 0x9a, 0xbb, 0xff, 0xd8, 0x9f, 0xc0, 0xff, 0xdc, 0xa3, 0xc4, 0xff,
  0xdf, 0xa7, 0xc7, 0xff, 0xe0, 0xaa, 0xca, 0xff, 0xe2, 0xab, 0xcc, 0xff,
  0xe3, 0xac, 0xcd, 0xff, 0xe4, 0xad, 0xce, 0xff, 0xe3, 0xad, 0xcd, 0xff,
  0xe3, 0xad, 0xcd, 0xff, 0xe2, 0xab, 0xcb, 0xff, 0xdf, 0xa6, 0xc7, 0xff,
  0xda, 0xa0, 0xc1, 0xff, 0xce, 0x92, 0xb2, 0xff, 0xcc, 0x93, 0xaf, 0xff,
  0xf7, 0xce, 0xe7, 0xff, 0xf5, 0xc9, 0xe4, 0xff, 0xf3, 0xc7, 0xe2, 0xff,
  0xed, 0xc0, 0xdb, 0xff, 0xea, 0xba, 0xd7, 0xff, 0xe9, 0xb8, 0xd6, 0xff,
  0xe9, 0xb6, 0xd5, 0xff, 0xe9, 0xb6, 0xd4, 0xff, 0xe9, 0xb6, 0xd4, 0xff,
  0xe8, 0xb6, 0xd4, 0xff, 0xe8, 0xb5, 0xd4, 0xff, 0xe9, 0xb5, 0xd5, 0xff,
  0xe8, 0xb4, 0xd4, 0xff, 0xe8, 0xb4, 0xd3, 0xff, 0xe8, 0xb4, 0xd3, 0xff,
  0xe8, 0xb5, 0xd4, 0xff, 0xe8, 0xb6, 0xd4, 0xff, 0xe8, 0xb6, 0xd5, 0xff,
  0xe9, 0xb6, 0xd5, 0xff, 0xe9, 0xb5, 0xd5, 0xff, 0xe8, 0xb4, 0xd4, 0xff,
  0xe8, 0xb4, 0xd3, 0xff, 0xe8, 0xb4, 0xd3, 0xff, 0xe8, 0xb3, 0xd3, 0xff,
  0xe7, 0xb3, 0xd3, 0xff, 0xe7, 0xb3, 0xd3, 0xff, 0xe8, 0xb4, 0xd3, 0xff,
  0xe8, 0xb4, 0xd3, 0xff, 0xe8, 0xb3, 0xd3, 0xff, 0xe8, 0xb3, 0xd3, 0xff,
  0xe8, 0xb3, 0xd3, 0xff, 0xe8, 0xb3, 0xd3, 0xff, 0xe8, 0xb3, 0xd3, 0xff,
  0xe9, 0xb3, 0xd3, 0xff, 0xe8, 0xb2, 0xd3, 0xff, 0xe9, 0xb3, 0xd4, 0xff,
  0xe9, 0xb4, 0xd4, 0xff, 0xe9, 0xb5, 0xd4, 0xff, 0xea, 0xb6, 0xd5, 0xff,
  0xea, 0xb6, 0xd5, 0xff, 0xe9, 0xb5, 0xd5, 0xff, 0xe9, 0xb5, 0xd4, 0xff,
  0xe9, 0xb5, 0xd4, 0xff, 0xea, 0xb6, 0xd6, 0xff, 0xeb, 0xb7, 0xd7, 0xff,
  0xec, 0xb7, 0xd7, 0xff, 0xeb, 0xb7, 0xd7, 0xff, 0xec, 0xb6, 0xd7, 0xff,
  0xeb, 0xb6, 0xd7, 0xff, 0xeb, 0xb6, 0xd6, 0xff, 0xdc, 0x85, 0xad, 0xff,
  0xcf, 0x6c, 0x99, 0xff, 0xce, 0x71, 0x9d, 0xff, 0xce, 0x78, 0xa3, 0xff,
  0xce, 0x80, 0xa9, 0xff, 0xcc, 0x83, 0xac, 0xff, 0xc5, 0x7c, 0xa4, 0xff,
  0xbc, 0x72, 0x99, 0xff, 0xaf, 0x62, 0x88, 0xff, 0xa4, 0x57, 0x7c, 0xff,
  0x9d, 0x50, 0x74, 0xff, 0x91, 0x47, 0x69, 0xff, 0x8c, 0x44, 0x65, 0xff,
  0x84, 0x40, 0x5f, 0xff, 0x7e, 0x3c, 0x59, 0xff, 0x77, 0x37, 0x52, 0xff,
  0x70, 0x32, 0x4c, 0xff, 0x65, 0x2c, 0x43, 0xff, 0x5e, 0x29, 0x3e, 0xff,
  0x5f, 0x29, 0x3e, 0xff, 0x55, 0x25, 0x36, 0xff, 0x71, 0x39, 0x52, 0xff,
  0x7e, 0x41, 0x5e, 0xff, 0x7b, 0x3f, 0x5b, 0xff, 0x8a, 0x47, 0x66, 0xff,
  0x61, 0x2c, 0x42, 0xff, 0x4e, 0x23, 0x34, 0xff, 0x5c, 0x31, 0x43, 0xff,
  0x61, 0x35, 0x48, 0xff, 0x67, 0x39, 0x4d, 0xff, 0x6e, 0x3e, 0x54, 0xff,
  0x75, 0x44, 0x5b, 0xff, 0x7d, 0x49, 0x61, 0xff, 0x85, 0x4f, 0x69, 0xff,
  0x8e, 0x57, 0x71, 0xff, 0x99, 0x5f, 0x7b, 0xff, 0xa6, 0x68, 0x87, 0xff,
  0xb0, 0x71, 0x90, 0xff, 0xb8, 0x79, 0x9a, 0xff, 0xc1, 0x82, 0xa4, 0xff,
  0xc7, 0x8a, 0xab, 0xff, 0xcc, 0x8f, 0xb1, 0xff, 0xd1, 0x95, 0xb7, 0xff,
  0xd5, 0x9b, 0xbc, 0xff, 0xd8, 0x9f, 0xc0, 0xff, 0xdb, 0xa2, 0xc3, 0xff,
  0xde, 0xa6, 0xc7, 0xff, 0xe0, 0xa9, 0xc9, 0xff, 0xe2, 0xab, 0xcb, 0xff,
  0xe3, 0xac, 0xcd, 0xff, 0xe2, 0xac, 0xcc, 0xff, 0xe3, 0xad, 0xcd, 0xff,
  0xe3, 0xae, 0xcd, 0xff, 0xe3, 0xab, 0xcc, 0xff, 0xe0, 0xa8, 0xc9, 0xff,
  0xda, 0xa1, 0xc2, 0xff, 0xcd, 0x91, 0xb1, 0xff, 0xcb, 0x92, 0xaf, 0xff,
  0xf7, 0xcd, 0xe7, 0xff, 0xf5, 0xc9, 0xe4, 0xff, 0xf3, 0xc6, 0xe2, 0xff,
  0xed, 0xbf, 0xdc, 0xff, 0xeb, 0xba, 0xd8, 0xff, 0xea, 0xb8, 0xd6, 0xff,
  0xe9, 0xb6, 0xd5, 0xff, 0xe9, 0xb6, 0xd5, 0xff, 0xea, 0xb6, 0xd5, 0xff,
  0xe8, 0xb4, 0xd4, 0xff, 0xe8, 0xb4, 0xd4, 0xff, 0xe9, 0xb5, 0xd4, 0xff,
  0xe8, 0xb4, 0xd4, 0xff, 0xe8, 0xb3, 0xd3, 0xff, 0xe9, 0xb4, 0xd4, 0xff,
  0xe9, 0xb6, 0xd5, 0xff, 0xe9, 0xb6, 0xd5, 0xff, 0xe9, 0xb6, 0xd4, 0xff,
  0xe9, 0xb6, 0xd4, 0xff, 0xe8, 0xb4, 0xd4, 0xff, 0xe8, 0xb3, 0xd3, 0xff,
  0xe8, 0xb4, 0xd3, 0xff, 0xe8, 0xb4, 0xd3, 0xff, 0xe8, 0xb3, 0xd3, 0xff,
  0xe8, 0xb4, 0xd4, 0xff, 0xe7, 0xb4, 0xd3, 0xff, 0xe6, 0xb2, 0xd2, 0xff,
  0xe7, 0xb3, 0xd2, 0xff, 0xe7, 0xb3, 0xd3, 0xff, 0xe8, 0xb2, 0xd2, 0xff,
  0xe8, 0xb2, 0xd2, 0xff, 0xe8, 0xb3, 0xd3, 0xff, 0xe9, 0xb3, 0xd3, 0xff,
  0xe9, 0xb2, 0xd4, 0xff, 0xe8, 0xb2, 0xd3, 0xff, 0xe8, 0xb3, 0xd3, 0xff,
  0xe8, 0xb3, 0xd3, 0xff, 0xe9, 0xb4, 0xd4, 0xff, 0xea, 0xb5, 0xd5, 0xff,
  0xe9, 0xb5, 0xd5, 0xff, 0xea, 0xb5, 0xd5, 0xff, 0xea, 0xb6, 0xd6, 0xff,
  0xea, 0xb6, 0xd6, 0xff, 0xeb, 0xb6, 0xd6, 0xff, 0xeb, 0xb7, 0xd7, 0xff,
  0xeb, 0xb6, 0xd7, 0xff, 0xec, 0xb7, 0xd7, 0xff, 0xea, 0xb6, 0xd6, 0xff,
  0xed, 0xba, 0xd8, 0xff, 0xde, 0x8f, 0xb5, 0xff, 0xd1, 0x6d, 0x9a, 0xff,
  0xce, 0x6f, 0x9b, 0xff, 0xcd, 0x75, 0xa0, 0xff, 0xcf, 0x80, 0xaa, 0xff,
  0xcb, 0x81, 0xaa, 0xff, 0xc7, 0x7d, 0xa5, 0xff, 0xbf, 0x74, 0x9b, 0xff,
  0xb2, 0x67, 0x8d, 0xff, 0xa7, 0x5b, 0x80, 0xff, 0x9e, 0x53, 0x76, 0xff,
  0x95, 0x4b, 0x6d, 0xff, 0x8f, 0x46, 0x66, 0xff, 0x86, 0x40, 0x5f, 0xff,
  0x80, 0x3c, 0x5a, 0xff, 0x78, 0x38, 0x53, 0xff, 0x73, 0x35, 0x4f, 0xff,
  0x69, 0x2f, 0x46, 0xff, 0x5d, 0x27, 0x3d, 0xff, 0x55, 0x23, 0x36, 0xff,
  0x4e, 0x1f, 0x31, 0xff, 0x50, 0x21, 0x32, 0xff, 0x4c, 0x20, 0x30, 0xff,
  0x75, 0x3b, 0x57, 0xff, 0x88, 0x47, 0x66, 0xff, 0x84, 0x41, 0x60, 0xff,
  0x5d, 0x2f, 0x42, 0xff, 0x58, 0x2f, 0x40, 0xff, 0x60, 0x34, 0x47, 0xff,
  0x64, 0x38, 0x4c, 0xff, 0x6c, 0x3d, 0x53, 0xff, 0x74, 0x43, 0x5a, 0xff,
  0x7a, 0x48, 0x60, 0xff, 0x82, 0x4d, 0x66, 0xff, 0x8b, 0x53, 0x6e, 0xff,
  0x94, 0x5a, 0x76, 0xff, 0x9e, 0x61, 0x7f, 0xff, 0xa8, 0x6a, 0x89, 0xff,
  0xb2, 0x73, 0x93, 0xff, 0xba, 0x7b, 0x9c, 0xff, 0xc4, 0x84, 0xa5, 0xff,
  0xca, 0x8b, 0xad, 0xff, 0xcf, 0x92, 0xb4, 0xff, 0xd1, 0x95, 0xb8, 0xff,
  0xd6, 0x9c, 0xbd, 0xff, 0xd9, 0xa0, 0xc1, 0xff, 0xdc, 0xa4, 0xc5, 0xff,
  0xdf, 0xa6, 0xc7, 0xff, 0xe0, 0xa9, 0xc9, 0xff, 0xe1, 0xaa, 0xcb, 0xff,
  0xe2, 0xaa, 0xcc, 0xff, 0xe2, 0xab, 0xcc, 0xff, 0xe3, 0xac, 0xcd, 0xff,
  0xe3, 0xad, 0xcd, 0xff, 0xe2, 0xab, 0xcc, 0xff, 0xe0, 0xa9, 0xc9, 0xff,
  0xda, 0xa1, 0xc2, 0xff, 0xcc, 0x8f, 0xb0, 0xff, 0xcb, 0x91, 0xaf, 0xff,
  0xf7, 0xcd, 0xe7, 0xff, 0xf5, 0xc9, 0xe4, 0xff, 0xf2, 0xc5, 0xe2, 0xff,
  0xee, 0xbe, 0xdc, 0xff, 0xea, 0xb8, 0xd7, 0xff, 0xe9, 0xb7, 0xd6, 0xff,
  0xea, 0xb6, 0xd5, 0xff, 0xe9, 0xb5, 0xd5, 0xff, 0xe8, 0xb5, 0xd4, 0xff,
  0xe8, 0xb4, 0xd3, 0xff, 0xe8, 0xb4, 0xd4, 0xff, 0xe9, 0xb5, 0xd4, 0xff,
  0xe9, 0xb6, 0xd4, 0xff, 0xe8, 0xb5, 0xd4, 0xff, 0xe9, 0xb6, 0xd4, 0xff,
  0xe9, 0xb5, 0xd4, 0xff, 0xe8, 0xb5, 0xd4, 0xff, 0xe8, 0xb5, 0xd4, 0xff,
  0xe8, 0xb4, 0xd4, 0xff, 0xe8, 0xb4, 0xd3, 0xff, 0xe8, 0xb3, 0xd3, 0xff,
  0xe8, 0xb4, 0xd4, 0xff, 0xe8, 0xb3, 0xd3, 0xff, 0xe8, 0xb3, 0xd3, 0xff,
  0xe9, 0xb4, 0xd4, 0xff, 0xe8, 0xb4, 0xd4, 0xff, 0xe7, 0xb3, 0xd3, 0xff,
  0xe8, 0xb3, 0xd3, 0xff, 0xe8, 0xb2, 0xd3, 0xff, 0xe7, 0xb2, 0xd2, 0xff,
  0xe7, 0xb1, 0xd2, 0xff, 0xe7, 0xb2, 0xd2, 0xff, 0xe7, 0xb2, 0xd2, 0xff,
  0xe8, 0xb2, 0xd3, 0xff, 0xe9, 0xb3, 0xd3, 0xff, 0xe8, 0xb3, 0xd3, 0xff,
  0xe8, 0xb2, 0xd3, 0xff, 0xe9, 0xb4, 0xd4, 0xff, 0xe9, 0xb4, 0xd4, 0xff,
  0xe9, 0xb5, 0xd5, 0xff, 0xe9, 0xb5, 0xd5, 0xff, 0xea, 0xb6, 0xd6, 0xff,
  0xea, 0xb6, 0xd7, 0xff, 0xeb, 0xb6, 0xd7, 0xff, 0xec, 0xb7, 0xd8, 0xff,
  0xed, 0xb8, 0xd8, 0xff, 0xec, 0xb6, 0xd6, 0xff, 0xed, 0xbb, 0xda, 0xff,
  0xe1, 0x98, 0xbd, 0xff, 0xd3, 0x70, 0x9d, 0xff, 0xce, 0x71, 0x9c, 0xff,
  0xcb, 0x73, 0x9f, 0xff, 0xce, 0x7e, 0xa8, 0xff, 0xcd, 0x80, 0xaa, 0xff,
  0xc8, 0x7e, 0xa7, 0xff, 0xbf, 0x74, 0x9c, 0xff, 0xb2, 0x67, 0x8d, 0xff,
  0xa6, 0x5a, 0x7f, 0xff, 0xa0, 0x54, 0x78, 0xff, 0x98, 0x4e, 0x70, 0xff,
  0x91, 0x49, 0x69, 0xff, 0x89, 0x43, 0x62, 0xff, 0x80, 0x3c, 0x5a, 0xff,
  0x79, 0x39, 0x54, 0xff, 0x73, 0x35, 0x50, 0xff, 0x6b, 0x30, 0x49, 0xff,
  0x61, 0x2a, 0x40, 0xff, 0x57, 0x23, 0x38, 0xff, 0x4d, 0x1e, 0x31, 0xff,
  0x48, 0x1b, 0x2d, 0xff, 0x45, 0x1b, 0x2b, 0xff, 0x50, 0x22, 0x32, 0xff,
  0x58, 0x26, 0x3a, 0xff, 0x82, 0x42, 0x61, 0xff, 0x62, 0x32, 0x47, 0xff,
  0x55, 0x2d, 0x3e, 0xff, 0x5e, 0x32, 0x46, 0xff, 0x63, 0x36, 0x4a, 0xff,
  0x6a, 0x3c, 0x51, 0xff, 0x72, 0x42, 0x59, 0xff, 0x78, 0x46, 0x5e, 0xff,
  0x80, 0x4c, 0x65, 0xff, 0x8a, 0x53, 0x6e, 0xff, 0x92, 0x59, 0x75, 0xff,
  0x9a, 0x5f, 0x7c, 0xff, 0xa4, 0x66, 0x85, 0xff, 0xad, 0x6e, 0x8e, 0xff,
  0xb5, 0x76, 0x97, 0xff, 0xbd, 0x7e, 0xa0, 0xff, 0xc4, 0x85, 0xa6, 0xff,
  0xcb, 0x8e, 0xb0, 0xff, 0xcf, 0x92, 0xb5, 0xff, 0xd3, 0x98, 0xb9, 0xff,
  0xd7, 0x9c, 0xbe, 0xff, 0xda, 0xa1, 0xc2, 0xff, 0xdd, 0xa5, 0xc6, 0xff,
  0xe0, 0xa7, 0xc8, 0xff, 0xe1, 0xa9, 0xca, 0xff, 0xe1, 0xaa, 0xcb, 0xff,
  0xe2, 0xab, 0xcb, 0xff, 0xe2, 0xab, 0xcc, 0xff, 0xe2, 0xac, 0xcc, 0xff,
  0xe3, 0xac, 0xcd, 0xff, 0xe3, 0xac, 0xcc, 0xff, 0xdf, 0xa8, 0xc9, 0xff,
  0xd9, 0x9f, 0xc1, 0xff, 0xcc, 0x8e, 0xb0, 0xff, 0xcb, 0x91, 0xaf, 0xff,
  0xf7, 0xcd, 0xe7, 0xff, 0xf5, 0xc9, 0xe4, 0xff, 0xf2, 0xc6, 0xe2, 0xff,
  0xee, 0xc0, 0xdd, 0xff, 0xea, 0xb9, 0xd7, 0xff, 0xe9, 0xb6, 0xd5, 0xff,
  0xe9, 0xb5, 0xd4, 0xff, 0xe9, 0xb5, 0xd4, 0xff, 0xe9, 0xb5, 0xd4, 0xff,
  0xe8, 0xb4, 0xd3, 0xff, 0xe8, 0xb4, 0xd3, 0xff, 0xe9, 0xb6, 0xd4, 0xff,
  0xea, 0xb6, 0xd5, 0xff, 0xe9, 0xb6, 0xd5, 0xff, 0xe8, 0xb4, 0xd3, 0xff,
  0xe8, 0xb4, 0xd3, 0xff, 0xe7, 0xb3, 0xd3, 0xff, 0xe7, 0xb4, 0xd3, 0xff,
  0xe9, 0xb5, 0xd4, 0xff, 0xe8, 0xb4, 0xd4, 0xff, 0xe8, 0xb3, 0xd3, 0xff,
  0xe8, 0xb4, 0xd4, 0xff, 0xe8, 0xb3, 0xd3, 0xff, 0xe9, 0xb3, 0xd4, 0xff,
  0xe8, 0xb3, 0xd3, 0xff, 0xe8, 0xb3, 0xd3, 0xff, 0xe9, 0xb3, 0xd4, 0xff,
  0xe8, 0xb2, 0xd3, 0xff, 0xe7, 0xb1, 0xd2, 0xff, 0xe7, 0xb2, 0xd2, 0xff,
  0xe6, 0xb1, 0xd2, 0xff, 0xe7, 0xb2, 0xd2, 0xff, 0xe7, 0xb1, 0xd2, 0xff,
  0xe7, 0xb2, 0xd3, 0xff, 0xe8, 0xb3, 0xd3, 0xff, 0xe9, 0xb4, 0xd4, 0xff,
  0xea, 0xb5, 0xd5, 0xff, 0xe9, 0xb4, 0xd4, 0xff, 0xe9, 0xb5, 0xd4, 0xff,
  0xe9, 0xb4, 0xd4, 0xff, 0xe9, 0xb5, 0xd5, 0xff, 0xe9, 0xb5, 0xd5, 0xff,
  0xea, 0xb6, 0xd7, 0xff, 0xeb, 0xb7, 0xd7, 0xff, 0xec, 0xb7, 0xd8, 0xff,
  0xeb, 0xb5, 0xd6, 0xff, 0xed, 0xbc, 0xdb, 0xff, 0xe6, 0xa3, 0xc6, 0xff,
  0xd3, 0x72, 0x9e, 0xff, 0xcf, 0x71, 0x9c, 0xff, 0xcf, 0x76, 0xa0, 0xff,
  0xce, 0x7d, 0xa7, 0xff, 0xce, 0x81, 0xac, 0xff, 0xcb, 0x80, 0xaa, 0xff,
  0xc1, 0x75, 0x9f, 0xff, 0xb4, 0x68, 0x90, 0xff, 0xa8, 0x5b, 0x82, 0xff,
  0x9f, 0x54, 0x78, 0xff, 0x98, 0x4e, 0x71, 0xff, 0x91, 0x48, 0x69, 0xff,
  0x8a, 0x43, 0x62, 0xff, 0x82, 0x3e, 0x5b, 0xff, 0x7c, 0x3a, 0x56, 0xff,
  0x74, 0x35, 0x50, 0xff, 0x6c, 0x30, 0x49, 0xff, 0x64, 0x2c, 0x43, 0xff,
  0x5b, 0x26, 0x3c, 0xff, 0x51, 0x21, 0x33, 0xff, 0x49, 0x1d, 0x2e, 0xff,
  0x43, 0x1a, 0x2a, 0xff, 0x45, 0x1b, 0x2b, 0xff, 0x52, 0x23, 0x34, 0xff,
  0x58, 0x26, 0x38, 0xff, 0x58, 0x2d, 0x3e, 0xff, 0x56, 0x2e, 0x40, 0xff,
  0x5d, 0x32, 0x46, 0xff, 0x62, 0x36, 0x4a, 0xff, 0x6a, 0x3b, 0x50, 0xff,
  0x71, 0x40, 0x57, 0xff, 0x78, 0x46, 0x5d, 0xff, 0x80, 0x4b, 0x65, 0xff,
  0x88, 0x52, 0x6c, 0xff, 0x91, 0x58, 0x74, 0xff, 0x98, 0x5d, 0x7a, 0xff,
  0xa0, 0x64, 0x82, 0xff, 0xa9, 0x6b, 0x8b, 0xff, 0xb2, 0x73, 0x94, 0xff,
  0xb9, 0x7a, 0x9b, 0xff, 0xbf, 0x82, 0xa3, 0xff, 0xc6, 0x88, 0xa9, 0xff,
  0xcb, 0x8e, 0xb0, 0xff, 0xd0, 0x93, 0xb5, 0xff, 0xd4, 0x99, 0xba, 0xff,
  0xd7, 0x9c, 0xbe, 0xff, 0xda, 0xa0, 0xc2, 0xff, 0xde, 0xa4, 0xc6, 0xff,
  0xdf, 0xa7, 0xc8, 0xff, 0xe0, 0xa8, 0xc8, 0xff, 0xe1, 0xaa, 0xcb, 0xff,
  0xe2, 0xac, 0xcc, 0xff, 0xe2, 0xab, 0xcc, 0xff, 0xe2, 0xab, 0xcc, 0xff,
  0xe2, 0xac, 0xcc, 0xff, 0xe2, 0xab, 0xcc, 0xff, 0xe0, 0xa8, 0xc9, 0xff,
  0xda, 0x9f, 0xc1, 0xff, 0xcd, 0x8f, 0xb0, 0xff, 0xcc, 0x92, 0xb0, 0xff,
  0xf8, 0xce, 0xe8, 0xff, 0xf6, 0xca, 0xe5, 0xff, 0xf3, 0xc6, 0xe2, 0xff,
  0xee, 0xbf, 0xdc, 0xff, 0xea, 0xb9, 0xd7, 0xff, 0xe9, 0xb6, 0xd5, 0xff,
  0xe8, 0xb5, 0xd4, 0xff, 0xe9, 0xb5, 0xd4, 0xff, 0xe8, 0xb5, 0xd4, 0xff,
  0xe7, 0xb4, 0xd3, 0xff, 0xe7, 0xb4, 0xd3, 0xff, 0xe8, 0xb5, 0xd4, 0xff,
  0xe9, 0xb5, 0xd5, 0xff, 0xe8, 0xb5, 0xd4, 0xff, 0xe7, 0xb3, 0xd3, 0xff,
  0xe7, 0xb3, 0xd3, 0xff, 0xe7, 0xb3, 0xd3, 0xff, 0xe8, 0xb4, 0xd3, 0xff,
  0xe9, 0xb4, 0xd4, 0xff, 0xe9, 0xb4, 0xd4, 0xff, 0xe8, 0xb4, 0xd3, 0xff,
  0xe8, 0xb3, 0xd3, 0xff, 0xe8, 0xb4, 0xd4, 0xff, 0xe8, 0xb3, 0xd3, 0xff,
  0xe7, 0xb3, 0xd3, 0xff, 0xe9, 0xb4, 0xd4, 0xff, 0xe9, 0xb3, 0xd4, 0xff,
  0xe8, 0xb2, 0xd3, 0xff, 0xe7, 0xb2, 0xd2, 0xff, 0xe7, 0xb2, 0xd2, 0xff,
  0xe7, 0xb2, 0xd2, 0xff, 0xe7, 0xb2, 0xd2, 0xff, 0xe7, 0xb1, 0xd2, 0xff,
  0xe7, 0xb1, 0xd2, 0xff, 0xe7, 0xb2, 0xd3, 0xff, 0xe8, 0xb4, 0xd4, 0xff,
  0xe8, 0xb3, 0xd3, 0xff, 0xe8, 0xb4, 0xd4, 0xff, 0xea, 0xb5, 0xd4, 0xff,
  0xea, 0xb6, 0xd6, 0xff, 0xea, 0xb6, 0xd6, 0xff, 0xea, 0xb5, 0xd5, 0xff,
  0xea, 0xb5, 0xd6, 0xff, 0xec, 0xb7, 0xd8, 0xff, 0xec, 0xb6, 0xd7, 0xff,
  0xec, 0xb9, 0xd9, 0xff, 0xe7, 0xac, 0xcc, 0xff, 0xd5, 0x77, 0xa2, 0xff,
  0xcf, 0x70, 0x9c, 0xff, 0xce, 0x73, 0x9f, 0xff, 0xcf, 0x7c, 0xa6, 0xff,
  0xcf, 0x82, 0xac, 0xff, 0xcc, 0x81, 0xab, 0xff, 0xc4, 0x79, 0xa3, 0xff,
  0xb6, 0x69, 0x92, 0xff, 0xac, 0x5e, 0x85, 0xff, 0xa4, 0x58, 0x7d, 0xff,
  0x9a, 0x50, 0x73, 0xff, 0x92, 0x4a, 0x6b, 0xff, 0x8b, 0x44, 0x64, 0xff,
  0x83, 0x3f, 0x5d, 0xff, 0x7a, 0x39, 0x55, 0xff, 0x77, 0x37, 0x52, 0xff,
  0x70, 0x32, 0x4b, 0xff, 0x66, 0x2c, 0x43, 0xff, 0x5d, 0x28, 0x3d, 0xff,
  0x54, 0x23, 0x36, 0xff, 0x4b, 0x1f, 0x2f, 0xff, 0x44, 0x1b, 0x2a, 0xff,
  0x43, 0x1a, 0x2a, 0xff, 0x4d, 0x1f, 0x31, 0xff, 0x55, 0x24, 0x37, 0xff,
  0x54, 0x25, 0x38, 0xff, 0x55, 0x2d, 0x3e, 0xff, 0x5d, 0x31, 0x45, 0xff,
  0x61, 0x36, 0x4a, 0xff, 0x69, 0x3c, 0x51, 0xff, 0x70, 0x41, 0x57, 0xff,
  0x77, 0x46, 0x5d, 0xff, 0x80, 0x4c, 0x64, 0xff, 0x89, 0x52, 0x6c, 0xff,
  0x8f, 0x57, 0x72, 0xff, 0x97, 0x5d, 0x7a, 0xff, 0xa0, 0x63, 0x82, 0xff,
  0xa6, 0x68, 0x88, 0xff, 0xae, 0x6f, 0x8f, 0xff, 0xb6, 0x76, 0x98, 0xff,
  0xbd, 0x7e, 0x9f, 0xff, 0xc4, 0x85, 0xa7, 0xff, 0xca, 0x8b, 0xad, 0xff,
  0xce, 0x91, 0xb2, 0xff, 0xd1, 0x95, 0xb7, 0xff, 0xd4, 0x9a, 0xbb, 0xff,
  0xd7, 0x9f, 0xc0, 0xff, 0xda, 0xa2, 0xc3, 0xff, 0xdd, 0xa5, 0xc6, 0xff,
  0xde, 0xa7, 0xc8, 0xff, 0xdf, 0xa8, 0xc9, 0xff, 0xe1, 0xaa, 0xca, 0xff,
  0xe2, 0xab, 0xcc, 0xff, 0xe2, 0xab, 0xcc, 0xff, 0xe2, 0xac, 0xcd, 0xff,
  0xe2, 0xac, 0xcc, 0xff, 0xe2, 0xaa, 0xcc, 0xff, 0xe0, 0xa7, 0xc8, 0xff,
  0xda, 0x9f, 0xc1, 0xff, 0xcd, 0x90, 0xb1, 0xff, 0xcc, 0x92, 0xb0, 0xff,
  0xf8, 0xce, 0xe8, 0xff, 0xf6, 0xca, 0xe5, 0xff, 0xf3, 0xc6, 0xe2, 0xff,
  0xed, 0xbe, 0xdb, 0xff, 0xeb, 0xb8, 0xd7, 0xff, 0xe8, 0xb6, 0xd5, 0xff,
  0xe7, 0xb4, 0xd4, 0xff, 0xe7, 0xb4, 0xd3, 0xff, 0xe7, 0xb4, 0xd3, 0xff,
  0xe7, 0xb4, 0xd3, 0xff, 0xe7, 0xb4, 0xd3, 0xff, 0xe9, 0xb5, 0xd4, 0xff,
  0xe8, 0xb4, 0xd4, 0xff, 0xe8, 0xb4, 0xd3, 0xff, 0xe9, 0xb5, 0xd4, 0xff,
  0xe8, 0xb4, 0xd4, 0xff, 0xe8, 0xb3, 0xd3, 0xff, 0xe8, 0xb3, 0xd3, 0xff,
  0xe7, 0xb3, 0xd3, 0xff, 0xe8, 0xb4, 0xd3, 0xff, 0xe7, 0xb3, 0xd3, 0xff,
  0xe7, 0xb3, 0xd3, 0xff, 0xe8, 0xb4, 0xd3, 0xff, 0xe8, 0xb4, 0xd3, 0xff,
  0xe8, 0xb3, 0xd3, 0xff, 0xe9, 0xb3, 0xd3, 0xff, 0xe8, 0xb3, 0xd3, 0xff,
  0xe8, 0xb2, 0xd3, 0xff, 0xe8, 0xb3, 0xd3, 0xff, 0xe8, 0xb4, 0xd3, 0xff,
  0xe8, 0xb3, 0xd4, 0xff, 0xe8, 0xb2, 0xd3, 0xff, 0xe7, 0xb2, 0xd2, 0xff,
  0xe8, 0xb2, 0xd3, 0xff, 0xe8, 0xb2, 0xd4, 0xff, 0xe8, 0xb3, 0xd4, 0xff,
  0xe8, 0xb3, 0xd4, 0xff, 0xe8, 0xb4, 0xd3, 0xff, 0xe9, 0xb5, 0xd4, 0xff,
  0xea, 0xb5, 0xd5, 0xff, 0xeb, 0xb6, 0xd6, 0xff, 0xea, 0xb6, 0xd6, 0xff,
  0xea, 0xb6, 0xd5, 0xff, 0xeb, 0xb6, 0xd7, 0xff, 0xec, 0xb9, 0xd9, 0xff,
  0xea, 0xb2, 0xd2, 0xff, 0xd7, 0x7c, 0xa6, 0xff, 0xcf, 0x70, 0x9c, 0xff,
  0xcf, 0x73, 0x9f, 0xff, 0xd0, 0x7a, 0xa6, 0xff, 0xce, 0x81, 0xab, 0xff,
  0xcc, 0x81, 0xab, 0xff, 0xc5, 0x7b, 0xa6, 0xff, 0xba, 0x6d, 0x97, 0xff,
  0xae, 0x60, 0x88, 0xff, 0xa4, 0x58, 0x7e, 0xff, 0x9b, 0x52, 0x75, 0xff,
  0x94, 0x4c, 0x6d, 0xff, 0x8c, 0x46, 0x66, 0xff, 0x86, 0x41, 0x5f, 0xff,
  0x7f, 0x3c, 0x59, 0xff, 0x76, 0x37, 0x52, 0xff, 0x6e, 0x32, 0x4b, 0xff,
  0x67, 0x2d, 0x44, 0xff, 0x60, 0x29, 0x3e, 0xff, 0x55, 0x23, 0x37, 0xff,
  0x4d, 0x1f, 0x31, 0xff, 0x46, 0x1b, 0x2b, 0xff, 0x42, 0x1a, 0x29, 0xff,
  0x4a, 0x1d, 0x2f, 0xff, 0x53, 0x22, 0x36, 0xff, 0x54, 0x21, 0x35, 0xff,
  0x56, 0x2a, 0x3c, 0xff, 0x5c, 0x32, 0x45, 0xff, 0x62, 0x36, 0x4a, 0xff,
  0x69, 0x3b, 0x50, 0xff, 0x70, 0x41, 0x56, 0xff, 0x77, 0x45, 0x5d, 0xff,
  0x7e, 0x4b, 0x64, 0xff, 0x87, 0x51, 0x6b, 0xff, 0x8e, 0x56, 0x71, 0xff,
  0x96, 0x5c, 0x78, 0xff, 0x9f, 0x62, 0x80, 0xff, 0xa6, 0x68, 0x88, 0xff,
  0xad, 0x6e, 0x8e, 0xff, 0xb3, 0x73, 0x95, 0xff, 0xba, 0x7b, 0x9d, 0xff,
  0xc0, 0x82, 0xa3, 0xff, 0xc7, 0x89, 0xaa, 0xff, 0xcc, 0x8f, 0xb0, 0xff,
  0xd0, 0x93, 0xb5, 0xff, 0xd2, 0x97, 0xb9, 0xff, 0xd5, 0x9b, 0xbd, 0xff,
  0xd8, 0xa0, 0xc0, 0xff, 0xdb, 0xa3, 0xc4, 0xff, 0xdd, 0xa6, 0xc7, 0xff,
  0xdf, 0xa8, 0xc9, 0xff, 0xdf, 0xa8, 0xc9, 0xff, 0xe0, 0xa9, 0xca, 0xff,
  0xe1, 0xab, 0xcc, 0xff, 0xe3, 0xac, 0xcd, 0xff, 0xe2, 0xad, 0xcd, 0xff,
  0xe4, 0xae, 0xce, 0xff, 0xe3, 0xac, 0xcd, 0xff, 0xe0, 0xa7, 0xc9, 0xff,
  0xd9, 0x9e, 0xc0, 0xff, 0xcd, 0x90, 0xb0, 0xff, 0xcc, 0x92, 0xb0, 0xff,
  0xf7, 0xcd, 0xe7, 0xff, 0xf5, 0xca, 0xe5, 0xff, 0xf2, 0xc6, 0xe2, 0xff,
  0xed, 0xbe, 0xdb, 0xff, 0xea, 0xb9, 0xd7, 0xff, 0xe8, 0xb5, 0xd5, 0xff,
  0xe7, 0xb4, 0xd4, 0xff, 0xe7, 0xb4, 0xd3, 0xff, 0xe7, 0xb4, 0xd3, 0xff,
  0xe7, 0xb4, 0xd3, 0xff, 0xe7, 0xb4, 0xd3, 0xff, 0xe8, 0xb4, 0xd4, 0xff,
  0xe8, 0xb4, 0xd4, 0xff, 0xe9, 0xb4, 0xd4, 0xff, 0xe9, 0xb4, 0xd4, 0xff,
  0xe8, 0xb4, 0xd4, 0xff, 0xe8, 0xb3, 0xd3, 0xff, 0xe8, 0xb3, 0xd3, 0xff,
  0xe8, 0xb3, 0xd3, 0xff, 0xe7, 0xb3, 0xd3, 0xff, 0xe7, 0xb3, 0xd3, 0xff,
  0xe7, 0xb3, 0xd3, 0xff, 0xe7, 0xb3, 0xd3, 0xff, 0xe7, 0xb3, 0xd3, 0xff,
  0xe8, 0xb3, 0xd3, 0xff, 0xe8, 0xb2, 0xd3, 0xff, 0xe8, 0xb3, 0xd3, 0xff,
  0xe8, 0xb3, 0xd3, 0xff, 0xe7, 0xb3, 0xd3, 0xff, 0xe9, 0xb3, 0xd4, 0xff,
  0xe9, 0xb4, 0xd4, 0xff, 0xe8, 0xb3, 0xd3, 0xff, 0xe8, 0xb2, 0xd3, 0xff,
  0xe8, 0xb2, 0xd3, 0xff, 0xe8, 0xb3, 0xd4, 0xff, 0xe9, 0xb4, 0xd4, 0xff,
  0xe9, 0xb4, 0xd4, 0xff, 0xe9, 0xb4, 0xd4, 0xff, 0xe9, 0xb5, 0xd5, 0xff,
  0xea, 0xb5, 0xd5, 0xff, 0xeb, 0xb7, 0xd7, 0xff, 0xeb, 0xb7, 0xd7, 0xff,
  0xec, 0xb6, 0xd6, 0xff, 0xec, 0xb7, 0xd8, 0xff, 0xec, 0xb7, 0xd7, 0xff,
  0xdb, 0x84, 0xad, 0xff, 0xd0, 0x6f, 0x9c, 0xff, 0xcf, 0x72, 0x9f, 0xff,
  0xcf, 0x79, 0xa5, 0xff, 0xd0, 0x82, 0xac, 0xff, 0xcc, 0x83, 0xac, 0xff,
  0xc6, 0x7c, 0xa7, 0xff, 0xbc, 0x70, 0x9a, 0xff, 0xb0, 0x64, 0x8c, 0xff,
  0xa7, 0x5a, 0x81, 0xff, 0x9c, 0x51, 0x75, 0xff, 0x95, 0x4c, 0x6e, 0xff,
  0x8f, 0x49, 0x69, 0xff, 0x86, 0x42, 0x60, 0xff, 0x7e, 0x3b, 0x58, 0xff,
  0x78, 0x38, 0x53, 0xff, 0x70, 0x33, 0x4d, 0xff, 0x68, 0x2e, 0x46, 0xff,
  0x5e, 0x28, 0x3d, 0xff, 0x55, 0x24, 0x37, 0xff, 0x4e, 0x20, 0x32, 0xff,
  0x48, 0x1c, 0x2d, 0xff, 0x43, 0x1a, 0x2a, 0xff, 0x46, 0x1c, 0x2d, 0xff,
  0x50, 0x21, 0x34, 0xff, 0x53, 0x21, 0x35, 0xff, 0x54, 0x27, 0x39, 0xff,
  0x5c, 0x31, 0x44, 0xff, 0x62, 0x36, 0x4a, 0xff, 0x69, 0x3b, 0x50, 0xff,
  0x70, 0x40, 0x56, 0xff, 0x77, 0x45, 0x5c, 0xff, 0x7e, 0x4b, 0x64, 0xff,
  0x85, 0x4f, 0x6a, 0xff, 0x8c, 0x55, 0x70, 0xff, 0x94, 0x5b, 0x77, 0xff,
  0x9b, 0x61, 0x7e, 0xff, 0xa3, 0x66, 0x85, 0xff, 0xab, 0x6d, 0x8d, 0xff,
  0xb3, 0x73, 0x95, 0xff, 0xb8, 0x78, 0x9b, 0xff, 0xbe, 0x7f, 0xa1, 0xff,
  0xc4, 0x86, 0xa7, 0xff, 0xca, 0x8c, 0xad, 0xff, 0xce, 0x91, 0xb3, 0xff,
  0xd1, 0x95, 0xb7, 0xff, 0xd4, 0x99, 0xbb, 0xff, 0xd6, 0x9c, 0xbd, 0xff,
  0xd9, 0xa1, 0xc2, 0xff, 0xdc, 0xa4, 0xc4, 0xff, 0xde, 0xa6, 0xc7, 0xff,
  0xe0, 0xa9, 0xc9, 0xff, 0xdf, 0xa9, 0xc9, 0xff, 0xdf, 0xa9, 0xca, 0xff,
  0xe1, 0xab, 0xcb, 0xff, 0xe2, 0xac, 0xcd, 0xff, 0xe3, 0xad, 0xcd, 0xff,
  0xe2, 0xac, 0xcd, 0xff, 0xe2, 0xab, 0xcc, 0xff, 0xdf, 0xa7, 0xc9, 0xff,
  0xd9, 0x9f, 0xc1, 0xff, 0xcc, 0x8f, 0xb0, 0xff, 0xc9, 0x8f, 0xad, 0xff,
  0xf7, 0xcc, 0xe7, 0xff, 0xf4, 0xc9, 0xe4, 0xff, 0xf2, 0xc6, 0xe1, 0xff,
  0xed, 0xbe, 0xdb, 0xff, 0xe9, 0xb7, 0xd6, 0xff, 0xe8, 0xb5, 0xd4, 0xff,
  0xe7, 0xb4, 0xd3, 0xff, 0xe7, 0xb3, 0xd3, 0xff, 0xe7, 0xb4, 0xd3, 0xff,
  0xe7, 0xb5, 0xd3, 0xff, 0xe8, 0xb5, 0xd4, 0xff, 0xe8, 0xb4, 0xd4, 0xff,
  0xe8, 0xb4, 0xd4, 0xff, 0xe8, 0xb4, 0xd4, 0xff, 0xe8, 0xb4, 0xd4, 0xff,
  0xe8, 0xb4, 0xd4, 0xff, 0xe8, 0xb4, 0xd4, 0xff, 0xe8, 0xb4, 0xd5, 0xff,
  0xe8, 0xb4, 0xd4, 0xff, 0xe7, 0xb4, 0xd3, 0xff, 0xe7, 0xb4, 0xd3, 0xff,
  0xe7, 0xb3, 0xd3, 0xff, 0xe6, 0xb2, 0xd2, 0xff, 0xe7, 0xb3, 0xd3, 0xff,
  0xe7, 0xb3, 0xd3, 0xff, 0xe6, 0xb2, 0xd2, 0xff, 0xe7, 0xb2, 0xd3, 0xff,
  0xe7, 0xb3, 0xd3, 0xff, 0xe7, 0xb2, 0xd3, 0xff, 0xe7, 0xb2, 0xd3, 0xff,
  0xe8, 0xb2, 0xd3, 0xff, 0xe8, 0xb3, 0xd3, 0xff, 0xe8, 0xb2, 0xd3, 0xff,
  0xe8, 0xb2, 0xd3, 0xff, 0xe9, 0xb3, 0xd4, 0xff, 0xe9, 0xb4, 0xd4, 0xff,
  0xea, 0xb5, 0xd5, 0xff, 0xea, 0xb5, 0xd5, 0xff, 0xea, 0xb5, 0xd5, 0xff,
  0xea, 0xb6, 0xd6, 0xff, 0xec, 0xb7, 0xd8, 0xff, 0xec, 0xb8, 0xd8, 0xff,
  0xec, 0xb7, 0xd7, 0xff, 0xed, 0xba, 0xda, 0xff, 0xdd, 0x8d, 0xb4, 0xff,
  0xcf, 0x6e, 0x9a, 0xff, 0xce, 0x72, 0x9e, 0xff, 0xcf, 0x78, 0xa4, 0xff,
  0xce, 0x81, 0xab, 0xff, 0xce, 0x85, 0xad, 0xff, 0xc8, 0x80, 0xa8, 0xff,
  0xbe, 0x74, 0x9d, 0xff, 0xb4, 0x67, 0x8f, 0xff, 0xa7, 0x5c, 0x82, 0xff,
  0x9e, 0x53, 0x78, 0xff, 0x93, 0x4b, 0x6d, 0xff, 0x8e, 0x46, 0x66, 0xff,
  0x88, 0x42, 0x62, 0xff, 0x7f, 0x3d, 0x5b, 0xff, 0x77, 0x38, 0x54, 0xff,
  0x72, 0x34, 0x4e, 0xff, 0x6a, 0x2f, 0x48, 0xff, 0x60, 0x29, 0x3f, 0xff,
  0x55, 0x23, 0x37, 0xff, 0x4d, 0x1f, 0x31, 0xff, 0x47, 0x1c, 0x2d, 0xff,
  0x43, 0x1b, 0x2b, 0xff, 0x46, 0x1c, 0x2d, 0xff, 0x4d, 0x20, 0x33, 0xff,
  0x51, 0x21, 0x34, 0xff, 0x52, 0x24, 0x36, 0xff, 0x5a, 0x2f, 0x41, 0xff,
  0x61, 0x34, 0x49, 0xff, 0x68, 0x3b, 0x50, 0xff, 0x6f, 0x40, 0x55, 0xff,
  0x76, 0x45, 0x5c, 0xff, 0x7e, 0x4a, 0x62, 0xff, 0x84, 0x4f, 0x69, 0xff,
  0x8b, 0x54, 0x6f, 0xff, 0x92, 0x5a, 0x76, 0xff, 0x9a, 0x5f, 0x7d, 0xff,
  0xa2, 0x65, 0x83, 0xff, 0xa8, 0x6b, 0x8a, 0xff, 0xb0, 0x72, 0x92, 0xff,
  0xb7, 0x79, 0x9a, 0xff, 0xbc, 0x7e, 0x9f, 0xff, 0xc2, 0x84, 0xa5, 0xff,
  0xc6, 0x88, 0xaa, 0xff, 0xcb, 0x8e, 0xb0, 0xff, 0xd0, 0x93, 0xb5, 0xff,
  0xd3, 0x98, 0xb9, 0xff, 0xd5, 0x9b, 0xbc, 0xff, 0xd8, 0x9e, 0xbf, 0xff,
  0xda, 0xa1, 0xc3, 0xff, 0xdc, 0xa4, 0xc5, 0xff, 0xde, 0xa7, 0xc7, 0xff,
  0xdf, 0xa9, 0xc9, 0xff, 0xe0, 0xa9, 0xca, 0xff, 0xe0, 0xaa, 0xca, 0xff,
  0xe1, 0xac, 0xcb, 0xff, 0xe2, 0xac, 0xcd, 0xff, 0xe1, 0xac, 0xcc, 0xff,
  0xe1, 0xac, 0xcc, 0xff, 0xe1, 0xab, 0xcb, 0xff, 0xdf, 0xa7, 0xc8, 0xff,
  0xda, 0xa0, 0xc2, 0xff, 0xcc, 0x90, 0xb1, 0xff, 0xc9, 0x8e, 0xad, 0xff,
  0xf7, 0xcc, 0xe7, 0xff, 0xf4, 0xc7, 0xe4, 0xff, 0xf1, 0xc4, 0xe0, 0xff,
  0xed, 0xbd, 0xdb, 0xff, 0xea, 0xb7, 0xd6, 0xff, 0xe9, 0xb5, 0xd5, 0xff,
  0xe8, 0xb4, 0xd4, 0xff, 0xe8, 0xb5, 0xd4, 0xff, 0xe8, 0xb5, 0xd4, 0xff,
  0xe8, 0xb4, 0xd3, 0xff, 0xe9, 0xb6, 0xd5, 0xff, 0xe8, 0xb5, 0xd4, 0xff,
  0xe8, 0xb4, 0xd4, 0xff, 0xe7, 0xb4, 0xd3, 0xff, 0xe8, 0xb4, 0xd3, 0xff,
  0xe8, 0xb4, 0xd4, 0xff, 0xe8, 0xb5, 0xd4, 0xff, 0xe8, 0xb5, 0xd5, 0xff,
  0xe8, 0xb4, 0xd4, 0xff, 0xe7, 0xb3, 0xd3, 0xff, 0xe7, 0xb3, 0xd3, 0xff,
  0xe7, 0xb3, 0xd3, 0xff, 0xe7, 0xb2, 0xd3, 0xff, 0xe7, 0xb3, 0xd3, 0xff,
  0xe6, 0xb3, 0xd3, 0xff, 0xe6, 0xb2, 0xd2, 0xff, 0xe7, 0xb2, 0xd2, 0xff,
  0xe7, 0xb2, 0xd2, 0xff, 0xe7, 0xb2, 0xd2, 0xff, 0xe7, 0xb1, 0xd2, 0xff,
  0xe7, 0xb1, 0xd2, 0xff, 0xe8, 0xb1, 0xd2, 0xff, 0xe8, 0xb2, 0xd3, 0xff,
  0xe9, 0xb3, 0xd4, 0xff, 0xe9, 0xb4, 0xd4, 0xff, 0xe8, 0xb4, 0xd4, 0xff,
  0xe9, 0xb4, 0xd5, 0xff, 0xea, 0xb5, 0xd5, 0xff, 0xeb, 0xb6, 0xd6, 0xff,
  0xeb, 0xb6, 0xd6, 0xff, 0xec, 0xb6, 0xd7, 0xff, 0xec, 0xb6, 0xd7, 0xff,
  0xee, 0xbc, 0xdb, 0xff, 0xe1, 0x97, 0xbc, 0xff, 0xd0, 0x70, 0x9c, 0xff,
  0xcd, 0x71, 0x9d, 0xff, 0xce, 0x76, 0xa1, 0xff, 0xcf, 0x80, 0xa9, 0xff,
  0xce, 0x84, 0xad, 0xff, 0xca, 0x80, 0xaa, 0xff, 0xc0, 0x76, 0x9e, 0xff,
  0xb4, 0x69, 0x91, 0xff, 0xaa, 0x5f, 0x85, 0xff, 0x9e, 0x54, 0x78, 0xff,
  0x96, 0x4d, 0x70, 0xff, 0x91, 0x49, 0x6a, 0xff, 0x87, 0x42, 0x61, 0xff,
  0x7f, 0x3d, 0x5a, 0xff, 0x78, 0x39, 0x56, 0xff, 0x72, 0x34, 0x50, 0xff,
  0x6b, 0x30, 0x49, 0xff, 0x61, 0x2a, 0x40, 0xff, 0x57, 0x25, 0x39, 0xff,
  0x4f, 0x20, 0x32, 0xff, 0x47, 0x1c, 0x2d, 0xff, 0x43, 0x1a, 0x2b, 0xff,
  0x43, 0x1b, 0x2b, 0xff, 0x4c, 0x1f, 0x31, 0xff, 0x51, 0x21, 0x36, 0xff,
  0x50, 0x22, 0x35, 0xff, 0x57, 0x2e, 0x40, 0xff, 0x5f, 0x34, 0x47, 0xff,
  0x66, 0x39, 0x4e, 0xff, 0x6d, 0x3f, 0x54, 0xff, 0x74, 0x44, 0x5b, 0xff,
  0x7d, 0x49, 0x61, 0xff, 0x85, 0x4f, 0x68, 0xff, 0x8c, 0x54, 0x6f, 0xff,
  0x93, 0x59, 0x76, 0xff, 0x9a, 0x5f, 0x7d, 0xff, 0xa2, 0x65, 0x83, 0xff,
  0xa9, 0x6b, 0x8b, 0xff, 0xaf, 0x71, 0x91, 0xff, 0xb6, 0x77, 0x98, 0xff,
  0xbd, 0x7f, 0x9f, 0xff, 0xc3, 0x85, 0xa5, 0xff, 0xc7, 0x89, 0xaa, 0xff,
  0xca, 0x8d, 0xae, 0xff, 0xcd, 0x91, 0xb3, 0xff, 0xd2, 0x96, 0xb7, 0xff,
  0xd4, 0x9a, 0xbb, 0xff, 0xd7, 0x9d, 0xbe, 0xff, 0xda, 0xa1, 0xc2, 0xff,
  0xdb, 0xa3, 0xc4, 0xff, 0xdc, 0xa5, 0xc5, 0xff, 0xde, 0xa7, 0xc7, 0xff,
  0xe0, 0xa9, 0xc9, 0xff, 0xe0, 0xa9, 0xca, 0xff, 0xe0, 0xaa, 0xcb, 0xff,
  0xe1, 0xab, 0xcb, 0xff, 0xe2, 0xac, 0xcd, 0xff, 0xe2, 0xac, 0xcc, 0xff,
  0xe2, 0xac, 0xcc, 0xff, 0xe1, 0xab, 0xcb, 0xff, 0xe0, 0xa7, 0xc8, 0xff,
  0xda, 0xa0, 0xc1, 0xff, 0xcc, 0x90, 0xb1, 0xff, 0xc9, 0x8e, 0xad, 0xff,
  0xf8, 0xcd, 0xe7, 0xff, 0xf5, 0xc8, 0xe4, 0xff, 0xf1, 0xc3, 0xe0, 0xff,
  0xed, 0xbe, 0xdb, 0xff, 0xea, 0xb7, 0xd6, 0xff, 0xe8, 0xb4, 0xd4, 0xff,
  0xe8, 0xb4, 0xd4, 0xff, 0xe9, 0xb6, 0xd5, 0xff, 0xe9, 0xb6, 0xd5, 0xff,
  0xe8, 0xb5, 0xd4, 0xff, 0xe8, 0xb5, 0xd3, 0xff, 0xe7, 0xb4, 0xd3, 0xff,
  0xe8, 0xb4, 0xd4, 0xff, 0xe7, 0xb4, 0xd3, 0xff, 0xe7, 0xb3, 0xd2, 0xff,
  0xe7, 0xb3, 0xd3, 0xff, 0xe8, 0xb5, 0xd4, 0xff, 0xe8, 0xb4, 0xd4, 0xff,
  0xe7, 0xb3, 0xd3, 0xff, 0xe7, 0xb2, 0xd2, 0xff, 0xe7, 0xb2, 0xd2, 0xff,
  0xe7, 0xb3, 0xd3, 0xff, 0xe8, 0xb3, 0xd3, 0xff, 0xe7, 0xb3, 0xd3, 0xff,
  0xe7, 0xb3, 0xd3, 0xff, 0xe7, 0xb3, 0xd3, 0xff, 0xe7, 0xb2, 0xd3, 0xff,
  0xe7, 0xb3, 0xd3, 0xff, 0xe8, 0xb2, 0xd3, 0xff, 0xe8, 0xb2, 0xd3, 0xff,
  0xe8, 0xb2, 0xd2, 0xff, 0xe8, 0xb1, 0xd3, 0xff, 0xe9, 0xb2, 0xd3, 0xff,
  0xe9, 0xb3, 0xd4, 0xff, 0xe9, 0xb4, 0xd4, 0xff, 0xe9, 0xb4, 0xd4, 0xff,
  0xe9, 0xb4, 0xd4, 0xff, 0xea, 0xb4, 0xd5, 0xff, 0xeb, 0xb6, 0xd6, 0xff,
  0xeb, 0xb6, 0xd6, 0xff, 0xeb, 0xb5, 0xd6, 0xff, 0xee, 0xbd, 0xdc, 0xff,
  0xe5, 0xa2, 0xc5, 0xff, 0xd1, 0x72, 0x9c, 0xff, 0xce, 0x72, 0x9d, 0xff,
  0xcd, 0x74, 0xa0, 0xff, 0xd1, 0x7f, 0xa9, 0xff, 0xce, 0x83, 0xac, 0xff,
  0xca, 0x81, 0xa9, 0xff, 0xc4, 0x7a, 0xa3, 0xff, 0xb7, 0x6c, 0x94, 0xff,
  0xaa, 0x5d, 0x84, 0xff, 0xa0, 0x55, 0x79, 0xff, 0x97, 0x4e, 0x70, 0xff,
  0x90, 0x48, 0x69, 0xff, 0x86, 0x42, 0x61, 0xff, 0x7f, 0x3d, 0x5b, 0xff,
  0x7b, 0x3a, 0x57, 0xff, 0x72, 0x34, 0x50, 0xff, 0x69, 0x30, 0x49, 0xff,
  0x62, 0x2b, 0x43, 0xff, 0x5a, 0x26, 0x3b, 0xff, 0x51, 0x21, 0x34, 0xff,
  0x49, 0x1d, 0x2e, 0xff, 0x45, 0x1b, 0x2b, 0xff, 0x45, 0x1b, 0x2c, 0xff,
  0x49, 0x1e, 0x31, 0xff, 0x50, 0x21, 0x35, 0xff, 0x50, 0x22, 0x35, 0xff,
  0x55, 0x2c, 0x3e, 0xff, 0x5d, 0x33, 0x46, 0xff, 0x64, 0x38, 0x4d, 0xff,
  0x6c, 0x3e, 0x53, 0xff, 0x74, 0x43, 0x5a, 0xff, 0x7a, 0x48, 0x60, 0xff,
  0x82, 0x4d, 0x66, 0xff, 0x8a, 0x53, 0x6d, 0xff, 0x93, 0x59, 0x75, 0xff,
  0x9c, 0x60, 0x7d, 0xff, 0xa3, 0x65, 0x84, 0xff, 0xa8, 0x6b, 0x8a, 0xff,
  0xb0, 0x72, 0x92, 0xff, 0xb5, 0x77, 0x98, 0xff, 0xbb, 0x7c, 0x9d, 0xff,
  0xc2, 0x83, 0xa3, 0xff, 0xc7, 0x89, 0xaa, 0xff, 0xcb, 0x8d, 0xaf, 0xff,
  0xcd, 0x91, 0xb2, 0xff, 0xcf, 0x94, 0xb5, 0xff, 0xd2, 0x97, 0xb9, 0xff,
  0xd5, 0x9b, 0xbc, 0xff, 0xd8, 0x9e, 0xc0, 0xff, 0xdb, 0xa2, 0xc3, 0xff,
  0xdc, 0xa4, 0xc5, 0xff, 0xdd, 0xa6, 0xc6, 0xff, 0xde, 0xa8, 0xc8, 0xff,
  0xe0, 0xa9, 0xca, 0xff, 0xe1, 0xaa, 0xcb, 0xff, 0xe1, 0xaa, 0xcb, 0xff,
  0xe1, 0xaa, 0xcb, 0xff, 0xe4, 0xad, 0xce, 0xff, 0xe4, 0xad, 0xce, 0xff,
  0xe2, 0xab, 0xcc, 0xff, 0xe1, 0xa9, 0xca, 0xff, 0xdf, 0xa6, 0xc7, 0xff,
  0xd9, 0x9f, 0xc0, 0xff, 0xcc, 0x8f, 0xb1, 0xff, 0xc8, 0x8d, 0xac, 0xff,
  0xf7, 0xcb, 0xe6, 0xff, 0xf4, 0xc8, 0xe4, 0xff, 0xf2, 0xc4, 0xe0, 0xff,
  0xed, 0xbd, 0xda, 0xff, 0xe9, 0xb6, 0xd6, 0xff, 0xe7, 0xb4, 0xd4, 0xff,
  0xe7, 0xb3, 0xd3, 0xff, 0xe8, 0xb4, 0xd3, 0xff, 0xe9, 0xb5, 0xd4, 0xff,
  0xe8, 0xb4, 0xd3, 0xff, 0xe7, 0xb4, 0xd3, 0xff, 0xe7, 0xb4, 0xd3, 0xff,
  0xe8, 0xb3, 0xd3, 0xff, 0xe7, 0xb3, 0xd3, 0xff, 0xe7, 0xb3, 0xd3, 0xff,
  0xe8, 0xb3, 0xd3, 0xff, 0xe9, 0xb4, 0xd4, 0xff, 0xe8, 0xb4, 0xd4, 0xff,
  0xe7, 0xb2, 0xd2, 0xff, 0xe7, 0xb2, 0xd2, 0xff, 0xe7, 0xb2, 0xd2, 0xff,
  0xe7, 0xb2, 0xd3, 0xff, 0xe7, 0xb2, 0xd2, 0xff, 0xe7, 0xb2, 0xd3, 0xff,
  0xe7, 0xb2, 0xd3, 0xff, 0xe7, 0xb3, 0xd3, 0xff, 0xe8, 0xb3, 0xd3, 0xff,
  0xe7, 0xb2, 0xd3, 0xff, 0xe7, 0xb1, 0xd2, 0xff, 0xe9, 0xb3, 0xd3, 0xff,
  0xe9, 0xb3, 0xd4, 0xff, 0xe9, 0xb3, 0xd3, 0xff, 0xea, 0xb4, 0xd4, 0xff,
  0xe9, 0xb3, 0xd4, 0xff, 0xea, 0xb3, 0xd4, 0xff, 0xea, 0xb3, 0xd5, 0xff,
  0xe9, 0xb4, 0xd5, 0xff, 0xea, 0xb5, 0xd6, 0xff, 0xeb, 0xb5, 0xd7, 0xff,
  0xea, 0xb4, 0xd5, 0xff, 0xec, 0xba, 0xd9, 0xff, 0xe8, 0xab, 0xcb, 0xff,
  0xd3, 0x76, 0xa0, 0xff, 0xcd, 0x70, 0x9b, 0xff, 0xcc, 0x75, 0x9f, 0xff,
  0xcd, 0x7d, 0xa6, 0xff, 0xce, 0x84, 0xae, 0xff, 0xcb, 0x84, 0xad, 0xff,
  0xc5, 0x7c, 0xa5, 0xff, 0xb9, 0x6d, 0x96, 0xff, 0xac, 0x5f, 0x86, 0xff,
  0xa4, 0x56, 0x7d, 0xff, 0x9b, 0x4f, 0x73, 0xff, 0x91, 0x48, 0x6a, 0xff,
  0x89, 0x44, 0x62, 0xff, 0x81, 0x3e, 0x5c, 0xff, 0x79, 0x39, 0x56, 0xff,
  0x74, 0x36, 0x52, 0xff, 0x6b, 0x30, 0x49, 0xff, 0x63, 0x2c, 0x43, 0xff,
  0x5c, 0x27, 0x3d, 0xff, 0x51, 0x21, 0x35, 0xff, 0x4a, 0x1e, 0x2f, 0xff,
  0x46, 0x1c, 0x2d, 0xff, 0x44, 0x1b, 0x2c, 0xff, 0x48, 0x1d, 0x30, 0xff,
  0x50, 0x21, 0x35, 0xff, 0x4e, 0x20, 0x33, 0xff, 0x53, 0x29, 0x3b, 0xff,
  0x5b, 0x32, 0x45, 0xff, 0x62, 0x37, 0x4c, 0xff, 0x6a, 0x3d, 0x52, 0xff,
  0x73, 0x43, 0x5a, 0xff, 0x7b, 0x48, 0x61, 0xff, 0x81, 0x4d, 0x66, 0xff,
  0x88, 0x52, 0x6c, 0xff, 0x90, 0x58, 0x73, 0xff, 0x9a, 0x5f, 0x7b, 0xff,
  0xa2, 0x66, 0x83, 0xff, 0xa9, 0x6b, 0x89, 0xff, 0xaf, 0x71, 0x91, 0xff,
  0xb6, 0x77, 0x98, 0xff, 0xbb, 0x7c, 0x9d, 0xff, 0xc0, 0x80, 0xa2, 0xff,
  0xc6, 0x86, 0xa8, 0xff, 0xca, 0x8c, 0xae, 0xff, 0xce, 0x90, 0xb2, 0xff,
  0xd0, 0x94, 0xb6, 0xff, 0xd3, 0x97, 0xb9, 0xff, 0xd5, 0x9a, 0xbc, 0xff,
  0xd6, 0x9d, 0xbf, 0xff, 0xd8, 0x9f, 0xc0, 0xff, 0xda, 0xa2, 0xc3, 0xff,
  0xdc, 0xa5, 0xc5, 0xff, 0xdd, 0xa6, 0xc7, 0xff, 0xdf, 0xa8, 0xc9, 0xff,
  0xe0, 0xaa, 0xca, 0xff, 0xe1, 0xab, 0xcb, 0xff, 0xe1, 0xab, 0xcc, 0xff,
  0xe3, 0xac, 0xcd, 0xff, 0xe4, 0xad, 0xce, 0xff, 0xe3, 0xac, 0xcd, 0xff,
  0xe2, 0xab, 0xcc, 0xff, 0xe0, 0xa9, 0xca, 0xff, 0xdf, 0xa6, 0xc7, 0xff,
  0xd8, 0x9d, 0xbf, 0xff, 0xcc, 0x8f, 0xb1, 0xff, 0xc9, 0x8d, 0xac, 0xff,
  0xf6, 0xca, 0xe5, 0xff, 0xf4, 0xc8, 0xe3, 0xff, 0xf2, 0xc5, 0xe0, 0xff,
  0xed, 0xbe, 0xdb, 0xff, 0xe9, 0xb7, 0xd6, 0xff, 0xe8, 0xb3, 0xd4, 0xff,
  0xe7, 0xb3, 0xd3, 0xff, 0xe8, 0xb3, 0xd3, 0xff, 0xe8, 0xb4, 0xd4, 0xff,
  0xe7, 0xb4, 0xd3, 0xff, 0xe7, 0xb2, 0xd2, 0xff, 0xe7, 0xb3, 0xd3, 0xff,
  0xe7, 0xb3, 0xd3, 0xff, 0xe8, 0xb4, 0xd3, 0xff, 0xe7, 0xb4, 0xd3, 0xff,
  0xe8, 0xb4, 0xd4, 0xff, 0xe8, 0xb4, 0xd4, 0xff, 0xe8, 0xb3, 0xd3, 0xff,
  0xe7, 0xb3, 0xd3, 0xff, 0xe7, 0xb2, 0xd3, 0xff, 0xe8, 0xb2, 0xd3, 0xff,
  0xe7, 0xb2, 0xd3, 0xff, 0xe7, 0xb1, 0xd2, 0xff, 0xe7, 0xb1, 0xd2, 0xff,
  0xe8, 0xb2, 0xd2, 0xff, 0xe7, 0xb3, 0xd2, 0xff, 0xe8, 0xb3, 0xd4, 0xff,
  0xe8, 0xb2, 0xd3, 0xff, 0xe8, 0xb1, 0xd2, 0xff, 0xe9, 0xb4, 0xd4, 0xff,
  0xe9, 0xb3, 0xd4, 0xff, 0xe8, 0xb2, 0xd3, 0xff, 0xe9, 0xb4, 0xd4, 0xff,
  0xe9, 0xb3, 0xd4, 0xff, 0xea, 0xb3, 0xd5, 0xff, 0xe9, 0xb3, 0xd5, 0xff,
  0xe9, 0xb4, 0xd5, 0xff, 0xeb, 0xb5, 0xd6, 0xff, 0xea, 0xb4, 0xd6, 0xff,
  0xeb, 0xb7, 0xd7, 0xff, 0xe9, 0xb1, 0xd1, 0xff, 0xd6, 0x7b, 0xa5, 0xff,
  0xcc, 0x6f, 0x9a, 0xff, 0xcb, 0x72, 0x9d, 0xff, 0xce, 0x7c, 0xa6, 0xff,
  0xce, 0x84, 0xad, 0xff, 0xcb, 0x84, 0xad, 0xff, 0xc4, 0x7c, 0xa6, 0xff,
  0xbc, 0x6f, 0x98, 0xff, 0xb0, 0x62, 0x8a, 0xff, 0xa6, 0x59, 0x7f, 0xff,
  0x9d, 0x51, 0x76, 0xff, 0x94, 0x4a, 0x6d, 0xff, 0x8c, 0x44, 0x65, 0xff,
  0x85, 0x40, 0x5d, 0xff, 0x7e, 0x3d, 0x59, 0xff, 0x75, 0x37, 0x53, 0xff,
  0x6c, 0x31, 0x4b, 0xff, 0x65, 0x2c, 0x44, 0xff, 0x5e, 0x27, 0x3e, 0xff,
  0x53, 0x22, 0x36, 0xff, 0x49, 0x1d, 0x2f, 0xff, 0x45, 0x1b, 0x2c, 0xff,
  0x44, 0x1a, 0x2c, 0xff, 0x45, 0x1c, 0x30, 0xff, 0x4d, 0x20, 0x35, 0xff,
  0x50, 0x20, 0x35, 0xff, 0x52, 0x27, 0x3a, 0xff, 0x5a, 0x31, 0x44, 0xff,
  0x61, 0x35, 0x4a, 0xff, 0x68, 0x3b, 0x51, 0xff, 0x70, 0x41, 0x58, 0xff,
  0x7a, 0x48, 0x60, 0xff, 0x81, 0x4e, 0x67, 0xff, 0x89, 0x53, 0x6d, 0xff,
  0x90, 0x58, 0x73, 0xff, 0x99, 0x5f, 0x7b, 0xff, 0xa1, 0x65, 0x82, 0xff,
  0xa8, 0x6a, 0x89, 0xff, 0xae, 0x70, 0x90, 0xff, 0xb5, 0x77, 0x98, 0xff,
  0xba, 0x7b, 0x9d, 0xff, 0xc0, 0x80, 0xa2, 0xff, 0xc5, 0x86, 0xa8, 0xff,
  0xca, 0x8b, 0xad, 0xff, 0xcd, 0x91, 0xb2, 0xff, 0xd0, 0x94, 0xb5, 0xff,
  0xd2, 0x97, 0xb8, 0xff, 0xd5, 0x99, 0xbb, 0xff, 0xd7, 0x9d, 0xbf, 0xff,
  0xd8, 0x9f, 0xc1, 0xff, 0xd9, 0xa1, 0xc2, 0xff, 0xdb, 0xa3, 0xc5, 0xff,
  0xdd, 0xa6, 0xc7, 0xff, 0xde, 0xa7, 0xc8, 0xff, 0xe0, 0xa9, 0xca, 0xff,
  0xe1, 0xab, 0xcb, 0xff, 0xe1, 0xab, 0xcc, 0xff, 0xe2, 0xab, 0xcc, 0xff,
  0xe3, 0xad, 0xcd, 0xff, 0xe3, 0xac, 0xcd, 0xff, 0xe2, 0xac, 0xcd, 0xff,
  0xe2, 0xab, 0xcc, 0xff, 0xe1, 0xa9, 0xca, 0xff, 0xdf, 0xa6, 0xc7, 0xff,
  0xd8, 0x9e, 0xbf, 0xff, 0xcb, 0x8f, 0xaf, 0xff, 0xc8, 0x8d, 0xab, 0xff,
  0xf6, 0xca, 0xe6, 0xff, 0xf4, 0xc8, 0xe4, 0xff, 0xf1, 0xc4, 0xe0, 0xff,
  0xec, 0xbd, 0xdb, 0xff, 0xe9, 0xb6, 0xd5, 0xff, 0xe8, 0xb3, 0xd3, 0xff,
  0xe7, 0xb4, 0xd3, 0xff, 0xe8, 0xb5, 0xd4, 0xff, 0xe8, 0xb4, 0xd3, 0xff,
  0xe8, 0xb4, 0xd3, 0xff, 0xe7, 0xb3, 0xd3, 0xff, 0xe7, 0xb3, 0xd3, 0xff,
  0xe7, 0xb3, 0xd2, 0xff, 0xe7, 0xb3, 0xd2, 0xff, 0xe7, 0xb3, 0xd2, 0xff,
  0xe8, 0xb3, 0xd3, 0xff, 0xe7, 0xb2, 0xd3, 0xff, 0xe7, 0xb2, 0xd3, 0xff,
  0xe7, 0xb2, 0xd3, 0xff, 0xe8, 0xb2, 0xd3, 0xff, 0xe7, 0xb3, 0xd3, 0xff,
  0xe7, 0xb3, 0xd3, 0xff, 0xe7, 0xb2, 0xd2, 0xff, 0xe7, 0xb2, 0xd2, 0xff,
  0xe7, 0xb2, 0xd2, 0xff, 0xe8, 0xb3, 0xd3, 0xff, 0xe8, 0xb3, 0xd3, 0xff,
  0xe8, 0xb2, 0xd3, 0xff, 0xe9, 0xb3, 0xd4, 0xff, 0xe9, 0xb3, 0xd4, 0xff,
  0xe8, 0xb2, 0xd3, 0xff, 0xe7, 0xb0, 0xd2, 0xff, 0xe6, 0xb1, 0xd2, 0xff,
  0xe9, 0xb2, 0xd3, 0xff, 0xea, 0xb4, 0xd5, 0xff, 0xe9, 0xb3, 0xd5, 0xff,
  0xea, 0xb5, 0xd6, 0xff, 0xea, 0xb4, 0xd6, 0xff, 0xea, 0xb6, 0xd7, 0xff,
  0xeb, 0xb6, 0xd5, 0xff, 0xdb, 0x82, 0xac, 0xff, 0xd0, 0x70, 0x9c, 0xff,
  0xcc, 0x72, 0x9d, 0xff, 0xcd, 0x7a, 0xa5, 0xff, 0xd0, 0x84, 0xae, 0xff,
  0xcd, 0x85, 0xae, 0xff, 0xc7, 0x7f, 0xa9, 0xff, 0xbd, 0x73, 0x9c, 0xff,
  0xb0, 0x63, 0x8b, 0xff, 0xa7, 0x5a, 0x81, 0xff, 0xa1, 0x54, 0x79, 0xff,
  0x95, 0x4c, 0x6e, 0xff, 0x8b, 0x45, 0x65, 0xff, 0x86, 0x41, 0x60, 0xff,
  0x7e, 0x3c, 0x58, 0xff, 0x74, 0x36, 0x51, 0xff, 0x6c, 0x32, 0x4b, 0xff,
  0x67, 0x2d, 0x45, 0xff, 0x5f, 0x28, 0x3f, 0xff, 0x55, 0x23, 0x38, 0xff,
  0x4d, 0x1f, 0x31, 0xff, 0x46, 0x1b, 0x2d, 0xff, 0x42, 0x1a, 0x2b, 0xff,
  0x43, 0x1b, 0x2e, 0xff, 0x4a, 0x1f, 0x35, 0xff, 0x4d, 0x1f, 0x35, 0xff,
  0x4f, 0x24, 0x37, 0xff, 0x59, 0x30, 0x43, 0xff, 0x5f, 0x36, 0x49, 0xff,
  0x67, 0x3b, 0x50, 0xff, 0x70, 0x41, 0x57, 0xff, 0x79, 0x47, 0x5f, 0xff,
  0x80, 0x4d, 0x66, 0xff, 0x88, 0x53, 0x6d, 0xff, 0x8f, 0x58, 0x73, 0xff,
  0x97, 0x5d, 0x7b, 0xff, 0xa1, 0x64, 0x83, 0xff, 0xa8, 0x6a, 0x8a, 0xff,
  0xaf, 0x70, 0x91, 0xff, 0xb5, 0x76, 0x97, 0xff, 0xba, 0x7b, 0x9c, 0xff,
  0xc0, 0x81, 0xa3, 0xff, 0xc4, 0x86, 0xa8, 0xff, 0xc9, 0x8b, 0xad, 0xff,
  0xcd, 0x90, 0xb2, 0xff, 0xd0, 0x94, 0xb6, 0xff, 0xd4, 0x97, 0xb9, 0xff,
  0xd6, 0x9a, 0xbc, 0xff, 0xd8, 0x9d, 0xbf, 0xff, 0xd8, 0x9f, 0xc1, 0xff,
  0xdb, 0xa1, 0xc3, 0xff, 0xdc, 0xa3, 0xc5, 0xff, 0xdd, 0xa5, 0xc7, 0xff,
  0xde, 0xa7, 0xc8, 0xff, 0xdf, 0xa8, 0xc9, 0xff, 0xe0, 0xaa, 0xca, 0xff,
  0xe1, 0xab, 0xcb, 0xff, 0xe1, 0xab, 0xcb, 0xff, 0xe2, 0xac, 0xcc, 0xff,
  0xe3, 0xad, 0xcd, 0xff, 0xe4, 0xae, 0xcf, 0xff, 0xe4, 0xad, 0xce, 0xff,
  0xe3, 0xac, 0xcd, 0xff, 0xe2, 0xab, 0xcc, 0xff, 0xe0, 0xa8, 0xc9, 0xff,
  0xda, 0xa0, 0xc1, 0xff, 0xcd, 0x90, 0xb1, 0xff, 0xca, 0x8e, 0xac, 0xff,
  0xf5, 0xca, 0xe5, 0xff, 0xf4, 0xc8, 0xe4, 0xff, 0xf2, 0xc4, 0xe1, 0xff,
  0xed, 0xbd, 0xda, 0xff, 0xe9, 0xb6, 0xd5, 0xff, 0xe8, 0xb5, 0xd4, 0xff,
  0xe8, 0xb5, 0xd4, 0xff, 0xe8, 0xb5, 0xd4, 0xff, 0xe8, 0xb5, 0xd4, 0xff,
  0xe8, 0xb5, 0xd4, 0xff, 0xe8, 0xb4, 0xd3, 0xff, 0xe7, 0xb3, 0xd3, 0xff,
  0xe7, 0xb3, 0xd2, 0xff, 0xe8, 0xb2, 0xd3, 0xff, 0xe8, 0xb4, 0xd3, 0xff,
  0xe8, 0xb3, 0xd3, 0xff, 0xe7, 0xb2, 0xd3, 0xff, 0xe7, 0xb2, 0xd2, 0xff,
  0xe7, 0xb2, 0xd2, 0xff, 0xe7, 0xb2, 0xd2, 0xff, 0xe7, 0xb2, 0xd3, 0xff,
  0xe7, 0xb3, 0xd3, 0xff, 0xe7, 0xb2, 0xd2, 0xff, 0xe6, 0xb1, 0xd2, 0xff,
  0xe6, 0xb1, 0xd2, 0xff, 0xe8, 0xb2, 0xd3, 0xff, 0xe8, 0xb4, 0xd3, 0xff,
  0xe9, 0xb3, 0xd3, 0xff, 0xe8, 0xb3, 0xd3, 0xff, 0xe8, 0xb2, 0xd3, 0xff,
  0xe7, 0xb1, 0xd2, 0xff, 0xe8, 0xb2, 0xd3, 0xff, 0xe7, 0xb1, 0xd2, 0xff,
  0xe9, 0xb3, 0xd4, 0xff, 0xea, 0xb5, 0xd5, 0xff, 0xe9, 0xb4, 0xd5, 0xff,
  0xea, 0xb4, 0xd5, 0xff, 0xea, 0xb5, 0xd6, 0xff, 0xec, 0xb9, 0xd8, 0xff,
  0xdd, 0x8c, 0xb3, 0xff, 0xd0, 0x6f, 0x9b, 0xff, 0xcd, 0x72, 0x9e, 0xff,
  0xcc, 0x77, 0xa2, 0xff, 0xcf, 0x81, 0xab, 0xff, 0xce, 0x85, 0xaf, 0xff,
  0xc9, 0x82, 0xac, 0xff, 0xc1, 0x76, 0xa0, 0xff, 0xb5, 0x68, 0x91, 0xff,
  0xa9, 0x5c, 0x83, 0xff, 0x9f, 0x53, 0x78, 0xff, 0x97, 0x4c, 0x6f, 0xff,
  0x8d, 0x46, 0x67, 0xff, 0x88, 0x42, 0x61, 0xff, 0x80, 0x3d, 0x5b, 0xff,
  0x76, 0x37, 0x53, 0xff, 0x6f, 0x32, 0x4d, 0xff, 0x67, 0x2e, 0x47, 0xff,
  0x5f, 0x29, 0x40, 0xff, 0x57, 0x25, 0x3a, 0xff, 0x4f, 0x20, 0x33, 0xff,
  0x49, 0x1c, 0x2e, 0xff, 0x43, 0x1a, 0x2c, 0xff, 0x43, 0x1b, 0x2e, 0xff,
  0x48, 0x1e, 0x35, 0xff, 0x4d, 0x1f, 0x37, 0xff, 0x4e, 0x22, 0x35, 0xff,
  0x57, 0x2e, 0x40, 0xff, 0x5e, 0x34, 0x48, 0xff, 0x66, 0x3a, 0x4f, 0xff,
  0x6e, 0x41, 0x57, 0xff, 0x77, 0x47, 0x5e, 0xff, 0x80, 0x4c, 0x66, 0xff,
  0x87, 0x52, 0x6c, 0xff, 0x90, 0x58, 0x74, 0xff, 0x98, 0x5e, 0x7b, 0xff,
  0xa1, 0x65, 0x83, 0xff, 0xa8, 0x6a, 0x8a, 0xff, 0xae, 0x70, 0x91, 0xff,
  0xb5, 0x76, 0x97, 0xff, 0xbb, 0x7b, 0x9e, 0xff, 0xc0, 0x81, 0xa3, 0xff,
  0xc4, 0x86, 0xa8, 0xff, 0xc8, 0x8a, 0xac, 0xff, 0xcc, 0x8e, 0xb1, 0xff,
  0xcf, 0x93, 0xb5, 0xff, 0xd3, 0x97, 0xb9, 0xff, 0xd6, 0x9a, 0xbc, 0xff,
  0xd8, 0x9e, 0xbf, 0xff, 0xd9, 0xa0, 0xc1, 0xff, 0xda, 0xa2, 0xc3, 0xff,
  0xdc, 0xa3, 0xc5, 0xff, 0xdd, 0xa5, 0xc7, 0xff, 0xde, 0xa6, 0xc8, 0xff,
  0xde, 0xa7, 0xc9, 0xff, 0xdf, 0xa9, 0xca, 0xff, 0xe1, 0xab, 0xcb, 0xff,
  0xe2, 0xac, 0xcc, 0xff, 0xe2, 0xac, 0xcc, 0xff, 0xe2, 0xac, 0xcd, 0xff,
  0xe3, 0xad, 0xcd, 0xff, 0xe3, 0xad, 0xce, 0xff, 0xe3, 0xad, 0xcd, 0xff,
  0xe2, 0xab, 0xcc, 0xff, 0xe1, 0xab, 0xcb, 0xff, 0xe0, 0xa8, 0xc9, 0xff,
  0xda, 0x9f, 0xc1, 0xff, 0xcd, 0x8f, 0xb1, 0xff, 0xc8, 0x8d, 0xac, 0xff,
  0xf5, 0xc9, 0xe4, 0xff, 0xf4, 0xc8, 0xe4, 0xff, 0xf2, 0xc4, 0xe1, 0xff,
  0xec, 0xbb, 0xd9, 0xff, 0xe9, 0xb6, 0xd5, 0xff, 0xe8, 0xb5, 0xd4, 0xff,
  0xe8, 0xb4, 0xd3, 0xff, 0xe7, 0xb4, 0xd3, 0xff, 0xe8, 0xb5, 0xd4, 0xff,
  0xe9, 0xb5, 0xd5, 0xff, 0xe8, 0xb3, 0xd3, 0xff, 0xe8, 0xb3, 0xd3, 0xff,
  0xe7, 0xb2, 0xd2, 0xff, 0xe8, 0xb3, 0xd3, 0xff, 0xe8, 0xb3, 0xd3, 0xff,
  0xe6, 0xb1, 0xd2, 0xff, 0xe6, 0xb1, 0xd2, 0xff, 0xe7, 0xb2, 0xd3, 0xff,
  0xe7, 0xb3, 0xd3, 0xff, 0xe7, 0xb2, 0xd2, 0xff, 0xe6, 0xb1, 0xd2, 0xff,
  0xe7, 0xb2, 0xd2, 0xff, 0xe7, 0xb2, 0xd2, 0xff, 0xe6, 0xb1, 0xd2, 0xff,
  0xe6, 0xb0, 0xd1, 0xff, 0xe7, 0xb2, 0xd3, 0xff, 0xe8, 0xb3, 0xd3, 0xff,
  0xe8, 0xb3, 0xd3, 0xff, 0xe8, 0xb3, 0xd3, 0xff, 0xe7, 0xb1, 0xd2, 0xff,
  0xe7, 0xb1, 0xd1, 0xff, 0xe8, 0xb2, 0xd2, 0xff, 0xe8, 0xb2, 0xd3, 0xff,
  0xe7, 0xb2, 0xd3, 0xff, 0xe9, 0xb3, 0xd5, 0xff, 0xea, 0xb4, 0xd5, 0xff,
  0xe9, 0xb3, 0xd4, 0xff, 0xec, 0xbb, 0xd9, 0xff, 0xdf, 0x94, 0xb9, 0xff,
  0xd1, 0x6f, 0x9c, 0xff, 0xce, 0x71, 0x9d, 0xff, 0xcc, 0x76, 0xa1, 0xff,
  0xce, 0x80, 0xaa, 0xff, 0xce, 0x84, 0xaf, 0xff, 0xca, 0x82, 0xac, 0xff,
  0xc3, 0x7a, 0xa4, 0xff, 0xb9, 0x6b, 0x95, 0xff, 0xac, 0x5d, 0x87, 0xff,
  0xa4, 0x56, 0x7d, 0xff, 0x9a, 0x4e, 0x72, 0xff, 0x90, 0x47, 0x69, 0xff,
  0x8a, 0x44, 0x64, 0xff, 0x82, 0x3f, 0x5c, 0xff, 0x79, 0x39, 0x55, 0xff,
  0x71, 0x33, 0x4f, 0xff, 0x6a, 0x2f, 0x48, 0xff, 0x61, 0x2a, 0x41, 0xff,
  0x58, 0x25, 0x3a, 0xff, 0x50, 0x21, 0x34, 0xff, 0x4a, 0x1d, 0x2f, 0xff,
  0x45, 0x1b, 0x2c, 0xff, 0x42, 0x1a, 0x2d, 0xff, 0x46, 0x1d, 0x34, 0xff,
  0x4d, 0x1f, 0x38, 0xff, 0x4c, 0x20, 0x35, 0xff, 0x55, 0x2c, 0x3e, 0xff,
  0x5d, 0x33, 0x47, 0xff, 0x65, 0x39, 0x4e, 0xff, 0x6d, 0x40, 0x55, 0xff,
  0x75, 0x45, 0x5d, 0xff, 0x7d, 0x4a, 0x64, 0xff, 0x85, 0x50, 0x6b, 0xff,
  0x8e, 0x57, 0x72, 0xff, 0x96, 0x5c, 0x79, 0xff, 0x9f, 0x63, 0x81, 0xff,
  0xa7, 0x6a, 0x8a, 0xff, 0xae, 0x70, 0x91, 0xff, 0xb4, 0x75, 0x97, 0xff,
  0xba, 0x7c, 0x9e, 0xff, 0xc0, 0x81, 0xa3, 0xff, 0xc5, 0x86, 0xa9, 0xff,
  0xc9, 0x8a, 0xad, 0xff, 0xcb, 0x8e, 0xb0, 0xff, 0xcf, 0x92, 0xb4, 0xff,
  0xd2, 0x95, 0xb8, 0xff, 0xd4, 0x99, 0xbb, 0xff, 0xd7, 0x9d, 0xbf, 0xff,
  0xd9, 0x9f, 0xc1, 0xff, 0xda, 0xa1, 0xc2, 0xff, 0xdb, 0xa3, 0xc4, 0xff,
  0xdc, 0xa4, 0xc6, 0xff, 0xde, 0xa6, 0xc7, 0xff, 0xdf, 0xa8, 0xc9, 0xff,
  0xe0, 0xa9, 0xca, 0xff, 0xe1, 0xab, 0xcc, 0xff, 0xe2, 0xac, 0xcc, 0xff,
  0xe3, 0xad, 0xcd, 0xff, 0xe3, 0xad, 0xcd, 0xff, 0xe3, 0xad, 0xce, 0xff,
  0xe4, 0xae, 0xce, 0xff, 0xe3, 0xad, 0xce, 0xff, 0xe3, 0xad, 0xcd, 0xff,
  0xe2, 0xac, 0xcd, 0xff, 0xe1, 0xab, 0xcb, 0xff, 0xdf, 0xa7, 0xc8, 0xff,
  0xda, 0x9e, 0xc1, 0xff, 0xcd, 0x8f, 0xb0, 0xff, 0xc7, 0x8c, 0xab, 0xff,
  0xf5, 0xca, 0xe5, 0xff, 0xf4, 0xc9, 0xe4, 0xff, 0xf1, 0xc5, 0xe0, 0xff,
  0xec, 0xbc, 0xda, 0xff, 0xe9, 0xb7, 0xd6, 0xff, 0xe7, 0xb4, 0xd3, 0xff,
  0xe7, 0xb4, 0xd3, 0xff, 0xe7, 0xb4, 0xd3, 0xff, 0xe7, 0xb4, 0xd3, 0xff,
  0xe7, 0xb4, 0xd4, 0xff, 0xe7, 0xb3, 0xd3, 0xff, 0xe7, 0xb2, 0xd3, 0xff,
  0xe7, 0xb2, 0xd2, 0xff, 0xe6, 0xb2, 0xd2, 0xff, 0xe7, 0xb3, 0xd3, 0xff,
  0xe6, 0xb2, 0xd2, 0xff, 0xe6, 0xb1, 0xd2, 0xff, 0xe7, 0xb2, 0xd2, 0xff,
  0xe6, 0xb2, 0xd2, 0xff, 0xe7, 0xb2, 0xd2, 0xff, 0xe6, 0xb1, 0xd1, 0xff,
  0xe8, 0xb2, 0xd3, 0xff, 0xe8, 0xb2, 0xd3, 0xff, 0xe7, 0xb1, 0xd2, 0xff,
  0xe7, 0xb1, 0xd1, 0xff, 0xe7, 0xb2, 0xd3, 0xff, 0xe7, 0xb2, 0xd2, 0xff,
  0xe7, 0xb1, 0xd2, 0xff, 0xe7, 0xb2, 0xd2, 0xff, 0xe6, 0xb1, 0xd1, 0xff,
  0xe6, 0xb0, 0xd1, 0xff, 0xe7, 0xb1, 0xd2, 0xff, 0xe7, 0xb1, 0xd2, 0xff,
  0xe7, 0xb2, 0xd3, 0xff, 0xe7, 0xb2, 0xd3, 0xff, 0xe8, 0xb1, 0xd2, 0xff,
  0xeb, 0xba, 0xd9, 0xff, 0xe2, 0x9d, 0xc1, 0xff, 0xd0, 0x6f, 0x9c, 0xff,
  0xcf, 0x70, 0x9d, 0xff, 0xcd, 0x73, 0xa0, 0xff, 0xcd, 0x7f, 0xa9, 0xff,
  0xcc, 0x83, 0xad, 0xff, 0xc9, 0x82, 0xac, 0xff, 0xc3, 0x79, 0xa3, 0xff,
  0xb8, 0x6c, 0x95, 0xff, 0xb0, 0x62, 0x8b, 0xff, 0xa5, 0x59, 0x7e, 0xff,
  0x9a, 0x4e, 0x72, 0xff, 0x92, 0x47, 0x6a, 0xff, 0x8d, 0x44, 0x66, 0xff,
  0x85, 0x41, 0x5f, 0xff, 0x7c, 0x3b, 0x58, 0xff, 0x74, 0x36, 0x51, 0xff,
  0x6d, 0x31, 0x4a, 0xff, 0x63, 0x2b, 0x42, 0xff, 0x5a, 0x26, 0x3b, 0xff,
  0x52, 0x22, 0x36, 0xff, 0x4b, 0x1d, 0x2f, 0xff, 0x43, 0x1a, 0x2c, 0xff,
  0x41, 0x1a, 0x2c, 0xff, 0x44, 0x1c, 0x32, 0xff, 0x4a, 0x1f, 0x38, 0xff,
  0x4c, 0x1f, 0x35, 0xff, 0x53, 0x2a, 0x3c, 0xff, 0x5c, 0x32, 0x46, 0xff,
  0x64, 0x37, 0x4c, 0xff, 0x6b, 0x3e, 0x53, 0xff, 0x73, 0x44, 0x5b, 0xff,
  0x7a, 0x49, 0x61, 0xff, 0x83, 0x4f, 0x68, 0xff, 0x8c, 0x55, 0x71, 0xff,
  0x94, 0x5c, 0x78, 0xff, 0x9c, 0x62, 0x80, 0xff, 0xa4, 0x68, 0x88, 0xff,
  0xad, 0x6f, 0x90, 0xff, 0xb4, 0x75, 0x97, 0xff, 0xbb, 0x7c, 0x9e, 0xff,
  0xc0, 0x82, 0xa4, 0xff, 0xc5, 0x87, 0xa9, 0xff, 0xc9, 0x8b, 0xad, 0xff,
  0xcd, 0x8f, 0xb2, 0xff, 0xd0, 0x93, 0xb6, 0xff, 0xd3, 0x96, 0xb8, 0xff,
  0xd5, 0x99, 0xbb, 0xff, 0xd6, 0x9c, 0xbe, 0xff, 0xd8, 0x9f, 0xc1, 0xff,
  0xda, 0xa0, 0xc2, 0xff, 0xda, 0xa2, 0xc3, 0xff, 0xdb, 0xa3, 0xc4, 0xff,
  0xdc, 0xa5, 0xc6, 0xff, 0xde, 0xa7, 0xc8, 0xff, 0xe0, 0xa9, 0xca, 0xff,
  0xe2, 0xab, 0xcc, 0xff, 0xe1, 0xab, 0xcc, 0xff, 0xe2, 0xad, 0xcd, 0xff,
  0xe3, 0xad, 0xcd, 0xff, 0xe3, 0xad, 0xce, 0xff, 0xe3, 0xad, 0xcd, 0xff,
  0xe3, 0xae, 0xce, 0xff, 0xe4, 0xad, 0xce, 0xff, 0xe4, 0xad, 0xce, 0xff,
  0xe3, 0xad, 0xce, 0xff, 0xe2, 0xab, 0xcc, 0xff, 0xde, 0xa7, 0xc9, 0xff,
  0xda, 0xa0, 0xc1, 0xff, 0xcc, 0x8f, 0xb0, 0xff, 0xc7, 0x8b, 0xaa, 0xff,
  0xf6, 0xcb, 0xe5, 0xff, 0xf4, 0xc8, 0xe4, 0xff, 0xf1, 0xc4, 0xe0, 0xff,
  0xed, 0xbd, 0xda, 0xff, 0xe9, 0xb7, 0xd6, 0xff, 0xe8, 0xb5, 0xd4, 0xff,
  0xe8, 0xb5, 0xd4, 0xff, 0xe8, 0xb4, 0xd3, 0xff, 0xe6, 0xb2, 0xd1, 0xff,
  0xe6, 0xb2, 0xd2, 0xff, 0xe7, 0xb3, 0xd2, 0xff, 0xe7, 0xb3, 0xd2, 0xff,
  0xe7, 0xb2, 0xd2, 0xff, 0xe6, 0xb2, 0xd2, 0xff, 0xe7, 0xb3, 0xd3, 0xff,
  0xe7, 0xb3, 0xd3, 0xff, 0xe7, 0xb3, 0xd3, 0xff, 0xe7, 0xb2, 0xd2, 0xff,
  0xe7, 0xb3, 0xd2, 0xff, 0xe8, 0xb4, 0xd4, 0xff, 0xe8, 0xb4, 0xd3, 0xff,
  0xe8, 0xb3, 0xd3, 0xff, 0xe8, 0xb3, 0xd3, 0xff, 0xe7, 0xb2, 0xd3, 0xff,
  0xe7, 0xb1, 0xd2, 0xff, 0xe6, 0xb0, 0xd2, 0xff, 0xe6, 0xb0, 0xd1, 0xff,
  0xe7, 0xb1, 0xd2, 0xff, 0xe7, 0xb2, 0xd3, 0xff, 0xe7, 0xb1, 0xd2, 0xff,
  0xe7, 0xb1, 0xd2, 0xff, 0xe7, 0xb1, 0xd2, 0xff, 0xe8, 0xb1, 0xd3, 0xff,
  0xe8, 0xb1, 0xd3, 0xff, 0xe6, 0xaf, 0xd1, 0xff, 0xe9, 0xb5, 0xd5, 0xff,
  0xe5, 0xa4, 0xc7, 0xff, 0xd3, 0x74, 0xa1, 0xff, 0xcf, 0x71, 0x9e, 0xff,
  0xce, 0x74, 0xa0, 0xff, 0xcd, 0x7b, 0xa7, 0xff, 0xcd, 0x82, 0xad, 0xff,
  0xca, 0x81, 0xac, 0xff, 0xc3, 0x79, 0xa4, 0xff, 0xba, 0x6e, 0x97, 0xff,
  0xb1, 0x63, 0x8b, 0xff, 0xa7, 0x5a, 0x80, 0xff, 0x9c, 0x51, 0x75, 0xff,
  0x92, 0x48, 0x6b, 0xff, 0x8c, 0x43, 0x64, 0xff, 0x84, 0x3f, 0x5f, 0xff,
  0x7e, 0x3d, 0x5a, 0xff, 0x76, 0x37, 0x52, 0xff, 0x6e, 0x31, 0x4c, 0xff,
  0x64, 0x2c, 0x43, 0xff, 0x5c, 0x28, 0x3c, 0xff, 0x54, 0x23, 0x37, 0xff,
  0x4c, 0x1f, 0x32, 0xff, 0x45, 0x1b, 0x2d, 0xff, 0x41, 0x19, 0x2c, 0xff,
  0x42, 0x1b, 0x32, 0xff, 0x47, 0x1e, 0x37, 0xff, 0x4b, 0x1e, 0x35, 0xff,
  0x51, 0x28, 0x3a, 0xff, 0x5a, 0x32, 0x45, 0xff, 0x63, 0x38, 0x4c, 0xff,
  0x6b, 0x3d, 0x53, 0xff, 0x72, 0x43, 0x5a, 0xff, 0x7a, 0x49, 0x60, 0xff,
  0x82, 0x4e, 0x67, 0xff, 0x8c, 0x55, 0x6f, 0xff, 0x94, 0x5b, 0x77, 0xff,
  0x9c, 0x62, 0x80, 0xff, 0xa4, 0x68, 0x87, 0xff, 0xab, 0x6e, 0x8e, 0xff,
  0xb3, 0x74, 0x96, 0xff, 0xba, 0x7c, 0x9d, 0xff, 0xc0, 0x82, 0xa4, 0xff,
  0xc6, 0x88, 0xaa, 0xff, 0xca, 0x8d, 0xaf, 0xff, 0xce, 0x91, 0xb3, 0xff,
  0xd1, 0x94, 0xb6, 0xff, 0xd3, 0x96, 0xb9, 0xff, 0xd4, 0x99, 0xbb, 0xff,
  0xd6, 0x9c, 0xbe, 0xff, 0xd8, 0x9f, 0xc0, 0xff, 0xda, 0xa1, 0xc3, 0xff,
  0xda, 0xa2, 0xc3, 0xff, 0xdb, 0xa3, 0xc4, 0xff, 0xdd, 0xa5, 0xc6, 0xff,
  0xdd, 0xa5, 0xc7, 0xff, 0xde, 0xa7, 0xc8, 0xff, 0xe0, 0xa9, 0xca, 0xff,
  0xe1, 0xaa, 0xcb, 0xff, 0xe2, 0xab, 0xcc, 0xff, 0xe2, 0xac, 0xcc, 0xff,
  0xe3, 0xad, 0xcd, 0xff, 0xe3, 0xad, 0xcd, 0xff, 0xe2, 0xad, 0xce, 0xff,
  0xe2, 0xad, 0xcd, 0xff, 0xe3, 0xad, 0xce, 0xff, 0xe3, 0xae, 0xce, 0xff,
  0xe3, 0xad, 0xce, 0xff, 0xe2, 0xab, 0xcc, 0xff, 0xe0, 0xa8, 0xc9, 0xff,
  0xda, 0xa0, 0xc1, 0xff, 0xcc, 0x8f, 0xb0, 0xff, 0xc8, 0x8c, 0xab, 0xff,
  0xf6, 0xca, 0xe5, 0xff, 0xf4, 0xc8, 0xe4, 0xff, 0xf1, 0xc4, 0xe0, 0xff,
  0xec, 0xbc, 0xda, 0xff, 0xe9, 0xb7, 0xd6, 0xff, 0xe9, 0xb5, 0xd4, 0xff,
  0xe8, 0xb4, 0xd4, 0xff, 0xe7, 0xb3, 0xd3, 0xff, 0xe6, 0xb2, 0xd2, 0xff,
  0xe6, 0xb2, 0xd2, 0xff, 0xe6, 0xb3, 0xd3, 0xff, 0xe7, 0xb3, 0xd3, 0xff,
  0xe7, 0xb4, 0xd3, 0xff, 0xe8, 0xb5, 0xd4, 0xff, 0xe7, 0xb4, 0xd3, 0xff,
  0xe7, 0xb3, 0xd3, 0xff, 0xe7, 0xb3, 0xd3, 0xff, 0xe6, 0xb2, 0xd2, 0xff,
  0xe7, 0xb2, 0xd2, 0xff, 0xe7, 0xb4, 0xd3, 0xff, 0xe8, 0xb4, 0xd4, 0xff,
  0xe7, 0xb3, 0xd3, 0xff, 0xe7, 0xb2, 0xd3, 0xff, 0xe7, 0xb2, 0xd2, 0xff,
  0xe7, 0xb1, 0xd2, 0xff, 0xe6, 0xb1, 0xd1, 0xff, 0xe6, 0xb0, 0xd2, 0xff,
  0xe6, 0xb0, 0xd1, 0xff, 0xe6, 0xb0, 0xd1, 0xff, 0xe7, 0xb2, 0xd2, 0xff,
  0xe7, 0xb2, 0xd3, 0xff, 0xe8, 0xb2, 0xd3, 0xff, 0xe8, 0xb2, 0xd3, 0xff,
  0xe8, 0xb1, 0xd2, 0xff, 0xe9, 0xb5, 0xd5, 0xff, 0xe7, 0xab, 0xcc, 0xff,
  0xd5, 0x79, 0xa4, 0xff, 0xce, 0x70, 0x9d, 0xff, 0xce, 0x73, 0xa0, 0xff,
  0xcd, 0x7a, 0xa5, 0xff, 0xce, 0x83, 0xae, 0xff, 0xcc, 0x83, 0xaf, 0xff,
  0xc8, 0x7e, 0xa8, 0xff, 0xbd, 0x70, 0x99, 0xff, 0xb3, 0x64, 0x8c, 0xff,
  0xa9, 0x5c, 0x83, 0xff, 0x9f, 0x54, 0x78, 0xff, 0x95, 0x4b, 0x6e, 0xff,
  0x8d, 0x45, 0x66, 0xff, 0x83, 0x3e, 0x5e, 0xff, 0x7d, 0x3b, 0x58, 0xff,
  0x77, 0x37, 0x53, 0xff, 0x70, 0x33, 0x4d, 0xff, 0x65, 0x2d, 0x45, 0xff,
  0x5d, 0x28, 0x3e, 0xff, 0x54, 0x23, 0x37, 0xff, 0x4d, 0x1f, 0x32, 0xff,
  0x47, 0x1c, 0x2e, 0xff, 0x41, 0x1a, 0x2c, 0xff, 0x41, 0x1a, 0x30, 0xff,
  0x47, 0x1f, 0x39, 0xff, 0x4a, 0x1e, 0x36, 0xff, 0x4e, 0x24, 0x37, 0xff,
  0x59, 0x31, 0x43, 0xff, 0x60, 0x36, 0x4a, 0xff, 0x6a, 0x3d, 0x53, 0xff,
  0x72, 0x43, 0x5a, 0xff, 0x7a, 0x48, 0x61, 0xff, 0x83, 0x4e, 0x68, 0xff,
  0x8a, 0x53, 0x6e, 0xff, 0x93, 0x5a, 0x76, 0xff, 0x9c, 0x62, 0x7f, 0xff,
  0xa4, 0x69, 0x87, 0xff, 0xac, 0x6f, 0x8f, 0xff, 0xb3, 0x75, 0x96, 0xff,
  0xba, 0x7b, 0x9e, 0xff, 0xc0, 0x82, 0xa4, 0xff, 0xc5, 0x87, 0xaa, 0xff,
  0xc9, 0x8b, 0xae, 0xff, 0xcd, 0x90, 0xb2, 0xff, 0xd0, 0x94, 0xb7, 0xff,
  0xd3, 0x97, 0xba, 0xff, 0xd5, 0x99, 0xbc, 0xff, 0xd5, 0x9b, 0xbe, 0xff,
  0xd7, 0x9d, 0xc0, 0xff, 0xd9, 0xa0, 0xc2, 0xff, 0xdb, 0xa2, 0xc4, 0xff,
  0xdc, 0xa4, 0xc5, 0xff, 0xdd, 0xa6, 0xc7, 0xff, 0xde, 0xa6, 0xc7, 0xff,
  0xde, 0xa7, 0xc8, 0xff, 0xdf, 0xa8, 0xca, 0xff, 0xe0, 0xa9, 0xca, 0xff,
  0xe1, 0xa9, 0xcb, 0xff, 0xe2, 0xaa, 0xcc, 0xff, 0xe2, 0xac, 0xcd, 0xff,
  0xe2, 0xac, 0xcd, 0xff, 0xe2, 0xac, 0xcd, 0xff, 0xe3, 0xae, 0xce, 0xff,
  0xe3, 0xae, 0xce, 0xff, 0xe3, 0xad, 0xce, 0xff, 0xe4, 0xae, 0xcf, 0xff,
  0xe4, 0xae, 0xcf, 0xff, 0xe2, 0xac, 0xcd, 0xff, 0xe0, 0xa9, 0xc9, 0xff,
  0xd9, 0x9f, 0xc1, 0xff, 0xcc, 0x8f, 0xb0, 0xff, 0xc8, 0x8c, 0xab, 0xff,
  0xf5, 0xc9, 0xe4, 0xff, 0xf5, 0xc9, 0xe4, 0xff, 0xf2, 0xc5, 0xe1, 0xff,
  0xec, 0xbc, 0xda, 0xff, 0xe8, 0xb5, 0xd5, 0xff, 0xe8, 0xb4, 0xd3, 0xff,
  0xe7, 0xb3, 0xd2, 0xff, 0xe6, 0xb2, 0xd2, 0xff, 0xe7, 0xb4, 0xd3, 0xff,
  0xe7, 0xb4, 0xd3, 0xff, 0xe6, 0xb3, 0xd3, 0xff, 0xe7, 0xb4, 0xd3, 0xff,
  0xe8, 0xb5, 0xd4, 0xff, 0xe9, 0xb5, 0xd4, 0xff, 0xe7, 0xb3, 0xd3, 0xff,
  0xe6, 0xb3, 0xd3, 0xff, 0xe7, 0xb3, 0xd3, 0xff, 0xe6, 0xb2, 0xd2, 0xff,
  0xe7, 0xb2, 0xd2, 0xff, 0xe7, 0xb3, 0xd3, 0xff, 0xe7, 0xb3, 0xd4, 0xff,
  0xe7, 0xb3, 0xd4, 0xff, 0xe7, 0xb2, 0xd2, 0xff, 0xe7, 0xb2, 0xd2, 0xff,
  0xe8, 0xb2, 0xd2, 0xff, 0xe7, 0xb2, 0xd2, 0xff, 0xe6, 0xb1, 0xd1, 0xff,
  0xe6, 0xb0, 0xd1, 0xff, 0xe6, 0xb0, 0xd1, 0xff, 0xe7, 0xb1, 0xd3, 0xff,
  0xe7, 0xb2, 0xd3, 0xff, 0xe8, 0xb2, 0xd3, 0xff, 0xe8, 0xb3, 0xd3, 0xff,
  0xe8, 0xb4, 0xd4, 0xff, 0xe8, 0xb1, 0xd1, 0xff, 0xd9, 0x81, 0xaa, 0xff,
  0xd0, 0x71, 0x9d, 0xff, 0xcd, 0x73, 0x9e, 0xff, 0xcd, 0x78, 0xa4, 0xff,
  0xce, 0x81, 0xad, 0xff, 0xcd, 0x85, 0xb0, 0xff, 0xc8, 0x80, 0xaa, 0xff,
  0xbf, 0x74, 0x9e, 0xff, 0xb6, 0x68, 0x90, 0xff, 0xac, 0x5d, 0x84, 0xff,
  0xa2, 0x55, 0x7a, 0xff, 0x99, 0x4e, 0x71, 0xff, 0x8f, 0x47, 0x68, 0xff,
  0x85, 0x40, 0x5f, 0xff, 0x7d, 0x3b, 0x59, 0xff, 0x76, 0x36, 0x52, 0xff,
  0x6f, 0x32, 0x4c, 0xff, 0x68, 0x2f, 0x47, 0xff, 0x5f, 0x2a, 0x40, 0xff,
  0x55, 0x24, 0x38, 0xff, 0x4c, 0x1e, 0x31, 0xff, 0x46, 0x1c, 0x2e, 0xff,
  0x42, 0x1a, 0x2d, 0xff, 0x41, 0x1a, 0x31, 0xff, 0x44, 0x1d, 0x37, 0xff,
  0x4b, 0x1f, 0x39, 0xff, 0x4e, 0x23, 0x39, 0xff, 0x58, 0x30, 0x42, 0xff,
  0x60, 0x35, 0x4a, 0xff, 0x68, 0x3c, 0x51, 0xff, 0x70, 0x42, 0x58, 0xff,
  0x79, 0x48, 0x60, 0xff, 0x80, 0x4d, 0x66, 0xff, 0x88, 0x52, 0x6e, 0xff,
  0x91, 0x59, 0x75, 0xff, 0x9b, 0x61, 0x7d, 0xff, 0xa4, 0x68, 0x87, 0xff,
  0xac, 0x6f, 0x8f, 0xff, 0xb4, 0x76, 0x97, 0xff, 0xba, 0x7c, 0x9e, 0xff,
  0xbf, 0x81, 0xa3, 0xff, 0xc5, 0x87, 0xaa, 0xff, 0xca, 0x8d, 0xaf, 0xff,
  0xcc, 0x90, 0xb2, 0xff, 0xcf, 0x94, 0xb6, 0xff, 0xd2, 0x97, 0xb9, 0xff,
  0xd5, 0x99, 0xbc, 0xff, 0xd6, 0x9d, 0xbf, 0xff, 0xd8, 0x9f, 0xc1, 0xff,
  0xd9, 0xa0, 0xc2, 0xff, 0xda, 0xa2, 0xc3, 0xff, 0xdc, 0xa4, 0xc5, 0xff,
  0xde, 0xa5, 0xc7, 0xff, 0xdf, 0xa8, 0xc8, 0xff, 0xdf, 0xa8, 0xc9, 0xff,
  0xe0, 0xa9, 0xca, 0xff, 0xe1, 0xaa, 0xcb, 0xff, 0xe1, 0xaa, 0xcb, 0xff,
  0xe0, 0xa9, 0xcb, 0xff, 0xe2, 0xab, 0xcc, 0xff, 0xe3, 0xad, 0xce, 0xff,
  0xe3, 0xad, 0xce, 0xff, 0xe3, 0xae, 0xce, 0xff, 0xe4, 0xaf, 0xcf, 0xff,
  0xe3, 0xae, 0xce, 0xff, 0xe3, 0xae, 0xce, 0xff, 0xe5, 0xaf, 0xcf, 0xff,
  0xe4, 0xae, 0xcf, 0xff, 0xe3, 0xac, 0xcd, 0xff, 0xe0, 0xa8, 0xca, 0xff,
  0xdb, 0xa0, 0xc2, 0xff, 0xcf, 0x91, 0xb2, 0xff, 0xcb, 0x8e, 0xad, 0xff,
  0xf6, 0xca, 0xe5, 0xff, 0xf4, 0xc9, 0xe4, 0xff, 0xf1, 0xc4, 0xe0, 0xff,
  0xec, 0xbc, 0xda, 0xff, 0xe8, 0xb5, 0xd5, 0xff, 0xe7, 0xb4, 0xd3, 0xff,
  0xe6, 0xb3, 0xd2, 0xff, 0xe7, 0xb3, 0xd2, 0xff, 0xe8, 0xb5, 0xd4, 0xff,
  0xe8, 0xb5, 0xd4, 0xff, 0xe7, 0xb3, 0xd3, 0xff, 0xe7, 0xb4, 0xd3, 0xff,
  0xe7, 0xb3, 0xd3, 0xff, 0xe7, 0xb3, 0xd2, 0xff, 0xe7, 0xb3, 0xd3, 0xff,
  0xe6, 0xb1, 0xd1, 0xff, 0xe7, 0xb3, 0xd2, 0xff, 0xe7, 0xb3, 0xd2, 0xff,
  0xe8, 0xb4, 0xd3, 0xff, 0xe8, 0xb4, 0xd4, 0xff, 0xe8, 0xb4, 0xd4, 0xff,
  0xe8, 0xb4, 0xd4, 0xff, 0xe7, 0xb3, 0xd3, 0xff, 0xe7, 0xb3, 0xd3, 0xff,
  0xe7, 0xb3, 0xd3, 0xff, 0xe7, 0xb2, 0xd2, 0xff, 0xe6, 0xb0, 0xd1, 0xff,
  0xe6, 0xb0, 0xd2, 0xff, 0xe7, 0xb0, 0xd1, 0xff, 0xe7, 0xb0, 0xd2, 0xff,
  0xe7, 0xb0, 0xd2, 0xff, 0xe7, 0xb0, 0xd1, 0xff, 0xe7, 0xb1, 0xd2, 0xff,
  0xe9, 0xb4, 0xd4, 0xff, 0xdb, 0x88, 0xb0, 0xff, 0xd0, 0x70, 0x9d, 0xff,
  0xce, 0x73, 0x9f, 0xff, 0xcd, 0x78, 0xa3, 0xff, 0xd0, 0x83, 0xae, 0xff,
  0xd0, 0x85, 0xb0, 0xff, 0xca, 0x81, 0xac, 0xff, 0xc1, 0x78, 0xa0, 0xff,
  0xb6, 0x6a, 0x91, 0xff, 0xad, 0x5f, 0x86, 0xff, 0xa3, 0x55, 0x7b, 0xff,
  0x9b, 0x4e, 0x72, 0xff, 0x92, 0x48, 0x6a, 0xff, 0x87, 0x42, 0x61, 0xff,
  0x81, 0x3e, 0x5b, 0xff, 0x79, 0x38, 0x55, 0xff, 0x6f, 0x32, 0x4c, 0xff,
  0x69, 0x2f, 0x47, 0xff, 0x60, 0x2a, 0x41, 0xff, 0x57, 0x25, 0x3a, 0xff,
  0x4e, 0x20, 0x33, 0xff, 0x45, 0x1b, 0x2d, 0xff, 0x40, 0x19, 0x2c, 0xff,
  0x40, 0x1a, 0x31, 0xff, 0x43, 0x1d, 0x38, 0xff, 0x48, 0x1e, 0x39, 0xff,
  0x4d, 0x21, 0x38, 0xff, 0x57, 0x2e, 0x41, 0xff, 0x5f, 0x35, 0x49, 0xff,
  0x67, 0x3b, 0x51, 0xff, 0x6e, 0x40, 0x57, 0xff, 0x77, 0x47, 0x5f, 0xff,
  0x80, 0x4d, 0x67, 0xff, 0x87, 0x52, 0x6d, 0xff, 0x91, 0x58, 0x76, 0xff,
  0x9a, 0x60, 0x7e, 0xff, 0xa3, 0x67, 0x85, 0xff, 0xab, 0x6d, 0x8e, 0xff,
  0xb3, 0x76, 0x97, 0xff, 0xbb, 0x7c, 0x9e, 0xff, 0xc1, 0x82, 0xa4, 0xff,
  0xc4, 0x86, 0xa9, 0xff, 0xc9, 0x8b, 0xae, 0xff, 0xce, 0x91, 0xb4, 0xff,
  0xd1, 0x96, 0xb8, 0xff, 0xd2, 0x98, 0xba, 0xff, 0xd4, 0x9a, 0xbc, 0xff,
  0xd7, 0x9e, 0xbf, 0xff, 0xd9, 0xa0, 0xc2, 0xff, 0xda, 0xa1, 0xc3, 0xff,
  0xdb, 0xa3, 0xc4, 0xff, 0xdc, 0xa4, 0xc6, 0xff, 0xdd, 0xa5, 0xc7, 0xff,
  0xdf, 0xa7, 0xc8, 0xff, 0xe0, 0xa8, 0xca, 0xff, 0xe1, 0xa9, 0xcb, 0xff,
  0xe2, 0xaa, 0xcc, 0xff, 0xe1, 0xab, 0xcc, 0xff, 0xe1, 0xab, 0xcb, 0xff,
  0xe1, 0xab, 0xcc, 0xff, 0xe1, 0xac, 0xcc, 0xff, 0xe2, 0xad, 0xcd, 0xff,
  0xe4, 0xae, 0xcf, 0xff, 0xe4, 0xaf, 0xcf, 0xff, 0xe4, 0xb0, 0xcf, 0xff,
  0xe3, 0xae, 0xce, 0xff, 0xe3, 0xaf, 0xce, 0xff, 0xe4, 0xaf, 0xcf, 0xff,
  0xe3, 0xad, 0xcd, 0xff, 0xe2, 0xab, 0xcc, 0xff, 0xe1, 0xa9, 0xca, 0xff,
  0xdb, 0xa1, 0xc2, 0xff, 0xce, 0x91, 0xb2, 0xff, 0xca, 0x8f, 0xad, 0xff,
  0xf6, 0xcb, 0xe5, 0xff, 0xf4, 0xc8, 0xe3, 0xff, 0xf1, 0xc5, 0xe0, 0xff,
  0xec, 0xbd, 0xda, 0xff, 0xe7, 0xb4, 0xd4, 0xff, 0xe6, 0xb3, 0xd3, 0xff,
  0xe7, 0xb3, 0xd2, 0xff, 0xe7, 0xb3, 0xd2, 0xff, 0xe8, 0xb5, 0xd3, 0xff,
  0xe7, 0xb5, 0xd3, 0xff, 0xe8, 0xb4, 0xd3, 0xff, 0xe8, 0xb4, 0xd3, 0xff,
  0xe7, 0xb4, 0xd3, 0xff, 0xe8, 0xb4, 0xd3, 0xff, 0xe7, 0xb3, 0xd3, 0xff,
  0xe5, 0xb1, 0xd1, 0xff, 0xe7, 0xb2, 0xd2, 0xff, 0xe9, 0xb6, 0xd5, 0xff,
  0xe9, 0xb4, 0xd4, 0xff, 0xe8, 0xb4, 0xd4, 0xff, 0xe8, 0xb4, 0xd4, 0xff,
  0xe8, 0xb4, 0xd4, 0xff, 0xe7, 0xb3, 0xd3, 0xff, 0xe7, 0xb2, 0xd3, 0xff,
  0xe7, 0xb2, 0xd2, 0xff, 0xe7, 0xb2, 0xd2, 0xff, 0xe6, 0xb1, 0xd1, 0xff,
  0xe6, 0xb0, 0xd1, 0xff, 0xe6, 0xaf, 0xd1, 0xff, 0xe7, 0xb0, 0xd1, 0xff,
  0xe7, 0xb0, 0xd1, 0xff, 0xe6, 0xae, 0xd0, 0xff, 0xe7, 0xb3, 0xd4, 0xff,
  0xdd, 0x8f, 0xb6, 0xff, 0xd1, 0x72, 0x9f, 0xff, 0xce, 0x74, 0xa0, 0xff,
  0xce, 0x77, 0xa2, 0xff, 0xd0, 0x81, 0xab, 0xff, 0xcf, 0x85, 0xb1, 0xff,
  0xcc, 0x82, 0xad, 0xff, 0xc1, 0x77, 0xa0, 0xff, 0xb6, 0x6a, 0x92, 0xff,
  0xad, 0x61, 0x88, 0xff, 0xa3, 0x56, 0x7b, 0xff, 0x9d, 0x51, 0x75, 0xff,
  0x94, 0x4a, 0x6c, 0xff, 0x8b, 0x44, 0x64, 0xff, 0x82, 0x3e, 0x5d, 0xff,
  0x7c, 0x3b, 0x57, 0xff, 0x74, 0x36, 0x51, 0xff, 0x6c, 0x31, 0x4a, 0xff,
  0x62, 0x2b, 0x42, 0xff, 0x5a, 0x26, 0x3c, 0xff, 0x50, 0x21, 0x34, 0xff,
  0x48, 0x1c, 0x2f, 0xff, 0x42, 0x1a, 0x2c, 0xff, 0x3f, 0x19, 0x2e, 0xff,
  0x41, 0x1d, 0x37, 0xff, 0x48, 0x1f, 0x3b, 0xff, 0x4b, 0x1f, 0x38, 0xff,
  0x55, 0x2c, 0x40, 0xff, 0x5d, 0x34, 0x48, 0xff, 0x65, 0x39, 0x50, 0xff,
  0x6e, 0x40, 0x57, 0xff, 0x76, 0x47, 0x5f, 0xff, 0x81, 0x4e, 0x68, 0xff,
  0x89, 0x54, 0x6f, 0xff, 0x91, 0x5a, 0x76, 0xff, 0x9b, 0x61, 0x7f, 0xff,
  0xa4, 0x68, 0x87, 0xff, 0xaa, 0x6e, 0x8e, 0xff, 0xb2, 0x75, 0x96, 0xff,
  0xba, 0x7c, 0x9e, 0xff, 0xc1, 0x83, 0xa5, 0xff, 0xc6, 0x88, 0xaa, 0xff,
  0xca, 0x8d, 0xb0, 0xff, 0xcd, 0x91, 0xb3, 0xff, 0xd1, 0x96, 0xb7, 0xff,
  0xd4, 0x9a, 0xbb, 0xff, 0xd5, 0x9c, 0xbe, 0xff, 0xd7, 0x9e, 0xc0, 0xff,
  0xd9, 0xa1, 0xc2, 0xff, 0xda, 0xa2, 0xc4, 0xff, 0xdb, 0xa4, 0xc5, 0xff,
  0xdd, 0xa6, 0xc7, 0xff, 0xde, 0xa7, 0xc8, 0xff, 0xde, 0xa9, 0xc9, 0xff,
  0xe0, 0xaa, 0xcb, 0xff, 0xe1, 0xaa, 0xcb, 0xff, 0xe1, 0xaa, 0xcb, 0xff,
  0xe2, 0xab, 0xcc, 0xff, 0xe2, 0xac, 0xcd, 0xff, 0xe2, 0xac, 0xcc, 0xff,
  0xe3, 0xac, 0xcd, 0xff, 0xe3, 0xae, 0xcd, 0xff, 0xe3, 0xae, 0xce, 0xff,
  0xe4, 0xae, 0xce, 0xff, 0xe3, 0xae, 0xce, 0xff, 0xe4, 0xaf, 0xcf, 0xff,
  0xe4, 0xaf, 0xcf, 0xff, 0xe4, 0xaf, 0xcf, 0xff, 0xe4, 0xaf, 0xcf, 0xff,
  0xe3, 0xae, 0xce, 0xff, 0xe2, 0xac, 0xcc, 0xff, 0xe0, 0xa9, 0xc9, 0xff,
  0xda, 0x9f, 0xc1, 0xff, 0xce, 0x90, 0xb2, 0xff, 0xcb, 0x8f, 0xad, 0xff,
  0xf6, 0xca, 0xe5, 0xff, 0xf3, 0xc8, 0xe3, 0xff, 0xf1, 0xc5, 0xe0, 0xff,
  0xed, 0xbd, 0xdb, 0xff, 0xe8, 0xb6, 0xd5, 0xff, 0xe7, 0xb4, 0xd3, 0xff,
  0xe7, 0xb4, 0xd3, 0xff, 0xe7, 0xb4, 0xd3, 0xff, 0xe7, 0xb3, 0xd2, 0xff,
  0xe7, 0xb4, 0xd3, 0xff, 0xe8, 0xb4, 0xd4, 0xff, 0xe8, 0xb4, 0xd3, 0xff,
  0xe8, 0xb5, 0xd4, 0xff, 0xe9, 0xb5, 0xd4, 0xff, 0xe6, 0xb3, 0xd2, 0xff,
  0xe5, 0xb1, 0xd1, 0xff, 0xe8, 0xb4, 0xd4, 0xff, 0xe9, 0xb5, 0xd5, 0xff,
  0xe7, 0xb3, 0xd3, 0xff, 0xe8, 0xb4, 0xd4, 0xff, 0xe7, 0xb4, 0xd3, 0xff,
  0xe7, 0xb3, 0xd3, 0xff, 0xe7, 0xb3, 0xd3, 0xff, 0xe7, 0xb3, 0xd3, 0xff,
  0xe8, 0xb2, 0xd3, 0xff, 0xe7, 0xb1, 0xd2, 0xff, 0xe7, 0xb0, 0xd2, 0xff,
  0xe6, 0xb0, 0xd1, 0xff, 0xe6, 0xaf, 0xd1, 0xff, 0xe6, 0xaf, 0xd1, 0xff,
  0xe6, 0xaf, 0xd1, 0xff, 0xe8, 0xb4, 0xd5, 0xff, 0xe1, 0x99, 0xbe, 0xff,
  0xd2, 0x72, 0x9f, 0xff, 0xcf, 0x73, 0x9f, 0xff, 0xce, 0x76, 0xa3, 0xff,
  0xd0, 0x7f, 0xab, 0xff, 0xcf, 0x84, 0xaf, 0xff, 0xcb, 0x82, 0xad, 0xff,
  0xc3, 0x78, 0xa4, 0xff, 0xb8, 0x6c, 0x95, 0xff, 0xaf, 0x62, 0x89, 0xff,
  0xa6, 0x5a, 0x80, 0xff, 0x9d, 0x51, 0x75, 0xff, 0x98, 0x4d, 0x70, 0xff,
  0x8e, 0x46, 0x67, 0xff, 0x84, 0x3f, 0x5f, 0xff, 0x7d, 0x3a, 0x58, 0xff,
  0x74, 0x36, 0x51, 0xff, 0x6d, 0x32, 0x4a, 0xff, 0x64, 0x2c, 0x43, 0xff,
  0x5c, 0x27, 0x3d, 0xff, 0x52, 0x22, 0x36, 0xff, 0x48, 0x1c, 0x2e, 0xff,
  0x43, 0x1a, 0x2c, 0xff, 0x3f, 0x1a, 0x2e, 0xff, 0x3f, 0x1b, 0x35, 0xff,
  0x45, 0x1e, 0x3b, 0xff, 0x4a, 0x1e, 0x39, 0xff, 0x51, 0x2a, 0x3d, 0xff,
  0x5b, 0x33, 0x47, 0xff, 0x64, 0x39, 0x4e, 0xff, 0x6d, 0x3f, 0x56, 0xff,
  0x74, 0x45, 0x5d, 0xff, 0x7f, 0x4d, 0x67, 0xff, 0x88, 0x54, 0x6f, 0xff,
  0x92, 0x5b, 0x77, 0xff, 0x9a, 0x60, 0x7e, 0xff, 0xa2, 0x67, 0x86, 0xff,
  0xab, 0x6f, 0x90, 0xff, 0xb1, 0x75, 0x96, 0xff, 0xb7, 0x7b, 0x9c, 0xff,
  0xbf, 0x82, 0xa4, 0xff, 0xc4, 0x87, 0xaa, 0xff, 0xc9, 0x8d, 0xaf, 0xff,
  0xce, 0x92, 0xb4, 0xff, 0xd0, 0x96, 0xb8, 0xff, 0xd3, 0x98, 0xba, 0xff,
  0xd5, 0x9d, 0xbd, 0xff, 0xd7, 0x9f, 0xc0, 0xff, 0xd9, 0xa1, 0xc3, 0xff,
  0xdb, 0xa3, 0xc4, 0xff, 0xdb, 0xa3, 0xc5, 0xff, 0xdc, 0xa5, 0xc7, 0xff,
  0xdf, 0xa8, 0xc9, 0xff, 0xdf, 0xa9, 0xca, 0xff, 0xdf, 0xa9, 0xca, 0xff,
  0xe0, 0xab, 0xcb, 0xff, 0xe0, 0xaa, 0xcb, 0xff, 0xe2, 0xab, 0xcc, 0xff,
  0xe2, 0xab, 0xcc, 0xff, 0xe2, 0xac, 0xcd, 0xff, 0xe3, 0xad, 0xcd, 0xff,
  0xe4, 0xae, 0xce, 0xff, 0xe4, 0xaf, 0xcf, 0xff, 0xe4, 0xae, 0xcf, 0xff,
  0xe4, 0xae, 0xce, 0xff, 0xe4, 0xae, 0xcf, 0xff, 0xe4, 0xae, 0xcf, 0xff,
  0xe5, 0xaf, 0xcf, 0xff, 0xe5, 0xaf, 0xcf, 0xff, 0xe4, 0xae, 0xce, 0xff,
  0xe3, 0xad, 0xcd, 0xff, 0xe2, 0xab, 0xcc, 0xff, 0xdf, 0xa7, 0xc8, 0xff,
  0xd9, 0x9e, 0xc0, 0xff, 0xcd, 0x90, 0xb2, 0xff, 0xca, 0x8f, 0xae, 0xff,
  0xf6, 0xca, 0xe5, 0xff, 0xf4, 0xc8, 0xe3, 0xff, 0xf1, 0xc4, 0xe0, 0xff,
  0xed, 0xbd, 0xdb, 0xff, 0xe9, 0xb7, 0xd6, 0xff, 0xe8, 0xb5, 0xd4, 0xff,
  0xe7, 0xb3, 0xd3, 0xff, 0xe7, 0xb4, 0xd3, 0xff, 0xe7, 0xb4, 0xd2, 0xff,
  0xe7, 0xb3, 0xd2, 0xff, 0xe7, 0xb3, 0xd2, 0xff, 0xe7, 0xb3, 0xd3, 0xff,
  0xe8, 0xb3, 0xd3, 0xff, 0xe8, 0xb3, 0xd3, 0xff, 0xe6, 0xb1, 0xd1, 0xff,
  0xe6, 0xb2, 0xd2, 0xff, 0xe7, 0xb3, 0xd3, 0xff, 0xe8, 0xb4, 0xd4, 0xff,
  0xe8, 0xb4, 0xd4, 0xff, 0xe7, 0xb3, 0xd3, 0xff, 0xe7, 0xb3, 0xd3, 0xff,
  0xe7, 0xb3, 0xd3, 0xff, 0xe7, 0xb3, 0xd3, 0xff, 0xe8, 0xb3, 0xd3, 0xff,
  0xe8, 0xb3, 0xd3, 0xff, 0xe7, 0xb1, 0xd2, 0xff, 0xe7, 0xb1, 0xd2, 0xff,
  0xe7, 0xb1, 0xd2, 0xff, 0xe6, 0xb0, 0xd1, 0xff, 0xe5, 0xac, 0xcf, 0xff,
  0xe6, 0xb1, 0xd2, 0xff, 0xe3, 0xa0, 0xc4, 0xff, 0xd6, 0x77, 0xa4, 0xff,
  0xd0, 0x73, 0xa0, 0xff, 0xce, 0x74, 0xa1, 0xff, 0xcf, 0x7c, 0xa9, 0xff,
  0xd0, 0x83, 0xaf, 0xff, 0xcb, 0x82, 0xae, 0xff, 0xc4, 0x79, 0xa6, 0xff,
  0xbb, 0x6d, 0x97, 0xff, 0xb0, 0x62, 0x8a, 0xff, 0xa9, 0x5c, 0x81, 0xff,
  0x9e, 0x52, 0x76, 0xff, 0x98, 0x4c, 0x70, 0xff, 0x8f, 0x47, 0x68, 0xff,
  0x87, 0x41, 0x60, 0xff, 0x7f, 0x3b, 0x59, 0xff, 0x77, 0x37, 0x53, 0xff,
  0x6f, 0x32, 0x4d, 0xff, 0x64, 0x2c, 0x44, 0xff, 0x5c, 0x28, 0x3d, 0xff,
  0x55, 0x24, 0x38, 0xff, 0x4c, 0x1e, 0x32, 0xff, 0x43, 0x19, 0x2c, 0xff,
  0x3f, 0x19, 0x2d, 0xff, 0x3e, 0x1a, 0x34, 0xff, 0x42, 0x1d, 0x3b, 0xff,
  0x47, 0x1d, 0x38, 0xff, 0x4f, 0x27, 0x3b, 0xff, 0x5b, 0x33, 0x46, 0xff,
  0x62, 0x38, 0x4e, 0xff, 0x6b, 0x3f, 0x56, 0xff, 0x74, 0x45, 0x5c, 0xff,
  0x7d, 0x4b, 0x64, 0xff, 0x86, 0x51, 0x6d, 0xff, 0x90, 0x5a, 0x76, 0xff,
  0x99, 0x61, 0x7e, 0xff, 0xa0, 0x66, 0x85, 0xff, 0xa8, 0x6c, 0x8d, 0xff,
  0xb1, 0x74, 0x96, 0xff, 0xb8, 0x7b, 0x9d, 0xff, 0xbe, 0x81, 0xa3, 0xff,
  0xc4, 0x88, 0xaa, 0xff, 0xc9, 0x8d, 0xaf, 0xff, 0xcd, 0x91, 0xb4, 0xff,
  0xd0, 0x96, 0xb8, 0xff, 0xd2, 0x99, 0xbb, 0xff, 0xd5, 0x9c, 0xbe, 0xff,
  0xd8, 0x9f, 0xc1, 0xff, 0xd9, 0xa2, 0xc3, 0xff, 0xda, 0xa3, 0xc5, 0xff,
  0xdb, 0xa4, 0xc6, 0xff, 0xdc, 0xa5, 0xc7, 0xff, 0xde, 0xa7, 0xc8, 0xff,
  0xdf, 0xa9, 0xc9, 0xff, 0xdf, 0xa9, 0xca, 0xff, 0xdf, 0xa9, 0xca, 0xff,
  0xe0, 0xaa, 0xcb, 0xff, 0xe0, 0xab, 0xcb, 0xff, 0xe1, 0xac, 0xcc, 0xff,
  0xe1, 0xac, 0xcc, 0xff, 0xe2, 0xac, 0xcd, 0xff, 0xe3, 0xad, 0xce, 0xff,
  0xe4, 0xaf, 0xcf, 0xff, 0xe4, 0xaf, 0xcf, 0xff, 0xe4, 0xaf, 0xcf, 0xff,
  0xe4, 0xae, 0xcf, 0xff, 0xe5, 0xaf, 0xcf, 0xff, 0xe4, 0xae, 0xcf, 0xff,
  0xe4, 0xae, 0xce, 0xff, 0xe4, 0xae, 0xcf, 0xff, 0xe4, 0xae, 0xce, 0xff,
  0xe4, 0xae, 0xce, 0xff, 0xe3, 0xad, 0xcd, 0xff, 0xdf, 0xa8, 0xc9, 0xff,
  0xda, 0x9e, 0xc1, 0xff, 0xcd, 0x8f, 0xb1, 0xff, 0xc8, 0x8d, 0xac, 0xff,
  0xf6, 0xca, 0xe5, 0xff, 0xf4, 0xc8, 0xe4, 0xff, 0xf1, 0xc4, 0xe0, 0xff,
  0xec, 0xbc, 0xda, 0xff, 0xe8, 0xb6, 0xd5, 0xff, 0xe7, 0xb4, 0xd3, 0xff,
  0xe7, 0xb3, 0xd3, 0xff, 0xe8, 0xb3, 0xd3, 0xff, 0xe7, 0xb3, 0xd3, 0xff,
  0xe7, 0xb3, 0xd2, 0xff, 0xe7, 0xb3, 0xd3, 0xff, 0xe7, 0xb3, 0xd2, 0xff,
  0xe7, 0xb3, 0xd3, 0xff, 0xe7, 0xb2, 0xd3, 0xff, 0xe6, 0xb3, 0xd2, 0xff,
  0xe6, 0xb3, 0xd3, 0xff, 0xe7, 0xb3, 0xd3, 0xff, 0xe8, 0xb4, 0xd4, 0xff,
  0xe8, 0xb4, 0xd4, 0xff, 0xe7, 0xb3, 0xd3, 0xff, 0xe8, 0xb4, 0xd4, 0xff,
  0xe8, 0xb4, 0xd4, 0xff, 0xe8, 0xb4, 0xd4, 0xff, 0xe8, 0xb3, 0xd4, 0xff,
  0xe8, 0xb3, 0xd3, 0xff, 0xe8, 0xb2, 0xd3, 0xff, 0xe7, 0xb3, 0xd3, 0xff,
  0xe6, 0xb0, 0xd2, 0xff, 0xe5, 0xae, 0xd0, 0xff, 0xe6, 0xb0, 0xd1, 0xff,
  0xe3, 0xa5, 0xc8, 0xff, 0xd4, 0x78, 0xa4, 0xff, 0xce, 0x71, 0x9f, 0xff,
  0xcd, 0x73, 0xa0, 0xff, 0xce, 0x7b, 0xa8, 0xff, 0xcf, 0x82, 0xae, 0xff,
  0xcd, 0x84, 0xaf, 0xff, 0xc6, 0x7d, 0xa8, 0xff, 0xbc, 0x6f, 0x9a, 0xff,
  0xb2, 0x64, 0x8c, 0xff, 0xa9, 0x5b, 0x82, 0xff, 0xa0, 0x53, 0x78, 0xff,
  0x98, 0x4b, 0x6e, 0xff, 0x90, 0x46, 0x69, 0xff, 0x87, 0x41, 0x61, 0xff,
  0x80, 0x3c, 0x5a, 0xff, 0x78, 0x37, 0x54, 0xff, 0x6e, 0x32, 0x4c, 0xff,
  0x67, 0x2e, 0x46, 0xff, 0x60, 0x29, 0x3f, 0xff, 0x57, 0x24, 0x39, 0xff,
  0x4f, 0x20, 0x34, 0xff, 0x46, 0x1c, 0x2e, 0xff, 0x40, 0x19, 0x2d, 0xff,
  0x3d, 0x19, 0x31, 0xff, 0x40, 0x1c, 0x3a, 0xff, 0x45, 0x1c, 0x38, 0xff,
  0x4b, 0x23, 0x39, 0xff, 0x58, 0x31, 0x44, 0xff, 0x5f, 0x36, 0x4b, 0xff,
  0x68, 0x3d, 0x54, 0xff, 0x72, 0x45, 0x5c, 0xff, 0x7b, 0x4b, 0x64, 0xff,
  0x85, 0x51, 0x6c, 0xff, 0x8e, 0x58, 0x74, 0xff, 0x98, 0x5f, 0x7d, 0xff,
  0xa1, 0x67, 0x86, 0xff, 0xa8, 0x6d, 0x8e, 0xff, 0xaf, 0x73, 0x95, 0xff,
  0xb8, 0x7a, 0x9d, 0xff, 0xbf, 0x81, 0xa5, 0xff, 0xc5, 0x89, 0xac, 0xff,
  0xc9, 0x8d, 0xb0, 0xff, 0xcc, 0x91, 0xb4, 0xff, 0xd0, 0x96, 0xb8, 0xff,
  0xd3, 0x99, 0xbb, 0xff, 0xd5, 0x9c, 0xbf, 0xff, 0xd8, 0xa0, 0xc2, 0xff,
  0xda, 0xa2, 0xc4, 0xff, 0xdb, 0xa4, 0xc5, 0xff, 0xdc, 0xa4, 0xc7, 0xff,
  0xdc, 0xa5, 0xc8, 0xff, 0xdd, 0xa6, 0xc8, 0xff, 0xde, 0xa7, 0xc9, 0xff,
  0xdf, 0xa9, 0xca, 0xff, 0xdf, 0xaa, 0xcb, 0xff, 0xe0, 0xaa, 0xcc, 0xff,
  0xe0, 0xaa, 0xcc, 0xff, 0xe0, 0xaa, 0xcb, 0xff, 0xe0, 0xaa, 0xcb, 0xff,
  0xe2, 0xac, 0xcd, 0xff, 0xe3, 0xad, 0xce, 0xff, 0xe3, 0xae, 0xcf, 0xff,
  0xe3, 0xad, 0xce, 0xff, 0xe3, 0xaf, 0xcf, 0xff, 0xe4, 0xaf, 0xcf, 0xff,
  0xe4, 0xaf, 0xcf, 0xff, 0xe4, 0xaf, 0xcf, 0xff, 0xe4, 0xaf, 0xcf, 0xff,
  0xe5, 0xaf, 0xcf, 0xff, 0xe5, 0xaf, 0xd0, 0xff, 0xe4, 0xae, 0xce, 0xff,
  0xe5, 0xaf, 0xce, 0xff, 0xe5, 0xae, 0xce, 0xff, 0xe1, 0xa9, 0xca, 0xff,
  0xdb, 0x9f, 0xc2, 0xff, 0xcd, 0x90, 0xb1, 0xff, 0xca, 0x8e, 0xad, 0xff,
  0xf6, 0xc9, 0xe5, 0xff, 0xf4, 0xc7, 0xe3, 0xff, 0xf1, 0xc3, 0xdf, 0xff,
  0xec, 0xbc, 0xda, 0xff, 0xe8, 0xb6, 0xd4, 0xff, 0xe7, 0xb3, 0xd2, 0xff,
  0xe7, 0xb3, 0xd3, 0xff, 0xe7, 0xb2, 0xd3, 0xff, 0xe7, 0xb2, 0xd2, 0xff,
  0xe7, 0xb4, 0xd3, 0xff, 0xe6, 0xb2, 0xd2, 0xff, 0xe7, 0xb2, 0xd3, 0xff,
  0xe8, 0xb3, 0xd3, 0xff, 0xe7, 0xb3, 0xd3, 0xff, 0xe7, 0xb3, 0xd3, 0xff,
  0xe7, 0xb3, 0xd3, 0xff, 0xe8, 0xb3, 0xd4, 0xff, 0xe8, 0xb4, 0xd4, 0xff,
  0xe8, 0xb4, 0xd4, 0xff, 0xe8, 0xb4, 0xd4, 0xff, 0xe9, 0xb5, 0xd4, 0xff,
  0xe8, 0xb4, 0xd4, 0xff, 0xe8, 0xb4, 0xd4, 0xff, 0xe8, 0xb3, 0xd4, 0xff,
  0xe8, 0xb3, 0xd4, 0xff, 0xe8, 0xb3, 0xd3, 0xff, 0xe6, 0xb0, 0xd2, 0xff,
  0xe5, 0xaf, 0xd0, 0xff, 0xe5, 0xaf, 0xd1, 0xff, 0xe5, 0xac, 0xce, 0xff,
  0xd7, 0x7d, 0xa9, 0xff, 0xcf, 0x6e, 0x9d, 0xff, 0xcd, 0x71, 0x9f, 0xff,
  0xcd, 0x77, 0xa5, 0xff, 0xcf, 0x81, 0xad, 0xff, 0xce, 0x86, 0xb1, 0xff,
  0xc7, 0x7e, 0xa9, 0xff, 0xbe, 0x72, 0x9d, 0xff, 0xb3, 0x66, 0x8f, 0xff,
  0xac, 0x5e, 0x85, 0xff, 0xa3, 0x54, 0x7a, 0xff, 0x99, 0x4c, 0x70, 0xff,
  0x92, 0x47, 0x6a, 0xff, 0x89, 0x42, 0x63, 0xff, 0x82, 0x3e, 0x5d, 0xff,
  0x79, 0x39, 0x55, 0xff, 0x71, 0x33, 0x4e, 0xff, 0x6a, 0x2e, 0x48, 0xff,
  0x61, 0x29, 0x40, 0xff, 0x57, 0x24, 0x39, 0xff, 0x4e, 0x1f, 0x33, 0xff,
  0x48, 0x1d, 0x30, 0xff, 0x41, 0x1a, 0x2d, 0xff, 0x3d, 0x19, 0x31, 0xff,
  0x40, 0x1c, 0x3a, 0xff, 0x44, 0x1c, 0x39, 0xff, 0x49, 0x20, 0x38, 0xff,
  0x56, 0x2f, 0x42, 0xff, 0x5e, 0x35, 0x4a, 0xff, 0x66, 0x3b, 0x52, 0xff,
  0x6f, 0x42, 0x5a, 0xff, 0x7a, 0x4a, 0x63, 0xff, 0x84, 0x50, 0x6b, 0xff,
  0x8d, 0x57, 0x74, 0xff, 0x96, 0x5e, 0x7c, 0xff, 0x9e, 0x64, 0x84, 0xff,
  0xa8, 0x6c, 0x8d, 0xff, 0xaf, 0x73, 0x95, 0xff, 0xb6, 0x7a, 0x9c, 0xff,
  0xbe, 0x80, 0xa4, 0xff, 0xc5, 0x88, 0xab, 0xff, 0xc9, 0x8c, 0xb0, 0xff,
  0xce, 0x93, 0xb6, 0xff, 0xd1, 0x96, 0xba, 0xff, 0xd3, 0x99, 0xbc, 0xff,
  0xd5, 0x9c, 0xbe, 0xff, 0xd8, 0x9f, 0xc1, 0xff, 0xdb, 0xa2, 0xc4, 0xff,
  0xdb, 0xa4, 0xc6, 0xff, 0xdc, 0xa5, 0xc7, 0xff, 0xdd, 0xa6, 0xc9, 0xff,
  0xde, 0xa7, 0xca, 0xff, 0xde, 0xa8, 0xca, 0xff, 0xdf, 0xa9, 0xcb, 0xff,
  0xdf, 0xa9, 0xcb, 0xff, 0xe0, 0xaa, 0xcc, 0xff, 0xe1, 0xab, 0xcd, 0xff,
  0xe2, 0xac, 0xce, 0xff, 0xe1, 0xac, 0xcd, 0xff, 0xe1, 0xac, 0xcd, 0xff,
  0xe2, 0xad, 0xcd, 0xff, 0xe2, 0xac, 0xcd, 0xff, 0xe3, 0xac, 0xce, 0xff,
  0xe3, 0xad, 0xce, 0xff, 0xe3, 0xae, 0xce, 0xff, 0xe4, 0xae, 0xcf, 0xff,
  0xe4, 0xae, 0xce, 0xff, 0xe3, 0xae, 0xce, 0xff, 0xe4, 0xae, 0xce, 0xff,
  0xe5, 0xaf, 0xcf, 0xff, 0xe4, 0xad, 0xce, 0xff, 0xe4, 0xae, 0xce, 0xff,
  0xe5, 0xaf, 0xcf, 0xff, 0xe4, 0xad, 0xcd, 0xff, 0xe1, 0xa8, 0xc9, 0xff,
  0xdb, 0xa0, 0xc2, 0xff, 0xce, 0x91, 0xb2, 0xff, 0xca, 0x8e, 0xad, 0xff,
  0xf5, 0xc7, 0xe4, 0xff, 0xf3, 0xc6, 0xe2, 0xff, 0xf0, 0xc1, 0xdf, 0xff,
  0xec, 0xbb, 0xd9, 0xff, 0xe8, 0xb6, 0xd4, 0xff, 0xe7, 0xb4, 0xd3, 0xff,
  0xe7, 0xb2, 0xd2, 0xff, 0xe6, 0xb1, 0xd2, 0xff, 0xe7, 0xb3, 0xd3, 0xff,
  0xe7, 0xb4, 0xd3, 0xff, 0xe6, 0xb3, 0xd3, 0xff, 0xe8, 0xb3, 0xd3, 0xff,
  0xe7, 0xb3, 0xd3, 0xff, 0xe7, 0xb3, 0xd3, 0xff, 0xe8, 0xb4, 0xd4, 0xff,
  0xe8, 0xb3, 0xd4, 0xff, 0xe8, 0xb3, 0xd4, 0xff, 0xe8, 0xb4, 0xd3, 0xff,
  0xe8, 0xb4, 0xd4, 0xff, 0xe9, 0xb4, 0xd5, 0xff, 0xe8, 0xb4, 0xd4, 0xff,
  0xe7, 0xb3, 0xd4, 0xff, 0xe7, 0xb2, 0xd3, 0xff, 0xe8, 0xb2, 0xd3, 0xff,
  0xe7, 0xb3, 0xd3, 0xff, 0xe7, 0xb1, 0xd2, 0xff, 0xe6, 0xb0, 0xd1, 0xff,
  0xe6, 0xaf, 0xd0, 0xff, 0xe5, 0xaf, 0xd0, 0xff, 0xdb, 0x88, 0xb0, 0xff,
  0xd0, 0x6f, 0x9c, 0xff, 0xcf, 0x70, 0x9e, 0xff, 0xce, 0x77, 0xa4, 0xff,
  0xce, 0x80, 0xac, 0xff, 0xce, 0x85, 0xb0, 0xff, 0xc7, 0x7e, 0xaa, 0xff,
  0xbe, 0x71, 0x9d, 0xff, 0xb4, 0x66, 0x90, 0xff, 0xad, 0x5e, 0x86, 0xff,
  0xa4, 0x56, 0x7c, 0xff, 0x9b, 0x4e, 0x72, 0xff, 0x93, 0x49, 0x6b, 0xff,
  0x8b, 0x44, 0x65, 0xff, 0x84, 0x3f, 0x5f, 0xff, 0x7c, 0x39, 0x57, 0xff,
  0x73, 0x34, 0x50, 0xff, 0x6b, 0x30, 0x4a, 0xff, 0x63, 0x2a, 0x43, 0xff,
  0x59, 0x24, 0x3a, 0xff, 0x4f, 0x20, 0x34, 0xff, 0x47, 0x1b, 0x2f, 0xff,
  0x43, 0x1a, 0x2d, 0xff, 0x3e, 0x19, 0x30, 0xff, 0x3e, 0x1b, 0x39, 0xff,
  0x44, 0x1d, 0x3c, 0xff, 0x48, 0x1f, 0x38, 0xff, 0x54, 0x2d, 0x41, 0xff,
  0x5d, 0x34, 0x4a, 0xff, 0x65, 0x3a, 0x51, 0xff, 0x6f, 0x41, 0x59, 0xff,
  0x78, 0x48, 0x61, 0xff, 0x81, 0x4f, 0x69, 0xff, 0x8d, 0x56, 0x73, 0xff,
  0x96, 0x5d, 0x7c, 0xff, 0x9f, 0x64, 0x84, 0xff, 0xa7, 0x6b, 0x8c, 0xff,
  0xaf, 0x72, 0x95, 0xff, 0xb7, 0x79, 0x9d, 0xff, 0xbd, 0x80, 0xa3, 0xff,
  0xc3, 0x86, 0xaa, 0xff, 0xc8, 0x8c, 0xaf, 0xff, 0xcc, 0x91, 0xb4, 0xff,
  0xd1, 0x96, 0xba, 0xff, 0xd3, 0x9a, 0xbd, 0xff, 0xd5, 0x9c, 0xbf, 0xff,
  0xd8, 0x9f, 0xc2, 0xff, 0xda, 0xa1, 0xc4, 0xff, 0xdb, 0xa4, 0xc6, 0xff,
  0xdc, 0xa6, 0xc8, 0xff, 0xdc, 0xa7, 0xc9, 0xff, 0xde, 0xa7, 0xca, 0xff,
  0xdf, 0xa9, 0xcb, 0xff, 0xdf, 0xaa, 0xcc, 0xff, 0xe0, 0xab, 0xcd, 0xff,
  0xe1, 0xac, 0xce, 0xff, 0xe1, 0xad, 0xcf, 0xff, 0xe2, 0xad, 0xcf, 0xff,
  0xe2, 0xad, 0xce, 0xff, 0xe2, 0xad, 0xce, 0xff, 0xe2, 0xae, 0xcf, 0xff,
  0xe2, 0xad, 0xce, 0xff, 0xe2, 0xac, 0xce, 0xff, 0xe3, 0xac, 0xce, 0xff,
  0xe3, 0xad, 0xce, 0xff, 0xe3, 0xae, 0xce, 0xff, 0xe3, 0xae, 0xce, 0xff,
  0xe4, 0xae, 0xcf, 0xff, 0xe4, 0xaf, 0xcf, 0xff, 0xe4, 0xaf, 0xce, 0xff,
  0xe4, 0xae, 0xcf, 0xff, 0xe5, 0xaf, 0xcf, 0xff, 0xe6, 0xb0, 0xcf, 0xff,
  0xe5, 0xae, 0xce, 0xff, 0xe3, 0xac, 0xcc, 0xff, 0xe0, 0xa8, 0xc9, 0xff,
  0xdb, 0xa0, 0xc2, 0xff, 0xce, 0x91, 0xb2, 0xff, 0xcb, 0x8e, 0xae, 0xff,
  0xf4, 0xc6, 0xe3, 0xff, 0xf3, 0xc5, 0xe2, 0xff, 0xf1, 0xc2, 0xdf, 0xff,
  0xec, 0xbd, 0xda, 0xff, 0xe9, 0xb6, 0xd5, 0xff, 0xe8, 0xb4, 0xd3, 0xff,
  0xe6, 0xb2, 0xd2, 0xff, 0xe6, 0xb1, 0xd2, 0xff, 0xe7, 0xb2, 0xd2, 0xff,
  0xe8, 0xb3, 0xd3, 0xff, 0xe8, 0xb4, 0xd4, 0xff, 0xe8, 0xb3, 0xd3, 0xff,
  0xe7, 0xb3, 0xd4, 0xff, 0xe7, 0xb3, 0xd3, 0xff, 0xe7, 0xb2, 0xd3, 0xff,
  0xe7, 0xb3, 0xd3, 0xff, 0xe8, 0xb5, 0xd5, 0xff, 0xe8, 0xb4, 0xd5, 0xff,
  0xe9, 0xb5, 0xd5, 0xff, 0xe9, 0xb5, 0xd5, 0xff, 0xe8, 0xb3, 0xd4, 0xff,
  0xe7, 0xb3, 0xd3, 0xff, 0xe7, 0xb2, 0xd3, 0xff, 0xe7, 0xb1, 0xd2, 0xff,
  0xe6, 0xb1, 0xd2, 0xff, 0xe6, 0xb0, 0xd1, 0xff, 0xe5, 0xad, 0xcf, 0xff,
  0xe6, 0xb2, 0xd2, 0xff, 0xdd, 0x93, 0xb9, 0xff, 0xd0, 0x6e, 0x9c, 0xff,
  0xcd, 0x70, 0x9e, 0xff, 0xcd, 0x73, 0xa1, 0xff, 0xcf, 0x7e, 0xaa, 0xff,
  0xcd, 0x82, 0xae, 0xff, 0xca, 0x81, 0xad, 0xff, 0xc0, 0x75, 0xa1, 0xff,
  0xb8, 0x67, 0x92, 0xff, 0xaf, 0x5f, 0x88, 0xff, 0xa5, 0x57, 0x7e, 0xff,
  0x9b, 0x4e, 0x74, 0xff, 0x92, 0x48, 0x6a, 0xff, 0x8b, 0x43, 0x64, 0xff,
  0x84, 0x3f, 0x5e, 0xff, 0x7e, 0x3a, 0x58, 0xff, 0x74, 0x34, 0x50, 0xff,
  0x6e, 0x31, 0x4b, 0xff, 0x67, 0x2d, 0x46, 0xff, 0x5c, 0x26, 0x3d, 0xff,
  0x52, 0x21, 0x35, 0xff, 0x4b, 0x1d, 0x30, 0xff, 0x44, 0x1a, 0x2e, 0xff,
  0x3f, 0x19, 0x2f, 0xff, 0x3d, 0x1a, 0x37, 0xff, 0x42, 0x1d, 0x3d, 0xff,
  0x45, 0x1d, 0x38, 0xff, 0x4f, 0x29, 0x3e, 0xff, 0x5b, 0x33, 0x48, 0xff,
  0x64, 0x39, 0x50, 0xff, 0x6d, 0x40, 0x58, 0xff, 0x75, 0x46, 0x5f, 0xff,
  0x7e, 0x4c, 0x67, 0xff, 0x8a, 0x54, 0x71, 0xff, 0x95, 0x5c, 0x7b, 0xff,
  0x9e, 0x64, 0x84, 0xff, 0xa7, 0x6b, 0x8c, 0xff, 0xaf, 0x73, 0x95, 0xff,
  0xb6, 0x7a, 0x9d, 0xff, 0xbe, 0x81, 0xa4, 0xff, 0xc4, 0x88, 0xab, 0xff,
  0xc9, 0x8d, 0xb1, 0xff, 0xcc, 0x91, 0xb5, 0xff, 0xd0, 0x96, 0xba, 0xff,
  0xd3, 0x9a, 0xbd, 0xff, 0xd5, 0x9d, 0xbf, 0xff, 0xd6, 0xa0, 0xc2, 0xff,
  0xd9, 0xa2, 0xc5, 0xff, 0xda, 0xa3, 0xc6, 0xff, 0xdb, 0xa5, 0xc8, 0xff,
  0xdd, 0xa7, 0xca, 0xff, 0xde, 0xa8, 0xcb, 0xff, 0xdf, 0xaa, 0xcc, 0xff,
  0xe0, 0xab, 0xcd, 0xff, 0xe0, 0xac, 0xcd, 0xff, 0xe0, 0xad, 0xce, 0xff,
  0xe1, 0xaf, 0xcf, 0xff, 0xe1, 0xaf, 0xd0, 0xff, 0xe1, 0xae, 0xd0, 0xff,
  0xe2, 0xae, 0xcf, 0xff, 0xe2, 0xae, 0xcf, 0xff, 0xe2, 0xae, 0xcf, 0xff,
  0xe2, 0xad, 0xcf, 0xff, 0xe2, 0xad, 0xce, 0xff, 0xe3, 0xad, 0xce, 0xff,
  0xe3, 0xad, 0xce, 0xff, 0xe3, 0xae, 0xcf, 0xff, 0xe3, 0xae, 0xce, 0xff,
  0xe4, 0xaf, 0xcf, 0xff, 0xe5, 0xaf, 0xcf, 0xff, 0xe4, 0xaf, 0xcf, 0xff,
  0xe5, 0xaf, 0xcf, 0xff, 0xe5, 0xaf, 0xcf, 0xff, 0xe6, 0xaf, 0xcf, 0xff,
  0xe5, 0xae, 0xcf, 0xff, 0xe3, 0xad, 0xcd, 0xff, 0xe0, 0xa8, 0xc9, 0xff,
  0xda, 0x9f, 0xc1, 0xff, 0xce, 0x90, 0xb3, 0xff, 0xcb, 0x8f, 0xae, 0xff,
  0xf3, 0xc6, 0xe2, 0xff, 0xf3, 0xc5, 0xe1, 0xff, 0xf0, 0xc2, 0xdf, 0xff,
  0xec, 0xbc, 0xd9, 0xff, 0xe9, 0xb7, 0xd5, 0xff, 0xe7, 0xb3, 0xd3, 0xff,
  0xe7, 0xb3, 0xd2, 0xff, 0xe7, 0xb2, 0xd2, 0xff, 0xe7, 0xb2, 0xd2, 0xff,
  0xe8, 0xb4, 0xd4, 0xff, 0xe8, 0xb5, 0xd4, 0xff, 0xe8, 0xb3, 0xd3, 0xff,
  0xe7, 0xb3, 0xd3, 0xff, 0xe7, 0xb3, 0xd3, 0xff, 0xe8, 0xb4, 0xd4, 0xff,
  0xe8, 0xb5, 0xd5, 0xff, 0xe8, 0xb5, 0xd4, 0xff, 0xe9, 0xb5, 0xd4, 0xff,
  0xe8, 0xb4, 0xd4, 0xff, 0xe8, 0xb4, 0xd4, 0xff, 0xe8, 0xb3, 0xd4, 0xff,
  0xe7, 0xb2, 0xd4, 0xff, 0xe7, 0xb2, 0xd3, 0xff, 0xe7, 0xb1, 0xd3, 0xff,
  0xe6, 0xb1, 0xd2, 0xff, 0xe5, 0xb0, 0xd1, 0xff, 0xe5, 0xb1, 0xd2, 0xff,
  0xe1, 0xa2, 0xc5, 0xff, 0xd3, 0x73, 0xa0, 0xff, 0xce, 0x6f, 0x9e, 0xff,
  0xcd, 0x71, 0xa0, 0xff, 0xce, 0x79, 0xa7, 0xff, 0xcf, 0x81, 0xad, 0xff,
  0xcb, 0x80, 0xad, 0xff, 0xc4, 0x79, 0xa5, 0xff, 0xb9, 0x6d, 0x97, 0xff,
  0xb0, 0x60, 0x89, 0xff, 0xa7, 0x59, 0x80, 0xff, 0x9d, 0x50, 0x75, 0xff,
  0x95, 0x4a, 0x6d, 0xff, 0x8c, 0x44, 0x65, 0xff, 0x86, 0x3f, 0x5f, 0xff,
  0x7e, 0x3a, 0x59, 0xff, 0x78, 0x35, 0x52, 0xff, 0x6e, 0x31, 0x4b, 0xff,
  0x67, 0x2d, 0x46, 0xff, 0x5e, 0x29, 0x40, 0xff, 0x55, 0x22, 0x38, 0xff,
  0x4d, 0x1e, 0x32, 0xff, 0x45, 0x1a, 0x2e, 0xff, 0x40, 0x19, 0x2f, 0xff,
  0x3d, 0x1a, 0x36, 0xff, 0x40, 0x1c, 0x3c, 0xff, 0x45, 0x1c, 0x3a, 0xff,
  0x4e, 0x27, 0x3d, 0xff, 0x5a, 0x31, 0x46, 0xff, 0x62, 0x38, 0x4e, 0xff,
  0x6c, 0x3f, 0x58, 0xff, 0x76, 0x46, 0x60, 0xff, 0x7e, 0x4c, 0x67, 0xff,
  0x87, 0x53, 0x70, 0xff, 0x93, 0x5b, 0x7a, 0xff, 0x9d, 0x64, 0x83, 0xff,
  0xa7, 0x6c, 0x8d, 0xff, 0xaf, 0x73, 0x95, 0xff, 0xb7, 0x7a, 0x9d, 0xff,
  0xbd, 0x81, 0xa5, 0xff, 0xc3, 0x87, 0xab, 0xff, 0xc8, 0x8d, 0xb1, 0xff,
  0xcc, 0x91, 0xb5, 0xff, 0xcf, 0x96, 0xb9, 0xff, 0xd3, 0x9a, 0xbe, 0xff,
  0xd5, 0x9e, 0xc0, 0xff, 0xd7, 0xa0, 0xc3, 0xff, 0xd8, 0xa1, 0xc5, 0xff,
  0xda, 0xa4, 0xc7, 0xff, 0xda, 0xa5, 0xc8, 0xff, 0xdc, 0xa8, 0xcb, 0xff,
  0xdc, 0xaa, 0xcd, 0xff, 0xdd, 0xab, 0xce, 0xff, 0xde, 0xac, 0xcf, 0xff,
  0xdf, 0xad, 0xcf, 0xff, 0xdf, 0xaf, 0xd0, 0xff, 0xe0, 0xaf, 0xd2, 0xff,
  0xdf, 0xb0, 0xd1, 0xff, 0xe0, 0xaf, 0xd1, 0xff, 0xe1, 0xaf, 0xd0, 0xff,
  0xe1, 0xaf, 0xd0, 0xff, 0xe2, 0xaf, 0xd0, 0xff, 0xe2, 0xaf, 0xd0, 0xff,
  0xe3, 0xaf, 0xd0, 0xff, 0xe1, 0xad, 0xce, 0xff, 0xe1, 0xad, 0xcd, 0xff,
  0xe2, 0xae, 0xce, 0xff, 0xe3, 0xaf, 0xcf, 0xff, 0xe3, 0xae, 0xce, 0xff,
  0xe4, 0xae, 0xcf, 0xff, 0xe4, 0xaf, 0xcf, 0xff, 0xe4, 0xaf, 0xce, 0xff,
  0xe4, 0xae, 0xce, 0xff, 0xe4, 0xae, 0xce, 0xff, 0xe5, 0xaf, 0xcf, 0xff,
  0xe6, 0xaf, 0xd0, 0xff, 0xe4, 0xac, 0xcd, 0xff, 0xe0, 0xa8, 0xc8, 0xff,
  0xda, 0x9e, 0xc0, 0xff, 0xce, 0x90, 0xb2, 0xff, 0xcb, 0x8f, 0xae, 0xff,
  0xf3, 0xc5, 0xe2, 0xff, 0xf3, 0xc5, 0xe2, 0xff, 0xf0, 0xc2, 0xdf, 0xff,
  0xec, 0xbb, 0xd9, 0xff, 0xe9, 0xb6, 0xd5, 0xff, 0xe7, 0xb4, 0xd3, 0xff,
  0xe7, 0xb3, 0xd2, 0xff, 0xe7, 0xb2, 0xd3, 0xff, 0xe7, 0xb3, 0xd3, 0xff,
  0xe7, 0xb3, 0xd3, 0xff, 0xe7, 0xb3, 0xd3, 0xff, 0xe8, 0xb4, 0xd3, 0xff,
  0xe8, 0xb4, 0xd4, 0xff, 0xe8, 0xb3, 0xd3, 0xff, 0xe8, 0xb5, 0xd4, 0xff,
  0xe8, 0xb4, 0xd4, 0xff, 0xe7, 0xb3, 0xd3, 0xff, 0xe8, 0xb3, 0xd4, 0xff,
  0xe8, 0xb4, 0xd4, 0xff, 0xe7, 0xb3, 0xd3, 0xff, 0xe7, 0xb3, 0xd4, 0xff,
  0xe7, 0xb3, 0xd4, 0xff, 0xe7, 0xb2, 0xd3, 0xff, 0xe6, 0xb1, 0xd3, 0xff,
  0xe5, 0xb0, 0xd1, 0xff, 0xe4, 0xae, 0xd0, 0xff, 0xe6, 0xb2, 0xd2, 0xff,
  0xd7, 0x84, 0xae, 0xff, 0xcd, 0x6a, 0x9b, 0xff, 0xcc, 0x6f, 0x9e, 0xff,
  0xcd, 0x75, 0xa3, 0xff, 0xcd, 0x7c, 0xa9, 0xff, 0xcc, 0x82, 0xae, 0xff,
  0xc6, 0x7c, 0xa8, 0xff, 0xbc, 0x6f, 0x9b, 0xff, 0xb2, 0x63, 0x8d, 0xff,
  0xa7, 0x59, 0x80, 0xff, 0x9e, 0x52, 0x77, 0xff, 0x96, 0x4b, 0x6f, 0xff,
  0x8f, 0x46, 0x68, 0xff, 0x88, 0x42, 0x61, 0xff, 0x7f, 0x3b, 0x59, 0xff,
  0x78, 0x36, 0x53, 0xff, 0x71, 0x32, 0x4d, 0xff, 0x68, 0x2d, 0x45, 0xff,
  0x5e, 0x28, 0x3f, 0xff, 0x57, 0x24, 0x39, 0xff, 0x4f, 0x20, 0x34, 0xff,
  0x47, 0x1c, 0x2f, 0xff, 0x40, 0x19, 0x2e, 0xff, 0x3d, 0x19, 0x35, 0xff,
  0x40, 0x1c, 0x3e, 0xff, 0x45, 0x1c, 0x3b, 0xff, 0x4c, 0x24, 0x3c, 0xff,
  0x58, 0x30, 0x46, 0xff, 0x61, 0x37, 0x4d, 0xff, 0x6a, 0x3e, 0x55, 0xff,
  0x76, 0x46, 0x60, 0xff, 0x80, 0x4d, 0x69, 0xff, 0x89, 0x54, 0x71, 0xff,
  0x92, 0x5c, 0x7a, 0xff, 0x9d, 0x64, 0x84, 0xff, 0xa6, 0x6b, 0x8d, 0xff,
  0xae, 0x73, 0x95, 0xff, 0xb5, 0x7a, 0x9d, 0xff, 0xbd, 0x81, 0xa5, 0xff,
  0xc2, 0x88, 0xab, 0xff, 0xc7, 0x8c, 0xb0, 0xff, 0xcb, 0x91, 0xb5, 0xff,
  0xcf, 0x95, 0xb9, 0xff, 0xd2, 0x9a, 0xbd, 0xff, 0xd5, 0x9d, 0xc0, 0xff,
  0xd6, 0xa0, 0xc3, 0xff, 0xd7, 0xa3, 0xc6, 0xff, 0xd8, 0xa4, 0xc7, 0xff,
  0xdd, 0xa6, 0xc8, 0xff, 0xe2, 0xa9, 0xc9, 0xff, 0xe5, 0xa9, 0xc9, 0xff,
  0xe7, 0xaa, 0xca, 0xff, 0xe6, 0xac, 0xcd, 0xff, 0xe4, 0xac, 0xcd, 0xff,
  0xe4, 0xad, 0xce, 0xff, 0xe6, 0xaf, 0xd0, 0xff, 0xe8, 0xaf, 0xcf, 0xff,
  0xe9, 0xb0, 0xcf, 0xff, 0xe7, 0xae, 0xcf, 0xff, 0xe3, 0xb0, 0xd1, 0xff,
  0xdf, 0xb0, 0xd2, 0xff, 0xdf, 0xaf, 0xd0, 0xff, 0xe2, 0xb0, 0xd0, 0xff,
  0xe3, 0xb0, 0xd1, 0xff, 0xe1, 0xae, 0xce, 0xff, 0xe1, 0xad, 0xcd, 0xff,
  0xe2, 0xad, 0xce, 0xff, 0xe3, 0xaf, 0xcf, 0xff, 0xe3, 0xae, 0xcf, 0xff,
  0xe3, 0xae, 0xce, 0xff, 0xe4, 0xaf, 0xcf, 0xff, 0xe4, 0xaf, 0xcf, 0xff,
  0xe4, 0xae, 0xce, 0xff, 0xe4, 0xae, 0xce, 0xff, 0xe6, 0xaf, 0xd0, 0xff,
  0xe5, 0xae, 0xcf, 0xff, 0xe3, 0xab, 0xcd, 0xff, 0xe0, 0xa7, 0xc8, 0xff,
  0xda, 0x9f, 0xc1, 0xff, 0xce, 0x91, 0xb2, 0xff, 0xc9, 0x8d, 0xac, 0xff,
  0xf4, 0xc8, 0xe3, 0xff, 0xf2, 0xc6, 0xe2, 0xff, 0xf0, 0xc2, 0xdf, 0xff,
  0xec, 0xbb, 0xd9, 0xff, 0xe9, 0xb5, 0xd4, 0xff, 0xe7, 0xb4, 0xd3, 0xff,
  0xe5, 0xb3, 0xd2, 0xff, 0xe6, 0xb2, 0xd2, 0xff, 0xe7, 0xb2, 0xd3, 0xff,
  0xe6, 0xb2, 0xd2, 0xff, 0xe6, 0xb2, 0xd2, 0xff, 0xe7, 0xb3, 0xd3, 0xff,
  0xe8, 0xb4, 0xd4, 0xff, 0xe8, 0xb3, 0xd4, 0xff, 0xe9, 0xb4, 0xd4, 0xff,
  0xe7, 0xb3, 0xd3, 0xff, 0xe7, 0xb3, 0xd3, 0xff, 0xe7, 0xb3, 0xd3, 0xff,
  0xe7, 0xb4, 0xd4, 0xff, 0xe7, 0xb4, 0xd4, 0xff, 0xe7, 0xb3, 0xd3, 0xff,
  0xe7, 0xb2, 0xd3, 0xff, 0xe7, 0xb2, 0xd3, 0xff, 0xe6, 0xb1, 0xd3, 0xff,
  0xe5, 0xaf, 0xd1, 0xff, 0xe4, 0xaf, 0xd1, 0xff, 0xe2, 0xaa, 0xcb, 0xff,
  0xca, 0x6f, 0x9a, 0xff, 0xc8, 0x6a, 0x98, 0xff, 0xc8, 0x6f, 0x9c, 0xff,
  0xcc, 0x78, 0xa5, 0xff, 0xca, 0x7d, 0xa9, 0xff, 0xc6, 0x7c, 0xa8, 0xff,
  0xbd, 0x71, 0x9d, 0xff, 0xb3, 0x64, 0x8f, 0xff, 0xa9, 0x5b, 0x82, 0xff,
  0xa0, 0x54, 0x79, 0xff, 0x99, 0x4d, 0x71, 0xff, 0x8f, 0x46, 0x68, 0xff,
  0x85, 0x41, 0x60, 0xff, 0x81, 0x3d, 0x5b, 0xff, 0x79, 0x38, 0x54, 0xff,
  0x73, 0x34, 0x4f, 0xff, 0x69, 0x2f, 0x48, 0xff, 0x61, 0x29, 0x40, 0xff,
  0x58, 0x24, 0x3a, 0xff, 0x50, 0x21, 0x36, 0xff, 0x48, 0x1d, 0x31, 0xff,
  0x41, 0x1a, 0x2f, 0xff, 0x3e, 0x1a, 0x36, 0xff, 0x40, 0x1d, 0x3f, 0xff,
  0x44, 0x1d, 0x3d, 0xff, 0x4b, 0x22, 0x3c, 0xff, 0x59, 0x31, 0x46, 0xff,
  0x60, 0x36, 0x4d, 0xff, 0x68, 0x3d, 0x55, 0xff, 0x72, 0x44, 0x5d, 0xff,
  0x7d, 0x4c, 0x67, 0xff, 0x88, 0x54, 0x71, 0xff, 0x92, 0x5c, 0x7a, 0xff,
  0x9a, 0x63, 0x83, 0xff, 0xa4, 0x6a, 0x8c, 0xff, 0xad, 0x72, 0x94, 0xff,
  0xb4, 0x79, 0x9c, 0xff, 0xba, 0x7f, 0xa3, 0xff, 0xc1, 0x86, 0xaa, 0xff,
  0xc6, 0x8c, 0xb0, 0xff, 0xca, 0x8f, 0xb5, 0xff, 0xce, 0x94, 0xb9, 0xff,
  0xd2, 0x9a, 0xbc, 0xff, 0xd3, 0x9d, 0xc1, 0xff, 0xd4, 0xa0, 0xc4, 0xff,
  0xdb, 0xa2, 0xc5, 0xff, 0xe2, 0xa4, 0xc4, 0xff, 0xe1, 0xa7, 0xc7, 0xff,
  0xd6, 0xa9, 0xce, 0xff, 0xc2, 0xae, 0xd7, 0xff, 0xad, 0xb1, 0xe0, 0xff,
  0xa1, 0xb6, 0xe7, 0xff, 0x98, 0xbb, 0xed, 0xff, 0x91, 0xbd, 0xef, 0xff,
  0x91, 0xbf, 0xf1, 0xff, 0x95, 0xbe, 0xef, 0xff, 0x9c, 0xba, 0xeb, 0xff,
  0xab, 0xb7, 0xe5, 0xff, 0xc0, 0xb3, 0xdc, 0xff, 0xd9, 0xb0, 0xd4, 0xff,
  0xe8, 0xaf, 0xce, 0xff, 0xe7, 0xae, 0xce, 0xff, 0xe0, 0xb0, 0xd1, 0xff,
  0xe1, 0xb0, 0xd2, 0xff, 0xe2, 0xaf, 0xd0, 0xff, 0xe1, 0xad, 0xce, 0xff,
  0xe2, 0xae, 0xce, 0xff, 0xe3, 0xae, 0xcf, 0xff, 0xe4, 0xaf, 0xd0, 0xff,
  0xe4, 0xaf, 0xcf, 0xff, 0xe4, 0xaf, 0xcf, 0xff, 0xe5, 0xaf, 0xd0, 0xff,
  0xe5, 0xb0, 0xd0, 0xff, 0xe4, 0xaf, 0xcf, 0xff, 0xe5, 0xaf, 0xcf, 0xff,
  0xe3, 0xad, 0xce, 0xff, 0xe2, 0xab, 0xcc, 0xff, 0xe1, 0xa9, 0xca, 0xff,
  0xdc, 0xa2, 0xc3, 0xff, 0xcf, 0x91, 0xb3, 0xff, 0xca, 0x8c, 0xac, 0xff,
  0xf5, 0xc8, 0xe4, 0xff, 0xf2, 0xc5, 0xe1, 0xff, 0xf1, 0xc3, 0xdf, 0xff,
  0xec, 0xbd, 0xda, 0xff, 0xe8, 0xb5, 0xd4, 0xff, 0xe7, 0xb2, 0xd2, 0xff,
  0xe6, 0xb2, 0xd2, 0xff, 0xe7, 0xb3, 0xd3, 0xff, 0xe7, 0xb3, 0xd3, 0xff,
  0xe6, 0xb2, 0xd2, 0xff, 0xe6, 0xb2, 0xd2, 0xff, 0xe8, 0xb4, 0xd4, 0xff,
  0xe7, 0xb4, 0xd4, 0xff, 0xe8, 0xb4, 0xd4, 0xff, 0xe9, 0xb4, 0xd5, 0xff,
  0xe8, 0xb4, 0xd4, 0xff, 0xe8, 0xb4, 0xd4, 0xff, 0xe7, 0xb3, 0xd3, 0xff,
  0xe8, 0xb4, 0xd4, 0xff, 0xe8, 0xb5, 0xd4, 0xff, 0xe8, 0xb5, 0xd4, 0xff,
  0xe7, 0xb4, 0xd4, 0xff, 0xe7, 0xb2, 0xd4, 0xff, 0xe6, 0xb1, 0xd2, 0xff,
  0xe5, 0xaf, 0xd1, 0xff, 0xe4, 0xaf, 0xd1, 0xff, 0xde, 0xa4, 0xc6, 0xff,
  0xb4, 0x5a, 0x82, 0xff, 0xb7, 0x5a, 0x85, 0xff, 0xc1, 0x6b, 0x96, 0xff,
  0xc5, 0x73, 0xa0, 0xff, 0xc3, 0x76, 0xa2, 0xff, 0xbd, 0x71, 0x9c, 0xff,
  0xb3, 0x64, 0x8f, 0xff, 0xa9, 0x5a, 0x84, 0xff, 0xa0, 0x51, 0x78, 0xff,
  0x98, 0x4c, 0x70, 0xff, 0x91, 0x47, 0x6a, 0xff, 0x87, 0x41, 0x61, 0xff,
  0x7e, 0x3c, 0x59, 0xff, 0x79, 0x37, 0x54, 0xff, 0x73, 0x34, 0x4f, 0xff,
  0x6c, 0x30, 0x49, 0xff, 0x63, 0x2b, 0x43, 0xff, 0x5a, 0x25, 0x3c, 0xff,
  0x51, 0x20, 0x35, 0xff, 0x4a, 0x1d, 0x31, 0xff, 0x43, 0x1a, 0x2f, 0xff,
  0x3e, 0x19, 0x33, 0xff, 0x3e, 0x1c, 0x3d, 0xff, 0x43, 0x1d, 0x3e, 0xff,
  0x49, 0x20, 0x3b, 0xff, 0x55, 0x2e, 0x43, 0xff, 0x5d, 0x35, 0x4c, 0xff,
  0x67, 0x3c, 0x54, 0xff, 0x70, 0x43, 0x5c, 0xff, 0x7a, 0x4a, 0x65, 0xff,
  0x85, 0x51, 0x6e, 0xff, 0x8f, 0x59, 0x78, 0xff, 0x99, 0x61, 0x82, 0xff,
  0xa2, 0x69, 0x8a, 0xff, 0xab, 0x71, 0x94, 0xff, 0xb3, 0x78, 0x9c, 0xff,
  0xba, 0x80, 0xa3, 0xff, 0xc0, 0x85, 0xa9, 0xff, 0xc6, 0x8b, 0xb0, 0xff,
  0xca, 0x90, 0xb5, 0xff, 0xcd, 0x94, 0xb9, 0xff, 0xce, 0x98, 0xbd, 0xff,
  0xd1, 0x9c, 0xc0, 0xff, 0xda, 0x9f, 0xc0, 0xff, 0xe0, 0xa2, 0xc3, 0xff,
  0xce, 0xa6, 0xcc, 0xff, 0xac, 0xad, 0xdb, 0xff, 0x8a, 0xb5, 0xed, 0xff,
  0x74, 0xbc, 0xf9, 0xff, 0x6e, 0xc2, 0xfe, 0xff, 0x6f, 0xc5, 0xff, 0xff,
  0x71, 0xc5, 0xff, 0xff, 0x73, 0xc4, 0xff, 0xff, 0x72, 0xc3, 0xff, 0xff,
  0x70, 0xc2, 0xff, 0xff, 0x6c, 0xc1, 0xff, 0xff, 0x6b, 0xc1, 0xff, 0xff,
  0x6b, 0xc1, 0xff, 0xff, 0x6a, 0xc0, 0xff, 0xff, 0x76, 0xbd, 0xf9, 0xff,
  0x93, 0xb8, 0xed, 0xff, 0xc3, 0xb3, 0xdd, 0xff, 0xe8, 0xb1, 0xd1, 0xff,
  0xe7, 0xb0, 0xd0, 0xff, 0xe0, 0xaf, 0xd1, 0xff, 0xe2, 0xaf, 0xd0, 0xff,
  0xe1, 0xaf, 0xcf, 0xff, 0xe2, 0xae, 0xcf, 0xff, 0xe3, 0xaf, 0xcf, 0xff,
  0xe4, 0xaf, 0xcf, 0xff, 0xe4, 0xaf, 0xd0, 0xff, 0xe4, 0xb0, 0xd0, 0xff,
  0xe5, 0xb0, 0xcf, 0xff, 0xe4, 0xae, 0xce, 0xff, 0xe4, 0xae, 0xce, 0xff,
  0xe3, 0xad, 0xce, 0xff, 0xe3, 0xac, 0xcd, 0xff, 0xe2, 0xa9, 0xca, 0xff,
  0xdb, 0xa0, 0xc2, 0xff, 0xce, 0x90, 0xb2, 0xff, 0xcb, 0x90, 0xae, 0xff,
  0xf5, 0xc8, 0xe4, 0xff, 0xf2, 0xc5, 0xe2, 0xff, 0xf0, 0xc2, 0xdf, 0xff,
  0xec, 0xbb, 0xd9, 0xff, 0xe8, 0xb5, 0xd4, 0xff, 0xe7, 0xb3, 0xd3, 0xff,
  0xe7, 0xb2, 0xd2, 0xff, 0xe7, 0xb2, 0xd2, 0xff, 0xe7, 0xb3, 0xd2, 0xff,
  0xe7, 0xb3, 0xd3, 0xff, 0xe8, 0xb4, 0xd3, 0xff, 0xe8, 0xb3, 0xd3, 0xff,
  0xe7, 0xb3, 0xd3, 0xff, 0xe8, 0xb4, 0xd3, 0xff, 0xe8, 0xb4, 0xd4, 0xff,
  0xe8, 0xb5, 0xd4, 0xff, 0xe7, 0xb4, 0xd4, 0xff, 0xe7, 0xb4, 0xd4, 0xff,
  0xe8, 0xb5, 0xd4, 0xff, 0xe8, 0xb5, 0xd4, 0xff, 0xe8, 0xb5, 0xd4, 0xff,
  0xe7, 0xb4, 0xd4, 0xff, 0xe7, 0xb3, 0xd4, 0xff, 0xe6, 0xb2, 0xd3, 0xff,
  0xe6, 0xb2, 0xd3, 0xff, 0xe3, 0xab, 0xce, 0xff, 0xec, 0xcf, 0xe5, 0xff,
  0xdc, 0xcb, 0xd8, 0xff, 0xa7, 0x62, 0x81, 0xff, 0xa4, 0x49, 0x72, 0xff,
  0xb5, 0x63, 0x8d, 0xff, 0xb7, 0x69, 0x94, 0xff, 0xb3, 0x66, 0x90, 0xff,
  0xab, 0x5d, 0x86, 0xff, 0xa2, 0x53, 0x7b, 0xff, 0x9b, 0x4d, 0x72, 0xff,
  0x93, 0x4a, 0x6c, 0xff, 0x8c, 0x43, 0x64, 0xff, 0x83, 0x3d, 0x5d, 0xff,
  0x7c, 0x39, 0x57, 0xff, 0x73, 0x34, 0x4f, 0xff, 0x6b, 0x30, 0x49, 0xff,
  0x65, 0x2c, 0x44, 0xff, 0x5c, 0x27, 0x3e, 0xff, 0x53, 0x22, 0x37, 0xff,
  0x4a, 0x1d, 0x31, 0xff, 0x45, 0x1b, 0x2f, 0xff, 0x40, 0x1a, 0x32, 0xff,
  0x3f, 0x1c, 0x3c, 0xff, 0x42, 0x1d, 0x40, 0xff, 0x46, 0x1e, 0x3b, 0xff,
  0x52, 0x2c, 0x41, 0xff, 0x5c, 0x34, 0x4a, 0xff, 0x65, 0x3a, 0x52, 0xff,
  0x6e, 0x42, 0x5b, 0xff, 0x78, 0x49, 0x63, 0xff, 0x83, 0x51, 0x6d, 0xff,
  0x8c, 0x57, 0x76, 0xff, 0x96, 0x5f, 0x7f, 0xff, 0xa1, 0x67, 0x89, 0xff,
  0xaa, 0x6f, 0x93, 0xff, 0xb2, 0x77, 0x9b, 0xff, 0xb9, 0x7f, 0xa3, 0xff,
  0xc0, 0x87, 0xaa, 0xff, 0xc5, 0x8c, 0xb0, 0xff, 0xc9, 0x90, 0xb5, 0xff,
  0xcb, 0x94, 0xb9, 0xff, 0xcd, 0x99, 0xbd, 0xff, 0xd8, 0x9c, 0xbe, 0xff,
  0xd9, 0x9e, 0xc0, 0xff, 0xba, 0xa3, 0xcf, 0xff, 0x8c, 0xad, 0xe7, 0xff,
  0x6c, 0xba, 0xfa, 0xff, 0x6a, 0xc1, 0xff, 0xff, 0x74, 0xc4, 0xff, 0xff,
  0x77, 0xc1, 0xfd, 0xff, 0x73, 0xbb, 0xfc, 0xff, 0x6b, 0xb3, 0xfb, 0xff,
  0x64, 0xad, 0xfb, 0xff, 0x5d, 0xa7, 0xfb, 0xff, 0x57, 0xa3, 0xfb, 0xff,
  0x54, 0xa4, 0xfc, 0xff, 0x53, 0xa5, 0xfd, 0xff, 0x56, 0xa6, 0xfc, 0xff,
  0x58, 0xa9, 0xfc, 0xff, 0x5c, 0xad, 0xfc, 0xff, 0x5e, 0xb2, 0xfd, 0xff,
  0x5b, 0xb7, 0xff, 0xff, 0x60, 0xb9, 0xff, 0xff, 0x87, 0xb4, 0xf2, 0xff,
  0xcc, 0xaf, 0xd8, 0xff, 0xe9, 0xae, 0xcc, 0xff, 0xdf, 0xae, 0xd0, 0xff,
  0xe1, 0xaf, 0xd0, 0xff, 0xe2, 0xaf, 0xcf, 0xff, 0xe2, 0xae, 0xce, 0xff,
  0xe3, 0xaf, 0xcf, 0xff, 0xe3, 0xaf, 0xcf, 0xff, 0xe3, 0xaf, 0xcf, 0xff,
  0xe4, 0xb0, 0xcf, 0xff, 0xe5, 0xb0, 0xcf, 0xff, 0xe4, 0xae, 0xce, 0xff,
  0xe3, 0xad, 0xcd, 0xff, 0xe3, 0xac, 0xcc, 0xff, 0xe1, 0xa9, 0xc9, 0xff,
  0xd9, 0x9f, 0xc0, 0xff, 0xce, 0x90, 0xb2, 0xff, 0xca, 0x8e, 0xad, 0xff,
  0xf6, 0xc9, 0xe4, 0xff, 0xf3, 0xc6, 0xe2, 0xff, 0xf0, 0xc2, 0xde, 0xff,
  0xec, 0xbb, 0xd9, 0xff, 0xe9, 0xb7, 0xd6, 0xff, 0xe8, 0xb5, 0xd4, 0xff,
  0xe7, 0xb3, 0xd3, 0xff, 0xe7, 0xb2, 0xd2, 0xff, 0xe8, 0xb4, 0xd3, 0xff,
  0xe8, 0xb4, 0xd3, 0xff, 0xe7, 0xb3, 0xd3, 0xff, 0xe7, 0xb3, 0xd3, 0xff,
  0xe7, 0xb3, 0xd3, 0xff, 0xe6, 0xb2, 0xd2, 0xff, 0xe7, 0xb3, 0xd3, 0xff,
  0xe7, 0xb4, 0xd3, 0xff, 0xe8, 0xb5, 0xd4, 0xff, 0xe8, 0xb5, 0xd4, 0xff,
  0xe8, 0xb5, 0xd4, 0xff, 0xe7, 0xb4, 0xd4, 0xff, 0xe7, 0xb4, 0xd5, 0xff,
  0xe7, 0xb4, 0xd5, 0xff, 0xe7, 0xb4, 0xd5, 0xff, 0xe7, 0xb3, 0xd4, 0xff,
  0xe5, 0xb0, 0xd1, 0xff, 0xe7, 0xbc, 0xd7, 0xff, 0xf2, 0xf2, 0xfb, 0xff,
  0xfb, 0xff, 0xff, 0xff, 0xeb, 0xea, 0xf0, 0xff, 0xaa, 0x76, 0x8e, 0xff,
  0x94, 0x40, 0x65, 0xff, 0xa5, 0x57, 0x7d, 0xff, 0xa8, 0x5a, 0x82, 0xff,
  0xa1, 0x54, 0x7a, 0xff, 0x9a, 0x4e, 0x73, 0xff, 0x93, 0x48, 0x6b, 0xff,
  0x8c, 0x44, 0x65, 0xff, 0x85, 0x40, 0x5e, 0xff, 0x7f, 0x3a, 0x58, 0xff,
  0x76, 0x36, 0x52, 0xff, 0x6e, 0x32, 0x4b, 0xff, 0x65, 0x2c, 0x44, 0xff,
  0x5c, 0x27, 0x3e, 0xff, 0x54, 0x23, 0x38, 0xff, 0x4d, 0x20, 0x34, 0xff,
  0x46, 0x1c, 0x30, 0xff, 0x42, 0x1a, 0x32, 0xff, 0x3e, 0x1b, 0x3a, 0xff,
  0x42, 0x1d, 0x40, 0xff, 0x46, 0x1d, 0x3d, 0xff, 0x51, 0x2a, 0x40, 0xff,
  0x5a, 0x33, 0x48, 0xff, 0x61, 0x38, 0x4f, 0xff, 0x6c, 0x40, 0x59, 0xff,
  0x76, 0x47, 0x62, 0xff, 0x80, 0x4e, 0x6b, 0xff, 0x8b, 0x57, 0x75, 0xff,
  0x95, 0x5e, 0x7e, 0xff, 0x9f, 0x66, 0x88, 0xff, 0xa9, 0x6e, 0x91, 0xff,
  0xb1, 0x76, 0x9a, 0xff, 0xb9, 0x7e, 0xa3, 0xff, 0xc0, 0x87, 0xab, 0xff,
  0xc5, 0x8d, 0xb1, 0xff, 0xc8, 0x91, 0xb5, 0xff, 0xc9, 0x95, 0xba, 0xff,
  0xd2, 0x98, 0xb9, 0xff, 0xd5, 0x9a, 0xbb, 0xff, 0xb4, 0xa2, 0xd0, 0xff,
  0x7b, 0xab, 0xec, 0xff, 0x61, 0xb6, 0xfd, 0xff, 0x6c, 0xc0, 0xff, 0xff,
  0x79, 0xc2, 0xfd, 0xff, 0x79, 0xbb, 0xfb, 0xff, 0x6a, 0xaf, 0xfc, 0xff,
  0x5a, 0xa4, 0xfc, 0xff, 0x4e, 0x9b, 0xfc, 0xff, 0x49, 0x97, 0xfc, 0xff,
  0x45, 0x93, 0xfc, 0xff, 0x42, 0x90, 0xfb, 0xff, 0x41, 0x8f, 0xfb, 0xff,
  0x3e, 0x8e, 0xfb, 0xff, 0x3c, 0x8e, 0xfb, 0xff, 0x3c, 0x8e, 0xfa, 0xff,
  0x3d, 0x8f, 0xfa, 0xff, 0x3f, 0x91, 0xfa, 0xff, 0x44, 0x98, 0xfc, 0xff,
  0x4b, 0x9f, 0xfc, 0xff, 0x53, 0xa7, 0xfb, 0xff, 0x52, 0xae, 0xff, 0xff,
  0x5b, 0xaf, 0xfd, 0xff, 0xaa, 0xae, 0xe3, 0xff, 0xe9, 0xae, 0xcd, 0xff,
  0xe0, 0xae, 0xd0, 0xff, 0xe0, 0xae, 0xcf, 0xff, 0xe2, 0xaf, 0xcf, 0xff,
  0xe3, 0xaf, 0xcf, 0xff, 0xe3, 0xaf, 0xcf, 0xff, 0xe3, 0xaf, 0xcf, 0xff,
  0xe4, 0xaf, 0xcf, 0xff, 0xe4, 0xaf, 0xcf, 0xff, 0xe3, 0xae, 0xce, 0xff,
  0xe4, 0xae, 0xcf, 0xff, 0xe3, 0xac, 0xcd, 0xff, 0xe1, 0xa9, 0xca, 0xff,
  0xd9, 0x9f, 0xc0, 0xff, 0xcd, 0x8f, 0xb1, 0xff, 0xc9, 0x8c, 0xab, 0xff,
  0xf5, 0xc9, 0xe4, 0xff, 0xf3, 0xc6, 0xe2, 0xff, 0xef, 0xc1, 0xde, 0xff,
  0xec, 0xbb, 0xd9, 0xff, 0xe9, 0xb7, 0xd5, 0xff, 0xe7, 0xb5, 0xd3, 0xff,
  0xe7, 0xb3, 0xd3, 0xff, 0xe6, 0xb2, 0xd2, 0xff, 0xe8, 0xb4, 0xd4, 0xff,
  0xe9, 0xb5, 0xd5, 0xff, 0xe7, 0xb3, 0xd3, 0xff, 0xe6, 0xb3, 0xd3, 0xff,
  0xe6, 0xb2, 0xd2, 0xff, 0xe6, 0xb2, 0xd2, 0xff, 0xe7, 0xb4, 0xd3, 0xff,
  0xe8, 0xb4, 0xd3, 0xff, 0xe8, 0xb3, 0xd3, 0xff, 0xe9, 0xb5, 0xd4, 0xff,
  0xe8, 0xb6, 0xd5, 0xff, 0xe8, 0xb6, 0xd6, 0xff, 0xe8, 0xb5, 0xd6, 0xff,
  0xe8, 0xb5, 0xd5, 0xff, 0xe8, 0xb5, 0xd5, 0xff, 0xe7, 0xb5, 0xd5, 0xff,
  0xe6, 0xaf, 0xd1, 0xff, 0xec, 0xd7, 0xe8, 0xff, 0xf2, 0xf3, 0xfc, 0xff,
  0xef, 0xed, 0xf7, 0xff, 0xfa, 0xfc, 0xff, 0xff, 0xf9, 0xfe, 0xff, 0xff,
  0xb0, 0x8b, 0x9e, 0xff, 0x84, 0x36, 0x58, 0xff, 0x93, 0x45, 0x6a, 0xff,
  0x96, 0x4a, 0x6e, 0xff, 0x93, 0x47, 0x6b, 0xff, 0x8b, 0x42, 0x64, 0xff,
  0x84, 0x3f, 0x5e, 0xff, 0x7e, 0x3b, 0x59, 0xff, 0x77, 0x36, 0x53, 0xff,
  0x6f, 0x32, 0x4d, 0xff, 0x66, 0x2d, 0x45, 0xff, 0x5f, 0x28, 0x3f, 0xff,
  0x56, 0x23, 0x38, 0xff, 0x4e, 0x20, 0x34, 0xff, 0x48, 0x1c, 0x31, 0xff,
  0x43, 0x1a, 0x31, 0xff, 0x3f, 0x1b, 0x3a, 0xff, 0x40, 0x1c, 0x40, 0xff,
  0x45, 0x1c, 0x3d, 0xff, 0x4f, 0x27, 0x40, 0xff, 0x5a, 0x33, 0x4a, 0xff,
  0x61, 0x37, 0x50, 0xff, 0x6a, 0x3e, 0x58, 0xff, 0x74, 0x46, 0x61, 0xff,
  0x7f, 0x4d, 0x6a, 0xff, 0x89, 0x56, 0x74, 0xff, 0x94, 0x5e, 0x7e, 0xff,
  0x9e, 0x65, 0x87, 0xff, 0xa8, 0x6e, 0x92, 0xff, 0xaf, 0x75, 0x99, 0xff,
  0xb7, 0x7c, 0xa1, 0xff, 0xbd, 0x84, 0xa9, 0xff, 0xc4, 0x8b, 0xaf, 0xff,
  0xc7, 0x91, 0xb6, 0xff, 0xcc, 0x95, 0xb9, 0xff, 0xd7, 0x99, 0xb9, 0xff,
  0xbd, 0x9d, 0xc8, 0xff, 0x7d, 0xa6, 0xe8, 0xff, 0x5e, 0xb3, 0xfe, 0xff,
  0x6e, 0xbd, 0xff, 0xff, 0x7c, 0xbd, 0xfc, 0xff, 0x70, 0xb2, 0xfb, 0xff,
  0x5e, 0xa6, 0xfc, 0xff, 0x4e, 0x99, 0xfd, 0xff, 0x47, 0x94, 0xfd, 0xff,
  0x46, 0x91, 0xfb, 0xff, 0x41, 0x8c, 0xf9, 0xff, 0x3d, 0x88, 0xf7, 0xff,
  0x3a, 0x85, 0xf6, 0xff, 0x37, 0x83, 0xf5, 0xff, 0x33, 0x7e, 0xf2, 0xff,
  0x31, 0x7b, 0xf0, 0xff, 0x30, 0x7b, 0xef, 0xff, 0x33, 0x7e, 0xf0, 0xff,
  0x33, 0x80, 0xf2, 0xff, 0x34, 0x83, 0xf4, 0xff, 0x37, 0x87, 0xf6, 0xff,
  0x3b, 0x8d, 0xf7, 0xff, 0x3f, 0x94, 0xfa, 0xff, 0x45, 0x9a, 0xfb, 0xff,
  0x4c, 0xa3, 0xfd, 0xff, 0x4b, 0xaa, 0xff, 0xff, 0x95, 0xaa, 0xe7, 0xff,
  0xe7, 0xac, 0xcc, 0xff, 0xe0, 0xad, 0xcf, 0xff, 0xe1, 0xad, 0xcf, 0xff,
  0xe2, 0xad, 0xcf, 0xff, 0xe4, 0xb0, 0xd0, 0xff, 0xe4, 0xaf, 0xcf, 0xff,
  0xe4, 0xaf, 0xcf, 0xff, 0xe3, 0xae, 0xce, 0xff, 0xe3, 0xad, 0xce, 0xff,
  0xe4, 0xae, 0xcf, 0xff, 0xe3, 0xac, 0xcd, 0xff, 0xe1, 0xa7, 0xc9, 0xff,
  0xda, 0x9e, 0xc0, 0xff, 0xcd, 0x8f, 0xb1, 0xff, 0xc9, 0x8d, 0xac, 0xff,
  0xf4, 0xc7, 0xe3, 0xff, 0xf3, 0xc6, 0xe2, 0xff, 0xf0, 0xc2, 0xdf, 0xff,
  0xec, 0xbb, 0xd9, 0xff, 0xe9, 0xb7, 0xd5, 0xff, 0xe7, 0xb4, 0xd3, 0xff,
  0xe6, 0xb2, 0xd2, 0xff, 0xe7, 0xb3, 0xd2, 0xff, 0xe8, 0xb4, 0xd4, 0xff,
  0xe7, 0xb3, 0xd3, 0xff, 0xe7, 0xb3, 0xd3, 0xff, 0xe7, 0xb4, 0xd3, 0xff,
  0xe6, 0xb3, 0xd3, 0xff, 0xe7, 0xb3, 0xd3, 0xff, 0xe8, 0xb4, 0xd4, 0xff,
  0xe8, 0xb4, 0xd4, 0xff, 0xe8, 0xb4, 0xd4, 0xff, 0xe8, 0xb4, 0xd4, 0xff,
  0xe8, 0xb6, 0xd5, 0xff, 0xe9, 0xb6, 0xd6, 0xff, 0xe9, 0xb6, 0xd6, 0xff,
  0xe8, 0xb6, 0xd6, 0xff, 0xe8, 0xb6, 0xd6, 0xff, 0xe8, 0xb4, 0xd5, 0xff,
  0xe8, 0xb9, 0xd6, 0xff, 0xf1, 0xec, 0xf7, 0xff, 0xf1, 0xf0, 0xfa, 0xff,
  0xf0, 0xf0, 0xfa, 0xff, 0xef, 0xef, 0xf8, 0xff, 0xf1, 0xf2, 0xfb, 0xff,
  0xf9, 0xfe, 0xff, 0xff, 0xb4, 0x9c, 0xab, 0xff, 0x78, 0x34, 0x51, 0xff,
  0x85, 0x3b, 0x5c, 0xff, 0x89, 0x41, 0x63, 0xff, 0x85, 0x3e, 0x5e, 0xff,
  0x7d, 0x3a, 0x59, 0xff, 0x78, 0x37, 0x53, 0xff, 0x6e, 0x31, 0x4b, 0xff,
  0x66, 0x2c, 0x44, 0xff, 0x5f, 0x29, 0x3f, 0xff, 0x57, 0x24, 0x39, 0xff,
  0x4e, 0x1f, 0x33, 0xff, 0x49, 0x1d, 0x32, 0xff, 0x44, 0x1b, 0x32, 0xff,
  0x40, 0x1a, 0x38, 0xff, 0x41, 0x1d, 0x41, 0xff, 0x45, 0x1c, 0x3f, 0xff,
  0x4c, 0x24, 0x3e, 0xff, 0x59, 0x32, 0x48, 0xff, 0x61, 0x38, 0x51, 0xff,
  0x6a, 0x3e, 0x58, 0xff, 0x74, 0x45, 0x61, 0xff, 0x7d, 0x4d, 0x69, 0xff,
  0x88, 0x54, 0x73, 0xff, 0x94, 0x5e, 0x7e, 0xff, 0x9e, 0x65, 0x87, 0xff,
  0xa6, 0x6d, 0x90, 0xff, 0xb0, 0x76, 0x9a, 0xff, 0xb7, 0x7d, 0xa2, 0xff,
  0xbd, 0x83, 0xa8, 0xff, 0xc1, 0x89, 0xad, 0xff, 0xc3, 0x8f, 0xb3, 0xff,
  0xcf, 0x94, 0xb4, 0xff, 0xcb, 0x98, 0xbc, 0xff, 0x8e, 0xa1, 0xde, 0xff,
  0x5d, 0xad, 0xfc, 0xff, 0x68, 0xb8, 0xff, 0xff, 0x7a, 0xba, 0xfb, 0xff,
  0x73, 0xb2, 0xfc, 0xff, 0x5e, 0xa3, 0xfc, 0xff, 0x4f, 0x97, 0xfc, 0xff,
  0x48, 0x90, 0xfc, 0xff, 0x42, 0x8b, 0xfc, 0xff, 0x40, 0x89, 0xfa, 0xff,
  0x3d, 0x84, 0xf7, 0xff, 0x36, 0x7d, 0xf2, 0xff, 0x32, 0x76, 0xeb, 0xff,
  0x2e, 0x71, 0xe5, 0xff, 0x28, 0x69, 0xdd, 0xff, 0x23, 0x61, 0xd6, 0xff,
  0x21, 0x5f, 0xd5, 0xff, 0x22, 0x61, 0xd6, 0xff, 0x22, 0x60, 0xd6, 0xff,
  0x23, 0x64, 0xd9, 0xff, 0x25, 0x6a, 0xdd, 0xff, 0x2b, 0x73, 0xe3, 0xff,
  0x2f, 0x7b, 0xeb, 0xff, 0x33, 0x84, 0xf2, 0xff, 0x38, 0x8c, 0xf7, 0xff,
  0x3d, 0x93, 0xf9, 0xff, 0x46, 0x9b, 0xfb, 0xff, 0x3f, 0x9f, 0xff, 0xff,
  0x93, 0xa4, 0xe5, 0xff, 0xe8, 0xad, 0xcb, 0xff, 0xdf, 0xad, 0xcf, 0xff,
  0xe1, 0xad, 0xce, 0xff, 0xe3, 0xae, 0xcf, 0xff, 0xe5, 0xb0, 0xd1, 0xff,
  0xe5, 0xb0, 0xd1, 0xff, 0xe4, 0xaf, 0xcf, 0xff, 0xe4, 0xae, 0xcf, 0xff,
  0xe4, 0xae, 0xcf, 0xff, 0xe3, 0xab, 0xcc, 0xff, 0xdf, 0xa6, 0xc7, 0xff,
  0xd9, 0x9d, 0xbf, 0xff, 0xce, 0x90, 0xb2, 0xff, 0xc9, 0x8c, 0xac, 0xff,
  0xf5, 0xc8, 0xe3, 0xff, 0xf3, 0xc6, 0xe2, 0xff, 0xf1, 0xc3, 0xdf, 0xff,
  0xeb, 0xbb, 0xd9, 0xff, 0xe8, 0xb5, 0xd4, 0xff, 0xe6, 0xb2, 0xd2, 0xff,
  0xe6, 0xb2, 0xd2, 0xff, 0xe7, 0xb3, 0xd3, 0xff, 0xe7, 0xb4, 0xd3, 0xff,
  0xe6, 0xb3, 0xd2, 0xff, 0xe6, 0xb2, 0xd2, 0xff, 0xe7, 0xb3, 0xd3, 0xff,
  0xe6, 0xb3, 0xd3, 0xff, 0xe7, 0xb3, 0xd3, 0xff, 0xe8, 0xb5, 0xd4, 0xff,
  0xe8, 0xb4, 0xd4, 0xff, 0xe8, 0xb5, 0xd4, 0xff, 0xe8, 0xb5, 0xd5, 0xff,
  0xe8, 0xb5, 0xd5, 0xff, 0xe8, 0xb5, 0xd6, 0xff, 0xe9, 0xb6, 0xd6, 0xff,
  0xe9, 0xb6, 0xd7, 0xff, 0xe9, 0xb7, 0xd7, 0xff, 0xe7, 0xb2, 0xd3, 0xff,
  0xeb, 0xcc, 0xe2, 0xff, 0xf2, 0xf4, 0xfc, 0xff, 0xf0, 0xef, 0xf9, 0xff,
  0xef, 0xef, 0xf9, 0xff, 0xec, 0xed, 0xf7, 0xff, 0xe7, 0xe8, 0xf3, 0xff,
  0xe6, 0xe6, 0xf1, 0xff, 0xf2, 0xf8, 0xff, 0xff, 0xb8, 0xaa, 0xb9, 0xff,
  0x6d, 0x30, 0x4b, 0xff, 0x78, 0x33, 0x51, 0xff, 0x78, 0x38, 0x54, 0xff,
  0x74, 0x35, 0x51, 0xff, 0x6d, 0x31, 0x4a, 0xff, 0x67, 0x2d, 0x46, 0xff,
  0x5f, 0x29, 0x3f, 0xff, 0x59, 0x26, 0x3b, 0xff, 0x4e, 0x20, 0x33, 0xff,
  0x48, 0x1c, 0x30, 0xff, 0x44, 0x1b, 0x31, 0xff, 0x41, 0x1a, 0x37, 0xff,
  0x3f, 0x1b, 0x40, 0xff, 0x44, 0x1c, 0x40, 0xff, 0x4b, 0x22, 0x3e, 0xff,
  0x57, 0x30, 0x47, 0xff, 0x5f, 0x36, 0x4f, 0xff, 0x69, 0x3d, 0x57, 0xff,
  0x74, 0x45, 0x61, 0xff, 0x7c, 0x4c, 0x69, 0xff, 0x86, 0x53, 0x72, 0xff,
  0x90, 0x5b, 0x7b, 0xff, 0x9c, 0x64, 0x86, 0xff, 0xa5, 0x6c, 0x90, 0xff,
  0xae, 0x74, 0x98, 0xff, 0xb6, 0x7c, 0xa1, 0xff, 0xbe, 0x85, 0xa9, 0xff,
  0xc2, 0x8b, 0xb0, 0xff, 0xc6, 0x8f, 0xb4, 0xff, 0xd3, 0x93, 0xb3, 0xff,
  0xb0, 0x98, 0xc8, 0xff, 0x68, 0xa3, 0xf2, 0xff, 0x5b, 0xb0, 0xff, 0xff,
  0x77, 0xb8, 0xfc, 0xff, 0x76, 0xb2, 0xfa, 0xff, 0x60, 0xa2, 0xfc, 0xff,
  0x4f, 0x93, 0xfc, 0xff, 0x47, 0x8b, 0xfb, 0xff, 0x45, 0x8a, 0xfb, 0xff,
  0x3f, 0x84, 0xf9, 0xff, 0x3b, 0x80, 0xf7, 0xff, 0x36, 0x7a, 0xf2, 0xff,
  0x30, 0x72, 0xea, 0xff, 0x28, 0x65, 0xdd, 0xff, 0x22, 0x5b, 0xcf, 0xff,
  0x20, 0x56, 0xc9, 0xff, 0x1e, 0x51, 0xc5, 0xff, 0x21, 0x51, 0xc2, 0xff,
  0x25, 0x4f, 0xbc, 0xff, 0x27, 0x4c, 0xb5, 0xff, 0x26, 0x4b, 0xb3, 0xff,
  0x25, 0x4e, 0xb8, 0xff, 0x25, 0x55, 0xc2, 0xff, 0x22, 0x5d, 0xcc, 0xff,
  0x22, 0x67, 0xd8, 0xff, 0x28, 0x72, 0xe1, 0xff, 0x2f, 0x7f, 0xec, 0xff,
  0x34, 0x88, 0xf4, 0xff, 0x39, 0x8f, 0xf7, 0xff, 0x40, 0x95, 0xf8, 0xff,
  0x3d, 0x98, 0xfc, 0xff, 0xac, 0xa3, 0xd9, 0xff, 0xe8, 0xad, 0xca, 0xff,
  0xdf, 0xad, 0xcf, 0xff, 0xe2, 0xad, 0xcf, 0xff, 0xe4, 0xaf, 0xd0, 0xff,
  0xe5, 0xaf, 0xd0, 0xff, 0xe5, 0xaf, 0xd0, 0xff, 0xe5, 0xaf, 0xd0, 0xff,
  0xe4, 0xae, 0xce, 0xff, 0xe2, 0xab, 0xcc, 0xff, 0xe0, 0xa8, 0xc9, 0xff,
  0xd9, 0xa0, 0xc1, 0xff, 0xcd, 0x90, 0xb2, 0xff, 0xc8, 0x8b, 0xab, 0xff,
  0xf6, 0xca, 0xe5, 0xff, 0xf3, 0xc7, 0xe3, 0xff, 0xef, 0xc1, 0xdf, 0xff,
  0xea, 0xba, 0xd8, 0xff, 0xe7, 0xb4, 0xd3, 0xff, 0xe7, 0xb3, 0xd2, 0xff,
  0xe6, 0xb2, 0xd2, 0xff, 0xe7, 0xb3, 0xd2, 0xff, 0xe7, 0xb3, 0xd2, 0xff,
  0xe7, 0xb3, 0xd3, 0xff, 0xe7, 0xb2, 0xd3, 0xff, 0xe7, 0xb3, 0xd3, 0xff,
  0xe7, 0xb3, 0xd3, 0xff, 0xe6, 0xb3, 0xd3, 0xff, 0xe7, 0xb3, 0xd3, 0xff,
  0xe7, 0xb4, 0xd4, 0xff, 0xe8, 0xb5, 0xd4, 0xff, 0xe8, 0xb6, 0xd5, 0xff,
  0xe7, 0xb6, 0xd5, 0xff, 0xe8, 0xb6, 0xd6, 0xff, 0xe9, 0xb6, 0xd7, 0xff,
  0xea, 0xb6, 0xd7, 0xff, 0xea, 0xb7, 0xd8, 0xff, 0xe8, 0xb5, 0xd5, 0xff,
  0xee, 0xe1, 0xf0, 0xff, 0xf0, 0xf2, 0xfb, 0xff, 0xef, 0xef, 0xf9, 0xff,
  0xee, 0xee, 0xf8, 0xff, 0xea, 0xeb, 0xf6, 0xff, 0xe6, 0xe6, 0xf2, 0xff,
  0xe0, 0xe0, 0xed, 0xff, 0xdc, 0xdb, 0xe9, 0xff, 0xe9, 0xed, 0xf9, 0xff,
  0xbb, 0xb3, 0xc1, 0xff, 0x66, 0x32, 0x49, 0xff, 0x69, 0x2b, 0x43, 0xff,
  0x68, 0x2f, 0x48, 0xff, 0x64, 0x2b, 0x44, 0xff, 0x5f, 0x29, 0x40, 0xff,
  0x5a, 0x25, 0x3c, 0xff, 0x50, 0x21, 0x35, 0xff, 0x48, 0x1d, 0x30, 0xff,
  0x44, 0x1a, 0x30, 0xff, 0x41, 0x19, 0x36, 0xff, 0x40, 0x1b, 0x40, 0xff,
  0x43, 0x1c, 0x42, 0xff, 0x48, 0x1f, 0x3e, 0xff, 0x54, 0x2d, 0x45, 0xff,
  0x5e, 0x35, 0x4e, 0xff, 0x67, 0x3c, 0x56, 0xff, 0x72, 0x44, 0x60, 0xff,
  0x7c, 0x4c, 0x6a, 0xff, 0x86, 0x53, 0x72, 0xff, 0x8f, 0x5a, 0x7a, 0xff,
  0x9a, 0x63, 0x85, 0xff, 0xa4, 0x6b, 0x8f, 0xff, 0xae, 0x74, 0x99, 0xff,
  0xb5, 0x7b, 0xa0, 0xff, 0xbb, 0x82, 0xa7, 0xff, 0xbf, 0x89, 0xaf, 0xff,
  0xca, 0x8f, 0xb1, 0xff, 0xcc, 0x93, 0xb6, 0xff, 0x8e, 0x99, 0xdb, 0xff,
  0x59, 0xa7, 0xfe, 0xff, 0x6c, 0xb3, 0xff, 0xff, 0x7b, 0xb3, 0xfa, 0xff,
  0x6a, 0xa6, 0xfc, 0xff, 0x55, 0x97, 0xfc, 0xff, 0x4b, 0x8d, 0xfc, 0xff,
  0x46, 0x86, 0xfb, 0xff, 0x42, 0x83, 0xfa, 0xff, 0x3c, 0x7d, 0xf7, 0xff,
  0x36, 0x77, 0xf2, 0xff, 0x2f, 0x6e, 0xea, 0xff, 0x28, 0x63, 0xdc, 0xff,
  0x22, 0x57, 0xcc, 0xff, 0x1e, 0x4f, 0xc4, 0xff, 0x22, 0x4b, 0xba, 0xff,
  0x2c, 0x47, 0xa5, 0xff, 0x3c, 0x42, 0x8b, 0xff, 0x4c, 0x40, 0x76, 0xff,
  0x56, 0x3f, 0x6a, 0xff, 0x5d, 0x3f, 0x64, 0xff, 0x62, 0x42, 0x66, 0xff,
  0x60, 0x43, 0x6a, 0xff, 0x59, 0x43, 0x70, 0xff, 0x4b, 0x46, 0x82, 0xff,
  0x38, 0x4f, 0xa3, 0xff, 0x26, 0x5d, 0xc7, 0xff, 0x24, 0x6e, 0xdf, 0xff,
  0x2e, 0x7d, 0xe8, 0xff, 0x33, 0x87, 0xf1, 0xff, 0x38, 0x8d, 0xf5, 0xff,
  0x37, 0x90, 0xf7, 0xff, 0x4f, 0x92, 0xee, 0xff, 0xd2, 0xa5, 0xc8, 0xff,
  0xe2, 0xac, 0xcc, 0xff, 0xe2, 0xae, 0xd0, 0xff, 0xe4, 0xaf, 0xd0, 0xff,
  0xe4, 0xae, 0xcf, 0xff, 0xe4, 0xae, 0xcf, 0xff, 0xe5, 0xae, 0xcf, 0xff,
  0xe4, 0xad, 0xce, 0xff, 0xe2, 0xab, 0xcc, 0xff, 0xe1, 0xa8, 0xca, 0xff,
  0xd9, 0xa0, 0xc0, 0xff, 0xcc, 0x8f, 0xb0, 0xff, 0xc8, 0x8c, 0xab, 0xff,
  0xf6, 0xc9, 0xe5, 0xff, 0xf3, 0xc7, 0xe3, 0xff, 0xef, 0xc2, 0xdf, 0xff,
  0xeb, 0xbb, 0xd9, 0xff, 0xe8, 0xb5, 0xd4, 0xff, 0xe6, 0xb3, 0xd2, 0xff,
  0xe6, 0xb2, 0xd2, 0xff, 0xe7, 0xb4, 0xd3, 0xff, 0xe7, 0xb4, 0xd3, 0xff,
  0xe6, 0xb2, 0xd2, 0xff, 0xe7, 0xb3, 0xd3, 0xff, 0xe7, 0xb4, 0xd3, 0xff,
  0xe7, 0xb3, 0xd3, 0xff, 0xe7, 0xb3, 0xd3, 0xff, 0xe6, 0xb2, 0xd3, 0xff,
  0xe6, 0xb3, 0xd3, 0xff, 0xe8, 0xb5, 0xd4, 0xff, 0xe9, 0xb6, 0xd6, 0xff,
  0xe8, 0xb6, 0xd6, 0xff, 0xe9, 0xb6, 0xd6, 0xff, 0xe9, 0xb7, 0xd6, 0xff,
  0xe9, 0xb7, 0xd7, 0xff, 0xea, 0xb6, 0xd7, 0xff, 0xeb, 0xc0, 0xdc, 0xff,
  0xf0, 0xee, 0xf8, 0xff, 0xef, 0xef, 0xf9, 0xff, 0xee, 0xee, 0xf8, 0xff,
  0xeb, 0xec, 0xf6, 0xff, 0xe7, 0xe8, 0xf3, 0xff, 0xe1, 0xe2, 0xee, 0xff,
  0xdc, 0xdc, 0xea, 0xff, 0xd8, 0xd8, 0xe7, 0xff, 0xd1, 0xd0, 0xe0, 0xff,
  0xdb, 0xde, 0xed, 0xff, 0xb8, 0xb3, 0xc3, 0xff, 0x61, 0x35, 0x49, 0xff,
  0x5b, 0x22, 0x39, 0xff, 0x5c, 0x28, 0x3e, 0xff, 0x55, 0x23, 0x38, 0xff,
  0x50, 0x21, 0x36, 0xff, 0x48, 0x1d, 0x31, 0xff, 0x44, 0x1a, 0x30, 0xff,
  0x40, 0x19, 0x35, 0xff, 0x3f, 0x1a, 0x40, 0xff, 0x43, 0x1b, 0x44, 0xff,
  0x47, 0x1d, 0x3f, 0xff, 0x53, 0x2b, 0x45, 0xff, 0x5e, 0x34, 0x4e, 0xff,
  0x66, 0x3b, 0x56, 0xff, 0x70, 0x44, 0x60, 0xff, 0x7b, 0x4b, 0x69, 0xff,
  0x85, 0x53, 0x73, 0xff, 0x90, 0x5a, 0x7c, 0xff, 0x9b, 0x63, 0x85, 0xff,
  0xa4, 0x6a, 0x8f, 0xff, 0xad, 0x73, 0x98, 0xff, 0xb6, 0x7c, 0xa1, 0xff,
  0xbd, 0x83, 0xa9, 0xff, 0xbe, 0x89, 0xae, 0xff, 0xcc, 0x8f, 0xad, 0xff,
  0xb9, 0x91, 0xbd, 0xff, 0x6f, 0x99, 0xec, 0xff, 0x5c, 0xaa, 0xff, 0xff,
  0x7b, 0xb4, 0xfc, 0xff, 0x77, 0xac, 0xfa, 0xff, 0x62, 0x9b, 0xfb, 0xff,
  0x53, 0x8e, 0xfc, 0xff, 0x4b, 0x87, 0xfc, 0xff, 0x44, 0x83, 0xfc, 0xff,
  0x43, 0x80, 0xfb, 0xff, 0x3c, 0x79, 0xf6, 0xff, 0x32, 0x6e, 0xec, 0xff,
  0x2a, 0x61, 0xdd, 0xff, 0x22, 0x53, 0xcb, 0xff, 0x1f, 0x4d, 0xc2, 0xff,
  0x24, 0x49, 0xb7, 0xff, 0x36, 0x43, 0x95, 0xff, 0x4f, 0x3e, 0x6f, 0xff,
  0x66, 0x3f, 0x5c, 0xff, 0x76, 0x45, 0x5e, 0xff, 0x7f, 0x4c, 0x66, 0xff,
  0x88, 0x55, 0x72, 0xff, 0x90, 0x5c, 0x7b, 0xff, 0x94, 0x5f, 0x7f, 0xff,
  0x96, 0x61, 0x80, 0xff, 0x96, 0x61, 0x7f, 0xff, 0x93, 0x5d, 0x79, 0xff,
  0x86, 0x55, 0x72, 0xff, 0x6d, 0x50, 0x7d, 0xff, 0x41, 0x58, 0xac, 0xff,
  0x24, 0x6c, 0xdb, 0xff, 0x2e, 0x7e, 0xea, 0xff, 0x34, 0x88, 0xf1, 0xff,
  0x38, 0x8c, 0xf2, 0xff, 0x31, 0x8c, 0xf3, 0xff, 0x8a, 0x93, 0xd5, 0xff,
  0xe5, 0xa7, 0xc4, 0xff, 0xdf, 0xab, 0xce, 0xff, 0xe4, 0xad, 0xcf, 0xff,
  0xe4, 0xad, 0xcf, 0xff, 0xe4, 0xad, 0xcf, 0xff, 0xe4, 0xae, 0xce, 0xff,
  0xe3, 0xad, 0xcd, 0xff, 0xe2, 0xab, 0xcb, 0xff, 0xdf, 0xa6, 0xc8, 0xff,
  0xd8, 0x9e, 0xbf, 0xff, 0xcc, 0x8f, 0xb1, 0xff, 0xc7, 0x8b, 0xaa, 0xff,
  0xf6, 0xca, 0xe5, 0xff, 0xf3, 0xc6, 0xe2, 0xff, 0xef, 0xc2, 0xde, 0xff,
  0xeb, 0xbb, 0xd9, 0xff, 0xe7, 0xb5, 0xd4, 0xff, 0xe6, 0xb3, 0xd2, 0xff,
  0xe7, 0xb3, 0xd3, 0xff, 0xe7, 0xb4, 0xd3, 0xff, 0xe7, 0xb4, 0xd3, 0xff,
  0xe7, 0xb3, 0xd3, 0xff, 0xe7, 0xb3, 0xd3, 0xff, 0xe7, 0xb3, 0xd3, 0xff,
  0xe7, 0xb3, 0xd3, 0xff, 0xe6, 0xb3, 0xd3, 0xff, 0xe7, 0xb3, 0xd3, 0xff,
  0xe7, 0xb3, 0xd4, 0xff, 0xe8, 0xb4, 0xd4, 0xff, 0xe9, 0xb5, 0xd5, 0xff,
  0xea, 0xb8, 0xd7, 0xff, 0xe9, 0xb7, 0xd7, 0xff, 0xe9, 0xb7, 0xd7, 0xff,
  0xe9, 0xb8, 0xd8, 0xff, 0xe9, 0xb3, 0xd5, 0xff, 0xec, 0xd1, 0xe6, 0xff,
  0xf0, 0xf2, 0xfb, 0xff, 0xee, 0xee, 0xf8, 0xff, 0xec, 0xed, 0xf7, 0xff,
  0xe8, 0xe9, 0xf4, 0xff, 0xe3, 0xe3, 0xef, 0xff, 0xdd, 0xdd, 0xea, 0xff,
  0xd7, 0xd7, 0xe6, 0xff, 0xd1, 0xd0, 0xe1, 0xff, 0xca, 0xca, 0xdc, 0xff,
  0xc1, 0xbf, 0xd2, 0xff, 0xc8, 0xc8, 0xdc, 0xff, 0xaa, 0xa5, 0xba, 0xff,
  0x56, 0x31, 0x45, 0xff, 0x4d, 0x1c, 0x31, 0xff, 0x50, 0x21, 0x36, 0xff,
  0x48, 0x1d, 0x31, 0xff, 0x43, 0x1b, 0x30, 0xff, 0x41, 0x1a, 0x35, 0xff,
  0x3f, 0x19, 0x40, 0xff, 0x41, 0x1a, 0x45, 0xff, 0x47, 0x1c, 0x40, 0xff,
  0x53, 0x2a, 0x46, 0xff, 0x5d, 0x34, 0x4f, 0xff, 0x66, 0x3a, 0x56, 0xff,
  0x71, 0x43, 0x60, 0xff, 0x7a, 0x4a, 0x69, 0xff, 0x84, 0x51, 0x72, 0xff,
  0x8f, 0x59, 0x7c, 0xff, 0x99, 0x61, 0x85, 0xff, 0xa4, 0x6a, 0x8e, 0xff,
  0xae, 0x73, 0x98, 0xff, 0xb6, 0x7b, 0xa1, 0xff, 0xba, 0x82, 0xa8, 0xff,
  0xc0, 0x88, 0xad, 0xff, 0xcb, 0x8d, 0xac, 0xff, 0x9e, 0x90, 0xcb, 0xff,
  0x5a, 0x9a, 0xf9, 0xff, 0x66, 0xa9, 0xff, 0xff, 0x7e, 0xaf, 0xfa, 0xff,
  0x6e, 0xa2, 0xfc, 0xff, 0x5a, 0x91, 0xfb, 0xff, 0x4f, 0x87, 0xfc, 0xff,
  0x4a, 0x82, 0xfb, 0xff, 0x44, 0x7d, 0xfa, 0xff, 0x3e, 0x78, 0xf9, 0xff,
  0x38, 0x70, 0xf2, 0xff, 0x2f, 0x65, 0xe6, 0xff, 0x25, 0x57, 0xd3, 0xff,
  0x1f, 0x4c, 0xc4, 0xff, 0x25, 0x4a, 0xbc, 0xff, 0x36, 0x43, 0x97, 0xff,
  0x54, 0x3c, 0x69, 0xff, 0x6b, 0x3f, 0x58, 0xff, 0x7c, 0x4b, 0x66, 0xff,
  0x8c, 0x59, 0x79, 0xff, 0x9a, 0x64, 0x87, 0xff, 0xa5, 0x6e, 0x92, 0xff,
  0xaf, 0x77, 0x9a, 0xff, 0xb5, 0x7c, 0x9f, 0xff, 0xb7, 0x7f, 0xa2, 0xff,
  0xb9, 0x81, 0xa4, 0xff, 0xba, 0x82, 0xa6, 0xff, 0xb8, 0x80, 0xa5, 0xff,
  0xb3, 0x7d, 0xa0, 0xff, 0xac, 0x73, 0x93, 0xff, 0x9a, 0x62, 0x80, 0xff,
  0x61, 0x5b, 0x9b, 0xff, 0x2b, 0x6e, 0xdc, 0xff, 0x2e, 0x7f, 0xea, 0xff,
  0x36, 0x89, 0xf0, 0xff, 0x30, 0x88, 0xef, 0xff, 0x4c, 0x84, 0xe1, 0xff,
  0xd1, 0x9d, 0xc0, 0xff, 0xe1, 0xaa, 0xcb, 0xff, 0xe3, 0xad, 0xcf, 0xff,
  0xe4, 0xac, 0xce, 0xff, 0xe5, 0xae, 0xcf, 0xff, 0xe4, 0xad, 0xce, 0xff,
  0xe2, 0xac, 0xcd, 0xff, 0xe1, 0xab, 0xcb, 0xff, 0xdf, 0xa6, 0xc7, 0xff,
  0xd8, 0x9d, 0xbf, 0xff, 0xcc, 0x8e, 0xb0, 0xff, 0xc6, 0x8b, 0xaa, 0xff,
  0xf6, 0xca, 0xe5, 0xff, 0xf3, 0xc6, 0xe1, 0xff, 0xef, 0xc2, 0xdf, 0xff,
  0xeb, 0xbb, 0xd9, 0xff, 0xe8, 0xb5, 0xd4, 0xff, 0xe7, 0xb3, 0xd3, 0xff,
  0xe7, 0xb3, 0xd3, 0xff, 0xe7, 0xb3, 0xd2, 0xff, 0xe7, 0xb3, 0xd3, 0xff,
  0xe7, 0xb4, 0xd3, 0xff, 0xe8, 0xb4, 0xd4, 0xff, 0xe7, 0xb3, 0xd3, 0xff,
  0xe7, 0xb3, 0xd3, 0xff, 0xe7, 0xb2, 0xd3, 0xff, 0xe8, 0xb5, 0xd4, 0xff,
  0xe8, 0xb5, 0xd4, 0xff, 0xe8, 0xb4, 0xd4, 0xff, 0xe8, 0xb5, 0xd5, 0xff,
  0xe9, 0xb7, 0xd6, 0xff, 0xea, 0xb8, 0xd7, 0xff, 0xe9, 0xb8, 0xd7, 0xff,
  0xe9, 0xb7, 0xd7, 0xff, 0xe9, 0xb5, 0xd5, 0xff, 0xee, 0xe2, 0xf0, 0xff,
  0xee, 0xf0, 0xfa, 0xff, 0xec, 0xed, 0xf7, 0xff, 0xe9, 0xea, 0xf5, 0xff,
  0xe4, 0xe5, 0xf1, 0xff, 0xdf, 0xdf, 0xec, 0xff, 0xd8, 0xd9, 0xe7, 0xff,
  0xd1, 0xd1, 0xe1, 0xff, 0xc9, 0xc8, 0xda, 0xff, 0xc1, 0xc0, 0xd3, 0xff,
  0xb8, 0xb6, 0xcb, 0xff, 0xab, 0xa7, 0xbf, 0xff, 0xb0, 0xad, 0xc5, 0xff,
  0x92, 0x8d, 0xa4, 0xff, 0x4d, 0x2c, 0x42, 0xff, 0x4a, 0x1a, 0x35, 0xff,
  0x45, 0x1c, 0x37, 0xff, 0x42, 0x1a, 0x38, 0xff, 0x40, 0x1a, 0x41, 0xff,
  0x42, 0x1a, 0x45, 0xff, 0x46, 0x1c, 0x41, 0xff, 0x53, 0x29, 0x46, 0xff,
  0x5f, 0x35, 0x50, 0xff, 0x67, 0x3a, 0x57, 0xff, 0x70, 0x42, 0x60, 0xff,
  0x7a, 0x4a, 0x69, 0xff, 0x85, 0x52, 0x73, 0xff, 0x8f, 0x59, 0x7b, 0xff,
  0x98, 0x60, 0x84, 0xff, 0xa3, 0x69, 0x8e, 0xff, 0xad, 0x71, 0x98, 0xff,
  0xb6, 0x7a, 0xa1, 0xff, 0xba, 0x82, 0xa9, 0xff, 0xc4, 0x88, 0xab, 0xff,
  0xc5, 0x8b, 0xaf, 0xff, 0x84, 0x90, 0xdb, 0xff, 0x55, 0x9b, 0xff, 0xff,
  0x70, 0xa9, 0xfc, 0xff, 0x7b, 0xa9, 0xfb, 0xff, 0x66, 0x98, 0xfc, 0xff,
  0x55, 0x89, 0xfc, 0xff, 0x4d, 0x82, 0xfd, 0xff, 0x49, 0x7d, 0xfc, 0xff,
  0x44, 0x79, 0xfa, 0xff, 0x3d, 0x72, 0xf7, 0xff, 0x35, 0x69, 0xf0, 0xff,
  0x2a, 0x5b, 0xe0, 0xff, 0x22, 0x4d, 0xc9, 0xff, 0x21, 0x49, 0xc1, 0xff,
  0x2e, 0x45, 0xaa, 0xff, 0x4b, 0x3d, 0x72, 0xff, 0x67, 0x3d, 0x56, 0xff,
  0x7b, 0x4a, 0x65, 0xff, 0x8b, 0x59, 0x7a, 0xff, 0x9d, 0x67, 0x89, 0xff,
  0xad, 0x74, 0x97, 0xff, 0xba, 0x7f, 0xa2, 0xff, 0xc2, 0x88, 0xab, 0xff,
  0xc7, 0x8e, 0xb1, 0xff, 0xcb, 0x92, 0xb5, 0xff, 0xcd, 0x96, 0xb8, 0xff,
  0xce, 0x97, 0xb9, 0xff, 0xce, 0x97, 0xba, 0xff, 0xcd, 0x96, 0xb8, 0xff,
  0xca, 0x93, 0xb6, 0xff, 0xc4, 0x8e, 0xb2, 0xff, 0xbd, 0x86, 0xab, 0xff,
  0xb5, 0x75, 0x91, 0xff, 0x73, 0x62, 0x9d, 0xff, 0x2b, 0x75, 0xe2, 0xff,
  0x32, 0x84, 0xec, 0xff, 0x31, 0x83, 0xea, 0xff, 0x2e, 0x7b, 0xe3, 0xff,
  0xaa, 0x8e, 0xbf, 0xff, 0xe4, 0xa7, 0xc6, 0xff, 0xe0, 0xab, 0xcd, 0xff,
  0xe3, 0xac, 0xce, 0xff, 0xe5, 0xae, 0xcf, 0xff, 0xe3, 0xae, 0xce, 0xff,
  0xe3, 0xac, 0xcd, 0xff, 0xe2, 0xab, 0xcc, 0xff, 0xe0, 0xa7, 0xc8, 0xff,
  0xd8, 0x9d, 0xbf, 0xff, 0xcc, 0x8f, 0xb0, 0xff, 0xc7, 0x8c, 0xab, 0xff,
  0xf6, 0xcb, 0xe5, 0xff, 0xf2, 0xc5, 0xe1, 0xff, 0xef, 0xc2, 0xde, 0xff,
  0xeb, 0xba, 0xd8, 0xff, 0xe9, 0xb5, 0xd5, 0xff, 0xe7, 0xb3, 0xd2, 0xff,
  0xe7, 0xb3, 0xd3, 0xff, 0xe7, 0xb3, 0xd3, 0xff, 0xe6, 0xb2, 0xd2, 0xff,
  0xe6, 0xb3, 0xd3, 0xff, 0xe7, 0xb3, 0xd3, 0xff, 0xe7, 0xb3, 0xd3, 0xff,
  0xe8, 0xb3, 0xd3, 0xff, 0xe8, 0xb4, 0xd4, 0xff, 0xe7, 0xb4, 0xd4, 0xff,
  0xe8, 0xb4, 0xd4, 0xff, 0xe8, 0xb4, 0xd4, 0xff, 0xe8, 0xb5, 0xd5, 0xff,
  0xe9, 0xb5, 0xd6, 0xff, 0xe9, 0xb6, 0xd6, 0xff, 0xea, 0xb8, 0xd8, 0xff,
  0xe9, 0xb5, 0xd6, 0xff, 0xea, 0xc1, 0xdc, 0xff, 0xef, 0xee, 0xf8, 0xff,
  0xed, 0xed, 0xf8, 0xff, 0xea, 0xeb, 0xf6, 0xff, 0xe6, 0xe6, 0xf2, 0xff,
  0xe1, 0xe1, 0xee, 0xff, 0xda, 0xdb, 0xe8, 0xff, 0xd2, 0xd2, 0xe2, 0xff,
  0xc9, 0xc8, 0xda, 0xff, 0xc0, 0xbf, 0xd2, 0xff, 0xb7, 0xb4, 0xca, 0xff,
  0xac, 0xa8, 0xc0, 0xff, 0xa1, 0x9c, 0xb5, 0xff, 0x94, 0x8d, 0xa8, 0xff,
  0x95, 0x8e, 0xab, 0xff, 0x80, 0x77, 0x97, 0xff, 0x40, 0x21, 0x3e, 0xff,
  0x46, 0x18, 0x3d, 0xff, 0x45, 0x1c, 0x48, 0xff, 0x44, 0x1a, 0x47, 0xff,
  0x46, 0x1b, 0x41, 0xff, 0x52, 0x29, 0x46, 0xff, 0x5f, 0x35, 0x51, 0xff,
  0x67, 0x3b, 0x58, 0xff, 0x71, 0x43, 0x61, 0xff, 0x7c, 0x4a, 0x6a, 0xff,
  0x85, 0x52, 0x74, 0xff, 0x8f, 0x59, 0x7d, 0xff, 0x99, 0x61, 0x86, 0xff,
  0xa3, 0x69, 0x8e, 0xff, 0xac, 0x71, 0x97, 0xff, 0xb4, 0x79, 0xa0, 0xff,
  0xb9, 0x81, 0xa8, 0xff, 0xc8, 0x89, 0xa8, 0xff, 0xb8, 0x8a, 0xb8, 0xff,
  0x6f, 0x8f, 0xeb, 0xff, 0x5c, 0x9d, 0xff, 0xff, 0x7a, 0xa9, 0xfb, 0xff,
  0x75, 0xa2, 0xfb, 0xff, 0x5f, 0x8f, 0xfc, 0xff, 0x53, 0x82, 0xfc, 0xff,
  0x4d, 0x7b, 0xfc, 0xff, 0x47, 0x76, 0xfb, 0xff, 0x43, 0x71, 0xf9, 0xff,
  0x3d, 0x6b, 0xf5, 0xff, 0x34, 0x61, 0xec, 0xff, 0x29, 0x54, 0xd9, 0xff,
  0x23, 0x4a, 0xc5, 0xff, 0x25, 0x47, 0xbc, 0xff, 0x3b, 0x41, 0x8f, 0xff,
  0x5e, 0x3c, 0x5c, 0xff, 0x73, 0x44, 0x5c, 0xff, 0x84, 0x53, 0x74, 0xff,
  0x9b, 0x65, 0x87, 0xff, 0xae, 0x74, 0x97, 0xff, 0xbc, 0x82, 0xa5, 0xff,
  0xc5, 0x8c, 0xae, 0xff, 0xcc, 0x93, 0xb5, 0xff, 0xd1, 0x98, 0xbb, 0xff,
  0xd4, 0x9c, 0xbf, 0xff, 0xd7, 0xa0, 0xc2, 0xff, 0xd8, 0xa1, 0xc3, 0xff,
  0xd9, 0xa3, 0xc5, 0xff, 0xd9, 0xa3, 0xc5, 0xff, 0xd8, 0xa3, 0xc4, 0xff,
  0xd7, 0xa1, 0xc2, 0xff, 0xd5, 0x9e, 0xc0, 0xff, 0xcf, 0x98, 0xbb, 0xff,
  0xc6, 0x91, 0xb6, 0xff, 0xc1, 0x7f, 0x9d, 0xff, 0x73, 0x6f, 0xb1, 0xff,
  0x28, 0x7c, 0xe8, 0xff, 0x34, 0x85, 0xe8, 0xff, 0x23, 0x76, 0xde, 0xff,
  0x84, 0x7d, 0xba, 0xff, 0xe0, 0xa0, 0xbd, 0xff, 0xde, 0xa9, 0xcb, 0xff,
  0xe2, 0xab, 0xcd, 0xff, 0xe3, 0xad, 0xce, 0xff, 0xe4, 0xae, 0xce, 0xff,
  0xe3, 0xad, 0xce, 0xff, 0xe2, 0xab, 0xcc, 0xff, 0xe0, 0xa7, 0xc8, 0xff,
  0xd9, 0x9e, 0xc0, 0xff, 0xcc, 0x8e, 0xb0, 0xff, 0xc7, 0x8b, 0xaa, 0xff,
  0xf5, 0xcb, 0xe5, 0xff, 0xf2, 0xc4, 0xe1, 0xff, 0xef, 0xc2, 0xdf, 0xff,
  0xea, 0xbb, 0xd8, 0xff, 0xe7, 0xb6, 0xd4, 0xff, 0xe6, 0xb3, 0xd2, 0xff,
  0xe7, 0xb3, 0xd3, 0xff, 0xe7, 0xb3, 0xd3, 0xff, 0xe6, 0xb2, 0xd2, 0xff,
  0xe6, 0xb2, 0xd2, 0xff, 0xe7, 0xb3, 0xd2, 0xff, 0xe7, 0xb3, 0xd3, 0xff,
  0xe7, 0xb3, 0xd2, 0xff, 0xe7, 0xb4, 0xd3, 0xff, 0xe8, 0xb4, 0xd3, 0xff,
  0xe8, 0xb3, 0xd4, 0xff, 0xe8, 0xb4, 0xd4, 0xff, 0xe8, 0xb4, 0xd4, 0xff,
  0xe9, 0xb6, 0xd6, 0xff, 0xe9, 0xb6, 0xd7, 0xff, 0xea, 0xb8, 0xd8, 0xff,
  0xe8, 0xb3, 0xd5, 0xff, 0xeb, 0xd0, 0xe6, 0xff, 0xee, 0xf1, 0xfa, 0xff,
  0xec, 0xec, 0xf6, 0xff, 0xe7, 0xe8, 0xf4, 0xff, 0xe1, 0xe2, 0xee, 0xff,
  0xdc, 0xdd, 0xea, 0xff, 0xd4, 0xd4, 0xe3, 0xff, 0xca, 0xc9, 0xdb, 0xff,
  0xc1, 0xbf, 0xd3, 0xff, 0xb7, 0xb4, 0xca, 0xff, 0xad, 0xa8, 0xbf, 0xff,
  0xa1, 0x9a, 0xb4, 0xff, 0x95, 0x8d, 0xaa, 0xff, 0x8c, 0x83, 0xa2, 0xff,
  0x84, 0x78, 0x9c, 0xff, 0x84, 0x76, 0xa6, 0xff, 0x6f, 0x5e, 0x97, 0xff,
  0x43, 0x1d, 0x43, 0xff, 0x45, 0x18, 0x3e, 0xff, 0x4a, 0x1e, 0x42, 0xff,
  0x54, 0x2b, 0x48, 0xff, 0x60, 0x36, 0x52, 0xff, 0x68, 0x3c, 0x59, 0xff,
  0x72, 0x44, 0x62, 0xff, 0x7c, 0x4b, 0x6b, 0xff, 0x86, 0x52, 0x74, 0xff,
  0x90, 0x5a, 0x7e, 0xff, 0x99, 0x62, 0x87, 0xff, 0xa4, 0x6a, 0x90, 0xff,
  0xad, 0x72, 0x99, 0xff, 0xb3, 0x79, 0xa1, 0xff, 0xbb, 0x80, 0xa7, 0xff,
  0xc8, 0x87, 0xa7, 0xff, 0xa3, 0x88, 0xc6, 0xff, 0x61, 0x8d, 0xf7, 0xff,
  0x68, 0x9e, 0xff, 0xff, 0x81, 0xa9, 0xfa, 0xff, 0x72, 0x9a, 0xfc, 0xff,
  0x5c, 0x85, 0xfc, 0xff, 0x52, 0x7c, 0xfc, 0xff, 0x4e, 0x76, 0xfb, 0xff,
  0x47, 0x70, 0xfa, 0xff, 0x41, 0x6c, 0xf8, 0xff, 0x3c, 0x67, 0xf2, 0xff,
  0x33, 0x5c, 0xe7, 0xff, 0x29, 0x4f, 0xd2, 0xff, 0x22, 0x45, 0xc2, 0xff,
  0x2d, 0x46, 0xb6, 0xff, 0x4b, 0x3d, 0x78, 0xff, 0x6b, 0x3e, 0x55, 0xff,
  0x7d, 0x4d, 0x6a, 0xff, 0x90, 0x5c, 0x7e, 0xff, 0xa5, 0x6c, 0x8e, 0xff,
  0xb9, 0x7e, 0xa1, 0xff, 0xc6, 0x8b, 0xae, 0xff, 0xce, 0x95, 0xb7, 0xff,
  0xd3, 0x9b, 0xbc, 0xff, 0xd7, 0x9f, 0xc1, 0xff, 0xda, 0xa3, 0xc5, 0xff,
  0xdb, 0xa5, 0xc7, 0xff, 0xdb, 0xa7, 0xc8, 0xff, 0xde, 0xaa, 0xcb, 0xff,
  0xdf, 0xab, 0xcc, 0xff, 0xdd, 0xaa, 0xcb, 0xff, 0xdc, 0xa9, 0xcb, 0xff,
  0xdc, 0xa8, 0xc9, 0xff, 0xdb, 0xa6, 0xc8, 0xff, 0xd9, 0xa3, 0xc5, 0xff,
  0xd4, 0x9e, 0xc1, 0xff, 0xcd, 0x99, 0xbc, 0xff, 0xc2, 0x82, 0xa2, 0xff,
  0x59, 0x74, 0xc5, 0xff, 0x26, 0x7e, 0xe9, 0xff, 0x1d, 0x6b, 0xd4, 0xff,
  0x76, 0x70, 0xaf, 0xff, 0xdb, 0x9a, 0xb6, 0xff, 0xdd, 0xa8, 0xca, 0xff,
  0xe1, 0xaa, 0xcb, 0xff, 0xe2, 0xab, 0xcc, 0xff, 0xe3, 0xad, 0xce, 0xff,
  0xe3, 0xad, 0xcd, 0xff, 0xe2, 0xab, 0xcc, 0xff, 0xdf, 0xa6, 0xc8, 0xff,
  0xd9, 0x9d, 0xbf, 0xff, 0xcc, 0x8e, 0xaf, 0xff, 0xc6, 0x8b, 0xaa, 0xff,
  0xf5, 0xcb, 0xe5, 0xff, 0xf2, 0xc5, 0xe1, 0xff, 0xef, 0xc2, 0xde, 0xff,
  0xeb, 0xbb, 0xd8, 0xff, 0xe7, 0xb5, 0xd4, 0xff, 0xe6, 0xb3, 0xd2, 0xff,
  0xe6, 0xb3, 0xd2, 0xff, 0xe6, 0xb3, 0xd2, 0xff, 0xe6, 0xb2, 0xd2, 0xff,
  0xe6, 0xb2, 0xd1, 0xff, 0xe7, 0xb3, 0xd2, 0xff, 0xe7, 0xb3, 0xd2, 0xff,
  0xe6, 0xb2, 0xd2, 0xff, 0xe6, 0xb2, 0xd2, 0xff, 0xe8, 0xb4, 0xd4, 0xff,
  0xe8, 0xb4, 0xd4, 0xff, 0xe8, 0xb4, 0xd5, 0xff, 0xe9, 0xb5, 0xd5, 0xff,
  0xe9, 0xb6, 0xd6, 0xff, 0xe9, 0xb7, 0xd8, 0xff, 0xe9, 0xb8, 0xd8, 0xff,
  0xe9, 0xb5, 0xd5, 0xff, 0xed, 0xe1, 0xf0, 0xff, 0xee, 0xf0, 0xf9, 0xff,
  0xeb, 0xeb, 0xf6, 0xff, 0xe5, 0xe5, 0xf1, 0xff, 0xdc, 0xdd, 0xeb, 0xff,
  0xd6, 0xd6, 0xe4, 0xff, 0xcc, 0xcb, 0xdd, 0xff, 0xc2, 0xbf, 0xd3, 0xff,
  0xb8, 0xb4, 0xc9, 0xff, 0xac, 0xa7, 0xbf, 0xff, 0x9f, 0x98, 0xb2, 0xff,
  0x93, 0x8b, 0xa8, 0xff, 0x8a, 0x80, 0xa2, 0xff, 0x83, 0x77, 0x9f, 0xff,
  0x7d, 0x6e, 0xa1, 0xff, 0x7a, 0x68, 0xa9, 0xff, 0x7f, 0x6c, 0xb8, 0xff,
  0x55, 0x36, 0x5e, 0xff, 0x4c, 0x23, 0x3b, 0xff, 0x59, 0x30, 0x4d, 0xff,
  0x61, 0x37, 0x54, 0xff, 0x6a, 0x3d, 0x5b, 0xff, 0x73, 0x44, 0x64, 0xff,
  0x7c, 0x4b, 0x6c, 0xff, 0x87, 0x53, 0x75, 0xff, 0x91, 0x5b, 0x7e, 0xff,
  0x9a, 0x62, 0x87, 0xff, 0xa4, 0x6b, 0x91, 0xff, 0xac, 0x73, 0x99, 0xff,
  0xb2, 0x7a, 0xa2, 0xff, 0xbd, 0x81, 0xa4, 0xff, 0xc2, 0x86, 0xa9, 0xff,
  0x8b, 0x84, 0xd7, 0xff, 0x5d, 0x8b, 0xff, 0xff, 0x75, 0x9f, 0xfc, 0xff,
  0x80, 0xa4, 0xfa, 0xff, 0x6d, 0x91, 0xfb, 0xff, 0x5c, 0x7e, 0xfb, 0xff,
  0x54, 0x77, 0xfc, 0xff, 0x4e, 0x71, 0xfc, 0xff, 0x49, 0x6d, 0xfa, 0xff,
  0x42, 0x67, 0xf7, 0xff, 0x3b, 0x62, 0xf2, 0xff, 0x33, 0x57, 0xe4, 0xff,
  0x28, 0x4a, 0xcc, 0xff, 0x25, 0x43, 0xc1, 0xff, 0x33, 0x42, 0xa8, 0xff,
  0x55, 0x3a, 0x64, 0xff, 0x72, 0x42, 0x59, 0xff, 0x83, 0x53, 0x74, 0xff,
  0x99, 0x63, 0x84, 0xff, 0xaf, 0x75, 0x97, 0xff, 0xbf, 0x85, 0xa7, 0xff,
  0xca, 0x90, 0xb3, 0xff, 0xd1, 0x98, 0xbb, 0xff, 0xd6, 0x9f, 0xc0, 0xff,
  0xd9, 0xa2, 0xc4, 0xff, 0xdb, 0xa6, 0xc7, 0xff, 0xdd, 0xa8, 0xc9, 0xff,
  0xde, 0xaa, 0xcb, 0xff, 0xde, 0xab, 0xcd, 0xff, 0xdf, 0xad, 0xce, 0xff,
  0xdd, 0xad, 0xcf, 0xff, 0xe1, 0xac, 0xcd, 0xff, 0xe5, 0xac, 0xcd, 0xff,
  0xde, 0xac, 0xce, 0xff, 0xdf, 0xab, 0xcc, 0xff, 0xdd, 0xa8, 0xca, 0xff,
  0xdc, 0xa6, 0xc8, 0xff, 0xd6, 0xa1, 0xc3, 0xff, 0xd1, 0x9a, 0xbc, 0xff,
  0xb6, 0x83, 0xaa, 0xff, 0x43, 0x68, 0xbf, 0xff, 0x22, 0x55, 0xb2, 0xff,
  0x8f, 0x68, 0x90, 0xff, 0xd5, 0x97, 0xb6, 0xff, 0xde, 0xa8, 0xc9, 0xff,
  0xe3, 0xac, 0xcd, 0xff, 0xe2, 0xac, 0xcd, 0xff, 0xe3, 0xac, 0xcd, 0xff,
  0xe3, 0xac, 0xcd, 0xff, 0xe2, 0xab, 0xcc, 0xff, 0xdf, 0xa7, 0xc8, 0xff,
  0xd9, 0x9e, 0xc0, 0xff, 0xcc, 0x8e, 0xb0, 0xff, 0xc8, 0x8d, 0xac, 0xff,
  0xf6, 0xcc, 0xe6, 0x7b, 0xf3, 0xc6, 0xe1, 0xff, 0xf0, 0xc3, 0xdf, 0xff,
  0xeb, 0xbb, 0xd9, 0xff, 0xe8, 0xb5, 0xd4, 0xff, 0xe6, 0xb3, 0xd2, 0xff,
  0xe7, 0xb3, 0xd2, 0xff, 0xe7, 0xb3, 0xd2, 0xff, 0xe6, 0xb3, 0xd2, 0xff,
  0xe5, 0xb2, 0xd1, 0xff, 0xe6, 0xb2, 0xd1, 0xff, 0xe5, 0xb1, 0xd1, 0xff,
  0xe6, 0xb2, 0xd2, 0xff, 0xe7, 0xb3, 0xd3, 0xff, 0xe8, 0xb4, 0xd4, 0xff,
  0xe8, 0xb4, 0xd4, 0xff, 0xe8, 0xb4, 0xd5, 0xff, 0xe8, 0xb4, 0xd5, 0xff,
  0xe9, 0xb5, 0xd6, 0xff, 0xe9, 0xb7, 0xd7, 0xff, 0xe8, 0xb4, 0xd6, 0xff,
  0xe8, 0xbd, 0xd9, 0xff, 0xee, 0xec, 0xf7, 0xff, 0xec, 0xed, 0xf7, 0xff,
  0xe8, 0xe8, 0xf3, 0xff, 0xe0, 0xe1, 0xed, 0xff, 0xd6, 0xd7, 0xe6, 0xff,
  0xcc, 0xcc, 0xdd, 0xff, 0xc2, 0xc0, 0xd4, 0xff, 0xb5, 0xb3, 0xc8, 0xff,
  0xa9, 0xa4, 0xbc, 0xff, 0x9c, 0x96, 0xb0, 0xff, 0x90, 0x88, 0xa6, 0xff,
  0x87, 0x7c, 0xa1, 0xff, 0x81, 0x74, 0xa1, 0xff, 0x7d, 0x6c, 0xa6, 0xff,
  0x7d, 0x69, 0xb0, 0xff, 0x77, 0x60, 0xa7, 0xff, 0x61, 0x41, 0x70, 0xff,
  0x58, 0x30, 0x4c, 0xff, 0x5e, 0x35, 0x52, 0xff, 0x63, 0x39, 0x56, 0xff,
  0x6c, 0x3f, 0x5d, 0xff, 0x75, 0x45, 0x65, 0xff, 0x7d, 0x4b, 0x6d, 0xff,
  0x88, 0x53, 0x76, 0xff, 0x92, 0x5a, 0x7f, 0xff, 0x9b, 0x62, 0x88, 0xff,
  0xa5, 0x6b, 0x91, 0xff, 0xad, 0x73, 0x9a, 0xff, 0xb3, 0x7b, 0xa3, 0xff,
  0xc1, 0x82, 0xa2, 0xff, 0xb4, 0x84, 0xb3, 0xff, 0x76, 0x83, 0xe8, 0xff,
  0x61, 0x8c, 0xff, 0xff, 0x7f, 0x9f, 0xfb, 0xff, 0x7f, 0x9d, 0xfb, 0xff,
  0x69, 0x89, 0xfb, 0xff, 0x5a, 0x79, 0xfb, 0xff, 0x54, 0x73, 0xfb, 0xff,
  0x50, 0x6e, 0xfc, 0xff, 0x4b, 0x6b, 0xfa, 0xff, 0x46, 0x67, 0xf7, 0xff,
  0x3e, 0x5e, 0xf0, 0xff, 0x34, 0x54, 0xe2, 0xff, 0x29, 0x44, 0xc9, 0xff,
  0x28, 0x40, 0xbf, 0xff, 0x39, 0x3e, 0x9a, 0xff, 0x5e, 0x3b, 0x5b, 0xff,
  0x75, 0x46, 0x5e, 0xff, 0x87, 0x56, 0x78, 0xff, 0xa0, 0x69, 0x8a, 0xff,
  0xb5, 0x7b, 0x9d, 0xff, 0xc5, 0x8b, 0xad, 0xff, 0xce, 0x95, 0xb7, 0xff,
  0xd4, 0x9b, 0xbe, 0xff, 0xd8, 0xa1, 0xc2, 0xff, 0xdb, 0xa5, 0xc6, 0xff,
  0xdc, 0xa7, 0xc8, 0xff, 0xdd, 0xaa, 0xcb, 0xff, 0xde, 0xac, 0xcc, 0xff,
  0xdf, 0xad, 0xce, 0xff, 0xe0, 0xb0, 0xd0, 0xff, 0xdd, 0xb0, 0xd1, 0xff,
  0xe2, 0xaf, 0xcf, 0xff, 0xd3, 0xb0, 0xd5, 0xff, 0xc6, 0xb0, 0xda, 0xff,
  0xe4, 0xad, 0xcd, 0xff, 0xde, 0xab, 0xcc, 0xff, 0xde, 0xaa, 0xcc, 0xff,
  0xdd, 0xa8, 0xca, 0xff, 0xdc, 0xa6, 0xc8, 0xff, 0xd8, 0xa2, 0xc4, 0xff,
  0xd3, 0x9a, 0xba, 0xff, 0xb3, 0x7c, 0x9e, 0xff, 0x8a, 0x5b, 0x7d, 0xff,
  0xb2, 0x76, 0x92, 0xff, 0xd4, 0x9a, 0xbc, 0xff, 0xdf, 0xa9, 0xc9, 0xff,
  0xe3, 0xac, 0xcd, 0xff, 0xe4, 0xad, 0xce, 0xff, 0xe3, 0xac, 0xcd, 0xff,
  0xe4, 0xad, 0xcd, 0xff, 0xe3, 0xab, 0xcc, 0xff, 0xdf, 0xa7, 0xc8, 0xff,
  0xd7, 0x9c, 0xbd, 0xff, 0xca, 0x8c, 0xad, 0xff, 0xca, 0x90, 0xae, 0x7b,
  0xf6, 0xce, 0xe6, 0x6e, 0xf2, 0xc5, 0xe1, 0xff, 0xf0, 0xc3, 0xdf, 0xff,
  0xec, 0xbc, 0xda, 0xff, 0xe8, 0xb6, 0xd4, 0xff, 0xe7, 0xb3, 0xd3, 0xff,
  0xe6, 0xb2, 0xd2, 0xff, 0xe6, 0xb2, 0xd1, 0xff, 0xe5, 0xb1, 0xd2, 0xff,
  0xe5, 0xb2, 0xd1, 0xff, 0xe6, 0xb3, 0xd2, 0xff, 0xe6, 0xb3, 0xd2, 0xff,
  0xe6, 0xb3, 0xd2, 0xff, 0xe7, 0xb4, 0xd4, 0xff, 0xe7, 0xb4, 0xd4, 0xff,
  0xe7, 0xb3, 0xd4, 0xff, 0xe7, 0xb3, 0xd4, 0xff, 0xe7, 0xb3, 0xd5, 0xff,
  0xe8, 0xb6, 0xd6, 0xff, 0xe9, 0xb7, 0xd7, 0xff, 0xe7, 0xb2, 0xd4, 0xff,
  0xe9, 0xcc, 0xe3, 0xff, 0xee, 0xf0, 0xfa, 0xff, 0xea, 0xe9, 0xf4, 0xff,
  0xe4, 0xe4, 0xf0, 0xff, 0xda, 0xda, 0xe9, 0xff, 0xd0, 0xcf, 0xe0, 0xff,
  0xc4, 0xc2, 0xd5, 0xff, 0xb5, 0xb2, 0xc8, 0xff, 0xa6, 0xa1, 0xb9, 0xff,
  0x98, 0x91, 0xad, 0xff, 0x8c, 0x82, 0xa4, 0xff, 0x84, 0x78, 0xa0, 0xff,
  0x7f, 0x6f, 0xa2, 0xff, 0x7d, 0x6b, 0xad, 0xff, 0x7a, 0x66, 0xaf, 0xff,
  0x6e, 0x54, 0x8e, 0xff, 0x5e, 0x37, 0x5b, 0xff, 0x5a, 0x2e, 0x4a, 0xff,
  0x63, 0x37, 0x56, 0xff, 0x68, 0x3c, 0x5b, 0xff, 0x6f, 0x42, 0x61, 0xff,
  0x77, 0x48, 0x68, 0xff, 0x81, 0x4e, 0x70, 0xff, 0x8a, 0x54, 0x78, 0xff,
  0x92, 0x5b, 0x81, 0xff, 0x9c, 0x62, 0x89, 0xff, 0xa5, 0x6b, 0x92, 0xff,
  0xab, 0x72, 0x9a, 0xff, 0xb6, 0x7c, 0xa1, 0xff, 0xc1, 0x83, 0xa3, 0xff,
  0x9e, 0x7e, 0xc4, 0xff, 0x66, 0x7e, 0xf7, 0xff, 0x6c, 0x8f, 0xff, 0xff,
  0x82, 0x9c, 0xfa, 0xff, 0x77, 0x90, 0xfc, 0xff, 0x62, 0x7b, 0xfb, 0xff,
  0x5a, 0x73, 0xfc, 0xff, 0x55, 0x6e, 0xfc, 0xff, 0x51, 0x6c, 0xfb, 0xff,
  0x4b, 0x66, 0xf9, 0xff, 0x46, 0x62, 0xf6, 0xff, 0x3e, 0x5a, 0xee, 0xff,
  0x34, 0x4f, 0xdf, 0xff, 0x2a, 0x41, 0xc4, 0xff, 0x2a, 0x3c, 0xbc, 0xff,
  0x3f, 0x3a, 0x90, 0xff, 0x63, 0x3c, 0x56, 0xff, 0x77, 0x48, 0x64, 0xff,
  0x8c, 0x5a, 0x7b, 0xff, 0xa5, 0x6e, 0x8f, 0xff, 0xba, 0x7f, 0xa1, 0xff,
  0xc7, 0x8e, 0xb0, 0xff, 0xd0, 0x97, 0xba, 0xff, 0xd6, 0x9e, 0xc1, 0xff,
  0xd9, 0xa2, 0xc4, 0xff, 0xdb, 0xa5, 0xc7, 0xff, 0xdd, 0xa8, 0xc9, 0xff,
  0xde, 0xab, 0xcc, 0xff, 0xde, 0xac, 0xcd, 0xff, 0xdf, 0xae, 0xcf, 0xff,
  0xe0, 0xb0, 0xd0, 0xff, 0xdf, 0xb3, 0xd4, 0xff, 0xe5, 0xb4, 0xd3, 0xff,
  0xcc, 0xb5, 0xdb, 0xff, 0x7a, 0xc7, 0xf9, 0xff, 0x5f, 0xbe, 0xff, 0xff,
  0x92, 0xa5, 0xe5, 0xff, 0xe7, 0xab, 0xc9, 0xff, 0xdd, 0xab, 0xcd, 0xff,
  0xdf, 0xaa, 0xcc, 0xff, 0xdf, 0xaa, 0xcb, 0xff, 0xdd, 0xa6, 0xc8, 0xff,
  0xd8, 0xa1, 0xc4, 0xff, 0xd3, 0x99, 0xbc, 0xff, 0xcd, 0x90, 0xb0, 0xff,
  0xd0, 0x94, 0xb7, 0xff, 0xdb, 0xa2, 0xc3, 0xff, 0xe0, 0xaa, 0xca, 0xff,
  0xe2, 0xac, 0xcc, 0xff, 0xe3, 0xac, 0xcd, 0xff, 0xe3, 0xac, 0xcd, 0xff,
  0xe4, 0xad, 0xce, 0xff, 0xe3, 0xac, 0xcd, 0xff, 0xdf, 0xa7, 0xc7, 0xff,
  0xd8, 0x9e, 0xbe, 0xff, 0xca, 0x8c, 0xad, 0xff, 0xcd, 0x96, 0xb2, 0x6e,
  0xf6, 0xce, 0xe6, 0x59, 0xf2, 0xc3, 0xe0, 0xff, 0xef, 0xc2, 0xdf, 0xff,
  0xec, 0xbd, 0xda, 0xff, 0xe9, 0xb7, 0xd5, 0xff, 0xe7, 0xb3, 0xd3, 0xff,
  0xe6, 0xb2, 0xd2, 0xff, 0xe5, 0xb1, 0xd1, 0xff, 0xe5, 0xb1, 0xd1, 0xff,
  0xe6, 0xb2, 0xd2, 0xff, 0xe7, 0xb3, 0xd3, 0xff, 0xe7, 0xb4, 0xd3, 0xff,
  0xe7, 0xb4, 0xd3, 0xff, 0xe8, 0xb4, 0xd4, 0xff, 0xe8, 0xb4, 0xd5, 0xff,
  0xe7, 0xb4, 0xd3, 0xff, 0xe7, 0xb4, 0xd5, 0xff, 0xe8, 0xb6, 0xd6, 0xff,
  0xe8, 0xb6, 0xd7, 0xff, 0xe9, 0xb7, 0xd8, 0xff, 0xe6, 0xb1, 0xd4, 0xff,
  0xea, 0xdb, 0xed, 0xff, 0xec, 0xef, 0xf9, 0xff, 0xe7, 0xe7, 0xf2, 0xff,
  0xde, 0xde, 0xeb, 0xff, 0xd2, 0xd2, 0xe2, 0xff, 0xc4, 0xc3, 0xd6, 0xff,
  0xb5, 0xb2, 0xc9, 0xff, 0xa5, 0xa0, 0xba, 0xff, 0x95, 0x8d, 0xab, 0xff,
  0x89, 0x7e, 0xa2, 0xff, 0x82, 0x73, 0xa2, 0xff, 0x7e, 0x6d, 0xaa, 0xff,
  0x7b, 0x68, 0xb1, 0xff, 0x70, 0x57, 0x9b, 0xff, 0x61, 0x3e, 0x69, 0xff,
  0x5a, 0x2f, 0x4b, 0xff, 0x60, 0x34, 0x52, 0xff, 0x6a, 0x3d, 0x5e, 0xff,
  0x6e, 0x40, 0x61, 0xff, 0x77, 0x46, 0x67, 0xff, 0x7d, 0x4b, 0x6d, 0xff,
  0x85, 0x50, 0x74, 0xff, 0x8e, 0x57, 0x7c, 0xff, 0x97, 0x5e, 0x84, 0xff,
  0x9f, 0x65, 0x8c, 0xff, 0xa5, 0x6a, 0x94, 0xff, 0xac, 0x72, 0x9b, 0xff,
  0xbb, 0x7c, 0x9c, 0xff, 0xb5, 0x7d, 0xa9, 0xff, 0x83, 0x77, 0xdc, 0xff,
  0x64, 0x7e, 0xff, 0xff, 0x7c, 0x92, 0xfd, 0xff, 0x86, 0x98, 0xfb, 0xff,
  0x74, 0x88, 0xfc, 0xff, 0x61, 0x74, 0xfb, 0xff, 0x58, 0x6d, 0xfc, 0xff,
  0x54, 0x69, 0xfc, 0xff, 0x50, 0x66, 0xfb, 0xff, 0x4d, 0x63, 0xf9, 0xff,
  0x48, 0x5e, 0xf3, 0xff, 0x3e, 0x54, 0xeb, 0xff, 0x33, 0x49, 0xda, 0xff,
  0x29, 0x3c, 0xc1, 0xff, 0x2c, 0x3a, 0xb8, 0xff, 0x45, 0x3a, 0x87, 0xff,
  0x69, 0x3f, 0x55, 0xff, 0x7c, 0x4d, 0x6a, 0xff, 0x93, 0x5e, 0x7f, 0xff,
  0xaa, 0x6f, 0x91, 0xff, 0xbd, 0x82, 0xa5, 0xff, 0xc9, 0x90, 0xb2, 0xff,
  0xd1, 0x98, 0xbb, 0xff, 0xd7, 0xa0, 0xc1, 0xff, 0xdb, 0xa4, 0xc6, 0xff,
  0xdc, 0xa7, 0xc8, 0xff, 0xde, 0xa8, 0xca, 0xff, 0xde, 0xaa, 0xcb, 0xff,
  0xdf, 0xac, 0xcd, 0xff, 0xdf, 0xad, 0xce, 0xff, 0xdf, 0xaf, 0xd0, 0xff,
  0xdf, 0xb2, 0xd3, 0xff, 0xe2, 0xb5, 0xd4, 0xff, 0xdf, 0xb6, 0xd8, 0xff,
  0x7a, 0xc0, 0xf7, 0xff, 0x79, 0xcd, 0xfe, 0xff, 0x69, 0xbc, 0xfc, 0xff,
  0x3d, 0xa1, 0xff, 0xff, 0xad, 0x9e, 0xd3, 0xff, 0xe5, 0xa9, 0xc7, 0xff,
  0xdd, 0xaa, 0xce, 0xff, 0xdf, 0xaa, 0xcc, 0xff, 0xdf, 0xa9, 0xca, 0xff,
  0xdf, 0xa8, 0xca, 0xff, 0xdb, 0xa5, 0xc7, 0xff, 0xda, 0xa2, 0xc4, 0xff,
  0xdd, 0xa5, 0xc6, 0xff, 0xdf, 0xa8, 0xc9, 0xff, 0xe1, 0xaa, 0xcb, 0xff,
  0xe2, 0xac, 0xcc, 0xff, 0xe3, 0xac, 0xcd, 0xff, 0xe3, 0xad, 0xcd, 0xff,
  0xe4, 0xad, 0xcd, 0xff, 0xe2, 0xab, 0xcc, 0xff, 0xdf, 0xa7, 0xc8, 0xff,
  0xd8, 0x9e, 0xbf, 0xff, 0xca, 0x8c, 0xad, 0xff, 0xcd, 0x99, 0xb4, 0x59,
  0xf6, 0xce, 0xe6, 0x3b, 0xf2, 0xc2, 0xe0, 0xff, 0xef, 0xc1, 0xde, 0xff,
  0xec, 0xbc, 0xda, 0xff, 0xe8, 0xb6, 0xd5, 0xff, 0xe6, 0xb3, 0xd3, 0xff,
  0xe6, 0xb2, 0xd2, 0xff, 0xe6, 0xb2, 0xd2, 0xff, 0xe6, 0xb1, 0xd1, 0xff,
  0xe6, 0xb1, 0xd1, 0xff, 0xe6, 0xb2, 0xd2, 0xff, 0xe7, 0xb3, 0xd3, 0xff,
  0xe7, 0xb3, 0xd3, 0xff, 0xe7, 0xb3, 0xd3, 0xff, 0xe8, 0xb4, 0xd4, 0xff,
  0xe8, 0xb4, 0xd4, 0xff, 0xe9, 0xb5, 0xd5, 0xff, 0xe8, 0xb4, 0xd6, 0xff,
  0xe8, 0xb5, 0xd7, 0xff, 0xe7, 0xb4, 0xd8, 0xff, 0xe8, 0xb2, 0xd5, 0xff,
  0xeb, 0xe0, 0xeb, 0xff, 0xea, 0xec, 0xf6, 0xff, 0xe1, 0xe0, 0xee, 0xff,
  0xd4, 0xd4, 0xe4, 0xff, 0xc7, 0xc5, 0xd8, 0xff, 0xb4, 0xb1, 0xc8, 0xff,
  0xa2, 0x9b, 0xb6, 0xff, 0x92, 0x89, 0xa9, 0xff, 0x85, 0x79, 0xa1, 0xff,
  0x7f, 0x6f, 0xa6, 0xff, 0x7c, 0x6b, 0xb1, 0xff, 0x76, 0x5f, 0xa4, 0xff,
  0x64, 0x43, 0x76, 0xff, 0x5b, 0x31, 0x50, 0xff, 0x5f, 0x32, 0x4f, 0xff,
  0x68, 0x3c, 0x5c, 0xff, 0x6e, 0x41, 0x62, 0xff, 0x74, 0x45, 0x66, 0xff,
  0x7d, 0x4b, 0x6d, 0xff, 0x86, 0x51, 0x75, 0xff, 0x8d, 0x56, 0x7b, 0xff,
  0x94, 0x5b, 0x80, 0xff, 0x9b, 0x61, 0x88, 0xff, 0xa2, 0x67, 0x8f, 0xff,
  0xa9, 0x6e, 0x98, 0xff, 0xb3, 0x76, 0x9b, 0xff, 0xba, 0x7b, 0x9d, 0xff,
  0x9e, 0x76, 0xbe, 0xff, 0x6e, 0x72, 0xf2, 0xff, 0x6c, 0x80, 0xff, 0xff,
  0x87, 0x94, 0xfb, 0xff, 0x84, 0x90, 0xfb, 0xff, 0x70, 0x7c, 0xfc, 0xff,
  0x62, 0x6e, 0xfc, 0xff, 0x5b, 0x68, 0xfc, 0xff, 0x54, 0x62, 0xfb, 0xff,
  0x50, 0x5e, 0xfa, 0xff, 0x4d, 0x5d, 0xf8, 0xff, 0x48, 0x5a, 0xf3, 0xff,
  0x41, 0x52, 0xe9, 0xff, 0x34, 0x45, 0xd7, 0xff, 0x2a, 0x38, 0xbd, 0xff,
  0x2d, 0x36, 0xb5, 0xff, 0x48, 0x38, 0x7d, 0xff, 0x6b, 0x3f, 0x54, 0xff,
  0x7e, 0x4f, 0x6d, 0xff, 0x97, 0x61, 0x81, 0xff, 0xae, 0x73, 0x95, 0xff,
  0xbf, 0x83, 0xa6, 0xff, 0xca, 0x90, 0xb3, 0xff, 0xd2, 0x99, 0xbc, 0xff,
  0xd7, 0xa0, 0xc1, 0xff, 0xda, 0xa4, 0xc5, 0xff, 0xdd, 0xa8, 0xc9, 0xff,
  0xdf, 0xab, 0xcb, 0xff, 0xdf, 0xab, 0xcc, 0xff, 0xe0, 0xac, 0xcd, 0xff,
  0xdf, 0xad, 0xce, 0xff, 0xdf, 0xae, 0xd0, 0xff, 0xde, 0xb1, 0xd2, 0xff,
  0xdf, 0xb3, 0xd4, 0xff, 0xe5, 0xb6, 0xd5, 0xff, 0x8d, 0xbe, 0xf1, 0xff,
  0x6b, 0xc8, 0xff, 0xff, 0x80, 0xc8, 0xfc, 0xff, 0x5e, 0xb4, 0xfc, 0xff,
  0x43, 0xa2, 0xfe, 0xff, 0x4f, 0x8f, 0xee, 0xff, 0xd4, 0xa0, 0xc3, 0xff,
  0xde, 0xa8, 0xca, 0xff, 0xde, 0xa9, 0xcc, 0xff, 0xe0, 0xaa, 0xcc, 0xff,
  0xe2, 0xac, 0xcd, 0xff, 0xdf, 0xa8, 0xca, 0xff, 0xde, 0xa7, 0xc8, 0xff,
  0xdf, 0xa8, 0xc9, 0xff, 0xe1, 0xaa, 0xca, 0xff, 0xe2, 0xac, 0xcc, 0xff,
  0xe3, 0xac, 0xcd, 0xff, 0xe3, 0xac, 0xcc, 0xff, 0xe3, 0xac, 0xcd, 0xff,
  0xe3, 0xab, 0xcc, 0xff, 0xe2, 0xaa, 0xcb, 0xff, 0xde, 0xa5, 0xc6, 0xff,
  0xd7, 0x9d, 0xbd, 0xff, 0xc9, 0x8a, 0xac, 0xff, 0xcf, 0x9b, 0xb6, 0x3b,
  0xf5, 0xd0, 0xe7, 0x15, 0xf1, 0xc1, 0xdf, 0xff, 0xef, 0xc2, 0xdf, 0xff,
  0xec, 0xbc, 0xda, 0xff, 0xe8, 0xb5, 0xd4, 0xff, 0xe6, 0xb2, 0xd2, 0xff,
  0xe7, 0xb2, 0xd2, 0xff, 0xe7, 0xb2, 0xd2, 0xff, 0xe6, 0xb1, 0xd1, 0xff,
  0xe6, 0xb1, 0xd1, 0xff, 0xe6, 0xb2, 0xd2, 0xff, 0xe7, 0xb2, 0xd3, 0xff,
  0xe7, 0xb3, 0xd3, 0xff, 0xe6, 0xb2, 0xd3, 0xff, 0xe7, 0xb3, 0xd3, 0xff,
  0xe7, 0xb3, 0xd4, 0xff, 0xe7, 0xb1, 0xd4, 0xff, 0xe7, 0xb1, 0xd5, 0xff,
  0xe7, 0xb1, 0xd7, 0xff, 0xea, 0xb4, 0xd8, 0xff, 0xe0, 0xac, 0xdd, 0xff,
  0xaf, 0x9b, 0xea, 0xff, 0xd8, 0xd8, 0xe8, 0xff, 0xda, 0xd9, 0xe6, 0xff,
  0xc7, 0xc5, 0xd9, 0xff, 0xb4, 0xb0, 0xc7, 0xff, 0x9d, 0x96, 0xb3, 0xff,
  0x8b, 0x80, 0xa4, 0xff, 0x80, 0x72, 0xa3, 0xff, 0x7b, 0x6b, 0xad, 0xff,
  0x74, 0x60, 0xa6, 0xff, 0x66, 0x47, 0x7e, 0xff, 0x5d, 0x34, 0x57, 0xff,
  0x5e, 0x31, 0x4f, 0xff, 0x67, 0x3a, 0x5b, 0xff, 0x6f, 0x41, 0x62, 0xff,
  0x75, 0x45, 0x67, 0xff, 0x7d, 0x4c, 0x6e, 0xff, 0x85, 0x50, 0x74, 0xff,
  0x8b, 0x54, 0x79, 0xff, 0x93, 0x5a, 0x80, 0xff, 0x9b, 0x61, 0x87, 0xff,
  0xa2, 0x66, 0x8e, 0xff, 0xa6, 0x6b, 0x95, 0xff, 0xae, 0x72, 0x99, 0xff,
  0xba, 0x79, 0x99, 0xff, 0xad, 0x78, 0xad, 0xff, 0x82, 0x6f, 0xdd, 0xff,
  0x69, 0x73, 0xff, 0xff, 0x7d, 0x86, 0xfd, 0xff, 0x8a, 0x90, 0xf8, 0xff,
  0x7d, 0x84, 0xfa, 0xff, 0x6a, 0x6f, 0xfa, 0xff, 0x61, 0x66, 0xfb, 0xff,
  0x5d, 0x62, 0xfb, 0xff, 0x58, 0x60, 0xfa, 0xff, 0x51, 0x5b, 0xf9, 0xff,
  0x4c, 0x56, 0xf6, 0xff, 0x48, 0x54, 0xef, 0xff, 0x40, 0x4d, 0xe6, 0xff,
  0x34, 0x41, 0xd2, 0xff, 0x2c, 0x35, 0xba, 0xff, 0x31, 0x36, 0xb1, 0xff,
  0x4c, 0x37, 0x76, 0xff, 0x6d, 0x40, 0x56, 0xff, 0x80, 0x50, 0x6f, 0xff,
  0x97, 0x60, 0x81, 0xff, 0xb0, 0x75, 0x97, 0xff, 0xc0, 0x85, 0xa8, 0xff,
  0xcb, 0x90, 0xb3, 0xff, 0xd3, 0x9a, 0xbc, 0xff, 0xd8, 0xa0, 0xc2, 0xff,
  0xda, 0xa3, 0xc5, 0xff, 0xdc, 0xa6, 0xc7, 0xff, 0xdd, 0xa9, 0xca, 0xff,
  0xdf, 0xab, 0xcc, 0xff, 0xdf, 0xad, 0xcd, 0xff, 0xe0, 0xae, 0xce, 0xff,
  0xde, 0xae, 0xd0, 0xff, 0xdf, 0xb0, 0xd1, 0xff, 0xdf, 0xb4, 0xd5, 0xff,
  0xe6, 0xb5, 0xd4, 0xff, 0x98, 0xbd, 0xed, 0xff, 0x64, 0xc6, 0xff, 0xff,
  0x84, 0xcc, 0xfc, 0xff, 0x6e, 0xbd, 0xfc, 0xff, 0x53, 0xaa, 0xfc, 0xff,
  0x48, 0xa0, 0xfb, 0xff, 0x32, 0x90, 0xf9, 0xff, 0x84, 0x8d, 0xd2, 0xff,
  0xe1, 0xa3, 0xc0, 0xff, 0xdc, 0xa8, 0xcc, 0xff, 0xe0, 0xaa, 0xcc, 0xff,
  0xe1, 0xab, 0xcc, 0xff, 0xe1, 0xaa, 0xcc, 0xff, 0xe0, 0xa9, 0xcb, 0xff,
  0xe1, 0xaa, 0xcb, 0xff, 0xe2, 0xab, 0xcc, 0xff, 0xe4, 0xad, 0xce, 0xff,
  0xe4, 0xae, 0xce, 0xff, 0xe2, 0xac, 0xcc, 0xff, 0xe2, 0xab, 0xcc, 0xff,
  0xe3, 0xab, 0xcc, 0xff, 0xe1, 0xa9, 0xcb, 0xff, 0xdc, 0xa4, 0xc5, 0xff,
  0xd6, 0x9b, 0xbc, 0xff, 0xc9, 0x89, 0xab, 0xff, 0xd0, 0x9f, 0xb9, 0x15,
  0xf6, 0xd3, 0xe8, 0x00, 0xf2, 0xc0, 0xdf, 0xe1, 0xf0, 0xc1, 0xde, 0xff,
  0xeb, 0xba, 0xd8, 0xff, 0xe6, 0xb4, 0xd3, 0xff, 0xe6, 0xb2, 0xd2, 0xff,
  0xe6, 0xb2, 0xd1, 0xff, 0xe6, 0xb1, 0xd1, 0xff, 0xe6, 0xb1, 0xd1, 0xff,
  0xe6, 0xb1, 0xd1, 0xff, 0xe6, 0xb2, 0xd2, 0xff, 0xe7, 0xb3, 0xd2, 0xff,
  0xe7, 0xb3, 0xd3, 0xff, 0xe6, 0xb1, 0xd2, 0xff, 0xe6, 0xb2, 0xd2, 0xff,
  0xe8, 0xb2, 0xd4, 0xff, 0xe7, 0xb2, 0xd5, 0xff, 0xe7, 0xb1, 0xd6, 0xff,
  0xe7, 0xb1, 0xd7, 0xff, 0xe6, 0xb0, 0xd9, 0xff, 0xac, 0x8f, 0xf6, 0xff,
  0x97, 0x88, 0xfe, 0xff, 0x89, 0x79, 0xe7, 0xff, 0xb8, 0xb3, 0xd2, 0xff,
  0xb6, 0xb1, 0xc6, 0xff, 0x96, 0x8d, 0xad, 0xff, 0x85, 0x7a, 0xa6, 0xff,
  0x7c, 0x6e, 0xad, 0xff, 0x72, 0x5f, 0xa6, 0xff, 0x65, 0x48, 0x82, 0xff,
  0x5c, 0x34, 0x5a, 0xff, 0x5e, 0x31, 0x4f, 0xff, 0x67, 0x39, 0x5b, 0xff,
  0x6f, 0x40, 0x64, 0xff, 0x76, 0x45, 0x68, 0xff, 0x7e, 0x4c, 0x6f, 0xff,
  0x84, 0x50, 0x74, 0xff, 0x8d, 0x56, 0x7c, 0xff, 0x96, 0x5d, 0x84, 0xff,
  0x9a, 0x60, 0x87, 0xff, 0xa1, 0x66, 0x8e, 0xff, 0xa6, 0x6c, 0x95, 0xff,
  0xae, 0x72, 0x98, 0xff, 0xb9, 0x78, 0x98, 0xff, 0xb3, 0x79, 0xa4, 0xff,
  0x8f, 0x6f, 0xcc, 0xff, 0x6d, 0x6a, 0xf8, 0xff, 0x75, 0x7a, 0xff, 0xff,
  0x8c, 0x8e, 0xfa, 0xff, 0x89, 0x89, 0xfa, 0xff, 0x76, 0x76, 0xfa, 0xff,
  0x67, 0x66, 0xfa, 0xff, 0x63, 0x62, 0xfb, 0xff, 0x5f, 0x60, 0xfa, 0xff,
  0x58, 0x5a, 0xfa, 0xff, 0x53, 0x57, 0xf8, 0xff, 0x4d, 0x54, 0xf6, 0xff,
  0x47, 0x4e, 0xf0, 0xff, 0x3f, 0x48, 0xe4, 0xff, 0x33, 0x3a, 0xcd, 0xff,
  0x2c, 0x32, 0xb7, 0xff, 0x33, 0x31, 0xab, 0xff, 0x4f, 0x35, 0x6c, 0xff,
  0x6f, 0x42, 0x56, 0xff, 0x82, 0x51, 0x70, 0xff, 0x99, 0x63, 0x83, 0xff,
  0xb1, 0x75, 0x98, 0xff, 0xc0, 0x85, 0xa8, 0xff, 0xcb, 0x92, 0xb4, 0xff,
  0xd2, 0x9a, 0xbc, 0xff, 0xd7, 0x9f, 0xc1, 0xff, 0xdb, 0xa3, 0xc5, 0xff,
  0xdc, 0xa6, 0xc7, 0xff, 0xde, 0xa8, 0xc9, 0xff, 0xdf, 0xaa, 0xcb, 0xff,
  0xe0, 0xad, 0xcd, 0xff, 0xdf, 0xad, 0xcd, 0xff, 0xde, 0xae, 0xcf, 0xff,
  0xde, 0xaf, 0xd1, 0xff, 0xdd, 0xb2, 0xd4, 0xff, 0xe7, 0xb5, 0xd5, 0xff,
  0xa1, 0xbc, 0xeb, 0xff, 0x61, 0xc3, 0xff, 0xff, 0x82, 0xcb, 0xfc, 0xff,
  0x79, 0xc5, 0xfc, 0xff, 0x5e, 0xb2, 0xfc, 0xff, 0x4c, 0xa3, 0xfc, 0xff,
  0x44, 0x9e, 0xfc, 0xff, 0x3a, 0x94, 0xf8, 0xff, 0x3f, 0x85, 0xe9, 0xff,
  0xc0, 0x95, 0xc0, 0xff, 0xdd, 0xa5, 0xc5, 0xff, 0xde, 0xa9, 0xcb, 0xff,
  0xe1, 0xaa, 0xcc, 0xff, 0xe2, 0xab, 0xcd, 0xff, 0xe2, 0xab, 0xcc, 0xff,
  0xe1, 0xab, 0xcc, 0xff, 0xe3, 0xac, 0xcd, 0xff, 0xe3, 0xad, 0xce, 0xff,
  0xe4, 0xad, 0xce, 0xff, 0xe4, 0xad, 0xce, 0xff, 0xe2, 0xac, 0xcd, 0xff,
  0xe3, 0xac, 0xcd, 0xff, 0xe2, 0xaa, 0xcb, 0xff, 0xdc, 0xa4, 0xc4, 0xff,
  0xd7, 0x9c, 0xbd, 0xff, 0xc7, 0x87, 0xa9, 0xe1, 0xd1, 0xa6, 0xbd, 0x00,
  0xf6, 0xd7, 0xea, 0x00, 0xf1, 0xbf, 0xde, 0xaa, 0xef, 0xc0, 0xde, 0xff,
  0xea, 0xb9, 0xd8, 0xff, 0xe8, 0xb5, 0xd4, 0xff, 0xe6, 0xb1, 0xd2, 0xff,
  0xe5, 0xb0, 0xd0, 0xff, 0xe6, 0xb0, 0xd0, 0xff, 0xe6, 0xb0, 0xd0, 0xff,
  0xe7, 0xb2, 0xd2, 0xff, 0xe7, 0xb2, 0xd2, 0xff, 0xe7, 0xb3, 0xd3, 0xff,
  0xe7, 0xb3, 0xd3, 0xff, 0xe6, 0xb2, 0xd2, 0xff, 0xe7, 0xb2, 0xd3, 0xff,
  0xe8, 0xb3, 0xd5, 0xff, 0xe8, 0xb2, 0xd6, 0xff, 0xe7, 0xb1, 0xd8, 0xff,
  0xec, 0xb5, 0xd5, 0xff, 0xc4, 0x99, 0xe7, 0xff, 0x91, 0x7d, 0xfe, 0xff,
  0x9b, 0x88, 0xfb, 0xff, 0x6a, 0x51, 0xfc, 0xff, 0x56, 0x43, 0xcc, 0xff,
  0x7b, 0x6d, 0xab, 0xff, 0x7f, 0x71, 0xb1, 0xff, 0x71, 0x5f, 0xa6, 0xff,
  0x63, 0x46, 0x83, 0xff, 0x5a, 0x32, 0x5c, 0xff, 0x5a, 0x2e, 0x4d, 0xff,
  0x63, 0x36, 0x58, 0xff, 0x6c, 0x3e, 0x62, 0xff, 0x74, 0x44, 0x68, 0xff,
  0x7d, 0x4a, 0x6f, 0xff, 0x86, 0x51, 0x76, 0xff, 0x8c, 0x56, 0x7c, 0xff,
  0x92, 0x5b, 0x81, 0xff, 0x99, 0x60, 0x88, 0xff, 0x9f, 0x64, 0x8e, 0xff,
  0xa7, 0x6c, 0x96, 0xff, 0xb0, 0x74, 0x99, 0xff, 0xb8, 0x7a, 0x99, 0xff,
  0xb2, 0x78, 0xa3, 0xff, 0x94, 0x6d, 0xc5, 0xff, 0x71, 0x68, 0xf1, 0xff,
  0x6e, 0x70, 0xff, 0xff, 0x85, 0x83, 0xfc, 0xff, 0x8d, 0x89, 0xfa, 0xff,
  0x81, 0x7d, 0xfb, 0xff, 0x71, 0x6d, 0xfc, 0xff, 0x67, 0x61, 0xfa, 0xff,
  0x63, 0x5f, 0xfb, 0xff, 0x60, 0x5c, 0xfa, 0xff, 0x5b, 0x58, 0xf8, 0xff,
  0x54, 0x52, 0xf6, 0xff, 0x4e, 0x4e, 0xf3, 0xff, 0x46, 0x47, 0xec, 0xff,
  0x3e, 0x40, 0xdf, 0xff, 0x32, 0x35, 0xc7, 0xff, 0x2e, 0x2f, 0xb6, 0xff,
  0x38, 0x31, 0xa6, 0xff, 0x54, 0x35, 0x67, 0xff, 0x71, 0x42, 0x58, 0xff,
  0x85, 0x52, 0x72, 0xff, 0x9c, 0x63, 0x84, 0xff, 0xb3, 0x78, 0x9a, 0xff,
  0xc3, 0x88, 0xab, 0xff, 0xcc, 0x92, 0xb5, 0xff, 0xd3, 0x9a, 0xbc, 0xff,
  0xd8, 0x9f, 0xc1, 0xff, 0xdb, 0xa4, 0xc5, 0xff, 0xdd, 0xa6, 0xc8, 0xff,
  0xdf, 0xa8, 0xc9, 0xff, 0xe0, 0xaa, 0xcb, 0xff, 0xe0, 0xac, 0xcc, 0xff,
  0xe0, 0xad, 0xce, 0xff, 0xe0, 0xae, 0xcf, 0xff, 0xdf, 0xaf, 0xd0, 0xff,
  0xdc, 0xb1, 0xd3, 0xff, 0xe6, 0xb3, 0xd3, 0xff, 0xb3, 0xb9, 0xe5, 0xff,
  0x60, 0xc1, 0xff, 0xff, 0x7c, 0xc7, 0xfc, 0xff, 0x7d, 0xc6, 0xfc, 0xff,
  0x64, 0xb7, 0xfd, 0xff, 0x54, 0xac, 0xfd, 0xff, 0x47, 0xa1, 0xfd, 0xff,
  0x3f, 0x9a, 0xfb, 0xff, 0x39, 0x91, 0xf5, 0xff, 0x2d, 0x85, 0xef, 0xff,
  0x81, 0x86, 0xcc, 0xff, 0xde, 0x9f, 0xbc, 0xff, 0xda, 0xa6, 0xc9, 0xff,
  0xe0, 0xa9, 0xcb, 0xff, 0xe1, 0xab, 0xcc, 0xff, 0xe2, 0xab, 0xcd, 0xff,
  0xe3, 0xac, 0xcd, 0xff, 0xe3, 0xad, 0xce, 0xff, 0xe4, 0xad, 0xce, 0xff,
  0xe4, 0xae, 0xcf, 0xff, 0xe4, 0xad, 0xce, 0xff, 0xe3, 0xad, 0xcd, 0xff,
  0xe3, 0xac, 0xcc, 0xff, 0xe1, 0xab, 0xca, 0xff, 0xdd, 0xa4, 0xc5, 0xff,
  0xd5, 0x9b, 0xbb, 0xff, 0xc3, 0x83, 0xa5, 0xaa, 0xd7, 0xb0, 0xc4, 0x00,
  0xf7, 0xdc, 0xed, 0x00, 0xf1, 0xbe, 0xdd, 0x6a, 0xef, 0xc0, 0xde, 0xff,
  0xeb, 0xba, 0xd8, 0xff, 0xe9, 0xb5, 0xd4, 0xff, 0xe7, 0xb2, 0xd2, 0xff,
  0xe5, 0xb0, 0xd1, 0xff, 0xe6, 0xb0, 0xd1, 0xff, 0xe6, 0xb1, 0xd1, 0xff,
  0xe6, 0xb1, 0xd1, 0xff, 0xe7, 0xb2, 0xd2, 0xff, 0xe7, 0xb2, 0xd3, 0xff,
  0xe7, 0xb2, 0xd3, 0xff, 0xe7, 0xb2, 0xd3, 0xff, 0xe8, 0xb3, 0xd4, 0xff,
  0xe7, 0xb1, 0xd4, 0xff, 0xe7, 0xb1, 0xd5, 0xff, 0xe7, 0xb1, 0xd7, 0xff,
  0xea, 0xb3, 0xd6, 0xff, 0xa5, 0x80, 0xf2, 0xff, 0x88, 0x74, 0xfe, 0xff,
  0x7c, 0x67, 0xfa, 0xff, 0x65, 0x4d, 0xf5, 0xff, 0x46, 0x2c, 0xda, 0xff,
  0x2b, 0x14, 0x95, 0xff, 0x54, 0x32, 0x6e, 0xff, 0x54, 0x2e, 0x5b, 0xff,
  0x58, 0x2c, 0x4c, 0xff, 0x62, 0x35, 0x58, 0xff, 0x6b, 0x3d, 0x62, 0xff,
  0x73, 0x43, 0x68, 0xff, 0x7b, 0x49, 0x6f, 0xff, 0x85, 0x50, 0x76, 0xff,
  0x8e, 0x56, 0x7e, 0xff, 0x95, 0x5c, 0x86, 0xff, 0x9a, 0x62, 0x8c, 0xff,
  0xa0, 0x67, 0x91, 0xff, 0xa8, 0x6d, 0x96, 0xff, 0xb2, 0x73, 0x96, 0xff,
  0xb8, 0x7a, 0x9a, 0xff, 0xaf, 0x77, 0xaa, 0xff, 0x92, 0x6d, 0xcc, 0xff,
  0x75, 0x68, 0xf1, 0xff, 0x6f, 0x6e, 0xff, 0xff, 0x80, 0x7e, 0xfd, 0xff,
  0x8b, 0x85, 0xf9, 0xff, 0x84, 0x7d, 0xfa, 0xff, 0x73, 0x6a, 0xfb, 0xff,
  0x6b, 0x63, 0xfc, 0xff, 0x66, 0x5e, 0xfa, 0xff, 0x64, 0x5c, 0xf8, 0xff,
  0x60, 0x58, 0xf9, 0xff, 0x5b, 0x54, 0xf7, 0xff, 0x56, 0x4e, 0xf3, 0xff,
  0x50, 0x49, 0xf0, 0xff, 0x46, 0x42, 0xe8, 0xff, 0x3b, 0x39, 0xd9, 0xff,
  0x31, 0x2e, 0xc0, 0xff, 0x31, 0x2b, 0xb3, 0xff, 0x3c, 0x2e, 0x9e, 0xff,
  0x5a, 0x36, 0x60, 0xff, 0x75, 0x44, 0x5b, 0xff, 0x86, 0x53, 0x74, 0xff,
  0x9f, 0x65, 0x86, 0xff, 0xb5, 0x79, 0x9c, 0xff, 0xc4, 0x88, 0xab, 0xff,
  0xce, 0x93, 0xb6, 0xff, 0xd5, 0x9a, 0xbd, 0xff, 0xd8, 0x9f, 0xc2, 0xff,
  0xdb, 0xa4, 0xc5, 0xff, 0xde, 0xa7, 0xc8, 0xff, 0xdf, 0xa8, 0xc9, 0xff,
  0xe0, 0xa9, 0xca, 0xff, 0xe1, 0xab, 0xcc, 0xff, 0xe1, 0xac, 0xcd, 0xff,
  0xe0, 0xad, 0xcd, 0xff, 0xe1, 0xae, 0xcf, 0xff, 0xdf, 0xb0, 0xd1, 0xff,
  0xe1, 0xb2, 0xd2, 0xff, 0xd2, 0xb5, 0xd9, 0xff, 0x68, 0xbc, 0xfb, 0xff,
  0x6d, 0xc1, 0xfd, 0xff, 0x7c, 0xc3, 0xfc, 0xff, 0x69, 0xb8, 0xfc, 0xff,
  0x57, 0xab, 0xfc, 0xff, 0x4b, 0xa4, 0xfc, 0xff, 0x40, 0x9b, 0xfb, 0xff,
  0x39, 0x94, 0xf8, 0xff, 0x34, 0x8d, 0xf3, 0xff, 0x2e, 0x83, 0xec, 0xff,
  0x4f, 0x7b, 0xd6, 0xff, 0xcc, 0x95, 0xb7, 0xff, 0xda, 0xa2, 0xc5, 0xff,
  0xdd, 0xa7, 0xc9, 0xff, 0xe1, 0xab, 0xcc, 0xff, 0xe0, 0xaa, 0xcc, 0xff,
  0xe1, 0xab, 0xcc, 0xff, 0xe3, 0xad, 0xce, 0xff, 0xe4, 0xaf, 0xcf, 0xff,
  0xe4, 0xae, 0xcf, 0xff, 0xe4, 0xae, 0xcf, 0xff, 0xe4, 0xae, 0xce, 0xff,
  0xe3, 0xac, 0xcc, 0xff, 0xe0, 0xa8, 0xc8, 0xff, 0xdb, 0xa2, 0xc3, 0xff,
  0xd2, 0x97, 0xb8, 0xff, 0xc0, 0x7f, 0xa0, 0x6a, 0xdc, 0xbc, 0xcc, 0x00,
  0xf8, 0xe3, 0xf0, 0x00, 0xf0, 0xbd, 0xdd, 0x22, 0xef, 0xc1, 0xde, 0xff,
  0xeb, 0xbb, 0xd9, 0xff, 0xe7, 0xb4, 0xd4, 0xff, 0xe6, 0xb2, 0xd2, 0xff,
  0xe6, 0xb1, 0xd1, 0xff, 0xe6, 0xb1, 0xd2, 0xff, 0xe5, 0xb1, 0xd1, 0xff,
  0xe5, 0xb1, 0xd0, 0xff, 0xe6, 0xb2, 0xd1, 0xff, 0xe6, 0xb2, 0xd2, 0xff,
  0xe6, 0xb2, 0xd2, 0xff, 0xe6, 0xb2, 0xd3, 0xff, 0xe6, 0xb1, 0xd3, 0xff,
  0xe5, 0xb0, 0xd3, 0xff, 0xe6, 0xb1, 0xd5, 0xff, 0xe7, 0xb2, 0xd6, 0xff,
  0xe5, 0xaf, 0xd6, 0xff, 0x92, 0x6f, 0xf6, 0xff, 0x7c, 0x66, 0xfd, 0xff,
  0x75, 0x5f, 0xf9, 0xff, 0x65, 0x4d, 0xf4, 0xff, 0x57, 0x40, 0xea, 0xff,
  0x3c, 0x23, 0xc1, 0xff, 0x46, 0x1d, 0x4a, 0xff, 0x61, 0x31, 0x4e, 0xff,
  0x6d, 0x3e, 0x66, 0xff, 0x74, 0x43, 0x6c, 0xff, 0x7d, 0x49, 0x72, 0xff,
  0x86, 0x51, 0x7a, 0xff, 0x8e, 0x58, 0x82, 0xff, 0x97, 0x5e, 0x89, 0xff,
  0xa1, 0x65, 0x8f, 0xff, 0xa9, 0x6c, 0x93, 0xff, 0xb1, 0x73, 0x95, 0xff,
  0xb6, 0x77, 0x97, 0xff, 0xb2, 0x77, 0xa0, 0xff, 0xa2, 0x73, 0xb7, 0xff,
  0x87, 0x69, 0xd7, 0xff, 0x74, 0x66, 0xf5, 0xff, 0x74, 0x70, 0xff, 0xff,
  0x84, 0x7f, 0xfe, 0xff, 0x8b, 0x83, 0xf9, 0xff, 0x86, 0x7d, 0xfa, 0xff,
  0x79, 0x6e, 0xfc, 0xff, 0x6f, 0x63, 0xfc, 0xff, 0x68, 0x5d, 0xfb, 0xff,
  0x65, 0x59, 0xfb, 0xff, 0x64, 0x59, 0xf9, 0xff, 0x5e, 0x55, 0xf5, 0xff,
  0x59, 0x50, 0xf5, 0xff, 0x54, 0x4b, 0xf1, 0xff, 0x4f, 0x46, 0xec, 0xff,
  0x47, 0x40, 0xe3, 0xff, 0x3c, 0x35, 0xd1, 0xff, 0x31, 0x2a, 0xb8, 0xff,
  0x31, 0x28, 0xb1, 0xff, 0x40, 0x2d, 0x94, 0xff, 0x5e, 0x36, 0x59, 0xff,
  0x76, 0x45, 0x5e, 0xff, 0x89, 0x54, 0x75, 0xff, 0xa1, 0x67, 0x88, 0xff,
  0xb6, 0x7b, 0x9d, 0xff, 0xc5, 0x8a, 0xad, 0xff, 0xce, 0x93, 0xb6, 0xff,
  0xd4, 0x9a, 0xbd, 0xff, 0xd9, 0x9f, 0xc2, 0xff, 0xdc, 0xa3, 0xc6, 0xff,
  0xde, 0xa7, 0xc8, 0xff, 0xde, 0xa8, 0xc9, 0xff, 0xe0, 0xa9, 0xca, 0xff,
  0xe1, 0xab, 0xcc, 0xff, 0xe0, 0xab, 0xcc, 0xff, 0xe0, 0xac, 0xcd, 0xff,
  0xe0, 0xad, 0xce, 0xff, 0xe0, 0xaf, 0xd0, 0xff, 0xdd, 0xb0, 0xd2, 0xff,
  0xe6, 0xb1, 0xd0, 0xff, 0x97, 0xb5, 0xe9, 0xff, 0x54, 0xb9, 0xff, 0xff,
  0x70, 0xbd, 0xfc, 0xff, 0x66, 0xb5, 0xfb, 0xff, 0x54, 0xa9, 0xfc, 0xff,
  0x4b, 0xa3, 0xfc, 0xff, 0x42, 0x9c, 0xfb, 0xff, 0x3b, 0x96, 0xf9, 0xff,
  0x35, 0x8f, 0xf5, 0xff, 0x31, 0x87, 0xef, 0xff, 0x2d, 0x7e, 0xe6, 0xff,
  0x37, 0x73, 0xd6, 0xff, 0xac, 0x82, 0xb0, 0xff, 0xd8, 0x9d, 0xbd, 0xff,
  0xdc, 0xa5, 0xc7, 0xff, 0xde, 0xa8, 0xc9, 0xff, 0xdf, 0xa8, 0xc9, 0xff,
  0xe2, 0xab, 0xcc, 0xff, 0xe3, 0xad, 0xce, 0xff, 0xe2, 0xad, 0xce, 0xff,
  0xe3, 0xad, 0xce, 0xff, 0xe3, 0xad, 0xce, 0xff, 0xe3, 0xac, 0xcc, 0xff,
  0xe1, 0xaa, 0xcb, 0xff, 0xde, 0xa6, 0xc8, 0xff, 0xda, 0xa0, 0xc2, 0xff,
  0xcf, 0x93, 0xb4, 0xff, 0xbd, 0x7c, 0x9e, 0x22, 0xe3, 0xca, 0xd7, 0x00,
  0xfa, 0xeb, 0xf4, 0x00, 0xf0, 0xbd, 0xdc, 0x00, 0xef, 0xc1, 0xde, 0xc3,
  0xec, 0xbc, 0xda, 0xff, 0xe8, 0xb5, 0xd5, 0xff, 0xe6, 0xb2, 0xd3, 0xff,
  0xe6, 0xb1, 0xd2, 0xff, 0xe6, 0xb1, 0xd1, 0xff, 0xe6, 0xb3, 0xd2, 0xff,
  0xe6, 0xb2, 0xd1, 0xff, 0xe6, 0xb2, 0xd2, 0xff, 0xe6, 0xb2, 0xd1, 0xff,
  0xe6, 0xb2, 0xd2, 0xff, 0xe6, 0xb1, 0xd2, 0xff, 0xe5, 0xb0, 0xd2, 0xff,
  0xe6, 0xb0, 0xd3, 0xff, 0xe6, 0xb1, 0xd4, 0xff, 0xe5, 0xb0, 0xd4, 0xff,
  0xe3, 0xad, 0xd3, 0xff, 0x8c, 0x66, 0xf4, 0xff, 0x71, 0x56, 0xfd, 0xff,
  0x72, 0x5a, 0xf9, 0xff, 0x6b, 0x55, 0xf9, 0xff, 0x68, 0x51, 0xf5, 0xff,
  0x5b, 0x44, 0xf2, 0xff, 0x4a, 0x30, 0xbc, 0xff, 0x60, 0x34, 0x6f, 0xff,
  0x7b, 0x46, 0x67, 0xff, 0x8d, 0x56, 0x73, 0xff, 0x9a, 0x60, 0x7e, 0xff,
  0xa3, 0x67, 0x85, 0xff, 0xa9, 0x6c, 0x8b, 0xff, 0xad, 0x70, 0x90, 0xff,
  0xaf, 0x73, 0x99, 0xff, 0xa9, 0x71, 0xa5, 0xff, 0x9b, 0x6d, 0xb9, 0xff,
  0x8a, 0x68, 0xd1, 0xff, 0x77, 0x63, 0xec, 0xff, 0x70, 0x67, 0xff, 0xff,
  0x7b, 0x73, 0xff, 0xff, 0x88, 0x7f, 0xfc, 0xff, 0x8d, 0x83, 0xfa, 0xff,
  0x84, 0x78, 0xfa, 0xff, 0x7a, 0x6d, 0xfb, 0xff, 0x70, 0x62, 0xfa, 0xff,
  0x6b, 0x5e, 0xfa, 0xff, 0x68, 0x5b, 0xfa, 0xff, 0x65, 0x57, 0xf8, 0xff,
  0x62, 0x56, 0xf8, 0xff, 0x5d, 0x52, 0xf6, 0xff, 0x57, 0x4c, 0xf2, 0xff,
  0x53, 0x48, 0xee, 0xff, 0x4d, 0x43, 0xe8, 0xff, 0x47, 0x3c, 0xde, 0xff,
  0x3b, 0x32, 0xc9, 0xff, 0x33, 0x28, 0xb3, 0xff, 0x35, 0x27, 0xae, 0xff,
  0x47, 0x2e, 0x87, 0xff, 0x63, 0x39, 0x54, 0xff, 0x78, 0x48, 0x62, 0xff,
  0x8c, 0x57, 0x78, 0xff, 0xa4, 0x69, 0x8b, 0xff, 0xb7, 0x7b, 0x9e, 0xff,
  0xc5, 0x8a, 0xad, 0xff, 0xce, 0x94, 0xb7, 0xff, 0xd4, 0x9b, 0xbd, 0xff,
  0xd8, 0x9f, 0xc2, 0xff, 0xdb, 0xa2, 0xc4, 0xff, 0xde, 0xa5, 0xc8, 0xff,
  0xe0, 0xa9, 0xcb, 0xff, 0xdf, 0xaa, 0xcb, 0xff, 0xe0, 0xaa, 0xcb, 0xff,
  0xe1, 0xab, 0xcc, 0xff, 0xe1, 0xac, 0xcd, 0xff, 0xe1, 0xad, 0xcd, 0xff,
  0xe1, 0xad, 0xce, 0xff, 0xe0, 0xae, 0xd0, 0xff, 0xdf, 0xb0, 0xd2, 0xff,
  0xdd, 0xb0, 0xd1, 0xff, 0x6d, 0xaf, 0xf4, 0xff, 0x53, 0xb1, 0xfe, 0xff,
  0x5c, 0xb0, 0xfc, 0xff, 0x50, 0xa5, 0xfc, 0xff, 0x47, 0x9f, 0xfb, 0xff,
  0x41, 0x9b, 0xfc, 0xff, 0x39, 0x94, 0xfa, 0xff, 0x34, 0x90, 0xf5, 0xff,
  0x30, 0x89, 0xf2, 0xff, 0x2e, 0x83, 0xec, 0xff, 0x29, 0x76, 0xe0, 0xff,
  0x2c, 0x6b, 0xcf, 0xff, 0x98, 0x77, 0xab, 0xff, 0xd4, 0x96, 0xb5, 0xff,
  0xd8, 0xa1, 0xc4, 0xff, 0xdc, 0xa5, 0xc7, 0xff, 0xe0, 0xaa, 0xcb, 0xff,
  0xe2, 0xac, 0xcd, 0xff, 0xe2, 0xac, 0xcd, 0xff, 0xe2, 0xac, 0xcd, 0xff,
  0xe2, 0xac, 0xcd, 0xff, 0xe2, 0xac, 0xcc, 0xff, 0xe2, 0xaa, 0xcc, 0xff,
  0xe0, 0xa8, 0xc9, 0xff, 0xde, 0xa5, 0xc7, 0xff, 0xd8, 0x9d, 0xbf, 0xff,
  0xcd, 0x91, 0xb1, 0xc3, 0xbe, 0x7e, 0x9f, 0x00, 0xec, 0xdc, 0xe5, 0x00,
  0xfb, 0xf3, 0xf8, 0x00, 0xef, 0xbf, 0xdc, 0x00, 0xef, 0xbf, 0xdc, 0x6a,
  0xed, 0xbd, 0xda, 0xff, 0xe9, 0xb7, 0xd6, 0xff, 0xe7, 0xb3, 0xd3, 0xff,
  0xe6, 0xb2, 0xd2, 0xff, 0xe7, 0xb3, 0xd3, 0xff, 0xe7, 0xb4, 0xd3, 0xff,
  0xe7, 0xb3, 0xd3, 0xff, 0xe7, 0xb3, 0xd3, 0xff, 0xe5, 0xb2, 0xd1, 0xff,
  0xe6, 0xb2, 0xd2, 0xff, 0xe6, 0xb3, 0xd3, 0xff, 0xe5, 0xb0, 0xd2, 0xff,
  0xe5, 0xb0, 0xd2, 0xff, 0xe5, 0xb0, 0xd3, 0xff, 0xe3, 0xae, 0xd4, 0xff,
  0xe6, 0xaf, 0xcd, 0xff, 0x93, 0x6a, 0xe8, 0xff, 0x67, 0x4d, 0xfb, 0xff,
  0x71, 0x58, 0xf8, 0xff, 0x6d, 0x55, 0xf8, 0xff, 0x6d, 0x57, 0xf9, 0xff,
  0x71, 0x5d, 0xfb, 0xff, 0x6c, 0x58, 0xff, 0xff, 0x5f, 0x49, 0xf1, 0xff,
  0x63, 0x46, 0xd3, 0xff, 0x73, 0x50, 0xc5, 0xff, 0x7e, 0x57, 0xc0, 0xff,
  0x84, 0x5c, 0xc3, 0xff, 0x82, 0x5e, 0xcd, 0xff, 0x7e, 0x60, 0xda, 0xff,
  0x76, 0x5d, 0xe8, 0xff, 0x72, 0x5f, 0xf6, 0xff, 0x73, 0x67, 0xff, 0xff,
  0x79, 0x70, 0xff, 0xff, 0x84, 0x7a, 0xfe, 0xff, 0x8c, 0x80, 0xfa, 0xff,
  0x8c, 0x80, 0xfa, 0xff, 0x82, 0x75, 0xfb, 0xff, 0x76, 0x68, 0xfb, 0xff,
  0x70, 0x61, 0xfa, 0xff, 0x6a, 0x59, 0xfb, 0xff, 0x66, 0x55, 0xf9, 0xff,
  0x64, 0x55, 0xf8, 0xff, 0x64, 0x56, 0xf7, 0xff, 0x60, 0x51, 0xf6, 0xff,
  0x5a, 0x4e, 0xf3, 0xff, 0x56, 0x4b, 0xf1, 0xff, 0x51, 0x45, 0xeb, 0xff,
  0x4b, 0x3f, 0xe4, 0xff, 0x42, 0x36, 0xd7, 0xff, 0x39, 0x2c, 0xc0, 0xff,
  0x34, 0x26, 0xae, 0xff, 0x39, 0x26, 0xa6, 0xff, 0x4d, 0x2e, 0x74, 0xff,
  0x6b, 0x3e, 0x54, 0xff, 0x7e, 0x4d, 0x6a, 0xff, 0x91, 0x5b, 0x7c, 0xff,
  0xa7, 0x6c, 0x8e, 0xff, 0xba, 0x7d, 0xa0, 0xff, 0xc6, 0x8a, 0xae, 0xff,
  0xcf, 0x94, 0xb8, 0xff, 0xd5, 0x9b, 0xbe, 0xff, 0xd9, 0xa0, 0xc2, 0xff,
  0xdb, 0xa4, 0xc5, 0xff, 0xdd, 0xa5, 0xc7, 0xff, 0xdf, 0xa7, 0xc9, 0xff,
  0xdf, 0xa9, 0xcb, 0xff, 0xe0, 0xaa, 0xcc, 0xff, 0xe1, 0xab, 0xcc, 0xff,
  0xe1, 0xac, 0xcd, 0xff, 0xe2, 0xad, 0xce, 0xff, 0xe2, 0xad, 0xcf, 0xff,
  0xe1, 0xad, 0xce, 0xff, 0xde, 0xae, 0xcf, 0xff, 0xe0, 0xaf, 0xce, 0xff,
  0xd2, 0xac, 0xd1, 0xff, 0x57, 0xa4, 0xf8, 0xff, 0x48, 0xa5, 0xfe, 0xff,
  0x4b, 0xa2, 0xfc, 0xff, 0x45, 0x9d, 0xfb, 0xff, 0x3f, 0x99, 0xfa, 0xff,
  0x38, 0x92, 0xf8, 0xff, 0x33, 0x8d, 0xf5, 0xff, 0x30, 0x8a, 0xf3, 0xff,
  0x2e, 0x84, 0xee, 0xff, 0x29, 0x79, 0xe4, 0xff, 0x24, 0x6d, 0xd7, 0xff,
  0x2a, 0x63, 0xc4, 0xff, 0x93, 0x6f, 0x9f, 0xff, 0xce, 0x8e, 0xae, 0xff,
  0xd4, 0x9d, 0xc0, 0xff, 0xdc, 0xa4, 0xc6, 0xff, 0xe0, 0xa9, 0xcb, 0xff,
  0xe2, 0xac, 0xcc, 0xff, 0xe2, 0xac, 0xcd, 0xff, 0xe2, 0xab, 0xcc, 0xff,
  0xe2, 0xab, 0xcc, 0xff, 0xe2, 0xac, 0xcc, 0xff, 0xe2, 0xaa, 0xcc, 0xff,
  0xe0, 0xa8, 0xc9, 0xff, 0xdc, 0xa2, 0xc5, 0xff, 0xd6, 0x9a, 0xbc, 0xff,
  0xc7, 0x8b, 0xaa, 0x6a, 0xc0, 0x85, 0xa3, 0x00, 0xf5, 0xed, 0xf2, 0x00,
  0xfd, 0xfc, 0xfd, 0x00, 0xf0, 0xc6, 0xdf, 0x00, 0xed, 0xbc, 0xda, 0x09,
  0xec, 0xbd, 0xdb, 0xf3, 0xea, 0xb7, 0xd7, 0xff, 0xe8, 0xb4, 0xd4, 0xff,
  0xe7, 0xb3, 0xd3, 0xff, 0xe7, 0xb4, 0xd3, 0xff, 0xe7, 0xb4, 0xd3, 0xff,
  0xe7, 0xb4, 0xd3, 0xff, 0xe8, 0xb4, 0xd3, 0xff, 0xe7, 0xb3, 0xd2, 0xff,
  0xe6, 0xb2, 0xd1, 0xff, 0xe5, 0xb1, 0xd1, 0xff, 0xe5, 0xb0, 0xd1, 0xff,
  0xe5, 0xaf, 0xd2, 0xff, 0xe5, 0xaf, 0xd2, 0xff, 0xe2, 0xac, 0xd2, 0xff,
  0xe6, 0xae, 0xcb, 0xff, 0xb2, 0x82, 0xd3, 0xff, 0x61, 0x44, 0xf3, 0xff,
  0x69, 0x50, 0xf4, 0xff, 0x6a, 0x52, 0xf6, 0xff, 0x6b, 0x55, 0xf8, 0xff,
  0x70, 0x5a, 0xfa, 0xff, 0x76, 0x61, 0xfa, 0xff, 0x7d, 0x6b, 0xfe, 0xff,
  0x7b, 0x6b, 0xff, 0xff, 0x75, 0x64, 0xff, 0xff, 0x73, 0x63, 0xff, 0xff,
  0x75, 0x67, 0xff, 0xff, 0x77, 0x6b, 0xff, 0xff, 0x7b, 0x70, 0xff, 0xff,
  0x83, 0x77, 0xff, 0xff, 0x89, 0x7b, 0xfe, 0xff, 0x8d, 0x7e, 0xfc, 0xff,
  0x89, 0x78, 0xfa, 0xff, 0x82, 0x71, 0xfa, 0xff, 0x7b, 0x6b, 0xfa, 0xff,
  0x73, 0x62, 0xfa, 0xff, 0x6d, 0x5c, 0xfa, 0xff, 0x68, 0x58, 0xf8, 0xff,
  0x68, 0x57, 0xf9, 0xff, 0x66, 0x55, 0xf8, 0xff, 0x61, 0x50, 0xf7, 0xff,
  0x5f, 0x4f, 0xf6, 0xff, 0x5d, 0x4e, 0xf2, 0xff, 0x59, 0x4b, 0xf1, 0xff,
  0x54, 0x47, 0xeb, 0xff, 0x4e, 0x41, 0xe5, 0xff, 0x47, 0x3a, 0xdd, 0xff,
  0x3d, 0x2f, 0xcc, 0xff, 0x36, 0x28, 0xb5, 0xff, 0x36, 0x26, 0xac, 0xff,
  0x3f, 0x28, 0x99, 0xff, 0x56, 0x31, 0x62, 0xff, 0x70, 0x41, 0x56, 0xff,
  0x81, 0x4e, 0x6c, 0xff, 0x98, 0x5f, 0x80, 0xff, 0xae, 0x71, 0x93, 0xff,
  0xbe, 0x81, 0xa4, 0xff, 0xc8, 0x8c, 0xaf, 0xff, 0xcf, 0x94, 0xb8, 0xff,
  0xd6, 0x9c, 0xbf, 0xff, 0xd9, 0xa0, 0xc3, 0xff, 0xdc, 0xa4, 0xc7, 0xff,
  0xde, 0xa7, 0xc9, 0xff, 0xdf, 0xa8, 0xca, 0xff, 0xdf, 0xa9, 0xca, 0xff,
  0xe0, 0xaa, 0xcb, 0xff, 0xe1, 0xaa, 0xcc, 0xff, 0xe2, 0xac, 0xcd, 0xff,
  0xe1, 0xac, 0xcd, 0xff, 0xe2, 0xad, 0xce, 0xff, 0xe2, 0xad, 0xce, 0xff,
  0xe0, 0xad, 0xce, 0xff, 0xde, 0xad, 0xce, 0xff, 0xe0, 0xae, 0xcd, 0xff,
  0xd3, 0xaa, 0xcd, 0xff, 0x51, 0x99, 0xf4, 0xff, 0x3a, 0x98, 0xfc, 0xff,
  0x3e, 0x98, 0xf9, 0xff, 0x3b, 0x94, 0xf8, 0xff, 0x34, 0x8f, 0xf7, 0xff,
  0x31, 0x8b, 0xf4, 0xff, 0x2e, 0x86, 0xf1, 0xff, 0x2c, 0x82, 0xed, 0xff,
  0x29, 0x79, 0xe4, 0xff, 0x24, 0x6f, 0xd8, 0xff, 0x20, 0x62, 0xc8, 0xff,
  0x33, 0x5e, 0xb8, 0xff, 0x99, 0x6a, 0x91, 0xff, 0xc6, 0x88, 0xa9, 0xff,
  0xd2, 0x99, 0xbc, 0xff, 0xdc, 0xa4, 0xc6, 0xff, 0xdf, 0xa8, 0xc9, 0xff,
  0xe0, 0xaa, 0xcb, 0xff, 0xe3, 0xac, 0xcd, 0xff, 0xe2, 0xab, 0xcc, 0xff,
  0xe2, 0xab, 0xcc, 0xff, 0xe2, 0xab, 0xcc, 0xff, 0xe2, 0xaa, 0xcc, 0xff,
  0xe0, 0xa8, 0xc9, 0xff, 0xdd, 0xa3, 0xc4, 0xff, 0xd4, 0x99, 0xba, 0xf3,
  0xc1, 0x84, 0xa4, 0x09, 0xc5, 0x92, 0xac, 0x00, 0xfd, 0xfc, 0xfd, 0x00,
  0xff, 0xff, 0xff, 0x00, 0xf2, 0xd3, 0xe6, 0x00, 0xeb, 0xb9, 0xd7, 0x00,
  0xeb, 0xbc, 0xda, 0x88, 0xea, 0xb9, 0xd8, 0xff, 0xe9, 0xb5, 0xd5, 0xff,
  0xe6, 0xb2, 0xd2, 0xff, 0xe5, 0xb2, 0xd1, 0xff, 0xe6, 0xb3, 0xd2, 0xff,
  0xe6, 0xb3, 0xd2, 0xff, 0xe6, 0xb2, 0xd2, 0xff, 0xe6, 0xb3, 0xd2, 0xff,
  0xe5, 0xb2, 0xd2, 0xff, 0xe6, 0xb1, 0xd2, 0xff, 0xe6, 0xb1, 0xd2, 0xff,
  0xe5, 0xb0, 0xd2, 0xff, 0xe5, 0xaf, 0xd2, 0xff, 0xe3, 0xae, 0xd1, 0xff,
  0xe0, 0xa8, 0xcd, 0xff, 0xd7, 0x9d, 0xc3, 0xff, 0x77, 0x50, 0xde, 0xff,
  0x5b, 0x40, 0xee, 0xff, 0x65, 0x4b, 0xf2, 0xff, 0x66, 0x4e, 0xf6, 0xff,
  0x69, 0x52, 0xf8, 0xff, 0x6d, 0x57, 0xf9, 0xff, 0x74, 0x60, 0xf9, 0xff,
  0x79, 0x66, 0xf9, 0xff, 0x7d, 0x6b, 0xfa, 0xff, 0x82, 0x70, 0xfa, 0xff,
  0x84, 0x73, 0xfa, 0xff, 0x85, 0x74, 0xfa, 0xff, 0x83, 0x73, 0xfa, 0xff,
  0x81, 0x70, 0xfa, 0xff, 0x7c, 0x69, 0xfa, 0xff, 0x76, 0x62, 0xfa, 0xff,
  0x6f, 0x5b, 0xfa, 0xff, 0x6d, 0x58, 0xfa, 0xff, 0x6a, 0x56, 0xf9, 0xff,
  0x68, 0x55, 0xfa, 0xff, 0x67, 0x54, 0xf6, 0xff, 0x64, 0x52, 0xf5, 0xff,
  0x62, 0x50, 0xf6, 0xff, 0x60, 0x4d, 0xf5, 0xff, 0x5c, 0x4b, 0xf3, 0xff,
  0x59, 0x49, 0xf0, 0xff, 0x55, 0x46, 0xeb, 0xff, 0x4f, 0x40, 0xe6, 0xff,
  0x48, 0x39, 0xdd, 0xff, 0x40, 0x31, 0xcf, 0xff, 0x39, 0x29, 0xbe, 0xff,
  0x36, 0x24, 0xaf, 0xff, 0x3b, 0x26, 0xa7, 0xff, 0x4a, 0x2d, 0x81, 0xff,
  0x62, 0x37, 0x55, 0xff, 0x78, 0x46, 0x5e, 0xff, 0x88, 0x53, 0x74, 0xff,
  0x9e, 0x64, 0x85, 0xff, 0xb2, 0x75, 0x97, 0xff, 0xc1, 0x84, 0xa6, 0xff,
  0xcb, 0x8f, 0xb2, 0xff, 0xd2, 0x97, 0xba, 0xff, 0xd6, 0x9c, 0xbf, 0xff,
  0xd9, 0xa0, 0xc3, 0xff, 0xdd, 0xa5, 0xc7, 0xff, 0xde, 0xa6, 0xc9, 0xff,
  0xe0, 0xa9, 0xca, 0xff, 0xe0, 0xaa, 0xcb, 0xff, 0xe0, 0xaa, 0xcc, 0xff,
  0xe1, 0xaa, 0xcc, 0xff, 0xe1, 0xaa, 0xcc, 0xff, 0xe1, 0xab, 0xcc, 0xff,
  0xe1, 0xab, 0xcc, 0xff, 0xe2, 0xac, 0xcd, 0xff, 0xe2, 0xad, 0xcd, 0xff,
  0xe1, 0xad, 0xce, 0xff, 0xdf, 0xac, 0xcd, 0xff, 0xdd, 0xac, 0xcd, 0xff,
  0xdf, 0xa8, 0xc5, 0xff, 0x67, 0x91, 0xe2, 0xff, 0x31, 0x8e, 0xf5, 0xff,
  0x36, 0x8c, 0xf2, 0xff, 0x30, 0x88, 0xf2, 0xff, 0x2e, 0x87, 0xf1, 0xff,
  0x2c, 0x83, 0xee, 0xff, 0x29, 0x7e, 0xe9, 0xff, 0x27, 0x78, 0xe3, 0xff,
  0x25, 0x6f, 0xd8, 0xff, 0x20, 0x63, 0xc9, 0xff, 0x1e, 0x59, 0xbb, 0xff,
  0x4b, 0x5a, 0xa5, 0xff, 0xa4, 0x69, 0x86, 0xff, 0xc0, 0x85, 0xa8, 0xff,
  0xd2, 0x99, 0xbb, 0xff, 0xdc, 0xa3, 0xc5, 0xff, 0xdf, 0xa8, 0xc9, 0xff,
  0xe1, 0xa9, 0xcb, 0xff, 0xe2, 0xab, 0xcc, 0xff, 0xe2, 0xaa, 0xcc, 0xff,
  0xe2, 0xab, 0xcc, 0xff, 0xe2, 0xab, 0xcc, 0xff, 0xe3, 0xad, 0xcd, 0xff,
  0xdf, 0xa7, 0xc8, 0xff, 0xda, 0xa0, 0xc2, 0xff, 0xd0, 0x95, 0xb6, 0x88,
  0xb9, 0x7a, 0x9a, 0x00, 0xd3, 0xae, 0xc0, 0x00, 0xff, 0xff, 0xff, 0x00,
  0xff, 0xff, 0xff, 0x00, 0xf7, 0xe5, 0xf0, 0x00, 0xea, 0xb6, 0xd6, 0x00,
  0xea, 0xba, 0xd8, 0x15, 0xe9, 0xb8, 0xd7, 0xf7, 0xe9, 0xb6, 0xd5, 0xff,
  0xe7, 0xb4, 0xd3, 0xff, 0xe7, 0xb3, 0xd3, 0xff, 0xe6, 0xb2, 0xd2, 0xff,
  0xe5, 0xb2, 0xd2, 0xff, 0xe6, 0xb3, 0xd3, 0xff, 0xe6, 0xb2, 0xd2, 0xff,
  0xe6, 0xb2, 0xd2, 0xff, 0xe7, 0xb2, 0xd2, 0xff, 0xe7, 0xb3, 0xd3, 0xff,
  0xe5, 0xb1, 0xd2, 0xff, 0xe5, 0xb0, 0xd1, 0xff, 0xe4, 0xae, 0xd0, 0xff,
  0xdf, 0xa9, 0xce, 0xff, 0xdc, 0xa4, 0xc4, 0xff, 0xb4, 0x7c, 0xbb, 0xff,
  0x5e, 0x3c, 0xdc, 0xff, 0x58, 0x3d, 0xe5, 0xff, 0x5d, 0x43, 0xea, 0xff,
  0x62, 0x4a, 0xf1, 0xff, 0x64, 0x4e, 0xf4, 0xff, 0x65, 0x4d, 0xf3, 0xff,
  0x67, 0x51, 0xf5, 0xff, 0x6b, 0x56, 0xf7, 0xff, 0x6c, 0x56, 0xf8, 0xff,
  0x6a, 0x54, 0xf8, 0xff, 0x6c, 0x56, 0xf9, 0xff, 0x6c, 0x57, 0xf9, 0xff,
  0x69, 0x54, 0xf8, 0xff, 0x68, 0x53, 0xf8, 0xff, 0x67, 0x51, 0xf7, 0xff,
  0x68, 0x52, 0xf7, 0xff, 0x65, 0x50, 0xf5, 0xff, 0x62, 0x4d, 0xf5, 0xff,
  0x62, 0x4e, 0xf4, 0xff, 0x63, 0x4f, 0xf4, 0xff, 0x5f, 0x4d, 0xf2, 0xff,
  0x5b, 0x49, 0xf0, 0xff, 0x58, 0x45, 0xee, 0xff, 0x54, 0x41, 0xe8, 0xff,
  0x50, 0x3d, 0xe4, 0xff, 0x4b, 0x39, 0xde, 0xff, 0x43, 0x31, 0xd1, 0xff,
  0x39, 0x28, 0xbf, 0xff, 0x36, 0x24, 0xb2, 0xff, 0x38, 0x24, 0xab, 0xff,
  0x42, 0x27, 0x94, 0xff, 0x56, 0x30, 0x65, 0xff, 0x6d, 0x3e, 0x54, 0xff,
  0x7e, 0x4b, 0x68, 0xff, 0x8f, 0x58, 0x79, 0xff, 0xa5, 0x69, 0x8a, 0xff,
  0xb8, 0x7a, 0x9d, 0xff, 0xc4, 0x87, 0xaa, 0xff, 0xcd, 0x91, 0xb4, 0xff,
  0xd3, 0x99, 0xbb, 0xff, 0xd7, 0x9e, 0xc0, 0xff, 0xd9, 0xa1, 0xc3, 0xff,
  0xdc, 0xa4, 0xc6, 0xff, 0xdf, 0xa7, 0xc9, 0xff, 0xe0, 0xa8, 0xc9, 0xff,
  0xe2, 0xab, 0xcc, 0xff, 0xe1, 0xab, 0xcd, 0xff, 0xe1, 0xaa, 0xcc, 0xff,
  0xe1, 0xaa, 0xcb, 0xff, 0xe1, 0xab, 0xcc, 0xff, 0xe1, 0xab, 0xcc, 0xff,
  0xe1, 0xab, 0xcc, 0xff, 0xe1, 0xac, 0xcc, 0xff, 0xe1, 0xad, 0xcd, 0xff,
  0xe1, 0xac, 0xcd, 0xff, 0xdf, 0xab, 0xcc, 0xff, 0xdc, 0xaa, 0xcb, 0xff,
  0xe1, 0xa7, 0xc4, 0xff, 0xa3, 0x91, 0xc8, 0xff, 0x2e, 0x7e, 0xe7, 0xff,
  0x2e, 0x7d, 0xe5, 0xff, 0x2c, 0x7e, 0xe8, 0xff, 0x2a, 0x7c, 0xe6, 0xff,
  0x27, 0x77, 0xe2, 0xff, 0x25, 0x71, 0xdc, 0xff, 0x21, 0x69, 0xd3, 0xff,
  0x1e, 0x5f, 0xc3, 0xff, 0x1d, 0x55, 0xb2, 0xff, 0x29, 0x56, 0xb1, 0xff,
  0x70, 0x55, 0x80, 0xff, 0xa7, 0x6b, 0x87, 0xff, 0xc0, 0x86, 0xa8, 0xff,
  0xd2, 0x98, 0xba, 0xff, 0xdd, 0xa4, 0xc6, 0xff, 0xe0, 0xa8, 0xca, 0xff,
  0xe1, 0xa9, 0xcb, 0xff, 0xe2, 0xab, 0xcc, 0xff, 0xe1, 0xa9, 0xca, 0xff,
  0xe1, 0xaa, 0xcb, 0xff, 0xe2, 0xaa, 0xcb, 0xff, 0xe1, 0xaa, 0xcb, 0xff,
  0xdd, 0xa3, 0xc5, 0xff, 0xd4, 0x99, 0xbb, 0xf7, 0xc8, 0x8b, 0xad, 0x15,
  0xb6, 0x76, 0x96, 0x00, 0xe5, 0xd0, 0xdb, 0x00, 0xff, 0xff, 0xff, 0x00,
  0xfe, 0xff, 0xfe, 0x00, 0xfc, 0xf7, 0xfa, 0x00, 0xea, 0xbb, 0xd7, 0x00,
  0xe9, 0xb6, 0xd5, 0x00, 0xe9, 0xb6, 0xd5, 0x7b, 0xe9, 0xb6, 0xd5, 0xff,
  0xe7, 0xb4, 0xd3, 0xff, 0xe7, 0xb3, 0xd3, 0xff, 0xe6, 0xb2, 0xd2, 0xff,
  0xe5, 0xb2, 0xd1, 0xff, 0xe7, 0xb3, 0xd2, 0xff, 0xe6, 0xb3, 0xd2, 0xff,
  0xe7, 0xb3, 0xd3, 0xff, 0xe6, 0xb2, 0xd2, 0xff, 0xe6, 0xb2, 0xd2, 0xff,
  0xe5, 0xb1, 0xd1, 0xff, 0xe4, 0xaf, 0xd0, 0xff, 0xe4, 0xaf, 0xd0, 0xff,
  0xe3, 0xad, 0xcf, 0xff, 0xdb, 0xa4, 0xc9, 0xff, 0xd3, 0x99, 0xb6, 0xff,
  0x9e, 0x67, 0xaf, 0xff, 0x56, 0x34, 0xcf, 0xff, 0x4f, 0x34, 0xd9, 0xff,
  0x56, 0x3c, 0xde, 0xff, 0x59, 0x3f, 0xe6, 0xff, 0x5d, 0x43, 0xeb, 0xff,
  0x60, 0x48, 0xed, 0xff, 0x62, 0x4c, 0xef, 0xff, 0x63, 0x4c, 0xf1, 0xff,
  0x64, 0x4d, 0xf2, 0xff, 0x63, 0x4e, 0xf2, 0xff, 0x64, 0x4e, 0xf3, 0xff,
  0x64, 0x4e, 0xf3, 0xff, 0x64, 0x4d, 0xf3, 0xff, 0x62, 0x4c, 0xf3, 0xff,
  0x63, 0x4b, 0xf2, 0xff, 0x60, 0x49, 0xf1, 0xff, 0x5e, 0x47, 0xef, 0xff,
  0x5b, 0x45, 0xee, 0xff, 0x58, 0x43, 0xec, 0xff, 0x55, 0x41, 0xe7, 0xff,
  0x52, 0x3e, 0xe3, 0xff, 0x4e, 0x3a, 0xe1, 0xff, 0x4b, 0x37, 0xd9, 0xff,
  0x43, 0x2f, 0xcc, 0xff, 0x3c, 0x28, 0xbe, 0xff, 0x38, 0x24, 0xb3, 0xff,
  0x37, 0x22, 0xad, 0xff, 0x3f, 0x25, 0x99, 0xff, 0x4f, 0x2d, 0x72, 0xff,
  0x64, 0x38, 0x54, 0xff, 0x77, 0x45, 0x5d, 0xff, 0x87, 0x52, 0x70, 0xff,
  0x99, 0x61, 0x81, 0xff, 0xaa, 0x6e, 0x90, 0xff, 0xba, 0x7c, 0x9f, 0xff,
  0xc6, 0x88, 0xab, 0xff, 0xcf, 0x92, 0xb5, 0xff, 0xd4, 0x99, 0xbc, 0xff,
  0xd7, 0x9d, 0xc0, 0xff, 0xda, 0xa1, 0xc3, 0xff, 0xdc, 0xa4, 0xc6, 0xff,
  0xdf, 0xa7, 0xc8, 0xff, 0xe0, 0xa9, 0xca, 0xff, 0xe1, 0xa9, 0xcb, 0xff,
  0xe1, 0xaa, 0xcb, 0xff, 0xe1, 0xaa, 0xcc, 0xff, 0xe1, 0xab, 0xcc, 0xff,
  0xe2, 0xac, 0xcc, 0xff, 0xe3, 0xad, 0xcd, 0xff, 0xe2, 0xad, 0xcd, 0xff,
  0xe1, 0xac, 0xcd, 0xff, 0xe2, 0xad, 0xcd, 0xff, 0xe1, 0xad, 0xcc, 0xff,
  0xe1, 0xad, 0xcc, 0xff, 0xe0, 0xac, 0xcc, 0xff, 0xde, 0xa9, 0xca, 0xff,
  0xd9, 0xa5, 0xc7, 0xff, 0xd4, 0x99, 0xb8, 0xff, 0x6d, 0x74, 0xbe, 0xff,
  0x24, 0x6b, 0xd7, 0xff, 0x26, 0x6e, 0xd5, 0xff, 0x22, 0x68, 0xd0, 0xff,
  0x20, 0x65, 0xcd, 0xff, 0x1e, 0x5e, 0xc4, 0xff, 0x19, 0x53, 0xb5, 0xff,
  0x1b, 0x4f, 0xad, 0xff, 0x25, 0x53, 0xaf, 0xff, 0x51, 0x4c, 0x82, 0xff,
  0x8b, 0x56, 0x6e, 0xff, 0xaa, 0x70, 0x90, 0xff, 0xc4, 0x87, 0xa9, 0xff,
  0xd3, 0x98, 0xba, 0xff, 0xdc, 0xa3, 0xc4, 0xff, 0xe0, 0xa8, 0xc9, 0xff,
  0xe1, 0xa9, 0xca, 0xff, 0xe1, 0xa9, 0xca, 0xff, 0xe0, 0xa9, 0xca, 0xff,
  0xe0, 0xa9, 0xca, 0xff, 0xe1, 0xa9, 0xca, 0xff, 0xdf, 0xa7, 0xc8, 0xff,
  0xda, 0xa0, 0xc1, 0xff, 0xd0, 0x93, 0xb5, 0x7b, 0xbd, 0x7f, 0x9f, 0x00,
  0xbb, 0x82, 0x9f, 0x00, 0xf8, 0xf3, 0xf6, 0x00, 0xff, 0xff, 0xff, 0x00,
  0xfd, 0xfc, 0xfd, 0x00, 0xff, 0xff, 0xff, 0x00, 0xee, 0xcd, 0xe1, 0x00,
  0xe5, 0xb0, 0xd0, 0x00, 0xe8, 0xb6, 0xd4, 0x00, 0xe9, 0xb6, 0xd5, 0xd0,
  0xe8, 0xb5, 0xd4, 0xff, 0xe8, 0xb4, 0xd3, 0xff, 0xe6, 0xb1, 0xd1, 0xff,
  0xe5, 0xb1, 0xd1, 0xff, 0xe6, 0xb1, 0xd1, 0xff, 0xe6, 0xb2, 0xd2, 0xff,
  0xe7, 0xb3, 0xd2, 0xff, 0xe7, 0xb2, 0xd2, 0xff, 0xe6, 0xb1, 0xd1, 0xff,
  0xe6, 0xb0, 0xd1, 0xff, 0xe6, 0xb1, 0xd2, 0xff, 0xe6, 0xb2, 0xd2, 0xff,
  0xe3, 0xae, 0xcf, 0xff, 0xe0, 0xa9, 0xcc, 0xff, 0xd7, 0x9e, 0xc4, 0xff,
  0xca, 0x8d, 0xac, 0xff, 0x9c, 0x63, 0x9d, 0xff, 0x5f, 0x38, 0xba, 0xff,
  0x4b, 0x2d, 0xcd, 0xff, 0x4c, 0x31, 0xd1, 0xff, 0x50, 0x37, 0xd7, 0xff,
  0x52, 0x3a, 0xdd, 0xff, 0x56, 0x3e, 0xe2, 0xff, 0x59, 0x42, 0xe6, 0xff,
  0x5b, 0x43, 0xe9, 0xff, 0x5b, 0x44, 0xea, 0xff, 0x5b, 0x44, 0xea, 0xff,
  0x5b, 0x44, 0xeb, 0xff, 0x5a, 0x42, 0xea, 0xff, 0x58, 0x41, 0xe9, 0xff,
  0x58, 0x41, 0xe9, 0xff, 0x57, 0x3f, 0xe6, 0xff, 0x53, 0x3d, 0xe3, 0xff,
  0x50, 0x3a, 0xe1, 0xff, 0x4b, 0x35, 0xdb, 0xff, 0x48, 0x32, 0xd4, 0xff,
  0x45, 0x30, 0xcb, 0xff, 0x3e, 0x2a, 0xc0, 0xff, 0x3b, 0x26, 0xb7, 0xff,
  0x39, 0x23, 0xb1, 0xff, 0x3a, 0x22, 0xa8, 0xff, 0x3f, 0x23, 0x96, 0xff,
  0x4d, 0x2a, 0x73, 0xff, 0x62, 0x37, 0x59, 0xff, 0x74, 0x42, 0x59, 0xff,
  0x7f, 0x4b, 0x69, 0xff, 0x8f, 0x58, 0x78, 0xff, 0xa2, 0x67, 0x88, 0xff,
  0xb1, 0x74, 0x97, 0xff, 0xbf, 0x81, 0xa4, 0xff, 0xc8, 0x8b, 0xaf, 0xff,
  0xcf, 0x94, 0xb6, 0xff, 0xd6, 0x9b, 0xbd, 0xff, 0xd9, 0xa0, 0xc2, 0xff,
  0xdb, 0xa2, 0xc4, 0xff, 0xdd, 0xa5, 0xc6, 0xff, 0xe0, 0xa7, 0xc9, 0xff,
  0xe1, 0xa9, 0xca, 0xff, 0xe1, 0xaa, 0xcb, 0xff, 0xe2, 0xaa, 0xcc, 0xff,
  0xe2, 0xab, 0xcc, 0xff, 0xe2, 0xab, 0xcc, 0xff, 0xe2, 0xac, 0xcd, 0xff,
  0xe3, 0xad, 0xcd, 0xff, 0xe4, 0xae, 0xce, 0xff, 0xe3, 0xae, 0xce, 0xff,
  0xe3, 0xae, 0xce, 0xff, 0xe3, 0xad, 0xce, 0xff, 0xe3, 0xad, 0xce, 0xff,
  0xe2, 0xad, 0xcd, 0xff, 0xe1, 0xac, 0xcb, 0xff, 0xdf, 0xaa, 0xca, 0xff,
  0xdb, 0xa6, 0xc7, 0xff, 0xd4, 0x9c, 0xbf, 0xff, 0xc1, 0x85, 0xa5, 0xff,
  0x6d, 0x67, 0xa6, 0xff, 0x31, 0x5d, 0xba, 0xff, 0x21, 0x5a, 0xbf, 0xff,
  0x1e, 0x57, 0xbc, 0xff, 0x1d, 0x54, 0xb6, 0xff, 0x1f, 0x4f, 0xae, 0xff,
  0x2e, 0x4e, 0xa0, 0xff, 0x53, 0x49, 0x79, 0xff, 0x7b, 0x4b, 0x62, 0xff,
  0x97, 0x61, 0x7e, 0xff, 0xb6, 0x79, 0x99, 0xff, 0xcb, 0x8d, 0xaf, 0xff,
  0xd5, 0x9a, 0xbc, 0xff, 0xdb, 0xa2, 0xc3, 0xff, 0xdf, 0xa8, 0xc8, 0xff,
  0xe0, 0xa9, 0xca, 0xff, 0xe1, 0xa9, 0xca, 0xff, 0xe1, 0xaa, 0xcb, 0xff,
  0xe0, 0xa9, 0xc9, 0xff, 0xdf, 0xa6, 0xc8, 0xff, 0xdd, 0xa3, 0xc5, 0xff,
  0xd6, 0x9b, 0xbd, 0xd0, 0xc9, 0x8c, 0xad, 0x00, 0xb2, 0x72, 0x92, 0x00,
  0xd1, 0xaa, 0xbd, 0x00, 0xff, 0xff, 0xff, 0x00, 0xfc, 0xfb, 0xfc, 0x00,
  0xfd, 0xfc, 0xfd, 0x00, 0xfe, 0xff, 0xff, 0x00, 0xf8, 0xec, 0xf3, 0x00,
  0xe4, 0xaf, 0xcf, 0x00, 0xe6, 0xb3, 0xd2, 0x00, 0xe8, 0xb5, 0xd4, 0x44,
  0xe8, 0xb5, 0xd4, 0xff, 0xe8, 0xb4, 0xd3, 0xff, 0xe7, 0xb3, 0xd2, 0xff,
  0xe5, 0xb1, 0xd0, 0xff, 0xe5, 0xb1, 0xd1, 0xff, 0xe6, 0xb2, 0xd2, 0xff,
  0xe7, 0xb3, 0xd2, 0xff, 0xe7, 0xb2, 0xd2, 0xff, 0xe6, 0xb2, 0xd2, 0xff,
  0xe6, 0xb1, 0xd2, 0xff, 0xe6, 0xb2, 0xd2, 0xff, 0xe5, 0xb1, 0xd1, 0xff,
  0xe5, 0xaf, 0xd0, 0xff, 0xe2, 0xab, 0xcd, 0xff, 0xde, 0xa5, 0xc8, 0xff,
  0xd2, 0x98, 0xbf, 0xff, 0xc5, 0x88, 0xa9, 0xff, 0xa8, 0x6b, 0x90, 0xff,
  0x76, 0x45, 0x99, 0xff, 0x50, 0x2f, 0xb2, 0xff, 0x43, 0x28, 0xbf, 0xff,
  0x43, 0x28, 0xc5, 0xff, 0x48, 0x2d, 0xca, 0xff, 0x4a, 0x30, 0xce, 0xff,
  0x4c, 0x33, 0xd1, 0xff, 0x4e, 0x34, 0xd3, 0xff, 0x50, 0x36, 0xd5, 0xff,
  0x4f, 0x36, 0xd6, 0xff, 0x4e, 0x36, 0xd6, 0xff, 0x4c, 0x33, 0xd5, 0xff,
  0x49, 0x32, 0xd1, 0xff, 0x47, 0x2f, 0xcb, 0xff, 0x43, 0x2d, 0xc5, 0xff,
  0x42, 0x2b, 0xc0, 0xff, 0x3e, 0x28, 0xbb, 0xff, 0x3b, 0x25, 0xb5, 0xff,
  0x39, 0x22, 0xb1, 0xff, 0x38, 0x20, 0xa9, 0xff, 0x3d, 0x22, 0x9b, 0xff,
  0x46, 0x26, 0x86, 0xff, 0x53, 0x2e, 0x6a, 0xff, 0x63, 0x37, 0x56, 0xff,
  0x71, 0x41, 0x57, 0xff, 0x80, 0x4c, 0x69, 0xff, 0x90, 0x58, 0x79, 0xff,
  0x9f, 0x64, 0x85, 0xff, 0xad, 0x70, 0x92, 0xff, 0xba, 0x7c, 0x9f, 0xff,
  0xc5, 0x87, 0xaa, 0xff, 0xcb, 0x8f, 0xb2, 0xff, 0xd1, 0x96, 0xb8, 0xff,
  0xd6, 0x9c, 0xbe, 0xff, 0xda, 0xa0, 0xc2, 0xff, 0xdd, 0xa4, 0xc6, 0xff,
  0xdf, 0xa6, 0xc8, 0xff, 0xe0, 0xa8, 0xc9, 0xff, 0xe1, 0xa8, 0xca, 0xff,
  0xe1, 0xa9, 0xcb, 0xff, 0xe2, 0xaa, 0xcc, 0xff, 0xe4, 0xac, 0xce, 0xff,
  0xe3, 0xac, 0xcd, 0xff, 0xe3, 0xac, 0xcd, 0xff, 0xe3, 0xac, 0xcd, 0xff,
  0xe3, 0xac, 0xcd, 0xff, 0xe3, 0xad, 0xcd, 0xff, 0xe3, 0xad, 0xce, 0xff,
  0xe3, 0xae, 0xce, 0xff, 0xe3, 0xae, 0xce, 0xff, 0xe3, 0xad, 0xcd, 0xff,
  0xe2, 0xac, 0xcc, 0xff, 0xe1, 0xab, 0xcb, 0xff, 0xdf, 0xa9, 0xca, 0xff,
  0xdd, 0xa6, 0xc7, 0xff, 0xd7, 0xa0, 0xc2, 0xff, 0xcb, 0x93, 0xb6, 0xff,
  0xb9, 0x7a, 0x97, 0xff, 0x8c, 0x5f, 0x84, 0xff, 0x63, 0x53, 0x89, 0xff,
  0x4f, 0x4e, 0x8c, 0xff, 0x4d, 0x4b, 0x86, 0xff, 0x57, 0x47, 0x75, 0xff,
  0x6b, 0x45, 0x62, 0xff, 0x80, 0x4c, 0x61, 0xff, 0x90, 0x5c, 0x78, 0xff,
  0xa9, 0x6e, 0x8e, 0xff, 0xc2, 0x84, 0xa5, 0xff, 0xd1, 0x95, 0xb6, 0xff,
  0xd8, 0x9e, 0xbf, 0xff, 0xdd, 0xa4, 0xc5, 0xff, 0xe0, 0xa8, 0xc9, 0xff,
  0xe0, 0xa8, 0xca, 0xff, 0xe1, 0xa9, 0xca, 0xff, 0xe0, 0xa9, 0xca, 0xff,
  0xdf, 0xa7, 0xc8, 0xff, 0xde, 0xa4, 0xc5, 0xff, 0xda, 0x9f, 0xc1, 0xff,
  0xcf, 0x93, 0xb4, 0x44, 0xbf, 0x82, 0xa1, 0x00, 0xb3, 0x76, 0x94, 0x00,
  0xef, 0xe3, 0xe9, 0x00, 0xff, 0xff, 0xff, 0x00, 0xfc, 0xfc, 0xfd, 0x00,
  0xfd, 0xfd, 0xfe, 0x00, 0xfc, 0xfc, 0xfd, 0x00, 0xff, 0xff, 0xff, 0x00,
  0xeb, 0xc5, 0xdb, 0x00, 0xe3, 0xab, 0xcc, 0x00, 0xe6, 0xb3, 0xd2, 0x00,
  0xe7, 0xb2, 0xd1, 0x7f, 0xe8, 0xb2, 0xd2, 0xff, 0xe8, 0xb3, 0xd3, 0xff,
  0xe7, 0xb2, 0xd2, 0xff, 0xe6, 0xb1, 0xd1, 0xff, 0xe6, 0xb1, 0xd1, 0xff,
  0xe7, 0xb2, 0xd3, 0xff, 0xe7, 0xb2, 0xd3, 0xff, 0xe6, 0xb2, 0xd2, 0xff,
  0xe6, 0xb2, 0xd2, 0xff, 0xe6, 0xb2, 0xd2, 0xff, 0xe6, 0xb0, 0xd1, 0xff,
  0xe5, 0xaf, 0xd0, 0xff, 0xe4, 0xae, 0xcf, 0xff, 0xe1, 0xaa, 0xcc, 0xff,
  0xdc, 0xa3, 0xc7, 0xff, 0xd1, 0x97, 0xbd, 0xff, 0xc4, 0x88, 0xac, 0xff,
  0xb2, 0x73, 0x91, 0xff, 0x90, 0x59, 0x7f, 0xff, 0x6e, 0x40, 0x85, 0xff,
  0x56, 0x30, 0x97, 0xff, 0x49, 0x28, 0xa6, 0xff, 0x42, 0x24, 0xb1, 0xff,
  0x40, 0x24, 0xb6, 0xff, 0x40, 0x25, 0xb8, 0xff, 0x40, 0x25, 0xb9, 0xff,
  0x3e, 0x25, 0xb8, 0xff, 0x3d, 0x24, 0xb8, 0xff, 0x3c, 0x23, 0xb9, 0xff,
  0x3d, 0x23, 0xb6, 0xff, 0x3c, 0x22, 0xb2, 0xff, 0x3b, 0x22, 0xad, 0xff,
  0x3d, 0x23, 0xa8, 0xff, 0x3f, 0x23, 0xa0, 0xff, 0x42, 0x23, 0x96, 0xff,
  0x4a, 0x27, 0x83, 0xff, 0x54, 0x2d, 0x6d, 0xff, 0x60, 0x34, 0x5c, 0xff,
  0x6c, 0x3d, 0x56, 0xff, 0x78, 0x46, 0x5e, 0xff, 0x84, 0x50, 0x6e, 0xff,
  0x90, 0x58, 0x7a, 0xff, 0x9e, 0x63, 0x85, 0xff, 0xac, 0x6f, 0x91, 0xff,
  0xb9, 0x7b, 0x9e, 0xff, 0xc2, 0x84, 0xa8, 0xff, 0xca, 0x8d, 0xb0, 0xff,
  0xd0, 0x95, 0xb7, 0xff, 0xd4, 0x98, 0xbb, 0xff, 0xd7, 0x9d, 0xbf, 0xff,
  0xda, 0xa1, 0xc3, 0xff, 0xdc, 0xa3, 0xc5, 0xff, 0xde, 0xa5, 0xc8, 0xff,
  0xe0, 0xa8, 0xca, 0xff, 0xe2, 0xaa, 0xcb, 0xff, 0xe2, 0xab, 0xcb, 0xff,
  0xe3, 0xab, 0xcd, 0xff, 0xe3, 0xac, 0xcd, 0xff, 0xe4, 0xac, 0xce, 0xff,
  0xe4, 0xae, 0xce, 0xff, 0xe4, 0xad, 0xce, 0xff, 0xe3, 0xac, 0xcd, 0xff,
  0xe2, 0xac, 0xcd, 0xff, 0xe2, 0xad, 0xcd, 0xff, 0xe3, 0xae, 0xce, 0xff,
  0xe3, 0xad, 0xcd, 0xff, 0xe3, 0xad, 0xcd, 0xff, 0xe3, 0xac, 0xcd, 0xff,
  0xe2, 0xab, 0xcc, 0xff, 0xe1, 0xaa, 0xcb, 0xff, 0xe0, 0xaa, 0xcb, 0xff,
  0xde, 0xa7, 0xc8, 0xff, 0xdb, 0xa3, 0xc5, 0xff, 0xd3, 0x9a, 0xbd, 0xff,
  0xc6, 0x8d, 0xb0, 0xff, 0xb8, 0x7c, 0x9c, 0xff, 0xa6, 0x68, 0x84, 0xff,
  0x96, 0x5b, 0x75, 0xff, 0x8d, 0x54, 0x6b, 0xff, 0x8c, 0x53, 0x6a, 0xff,
  0x8f, 0x58, 0x73, 0xff, 0x9a, 0x63, 0x80, 0xff, 0xab, 0x70, 0x8f, 0xff,
  0xbc, 0x7e, 0xa0, 0xff, 0xcc, 0x8f, 0xb0, 0xff, 0xd6, 0x9b, 0xbc, 0xff,
  0xdb, 0xa2, 0xc2, 0xff, 0xdf, 0xa6, 0xc7, 0xff, 0xe1, 0xa9, 0xca, 0xff,
  0xe1, 0xa9, 0xca, 0xff, 0xe0, 0xa8, 0xc9, 0xff, 0xe0, 0xa7, 0xc9, 0xff,
  0xdf, 0xa6, 0xc7, 0xff, 0xdc, 0xa2, 0xc3, 0xff, 0xd5, 0x99, 0xba, 0x7f,
  0xc7, 0x8a, 0xaa, 0x00, 0xb1, 0x71, 0x91, 0x00, 0xcc, 0xa3, 0xb8, 0x00,
  0xff, 0xff, 0xff, 0x00, 0xfc, 0xfc, 0xfd, 0x00, 0xfd, 0xfd, 0xfe, 0x00,
  0xfd, 0xfd, 0xfd, 0x00, 0xfd, 0xfc, 0xfd, 0x00, 0xfe, 0xff, 0xff, 0x00,
  0xf8, 0xef, 0xf4, 0x00, 0xe1, 0xaa, 0xca, 0x00, 0xe3, 0xad, 0xcc, 0x00,
  0xe5, 0xaf, 0xcf, 0x00, 0xe5, 0xaf, 0xd0, 0xaa, 0xe6, 0xb1, 0xd1, 0xff,
  0xe7, 0xb2, 0xd2, 0xff, 0xe7, 0xb2, 0xd2, 0xff, 0xe7, 0xb2, 0xd2, 0xff,
  0xe7, 0xb2, 0xd2, 0xff, 0xe7, 0xb2, 0xd3, 0xff, 0xe8, 0xb3, 0xd3, 0xff,
  0xe6, 0xb3, 0xd2, 0xff, 0xe7, 0xb2, 0xd2, 0xff, 0xe6, 0xb1, 0xd2, 0xff,
  0xe5, 0xb0, 0xd0, 0xff, 0xe4, 0xae, 0xd0, 0xff, 0xe3, 0xac, 0xce, 0xff,
  0xe1, 0xa9, 0xcc, 0xff, 0xdb, 0xa2, 0xc5, 0xff, 0xd3, 0x97, 0xbc, 0xff,
  0xc6, 0x8a, 0xb0, 0xff, 0xb9, 0x7c, 0x9f, 0xff, 0xa9, 0x6d, 0x89, 0xff,
  0x96, 0x5c, 0x78, 0xff, 0x81, 0x4c, 0x70, 0xff, 0x6e, 0x3f, 0x73, 0xff,
  0x61, 0x36, 0x7c, 0xff, 0x59, 0x31, 0x83, 0xff, 0x54, 0x2e, 0x88, 0xff,
  0x4f, 0x2c, 0x8b, 0xff, 0x4c, 0x2a, 0x8a, 0xff, 0x4b, 0x28, 0x88, 0xff,
  0x4c, 0x28, 0x84, 0xff, 0x50, 0x2a, 0x7f, 0xff, 0x54, 0x2d, 0x77, 0xff,
  0x58, 0x31, 0x6b, 0xff, 0x5f, 0x35, 0x61, 0xff, 0x6a, 0x3c, 0x5b, 0xff,
  0x75, 0x43, 0x59, 0xff, 0x7f, 0x4a, 0x61, 0xff, 0x88, 0x51, 0x6e, 0xff,
  0x90, 0x58, 0x79, 0xff, 0x99, 0x5f, 0x81, 0xff, 0xa5, 0x69, 0x8a, 0xff,
  0xb0, 0x72, 0x94, 0xff, 0xba, 0x7b, 0x9e, 0xff, 0xc2, 0x85, 0xa7, 0xff,
  0xca, 0x8c, 0xb0, 0xff, 0xd0, 0x92, 0xb6, 0xff, 0xd4, 0x98, 0xbb, 0xff,
  0xd7, 0x9d, 0xbf, 0xff, 0xdb, 0xa1, 0xc3, 0xff, 0xdc, 0xa3, 0xc5, 0xff,
  0xdd, 0xa6, 0xc7, 0xff, 0xde, 0xa6, 0xc8, 0xff, 0xdf, 0xa7, 0xc9, 0xff,
  0xe0, 0xa8, 0xca, 0xff, 0xe2, 0xab, 0xcc, 0xff, 0xe2, 0xac, 0xcd, 0xff,
  0xe3, 0xac, 0xcd, 0xff, 0xe3, 0xac, 0xce, 0xff, 0xe4, 0xad, 0xce, 0xff,
  0xe4, 0xad, 0xce, 0xff, 0xe4, 0xad, 0xce, 0xff, 0xe4, 0xad, 0xce, 0xff,
  0xe2, 0xac, 0xcd, 0xff, 0xe2, 0xac, 0xcd, 0xff, 0xe3, 0xac, 0xcd, 0xff,
  0xe3, 0xad, 0xce, 0xff, 0xe4, 0xad, 0xce, 0xff, 0xe3, 0xac, 0xcd, 0xff,
  0xe3, 0xab, 0xcc, 0xff, 0xe1, 0xaa, 0xcb, 0xff, 0xe1, 0xa9, 0xca, 0xff,
  0xe0, 0xa8, 0xc9, 0xff, 0xde, 0xa6, 0xc8, 0xff, 0xda, 0xa2, 0xc4, 0xff,
  0xd4, 0x99, 0xbc, 0xff, 0xc9, 0x8e, 0xb0, 0xff, 0xbe, 0x83, 0xa5, 0xff,
  0xb3, 0x78, 0x9b, 0xff, 0xab, 0x70, 0x92, 0xff, 0xa9, 0x6e, 0x8f, 0xff,
  0xad, 0x70, 0x91, 0xff, 0xb5, 0x78, 0x98, 0xff, 0xc1, 0x82, 0xa4, 0xff,
  0xcb, 0x8d, 0xaf, 0xff, 0xd2, 0x97, 0xb7, 0xff, 0xd8, 0x9e, 0xbf, 0xff,
  0xdd, 0xa4, 0xc4, 0xff, 0xe0, 0xa7, 0xc8, 0xff, 0xe1, 0xa9, 0xca, 0xff,
  0xe1, 0xa9, 0xca, 0xff, 0xe0, 0xa7, 0xc9, 0xff, 0xde, 0xa6, 0xc7, 0xff,
  0xdb, 0xa1, 0xc4, 0xff, 0xd6, 0x9a, 0xbd, 0xaa, 0xcd, 0x90, 0xb1, 0x00,
  0xb9, 0x7c, 0x9a, 0x00, 0xb2, 0x77, 0x94, 0x00, 0xf2, 0xe8, 0xee, 0x00,
  0xff, 0xff, 0xff, 0x00, 0xfc, 0xfc, 0xfd, 0x00, 0xfd, 0xfd, 0xfe, 0x00,
  0xfd, 0xfd, 0xfd, 0x00, 0xfd, 0xfd, 0xfe, 0x00, 0xfc, 0xfc, 0xfd, 0x00,
  0xff, 0xff, 0xff, 0x00, 0xed, 0xd1, 0xe2, 0x00, 0xdc, 0xa2, 0xc4, 0x00,
  0xe2, 0xad, 0xcc, 0x00, 0xe4, 0xae, 0xcd, 0x05, 0xe5, 0xb0, 0xd0, 0xc3,
  0xe6, 0xb0, 0xd0, 0xff, 0xe6, 0xb1, 0xd1, 0xff, 0xe7, 0xb1, 0xd1, 0xff,
  0xe6, 0xb1, 0xd1, 0xff, 0xe7, 0xb2, 0xd2, 0xff, 0xe8, 0xb3, 0xd4, 0xff,
  0xe6, 0xb3, 0xd2, 0xff, 0xe6, 0xb2, 0xd1, 0xff, 0xe6, 0xb1, 0xd1, 0xff,
  0xe5, 0xb0, 0xd0, 0xff, 0xe5, 0xaf, 0xd0, 0xff, 0xe4, 0xaf, 0xd0, 0xff,
  0xe3, 0xac, 0xce, 0xff, 0xdf, 0xa7, 0xc9, 0xff, 0xda, 0xa1, 0xc4, 0xff,
  0xd5, 0x9a, 0xbd, 0xff, 0xcd, 0x91, 0xb5, 0xff, 0xc3, 0x85, 0xab, 0xff,
  0xb7, 0x79, 0x9f, 0xff, 0xad, 0x70, 0x92, 0xff, 0xa2, 0x67, 0x85, 0xff,
  0x9a, 0x5f, 0x7b, 0xff, 0x92, 0x58, 0x73, 0xff, 0x8a, 0x52, 0x6c, 0xff,
  0x84, 0x4e, 0x67, 0xff, 0x82, 0x4c, 0x66, 0xff, 0x80, 0x4a, 0x63, 0xff,
  0x7f, 0x4a, 0x62, 0xff, 0x82, 0x4c, 0x64, 0xff, 0x84, 0x4e, 0x66, 0xff,
  0x88, 0x52, 0x6b, 0xff, 0x8e, 0x56, 0x72, 0xff, 0x92, 0x5a, 0x79, 0xff,
  0x98, 0x5f, 0x80, 0xff, 0xa0, 0x65, 0x86, 0xff, 0xa8, 0x6b, 0x8d, 0xff,
  0xaf, 0x71, 0x93, 0xff, 0xb6, 0x77, 0x9a, 0xff, 0xbe, 0x80, 0xa2, 0xff,
  0xc5, 0x87, 0xa9, 0xff, 0xcb, 0x8d, 0xb1, 0xff, 0xd0, 0x94, 0xb7, 0xff,
  0xd5, 0x99, 0xbc, 0xff, 0xd8, 0x9c, 0xbf, 0xff, 0xda, 0x9f, 0xc1, 0xff,
  0xdc, 0xa3, 0xc4, 0xff, 0xdf, 0xa7, 0xc8, 0xff, 0xe0, 0xa8, 0xc9, 0xff,
  0xe1, 0xa8, 0xca, 0xff, 0xe1, 0xa9, 0xca, 0xff, 0xe1, 0xa9, 0xcb, 0xff,
  0xe2, 0xaa, 0xcc, 0xff, 0xe2, 0xac, 0xcd, 0xff, 0xe2, 0xac, 0xcc, 0xff,
  0xe2, 0xac, 0xcd, 0xff, 0xe4, 0xad, 0xce, 0xff, 0xe3, 0xac, 0xcd, 0xff,
  0xe3, 0xac, 0xcd, 0xff, 0xe3, 0xab, 0xcd, 0xff, 0xe3, 0xac, 0xcd, 0xff,
  0xe3, 0xac, 0xcd, 0xff, 0xe3, 0xab, 0xcd, 0xff, 0xe3, 0xad, 0xce, 0xff,
  0xe3, 0xad, 0xce, 0xff, 0xe4, 0xae, 0xce, 0xff, 0xe4, 0xad, 0xce, 0xff,
  0xe3, 0xac, 0xcd, 0xff, 0xe2, 0xaa, 0xcb, 0xff, 0xe1, 0xa9, 0xca, 0xff,
  0xe1, 0xa9, 0xca, 0xff, 0xe0, 0xa8, 0xca, 0xff, 0xdf, 0xa6, 0xc8, 0xff,
  0xdb, 0xa1, 0xc3, 0xff, 0xd5, 0x9a, 0xbc, 0xff, 0xce, 0x93, 0xb4, 0xff,
  0xc8, 0x8b, 0xad, 0xff, 0xc3, 0x86, 0xa8, 0xff, 0xc1, 0x84, 0xa6, 0xff,
  0xc3, 0x86, 0xa7, 0xff, 0xc9, 0x8b, 0xac, 0xff, 0xcf, 0x92, 0xb3, 0xff,
  0xd4, 0x9a, 0xba, 0xff, 0xd8, 0x9f, 0xbf, 0xff, 0xdc, 0xa3, 0xc4, 0xff,
  0xdf, 0xa7, 0xc7, 0xff, 0xe0, 0xa9, 0xc9, 0xff, 0xe0, 0xa9, 0xca, 0xff,
  0xe1, 0xa9, 0xca, 0xff, 0xe0, 0xa7, 0xc8, 0xff, 0xdd, 0xa3, 0xc5, 0xff,
  0xd8, 0x9c, 0xbf, 0xc3, 0xce, 0x8f, 0xb3, 0x05, 0xbd, 0x82, 0xa0, 0x00,
  0xab, 0x6b, 0x8a, 0x00, 0xda, 0xbd, 0xcb, 0x00, 0xff, 0xff, 0xff, 0x00,
  0xfc, 0xfb, 0xfc, 0x00, 0xfd, 0xfd, 0xfe, 0x00, 0xfd, 0xfd, 0xfe, 0x00,
  0xfd, 0xfd, 0xfd, 0x00, 0xfd, 0xfd, 0xfd, 0x00, 0xfd, 0xfd, 0xfd, 0x00,
  0xfd, 0xfd, 0xfe, 0x00, 0xfe, 0xff, 0xff, 0x00, 0xe2, 0xb8, 0xd0, 0x00,
  0xda, 0xa0, 0xc2, 0x00, 0xe1, 0xab, 0xcb, 0x00, 0xe3, 0xad, 0xcd, 0x15,
  0xe4, 0xae, 0xce, 0xcc, 0xe5, 0xaf, 0xcf, 0xff, 0xe7, 0xb0, 0xd0, 0xff,
  0xe7, 0xb0, 0xd1, 0xff, 0xe7, 0xb1, 0xd2, 0xff, 0xe8, 0xb3, 0xd4, 0xff,
  0xe6, 0xb2, 0xd2, 0xff, 0xe6, 0xb1, 0xd1, 0xff, 0xe6, 0xb1, 0xd2, 0xff,
  0xe6, 0xb1, 0xd1, 0xff, 0xe5, 0xb0, 0xd0, 0xff, 0xe5, 0xaf, 0xd0, 0xff,
  0xe4, 0xae, 0xcf, 0xff, 0xe2, 0xab, 0xcd, 0xff, 0xdf, 0xa7, 0xca, 0xff,
  0xdc, 0xa3, 0xc5, 0xff, 0xd8, 0x9d, 0xc1, 0xff, 0xd2, 0x96, 0xba, 0xff,
  0xcb, 0x8e, 0xb2, 0xff, 0xc6, 0x88, 0xad, 0xff, 0xbf, 0x81, 0xa6, 0xff,
  0xb8, 0x7a, 0x9f, 0xff, 0xb2, 0x75, 0x9a, 0xff, 0xae, 0x71, 0x96, 0xff,
  0xaa, 0x6e, 0x91, 0xff, 0xa8, 0x6c, 0x8f, 0xff, 0xa6, 0x6b, 0x8e, 0xff,
  0xa7, 0x6b, 0x8e, 0xff, 0xa6, 0x6a, 0x8d, 0xff, 0xa7, 0x6b, 0x8e, 0xff,
  0xab, 0x6e, 0x91, 0xff, 0xad, 0x70, 0x92, 0xff, 0xb0, 0x72, 0x94, 0xff,
  0xb5, 0x76, 0x99, 0xff, 0xbc, 0x7d, 0xa0, 0xff, 0xc1, 0x83, 0xa6, 0xff,
  0xc5, 0x86, 0xa9, 0xff, 0xc9, 0x8b, 0xae, 0xff, 0xcd, 0x90, 0xb3, 0xff,
  0xd1, 0x95, 0xb7, 0xff, 0xd4, 0x98, 0xbb, 0xff, 0xd7, 0x9d, 0xbf, 0xff,
  0xda, 0xa0, 0xc2, 0xff, 0xdc, 0xa1, 0xc4, 0xff, 0xdd, 0xa3, 0xc6, 0xff,
  0xde, 0xa7, 0xc8, 0xff, 0xdf, 0xa8, 0xca, 0xff, 0xe0, 0xa9, 0xca, 0xff,
  0xe2, 0xab, 0xcc, 0xff, 0xe3, 0xab, 0xcc, 0xff, 0xe2, 0xaa, 0xcb, 0xff,
  0xe2, 0xab, 0xcc, 0xff, 0xe3, 0xac, 0xcd, 0xff, 0xe2, 0xac, 0xcc, 0xff,
  0xe2, 0xab, 0xcd, 0xff, 0xe3, 0xac, 0xcd, 0xff, 0xe3, 0xac, 0xcd, 0xff,
  0xe3, 0xab, 0xcd, 0xff, 0xe3, 0xab, 0xcc, 0xff, 0xe3, 0xab, 0xcc, 0xff,
  0xe3, 0xac, 0xcd, 0xff, 0xe2, 0xab, 0xcd, 0xff, 0xe3, 0xac, 0xcd, 0xff,
  0xe4, 0xad, 0xce, 0xff, 0xe3, 0xad, 0xcd, 0xff, 0xe4, 0xad, 0xcd, 0xff,
  0xe3, 0xad, 0xcd, 0xff, 0xe2, 0xac, 0xcc, 0xff, 0xe1, 0xab, 0xcb, 0xff,
  0xe1, 0xaa, 0xcb, 0xff, 0xe1, 0xaa, 0xcb, 0xff, 0xdf, 0xa7, 0xc8, 0xff,
  0xdd, 0xa5, 0xc6, 0xff, 0xdb, 0xa3, 0xc4, 0xff, 0xd8, 0x9e, 0xbf, 0xff,
  0xd4, 0x99, 0xbb, 0xff, 0xd1, 0x96, 0xb8, 0xff, 0xd0, 0x94, 0xb6, 0xff,
  0xd0, 0x95, 0xb5, 0xff, 0xd3, 0x98, 0xb9, 0xff, 0xd7, 0x9c, 0xbd, 0xff,
  0xda, 0xa1, 0xc2, 0xff, 0xdd, 0xa5, 0xc5, 0xff, 0xde, 0xa6, 0xc6, 0xff,
  0xe0, 0xa7, 0xc8, 0xff, 0xe0, 0xa8, 0xc9, 0xff, 0xdf, 0xa8, 0xc9, 0xff,
  0xdf, 0xa6, 0xc8, 0xff, 0xdc, 0xa2, 0xc4, 0xff, 0xd8, 0x9d, 0xbf, 0xcc,
  0xcf, 0x91, 0xb4, 0x15, 0xbf, 0x81, 0xa2, 0x00, 0xa9, 0x6b, 0x8a, 0x00,
  0xc2, 0x96, 0xad, 0x00, 0xff, 0xff, 0xff, 0x00, 0xfd, 0xfd, 0xfd, 0x00,
  0xfd, 0xfd, 0xfd, 0x00, 0xfd, 0xfd, 0xfd, 0x00, 0xfd, 0xfd, 0xfd, 0x00,
  0xfd, 0xfd, 0xfd, 0x00, 0xfd, 0xfd, 0xfd, 0x00, 0xfd, 0xfd, 0xfe, 0x00,
  0xfc, 0xfc, 0xfd, 0x00, 0xfe, 0xff, 0xff, 0x00, 0xfa, 0xf5, 0xf8, 0x00,
  0xdc, 0xa8, 0xc5, 0x00, 0xda, 0x9f, 0xc0, 0x00, 0xe0, 0xa8, 0xc9, 0x00,
  0xe2, 0xa9, 0xca, 0x15, 0xe3, 0xab, 0xcc, 0xc3, 0xe5, 0xad, 0xce, 0xff,
  0xe5, 0xaf, 0xcf, 0xff, 0xe6, 0xb0, 0xd1, 0xff, 0xe7, 0xb2, 0xd2, 0xff,
  0xe7, 0xb2, 0xd3, 0xff, 0xe7, 0xb1, 0xd2, 0xff, 0xe6, 0xb1, 0xd2, 0xff,
  0xe6, 0xb1, 0xd1, 0xff, 0xe6, 0xb1, 0xd1, 0xff, 0xe5, 0xb0, 0xd0, 0xff,
  0xe5, 0xaf, 0xd0, 0xff, 0xe4, 0xad, 0xcf, 0xff, 0xe2, 0xaa, 0xcc, 0xff,
  0xe0, 0xa7, 0xca, 0xff, 0xdd, 0xa3, 0xc7, 0xff, 0xda, 0xa0, 0xc3, 0xff,
  0xd7, 0x9c, 0xbf, 0xff, 0xd2, 0x96, 0xba, 0xff, 0xd0, 0x93, 0xb6, 0xff,
  0xcd, 0x8f, 0xb3, 0xff, 0xc9, 0x8b, 0xaf, 0xff, 0xc6, 0x89, 0xac, 0xff,
  0xc4, 0x87, 0xaa, 0xff, 0xc0, 0x82, 0xa6, 0xff, 0xc0, 0x83, 0xa6, 0xff,
  0xc1, 0x84, 0xa6, 0xff, 0xc0, 0x83, 0xa5, 0xff, 0xc2, 0x85, 0xa7, 0xff,
  0xc4, 0x86, 0xa9, 0xff, 0xc5, 0x87, 0xa9, 0xff, 0xc6, 0x87, 0xaa, 0xff,
  0xc8, 0x8a, 0xad, 0xff, 0xcd, 0x8f, 0xb2, 0xff, 0xcf, 0x92, 0xb5, 0xff,
  0xd1, 0x94, 0xb7, 0xff, 0xd4, 0x97, 0xba, 0xff, 0xd6, 0x9a, 0xbd, 0xff,
  0xd8, 0x9d, 0xc0, 0xff, 0xd9, 0xa0, 0xc2, 0xff, 0xdb, 0xa2, 0xc4, 0xff,
  0xdd, 0xa4, 0xc6, 0xff, 0xde, 0xa6, 0xc7, 0xff, 0xdf, 0xa7, 0xc9, 0xff,
  0xe0, 0xa8, 0xca, 0xff, 0xe0, 0xa9, 0xcb, 0xff, 0xe1, 0xaa, 0xcb, 0xff,
  0xe3, 0xac, 0xcd, 0xff, 0xe2, 0xab, 0xcc, 0xff, 0xe2, 0xaa, 0xcc, 0xff,
  0xe2, 0xab, 0xcc, 0xff, 0xe2, 0xab, 0xcc, 0xff, 0xe2, 0xac, 0xcd, 0xff,
  0xe3, 0xac, 0xcd, 0xff, 0xe3, 0xac, 0xcd, 0xff, 0xe3, 0xac, 0xcd, 0xff,
  0xe3, 0xac, 0xcd, 0xff, 0xe3, 0xac, 0xcd, 0xff, 0xe2, 0xab, 0xcc, 0xff,
  0xe3, 0xab, 0xcd, 0xff, 0xe3, 0xac, 0xcd, 0xff, 0xe2, 0xac, 0xcd, 0xff,
  0xe2, 0xac, 0xcd, 0xff, 0xe3, 0xad, 0xcd, 0xff, 0xe3, 0xad, 0xcd, 0xff,
  0xe3, 0xac, 0xcd, 0xff, 0xe3, 0xad, 0xcd, 0xff, 0xe4, 0xad, 0xcd, 0xff,
  0xe3, 0xac, 0xcd, 0xff, 0xe3, 0xac, 0xcd, 0xff, 0xe1, 0xaa, 0xcb, 0xff,
  0xe0, 0xa8, 0xc9, 0xff, 0xde, 0xa6, 0xc7, 0xff, 0xdd, 0xa4, 0xc5, 0xff,
  0xdb, 0xa1, 0xc3, 0xff, 0xd8, 0x9e, 0xc0, 0xff, 0xd7, 0x9d, 0xbf, 0xff,
  0xd8, 0x9e, 0xc0, 0xff, 0xd9, 0x9f, 0xc1, 0xff, 0xdb, 0xa1, 0xc2, 0xff,
  0xdd, 0xa4, 0xc5, 0xff, 0xdf, 0xa7, 0xc8, 0xff, 0xe0, 0xa8, 0xc9, 0xff,
  0xe0, 0xa7, 0xc9, 0xff, 0xde, 0xa6, 0xc7, 0xff, 0xdd, 0xa4, 0xc6, 0xff,
  0xdd, 0xa1, 0xc4, 0xff, 0xd7, 0x9a, 0xbd, 0xc3, 0xcf, 0x91, 0xb3, 0x15,
  0xc1, 0x83, 0xa4, 0x00, 0xaa, 0x6c, 0x8b, 0x00, 0xb6, 0x83, 0x9d, 0x00,
  0xf8, 0xf4, 0xf6, 0x00, 0xff, 0xff, 0xff, 0x00, 0xfc, 0xfc, 0xfd, 0x00,
  0xfd, 0xfd, 0xfe, 0x00, 0xfd, 0xfd, 0xfe, 0x00, 0xfd, 0xfd, 0xfe, 0x00,
  0xfd, 0xfd, 0xfe, 0x00, 0xfd, 0xfd, 0xfd, 0x00, 0xfd, 0xfd, 0xfe, 0x00,
  0xfd, 0xfd, 0xfe, 0x00, 0xfc, 0xfc, 0xfd, 0x00, 0xff, 0xff, 0xff, 0x00,
  0xf7, 0xee, 0xf3, 0x00, 0xd7, 0xa0, 0xbf, 0x00, 0xd7, 0x9b, 0xbc, 0x00,
  0xdd, 0xa5, 0xc5, 0x00, 0xdf, 0xa6, 0xc7, 0x05, 0xe1, 0xa9, 0xca, 0xaa,
  0xe3, 0xac, 0xcd, 0xff, 0xe4, 0xae, 0xcf, 0xff, 0xe6, 0xaf, 0xd0, 0xff,
  0xe6, 0xb1, 0xd2, 0xff, 0xe6, 0xb1, 0xd2, 0xff, 0xe6, 0xb0, 0xd1, 0xff,
  0xe6, 0xb0, 0xd0, 0xff, 0xe6, 0xb1, 0xd1, 0xff, 0xe5, 0xb0, 0xd1, 0xff,
  0xe5, 0xaf, 0xd0, 0xff, 0xe4, 0xae, 0xcf, 0xff, 0xe4, 0xad, 0xce, 0xff,
  0xe2, 0xaa, 0xcc, 0xff, 0xe0, 0xa8, 0xca, 0xff, 0xde, 0xa6, 0xc9, 0xff,
  0xdc, 0xa4, 0xc6, 0xff, 0xd9, 0xa0, 0xc2, 0xff, 0xd9, 0x9e, 0xc1, 0xff,
  0xd8, 0x9d, 0xc0, 0xff, 0xd6, 0x9b, 0xbe, 0xff, 0xd3, 0x99, 0xbb, 0xff,
  0xd2, 0x97, 0xba, 0xff, 0xcf, 0x93, 0xb6, 0xff, 0xcf, 0x93, 0xb5, 0xff,
  0xcf, 0x92, 0xb5, 0xff, 0xcf, 0x93, 0xb5, 0xff, 0xd0, 0x94, 0xb6, 0xff,
  0xd1, 0x94, 0xb7, 0xff, 0xd2, 0x95, 0xb8, 0xff, 0xd3, 0x96, 0xb9, 0xff,
  0xd3, 0x97, 0xba, 0xff, 0xd5, 0x99, 0xbb, 0xff, 0xd6, 0x9a, 0xbd, 0xff,
  0xd7, 0x9c, 0xbe, 0xff, 0xd9, 0x9d, 0xc1, 0xff, 0xda, 0x9f, 0xc2, 0xff,
  0xdc, 0xa2, 0xc4, 0xff, 0xde, 0xa4, 0xc6, 0xff, 0xdf, 0xa5, 0xc7, 0xff,
  0xdf, 0xa7, 0xc9, 0xff, 0xe0, 0xa8, 0xca, 0xff, 0xe1, 0xa9, 0xcb, 0xff,
  0xe2, 0xab, 0xcd, 0xff, 0xe2, 0xab, 0xcc, 0xff, 0xe2, 0xaa, 0xcc, 0xff,
  0xe3, 0xab, 0xcd, 0xff, 0xe3, 0xab, 0xcd, 0xff, 0xe3, 0xab, 0xcc, 0xff,
  0xe4, 0xab, 0xcd, 0xff, 0xe2, 0xaa, 0xcc, 0xff, 0xe2, 0xab, 0xcc, 0xff,
  0xe3, 0xac, 0xcd, 0xff, 0xe3, 0xac, 0xcd, 0xff, 0xe3, 0xac, 0xcd, 0xff,
  0xe4, 0xac, 0xcd, 0xff, 0xe3, 0xad, 0xcd, 0xff, 0xe2, 0xab, 0xcc, 0xff,
  0xe3, 0xab, 0xcc, 0xff, 0xe3, 0xac, 0xcd, 0xff, 0xe3, 0xab, 0xcd, 0xff,
  0xe3, 0xac, 0xcd, 0xff, 0xe4, 0xad, 0xcd, 0xff, 0xe3, 0xac, 0xcd, 0xff,
  0xe2, 0xab, 0xcc, 0xff, 0xe3, 0xac, 0xcc, 0xff, 0xe3, 0xac, 0xcd, 0xff,
  0xe3, 0xab, 0xcd, 0xff, 0xe4, 0xab, 0xcd, 0xff, 0xe3, 0xac, 0xcc, 0xff,
  0xe1, 0xaa, 0xca, 0xff, 0xdf, 0xa8, 0xc8, 0xff, 0xdf, 0xa7, 0xc7, 0xff,
  0xdf, 0xa6, 0xc7, 0xff, 0xde, 0xa5, 0xc7, 0xff, 0xdc, 0xa3, 0xc5, 0xff,
  0xde, 0xa4, 0xc6, 0xff, 0xdf, 0xa5, 0xc7, 0xff, 0xde, 0xa6, 0xc7, 0xff,
  0xdf, 0xa7, 0xc8, 0xff, 0xe0, 0xa7, 0xc8, 0xff, 0xe0, 0xa7, 0xc8, 0xff,
  0xdf, 0xa5, 0xc7, 0xff, 0xdd, 0xa3, 0xc5, 0xff, 0xdb, 0xa0, 0xc2, 0xff,
  0xd6, 0x98, 0xbc, 0xaa, 0xcd, 0x8e, 0xb1, 0x05, 0xbf, 0x81, 0xa1, 0x00,
  0xab, 0x6d, 0x8c, 0x00, 0xb2, 0x7e, 0x98, 0x00, 0xf3, 0xea, 0xef, 0x00,
  0xff, 0xff, 0xff, 0x00, 0xfc, 0xfb, 0xfc, 0x00, 0xfd, 0xfd, 0xfe, 0x00,
  0xfd, 0xfd, 0xfe, 0x00, 0xfd, 0xfd, 0xfe, 0x00, 0xfd, 0xfd, 0xfe, 0x00,
  0xfd, 0xfd, 0xfe, 0x00, 0xfd, 0xfd, 0xfe, 0x00, 0xfd, 0xfd, 0xfe, 0x00,
  0xfd, 0xfd, 0xfe, 0x00, 0xfd, 0xfe, 0xfe, 0x00, 0xfc, 0xfb, 0xfc, 0x00,
  0xff, 0xff, 0xff, 0x00, 0xf6, 0xed, 0xf2, 0x00, 0xd6, 0xa0, 0xbe, 0x00,
  0xd2, 0x93, 0xb6, 0x00, 0xd9, 0xa0, 0xc0, 0x00, 0xdd, 0xa3, 0xc5, 0x00,
  0xe0, 0xa7, 0xc8, 0x7f, 0xe3, 0xaa, 0xcb, 0xff, 0xe4, 0xac, 0xcd, 0xff,
  0xe6, 0xae, 0xd0, 0xff, 0xe5, 0xaf, 0xd1, 0xff, 0xe5, 0xae, 0xd0, 0xff,
  0xe5, 0xb0, 0xd0, 0xff, 0xe5, 0xb0, 0xd0, 0xff, 0xe5, 0xb0, 0xd0, 0xff,
  0xe6, 0xb0, 0xd1, 0xff, 0xe5, 0xaf, 0xd0, 0xff, 0xe5, 0xae, 0xcf, 0xff,
  0xe3, 0xad, 0xce, 0xff, 0xe2, 0xac, 0xcd, 0xff, 0xe1, 0xaa, 0xcc, 0xff,
  0xe0, 0xa8, 0xca, 0xff, 0xdf, 0xa7, 0xc9, 0xff, 0xdd, 0xa5, 0xc7, 0xff,
  0xdd, 0xa4, 0xc6, 0xff, 0xdd, 0xa4, 0xc6, 0xff, 0xdd, 0xa3, 0xc5, 0xff,
  0xdb, 0xa1, 0xc4, 0xff, 0xd9, 0xa0, 0xc2, 0xff, 0xd9, 0x9e, 0xc0, 0xff,
  0xd8, 0x9d, 0xc0, 0xff, 0xd9, 0x9f, 0xc1, 0xff, 0xd9, 0x9e, 0xc1, 0xff,
  0xd9, 0x9d, 0xc0, 0xff, 0xd9, 0x9d, 0xc1, 0xff, 0xda, 0x9e, 0xc1, 0xff,
  0xda, 0xa0, 0xc2, 0xff, 0xda, 0xa0, 0xc2, 0xff, 0xdb, 0xa1, 0xc3, 0xff,
  0xdb, 0xa1, 0xc3, 0xff, 0xdd, 0xa2, 0xc5, 0xff, 0xdd, 0xa4, 0xc6, 0xff,
  0xde, 0xa4, 0xc6, 0xff, 0xe0, 0xa6, 0xc8, 0xff, 0xe2, 0xa8, 0xca, 0xff,
  0xe1, 0xaa, 0xcb, 0xff, 0xe1, 0xaa, 0xcb, 0xff, 0xe2, 0xab, 0xcc, 0xff,
  0xe3, 0xac, 0xcd, 0xff, 0xe3, 0xac, 0xcd, 0xff, 0xe3, 0xab, 0xcd, 0xff,
  0xe4, 0xac, 0xcd, 0xff, 0xe4, 0xac, 0xcd, 0xff, 0xe4, 0xac, 0xcd, 0xff,
  0xe3, 0xab, 0xcd, 0xff, 0xe3, 0xab, 0xcc, 0xff, 0xe4, 0xab, 0xcd, 0xff,
  0xe4, 0xac, 0xcd, 0xff, 0xe2, 0xab, 0xcc, 0xff, 0xe3, 0xab, 0xcc, 0xff,
  0xe3, 0xac, 0xcd, 0xff, 0xe3, 0xac, 0xcd, 0xff, 0xe3, 0xac, 0xcd, 0xff,
  0xe3, 0xac, 0xcc, 0xff, 0xe3, 0xac, 0xcc, 0xff, 0xe3, 0xab, 0xcc, 0xff,
  0xe4, 0xac, 0xcd, 0xff, 0xe3, 0xac, 0xcd, 0xff, 0xe3, 0xab, 0xcd, 0xff,
  0xe3, 0xac, 0xcc, 0xff, 0xe2, 0xab, 0xcc, 0xff, 0xe2, 0xaa, 0xcc, 0xff,
  0xe2, 0xab, 0xcb, 0xff, 0xe3, 0xab, 0xcc, 0xff, 0xe3, 0xab, 0xcc, 0xff,
  0xe2, 0xab, 0xcb, 0xff, 0xe0, 0xa9, 0xca, 0xff, 0xe0, 0xa8, 0xc9, 0xff,
  0xe1, 0xa8, 0xca, 0xff, 0xe1, 0xa8, 0xca, 0xff, 0xdf, 0xa6, 0xc8, 0xff,
  0xe0, 0xa7, 0xc8, 0xff, 0xe1, 0xa9, 0xca, 0xff, 0xe0, 0xa8, 0xc9, 0xff,
  0xdf, 0xa7, 0xc8, 0xff, 0xde, 0xa5, 0xc7, 0xff, 0xdf, 0xa5, 0xc6, 0xff,
  0xdd, 0xa2, 0xc4, 0xff, 0xda, 0x9e, 0xc1, 0xff, 0xd4, 0x96, 0xb9, 0x7f,
  0xcb, 0x8b, 0xae, 0x00, 0xbd, 0x7f, 0x9f, 0x00, 0xa8, 0x69, 0x88, 0x00,
  0xb5, 0x82, 0x9c, 0x00, 0xf3, 0xeb, 0xf0, 0x00, 0xff, 0xff, 0xff, 0x00,
  0xfb, 0xfb, 0xfc, 0x00, 0xfd, 0xfd, 0xfe, 0x00, 0xfd, 0xfd, 0xfe, 0x00,
  0xfd, 0xfd, 0xfe, 0x00, 0xfd, 0xfd, 0xfe, 0x00, 0xfd, 0xfd, 0xfd, 0x00,
  0xfd, 0xfd, 0xfd, 0x00, 0xfc, 0xfd, 0xfe, 0x00, 0xfd, 0xfd, 0xfe, 0x00,
  0xfd, 0xfd, 0xfe, 0x00, 0xfc, 0xfd, 0xfe, 0x00, 0xfd, 0xfe, 0xfe, 0x00,
  0xfc, 0xfb, 0xfc, 0x00, 0xff, 0xff, 0xff, 0x00, 0xf9, 0xf4, 0xf7, 0x00,
  0xd9, 0xaa, 0xc4, 0x00, 0xcc, 0x8c, 0xaf, 0x00, 0xd5, 0x99, 0xba, 0x00,
  0xdb, 0xa0, 0xc1, 0x00, 0xde, 0xa3, 0xc4, 0x44, 0xe1, 0xa7, 0xc9, 0xd0,
  0xe3, 0xa9, 0xcb, 0xff, 0xe3, 0xaa, 0xcc, 0xff, 0xe2, 0xab, 0xcd, 0xff,
  0xe3, 0xac, 0xcd, 0xff, 0xe4, 0xad, 0xce, 0xff, 0xe4, 0xae, 0xcf, 0xff,
  0xe5, 0xaf, 0xd0, 0xff, 0xe4, 0xae, 0xcf, 0xff, 0xe4, 0xad, 0xcf, 0xff,
  0xe4, 0xad, 0xce, 0xff, 0xe3, 0xac, 0xcd, 0xff, 0xe2, 0xab, 0xcd, 0xff,
  0xe2, 0xab, 0xcc, 0xff, 0xe0, 0xa9, 0xcb, 0xff, 0xe0, 0xa8, 0xca, 0xff,
  0xe0, 0xa7, 0xc9, 0xff, 0xe1, 0xa9, 0xca, 0xff, 0xe1, 0xa8, 0xca, 0xff,
  0xdf, 0xa6, 0xc8, 0xff, 0xdd, 0xa4, 0xc6, 0xff, 0xdd, 0xa3, 0xc5, 0xff,
  0xdc, 0xa4, 0xc5, 0xff, 0xdd, 0xa4, 0xc5, 0xff, 0xdd, 0xa3, 0xc6, 0xff,
  0xdd, 0xa3, 0xc5, 0xff, 0xdd, 0xa2, 0xc5, 0xff, 0xdd, 0xa4, 0xc6, 0xff,
  0xde, 0xa5, 0xc6, 0xff, 0xde, 0xa5, 0xc6, 0xff, 0xde, 0xa5, 0xc7, 0xff,
  0xdf, 0xa5, 0xc7, 0xff, 0xe0, 0xa6, 0xc8, 0xff, 0xe0, 0xa7, 0xc9, 0xff,
  0xe1, 0xa7, 0xca, 0xff, 0xe1, 0xa9, 0xca, 0xff, 0xe2, 0xa9, 0xcb, 0xff,
  0xe3, 0xaa, 0xcc, 0xff, 0xe3, 0xab, 0xcd, 0xff, 0xe3, 0xac, 0xcd, 0xff,
  0xe3, 0xac, 0xcd, 0xff, 0xe2, 0xab, 0xcd, 0xff, 0xe3, 0xac, 0xcd, 0xff,
  0xe4, 0xad, 0xce, 0xff, 0xe4, 0xad, 0xce, 0xff, 0xe3, 0xab, 0xcc, 0xff,
  0xe3, 0xac, 0xcc, 0xff, 0xe3, 0xab, 0xcc, 0xff, 0xe3, 0xab, 0xcc, 0xff,
  0xe3, 0xab, 0xcc, 0xff, 0xe3, 0xaa, 0xcc, 0xff, 0xe3, 0xab, 0xcc, 0xff,
  0xe3, 0xab, 0xcc, 0xff, 0xe3, 0xab, 0xcc, 0xff, 0xe4, 0xaa, 0xcc, 0xff,
  0xe3, 0xab, 0xcc, 0xff, 0xe3, 0xab, 0xcc, 0xff, 0xe4, 0xac, 0xcd, 0xff,
  0xe3, 0xab, 0xcc, 0xff, 0xe3, 0xaa, 0xcb, 0xff, 0xe3, 0xab, 0xcc, 0xff,
  0xe2, 0xab, 0xcc, 0xff, 0xe1, 0xaa, 0xcb, 0xff, 0xe2, 0xaa, 0xcb, 0xff,
  0xe2, 0xab, 0xcb, 0xff, 0xe2, 0xab, 0xcc, 0xff, 0xe3, 0xab, 0xcb, 0xff,
  0xe2, 0xab, 0xcb, 0xff, 0xe1, 0xa9, 0xca, 0xff, 0xe1, 0xa9, 0xca, 0xff,
  0xe1, 0xa9, 0xca, 0xff, 0xe0, 0xa7, 0xc9, 0xff, 0xe0, 0xa7, 0xc9, 0xff,
  0xe1, 0xa8, 0xc9, 0xff, 0xe1, 0xa8, 0xc9, 0xff, 0xdf, 0xa5, 0xc7, 0xff,
  0xdc, 0xa2, 0xc4, 0xff, 0xdc, 0xa1, 0xc3, 0xff, 0xda, 0x9e, 0xc1, 0xff,
  0xd6, 0x99, 0xbb, 0xd0, 0xcf, 0x91, 0xb3, 0x44, 0xc5, 0x87, 0xa7, 0x00,
  0xb6, 0x79, 0x97, 0x00, 0xa7, 0x67, 0x87, 0x00, 0xc1, 0x95, 0xac, 0x00,
  0xf8, 0xf4, 0xf7, 0x00, 0xff, 0xff, 0xff, 0x00, 0xfb, 0xfb, 0xfc, 0x00,
  0xfd, 0xfe, 0xfe, 0x00, 0xfc, 0xfd, 0xfd, 0x00, 0xfd, 0xfd, 0xfe, 0x00,
  0xfd, 0xfd, 0xfe, 0x00, 0xfd, 0xfd, 0xfe, 0x00, 0xfd, 0xfd, 0xfe, 0x00,
  0xfd, 0xfd, 0xfd, 0x00, 0xfd, 0xfd, 0xfe, 0x00, 0xfd, 0xfd, 0xfe, 0x00,
  0xfd, 0xfd, 0xfd, 0x00, 0xfd, 0xfd, 0xfd, 0x00, 0xfd, 0xfd, 0xfd, 0x00,
  0xfd, 0xfd, 0xfe, 0x00, 0xfc, 0xfc, 0xfd, 0x00, 0xfe, 0xff, 0xff, 0x00,
  0xfe, 0xff, 0xfe, 0x00, 0xe3, 0xc3, 0xd5, 0x00, 0xca, 0x8c, 0xae, 0x00,
  0xcb, 0x8a, 0xad, 0x00, 0xd4, 0x97, 0xb8, 0x00, 0xd9, 0x9d, 0xbf, 0x00,
  0xdb, 0x9f, 0xc2, 0x7b, 0xdc, 0xa2, 0xc4, 0xf7, 0xde, 0xa4, 0xc6, 0xff,
  0xe0, 0xa7, 0xc9, 0xff, 0xe1, 0xa7, 0xca, 0xff, 0xe2, 0xaa, 0xcc, 0xff,
  0xe2, 0xab, 0xcc, 0xff, 0xe2, 0xab, 0xcc, 0xff, 0xe2, 0xab, 0xcd, 0xff,
  0xe3, 0xab, 0xcd, 0xff, 0xe2, 0xaa, 0xcc, 0xff, 0xe2, 0xab, 0xcc, 0xff,
  0xe2, 0xaa, 0xcc, 0xff, 0xe1, 0xa8, 0xcb, 0xff, 0xe2, 0xa9, 0xcb, 0xff,
  0xe3, 0xaa, 0xcc, 0xff, 0xe3, 0xab, 0xcc, 0xff, 0xe2, 0xa9, 0xcb, 0xff,
  0xe0, 0xa7, 0xc9, 0xff, 0xdf, 0xa6, 0xc8, 0xff, 0xde, 0xa5, 0xc7, 0xff,
  0xde, 0xa5, 0xc7, 0xff, 0xde, 0xa5, 0xc7, 0xff, 0xde, 0xa5, 0xc7, 0xff,
  0xde, 0xa5, 0xc7, 0xff, 0xde, 0xa5, 0xc7, 0xff, 0xde, 0xa4, 0xc6, 0xff,
  0xde, 0xa5, 0xc7, 0xff, 0xdf, 0xa6, 0xc8, 0xff, 0xdf, 0xa6, 0xc8, 0xff,
  0xe0, 0xa7, 0xc9, 0xff, 0xe1, 0xa8, 0xca, 0xff, 0xe2, 0xa9, 0xcb, 0xff,
  0xe2, 0xa9, 0xcc, 0xff, 0xe1, 0xa9, 0xcb, 0xff, 0xe1, 0xa9, 0xcb, 0xff,
  0xe2, 0xaa, 0xcc, 0xff, 0xe3, 0xac, 0xcd, 0xff, 0xe2, 0xab, 0xcc, 0xff,
  0xe2, 0xaa, 0xcc, 0xff, 0xe2, 0xab, 0xcc, 0xff, 0xe3, 0xac, 0xcd, 0xff,
  0xe3, 0xac, 0xcd, 0xff, 0xe4, 0xac, 0xcd, 0xff, 0xe4, 0xac, 0xcc, 0xff,
  0xe3, 0xab, 0xcc, 0xff, 0xe2, 0xaa, 0xcb, 0xff, 0xe1, 0xa9, 0xca, 0xff,
  0xe2, 0xa9, 0xcb, 0xff, 0xe2, 0xa9, 0xcb, 0xff, 0xe1, 0xa8, 0xca, 0xff,
  0xe1, 0xa8, 0xca, 0xff, 0xe2, 0xa9, 0xcb, 0xff, 0xe2, 0xa8, 0xcb, 0xff,
  0xe2, 0xa8, 0xca, 0xff, 0xe2, 0xaa, 0xcb, 0xff, 0xe2, 0xab, 0xcc, 0xff,
  0xe2, 0xaa, 0xcb, 0xff, 0xe2, 0xa9, 0xca, 0xff, 0xe2, 0xaa, 0xcb, 0xff,
  0xe2, 0xaa, 0xca, 0xff, 0xe1, 0xaa, 0xca, 0xff, 0xe1, 0xaa, 0xca, 0xff,
  0xe1, 0xa9, 0xca, 0xff, 0xe1, 0xa9, 0xca, 0xff, 0xe2, 0xaa, 0xca, 0xff,
  0xe1, 0xa9, 0xca, 0xff, 0xdf, 0xa7, 0xc8, 0xff, 0xe0, 0xa7, 0xc8, 0xff,
  0xe0, 0xa8, 0xc9, 0xff, 0xdf, 0xa7, 0xc8, 0xff, 0xe0, 0xa7, 0xc8, 0xff,
  0xdf, 0xa6, 0xc7, 0xff, 0xdd, 0xa3, 0xc4, 0xff, 0xdb, 0xa0, 0xc2, 0xff,
  0xd8, 0x9c, 0xbf, 0xff, 0xd5, 0x98, 0xbb, 0xf7, 0xd0, 0x91, 0xb4, 0x7b,
  0xc7, 0x88, 0xa9, 0x00, 0xbb, 0x7d, 0x9c, 0x00, 0xad, 0x6d, 0x8d, 0x00,
  0xad, 0x73, 0x91, 0x00, 0xd7, 0xb9, 0xc9, 0x00, 0xff, 0xff, 0xff, 0x00,
  0xff, 0xff, 0xff, 0x00, 0xfb, 0xfb, 0xfc, 0x00, 0xfd, 0xfe, 0xfe, 0x00,
  0xfd, 0xfd, 0xfd, 0x00, 0xfd, 0xfd, 0xfd, 0x00, 0xfd, 0xfd, 0xfe, 0x00,
  0xfd, 0xfd, 0xfe, 0x00, 0xfd, 0xfd, 0xfe, 0x00, 0xfd, 0xfd, 0xfe, 0x00,
  0xfd, 0xfd, 0xfd, 0x00, 0xfd, 0xfd, 0xfe, 0x00, 0xfd, 0xfd, 0xfe, 0x00,
  0xfd, 0xfd, 0xfd, 0x00, 0xfd, 0xfd, 0xfe, 0x00, 0xfd, 0xfd, 0xfe, 0x00,
  0xfd, 0xfd, 0xfe, 0x00, 0xfd, 0xfd, 0xfe, 0x00, 0xfc, 0xfc, 0xfd, 0x00,
  0xfd, 0xfe, 0xfe, 0x00, 0xff, 0xff, 0xff, 0x00, 0xf2, 0xe6, 0xed, 0x00,
  0xd4, 0xa7, 0xbf, 0x00, 0xc4, 0x83, 0xa6, 0x00, 0xc6, 0x83, 0xa7, 0x00,
  0xcd, 0x8e, 0xb1, 0x00, 0xd3, 0x97, 0xb9, 0x15, 0xd8, 0x9c, 0xbe, 0x88,
  0xda, 0x9d, 0xc0, 0xf3, 0xdb, 0x9f, 0xc2, 0xff, 0xde, 0xa3, 0xc5, 0xff,
  0xde, 0xa4, 0xc6, 0xff, 0xdd, 0xa3, 0xc5, 0xff, 0xdd, 0xa3, 0xc6, 0xff,
  0xde, 0xa4, 0xc6, 0xff, 0xdf, 0xa5, 0xc8, 0xff, 0xde, 0xa6, 0xc8, 0xff,
  0xdf, 0xa5, 0xc8, 0xff, 0xdf, 0xa5, 0xc7, 0xff, 0xe0, 0xa6, 0xc8, 0xff,
  0xe1, 0xa6, 0xc9, 0xff, 0xe0, 0xa5, 0xc8, 0xff, 0xe0, 0xa5, 0xc8, 0xff,
  0xdf, 0xa5, 0xc7, 0xff, 0xde, 0xa4, 0xc6, 0xff, 0xdd, 0xa3, 0xc5, 0xff,
  0xdc, 0xa1, 0xc4, 0xff, 0xdc, 0xa2, 0xc5, 0xff, 0xdc, 0xa3, 0xc5, 0xff,
  0xdd, 0xa3, 0xc5, 0xff, 0xdd, 0xa2, 0xc5, 0xff, 0xdd, 0xa2, 0xc5, 0xff,
  0xdd, 0xa3, 0xc5, 0xff, 0xdc, 0xa2, 0xc5, 0xff, 0xde, 0xa4, 0xc6, 0xff,
  0xdf, 0xa4, 0xc7, 0xff, 0xdf, 0xa5, 0xc7, 0xff, 0xe0, 0xa7, 0xc9, 0xff,
  0xe0, 0xa7, 0xc9, 0xff, 0xdf, 0xa5, 0xc7, 0xff, 0xde, 0xa6, 0xc7, 0xff,
  0xe0, 0xa8, 0xc9, 0xff, 0xe0, 0xa7, 0xc9, 0xff, 0xdf, 0xa6, 0xc8, 0xff,
  0xdf, 0xa6, 0xc9, 0xff, 0xe0, 0xa6, 0xc8, 0xff, 0xe0, 0xa6, 0xc8, 0xff,
  0xe0, 0xa7, 0xc8, 0xff, 0xe1, 0xa7, 0xc9, 0xff, 0xe1, 0xa7, 0xc8, 0xff,
  0xe0, 0xa6, 0xc8, 0xff, 0xdf, 0xa6, 0xc7, 0xff, 0xde, 0xa5, 0xc6, 0xff,
  0xdf, 0xa5, 0xc6, 0xff, 0xdf, 0xa5, 0xc7, 0xff, 0xdf, 0xa5, 0xc7, 0xff,
  0xdf, 0xa5, 0xc7, 0xff, 0xe0, 0xa5, 0xc7, 0xff, 0xdf, 0xa5, 0xc7, 0xff,
  0xe0, 0xa5, 0xc7, 0xff, 0xe0, 0xa6, 0xc8, 0xff, 0xe0, 0xa6, 0xc7, 0xff,
  0xdf, 0xa5, 0xc7, 0xff, 0xdf, 0xa5, 0xc6, 0xff, 0xdf, 0xa5, 0xc6, 0xff,
  0xde, 0xa4, 0xc6, 0xff, 0xde, 0xa5, 0xc6, 0xff, 0xde, 0xa5, 0xc6, 0xff,
  0xde, 0xa5, 0xc6, 0xff, 0xdd, 0xa4, 0xc5, 0xff, 0xdd, 0xa3, 0xc4, 0xff,
  0xdc, 0xa2, 0xc4, 0xff, 0xdc, 0xa1, 0xc3, 0xff, 0xdb, 0xa1, 0xc3, 0xff,
  0xdb, 0xa0, 0xc2, 0xff, 0xda, 0x9e, 0xc0, 0xff, 0xd9, 0x9e, 0xc0, 0xff,
  0xd7, 0x9c, 0xbd, 0xff, 0xd4, 0x98, 0xb9, 0xff, 0xd1, 0x94, 0xb6, 0xf3,
  0xcc, 0x90, 0xb2, 0x88, 0xc6, 0x88, 0xa9, 0x15, 0xbb, 0x7b, 0x9c, 0x00,
  0xad, 0x6c, 0x8d, 0x00, 0xac, 0x70, 0x8f, 0x00, 0xc7, 0x9d, 0xb2, 0x00,
  0xf0, 0xe5, 0xec, 0x00, 0xff, 0xff, 0xff, 0x00, 0xfc, 0xfd, 0xfd, 0x00,
  0xfc, 0xfc, 0xfd, 0x00, 0xfd, 0xfe, 0xfe, 0x00, 0xfd, 0xfd, 0xfe, 0x00,
  0xfd, 0xfd, 0xfd, 0x00, 0xfd, 0xfd, 0xfe, 0x00, 0xfd, 0xfd, 0xfe, 0x00,
  0xfd, 0xfd, 0xfd, 0x00, 0xfd, 0xfd, 0xfe, 0x00, 0xfd, 0xfd, 0xfe, 0x00,
  0xfd, 0xfd, 0xfe, 0x00, 0xfd, 0xfd, 0xfe, 0x00, 0xfd, 0xfd, 0xfd, 0x00,
  0xfd, 0xfd, 0xfe, 0x00, 0xfd, 0xfd, 0xfe, 0x00, 0xfd, 0xfd, 0xfe, 0x00,
  0xfd, 0xfd, 0xfe, 0x00, 0xfd, 0xfd, 0xfe, 0x00, 0xfd, 0xfd, 0xfe, 0x00,
  0xfd, 0xfd, 0xfd, 0x00, 0xfc, 0xfc, 0xfc, 0x00, 0xff, 0xff, 0xff, 0x00,
  0xff, 0xff, 0xff, 0x00, 0xee, 0xdf, 0xe7, 0x00, 0xd3, 0xa9, 0xc0, 0x00,
  0xc3, 0x86, 0xa6, 0x00, 0xbf, 0x7b, 0xa0, 0x00, 0xc2, 0x7e, 0xa3, 0x00,
  0xc8, 0x87, 0xaa, 0x09, 0xcd, 0x8e, 0xb1, 0x6a, 0xd1, 0x93, 0xb6, 0xc3,
  0xd4, 0x96, 0xb8, 0xff, 0xd3, 0x96, 0xb8, 0xff, 0xd4, 0x96, 0xb9, 0xff,
  0xd6, 0x98, 0xbb, 0xff, 0xd7, 0x98, 0xbc, 0xff, 0xd6, 0x98, 0xbb, 0xff,
  0xd7, 0x99, 0xbc, 0xff, 0xd7, 0x9a, 0xbd, 0xff, 0xd7, 0x9a, 0xbd, 0xff,
  0xd8, 0x9a, 0xbd, 0xff, 0xd7, 0x9a, 0xbd, 0xff, 0xd8, 0x9c, 0xbe, 0xff,
  0xd9, 0x9c, 0xbf, 0xff, 0xd8, 0x9b, 0xbe, 0xff, 0xd7, 0x99, 0xbc, 0xff,
  0xd6, 0x98, 0xbb, 0xff, 0xd6, 0x99, 0xbc, 0xff, 0xd7, 0x99, 0xbb, 0xff,
  0xd7, 0x98, 0xbb, 0xff, 0xd7, 0x98, 0xbc, 0xff, 0xd6, 0x98, 0xbc, 0xff,
  0xd5, 0x98, 0xba, 0xff, 0xd6, 0x98, 0xbb, 0xff, 0xd6, 0x99, 0xbc, 0xff,
  0xd7, 0x99, 0xbc, 0xff, 0xd8, 0x9b, 0xbe, 0xff, 0xd8, 0x9b, 0xbe, 0xff,
  0xd8, 0x9b, 0xbe, 0xff, 0xd9, 0x9c, 0xbf, 0xff, 0xd8, 0x9b, 0xbe, 0xff,
  0xd9, 0x9b, 0xbe, 0xff, 0xd9, 0x9b, 0xbe, 0xff, 0xd8, 0x9a, 0xbe, 0xff,
  0xd9, 0x9c, 0xbf, 0xff, 0xd8, 0x9b, 0xbe, 0xff, 0xd9, 0x9b, 0xbe, 0xff,
  0xd9, 0x9b, 0xbe, 0xff, 0xd9, 0x9c, 0xbf, 0xff, 0xd8, 0x9b, 0xbe, 0xff,
  0xd9, 0x9b, 0xbe, 0xff, 0xd9, 0x9b, 0xbd, 0xff, 0xd8, 0x9b, 0xbd, 0xff,
  0xd8, 0x9b, 0xbd, 0xff, 0xd9, 0x9b, 0xbe, 0xff, 0xd7, 0x9b, 0xbd, 0xff,
  0xd6, 0x98, 0xbb, 0xff, 0xd8, 0x99, 0xbc, 0xff, 0xd8, 0x9b, 0xbd, 0xff,
  0xd7, 0x9a, 0xbd, 0xff, 0xd7, 0x99, 0xbc, 0xff, 0xd7, 0x9a, 0xbc, 0xff,
  0xd7, 0x9a, 0xbc, 0xff, 0xd7, 0x9a, 0xbc, 0xff, 0xd7, 0x9a, 0xbb, 0xff,
  0xd6, 0x98, 0xba, 0xff, 0xd5, 0x97, 0xb9, 0xff, 0xd5, 0x99, 0xb9, 0xff,
  0xd5, 0x99, 0xba, 0xff, 0xd5, 0x97, 0xb9, 0xff, 0xd4, 0x95, 0xb7, 0xff,
  0xd2, 0x95, 0xb7, 0xff, 0xd1, 0x94, 0xb5, 0xff, 0xd2, 0x93, 0xb5, 0xff,
  0xd0, 0x91, 0xb3, 0xff, 0xce, 0x8e, 0xb1, 0xff, 0xcb, 0x8d, 0xaf, 0xff,
  0xc8, 0x89, 0xaa, 0xc3, 0xc1, 0x82, 0xa3, 0x6a, 0xba, 0x7a, 0x9b, 0x09,
  0xb1, 0x71, 0x92, 0x00, 0xac, 0x6c, 0x8c, 0x00, 0xb2, 0x79, 0x96, 0x00,
  0xca, 0xa2, 0xb7, 0x00, 0xec, 0xde, 0xe6, 0x00, 0xff, 0xff, 0xff, 0x00,
  0xff, 0xff, 0xff, 0x00, 0xfb, 0xfb, 0xfc, 0x00, 0xfc, 0xfd, 0xfd, 0x00,
  0xfc, 0xfd, 0xfe, 0x00, 0xfd, 0xfd, 0xfe, 0x00, 0xfd, 0xfd, 0xfe, 0x00,
  0xfc, 0xfd, 0xfd, 0x00, 0xfd, 0xfd, 0xfe, 0x00, 0xfd, 0xfd, 0xfe, 0x00,
  0xfd, 0xfd, 0xfe, 0x00, 0xfd, 0xfd, 0xfe, 0x00, 0xfd, 0xfd, 0xfe, 0x00,
  0xfd, 0xfd, 0xfd, 0x00, 0xfd, 0xfd, 0xfe, 0x00, 0xfd, 0xfd, 0xfe, 0x00,
  0xfd, 0xfd, 0xfe, 0x00, 0xfd, 0xfd, 0xfe, 0x00, 0xfd, 0xfd, 0xfd, 0x00,
  0xfd, 0xfd, 0xfe, 0x00, 0xfd, 0xfd, 0xfe, 0x00, 0xfd, 0xfd, 0xfe, 0x00,
  0xfd, 0xfd, 0xfd, 0x00, 0xfd, 0xfd, 0xfe, 0x00, 0xfc, 0xfc, 0xfd, 0x00,
  0xfc, 0xfc, 0xfd, 0x00, 0xff, 0xff, 0xff, 0x00, 0xff, 0xff, 0xff, 0x00,
  0xf6, 0xee, 0xf3, 0x00, 0xe2, 0xc8, 0xd6, 0x00, 0xcd, 0xa1, 0xb9, 0x00,
  0xc3, 0x89, 0xa7, 0x00, 0xbc, 0x7c, 0x9e, 0x00, 0xb9, 0x76, 0x99, 0x00,
  0xba, 0x76, 0x9a, 0x22, 0xbb, 0x75, 0x9a, 0x6a, 0xbd, 0x79, 0x9d, 0xaa,
  0xc0, 0x7c, 0xa0, 0xe1, 0xc0, 0x7d, 0xa0, 0xff, 0xc0, 0x7d, 0xa0, 0xff,
  0xc1, 0x7f, 0xa1, 0xff, 0xc2, 0x7f, 0xa2, 0xff, 0xc1, 0x7f, 0xa2, 0xff,
  0xc2, 0x80, 0xa3, 0xff, 0xc5, 0x83, 0xa5, 0xff, 0xc5, 0x84, 0xa5, 0xff,
  0xc6, 0x84, 0xa6, 0xff, 0xc5, 0x83, 0xa5, 0xff, 0xc4, 0x82, 0xa4, 0xff,
  0xc5, 0x84, 0xa6, 0xff, 0xc5, 0x83, 0xa5, 0xff, 0xc3, 0x81, 0xa3, 0xff,
  0xc3, 0x80, 0xa3, 0xff, 0xc4, 0x82, 0xa4, 0xff, 0xc3, 0x81, 0xa3, 0xff,
  0xc2, 0x80, 0xa2, 0xff, 0xc3, 0x81, 0xa3, 0xff, 0xc2, 0x7f, 0xa2, 0xff,
  0xc3, 0x81, 0xa3, 0xff, 0xc4, 0x82, 0xa4, 0xff, 0xc3, 0x81, 0xa3, 0xff,
  0xc4, 0x83, 0xa5, 0xff, 0xc6, 0x84, 0xa7, 0xff, 0xc6, 0x84, 0xa6, 0xff,
  0xc7, 0x85, 0xa7, 0xff, 0xc7, 0x85, 0xa7, 0xff, 0xc8, 0x85, 0xa7, 0xff,
  0xc8, 0x85, 0xa8, 0xff, 0xc6, 0x84, 0xa6, 0xff, 0xc6, 0x84, 0xa6, 0xff,
  0xc6, 0x84, 0xa6, 0xff, 0xc7, 0x85, 0xa7, 0xff, 0xc7, 0x86, 0xa8, 0xff,
  0xc6, 0x86, 0xa7, 0xff, 0xc7, 0x86, 0xa7, 0xff, 0xc5, 0x84, 0xa6, 0xff,
  0xc5, 0x84, 0xa6, 0xff, 0xc7, 0x85, 0xa7, 0xff, 0xc5, 0x84, 0xa5, 0xff,
  0xc4, 0x82, 0xa4, 0xff, 0xc5, 0x83, 0xa5, 0xff, 0xc5, 0x82, 0xa5, 0xff,
  0xc3, 0x81, 0xa3, 0xff, 0xc2, 0x81, 0xa2, 0xff, 0xc3, 0x82, 0xa3, 0xff,
  0xc3, 0x82, 0xa3, 0xff, 0xc3, 0x82, 0xa3, 0xff, 0xc3, 0x82, 0xa3, 0xff,
  0xc2, 0x81, 0xa2, 0xff, 0xc1, 0x80, 0xa1, 0xff, 0xc0, 0x7f, 0x9f, 0xff,
  0xc0, 0x80, 0xa0, 0xff, 0xbf, 0x7d, 0x9e, 0xff, 0xbe, 0x7c, 0x9d, 0xff,
  0xbd, 0x7b, 0x9c, 0xff, 0xba, 0x77, 0x98, 0xff, 0xb9, 0x75, 0x97, 0xe1,
  0xb6, 0x72, 0x95, 0xaa, 0xb4, 0x70, 0x93, 0x6a, 0xb1, 0x6f, 0x91, 0x22,
  0xae, 0x6c, 0x8e, 0x00, 0xaf, 0x71, 0x90, 0x00, 0xb7, 0x81, 0x9d, 0x00,
  0xc7, 0x9e, 0xb4, 0x00, 0xde, 0xc6, 0xd2, 0x00, 0xf5, 0xef, 0xf2, 0x00,
  0xff, 0xff, 0xff, 0x00, 0xff, 0xff, 0xff, 0x00, 0xfc, 0xfc, 0xfc, 0x00,
  0xfc, 0xfc, 0xfd, 0x00, 0xfd, 0xfd, 0xfe, 0x00, 0xfd, 0xfd, 0xfd, 0x00,
  0xfd, 0xfd, 0xfd, 0x00, 0xfd, 0xfd, 0xfe, 0x00, 0xfd, 0xfd, 0xfe, 0x00,
  0xfd, 0xfd, 0xfe, 0x00, 0xfd, 0xfd, 0xfd, 0x00, 0xfd, 0xfd, 0xfe, 0x00,
  0xfd, 0xfd, 0xfe, 0x00, 0xfd, 0xfd, 0xfe, 0x00, 0xfd, 0xfd, 0xfe, 0x00,
  0xfd, 0xfd, 0xfe, 0x00, 0xfd, 0xfd, 0xfe, 0x00, 0xfd, 0xfd, 0xfd, 0x00,
  0xfd, 0xfd, 0xfe, 0x00, 0xfd, 0xfd, 0xfd, 0x00, 0xfd, 0xfd, 0xfe, 0x00,
  0xfd, 0xfe, 0xfe, 0x00, 0xfd, 0xfe, 0xfe, 0x00, 0xfd, 0xfd, 0xfe, 0x00,
  0xfd, 0xfd, 0xfd, 0x00, 0xfd, 0xfd, 0xfe, 0x00, 0xfd, 0xfe, 0xfe, 0x00,
  0xfd, 0xfd, 0xfe, 0x00, 0xfc, 0xfc, 0xfd, 0x00, 0xfd, 0xfc, 0xfd, 0x00,
  0xff, 0xff, 0xff, 0x00, 0xff, 0xff, 0xff, 0x00, 0xff, 0xff, 0xff, 0x00,
  0xfa, 0xf7, 0xf9, 0x00, 0xef, 0xe3, 0xea, 0x00, 0xe4, 0xcf, 0xda, 0x00,
  0xd9, 0xbb, 0xcb, 0x00, 0xd1, 0xab, 0xbf, 0x00, 0xcb, 0x9e, 0xb6, 0x00,
  0xc6, 0x96, 0xaf, 0x00, 0xc2, 0x8f, 0xaa, 0x15, 0xc0, 0x8a, 0xa6, 0x3b,
  0xbe, 0x86, 0xa3, 0x59, 0xbc, 0x82, 0x9f, 0x6e, 0xbc, 0x80, 0x9e, 0x7b,
  0xba, 0x7e, 0x9d, 0xff, 0xbc, 0x7f, 0x9d, 0xff, 0xbc, 0x7d, 0x9d, 0xff,
  0xba, 0x7c, 0x9b, 0xff, 0xba, 0x7b, 0x9b, 0xff, 0xb9, 0x7a, 0x9a, 0xff,
  0xb8, 0x7a, 0x99, 0xff, 0xb6, 0x77, 0x97, 0xff, 0xb5, 0x75, 0x96, 0xff,
  0xb7, 0x76, 0x96, 0xff, 0xb7, 0x77, 0x97, 0xff, 0xb7, 0x78, 0x97, 0xff,
  0xb6, 0x77, 0x96, 0xff, 0xb5, 0x75, 0x95, 0xff, 0xb5, 0x75, 0x95, 0xff,
  0xb6, 0x76, 0x96, 0xff, 0xb6, 0x76, 0x96, 0xff, 0xb6, 0x75, 0x96, 0xff,
  0xb6, 0x75, 0x96, 0xff, 0xb6, 0x76, 0x96, 0xff, 0xb6, 0x76, 0x96, 0xff,
  0xb7, 0x77, 0x97, 0xff, 0xb7, 0x76, 0x96, 0xff, 0xb8, 0x77, 0x97, 0xff,
  0xb8, 0x77, 0x96, 0xff, 0xb8, 0x77, 0x96, 0xff, 0xb7, 0x76, 0x95, 0xff,
  0xb7, 0x77, 0x96, 0xff, 0xb7, 0x77, 0x96, 0xff, 0xb8, 0x78, 0x96, 0xff,
  0xb6, 0x77, 0x95, 0xff, 0xb6, 0x77, 0x95, 0xff, 0xb5, 0x77, 0x95, 0xff,
  0xb6, 0x76, 0x95, 0xff, 0xb7, 0x76, 0x96, 0xff, 0xb6, 0x76, 0x95, 0xff,
  0xb6, 0x76, 0x95, 0xff, 0xb5, 0x75, 0x94, 0xff, 0xb6, 0x76, 0x95, 0xff,
  0xb6, 0x77, 0x96, 0xff, 0xb6, 0x78, 0x96, 0xff, 0xb6, 0x79, 0x97, 0xff,
  0xb7, 0x7a, 0x98, 0xff, 0xb7, 0x7a, 0x98, 0xff, 0xb8, 0x7b, 0x99, 0xff,
  0xb8, 0x7d, 0x9a, 0xff, 0xb9, 0x7e, 0x9b, 0xff, 0xb9, 0x7e, 0x9b, 0xff,
  0xb9, 0x7f, 0x9b, 0x7b, 0xba, 0x81, 0x9d, 0x6e, 0xbd, 0x86, 0xa1, 0x59,
  0xbd, 0x89, 0xa2, 0x3b, 0xbc, 0x8a, 0xa3, 0x15, 0xc1, 0x92, 0xa9, 0x00,
  0xc7, 0x9c, 0xb2, 0x00, 0xce, 0xa9, 0xbd, 0x00, 0xd7, 0xba, 0xc9, 0x00,
  0xe2, 0xcd, 0xd9, 0x00, 0xef, 0xe3, 0xea, 0x00, 0xfa, 0xf7, 0xf9, 0x00,
  0xff, 0xff, 0xff, 0x00, 0xff, 0xff, 0xff, 0x00, 0xff, 0xff, 0xff, 0x00,
  0xfc, 0xfc, 0xfc, 0x00, 0xfc, 0xfc, 0xfc, 0x00, 0xfd, 0xfd, 0xfe, 0x00,
  0xfd, 0xfd, 0xfe, 0x00, 0xfd, 0xfd, 0xfe, 0x00, 0xfd, 0xfd, 0xfe, 0x00,
  0xfd, 0xfd, 0xfe, 0x00, 0xfd, 0xfd, 0xfd, 0x00, 0xfd, 0xfd, 0xfe, 0x00,
  0xfd, 0xfd, 0xfe, 0x00, 0xfd, 0xfd, 0xfe, 0x00, 0xfd, 0xfe, 0xfe, 0x00,
  0xfd, 0xfe, 0xfe, 0x00, 0xfd, 0xfd, 0xfe, 0x00, 0xfd, 0xfd, 0xfe, 0x00
};
