static const uint8_t material_icon_cv_lite_map[] __attribute__((aligned(4))) = {
  0xfe, 0xfe, 0xfe, 0x00, 0xfe, 0xfe, 0xfe, 0x00, 0xfe, 0xfe, 0xff, 0x00,
  0xfe, 0xfe, 0xfe, 0x00, 0xfe, 0xfe, 0xfe, 0x00, 0xfe, 0xfe, 0xfe, 0x00,
  0xfe, 0xfe, 0xfe, 0x00, 0xfe, 0xfe, 0xfe, 0x00, 0xfe, 0xfe, 0xfe, 0x00,
  0xfe, 0xfe, 0xfe, 0x00, 0xfe, 0xfe, 0xfe, 0x00, 0xfe, 0xfe, 0xfe, 0x00,
  0xfe, 0xfe, 0xfe, 0x00, 0xfe, 0xfe, 0xfe, 0x00, 0xfe, 0xfe, 0xfe, 0x00,
  0xfe, 0xfe, 0xfe, 0x00, 0xfe, 0xfe, 0xfe, 0x00, 0xfe, 0xfe, 0xfe, 0x00,
  0xfe, 0xfe, 0xfe, 0x00, 0xfe, 0xfe, 0xfe, 0x00, 0xfe, 0xfe, 0xfe, 0x00,
  0xfe, 0xfe, 0xfe, 0x00, 0xfe, 0xfe, 0xfe, 0x00, 0xfe, 0xfe, 0xfe, 0x00,
  0xfe, 0xfe, 0xfe, 0x00, 0xfe, 0xfe, 0xfe, 0xff, 0xfe, 0xfe, 0xfe, 0xff,
  0xfe, 0xfe, 0xfe, 0xff, 0xfe, 0xfe, 0xfe, 0xff, 0xfe, 0xfe, 0xfe, 0xff,
  0xfe, 0xfe, 0xfe, 0xff, 0xfe, 0xfe, 0xfe, 0xff, 0xfe, 0xfe, 0xfe, 0xff,
  0xfe, 0xfe, 0xfe, 0xff, 0xfe, 0xfe, 0xfe, 0xff, 0xfe, 0xfe, 0xfe, 0xff,
  0xfe, 0xfe, 0xfe, 0xff, 0xfe, 0xfe, 0xfe, 0xff, 0xfe, 0xfe, 0xfe, 0xff,
  0xfe, 0xfe, 0xfe, 0xff, 0xfe, 0xfe, 0xfe, 0xff, 0xfe, 0xfe, 0xfe, 0xff,
  0xfe, 0xfe, 0xfe, 0xff, 0xfe, 0xfe, 0xfe, 0xff, 0xfe, 0xfe, 0xfe, 0xff,
  0xfe, 0xfe, 0xfe, 0xff, 0xfe, 0xfe, 0xfe, 0xff, 0xfe, 0xfe, 0xfe, 0xff,
  0xfe, 0xfe, 0xfe, 0xff, 0xfe, 0xfe, 0xfe, 0xff, 0xfe, 0xfe, 0xfe, 0xff,
  0xfe, 0xfe, 0xfe, 0xff, 0xfe, 0xfe, 0xfe, 0xff, 0xfe, 0xfe, 0xfe, 0xff,
  0xfe, 0xfe, 0xfe, 0xff, 0xfe, 0xfe, 0xfe, 0xff, 0xfe, 0xfe, 0xfe, 0xff,
  0xfe, 0xfe, 0xfe, 0xff, 0xfe, 0xfe, 0xfe, 0xff, 0xfe, 0xfe, 0xfe, 0xff,
  0xfe, 0xfe, 0xfe, 0xff, 0xfe, 0xfe, 0xfe, 0xff, 0xfe, 0xfe, 0xfe, 0xff,
  0xfe, 0xfe, 0xfe, 0xff, 0xfe, 0xfe, 0xfe, 0xff, 0xfe, 0xfe, 0xff, 0xff,
  0xfe, 0xfe, 0xfe, 0xff, 0xfe, 0xfe, 0xfe, 0xff, 0xfe, 0xfe, 0xfe, 0xff,
  0xfe, 0xfe, 0xfe, 0xff, 0xfe, 0xfe, 0xfe, 0xff, 0xfe, 0xfe, 0xfe, 0xff,
  0xfe, 0xfe, 0xfe, 0xff, 0xfe, 0xfe, 0xfe, 0xff, 0xfe, 0xfe, 0xfe, 0xff,
  0xfe, 0xfe, 0xfe, 0xff, 0xfe, 0xfe, 0xfe, 0xff, 0xfe, 0xfe, 0xfe, 0xff,
  0xfe, 0xfe, 0xfe, 0xff, 0xfe, 0xfe, 0xfe, 0xff, 0xfe, 0xfe, 0xfe, 0xff,
  0xfe, 0xfe, 0xfe, 0xff, 0xfe, 0xfe, 0xfe, 0xff, 0xfe, 0xfe, 0xfe, 0x00,
  0xfe, 0xfe, 0xfe, 0x00, 0xfe, 0xfe, 0xfe, 0x00, 0xfe, 0xfe, 0xfe, 0x00,
  0xfe, 0xfe, 0xfe, 0x00, 0xfe, 0xfe, 0xfe, 0x00, 0xfe, 0xfe, 0xfe, 0x00,
  0xfe, 0xfe, 0xfe, 0x00, 0xfe, 0xfe, 0xfe, 0x00, 0xfe, 0xfe, 0xfe, 0x00,
  0xfe, 0xfe, 0xfe, 0x00, 0xfe, 0xfe, 0xfe, 0x00, 0xfe, 0xfe, 0xfe, 0x00,
  0xfe, 0xfe, 0xfe, 0x00, 0xfe, 0xfe, 0xfe, 0x00, 0xfe, 0xfe, 0xfe, 0x00,
  0xfe, 0xfe, 0xfe, 0x00, 0xfe, 0xfe, 0xfe, 0x00, 0xfe, 0xfe, 0xfe, 0x00,
  0xfe, 0xfe, 0xfe, 0x00, 0xfe, 0xfe, 0xfe, 0x00, 0xfe, 0xfe, 0xfe, 0x00,
  0xfe, 0xfe, 0xfe, 0x00, 0xfe, 0xfe, 0xfe, 0x00, 0xfe, 0xfe, 0xfe, 0x00,
  0xfe, 0xfe, 0xfe, 0x00, 0xfe, 0xfe, 0xfe, 0x00, 0xfe, 0xfe, 0xfe, 0x00,
  0xfe, 0xfe, 0xfe, 0x00, 0xfe, 0xfe, 0xfe, 0x00, 0xfe, 0xfe, 0xfe, 0x00,
  0xfe, 0xfe, 0xfe, 0x00, 0xfe, 0xfe, 0xfe, 0x00, 0xfe, 0xfe, 0xfe, 0x00,
  0xfe, 0xfe, 0xfe, 0x00, 0xfe, 0xfe, 0xfe, 0x00, 0xfe, 0xfe, 0xfe, 0x00,
  0xfe, 0xfe, 0xfe, 0x00, 0xfe, 0xfe, 0xfe, 0x00, 0xfe, 0xfe, 0xfe, 0x00,
  0xfe, 0xfe, 0xfe, 0x00, 0xfe, 0xfe, 0xfe, 0x00, 0xfe, 0xfe, 0xfe, 0x00,
  0xfe, 0xfe, 0xfe, 0x00, 0xfe, 0xfe, 0xfe, 0x00, 0xfe, 0xfe, 0xfe, 0x00,
  0xfe, 0xfe, 0xfe, 0xff, 0xfe, 0xfe, 0xfe, 0xff, 0xfe, 0xfe, 0xfe, 0xff,
  0xfe, 0xfe, 0xfe, 0xff, 0xfe, 0xfe, 0xfe, 0xff, 0xfe, 0xfe, 0xfe, 0xff,
  0xfe, 0xfe, 0xfe, 0xff, 0xfe, 0xfe, 0xfe, 0xff, 0xfe, 0xfe, 0xff, 0xff,
  0xfe, 0xfe, 0xfe, 0xff, 0xfe, 0xfe, 0xfe, 0xff, 0xfe, 0xfe, 0xfe, 0xff,
  0xfe, 0xfe, 0xfe, 0xff, 0xfe, 0xfe, 0xfe, 0xff, 0xfe, 0xfe, 0xfe, 0xff,
  0xfe, 0xfe, 0xfe, 0xff, 0xfe, 0xfe, 0xfe, 0xff, 0xfe, 0xfe, 0xfe, 0xff,
  0xfe, 0xfe, 0xfe, 0xff, 0xfe, 0xfe, 0xfe, 0xff, 0xfe, 0xfe, 0xfe, 0xff,
  0xfe, 0xfe, 0xfe, 0xff, 0xfe, 0xfe, 0xfe, 0xff, 0xfe, 0xfe, 0xfe, 0xff,
  0xfe, 0xfe, 0xfe, 0xff, 0xfe, 0xfe, 0xfe, 0xff, 0xfe, 0xfe, 0xfe, 0xff,
  0xfe, 0xfe, 0xfe, 0xff, 0xfe, 0xfe, 0xfe, 0xff, 0xfe, 0xfe, 0xfe, 0xff,
  0xfe, 0xfe, 0xfe, 0xff, 0xfe, 0xfe, 0xfe, 0xff, 0xfe, 0xfe, 0xfe, 0xff,
  0xfe, 0xfe, 0xfe, 0xff, 0xfe, 0xfe, 0xfe, 0xff, 0xfe, 0xfe, 0xfe, 0xff,
  0xfe, 0xfe, 0xfe, 0xff, 0xfe, 0xfe, 0xfe, 0xff, 0xfe, 0xfe, 0xfe, 0xff,
  0xfe, 0xfe, 0xfe, 0xff, 0xfe, 0xfe, 0xfe, 0xff, 0xfe, 0xfe, 0xfe, 0xff,
  0xfe, 0xfe, 0xfe, 0xff, 0xfe, 0xfe, 0xfe, 0xff, 0xfe, 0xfe, 0xfe, 0xff,
  0xfe, 0xfe, 0xfe, 0xff, 0xfe, 0xfe, 0xfe, 0xff, 0xfe, 0xfe, 0xfe, 0xff,
  0xfe, 0xfe, 0xfe, 0xff, 0xfe, 0xfe, 0xfe, 0xff, 0xfe, 0xfe, 0xfe, 0xff,
  0xfe, 0xfe, 0xfe, 0xff, 0xfe, 0xfe, 0xfe, 0xff, 0xfe, 0xfe, 0xfe, 0xff,
  0xfe, 0xfe, 0xfe, 0xff, 0xfe, 0xfe, 0xfe, 0xff, 0xfe, 0xfe, 0xfe, 0xff,
  0xfe, 0xfe, 0xfe, 0xff, 0xfe, 0xfe, 0xfe, 0xff, 0xfe, 0xfe, 0xfe, 0xff,
  0xfe, 0xfe, 0xfe, 0xff, 0xfe, 0xfe, 0xfe, 0xff, 0xfe, 0xfe, 0xfe, 0xff,
  0xfe, 0xfe, 0xfe, 0xff, 0xfe, 0xfe, 0xfe, 0xff, 0xfe, 0xfe, 0xfe, 0xff,
  0xfe, 0xfe, 0xfe, 0x00, 0xfe, 0xfe, 0xfe, 0x00, 0xfe, 0xfe, 0xfe, 0x00,
  0xfe, 0xfe, 0xfe, 0x00, 0xfe, 0xfe, 0xfe, 0x00, 0xfe, 0xfe, 0xfe, 0x00,
  0xfe, 0xfe, 0xfe, 0x00, 0xfe, 0xfe, 0xfe, 0x00, 0xfe, 0xfe, 0xfe, 0x00,
  0xfe, 0xfe, 0xfe, 0x00, 0xfe, 0xfe, 0xfe, 0x00, 0xfe, 0xfe, 0xfe, 0x00,
  0xfe, 0xfe, 0xfe, 0x00, 0xfe, 0xfe, 0xfe, 0x00, 0xfe, 0xfe, 0xfe, 0x00,
  0xfe, 0xfe, 0xfe, 0x00, 0xfe, 0xfe, 0xfe, 0x00, 0xfe, 0xfe, 0xfe, 0x00,
  0xfe, 0xfe, 0xfe, 0x00, 0xfe, 0xfe, 0xfe, 0x00, 0xfe, 0xfe, 0xff, 0x00,
  0xfe, 0xfe, 0xfe, 0x00, 0xfe, 0xfe, 0xfe, 0x00, 0xfe, 0xfe, 0xfe, 0x00,
  0xfe, 0xfe, 0xfe, 0x00, 0xfe, 0xfe, 0xfe, 0x00, 0xfe, 0xfe, 0xfe, 0x00,
  0xfe, 0xfe, 0xfe, 0x00, 0xfe, 0xfe, 0xfe, 0x00, 0xfe, 0xfe, 0xfe, 0x00,
  0xfe, 0xfe, 0xfe, 0x00, 0xfe, 0xfe, 0xfe, 0x00, 0xfe, 0xfe, 0xfe, 0x00,
  0xfe, 0xfe, 0xfe, 0x00, 0xfe, 0xfe, 0xfe, 0x00, 0xfe, 0xfe, 0xfe, 0x00,
  0xfe, 0xfe, 0xfe, 0x00, 0xfe, 0xfe, 0xfe, 0x00, 0xfe, 0xfe, 0xfe, 0x00,
  0xfe, 0xfe, 0xfe, 0xff, 0xfe, 0xfe, 0xfe, 0xff, 0xfe, 0xfe, 0xfe, 0xff,
  0xfe, 0xfe, 0xfe, 0xff, 0xfe, 0xfe, 0xfe, 0xff, 0xfe, 0xfe, 0xfe, 0xff,
  0xfe, 0xfe, 0xff, 0xff, 0xfe, 0xfe, 0xfe, 0xff, 0xfe, 0xfe, 0xff, 0xff,
  0xfe, 0xff, 0xfe, 0xff, 0xfe, 0xfe, 0xfe, 0xff, 0xfe, 0xfe, 0xff, 0xff,
  0xfe, 0xfe, 0xff, 0xff, 0xfe, 0xfe, 0xfe, 0xff, 0xfe, 0xfe, 0xfe, 0xff,
  0xfe, 0xfe, 0xff, 0xff, 0xfe, 0xfe, 0xff, 0xff, 0xfe, 0xfe, 0xfe, 0xff,
  0xfe, 0xfe, 0xfe, 0xff, 0xfe, 0xfe, 0xff, 0xff, 0xfe, 0xfe, 0xfe, 0xff,
  0xfe, 0xfe, 0xfe, 0xff, 0xfe, 0xfe, 0xfe, 0xff, 0xfe, 0xfe, 0xfe, 0xff,
  0xfe, 0xfe, 0xfe, 0xff, 0xfe, 0xfe, 0xfe, 0xff, 0xfe, 0xfe, 0xfe, 0xff,
  0xfe, 0xfe, 0xfe, 0xff, 0xfe, 0xfe, 0xfe, 0xff, 0xfe, 0xfe, 0xfe, 0xff,
  0xff, 0xff, 0xff, 0xff, 0xfe, 0xfe, 0xfe, 0xff, 0xfe, 0xfe, 0xff, 0xff,
  0xfe, 0xfe, 0xfe, 0xff, 0xfe, 0xfe, 0xff, 0xff, 0xfe, 0xfe, 0xff, 0xff,
  0xfe, 0xfe, 0xfe, 0xff, 0xfe, 0xfe, 0xfe, 0xff, 0xfe, 0xfe, 0xfe, 0xff,
  0xfe, 0xfe, 0xfe, 0xff, 0xfe, 0xfe, 0xfe, 0xff, 0xfe, 0xfe, 0xff, 0xff,
  0xfe, 0xfe, 0xfe, 0xff, 0xfe, 0xfe, 0xff, 0xff, 0xfe, 0xfe, 0xff, 0xff,
  0xfe, 0xfe, 0xfe, 0xff, 0xfe, 0xfe, 0xfe, 0xff, 0xfe, 0xfe, 0xfe, 0xff,
  0xfe, 0xfe, 0xfe, 0xff, 0xfe, 0xfe, 0xfe, 0xff, 0xfe, 0xfe, 0xfe, 0xff,
  0xfe, 0xfe, 0xfe, 0xff, 0xfe, 0xfe, 0xfe, 0xff, 0xfe, 0xfe, 0xff, 0xff,
  0xfe, 0xfe, 0xfe, 0xff, 0xfe, 0xfe, 0xfe, 0xff, 0xfe, 0xfe, 0xfe, 0xff,
  0xfe, 0xfe, 0xff, 0xff, 0xfe, 0xfe, 0xff, 0xff, 0xfe, 0xfe, 0xfe, 0xff,
  0xfe, 0xfe, 0xfe, 0xff, 0xfe, 0xfe, 0xfe, 0xff, 0xfe, 0xfe, 0xff, 0xff,
  0xfe, 0xfe, 0xfe, 0xff, 0xfe, 0xfe, 0xff, 0xff, 0xfe, 0xfe, 0xfe, 0xff,
  0xfe, 0xfe, 0xfe, 0xff, 0xfe, 0xfe, 0xfe, 0xff, 0xfe, 0xfe, 0xfe, 0xff,
  0xfe, 0xfe, 0xfe, 0xff, 0xfe, 0xfe, 0xfe, 0xff, 0xfe, 0xfe, 0xfe, 0xff,
  0xfe, 0xfe, 0xfe, 0x00, 0xfd, 0xfe, 0xfe, 0x00, 0xfe, 0xfe, 0xfe, 0x00,
  0xfe, 0xfe, 0xfe, 0x00, 0xfe, 0xfe, 0xfe, 0x00, 0xfe, 0xfe, 0xfe, 0x00,
  0xfe, 0xfe, 0xfe, 0x00, 0xfe, 0xfe, 0xfe, 0x00, 0xfe, 0xfe, 0xfe, 0x00,
  0xfe, 0xfe, 0xfe, 0x00, 0xfe, 0xfe, 0xfe, 0x00, 0xfe, 0xfe, 0xfe, 0x00,
  0xfe, 0xfe, 0xfe, 0x00, 0xfe, 0xfe, 0xfe, 0x00, 0xfe, 0xfe, 0xfe, 0x00,
  0xfe, 0xfe, 0xfe, 0x00, 0xfe, 0xfe, 0xff, 0x00, 0xfe, 0xfe, 0xfe, 0x00,
  0xfe, 0xfe, 0xfe, 0x00, 0xfe, 0xfe, 0xfe, 0x00, 0xfe, 0xfe, 0xfe, 0x00,
  0xfe, 0xfe, 0xfe, 0x00, 0xfe, 0xfe, 0xfe, 0x00, 0xfe, 0xfe, 0xfe, 0x00,
  0xfe, 0xfe, 0xfe, 0x00, 0xfe, 0xfe, 0xfe, 0x00, 0xfe, 0xfe, 0xfe, 0x00,
  0xfe, 0xfe, 0xfe, 0x00, 0xfe, 0xfe, 0xfe, 0x00, 0xfe, 0xfe, 0xfe, 0x00,
  0xfe, 0xfe, 0xfe, 0x00, 0xfe, 0xfe, 0xfe, 0x00, 0xfe, 0xfe, 0xfe, 0x00,
  0xfe, 0xfe, 0xfe, 0x00, 0xfe, 0xfe, 0xfe, 0xff, 0xfe, 0xfe, 0xfe, 0xff,
  0xfd, 0xfd, 0xfd, 0xff, 0xfd, 0xfd, 0xfd, 0xff, 0xfc, 0xfc, 0xfc, 0xff,
  0xfc, 0xfc, 0xfc, 0xff, 0xfc, 0xfc, 0xfc, 0xff, 0xfc, 0xfc, 0xfc, 0xff,
  0xfc, 0xfc, 0xfc, 0xff, 0xfc, 0xfc, 0xfc, 0xff, 0xfc, 0xfc, 0xfc, 0xff,
  0xfc, 0xfc, 0xfc, 0xff, 0xfc, 0xfc, 0xfc, 0xff, 0xfc, 0xfc, 0xfc, 0xff,
  0xfc, 0xfc, 0xfc, 0xff, 0xfc, 0xfc, 0xfc, 0xff, 0xfc, 0xfc, 0xfc, 0xff,
  0xfd, 0xfc, 0xfc, 0xff, 0xfc, 0xfc, 0xfc, 0xff, 0xfc, 0xfc, 0xfc, 0xff,
  0xfc, 0xfc, 0xfc, 0xff, 0xfc, 0xfc, 0xfc, 0xff, 0xfc, 0xfc, 0xfc, 0xff,
  0xfc, 0xfc, 0xfc, 0xff, 0xfc, 0xfc, 0xfc, 0xff, 0xfc, 0xfc, 0xfc, 0xff,
  0xfc, 0xfc, 0xfc, 0xff, 0xfc, 0xfc, 0xfc, 0xff, 0xfc, 0xfc, 0xfc, 0xff,
  0xfc, 0xfc, 0xfc, 0xff, 0xfc, 0xfc, 0xfc, 0xff, 0xfc, 0xfc, 0xfc, 0xff,
  0xfc, 0xfc, 0xfc, 0xff, 0xfc, 0xfc, 0xfc, 0xff, 0xfc, 0xfc, 0xfc, 0xff,
  0xfc, 0xfc, 0xfc, 0xff, 0xfc, 0xfc, 0xfc, 0xff, 0xfc, 0xfc, 0xfc, 0xff,
  0xfc, 0xfc, 0xfc, 0xff, 0xfc, 0xfc, 0xfc, 0xff, 0xfc, 0xfc, 0xfc, 0xff,
  0xfc, 0xfc, 0xfc, 0xff, 0xfc, 0xfc, 0xfc, 0xff, 0xfc, 0xfc, 0xfc, 0xff,
  0xfc, 0xfc, 0xfc, 0xff, 0xfc, 0xfc, 0xfc, 0xff, 0xfc, 0xfc, 0xfc, 0xff,
  0xfc, 0xfc, 0xfc, 0xff, 0xfc, 0xfc, 0xfc, 0xff, 0xfc, 0xfc, 0xfc, 0xff,
  0xfc, 0xfc, 0xfc, 0xff, 0xfc, 0xfc, 0xfc, 0xff, 0xfc, 0xfc, 0xfc, 0xff,
  0xfc, 0xfc, 0xfc, 0xff, 0xfc, 0xfc, 0xfc, 0xff, 0xfc, 0xfc, 0xfc, 0xff,
  0xfc, 0xfc, 0xfc, 0xff, 0xfc, 0xfc, 0xfc, 0xff, 0xfc, 0xfc, 0xfc, 0xff,
  0xfd, 0xfc, 0xfc, 0xff, 0xfc, 0xfc, 0xfc, 0xff, 0xfc, 0xfc, 0xfc, 0xff,
  0xfc, 0xfc, 0xfc, 0xff, 0xfc, 0xfc, 0xfc, 0xff, 0xfc, 0xfc, 0xfc, 0xff,
  0xfc, 0xfc, 0xfc, 0xff, 0xfc, 0xfc, 0xfc, 0xff, 0xfc, 0xfc, 0xfc, 0xff,
  0xfc, 0xfc, 0xfc, 0xff, 0xfc, 0xfc, 0xfc, 0xff, 0xfc, 0xfc, 0xfc, 0xff,
  0xfd, 0xfc, 0xfd, 0xff, 0xfd, 0xfd, 0xfd, 0xff, 0xfe, 0xfe, 0xfe, 0xff,
  0xfe, 0xfe, 0xfe, 0xff, 0xfe, 0xfe, 0xfe, 0xff, 0xfe, 0xfe, 0xfe, 0x00,
  0xfe, 0xfe, 0xfe, 0x00, 0xfe, 0xfe, 0xfe, 0x00, 0xfe, 0xfe, 0xfe, 0x00,
  0xfe, 0xfe, 0xfe, 0x00, 0xfe, 0xfe, 0xfe, 0x00, 0xfe, 0xfe, 0xfe, 0x00,
  0xfe, 0xfe, 0xfe, 0x00, 0xfe, 0xfe, 0xfe, 0x00, 0xfe, 0xfe, 0xfe, 0x00,
  0xfe, 0xfe, 0xfe, 0x00, 0xfe, 0xfe, 0xfe, 0x00, 0xfe, 0xfe, 0xfe, 0x00,
  0xfe, 0xfe, 0xfe, 0x00, 0xfe, 0xfe, 0xfe, 0x00, 0xfe, 0xfe, 0xfe, 0x00,
  0xfe, 0xfe, 0xfe, 0x00, 0xfe, 0xfe, 0xfe, 0x00, 0xfe, 0xfe, 0xfe, 0x00,
  0xfe, 0xfe, 0xfe, 0x00, 0xfe, 0xfe, 0xfe, 0x00, 0xfe, 0xfe, 0xfe, 0x00,
  0xfe, 0xfe, 0xfe, 0x00, 0xfe, 0xfe, 0xfe, 0x00, 0xfe, 0xfe, 0xfe, 0x00,
  0xfe, 0xfe, 0xfe, 0x00, 0xfe, 0xfe, 0xfe, 0x00, 0xfe, 0xfe, 0xfe, 0x00,
  0xfe, 0xfe, 0xfe, 0x00, 0xfe, 0xfe, 0xfe, 0x00, 0xfe, 0xfe, 0xfe, 0x00,
  0xfd, 0xfd, 0xfd, 0xff, 0xfb, 0xfb, 0xfb, 0xff, 0xfa, 0xf9, 0xf9, 0xff,
  0xfa, 0xf9, 0xf9, 0xff, 0xfa, 0xf9, 0xf9, 0xff, 0xfa, 0xf9, 0xf9, 0xff,
  0xfa, 0xf9, 0xf9, 0xff, 0xfa, 0xf9, 0xf9, 0xff, 0xfa, 0xf9, 0xf9, 0xff,
  0xfa, 0xf9, 0xf9, 0xff, 0xfa, 0xf9, 0xf9, 0xff, 0xfb, 0xfa, 0xf9, 0xff,
  0xfb, 0xfa, 0xf9, 0xff, 0xfb, 0xf9, 0xf9, 0xff, 0xfa, 0xf9, 0xf9, 0xff,
  0xfa, 0xf9, 0xf9, 0xff, 0xfa, 0xfa, 0xf9, 0xff, 0xfa, 0xf9, 0xf9, 0xff,
  0xfb, 0xfa, 0xf9, 0xff, 0xfb, 0xf9, 0xf9, 0xff, 0xfa, 0xf9, 0xf9, 0xff,
  0xfa, 0xf9, 0xf9, 0xff, 0xfb, 0xfa, 0xf9, 0xff, 0xfb, 0xfa, 0xfa, 0xff,
  0xfb, 0xfa, 0xf9, 0xff, 0xfb, 0xf9, 0xf9, 0xff, 0xfa, 0xfa, 0xf9, 0xff,
  0xfa, 0xf9, 0xf9, 0xff, 0xfa, 0xf9, 0xf9, 0xff, 0xfa, 0xf9, 0xf9, 0xff,
  0xfb, 0xf9, 0xf9, 0xff, 0xfb, 0xf9, 0xf9, 0xff, 0xfa, 0xf9, 0xf9, 0xff,
  0xfa, 0xf9, 0xf9, 0xff, 0xfa, 0xf9, 0xf9, 0xff, 0xfa, 0xf9, 0xf9, 0xff,
  0xfa, 0xf9, 0xf9, 0xff, 0xfa, 0xf9, 0xf9, 0xff, 0xfb, 0xf9, 0xf9, 0xff,
  0xfa, 0xf9, 0xf9, 0xff, 0xfa, 0xf9, 0xf9, 0xff, 0xfa, 0xf9, 0xf9, 0xff,
  0xfa, 0xf9, 0xf9, 0xff, 0xfa, 0xf9, 0xf9, 0xff, 0xfa, 0xf9, 0xf9, 0xff,
  0xfa, 0xf9, 0xf9, 0xff, 0xfa, 0xf9, 0xf9, 0xff, 0xfa, 0xf9, 0xf9, 0xff,
  0xfa, 0xf9, 0xf9, 0xff, 0xfa, 0xf9, 0xf9, 0xff, 0xfa, 0xf9, 0xf9, 0xff,
  0xfb, 0xfa, 0xf9, 0xff, 0xfa, 0xf9, 0xf9, 0xff, 0xfa, 0xf9, 0xf9, 0xff,
  0xfa, 0xf9, 0xf9, 0xff, 0xfb, 0xf9, 0xf9, 0xff, 0xfa, 0xf9, 0xf9, 0xff,
  0xfa, 0xf9, 0xf9, 0xff, 0xfb, 0xf9, 0xf9, 0xff, 0xfa, 0xf9, 0xf9, 0xff,
  0xfa, 0xf9, 0xf9, 0xff, 0xfb, 0xfa, 0xf9, 0xff, 0xfa, 0xf9, 0xf9, 0xff,
  0xfa, 0xf9, 0xf9, 0xff, 0xfa, 0xf9, 0xf9, 0xff, 0xfa, 0xf9, 0xf9, 0xff,
  0xfb, 0xf9, 0xf9, 0xff, 0xfa, 0xf9, 0xf9, 0xff, 0xfa, 0xf9, 0xf9, 0xff,
  0xfa, 0xf9, 0xf9, 0xff, 0xfa, 0xf9, 0xf9, 0xff, 0xfa, 0xf9, 0xf9, 0xff,
  0xfa, 0xf9, 0xf9, 0xff, 0xfa, 0xf9, 0xf9, 0xff, 0xfa, 0xf9, 0xf9, 0xff,
  0xfb, 0xfa, 0xfa, 0xff, 0xfc, 0xfb, 0xfb, 0xff, 0xfe, 0xfd, 0xfd, 0xff,
  0xfe, 0xfe, 0xfe, 0x00, 0xfe, 0xfe, 0xfe, 0x00, 0xfe, 0xfe, 0xfe, 0x00,
  0xfe, 0xfe, 0xfe, 0x00, 0xfe, 0xfe, 0xfe, 0x00, 0xfe, 0xfe, 0xfe, 0x00,
  0xfe, 0xfe, 0xfe, 0x00, 0xfe, 0xfe, 0xfe, 0x00, 0xfe, 0xfe, 0xfe, 0x00,
  0xfe, 0xfe, 0xfe, 0x00, 0xfe, 0xfe, 0xfe, 0x00, 0xfe, 0xfe, 0xfe, 0x00,
  0xfe, 0xfe, 0xfe, 0x00, 0xfe, 0xfe, 0xfe, 0x00, 0xfe, 0xfe, 0xfe, 0x00,
  0xfe, 0xfe, 0xfe, 0x00, 0xfe, 0xfe, 0xfe, 0x00, 0xfe, 0xfe, 0xfe, 0x00,
  0xfe, 0xfe, 0xfe, 0x00, 0xfe, 0xfe, 0xfe, 0x00, 0xfe, 0xfe, 0xfe, 0x00,
  0xfe, 0xfe, 0xfe, 0x00, 0xfe, 0xfe, 0xfe, 0x00, 0xfe, 0xfe, 0xfe, 0x00,
  0xfe, 0xfe, 0xfe, 0x00, 0xfe, 0xfe, 0xfe, 0x00, 0xfe, 0xfe, 0xfe, 0x00,
  0xfe, 0xfe, 0xfe, 0x00, 0xfd, 0xfc, 0xfd, 0xff, 0xfa, 0xfa, 0xfa, 0xff,
  0xf9, 0xf8, 0xf8, 0xff, 0xfb, 0xfa, 0xfa, 0xff, 0xfc, 0xfb, 0xfb, 0xff,
  0xfd, 0xfd, 0xfd, 0xff, 0xfe, 0xfe, 0xfe, 0xff, 0xfe, 0xfe, 0xfe, 0xff,
  0xfe, 0xfe, 0xff, 0xff, 0xfe, 0xfe, 0xff, 0xff, 0xfe, 0xfe, 0xfe, 0xff,
  0xfe, 0xfe, 0xff, 0xff, 0xfe, 0xff, 0xff, 0xff, 0xfe, 0xfe, 0xfe, 0xff,
  0xfe, 0xfe, 0xfe, 0xff, 0xfe, 0xff, 0xff, 0xff, 0xfe, 0xfe, 0xff, 0xff,
  0xfe, 0xfe, 0xfe, 0xff, 0xfe, 0xfe, 0xff, 0xff, 0xfe, 0xfe, 0xff, 0xff,
  0xfe, 0xfe, 0xff, 0xff, 0xfe, 0xfe, 0xff, 0xff, 0xfe, 0xfe, 0xfe, 0xff,
  0xfe, 0xfe, 0xfe, 0xff, 0xfe, 0xfe, 0xff, 0xff, 0xfe, 0xfe, 0xff, 0xff,
  0xfe, 0xfe, 0xff, 0xff, 0xfe, 0xfe, 0xff, 0xff, 0xfe, 0xfe, 0xfe, 0xff,
  0xfe, 0xff, 0xff, 0xff, 0xfe, 0xff, 0xff, 0xff, 0xfe, 0xff, 0xff, 0xff,
  0xfe, 0xfe, 0xfe, 0xff, 0xfe, 0xfe, 0xff, 0xff, 0xfe, 0xfe, 0xfe, 0xff,
  0xfe, 0xfe, 0xff, 0xff, 0xfe, 0xfe, 0xfe, 0xff, 0xfe, 0xfe, 0xfe, 0xff,
  0xfe, 0xfe, 0xfe, 0xff, 0xfe, 0xfe, 0xff, 0xff, 0xfe, 0xfe, 0xff, 0xff,
  0xfe, 0xfe, 0xfe, 0xff, 0xfe, 0xfe, 0xfe, 0xff, 0xfe, 0xfe, 0xff, 0xff,
  0xfe, 0xfe, 0xfe, 0xff, 0xfe, 0xfe, 0xff, 0xff, 0xfe, 0xff, 0xff, 0xff,
  0xfe, 0xff, 0xff, 0xff, 0xfe, 0xfe, 0xff, 0xff, 0xfe, 0xfe, 0xfe, 0xff,
  0xfe, 0xfe, 0xff, 0xff, 0xfe, 0xfe, 0xfe, 0xff, 0xfe, 0xfe, 0xff, 0xff,
  0xfe, 0xfe, 0xfe, 0xff, 0xfe, 0xfe, 0xfe, 0xff, 0xfe, 0xfe, 0xfe, 0xff,
  0xfe, 0xfe, 0xff, 0xff, 0xfe, 0xfe, 0xff, 0xff, 0xfe, 0xfe, 0xfe, 0xff,
  0xfe, 0xfe, 0xff, 0xff, 0xfe, 0xfe, 0xff, 0xff, 0xfe, 0xff, 0xff, 0xff,
  0xfe, 0xfe, 0xff, 0xff, 0xfe, 0xfe, 0xff, 0xff, 0xfe, 0xff, 0xff, 0xff,
  0xfe, 0xfe, 0xfe, 0xff, 0xfe, 0xfe, 0xfe, 0xff, 0xfe, 0xfe, 0xfe, 0xff,
  0xfe, 0xfe, 0xff, 0xff, 0xfe, 0xfe, 0xff, 0xff, 0xfe, 0xfe, 0xff, 0xff,
  0xfe, 0xfe, 0xff, 0xff, 0xfe, 0xfe, 0xfe, 0xff, 0xfe, 0xfe, 0xfe, 0xff,
  0xfe, 0xfe, 0xff, 0xff, 0xfe, 0xfe, 0xfe, 0xff, 0xfd, 0xfd, 0xfd, 0xff,
  0xfc, 0xfc, 0xfc, 0xff, 0xfa, 0xf9, 0xf9, 0xff, 0xfa, 0xf8, 0xf8, 0xff,
  0xfb, 0xfa, 0xfa, 0xff, 0xfd, 0xfd, 0xfd, 0xff, 0xfe, 0xfe, 0xfe, 0x00,
  0xfe, 0xfe, 0xfe, 0x00, 0xfe, 0xfe, 0xfe, 0x00, 0xfe, 0xfe, 0xfe, 0x00,
  0xfe, 0xfe, 0xfe, 0x00, 0xfe, 0xfe, 0xfe, 0x00, 0xfe, 0xfe, 0xfe, 0x00,
  0xfe, 0xfe, 0xfe, 0x00, 0xfe, 0xfe, 0xfe, 0x00, 0xfe, 0xfe, 0xfe, 0x00,
  0xfe, 0xfe, 0xfe, 0x00, 0xfe, 0xfe, 0xfe, 0x00, 0xfe, 0xfe, 0xfe, 0x00,
  0xfe, 0xfe, 0xfe, 0x00, 0xfe, 0xfe, 0xfe, 0x00, 0xfe, 0xfe, 0xfe, 0x00,
  0xfe, 0xfe, 0xfe, 0x00, 0xfe, 0xfe, 0xfe, 0x00, 0xfe, 0xfe, 0xfe, 0x00,
  0xfe, 0xfe, 0xfe, 0x00, 0xfe, 0xfe, 0xfe, 0x00, 0xfe, 0xfe, 0xfe, 0x00,
  0xfe, 0xfe, 0xfe, 0x00, 0xfe, 0xfe, 0xfe, 0x00, 0xfe, 0xfe, 0xfe, 0x00,
  0xfb, 0xfa, 0xfa, 0xff, 0xf9, 0xf8, 0xf8, 0xff, 0xfb, 0xfb, 0xfb, 0xff,
  0xfd, 0xfd, 0xfd, 0xff, 0xfe, 0xff, 0xff, 0xff, 0xfe, 0xfe, 0xff, 0xff,
  0xfe, 0xfe, 0xfe, 0xff, 0xfe, 0xfe, 0xfe, 0xff, 0xfe, 0xfe, 0xfe, 0xff,
  0xfe, 0xfe, 0xfe, 0xff, 0xfe, 0xfe, 0xfe, 0xff, 0xfe, 0xfe, 0xfe, 0xff,
  0xfe, 0xfe, 0xfe, 0xff, 0xfe, 0xfe, 0xfe, 0xff, 0xfe, 0xfe, 0xfe, 0xff,
  0xfe, 0xfe, 0xfe, 0xff, 0xfe, 0xfe, 0xfe, 0xff, 0xfe, 0xfe, 0xfe, 0xff,
  0xfe, 0xfe, 0xfe, 0xff, 0xfe, 0xfe, 0xfe, 0xff, 0xfe, 0xfe, 0xfe, 0xff,
  0xfe, 0xfe, 0xfe, 0xff, 0xfe, 0xfe, 0xfe, 0xff, 0xfe, 0xfe, 0xfe, 0xff,
  0xfe, 0xfe, 0xfe, 0xff, 0xfe, 0xfe, 0xfe, 0xff, 0xfe, 0xfe, 0xfe, 0xff,
  0xfe, 0xfe, 0xfe, 0xff, 0xfe, 0xfe, 0xfe, 0xff, 0xfe, 0xfe, 0xfe, 0xff,
  0xfe, 0xfe, 0xff, 0xff, 0xfe, 0xfe, 0xfe, 0xff, 0xfe, 0xfe, 0xfe, 0xff,
  0xfe, 0xfe, 0xfe, 0xff, 0xfe, 0xfe, 0xfe, 0xff, 0xfe, 0xfe, 0xfe, 0xff,
  0xfe, 0xfe, 0xfe, 0xff, 0xfe, 0xfe, 0xfe, 0xff, 0xfe, 0xfe, 0xfe, 0xff,
  0xfe, 0xfe, 0xfe, 0xff, 0xfe, 0xfe, 0xfe, 0xff, 0xfe, 0xfe, 0xfe, 0xff,
  0xfe, 0xfe, 0xfe, 0xff, 0xfe, 0xfe, 0xfe, 0xff, 0xfe, 0xfe, 0xfe, 0xff,
  0xfe, 0xfe, 0xfe, 0xff, 0xfe, 0xfe, 0xfe, 0xff, 0xfe, 0xfe, 0xfe, 0xff,
  0xfe, 0xfe, 0xfe, 0xff, 0xfe, 0xfe, 0xfe, 0xff, 0xfe, 0xfe, 0xfe, 0xff,
  0xfe, 0xfe, 0xfe, 0xff, 0xfe, 0xfe, 0xfe, 0xff, 0xfe, 0xfe, 0xfe, 0xff,
  0xfe, 0xfe, 0xfe, 0xff, 0xfe, 0xfe, 0xfe, 0xff, 0xfe, 0xfe, 0xfe, 0xff,
  0xfe, 0xfe, 0xfe, 0xff, 0xfe, 0xfe, 0xfe, 0xff, 0xfe, 0xfe, 0xfe, 0xff,
  0xfe, 0xfe, 0xfe, 0xff, 0xfe, 0xfe, 0xfe, 0xff, 0xfe, 0xfe, 0xfe, 0xff,
  0xfe, 0xfe, 0xfe, 0xff, 0xfe, 0xfe, 0xfe, 0xff, 0xfe, 0xfe, 0xfe, 0xff,
  0xfe, 0xfe, 0xff, 0xff, 0xfe, 0xfe, 0xfe, 0xff, 0xfe, 0xfe, 0xfe, 0xff,
  0xfe, 0xfe, 0xfe, 0xff, 0xfe, 0xfe, 0xfe, 0xff, 0xfe, 0xfe, 0xfe, 0xff,
  0xfe, 0xfe, 0xfe, 0xff, 0xfe, 0xfe, 0xfe, 0xff, 0xfe, 0xfe, 0xfe, 0xff,
  0xfe, 0xfe, 0xfe, 0xff, 0xfe, 0xfe, 0xff, 0xff, 0xfe, 0xfe, 0xfe, 0xff,
  0xfe, 0xfe, 0xff, 0xff, 0xfe, 0xfe, 0xff, 0xff, 0xfd, 0xfd, 0xfd, 0xff,
  0xfb, 0xfa, 0xfa, 0xff, 0xf9, 0xf8, 0xf8, 0xff, 0xfa, 0xfa, 0xfa, 0xff,
  0xfd, 0xfd, 0xfd, 0x00, 0xfe, 0xfe, 0xfe, 0x00, 0xfe, 0xfe, 0xfe, 0x00,
  0xfe, 0xfe, 0xfe, 0x00, 0xfe, 0xfe, 0xfe, 0x00, 0xfe, 0xfe, 0xfe, 0x00,
  0xfe, 0xfe, 0xfe, 0x00, 0xfe, 0xfe, 0xfe, 0x00, 0xfe, 0xfe, 0xfe, 0x00,
  0xfe, 0xfe, 0xfe, 0x00, 0xfe, 0xfe, 0xfe, 0x00, 0xfe, 0xfe, 0xfe, 0x00,
  0xfe, 0xfe, 0xfe, 0x00, 0xfe, 0xfe, 0xfe, 0x00, 0xfe, 0xfe, 0xfe, 0x00,
  0xfe, 0xfe, 0xfe, 0x00, 0xfe, 0xfe, 0xfe, 0x00, 0xfe, 0xfe, 0xfe, 0x00,
  0xfe, 0xfe, 0xfe, 0x00, 0xfe, 0xfe, 0xfe, 0x00, 0xfe, 0xfe, 0xfe, 0x00,
  0xfe, 0xfe, 0xfe, 0x00, 0xfd, 0xfc, 0xfd, 0xff, 0xf9, 0xf8, 0xf8, 0xff,
  0xfa, 0xfa, 0xf9, 0xff, 0xfe, 0xfe, 0xfe, 0xff, 0xfe, 0xff, 0xff, 0xff,
  0xfe, 0xfe, 0xfe, 0xff, 0xfe, 0xfe, 0xfe, 0xff, 0xfe, 0xfe, 0xfe, 0xff,
  0xfe, 0xfe, 0xfe, 0xff, 0xfe, 0xfe, 0xfe, 0xff, 0xfe, 0xfe, 0xfe, 0xff,
  0xfe, 0xfe, 0xfe, 0xff, 0xfe, 0xfe, 0xfe, 0xff, 0xfe, 0xfe, 0xfe, 0xff,
  0xfe, 0xfe, 0xfe, 0xff, 0xfe, 0xfe, 0xfe, 0xff, 0xfe, 0xfe, 0xfe, 0xff,
  0xfe, 0xfe, 0xfe, 0xff, 0xfe, 0xfe, 0xfe, 0xff, 0xfe, 0xfe, 0xfe, 0xff,
  0xfe, 0xfe, 0xfe, 0xff, 0xfe, 0xfe, 0xfe, 0xff, 0xfe, 0xfe, 0xfe, 0xff,
  0xfe, 0xfe, 0xfe, 0xff, 0xfe, 0xfe, 0xfe, 0xff, 0xfe, 0xfe, 0xfe, 0xff,
  0xfe, 0xfe, 0xfe, 0xff, 0xfe, 0xfe, 0xff, 0xff, 0xfe, 0xfe, 0xfe, 0xff,
  0xfe, 0xfe, 0xfe, 0xff, 0xfe, 0xfe, 0xfe, 0xff, 0xfe, 0xfe, 0xfe, 0xff,
  0xfe, 0xfe, 0xff, 0xff, 0xfe, 0xfe, 0xfe, 0xff, 0xfe, 0xfe, 0xfe, 0xff,
  0xfe, 0xfe, 0xfe, 0xff, 0xfe, 0xfe, 0xfe, 0xff, 0xfe, 0xfe, 0xfe, 0xff,
  0xfe, 0xfe, 0xfe, 0xff, 0xfe, 0xfe, 0xfe, 0xff, 0xfe, 0xfe, 0xfe, 0xff,
  0xfe, 0xfe, 0xfe, 0xff, 0xfe, 0xfe, 0xfe, 0xff, 0xfe, 0xfe, 0xfe, 0xff,
  0xfe, 0xfe, 0xfe, 0xff, 0xfe, 0xfe, 0xfe, 0xff, 0xfe, 0xfe, 0xfe, 0xff,
  0xfe, 0xfe, 0xfe, 0xff, 0xfe, 0xfe, 0xfe, 0xff, 0xfe, 0xfe, 0xfe, 0xff,
  0xfe, 0xfe, 0xfe, 0xff, 0xfe, 0xfe, 0xfe, 0xff, 0xfe, 0xfe, 0xfe, 0xff,
  0xfe, 0xfe, 0xfe, 0xff, 0xfe, 0xfe, 0xfe, 0xff, 0xfe, 0xfe, 0xfe, 0xff,
  0xfe, 0xfe, 0xfe, 0xff, 0xfe, 0xfe, 0xfe, 0xff, 0xfe, 0xfe, 0xfe, 0xff,
  0xfe, 0xfe, 0xfe, 0xff, 0xfe, 0xfe, 0xfe, 0xff, 0xfe, 0xfe, 0xfe, 0xff,
  0xfe, 0xfe, 0xfe, 0xff, 0xfe, 0xfe, 0xfe, 0xff, 0xfe, 0xfe, 0xfe, 0xff,
  0xfe, 0xfe, 0xfe, 0xff, 0xfe, 0xfe, 0xfe, 0xff, 0xfe, 0xfe, 0xfe, 0xff,
  0xfe, 0xfe, 0xfe, 0xff, 0xfe, 0xfe, 0xfe, 0xff, 0xfe, 0xfe, 0xfe, 0xff,
  0xfe, 0xfe, 0xfe, 0xff, 0xfe, 0xfe, 0xfe, 0xff, 0xfe, 0xfe, 0xfe, 0xff,
  0xfe, 0xfe, 0xfe, 0xff, 0xfe, 0xfe, 0xfe, 0xff, 0xfe, 0xfe, 0xfe, 0xff,
  0xfe, 0xfe, 0xfe, 0xff, 0xfe, 0xfe, 0xfe, 0xff, 0xfe, 0xfe, 0xfe, 0xff,
  0xfe, 0xfe, 0xfe, 0xff, 0xfe, 0xfe, 0xfe, 0xff, 0xfe, 0xfe, 0xff, 0xff,
  0xfe, 0xff, 0xff, 0xff, 0xfe, 0xfd, 0xfd, 0xff, 0xfa, 0xf8, 0xf8, 0xff,
  0xf9, 0xf8, 0xf8, 0xff, 0xfc, 0xfc, 0xfc, 0xff, 0xfe, 0xfe, 0xfe, 0x00,
  0xfe, 0xfe, 0xfe, 0x00, 0xfe, 0xfe, 0xfe, 0x00, 0xfe, 0xfe, 0xfe, 0x00,
  0xfe, 0xfe, 0xfe, 0x00, 0xfe, 0xfe, 0xfe, 0x00, 0xfd, 0xfe, 0xfe, 0x00,
  0xfe, 0xfe, 0xfe, 0x00, 0xfe, 0xfe, 0xfe, 0x00, 0xfe, 0xfe, 0xfe, 0x00,
  0xfe, 0xfe, 0xfe, 0x00, 0xfe, 0xfe, 0xfe, 0x00, 0xfe, 0xfe, 0xfe, 0x00,
  0xfe, 0xfe, 0xfe, 0x00, 0xfe, 0xfe, 0xfe, 0x00, 0xfe, 0xfe, 0xfe, 0x00,
  0xfe, 0xfe, 0xfe, 0x00, 0xfe, 0xfe, 0xfe, 0x00, 0xfe, 0xfe, 0xfe, 0x00,
  0xfc, 0xfb, 0xfb, 0xff, 0xf9, 0xf7, 0xf7, 0xff, 0xfc, 0xfb, 0xfb, 0xff,
  0xfe, 0xff, 0xff, 0xff, 0xfe, 0xfe, 0xfe, 0xff, 0xfe, 0xfe, 0xfe, 0xff,
  0xfe, 0xfe, 0xfe, 0xff, 0xfe, 0xfe, 0xfe, 0xff, 0xfe, 0xfe, 0xfe, 0xff,
  0xfe, 0xfe, 0xfe, 0xff, 0xfe, 0xfe, 0xfe, 0xff, 0xfe, 0xfe, 0xfe, 0xff,
  0xfe, 0xfe, 0xfe, 0xff, 0xfe, 0xfe, 0xfe, 0xff, 0xfe, 0xfe, 0xfe, 0xff,
  0xfe, 0xfe, 0xfe, 0xff, 0xfe, 0xfe, 0xfe, 0xff, 0xfe, 0xfe, 0xfe, 0xff,
  0xfe, 0xfe, 0xff, 0xff, 0xfe, 0xfe, 0xfe, 0xff, 0xfe, 0xfe, 0xff, 0xff,
  0xfe, 0xfe, 0xfe, 0xff, 0xfe, 0xfe, 0xfe, 0xff, 0xfe, 0xfe, 0xfe, 0xff,
  0xfe, 0xfe, 0xfe, 0xff, 0xfe, 0xfe, 0xfe, 0xff, 0xfe, 0xfe, 0xfe, 0xff,
  0xfe, 0xfe, 0xfe, 0xff, 0xfe, 0xfe, 0xfe, 0xff, 0xfe, 0xfe, 0xfe, 0xff,
  0xfe, 0xfe, 0xfe, 0xff, 0xfe, 0xfe, 0xfe, 0xff, 0xfe, 0xfe, 0xfe, 0xff,
  0xfe, 0xfe, 0xfe, 0xff, 0xfe, 0xfe, 0xfe, 0xff, 0xfe, 0xfe, 0xfe, 0xff,
  0xfe, 0xfe, 0xfe, 0xff, 0xfe, 0xfe, 0xfe, 0xff, 0xfe, 0xfe, 0xfe, 0xff,
  0xfe, 0xfe, 0xfe, 0xff, 0xfe, 0xfe, 0xfe, 0xff, 0xfe, 0xfe, 0xfe, 0xff,
  0xfe, 0xfe, 0xff, 0xff, 0xfe, 0xfe, 0xfe, 0xff, 0xfe, 0xfe, 0xfe, 0xff,
  0xfe, 0xfe, 0xfe, 0xff, 0xfe, 0xfe, 0xfe, 0xff, 0xfe, 0xfe, 0xfe, 0xff,
  0xfe, 0xfe, 0xfe, 0xff, 0xfe, 0xfe, 0xfe, 0xff, 0xfe, 0xfe, 0xff, 0xff,
  0xfe, 0xfe, 0xfe, 0xff, 0xfe, 0xfe, 0xfe, 0xff, 0xfe, 0xfe, 0xfe, 0xff,
  0xfe, 0xfe, 0xfe, 0xff, 0xfe, 0xfe, 0xfe, 0xff, 0xfe, 0xfe, 0xfe, 0xff,
  0xfe, 0xfe, 0xfe, 0xff, 0xfe, 0xfe, 0xfe, 0xff, 0xfe, 0xfe, 0xfe, 0xff,
  0xfe, 0xfe, 0xfe, 0xff, 0xfe, 0xfe, 0xfe, 0xff, 0xfe, 0xfe, 0xfe, 0xff,
  0xfe, 0xfe, 0xfe, 0xff, 0xfe, 0xfe, 0xfe, 0xff, 0xfe, 0xfe, 0xfe, 0xff,
  0xfe, 0xfe, 0xfe, 0xff, 0xfe, 0xfe, 0xfe, 0xff, 0xfe, 0xfe, 0xfe, 0xff,
  0xfe, 0xfe, 0xfe, 0xff, 0xfe, 0xfe, 0xfe, 0xff, 0xfe, 0xfe, 0xfe, 0xff,
  0xfe, 0xfe, 0xfe, 0xff, 0xfe, 0xfe, 0xfe, 0xff, 0xfe, 0xfe, 0xfe, 0xff,
  0xfe, 0xfe, 0xfe, 0xff, 0xfe, 0xfe, 0xfe, 0xff, 0xfe, 0xfe, 0xfe, 0xff,
  0xfe, 0xfe, 0xfe, 0xff, 0xfe, 0xfe, 0xfe, 0xff, 0xfe, 0xfe, 0xfe, 0xff,
  0xfe, 0xfe, 0xfe, 0xff, 0xfe, 0xfe, 0xfe, 0xff, 0xfe, 0xfe, 0xfe, 0xff,
  0xfe, 0xfe, 0xfe, 0xff, 0xfe, 0xfe, 0xfe, 0xff, 0xff, 0xff, 0xff, 0xff,
  0xfb, 0xfa, 0xfa, 0xff, 0xf8, 0xf6, 0xf6, 0xff, 0xfc, 0xfb, 0xfb, 0xff,
  0xfe, 0xfe, 0xfe, 0x00, 0xfe, 0xfe, 0xfe, 0x00, 0xfe, 0xfe, 0xfe, 0x00,
  0xfe, 0xfe, 0xfe, 0x00, 0xfe, 0xfe, 0xfe, 0x00, 0xfe, 0xfe, 0xfe, 0x00,
  0xfe, 0xfe, 0xfe, 0x00, 0xfe, 0xfe, 0xfe, 0x00, 0xfe, 0xfe, 0xfe, 0x00,
  0xfe, 0xfe, 0xfe, 0x00, 0xfe, 0xfe, 0xfe, 0x00, 0xfe, 0xfe, 0xfe, 0x00,
  0xfe, 0xfe, 0xfe, 0x00, 0xfe, 0xfe, 0xfe, 0x00, 0xfe, 0xfe, 0xfe, 0x00,
  0xfe, 0xfe, 0xfe, 0x00, 0xfe, 0xfe, 0xfe, 0x00, 0xfb, 0xfb, 0xfb, 0xff,
  0xf8, 0xf7, 0xf7, 0xff, 0xfd, 0xfc, 0xfc, 0xff, 0xff, 0xff, 0xff, 0xff,
  0xfe, 0xfe, 0xfe, 0xff, 0xfe, 0xfe, 0xfe, 0xff, 0xfe, 0xfe, 0xfe, 0xff,
  0xfe, 0xfe, 0xfe, 0xff, 0xfe, 0xfe, 0xfe, 0xff, 0xfe, 0xfe, 0xfe, 0xff,
  0xfe, 0xfe, 0xfe, 0xff, 0xfe, 0xfe, 0xfe, 0xff, 0xfe, 0xfe, 0xfe, 0xff,
  0xfe, 0xfe, 0xfe, 0xff, 0xfe, 0xfe, 0xfe, 0xff, 0xfe, 0xfe, 0xfe, 0xff,
  0xfe, 0xfe, 0xfe, 0xff, 0xfe, 0xfe, 0xfe, 0xff, 0xfe, 0xfe, 0xfe, 0xff,
  0xfe, 0xfe, 0xfe, 0xff, 0xfe, 0xfe, 0xfe, 0xff, 0xfe, 0xfe, 0xfe, 0xff,
  0xfe, 0xfe, 0xfe, 0xff, 0xfe, 0xfe, 0xfe, 0xff, 0xfe, 0xfe, 0xfe, 0xff,
  0xfe, 0xfe, 0xfe, 0xff, 0xfe, 0xfe, 0xfe, 0xff, 0xfe, 0xfe, 0xfe, 0xff,
  0xfe, 0xfe, 0xfe, 0xff, 0xfe, 0xfe, 0xfe, 0xff, 0xfe, 0xfe, 0xfe, 0xff,
  0xfe, 0xfe, 0xfe, 0xff, 0xfe, 0xfe, 0xfe, 0xff, 0xfe, 0xfe, 0xfe, 0xff,
  0xfe, 0xfe, 0xfe, 0xff, 0xfe, 0xfe, 0xfe, 0xff, 0xfe, 0xfe, 0xfe, 0xff,
  0xfe, 0xfe, 0xfe, 0xff, 0xfe, 0xfe, 0xfe, 0xff, 0xfe, 0xfe, 0xfe, 0xff,
  0xfe, 0xfe, 0xfe, 0xff, 0xfe, 0xfe, 0xfe, 0xff, 0xfe, 0xfe, 0xfe, 0xff,
  0xfe, 0xfe, 0xfe, 0xff, 0xfe, 0xfe, 0xfe, 0xff, 0xfe, 0xfe, 0xfe, 0xff,
  0xfe, 0xfe, 0xfe, 0xff, 0xfe, 0xfe, 0xfe, 0xff, 0xfe, 0xfe, 0xfe, 0xff,
  0xfd, 0xfd, 0xfe, 0xff, 0xfe, 0xfe, 0xfe, 0xff, 0xfe, 0xfe, 0xfe, 0xff,
  0xfe, 0xfe, 0xfe, 0xff, 0xfe, 0xfe, 0xfe, 0xff, 0xfe, 0xfe, 0xfe, 0xff,
  0xfe, 0xfe, 0xfe, 0xff, 0xfe, 0xfe, 0xfe, 0xff, 0xfe, 0xfe, 0xfe, 0xff,
  0xfe, 0xfe, 0xfe, 0xff, 0xfe, 0xfe, 0xfe, 0xff, 0xfe, 0xfe, 0xfe, 0xff,
  0xfe, 0xfe, 0xfe, 0xff, 0xfe, 0xfe, 0xfe, 0xff, 0xfe, 0xfe, 0xfe, 0xff,
  0xfe, 0xfe, 0xfe, 0xff, 0xfe, 0xfe, 0xfe, 0xff, 0xfe, 0xfe, 0xfe, 0xff,
  0xfe, 0xfe, 0xfe, 0xff, 0xfe, 0xfe, 0xfe, 0xff, 0xfe, 0xfe, 0xfe, 0xff,
  0xfe, 0xfe, 0xfe, 0xff, 0xfe, 0xfe, 0xfe, 0xff, 0xfe, 0xfe, 0xfe, 0xff,
  0xfe, 0xfe, 0xfe, 0xff, 0xfe, 0xfe, 0xfe, 0xff, 0xfe, 0xfe, 0xfe, 0xff,
  0xfe, 0xfe, 0xfe, 0xff, 0xfe, 0xfe, 0xfe, 0xff, 0xfe, 0xfe, 0xfe, 0xff,
  0xfe, 0xfe, 0xfe, 0xff, 0xfe, 0xfe, 0xfe, 0xff, 0xfe, 0xfe, 0xfe, 0xff,
  0xfe, 0xfe, 0xfe, 0xff, 0xfe, 0xfe, 0xfe, 0xff, 0xfe, 0xfe, 0xfe, 0xff,
  0xfe, 0xfe, 0xfe, 0xff, 0xfe, 0xfe, 0xfe, 0xff, 0xfe, 0xfe, 0xfe, 0xff,
  0xfe, 0xff, 0xff, 0xff, 0xfc, 0xfc, 0xfc, 0xff, 0xf7, 0xf6, 0xf6, 0xff,
  0xfb, 0xfb, 0xfb, 0xff, 0xfe, 0xfe, 0xfe, 0x00, 0xfd, 0xfe, 0xfe, 0x00,
  0xfe, 0xfe, 0xfe, 0x00, 0xfe, 0xfe, 0xfe, 0x00, 0xfe, 0xfe, 0xfe, 0x00,
  0xfe, 0xfe, 0xfe, 0x00, 0xfe, 0xfe, 0xfe, 0x00, 0xfe, 0xfe, 0xfe, 0x00,
  0xfe, 0xfe, 0xfe, 0x00, 0xfe, 0xfe, 0xfe, 0x00, 0xfe, 0xfe, 0xfe, 0x00,
  0xfe, 0xfe, 0xfe, 0x00, 0xfe, 0xfe, 0xfe, 0x00, 0xfe, 0xfe, 0xfe, 0x00,
  0xfe, 0xfe, 0xfe, 0x00, 0xfb, 0xfb, 0xfb, 0xff, 0xf8, 0xf6, 0xf6, 0xff,
  0xfd, 0xfd, 0xfd, 0xff, 0xfe, 0xff, 0xff, 0xff, 0xfe, 0xfe, 0xfe, 0xff,
  0xfe, 0xfe, 0xfe, 0xff, 0xfe, 0xfe, 0xfe, 0xff, 0xfe, 0xfe, 0xfe, 0xff,
  0xfe, 0xfe, 0xfe, 0xff, 0xfe, 0xfe, 0xfe, 0xff, 0xfe, 0xfe, 0xfe, 0xff,
  0xfe, 0xfe, 0xfe, 0xff, 0xfe, 0xfe, 0xfe, 0xff, 0xfe, 0xfe, 0xfe, 0xff,
  0xfe, 0xfe, 0xfe, 0xff, 0xfe, 0xfe, 0xfe, 0xff, 0xfe, 0xfe, 0xfe, 0xff,
  0xfe, 0xfe, 0xfe, 0xff, 0xfe, 0xfe, 0xfe, 0xff, 0xfe, 0xfe, 0xfe, 0xff,
  0xfe, 0xfe, 0xfe, 0xff, 0xfe, 0xfe, 0xfe, 0xff, 0xfe, 0xfe, 0xfe, 0xff,
  0xfe, 0xfe, 0xfe, 0xff, 0xfe, 0xfe, 0xfe, 0xff, 0xfe, 0xfe, 0xfe, 0xff,
  0xfe, 0xfe, 0xfe, 0xff, 0xfe, 0xfe, 0xfe, 0xff, 0xfe, 0xfe, 0xfe, 0xff,
  0xfe, 0xfe, 0xfe, 0xff, 0xfe, 0xfe, 0xfe, 0xff, 0xfe, 0xfe, 0xfe, 0xff,
  0xfe, 0xfe, 0xfe, 0xff, 0xfe, 0xfe, 0xfe, 0xff, 0xfe, 0xfe, 0xfe, 0xff,
  0xfe, 0xfe, 0xfe, 0xff, 0xfe, 0xfe, 0xfe, 0xff, 0xfe, 0xfe, 0xfe, 0xff,
  0xfe, 0xfe, 0xfe, 0xff, 0xfe, 0xfe, 0xfe, 0xff, 0xfe, 0xfe, 0xfe, 0xff,
  0xfe, 0xfe, 0xfe, 0xff, 0xfe, 0xfe, 0xfe, 0xff, 0xfe, 0xfe, 0xfe, 0xff,
  0xfe, 0xfe, 0xfe, 0xff, 0xfe, 0xfe, 0xfe, 0xff, 0xfe, 0xfe, 0xfe, 0xff,
  0xfe, 0xfe, 0xfe, 0xff, 0xfe, 0xfe, 0xfe, 0xff, 0xfe, 0xfe, 0xfe, 0xff,
  0xfe, 0xfe, 0xfe, 0xff, 0xfe, 0xfe, 0xfe, 0xff, 0xfe, 0xfe, 0xfe, 0xff,
  0xfe, 0xfe, 0xfe, 0xff, 0xfe, 0xfe, 0xfe, 0xff, 0xfe, 0xfe, 0xfe, 0xff,
  0xfe, 0xfe, 0xfe, 0xff, 0xfe, 0xfe, 0xfe, 0xff, 0xfe, 0xfe, 0xfe, 0xff,
  0xfe, 0xfe, 0xfe, 0xff, 0xfe, 0xfe, 0xfe, 0xff, 0xfe, 0xfe, 0xfe, 0xff,
  0xfe, 0xfe, 0xfe, 0xff, 0xfe, 0xfe, 0xfe, 0xff, 0xfe, 0xfe, 0xfe, 0xff,
  0xfe, 0xfe, 0xfe, 0xff, 0xfe, 0xfe, 0xfe, 0xff, 0xfe, 0xfe, 0xfe, 0xff,
  0xfe, 0xfe, 0xfe, 0xff, 0xfe, 0xfe, 0xfe, 0xff, 0xfe, 0xfe, 0xfe, 0xff,
  0xfe, 0xfe, 0xfe, 0xff, 0xfe, 0xfe, 0xfe, 0xff, 0xfe, 0xfe, 0xfe, 0xff,
  0xfe, 0xfe, 0xfe, 0xff, 0xfe, 0xfe, 0xfe, 0xff, 0xfe, 0xfe, 0xfe, 0xff,
  0xfe, 0xfe, 0xfe, 0xff, 0xfe, 0xfe, 0xfe, 0xff, 0xfe, 0xfe, 0xfe, 0xff,
  0xfe, 0xfe, 0xfe, 0xff, 0xfe, 0xfe, 0xfe, 0xff, 0xfe, 0xfe, 0xfe, 0xff,
  0xfe, 0xfe, 0xfe, 0xff, 0xfe, 0xfe, 0xfe, 0xff, 0xfe, 0xfe, 0xfe, 0xff,
  0xfe, 0xfe, 0xfe, 0xff, 0xfe, 0xfe, 0xfe, 0xff, 0xfe, 0xfe, 0xfe, 0xff,
  0xfe, 0xfe, 0xfe, 0xff, 0xff, 0xff, 0xff, 0xff, 0xfc, 0xfc, 0xfb, 0xff,
  0xf7, 0xf5, 0xf4, 0xff, 0xfc, 0xfb, 0xfb, 0xff, 0xfe, 0xfe, 0xfe, 0x00,
  0xfe, 0xfe, 0xfe, 0x00, 0xfd, 0xfe, 0xfe, 0x00, 0xfe, 0xfe, 0xfe, 0x00,
  0xfe, 0xfe, 0xfe, 0x00, 0xfe, 0xfe, 0xfe, 0x00, 0xfe, 0xfe, 0xfe, 0x00,
  0xfe, 0xfe, 0xfe, 0x00, 0xfe, 0xfe, 0xfe, 0x00, 0xfe, 0xfe, 0xfe, 0x00,
  0xfe, 0xfe, 0xfe, 0x00, 0xfe, 0xfe, 0xfe, 0x00, 0xfe, 0xfe, 0xfe, 0x00,
  0xfc, 0xfc, 0xfc, 0x00, 0xf8, 0xf6, 0xf6, 0xff, 0xfc, 0xfb, 0xfb, 0xff,
  0xff, 0xff, 0xff, 0xff, 0xfe, 0xfe, 0xfe, 0xff, 0xfe, 0xfe, 0xfe, 0xff,
  0xfe, 0xfe, 0xfe, 0xff, 0xfe, 0xfe, 0xfe, 0xff, 0xfe, 0xfe, 0xfe, 0xff,
  0xfe, 0xfe, 0xfe, 0xff, 0xfe, 0xfe, 0xfe, 0xff, 0xfe, 0xfe, 0xfe, 0xff,
  0xfe, 0xfe, 0xfe, 0xff, 0xfe, 0xfe, 0xfe, 0xff, 0xfe, 0xfe, 0xfe, 0xff,
  0xfe, 0xfe, 0xff, 0xff, 0xfe, 0xfe, 0xfe, 0xff, 0xfe, 0xfe, 0xfe, 0xff,
  0xfe, 0xfe, 0xff, 0xff, 0xfe, 0xfe, 0xfe, 0xff, 0xfe, 0xfe, 0xfe, 0xff,
  0xfe, 0xfe, 0xfe, 0xff, 0xfe, 0xfe, 0xfe, 0xff, 0xfe, 0xfe, 0xfe, 0xff,
  0xfe, 0xfe, 0xfe, 0xff, 0xfe, 0xfe, 0xfe, 0xff, 0xfe, 0xfe, 0xfe, 0xff,
  0xfe, 0xfe, 0xfe, 0xff, 0xfe, 0xfe, 0xfe, 0xff, 0xfe, 0xfe, 0xfe, 0xff,
  0xfe, 0xfe, 0xfe, 0xff, 0xfe, 0xfe, 0xfe, 0xff, 0xfe, 0xfe, 0xfe, 0xff,
  0xfe, 0xfe, 0xfe, 0xff, 0xfe, 0xfe, 0xfe, 0xff, 0xfe, 0xfe, 0xfe, 0xff,
  0xfe, 0xfe, 0xfe, 0xff, 0xfe, 0xfe, 0xfe, 0xff, 0xfe, 0xfe, 0xff, 0xff,
  0xfe, 0xfe, 0xff, 0xff, 0xfe, 0xfe, 0xfe, 0xff, 0xfe, 0xfe, 0xfe, 0xff,
  0xfe, 0xfe, 0xfe, 0xff, 0xfe, 0xfe, 0xfe, 0xff, 0xfe, 0xfe, 0xfe, 0xff,
  0xfe, 0xfe, 0xfe, 0xff, 0xfe, 0xfe, 0xfe, 0xff, 0xfe, 0xfe, 0xfe, 0xff,
  0xfe, 0xfe, 0xfe, 0xff, 0xfe, 0xfe, 0xfe, 0xff, 0xfe, 0xfe, 0xfe, 0xff,
  0xfe, 0xfe, 0xfe, 0xff, 0xfe, 0xfe, 0xfe, 0xff, 0xfe, 0xfe, 0xfe, 0xff,
  0xfe, 0xfe, 0xfe, 0xff, 0xfe, 0xfe, 0xfe, 0xff, 0xfe, 0xfe, 0xfe, 0xff,
  0xfe, 0xfe, 0xfe, 0xff, 0xfe, 0xfe, 0xff, 0xff, 0xfe, 0xfe, 0xfe, 0xff,
  0xfe, 0xfe, 0xfe, 0xff, 0xfe, 0xfe, 0xfe, 0xff, 0xfe, 0xfe, 0xfe, 0xff,
  0xfe, 0xfe, 0xfe, 0xff, 0xfe, 0xfe, 0xfe, 0xff, 0xfe, 0xfe, 0xfe, 0xff,
  0xfe, 0xfe, 0xfe, 0xff, 0xfe, 0xfe, 0xfe, 0xff, 0xfe, 0xfe, 0xfe, 0xff,
  0xfe, 0xfe, 0xfe, 0xff, 0xfe, 0xfe, 0xfe, 0xff, 0xfe, 0xfe, 0xfe, 0xff,
  0xfe, 0xfe, 0xfe, 0xff, 0xfe, 0xfe, 0xfe, 0xff, 0xfe, 0xfe, 0xff, 0xff,
  0xfe, 0xfe, 0xfe, 0xff, 0xfe, 0xfe, 0xfe, 0xff, 0xfe, 0xfe, 0xfe, 0xff,
  0xfe, 0xfe, 0xfe, 0xff, 0xfe, 0xfe, 0xfe, 0xff, 0xfe, 0xfe, 0xfe, 0xff,
  0xfe, 0xfe, 0xfe, 0xff, 0xfe, 0xfe, 0xfe, 0xff, 0xfe, 0xfe, 0xfe, 0xff,
  0xfe, 0xfe, 0xfe, 0xff, 0xfe, 0xfe, 0xfe, 0xff, 0xfe, 0xfe, 0xfe, 0xff,
  0xfe, 0xfe, 0xfe, 0xff, 0xfe, 0xfe, 0xfe, 0xff, 0xfe, 0xfe, 0xfe, 0xff,
  0xfe, 0xfe, 0xfe, 0xff, 0xfe, 0xfe, 0xfe, 0xff, 0xff, 0xff, 0xff, 0xff,
  0xfb, 0xfa, 0xfa, 0xff, 0xf7, 0xf5, 0xf5, 0xff, 0xfd, 0xfd, 0xfd, 0x00,
  0xfe, 0xfe, 0xfe, 0x00, 0xfd, 0xfe, 0xfe, 0x00, 0xfe, 0xfe, 0xfe, 0x00,
  0xfe, 0xfe, 0xfe, 0x00, 0xfe, 0xfe, 0xfe, 0x00, 0xfe, 0xfe, 0xfe, 0x00,
  0xfe, 0xfe, 0xfe, 0x00, 0xfe, 0xfe, 0xfe, 0x00, 0xfe, 0xfe, 0xfe, 0x00,
  0xfe, 0xfe, 0xfe, 0x00, 0xfe, 0xfe, 0xfe, 0x00, 0xfd, 0xfe, 0xfe, 0x00,
  0xf8, 0xf7, 0xf7, 0xff, 0xfa, 0xf9, 0xf9, 0xff, 0xff, 0xff, 0xff, 0xff,
  0xfe, 0xfd, 0xfe, 0xff, 0xfe, 0xfe, 0xfe, 0xff, 0xfe, 0xfe, 0xfe, 0xff,
  0xfe, 0xfe, 0xfe, 0xff, 0xfe, 0xfe, 0xfe, 0xff, 0xfe, 0xfe, 0xfe, 0xff,
  0xfe, 0xfe, 0xfe, 0xff, 0xfe, 0xfe, 0xfe, 0xff, 0xfe, 0xfe, 0xfe, 0xff,
  0xfe, 0xfe, 0xfe, 0xff, 0xfe, 0xfe, 0xfe, 0xff, 0xfe, 0xfe, 0xfe, 0xff,
  0xfe, 0xfe, 0xfe, 0xff, 0xfe, 0xfe, 0xfe, 0xff, 0xfe, 0xfe, 0xfe, 0xff,
  0xfe, 0xfe, 0xfe, 0xff, 0xfe, 0xfe, 0xff, 0xff, 0xfe, 0xfe, 0xfe, 0xff,
  0xfe, 0xfe, 0xfe, 0xff, 0xfe, 0xfe, 0xfe, 0xff, 0xfe, 0xfe, 0xfe, 0xff,
  0xfe, 0xfe, 0xfe, 0xff, 0xfe, 0xfe, 0xfe, 0xff, 0xfe, 0xfe, 0xfe, 0xff,
  0xfe, 0xfe, 0xfe, 0xff, 0xfe, 0xfe, 0xfe, 0xff, 0xfe, 0xfe, 0xfe, 0xff,
  0xfe, 0xfe, 0xfe, 0xff, 0xfe, 0xfe, 0xfe, 0xff, 0xfe, 0xfe, 0xfe, 0xff,
  0xfe, 0xfe, 0xfe, 0xff, 0xfe, 0xfe, 0xfe, 0xff, 0xfe, 0xfe, 0xfe, 0xff,
  0xfe, 0xfe, 0xfe, 0xff, 0xfe, 0xfe, 0xfe, 0xff, 0xfe, 0xfe, 0xfe, 0xff,
  0xfe, 0xfe, 0xfe, 0xff, 0xfe, 0xfe, 0xfe, 0xff, 0xfe, 0xfe, 0xfe, 0xff,
  0xfe, 0xfe, 0xfe, 0xff, 0xfe, 0xfe, 0xfe, 0xff, 0xfe, 0xfe, 0xfe, 0xff,
  0xfe, 0xfe, 0xfe, 0xff, 0xfe, 0xfe, 0xfe, 0xff, 0xfe, 0xfe, 0xfe, 0xff,
  0xfe, 0xfe, 0xfe, 0xff, 0xfe, 0xfe, 0xfe, 0xff, 0xfe, 0xfe, 0xfe, 0xff,
  0xfe, 0xfe, 0xfe, 0xff, 0xfe, 0xfe, 0xff, 0xff, 0xfe, 0xfe, 0xfe, 0xff,
  0xfe, 0xfe, 0xfe, 0xff, 0xfe, 0xfe, 0xfe, 0xff, 0xfe, 0xfe, 0xfe, 0xff,
  0xfe, 0xfe, 0xfe, 0xff, 0xfe, 0xfe, 0xfe, 0xff, 0xfe, 0xfe, 0xfe, 0xff,
  0xfe, 0xfe, 0xff, 0xff, 0xfe, 0xfe, 0xfe, 0xff, 0xfe, 0xfe, 0xfe, 0xff,
  0xfe, 0xfe, 0xfe, 0xff, 0xfe, 0xfe, 0xfe, 0xff, 0xfe, 0xfe, 0xfe, 0xff,
  0xfe, 0xfe, 0xfe, 0xff, 0xfe, 0xfe, 0xfe, 0xff, 0xfe, 0xfe, 0xfe, 0xff,
  0xfe, 0xfe, 0xfe, 0xff, 0xfe, 0xfe, 0xfe, 0xff, 0xfe, 0xfe, 0xfe, 0xff,
  0xfe, 0xfe, 0xfe, 0xff, 0xfe, 0xfe, 0xfe, 0xff, 0xfe, 0xfe, 0xfe, 0xff,
  0xfe, 0xfe, 0xff, 0xff, 0xfe, 0xfe, 0xfe, 0xff, 0xfe, 0xfe, 0xfe, 0xff,
  0xfe, 0xfe, 0xfe, 0xff, 0xfe, 0xfe, 0xfe, 0xff, 0xfe, 0xfe, 0xfe, 0xff,
  0xfe, 0xfe, 0xfe, 0xff, 0xfe, 0xfe, 0xfe, 0xff, 0xfe, 0xfe, 0xfe, 0xff,
  0xfe, 0xfe, 0xfe, 0xff, 0xfe, 0xfe, 0xfe, 0xff, 0xfe, 0xfe, 0xfe, 0xff,
  0xfe, 0xfe, 0xfe, 0xff, 0xfe, 0xfe, 0xfe, 0xff, 0xfe, 0xfe, 0xfe, 0xff,
  0xfe, 0xfe, 0xfe, 0xff, 0xfe, 0xfe, 0xfe, 0xff, 0xfe, 0xfe, 0xfe, 0xff,
  0xff, 0xff, 0xff, 0xff, 0xf9, 0xf7, 0xf6, 0xff, 0xf9, 0xf7, 0xf7, 0xff,
  0xfe, 0xfe, 0xfe, 0x00, 0xfe, 0xfe, 0xfe, 0x00, 0xfe, 0xfe, 0xfe, 0x00,
  0xfe, 0xfe, 0xfe, 0x00, 0xfe, 0xfe, 0xfe, 0x00, 0xfe, 0xfe, 0xfe, 0x00,
  0xfe, 0xfe, 0xfe, 0x00, 0xfe, 0xfe, 0xfe, 0x00, 0xfe, 0xfe, 0xfe, 0x00,
  0xfe, 0xfe, 0xfe, 0x00, 0xfe, 0xfe, 0xfe, 0x00, 0xfb, 0xfa, 0xfa, 0xff,
  0xf8, 0xf6, 0xf5, 0xff, 0xfe, 0xfe, 0xfe, 0xff, 0xfe, 0xfe, 0xfe, 0xff,
  0xfe, 0xfe, 0xfe, 0xff, 0xfe, 0xfe, 0xfe, 0xff, 0xfe, 0xfe, 0xfe, 0xff,
  0xfe, 0xfe, 0xfe, 0xff, 0xfe, 0xfe, 0xfe, 0xff, 0xfe, 0xfe, 0xfe, 0xff,
  0xfe, 0xfe, 0xfe, 0xff, 0xfe, 0xfe, 0xfe, 0xff, 0xfe, 0xfe, 0xfe, 0xff,
  0xfe, 0xfe, 0xfe, 0xff, 0xfe, 0xfe, 0xfe, 0xff, 0xfe, 0xfe, 0xfe, 0xff,
  0xfe, 0xfe, 0xfe, 0xff, 0xfe, 0xfe, 0xfe, 0xff, 0xfe, 0xfe, 0xfe, 0xff,
  0xfe, 0xfe, 0xfe, 0xff, 0xfe, 0xfe, 0xfe, 0xff, 0xfe, 0xfe, 0xfe, 0xff,
  0xfe, 0xfe, 0xfe, 0xff, 0xfe, 0xfe, 0xfe, 0xff, 0xfe, 0xfe, 0xfe, 0xff,
  0xfe, 0xfe, 0xfe, 0xff, 0xfe, 0xfe, 0xfe, 0xff, 0xfe, 0xfe, 0xfe, 0xff,
  0xfe, 0xfe, 0xfe, 0xff, 0xfe, 0xfe, 0xfe, 0xff, 0xfe, 0xfe, 0xfe, 0xff,
  0xfe, 0xfe, 0xfe, 0xff, 0xfe, 0xfe, 0xfe, 0xff, 0xfe, 0xfe, 0xfe, 0xff,
  0xfe, 0xfe, 0xfe, 0xff, 0xfe, 0xfe, 0xfe, 0xff, 0xfe, 0xfe, 0xfe, 0xff,
  0xfe, 0xfe, 0xfe, 0xff, 0xfe, 0xfe, 0xfe, 0xff, 0xfe, 0xfe, 0xfe, 0xff,
  0xfe, 0xfe, 0xfe, 0xff, 0xfe, 0xfe, 0xfe, 0xff, 0xfe, 0xfe, 0xfe, 0xff,
  0xfe, 0xfe, 0xfe, 0xff, 0xfe, 0xfe, 0xfe, 0xff, 0xfe, 0xfe, 0xfe, 0xff,
  0xfe, 0xfe, 0xfe, 0xff, 0xfe, 0xfe, 0xfe, 0xff, 0xfe, 0xfe, 0xfe, 0xff,
  0xfe, 0xfe, 0xfe, 0xff, 0xfe, 0xfe, 0xfe, 0xff, 0xfe, 0xfe, 0xfe, 0xff,
  0xfe, 0xfe, 0xfe, 0xff, 0xfe, 0xfe, 0xfe, 0xff, 0xfe, 0xfe, 0xfe, 0xff,
  0xfe, 0xfe, 0xfe, 0xff, 0xfe, 0xfe, 0xfe, 0xff, 0xfe, 0xfe, 0xfe, 0xff,
  0xfe, 0xfe, 0xfe, 0xff, 0xfe, 0xfe, 0xfe, 0xff, 0xfe, 0xfe, 0xfe, 0xff,
  0xfe, 0xfe, 0xfe, 0xff, 0xfe, 0xfe, 0xfe, 0xff, 0xfe, 0xfe, 0xfe, 0xff,
  0xfe, 0xfe, 0xfe, 0xff, 0xfe, 0xfe, 0xfe, 0xff, 0xfe, 0xfe, 0xfe, 0xff,
  0xfe, 0xfe, 0xfe, 0xff, 0xfe, 0xfe, 0xfe, 0xff, 0xfe, 0xfe, 0xfe, 0xff,
  0xfe, 0xfe, 0xfe, 0xff, 0xfe, 0xfe, 0xfe, 0xff, 0xfe, 0xfe, 0xfe, 0xff,
  0xfe, 0xfe, 0xfe, 0xff, 0xfe, 0xfe, 0xfe, 0xff, 0xfe, 0xfe, 0xfe, 0xff,
  0xfe, 0xfe, 0xfe, 0xff, 0xfe, 0xfe, 0xfe, 0xff, 0xfe, 0xfe, 0xfe, 0xff,
  0xfe, 0xfe, 0xfe, 0xff, 0xfe, 0xfe, 0xfe, 0xff, 0xfe, 0xfe, 0xfe, 0xff,
  0xfe, 0xfe, 0xfe, 0xff, 0xfe, 0xfe, 0xfe, 0xff, 0xfe, 0xfe, 0xfe, 0xff,
  0xfe, 0xfe, 0xfe, 0xff, 0xfe, 0xfe, 0xfe, 0xff, 0xfe, 0xfe, 0xfe, 0xff,
  0xfe, 0xfe, 0xfe, 0xff, 0xfe, 0xfe, 0xfe, 0xff, 0xfe, 0xfe, 0xfe, 0xff,
  0xfe, 0xfe, 0xfe, 0xff, 0xfe, 0xfe, 0xfe, 0xff, 0xfe, 0xfe, 0xfe, 0xff,
  0xfe, 0xfe, 0xfe, 0xff, 0xfe, 0xfd, 0xfd, 0xff, 0xf6, 0xf4, 0xf4, 0xff,
  0xfb, 0xfb, 0xfb, 0xff, 0xfe, 0xfe, 0xfe, 0x00, 0xfe, 0xfe, 0xfe, 0x00,
  0xfe, 0xfe, 0xfe, 0x00, 0xfe, 0xfe, 0xfe, 0x00, 0xfe, 0xfe, 0xfe, 0x00,
  0xfe, 0xfe, 0xfe, 0x00, 0xfe, 0xfe, 0xfe, 0x00, 0xfe, 0xfe, 0xfe, 0x00,
  0xfe, 0xfe, 0xff, 0x00, 0xfd, 0xfd, 0xfd, 0x00, 0xf7, 0xf5, 0xf5, 0xff,
  0xfb, 0xfa, 0xfa, 0xff, 0xff, 0xff, 0xff, 0xff, 0xfe, 0xfe, 0xfe, 0xff,
  0xfe, 0xfe, 0xfe, 0xff, 0xfe, 0xfe, 0xfe, 0xff, 0xfe, 0xfe, 0xfe, 0xff,
  0xfe, 0xfe, 0xff, 0xff, 0xfe, 0xfe, 0xfe, 0xff, 0xfe, 0xfe, 0xfe, 0xff,
  0xfe, 0xfe, 0xfe, 0xff, 0xfe, 0xfe, 0xfe, 0xff, 0xfe, 0xfe, 0xfe, 0xff,
  0xfe, 0xfe, 0xfe, 0xff, 0xfe, 0xfe, 0xfe, 0xff, 0xfe, 0xfe, 0xfe, 0xff,
  0xfe, 0xfe, 0xfe, 0xff, 0xfe, 0xfe, 0xfe, 0xff, 0xfe, 0xfe, 0xfe, 0xff,
  0xfe, 0xfe, 0xfe, 0xff, 0xfe, 0xfe, 0xfe, 0xff, 0xfe, 0xfe, 0xfe, 0xff,
  0xfe, 0xfe, 0xfe, 0xff, 0xfe, 0xfe, 0xfe, 0xff, 0xfe, 0xfe, 0xfe, 0xff,
  0xfe, 0xfe, 0xfe, 0xff, 0xfe, 0xfe, 0xfe, 0xff, 0xfe, 0xfd, 0xfd, 0xff,
  0xfe, 0xfd, 0xfd, 0xff, 0xfe, 0xfe, 0xfe, 0xff, 0xfe, 0xfe, 0xfe, 0xff,
  0xfe, 0xfe, 0xff, 0xff, 0xfe, 0xfe, 0xfe, 0xff, 0xfe, 0xfe, 0xfe, 0xff,
  0xfe, 0xfe, 0xfe, 0xff, 0xfe, 0xfe, 0xff, 0xff, 0xfe, 0xfe, 0xfe, 0xff,
  0xfe, 0xfe, 0xfe, 0xff, 0xfe, 0xfe, 0xfe, 0xff, 0xfe, 0xfe, 0xfe, 0xff,
  0xfe, 0xfe, 0xfe, 0xff, 0xfe, 0xfe, 0xfe, 0xff, 0xfe, 0xfe, 0xfe, 0xff,
  0xfe, 0xfe, 0xfe, 0xff, 0xfe, 0xfe, 0xfe, 0xff, 0xfe, 0xfe, 0xfe, 0xff,
  0xfe, 0xfe, 0xfe, 0xff, 0xfe, 0xfe, 0xfe, 0xff, 0xfe, 0xfe, 0xfe, 0xff,
  0xfe, 0xfe, 0xfe, 0xff, 0xfe, 0xfe, 0xfe, 0xff, 0xfe, 0xfe, 0xfe, 0xff,
  0xfe, 0xfe, 0xfe, 0xff, 0xfe, 0xfe, 0xfe, 0xff, 0xfe, 0xfe, 0xff, 0xff,
  0xfe, 0xfe, 0xfe, 0xff, 0xfe, 0xfe, 0xfe, 0xff, 0xfe, 0xfe, 0xfe, 0xff,
  0xfe, 0xfe, 0xfe, 0xff, 0xfe, 0xfe, 0xfe, 0xff, 0xfe, 0xfe, 0xfe, 0xff,
  0xfe, 0xfe, 0xfe, 0xff, 0xfe, 0xfe, 0xfe, 0xff, 0xfe, 0xfe, 0xfe, 0xff,
  0xfe, 0xfe, 0xfe, 0xff, 0xfe, 0xfe, 0xfe, 0xff, 0xfe, 0xfe, 0xfe, 0xff,
  0xfe, 0xfe, 0xfe, 0xff, 0xfe, 0xfe, 0xfe, 0xff, 0xfe, 0xfc, 0xfd, 0xff,
  0xfe, 0xfe, 0xfe, 0xff, 0xfe, 0xfe, 0xfe, 0xff, 0xfe, 0xfe, 0xfe, 0xff,
  0xfe, 0xfe, 0xfe, 0xff, 0xfe, 0xfe, 0xfe, 0xff, 0xfe, 0xfe, 0xfe, 0xff,
  0xfe, 0xfe, 0xfe, 0xff, 0xfe, 0xfe, 0xfe, 0xff, 0xfe, 0xfe, 0xfe, 0xff,
  0xfe, 0xfe, 0xfe, 0xff, 0xfe, 0xfe, 0xfe, 0xff, 0xfe, 0xfe, 0xfe, 0xff,
  0xfe, 0xfe, 0xfe, 0xff, 0xfe, 0xfe, 0xfe, 0xff, 0xfe, 0xfe, 0xfe, 0xff,
  0xfe, 0xfe, 0xfe, 0xff, 0xfe, 0xfe, 0xfe, 0xff, 0xfe, 0xfe, 0xfe, 0xff,
  0xfe, 0xfe, 0xfe, 0xff, 0xfe, 0xfe, 0xfe, 0xff, 0xfe, 0xfe, 0xfe, 0xff,
  0xfe, 0xfe, 0xfe, 0xff, 0xfe, 0xfe, 0xfe, 0xff, 0xfe, 0xfe, 0xfe, 0xff,
  0xfe, 0xfe, 0xfe, 0xff, 0xff, 0xff, 0xff, 0xff, 0xf9, 0xf8, 0xf8, 0xff,
  0xf7, 0xf5, 0xf5, 0xff, 0xfe, 0xfe, 0xfe, 0x00, 0xfe, 0xfe, 0xfe, 0x00,
  0xfd, 0xfe, 0xfe, 0x00, 0xfe, 0xfe, 0xfe, 0x00, 0xfe, 0xfe, 0xfe, 0x00,
  0xfe, 0xfe, 0xfe, 0x00, 0xfe, 0xfe, 0xfe, 0x00, 0xfe, 0xfe, 0xfe, 0x00,
  0xfe, 0xfe, 0xfe, 0x00, 0xfb, 0xfa, 0xfa, 0xff, 0xf7, 0xf5, 0xf4, 0xff,
  0xfe, 0xfe, 0xfe, 0xff, 0xfe, 0xfe, 0xff, 0xff, 0xfe, 0xfe, 0xfe, 0xff,
  0xfe, 0xfe, 0xfe, 0xff, 0xfe, 0xfe, 0xfe, 0xff, 0xfe, 0xfe, 0xfe, 0xff,
  0xfe, 0xfe, 0xfe, 0xff, 0xfe, 0xfe, 0xfe, 0xff, 0xfe, 0xfe, 0xfe, 0xff,
  0xfe, 0xfe, 0xfe, 0xff, 0xfe, 0xfe, 0xfe, 0xff, 0xfe, 0xfe, 0xfe, 0xff,
  0xfe, 0xfe, 0xfe, 0xff, 0xfe, 0xfe, 0xfe, 0xff, 0xfe, 0xfe, 0xfe, 0xff,
  0xfe, 0xfe, 0xfe, 0xff, 0xfe, 0xfe, 0xfe, 0xff, 0xfe, 0xfe, 0xfe, 0xff,
  0xfe, 0xfe, 0xfe, 0xff, 0xfe, 0xfe, 0xfe, 0xff, 0xfe, 0xfe, 0xfe, 0xff,
  0xfe, 0xfe, 0xfe, 0xff, 0xfe, 0xfe, 0xfe, 0xff, 0xfe, 0xfe, 0xfe, 0xff,
  0xfe, 0xfe, 0xff, 0xff, 0xfe, 0xfe, 0xfe, 0xff, 0xfe, 0xff, 0xff, 0xff,
  0xfe, 0xff, 0xff, 0xff, 0xfe, 0xfe, 0xfe, 0xff, 0xfe, 0xfe, 0xfe, 0xff,
  0xfe, 0xfe, 0xfe, 0xff, 0xfe, 0xfe, 0xfe, 0xff, 0xfe, 0xfe, 0xfe, 0xff,
  0xfe, 0xfe, 0xfe, 0xff, 0xfe, 0xfe, 0xfe, 0xff, 0xfe, 0xfe, 0xfe, 0xff,
  0xfe, 0xfe, 0xff, 0xff, 0xfe, 0xfe, 0xfe, 0xff, 0xfe, 0xfe, 0xfe, 0xff,
  0xfd, 0xfe, 0xfe, 0xff, 0xfe, 0xfe, 0xfe, 0xff, 0xfe, 0xfe, 0xfe, 0xff,
  0xfe, 0xfe, 0xfe, 0xff, 0xfe, 0xfe, 0xfe, 0xff, 0xfe, 0xfe, 0xfe, 0xff,
  0xfe, 0xfe, 0xfe, 0xff, 0xfe, 0xfe, 0xfe, 0xff, 0xfe, 0xfe, 0xfe, 0xff,
  0xfe, 0xfe, 0xfe, 0xff, 0xfd, 0xfe, 0xfe, 0xff, 0xfe, 0xfe, 0xfe, 0xff,
  0xfe, 0xfe, 0xfe, 0xff, 0xfe, 0xfe, 0xfe, 0xff, 0xfe, 0xfe, 0xfe, 0xff,
  0xfe, 0xfe, 0xfe, 0xff, 0xfe, 0xfe, 0xfe, 0xff, 0xfe, 0xfe, 0xfe, 0xff,
  0xfe, 0xfe, 0xfe, 0xff, 0xfe, 0xfe, 0xfe, 0xff, 0xfe, 0xfe, 0xfe, 0xff,
  0xfe, 0xfe, 0xfe, 0xff, 0xfe, 0xfe, 0xfe, 0xff, 0xfe, 0xfe, 0xfe, 0xff,
  0xfe, 0xfe, 0xfe, 0xff, 0xfe, 0xfe, 0xfe, 0xff, 0xfe, 0xfe, 0xfe, 0xff,
  0xfe, 0xfe, 0xfe, 0xff, 0xfe, 0xff, 0xff, 0xff, 0xfe, 0xff, 0xff, 0xff,
  0xfe, 0xfe, 0xfe, 0xff, 0xfe, 0xfe, 0xfe, 0xff, 0xfe, 0xfe, 0xfe, 0xff,
  0xfe, 0xfe, 0xfe, 0xff, 0xfe, 0xfe, 0xfe, 0xff, 0xfe, 0xfe, 0xfe, 0xff,
  0xfe, 0xfe, 0xfe, 0xff, 0xfe, 0xfe, 0xfe, 0xff, 0xfe, 0xfe, 0xfe, 0xff,
  0xfe, 0xfe, 0xfe, 0xff, 0xfe, 0xfe, 0xfe, 0xff, 0xfe, 0xfe, 0xfe, 0xff,
  0xfe, 0xfe, 0xfe, 0xff, 0xfe, 0xfe, 0xfe, 0xff, 0xfe, 0xfe, 0xfe, 0xff,
  0xfe, 0xfe, 0xfe, 0xff, 0xfe, 0xfe, 0xfe, 0xff, 0xfe, 0xfe, 0xfe, 0xff,
  0xfe, 0xfe, 0xfe, 0xff, 0xfe, 0xfe, 0xfe, 0xff, 0xfe, 0xfe, 0xfe, 0xff,
  0xfe, 0xfe, 0xfe, 0xff, 0xfe, 0xfe, 0xfe, 0xff, 0xfe, 0xfe, 0xfe, 0xff,
  0xfe, 0xfe, 0xfe, 0xff, 0xfe, 0xfe, 0xff, 0xff, 0xfd, 0xfd, 0xfd, 0xff,
  0xf5, 0xf3, 0xf2, 0xff, 0xfb, 0xfb, 0xfb, 0xff, 0xfe, 0xfe, 0xfe, 0x00,
  0xfe, 0xfe, 0xfe, 0x00, 0xfe, 0xfe, 0xfe, 0x00, 0xfe, 0xfe, 0xfe, 0x00,
  0xfe, 0xfe, 0xfe, 0x00, 0xfe, 0xfe, 0xfe, 0x00, 0xfe, 0xfe, 0xfe, 0x00,
  0xfe, 0xfe, 0xfe, 0xff, 0xf8, 0xf6, 0xf6, 0xff, 0xf9, 0xf8, 0xf7, 0xff,
  0xff, 0xff, 0xff, 0xff, 0xfe, 0xfe, 0xfe, 0xff, 0xfe, 0xfe, 0xfe, 0xff,
  0xfe, 0xfe, 0xfe, 0xff, 0xfe, 0xfe, 0xff, 0xff, 0xfe, 0xfe, 0xfe, 0xff,
  0xfe, 0xfe, 0xfe, 0xff, 0xfe, 0xfe, 0xfe, 0xff, 0xfe, 0xfe, 0xfe, 0xff,
  0xfe, 0xfe, 0xfe, 0xff, 0xfe, 0xfe, 0xfe, 0xff, 0xfe, 0xfe, 0xfe, 0xff,
  0xfe, 0xfe, 0xfe, 0xff, 0xfe, 0xfe, 0xfe, 0xff, 0xfe, 0xfe, 0xfe, 0xff,
  0xfe, 0xfe, 0xfe, 0xff, 0xfd, 0xfd, 0xfe, 0xff, 0xfe, 0xfe, 0xfe, 0xff,
  0xfe, 0xfe, 0xfe, 0xff, 0xfe, 0xfe, 0xfe, 0xff, 0xfe, 0xfe, 0xfe, 0xff,
  0xfe, 0xfe, 0xfe, 0xff, 0xfe, 0xfe, 0xfe, 0xff, 0xfe, 0xfe, 0xfe, 0xff,
  0xfe, 0xfd, 0xfc, 0xff, 0xfe, 0xff, 0xff, 0xff, 0xfe, 0xe3, 0xd0, 0xff,
  0xfe, 0xea, 0xdb, 0xff, 0xfe, 0xff, 0xff, 0xff, 0xfe, 0xfd, 0xfd, 0xff,
  0xfe, 0xfd, 0xfd, 0xff, 0xfe, 0xfc, 0xfb, 0xff, 0xfe, 0xfe, 0xfe, 0xff,
  0xfe, 0xfe, 0xfe, 0xff, 0xfe, 0xfe, 0xfe, 0xff, 0xfe, 0xfe, 0xfe, 0xff,
  0xfe, 0xfe, 0xfe, 0xff, 0xfe, 0xfe, 0xfe, 0xff, 0xfe, 0xfe, 0xfe, 0xff,
  0xfe, 0xfe, 0xfe, 0xff, 0xfe, 0xfe, 0xfe, 0xff, 0xfe, 0xfe, 0xfe, 0xff,
  0xfe, 0xfe, 0xfe, 0xff, 0xfe, 0xfe, 0xfe, 0xff, 0xfe, 0xfe, 0xfe, 0xff,
  0xfe, 0xfe, 0xfe, 0xff, 0xfe, 0xfe, 0xfe, 0xff, 0xfe, 0xfe, 0xfe, 0xff,
  0xfe, 0xfe, 0xfe, 0xff, 0xfe, 0xfe, 0xfe, 0xff, 0xfe, 0xfe, 0xfe, 0xff,
  0xfe, 0xfe, 0xfe, 0xff, 0xfe, 0xfe, 0xfe, 0xff, 0xfe, 0xfe, 0xfe, 0xff,
  0xfe, 0xfe, 0xfe, 0xff, 0xfe, 0xfe, 0xfe, 0xff, 0xfe, 0xfe, 0xfe, 0xff,
  0xfe, 0xfe, 0xfe, 0xff, 0xfe, 0xfe, 0xfe, 0xff, 0xfe, 0xfe, 0xfe, 0xff,
  0xfe, 0xfe, 0xfe, 0xff, 0xfe, 0xfe, 0xfe, 0xff, 0xfe, 0xfe, 0xfe, 0xff,
  0xfe, 0xfc, 0xfd, 0xff, 0xfe, 0xfc, 0xfd, 0xff, 0xfe, 0xfe, 0xfe, 0xff,
  0xfe, 0xff, 0xff, 0xff, 0xfe, 0xfa, 0xfb, 0xff, 0xfc, 0xc8, 0xd4, 0xff,
  0xfe, 0xff, 0xff, 0xff, 0xfe, 0xfe, 0xfe, 0xff, 0xfe, 0xfe, 0xfe, 0xff,
  0xfe, 0xfe, 0xfe, 0xff, 0xfe, 0xfe, 0xfe, 0xff, 0xfe, 0xfe, 0xfe, 0xff,
  0xfe, 0xfe, 0xfe, 0xff, 0xfe, 0xfe, 0xfe, 0xff, 0xfd, 0xfe, 0xfe, 0xff,
  0xfe, 0xfe, 0xfe, 0xff, 0xfe, 0xfe, 0xfe, 0xff, 0xfe, 0xfe, 0xfe, 0xff,
  0xfe, 0xfe, 0xfe, 0xff, 0xfe, 0xfe, 0xfe, 0xff, 0xfe, 0xfe, 0xfe, 0xff,
  0xfe, 0xfe, 0xfe, 0xff, 0xfe, 0xfe, 0xfe, 0xff, 0xfe, 0xfe, 0xfe, 0xff,
  0xfe, 0xfe, 0xfe, 0xff, 0xfe, 0xfe, 0xfe, 0xff, 0xfe, 0xfe, 0xfe, 0xff,
  0xfe, 0xfe, 0xfe, 0xff, 0xfe, 0xfe, 0xfe, 0xff, 0xfe, 0xfe, 0xfe, 0xff,
  0xfe, 0xfe, 0xfe, 0xff, 0xfe, 0xfe, 0xfe, 0xff, 0xff, 0xff, 0xff, 0xff,
  0xf7, 0xf5, 0xf5, 0xff, 0xf7, 0xf6, 0xf6, 0xff, 0xfe, 0xfe, 0xfe, 0xff,
  0xfe, 0xfe, 0xfe, 0x00, 0xfe, 0xfe, 0xfe, 0x00, 0xfe, 0xfe, 0xfe, 0x00,
  0xfe, 0xfe, 0xfe, 0x00, 0xfe, 0xfe, 0xfe, 0x00, 0xfe, 0xfe, 0xfe, 0x00,
  0xfc, 0xfc, 0xfc, 0xff, 0xf6, 0xf3, 0xf3, 0xff, 0xfc, 0xfb, 0xfb, 0xff,
  0xfe, 0xfe, 0xff, 0xff, 0xfe, 0xfe, 0xfe, 0xff, 0xfe, 0xfe, 0xfe, 0xff,
  0xfe, 0xfe, 0xfe, 0xff, 0xfe, 0xfe, 0xfe, 0xff, 0xfe, 0xfe, 0xfe, 0xff,
  0xfe, 0xfe, 0xfe, 0xff, 0xfe, 0xfe, 0xfe, 0xff, 0xfe, 0xfe, 0xfe, 0xff,
  0xfe, 0xfe, 0xfe, 0xff, 0xfe, 0xfe, 0xfe, 0xff, 0xfe, 0xfe, 0xfe, 0xff,
  0xfe, 0xfe, 0xfe, 0xff, 0xfe, 0xfe, 0xfe, 0xff, 0xfe, 0xfe, 0xfe, 0xff,
  0xfe, 0xfe, 0xfe, 0xff, 0xfe, 0xfe, 0xfe, 0xff, 0xfe, 0xfe, 0xfe, 0xff,
  0xfd, 0xfe, 0xfe, 0xff, 0xfe, 0xfe, 0xfe, 0xff, 0xfe, 0xfe, 0xfe, 0xff,
  0xfe, 0xfe, 0xfe, 0xff, 0xfe, 0xfe, 0xfe, 0xff, 0xfe, 0xfe, 0xfe, 0xff,
  0xfe, 0xfc, 0xfb, 0xff, 0xfe, 0xff, 0xff, 0xff, 0xfd, 0xc6, 0x9d, 0xff,
  0xfd, 0xd3, 0xb3, 0xff, 0xfe, 0xff, 0xff, 0xff, 0xfe, 0xfb, 0xf9, 0xff,
  0xfe, 0xff, 0xff, 0xff, 0xfe, 0xff, 0xff, 0xff, 0xfe, 0xfe, 0xfe, 0xff,
  0xfe, 0xfe, 0xfe, 0xff, 0xfe, 0xfe, 0xfd, 0xff, 0xfe, 0xfe, 0xfd, 0xff,
  0xfe, 0xfd, 0xfd, 0xff, 0xfe, 0xfe, 0xfe, 0xff, 0xfe, 0xfd, 0xfd, 0xff,
  0xfe, 0xfe, 0xfd, 0xff, 0xfe, 0xfd, 0xfd, 0xff, 0xfe, 0xfe, 0xfd, 0xff,
  0xfe, 0xfd, 0xfd, 0xff, 0xfe, 0xfd, 0xfd, 0xff, 0xfe, 0xfd, 0xfd, 0xff,
  0xfe, 0xfe, 0xfe, 0xff, 0xfe, 0xfd, 0xfe, 0xff, 0xfe, 0xfe, 0xfd, 0xff,
  0xfe, 0xfd, 0xfd, 0xff, 0xfe, 0xfd, 0xfe, 0xff, 0xfe, 0xfe, 0xfe, 0xff,
  0xfe, 0xfe, 0xfe, 0xff, 0xfe, 0xfd, 0xfd, 0xff, 0xfe, 0xfd, 0xfe, 0xff,
  0xfe, 0xfd, 0xfe, 0xff, 0xfe, 0xfd, 0xfe, 0xff, 0xfe, 0xfd, 0xfe, 0xff,
  0xfe, 0xfd, 0xfe, 0xff, 0xfe, 0xfd, 0xfe, 0xff, 0xfe, 0xfd, 0xfe, 0xff,
  0xfe, 0xfd, 0xfe, 0xff, 0xfe, 0xfe, 0xfe, 0xff, 0xfe, 0xfe, 0xfe, 0xff,
  0xfe, 0xff, 0xff, 0xff, 0xfe, 0xff, 0xff, 0xff, 0xfe, 0xfb, 0xfc, 0xff,
  0xfe, 0xfe, 0xfe, 0xff, 0xfd, 0xf6, 0xf8, 0xff, 0xf9, 0x8c, 0xa3, 0xff,
  0xfe, 0xff, 0xff, 0xff, 0xfe, 0xfe, 0xfe, 0xff, 0xfe, 0xfe, 0xfe, 0xff,
  0xfe, 0xfe, 0xfe, 0xff, 0xfe, 0xfe, 0xfe, 0xff, 0xfe, 0xfe, 0xfe, 0xff,
  0xfe, 0xfe, 0xfe, 0xff, 0xfe, 0xfe, 0xfe, 0xff, 0xfe, 0xfe, 0xfe, 0xff,
  0xfe, 0xfe, 0xfe, 0xff, 0xfe, 0xfe, 0xfe, 0xff, 0xfe, 0xfe, 0xfe, 0xff,
  0xfe, 0xfe, 0xfe, 0xff, 0xfe, 0xfe, 0xfe, 0xff, 0xfe, 0xfe, 0xfe, 0xff,
  0xfe, 0xfe, 0xfe, 0xff, 0xfe, 0xfe, 0xfe, 0xff, 0xfe, 0xfe, 0xfe, 0xff,
  0xfe, 0xfe, 0xfe, 0xff, 0xfe, 0xfe, 0xfe, 0xff, 0xfe, 0xfe, 0xfe, 0xff,
  0xfe, 0xfe, 0xfe, 0xff, 0xfe, 0xfe, 0xfe, 0xff, 0xfe, 0xfe, 0xfe, 0xff,
  0xfe, 0xfe, 0xfe, 0xff, 0xfe, 0xfe, 0xfe, 0xff, 0xff, 0xff, 0xff, 0xff,
  0xfa, 0xf9, 0xf9, 0xff, 0xf5, 0xf2, 0xf2, 0xff, 0xfd, 0xfd, 0xfd, 0xff,
  0xfe, 0xfe, 0xfe, 0x00, 0xfe, 0xfe, 0xfe, 0x00, 0xfe, 0xfe, 0xfe, 0x00,
  0xfe, 0xfe, 0xfe, 0x00, 0xfe, 0xfe, 0xfe, 0x00, 0xfe, 0xfe, 0xfe, 0xff,
  0xfb, 0xfa, 0xfa, 0xff, 0xf5, 0xf2, 0xf2, 0xff, 0xfe, 0xfd, 0xfe, 0xff,
  0xfe, 0xfe, 0xfe, 0xff, 0xfe, 0xfe, 0xfe, 0xff, 0xfe, 0xfe, 0xfe, 0xff,
  0xfe, 0xfe, 0xfe, 0xff, 0xfe, 0xfe, 0xfe, 0xff, 0xfe, 0xfe, 0xfe, 0xff,
  0xfe, 0xfe, 0xfe, 0xff, 0xfe, 0xfe, 0xfe, 0xff, 0xfe, 0xfe, 0xfe, 0xff,
  0xfe, 0xfe, 0xfe, 0xff, 0xfe, 0xfe, 0xfe, 0xff, 0xfe, 0xfe, 0xfe, 0xff,
  0xfe, 0xfe, 0xfe, 0xff, 0xfe, 0xfe, 0xfe, 0xff, 0xfe, 0xfe, 0xfe, 0xff,
  0xfe, 0xfe, 0xfe, 0xff, 0xfe, 0xfe, 0xfe, 0xff, 0xfe, 0xfe, 0xfe, 0xff,
  0xfe, 0xfe, 0xff, 0xff, 0xfe, 0xfe, 0xfe, 0xff, 0xfe, 0xfe, 0xfe, 0xff,
  0xfe, 0xfe, 0xfe, 0xff, 0xfe, 0xfe, 0xfe, 0xff, 0xfe, 0xfe, 0xfe, 0xff,
  0xfe, 0xfe, 0xfe, 0xff, 0xfe, 0xfe, 0xfe, 0xff, 0xfd, 0xf6, 0xf0, 0xff,
  0xfe, 0xf7, 0xf3, 0xff, 0xfe, 0xff, 0xff, 0xff, 0xfe, 0xff, 0xff, 0xff,
  0xfe, 0xf7, 0xf1, 0xff, 0xfd, 0xd1, 0xb3, 0xff, 0xfe, 0xfe, 0xfe, 0xff,
  0xfe, 0xff, 0xff, 0xff, 0xfe, 0xff, 0xff, 0xff, 0xfe, 0xff, 0xff, 0xff,
  0xfe, 0xff, 0xff, 0xff, 0xfe, 0xff, 0xff, 0xff, 0xfe, 0xff, 0xff, 0xff,
  0xfe, 0xff, 0xff, 0xff, 0xfe, 0xff, 0xff, 0xff, 0xfe, 0xff, 0xff, 0xff,
  0xfe, 0xff, 0xff, 0xff, 0xfe, 0xff, 0xff, 0xff, 0xfe, 0xff, 0xff, 0xff,
  0xfe, 0xff, 0xff, 0xff, 0xfe, 0xff, 0xff, 0xff, 0xfe, 0xff, 0xff, 0xff,
  0xfe, 0xff, 0xff, 0xff, 0xfe, 0xff, 0xff, 0xff, 0xfe, 0xff, 0xff, 0xff,
  0xfe, 0xff, 0xff, 0xff, 0xfe, 0xff, 0xff, 0xff, 0xfe, 0xff, 0xff, 0xff,
  0xfe, 0xff, 0xff, 0xff, 0xfe, 0xff, 0xff, 0xff, 0xfe, 0xff, 0xff, 0xff,
  0xfe, 0xff, 0xff, 0xff, 0xfe, 0xff, 0xff, 0xff, 0xfe, 0xff, 0xff, 0xff,
  0xfe, 0xff, 0xff, 0xff, 0xfe, 0xfe, 0xff, 0xff, 0xff, 0xff, 0xff, 0xff,
  0xfc, 0xce, 0xd7, 0xff, 0xfc, 0xd6, 0xde, 0xff, 0xff, 0xff, 0xff, 0xff,
  0xfe, 0xff, 0xff, 0xff, 0xfe, 0xfd, 0xfd, 0xff, 0xfc, 0xed, 0xef, 0xff,
  0xfe, 0xfe, 0xfe, 0xff, 0xfe, 0xfe, 0xfe, 0xff, 0xfe, 0xfe, 0xfe, 0xff,
  0xfe, 0xfe, 0xfe, 0xff, 0xfe, 0xfe, 0xfe, 0xff, 0xfe, 0xfe, 0xfe, 0xff,
  0xfe, 0xfe, 0xfe, 0xff, 0xfd, 0xfe, 0xfe, 0xff, 0xfe, 0xfe, 0xfe, 0xff,
  0xfe, 0xfe, 0xfe, 0xff, 0xfe, 0xfe, 0xfe, 0xff, 0xfe, 0xfe, 0xfe, 0xff,
  0xfe, 0xfe, 0xfe, 0xff, 0xfe, 0xfe, 0xfe, 0xff, 0xfe, 0xfe, 0xfe, 0xff,
  0xfe, 0xfe, 0xfe, 0xff, 0xfe, 0xfe, 0xfe, 0xff, 0xfe, 0xfe, 0xfe, 0xff,
  0xfe, 0xfe, 0xfe, 0xff, 0xfe, 0xfe, 0xff, 0xff, 0xfe, 0xfe, 0xfe, 0xff,
  0xfe, 0xfe, 0xfe, 0xff, 0xfe, 0xfe, 0xfe, 0xff, 0xfe, 0xfe, 0xfe, 0xff,
  0xfe, 0xfe, 0xfe, 0xff, 0xfe, 0xfe, 0xfe, 0xff, 0xfe, 0xfe, 0xff, 0xff,
  0xfd, 0xfc, 0xfd, 0xff, 0xf4, 0xf0, 0xf0, 0xff, 0xfb, 0xfb, 0xfb, 0xff,
  0xfe, 0xfe, 0xfe, 0xff, 0xfe, 0xfe, 0xfe, 0x00, 0xfe, 0xfe, 0xfe, 0x00,
  0xfe, 0xfe, 0xfe, 0x00, 0xfe, 0xfe, 0xfe, 0x00, 0xfe, 0xfe, 0xfe, 0xff,
  0xf9, 0xf8, 0xf8, 0xff, 0xf6, 0xf3, 0xf3, 0xff, 0xfe, 0xff, 0xff, 0xff,
  0xfe, 0xfe, 0xfe, 0xff, 0xfe, 0xfe, 0xfe, 0xff, 0xfe, 0xfe, 0xfe, 0xff,
  0xfe, 0xfe, 0xfe, 0xff, 0xfe, 0xfe, 0xff, 0xff, 0xfe, 0xfe, 0xfe, 0xff,
  0xfe, 0xfe, 0xfe, 0xff, 0xfe, 0xfe, 0xfe, 0xff, 0xfe, 0xfe, 0xfe, 0xff,
  0xfe, 0xfe, 0xfe, 0xff, 0xfe, 0xfe, 0xfe, 0xff, 0xfe, 0xfe, 0xfe, 0xff,
  0xfe, 0xfe, 0xfe, 0xff, 0xfe, 0xfe, 0xfe, 0xff, 0xfe, 0xfe, 0xfe, 0xff,
  0xfe, 0xfe, 0xfe, 0xff, 0xfe, 0xfe, 0xfe, 0xff, 0xfe, 0xfe, 0xfe, 0xff,
  0xfe, 0xfe, 0xfe, 0xff, 0xfe, 0xfe, 0xfe, 0xff, 0xfe, 0xfe, 0xfe, 0xff,
  0xfe, 0xfe, 0xfe, 0xff, 0xfe, 0xfe, 0xfe, 0xff, 0xfe, 0xfe, 0xfe, 0xff,
  0xfe, 0xfd, 0xfd, 0xff, 0xfe, 0xff, 0xff, 0xff, 0xfd, 0xe7, 0xd7, 0xff,
  0xfd, 0xed, 0xe1, 0xff, 0xfe, 0xfd, 0xfc, 0xff, 0xfd, 0xd1, 0xaf, 0xff,
  0xfb, 0x7d, 0x27, 0xff, 0xfb, 0x85, 0x31, 0xff, 0xfe, 0xfb, 0xf9, 0xff,
  0xfe, 0xf9, 0xf6, 0xff, 0xfe, 0xfa, 0xf7, 0xff, 0xfe, 0xfa, 0xf8, 0xff,
  0xfe, 0xfa, 0xf7, 0xff, 0xfe, 0xfa, 0xf7, 0xff, 0xfe, 0xfa, 0xf8, 0xff,
  0xfe, 0xfa, 0xf8, 0xff, 0xfe, 0xfa, 0xf8, 0xff, 0xfe, 0xf9, 0xf8, 0xff,
  0xfe, 0xf9, 0xf8, 0xff, 0xfe, 0xfa, 0xf8, 0xff, 0xfe, 0xf9, 0xf8, 0xff,
  0xfe, 0xf9, 0xf8, 0xff, 0xfe, 0xf9, 0xf8, 0xff, 0xfe, 0xf9, 0xf8, 0xff,
  0xfe, 0xf9, 0xf8, 0xff, 0xfe, 0xf9, 0xf9, 0xff, 0xfe, 0xf9, 0xf9, 0xff,
  0xfe, 0xf9, 0xf9, 0xff, 0xfe, 0xf9, 0xf9, 0xff, 0xfe, 0xf8, 0xf9, 0xff,
  0xfe, 0xf9, 0xf9, 0xff, 0xfe, 0xf8, 0xf9, 0xff, 0xfe, 0xf9, 0xf9, 0xff,
  0xfe, 0xf9, 0xf9, 0xff, 0xfe, 0xf9, 0xf9, 0xff, 0xfe, 0xf9, 0xfa, 0xff,
  0xfe, 0xf9, 0xfa, 0xff, 0xfe, 0xf6, 0xf7, 0xff, 0xfe, 0xfa, 0xfa, 0xff,
  0xf9, 0x8f, 0xa1, 0xff, 0xf4, 0x2b, 0x51, 0xff, 0xfa, 0x9c, 0xaf, 0xff,
  0xfd, 0xf0, 0xf3, 0xff, 0xfe, 0xfc, 0xfd, 0xff, 0xfc, 0xd0, 0xda, 0xff,
  0xfe, 0xfe, 0xff, 0xff, 0xfe, 0xfe, 0xfe, 0xff, 0xfe, 0xfe, 0xfe, 0xff,
  0xfe, 0xfe, 0xfe, 0xff, 0xfe, 0xfe, 0xfe, 0xff, 0xfe, 0xfe, 0xfe, 0xff,
  0xfe, 0xfe, 0xfe, 0xff, 0xfe, 0xfe, 0xfe, 0xff, 0xfe, 0xfe, 0xfe, 0xff,
  0xfe, 0xfe, 0xfe, 0xff, 0xfe, 0xfe, 0xfe, 0xff, 0xfe, 0xfe, 0xfe, 0xff,
  0xfe, 0xfe, 0xfe, 0xff, 0xfe, 0xfe, 0xfe, 0xff, 0xfe, 0xfe, 0xfe, 0xff,
  0xfe, 0xfe, 0xfe, 0xff, 0xfe, 0xfe, 0xfe, 0xff, 0xfe, 0xfe, 0xfe, 0xff,
  0xfe, 0xfe, 0xfe, 0xff, 0xfe, 0xfe, 0xfe, 0xff, 0xfe, 0xfe, 0xfe, 0xff,
  0xfe, 0xfe, 0xfe, 0xff, 0xfe, 0xfe, 0xfe, 0xff, 0xfe, 0xfe, 0xfe, 0xff,
  0xfe, 0xfe, 0xfe, 0xff, 0xfe, 0xfe, 0xfe, 0xff, 0xfe, 0xfe, 0xfe, 0xff,
  0xfe, 0xfe, 0xfe, 0xff, 0xf4, 0xf1, 0xf1, 0xff, 0xfa, 0xf8, 0xf9, 0xff,
  0xfe, 0xfe, 0xff, 0xff, 0xfe, 0xfe, 0xfe, 0x00, 0xfe, 0xfe, 0xfe, 0x00,
  0xfe, 0xfe, 0xfe, 0x00, 0xfe, 0xfe, 0xfe, 0x00, 0xfe, 0xfe, 0xfe, 0xff,
  0xf8, 0xf6, 0xf6, 0xff, 0xf7, 0xf5, 0xf4, 0xff, 0xff, 0xff, 0xff, 0xff,
  0xfd, 0xfe, 0xfe, 0xff, 0xfe, 0xfe, 0xfe, 0xff, 0xfe, 0xfe, 0xfe, 0xff,
  0xfe, 0xfe, 0xfe, 0xff, 0xfe, 0xfe, 0xfe, 0xff, 0xfe, 0xfe, 0xfe, 0xff,
  0xfe, 0xfe, 0xfe, 0xff, 0xfe, 0xfe, 0xfe, 0xff, 0xfe, 0xfe, 0xfe, 0xff,
  0xfe, 0xfe, 0xfe, 0xff, 0xfe, 0xfe, 0xfe, 0xff, 0xfe, 0xfe, 0xfe, 0xff,
  0xfe, 0xfe, 0xfe, 0xff, 0xfe, 0xfe, 0xfe, 0xff, 0xfe, 0xfe, 0xfe, 0xff,
  0xfe, 0xfe, 0xfe, 0xff, 0xfe, 0xfe, 0xfe, 0xff, 0xfe, 0xfe, 0xfe, 0xff,
  0xfe, 0xfe, 0xfe, 0xff, 0xfe, 0xfe, 0xfe, 0xff, 0xfe, 0xfe, 0xfe, 0xff,
  0xfe, 0xfe, 0xfe, 0xff, 0xfe, 0xfe, 0xfe, 0xff, 0xfe, 0xfe, 0xfe, 0xff,
  0xfe, 0xfc, 0xfb, 0xff, 0xfe, 0xff, 0xff, 0xff, 0xfd, 0xc6, 0x9b, 0xff,
  0xfd, 0xd6, 0xb8, 0xff, 0xfa, 0xb1, 0x7b, 0xff, 0xfb, 0x5b, 0x00, 0xff,
  0xfb, 0x69, 0x00, 0xff, 0xfb, 0x79, 0x1b, 0xff, 0xf9, 0x7f, 0x30, 0xff,
  0xf9, 0x7c, 0x2f, 0xff, 0xf9, 0x7c, 0x30, 0xff, 0xf8, 0x79, 0x31, 0xff,
  0xf8, 0x77, 0x32, 0xff, 0xf7, 0x74, 0x33, 0xff, 0xf6, 0x71, 0x36, 0xff,
  0xf4, 0x6e, 0x39, 0xff, 0xf3, 0x6b, 0x3c, 0xff, 0xf2, 0x69, 0x3e, 0xff,
  0xf3, 0x67, 0x42, 0xff, 0xf2, 0x65, 0x45, 0xff, 0xf2, 0x62, 0x47, 0xff,
  0xf1, 0x5f, 0x49, 0xff, 0xf1, 0x5c, 0x4c, 0xff, 0xf2, 0x5c, 0x50, 0xff,
  0xf2, 0x5a, 0x54, 0xff, 0xf3, 0x59, 0x58, 0xff, 0xf2, 0x57, 0x5a, 0xff,
  0xf2, 0x55, 0x5c, 0xff, 0xf3, 0x53, 0x5f, 0xff, 0xf3, 0x52, 0x61, 0xff,
  0xf2, 0x4f, 0x63, 0xff, 0xf3, 0x4e, 0x64, 0xff, 0xf3, 0x50, 0x67, 0xff,
  0xf3, 0x4f, 0x68, 0xff, 0xf3, 0x4f, 0x69, 0xff, 0xf4, 0x50, 0x6c, 0xff,
  0xf3, 0x51, 0x6e, 0xff, 0xf4, 0x52, 0x6f, 0xff, 0xf4, 0x51, 0x6e, 0xff,
  0xf5, 0x47, 0x66, 0xff, 0xf5, 0x37, 0x5b, 0xff, 0xf2, 0x19, 0x44, 0xff,
  0xf5, 0x54, 0x74, 0xff, 0xfc, 0xe0, 0xe6, 0xff, 0xfa, 0x8e, 0xa6, 0xff,
  0xfe, 0xfd, 0xfe, 0xff, 0xfe, 0xfe, 0xfe, 0xff, 0xfe, 0xfe, 0xfe, 0xff,
  0xfe, 0xfe, 0xfe, 0xff, 0xfe, 0xfe, 0xfe, 0xff, 0xfe, 0xfe, 0xfe, 0xff,
  0xfe, 0xfe, 0xfe, 0xff, 0xfe, 0xfe, 0xfe, 0xff, 0xfe, 0xfe, 0xfe, 0xff,
  0xfe, 0xfe, 0xfe, 0xff, 0xfe, 0xfe, 0xfe, 0xff, 0xfe, 0xfe, 0xfe, 0xff,
  0xfe, 0xfe, 0xfe, 0xff, 0xfe, 0xfe, 0xfe, 0xff, 0xfe, 0xfe, 0xfe, 0xff,
  0xfe, 0xfe, 0xfe, 0xff, 0xfe, 0xfe, 0xfe, 0xff, 0xfe, 0xfe, 0xfe, 0xff,
  0xfe, 0xfe, 0xfe, 0xff, 0xfe, 0xfe, 0xfe, 0xff, 0xfe, 0xfe, 0xfe, 0xff,
  0xfe, 0xfe, 0xfe, 0xff, 0xfe, 0xfe, 0xfe, 0xff, 0xfe, 0xfe, 0xfe, 0xff,
  0xfe, 0xfe, 0xfe, 0xff, 0xfe, 0xfe, 0xfe, 0xff, 0xfe, 0xfe, 0xfe, 0xff,
  0xff, 0xff, 0xff, 0xff, 0xf5, 0xf1, 0xf1, 0xff, 0xf8, 0xf6, 0xf6, 0xff,
  0xfe, 0xfe, 0xfe, 0xff, 0xfe, 0xfe, 0xfe, 0x00, 0xfe, 0xfe, 0xfe, 0x00,
  0xfe, 0xfe, 0xfe, 0x00, 0xfe, 0xfe, 0xfe, 0xff, 0xfd, 0xfe, 0xfe, 0xff,
  0xf6, 0xf4, 0xf4, 0xff, 0xf7, 0xf4, 0xf4, 0xff, 0xff, 0xff, 0xff, 0xff,
  0xfe, 0xfe, 0xfe, 0xff, 0xfe, 0xfe, 0xfe, 0xff, 0xfe, 0xfe, 0xfe, 0xff,
  0xfe, 0xfe, 0xfe, 0xff, 0xfe, 0xfe, 0xfe, 0xff, 0xfe, 0xfe, 0xfe, 0xff,
  0xfe, 0xfe, 0xfe, 0xff, 0xfe, 0xfe, 0xfe, 0xff, 0xfe, 0xfe, 0xfe, 0xff,
  0xfe, 0xfe, 0xfe, 0xff, 0xfe, 0xfe, 0xfe, 0xff, 0xfe, 0xfe, 0xfe, 0xff,
  0xfe, 0xfe, 0xfe, 0xff, 0xfe, 0xfe, 0xfe, 0xff, 0xfe, 0xfe, 0xfe, 0xff,
  0xfe, 0xfe, 0xfe, 0xff, 0xfe, 0xfe, 0xfe, 0xff, 0xfe, 0xfe, 0xfe, 0xff,
  0xfe, 0xfe, 0xfe, 0xff, 0xfe, 0xfe, 0xfe, 0xff, 0xfe, 0xfe, 0xfe, 0xff,
  0xfe, 0xfe, 0xfe, 0xff, 0xfe, 0xfe, 0xfe, 0xff, 0xfe, 0xfe, 0xfe, 0xff,
  0xfe, 0xfe, 0xfe, 0xff, 0xfe, 0xfe, 0xff, 0xff, 0xfc, 0xee, 0xe3, 0xff,
  0xfd, 0xf2, 0xeb, 0xff, 0xfe, 0xf3, 0xeb, 0xff, 0xfd, 0xba, 0x8c, 0xff,
  0xfb, 0x70, 0x11, 0xff, 0xf9, 0x7c, 0x25, 0xff, 0xfd, 0xe7, 0xda, 0xff,
  0xfd, 0xe6, 0xd8, 0xff, 0xfd, 0xe6, 0xd9, 0xff, 0xfd, 0xe6, 0xd9, 0xff,
  0xfd, 0xe6, 0xda, 0xff, 0xfd, 0xe5, 0xda, 0xff, 0xfd, 0xe4, 0xda, 0xff,
  0xfc, 0xe4, 0xdb, 0xff, 0xfc, 0xe3, 0xdb, 0xff, 0xfc, 0xe2, 0xdb, 0xff,
  0xfc, 0xe2, 0xdc, 0xff, 0xfc, 0xe2, 0xdd, 0xff, 0xfc, 0xe1, 0xdd, 0xff,
  0xfc, 0xe1, 0xdd, 0xff, 0xfc, 0xe0, 0xdd, 0xff, 0xfc, 0xe0, 0xde, 0xff,
  0xfc, 0xe0, 0xdf, 0xff, 0xfc, 0xe0, 0xdf, 0xff, 0xfc, 0xdf, 0xdf, 0xff,
  0xfc, 0xde, 0xe0, 0xff, 0xfc, 0xde, 0xe1, 0xff, 0xfc, 0xde, 0xe1, 0xff,
  0xfc, 0xdd, 0xe1, 0xff, 0xfc, 0xdd, 0xe2, 0xff, 0xfc, 0xdd, 0xe2, 0xff,
  0xfc, 0xdd, 0xe2, 0xff, 0xfc, 0xdd, 0xe3, 0xff, 0xfc, 0xdd, 0xe3, 0xff,
  0xfc, 0xde, 0xe3, 0xff, 0xfc, 0xdb, 0xe1, 0xff, 0xfd, 0xe0, 0xe6, 0xff,
  0xf8, 0x84, 0x99, 0xff, 0xf3, 0x21, 0x49, 0xff, 0xf8, 0x7d, 0x95, 0xff,
  0xfd, 0xdc, 0xe2, 0xff, 0xfd, 0xfb, 0xfb, 0xff, 0xfc, 0xda, 0xe1, 0xff,
  0xfe, 0xfe, 0xfe, 0xff, 0xfe, 0xfe, 0xfe, 0xff, 0xfe, 0xfe, 0xfe, 0xff,
  0xfe, 0xfe, 0xfe, 0xff, 0xfe, 0xfe, 0xff, 0xff, 0xfe, 0xfe, 0xfe, 0xff,
  0xfe, 0xfe, 0xfe, 0xff, 0xfe, 0xfe, 0xfe, 0xff, 0xfe, 0xfe, 0xfe, 0xff,
  0xfe, 0xfe, 0xfe, 0xff, 0xfe, 0xfe, 0xfe, 0xff, 0xfe, 0xfe, 0xfe, 0xff,
  0xfe, 0xfe, 0xfe, 0xff, 0xfe, 0xfe, 0xfe, 0xff, 0xfe, 0xfe, 0xfe, 0xff,
  0xfe, 0xfe, 0xfe, 0xff, 0xfe, 0xfe, 0xfe, 0xff, 0xfe, 0xfe, 0xfe, 0xff,
  0xfe, 0xfe, 0xfe, 0xff, 0xfe, 0xfe, 0xfe, 0xff, 0xfe, 0xfe, 0xfe, 0xff,
  0xfe, 0xfe, 0xfe, 0xff, 0xfe, 0xfe, 0xfe, 0xff, 0xfe, 0xfe, 0xfe, 0xff,
  0xfe, 0xfe, 0xfe, 0xff, 0xfe, 0xfe, 0xfe, 0xff, 0xfe, 0xfe, 0xfe, 0xff,
  0xff, 0xff, 0xff, 0xff, 0xf5, 0xf1, 0xf1, 0xff, 0xf6, 0xf4, 0xf4, 0xff,
  0xfe, 0xfe, 0xfe, 0xff, 0xfe, 0xfe, 0xfe, 0xff, 0xfe, 0xfe, 0xfe, 0x00,
  0xfe, 0xfe, 0xfe, 0x00, 0xfe, 0xfe, 0xfe, 0xff, 0xfd, 0xfd, 0xfd, 0xff,
  0xf5, 0xf3, 0xf3, 0xff, 0xf7, 0xf4, 0xf4, 0xff, 0xff, 0xff, 0xff, 0xff,
  0xfe, 0xfe, 0xfe, 0xff, 0xfd, 0xfe, 0xfe, 0xff, 0xfe, 0xfe, 0xfe, 0xff,
  0xfe, 0xfe, 0xfe, 0xff, 0xfe, 0xfe, 0xfe, 0xff, 0xfe, 0xfe, 0xff, 0xff,
  0xfe, 0xfe, 0xfe, 0xff, 0xfe, 0xfe, 0xfe, 0xff, 0xfe, 0xfe, 0xfe, 0xff,
  0xfe, 0xfe, 0xfe, 0xff, 0xfe, 0xfe, 0xfe, 0xff, 0xfe, 0xfe, 0xfe, 0xff,
  0xfe, 0xfe, 0xfe, 0xff, 0xfd, 0xfe, 0xfe, 0xff, 0xfe, 0xfe, 0xfe, 0xff,
  0xfe, 0xfe, 0xfe, 0xff, 0xfe, 0xfe, 0xfe, 0xff, 0xfe, 0xfe, 0xfe, 0xff,
  0xfe, 0xfe, 0xfe, 0xff, 0xfe, 0xfe, 0xfe, 0xff, 0xfe, 0xfe, 0xfe, 0xff,
  0xfe, 0xfe, 0xfe, 0xff, 0xfe, 0xfe, 0xfe, 0xff, 0xfe, 0xfe, 0xfe, 0xff,
  0xfe, 0xfe, 0xfe, 0xff, 0xfe, 0xfe, 0xff, 0xff, 0xfd, 0xf7, 0xf4, 0xff,
  0xfd, 0xf8, 0xf5, 0xff, 0xfe, 0xff, 0xff, 0xff, 0xff, 0xff, 0xff, 0xff,
  0xfd, 0xe8, 0xdb, 0xff, 0xfd, 0xc0, 0x98, 0xff, 0xff, 0xff, 0xff, 0xff,
  0xfe, 0xff, 0xff, 0xff, 0xfe, 0xff, 0xff, 0xff, 0xfe, 0xff, 0xff, 0xff,
  0xfe, 0xff, 0xff, 0xff, 0xfe, 0xff, 0xff, 0xff, 0xfe, 0xff, 0xff, 0xff,
  0xfe, 0xff, 0xff, 0xff, 0xfe, 0xff, 0xff, 0xff, 0xff, 0xff, 0xff, 0xff,
  0xfe, 0xff, 0xff, 0xff, 0xfe, 0xff, 0xff, 0xff, 0xff, 0xff, 0xff, 0xff,
  0xff, 0xff, 0xff, 0xff, 0xff, 0xff, 0xff, 0xff, 0xff, 0xff, 0xff, 0xff,
  0xfe, 0xff, 0xff, 0xff, 0xfe, 0xff, 0xff, 0xff, 0xff, 0xff, 0xff, 0xff,
  0xff, 0xff, 0xff, 0xff, 0xff, 0xff, 0xff, 0xff, 0xff, 0xff, 0xff, 0xff,
  0xff, 0xff, 0xff, 0xff, 0xfe, 0xff, 0xff, 0xff, 0xfe, 0xff, 0xff, 0xff,
  0xfe, 0xff, 0xff, 0xff, 0xfe, 0xff, 0xff, 0xff, 0xfe, 0xff, 0xff, 0xff,
  0xfe, 0xff, 0xff, 0xff, 0xfe, 0xff, 0xff, 0xff, 0xff, 0xff, 0xff, 0xff,
  0xfc, 0xc2, 0xcc, 0xff, 0xfb, 0xbc, 0xc7, 0xff, 0xff, 0xff, 0xff, 0xff,
  0xfe, 0xff, 0xff, 0xff, 0xfe, 0xfe, 0xfe, 0xff, 0xfe, 0xfb, 0xfc, 0xff,
  0xfe, 0xfe, 0xfe, 0xff, 0xfe, 0xfe, 0xfe, 0xff, 0xfe, 0xfe, 0xfe, 0xff,
  0xfe, 0xfe, 0xfe, 0xff, 0xfe, 0xfe, 0xfe, 0xff, 0xfe, 0xfe, 0xfe, 0xff,
  0xfe, 0xfe, 0xfe, 0xff, 0xfe, 0xfe, 0xfe, 0xff, 0xfe, 0xfe, 0xfe, 0xff,
  0xfe, 0xfe, 0xfe, 0xff, 0xfe, 0xfe, 0xfe, 0xff, 0xfe, 0xfe, 0xfe, 0xff,
  0xfe, 0xfe, 0xfe, 0xff, 0xfe, 0xfe, 0xfe, 0xff, 0xfe, 0xfe, 0xfe, 0xff,
  0xfe, 0xfe, 0xfe, 0xff, 0xfe, 0xfe, 0xfe, 0xff, 0xfe, 0xfe, 0xfe, 0xff,
  0xfe, 0xfe, 0xfe, 0xff, 0xfe, 0xfe, 0xfe, 0xff, 0xfe, 0xfe, 0xfe, 0xff,
  0xfe, 0xfe, 0xfe, 0xff, 0xfe, 0xfe, 0xfe, 0xff, 0xfe, 0xfe, 0xfe, 0xff,
  0xfe, 0xfe, 0xfe, 0xff, 0xfe, 0xfe, 0xfe, 0xff, 0xfe, 0xfe, 0xfe, 0xff,
  0xff, 0xff, 0xff, 0xff, 0xf4, 0xf0, 0xef, 0xff, 0xf5, 0xf3, 0xf3, 0xff,
  0xfe, 0xfe, 0xfe, 0xff, 0xfe, 0xfe, 0xfe, 0xff, 0xfe, 0xfe, 0xfe, 0x00,
  0xfe, 0xfe, 0xfe, 0x00, 0xfe, 0xfe, 0xfe, 0xff, 0xfd, 0xfd, 0xfe, 0xff,
  0xf5, 0xf3, 0xf3, 0xff, 0xf7, 0xf4, 0xf4, 0xff, 0xff, 0xff, 0xff, 0xff,
  0xfe, 0xfe, 0xfe, 0xff, 0xfe, 0xfe, 0xfe, 0xff, 0xfe, 0xfe, 0xfe, 0xff,
  0xfe, 0xfe, 0xfe, 0xff, 0xfe, 0xfe, 0xfe, 0xff, 0xfe, 0xfe, 0xfe, 0xff,
  0xfe, 0xfe, 0xfe, 0xff, 0xfe, 0xfe, 0xfe, 0xff, 0xfe, 0xfe, 0xfe, 0xff,
  0xfe, 0xfe, 0xfe, 0xff, 0xfe, 0xfe, 0xfe, 0xff, 0xfe, 0xfe, 0xfe, 0xff,
  0xfe, 0xfe, 0xfe, 0xff, 0xfe, 0xfe, 0xfe, 0xff, 0xfe, 0xfe, 0xfe, 0xff,
  0xfe, 0xfe, 0xfe, 0xff, 0xfe, 0xfe, 0xfe, 0xff, 0xfe, 0xfe, 0xfe, 0xff,
  0xfe, 0xfe, 0xfe, 0xff, 0xfe, 0xfe, 0xfe, 0xff, 0xfe, 0xfe, 0xfe, 0xff,
  0xfe, 0xfe, 0xfe, 0xff, 0xfe, 0xfe, 0xfe, 0xff, 0xfe, 0xfe, 0xfe, 0xff,
  0xfe, 0xfc, 0xfb, 0xff, 0xfe, 0xff, 0xff, 0xff, 0xfd, 0xce, 0xaa, 0xff,
  0xfe, 0xd9, 0xbc, 0xff, 0xfe, 0xff, 0xfe, 0xff, 0xfe, 0xfa, 0xf8, 0xff,
  0xfe, 0xff, 0xff, 0xff, 0xfe, 0xff, 0xff, 0xff, 0xfe, 0xfd, 0xfc, 0xff,
  0xfe, 0xfd, 0xfd, 0xff, 0xfe, 0xfd, 0xfc, 0xff, 0xfe, 0xfd, 0xfc, 0xff,
  0xfe, 0xfd, 0xfd, 0xff, 0xfe, 0xfd, 0xfd, 0xff, 0xfe, 0xfd, 0xfc, 0xff,
  0xfe, 0xfd, 0xfc, 0xff, 0xfe, 0xfd, 0xfc, 0xff, 0xfe, 0xfd, 0xfd, 0xff,
  0xfe, 0xfd, 0xfd, 0xff, 0xfe, 0xfd, 0xfc, 0xff, 0xfe, 0xfd, 0xfd, 0xff,
  0xfe, 0xfd, 0xfc, 0xff, 0xfe, 0xfd, 0xfd, 0xff, 0xfe, 0xfd, 0xfd, 0xff,
  0xfe, 0xfd, 0xfd, 0xff, 0xfe, 0xfd, 0xfd, 0xff, 0xfe, 0xfd, 0xfd, 0xff,
  0xfe, 0xfd, 0xfd, 0xff, 0xfe, 0xfd, 0xfd, 0xff, 0xfe, 0xfd, 0xfd, 0xff,
  0xfe, 0xfd, 0xfd, 0xff, 0xfe, 0xfd, 0xfd, 0xff, 0xfe, 0xfc, 0xfd, 0xff,
  0xfe, 0xfd, 0xfd, 0xff, 0xfe, 0xfd, 0xfd, 0xff, 0xfe, 0xfd, 0xfd, 0xff,
  0xfe, 0xfd, 0xfd, 0xff, 0xfe, 0xfd, 0xfd, 0xff, 0xfe, 0xfd, 0xfd, 0xff,
  0xfe, 0xff, 0xff, 0xff, 0xff, 0xff, 0xff, 0xff, 0xfe, 0xfc, 0xfd, 0xff,
  0xfe, 0xfe, 0xfe, 0xff, 0xfd, 0xf9, 0xfa, 0xff, 0xfb, 0xaa, 0xbb, 0xff,
  0xfe, 0xff, 0xfe, 0xff, 0xfe, 0xfe, 0xfe, 0xff, 0xfe, 0xfe, 0xfe, 0xff,
  0xfe, 0xfe, 0xfe, 0xff, 0xfe, 0xfe, 0xfe, 0xff, 0xfe, 0xfe, 0xfe, 0xff,
  0xfe, 0xfe, 0xfe, 0xff, 0xfe, 0xfe, 0xfe, 0xff, 0xfe, 0xfe, 0xfe, 0xff,
  0xfe, 0xfe, 0xfe, 0xff, 0xfe, 0xfe, 0xfe, 0xff, 0xfe, 0xfe, 0xfe, 0xff,
  0xfe, 0xfe, 0xfe, 0xff, 0xfe, 0xfe, 0xfe, 0xff, 0xfe, 0xfe, 0xfe, 0xff,
  0xfe, 0xfe, 0xfe, 0xff, 0xfe, 0xfe, 0xfe, 0xff, 0xfe, 0xfe, 0xfe, 0xff,
  0xfe, 0xfe, 0xfe, 0xff, 0xfe, 0xfe, 0xfe, 0xff, 0xfe, 0xfe, 0xfe, 0xff,
  0xfe, 0xfe, 0xfe, 0xff, 0xfe, 0xfe, 0xfe, 0xff, 0xfe, 0xfe, 0xfe, 0xff,
  0xfe, 0xfe, 0xfe, 0xff, 0xfe, 0xfe, 0xfe, 0xff, 0xfe, 0xfe, 0xfe, 0xff,
  0xff, 0xff, 0xff, 0xff, 0xf4, 0xf0, 0xef, 0xff, 0xf5, 0xf3, 0xf2, 0xff,
  0xfe, 0xfe, 0xfe, 0xff, 0xfe, 0xfe, 0xfe, 0xff, 0xfe, 0xfe, 0xfe, 0x00,
  0xfe, 0xfe, 0xfe, 0x00, 0xfe, 0xfe, 0xfe, 0xff, 0xfd, 0xfd, 0xfe, 0xff,
  0xf5, 0xf2, 0xf2, 0xff, 0xf7, 0xf4, 0xf3, 0xff, 0xff, 0xff, 0xff, 0xff,
  0xfd, 0xfe, 0xfe, 0xff, 0xfe, 0xfe, 0xfe, 0xff, 0xfe, 0xfe, 0xfe, 0xff,
  0xfe, 0xfe, 0xfe, 0xff, 0xfe, 0xfe, 0xfe, 0xff, 0xfe, 0xfe, 0xfe, 0xff,
  0xfe, 0xfe, 0xfe, 0xff, 0xfe, 0xfe, 0xfe, 0xff, 0xfe, 0xfe, 0xfe, 0xff,
  0xfe, 0xfe, 0xfe, 0xff, 0xfe, 0xfe, 0xfe, 0xff, 0xfe, 0xfe, 0xfe, 0xff,
  0xfe, 0xfe, 0xfe, 0xff, 0xfe, 0xfe, 0xfe, 0xff, 0xfe, 0xfe, 0xfe, 0xff,
  0xfe, 0xfe, 0xfe, 0xff, 0xfe, 0xfe, 0xfe, 0xff, 0xfe, 0xfe, 0xfe, 0xff,
  0xfe, 0xfe, 0xfe, 0xff, 0xfe, 0xfe, 0xfe, 0xff, 0xfe, 0xfe, 0xfe, 0xff,
  0xfe, 0xfe, 0xfe, 0xff, 0xfe, 0xfe, 0xfe, 0xff, 0xfe, 0xfe, 0xfe, 0xff,
  0xfe, 0xfc, 0xfb, 0xff, 0xfe, 0xff, 0xff, 0xff, 0xfd, 0xc9, 0xa1, 0xff,
  0xfe, 0xd3, 0xb5, 0xff, 0xfe, 0xff, 0xff, 0xff, 0xfe, 0xfc, 0xfb, 0xff,
  0xfe, 0xfd, 0xfc, 0xff, 0xfe, 0xfc, 0xfb, 0xff, 0xfe, 0xfe, 0xfe, 0xff,
  0xfe, 0xfe, 0xfe, 0xff, 0xfe, 0xfe, 0xfe, 0xff, 0xfe, 0xfe, 0xfe, 0xff,
  0xfe, 0xfe, 0xfe, 0xff, 0xfe, 0xfe, 0xfe, 0xff, 0xfe, 0xfe, 0xfe, 0xff,
  0xfe, 0xfe, 0xfe, 0xff, 0xfe, 0xfe, 0xfe, 0xff, 0xfe, 0xfe, 0xfe, 0xff,
  0xfe, 0xfe, 0xfe, 0xff, 0xfe, 0xfe, 0xfe, 0xff, 0xfe, 0xfe, 0xfe, 0xff,
  0xfe, 0xfe, 0xfe, 0xff, 0xfe, 0xfe, 0xfe, 0xff, 0xfe, 0xfe, 0xfe, 0xff,
  0xfe, 0xfe, 0xfe, 0xff, 0xfe, 0xfe, 0xfe, 0xff, 0xfe, 0xfe, 0xfe, 0xff,
  0xfe, 0xfe, 0xfe, 0xff, 0xfe, 0xfe, 0xfe, 0xff, 0xfd, 0xfe, 0xfe, 0xff,
  0xfe, 0xfe, 0xfe, 0xff, 0xfe, 0xfe, 0xfe, 0xff, 0xfe, 0xfe, 0xfe, 0xff,
  0xfe, 0xfe, 0xfe, 0xff, 0xfe, 0xfe, 0xfe, 0xff, 0xfe, 0xfe, 0xfe, 0xff,
  0xfe, 0xfe, 0xfe, 0xff, 0xfe, 0xfe, 0xfe, 0xff, 0xfe, 0xfe, 0xfe, 0xff,
  0xfe, 0xfd, 0xfd, 0xff, 0xfe, 0xfc, 0xfc, 0xff, 0xfe, 0xfe, 0xfe, 0xff,
  0xfe, 0xff, 0xff, 0xff, 0xfd, 0xf6, 0xf7, 0xff, 0xf9, 0x94, 0xa7, 0xff,
  0xfe, 0xff, 0xff, 0xff, 0xfe, 0xfe, 0xfe, 0xff, 0xfe, 0xfe, 0xfe, 0xff,
  0xfe, 0xfe, 0xfe, 0xff, 0xfe, 0xfe, 0xfe, 0xff, 0xfe, 0xfe, 0xfe, 0xff,
  0xfe, 0xfe, 0xfe, 0xff, 0xfe, 0xfe, 0xfe, 0xff, 0xfe, 0xfe, 0xfe, 0xff,
  0xfe, 0xfe, 0xfe, 0xff, 0xfe, 0xfe, 0xfe, 0xff, 0xfe, 0xfe, 0xfe, 0xff,
  0xfe, 0xfe, 0xfe, 0xff, 0xfe, 0xfe, 0xfe, 0xff, 0xfe, 0xfe, 0xfe, 0xff,
  0xfe, 0xfe, 0xfe, 0xff, 0xfe, 0xfe, 0xfe, 0xff, 0xfe, 0xfe, 0xfe, 0xff,
  0xfe, 0xfe, 0xfe, 0xff, 0xfe, 0xfe, 0xfe, 0xff, 0xfe, 0xfe, 0xfe, 0xff,
  0xfe, 0xfe, 0xfe, 0xff, 0xfe, 0xfe, 0xfe, 0xff, 0xfe, 0xfe, 0xfe, 0xff,
  0xfe, 0xfe, 0xfe, 0xff, 0xfe, 0xfe, 0xfe, 0xff, 0xfe, 0xfe, 0xfe, 0xff,
  0xff, 0xff, 0xff, 0xff, 0xf4, 0xf0, 0xf0, 0xff, 0xf5, 0xf2, 0xf2, 0xff,
  0xfe, 0xfe, 0xfe, 0xff, 0xfe, 0xfe, 0xfe, 0xff, 0xfe, 0xfe, 0xfe, 0x00,
  0xfe, 0xfe, 0xfe, 0xff, 0xfe, 0xfe, 0xfe, 0xff, 0xfd, 0xfd, 0xfd, 0xff,
  0xf5, 0xf2, 0xf2, 0xff, 0xf7, 0xf4, 0xf3, 0xff, 0xff, 0xff, 0xff, 0xff,
  0xfd, 0xfd, 0xfe, 0xff, 0xfd, 0xfe, 0xfe, 0xff, 0xfe, 0xfe, 0xfe, 0xff,
  0xfe, 0xfe, 0xfe, 0xff, 0xfe, 0xfe, 0xfe, 0xff, 0xfe, 0xfe, 0xfe, 0xff,
  0xfe, 0xfe, 0xfe, 0xff, 0xfe, 0xfe, 0xfe, 0xff, 0xfe, 0xfe, 0xfe, 0xff,
  0xfe, 0xfe, 0xfe, 0xff, 0xfd, 0xfe, 0xfe, 0xff, 0xfe, 0xfe, 0xfe, 0xff,
  0xfe, 0xfd, 0xfd, 0xff, 0xfd, 0xfb, 0xfb, 0xff, 0xfd, 0xfc, 0xfb, 0xff,
  0xfd, 0xfc, 0xfb, 0xff, 0xfd, 0xfc, 0xfb, 0xff, 0xfe, 0xfd, 0xfc, 0xff,
  0xfe, 0xfe, 0xfe, 0xff, 0xfe, 0xfe, 0xfe, 0xff, 0xfe, 0xfe, 0xfe, 0xff,
  0xfe, 0xfe, 0xfe, 0xff, 0xfe, 0xfe, 0xfe, 0xff, 0xfe, 0xfe, 0xfe, 0xff,
  0xfe, 0xfd, 0xfd, 0xff, 0xfe, 0xff, 0xff, 0xff, 0xfe, 0xe9, 0xda, 0xff,
  0xfe, 0xee, 0xe2, 0xff, 0xfe, 0xff, 0xff, 0xff, 0xfe, 0xfe, 0xfd, 0xff,
  0xfe, 0xfe, 0xfe, 0xff, 0xfe, 0xfe, 0xfe, 0xff, 0xfe, 0xfe, 0xfe, 0xff,
  0xfe, 0xfe, 0xfe, 0xff, 0xfe, 0xfe, 0xfe, 0xff, 0xfe, 0xfe, 0xfe, 0xff,
  0xfe, 0xfc, 0xfc, 0xff, 0xfd, 0xfc, 0xfb, 0xff, 0xfd, 0xfc, 0xfb, 0xff,
  0xfd, 0xfc, 0xfb, 0xff, 0xfd, 0xfc, 0xfb, 0xff, 0xfe, 0xfd, 0xfe, 0xff,
  0xfe, 0xfe, 0xfe, 0xff, 0xfe, 0xfe, 0xfe, 0xff, 0xfe, 0xfe, 0xfe, 0xff,
  0xfe, 0xfe, 0xfe, 0xff, 0xfe, 0xfe, 0xfe, 0xff, 0xfe, 0xfe, 0xfe, 0xff,
  0xfe, 0xfc, 0xfc, 0xff, 0xfd, 0xfb, 0xfb, 0xff, 0xfe, 0xfb, 0xfc, 0xff,
  0xfe, 0xfb, 0xfc, 0xff, 0xfe, 0xfb, 0xfc, 0xff, 0xfe, 0xfe, 0xfe, 0xff,
  0xfe, 0xfe, 0xfe, 0xff, 0xfe, 0xfe, 0xfe, 0xff, 0xfe, 0xfe, 0xfe, 0xff,
  0xfe, 0xfe, 0xfe, 0xff, 0xfe, 0xfe, 0xfe, 0xff, 0xfe, 0xfe, 0xfe, 0xff,
  0xfe, 0xfe, 0xfe, 0xff, 0xfe, 0xfe, 0xfe, 0xff, 0xfe, 0xfe, 0xfe, 0xff,
  0xfe, 0xfe, 0xfe, 0xff, 0xfe, 0xfe, 0xfe, 0xff, 0xfe, 0xfe, 0xfe, 0xff,
  0xfe, 0xfe, 0xfe, 0xff, 0xfe, 0xfb, 0xfc, 0xff, 0xfd, 0xd7, 0xde, 0xff,
  0xfe, 0xfe, 0xfe, 0xff, 0xfe, 0xfe, 0xfe, 0xff, 0xfe, 0xfe, 0xfe, 0xff,
  0xfe, 0xfe, 0xfe, 0xff, 0xfe, 0xfb, 0xfc, 0xff, 0xfe, 0xfb, 0xfc, 0xff,
  0xfe, 0xfb, 0xfc, 0xff, 0xfe, 0xfb, 0xfc, 0xff, 0xfe, 0xfb, 0xfc, 0xff,
  0xfe, 0xfe, 0xfe, 0xff, 0xfe, 0xfe, 0xfe, 0xff, 0xfe, 0xfd, 0xfd, 0xff,
  0xfe, 0xfb, 0xfc, 0xff, 0xfe, 0xfd, 0xfe, 0xff, 0xfe, 0xfd, 0xfe, 0xff,
  0xfe, 0xfb, 0xfc, 0xff, 0xfe, 0xfd, 0xfd, 0xff, 0xfe, 0xfe, 0xfd, 0xff,
  0xfe, 0xfb, 0xfc, 0xff, 0xfe, 0xfd, 0xfd, 0xff, 0xfe, 0xfe, 0xfe, 0xff,
  0xfe, 0xfe, 0xfe, 0xff, 0xfe, 0xfe, 0xfe, 0xff, 0xfe, 0xfe, 0xfe, 0xff,
  0xfe, 0xfe, 0xfe, 0xff, 0xfe, 0xfe, 0xfe, 0xff, 0xfe, 0xfe, 0xfe, 0xff,
  0xff, 0xff, 0xff, 0xff, 0xf4, 0xf1, 0xf0, 0xff, 0xf5, 0xf3, 0xf2, 0xff,
  0xfe, 0xfe, 0xfe, 0xff, 0xfe, 0xfe, 0xfe, 0xff, 0xfe, 0xfe, 0xfe, 0xff,
  0xfe, 0xfe, 0xfe, 0xff, 0xfe, 0xfe, 0xfe, 0xff, 0xfd, 0xfd, 0xfd, 0xff,
  0xf5, 0xf2, 0xf2, 0xff, 0xf7, 0xf3, 0xf3, 0xff, 0xff, 0xff, 0xff, 0xff,
  0xfe, 0xfe, 0xfe, 0xff, 0xfe, 0xfe, 0xfe, 0xff, 0xfe, 0xfe, 0xfe, 0xff,
  0xfe, 0xfe, 0xfe, 0xff, 0xfe, 0xfe, 0xfe, 0xff, 0xfe, 0xfe, 0xfe, 0xff,
  0xfe, 0xfe, 0xfe, 0xff, 0xfe, 0xfe, 0xfe, 0xff, 0xfe, 0xfe, 0xfe, 0xff,
  0xfe, 0xfe, 0xfe, 0xff, 0xfe, 0xfe, 0xfe, 0xff, 0xfe, 0xfe, 0xfe, 0xff,
  0xff, 0xff, 0xff, 0xff, 0xff, 0xff, 0xff, 0xff, 0xff, 0xff, 0xff, 0xff,
  0xff, 0xff, 0xff, 0xff, 0xff, 0xff, 0xff, 0xff, 0xff, 0xff, 0xff, 0xff,
  0xfe, 0xfe, 0xfe, 0xff, 0xfe, 0xfe, 0xfe, 0xff, 0xfe, 0xfe, 0xfe, 0xff,
  0xfe, 0xfe, 0xfe, 0xff, 0xfe, 0xfe, 0xfe, 0xff, 0xfe, 0xfe, 0xfe, 0xff,
  0xfe, 0xfe, 0xff, 0xff, 0xfe, 0xfe, 0xfe, 0xff, 0xfe, 0xff, 0xff, 0xff,
  0xfe, 0xff, 0xff, 0xff, 0xfe, 0xfe, 0xfe, 0xff, 0xfe, 0xfe, 0xfe, 0xff,
  0xfe, 0xfe, 0xfe, 0xff, 0xfe, 0xfe, 0xff, 0xff, 0xfe, 0xfe, 0xff, 0xff,
  0xfe, 0xfe, 0xfe, 0xff, 0xfe, 0xfe, 0xfe, 0xff, 0xfe, 0xfe, 0xfe, 0xff,
  0xff, 0xff, 0xff, 0xff, 0xff, 0xff, 0xff, 0xff, 0xff, 0xff, 0xff, 0xff,
  0xff, 0xff, 0xff, 0xff, 0xff, 0xff, 0xff, 0xff, 0xfe, 0xff, 0xff, 0xff,
  0xfe, 0xfe, 0xfe, 0xff, 0xfe, 0xfe, 0xfe, 0xff, 0xfe, 0xfe, 0xfe, 0xff,
  0xfe, 0xfe, 0xfe, 0xff, 0xfe, 0xfe, 0xfe, 0xff, 0xfe, 0xfe, 0xfe, 0xff,
  0xff, 0xff, 0xff, 0xff, 0xff, 0xff, 0xff, 0xff, 0xff, 0xff, 0xff, 0xff,
  0xff, 0xff, 0xff, 0xff, 0xff, 0xff, 0xff, 0xff, 0xfe, 0xff, 0xff, 0xff,
  0xfe, 0xfe, 0xfe, 0xff, 0xfd, 0xfe, 0xfe, 0xff, 0xfe, 0xfe, 0xfe, 0xff,
  0xfe, 0xfe, 0xfe, 0xff, 0xfe, 0xfe, 0xfe, 0xff, 0xfe, 0xfe, 0xfe, 0xff,
  0xfe, 0xfe, 0xfe, 0xff, 0xfe, 0xfe, 0xfe, 0xff, 0xfe, 0xfe, 0xfe, 0xff,
  0xfe, 0xfe, 0xfe, 0xff, 0xfe, 0xfe, 0xfe, 0xff, 0xfe, 0xfe, 0xfe, 0xff,
  0xfe, 0xfe, 0xfe, 0xff, 0xfe, 0xff, 0xff, 0xff, 0xfe, 0xff, 0xff, 0xff,
  0xfe, 0xfe, 0xfe, 0xff, 0xfe, 0xfe, 0xfe, 0xff, 0xfe, 0xfe, 0xfe, 0xff,
  0xfe, 0xfe, 0xfe, 0xff, 0xff, 0xff, 0xff, 0xff, 0xff, 0xff, 0xff, 0xff,
  0xff, 0xff, 0xff, 0xff, 0xff, 0xff, 0xff, 0xff, 0xff, 0xff, 0xff, 0xff,
  0xfe, 0xff, 0xfe, 0xff, 0xfe, 0xfe, 0xfe, 0xff, 0xfe, 0xff, 0xff, 0xff,
  0xff, 0xff, 0xff, 0xff, 0xfe, 0xff, 0xff, 0xff, 0xfe, 0xff, 0xff, 0xff,
  0xff, 0xff, 0xff, 0xff, 0xfe, 0xff, 0xff, 0xff, 0xfe, 0xff, 0xff, 0xff,
  0xff, 0xff, 0xff, 0xff, 0xfe, 0xff, 0xff, 0xff, 0xfe, 0xfe, 0xfe, 0xff,
  0xfe, 0xfe, 0xfe, 0xff, 0xfe, 0xfe, 0xfe, 0xff, 0xfe, 0xfe, 0xfe, 0xff,
  0xfe, 0xfe, 0xfe, 0xff, 0xfe, 0xfe, 0xfe, 0xff, 0xfe, 0xfe, 0xfe, 0xff,
  0xff, 0xff, 0xff, 0xff, 0xf5, 0xf1, 0xf0, 0xff, 0xf5, 0xf3, 0xf3, 0xff,
  0xfd, 0xfe, 0xfe, 0xff, 0xfe, 0xfe, 0xfe, 0xff, 0xfe, 0xfe, 0xfe, 0xff,
  0xfe, 0xfe, 0xfe, 0xff, 0xfe, 0xfe, 0xfe, 0xff, 0xfd, 0xfd, 0xfe, 0xff,
  0xf5, 0xf2, 0xf2, 0xff, 0xf7, 0xf3, 0xf3, 0xff, 0xff, 0xff, 0xff, 0xff,
  0xfd, 0xfd, 0xfe, 0xff, 0xfe, 0xfe, 0xfe, 0xff, 0xfe, 0xfe, 0xfe, 0xff,
  0xfe, 0xfe, 0xfe, 0xff, 0xfe, 0xfe, 0xfe, 0xff, 0xfe, 0xfe, 0xfe, 0xff,
  0xfe, 0xfe, 0xfe, 0xff, 0xfe, 0xfe, 0xfe, 0xff, 0xfe, 0xfe, 0xfe, 0xff,
  0xfe, 0xfe, 0xfe, 0xff, 0xfe, 0xfd, 0xfd, 0xff, 0xfe, 0xfe, 0xfe, 0xff,
  0xfa, 0xee, 0xea, 0xff, 0xde, 0x8a, 0x64, 0xff, 0xd9, 0x78, 0x49, 0xff,
  0xda, 0x7c, 0x4e, 0xff, 0xd7, 0x71, 0x47, 0xff, 0xec, 0xbe, 0xaa, 0xff,
  0xff, 0xff, 0xff, 0xff, 0xfd, 0xfc, 0xfc, 0xff, 0xfe, 0xfe, 0xfe, 0xff,
  0xfe, 0xfe, 0xfe, 0xff, 0xfe, 0xfe, 0xfe, 0xff, 0xfe, 0xfd, 0xfd, 0xff,
  0xfd, 0xfb, 0xfb, 0xff, 0xfd, 0xfb, 0xfa, 0xff, 0xfd, 0xfa, 0xf9, 0xff,
  0xfd, 0xfb, 0xf9, 0xff, 0xfd, 0xfb, 0xfa, 0xff, 0xfd, 0xfb, 0xfb, 0xff,
  0xfe, 0xfd, 0xfd, 0xff, 0xfe, 0xfe, 0xfe, 0xff, 0xfe, 0xfe, 0xfe, 0xff,
  0xfe, 0xfe, 0xfe, 0xff, 0xfe, 0xfc, 0xfc, 0xff, 0xff, 0xff, 0xff, 0xff,
  0xe9, 0xae, 0x94, 0xff, 0xda, 0x70, 0x47, 0xff, 0xda, 0x7a, 0x4e, 0xff,
  0xd8, 0x72, 0x47, 0xff, 0xe6, 0x95, 0x71, 0xff, 0xfd, 0xf7, 0xf5, 0xff,
  0xfe, 0xfe, 0xfe, 0xff, 0xfe, 0xfe, 0xfe, 0xff, 0xfe, 0xfe, 0xfe, 0xff,
  0xfe, 0xfe, 0xfe, 0xff, 0xfe, 0xfc, 0xfd, 0xff, 0xff, 0xff, 0xff, 0xff,
  0xf5, 0xae, 0xba, 0xff, 0xea, 0x51, 0x6f, 0xff, 0xec, 0x59, 0x76, 0xff,
  0xea, 0x54, 0x72, 0xff, 0xed, 0x64, 0x80, 0xff, 0xfd, 0xf0, 0xf3, 0xff,
  0xfe, 0xff, 0xff, 0xff, 0xfe, 0xfd, 0xfd, 0xff, 0xfe, 0xfe, 0xfe, 0xff,
  0xfe, 0xfe, 0xfe, 0xff, 0xfe, 0xfe, 0xfe, 0xff, 0xfe, 0xfe, 0xfe, 0xff,
  0xfe, 0xfe, 0xfe, 0xff, 0xfe, 0xfe, 0xfe, 0xff, 0xfe, 0xfe, 0xfe, 0xff,
  0xfe, 0xfe, 0xfe, 0xff, 0xfe, 0xfe, 0xfe, 0xff, 0xfe, 0xfe, 0xfe, 0xff,
  0xfe, 0xfe, 0xfe, 0xff, 0xfe, 0xfe, 0xfe, 0xff, 0xfe, 0xfc, 0xfd, 0xff,
  0xfe, 0xfe, 0xfe, 0xff, 0xfe, 0xfe, 0xfe, 0xff, 0xfe, 0xfe, 0xfe, 0xff,
  0xfe, 0xfd, 0xfe, 0xff, 0xf2, 0x7e, 0x97, 0xff, 0xee, 0x53, 0x75, 0xff,
  0xef, 0x5f, 0x7f, 0xff, 0xef, 0x53, 0x77, 0xff, 0xf7, 0x96, 0xad, 0xff,
  0xfe, 0xfd, 0xfe, 0xff, 0xfe, 0xfe, 0xfe, 0xff, 0xfd, 0xe1, 0xe8, 0xff,
  0xfb, 0xa8, 0xbc, 0xff, 0xfe, 0xe8, 0xee, 0xff, 0xfd, 0xea, 0xee, 0xff,
  0xf9, 0xa0, 0xb5, 0xff, 0xfd, 0xe3, 0xea, 0xff, 0xfd, 0xed, 0xf1, 0xff,
  0xfa, 0xa3, 0xb8, 0xff, 0xfd, 0xdc, 0xe4, 0xff, 0xfe, 0xff, 0xff, 0xff,
  0xfe, 0xfd, 0xfd, 0xff, 0xfe, 0xfe, 0xfe, 0xff, 0xfe, 0xfe, 0xfe, 0xff,
  0xfe, 0xfe, 0xfe, 0xff, 0xfe, 0xfe, 0xfe, 0xff, 0xfe, 0xfe, 0xfe, 0xff,
  0xff, 0xff, 0xff, 0xff, 0xf5, 0xf1, 0xf1, 0xff, 0xf5, 0xf3, 0xf3, 0xff,
  0xfd, 0xfe, 0xfe, 0xff, 0xfe, 0xfe, 0xfe, 0xff, 0xfe, 0xfe, 0xfe, 0xff,
  0xfe, 0xfe, 0xfe, 0xff, 0xfe, 0xfe, 0xfe, 0xff, 0xfd, 0xfd, 0xfd, 0xff,
  0xf5, 0xf2, 0xf2, 0xff, 0xf7, 0xf4, 0xf3, 0xff, 0xff, 0xff, 0xff, 0xff,
  0xfd, 0xfd, 0xfe, 0xff, 0xfe, 0xfe, 0xfe, 0xff, 0xfe, 0xfe, 0xfe, 0xff,
  0xfe, 0xfe, 0xfe, 0xff, 0xfe, 0xfe, 0xfe, 0xff, 0xfe, 0xfe, 0xfe, 0xff,
  0xfe, 0xfe, 0xfe, 0xff, 0xfe, 0xfe, 0xfe, 0xff, 0xfe, 0xfe, 0xfe, 0xff,
  0xfe, 0xfe, 0xff, 0xff, 0xfd, 0xfb, 0xfa, 0xff, 0xff, 0xff, 0xff, 0xff,
  0xe2, 0x9b, 0x7b, 0xff, 0xd1, 0x63, 0x31, 0xff, 0xeb, 0xb7, 0x9d, 0xff,
  0xea, 0xb3, 0x98, 0xff, 0xe8, 0xaf, 0x98, 0xff, 0xf4, 0xdc, 0xd1, 0xff,
  0xfe, 0xfe, 0xff, 0xff, 0xfe, 0xfd, 0xfd, 0xff, 0xfe, 0xfe, 0xfe, 0xff,
  0xfd, 0xfc, 0xfb, 0xff, 0xfe, 0xfd, 0xfc, 0xff, 0xff, 0xff, 0xff, 0xff,
  0xff, 0xff, 0xff, 0xff, 0xff, 0xff, 0xff, 0xff, 0xff, 0xff, 0xff, 0xff,
  0xff, 0xff, 0xff, 0xff, 0xff, 0xff, 0xff, 0xff, 0xff, 0xff, 0xff, 0xff,
  0xff, 0xff, 0xff, 0xff, 0xfe, 0xfd, 0xfc, 0xff, 0xfd, 0xfc, 0xfb, 0xff,
  0xfe, 0xfe, 0xfe, 0xff, 0xfe, 0xfd, 0xfd, 0xff, 0xfe, 0xfe, 0xfe, 0xff,
  0xf2, 0xd1, 0xc3, 0xff, 0xeb, 0xaf, 0x98, 0xff, 0xe9, 0xb2, 0x99, 0xff,
  0xeb, 0xb4, 0x9c, 0xff, 0xd7, 0x5b, 0x24, 0xff, 0xeb, 0xb2, 0x9b, 0xff,
  0xff, 0xff, 0xff, 0xff, 0xfd, 0xfb, 0xfb, 0xff, 0xfe, 0xfe, 0xfe, 0xff,
  0xfe, 0xfd, 0xfd, 0xff, 0xff, 0xff, 0xff, 0xff, 0xfc, 0xec, 0xef, 0xff,
  0xe7, 0x2c, 0x4e, 0xff, 0xf2, 0x8e, 0xa1, 0xff, 0xf4, 0xa3, 0xb3, 0xff,
  0xf2, 0x9d, 0xad, 0xff, 0xf4, 0xa5, 0xb4, 0xff, 0xfd, 0xf4, 0xf6, 0xff,
  0xfe, 0xfb, 0xfc, 0xff, 0xfe, 0xfb, 0xfb, 0xff, 0xfe, 0xfb, 0xfc, 0xff,
  0xfd, 0xfb, 0xfc, 0xff, 0xfe, 0xfb, 0xfc, 0xff, 0xfe, 0xfb, 0xfc, 0xff,
  0xfe, 0xfb, 0xfc, 0xff, 0xfe, 0xfb, 0xfc, 0xff, 0xfe, 0xfb, 0xfc, 0xff,
  0xfe, 0xfb, 0xfc, 0xff, 0xfe, 0xfb, 0xfc, 0xff, 0xfe, 0xfb, 0xfc, 0xff,
  0xfe, 0xfb, 0xfc, 0xff, 0xfe, 0xfb, 0xfc, 0xff, 0xfd, 0xfb, 0xfc, 0xff,
  0xfe, 0xfb, 0xfc, 0xff, 0xfe, 0xfb, 0xfc, 0xff, 0xfe, 0xfb, 0xfc, 0xff,
  0xfe, 0xfa, 0xfb, 0xff, 0xf7, 0xb2, 0xc1, 0xff, 0xf5, 0x9d, 0xb0, 0xff,
  0xf6, 0xa5, 0xb7, 0xff, 0xf6, 0x9f, 0xb3, 0xff, 0xf0, 0x32, 0x5e, 0xff,
  0xfb, 0xce, 0xd8, 0xff, 0xff, 0xff, 0xff, 0xff, 0xfd, 0xec, 0xf0, 0xff,
  0xfc, 0xce, 0xd9, 0xff, 0xfe, 0xf2, 0xf5, 0xff, 0xfd, 0xf1, 0xf4, 0xff,
  0xfb, 0xd2, 0xdb, 0xff, 0xfd, 0xf1, 0xf4, 0xff, 0xfd, 0xf4, 0xf6, 0xff,
  0xfb, 0xcb, 0xd6, 0xff, 0xfd, 0xeb, 0xf0, 0xff, 0xfe, 0xfe, 0xfe, 0xff,
  0xfe, 0xfd, 0xfd, 0xff, 0xfe, 0xfe, 0xfe, 0xff, 0xfe, 0xfe, 0xfe, 0xff,
  0xfe, 0xfe, 0xfe, 0xff, 0xfe, 0xfe, 0xfe, 0xff, 0xfe, 0xfe, 0xfe, 0xff,
  0xff, 0xff, 0xff, 0xff, 0xf5, 0xf1, 0xf1, 0xff, 0xf5, 0xf3, 0xf3, 0xff,
  0xfd, 0xfe, 0xfe, 0xff, 0xfe, 0xfe, 0xfe, 0xff, 0xfe, 0xfe, 0xfe, 0xff,
  0xfe, 0xfe, 0xfe, 0xff, 0xfe, 0xfe, 0xfe, 0xff, 0xfd, 0xfd, 0xfe, 0xff,
  0xf5, 0xf2, 0xf2, 0xff, 0xf6, 0xf4, 0xf3, 0xff, 0xff, 0xff, 0xff, 0xff,
  0xfe, 0xfe, 0xfe, 0xff, 0xfe, 0xfe, 0xfe, 0xff, 0xfe, 0xfe, 0xfe, 0xff,
  0xfe, 0xfe, 0xfe, 0xff, 0xfe, 0xfe, 0xfe, 0xff, 0xfe, 0xfe, 0xfe, 0xff,
  0xfe, 0xfe, 0xfe, 0xff, 0xfe, 0xfe, 0xfe, 0xff, 0xfe, 0xfe, 0xfe, 0xff,
  0xfe, 0xfe, 0xfe, 0xff, 0xfd, 0xfb, 0xfa, 0xff, 0xff, 0xff, 0xff, 0xff,
  0xdf, 0x8f, 0x69, 0xff, 0xe8, 0xa6, 0x83, 0xff, 0xff, 0xff, 0xff, 0xff,
  0xff, 0xff, 0xff, 0xff, 0xff, 0xff, 0xff, 0xff, 0xff, 0xff, 0xff, 0xff,
  0xfe, 0xfe, 0xff, 0xff, 0xfe, 0xfd, 0xfc, 0xff, 0xfe, 0xfe, 0xfe, 0xff,
  0xff, 0xff, 0xff, 0xff, 0xff, 0xff, 0xff, 0xff, 0xf6, 0xe4, 0xdf, 0xff,
  0xe9, 0xbc, 0xad, 0xff, 0xe1, 0x9f, 0x87, 0xff, 0xe0, 0x95, 0x75, 0xff,
  0xdd, 0x92, 0x74, 0xff, 0xe1, 0x9f, 0x87, 0xff, 0xe8, 0xbc, 0xaf, 0xff,
  0xf5, 0xe4, 0xe1, 0xff, 0xff, 0xff, 0xff, 0xff, 0xff, 0xff, 0xff, 0xff,
  0xfe, 0xfe, 0xfe, 0xff, 0xfe, 0xfd, 0xfd, 0xff, 0xfe, 0xfe, 0xfe, 0xff,
  0xff, 0xff, 0xff, 0xff, 0xff, 0xff, 0xff, 0xff, 0xff, 0xff, 0xff, 0xff,
  0xff, 0xff, 0xff, 0xff, 0xdd, 0x89, 0x65, 0xff, 0xe6, 0xa5, 0x8a, 0xff,
  0xff, 0xff, 0xff, 0xff, 0xfd, 0xfb, 0xfb, 0xff, 0xfe, 0xfe, 0xfe, 0xff,
  0xfe, 0xfd, 0xfd, 0xff, 0xff, 0xff, 0xff, 0xff, 0xfb, 0xe2, 0xe7, 0xff,
  0xe9, 0x3f, 0x60, 0xff, 0xfe, 0xff, 0xff, 0xff, 0xff, 0xff, 0xff, 0xff,
  0xff, 0xff, 0xff, 0xff, 0xff, 0xff, 0xff, 0xff, 0xff, 0xff, 0xff, 0xff,
  0xff, 0xff, 0xff, 0xff, 0xff, 0xff, 0xff, 0xff, 0xff, 0xff, 0xff, 0xff,
  0xff, 0xff, 0xff, 0xff, 0xff, 0xff, 0xff, 0xff, 0xff, 0xff, 0xff, 0xff,
  0xff, 0xff, 0xff, 0xff, 0xff, 0xff, 0xff, 0xff, 0xff, 0xff, 0xff, 0xff,
  0xff, 0xff, 0xff, 0xff, 0xff, 0xff, 0xff, 0xff, 0xff, 0xff, 0xff, 0xff,
  0xff, 0xff, 0xff, 0xff, 0xff, 0xff, 0xff, 0xff, 0xff, 0xff, 0xff, 0xff,
  0xff, 0xff, 0xff, 0xff, 0xff, 0xff, 0xff, 0xff, 0xff, 0xff, 0xff, 0xff,
  0xff, 0xff, 0xff, 0xff, 0xff, 0xff, 0xff, 0xff, 0xff, 0xff, 0xff, 0xff,
  0xff, 0xff, 0xff, 0xff, 0xff, 0xff, 0xff, 0xff, 0xf3, 0x54, 0x77, 0xff,
  0xfa, 0xbf, 0xcb, 0xff, 0xff, 0xff, 0xff, 0xff, 0xfe, 0xff, 0xff, 0xff,
  0xfe, 0xff, 0xff, 0xff, 0xfe, 0xff, 0xff, 0xff, 0xfe, 0xff, 0xff, 0xff,
  0xfd, 0xd7, 0xe1, 0xff, 0xfe, 0xf6, 0xf8, 0xff, 0xfe, 0xff, 0xff, 0xff,
  0xff, 0xff, 0xff, 0xff, 0xfe, 0xff, 0xff, 0xff, 0xfe, 0xfe, 0xfe, 0xff,
  0xfe, 0xfe, 0xfe, 0xff, 0xfe, 0xfe, 0xfe, 0xff, 0xfd, 0xfe, 0xfe, 0xff,
  0xfe, 0xfe, 0xfe, 0xff, 0xfe, 0xfe, 0xfe, 0xff, 0xfe, 0xfe, 0xfe, 0xff,
  0xff, 0xff, 0xff, 0xff, 0xf5, 0xf1, 0xf0, 0xff, 0xf5, 0xf3, 0xf2, 0xff,
  0xfd, 0xfd, 0xfe, 0xff, 0xfe, 0xfe, 0xfe, 0xff, 0xfe, 0xfe, 0xfe, 0xff,
  0xfe, 0xfe, 0xfe, 0xff, 0xfe, 0xfe, 0xfe, 0xff, 0xfd, 0xfd, 0xfe, 0xff,
  0xf4, 0xf2, 0xf2, 0xff, 0xf6, 0xf3, 0xf3, 0xff, 0xff, 0xff, 0xff, 0xff,
  0xfe, 0xfd, 0xfe, 0xff, 0xfe, 0xfe, 0xfe, 0xff, 0xfe, 0xfe, 0xfe, 0xff,
  0xfe, 0xfe, 0xfe, 0xff, 0xfd, 0xfe, 0xfe, 0xff, 0xfe, 0xfe, 0xfe, 0xff,
  0xfe, 0xfe, 0xfe, 0xff, 0xfe, 0xfe, 0xfe, 0xff, 0xfe, 0xfe, 0xfe, 0xff,
  0xfe, 0xfe, 0xfe, 0xff, 0xfd, 0xfb, 0xfa, 0xff, 0xff, 0xff, 0xff, 0xff,
  0xe0, 0x93, 0x6f, 0xff, 0xe4, 0x9c, 0x77, 0xff, 0xfe, 0xfc, 0xfc, 0xff,
  0xfc, 0xf8, 0xf7, 0xff, 0xfd, 0xfb, 0xfa, 0xff, 0xfe, 0xfd, 0xfc, 0xff,
  0xfd, 0xfc, 0xfb, 0xff, 0xff, 0xff, 0xff, 0xff, 0xff, 0xff, 0xff, 0xff,
  0xe9, 0xb9, 0xa9, 0xff, 0xd4, 0x72, 0x48, 0xff, 0xd1, 0x5b, 0x17, 0xff,
  0xd9, 0x66, 0x0f, 0xff, 0xe0, 0x75, 0x14, 0xff, 0xe6, 0x7f, 0x19, 0xff,
  0xe4, 0x7e, 0x18, 0xff, 0xe0, 0x73, 0x13, 0xff, 0xd5, 0x61, 0x0e, 0xff,
  0xd0, 0x57, 0x18, 0xff, 0xd7, 0x73, 0x4b, 0xff, 0xeb, 0xbd, 0xae, 0xff,
  0xff, 0xff, 0xff, 0xff, 0xff, 0xff, 0xff, 0xff, 0xfd, 0xfc, 0xfb, 0xff,
  0xfe, 0xfc, 0xfc, 0xff, 0xfd, 0xfb, 0xfb, 0xff, 0xfc, 0xf9, 0xf7, 0xff,
  0xfe, 0xfc, 0xfb, 0xff, 0xe0, 0x86, 0x5d, 0xff, 0xea, 0xab, 0x8f, 0xff,
  0xff, 0xff, 0xff, 0xff, 0xfd, 0xfb, 0xfb, 0xff, 0xfe, 0xfe, 0xfe, 0xff,
  0xfe, 0xfd, 0xfd, 0xff, 0xff, 0xff, 0xff, 0xff, 0xfb, 0xe3, 0xe7, 0xff,
  0xe9, 0x41, 0x60, 0xff, 0xfd, 0xef, 0xf1, 0xff, 0xfe, 0xfb, 0xfb, 0xff,
  0xff, 0xff, 0xff, 0xff, 0xf1, 0xa8, 0xb4, 0xff, 0xe8, 0x5e, 0x78, 0xff,
  0xe9, 0x59, 0x74, 0xff, 0xe6, 0x57, 0x73, 0xff, 0xe6, 0x57, 0x72, 0xff,
  0xe6, 0x57, 0x72, 0xff, 0xe7, 0x56, 0x72, 0xff, 0xe6, 0x56, 0x72, 0xff,
  0xe6, 0x57, 0x72, 0xff, 0xe6, 0x56, 0x72, 0xff, 0xe6, 0x56, 0x72, 0xff,
  0xe7, 0x57, 0x73, 0xff, 0xe7, 0x58, 0x74, 0xff, 0xe7, 0x57, 0x74, 0xff,
  0xe7, 0x57, 0x73, 0xff, 0xe7, 0x57, 0x74, 0xff, 0xe8, 0x57, 0x74, 0xff,
  0xe8, 0x58, 0x74, 0xff, 0xe8, 0x59, 0x75, 0xff, 0xe6, 0x58, 0x74, 0xff,
  0xec, 0x65, 0x80, 0xff, 0xf8, 0xbd, 0xc8, 0xff, 0xfe, 0xff, 0xff, 0xff,
  0xfd, 0xf8, 0xf9, 0xff, 0xfe, 0xfc, 0xfc, 0xff, 0xf2, 0x54, 0x77, 0xff,
  0xf9, 0xc4, 0xd0, 0xff, 0xff, 0xff, 0xff, 0xff, 0xfe, 0xfb, 0xfc, 0xff,
  0xfe, 0xfb, 0xfc, 0xff, 0xfe, 0xfd, 0xfe, 0xff, 0xfe, 0xf1, 0xf3, 0xff,
  0xf8, 0x38, 0x61, 0xff, 0xfc, 0xaf, 0xc0, 0xff, 0xff, 0xff, 0xff, 0xff,
  0xfe, 0xf9, 0xfb, 0xff, 0xfe, 0xfd, 0xfe, 0xff, 0xfd, 0xfe, 0xfe, 0xff,
  0xfe, 0xfe, 0xfe, 0xff, 0xfe, 0xfe, 0xfe, 0xff, 0xfe, 0xfe, 0xfe, 0xff,
  0xfe, 0xfe, 0xfe, 0xff, 0xfe, 0xfe, 0xfe, 0xff, 0xfe, 0xfe, 0xfe, 0xff,
  0xff, 0xff, 0xff, 0xff, 0xf5, 0xf1, 0xf0, 0xff, 0xf5, 0xf2, 0xf2, 0xff,
  0xfd, 0xfe, 0xfe, 0xff, 0xfe, 0xfe, 0xfe, 0xff, 0xfe, 0xfe, 0xfe, 0xff,
  0xfe, 0xfe, 0xfe, 0xff, 0xfe, 0xfe, 0xfe, 0xff, 0xfd, 0xfd, 0xfe, 0xff,
  0xf5, 0xf2, 0xf2, 0xff, 0xf6, 0xf3, 0xf3, 0xff, 0xff, 0xff, 0xff, 0xff,
  0xfe, 0xfe, 0xfe, 0xff, 0xfe, 0xfe, 0xfe, 0xff, 0xfe, 0xfe, 0xff, 0xff,
  0xfe, 0xfe, 0xfe, 0xff, 0xfe, 0xfe, 0xfe, 0xff, 0xfe, 0xfe, 0xfe, 0xff,
  0xfe, 0xfe, 0xfe, 0xff, 0xfe, 0xfe, 0xfe, 0xff, 0xfe, 0xfe, 0xfe, 0xff,
  0xfe, 0xfe, 0xfe, 0xff, 0xfd, 0xfb, 0xfa, 0xff, 0xff, 0xff, 0xff, 0xff,
  0xdf, 0x8b, 0x63, 0xff, 0xe3, 0x95, 0x6e, 0xff, 0xff, 0xff, 0xff, 0xff,
  0xfd, 0xfa, 0xfa, 0xff, 0xfe, 0xfe, 0xfe, 0xff, 0xfd, 0xfc, 0xfb, 0xff,
  0xff, 0xff, 0xff, 0xff, 0xf3, 0xd6, 0xca, 0xff, 0xd3, 0x6a, 0x3b, 0xff,
  0xd6, 0x5f, 0x0d, 0xff, 0xed, 0x90, 0x27, 0xff, 0xfb, 0xb0, 0x3d, 0xff,
  0xff, 0xba, 0x45, 0xff, 0xff, 0xbb, 0x47, 0xff, 0xff, 0xba, 0x47, 0xff,
  0xff, 0xba, 0x47, 0xff, 0xff, 0xb9, 0x46, 0xff, 0xff, 0xb7, 0x43, 0xff,
  0xfc, 0xac, 0x3a, 0xff, 0xee, 0x8a, 0x22, 0xff, 0xd4, 0x56, 0x0a, 0xff,
  0xd7, 0x6d, 0x44, 0xff, 0xf6, 0xde, 0xd6, 0xff, 0xff, 0xff, 0xff, 0xff,
  0xfe, 0xfc, 0xfb, 0xff, 0xfe, 0xfe, 0xfe, 0xff, 0xfd, 0xfb, 0xfa, 0xff,
  0xff, 0xff, 0xff, 0xff, 0xdc, 0x7c, 0x51, 0xff, 0xe6, 0xa2, 0x86, 0xff,
  0xff, 0xff, 0xff, 0xff, 0xfd, 0xfb, 0xfa, 0xff, 0xfe, 0xfe, 0xfe, 0xff,
  0xfe, 0xfd, 0xfd, 0xff, 0xff, 0xff, 0xff, 0xff, 0xfa, 0xe1, 0xe5, 0xff,
  0xe8, 0x32, 0x54, 0xff, 0xfd, 0xf0, 0xf3, 0xff, 0xff, 0xff, 0xff, 0xff,
  0xed, 0x7d, 0x90, 0xff, 0xe4, 0x16, 0x44, 0xff, 0xf2, 0x47, 0x78, 0xff,
  0xf2, 0x48, 0x7a, 0xff, 0xf1, 0x46, 0x79, 0xff, 0xf2, 0x47, 0x7a, 0xff,
  0xf1, 0x48, 0x79, 0xff, 0xf2, 0x47, 0x79, 0xff, 0xf1, 0x48, 0x79, 0xff,
  0xf1, 0x47, 0x78, 0xff, 0xf1, 0x46, 0x78, 0xff, 0xf1, 0x46, 0x77, 0xff,
  0xf1, 0x45, 0x76, 0xff, 0xf2, 0x45, 0x76, 0xff, 0xf1, 0x44, 0x75, 0xff,
  0xf1, 0x45, 0x75, 0xff, 0xf2, 0x45, 0x75, 0xff, 0xf2, 0x44, 0x74, 0xff,
  0xf2, 0x42, 0x72, 0xff, 0xf1, 0x41, 0x71, 0xff, 0xf1, 0x43, 0x73, 0xff,
  0xf2, 0x3c, 0x6b, 0xff, 0xe2, 0x11, 0x40, 0xff, 0xf2, 0xa0, 0xb1, 0xff,
  0xff, 0xff, 0xff, 0xff, 0xfe, 0xff, 0xff, 0xff, 0xf0, 0x46, 0x6b, 0xff,
  0xf9, 0xbf, 0xcb, 0xff, 0xff, 0xff, 0xff, 0xff, 0xfe, 0xfc, 0xfd, 0xff,
  0xfe, 0xfc, 0xfc, 0xff, 0xff, 0xff, 0xff, 0xff, 0xfa, 0x93, 0xa9, 0xff,
  0xf6, 0x26, 0x52, 0xff, 0xf9, 0x59, 0x7c, 0xff, 0xfe, 0xf6, 0xf7, 0xff,
  0xfe, 0xfe, 0xfe, 0xff, 0xfe, 0xfd, 0xfe, 0xff, 0xfe, 0xfe, 0xfe, 0xff,
  0xfe, 0xfe, 0xfe, 0xff, 0xfe, 0xfe, 0xfe, 0xff, 0xfe, 0xfe, 0xfe, 0xff,
  0xfd, 0xfe, 0xfe, 0xff, 0xfe, 0xfe, 0xfe, 0xff, 0xfe, 0xfe, 0xfe, 0xff,
  0xff, 0xff, 0xff, 0xff, 0xf5, 0xf1, 0xf0, 0xff, 0xf5, 0xf2, 0xf2, 0xff,
  0xfe, 0xfe, 0xfe, 0xff, 0xfe, 0xfe, 0xfe, 0xff, 0xfe, 0xfe, 0xfe, 0xff,
  0xfe, 0xfe, 0xfe, 0xff, 0xfe, 0xfe, 0xfe, 0xff, 0xfd, 0xfd, 0xfe, 0xff,
  0xf5, 0xf2, 0xf2, 0xff, 0xf6, 0xf4, 0xf3, 0xff, 0xff, 0xff, 0xff, 0xff,
  0xfe, 0xfe, 0xfe, 0xff, 0xfe, 0xfe, 0xfe, 0xff, 0xfe, 0xfe, 0xfe, 0xff,
  0xfe, 0xfe, 0xfe, 0xff, 0xfe, 0xfe, 0xfe, 0xff, 0xfe, 0xfe, 0xfe, 0xff,
  0xfe, 0xfe, 0xfe, 0xff, 0xfe, 0xfe, 0xfe, 0xff, 0xfe, 0xfe, 0xfe, 0xff,
  0xfe, 0xfe, 0xfe, 0xff, 0xfe, 0xfc, 0xfc, 0xff, 0xff, 0xff, 0xff, 0xff,
  0xf1, 0xcd, 0xbc, 0xff, 0xf3, 0xd1, 0xc0, 0xff, 0xff, 0xff, 0xff, 0xff,
  0xfd, 0xfc, 0xfc, 0xff, 0xfd, 0xfc, 0xfb, 0xff, 0xff, 0xff, 0xff, 0xff,
  0xe7, 0xaf, 0x99, 0xff, 0xcd, 0x51, 0x0b, 0xff, 0xed, 0x8e, 0x24, 0xff,
  0xff, 0xba, 0x45, 0xff, 0xff, 0xb6, 0x43, 0xff, 0xfc, 0xb0, 0x3e, 0xff,
  0xfb, 0xad, 0x3d, 0xff, 0xfa, 0xac, 0x3d, 0xff, 0xfb, 0xac, 0x3d, 0xff,
  0xfb, 0xac, 0x3d, 0xff, 0xfb, 0xab, 0x3c, 0xff, 0xfb, 0xa9, 0x3b, 0xff,
  0xfb, 0xa9, 0x3a, 0xff, 0xfe, 0xaf, 0x3e, 0xff, 0xff, 0xb0, 0x3f, 0xff,
  0xeb, 0x7f, 0x1b, 0xff, 0xd1, 0x4e, 0x0f, 0xff, 0xeb, 0xbb, 0xab, 0xff,
  0xff, 0xff, 0xff, 0xff, 0xfd, 0xfb, 0xfb, 0xff, 0xfd, 0xfc, 0xfc, 0xff,
  0xff, 0xff, 0xff, 0xff, 0xef, 0xc3, 0xb2, 0xff, 0xf4, 0xd7, 0xcc, 0xff,
  0xff, 0xff, 0xff, 0xff, 0xfd, 0xfc, 0xfc, 0xff, 0xfe, 0xfe, 0xfe, 0xff,
  0xfe, 0xfd, 0xfe, 0xff, 0xfe, 0xff, 0xff, 0xff, 0xfd, 0xf3, 0xf5, 0xff,
  0xf3, 0xa0, 0xaf, 0xff, 0xfe, 0xfc, 0xfd, 0xff, 0xf7, 0xd5, 0xdb, 0xff,
  0xdf, 0x1a, 0x42, 0xff, 0xfd, 0x6f, 0x9f, 0xff, 0xfe, 0x77, 0xa7, 0xff,
  0xfd, 0x74, 0xa4, 0xff, 0xfd, 0x75, 0xa5, 0xff, 0xfd, 0x76, 0xa6, 0xff,
  0xfd, 0x75, 0xa5, 0xff, 0xfe, 0x76, 0xa4, 0xff, 0xfd, 0x75, 0xa4, 0xff,
  0xfd, 0x75, 0xa3, 0xff, 0xfd, 0x74, 0xa2, 0xff, 0xfd, 0x73, 0xa1, 0xff,
  0xfd, 0x72, 0xa0, 0xff, 0xfc, 0x71, 0x9e, 0xff, 0xfd, 0x71, 0x9d, 0xff,
  0xfd, 0x71, 0x9d, 0xff, 0xfc, 0x6f, 0x9b, 0xff, 0xfc, 0x6e, 0x9a, 0xff,
  0xfc, 0x6d, 0x99, 0xff, 0xfc, 0x6c, 0x99, 0xff, 0xfb, 0x69, 0x95, 0xff,
  0xfc, 0x6c, 0x99, 0xff, 0xf7, 0x56, 0x83, 0xff, 0xeb, 0x31, 0x58, 0xff,
  0xfd, 0xf0, 0xf3, 0xff, 0xfe, 0xff, 0xff, 0xff, 0xf8, 0xa9, 0xba, 0xff,
  0xfc, 0xe3, 0xe9, 0xff, 0xfe, 0xff, 0xff, 0xff, 0xfe, 0xfc, 0xfd, 0xff,
  0xfe, 0xff, 0xff, 0xff, 0xfd, 0xe2, 0xe7, 0xff, 0xf7, 0x3f, 0x67, 0xff,
  0xf7, 0x40, 0x69, 0xff, 0xf7, 0x2d, 0x5a, 0xff, 0xfc, 0xa1, 0xb5, 0xff,
  0xff, 0xff, 0xff, 0xff, 0xfe, 0xfb, 0xfc, 0xff, 0xfe, 0xfe, 0xfe, 0xff,
  0xfe, 0xfe, 0xfe, 0xff, 0xfe, 0xfe, 0xfe, 0xff, 0xfe, 0xfe, 0xfe, 0xff,
  0xfe, 0xfe, 0xfe, 0xff, 0xfe, 0xfe, 0xfe, 0xff, 0xfe, 0xfe, 0xfe, 0xff,
  0xff, 0xff, 0xff, 0xff, 0xf4, 0xf1, 0xf0, 0xff, 0xf5, 0xf2, 0xf2, 0xff,
  0xfd, 0xfe, 0xfe, 0xff, 0xfe, 0xfe, 0xfe, 0xff, 0xfe, 0xfe, 0xfe, 0xff,
  0xfe, 0xfe, 0xfe, 0xff, 0xfe, 0xfe, 0xfe, 0xff, 0xfd, 0xfd, 0xfe, 0xff,
  0xf5, 0xf3, 0xf2, 0xff, 0xf7, 0xf4, 0xf4, 0xff, 0xff, 0xff, 0xff, 0xff,
  0xfe, 0xfe, 0xfe, 0xff, 0xfe, 0xfe, 0xfe, 0xff, 0xfe, 0xfe, 0xfe, 0xff,
  0xfe, 0xfe, 0xfe, 0xff, 0xfe, 0xfe, 0xfe, 0xff, 0xfe, 0xfe, 0xfe, 0xff,
  0xfe, 0xfe, 0xfe, 0xff, 0xfe, 0xfe, 0xfe, 0xff, 0xfe, 0xfe, 0xfe, 0xff,
  0xfe, 0xfe, 0xfe, 0xff, 0xfe, 0xfe, 0xfe, 0xff, 0xfe, 0xfe, 0xfe, 0xff,
  0xff, 0xff, 0xff, 0xff, 0xff, 0xff, 0xff, 0xff, 0xfe, 0xfe, 0xfe, 0xff,
  0xfd, 0xfc, 0xfb, 0xff, 0xff, 0xff, 0xff, 0xff, 0xe5, 0xa6, 0x8c, 0xff,
  0xd1, 0x52, 0x01, 0xff, 0xf9, 0xa9, 0x39, 0xff, 0xff, 0xb6, 0x44, 0xff,
  0xfb, 0xac, 0x3c, 0xff, 0xfb, 0xac, 0x3d, 0xff, 0xfc, 0xad, 0x3e, 0xff,
  0xfc, 0xad, 0x3e, 0xff, 0xfc, 0xac, 0x3e, 0xff, 0xfc, 0xac, 0x3e, 0xff,
  0xfb, 0xab, 0x3d, 0xff, 0xfb, 0xaa, 0x3c, 0xff, 0xfb, 0xa8, 0x3a, 0xff,
  0xfb, 0xa7, 0x39, 0xff, 0xfb, 0xa5, 0x39, 0xff, 0xfa, 0xa3, 0x39, 0xff,
  0xfe, 0xad, 0x3f, 0xff, 0xf5, 0x9a, 0x2e, 0xff, 0xcf, 0x48, 0x01, 0xff,
  0xe9, 0xb4, 0xa3, 0xff, 0xff, 0xff, 0xff, 0xff, 0xfd, 0xfc, 0xfc, 0xff,
  0xfe, 0xfe, 0xfe, 0xff, 0xff, 0xff, 0xff, 0xff, 0xff, 0xff, 0xff, 0xff,
  0xfe, 0xfe, 0xfe, 0xff, 0xfe, 0xfe, 0xfe, 0xff, 0xfe, 0xfe, 0xfe, 0xff,
  0xfe, 0xfe, 0xfe, 0xff, 0xfe, 0xfe, 0xfe, 0xff, 0xfe, 0xff, 0xff, 0xff,
  0xff, 0xff, 0xff, 0xff, 0xff, 0xff, 0xff, 0xff, 0xf0, 0xa5, 0xb1, 0xff,
  0xe8, 0x2a, 0x59, 0xff, 0xfe, 0x74, 0xa6, 0xff, 0xf9, 0x68, 0x9a, 0xff,
  0xfb, 0x6c, 0x9d, 0xff, 0xfb, 0x6d, 0x9d, 0xff, 0xfa, 0x6d, 0x9d, 0xff,
  0xfb, 0x6d, 0x9d, 0xff, 0xfb, 0x6c, 0x9c, 0xff, 0xfb, 0x6b, 0x9b, 0xff,
  0xfb, 0x6b, 0x9a, 0xff, 0xfb, 0x6b, 0x99, 0xff, 0xfa, 0x6a, 0x97, 0xff,
  0xfa, 0x68, 0x96, 0xff, 0xfa, 0x68, 0x95, 0xff, 0xfa, 0x68, 0x94, 0xff,
  0xfa, 0x66, 0x92, 0xff, 0xfa, 0x64, 0x91, 0xff, 0xf9, 0x63, 0x90, 0xff,
  0xf9, 0x62, 0x8f, 0xff, 0xf9, 0x61, 0x8e, 0xff, 0xf9, 0x60, 0x8d, 0xff,
  0xf8, 0x5e, 0x8b, 0xff, 0xfa, 0x63, 0x8f, 0xff, 0xe9, 0x27, 0x53, 0xff,
  0xf9, 0xd0, 0xd9, 0xff, 0xff, 0xff, 0xff, 0xff, 0xff, 0xff, 0xff, 0xff,
  0xfe, 0xff, 0xff, 0xff, 0xfe, 0xfe, 0xfe, 0xff, 0xfe, 0xfe, 0xfe, 0xff,
  0xfe, 0xfe, 0xfe, 0xff, 0xfe, 0xf2, 0xf4, 0xff, 0xfe, 0xe0, 0xe6, 0xff,
  0xf9, 0x5b, 0x7e, 0xff, 0xfb, 0xb7, 0xc6, 0xff, 0xfe, 0xe8, 0xed, 0xff,
  0xfe, 0xfd, 0xfd, 0xff, 0xfe, 0xfe, 0xfe, 0xff, 0xfe, 0xfe, 0xfe, 0xff,
  0xfe, 0xfe, 0xfe, 0xff, 0xfe, 0xfe, 0xfe, 0xff, 0xfe, 0xfe, 0xfe, 0xff,
  0xfe, 0xfe, 0xfe, 0xff, 0xfe, 0xfe, 0xfe, 0xff, 0xfe, 0xfe, 0xfe, 0xff,
  0xff, 0xff, 0xff, 0xff, 0xf5, 0xf1, 0xf0, 0xff, 0xf5, 0xf3, 0xf3, 0xff,
  0xfd, 0xfe, 0xfe, 0xff, 0xfe, 0xfe, 0xfe, 0xff, 0xfe, 0xfe, 0xfe, 0xff,
  0xfe, 0xfe, 0xfe, 0xff, 0xfe, 0xfe, 0xfe, 0xff, 0xfd, 0xfd, 0xfe, 0xff,
  0xf5, 0xf3, 0xf3, 0xff, 0xf7, 0xf4, 0xf4, 0xff, 0xff, 0xff, 0xff, 0xff,
  0xfe, 0xfe, 0xfe, 0xff, 0xfe, 0xfe, 0xfe, 0xff, 0xfe, 0xfe, 0xfe, 0xff,
  0xfe, 0xfe, 0xfe, 0xff, 0xfe, 0xfe, 0xfe, 0xff, 0xfe, 0xfe, 0xfe, 0xff,
  0xfe, 0xfe, 0xfe, 0xff, 0xfe, 0xfe, 0xfe, 0xff, 0xfe, 0xfe, 0xfe, 0xff,
  0xfe, 0xfe, 0xfe, 0xff, 0xfe, 0xfe, 0xfe, 0xff, 0xfe, 0xfe, 0xfe, 0xff,
  0xfd, 0xfc, 0xfc, 0xff, 0xfe, 0xfd, 0xfc, 0xff, 0xfe, 0xfc, 0xfc, 0xff,
  0xff, 0xff, 0xff, 0xff, 0xeb, 0xbe, 0xad, 0xff, 0xd1, 0x51, 0x00, 0xff,
  0xfb, 0xad, 0x3c, 0xff, 0xfe, 0xb0, 0x3e, 0xff, 0xfa, 0xa9, 0x3b, 0xff,
  0xfb, 0xab, 0x3c, 0xff, 0xfc, 0xab, 0x3c, 0xff, 0xfc, 0xab, 0x3c, 0xff,
  0xfc, 0xab, 0x3c, 0xff, 0xfc, 0xaa, 0x3c, 0xff, 0xfc, 0xa9, 0x3c, 0xff,
  0xfc, 0xa8, 0x3b, 0xff, 0xfb, 0xa7, 0x3a, 0xff, 0xfb, 0xa6, 0x39, 0xff,
  0xfb, 0xa5, 0x39, 0xff, 0xfc, 0xa4, 0x39, 0xff, 0xfc, 0xa4, 0x38, 0xff,
  0xfa, 0xa0, 0x35, 0xff, 0xfd, 0xa7, 0x3b, 0xff, 0xf7, 0x9b, 0x30, 0xff,
  0xcd, 0x48, 0x03, 0xff, 0xf2, 0xce, 0xc4, 0xff, 0xff, 0xff, 0xff, 0xff,
  0xfd, 0xfc, 0xfc, 0xff, 0xfe, 0xfc, 0xfc, 0xff, 0xfe, 0xfd, 0xfc, 0xff,
  0xfe, 0xfe, 0xfe, 0xff, 0xfe, 0xfe, 0xfe, 0xff, 0xfe, 0xfe, 0xfe, 0xff,
  0xfe, 0xfe, 0xfe, 0xff, 0xfe, 0xfe, 0xfe, 0xff, 0xfe, 0xfe, 0xfe, 0xff,
  0xfd, 0xf8, 0xf9, 0xff, 0xff, 0xff, 0xff, 0xff, 0xf1, 0xa6, 0xb1, 0xff,
  0xea, 0x2a, 0x59, 0xff, 0xfd, 0x72, 0xa5, 0xff, 0xfa, 0x6b, 0x9c, 0xff,
  0xfb, 0x6d, 0x9e, 0xff, 0xfb, 0x6e, 0x9f, 0xff, 0xfb, 0x6e, 0x9e, 0xff,
  0xfb, 0x6f, 0x9e, 0xff, 0xfb, 0x6d, 0x9d, 0xff, 0xfb, 0x6c, 0x9b, 0xff,
  0xfb, 0x6c, 0x99, 0xff, 0xfb, 0x6b, 0x98, 0xff, 0xfa, 0x6a, 0x96, 0xff,
  0xfa, 0x68, 0x95, 0xff, 0xfa, 0x67, 0x93, 0xff, 0xfa, 0x67, 0x92, 0xff,
  0xfa, 0x65, 0x91, 0xff, 0xf9, 0x63, 0x8f, 0xff, 0xf9, 0x62, 0x8e, 0xff,
  0xfa, 0x62, 0x8e, 0xff, 0xfa, 0x60, 0x8d, 0xff, 0xf9, 0x5e, 0x8b, 0xff,
  0xf8, 0x5d, 0x8a, 0xff, 0xfa, 0x60, 0x8c, 0xff, 0xe9, 0x26, 0x51, 0xff,
  0xf9, 0xcf, 0xd7, 0xff, 0xff, 0xff, 0xff, 0xff, 0xfe, 0xf9, 0xfa, 0xff,
  0xfe, 0xfd, 0xfd, 0xff, 0xfe, 0xfe, 0xfe, 0xff, 0xfe, 0xfe, 0xfe, 0xff,
  0xfe, 0xfe, 0xfe, 0xff, 0xfe, 0xff, 0xff, 0xff, 0xfe, 0xff, 0xff, 0xff,
  0xf9, 0x62, 0x84, 0xff, 0xfd, 0xd6, 0xde, 0xff, 0xfe, 0xff, 0xff, 0xff,
  0xfe, 0xfc, 0xfd, 0xff, 0xfe, 0xfe, 0xfe, 0xff, 0xfe, 0xfe, 0xfe, 0xff,
  0xfe, 0xfe, 0xfe, 0xff, 0xfe, 0xfe, 0xfe, 0xff, 0xfe, 0xfe, 0xfe, 0xff,
  0xfe, 0xfe, 0xfe, 0xff, 0xfe, 0xfe, 0xfe, 0xff, 0xfe, 0xfe, 0xfe, 0xff,
  0xff, 0xff, 0xff, 0xff, 0xf5, 0xf1, 0xf0, 0xff, 0xf5, 0xf3, 0xf3, 0xff,
  0xfe, 0xfe, 0xfe, 0xff, 0xfe, 0xfe, 0xfe, 0xff, 0xfe, 0xfe, 0xfe, 0xff,
  0xfe, 0xfe, 0xfe, 0xff, 0xfe, 0xfe, 0xff, 0xff, 0xfd, 0xfd, 0xfe, 0xff,
  0xf5, 0xf3, 0xf3, 0xff, 0xf7, 0xf4, 0xf4, 0xff, 0xff, 0xff, 0xff, 0xff,
  0xfe, 0xfe, 0xfe, 0xff, 0xfe, 0xfe, 0xfe, 0xff, 0xfe, 0xfe, 0xfe, 0xff,
  0xfe, 0xfe, 0xfe, 0xff, 0xfe, 0xfe, 0xfe, 0xff, 0xfe, 0xfe, 0xfe, 0xff,
  0xfe, 0xfe, 0xfe, 0xff, 0xfe, 0xfe, 0xfe, 0xff, 0xfe, 0xfe, 0xfe, 0xff,
  0xfe, 0xfe, 0xfe, 0xff, 0xfe, 0xfe, 0xfe, 0xff, 0xfe, 0xfe, 0xfe, 0xff,
  0xfe, 0xfe, 0xfe, 0xff, 0xfe, 0xfd, 0xfd, 0xff, 0xff, 0xfe, 0xfd, 0xff,
  0xf8, 0xea, 0xe6, 0xff, 0xce, 0x55, 0x15, 0xff, 0xf6, 0x9c, 0x2e, 0xff,
  0xfe, 0xae, 0x3d, 0xff, 0xfb, 0xa8, 0x39, 0xff, 0xfb, 0xa9, 0x3b, 0xff,
  0xfb, 0xa9, 0x3b, 0xff, 0xfb, 0xa8, 0x39, 0xff, 0xfb, 0xa8, 0x3a, 0xff,
  0xfb, 0xa7, 0x3a, 0xff, 0xfc, 0xa7, 0x3a, 0xff, 0xfc, 0xa6, 0x3a, 0xff,
  0xfc, 0xa5, 0x39, 0xff, 0xfc, 0xa4, 0x39, 0xff, 0xfb, 0xa3, 0x38, 0xff,
  0xfc, 0xa2, 0x37, 0xff, 0xfb, 0xa1, 0x36, 0xff, 0xfb, 0xa1, 0x36, 0xff,
  0xfb, 0xa0, 0x35, 0xff, 0xfa, 0x9c, 0x33, 0xff, 0xfe, 0xa5, 0x39, 0xff,
  0xf1, 0x87, 0x20, 0xff, 0xcf, 0x57, 0x24, 0xff, 0xfb, 0xf4, 0xf3, 0xff,
  0xfe, 0xfd, 0xfd, 0xff, 0xfe, 0xfd, 0xfd, 0xff, 0xfe, 0xfe, 0xfe, 0xff,
  0xfe, 0xfe, 0xfe, 0xff, 0xfe, 0xfe, 0xfe, 0xff, 0xfe, 0xfe, 0xfe, 0xff,
  0xfe, 0xfe, 0xfe, 0xff, 0xfe, 0xfe, 0xfe, 0xff, 0xfe, 0xfe, 0xfe, 0xff,
  0xfe, 0xfb, 0xfb, 0xff, 0xff, 0xff, 0xff, 0xff, 0xf1, 0xa6, 0xb2, 0xff,
  0xe9, 0x29, 0x58, 0xff, 0xfe, 0x74, 0xa6, 0xff, 0xfa, 0x6a, 0x9c, 0xff,
  0xfb, 0x6d, 0x9e, 0xff, 0xfb, 0x6d, 0x9e, 0xff, 0xfb, 0x6e, 0x9d, 0xff,
  0xfb, 0x6e, 0x9c, 0xff, 0xfb, 0x6d, 0x9b, 0xff, 0xfb, 0x6b, 0x99, 0xff,
  0xfb, 0x69, 0x97, 0xff, 0xfb, 0x69, 0x95, 0xff, 0xfa, 0x68, 0x94, 0xff,
  0xfa, 0x65, 0x92, 0xff, 0xf9, 0x64, 0x90, 0xff, 0xfa, 0x63, 0x8f, 0xff,
  0xf9, 0x62, 0x8e, 0xff, 0xf9, 0x61, 0x8d, 0xff, 0xf9, 0x60, 0x8c, 0xff,
  0xfa, 0x5f, 0x8b, 0xff, 0xf9, 0x5d, 0x8a, 0xff, 0xf9, 0x5b, 0x88, 0xff,
  0xf9, 0x5a, 0x87, 0xff, 0xfa, 0x5e, 0x89, 0xff, 0xe9, 0x23, 0x50, 0xff,
  0xf9, 0xcf, 0xd7, 0xff, 0xff, 0xff, 0xff, 0xff, 0xfe, 0xfc, 0xfc, 0xff,
  0xfe, 0xfe, 0xfe, 0xff, 0xfe, 0xfe, 0xfe, 0xff, 0xfe, 0xfe, 0xfe, 0xff,
  0xfe, 0xfe, 0xfe, 0xff, 0xfe, 0xfd, 0xfe, 0xff, 0xff, 0xfd, 0xfe, 0xff,
  0xf9, 0x62, 0x83, 0xff, 0xfc, 0xcf, 0xda, 0xff, 0xfe, 0xfe, 0xfe, 0xff,
  0xfe, 0xfc, 0xfd, 0xff, 0xfe, 0xfe, 0xfe, 0xff, 0xfe, 0xfe, 0xfe, 0xff,
  0xfe, 0xfe, 0xfe, 0xff, 0xfe, 0xfe, 0xfe, 0xff, 0xfe, 0xfe, 0xfe, 0xff,
  0xfe, 0xfe, 0xfe, 0xff, 0xfe, 0xfe, 0xfe, 0xff, 0xfe, 0xfe, 0xfe, 0xff,
  0xff, 0xff, 0xff, 0xff, 0xf5, 0xf1, 0xf0, 0xff, 0xf6, 0xf3, 0xf3, 0xff,
  0xfe, 0xfe, 0xfe, 0xff, 0xfe, 0xfe, 0xfe, 0xff, 0xfe, 0xfe, 0xfe, 0xff,
  0xfe, 0xfe, 0xfe, 0xff, 0xfe, 0xfe, 0xff, 0xff, 0xfd, 0xfe, 0xfe, 0xff,
  0xf5, 0xf2, 0xf2, 0xff, 0xf7, 0xf4, 0xf4, 0xff, 0xff, 0xff, 0xff, 0xff,
  0xfe, 0xfe, 0xfe, 0xff, 0xfe, 0xfe, 0xfe, 0xff, 0xfe, 0xfe, 0xfe, 0xff,
  0xfe, 0xfe, 0xfe, 0xff, 0xfe, 0xfe, 0xfe, 0xff, 0xfe, 0xfe, 0xfe, 0xff,
  0xfe, 0xfe, 0xfe, 0xff, 0xfe, 0xfe, 0xfe, 0xff, 0xfe, 0xfe, 0xfe, 0xff,
  0xfe, 0xfe, 0xfe, 0xff, 0xfe, 0xfe, 0xfe, 0xff, 0xfe, 0xfe, 0xfe, 0xff,
  0xfe, 0xfe, 0xfe, 0xff, 0xfd, 0xfc, 0xfb, 0xff, 0xff, 0xff, 0xff, 0xff,
  0xdc, 0x89, 0x65, 0xff, 0xe4, 0x72, 0x0f, 0xff, 0xff, 0xb1, 0x40, 0xff,
  0xfa, 0xa4, 0x36, 0xff, 0xfc, 0xa7, 0x39, 0xff, 0xfc, 0xa7, 0x3a, 0xff,
  0xfb, 0xa6, 0x3a, 0xff, 0xfb, 0xa5, 0x38, 0xff, 0xfb, 0xa5, 0x38, 0xff,
  0xfc, 0xa4, 0x38, 0xff, 0xfc, 0xa4, 0x39, 0xff, 0xfc, 0xa3, 0x38, 0xff,
  0xfb, 0xa2, 0x38, 0xff, 0xfb, 0xa1, 0x37, 0xff, 0xfb, 0xa0, 0x36, 0xff,
  0xfb, 0x9f, 0x36, 0xff, 0xfb, 0x9e, 0x35, 0xff, 0xfb, 0x9d, 0x34, 0xff,
  0xfb, 0x9c, 0x33, 0xff, 0xfb, 0x9c, 0x33, 0xff, 0xfa, 0x99, 0x31, 0xff,
  0xff, 0xa4, 0x39, 0xff, 0xdc, 0x5e, 0x04, 0xff, 0xe3, 0x9d, 0x84, 0xff,
  0xff, 0xff, 0xff, 0xff, 0xfd, 0xfb, 0xfb, 0xff, 0xfe, 0xfe, 0xfe, 0xff,
  0xfe, 0xfe, 0xfe, 0xff, 0xfd, 0xfe, 0xfe, 0xff, 0xfd, 0xfe, 0xfe, 0xff,
  0xfe, 0xfe, 0xfe, 0xff, 0xfe, 0xfe, 0xfe, 0xff, 0xfe, 0xfe, 0xfe, 0xff,
  0xfe, 0xfb, 0xfb, 0xff, 0xff, 0xff, 0xff, 0xff, 0xf1, 0xa5, 0xb2, 0xff,
  0xe9, 0x2b, 0x59, 0xff, 0xfe, 0x74, 0xa5, 0xff, 0xfb, 0x6a, 0x9b, 0xff,
  0xfb, 0x6c, 0x9d, 0xff, 0xfa, 0x6c, 0x9c, 0xff, 0xfb, 0x6c, 0x9b, 0xff,
  0xfc, 0x6c, 0x9a, 0xff, 0xfb, 0x6b, 0x99, 0xff, 0xfa, 0x69, 0x96, 0xff,
  0xfa, 0x68, 0x94, 0xff, 0xfa, 0x66, 0x92, 0xff, 0xfa, 0x65, 0x91, 0xff,
  0xfa, 0x63, 0x8f, 0xff, 0xfa, 0x61, 0x8d, 0xff, 0xf9, 0x5f, 0x8c, 0xff,
  0xf9, 0x5f, 0x8b, 0xff, 0xf9, 0x5e, 0x8a, 0xff, 0xf9, 0x5d, 0x88, 0xff,
  0xf9, 0x5c, 0x87, 0xff, 0xf9, 0x5b, 0x86, 0xff, 0xf9, 0x59, 0x86, 0xff,
  0xf8, 0x57, 0x84, 0xff, 0xf9, 0x59, 0x85, 0xff, 0xe7, 0x22, 0x4d, 0xff,
  0xf9, 0xcf, 0xd7, 0xff, 0xff, 0xff, 0xff, 0xff, 0xfe, 0xfc, 0xfd, 0xff,
  0xfd, 0xfe, 0xfe, 0xff, 0xfe, 0xfe, 0xfe, 0xff, 0xfe, 0xfe, 0xfe, 0xff,
  0xfe, 0xfe, 0xfe, 0xff, 0xfe, 0xfd, 0xfe, 0xff, 0xfe, 0xff, 0xff, 0xff,
  0xfa, 0x61, 0x82, 0xff, 0xfd, 0xd0, 0xda, 0xff, 0xfe, 0xff, 0xff, 0xff,
  0xfe, 0xfc, 0xfd, 0xff, 0xfe, 0xfe, 0xfe, 0xff, 0xfe, 0xfe, 0xfe, 0xff,
  0xfe, 0xfe, 0xfe, 0xff, 0xfe, 0xfe, 0xfe, 0xff, 0xfe, 0xfe, 0xfe, 0xff,
  0xfe, 0xfe, 0xfe, 0xff, 0xfe, 0xfe, 0xfe, 0xff, 0xfe, 0xfe, 0xfe, 0xff,
  0xff, 0xff, 0xff, 0xff, 0xf5, 0xf1, 0xf0, 0xff, 0xf5, 0xf3, 0xf2, 0xff,
  0xfd, 0xfe, 0xfe, 0xff, 0xfe, 0xfe, 0xfe, 0xff, 0xfe, 0xfe, 0xfe, 0xff,
  0xfe, 0xfe, 0xfe, 0xff, 0xfe, 0xfe, 0xfe, 0xff, 0xfd, 0xfd, 0xfe, 0xff,
  0xf5, 0xf2, 0xf2, 0xff, 0xf7, 0xf4, 0xf3, 0xff, 0xff, 0xff, 0xff, 0xff,
  0xfe, 0xfe, 0xfe, 0xff, 0xfe, 0xfe, 0xfe, 0xff, 0xfe, 0xfe, 0xfe, 0xff,
  0xfe, 0xfe, 0xfe, 0xff, 0xfe, 0xfe, 0xfe, 0xff, 0xfe, 0xfe, 0xfe, 0xff,
  0xfe, 0xfe, 0xfe, 0xff, 0xfe, 0xfe, 0xfe, 0xff, 0xfe, 0xfe, 0xfe, 0xff,
  0xfe, 0xfe, 0xfe, 0xff, 0xfe, 0xfe, 0xfe, 0xff, 0xfe, 0xfe, 0xfe, 0xff,
  0xfe, 0xfd, 0xfd, 0xff, 0xff, 0xff, 0xff, 0xff, 0xf7, 0xe5, 0xdf, 0xff,
  0xd4, 0x58, 0x0f, 0xff, 0xfb, 0xa1, 0x32, 0xff, 0xfb, 0xa4, 0x36, 0xff,
  0xfc, 0xa4, 0x36, 0xff, 0xfc, 0xa4, 0x38, 0xff, 0xfc, 0xa4, 0x37, 0xff,
  0xfb, 0xa3, 0x37, 0xff, 0xfb, 0xa2, 0x36, 0xff, 0xfb, 0xa2, 0x36, 0xff,
  0xfb, 0xa1, 0x36, 0xff, 0xfb, 0xa0, 0x36, 0xff, 0xfb, 0x9f, 0x36, 0xff,
  0xfb, 0x9f, 0x35, 0xff, 0xfb, 0x9e, 0x35, 0xff, 0xfb, 0x9c, 0x34, 0xff,
  0xfb, 0x9c, 0x33, 0xff, 0xfb, 0x9b, 0x33, 0xff, 0xfb, 0x9a, 0x32, 0xff,
  0xfb, 0x99, 0x32, 0xff, 0xfb, 0x99, 0x31, 0xff, 0xfa, 0x97, 0x30, 0xff,
  0xfb, 0x99, 0x30, 0xff, 0xf6, 0x8d, 0x24, 0xff, 0xcf, 0x55, 0x1c, 0xff,
  0xfb, 0xf2, 0xf1, 0xff, 0xff, 0xff, 0xfe, 0xff, 0xfe, 0xfd, 0xfd, 0xff,
  0xfe, 0xfe, 0xfe, 0xff, 0xfe, 0xfe, 0xfe, 0xff, 0xfe, 0xfe, 0xfe, 0xff,
  0xfe, 0xfe, 0xfe, 0xff, 0xfe, 0xfe, 0xfe, 0xff, 0xfe, 0xfe, 0xfe, 0xff,
  0xfd, 0xfb, 0xfb, 0xff, 0xff, 0xff, 0xff, 0xff, 0xf1, 0xa6, 0xb1, 0xff,
  0xe9, 0x2a, 0x57, 0xff, 0xfe, 0x74, 0xa5, 0xff, 0xfa, 0x6a, 0x9a, 0xff,
  0xfa, 0x6b, 0x9b, 0xff, 0xfa, 0x6b, 0x9a, 0xff, 0xfb, 0x6b, 0x99, 0xff,
  0xfb, 0x6a, 0x97, 0xff, 0xfa, 0x69, 0x96, 0xff, 0xfa, 0x66, 0x94, 0xff,
  0xfa, 0x66, 0x92, 0xff, 0xfa, 0x65, 0x90, 0xff, 0xfa, 0x62, 0x8f, 0xff,
  0xfa, 0x60, 0x8d, 0xff, 0xf9, 0x5f, 0x8b, 0xff, 0xf9, 0x5d, 0x8a, 0xff,
  0xf9, 0x5d, 0x88, 0xff, 0xf9, 0x5c, 0x87, 0xff, 0xf9, 0x5b, 0x86, 0xff,
  0xf9, 0x59, 0x85, 0xff, 0xf9, 0x58, 0x83, 0xff, 0xf9, 0x57, 0x83, 0xff,
  0xf8, 0x55, 0x82, 0xff, 0xf8, 0x57, 0x82, 0xff, 0xe7, 0x21, 0x4b, 0xff,
  0xf9, 0xcf, 0xd7, 0xff, 0xff, 0xff, 0xff, 0xff, 0xfe, 0xfc, 0xfd, 0xff,
  0xfe, 0xfe, 0xfe, 0xff, 0xfe, 0xfe, 0xfe, 0xff, 0xfe, 0xfe, 0xfe, 0xff,
  0xfe, 0xfe, 0xfe, 0xff, 0xfe, 0xfe, 0xfe, 0xff, 0xfe, 0xff, 0xff, 0xff,
  0xfa, 0x5f, 0x82, 0xff, 0xfd, 0xcf, 0xda, 0xff, 0xfe, 0xff, 0xff, 0xff,
  0xfe, 0xfc, 0xfd, 0xff, 0xfe, 0xfe, 0xff, 0xff, 0xfe, 0xfe, 0xfe, 0xff,
  0xfe, 0xfe, 0xfe, 0xff, 0xfe, 0xfe, 0xfe, 0xff, 0xfe, 0xfe, 0xfe, 0xff,
  0xfe, 0xfe, 0xfe, 0xff, 0xfe, 0xfe, 0xfe, 0xff, 0xfe, 0xfe, 0xfe, 0xff,
  0xff, 0xff, 0xff, 0xff, 0xf5, 0xf1, 0xf0, 0xff, 0xf6, 0xf3, 0xf3, 0xff,
  0xfd, 0xfe, 0xfe, 0xff, 0xfe, 0xfe, 0xfe, 0xff, 0xfe, 0xfe, 0xfe, 0xff,
  0xfe, 0xfe, 0xfe, 0xff, 0xfe, 0xfe, 0xfe, 0xff, 0xfd, 0xfd, 0xfe, 0xff,
  0xf5, 0xf3, 0xf2, 0xff, 0xf7, 0xf4, 0xf3, 0xff, 0xff, 0xff, 0xff, 0xff,
  0xfe, 0xfd, 0xfe, 0xff, 0xfe, 0xfe, 0xfe, 0xff, 0xfe, 0xfe, 0xfe, 0xff,
  0xfe, 0xfe, 0xfe, 0xff, 0xfe, 0xfe, 0xfe, 0xff, 0xfe, 0xfe, 0xfe, 0xff,
  0xfe, 0xfe, 0xfe, 0xff, 0xfe, 0xfe, 0xfe, 0xff, 0xfe, 0xfe, 0xfe, 0xff,
  0xfe, 0xfe, 0xfe, 0xff, 0xfe, 0xfe, 0xfe, 0xff, 0xfe, 0xfe, 0xfe, 0xff,
  0xfd, 0xfb, 0xfa, 0xff, 0xff, 0xff, 0xff, 0xff, 0xe2, 0xa2, 0x88, 0xff,
  0xe2, 0x69, 0x0a, 0xff, 0xff, 0xa9, 0x3b, 0xff, 0xfa, 0x9e, 0x32, 0xff,
  0xfc, 0xa1, 0x34, 0xff, 0xfc, 0xa1, 0x36, 0xff, 0xfb, 0xa0, 0x34, 0xff,
  0xfb, 0x9f, 0x34, 0xff, 0xfb, 0x9f, 0x35, 0xff, 0xfb, 0x9e, 0x34, 0xff,
  0xfb, 0x9d, 0x34, 0xff, 0xfb, 0x9d, 0x34, 0xff, 0xfb, 0x9c, 0x33, 0xff,
  0xfb, 0x9b, 0x33, 0xff, 0xfb, 0x9a, 0x33, 0xff, 0xfb, 0x99, 0x32, 0xff,
  0xfb, 0x98, 0x31, 0xff, 0xfb, 0x97, 0x31, 0xff, 0xfb, 0x97, 0x31, 0xff,
  0xfb, 0x96, 0x30, 0xff, 0xfb, 0x96, 0x2f, 0xff, 0xfa, 0x95, 0x2e, 0xff,
  0xf9, 0x91, 0x2c, 0xff, 0xfe, 0x9a, 0x31, 0xff, 0xd9, 0x56, 0x04, 0xff,
  0xe8, 0xb6, 0xa7, 0xff, 0xff, 0xff, 0xff, 0xff, 0xfd, 0xfb, 0xfb, 0xff,
  0xfe, 0xfe, 0xfe, 0xff, 0xfe, 0xfe, 0xfe, 0xff, 0xfe, 0xfe, 0xfe, 0xff,
  0xfe, 0xfe, 0xfe, 0xff, 0xfe, 0xfe, 0xfe, 0xff, 0xfe, 0xfe, 0xfe, 0xff,
  0xfd, 0xfb, 0xfb, 0xff, 0xff, 0xff, 0xff, 0xff, 0xf1, 0xa5, 0xb0, 0xff,
  0xe9, 0x29, 0x56, 0xff, 0xfd, 0x73, 0xa3, 0xff, 0xfa, 0x69, 0x98, 0xff,
  0xfa, 0x6b, 0x99, 0xff, 0xfa, 0x6b, 0x99, 0xff, 0xfa, 0x69, 0x97, 0xff,
  0xfa, 0x68, 0x95, 0xff, 0xfa, 0x67, 0x93, 0xff, 0xfa, 0x65, 0x92, 0xff,
  0xfa, 0x63, 0x90, 0xff, 0xfa, 0x63, 0x8e, 0xff, 0xfa, 0x61, 0x8c, 0xff,
  0xf9, 0x5e, 0x8b, 0xff, 0xf9, 0x5d, 0x8a, 0xff, 0xf9, 0x5c, 0x88, 0xff,
  0xf9, 0x5b, 0x87, 0xff, 0xf8, 0x59, 0x85, 0xff, 0xf8, 0x58, 0x83, 0xff,
  0xf9, 0x56, 0x81, 0xff, 0xf8, 0x55, 0x80, 0xff, 0xf9, 0x54, 0x7f, 0xff,
  0xf8, 0x52, 0x7e, 0xff, 0xf9, 0x55, 0x7f, 0xff, 0xe8, 0x22, 0x4c, 0xff,
  0xf8, 0xce, 0xd7, 0xff, 0xff, 0xff, 0xff, 0xff, 0xfe, 0xfc, 0xfc, 0xff,
  0xfe, 0xfe, 0xfe, 0xff, 0xfe, 0xfe, 0xfe, 0xff, 0xfe, 0xfe, 0xfe, 0xff,
  0xfe, 0xfe, 0xfe, 0xff, 0xfe, 0xfd, 0xfe, 0xff, 0xfe, 0xff, 0xff, 0xff,
  0xf9, 0x5f, 0x81, 0xff, 0xfc, 0xcf, 0xda, 0xff, 0xfe, 0xff, 0xff, 0xff,
  0xfe, 0xfc, 0xfc, 0xff, 0xfe, 0xfe, 0xfe, 0xff, 0xfe, 0xfe, 0xfe, 0xff,
  0xfe, 0xfe, 0xfe, 0xff, 0xfe, 0xfe, 0xfe, 0xff, 0xfe, 0xfe, 0xfe, 0xff,
  0xfe, 0xfe, 0xfe, 0xff, 0xfe, 0xfe, 0xfe, 0xff, 0xfe, 0xfe, 0xfe, 0xff,
  0xff, 0xff, 0xff, 0xff, 0xf4, 0xf1, 0xf0, 0xff, 0xf6, 0xf3, 0xf3, 0xff,
  0xfd, 0xfe, 0xfe, 0xff, 0xfe, 0xfe, 0xfe, 0xff, 0xfe, 0xfe, 0xfe, 0xff,
  0xfe, 0xfe, 0xfe, 0xff, 0xfe, 0xfe, 0xfe, 0xff, 0xfd, 0xfd, 0xfe, 0xff,
  0xf5, 0xf2, 0xf2, 0xff, 0xf7, 0xf4, 0xf3, 0xff, 0xff, 0xff, 0xff, 0xff,
  0xfd, 0xfd, 0xfd, 0xff, 0xfe, 0xfe, 0xfe, 0xff, 0xfd, 0xfe, 0xfe, 0xff,
  0xfd, 0xfe, 0xfe, 0xff, 0xfd, 0xfd, 0xfe, 0xff, 0xfd, 0xfd, 0xfe, 0xff,
  0xfe, 0xfe, 0xfe, 0xff, 0xfd, 0xfe, 0xfe, 0xff, 0xfd, 0xfe, 0xfe, 0xff,
  0xfd, 0xfe, 0xfe, 0xff, 0xfe, 0xfe, 0xfe, 0xff, 0xfe, 0xfe, 0xfe, 0xff,
  0xfe, 0xfd, 0xfc, 0xff, 0xff, 0xff, 0xff, 0xff, 0xd9, 0x74, 0x43, 0xff,
  0xf0, 0x83, 0x1b, 0xff, 0xfd, 0xa2, 0x36, 0xff, 0xfb, 0x9c, 0x31, 0xff,
  0xfb, 0x9d, 0x32, 0xff, 0xfb, 0x9d, 0x32, 0xff, 0xfb, 0x9c, 0x32, 0xff,
  0xfb, 0x9c, 0x32, 0xff, 0xfb, 0x9b, 0x32, 0xff, 0xfb, 0x9b, 0x32, 0xff,
  0xfb, 0x9a, 0x31, 0xff, 0xfb, 0x99, 0x31, 0xff, 0xfb, 0x98, 0x31, 0xff,
  0xfb, 0x98, 0x30, 0xff, 0xfb, 0x97, 0x30, 0xff, 0xfb, 0x96, 0x30, 0xff,
  0xfb, 0x95, 0x2f, 0xff, 0xfb, 0x94, 0x2e, 0xff, 0xfb, 0x93, 0x2e, 0xff,
  0xfb, 0x93, 0x2d, 0xff, 0xfb, 0x93, 0x2d, 0xff, 0xfb, 0x91, 0x2c, 0xff,
  0xf9, 0x8f, 0x2a, 0xff, 0xfe, 0x97, 0x30, 0xff, 0xe7, 0x6b, 0x0e, 0xff,
  0xd7, 0x80, 0x60, 0xff, 0xff, 0xff, 0xff, 0xff, 0xfd, 0xfb, 0xfa, 0xff,
  0xfe, 0xfe, 0xfe, 0xff, 0xfe, 0xfe, 0xfe, 0xff, 0xfe, 0xfe, 0xfe, 0xff,
  0xfe, 0xfe, 0xfe, 0xff, 0xfe, 0xfe, 0xfe, 0xff, 0xfe, 0xfe, 0xfe, 0xff,
  0xfd, 0xfa, 0xfb, 0xff, 0xff, 0xff, 0xff, 0xff, 0xf1, 0xa6, 0xb0, 0xff,
  0xe8, 0x2a, 0x56, 0xff, 0xfd, 0x71, 0xa2, 0xff, 0xfa, 0x68, 0x97, 0xff,
  0xfb, 0x6b, 0x99, 0xff, 0xfb, 0x6a, 0x98, 0xff, 0xfa, 0x68, 0x96, 0xff,
  0xfa, 0x66, 0x94, 0xff, 0xfa, 0x65, 0x92, 0xff, 0xfa, 0x63, 0x90, 0xff,
  0xfa, 0x61, 0x8e, 0xff, 0xf9, 0x60, 0x8c, 0xff, 0xf9, 0x5e, 0x8a, 0xff,
  0xf9, 0x5d, 0x89, 0xff, 0xf9, 0x5c, 0x88, 0xff, 0xf9, 0x5c, 0x86, 0xff,
  0xf9, 0x59, 0x85, 0xff, 0xf9, 0x57, 0x83, 0xff, 0xf8, 0x55, 0x80, 0xff,
  0xf8, 0x54, 0x7f, 0xff, 0xf8, 0x52, 0x7e, 0xff, 0xf8, 0x52, 0x7d, 0xff,
  0xf8, 0x50, 0x7c, 0xff, 0xf9, 0x52, 0x7d, 0xff, 0xe8, 0x21, 0x4a, 0xff,
  0xf8, 0xce, 0xd7, 0xff, 0xff, 0xff, 0xff, 0xff, 0xfe, 0xfc, 0xfc, 0xff,
  0xfe, 0xfe, 0xfe, 0xff, 0xfe, 0xfe, 0xfe, 0xff, 0xfe, 0xfe, 0xfe, 0xff,
  0xfe, 0xfe, 0xfe, 0xff, 0xfe, 0xfd, 0xfe, 0xff, 0xfe, 0xff, 0xff, 0xff,
  0xf9, 0x60, 0x83, 0xff, 0xfc, 0xd0, 0xda, 0xff, 0xfe, 0xff, 0xff, 0xff,
  0xfd, 0xfc, 0xfc, 0xff, 0xfe, 0xfe, 0xfe, 0xff, 0xfe, 0xfe, 0xfe, 0xff,
  0xfe, 0xfe, 0xfe, 0xff, 0xfe, 0xfe, 0xfe, 0xff, 0xfd, 0xfe, 0xfe, 0xff,
  0xfe, 0xfe, 0xfe, 0xff, 0xfe, 0xfe, 0xfe, 0xff, 0xfd, 0xfd, 0xfd, 0xff,
  0xff, 0xff, 0xff, 0xff, 0xf4, 0xf0, 0xf0, 0xff, 0xf6, 0xf3, 0xf3, 0xff,
  0xfe, 0xfe, 0xfe, 0xff, 0xfe, 0xfe, 0xff, 0xff, 0xfe, 0xfe, 0xfe, 0xff,
  0xfe, 0xfe, 0xfe, 0xff, 0xfe, 0xfe, 0xfe, 0xff, 0xfd, 0xfd, 0xfe, 0xff,
  0xf5, 0xf3, 0xf3, 0xff, 0xf7, 0xf4, 0xf3, 0xff, 0xff, 0xff, 0xff, 0xff,
  0xfd, 0xfd, 0xfd, 0xff, 0xfd, 0xfd, 0xfe, 0xff, 0xfe, 0xfd, 0xfe, 0xff,
  0xfe, 0xfd, 0xfe, 0xff, 0xfd, 0xfd, 0xfe, 0xff, 0xfd, 0xfd, 0xfe, 0xff,
  0xfe, 0xfe, 0xfe, 0xff, 0xfe, 0xfe, 0xfe, 0xff, 0xfe, 0xfe, 0xfe, 0xff,
  0xfd, 0xfd, 0xfe, 0xff, 0xfd, 0xfd, 0xfe, 0xff, 0xfd, 0xfd, 0xfd, 0xff,
  0xfe, 0xff, 0xff, 0xff, 0xfa, 0xf3, 0xf3, 0xff, 0xd6, 0x61, 0x1f, 0xff,
  0xf8, 0x92, 0x26, 0xff, 0xfb, 0x9b, 0x31, 0xff, 0xfa, 0x99, 0x30, 0xff,
  0xfa, 0x9a, 0x30, 0xff, 0xfa, 0x99, 0x30, 0xff, 0xfb, 0x99, 0x30, 0xff,
  0xfb, 0x98, 0x30, 0xff, 0xfb, 0x98, 0x30, 0xff, 0xfb, 0x98, 0x30, 0xff,
  0xfb, 0x97, 0x2f, 0xff, 0xfb, 0x95, 0x2f, 0xff, 0xfb, 0x95, 0x2f, 0xff,
  0xfb, 0x94, 0x2e, 0xff, 0xfb, 0x93, 0x2e, 0xff, 0xfb, 0x93, 0x2e, 0xff,
  0xfb, 0x92, 0x2d, 0xff, 0xfa, 0x90, 0x2c, 0xff, 0xfa, 0x90, 0x2b, 0xff,
  0xfb, 0x90, 0x2b, 0xff, 0xfb, 0x8f, 0x2b, 0xff, 0xfb, 0x8e, 0x2a, 0xff,
  0xfa, 0x8d, 0x29, 0xff, 0xfc, 0x90, 0x2b, 0xff, 0xf2, 0x7c, 0x19, 0xff,
  0xd4, 0x66, 0x34, 0xff, 0xfe, 0xfe, 0xfe, 0xff, 0xfd, 0xfe, 0xfd, 0xff,
  0xfd, 0xfd, 0xfd, 0xff, 0xfd, 0xfd, 0xfd, 0xff, 0xfd, 0xfd, 0xfe, 0xff,
  0xfe, 0xfe, 0xfe, 0xff, 0xfd, 0xfd, 0xfe, 0xff, 0xfe, 0xfe, 0xfe, 0xff,
  0xfd, 0xfa, 0xfb, 0xff, 0xff, 0xff, 0xff, 0xff, 0xf0, 0xa4, 0xaf, 0xff,
  0xe8, 0x29, 0x55, 0xff, 0xfe, 0x72, 0xa2, 0xff, 0xfa, 0x68, 0x97, 0xff,
  0xfb, 0x6a, 0x98, 0xff, 0xfa, 0x69, 0x96, 0xff, 0xfa, 0x68, 0x95, 0xff,
  0xfa, 0x67, 0x92, 0xff, 0xfa, 0x64, 0x90, 0xff, 0xfa, 0x62, 0x8e, 0xff,
  0xf9, 0x5f, 0x8b, 0xff, 0xf9, 0x5d, 0x89, 0xff, 0xf9, 0x5c, 0x88, 0xff,
  0xf9, 0x5b, 0x86, 0xff, 0xf9, 0x5b, 0x86, 0xff, 0xf9, 0x59, 0x84, 0xff,
  0xf9, 0x56, 0x82, 0xff, 0xf8, 0x55, 0x80, 0xff, 0xf8, 0x53, 0x7e, 0xff,
  0xf8, 0x52, 0x7d, 0xff, 0xf8, 0x50, 0x7c, 0xff, 0xf8, 0x4f, 0x7b, 0xff,
  0xf8, 0x4e, 0x7a, 0xff, 0xf9, 0x50, 0x7a, 0xff, 0xe7, 0x1d, 0x47, 0xff,
  0xf8, 0xce, 0xd6, 0xff, 0xff, 0xff, 0xff, 0xff, 0xfd, 0xfb, 0xfc, 0xff,
  0xfd, 0xfd, 0xfe, 0xff, 0xfe, 0xfe, 0xfe, 0xff, 0xfe, 0xfe, 0xfe, 0xff,
  0xfd, 0xfd, 0xfd, 0xff, 0xfe, 0xfd, 0xfd, 0xff, 0xfe, 0xff, 0xff, 0xff,
  0xfa, 0x61, 0x84, 0xff, 0xfc, 0xd0, 0xda, 0xff, 0xfe, 0xff, 0xff, 0xff,
  0xfd, 0xfc, 0xfc, 0xff, 0xfd, 0xfe, 0xfd, 0xff, 0xfd, 0xfd, 0xfd, 0xff,
  0xfe, 0xfd, 0xfe, 0xff, 0xfe, 0xfd, 0xfd, 0xff, 0xfd, 0xfd, 0xfe, 0xff,
  0xfd, 0xfd, 0xfe, 0xff, 0xfe, 0xfe, 0xfe, 0xff, 0xfd, 0xfd, 0xfd, 0xff,
  0xff, 0xff, 0xff, 0xff, 0xf4, 0xf0, 0xf0, 0xff, 0xf5, 0xf3, 0xf3, 0xff,
  0xfe, 0xfe, 0xfe, 0xff, 0xfe, 0xfe, 0xff, 0xff, 0xfe, 0xfe, 0xfe, 0xff,
  0xfe, 0xfe, 0xfe, 0xff, 0xfe, 0xfe, 0xfe, 0xff, 0xfd, 0xfe, 0xfe, 0xff,
  0xf5, 0xf3, 0xf3, 0xff, 0xf7, 0xf4, 0xf3, 0xff, 0xff, 0xff, 0xff, 0xff,
  0xfd, 0xfd, 0xfd, 0xff, 0xfe, 0xfd, 0xfe, 0xff, 0xfe, 0xfd, 0xfe, 0xff,
  0xfd, 0xfd, 0xfd, 0xff, 0xfd, 0xfd, 0xfd, 0xff, 0xfe, 0xfd, 0xfe, 0xff,
  0xfe, 0xfd, 0xfe, 0xff, 0xfd, 0xfd, 0xfe, 0xff, 0xfe, 0xfd, 0xfe, 0xff,
  0xfd, 0xfd, 0xfd, 0xff, 0xfd, 0xfd, 0xfd, 0xff, 0xfd, 0xfc, 0xfc, 0xff,
  0xff, 0xff, 0xff, 0xff, 0xf5, 0xe2, 0xdd, 0xff, 0xd7, 0x5c, 0x12, 0xff,
  0xfc, 0x96, 0x2a, 0xff, 0xfa, 0x96, 0x2e, 0xff, 0xfa, 0x97, 0x2e, 0xff,
  0xfb, 0x97, 0x2f, 0xff, 0xfa, 0x96, 0x2f, 0xff, 0xfb, 0x96, 0x2e, 0xff,
  0xfb, 0x95, 0x2e, 0xff, 0xfb, 0x94, 0x2d, 0xff, 0xfb, 0x94, 0x2e, 0xff,
  0xfb, 0x93, 0x2e, 0xff, 0xfb, 0x92, 0x2d, 0xff, 0xfa, 0x91, 0x2c, 0xff,
  0xfb, 0x90, 0x2b, 0xff, 0xfa, 0x90, 0x2b, 0xff, 0xfa, 0x8f, 0x2a, 0xff,
  0xfa, 0x8e, 0x2a, 0xff, 0xfa, 0x8d, 0x29, 0xff, 0xfa, 0x8c, 0x29, 0xff,
  0xfa, 0x8c, 0x28, 0xff, 0xfa, 0x8c, 0x28, 0xff, 0xfa, 0x8b, 0x28, 0xff,
  0xfa, 0x8a, 0x27, 0xff, 0xfa, 0x8a, 0x28, 0xff, 0xf6, 0x81, 0x1d, 0xff,
  0xcf, 0x58, 0x1e, 0xff, 0xf9, 0xf2, 0xf1, 0xff, 0xff, 0xff, 0xff, 0xff,
  0xfd, 0xfd, 0xfc, 0xff, 0xfd, 0xfd, 0xfd, 0xff, 0xfd, 0xfd, 0xfd, 0xff,
  0xfd, 0xfd, 0xfd, 0xff, 0xfd, 0xfd, 0xfd, 0xff, 0xfe, 0xfd, 0xfd, 0xff,
  0xfd, 0xfa, 0xfb, 0xff, 0xff, 0xff, 0xff, 0xff, 0xf0, 0xa4, 0xaf, 0xff,
  0xe9, 0x29, 0x55, 0xff, 0xfe, 0x71, 0xa1, 0xff, 0xfa, 0x67, 0x96, 0xff,
  0xfa, 0x69, 0x97, 0xff, 0xfb, 0x68, 0x94, 0xff, 0xfa, 0x67, 0x92, 0xff,
  0xfa, 0x65, 0x91, 0xff, 0xfa, 0x62, 0x8f, 0xff, 0xf9, 0x5f, 0x8c, 0xff,
  0xf9, 0x5d, 0x8a, 0xff, 0xf9, 0x5c, 0x88, 0xff, 0xf9, 0x5a, 0x86, 0xff,
  0xf8, 0x59, 0x84, 0xff, 0xf8, 0x58, 0x83, 0xff, 0xf8, 0x56, 0x81, 0xff,
  0xf8, 0x54, 0x7f, 0xff, 0xf8, 0x53, 0x7e, 0xff, 0xf8, 0x52, 0x7d, 0xff,
  0xf8, 0x50, 0x7b, 0xff, 0xf8, 0x4f, 0x7a, 0xff, 0xf8, 0x4e, 0x79, 0xff,
  0xf8, 0x4c, 0x77, 0xff, 0xf8, 0x4d, 0x77, 0xff, 0xe7, 0x1d, 0x47, 0xff,
  0xf8, 0xce, 0xd6, 0xff, 0xff, 0xff, 0xff, 0xff, 0xfd, 0xfb, 0xfc, 0xff,
  0xfe, 0xfd, 0xfd, 0xff, 0xfd, 0xfd, 0xfd, 0xff, 0xfd, 0xfd, 0xfd, 0xff,
  0xfd, 0xfd, 0xfd, 0xff, 0xfe, 0xfd, 0xfd, 0xff, 0xfe, 0xff, 0xff, 0xff,
  0xfa, 0x60, 0x83, 0xff, 0xfc, 0xd0, 0xda, 0xff, 0xfe, 0xff, 0xff, 0xff,
  0xfd, 0xfc, 0xfc, 0xff, 0xfe, 0xfe, 0xfd, 0xff, 0xfe, 0xfd, 0xfd, 0xff,
  0xfe, 0xfd, 0xfe, 0xff, 0xfe, 0xfd, 0xfe, 0xff, 0xfe, 0xfd, 0xfd, 0xff,
  0xfe, 0xfd, 0xfd, 0xff, 0xfe, 0xfd, 0xfe, 0xff, 0xfd, 0xfd, 0xfd, 0xff,
  0xff, 0xff, 0xff, 0xff, 0xf4, 0xf0, 0xf0, 0xff, 0xf6, 0xf3, 0xf3, 0xff,
  0xfd, 0xfe, 0xfe, 0xff, 0xfe, 0xfe, 0xff, 0xff, 0xfe, 0xfe, 0xfe, 0xff,
  0xfe, 0xfe, 0xfe, 0xff, 0xfe, 0xfe, 0xfe, 0xff, 0xfd, 0xfe, 0xfe, 0xff,
  0xf5, 0xf2, 0xf2, 0xff, 0xf7, 0xf3, 0xf3, 0xff, 0xff, 0xff, 0xff, 0xff,
  0xfd, 0xfd, 0xfd, 0xff, 0xfd, 0xfd, 0xfd, 0xff, 0xfe, 0xfd, 0xfd, 0xff,
  0xfd, 0xfd, 0xfd, 0xff, 0xfd, 0xfd, 0xfd, 0xff, 0xfe, 0xfd, 0xfd, 0xff,
  0xfe, 0xfd, 0xfd, 0xff, 0xfe, 0xfd, 0xfd, 0xff, 0xfd, 0xfd, 0xfd, 0xff,
  0xfd, 0xfd, 0xfd, 0xff, 0xfe, 0xfd, 0xfd, 0xff, 0xfd, 0xfc, 0xfb, 0xff,
  0xff, 0xff, 0xff, 0xff, 0xf3, 0xd9, 0xd2, 0xff, 0xd7, 0x59, 0x0c, 0xff,
  0xfc, 0x95, 0x2a, 0xff, 0xfa, 0x92, 0x2b, 0xff, 0xfb, 0x93, 0x2c, 0xff,
  0xfb, 0x94, 0x2d, 0xff, 0xfb, 0x93, 0x2d, 0xff, 0xfb, 0x92, 0x2c, 0xff,
  0xfa, 0x91, 0x2b, 0xff, 0xfa, 0x90, 0x2b, 0xff, 0xfb, 0x90, 0x2a, 0xff,
  0xfb, 0x8f, 0x2a, 0xff, 0xfb, 0x8f, 0x2a, 0xff, 0xfa, 0x8d, 0x2a, 0xff,
  0xfa, 0x8c, 0x29, 0xff, 0xfa, 0x8b, 0x28, 0xff, 0xfa, 0x8b, 0x27, 0xff,
  0xfa, 0x8b, 0x27, 0xff, 0xfa, 0x8a, 0x27, 0xff, 0xfa, 0x89, 0x27, 0xff,
  0xfa, 0x89, 0x26, 0xff, 0xfa, 0x88, 0x26, 0xff, 0xfa, 0x88, 0x25, 0xff,
  0xfa, 0x86, 0x25, 0xff, 0xfa, 0x86, 0x25, 0xff, 0xf8, 0x81, 0x1d, 0xff,
  0xcf, 0x53, 0x14, 0xff, 0xf7, 0xea, 0xe7, 0xff, 0xff, 0xff, 0xff, 0xff,
  0xfd, 0xfc, 0xfc, 0xff, 0xfe, 0xfd, 0xfd, 0xff, 0xfe, 0xfd, 0xfd, 0xff,
  0xfe, 0xfd, 0xfd, 0xff, 0xfd, 0xfd, 0xfd, 0xff, 0xfe, 0xfd, 0xfd, 0xff,
  0xfd, 0xfa, 0xfa, 0xff, 0xff, 0xff, 0xff, 0xff, 0xf0, 0xa4, 0xaf, 0xff,
  0xe8, 0x28, 0x54, 0xff, 0xfd, 0x6f, 0x9e, 0xff, 0xfa, 0x66, 0x94, 0xff,
  0xfb, 0x68, 0x95, 0xff, 0xfb, 0x66, 0x93, 0xff, 0xfa, 0x64, 0x91, 0xff,
  0xfa, 0x62, 0x8f, 0xff, 0xf9, 0x60, 0x8d, 0xff, 0xf9, 0x5e, 0x8a, 0xff,
  0xf9, 0x5c, 0x88, 0xff, 0xf9, 0x5c, 0x87, 0xff, 0xf8, 0x5a, 0x85, 0xff,
  0xf8, 0x58, 0x83, 0xff, 0xf8, 0x56, 0x81, 0xff, 0xf8, 0x54, 0x7f, 0xff,
  0xf8, 0x52, 0x7d, 0xff, 0xf8, 0x51, 0x7c, 0xff, 0xf8, 0x50, 0x7a, 0xff,
  0xf8, 0x4e, 0x78, 0xff, 0xf7, 0x4d, 0x77, 0xff, 0xf7, 0x4b, 0x75, 0xff,
  0xf7, 0x48, 0x74, 0xff, 0xf8, 0x4a, 0x74, 0xff, 0xe6, 0x1d, 0x47, 0xff,
  0xf8, 0xce, 0xd7, 0xff, 0xff, 0xff, 0xff, 0xff, 0xfd, 0xfb, 0xfc, 0xff,
  0xfe, 0xfd, 0xfd, 0xff, 0xfd, 0xfd, 0xfd, 0xff, 0xfd, 0xfd, 0xfd, 0xff,
  0xfd, 0xfd, 0xfd, 0xff, 0xfe, 0xfd, 0xfd, 0xff, 0xfe, 0xff, 0xff, 0xff,
  0xfa, 0x61, 0x84, 0xff, 0xfd, 0xd0, 0xda, 0xff, 0xfe, 0xff, 0xff, 0xff,
  0xfd, 0xfb, 0xfc, 0xff, 0xfd, 0xfd, 0xfd, 0xff, 0xfd, 0xfd, 0xfd, 0xff,
  0xfe, 0xfd, 0xfd, 0xff, 0xfe, 0xfd, 0xfd, 0xff, 0xfd, 0xfd, 0xfd, 0xff,
  0xfe, 0xfd, 0xfd, 0xff, 0xfe, 0xfd, 0xfd, 0xff, 0xfd, 0xfd, 0xfd, 0xff,
  0xfe, 0xff, 0xff, 0xff, 0xf5, 0xf1, 0xf0, 0xff, 0xf6, 0xf3, 0xf3, 0xff,
  0xfd, 0xfe, 0xfe, 0xff, 0xfe, 0xfe, 0xfe, 0xff, 0xfe, 0xfe, 0xfe, 0xff,
  0xfe, 0xfe, 0xfe, 0xff, 0xfe, 0xfe, 0xfe, 0xff, 0xfd, 0xfd, 0xfe, 0xff,
  0xf5, 0xf2, 0xf2, 0xff, 0xf7, 0xf3, 0xf3, 0xff, 0xff, 0xff, 0xff, 0xff,
  0xfd, 0xfd, 0xfd, 0xff, 0xfd, 0xfd, 0xfd, 0xff, 0xfe, 0xfd, 0xfd, 0xff,
  0xfe, 0xfd, 0xfd, 0xff, 0xfd, 0xfd, 0xfd, 0xff, 0xfe, 0xfd, 0xfd, 0xff,
  0xfe, 0xfd, 0xfd, 0xff, 0xfe, 0xfd, 0xfd, 0xff, 0xfe, 0xfd, 0xfd, 0xff,
  0xfe, 0xfd, 0xfd, 0xff, 0xfe, 0xfd, 0xfd, 0xff, 0xfd, 0xfc, 0xfb, 0xff,
  0xff, 0xff, 0xff, 0xff, 0xf3, 0xdd, 0xd7, 0xff, 0xd4, 0x57, 0x0d, 0xff,
  0xfc, 0x91, 0x27, 0xff, 0xfa, 0x8f, 0x29, 0xff, 0xfb, 0x90, 0x29, 0xff,
  0xfb, 0x90, 0x2a, 0xff, 0xfa, 0x8f, 0x2a, 0xff, 0xfa, 0x8e, 0x29, 0xff,
  0xfa, 0x8d, 0x29, 0xff, 0xfa, 0x8d, 0x28, 0xff, 0xfa, 0x8c, 0x27, 0xff,
  0xfa, 0x8c, 0x27, 0xff, 0xfa, 0x8a, 0x27, 0xff, 0xfa, 0x8a, 0x27, 0xff,
  0xfa, 0x8a, 0x27, 0xff, 0xfa, 0x89, 0x26, 0xff, 0xfa, 0x88, 0x26, 0xff,
  0xfa, 0x88, 0x25, 0xff, 0xfa, 0x87, 0x25, 0xff, 0xfb, 0x86, 0x24, 0xff,
  0xfa, 0x85, 0x24, 0xff, 0xfa, 0x85, 0x24, 0xff, 0xfa, 0x84, 0x23, 0xff,
  0xfa, 0x83, 0x22, 0xff, 0xfa, 0x83, 0x22, 0xff, 0xf7, 0x7c, 0x1a, 0xff,
  0xcd, 0x53, 0x18, 0xff, 0xf8, 0xed, 0xec, 0xff, 0xff, 0xff, 0xff, 0xff,
  0xfd, 0xfc, 0xfc, 0xff, 0xfe, 0xfd, 0xfd, 0xff, 0xfe, 0xfd, 0xfd, 0xff,
  0xfd, 0xfd, 0xfd, 0xff, 0xfe, 0xfd, 0xfd, 0xff, 0xfe, 0xfd, 0xfd, 0xff,
  0xfd, 0xfa, 0xfa, 0xff, 0xff, 0xff, 0xff, 0xff, 0xef, 0xa4, 0xaf, 0xff,
  0xe7, 0x27, 0x53, 0xff, 0xfe, 0x6f, 0x9d, 0xff, 0xfa, 0x65, 0x93, 0xff,
  0xfa, 0x66, 0x93, 0xff, 0xfa, 0x65, 0x91, 0xff, 0xfa, 0x63, 0x90, 0xff,
  0xf9, 0x61, 0x8e, 0xff, 0xf9, 0x5f, 0x8b, 0xff, 0xf9, 0x5d, 0x88, 0xff,
  0xf9, 0x5b, 0x86, 0xff, 0xf8, 0x5b, 0x85, 0xff, 0xf8, 0x59, 0x83, 0xff,
  0xf8, 0x57, 0x81, 0xff, 0xf8, 0x54, 0x7f, 0xff, 0xf8, 0x52, 0x7d, 0xff,
  0xf8, 0x50, 0x7b, 0xff, 0xf8, 0x4f, 0x79, 0xff, 0xf8, 0x4e, 0x77, 0xff,
  0xf7, 0x4b, 0x75, 0xff, 0xf7, 0x49, 0x73, 0xff, 0xf8, 0x48, 0x72, 0xff,
  0xf7, 0x45, 0x71, 0xff, 0xf8, 0x47, 0x71, 0xff, 0xe6, 0x1d, 0x46, 0xff,
  0xf8, 0xcf, 0xd7, 0xff, 0xff, 0xff, 0xff, 0xff, 0xfd, 0xfb, 0xfb, 0xff,
  0xfd, 0xfd, 0xfd, 0xff, 0xfd, 0xfd, 0xfd, 0xff, 0xfd, 0xfd, 0xfd, 0xff,
  0xfe, 0xfd, 0xfd, 0xff, 0xfe, 0xfc, 0xfd, 0xff, 0xfe, 0xff, 0xff, 0xff,
  0xfa, 0x62, 0x84, 0xff, 0xfd, 0xd0, 0xda, 0xff, 0xfe, 0xff, 0xff, 0xff,
  0xfd, 0xfb, 0xfc, 0xff, 0xfe, 0xfd, 0xfd, 0xff, 0xfe, 0xfd, 0xfd, 0xff,
  0xfe, 0xfd, 0xfd, 0xff, 0xfe, 0xfd, 0xfd, 0xff, 0xfd, 0xfd, 0xfd, 0xff,
  0xfe, 0xfd, 0xfd, 0xff, 0xfe, 0xfd, 0xfd, 0xff, 0xfd, 0xfd, 0xfd, 0xff,
  0xff, 0xfe, 0xff, 0xff, 0xf5, 0xf1, 0xf0, 0xff, 0xf6, 0xf3, 0xf3, 0xff,
  0xfd, 0xfd, 0xfe, 0xff, 0xfe, 0xfe, 0xfe, 0xff, 0xfe, 0xfe, 0xfe, 0xff,
  0xfe, 0xfe, 0xfe, 0xff, 0xfe, 0xfe, 0xfe, 0xff, 0xfd, 0xfd, 0xfe, 0xff,
  0xf5, 0xf2, 0xf2, 0xff, 0xf7, 0xf3, 0xf3, 0xff, 0xff, 0xff, 0xff, 0xff,
  0xfd, 0xfd, 0xfd, 0xff, 0xfd, 0xfd, 0xfd, 0xff, 0xfe, 0xfd, 0xfd, 0xff,
  0xfe, 0xfd, 0xfd, 0xff, 0xfd, 0xfd, 0xfd, 0xff, 0xfd, 0xfd, 0xfd, 0xff,
  0xfd, 0xfd, 0xfd, 0xff, 0xfe, 0xfd, 0xfd, 0xff, 0xfe, 0xfd, 0xfd, 0xff,
  0xfd, 0xfd, 0xfd, 0xff, 0xfd, 0xfd, 0xfd, 0xff, 0xfd, 0xfc, 0xfc, 0xff,
  0xff, 0xff, 0xff, 0xff, 0xf7, 0xea, 0xe8, 0xff, 0xd2, 0x5a, 0x16, 0xff,
  0xf9, 0x89, 0x20, 0xff, 0xfb, 0x8d, 0x27, 0xff, 0xfa, 0x8c, 0x27, 0xff,
  0xfa, 0x8c, 0x28, 0xff, 0xfa, 0x8c, 0x27, 0xff, 0xfa, 0x8b, 0x27, 0xff,
  0xfa, 0x8a, 0x27, 0xff, 0xfa, 0x89, 0x25, 0xff, 0xfa, 0x88, 0x24, 0xff,
  0xfa, 0x88, 0x24, 0xff, 0xfa, 0x87, 0x25, 0xff, 0xfa, 0x87, 0x25, 0xff,
  0xfa, 0x87, 0x25, 0xff, 0xfa, 0x86, 0x25, 0xff, 0xfa, 0x85, 0x24, 0xff,
  0xfa, 0x84, 0x23, 0xff, 0xfa, 0x83, 0x22, 0xff, 0xfa, 0x83, 0x21, 0xff,
  0xfa, 0x82, 0x21, 0xff, 0xfa, 0x82, 0x21, 0xff, 0xfa, 0x82, 0x21, 0xff,
  0xf9, 0x80, 0x20, 0xff, 0xfb, 0x81, 0x21, 0xff, 0xf3, 0x74, 0x12, 0xff,
  0xce, 0x5c, 0x27, 0xff, 0xfc, 0xf9, 0xf9, 0xff, 0xfe, 0xfe, 0xfe, 0xff,
  0xfd, 0xfd, 0xfc, 0xff, 0xfe, 0xfd, 0xfd, 0xff, 0xfd, 0xfd, 0xfd, 0xff,
  0xfe, 0xfd, 0xfd, 0xff, 0xfe, 0xfd, 0xfd, 0xff, 0xfe, 0xfd, 0xfd, 0xff,
  0xfd, 0xfa, 0xfa, 0xff, 0xff, 0xff, 0xff, 0xff, 0xf0, 0xa4, 0xaf, 0xff,
  0xe8, 0x27, 0x53, 0xff, 0xfd, 0x6d, 0x9c, 0xff, 0xfa, 0x64, 0x91, 0xff,
  0xfa, 0x65, 0x91, 0xff, 0xfa, 0x64, 0x90, 0xff, 0xfa, 0x63, 0x8e, 0xff,
  0xfa, 0x60, 0x8c, 0xff, 0xf9, 0x5f, 0x89, 0xff, 0xf9, 0x5c, 0x87, 0xff,
  0xf8, 0x5a, 0x85, 0xff, 0xf8, 0x58, 0x83, 0xff, 0xf8, 0x57, 0x81, 0xff,
  0xf8, 0x54, 0x7f, 0xff, 0xf8, 0x52, 0x7c, 0xff, 0xf8, 0x50, 0x7a, 0xff,
  0xf8, 0x4e, 0x79, 0xff, 0xf7, 0x4d, 0x77, 0xff, 0xf7, 0x4b, 0x75, 0xff,
  0xf7, 0x48, 0x73, 0xff, 0xf7, 0x47, 0x71, 0xff, 0xf7, 0x45, 0x6f, 0xff,
  0xf7, 0x43, 0x6e, 0xff, 0xf8, 0x44, 0x6e, 0xff, 0xe4, 0x1b, 0x44, 0xff,
  0xf8, 0xcf, 0xd7, 0xff, 0xff, 0xff, 0xff, 0xff, 0xfd, 0xfa, 0xfb, 0xff,
  0xfe, 0xfd, 0xfd, 0xff, 0xfe, 0xfd, 0xfd, 0xff, 0xfe, 0xfd, 0xfd, 0xff,
  0xfe, 0xfd, 0xfd, 0xff, 0xfe, 0xfc, 0xfd, 0xff, 0xfe, 0xff, 0xff, 0xff,
  0xfa, 0x61, 0x82, 0xff, 0xfc, 0xcf, 0xd9, 0xff, 0xfe, 0xff, 0xff, 0xff,
  0xfe, 0xfb, 0xfc, 0xff, 0xfd, 0xfd, 0xfd, 0xff, 0xfd, 0xfd, 0xfd, 0xff,
  0xfe, 0xfd, 0xfd, 0xff, 0xfe, 0xfd, 0xfd, 0xff, 0xfe, 0xfd, 0xfd, 0xff,
  0xfd, 0xfd, 0xfd, 0xff, 0xfd, 0xfd, 0xfd, 0xff, 0xfd, 0xfd, 0xfd, 0xff,
  0xff, 0xfe, 0xfe, 0xff, 0xf4, 0xf0, 0xf0, 0xff, 0xf5, 0xf3, 0xf2, 0xff,
  0xfd, 0xfe, 0xfe, 0xff, 0xfe, 0xfe, 0xfe, 0xff, 0xfe, 0xfe, 0xfe, 0xff,
  0xfe, 0xfe, 0xfe, 0xff, 0xfe, 0xfe, 0xfe, 0xff, 0xfd, 0xfd, 0xfe, 0xff,
  0xf5, 0xf2, 0xf2, 0xff, 0xf7, 0xf3, 0xf3, 0xff, 0xff, 0xff, 0xff, 0xff,
  0xfd, 0xfd, 0xfd, 0xff, 0xfe, 0xfd, 0xfd, 0xff, 0xfe, 0xfd, 0xfd, 0xff,
  0xfe, 0xfd, 0xfd, 0xff, 0xfd, 0xfd, 0xfd, 0xff, 0xfd, 0xfd, 0xfd, 0xff,
  0xfd, 0xfd, 0xfd, 0xff, 0xfd, 0xfd, 0xfd, 0xff, 0xfd, 0xfd, 0xfd, 0xff,
  0xfd, 0xfd, 0xfd, 0xff, 0xfe, 0xfd, 0xfd, 0xff, 0xfd, 0xfd, 0xfd, 0xff,
  0xfe, 0xfd, 0xfd, 0xff, 0xfd, 0xfc, 0xfc, 0xff, 0xd2, 0x65, 0x2e, 0xff,
  0xf3, 0x79, 0x14, 0xff, 0xfb, 0x8c, 0x27, 0xff, 0xfa, 0x89, 0x25, 0xff,
  0xfa, 0x89, 0x25, 0xff, 0xfa, 0x89, 0x25, 0xff, 0xfa, 0x88, 0x25, 0xff,
  0xfa, 0x87, 0x25, 0xff, 0xfa, 0x86, 0x24, 0xff, 0xfa, 0x85, 0x23, 0xff,
  0xfa, 0x84, 0x22, 0xff, 0xfa, 0x84, 0x22, 0xff, 0xfa, 0x83, 0x22, 0xff,
  0xfa, 0x83, 0x22, 0xff, 0xfa, 0x83, 0x22, 0xff, 0xfa, 0x82, 0x21, 0xff,
  0xfa, 0x80, 0x20, 0xff, 0xf9, 0x80, 0x1f, 0xff, 0xf9, 0x7f, 0x1f, 0xff,
  0xfa, 0x7f, 0x1f, 0xff, 0xfa, 0x7f, 0x1f, 0xff, 0xfa, 0x7e, 0x1f, 0xff,
  0xf9, 0x7d, 0x1d, 0xff, 0xfc, 0x81, 0x21, 0xff, 0xeb, 0x64, 0x07, 0xff,
  0xd3, 0x73, 0x4a, 0xff, 0xff, 0xff, 0xff, 0xff, 0xfd, 0xfb, 0xfa, 0xff,
  0xfd, 0xfd, 0xfd, 0xff, 0xfd, 0xfd, 0xfd, 0xff, 0xfd, 0xfd, 0xfd, 0xff,
  0xfd, 0xfd, 0xfd, 0xff, 0xfd, 0xfd, 0xfd, 0xff, 0xfd, 0xfd, 0xfd, 0xff,
  0xfd, 0xfa, 0xfa, 0xff, 0xff, 0xff, 0xff, 0xff, 0xf0, 0xa4, 0xb0, 0xff,
  0xe8, 0x26, 0x52, 0xff, 0xfd, 0x6b, 0x99, 0xff, 0xfa, 0x62, 0x8f, 0xff,
  0xfb, 0x64, 0x90, 0xff, 0xfa, 0x62, 0x8e, 0xff, 0xf9, 0x60, 0x8c, 0xff,
  0xf9, 0x5f, 0x8a, 0xff, 0xf9, 0x5d, 0x88, 0xff, 0xf9, 0x5b, 0x86, 0xff,
  0xf8, 0x58, 0x83, 0xff, 0xf8, 0x56, 0x80, 0xff, 0xf8, 0x54, 0x7f, 0xff,
  0xf9, 0x52, 0x7d, 0xff, 0xf8, 0x50, 0x7a, 0xff, 0xf8, 0x4f, 0x78, 0xff,
  0xf8, 0x4c, 0x76, 0xff, 0xf7, 0x4a, 0x74, 0xff, 0xf7, 0x48, 0x72, 0xff,
  0xf7, 0x46, 0x70, 0xff, 0xf7, 0x44, 0x6e, 0xff, 0xf7, 0x43, 0x6d, 0xff,
  0xf7, 0x41, 0x6c, 0xff, 0xf8, 0x42, 0x6c, 0xff, 0xe4, 0x19, 0x43, 0xff,
  0xf7, 0xce, 0xd6, 0xff, 0xff, 0xff, 0xff, 0xff, 0xfd, 0xfa, 0xfb, 0xff,
  0xfe, 0xfd, 0xfd, 0xff, 0xfe, 0xfd, 0xfd, 0xff, 0xfe, 0xfd, 0xfd, 0xff,
  0xfe, 0xfd, 0xfd, 0xff, 0xfe, 0xfc, 0xfc, 0xff, 0xfe, 0xff, 0xff, 0xff,
  0xfb, 0x63, 0x84, 0xff, 0xfd, 0xd0, 0xda, 0xff, 0xfe, 0xff, 0xff, 0xff,
  0xfd, 0xfb, 0xfc, 0xff, 0xfd, 0xfd, 0xfd, 0xff, 0xfd, 0xfd, 0xfd, 0xff,
  0xfe, 0xfd, 0xfd, 0xff, 0xfe, 0xfd, 0xfd, 0xff, 0xfd, 0xfd, 0xfd, 0xff,
  0xfe, 0xfd, 0xfd, 0xff, 0xfe, 0xfd, 0xfd, 0xff, 0xfd, 0xfd, 0xfd, 0xff,
  0xff, 0xfe, 0xfe, 0xff, 0xf4, 0xf0, 0xf0, 0xff, 0xf5, 0xf2, 0xf2, 0xff,
  0xfd, 0xfe, 0xfe, 0xff, 0xfe, 0xfe, 0xfe, 0xff, 0xfe, 0xfe, 0xfe, 0xff,
  0xfe, 0xfe, 0xfe, 0xff, 0xfe, 0xfe, 0xfe, 0xff, 0xfd, 0xfd, 0xfd, 0xff,
  0xf5, 0xf3, 0xf2, 0xff, 0xf7, 0xf3, 0xf3, 0xff, 0xff, 0xff, 0xff, 0xff,
  0xfd, 0xfd, 0xfd, 0xff, 0xfe, 0xfd, 0xfd, 0xff, 0xfe, 0xfd, 0xfd, 0xff,
  0xfd, 0xfd, 0xfd, 0xff, 0xfe, 0xfd, 0xfd, 0xff, 0xfe, 0xfd, 0xfd, 0xff,
  0xfd, 0xfd, 0xfd, 0xff, 0xfd, 0xfd, 0xfd, 0xff, 0xfe, 0xfd, 0xfd, 0xff,
  0xfd, 0xfd, 0xfd, 0xff, 0xfd, 0xfd, 0xfd, 0xff, 0xfd, 0xfd, 0xfd, 0xff,
  0xfd, 0xfa, 0xf9, 0xff, 0xff, 0xff, 0xff, 0xff, 0xd9, 0x88, 0x65, 0xff,
  0xe5, 0x62, 0x05, 0xff, 0xfe, 0x8c, 0x27, 0xff, 0xf9, 0x85, 0x22, 0xff,
  0xfa, 0x86, 0x22, 0xff, 0xfa, 0x85, 0x22, 0xff, 0xfa, 0x85, 0x22, 0xff,
  0xfa, 0x84, 0x22, 0xff, 0xfa, 0x82, 0x22, 0xff, 0xf9, 0x82, 0x21, 0xff,
  0xfa, 0x81, 0x20, 0xff, 0xfa, 0x80, 0x20, 0xff, 0xfa, 0x80, 0x1f, 0xff,
  0xfa, 0x80, 0x1e, 0xff, 0xfa, 0x7f, 0x1e, 0xff, 0xfa, 0x7e, 0x1e, 0xff,
  0xfa, 0x7d, 0x1d, 0xff, 0xfa, 0x7d, 0x1e, 0xff, 0xfa, 0x7c, 0x1d, 0xff,
  0xf9, 0x7b, 0x1c, 0xff, 0xfa, 0x7b, 0x1c, 0xff, 0xfa, 0x7b, 0x1c, 0xff,
  0xf8, 0x79, 0x1b, 0xff, 0xfe, 0x80, 0x1f, 0xff, 0xdd, 0x4f, 0x00, 0xff,
  0xde, 0x9c, 0x85, 0xff, 0xff, 0xff, 0xff, 0xff, 0xfd, 0xfa, 0xf9, 0xff,
  0xfd, 0xfd, 0xfd, 0xff, 0xfd, 0xfd, 0xfd, 0xff, 0xfe, 0xfd, 0xfd, 0xff,
  0xfd, 0xfd, 0xfd, 0xff, 0xfd, 0xfd, 0xfd, 0xff, 0xfd, 0xfd, 0xfd, 0xff,
  0xfd, 0xf9, 0xfa, 0xff, 0xff, 0xff, 0xff, 0xff, 0xf0, 0xa5, 0xb0, 0xff,
  0xe7, 0x25, 0x51, 0xff, 0xfe, 0x6a, 0x98, 0xff, 0xfa, 0x61, 0x8e, 0xff,
  0xfa, 0x61, 0x8d, 0xff, 0xf9, 0x60, 0x8c, 0xff, 0xf9, 0x5f, 0x8a, 0xff,
  0xf9, 0x5d, 0x88, 0xff, 0xf9, 0x5b, 0x87, 0xff, 0xf9, 0x59, 0x84, 0xff,
  0xf8, 0x57, 0x81, 0xff, 0xf8, 0x55, 0x7f, 0xff, 0xf8, 0x52, 0x7d, 0xff,
  0xf9, 0x50, 0x7b, 0xff, 0xf8, 0x4e, 0x78, 0xff, 0xf8, 0x4d, 0x76, 0xff,
  0xf8, 0x4a, 0x75, 0xff, 0xf8, 0x48, 0x72, 0xff, 0xf8, 0x47, 0x70, 0xff,
  0xf7, 0x45, 0x6e, 0xff, 0xf7, 0x43, 0x6d, 0xff, 0xf7, 0x41, 0x6c, 0xff,
  0xf7, 0x3f, 0x6a, 0xff, 0xf8, 0x40, 0x6b, 0xff, 0xe4, 0x18, 0x42, 0xff,
  0xf7, 0xce, 0xd6, 0xff, 0xff, 0xff, 0xff, 0xff, 0xfd, 0xfa, 0xfb, 0xff,
  0xfd, 0xfd, 0xfd, 0xff, 0xfe, 0xfd, 0xfd, 0xff, 0xfd, 0xfd, 0xfd, 0xff,
  0xfe, 0xfd, 0xfd, 0xff, 0xfe, 0xfc, 0xfd, 0xff, 0xfe, 0xff, 0xff, 0xff,
  0xfb, 0x63, 0x84, 0xff, 0xfd, 0xd0, 0xda, 0xff, 0xfe, 0xff, 0xff, 0xff,
  0xfd, 0xfb, 0xfc, 0xff, 0xfe, 0xfd, 0xfd, 0xff, 0xfd, 0xfd, 0xfd, 0xff,
  0xfd, 0xfd, 0xfd, 0xff, 0xfe, 0xfd, 0xfd, 0xff, 0xfd, 0xfd, 0xfd, 0xff,
  0xfd, 0xfd, 0xfd, 0xff, 0xfe, 0xfd, 0xfd, 0xff, 0xfd, 0xfd, 0xfd, 0xff,
  0xff, 0xfe, 0xfe, 0xff, 0xf4, 0xf0, 0xf0, 0xff, 0xf5, 0xf2, 0xf2, 0xff,
  0xfd, 0xfd, 0xfd, 0xff, 0xfe, 0xfe, 0xfe, 0xff, 0xfe, 0xfe, 0xfe, 0xff,
  0xfe, 0xfe, 0xfe, 0xff, 0xfe, 0xfe, 0xfe, 0xff, 0xfd, 0xfd, 0xfd, 0xff,
  0xf5, 0xf2, 0xf2, 0xff, 0xf7, 0xf3, 0xf3, 0xff, 0xff, 0xff, 0xff, 0xff,
  0xfd, 0xfd, 0xfd, 0xff, 0xfe, 0xfd, 0xfd, 0xff, 0xfe, 0xfd, 0xfd, 0xff,
  0xfe, 0xfd, 0xfd, 0xff, 0xfe, 0xfd, 0xfd, 0xff, 0xfe, 0xfd, 0xfd, 0xff,
  0xfd, 0xfd, 0xfd, 0xff, 0xfd, 0xfd, 0xfd, 0xff, 0xfd, 0xfd, 0xfd, 0xff,
  0xfd, 0xfd, 0xfd, 0xff, 0xfd, 0xfd, 0xfd, 0xff, 0xfd, 0xfd, 0xfd, 0xff,
  0xfd, 0xfb, 0xfa, 0xff, 0xff, 0xff, 0xff, 0xff, 0xed, 0xc9, 0xbb, 0xff,
  0xd3, 0x4d, 0x00, 0xff, 0xfd, 0x87, 0x23, 0xff, 0xf9, 0x81, 0x1f, 0xff,
  0xfa, 0x82, 0x20, 0xff, 0xfa, 0x82, 0x20, 0xff, 0xfa, 0x81, 0x1f, 0xff,
  0xfa, 0x80, 0x1f, 0xff, 0xfa, 0x7f, 0x1f, 0xff, 0xfa, 0x7f, 0x1e, 0xff,
  0xfa, 0x7e, 0x1e, 0xff, 0xfa, 0x7d, 0x1d, 0xff, 0xfa, 0x7c, 0x1c, 0xff,
  0xfa, 0x7c, 0x1c, 0xff, 0xfa, 0x7b, 0x1c, 0xff, 0xfa, 0x7b, 0x1c, 0xff,
  0xfa, 0x7a, 0x1b, 0xff, 0xfa, 0x7a, 0x1b, 0xff, 0xfa, 0x7a, 0x1b, 0xff,
  0xfa, 0x79, 0x1a, 0xff, 0xf9, 0x78, 0x1a, 0xff, 0xf9, 0x78, 0x1a, 0xff,
  0xf9, 0x77, 0x19, 0xff, 0xfa, 0x77, 0x17, 0xff, 0xcd, 0x47, 0x06, 0xff,
  0xf2, 0xdb, 0xd5, 0xff, 0xff, 0xff, 0xff, 0xff, 0xfd, 0xfb, 0xfb, 0xff,
  0xfd, 0xfd, 0xfd, 0xff, 0xfd, 0xfd, 0xfd, 0xff, 0xfe, 0xfd, 0xfd, 0xff,
  0xfd, 0xfd, 0xfd, 0xff, 0xfd, 0xfd, 0xfd, 0xff, 0xfe, 0xfd, 0xfd, 0xff,
  0xfd, 0xf9, 0xfa, 0xff, 0xff, 0xff, 0xff, 0xff, 0xf0, 0xa4, 0xb0, 0xff,
  0xe7, 0x25, 0x50, 0xff, 0xfe, 0x6a, 0x96, 0xff, 0xf9, 0x60, 0x8c, 0xff,
  0xf9, 0x61, 0x8c, 0xff, 0xfa, 0x5f, 0x8a, 0xff, 0xf9, 0x5d, 0x89, 0xff,
  0xf8, 0x5b, 0x86, 0xff, 0xf9, 0x5a, 0x84, 0xff, 0xf9, 0x57, 0x82, 0xff,
  0xf9, 0x56, 0x80, 0xff, 0xf8, 0x53, 0x7d, 0xff, 0xf8, 0x52, 0x7b, 0xff,
  0xf8, 0x4f, 0x79, 0xff, 0xf8, 0x4d, 0x76, 0xff, 0xf8, 0x4b, 0x75, 0xff,
  0xf8, 0x49, 0x73, 0xff, 0xf8, 0x47, 0x71, 0xff, 0xf8, 0x46, 0x6f, 0xff,
  0xf7, 0x44, 0x6d, 0xff, 0xf7, 0x41, 0x6b, 0xff, 0xf7, 0x40, 0x6a, 0xff,
  0xf7, 0x3d, 0x69, 0xff, 0xf8, 0x3f, 0x6a, 0xff, 0xe3, 0x19, 0x42, 0xff,
  0xf7, 0xce, 0xd6, 0xff, 0xff, 0xff, 0xff, 0xff, 0xfd, 0xfb, 0xfb, 0xff,
  0xfd, 0xfd, 0xfd, 0xff, 0xfd, 0xfd, 0xfd, 0xff, 0xfd, 0xfd, 0xfd, 0xff,
  0xfe, 0xfd, 0xfd, 0xff, 0xfe, 0xfc, 0xfd, 0xff, 0xfe, 0xff, 0xff, 0xff,
  0xfa, 0x63, 0x85, 0xff, 0xfd, 0xd0, 0xda, 0xff, 0xfe, 0xff, 0xff, 0xff,
  0xfd, 0xfb, 0xfc, 0xff, 0xfd, 0xfd, 0xfd, 0xff, 0xfd, 0xfd, 0xfd, 0xff,
  0xfe, 0xfd, 0xfd, 0xff, 0xfd, 0xfd, 0xfd, 0xff, 0xfd, 0xfd, 0xfd, 0xff,
  0xfd, 0xfd, 0xfd, 0xff, 0xfe, 0xfd, 0xfd, 0xff, 0xfd, 0xfd, 0xfd, 0xff,
  0xff, 0xfe, 0xff, 0xff, 0xf4, 0xf0, 0xf0, 0xff, 0xf6, 0xf3, 0xf3, 0xff,
  0xfd, 0xfd, 0xfe, 0xff, 0xfe, 0xfe, 0xfe, 0xff, 0xfe, 0xfe, 0xfe, 0xff,
  0xfe, 0xfe, 0xfe, 0xff, 0xfe, 0xfe, 0xfe, 0xff, 0xfd, 0xfd, 0xfe, 0xff,
  0xf5, 0xf2, 0xf2, 0xff, 0xf7, 0xf3, 0xf3, 0xff, 0xff, 0xff, 0xff, 0xff,
  0xfd, 0xfd, 0xfd, 0xff, 0xfd, 0xfd, 0xfd, 0xff, 0xfe, 0xfd, 0xfd, 0xff,
  0xfe, 0xfd, 0xfd, 0xff, 0xfe, 0xfd, 0xfd, 0xff, 0xfe, 0xfd, 0xfd, 0xff,
  0xfe, 0xfd, 0xfd, 0xff, 0xfd, 0xfd, 0xfd, 0xff, 0xfe, 0xfd, 0xfd, 0xff,
  0xfd, 0xfd, 0xfd, 0xff, 0xfd, 0xfd, 0xfd, 0xff, 0xfd, 0xfd, 0xfd, 0xff,
  0xfd, 0xfd, 0xfd, 0xff, 0xfe, 0xfd, 0xfc, 0xff, 0xfd, 0xfc, 0xfb, 0xff,
  0xd3, 0x66, 0x33, 0xff, 0xef, 0x6c, 0x0d, 0xff, 0xfc, 0x83, 0x21, 0xff,
  0xf9, 0x7e, 0x1d, 0xff, 0xfa, 0x7f, 0x1d, 0xff, 0xfa, 0x7e, 0x1e, 0xff,
  0xfa, 0x7d, 0x1d, 0xff, 0xfa, 0x7c, 0x1c, 0xff, 0xfa, 0x7b, 0x1b, 0xff,
  0xfa, 0x7b, 0x1b, 0xff, 0xfa, 0x7a, 0x1b, 0xff, 0xfa, 0x7a, 0x1b, 0xff,
  0xfa, 0x79, 0x1a, 0xff, 0xfa, 0x78, 0x19, 0xff, 0xfa, 0x78, 0x19, 0xff,
  0xfa, 0x77, 0x19, 0xff, 0xfa, 0x77, 0x19, 0xff, 0xfa, 0x77, 0x18, 0xff,
  0xfa, 0x77, 0x18, 0xff, 0xfa, 0x76, 0x18, 0xff, 0xf8, 0x74, 0x17, 0xff,
  0xfe, 0x7b, 0x1c, 0xff, 0xe5, 0x57, 0x02, 0xff, 0xd0, 0x74, 0x4f, 0xff,
  0xff, 0xff, 0xff, 0xff, 0xfd, 0xfb, 0xfb, 0xff, 0xfd, 0xfd, 0xfd, 0xff,
  0xfe, 0xfd, 0xfd, 0xff, 0xfe, 0xfd, 0xfd, 0xff, 0xfd, 0xfd, 0xfd, 0xff,
  0xfd, 0xfd, 0xfd, 0xff, 0xfd, 0xfd, 0xfd, 0xff, 0xfd, 0xfd, 0xfd, 0xff,
  0xfd, 0xfa, 0xfb, 0xff, 0xff, 0xff, 0xff, 0xff, 0xf1, 0xa5, 0xb2, 0xff,
  0xe9, 0x26, 0x51, 0xff, 0xfd, 0x68, 0x94, 0xff, 0xf9, 0x5e, 0x8a, 0xff,
  0xfa, 0x60, 0x8a, 0xff, 0xf9, 0x5e, 0x89, 0xff, 0xf9, 0x5c, 0x87, 0xff,
  0xf8, 0x59, 0x84, 0xff, 0xf9, 0x57, 0x81, 0xff, 0xf9, 0x56, 0x80, 0xff,
  0xf8, 0x54, 0x7e, 0xff, 0xf8, 0x51, 0x7b, 0xff, 0xf8, 0x4f, 0x79, 0xff,
  0xf7, 0x4e, 0x76, 0xff, 0xf7, 0x4c, 0x75, 0xff, 0xf8, 0x4a, 0x74, 0xff,
  0xf7, 0x48, 0x72, 0xff, 0xf8, 0x46, 0x70, 0xff, 0xf7, 0x44, 0x6d, 0xff,
  0xf7, 0x43, 0x6c, 0xff, 0xf7, 0x40, 0x6b, 0xff, 0xf7, 0x3e, 0x69, 0xff,
  0xf7, 0x3d, 0x68, 0xff, 0xf8, 0x3e, 0x69, 0xff, 0xe4, 0x19, 0x43, 0xff,
  0xf7, 0xce, 0xd7, 0xff, 0xff, 0xff, 0xff, 0xff, 0xfd, 0xfb, 0xfb, 0xff,
  0xfd, 0xfd, 0xfd, 0xff, 0xfd, 0xfd, 0xfd, 0xff, 0xfe, 0xfd, 0xfd, 0xff,
  0xfe, 0xfd, 0xfd, 0xff, 0xfe, 0xfd, 0xfd, 0xff, 0xfe, 0xff, 0xff, 0xff,
  0xfa, 0x63, 0x84, 0xff, 0xfd, 0xd0, 0xda, 0xff, 0xfe, 0xff, 0xff, 0xff,
  0xfd, 0xfb, 0xfc, 0xff, 0xfe, 0xfd, 0xfd, 0xff, 0xfd, 0xfd, 0xfd, 0xff,
  0xfe, 0xfd, 0xfd, 0xff, 0xfd, 0xfd, 0xfd, 0xff, 0xfd, 0xfd, 0xfd, 0xff,
  0xfe, 0xfd, 0xfd, 0xff, 0xfe, 0xfd, 0xfd, 0xff, 0xfd, 0xfd, 0xfd, 0xff,
  0xff, 0xff, 0xff, 0xff, 0xf5, 0xf1, 0xf0, 0xff, 0xf6, 0xf3, 0xf3, 0xff,
  0xfd, 0xfe, 0xfe, 0xff, 0xfe, 0xfe, 0xfe, 0xff, 0xfe, 0xfe, 0xfe, 0xff,
  0xfe, 0xfe, 0xfe, 0xff, 0xfe, 0xfe, 0xfe, 0xff, 0xfd, 0xfd, 0xfe, 0xff,
  0xf5, 0xf2, 0xf2, 0xff, 0xf6, 0xf3, 0xf3, 0xff, 0xff, 0xff, 0xff, 0xff,
  0xfd, 0xfd, 0xfd, 0xff, 0xfe, 0xfd, 0xfd, 0xff, 0xfe, 0xfd, 0xfd, 0xff,
  0xfe, 0xfd, 0xfd, 0xff, 0xfe, 0xfd, 0xfd, 0xff, 0xfe, 0xfd, 0xfd, 0xff,
  0xfe, 0xfd, 0xfd, 0xff, 0xfd, 0xfd, 0xfd, 0xff, 0xfe, 0xfd, 0xfd, 0xff,
  0xfd, 0xfd, 0xfd, 0xff, 0xfe, 0xfd, 0xfd, 0xff, 0xfe, 0xfd, 0xfe, 0xff,
  0xfe, 0xfe, 0xfe, 0xff, 0xfd, 0xfb, 0xfa, 0xff, 0xff, 0xff, 0xff, 0xff,
  0xec, 0xc3, 0xb3, 0xff, 0xd2, 0x48, 0x00, 0xff, 0xfc, 0x80, 0x1d, 0xff,
  0xf9, 0x7a, 0x1a, 0xff, 0xfa, 0x7b, 0x1b, 0xff, 0xfa, 0x7b, 0x1b, 0xff,
  0xfa, 0x7a, 0x1b, 0xff, 0xfa, 0x7a, 0x1a, 0xff, 0xfa, 0x78, 0x19, 0xff,
  0xfa, 0x77, 0x18, 0xff, 0xfa, 0x77, 0x19, 0xff, 0xfa, 0x77, 0x19, 0xff,
  0xfa, 0x75, 0x17, 0xff, 0xfa, 0x75, 0x17, 0xff, 0xfa, 0x75, 0x18, 0xff,
  0xfa, 0x74, 0x16, 0xff, 0xfa, 0x74, 0x16, 0xff, 0xfa, 0x75, 0x17, 0xff,
  0xfa, 0x75, 0x16, 0xff, 0xf9, 0x73, 0x16, 0xff, 0xfa, 0x73, 0x16, 0xff,
  0xf9, 0x72, 0x15, 0xff, 0xc9, 0x43, 0x03, 0xff, 0xf0, 0xd8, 0xcf, 0xff,
  0xff, 0xff, 0xfe, 0xff, 0xfd, 0xfb, 0xfa, 0xff, 0xfe, 0xfd, 0xfd, 0xff,
  0xfd, 0xfd, 0xfd, 0xff, 0xfd, 0xfd, 0xfd, 0xff, 0xfd, 0xfd, 0xfd, 0xff,
  0xfd, 0xfd, 0xfd, 0xff, 0xfd, 0xfd, 0xfd, 0xff, 0xfe, 0xfd, 0xfd, 0xff,
  0xfd, 0xfa, 0xfb, 0xff, 0xff, 0xff, 0xff, 0xff, 0xf1, 0xa6, 0xb2, 0xff,
  0xe9, 0x26, 0x50, 0xff, 0xfd, 0x67, 0x93, 0xff, 0xfa, 0x5d, 0x89, 0xff,
  0xf9, 0x5e, 0x88, 0xff, 0xf8, 0x5b, 0x86, 0xff, 0xf8, 0x5b, 0x84, 0xff,
  0xf9, 0x59, 0x82, 0xff, 0xf9, 0x56, 0x80, 0xff, 0xf9, 0x54, 0x7e, 0xff,
  0xf8, 0x52, 0x7c, 0xff, 0xf8, 0x50, 0x7a, 0xff, 0xf8, 0x4e, 0x77, 0xff,
  0xf7, 0x4c, 0x75, 0xff, 0xf8, 0x4a, 0x74, 0xff, 0xf7, 0x48, 0x72, 0xff,
  0xf8, 0x46, 0x70, 0xff, 0xf7, 0x44, 0x6d, 0xff, 0xf7, 0x42, 0x6b, 0xff,
  0xf7, 0x40, 0x6a, 0xff, 0xf7, 0x3f, 0x6a, 0xff, 0xf7, 0x3e, 0x69, 0xff,
  0xf7, 0x3c, 0x67, 0xff, 0xf7, 0x3d, 0x67, 0xff, 0xe4, 0x18, 0x43, 0xff,
  0xf7, 0xce, 0xd7, 0xff, 0xff, 0xff, 0xff, 0xff, 0xfd, 0xfb, 0xfc, 0xff,
  0xfd, 0xfd, 0xfd, 0xff, 0xfd, 0xfd, 0xfd, 0xff, 0xfe, 0xfd, 0xfd, 0xff,
  0xfe, 0xfd, 0xfd, 0xff, 0xfe, 0xfd, 0xfd, 0xff, 0xfe, 0xff, 0xff, 0xff,
  0xfa, 0x63, 0x84, 0xff, 0xfd, 0xd0, 0xda, 0xff, 0xfe, 0xff, 0xff, 0xff,
  0xfe, 0xfb, 0xfc, 0xff, 0xfe, 0xfd, 0xfd, 0xff, 0xfe, 0xfd, 0xfd, 0xff,
  0xfe, 0xfd, 0xfd, 0xff, 0xfd, 0xfd, 0xfd, 0xff, 0xfe, 0xfd, 0xfd, 0xff,
  0xfe, 0xfd, 0xfd, 0xff, 0xfe, 0xfd, 0xfd, 0xff, 0xfd, 0xfd, 0xfd, 0xff,
  0xff, 0xff, 0xff, 0xff, 0xf5, 0xf1, 0xf0, 0xff, 0xf5, 0xf3, 0xf2, 0xff,
  0xfd, 0xfe, 0xfe, 0xff, 0xfe, 0xfe, 0xff, 0xff, 0xfe, 0xfe, 0xfe, 0xff,
  0xfe, 0xfe, 0xfe, 0xff, 0xfe, 0xfe, 0xfe, 0xff, 0xfd, 0xfd, 0xfd, 0xff,
  0xf5, 0xf3, 0xf2, 0xff, 0xf7, 0xf3, 0xf3, 0xff, 0xff, 0xff, 0xff, 0xff,
  0xfd, 0xfd, 0xfd, 0xff, 0xfe, 0xfd, 0xfd, 0xff, 0xfd, 0xfd, 0xfd, 0xff,
  0xfd, 0xfd, 0xfd, 0xff, 0xfd, 0xfd, 0xfd, 0xff, 0xfe, 0xfd, 0xfd, 0xff,
  0xfe, 0xfd, 0xfd, 0xff, 0xfe, 0xfd, 0xfd, 0xff, 0xfd, 0xfd, 0xfd, 0xff,
  0xfd, 0xfd, 0xfd, 0xff, 0xfe, 0xfd, 0xfd, 0xff, 0xfd, 0xfd, 0xfd, 0xff,
  0xfd, 0xfc, 0xfc, 0xff, 0xfd, 0xfc, 0xfd, 0xff, 0xfd, 0xfc, 0xfb, 0xff,
  0xff, 0xff, 0xff, 0xff, 0xd7, 0x84, 0x60, 0xff, 0xdc, 0x4f, 0x00, 0xff,
  0xff, 0x81, 0x1f, 0xff, 0xf9, 0x76, 0x17, 0xff, 0xfa, 0x77, 0x17, 0xff,
  0xfa, 0x77, 0x17, 0xff, 0xfa, 0x77, 0x18, 0xff, 0xfa, 0x76, 0x18, 0xff,
  0xfa, 0x75, 0x16, 0xff, 0xfa, 0x74, 0x15, 0xff, 0xfa, 0x73, 0x15, 0xff,
  0xfa, 0x73, 0x15, 0xff, 0xfa, 0x73, 0x15, 0xff, 0xfa, 0x72, 0x15, 0xff,
  0xfa, 0x72, 0x14, 0xff, 0xfa, 0x72, 0x14, 0xff, 0xfa, 0x72, 0x14, 0xff,
  0xf9, 0x71, 0x13, 0xff, 0xf9, 0x6f, 0x13, 0xff, 0xff, 0x78, 0x18, 0xff,
  0xd2, 0x41, 0x00, 0xff, 0xdc, 0x9a, 0x80, 0xff, 0xff, 0xff, 0xff, 0xff,
  0xfd, 0xfb, 0xfa, 0xff, 0xfd, 0xfc, 0xfc, 0xff, 0xfd, 0xfc, 0xfc, 0xff,
  0xfd, 0xfd, 0xfd, 0xff, 0xfd, 0xfd, 0xfd, 0xff, 0xfe, 0xfd, 0xfd, 0xff,
  0xfe, 0xfd, 0xfd, 0xff, 0xfd, 0xfd, 0xfd, 0xff, 0xfe, 0xfd, 0xfd, 0xff,
  0xfd, 0xf9, 0xf9, 0xff, 0xff, 0xff, 0xff, 0xff, 0xf0, 0xa6, 0xb1, 0xff,
  0xe9, 0x24, 0x4f, 0xff, 0xfd, 0x66, 0x91, 0xff, 0xf9, 0x5b, 0x87, 0xff,
  0xf9, 0x5c, 0x86, 0xff, 0xf8, 0x5a, 0x84, 0xff, 0xf8, 0x59, 0x82, 0xff,
  0xf8, 0x57, 0x80, 0xff, 0xf9, 0x54, 0x7d, 0xff, 0xf8, 0x52, 0x7b, 0xff,
  0xf9, 0x51, 0x79, 0xff, 0xf8, 0x4e, 0x78, 0xff, 0xf7, 0x4c, 0x76, 0xff,
  0xf8, 0x4a, 0x74, 0xff, 0xf7, 0x48, 0x72, 0xff, 0xf7, 0x46, 0x70, 0xff,
  0xf7, 0x44, 0x6e, 0xff, 0xf7, 0x42, 0x6c, 0xff, 0xf7, 0x40, 0x6a, 0xff,
  0xf7, 0x3e, 0x69, 0xff, 0xf7, 0x3d, 0x68, 0xff, 0xf7, 0x3c, 0x67, 0xff,
  0xf6, 0x3b, 0x66, 0xff, 0xf7, 0x3c, 0x67, 0xff, 0xe5, 0x19, 0x44, 0xff,
  0xf8, 0xcf, 0xd8, 0xff, 0xff, 0xff, 0xff, 0xff, 0xfd, 0xfa, 0xfb, 0xff,
  0xfd, 0xfd, 0xfd, 0xff, 0xfd, 0xfd, 0xfd, 0xff, 0xfe, 0xfd, 0xfd, 0xff,
  0xfe, 0xfd, 0xfd, 0xff, 0xfe, 0xfc, 0xfc, 0xff, 0xfe, 0xfc, 0xfd, 0xff,
  0xf9, 0x64, 0x85, 0xff, 0xfc, 0xce, 0xd8, 0xff, 0xfe, 0xfe, 0xfe, 0xff,
  0xfd, 0xfc, 0xfc, 0xff, 0xfe, 0xfd, 0xfd, 0xff, 0xfe, 0xfd, 0xfd, 0xff,
  0xfe, 0xfd, 0xfd, 0xff, 0xfd, 0xfd, 0xfd, 0xff, 0xfe, 0xfd, 0xfd, 0xff,
  0xfe, 0xfd, 0xfd, 0xff, 0xfe, 0xfd, 0xfd, 0xff, 0xfe, 0xfd, 0xfd, 0xff,
  0xff, 0xff, 0xff, 0xff, 0xf5, 0xf1, 0xf0, 0xff, 0xf5, 0xf3, 0xf2, 0xff,
  0xfe, 0xfe, 0xfe, 0xff, 0xfe, 0xfe, 0xfe, 0xff, 0xfe, 0xfe, 0xfe, 0xff,
  0xfe, 0xfe, 0xfe, 0xff, 0xfe, 0xfe, 0xfe, 0xff, 0xfd, 0xfd, 0xfd, 0xff,
  0xf5, 0xf3, 0xf2, 0xff, 0xf7, 0xf3, 0xf3, 0xff, 0xff, 0xff, 0xff, 0xff,
  0xfd, 0xfd, 0xfd, 0xff, 0xfd, 0xfd, 0xfd, 0xff, 0xfd, 0xfd, 0xfd, 0xff,
  0xfd, 0xfd, 0xfd, 0xff, 0xfd, 0xfd, 0xfd, 0xff, 0xfd, 0xfd, 0xfd, 0xff,
  0xfd, 0xfd, 0xfd, 0xff, 0xfe, 0xfd, 0xfd, 0xff, 0xfd, 0xfd, 0xfd, 0xff,
  0xfe, 0xfd, 0xfd, 0xff, 0xfd, 0xfd, 0xfd, 0xff, 0xfe, 0xfd, 0xfd, 0xff,
  0xfe, 0xff, 0xff, 0xff, 0xfe, 0xff, 0xff, 0xff, 0xfd, 0xfc, 0xfc, 0xff,
  0xfe, 0xfc, 0xfc, 0xff, 0xfd, 0xf7, 0xf6, 0xff, 0xce, 0x67, 0x3a, 0xff,
  0xdf, 0x52, 0x00, 0xff, 0xff, 0x7d, 0x1c, 0xff, 0xf9, 0x74, 0x15, 0xff,
  0xf9, 0x73, 0x15, 0xff, 0xfa, 0x73, 0x15, 0xff, 0xfa, 0x72, 0x15, 0xff,
  0xf9, 0x71, 0x14, 0xff, 0xfa, 0x70, 0x13, 0xff, 0xfa, 0x70, 0x13, 0xff,
  0xfa, 0x70, 0x13, 0xff, 0xfa, 0x70, 0x12, 0xff, 0xfa, 0x70, 0x12, 0xff,
  0xfa, 0x6f, 0x12, 0xff, 0xfa, 0x6f, 0x12, 0xff, 0xf9, 0x6e, 0x12, 0xff,
  0xfa, 0x6f, 0x12, 0xff, 0xff, 0x74, 0x15, 0xff, 0xd7, 0x45, 0x00, 0xff,
  0xd1, 0x77, 0x53, 0xff, 0xff, 0xfe, 0xfe, 0xff, 0xfd, 0xfb, 0xfb, 0xff,
  0xfd, 0xfc, 0xfc, 0xff, 0xfe, 0xff, 0xff, 0xff, 0xfe, 0xff, 0xff, 0xff,
  0xfd, 0xfd, 0xfd, 0xff, 0xfd, 0xfd, 0xfd, 0xff, 0xfd, 0xfd, 0xfd, 0xff,
  0xfd, 0xfd, 0xfd, 0xff, 0xfd, 0xfd, 0xfd, 0xff, 0xfe, 0xfd, 0xfd, 0xff,
  0xfd, 0xff, 0xff, 0xff, 0xff, 0xff, 0xff, 0xff, 0xf0, 0xa3, 0xb0, 0xff,
  0xeb, 0x27, 0x53, 0xff, 0xfc, 0x63, 0x8f, 0xff, 0xf8, 0x58, 0x83, 0xff,
  0xf8, 0x5a, 0x84, 0xff, 0xf9, 0x58, 0x82, 0xff, 0xf8, 0x57, 0x80, 0xff,
  0xf8, 0x54, 0x7e, 0xff, 0xf8, 0x52, 0x7c, 0xff, 0xf8, 0x50, 0x7a, 0xff,
  0xf8, 0x4e, 0x77, 0xff, 0xf8, 0x4c, 0x75, 0xff, 0xf7, 0x4a, 0x73, 0xff,
  0xf7, 0x48, 0x72, 0xff, 0xf7, 0x46, 0x70, 0xff, 0xf7, 0x44, 0x6d, 0xff,
  0xf7, 0x42, 0x6c, 0xff, 0xf7, 0x3f, 0x69, 0xff, 0xf7, 0x3d, 0x68, 0xff,
  0xf7, 0x3c, 0x67, 0xff, 0xf7, 0x3b, 0x66, 0xff, 0xf7, 0x3a, 0x65, 0xff,
  0xf6, 0x3a, 0x64, 0xff, 0xf8, 0x3d, 0x68, 0xff, 0xe6, 0x1a, 0x45, 0xff,
  0xf8, 0xce, 0xd6, 0xff, 0xff, 0xff, 0xff, 0xff, 0xfe, 0xff, 0xff, 0xff,
  0xfe, 0xfe, 0xfe, 0xff, 0xfe, 0xfd, 0xfd, 0xff, 0xfe, 0xfd, 0xfd, 0xff,
  0xfd, 0xfd, 0xfd, 0xff, 0xfe, 0xff, 0xff, 0xff, 0xfe, 0xff, 0xff, 0xff,
  0xfa, 0x5f, 0x81, 0xff, 0xfd, 0xd9, 0xe1, 0xff, 0xfe, 0xff, 0xff, 0xff,
  0xfd, 0xfb, 0xfc, 0xff, 0xfe, 0xfd, 0xfe, 0xff, 0xfe, 0xfd, 0xfd, 0xff,
  0xfe, 0xfd, 0xfd, 0xff, 0xfe, 0xfd, 0xfd, 0xff, 0xfe, 0xfd, 0xfd, 0xff,
  0xfe, 0xfd, 0xfd, 0xff, 0xfd, 0xfd, 0xfd, 0xff, 0xfd, 0xfd, 0xfd, 0xff,
  0xff, 0xff, 0xff, 0xff, 0xf4, 0xf0, 0xf0, 0xff, 0xf5, 0xf3, 0xf2, 0xff,
  0xfd, 0xfe, 0xfe, 0xff, 0xfe, 0xfe, 0xfe, 0xff, 0xfe, 0xfe, 0xfe, 0xff,
  0xfe, 0xfe, 0xfe, 0xff, 0xfe, 0xfe, 0xfe, 0xff, 0xfd, 0xfd, 0xfe, 0xff,
  0xf5, 0xf2, 0xf2, 0xff, 0xf7, 0xf4, 0xf3, 0xff, 0xff, 0xff, 0xff, 0xff,
  0xfd, 0xfd, 0xfd, 0xff, 0xfe, 0xfd, 0xfd, 0xff, 0xfd, 0xfd, 0xfd, 0xff,
  0xfd, 0xfd, 0xfd, 0xff, 0xfd, 0xfd, 0xfd, 0xff, 0xfe, 0xfd, 0xfd, 0xff,
  0xfd, 0xfd, 0xfd, 0xff, 0xfd, 0xfd, 0xfd, 0xff, 0xfd, 0xfd, 0xfd, 0xff,
  0xfd, 0xfd, 0xfd, 0xff, 0xfe, 0xfd, 0xfd, 0xff, 0xfe, 0xfe, 0xfe, 0xff,
  0xfb, 0xf1, 0xee, 0xff, 0xfb, 0xf2, 0xee, 0xff, 0xfe, 0xfe, 0xfe, 0xff,
  0xfd, 0xfb, 0xfb, 0xff, 0xfe, 0xff, 0xfe, 0xff, 0xfa, 0xf1, 0xef, 0xff,
  0xcd, 0x69, 0x3e, 0xff, 0xd9, 0x4b, 0x00, 0xff, 0xfb, 0x74, 0x15, 0xff,
  0xfd, 0x76, 0x17, 0xff, 0xfa, 0x70, 0x13, 0xff, 0xf9, 0x6f, 0x11, 0xff,
  0xf9, 0x6e, 0x12, 0xff, 0xf9, 0x6e, 0x12, 0xff, 0xfa, 0x6e, 0x12, 0xff,
  0xfa, 0x6e, 0x11, 0xff, 0xfa, 0x6d, 0x11, 0xff, 0xf9, 0x6c, 0x10, 0xff,
  0xf9, 0x6b, 0x10, 0xff, 0xf9, 0x6b, 0x0f, 0xff, 0xfe, 0x71, 0x13, 0xff,
  0xfa, 0x6b, 0x10, 0xff, 0xd1, 0x3e, 0x00, 0xff, 0xd0, 0x77, 0x55, 0xff,
  0xfd, 0xfa, 0xfa, 0xff, 0xfd, 0xfc, 0xfc, 0xff, 0xfd, 0xfc, 0xfb, 0xff,
  0xfe, 0xfe, 0xfe, 0xff, 0xfc, 0xf0, 0xeb, 0xff, 0xfc, 0xf3, 0xf1, 0xff,
  0xfe, 0xfe, 0xfe, 0xff, 0xfe, 0xfd, 0xfd, 0xff, 0xfe, 0xfd, 0xfd, 0xff,
  0xfe, 0xfd, 0xfd, 0xff, 0xfe, 0xfe, 0xfe, 0xff, 0xfe, 0xfc, 0xfc, 0xff,
  0xfc, 0xe5, 0xe9, 0xff, 0xff, 0xff, 0xff, 0xff, 0xf6, 0xc5, 0xcd, 0xff,
  0xe5, 0x19, 0x45, 0xff, 0xfc, 0x61, 0x8d, 0xff, 0xf9, 0x5a, 0x85, 0xff,
  0xf9, 0x5a, 0x84, 0xff, 0xf8, 0x58, 0x82, 0xff, 0xf9, 0x56, 0x80, 0xff,
  0xf9, 0x54, 0x7e, 0xff, 0xf8, 0x52, 0x7c, 0xff, 0xf9, 0x50, 0x7a, 0xff,
  0xf8, 0x4e, 0x78, 0xff, 0xf8, 0x4c, 0x75, 0xff, 0xf8, 0x4a, 0x74, 0xff,
  0xf8, 0x48, 0x71, 0xff, 0xf7, 0x46, 0x6f, 0xff, 0xf8, 0x44, 0x6d, 0xff,
  0xf7, 0x41, 0x6b, 0xff, 0xf7, 0x3f, 0x69, 0xff, 0xf7, 0x3e, 0x69, 0xff,
  0xf7, 0x3d, 0x68, 0xff, 0xf7, 0x3c, 0x67, 0xff, 0xf7, 0x3c, 0x66, 0xff,
  0xf8, 0x3e, 0x69, 0xff, 0xf8, 0x38, 0x63, 0xff, 0xe6, 0x21, 0x48, 0xff,
  0xfb, 0xe8, 0xeb, 0xff, 0xfe, 0xff, 0xff, 0xff, 0xfc, 0xe9, 0xee, 0xff,
  0xfe, 0xf8, 0xf9, 0xff, 0xfe, 0xfe, 0xfe, 0xff, 0xfd, 0xfc, 0xfc, 0xff,
  0xfe, 0xff, 0xff, 0xff, 0xfd, 0xe2, 0xe8, 0xff, 0xf9, 0x7a, 0x97, 0xff,
  0xfa, 0x4c, 0x72, 0xff, 0xf9, 0x68, 0x89, 0xff, 0xfb, 0xb4, 0xc4, 0xff,
  0xfe, 0xfe, 0xfe, 0xff, 0xfd, 0xfb, 0xfc, 0xff, 0xfe, 0xfd, 0xfd, 0xff,
  0xfe, 0xfd, 0xfd, 0xff, 0xfd, 0xfd, 0xfd, 0xff, 0xfe, 0xfd, 0xfd, 0xff,
  0xfe, 0xfd, 0xfd, 0xff, 0xfd, 0xfd, 0xfd, 0xff, 0xfe, 0xfd, 0xfd, 0xff,
  0xff, 0xff, 0xff, 0xff, 0xf4, 0xf1, 0xf0, 0xff, 0xf5, 0xf3, 0xf3, 0xff,
  0xfd, 0xfe, 0xfe, 0xff, 0xfe, 0xfe, 0xfe, 0xff, 0xfe, 0xfe, 0xfe, 0xff,
  0xfe, 0xfe, 0xfe, 0xff, 0xfe, 0xfe, 0xfe, 0xff, 0xfd, 0xfd, 0xfe, 0xff,
  0xf5, 0xf3, 0xf3, 0xff, 0xf7, 0xf4, 0xf4, 0xff, 0xff, 0xff, 0xff, 0xff,
  0xfd, 0xfd, 0xfc, 0xff, 0xfe, 0xfd, 0xfc, 0xff, 0xfd, 0xfd, 0xfd, 0xff,
  0xfd, 0xfd, 0xfd, 0xff, 0xfd, 0xfd, 0xfd, 0xff, 0xfe, 0xfd, 0xfd, 0xff,
  0xfd, 0xfd, 0xfd, 0xff, 0xfe, 0xfd, 0xfd, 0xff, 0xfd, 0xfd, 0xfd, 0xff,
  0xfe, 0xfd, 0xfd, 0xff, 0xfd, 0xfa, 0xf9, 0xff, 0xff, 0xff, 0xff, 0xff,
  0xe1, 0x95, 0x74, 0xff, 0xe6, 0xa0, 0x7e, 0xff, 0xff, 0xff, 0xff, 0xff,
  0xfd, 0xfa, 0xf9, 0xff, 0xfd, 0xfc, 0xfb, 0xff, 0xfe, 0xff, 0xff, 0xff,
  0xfe, 0xfa, 0xf8, 0xff, 0xd7, 0x8b, 0x6d, 0xff, 0xca, 0x43, 0x02, 0xff,
  0xe9, 0x58, 0x02, 0xff, 0xfa, 0x6e, 0x10, 0xff, 0xff, 0x72, 0x15, 0xff,
  0xfd, 0x70, 0x14, 0xff, 0xfb, 0x6e, 0x12, 0xff, 0xfa, 0x6d, 0x11, 0xff,
  0xfb, 0x6d, 0x11, 0xff, 0xfc, 0x6d, 0x12, 0xff, 0xfc, 0x6e, 0x11, 0xff,
  0xff, 0x70, 0x12, 0xff, 0xfb, 0x6b, 0x0e, 0xff, 0xe2, 0x4e, 0x00, 0xff,
  0xc6, 0x3f, 0x06, 0xff, 0xdc, 0x98, 0x81, 0xff, 0xff, 0xff, 0xff, 0xff,
  0xfe, 0xfd, 0xfd, 0xff, 0xfd, 0xfc, 0xfc, 0xff, 0xfd, 0xfb, 0xf9, 0xff,
  0xff, 0xff, 0xff, 0xff, 0xec, 0x8e, 0x63, 0xff, 0xf3, 0xaf, 0x93, 0xff,
  0xff, 0xff, 0xff, 0xff, 0xfd, 0xfa, 0xf9, 0xff, 0xfe, 0xfd, 0xfd, 0xff,
  0xfe, 0xfc, 0xfc, 0xff, 0xfe, 0xff, 0xff, 0xff, 0xfb, 0xe6, 0xea, 0xff,
  0xeb, 0x47, 0x63, 0xff, 0xfd, 0xf3, 0xf4, 0xff, 0xfe, 0xfc, 0xfc, 0xff,
  0xe5, 0x4f, 0x6c, 0xff, 0xe9, 0x1c, 0x49, 0xff, 0xf8, 0x4f, 0x79, 0xff,
  0xf6, 0x4b, 0x77, 0xff, 0xf5, 0x48, 0x74, 0xff, 0xf5, 0x46, 0x71, 0xff,
  0xf5, 0x44, 0x70, 0xff, 0xf5, 0x43, 0x6e, 0xff, 0xf4, 0x41, 0x6c, 0xff,
  0xf4, 0x3e, 0x6a, 0xff, 0xf4, 0x3d, 0x68, 0xff, 0xf4, 0x3b, 0x66, 0xff,
  0xf4, 0x3a, 0x64, 0xff, 0xf4, 0x38, 0x63, 0xff, 0xf4, 0x35, 0x61, 0xff,
  0xf3, 0x33, 0x5e, 0xff, 0xf4, 0x32, 0x5d, 0xff, 0xf4, 0x31, 0x5c, 0xff,
  0xf4, 0x30, 0x5c, 0xff, 0xf4, 0x31, 0x5c, 0xff, 0xf4, 0x30, 0x5c, 0xff,
  0xf5, 0x2f, 0x5b, 0xff, 0xe1, 0x03, 0x31, 0xff, 0xea, 0x7d, 0x91, 0xff,
  0xff, 0xff, 0xff, 0xff, 0xfe, 0xff, 0xff, 0xff, 0xf4, 0x5d, 0x7f, 0xff,
  0xfa, 0xc7, 0xd2, 0xff, 0xfe, 0xff, 0xff, 0xff, 0xfd, 0xfb, 0xfb, 0xff,
  0xfe, 0xfd, 0xfd, 0xff, 0xfe, 0xf7, 0xf9, 0xff, 0xf8, 0x5a, 0x7d, 0xff,
  0xf7, 0x36, 0x60, 0xff, 0xf7, 0x34, 0x5f, 0xff, 0xfc, 0xd0, 0xd9, 0xff,
  0xfe, 0xff, 0xff, 0xff, 0xfd, 0xfb, 0xfb, 0xff, 0xfe, 0xfd, 0xfd, 0xff,
  0xfe, 0xfd, 0xfd, 0xff, 0xfe, 0xfd, 0xfd, 0xff, 0xfe, 0xfd, 0xfd, 0xff,
  0xfe, 0xfd, 0xfd, 0xff, 0xfe, 0xfd, 0xfd, 0xff, 0xfd, 0xfd, 0xfc, 0xff,
  0xff, 0xff, 0xff, 0xff, 0xf5, 0xf1, 0xf0, 0xff, 0xf6, 0xf3, 0xf3, 0xff,
  0xfe, 0xfe, 0xfe, 0xff, 0xfe, 0xfe, 0xfe, 0xff, 0xfe, 0xfe, 0xfe, 0xff,
  0xfe, 0xfe, 0xfe, 0xff, 0xfe, 0xfe, 0xfe, 0xff, 0xfd, 0xfd, 0xfe, 0xff,
  0xf5, 0xf3, 0xf3, 0xff, 0xf7, 0xf4, 0xf3, 0xff, 0xff, 0xff, 0xfe, 0xff,
  0xfd, 0xfd, 0xfc, 0xff, 0xfe, 0xfd, 0xfd, 0xff, 0xfe, 0xfd, 0xfd, 0xff,
  0xfd, 0xfd, 0xfd, 0xff, 0xfe, 0xfd, 0xfd, 0xff, 0xfe, 0xfd, 0xfd, 0xff,
  0xfe, 0xfd, 0xfd, 0xff, 0xfe, 0xfd, 0xfd, 0xff, 0xfd, 0xfd, 0xfd, 0xff,
  0xfd, 0xfd, 0xfd, 0xff, 0xfd, 0xfb, 0xf9, 0xff, 0xff, 0xff, 0xff, 0xff,
  0xe3, 0x91, 0x6a, 0xff, 0xe8, 0x9c, 0x76, 0xff, 0xff, 0xfe, 0xfe, 0xff,
  0xfd, 0xf9, 0xf8, 0xff, 0xfe, 0xfd, 0xfc, 0xff, 0xfd, 0xfc, 0xfb, 0xff,
  0xfe, 0xfe, 0xfd, 0xff, 0xff, 0xff, 0xff, 0xff, 0xed, 0xcc, 0xc1, 0xff,
  0xcc, 0x6b, 0x48, 0xff, 0xcc, 0x46, 0x06, 0xff, 0xdc, 0x4b, 0x00, 0xff,
  0xe9, 0x56, 0x00, 0xff, 0xf2, 0x5e, 0x02, 0xff, 0xf5, 0x61, 0x05, 0xff,
  0xf5, 0x61, 0x06, 0xff, 0xf0, 0x5b, 0x01, 0xff, 0xea, 0x54, 0x00, 0xff,
  0xd9, 0x46, 0x00, 0xff, 0xcb, 0x45, 0x09, 0xff, 0xd0, 0x74, 0x54, 0xff,
  0xef, 0xd4, 0xcc, 0xff, 0xff, 0xff, 0xff, 0xff, 0xfd, 0xfc, 0xfc, 0xff,
  0xfd, 0xfc, 0xfc, 0xff, 0xfd, 0xfd, 0xfc, 0xff, 0xfd, 0xfa, 0xf8, 0xff,
  0xff, 0xfe, 0xfe, 0xff, 0xed, 0x8a, 0x59, 0xff, 0xf2, 0xad, 0x8d, 0xff,
  0xff, 0xff, 0xff, 0xff, 0xfd, 0xfb, 0xf9, 0xff, 0xfd, 0xfd, 0xfd, 0xff,
  0xfd, 0xfc, 0xfc, 0xff, 0xfe, 0xff, 0xff, 0xff, 0xfa, 0xe2, 0xe6, 0xff,
  0xea, 0x41, 0x5e, 0xff, 0xfc, 0xef, 0xf0, 0xff, 0xff, 0xff, 0xff, 0xff,
  0xfc, 0xf0, 0xf2, 0xff, 0xec, 0x72, 0x88, 0xff, 0xe5, 0x37, 0x58, 0xff,
  0xe3, 0x35, 0x57, 0xff, 0xe4, 0x33, 0x56, 0xff, 0xe3, 0x31, 0x55, 0xff,
  0xe2, 0x31, 0x54, 0xff, 0xe0, 0x2f, 0x52, 0xff, 0xe0, 0x2f, 0x51, 0xff,
  0xdf, 0x2f, 0x51, 0xff, 0xdd, 0x2e, 0x4f, 0xff, 0xdd, 0x2d, 0x4f, 0xff,
  0xde, 0x2d, 0x4f, 0xff, 0xde, 0x2c, 0x4f, 0xff, 0xdc, 0x2b, 0x4d, 0xff,
  0xde, 0x2c, 0x50, 0xff, 0xde, 0x2c, 0x4f, 0xff, 0xdd, 0x2c, 0x4e, 0xff,
  0xdd, 0x2c, 0x4e, 0xff, 0xdc, 0x2b, 0x4e, 0xff, 0xdf, 0x2d, 0x50, 0xff,
  0xe0, 0x33, 0x55, 0xff, 0xee, 0x8a, 0x9d, 0xff, 0xfe, 0xfb, 0xfb, 0xff,
  0xfe, 0xfa, 0xfb, 0xff, 0xfe, 0xfe, 0xfe, 0xff, 0xf5, 0x52, 0x75, 0xff,
  0xfa, 0xc3, 0xce, 0xff, 0xfe, 0xff, 0xff, 0xff, 0xfe, 0xfb, 0xfb, 0xff,
  0xfe, 0xfb, 0xfb, 0xff, 0xfe, 0xff, 0xff, 0xff, 0xfd, 0xd5, 0xde, 0xff,
  0xf4, 0x25, 0x53, 0xff, 0xf9, 0x8d, 0xa4, 0xff, 0xff, 0xff, 0xff, 0xff,
  0xfe, 0xfb, 0xfb, 0xff, 0xfe, 0xfd, 0xfd, 0xff, 0xfd, 0xfd, 0xfd, 0xff,
  0xfd, 0xfd, 0xfd, 0xff, 0xfd, 0xfd, 0xfd, 0xff, 0xfe, 0xfd, 0xfd, 0xff,
  0xfd, 0xfd, 0xfd, 0xff, 0xfe, 0xfd, 0xfd, 0xff, 0xfe, 0xfd, 0xfd, 0xff,
  0xff, 0xff, 0xfe, 0xff, 0xf5, 0xf1, 0xf1, 0xff, 0xf6, 0xf3, 0xf3, 0xff,
  0xfe, 0xfe, 0xfe, 0xff, 0xfe, 0xfe, 0xfe, 0xff, 0xfe, 0xfe, 0xfe, 0xff,
  0xfe, 0xfe, 0xfe, 0xff, 0xfe, 0xfe, 0xfe, 0xff, 0xfd, 0xfe, 0xfe, 0xff,
  0xf6, 0xf3, 0xf3, 0xff, 0xf7, 0xf4, 0xf3, 0xff, 0xff, 0xff, 0xfe, 0xff,
  0xfd, 0xfd, 0xfc, 0xff, 0xfe, 0xfd, 0xfc, 0xff, 0xfe, 0xfd, 0xfc, 0xff,
  0xfe, 0xfd, 0xfc, 0xff, 0xfe, 0xfd, 0xfc, 0xff, 0xfe, 0xfd, 0xfd, 0xff,
  0xfe, 0xfd, 0xfd, 0xff, 0xfe, 0xfd, 0xfd, 0xff, 0xfe, 0xfd, 0xfd, 0xff,
  0xfe, 0xfd, 0xfd, 0xff, 0xfd, 0xfb, 0xf9, 0xff, 0xff, 0xff, 0xff, 0xff,
  0xe5, 0x95, 0x6e, 0xff, 0xe7, 0x9f, 0x7c, 0xff, 0xff, 0xff, 0xff, 0xff,
  0xfe, 0xfe, 0xfd, 0xff, 0xfe, 0xff, 0xff, 0xff, 0xfe, 0xfe, 0xfe, 0xff,
  0xfd, 0xfd, 0xfc, 0xff, 0xfd, 0xfb, 0xfa, 0xff, 0xff, 0xff, 0xff, 0xff,
  0xff, 0xff, 0xff, 0xff, 0xf1, 0xd7, 0xd0, 0xff, 0xdc, 0x9d, 0x87, 0xff,
  0xd0, 0x74, 0x4e, 0xff, 0xcc, 0x5d, 0x2d, 0xff, 0xcd, 0x56, 0x20, 0xff,
  0xcb, 0x56, 0x20, 0xff, 0xca, 0x5d, 0x2e, 0xff, 0xd1, 0x74, 0x50, 0xff,
  0xde, 0xa1, 0x8c, 0xff, 0xf1, 0xda, 0xd4, 0xff, 0xff, 0xff, 0xff, 0xff,
  0xff, 0xff, 0xff, 0xff, 0xfc, 0xfa, 0xf9, 0xff, 0xfd, 0xfd, 0xfc, 0xff,
  0xfe, 0xfe, 0xfe, 0xff, 0xfe, 0xff, 0xff, 0xff, 0xfd, 0xfe, 0xfd, 0xff,
  0xff, 0xff, 0xff, 0xff, 0xef, 0x91, 0x62, 0xff, 0xf2, 0xae, 0x8e, 0xff,
  0xff, 0xff, 0xff, 0xff, 0xfd, 0xfb, 0xf9, 0xff, 0xfe, 0xfd, 0xfd, 0xff,
  0xfe, 0xfc, 0xfc, 0xff, 0xfe, 0xff, 0xff, 0xff, 0xfb, 0xe4, 0xe7, 0xff,
  0xec, 0x45, 0x61, 0xff, 0xfd, 0xf6, 0xf6, 0xff, 0xfe, 0xff, 0xff, 0xff,
  0xfe, 0xff, 0xff, 0xff, 0xff, 0xff, 0xff, 0xff, 0xfd, 0xfa, 0xfa, 0xff,
  0xfc, 0xf6, 0xf6, 0xff, 0xfd, 0xf7, 0xf7, 0xff, 0xfc, 0xf6, 0xf6, 0xff,
  0xfd, 0xf6, 0xf7, 0xff, 0xfd, 0xf6, 0xf6, 0xff, 0xfd, 0xf7, 0xf7, 0xff,
  0xfd, 0xf6, 0xf7, 0xff, 0xfc, 0xf6, 0xf7, 0xff, 0xfc, 0xf6, 0xf6, 0xff,
  0xfc, 0xf6, 0xf6, 0xff, 0xfc, 0xf6, 0xf6, 0xff, 0xfc, 0xf6, 0xf6, 0xff,
  0xfd, 0xf7, 0xf7, 0xff, 0xfc, 0xf6, 0xf7, 0xff, 0xfc, 0xf6, 0xf7, 0xff,
  0xfd, 0xf7, 0xf7, 0xff, 0xfc, 0xf6, 0xf7, 0xff, 0xfc, 0xf5, 0xf5, 0xff,
  0xfe, 0xfe, 0xfe, 0xff, 0xff, 0xff, 0xff, 0xff, 0xfe, 0xff, 0xff, 0xff,
  0xfe, 0xff, 0xfe, 0xff, 0xff, 0xff, 0xff, 0xff, 0xf5, 0x5c, 0x7c, 0xff,
  0xfa, 0xc4, 0xce, 0xff, 0xff, 0xff, 0xff, 0xff, 0xfd, 0xfb, 0xfb, 0xff,
  0xfe, 0xfd, 0xfd, 0xff, 0xfe, 0xfd, 0xfc, 0xff, 0xfe, 0xff, 0xff, 0xff,
  0xf9, 0x89, 0xa2, 0xff, 0xfc, 0xdf, 0xe4, 0xff, 0xfe, 0xfe, 0xfe, 0xff,
  0xfe, 0xfb, 0xfb, 0xff, 0xfe, 0xfd, 0xfd, 0xff, 0xfd, 0xfd, 0xfd, 0xff,
  0xfe, 0xfd, 0xfd, 0xff, 0xfe, 0xfd, 0xfd, 0xff, 0xfd, 0xfd, 0xfd, 0xff,
  0xfe, 0xfd, 0xfd, 0xff, 0xfe, 0xfd, 0xfd, 0xff, 0xfe, 0xfd, 0xfd, 0xff,
  0xff, 0xff, 0xfe, 0xff, 0xf5, 0xf1, 0xf1, 0xff, 0xf6, 0xf3, 0xf3, 0xff,
  0xfd, 0xfe, 0xfe, 0xff, 0xfe, 0xfe, 0xfe, 0xff, 0xfe, 0xfe, 0xfe, 0xff,
  0xfe, 0xfe, 0xfe, 0xff, 0xfe, 0xfe, 0xfe, 0xff, 0xfd, 0xfd, 0xfe, 0xff,
  0xf6, 0xf3, 0xf3, 0xff, 0xf7, 0xf4, 0xf3, 0xff, 0xff, 0xfe, 0xfe, 0xff,
  0xfe, 0xfc, 0xfc, 0xff, 0xfe, 0xfd, 0xfc, 0xff, 0xfe, 0xfd, 0xfc, 0xff,
  0xfe, 0xfd, 0xfc, 0xff, 0xfe, 0xfd, 0xfc, 0xff, 0xfe, 0xfd, 0xfc, 0xff,
  0xfe, 0xfd, 0xfc, 0xff, 0xfe, 0xfd, 0xfc, 0xff, 0xfe, 0xfd, 0xfc, 0xff,
  0xfe, 0xfd, 0xfc, 0xff, 0xfd, 0xfa, 0xf9, 0xff, 0xff, 0xff, 0xff, 0xff,
  0xe2, 0x8e, 0x67, 0xff, 0xe4, 0x8f, 0x63, 0xff, 0xfd, 0xf6, 0xf3, 0xff,
  0xfb, 0xf0, 0xeb, 0xff, 0xfc, 0xf3, 0xef, 0xff, 0xfd, 0xfa, 0xf8, 0xff,
  0xfe, 0xfd, 0xfd, 0xff, 0xfe, 0xfd, 0xfc, 0xff, 0xfd, 0xfb, 0xfa, 0xff,
  0xfe, 0xfc, 0xfb, 0xff, 0xff, 0xff, 0xff, 0xff, 0xff, 0xff, 0xff, 0xff,
  0xff, 0xff, 0xff, 0xff, 0xfc, 0xfc, 0xfd, 0xff, 0xfa, 0xf5, 0xf4, 0xff,
  0xfa, 0xf5, 0xf5, 0xff, 0xfd, 0xfd, 0xfe, 0xff, 0xff, 0xff, 0xff, 0xff,
  0xff, 0xff, 0xff, 0xff, 0xff, 0xff, 0xff, 0xff, 0xfd, 0xfb, 0xfa, 0xff,
  0xfd, 0xfb, 0xfa, 0xff, 0xfd, 0xfd, 0xfc, 0xff, 0xfe, 0xfe, 0xfd, 0xff,
  0xfd, 0xf9, 0xf7, 0xff, 0xfc, 0xf3, 0xee, 0xff, 0xfd, 0xf2, 0xed, 0xff,
  0xfd, 0xf6, 0xf2, 0xff, 0xeb, 0x7e, 0x48, 0xff, 0xf3, 0xab, 0x8b, 0xff,
  0xff, 0xff, 0xff, 0xff, 0xfd, 0xfb, 0xf9, 0xff, 0xfe, 0xfd, 0xfc, 0xff,
  0xfd, 0xfc, 0xfb, 0xff, 0xfe, 0xff, 0xff, 0xff, 0xfb, 0xe3, 0xe6, 0xff,
  0xec, 0x36, 0x55, 0xff, 0xfb, 0xe1, 0xe4, 0xff, 0xfc, 0xf2, 0xf3, 0xff,
  0xfd, 0xef, 0xf1, 0xff, 0xfc, 0xef, 0xf1, 0xff, 0xfe, 0xfe, 0xfd, 0xff,
  0xfe, 0xff, 0xfe, 0xff, 0xfe, 0xff, 0xfe, 0xff, 0xfe, 0xff, 0xfe, 0xff,
  0xfe, 0xff, 0xfe, 0xff, 0xfe, 0xff, 0xfe, 0xff, 0xfe, 0xff, 0xfe, 0xff,
  0xfe, 0xff, 0xfe, 0xff, 0xfe, 0xff, 0xff, 0xff, 0xfe, 0xff, 0xfe, 0xff,
  0xfe, 0xff, 0xfe, 0xff, 0xfe, 0xff, 0xfe, 0xff, 0xfe, 0xff, 0xfe, 0xff,
  0xfe, 0xff, 0xfe, 0xff, 0xfe, 0xff, 0xfe, 0xff, 0xfe, 0xff, 0xfe, 0xff,
  0xfe, 0xff, 0xfe, 0xff, 0xfe, 0xff, 0xfe, 0xff, 0xfe, 0xff, 0xfe, 0xff,
  0xfd, 0xfe, 0xfd, 0xff, 0xfd, 0xf2, 0xf4, 0xff, 0xfc, 0xee, 0xf0, 0xff,
  0xfd, 0xf2, 0xf4, 0xff, 0xfd, 0xf2, 0xf4, 0xff, 0xf3, 0x44, 0x69, 0xff,
  0xfa, 0xc3, 0xce, 0xff, 0xfe, 0xff, 0xff, 0xff, 0xfe, 0xfc, 0xfc, 0xff,
  0xfe, 0xff, 0xff, 0xff, 0xfe, 0xfe, 0xfd, 0xff, 0xfe, 0xfe, 0xfd, 0xff,
  0xff, 0xff, 0xff, 0xff, 0xfe, 0xff, 0xfe, 0xff, 0xfe, 0xfe, 0xfd, 0xff,
  0xfe, 0xff, 0xff, 0xff, 0xfe, 0xfe, 0xfd, 0xff, 0xfe, 0xfd, 0xfd, 0xff,
  0xfe, 0xfd, 0xfc, 0xff, 0xfe, 0xfd, 0xfd, 0xff, 0xfe, 0xfd, 0xfc, 0xff,
  0xfe, 0xfd, 0xfc, 0xff, 0xfe, 0xfd, 0xfd, 0xff, 0xfd, 0xfd, 0xfc, 0xff,
  0xff, 0xff, 0xfe, 0xff, 0xf5, 0xf1, 0xf0, 0xff, 0xf5, 0xf3, 0xf3, 0xff,
  0xfd, 0xfe, 0xfe, 0xff, 0xfe, 0xfe, 0xff, 0xff, 0xfe, 0xfe, 0xfe, 0xff,
  0xfe, 0xfe, 0xfe, 0xff, 0xfe, 0xfe, 0xfe, 0xff, 0xfd, 0xfd, 0xfd, 0xff,
  0xf6, 0xf3, 0xf3, 0xff, 0xf7, 0xf4, 0xf3, 0xff, 0xff, 0xfe, 0xfd, 0xff,
  0xfd, 0xfc, 0xfc, 0xff, 0xfe, 0xfc, 0xfc, 0xff, 0xfe, 0xfc, 0xfc, 0xff,
  0xfe, 0xfc, 0xfc, 0xff, 0xfe, 0xfd, 0xfc, 0xff, 0xfe, 0xfd, 0xfc, 0xff,
  0xfe, 0xfd, 0xfc, 0xff, 0xfe, 0xfc, 0xfc, 0xff, 0xfe, 0xfc, 0xfc, 0xff,
  0xfe, 0xfd, 0xfc, 0xff, 0xfd, 0xfb, 0xfa, 0xff, 0xff, 0xfe, 0xfe, 0xff,
  0xf6, 0xd1, 0xbf, 0xff, 0xdf, 0x5f, 0x22, 0xff, 0xdd, 0x66, 0x2d, 0xff,
  0xdd, 0x67, 0x2f, 0xff, 0xda, 0x5c, 0x28, 0xff, 0xed, 0xb2, 0x98, 0xff,
  0xff, 0xff, 0xff, 0xff, 0xfd, 0xfb, 0xf9, 0xff, 0xfe, 0xfc, 0xfc, 0xff,
  0xfe, 0xfc, 0xfc, 0xff, 0xfd, 0xfb, 0xfa, 0xff, 0xfd, 0xfa, 0xf8, 0xff,
  0xfd, 0xfb, 0xf9, 0xff, 0xfe, 0xfd, 0xfc, 0xff, 0xff, 0xff, 0xff, 0xff,
  0xff, 0xff, 0xfe, 0xff, 0xfe, 0xfd, 0xfc, 0xff, 0xfd, 0xfb, 0xf9, 0xff,
  0xfd, 0xfa, 0xf8, 0xff, 0xfd, 0xfb, 0xfa, 0xff, 0xfe, 0xfc, 0xfc, 0xff,
  0xfd, 0xfc, 0xfc, 0xff, 0xfd, 0xfb, 0xf9, 0xff, 0xff, 0xff, 0xff, 0xff,
  0xef, 0xa2, 0x80, 0xff, 0xe9, 0x64, 0x28, 0xff, 0xe9, 0x6e, 0x31, 0xff,
  0xe8, 0x69, 0x2b, 0xff, 0xe8, 0x67, 0x28, 0xff, 0xfb, 0xe0, 0xd4, 0xff,
  0xfe, 0xfe, 0xfe, 0xff, 0xfd, 0xfb, 0xfa, 0xff, 0xfe, 0xfd, 0xfc, 0xff,
  0xfe, 0xfc, 0xfc, 0xff, 0xfe, 0xfc, 0xfc, 0xff, 0xfe, 0xfa, 0xfa, 0xff,
  0xf1, 0x6d, 0x83, 0xff, 0xec, 0x32, 0x50, 0xff, 0xef, 0x48, 0x63, 0xff,
  0xed, 0x40, 0x5d, 0xff, 0xee, 0x4c, 0x69, 0xff, 0xfd, 0xed, 0xef, 0xff,
  0xfe, 0xfe, 0xfe, 0xff, 0xfe, 0xfb, 0xfb, 0xff, 0xfe, 0xfc, 0xfb, 0xff,
  0xfe, 0xfc, 0xfc, 0xff, 0xfe, 0xfc, 0xfb, 0xff, 0xfe, 0xfc, 0xfc, 0xff,
  0xfe, 0xfc, 0xfb, 0xff, 0xfe, 0xfc, 0xfb, 0xff, 0xfe, 0xfc, 0xfc, 0xff,
  0xfd, 0xfc, 0xfb, 0xff, 0xfe, 0xfc, 0xfb, 0xff, 0xfe, 0xfc, 0xfb, 0xff,
  0xfe, 0xfc, 0xfb, 0xff, 0xfe, 0xfc, 0xfc, 0xff, 0xfd, 0xfc, 0xfb, 0xff,
  0xfd, 0xfc, 0xfc, 0xff, 0xfd, 0xfc, 0xfb, 0xff, 0xfd, 0xfb, 0xfb, 0xff,
  0xfe, 0xfc, 0xfc, 0xff, 0xf4, 0x6c, 0x86, 0xff, 0xf2, 0x3e, 0x62, 0xff,
  0xf4, 0x52, 0x73, 0xff, 0xf2, 0x42, 0x67, 0xff, 0xf4, 0x56, 0x79, 0xff,
  0xfd, 0xed, 0xf1, 0xff, 0xfe, 0xfe, 0xfe, 0xff, 0xfc, 0xd5, 0xdd, 0xff,
  0xf8, 0x8b, 0xa4, 0xff, 0xfd, 0xde, 0xe5, 0xff, 0xfd, 0xe6, 0xea, 0xff,
  0xf7, 0x89, 0xa2, 0xff, 0xfc, 0xda, 0xe2, 0xff, 0xfd, 0xe8, 0xec, 0xff,
  0xf7, 0x8c, 0xa5, 0xff, 0xfc, 0xd2, 0xdc, 0xff, 0xfe, 0xfe, 0xfe, 0xff,
  0xfe, 0xfb, 0xfb, 0xff, 0xfe, 0xfd, 0xfc, 0xff, 0xfe, 0xfd, 0xfc, 0xff,
  0xfe, 0xfc, 0xfc, 0xff, 0xfe, 0xfd, 0xfc, 0xff, 0xfd, 0xfc, 0xfc, 0xff,
  0xff, 0xfe, 0xfe, 0xff, 0xf5, 0xf1, 0xf1, 0xff, 0xf6, 0xf3, 0xf3, 0xff,
  0xfe, 0xfe, 0xfe, 0xff, 0xfe, 0xfe, 0xfe, 0xff, 0xfe, 0xfe, 0xfe, 0xff,
  0xfe, 0xfe, 0xfe, 0xff, 0xfe, 0xfe, 0xfe, 0xff, 0xfd, 0xfd, 0xfd, 0xff,
  0xf6, 0xf3, 0xf3, 0xff, 0xf7, 0xf3, 0xf3, 0xff, 0xff, 0xfd, 0xfd, 0xff,
  0xfd, 0xfc, 0xfb, 0xff, 0xfe, 0xfc, 0xfc, 0xff, 0xfe, 0xfc, 0xfc, 0xff,
  0xfe, 0xfc, 0xfc, 0xff, 0xfe, 0xfc, 0xfc, 0xff, 0xfe, 0xfc, 0xfc, 0xff,
  0xfe, 0xfc, 0xfc, 0xff, 0xfe, 0xfc, 0xfc, 0xff, 0xfd, 0xfc, 0xfc, 0xff,
  0xfe, 0xfc, 0xfc, 0xff, 0xfe, 0xfc, 0xfc, 0xff, 0xfe, 0xfc, 0xfc, 0xff,
  0xff, 0xff, 0xff, 0xff, 0xfb, 0xf2, 0xef, 0xff, 0xf9, 0xe7, 0xe0, 0xff,
  0xfa, 0xe9, 0xe2, 0xff, 0xf9, 0xe7, 0xe1, 0xff, 0xfc, 0xf5, 0xf1, 0xff,
  0xfe, 0xfd, 0xfc, 0xff, 0xfe, 0xfc, 0xfc, 0xff, 0xfe, 0xfc, 0xfc, 0xff,
  0xfe, 0xfc, 0xfc, 0xff, 0xfe, 0xfc, 0xfc, 0xff, 0xfe, 0xfc, 0xfc, 0xff,
  0xfe, 0xfc, 0xfc, 0xff, 0xfe, 0xfc, 0xfc, 0xff, 0xfe, 0xfc, 0xfb, 0xff,
  0xfd, 0xfb, 0xfb, 0xff, 0xfe, 0xfc, 0xfc, 0xff, 0xfe, 0xfc, 0xfc, 0xff,
  0xfe, 0xfc, 0xfc, 0xff, 0xfe, 0xfc, 0xfc, 0xff, 0xfe, 0xfc, 0xfc, 0xff,
  0xfe, 0xfc, 0xfc, 0xff, 0xfe, 0xfc, 0xfc, 0xff, 0xfe, 0xfd, 0xfc, 0xff,
  0xfc, 0xf1, 0xee, 0xff, 0xfb, 0xe8, 0xe1, 0xff, 0xfb, 0xe9, 0xe2, 0xff,
  0xfb, 0xe7, 0xe0, 0xff, 0xfd, 0xf6, 0xf4, 0xff, 0xfe, 0xff, 0xff, 0xff,
  0xfe, 0xfc, 0xfc, 0xff, 0xfe, 0xfc, 0xfc, 0xff, 0xfe, 0xfc, 0xfc, 0xff,
  0xfe, 0xfd, 0xfc, 0xff, 0xfe, 0xfc, 0xfb, 0xff, 0xfe, 0xfe, 0xfd, 0xff,
  0xfe, 0xfe, 0xfe, 0xff, 0xfc, 0xe3, 0xe7, 0xff, 0xfc, 0xe5, 0xe9, 0xff,
  0xfb, 0xe3, 0xe6, 0xff, 0xfc, 0xe7, 0xeb, 0xff, 0xfe, 0xfb, 0xfb, 0xff,
  0xfe, 0xfc, 0xfc, 0xff, 0xfe, 0xfc, 0xfc, 0xff, 0xfe, 0xfc, 0xfc, 0xff,
  0xfe, 0xfc, 0xfc, 0xff, 0xfe, 0xfc, 0xfc, 0xff, 0xfe, 0xfc, 0xfc, 0xff,
  0xfe, 0xfc, 0xfc, 0xff, 0xfe, 0xfc, 0xfc, 0xff, 0xfe, 0xfc, 0xfc, 0xff,
  0xfd, 0xfc, 0xfc, 0xff, 0xfe, 0xfc, 0xfc, 0xff, 0xfe, 0xfc, 0xfc, 0xff,
  0xfd, 0xfc, 0xfc, 0xff, 0xfe, 0xfc, 0xfc, 0xff, 0xfe, 0xfc, 0xfc, 0xff,
  0xfe, 0xfc, 0xfc, 0xff, 0xfe, 0xfc, 0xfc, 0xff, 0xfe, 0xfc, 0xfc, 0xff,
  0xfe, 0xfc, 0xfc, 0xff, 0xfd, 0xeb, 0xee, 0xff, 0xfd, 0xe4, 0xe9, 0xff,
  0xfc, 0xe5, 0xe9, 0xff, 0xfc, 0xe4, 0xe9, 0xff, 0xfd, 0xfa, 0xfa, 0xff,
  0xfe, 0xff, 0xfe, 0xff, 0xfe, 0xfc, 0xfc, 0xff, 0xfe, 0xf9, 0xf9, 0xff,
  0xfd, 0xf2, 0xf4, 0xff, 0xfd, 0xf9, 0xfa, 0xff, 0xfd, 0xfa, 0xfa, 0xff,
  0xfe, 0xf2, 0xf4, 0xff, 0xfe, 0xf9, 0xf9, 0xff, 0xfe, 0xfb, 0xfb, 0xff,
  0xfd, 0xf1, 0xf3, 0xff, 0xfe, 0xf9, 0xf9, 0xff, 0xfe, 0xfd, 0xfc, 0xff,
  0xfe, 0xfc, 0xfc, 0xff, 0xfe, 0xfc, 0xfc, 0xff, 0xfe, 0xfd, 0xfc, 0xff,
  0xfe, 0xfd, 0xfc, 0xff, 0xfe, 0xfc, 0xfc, 0xff, 0xfd, 0xfc, 0xfc, 0xff,
  0xff, 0xfe, 0xfd, 0xff, 0xf6, 0xf1, 0xf1, 0xff, 0xf6, 0xf4, 0xf3, 0xff,
  0xfe, 0xfe, 0xfe, 0xff, 0xfe, 0xfe, 0xfe, 0xff, 0xfe, 0xfe, 0xfe, 0xff,
  0xfe, 0xfe, 0xfe, 0xff, 0xfe, 0xfe, 0xfe, 0xff, 0xfd, 0xfe, 0xfe, 0xff,
  0xf6, 0xf3, 0xf3, 0xff, 0xf7, 0xf3, 0xf2, 0xff, 0xff, 0xfd, 0xfd, 0xff,
  0xfd, 0xfc, 0xfb, 0xff, 0xfe, 0xfc, 0xfb, 0xff, 0xfe, 0xfc, 0xfc, 0xff,
  0xfe, 0xfc, 0xfc, 0xff, 0xfe, 0xfc, 0xfb, 0xff, 0xfe, 0xfc, 0xfc, 0xff,
  0xfe, 0xfc, 0xfc, 0xff, 0xfe, 0xfc, 0xfc, 0xff, 0xfe, 0xfc, 0xfc, 0xff,
  0xfe, 0xfc, 0xfc, 0xff, 0xfe, 0xfc, 0xfc, 0xff, 0xfe, 0xfc, 0xfc, 0xff,
  0xfd, 0xfb, 0xfa, 0xff, 0xff, 0xff, 0xff, 0xff, 0xff, 0xff, 0xff, 0xff,
  0xff, 0xff, 0xff, 0xff, 0xff, 0xff, 0xff, 0xff, 0xfe, 0xfe, 0xff, 0xff,
  0xfe, 0xfc, 0xfc, 0xff, 0xfe, 0xfc, 0xfc, 0xff, 0xfe, 0xfc, 0xfc, 0xff,
  0xfe, 0xfc, 0xfc, 0xff, 0xfe, 0xfc, 0xfc, 0xff, 0xfe, 0xfc, 0xfc, 0xff,
  0xfe, 0xfc, 0xfc, 0xff, 0xfe, 0xfc, 0xfc, 0xff, 0xfe, 0xfc, 0xfc, 0xff,
  0xfe, 0xfc, 0xfc, 0xff, 0xfe, 0xfc, 0xfc, 0xff, 0xfe, 0xfc, 0xfc, 0xff,
  0xfe, 0xfc, 0xfc, 0xff, 0xfe, 0xfc, 0xfc, 0xff, 0xfe, 0xfc, 0xfc, 0xff,
  0xfe, 0xfc, 0xfc, 0xff, 0xfe, 0xfc, 0xfc, 0xff, 0xfe, 0xfc, 0xfb, 0xff,
  0xfe, 0xff, 0xff, 0xff, 0xff, 0xff, 0xff, 0xff, 0xfe, 0xff, 0xff, 0xff,
  0xff, 0xff, 0xff, 0xff, 0xfe, 0xfe, 0xfe, 0xff, 0xfe, 0xfb, 0xfa, 0xff,
  0xfe, 0xfc, 0xfc, 0xff, 0xfe, 0xfc, 0xfc, 0xff, 0xfe, 0xfc, 0xfb, 0xff,
  0xfe, 0xfc, 0xfc, 0xff, 0xfe, 0xfc, 0xfc, 0xff, 0xfe, 0xfc, 0xfb, 0xff,
  0xfe, 0xfc, 0xfb, 0xff, 0xfe, 0xff, 0xff, 0xff, 0xfe, 0xff, 0xff, 0xff,
  0xfe, 0xff, 0xff, 0xff, 0xfe, 0xff, 0xff, 0xff, 0xfe, 0xfc, 0xfc, 0xff,
  0xfe, 0xfc, 0xfb, 0xff, 0xfe, 0xfc, 0xfc, 0xff, 0xfe, 0xfc, 0xfc, 0xff,
  0xfe, 0xfc, 0xfc, 0xff, 0xfe, 0xfc, 0xfc, 0xff, 0xfd, 0xfc, 0xfc, 0xff,
  0xfe, 0xfc, 0xfc, 0xff, 0xfe, 0xfc, 0xfc, 0xff, 0xfe, 0xfc, 0xfb, 0xff,
  0xfd, 0xfc, 0xfb, 0xff, 0xfd, 0xfc, 0xfc, 0xff, 0xfe, 0xfc, 0xfb, 0xff,
  0xfe, 0xfc, 0xfc, 0xff, 0xfe, 0xfc, 0xfb, 0xff, 0xfe, 0xfc, 0xfc, 0xff,
  0xfe, 0xfc, 0xfc, 0xff, 0xfd, 0xfc, 0xfb, 0xff, 0xfe, 0xfc, 0xfc, 0xff,
  0xfe, 0xfc, 0xfc, 0xff, 0xfe, 0xff, 0xff, 0xff, 0xfe, 0xff, 0xff, 0xff,
  0xfe, 0xff, 0xff, 0xff, 0xfe, 0xff, 0xff, 0xff, 0xfe, 0xfd, 0xfc, 0xff,
  0xfe, 0xfb, 0xfb, 0xff, 0xfe, 0xfc, 0xfc, 0xff, 0xfe, 0xfd, 0xfd, 0xff,
  0xfe, 0xff, 0xfe, 0xff, 0xfe, 0xfd, 0xfc, 0xff, 0xfe, 0xfc, 0xfc, 0xff,
  0xfe, 0xff, 0xfe, 0xff, 0xfe, 0xfd, 0xfc, 0xff, 0xfe, 0xfc, 0xfc, 0xff,
  0xfe, 0xff, 0xfe, 0xff, 0xfe, 0xfd, 0xfd, 0xff, 0xfe, 0xfc, 0xfc, 0xff,
  0xfe, 0xfc, 0xfc, 0xff, 0xfe, 0xfc, 0xfc, 0xff, 0xfe, 0xfc, 0xfc, 0xff,
  0xfe, 0xfc, 0xfc, 0xff, 0xfe, 0xfc, 0xfc, 0xff, 0xfd, 0xfc, 0xfb, 0xff,
  0xff, 0xfd, 0xfd, 0xff, 0xf5, 0xf0, 0xf0, 0xff, 0xf6, 0xf3, 0xf3, 0xff,
  0xfe, 0xfe, 0xfe, 0xff, 0xfe, 0xfe, 0xfe, 0xff, 0xfe, 0xfe, 0xfe, 0xff,
  0xfe, 0xfe, 0xfe, 0xff, 0xfe, 0xfe, 0xfe, 0xff, 0xfd, 0xfd, 0xfd, 0xff,
  0xf5, 0xf3, 0xf3, 0xff, 0xf7, 0xf3, 0xf2, 0xff, 0xff, 0xfd, 0xfd, 0xff,
  0xfd, 0xfb, 0xfb, 0xff, 0xfe, 0xfc, 0xfb, 0xff, 0xfe, 0xfc, 0xfb, 0xff,
  0xfe, 0xfc, 0xfb, 0xff, 0xfe, 0xfc, 0xfb, 0xff, 0xfe, 0xfc, 0xfb, 0xff,
  0xfd, 0xfc, 0xfb, 0xff, 0xfe, 0xfc, 0xfb, 0xff, 0xfe, 0xfc, 0xfb, 0xff,
  0xfe, 0xfc, 0xfb, 0xff, 0xfe, 0xfc, 0xfb, 0xff, 0xfe, 0xfc, 0xfb, 0xff,
  0xfe, 0xfc, 0xfb, 0xff, 0xfe, 0xfb, 0xfa, 0xff, 0xfe, 0xfb, 0xfa, 0xff,
  0xfe, 0xfb, 0xfa, 0xff, 0xfd, 0xfb, 0xfa, 0xff, 0xfe, 0xfc, 0xfb, 0xff,
  0xfe, 0xfc, 0xfc, 0xff, 0xfe, 0xfc, 0xfb, 0xff, 0xfe, 0xfc, 0xfb, 0xff,
  0xfe, 0xfc, 0xfc, 0xff, 0xfe, 0xfc, 0xfb, 0xff, 0xfe, 0xfc, 0xfb, 0xff,
  0xfe, 0xfc, 0xfb, 0xff, 0xfe, 0xfc, 0xfb, 0xff, 0xfe, 0xfc, 0xfb, 0xff,
  0xfe, 0xfc, 0xfb, 0xff, 0xfe, 0xfc, 0xfb, 0xff, 0xfe, 0xfc, 0xfb, 0xff,
  0xfe, 0xfc, 0xfb, 0xff, 0xfe, 0xfc, 0xfc, 0xff, 0xfe, 0xfc, 0xfb, 0xff,
  0xfe, 0xfc, 0xfb, 0xff, 0xfe, 0xfc, 0xfb, 0xff, 0xfe, 0xfc, 0xfc, 0xff,
  0xfe, 0xfc, 0xfb, 0xff, 0xfe, 0xfb, 0xfa, 0xff, 0xfe, 0xfb, 0xfa, 0xff,
  0xfd, 0xfb, 0xfa, 0xff, 0xfe, 0xfb, 0xfb, 0xff, 0xfd, 0xfc, 0xfb, 0xff,
  0xfe, 0xfc, 0xfb, 0xff, 0xfe, 0xfc, 0xfc, 0xff, 0xfe, 0xfc, 0xfb, 0xff,
  0xfe, 0xfc, 0xfb, 0xff, 0xfe, 0xfc, 0xfc, 0xff, 0xfe, 0xfb, 0xfb, 0xff,
  0xfe, 0xfb, 0xfb, 0xff, 0xfd, 0xfb, 0xfa, 0xff, 0xfe, 0xfb, 0xfa, 0xff,
  0xfe, 0xfb, 0xfb, 0xff, 0xfe, 0xfb, 0xfa, 0xff, 0xfe, 0xfb, 0xfb, 0xff,
  0xfe, 0xfc, 0xfb, 0xff, 0xfe, 0xfc, 0xfb, 0xff, 0xfd, 0xfc, 0xfb, 0xff,
  0xfe, 0xfc, 0xfb, 0xff, 0xfe, 0xfc, 0xfb, 0xff, 0xfe, 0xfc, 0xfb, 0xff,
  0xfe, 0xfc, 0xfb, 0xff, 0xfe, 0xfc, 0xfb, 0xff, 0xfe, 0xfc, 0xfb, 0xff,
  0xfe, 0xfc, 0xfb, 0xff, 0xfd, 0xfc, 0xfb, 0xff, 0xfe, 0xfc, 0xfb, 0xff,
  0xfe, 0xfc, 0xfb, 0xff, 0xfe, 0xfc, 0xfb, 0xff, 0xfe, 0xfc, 0xfb, 0xff,
  0xfe, 0xfc, 0xfb, 0xff, 0xfd, 0xfb, 0xfb, 0xff, 0xfe, 0xfb, 0xfb, 0xff,
  0xfe, 0xfc, 0xfb, 0xff, 0xfe, 0xfb, 0xfa, 0xff, 0xfe, 0xfb, 0xfa, 0xff,
  0xfe, 0xfb, 0xfa, 0xff, 0xfe, 0xfb, 0xfa, 0xff, 0xfe, 0xfb, 0xfb, 0xff,
  0xfe, 0xfc, 0xfb, 0xff, 0xfe, 0xfc, 0xfb, 0xff, 0xfe, 0xfb, 0xfb, 0xff,
  0xfe, 0xfc, 0xfb, 0xff, 0xfe, 0xfc, 0xfb, 0xff, 0xfe, 0xfc, 0xfb, 0xff,
  0xfe, 0xfc, 0xfb, 0xff, 0xfe, 0xfc, 0xfb, 0xff, 0xfe, 0xfc, 0xfb, 0xff,
  0xfd, 0xfc, 0xfb, 0xff, 0xfe, 0xfc, 0xfb, 0xff, 0xfe, 0xfc, 0xfb, 0xff,
  0xfe, 0xfc, 0xfb, 0xff, 0xfe, 0xfc, 0xfb, 0xff, 0xfe, 0xfc, 0xfb, 0xff,
  0xfd, 0xfc, 0xfb, 0xff, 0xfe, 0xfc, 0xfb, 0xff, 0xfd, 0xfc, 0xfb, 0xff,
  0xff, 0xfd, 0xfd, 0xff, 0xf4, 0xf0, 0xef, 0xff, 0xf6, 0xf3, 0xf3, 0xff,
  0xfe, 0xfe, 0xfe, 0xff, 0xfe, 0xfe, 0xff, 0xff, 0xfe, 0xfe, 0xfe, 0xff,
  0xfe, 0xfe, 0xfe, 0xff, 0xfe, 0xfe, 0xfe, 0xff, 0xfd, 0xfd, 0xfe, 0xff,
  0xf6, 0xf3, 0xf3, 0xff, 0xf7, 0xf3, 0xf2, 0xff, 0xff, 0xfd, 0xfc, 0xff,
  0xfd, 0xfb, 0xfa, 0xff, 0xfd, 0xfb, 0xfb, 0xff, 0xfe, 0xfc, 0xfb, 0xff,
  0xfe, 0xfc, 0xfb, 0xff, 0xfe, 0xfc, 0xfb, 0xff, 0xfe, 0xfc, 0xfb, 0xff,
  0xfe, 0xfb, 0xfb, 0xff, 0xfd, 0xfc, 0xfb, 0xff, 0xfe, 0xfc, 0xfb, 0xff,
  0xfd, 0xfc, 0xfb, 0xff, 0xfe, 0xfc, 0xfb, 0xff, 0xfe, 0xfc, 0xfb, 0xff,
  0xfe, 0xfc, 0xfb, 0xff, 0xfe, 0xfc, 0xfb, 0xff, 0xfe, 0xfc, 0xfb, 0xff,
  0xfe, 0xfc, 0xfb, 0xff, 0xfd, 0xfc, 0xfb, 0xff, 0xfe, 0xfa, 0xf9, 0xff,
  0xfe, 0xfa, 0xf8, 0xff, 0xfe, 0xfa, 0xf8, 0xff, 0xfd, 0xfa, 0xf8, 0xff,
  0xfe, 0xfa, 0xf8, 0xff, 0xfe, 0xfa, 0xf8, 0xff, 0xfe, 0xfb, 0xfa, 0xff,
  0xfe, 0xfc, 0xfb, 0xff, 0xfe, 0xfc, 0xfb, 0xff, 0xfe, 0xfc, 0xfb, 0xff,
  0xfe, 0xfb, 0xfb, 0xff, 0xfe, 0xfc, 0xfb, 0xff, 0xfe, 0xfc, 0xfb, 0xff,
  0xfd, 0xfb, 0xfa, 0xff, 0xfd, 0xfb, 0xf8, 0xff, 0xfe, 0xfb, 0xf8, 0xff,
  0xfe, 0xfb, 0xf8, 0xff, 0xfe, 0xfb, 0xf9, 0xff, 0xfd, 0xfb, 0xf8, 0xff,
  0xfe, 0xfb, 0xfa, 0xff, 0xfd, 0xfb, 0xfb, 0xff, 0xfd, 0xfc, 0xfb, 0xff,
  0xfe, 0xfc, 0xfb, 0xff, 0xfd, 0xfb, 0xfb, 0xff, 0xfe, 0xfc, 0xfb, 0xff,
  0xfe, 0xfc, 0xfb, 0xff, 0xfe, 0xfc, 0xfb, 0xff, 0xfe, 0xfa, 0xfa, 0xff,
  0xfd, 0xfa, 0xf9, 0xff, 0xfd, 0xfa, 0xf9, 0xff, 0xfd, 0xfa, 0xf9, 0xff,
  0xfe, 0xfa, 0xf9, 0xff, 0xfd, 0xfa, 0xf9, 0xff, 0xfe, 0xfb, 0xfa, 0xff,
  0xfe, 0xfc, 0xfb, 0xff, 0xfe, 0xfb, 0xfb, 0xff, 0xfe, 0xfc, 0xfb, 0xff,
  0xfd, 0xfb, 0xfb, 0xff, 0xfe, 0xfb, 0xfb, 0xff, 0xfd, 0xfc, 0xfb, 0xff,
  0xfd, 0xfb, 0xfb, 0xff, 0xfe, 0xfa, 0xf9, 0xff, 0xfd, 0xf9, 0xf9, 0xff,
  0xfd, 0xfa, 0xf9, 0xff, 0xfd, 0xfa, 0xf9, 0xff, 0xfd, 0xf9, 0xf9, 0xff,
  0xfe, 0xfa, 0xf9, 0xff, 0xfe, 0xfb, 0xfa, 0xff, 0xfe, 0xfc, 0xfb, 0xff,
  0xfe, 0xfc, 0xfb, 0xff, 0xfd, 0xfc, 0xfb, 0xff, 0xfd, 0xfb, 0xfb, 0xff,
  0xfd, 0xfb, 0xfb, 0xff, 0xfd, 0xfb, 0xfb, 0xff, 0xfe, 0xfb, 0xfb, 0xff,
  0xfd, 0xfa, 0xfb, 0xff, 0xfd, 0xf9, 0xfb, 0xff, 0xfd, 0xfa, 0xfb, 0xff,
  0xfd, 0xfa, 0xfb, 0xff, 0xfd, 0xfa, 0xfb, 0xff, 0xfd, 0xfa, 0xfb, 0xff,
  0xfe, 0xfb, 0xfb, 0xff, 0xfe, 0xfc, 0xfb, 0xff, 0xfe, 0xfc, 0xfb, 0xff,
  0xfe, 0xfc, 0xfb, 0xff, 0xfe, 0xfc, 0xfb, 0xff, 0xfe, 0xfc, 0xfb, 0xff,
  0xfe, 0xfc, 0xfb, 0xff, 0xfd, 0xfb, 0xfb, 0xff, 0xfe, 0xfc, 0xfb, 0xff,
  0xfe, 0xfc, 0xfb, 0xff, 0xfe, 0xfc, 0xfb, 0xff, 0xfe, 0xfb, 0xfb, 0xff,
  0xfe, 0xfc, 0xfb, 0xff, 0xfe, 0xfc, 0xfb, 0xff, 0xfe, 0xfc, 0xfb, 0xff,
  0xfe, 0xfc, 0xfb, 0xff, 0xfe, 0xfc, 0xfb, 0xff, 0xfe, 0xfc, 0xfb, 0xff,
  0xff, 0xfd, 0xfc, 0xff, 0xf5, 0xf0, 0xef, 0xff, 0xf6, 0xf3, 0xf3, 0xff,
  0xfe, 0xfe, 0xfe, 0xff, 0xfe, 0xfe, 0xff, 0xff, 0xfe, 0xfe, 0xfe, 0xff,
  0xfe, 0xfe, 0xfe, 0xff, 0xfe, 0xfe, 0xfe, 0xff, 0xfd, 0xfd, 0xfe, 0xff,
  0xf5, 0xf3, 0xf3, 0xff, 0xf7, 0xf3, 0xf2, 0xff, 0xff, 0xfd, 0xfc, 0xff,
  0xfd, 0xfb, 0xfa, 0xff, 0xfe, 0xfb, 0xfb, 0xff, 0xfe, 0xfc, 0xfb, 0xff,
  0xfe, 0xfc, 0xfb, 0xff, 0xfe, 0xfc, 0xfb, 0xff, 0xfe, 0xfc, 0xfb, 0xff,
  0xfe, 0xfc, 0xfb, 0xff, 0xfe, 0xfc, 0xfb, 0xff, 0xfe, 0xfc, 0xfb, 0xff,
  0xfe, 0xfb, 0xfb, 0xff, 0xfe, 0xfc, 0xfb, 0xff, 0xfe, 0xfc, 0xfb, 0xff,
  0xfe, 0xfc, 0xfb, 0xff, 0xfe, 0xfc, 0xfb, 0xff, 0xfe, 0xfc, 0xfb, 0xff,
  0xfe, 0xfc, 0xfb, 0xff, 0xfe, 0xfc, 0xfb, 0xff, 0xfe, 0xff, 0xff, 0xff,
  0xfe, 0xff, 0xff, 0xff, 0xfe, 0xff, 0xff, 0xff, 0xfe, 0xff, 0xff, 0xff,
  0xfe, 0xff, 0xff, 0xff, 0xfe, 0xff, 0xff, 0xff, 0xfe, 0xff, 0xff, 0xff,
  0xfe, 0xfc, 0xfb, 0xff, 0xfe, 0xfc, 0xfb, 0xff, 0xfe, 0xfc, 0xfb, 0xff,
  0xfe, 0xfc, 0xfb, 0xff, 0xfe, 0xfc, 0xfb, 0xff, 0xfe, 0xfb, 0xfb, 0xff,
  0xfd, 0xfe, 0xff, 0xff, 0xfe, 0xff, 0xff, 0xff, 0xfe, 0xff, 0xff, 0xff,
  0xfe, 0xff, 0xff, 0xff, 0xfe, 0xff, 0xff, 0xff, 0xfe, 0xff, 0xff, 0xff,
  0xfe, 0xfe, 0xff, 0xff, 0xfe, 0xfb, 0xfa, 0xff, 0xfe, 0xfb, 0xfb, 0xff,
  0xfe, 0xfc, 0xfb, 0xff, 0xfe, 0xfc, 0xfb, 0xff, 0xfe, 0xfc, 0xfb, 0xff,
  0xfe, 0xfc, 0xfb, 0xff, 0xfd, 0xfb, 0xfb, 0xff, 0xfe, 0xff, 0xff, 0xff,
  0xfe, 0xff, 0xff, 0xff, 0xfe, 0xff, 0xff, 0xff, 0xfe, 0xff, 0xff, 0xff,
  0xfe, 0xff, 0xff, 0xff, 0xfe, 0xff, 0xff, 0xff, 0xfe, 0xff, 0xfd, 0xff,
  0xfe, 0xfb, 0xfb, 0xff, 0xfe, 0xfb, 0xfb, 0xff, 0xfd, 0xfc, 0xfb, 0xff,
  0xfd, 0xfb, 0xfb, 0xff, 0xfe, 0xfc, 0xfb, 0xff, 0xfe, 0xfb, 0xfb, 0xff,
  0xfe, 0xfc, 0xfb, 0xff, 0xfe, 0xff, 0xff, 0xff, 0xfe, 0xff, 0xff, 0xff,
  0xfe, 0xff, 0xff, 0xff, 0xfe, 0xff, 0xff, 0xff, 0xfe, 0xff, 0xff, 0xff,
  0xfe, 0xff, 0xff, 0xff, 0xfd, 0xfe, 0xfc, 0xff, 0xfd, 0xfb, 0xfb, 0xff,
  0xfd, 0xfc, 0xfb, 0xff, 0xfd, 0xfc, 0xfb, 0xff, 0xfd, 0xfb, 0xfb, 0xff,
  0xfd, 0xfb, 0xfb, 0xff, 0xfe, 0xfc, 0xfb, 0xff, 0xfe, 0xfd, 0xfb, 0xff,
  0xff, 0xff, 0xfb, 0xff, 0xff, 0xff, 0xfb, 0xff, 0xff, 0xff, 0xfb, 0xff,
  0xff, 0xff, 0xfb, 0xff, 0xff, 0xff, 0xfb, 0xff, 0xff, 0xff, 0xfb, 0xff,
  0xfe, 0xfc, 0xfb, 0xff, 0xfe, 0xfb, 0xfb, 0xff, 0xfe, 0xfc, 0xfb, 0xff,
  0xfe, 0xfc, 0xfb, 0xff, 0xfe, 0xfc, 0xfb, 0xff, 0xfe, 0xfc, 0xfb, 0xff,
  0xfe, 0xfb, 0xfb, 0xff, 0xfe, 0xfc, 0xfb, 0xff, 0xfe, 0xfc, 0xfb, 0xff,
  0xfe, 0xfc, 0xfb, 0xff, 0xfe, 0xfb, 0xfb, 0xff, 0xfe, 0xfc, 0xfb, 0xff,
  0xfe, 0xfc, 0xfb, 0xff, 0xfe, 0xfb, 0xfb, 0xff, 0xfd, 0xfc, 0xfb, 0xff,
  0xfd, 0xfb, 0xfb, 0xff, 0xfe, 0xfb, 0xfa, 0xff, 0xfd, 0xfb, 0xfb, 0xff,
  0xff, 0xfd, 0xfc, 0xff, 0xf4, 0xf0, 0xef, 0xff, 0xf6, 0xf3, 0xf3, 0xff,
  0xfd, 0xfe, 0xfe, 0xff, 0xfe, 0xfe, 0xfe, 0xff, 0xfe, 0xfe, 0xfe, 0xff,
  0xfe, 0xfe, 0xfe, 0xff, 0xfe, 0xfe, 0xfe, 0xff, 0xfd, 0xfd, 0xfd, 0xff,
  0xf5, 0xf3, 0xf2, 0xff, 0xf7, 0xf3, 0xf2, 0xff, 0xff, 0xfd, 0xfc, 0xff,
  0xfd, 0xfb, 0xfa, 0xff, 0xfe, 0xfb, 0xfb, 0xff, 0xfe, 0xfc, 0xfb, 0xff,
  0xfe, 0xfc, 0xfb, 0xff, 0xfe, 0xfc, 0xfb, 0xff, 0xfd, 0xfc, 0xfb, 0xff,
  0xfd, 0xfc, 0xfb, 0xff, 0xfd, 0xfc, 0xfb, 0xff, 0xfe, 0xfc, 0xfb, 0xff,
  0xfe, 0xfc, 0xfb, 0xff, 0xfd, 0xfc, 0xfb, 0xff, 0xfd, 0xfc, 0xfb, 0xff,
  0xfe, 0xfc, 0xfb, 0xff, 0xfe, 0xfc, 0xfb, 0xff, 0xfd, 0xfc, 0xfb, 0xff,
  0xfe, 0xfc, 0xfb, 0xff, 0xfe, 0xfd, 0xfd, 0xff, 0xfd, 0xdb, 0xca, 0xff,
  0xfc, 0xcd, 0xb6, 0xff, 0xfc, 0xd0, 0xb9, 0xff, 0xfc, 0xcf, 0xb9, 0xff,
  0xfc, 0xcf, 0xb9, 0xff, 0xfd, 0xce, 0xb8, 0xff, 0xfd, 0xef, 0xe8, 0xff,
  0xfe, 0xfd, 0xfc, 0xff, 0xfe, 0xfb, 0xfa, 0xff, 0xfe, 0xfc, 0xfb, 0xff,
  0xfd, 0xfb, 0xfb, 0xff, 0xfe, 0xfb, 0xfa, 0xff, 0xfe, 0xfd, 0xfd, 0xff,
  0xfe, 0xf2, 0xe1, 0xff, 0xfd, 0xe6, 0xc0, 0xff, 0xfd, 0xe8, 0xc4, 0xff,
  0xfd, 0xe7, 0xc3, 0xff, 0xfd, 0xe8, 0xc4, 0xff, 0xfd, 0xe6, 0xc0, 0xff,
  0xfe, 0xf2, 0xde, 0xff, 0xfe, 0xfd, 0xfe, 0xff, 0xfd, 0xfb, 0xfa, 0xff,
  0xfe, 0xfc, 0xfb, 0xff, 0xfe, 0xfc, 0xfb, 0xff, 0xfd, 0xfb, 0xfb, 0xff,
  0xfe, 0xfc, 0xfb, 0xff, 0xfe, 0xfe, 0xfd, 0xff, 0xfd, 0xde, 0xe4, 0xff,
  0xfd, 0xcd, 0xd7, 0xff, 0xfd, 0xd0, 0xda, 0xff, 0xfd, 0xd0, 0xd9, 0xff,
  0xfd, 0xd1, 0xda, 0xff, 0xfd, 0xd0, 0xd9, 0xff, 0xfe, 0xef, 0xf1, 0xff,
  0xfe, 0xfd, 0xfc, 0xff, 0xfe, 0xfb, 0xfa, 0xff, 0xfd, 0xfc, 0xfb, 0xff,
  0xfd, 0xfb, 0xfb, 0xff, 0xfe, 0xfb, 0xfb, 0xff, 0xfe, 0xfc, 0xfb, 0xff,
  0xfe, 0xfc, 0xfb, 0xff, 0xfd, 0xd4, 0xda, 0xff, 0xfc, 0xca, 0xd2, 0xff,
  0xfc, 0xcc, 0xd4, 0xff, 0xfc, 0xcc, 0xd3, 0xff, 0xfc, 0xcc, 0xd3, 0xff,
  0xfc, 0xcd, 0xd5, 0xff, 0xfe, 0xf5, 0xf6, 0xff, 0xfd, 0xfc, 0xfc, 0xff,
  0xfd, 0xfb, 0xfa, 0xff, 0xfd, 0xfc, 0xfb, 0xff, 0xfd, 0xfc, 0xfb, 0xff,
  0xfd, 0xfb, 0xfb, 0xff, 0xfe, 0xfc, 0xfb, 0xff, 0xfc, 0xf8, 0xfb, 0xff,
  0xef, 0xd2, 0xfc, 0xff, 0xed, 0xcf, 0xfc, 0xff, 0xee, 0xd0, 0xfc, 0xff,
  0xee, 0xd0, 0xfc, 0xff, 0xed, 0xcf, 0xfc, 0xff, 0xf0, 0xd4, 0xfc, 0xff,
  0xfd, 0xfa, 0xfb, 0xff, 0xfe, 0xfc, 0xfb, 0xff, 0xfe, 0xfc, 0xfb, 0xff,
  0xfe, 0xfc, 0xfb, 0xff, 0xfe, 0xfb, 0xfb, 0xff, 0xfd, 0xfb, 0xfb, 0xff,
  0xfe, 0xfc, 0xfb, 0xff, 0xfd, 0xfc, 0xfb, 0xff, 0xfd, 0xfc, 0xfa, 0xff,
  0xfd, 0xfb, 0xfb, 0xff, 0xfe, 0xfb, 0xfb, 0xff, 0xfe, 0xfb, 0xfb, 0xff,
  0xfd, 0xfc, 0xfb, 0xff, 0xfd, 0xfb, 0xfb, 0xff, 0xfd, 0xfc, 0xfb, 0xff,
  0xfd, 0xfb, 0xfb, 0xff, 0xfd, 0xfb, 0xfb, 0xff, 0xfd, 0xfb, 0xfb, 0xff,
  0xff, 0xfd, 0xfc, 0xff, 0xf4, 0xf0, 0xef, 0xff, 0xf5, 0xf3, 0xf3, 0xff,
  0xfe, 0xfe, 0xfe, 0xff, 0xfe, 0xfe, 0xfe, 0xff, 0xfe, 0xfe, 0xfe, 0xff,
  0xfe, 0xfe, 0xfe, 0xff, 0xfe, 0xfe, 0xfe, 0xff, 0xfd, 0xfd, 0xfd, 0xff,
  0xf5, 0xf2, 0xf2, 0xff, 0xf7, 0xf3, 0xf2, 0xff, 0xff, 0xfd, 0xfc, 0xff,
  0xfe, 0xfb, 0xfa, 0xff, 0xfe, 0xfb, 0xfb, 0xff, 0xfe, 0xfc, 0xfb, 0xff,
  0xfe, 0xfc, 0xfa, 0xff, 0xfe, 0xfc, 0xfb, 0xff, 0xfe, 0xfc, 0xfb, 0xff,
  0xfd, 0xfc, 0xfb, 0xff, 0xfe, 0xfc, 0xfb, 0xff, 0xfe, 0xfc, 0xfb, 0xff,
  0xfe, 0xfc, 0xfb, 0xff, 0xfd, 0xfc, 0xfb, 0xff, 0xfe, 0xfc, 0xfb, 0xff,
  0xfd, 0xfc, 0xfb, 0xff, 0xfd, 0xfc, 0xfb, 0xff, 0xfe, 0xfa, 0xf8, 0xff,
  0xfe, 0xff, 0xff, 0xff, 0xfd, 0xd7, 0xc6, 0xff, 0xf7, 0x54, 0x00, 0xff,
  0xf7, 0x53, 0x00, 0xff, 0xf7, 0x54, 0x00, 0xff, 0xf7, 0x53, 0x00, 0xff,
  0xf7, 0x55, 0x00, 0xff, 0xf7, 0x4b, 0x00, 0xff, 0xfa, 0x86, 0x48, 0xff,
  0xfe, 0xff, 0xff, 0xff, 0xfd, 0xfa, 0xf9, 0xff, 0xfe, 0xfb, 0xfb, 0xff,
  0xfe, 0xfb, 0xfa, 0xff, 0xfe, 0xfc, 0xfd, 0xff, 0xfe, 0xfa, 0xf4, 0xff,
  0xfc, 0xbb, 0x4f, 0xff, 0xfb, 0xab, 0x26, 0xff, 0xfb, 0xae, 0x2e, 0xff,
  0xfb, 0xad, 0x2c, 0xff, 0xfb, 0xad, 0x2d, 0xff, 0xfb, 0xac, 0x27, 0xff,
  0xfc, 0xb6, 0x44, 0xff, 0xfe, 0xf6, 0xec, 0xff, 0xfd, 0xfd, 0xfd, 0xff,
  0xfd, 0xfb, 0xfa, 0xff, 0xfd, 0xfc, 0xfb, 0xff, 0xfe, 0xfa, 0xfa, 0xff,
  0xfe, 0xfe, 0xfe, 0xff, 0xfe, 0xe1, 0xe7, 0xff, 0xfa, 0x5c, 0x80, 0xff,
  0xf9, 0x57, 0x7b, 0xff, 0xf9, 0x57, 0x7c, 0xff, 0xf9, 0x58, 0x7b, 0xff,
  0xfa, 0x5b, 0x7d, 0xff, 0xf9, 0x52, 0x77, 0xff, 0xfb, 0x88, 0xa2, 0xff,
  0xfe, 0xff, 0xfe, 0xff, 0xfd, 0xfa, 0xfa, 0xff, 0xfe, 0xfb, 0xfb, 0xff,
  0xfe, 0xfb, 0xfb, 0xff, 0xfe, 0xf9, 0xf9, 0xff, 0xfe, 0xff, 0xff, 0xff,
  0xfc, 0xc3, 0xcd, 0xff, 0xf7, 0x41, 0x61, 0xff, 0xf6, 0x48, 0x67, 0xff,
  0xf6, 0x47, 0x66, 0xff, 0xf6, 0x46, 0x66, 0xff, 0xf5, 0x49, 0x69, 0xff,
  0xf5, 0x3d, 0x5f, 0xff, 0xfa, 0x95, 0xa7, 0xff, 0xfe, 0xff, 0xff, 0xff,
  0xfd, 0xf9, 0xf9, 0xff, 0xfe, 0xfc, 0xfb, 0xff, 0xfe, 0xfc, 0xfb, 0xff,
  0xfd, 0xf9, 0xfb, 0xff, 0xff, 0xff, 0xfa, 0xff, 0xe1, 0xad, 0xfb, 0xff,
  0xbc, 0x49, 0xfc, 0xff, 0xbf, 0x55, 0xfc, 0xff, 0xbf, 0x54, 0xfc, 0xff,
  0xbf, 0x53, 0xfc, 0xff, 0xc0, 0x56, 0xfc, 0xff, 0xbc, 0x4b, 0xfc, 0xff,
  0xe5, 0xb9, 0xfc, 0xff, 0xff, 0xff, 0xfb, 0xff, 0xfd, 0xf9, 0xfb, 0xff,
  0xfe, 0xfc, 0xfb, 0xff, 0xfd, 0xfc, 0xfb, 0xff, 0xfd, 0xfb, 0xfa, 0xff,
  0xfe, 0xfc, 0xfb, 0xff, 0xfe, 0xfc, 0xfb, 0xff, 0xfe, 0xfb, 0xfa, 0xff,
  0xfd, 0xfb, 0xfa, 0xff, 0xfe, 0xfb, 0xfa, 0xff, 0xfd, 0xfb, 0xfb, 0xff,
  0xfd, 0xfb, 0xfa, 0xff, 0xfe, 0xfb, 0xfa, 0xff, 0xfe, 0xfb, 0xfa, 0xff,
  0xfe, 0xfb, 0xfa, 0xff, 0xfd, 0xfb, 0xfb, 0xff, 0xfd, 0xfb, 0xfa, 0xff,
  0xff, 0xfd, 0xfc, 0xff, 0xf4, 0xf0, 0xef, 0xff, 0xf5, 0xf3, 0xf3, 0xff,
  0xfe, 0xfe, 0xfe, 0xff, 0xfe, 0xfe, 0xfe, 0xff, 0xfe, 0xfe, 0xfe, 0xff,
  0xfe, 0xfe, 0xfe, 0xff, 0xfe, 0xfe, 0xfe, 0xff, 0xfd, 0xfd, 0xfd, 0xff,
  0xf5, 0xf2, 0xf2, 0xff, 0xf7, 0xf3, 0xf2, 0xff, 0xff, 0xfd, 0xfc, 0xff,
  0xfd, 0xfb, 0xfa, 0xff, 0xfe, 0xfc, 0xfa, 0xff, 0xfe, 0xfc, 0xfa, 0xff,
  0xfd, 0xfc, 0xfa, 0xff, 0xfd, 0xfc, 0xfa, 0xff, 0xfe, 0xfc, 0xfa, 0xff,
  0xfe, 0xfc, 0xfa, 0xff, 0xfe, 0xfc, 0xfa, 0xff, 0xfe, 0xfc, 0xfb, 0xff,
  0xfd, 0xfc, 0xfa, 0xff, 0xfe, 0xfc, 0xfa, 0xff, 0xfe, 0xfc, 0xfb, 0xff,
  0xfd, 0xfc, 0xfb, 0xff, 0xfd, 0xfc, 0xfb, 0xff, 0xfd, 0xf9, 0xf7, 0xff,
  0xfe, 0xff, 0xff, 0xff, 0xfb, 0xc7, 0xaf, 0xff, 0xf6, 0x4f, 0x00, 0xff,
  0xf7, 0x5c, 0x05, 0xff, 0xf7, 0x5b, 0x02, 0xff, 0xf7, 0x5c, 0x02, 0xff,
  0xf7, 0x5d, 0x05, 0xff, 0xf7, 0x55, 0x02, 0xff, 0xf9, 0x75, 0x2d, 0xff,
  0xfe, 0xfe, 0xfe, 0xff, 0xfe, 0xfc, 0xfb, 0xff, 0xfe, 0xfb, 0xfa, 0xff,
  0xfe, 0xfb, 0xfa, 0xff, 0xfd, 0xfd, 0xff, 0xff, 0xfe, 0xf6, 0xeb, 0xff,
  0xfb, 0xb5, 0x41, 0xff, 0xfb, 0xb0, 0x35, 0xff, 0xfb, 0xb2, 0x38, 0xff,
  0xfa, 0xb1, 0x37, 0xff, 0xfa, 0xb1, 0x37, 0xff, 0xfb, 0xb1, 0x36, 0xff,
  0xfb, 0xb1, 0x36, 0xff, 0xfe, 0xf2, 0xe0, 0xff, 0xfe, 0xfe, 0xff, 0xff,
  0xfe, 0xfb, 0xf9, 0xff, 0xfe, 0xfc, 0xfb, 0xff, 0xfe, 0xfa, 0xfa, 0xff,
  0xfe, 0xff, 0xff, 0xff, 0xfd, 0xd3, 0xdc, 0xff, 0xfa, 0x58, 0x7d, 0xff,
  0xfa, 0x61, 0x83, 0xff, 0xf9, 0x5f, 0x82, 0xff, 0xf9, 0x60, 0x82, 0xff,
  0xf9, 0x62, 0x84, 0xff, 0xf9, 0x5b, 0x7f, 0xff, 0xfa, 0x7b, 0x97, 0xff,
  0xfe, 0xfd, 0xfc, 0xff, 0xfd, 0xfb, 0xfa, 0xff, 0xfe, 0xfb, 0xfa, 0xff,
  0xfe, 0xfc, 0xfb, 0xff, 0xfe, 0xf9, 0xf8, 0xff, 0xfe, 0xff, 0xff, 0xff,
  0xfb, 0xb1, 0xbd, 0xff, 0xf6, 0x42, 0x62, 0xff, 0xf6, 0x52, 0x70, 0xff,
  0xf6, 0x50, 0x6e, 0xff, 0xf6, 0x50, 0x6e, 0xff, 0xf6, 0x52, 0x70, 0xff,
  0xf5, 0x45, 0x65, 0xff, 0xf7, 0x81, 0x96, 0xff, 0xfe, 0xff, 0xff, 0xff,
  0xfd, 0xf9, 0xf9, 0xff, 0xfe, 0xfc, 0xfb, 0xff, 0xfe, 0xfc, 0xfb, 0xff,
  0xfd, 0xf9, 0xfa, 0xff, 0xff, 0xff, 0xfb, 0xff, 0xda, 0x9a, 0xfc, 0xff,
  0xbd, 0x4e, 0xfc, 0xff, 0xc3, 0x5d, 0xfc, 0xff, 0xc2, 0x5b, 0xfc, 0xff,
  0xc3, 0x5c, 0xfc, 0xff, 0xc4, 0x60, 0xfc, 0xff, 0xbd, 0x4f, 0xfc, 0xff,
  0xdd, 0xa7, 0xfc, 0xff, 0xff, 0xff, 0xfb, 0xff, 0xfc, 0xf9, 0xfb, 0xff,
  0xfd, 0xfb, 0xfa, 0xff, 0xfd, 0xfb, 0xfa, 0xff, 0xfd, 0xfc, 0xfa, 0xff,
  0xfe, 0xfc, 0xfa, 0xff, 0xfd, 0xfc, 0xfa, 0xff, 0xfe, 0xfb, 0xfa, 0xff,
  0xfe, 0xfc, 0xfa, 0xff, 0xfe, 0xfc, 0xfa, 0xff, 0xfe, 0xfc, 0xfa, 0xff,
  0xfe, 0xfb, 0xfa, 0xff, 0xfe, 0xfb, 0xfa, 0xff, 0xfd, 0xfb, 0xfa, 0xff,
  0xfd, 0xfb, 0xfa, 0xff, 0xfe, 0xfb, 0xfa, 0xff, 0xfd, 0xfb, 0xfa, 0xff,
  0xff, 0xfd, 0xfc, 0xff, 0xf4, 0xf0, 0xef, 0xff, 0xf5, 0xf3, 0xf3, 0xff,
  0xfd, 0xfe, 0xfe, 0xff, 0xfe, 0xfe, 0xfe, 0xff, 0xfe, 0xfe, 0xfe, 0xff,
  0xfe, 0xfe, 0xfe, 0xff, 0xfe, 0xfe, 0xfe, 0xff, 0xfd, 0xfd, 0xfe, 0xff,
  0xf5, 0xf3, 0xf3, 0xff, 0xf7, 0xf3, 0xf2, 0xff, 0xff, 0xfd, 0xfb, 0xff,
  0xfd, 0xfc, 0xfa, 0xff, 0xfe, 0xfc, 0xfa, 0xff, 0xfe, 0xfc, 0xfa, 0xff,
  0xfe, 0xfc, 0xfa, 0xff, 0xfe, 0xfc, 0xfa, 0xff, 0xfe, 0xfc, 0xfa, 0xff,
  0xfe, 0xfc, 0xfa, 0xff, 0xfe, 0xfc, 0xfa, 0xff, 0xfe, 0xfc, 0xfa, 0xff,
  0xfd, 0xfc, 0xfa, 0xff, 0xfd, 0xfc, 0xfa, 0xff, 0xfe, 0xfc, 0xfa, 0xff,
  0xfe, 0xfc, 0xfa, 0xff, 0xfe, 0xfc, 0xfa, 0xff, 0xfd, 0xfa, 0xf7, 0xff,
  0xfe, 0xff, 0xff, 0xff, 0xfb, 0xca, 0xb3, 0xff, 0xf6, 0x50, 0x01, 0xff,
  0xf7, 0x5b, 0x03, 0xff, 0xf7, 0x59, 0x01, 0xff, 0xf7, 0x59, 0x00, 0xff,
  0xf7, 0x5a, 0x03, 0xff, 0xf7, 0x53, 0x00, 0xff, 0xf9, 0x78, 0x32, 0xff,
  0xfe, 0xfd, 0xfe, 0xff, 0xfd, 0xfc, 0xfa, 0xff, 0xfd, 0xfb, 0xfa, 0xff,
  0xfd, 0xfb, 0xf9, 0xff, 0xfd, 0xfd, 0xfe, 0xff, 0xfd, 0xf7, 0xec, 0xff,
  0xfb, 0xb6, 0x45, 0xff, 0xfb, 0xaf, 0x33, 0xff, 0xfb, 0xb1, 0x36, 0xff,
  0xfa, 0xb0, 0x35, 0xff, 0xfa, 0xb0, 0x35, 0xff, 0xfa, 0xb0, 0x34, 0xff,
  0xfb, 0xb2, 0x38, 0xff, 0xfe, 0xf3, 0xe1, 0xff, 0xfe, 0xfe, 0xff, 0xff,
  0xfe, 0xfb, 0xf9, 0xff, 0xfe, 0xfc, 0xfb, 0xff, 0xfe, 0xfa, 0xf9, 0xff,
  0xfe, 0xff, 0xff, 0xff, 0xfd, 0xd6, 0xde, 0xff, 0xfa, 0x59, 0x7d, 0xff,
  0xf9, 0x5e, 0x81, 0xff, 0xf9, 0x5e, 0x81, 0xff, 0xf9, 0x5e, 0x81, 0xff,
  0xf9, 0x60, 0x82, 0xff, 0xf9, 0x59, 0x7d, 0xff, 0xf9, 0x7c, 0x98, 0xff,
  0xfe, 0xfe, 0xfc, 0xff, 0xfe, 0xfb, 0xfa, 0xff, 0xfe, 0xfb, 0xfa, 0xff,
  0xfe, 0xfc, 0xfa, 0xff, 0xfe, 0xf9, 0xf8, 0xff, 0xfe, 0xff, 0xff, 0xff,
  0xfb, 0xb3, 0xbf, 0xff, 0xf6, 0x41, 0x61, 0xff, 0xf6, 0x50, 0x6e, 0xff,
  0xf6, 0x4e, 0x6c, 0xff, 0xf6, 0x4e, 0x6c, 0xff, 0xf5, 0x50, 0x6e, 0xff,
  0xf4, 0x43, 0x64, 0xff, 0xf8, 0x85, 0x9a, 0xff, 0xfe, 0xff, 0xff, 0xff,
  0xfd, 0xfa, 0xf9, 0xff, 0xfd, 0xfc, 0xfa, 0xff, 0xfe, 0xfc, 0xfa, 0xff,
  0xfd, 0xf9, 0xfa, 0xff, 0xff, 0xff, 0xfb, 0xff, 0xdb, 0x9d, 0xfc, 0xff,
  0xbd, 0x4e, 0xfc, 0xff, 0xc2, 0x5b, 0xfc, 0xff, 0xc2, 0x5a, 0xfc, 0xff,
  0xc2, 0x5b, 0xfc, 0xff, 0xc3, 0x5d, 0xfc, 0xff, 0xbd, 0x4f, 0xfc, 0xff,
  0xde, 0xaa, 0xfc, 0xff, 0xff, 0xff, 0xfa, 0xff, 0xfc, 0xf9, 0xfa, 0xff,
  0xfd, 0xfc, 0xfa, 0xff, 0xfd, 0xfc, 0xfa, 0xff, 0xfd, 0xfc, 0xfa, 0xff,
  0xfe, 0xfb, 0xfa, 0xff, 0xfd, 0xfb, 0xfa, 0xff, 0xfd, 0xfb, 0xfa, 0xff,
  0xfe, 0xfc, 0xfa, 0xff, 0xfe, 0xfc, 0xfa, 0xff, 0xfe, 0xfb, 0xfa, 0xff,
  0xfe, 0xfc, 0xfa, 0xff, 0xfd, 0xfb, 0xfa, 0xff, 0xfd, 0xfb, 0xfa, 0xff,
  0xfd, 0xfb, 0xfa, 0xff, 0xfe, 0xfb, 0xfa, 0xff, 0xfd, 0xfb, 0xfa, 0xff,
  0xff, 0xfd, 0xfb, 0xff, 0xf4, 0xf0, 0xee, 0xff, 0xf5, 0xf3, 0xf3, 0xff,
  0xfd, 0xfd, 0xfe, 0xff, 0xfe, 0xfe, 0xfe, 0xff, 0xfe, 0xfe, 0xfe, 0xff,
  0xfe, 0xfe, 0xfe, 0xff, 0xfe, 0xfe, 0xfe, 0xff, 0xfd, 0xfd, 0xfd, 0xff,
  0xf6, 0xf3, 0xf3, 0xff, 0xf7, 0xf3, 0xf2, 0xff, 0xff, 0xfc, 0xfb, 0xff,
  0xfd, 0xfb, 0xfa, 0xff, 0xfe, 0xfb, 0xfa, 0xff, 0xfe, 0xfb, 0xfa, 0xff,
  0xfe, 0xfb, 0xfa, 0xff, 0xfe, 0xfb, 0xfa, 0xff, 0xfd, 0xfb, 0xfa, 0xff,
  0xfe, 0xfb, 0xfa, 0xff, 0xfd, 0xfb, 0xfa, 0xff, 0xfd, 0xfb, 0xfa, 0xff,
  0xfe, 0xfb, 0xfa, 0xff, 0xfe, 0xfb, 0xfa, 0xff, 0xfe, 0xfb, 0xfa, 0xff,
  0xfe, 0xfb, 0xfa, 0xff, 0xfe, 0xfb, 0xfa, 0xff, 0xfd, 0xf9, 0xf7, 0xff,
  0xfe, 0xff, 0xff, 0xff, 0xfb, 0xca, 0xb2, 0xff, 0xf7, 0x50, 0x00, 0xff,
  0xf7, 0x5b, 0x03, 0xff, 0xf7, 0x59, 0x00, 0xff, 0xf7, 0x59, 0x00, 0xff,
  0xf7, 0x5b, 0x03, 0xff, 0xf6, 0x53, 0x00, 0xff, 0xfa, 0x77, 0x31, 0xff,
  0xfe, 0xfd, 0xfe, 0xff, 0xfd, 0xfb, 0xfa, 0xff, 0xfe, 0xfb, 0xfa, 0xff,
  0xfe, 0xfb, 0xf9, 0xff, 0xfe, 0xfd, 0xfe, 0xff, 0xfd, 0xf6, 0xec, 0xff,
  0xfb, 0xb6, 0x43, 0xff, 0xfb, 0xaf, 0x32, 0xff, 0xfb, 0xb0, 0x35, 0xff,
  0xfa, 0xb0, 0x34, 0xff, 0xfa, 0xb0, 0x35, 0xff, 0xfb, 0xb0, 0x34, 0xff,
  0xfb, 0xb2, 0x37, 0xff, 0xfe, 0xf2, 0xe0, 0xff, 0xfe, 0xfe, 0xff, 0xff,
  0xfe, 0xfb, 0xf8, 0xff, 0xfd, 0xfb, 0xfa, 0xff, 0xfe, 0xfa, 0xf9, 0xff,
  0xfe, 0xff, 0xff, 0xff, 0xfc, 0xd5, 0xdd, 0xff, 0xf9, 0x57, 0x7c, 0xff,
  0xf9, 0x5e, 0x81, 0xff, 0xf9, 0x5e, 0x80, 0xff, 0xf9, 0x5e, 0x80, 0xff,
  0xf9, 0x60, 0x82, 0xff, 0xf9, 0x59, 0x7c, 0xff, 0xfa, 0x7c, 0x98, 0xff,
  0xfe, 0xfd, 0xfc, 0xff, 0xfe, 0xfb, 0xf9, 0xff, 0xfe, 0xfb, 0xfa, 0xff,
  0xfe, 0xfb, 0xfa, 0xff, 0xfd, 0xf9, 0xf8, 0xff, 0xfe, 0xff, 0xff, 0xff,
  0xfa, 0xb2, 0xbe, 0xff, 0xf5, 0x3f, 0x60, 0xff, 0xf6, 0x4f, 0x6d, 0xff,
  0xf6, 0x4d, 0x6b, 0xff, 0xf5, 0x4d, 0x6b, 0xff, 0xf5, 0x50, 0x6d, 0xff,
  0xf5, 0x43, 0x64, 0xff, 0xf8, 0x84, 0x99, 0xff, 0xfe, 0xff, 0xff, 0xff,
  0xfd, 0xf9, 0xf8, 0xff, 0xfe, 0xfb, 0xfa, 0xff, 0xfe, 0xfb, 0xfa, 0xff,
  0xfd, 0xf9, 0xfa, 0xff, 0xff, 0xff, 0xfa, 0xff, 0xdb, 0x9c, 0xfb, 0xff,
  0xbd, 0x4d, 0xfc, 0xff, 0xc3, 0x5c, 0xfc, 0xff, 0xc2, 0x5a, 0xfc, 0xff,
  0xc2, 0x5a, 0xfc, 0xff, 0xc3, 0x5c, 0xfc, 0xff, 0xbd, 0x4e, 0xfd, 0xff,
  0xde, 0xa9, 0xfc, 0xff, 0xff, 0xff, 0xfa, 0xff, 0xfd, 0xf9, 0xfa, 0xff,
  0xfe, 0xfb, 0xfa, 0xff, 0xfe, 0xfb, 0xfa, 0xff, 0xfd, 0xfb, 0xfa, 0xff,
  0xfe, 0xfb, 0xfa, 0xff, 0xfd, 0xfb, 0xfa, 0xff, 0xfe, 0xfb, 0xfa, 0xff,
  0xfe, 0xfb, 0xfa, 0xff, 0xfe, 0xfb, 0xf9, 0xff, 0xfe, 0xfb, 0xfa, 0xff,
  0xfe, 0xfb, 0xfa, 0xff, 0xfe, 0xfb, 0xfa, 0xff, 0xfd, 0xfb, 0xfa, 0xff,
  0xfe, 0xfb, 0xfa, 0xff, 0xfe, 0xfb, 0xfa, 0xff, 0xfd, 0xfb, 0xf9, 0xff,
  0xff, 0xfd, 0xfb, 0xff, 0xf4, 0xf0, 0xef, 0xff, 0xf6, 0xf3, 0xf3, 0xff,
  0xfd, 0xfe, 0xfe, 0xff, 0xfe, 0xfe, 0xfe, 0xff, 0xfe, 0xfe, 0xfe, 0xff,
  0xfe, 0xfe, 0xfe, 0xff, 0xfe, 0xfe, 0xfe, 0xff, 0xfd, 0xfd, 0xfd, 0xff,
  0xf6, 0xf3, 0xf3, 0xff, 0xf7, 0xf2, 0xf1, 0xff, 0xff, 0xfc, 0xfb, 0xff,
  0xfd, 0xfa, 0xf9, 0xff, 0xfe, 0xfb, 0xfa, 0xff, 0xfe, 0xfb, 0xfa, 0xff,
  0xfe, 0xfb, 0xfa, 0xff, 0xfe, 0xfb, 0xfa, 0xff, 0xfe, 0xfb, 0xfa, 0xff,
  0xfe, 0xfb, 0xfa, 0xff, 0xfd, 0xfb, 0xfa, 0xff, 0xfe, 0xfb, 0xfa, 0xff,
  0xfe, 0xfb, 0xfa, 0xff, 0xfe, 0xfb, 0xfa, 0xff, 0xfe, 0xfb, 0xfa, 0xff,
  0xfe, 0xfb, 0xfa, 0xff, 0xfd, 0xfb, 0xfa, 0xff, 0xfd, 0xf9, 0xf7, 0xff,
  0xfe, 0xff, 0xff, 0xff, 0xfb, 0xcb, 0xb3, 0xff, 0xf7, 0x52, 0x02, 0xff,
  0xf7, 0x5c, 0x04, 0xff, 0xf7, 0x5a, 0x02, 0xff, 0xf6, 0x5a, 0x01, 0xff,
  0xf6, 0x5b, 0x04, 0xff, 0xf7, 0x54, 0x01, 0xff, 0xfa, 0x77, 0x32, 0xff,
  0xfe, 0xfd, 0xfd, 0xff, 0xfe, 0xfb, 0xf9, 0xff, 0xfd, 0xfb, 0xf9, 0xff,
  0xfe, 0xfb, 0xf9, 0xff, 0xfe, 0xfc, 0xfd, 0xff, 0xfe, 0xf6, 0xec, 0xff,
  0xfb, 0xb6, 0x44, 0xff, 0xfa, 0xaf, 0x31, 0xff, 0xfb, 0xb1, 0x36, 0xff,
  0xfb, 0xb1, 0x35, 0xff, 0xfb, 0xb2, 0x37, 0xff, 0xfb, 0xb1, 0x35, 0xff,
  0xfb, 0xb2, 0x38, 0xff, 0xfe, 0xf2, 0xe0, 0xff, 0xfe, 0xfd, 0xff, 0xff,
  0xfd, 0xfa, 0xf8, 0xff, 0xfe, 0xfb, 0xfa, 0xff, 0xfe, 0xf9, 0xf9, 0xff,
  0xfe, 0xff, 0xff, 0xff, 0xfc, 0xd5, 0xde, 0xff, 0xf9, 0x58, 0x7d, 0xff,
  0xfa, 0x5f, 0x80, 0xff, 0xf9, 0x5e, 0x80, 0xff, 0xf9, 0x5d, 0x80, 0xff,
  0xf9, 0x60, 0x82, 0xff, 0xf9, 0x58, 0x7c, 0xff, 0xf9, 0x7d, 0x98, 0xff,
  0xfe, 0xfd, 0xfb, 0xff, 0xfd, 0xfa, 0xf9, 0xff, 0xfd, 0xfa, 0xf9, 0xff,
  0xfd, 0xfb, 0xfa, 0xff, 0xfd, 0xf8, 0xf7, 0xff, 0xfe, 0xff, 0xff, 0xff,
  0xfa, 0xb2, 0xbe, 0xff, 0xf5, 0x40, 0x60, 0xff, 0xf6, 0x50, 0x6d, 0xff,
  0xf6, 0x4d, 0x6b, 0xff, 0xf5, 0x4d, 0x6b, 0xff, 0xf5, 0x50, 0x6d, 0xff,
  0xf5, 0x43, 0x63, 0xff, 0xf8, 0x86, 0x9b, 0xff, 0xff, 0xff, 0xff, 0xff,
  0xfd, 0xf9, 0xf8, 0xff, 0xfe, 0xfb, 0xfa, 0xff, 0xfe, 0xfb, 0xfa, 0xff,
  0xfd, 0xf8, 0xf9, 0xff, 0xff, 0xff, 0xf9, 0xff, 0xdb, 0x9d, 0xfb, 0xff,
  0xbe, 0x4e, 0xfc, 0xff, 0xc3, 0x5d, 0xfd, 0xff, 0xc2, 0x59, 0xfc, 0xff,
  0xc2, 0x59, 0xfc, 0xff, 0xc3, 0x5d, 0xfc, 0xff, 0xbd, 0x4f, 0xfd, 0xff,
  0xde, 0xa9, 0xfb, 0xff, 0xff, 0xff, 0xfa, 0xff, 0xfc, 0xf8, 0xfa, 0xff,
  0xfe, 0xfb, 0xfa, 0xff, 0xfe, 0xfb, 0xfa, 0xff, 0xfd, 0xfb, 0xf9, 0xff,
  0xfd, 0xfb, 0xfa, 0xff, 0xfd, 0xfb, 0xfa, 0xff, 0xfe, 0xfb, 0xf9, 0xff,
  0xfe, 0xfb, 0xf9, 0xff, 0xfe, 0xfb, 0xfa, 0xff, 0xfe, 0xfb, 0xfa, 0xff,
  0xfe, 0xfb, 0xfa, 0xff, 0xfe, 0xfb, 0xfa, 0xff, 0xfe, 0xfb, 0xf9, 0xff,
  0xfd, 0xfb, 0xfa, 0xff, 0xfd, 0xfa, 0xf9, 0xff, 0xfd, 0xfa, 0xf9, 0xff,
  0xff, 0xfc, 0xfb, 0xff, 0xf5, 0xf0, 0xef, 0xff, 0xf6, 0xf3, 0xf3, 0xff,
  0xfe, 0xfe, 0xfe, 0xff, 0xfe, 0xfe, 0xfe, 0xff, 0xfe, 0xfe, 0xfe, 0xff,
  0xfe, 0xfe, 0xfe, 0xff, 0xfe, 0xfe, 0xfe, 0xff, 0xfd, 0xfd, 0xfd, 0xff,
  0xf6, 0xf3, 0xf3, 0xff, 0xf7, 0xf3, 0xf1, 0xff, 0xff, 0xfc, 0xfa, 0xff,
  0xfd, 0xfa, 0xf9, 0xff, 0xfe, 0xfb, 0xf9, 0xff, 0xfd, 0xfb, 0xfa, 0xff,
  0xfd, 0xfb, 0xfa, 0xff, 0xfe, 0xfb, 0xfa, 0xff, 0xfe, 0xfb, 0xfa, 0xff,
  0xfd, 0xfb, 0xfa, 0xff, 0xfe, 0xfb, 0xfa, 0xff, 0xfe, 0xfb, 0xfa, 0xff,
  0xfe, 0xfb, 0xfa, 0xff, 0xfe, 0xfb, 0xfa, 0xff, 0xfe, 0xfb, 0xf9, 0xff,
  0xfe, 0xfb, 0xfa, 0xff, 0xfe, 0xfb, 0xfa, 0xff, 0xfe, 0xf9, 0xf7, 0xff,
  0xfe, 0xff, 0xff, 0xff, 0xfc, 0xc6, 0xad, 0xff, 0xf7, 0x4d, 0x00, 0xff,
  0xf7, 0x59, 0x00, 0xff, 0xf7, 0x57, 0x00, 0xff, 0xf7, 0x58, 0x00, 0xff,
  0xf7, 0x59, 0x00, 0xff, 0xf7, 0x51, 0x00, 0xff, 0xf9, 0x70, 0x27, 0xff,
  0xfe, 0xfc, 0xfd, 0xff, 0xfd, 0xfa, 0xf9, 0xff, 0xfd, 0xfa, 0xf9, 0xff,
  0xfe, 0xfa, 0xf9, 0xff, 0xfe, 0xfc, 0xfe, 0xff, 0xfe, 0xf6, 0xea, 0xff,
  0xfb, 0xb4, 0x3b, 0xff, 0xfb, 0xae, 0x2f, 0xff, 0xfb, 0xb1, 0x33, 0xff,
  0xfb, 0xb0, 0x33, 0xff, 0xfc, 0xb1, 0x33, 0xff, 0xfb, 0xb0, 0x32, 0xff,
  0xfb, 0xaf, 0x30, 0xff, 0xfe, 0xf1, 0xde, 0xff, 0xfe, 0xfd, 0xff, 0xff,
  0xfd, 0xfa, 0xf8, 0xff, 0xfe, 0xfb, 0xf9, 0xff, 0xfd, 0xf9, 0xf8, 0xff,
  0xfe, 0xff, 0xff, 0xff, 0xfc, 0xd2, 0xdb, 0xff, 0xfa, 0x53, 0x78, 0xff,
  0xfa, 0x5c, 0x7f, 0xff, 0xf9, 0x5a, 0x7e, 0xff, 0xf9, 0x5b, 0x7e, 0xff,
  0xfa, 0x5c, 0x7f, 0xff, 0xf9, 0x55, 0x7a, 0xff, 0xf9, 0x75, 0x92, 0xff,
  0xfe, 0xfd, 0xfa, 0xff, 0xfd, 0xfa, 0xf9, 0xff, 0xfe, 0xfa, 0xf9, 0xff,
  0xfd, 0xfb, 0xf9, 0xff, 0xfd, 0xf8, 0xf7, 0xff, 0xfe, 0xff, 0xff, 0xff,
  0xfa, 0xac, 0xb9, 0xff, 0xf6, 0x3b, 0x5b, 0xff, 0xf6, 0x4d, 0x6b, 0xff,
  0xf5, 0x4a, 0x68, 0xff, 0xf6, 0x4a, 0x69, 0xff, 0xf5, 0x4b, 0x6a, 0xff,
  0xf4, 0x3e, 0x60, 0xff, 0xf7, 0x7d, 0x94, 0xff, 0xfe, 0xff, 0xff, 0xff,
  0xfd, 0xf8, 0xf8, 0xff, 0xfe, 0xfa, 0xf9, 0xff, 0xfd, 0xfb, 0xf9, 0xff,
  0xfd, 0xf8, 0xfa, 0xff, 0xff, 0xff, 0xf9, 0xff, 0xd8, 0x97, 0xfb, 0xff,
  0xbd, 0x4a, 0xfd, 0xff, 0xc2, 0x59, 0xfc, 0xff, 0xc1, 0x56, 0xfc, 0xff,
  0xc1, 0x57, 0xfd, 0xff, 0xc2, 0x5b, 0xfd, 0xff, 0xbc, 0x4a, 0xfd, 0xff,
  0xdd, 0xa4, 0xfb, 0xff, 0xff, 0xff, 0xfa, 0xff, 0xfd, 0xf8, 0xfa, 0xff,
  0xfd, 0xfa, 0xfa, 0xff, 0xfd, 0xfb, 0xf9, 0xff, 0xfd, 0xfa, 0xf9, 0xff,
  0xfd, 0xfa, 0xf9, 0xff, 0xfd, 0xfb, 0xf9, 0xff, 0xfd, 0xfb, 0xf9, 0xff,
  0xfe, 0xfa, 0xf9, 0xff, 0xfe, 0xfa, 0xf9, 0xff, 0xfd, 0xfa, 0xf9, 0xff,
  0xfd, 0xfa, 0xf9, 0xff, 0xfe, 0xfa, 0xf9, 0xff, 0xfd, 0xfa, 0xf9, 0xff,
  0xfd, 0xfa, 0xf9, 0xff, 0xfe, 0xfa, 0xf9, 0xff, 0xfd, 0xfa, 0xf9, 0xff,
  0xfe, 0xfc, 0xfa, 0xff, 0xf5, 0xf0, 0xef, 0xff, 0xf6, 0xf3, 0xf3, 0xff,
  0xfd, 0xfe, 0xfe, 0xff, 0xfe, 0xfe, 0xfe, 0xff, 0xfe, 0xfe, 0xfe, 0xff,
  0xfe, 0xfe, 0xfe, 0xff, 0xfe, 0xfe, 0xfe, 0xff, 0xfd, 0xfd, 0xfe, 0xff,
  0xf6, 0xf3, 0xf3, 0xff, 0xf7, 0xf3, 0xf1, 0xff, 0xff, 0xfc, 0xfa, 0xff,
  0xfd, 0xfa, 0xf9, 0xff, 0xfd, 0xfb, 0xf9, 0xff, 0xfd, 0xfb, 0xf9, 0xff,
  0xfd, 0xfa, 0xf9, 0xff, 0xfe, 0xfb, 0xfa, 0xff, 0xfd, 0xfb, 0xfa, 0xff,
  0xfe, 0xfa, 0xfa, 0xff, 0xfd, 0xfb, 0xf9, 0xff, 0xfd, 0xfb, 0xfa, 0xff,
  0xfe, 0xfb, 0xfa, 0xff, 0xfe, 0xfb, 0xfa, 0xff, 0xfe, 0xfa, 0xf9, 0xff,
  0xfe, 0xfb, 0xf9, 0xff, 0xfd, 0xfb, 0xfa, 0xff, 0xfe, 0xfa, 0xf8, 0xff,
  0xfe, 0xfe, 0xfd, 0xff, 0xfd, 0xe1, 0xd3, 0xff, 0xf9, 0x68, 0x1f, 0xff,
  0xf7, 0x5f, 0x0f, 0xff, 0xf7, 0x61, 0x0f, 0xff, 0xf7, 0x60, 0x0f, 0xff,
  0xf6, 0x62, 0x11, 0xff, 0xf6, 0x5a, 0x0e, 0xff, 0xfb, 0x9b, 0x66, 0xff,
  0xfe, 0xfe, 0xfe, 0xff, 0xfd, 0xf9, 0xf7, 0xff, 0xfd, 0xfa, 0xf9, 0xff,
  0xfd, 0xfa, 0xf9, 0xff, 0xfe, 0xfb, 0xfa, 0xff, 0xfe, 0xfb, 0xf7, 0xff,
  0xfc, 0xc4, 0x67, 0xff, 0xfc, 0xb2, 0x36, 0xff, 0xfc, 0xb6, 0x40, 0xff,
  0xfc, 0xb6, 0x3e, 0xff, 0xfc, 0xb6, 0x3f, 0xff, 0xfc, 0xb3, 0x38, 0xff,
  0xfc, 0xc0, 0x5c, 0xff, 0xfe, 0xf8, 0xf1, 0xff, 0xfe, 0xfb, 0xfb, 0xff,
  0xfe, 0xfa, 0xf8, 0xff, 0xfd, 0xfa, 0xf9, 0xff, 0xfd, 0xf9, 0xf9, 0xff,
  0xfe, 0xfd, 0xfc, 0xff, 0xfd, 0xe8, 0xeb, 0xff, 0xfa, 0x70, 0x8e, 0xff,
  0xfa, 0x61, 0x83, 0xff, 0xfa, 0x65, 0x86, 0xff, 0xfa, 0x64, 0x85, 0xff,
  0xfa, 0x66, 0x88, 0xff, 0xf9, 0x5c, 0x7f, 0xff, 0xfb, 0x9b, 0xaf, 0xff,
  0xfe, 0xfe, 0xfd, 0xff, 0xfd, 0xf9, 0xf8, 0xff, 0xfd, 0xfa, 0xf9, 0xff,
  0xfd, 0xfb, 0xf9, 0xff, 0xfd, 0xf9, 0xf8, 0xff, 0xfe, 0xfe, 0xfe, 0xff,
  0xfc, 0xd0, 0xd6, 0xff, 0xf7, 0x55, 0x71, 0xff, 0xf6, 0x53, 0x6f, 0xff,
  0xf6, 0x54, 0x71, 0xff, 0xf6, 0x54, 0x71, 0xff, 0xf6, 0x55, 0x73, 0xff,
  0xf6, 0x4a, 0x6a, 0xff, 0xfa, 0xa7, 0xb5, 0xff, 0xfe, 0xff, 0xfe, 0xff,
  0xfd, 0xf8, 0xf7, 0xff, 0xfe, 0xfa, 0xf9, 0xff, 0xfe, 0xfa, 0xf9, 0xff,
  0xfd, 0xf8, 0xf9, 0xff, 0xff, 0xfe, 0xf9, 0xff, 0xe7, 0xbd, 0xfa, 0xff,
  0xc2, 0x59, 0xfb, 0xff, 0xc5, 0x61, 0xfb, 0xff, 0xc5, 0x62, 0xfc, 0xff,
  0xc5, 0x63, 0xfc, 0xff, 0xc4, 0x60, 0xfc, 0xff, 0xc3, 0x5d, 0xfc, 0xff,
  0xec, 0xc9, 0xfb, 0xff, 0xff, 0xfe, 0xf9, 0xff, 0xfd, 0xf9, 0xf9, 0xff,
  0xfd, 0xfb, 0xf9, 0xff, 0xfe, 0xfa, 0xf9, 0xff, 0xfe, 0xfa, 0xf9, 0xff,
  0xfd, 0xfa, 0xf9, 0xff, 0xfe, 0xfa, 0xf9, 0xff, 0xfe, 0xfa, 0xf9, 0xff,
  0xfe, 0xfa, 0xf9, 0xff, 0xfe, 0xfb, 0xf9, 0xff, 0xfd, 0xfa, 0xf9, 0xff,
  0xfd, 0xfa, 0xf9, 0xff, 0xfd, 0xfa, 0xf9, 0xff, 0xfd, 0xfa, 0xf9, 0xff,
  0xfd, 0xfa, 0xf9, 0xff, 0xfe, 0xfa, 0xf9, 0xff, 0xfd, 0xfa, 0xf9, 0xff,
  0xff, 0xfb, 0xfa, 0xff, 0xf5, 0xf0, 0xef, 0xff, 0xf6, 0xf3, 0xf3, 0xff,
  0xfe, 0xfe, 0xfe, 0xff, 0xfe, 0xfe, 0xff, 0xff, 0xfe, 0xfe, 0xfe, 0xff,
  0xfe, 0xfe, 0xfe, 0xff, 0xfe, 0xfe, 0xff, 0xff, 0xfd, 0xfd, 0xfd, 0xff,
  0xf5, 0xf3, 0xf3, 0xff, 0xf7, 0xf2, 0xf1, 0xff, 0xfe, 0xfb, 0xf9, 0xff,
  0xfd, 0xfa, 0xf8, 0xff, 0xfe, 0xfa, 0xf9, 0xff, 0xfd, 0xfa, 0xf9, 0xff,
  0xfe, 0xfb, 0xf9, 0xff, 0xfe, 0xfb, 0xf9, 0xff, 0xfe, 0xfb, 0xf9, 0xff,
  0xfd, 0xfb, 0xf9, 0xff, 0xfe, 0xfb, 0xf9, 0xff, 0xfe, 0xfb, 0xf9, 0xff,
  0xfe, 0xfb, 0xf9, 0xff, 0xfe, 0xfb, 0xf9, 0xff, 0xfd, 0xfa, 0xf9, 0xff,
  0xfd, 0xfa, 0xf9, 0xff, 0xfd, 0xfb, 0xf9, 0xff, 0xfe, 0xfb, 0xf9, 0xff,
  0xfe, 0xfa, 0xf9, 0xff, 0xfe, 0xfe, 0xfe, 0xff, 0xfe, 0xf3, 0xef, 0xff,
  0xfd, 0xea, 0xe3, 0xff, 0xfd, 0xec, 0xe5, 0xff, 0xfd, 0xec, 0xe4, 0xff,
  0xfd, 0xeb, 0xe3, 0xff, 0xfd, 0xeb, 0xe4, 0xff, 0xfe, 0xfc, 0xfb, 0xff,
  0xfe, 0xfb, 0xf9, 0xff, 0xfd, 0xfa, 0xf8, 0xff, 0xfe, 0xfa, 0xf9, 0xff,
  0xfe, 0xfa, 0xf9, 0xff, 0xfd, 0xfa, 0xf8, 0xff, 0xfd, 0xfb, 0xfb, 0xff,
  0xfe, 0xfa, 0xf6, 0xff, 0xfd, 0xf3, 0xe4, 0xff, 0xfe, 0xf4, 0xe6, 0xff,
  0xfd, 0xf4, 0xe6, 0xff, 0xfd, 0xf4, 0xe7, 0xff, 0xfd, 0xf3, 0xe4, 0xff,
  0xfe, 0xf9, 0xf5, 0xff, 0xfe, 0xfb, 0xfb, 0xff, 0xfe, 0xfa, 0xf8, 0xff,
  0xfe, 0xfb, 0xf9, 0xff, 0xfd, 0xfa, 0xf9, 0xff, 0xfd, 0xfa, 0xf9, 0xff,
  0xfd, 0xfa, 0xf8, 0xff, 0xfe, 0xfd, 0xfb, 0xff, 0xfd, 0xf3, 0xf3, 0xff,
  0xfd, 0xea, 0xec, 0xff, 0xfd, 0xec, 0xed, 0xff, 0xfd, 0xec, 0xed, 0xff,
  0xfd, 0xec, 0xee, 0xff, 0xfd, 0xeb, 0xec, 0xff, 0xfe, 0xfa, 0xf8, 0xff,
  0xfd, 0xfa, 0xf9, 0xff, 0xfd, 0xfa, 0xf8, 0xff, 0xfd, 0xfa, 0xf8, 0xff,
  0xfd, 0xfa, 0xf9, 0xff, 0xfd, 0xfa, 0xf8, 0xff, 0xfd, 0xfa, 0xf8, 0xff,
  0xfe, 0xff, 0xfc, 0xff, 0xfd, 0xf0, 0xf0, 0xff, 0xfd, 0xe8, 0xea, 0xff,
  0xfd, 0xea, 0xeb, 0xff, 0xfd, 0xea, 0xeb, 0xff, 0xfd, 0xea, 0xeb, 0xff,
  0xfd, 0xeb, 0xed, 0xff, 0xfe, 0xfd, 0xfa, 0xff, 0xfd, 0xfa, 0xf9, 0xff,
  0xfd, 0xfa, 0xf8, 0xff, 0xfd, 0xfa, 0xf9, 0xff, 0xfe, 0xfa, 0xf8, 0xff,
  0xfd, 0xfa, 0xf9, 0xff, 0xfe, 0xfa, 0xf8, 0xff, 0xff, 0xfd, 0xf8, 0xff,
  0xf8, 0xed, 0xf8, 0xff, 0xf7, 0xea, 0xf8, 0xff, 0xf8, 0xeb, 0xf8, 0xff,
  0xf8, 0xeb, 0xf8, 0xff, 0xf7, 0xea, 0xf8, 0xff, 0xf9, 0xef, 0xf9, 0xff,
  0xff, 0xfe, 0xf8, 0xff, 0xfe, 0xfa, 0xf9, 0xff, 0xfd, 0xfb, 0xf9, 0xff,
  0xfd, 0xfb, 0xf9, 0xff, 0xfe, 0xfa, 0xf9, 0xff, 0xfd, 0xfa, 0xf9, 0xff,
  0xfd, 0xfa, 0xf9, 0xff, 0xfe, 0xfa, 0xf9, 0xff, 0xfd, 0xfa, 0xf8, 0xff,
  0xfe, 0xfa, 0xf9, 0xff, 0xfe, 0xfa, 0xf9, 0xff, 0xfe, 0xfa, 0xf9, 0xff,
  0xfd, 0xfa, 0xf9, 0xff, 0xfd, 0xfa, 0xf9, 0xff, 0xfd, 0xfa, 0xf9, 0xff,
  0xfd, 0xfa, 0xf9, 0xff, 0xfd, 0xfa, 0xf9, 0xff, 0xfd, 0xfa, 0xf9, 0xff,
  0xfe, 0xfb, 0xfa, 0xff, 0xf5, 0xf0, 0xef, 0xff, 0xf6, 0xf4, 0xf3, 0xff,
  0xfd, 0xfe, 0xfe, 0xff, 0xfe, 0xfe, 0xff, 0xff, 0xfe, 0xfe, 0xfe, 0xff,
  0xfe, 0xfe, 0xfe, 0xff, 0xfe, 0xfe, 0xfe, 0xff, 0xfd, 0xfd, 0xfd, 0xff,
  0xf5, 0xf3, 0xf3, 0xff, 0xf6, 0xf2, 0xf0, 0xff, 0xfe, 0xfb, 0xf9, 0xff,
  0xfd, 0xfa, 0xf8, 0xff, 0xfe, 0xfa, 0xf8, 0xff, 0xfd, 0xfa, 0xf8, 0xff,
  0xfe, 0xfa, 0xf8, 0xff, 0xfe, 0xfa, 0xf8, 0xff, 0xfe, 0xfa, 0xf8, 0xff,
  0xfe, 0xfa, 0xf8, 0xff, 0xfe, 0xfa, 0xf8, 0xff, 0xfe, 0xfa, 0xf8, 0xff,
  0xfe, 0xfb, 0xf8, 0xff, 0xfd, 0xfa, 0xf8, 0xff, 0xfe, 0xfa, 0xf8, 0xff,
  0xfe, 0xfa, 0xf8, 0xff, 0xfe, 0xfa, 0xf8, 0xff, 0xfe, 0xfa, 0xf8, 0xff,
  0xfe, 0xfa, 0xf9, 0xff, 0xfe, 0xfa, 0xf7, 0xff, 0xfe, 0xfc, 0xfb, 0xff,
  0xfe, 0xfe, 0xfd, 0xff, 0xfe, 0xfe, 0xfd, 0xff, 0xfe, 0xfe, 0xfd, 0xff,
  0xfe, 0xfe, 0xfd, 0xff, 0xfe, 0xfe, 0xfd, 0xff, 0xfd, 0xfa, 0xf8, 0xff,
  0xfd, 0xfa, 0xf8, 0xff, 0xfd, 0xfa, 0xf8, 0xff, 0xfd, 0xfa, 0xf8, 0xff,
  0xfd, 0xfa, 0xf8, 0xff, 0xfd, 0xfa, 0xf9, 0xff, 0xfe, 0xfa, 0xf8, 0xff,
  0xfe, 0xfa, 0xf9, 0xff, 0xfe, 0xfc, 0xfd, 0xff, 0xfd, 0xfc, 0xfc, 0xff,
  0xfe, 0xfc, 0xfc, 0xff, 0xfe, 0xfc, 0xfc, 0xff, 0xfe, 0xfc, 0xfd, 0xff,
  0xfe, 0xfa, 0xf9, 0xff, 0xfe, 0xfa, 0xf8, 0xff, 0xfe, 0xfa, 0xf9, 0xff,
  0xfd, 0xfa, 0xf8, 0xff, 0xfd, 0xfa, 0xf8, 0xff, 0xfd, 0xfa, 0xf8, 0xff,
  0xfd, 0xfa, 0xf8, 0xff, 0xfe, 0xf9, 0xf7, 0xff, 0xfd, 0xfc, 0xfa, 0xff,
  0xfe, 0xfe, 0xfb, 0xff, 0xfe, 0xfe, 0xfb, 0xff, 0xfe, 0xfe, 0xfb, 0xff,
  0xfd, 0xfd, 0xfa, 0xff, 0xfd, 0xfe, 0xfb, 0xff, 0xfd, 0xfa, 0xf8, 0xff,
  0xfd, 0xfa, 0xf8, 0xff, 0xfd, 0xfa, 0xf8, 0xff, 0xfd, 0xfa, 0xf8, 0xff,
  0xfd, 0xfa, 0xf8, 0xff, 0xfd, 0xfa, 0xf8, 0xff, 0xfd, 0xfa, 0xf8, 0xff,
  0xfd, 0xf9, 0xf7, 0xff, 0xfd, 0xfd, 0xfa, 0xff, 0xfd, 0xfe, 0xfb, 0xff,
  0xfe, 0xfe, 0xfb, 0xff, 0xfe, 0xfe, 0xfb, 0xff, 0xfe, 0xfe, 0xfb, 0xff,
  0xfe, 0xfe, 0xfb, 0xff, 0xfd, 0xfa, 0xf8, 0xff, 0xfd, 0xfa, 0xf8, 0xff,
  0xfd, 0xfa, 0xf8, 0xff, 0xfd, 0xfa, 0xf8, 0xff, 0xfd, 0xfa, 0xf8, 0xff,
  0xfd, 0xfa, 0xf8, 0xff, 0xfe, 0xfa, 0xf8, 0xff, 0xfd, 0xf9, 0xf8, 0xff,
  0xff, 0xfd, 0xf8, 0xff, 0xff, 0xfe, 0xf8, 0xff, 0xfe, 0xfd, 0xf8, 0xff,
  0xff, 0xfd, 0xf8, 0xff, 0xff, 0xfe, 0xf8, 0xff, 0xfe, 0xfd, 0xf8, 0xff,
  0xfd, 0xf9, 0xf8, 0xff, 0xfe, 0xfa, 0xf8, 0xff, 0xfe, 0xfa, 0xf8, 0xff,
  0xfe, 0xfa, 0xf8, 0xff, 0xfe, 0xfa, 0xf8, 0xff, 0xfe, 0xfa, 0xf8, 0xff,
  0xfe, 0xfa, 0xf8, 0xff, 0xfd, 0xfa, 0xf8, 0xff, 0xfd, 0xfa, 0xf8, 0xff,
  0xfd, 0xfa, 0xf8, 0xff, 0xfd, 0xfa, 0xf8, 0xff, 0xfe, 0xfa, 0xf8, 0xff,
  0xfe, 0xfa, 0xf8, 0xff, 0xfd, 0xfa, 0xf8, 0xff, 0xfd, 0xfa, 0xf8, 0xff,
  0xfd, 0xfa, 0xf8, 0xff, 0xfd, 0xfa, 0xf8, 0xff, 0xfe, 0xfa, 0xf8, 0xff,
  0xff, 0xfb, 0xf9, 0xff, 0xf5, 0xf0, 0xee, 0xff, 0xf6, 0xf3, 0xf3, 0xff,
  0xfd, 0xfe, 0xfe, 0xff, 0xfe, 0xfe, 0xff, 0xff, 0xfe, 0xfe, 0xfe, 0xff,
  0xfe, 0xfe, 0xfe, 0xff, 0xfe, 0xfe, 0xfe, 0xff, 0xfd, 0xfe, 0xfe, 0xff,
  0xf6, 0xf3, 0xf3, 0xff, 0xf7, 0xf2, 0xf1, 0xff, 0xfe, 0xfb, 0xf9, 0xff,
  0xfd, 0xfa, 0xf8, 0xff, 0xfe, 0xfa, 0xf8, 0xff, 0xfe, 0xfa, 0xf8, 0xff,
  0xfe, 0xfa, 0xf8, 0xff, 0xfe, 0xfa, 0xf8, 0xff, 0xfd, 0xfa, 0xf8, 0xff,
  0xfe, 0xfa, 0xf8, 0xff, 0xfe, 0xfa, 0xf8, 0xff, 0xfe, 0xfa, 0xf8, 0xff,
  0xfe, 0xfa, 0xf8, 0xff, 0xfe, 0xfa, 0xf8, 0xff, 0xfe, 0xfa, 0xf8, 0xff,
  0xfe, 0xfa, 0xf8, 0xff, 0xfe, 0xfa, 0xf9, 0xff, 0xfe, 0xfa, 0xf8, 0xff,
  0xfe, 0xfa, 0xf8, 0xff, 0xfe, 0xfa, 0xf8, 0xff, 0xfe, 0xfa, 0xf7, 0xff,
  0xfd, 0xf9, 0xf7, 0xff, 0xfd, 0xf9, 0xf7, 0xff, 0xfd, 0xf9, 0xf7, 0xff,
  0xfd, 0xf9, 0xf7, 0xff, 0xfd, 0xf9, 0xf7, 0xff, 0xfd, 0xfa, 0xf8, 0xff,
  0xfd, 0xfa, 0xf8, 0xff, 0xfe, 0xfa, 0xf8, 0xff, 0xfd, 0xfa, 0xf8, 0xff,
  0xfe, 0xfa, 0xf8, 0xff, 0xfe, 0xfa, 0xf8, 0xff, 0xfe, 0xfa, 0xf8, 0xff,
  0xfe, 0xfa, 0xf8, 0xff, 0xfd, 0xfa, 0xf7, 0xff, 0xfd, 0xfa, 0xf7, 0xff,
  0xfd, 0xfa, 0xf7, 0xff, 0xfd, 0xfa, 0xf7, 0xff, 0xfd, 0xfa, 0xf7, 0xff,
  0xfe, 0xfa, 0xf7, 0xff, 0xfe, 0xfa, 0xf8, 0xff, 0xfd, 0xfa, 0xf8, 0xff,
  0xfd, 0xfa, 0xf8, 0xff, 0xfe, 0xfa, 0xf8, 0xff, 0xfd, 0xfa, 0xf8, 0xff,
  0xfd, 0xfa, 0xf8, 0xff, 0xfe, 0xfa, 0xf8, 0xff, 0xfe, 0xf9, 0xf8, 0xff,
  0xfe, 0xf9, 0xf7, 0xff, 0xfe, 0xf9, 0xf7, 0xff, 0xfe, 0xf9, 0xf7, 0xff,
  0xfe, 0xfa, 0xf8, 0xff, 0xfd, 0xf9, 0xf7, 0xff, 0xfd, 0xfa, 0xf8, 0xff,
  0xfd, 0xfa, 0xf8, 0xff, 0xfd, 0xfa, 0xf8, 0xff, 0xfe, 0xfa, 0xf8, 0xff,
  0xfd, 0xfa, 0xf8, 0xff, 0xfd, 0xfa, 0xf8, 0xff, 0xfd, 0xfa, 0xf8, 0xff,
  0xfd, 0xfa, 0xf8, 0xff, 0xfd, 0xf9, 0xf7, 0xff, 0xfd, 0xf9, 0xf7, 0xff,
  0xfd, 0xf9, 0xf7, 0xff, 0xfd, 0xf9, 0xf7, 0xff, 0xfe, 0xf9, 0xf7, 0xff,
  0xfe, 0xf9, 0xf7, 0xff, 0xfd, 0xfa, 0xf8, 0xff, 0xfd, 0xfa, 0xf8, 0xff,
  0xfd, 0xfa, 0xf8, 0xff, 0xfd, 0xfa, 0xf8, 0xff, 0xfd, 0xfa, 0xf8, 0xff,
  0xfe, 0xfa, 0xf8, 0xff, 0xfd, 0xfa, 0xf8, 0xff, 0xfd, 0xfa, 0xf8, 0xff,
  0xfd, 0xf9, 0xf8, 0xff, 0xfd, 0xf9, 0xf8, 0xff, 0xfd, 0xf9, 0xf8, 0xff,
  0xfd, 0xf9, 0xf8, 0xff, 0xfd, 0xf9, 0xf8, 0xff, 0xfd, 0xf9, 0xf8, 0xff,
  0xfe, 0xfa, 0xf8, 0xff, 0xfe, 0xfa, 0xf8, 0xff, 0xfe, 0xfa, 0xf8, 0xff,
  0xfe, 0xfa, 0xf8, 0xff, 0xfe, 0xfa, 0xf8, 0xff, 0xfe, 0xfa, 0xf8, 0xff,
  0xfd, 0xfa, 0xf8, 0xff, 0xfe, 0xfa, 0xf8, 0xff, 0xfd, 0xfa, 0xf8, 0xff,
  0xfd, 0xfa, 0xf8, 0xff, 0xfe, 0xfa, 0xf8, 0xff, 0xfe, 0xfa, 0xf8, 0xff,
  0xfd, 0xfa, 0xf8, 0xff, 0xfe, 0xfa, 0xf8, 0xff, 0xfd, 0xfa, 0xf8, 0xff,
  0xfd, 0xfa, 0xf8, 0xff, 0xfd, 0xfa, 0xf8, 0xff, 0xfd, 0xfa, 0xf8, 0xff,
  0xff, 0xfb, 0xf9, 0xff, 0xf5, 0xf0, 0xee, 0xff, 0xf6, 0xf3, 0xf3, 0xff,
  0xfd, 0xfd, 0xfe, 0xff, 0xfe, 0xfe, 0xfe, 0xff, 0xfe, 0xfe, 0xfe, 0xff,
  0xfe, 0xfe, 0xfe, 0xff, 0xfe, 0xfe, 0xfe, 0xff, 0xfd, 0xfd, 0xfe, 0xff,
  0xf6, 0xf3, 0xf3, 0xff, 0xf7, 0xf2, 0xf1, 0xff, 0xff, 0xfb, 0xf8, 0xff,
  0xfd, 0xfa, 0xf7, 0xff, 0xfd, 0xfa, 0xf7, 0xff, 0xfd, 0xfa, 0xf7, 0xff,
  0xfd, 0xfa, 0xf7, 0xff, 0xfe, 0xfa, 0xf7, 0xff, 0xfd, 0xfa, 0xf7, 0xff,
  0xfe, 0xfa, 0xf8, 0xff, 0xfe, 0xfa, 0xf8, 0xff, 0xfd, 0xfa, 0xf8, 0xff,
  0xfe, 0xfa, 0xf8, 0xff, 0xfe, 0xfa, 0xf8, 0xff, 0xfd, 0xfa, 0xf7, 0xff,
  0xfd, 0xfa, 0xf8, 0xff, 0xfe, 0xfa, 0xf8, 0xff, 0xfe, 0xfa, 0xf8, 0xff,
  0xfd, 0xfa, 0xf7, 0xff, 0xfe, 0xfa, 0xf7, 0xff, 0xfe, 0xfa, 0xf8, 0xff,
  0xfd, 0xfa, 0xf8, 0xff, 0xfd, 0xfa, 0xf8, 0xff, 0xfd, 0xfa, 0xf8, 0xff,
  0xfe, 0xfa, 0xf8, 0xff, 0xfd, 0xfa, 0xf8, 0xff, 0xfe, 0xfa, 0xf8, 0xff,
  0xfd, 0xfa, 0xf8, 0xff, 0xfd, 0xfa, 0xf8, 0xff, 0xfd, 0xfa, 0xf8, 0xff,
  0xfe, 0xfa, 0xf8, 0xff, 0xfe, 0xfa, 0xf8, 0xff, 0xfe, 0xfa, 0xf8, 0xff,
  0xfd, 0xfa, 0xf8, 0xff, 0xfd, 0xfa, 0xf7, 0xff, 0xfd, 0xfa, 0xf8, 0xff,
  0xfd, 0xfa, 0xf8, 0xff, 0xfd, 0xfa, 0xf7, 0xff, 0xfd, 0xfa, 0xf8, 0xff,
  0xfe, 0xfa, 0xf8, 0xff, 0xfd, 0xfa, 0xf8, 0xff, 0xfe, 0xfa, 0xf8, 0xff,
  0xfe, 0xfa, 0xf8, 0xff, 0xfe, 0xfa, 0xf8, 0xff, 0xfd, 0xfa, 0xf8, 0xff,
  0xfd, 0xfa, 0xf8, 0xff, 0xfd, 0xfa, 0xf7, 0xff, 0xfd, 0xfa, 0xf8, 0xff,
  0xfd, 0xfa, 0xf8, 0xff, 0xfd, 0xfa, 0xf8, 0xff, 0xfd, 0xfa, 0xf8, 0xff,
  0xfd, 0xfa, 0xf8, 0xff, 0xfd, 0xfa, 0xf8, 0xff, 0xfd, 0xfa, 0xf8, 0xff,
  0xfd, 0xfa, 0xf8, 0xff, 0xfd, 0xfa, 0xf8, 0xff, 0xfe, 0xfa, 0xf8, 0xff,
  0xfd, 0xfa, 0xf8, 0xff, 0xfe, 0xfa, 0xf8, 0xff, 0xfd, 0xfa, 0xf8, 0xff,
  0xfd, 0xfa, 0xf8, 0xff, 0xfe, 0xfa, 0xf8, 0xff, 0xfd, 0xfa, 0xf8, 0xff,
  0xfd, 0xfa, 0xf8, 0xff, 0xfe, 0xfa, 0xf8, 0xff, 0xfd, 0xfa, 0xf8, 0xff,
  0xfe, 0xfa, 0xf8, 0xff, 0xfe, 0xfa, 0xf8, 0xff, 0xfe, 0xfa, 0xf8, 0xff,
  0xfd, 0xfa, 0xf8, 0xff, 0xfd, 0xfa, 0xf8, 0xff, 0xfd, 0xfa, 0xf8, 0xff,
  0xfe, 0xfa, 0xf8, 0xff, 0xfd, 0xfa, 0xf8, 0xff, 0xfd, 0xfa, 0xf7, 0xff,
  0xfd, 0xfa, 0xf8, 0xff, 0xfe, 0xfa, 0xf8, 0xff, 0xfd, 0xfa, 0xf8, 0xff,
  0xfd, 0xfa, 0xf8, 0xff, 0xfe, 0xfa, 0xf8, 0xff, 0xfd, 0xfa, 0xf8, 0xff,
  0xfd, 0xfa, 0xf8, 0xff, 0xfe, 0xfa, 0xf8, 0xff, 0xfd, 0xfa, 0xf7, 0xff,
  0xfe, 0xfa, 0xf8, 0xff, 0xfe, 0xfa, 0xf8, 0xff, 0xfe, 0xfa, 0xf8, 0xff,
  0xfe, 0xfa, 0xf7, 0xff, 0xfe, 0xfa, 0xf8, 0xff, 0xfd, 0xfa, 0xf7, 0xff,
  0xfd, 0xfa, 0xf8, 0xff, 0xfd, 0xfa, 0xf8, 0xff, 0xfe, 0xfa, 0xf8, 0xff,
  0xfd, 0xfa, 0xf8, 0xff, 0xfd, 0xfa, 0xf8, 0xff, 0xfe, 0xfa, 0xf8, 0xff,
  0xfe, 0xfa, 0xf8, 0xff, 0xfe, 0xfa, 0xf8, 0xff, 0xfd, 0xfa, 0xf7, 0xff,
  0xfe, 0xfb, 0xf8, 0xff, 0xf5, 0xef, 0xee, 0xff, 0xf6, 0xf3, 0xf3, 0xff,
  0xfd, 0xfd, 0xfd, 0xff, 0xfe, 0xfe, 0xfe, 0xff, 0xfe, 0xfe, 0xfe, 0xff,
  0xfe, 0xfe, 0xfe, 0xff, 0xfe, 0xfe, 0xfe, 0xff, 0xfd, 0xfd, 0xfd, 0xff,
  0xf6, 0xf3, 0xf3, 0xff, 0xf7, 0xf2, 0xf0, 0xff, 0xfe, 0xfa, 0xf8, 0xff,
  0xfd, 0xf9, 0xf7, 0xff, 0xfd, 0xf9, 0xf7, 0xff, 0xfe, 0xf9, 0xf7, 0xff,
  0xfd, 0xf9, 0xf7, 0xff, 0xfd, 0xf9, 0xf7, 0xff, 0xfd, 0xf9, 0xf7, 0xff,
  0xfe, 0xf9, 0xf7, 0xff, 0xfd, 0xf9, 0xf7, 0xff, 0xfd, 0xf9, 0xf7, 0xff,
  0xfd, 0xf9, 0xf7, 0xff, 0xfd, 0xf9, 0xf7, 0xff, 0xfd, 0xf9, 0xf7, 0xff,
  0xfd, 0xf9, 0xf7, 0xff, 0xfe, 0xf9, 0xf7, 0xff, 0xfe, 0xfa, 0xf7, 0xff,
  0xfd, 0xf9, 0xf7, 0xff, 0xfd, 0xf9, 0xf7, 0xff, 0xfd, 0xf9, 0xf8, 0xff,
  0xfd, 0xf9, 0xf7, 0xff, 0xfd, 0xf9, 0xf7, 0xff, 0xfd, 0xfa, 0xf8, 0xff,
  0xfe, 0xf9, 0xf8, 0xff, 0xfd, 0xf9, 0xf8, 0xff, 0xfe, 0xfa, 0xf8, 0xff,
  0xfd, 0xfa, 0xf8, 0xff, 0xfd, 0xf9, 0xf8, 0xff, 0xfd, 0xf9, 0xf8, 0xff,
  0xfd, 0xf9, 0xf7, 0xff, 0xfd, 0xf9, 0xf7, 0xff, 0xfe, 0xfa, 0xf8, 0xff,
  0xfe, 0xfa, 0xf8, 0xff, 0xfd, 0xfa, 0xf7, 0xff, 0xfe, 0xfa, 0xf8, 0xff,
  0xfd, 0xf9, 0xf7, 0xff, 0xfd, 0xf9, 0xf7, 0xff, 0xfd, 0xf9, 0xf7, 0xff,
  0xfe, 0xf9, 0xf7, 0xff, 0xfd, 0xf9, 0xf7, 0xff, 0xfd, 0xf9, 0xf7, 0xff,
  0xfd, 0xf9, 0xf7, 0xff, 0xfd, 0xfa, 0xf8, 0xff, 0xfe, 0xfa, 0xf8, 0xff,
  0xfe, 0xfa, 0xf7, 0xff, 0xfe, 0xfa, 0xf8, 0xff, 0xfe, 0xfa, 0xf8, 0xff,
  0xfe, 0xf9, 0xf7, 0xff, 0xfd, 0xfa, 0xf7, 0xff, 0xfd, 0xfa, 0xf8, 0xff,
  0xfd, 0xf9, 0xf7, 0xff, 0xfe, 0xfa, 0xf7, 0xff, 0xfe, 0xf9, 0xf7, 0xff,
  0xfd, 0xfa, 0xf8, 0xff, 0xfe, 0xfa, 0xf8, 0xff, 0xfd, 0xfa, 0xf7, 0xff,
  0xfd, 0xf9, 0xf7, 0xff, 0xfe, 0xf9, 0xf7, 0xff, 0xfd, 0xf9, 0xf7, 0xff,
  0xfd, 0xf9, 0xf7, 0xff, 0xfe, 0xf9, 0xf7, 0xff, 0xfe, 0xf9, 0xf7, 0xff,
  0xfd, 0xf9, 0xf7, 0xff, 0xfd, 0xf9, 0xf7, 0xff, 0xfd, 0xf9, 0xf7, 0xff,
  0xfd, 0xf9, 0xf8, 0xff, 0xfd, 0xfa, 0xf7, 0xff, 0xfd, 0xf9, 0xf7, 0xff,
  0xfd, 0xf9, 0xf7, 0xff, 0xfd, 0xf9, 0xf7, 0xff, 0xfd, 0xf9, 0xf7, 0xff,
  0xfd, 0xf9, 0xf7, 0xff, 0xfd, 0xfa, 0xf8, 0xff, 0xfd, 0xfa, 0xf7, 0xff,
  0xfd, 0xf9, 0xf7, 0xff, 0xfd, 0xf9, 0xf7, 0xff, 0xfd, 0xf9, 0xf7, 0xff,
  0xfd, 0xf9, 0xf7, 0xff, 0xfd, 0xf9, 0xf7, 0xff, 0xfd, 0xf9, 0xf8, 0xff,
  0xfe, 0xfa, 0xf8, 0xff, 0xfe, 0xfa, 0xf7, 0xff, 0xfd, 0xf9, 0xf7, 0xff,
  0xfe, 0xf9, 0xf7, 0xff, 0xfe, 0xfa, 0xf7, 0xff, 0xfe, 0xf9, 0xf7, 0xff,
  0xfe, 0xf9, 0xf7, 0xff, 0xfd, 0xf9, 0xf7, 0xff, 0xfe, 0xf9, 0xf7, 0xff,
  0xfe, 0xf9, 0xf7, 0xff, 0xfd, 0xf9, 0xf7, 0xff, 0xfd, 0xf9, 0xf7, 0xff,
  0xfe, 0xf9, 0xf7, 0xff, 0xfe, 0xf9, 0xf7, 0xff, 0xfe, 0xf9, 0xf7, 0xff,
  0xfd, 0xf9, 0xf7, 0xff, 0xfd, 0xf9, 0xf7, 0xff, 0xfd, 0xf9, 0xf7, 0xff,
  0xfe, 0xfb, 0xf8, 0xff, 0xf4, 0xef, 0xee, 0xff, 0xf6, 0xf3, 0xf3, 0xff,
  0xfd, 0xfe, 0xfe, 0xff, 0xfe, 0xfe, 0xfe, 0xff, 0xfe, 0xfe, 0xfe, 0xff,
  0xfe, 0xfe, 0xfe, 0xff, 0xfe, 0xfe, 0xfe, 0xff, 0xfe, 0xfd, 0xfe, 0xff,
  0xf6, 0xf3, 0xf3, 0xff, 0xf6, 0xf1, 0xf0, 0xff, 0xfe, 0xfa, 0xf8, 0xff,
  0xfd, 0xf9, 0xf6, 0xff, 0xfd, 0xf9, 0xf7, 0xff, 0xfe, 0xf9, 0xf7, 0xff,
  0xfd, 0xf9, 0xf7, 0xff, 0xfd, 0xf9, 0xf7, 0xff, 0xfe, 0xf9, 0xf7, 0xff,
  0xfd, 0xf9, 0xf7, 0xff, 0xfd, 0xf9, 0xf7, 0xff, 0xfd, 0xf9, 0xf7, 0xff,
  0xfd, 0xf9, 0xf7, 0xff, 0xfd, 0xf9, 0xf7, 0xff, 0xfd, 0xf9, 0xf7, 0xff,
  0xfd, 0xf9, 0xf7, 0xff, 0xfd, 0xf9, 0xf7, 0xff, 0xfd, 0xf9, 0xf7, 0xff,
  0xfd, 0xf9, 0xf7, 0xff, 0xfd, 0xf9, 0xf7, 0xff, 0xfd, 0xf9, 0xf7, 0xff,
  0xfd, 0xf9, 0xf6, 0xff, 0xfd, 0xf7, 0xf4, 0xff, 0xfd, 0xf7, 0xf3, 0xff,
  0xfd, 0xf7, 0xf4, 0xff, 0xfd, 0xf7, 0xf4, 0xff, 0xfd, 0xf7, 0xf3, 0xff,
  0xfd, 0xf8, 0xf5, 0xff, 0xfe, 0xf9, 0xf7, 0xff, 0xfe, 0xf9, 0xf7, 0xff,
  0xfd, 0xf9, 0xf7, 0xff, 0xfd, 0xf9, 0xf7, 0xff, 0xfd, 0xf7, 0xf4, 0xff,
  0xfd, 0xf7, 0xf4, 0xff, 0xfe, 0xf8, 0xf4, 0xff, 0xfe, 0xf9, 0xf7, 0xff,
  0xfd, 0xf9, 0xf7, 0xff, 0xfd, 0xf9, 0xf7, 0xff, 0xfd, 0xf9, 0xf7, 0xff,
  0xfd, 0xf9, 0xf7, 0xff, 0xfd, 0xf9, 0xf7, 0xff, 0xfd, 0xf9, 0xf7, 0xff,
  0xfd, 0xf7, 0xf5, 0xff, 0xfd, 0xf7, 0xf4, 0xff, 0xfd, 0xf7, 0xf4, 0xff,
  0xfe, 0xf8, 0xf6, 0xff, 0xfd, 0xf9, 0xf7, 0xff, 0xfd, 0xf9, 0xf7, 0xff,
  0xfe, 0xf9, 0xf7, 0xff, 0xfd, 0xf9, 0xf7, 0xff, 0xfd, 0xf9, 0xf7, 0xff,
  0xfe, 0xf9, 0xf7, 0xff, 0xfd, 0xf8, 0xf6, 0xff, 0xfe, 0xf7, 0xf4, 0xff,
  0xfd, 0xf7, 0xf4, 0xff, 0xfe, 0xf8, 0xf6, 0xff, 0xfe, 0xf9, 0xf7, 0xff,
  0xfe, 0xf9, 0xf7, 0xff, 0xfd, 0xf9, 0xf7, 0xff, 0xfd, 0xf9, 0xf7, 0xff,
  0xfd, 0xf9, 0xf7, 0xff, 0xfd, 0xf9, 0xf7, 0xff, 0xfd, 0xf9, 0xf7, 0xff,
  0xfd, 0xf7, 0xf5, 0xff, 0xfd, 0xf6, 0xf4, 0xff, 0xfd, 0xf8, 0xf6, 0xff,
  0xfd, 0xf9, 0xf7, 0xff, 0xfd, 0xf9, 0xf7, 0xff, 0xfe, 0xf9, 0xf7, 0xff,
  0xfe, 0xf9, 0xf7, 0xff, 0xfd, 0xf9, 0xf7, 0xff, 0xfd, 0xf9, 0xf7, 0xff,
  0xfd, 0xf9, 0xf7, 0xff, 0xfd, 0xf9, 0xf7, 0xff, 0xfd, 0xf9, 0xf7, 0xff,
  0xfe, 0xf9, 0xf7, 0xff, 0xfe, 0xf9, 0xf7, 0xff, 0xfd, 0xf9, 0xf7, 0xff,
  0xfe, 0xf9, 0xf7, 0xff, 0xfd, 0xf9, 0xf7, 0xff, 0xfe, 0xf9, 0xf7, 0xff,
  0xfe, 0xf9, 0xf7, 0xff, 0xfd, 0xf9, 0xf7, 0xff, 0xfe, 0xf9, 0xf7, 0xff,
  0xfd, 0xf9, 0xf7, 0xff, 0xfd, 0xf9, 0xf7, 0xff, 0xfd, 0xf9, 0xf7, 0xff,
  0xfd, 0xf9, 0xf7, 0xff, 0xfe, 0xf9, 0xf7, 0xff, 0xfe, 0xf9, 0xf7, 0xff,
  0xfd, 0xf9, 0xf7, 0xff, 0xfd, 0xf9, 0xf7, 0xff, 0xfd, 0xf9, 0xf7, 0xff,
  0xfd, 0xf9, 0xf7, 0xff, 0xfd, 0xf9, 0xf7, 0xff, 0xfd, 0xf9, 0xf7, 0xff,
  0xfd, 0xf9, 0xf7, 0xff, 0xfd, 0xf9, 0xf7, 0xff, 0xfd, 0xf9, 0xf6, 0xff,
  0xff, 0xfa, 0xf8, 0xff, 0xf4, 0xef, 0xed, 0xff, 0xf5, 0xf3, 0xf3, 0xff,
  0xfd, 0xfd, 0xfe, 0xff, 0xfe, 0xfe, 0xff, 0xff, 0xfe, 0xfe, 0xfe, 0xff,
  0xfe, 0xfe, 0xfe, 0xff, 0xfe, 0xfe, 0xfe, 0xff, 0xfd, 0xfd, 0xfd, 0xff,
  0xf6, 0xf3, 0xf3, 0xff, 0xf6, 0xf1, 0xf0, 0xff, 0xff, 0xfa, 0xf7, 0xff,
  0xfd, 0xf8, 0xf6, 0xff, 0xfd, 0xf8, 0xf6, 0xff, 0xfd, 0xf8, 0xf6, 0xff,
  0xfd, 0xf9, 0xf6, 0xff, 0xfd, 0xf9, 0xf6, 0xff, 0xfd, 0xf9, 0xf6, 0xff,
  0xfe, 0xf9, 0xf6, 0xff, 0xfe, 0xf9, 0xf6, 0xff, 0xfd, 0xf9, 0xf6, 0xff,
  0xfd, 0xf9, 0xf6, 0xff, 0xfd, 0xf9, 0xf7, 0xff, 0xfe, 0xf9, 0xf6, 0xff,
  0xfd, 0xf9, 0xf7, 0xff, 0xfd, 0xf9, 0xf7, 0xff, 0xfe, 0xf9, 0xf7, 0xff,
  0xfd, 0xf9, 0xf7, 0xff, 0xfd, 0xf9, 0xf7, 0xff, 0xfd, 0xf7, 0xf4, 0xff,
  0xfe, 0xfa, 0xf9, 0xff, 0xfe, 0xff, 0xff, 0xff, 0xff, 0xff, 0xff, 0xff,
  0xff, 0xff, 0xff, 0xff, 0xff, 0xff, 0xff, 0xff, 0xfe, 0xff, 0xff, 0xff,
  0xfe, 0xfe, 0xff, 0xff, 0xfd, 0xf7, 0xf4, 0xff, 0xfd, 0xf8, 0xf6, 0xff,
  0xfd, 0xf9, 0xf7, 0xff, 0xfe, 0xfa, 0xf8, 0xff, 0xfe, 0xff, 0xff, 0xff,
  0xfe, 0xff, 0xff, 0xff, 0xff, 0xff, 0xff, 0xff, 0xfe, 0xfa, 0xf7, 0xff,
  0xfd, 0xf9, 0xf6, 0xff, 0xfd, 0xf8, 0xf6, 0xff, 0xfd, 0xf8, 0xf6, 0xff,
  0xfd, 0xf9, 0xf6, 0xff, 0xfd, 0xf9, 0xf7, 0xff, 0xfd, 0xf8, 0xf6, 0xff,
  0xfe, 0xff, 0xff, 0xff, 0xfe, 0xff, 0xff, 0xff, 0xfe, 0xff, 0xff, 0xff,
  0xfd, 0xfd, 0xfb, 0xff, 0xfd, 0xf8, 0xf6, 0xff, 0xfd, 0xf9, 0xf7, 0xff,
  0xfd, 0xf9, 0xf7, 0xff, 0xfd, 0xf9, 0xf7, 0xff, 0xfd, 0xf9, 0xf7, 0xff,
  0xfd, 0xf9, 0xf6, 0xff, 0xfe, 0xfd, 0xfc, 0xff, 0xfe, 0xff, 0xff, 0xff,
  0xfe, 0xff, 0xff, 0xff, 0xfe, 0xfd, 0xfb, 0xff, 0xfd, 0xf9, 0xf6, 0xff,
  0xfd, 0xf9, 0xf6, 0xff, 0xfd, 0xf9, 0xf6, 0xff, 0xfd, 0xf8, 0xf6, 0xff,
  0xfd, 0xf9, 0xf7, 0xff, 0xfd, 0xf9, 0xf7, 0xff, 0xfd, 0xf9, 0xf6, 0xff,
  0xfe, 0xff, 0xff, 0xff, 0xfe, 0xff, 0xff, 0xff, 0xfe, 0xfe, 0xfc, 0xff,
  0xfd, 0xf8, 0xf6, 0xff, 0xfd, 0xf9, 0xf7, 0xff, 0xfd, 0xf9, 0xf6, 0xff,
  0xfd, 0xf8, 0xf6, 0xff, 0xfd, 0xf8, 0xf6, 0xff, 0xfd, 0xf8, 0xf6, 0xff,
  0xfd, 0xf9, 0xf6, 0xff, 0xfd, 0xf9, 0xf6, 0xff, 0xfd, 0xf9, 0xf6, 0xff,
  0xfe, 0xf9, 0xf6, 0xff, 0xfd, 0xf9, 0xf7, 0xff, 0xfd, 0xf9, 0xf7, 0xff,
  0xfd, 0xf9, 0xf7, 0xff, 0xfd, 0xf9, 0xf7, 0xff, 0xfe, 0xf9, 0xf7, 0xff,
  0xfe, 0xf9, 0xf6, 0xff, 0xfe, 0xf9, 0xf6, 0xff, 0xfd, 0xf9, 0xf7, 0xff,
  0xfd, 0xf9, 0xf6, 0xff, 0xfd, 0xf9, 0xf6, 0xff, 0xfd, 0xf9, 0xf7, 0xff,
  0xfe, 0xf9, 0xf7, 0xff, 0xfe, 0xf9, 0xf7, 0xff, 0xfd, 0xf9, 0xf6, 0xff,
  0xfd, 0xf9, 0xf6, 0xff, 0xfd, 0xf9, 0xf6, 0xff, 0xfd, 0xf9, 0xf6, 0xff,
  0xfe, 0xf9, 0xf6, 0xff, 0xfd, 0xf9, 0xf6, 0xff, 0xfd, 0xf9, 0xf6, 0xff,
  0xfd, 0xf9, 0xf6, 0xff, 0xfd, 0xf9, 0xf6, 0xff, 0xfd, 0xf8, 0xf6, 0xff,
  0xff, 0xfa, 0xf8, 0xff, 0xf4, 0xef, 0xed, 0xff, 0xf5, 0xf3, 0xf3, 0xff,
  0xfd, 0xfd, 0xfe, 0xff, 0xfe, 0xfe, 0xfe, 0xff, 0xfe, 0xfe, 0xfe, 0xff,
  0xfe, 0xfe, 0xfe, 0xff, 0xfe, 0xfe, 0xfe, 0xff, 0xfd, 0xfd, 0xfe, 0xff,
  0xf5, 0xf3, 0xf3, 0xff, 0xf7, 0xf1, 0xef, 0xff, 0xff, 0xfa, 0xf7, 0xff,
  0xfd, 0xf8, 0xf6, 0xff, 0xfe, 0xf8, 0xf6, 0xff, 0xfe, 0xf8, 0xf6, 0xff,
  0xfe, 0xf8, 0xf6, 0xff, 0xfd, 0xf8, 0xf6, 0xff, 0xfd, 0xf8, 0xf6, 0xff,
  0xfd, 0xf8, 0xf6, 0xff, 0xfe, 0xf9, 0xf6, 0xff, 0xfe, 0xf9, 0xf6, 0xff,
  0xfd, 0xf9, 0xf6, 0xff, 0xfe, 0xf9, 0xf6, 0xff, 0xfe, 0xf9, 0xf6, 0xff,
  0xfd, 0xf9, 0xf6, 0xff, 0xfe, 0xf9, 0xf6, 0xff, 0xfe, 0xf9, 0xf6, 0xff,
  0xfe, 0xf8, 0xf6, 0xff, 0xfd, 0xf8, 0xf4, 0xff, 0xff, 0xff, 0xff, 0xff,
  0xfe, 0xf4, 0xef, 0xff, 0xf9, 0xcd, 0xab, 0xff, 0xf5, 0xae, 0x77, 0xff,
  0xf2, 0xa0, 0x62, 0xff, 0xf3, 0xa3, 0x67, 0xff, 0xf7, 0xb9, 0x8d, 0xff,
  0xfb, 0xe1, 0xd1, 0xff, 0xfe, 0xff, 0xff, 0xff, 0xfd, 0xfb, 0xf9, 0xff,
  0xfd, 0xf9, 0xf6, 0xff, 0xfe, 0xf5, 0xf0, 0xff, 0xfa, 0xcd, 0xb0, 0xff,
  0xf9, 0xcb, 0xac, 0xff, 0xf9, 0xce, 0xb2, 0xff, 0xfe, 0xf6, 0xf3, 0xff,
  0xfe, 0xfa, 0xf8, 0xff, 0xfd, 0xf8, 0xf6, 0xff, 0xfd, 0xf9, 0xf6, 0xff,
  0xfd, 0xf8, 0xf6, 0xff, 0xfd, 0xf8, 0xf5, 0xff, 0xfe, 0xfc, 0xfa, 0xff,
  0xfb, 0xd6, 0xc8, 0xff, 0xfa, 0xc4, 0xae, 0xff, 0xfa, 0xc3, 0xaf, 0xff,
  0xfc, 0xe7, 0xdf, 0xff, 0xfe, 0xfb, 0xf9, 0xff, 0xfd, 0xf8, 0xf5, 0xff,
  0xfd, 0xf9, 0xf6, 0xff, 0xfd, 0xf8, 0xf6, 0xff, 0xfd, 0xf8, 0xf5, 0xff,
  0xfd, 0xfb, 0xf9, 0xff, 0xfd, 0xe3, 0xdd, 0xff, 0xfc, 0xc4, 0xb7, 0xff,
  0xfb, 0xc7, 0xba, 0xff, 0xfd, 0xe5, 0xe0, 0xff, 0xfe, 0xfb, 0xf9, 0xff,
  0xfd, 0xf8, 0xf5, 0xff, 0xfd, 0xf8, 0xf6, 0xff, 0xfd, 0xf8, 0xf6, 0xff,
  0xfd, 0xf9, 0xf6, 0xff, 0xfd, 0xf8, 0xf5, 0xff, 0xfe, 0xfc, 0xfb, 0xff,
  0xfc, 0xc0, 0xba, 0xff, 0xfa, 0x94, 0x8c, 0xff, 0xfd, 0xde, 0xdb, 0xff,
  0xfe, 0xfc, 0xfb, 0xff, 0xfd, 0xf7, 0xf5, 0xff, 0xfd, 0xf9, 0xf6, 0xff,
  0xfd, 0xfc, 0xf9, 0xff, 0xfd, 0xfd, 0xfa, 0xff, 0xfd, 0xfb, 0xf8, 0xff,
  0xfd, 0xf8, 0xf6, 0xff, 0xfd, 0xf9, 0xf6, 0xff, 0xfe, 0xf9, 0xf6, 0xff,
  0xfd, 0xf8, 0xf6, 0xff, 0xfd, 0xf9, 0xf6, 0xff, 0xfd, 0xf8, 0xf6, 0xff,
  0xfd, 0xf9, 0xf6, 0xff, 0xfe, 0xf9, 0xf6, 0xff, 0xfd, 0xf9, 0xf6, 0xff,
  0xfd, 0xf8, 0xf6, 0xff, 0xfd, 0xf8, 0xf6, 0xff, 0xfd, 0xf9, 0xf6, 0xff,
  0xfe, 0xf9, 0xf6, 0xff, 0xfe, 0xf8, 0xf6, 0xff, 0xfe, 0xf9, 0xf6, 0xff,
  0xfd, 0xf9, 0xf6, 0xff, 0xfd, 0xf9, 0xf6, 0xff, 0xfd, 0xf8, 0xf6, 0xff,
  0xfe, 0xf9, 0xf6, 0xff, 0xfd, 0xf8, 0xf6, 0xff, 0xfe, 0xf8, 0xf6, 0xff,
  0xfe, 0xf8, 0xf6, 0xff, 0xfd, 0xf8, 0xf6, 0xff, 0xfd, 0xf8, 0xf6, 0xff,
  0xfe, 0xf9, 0xf6, 0xff, 0xfd, 0xf9, 0xf6, 0xff, 0xfd, 0xf8, 0xf6, 0xff,
  0xfe, 0xfa, 0xf7, 0xff, 0xf4, 0xef, 0xed, 0xff, 0xf6, 0xf3, 0xf3, 0xff,
  0xfd, 0xfe, 0xfe, 0xff, 0xfe, 0xfe, 0xfe, 0xff, 0xfe, 0xfe, 0xfe, 0xff,
  0xfe, 0xfe, 0xfe, 0xff, 0xfe, 0xfe, 0xfe, 0xff, 0xfd, 0xfd, 0xfd, 0xff,
  0xf5, 0xf3, 0xf3, 0xff, 0xf6, 0xf1, 0xef, 0xff, 0xfe, 0xf9, 0xf6, 0xff,
  0xfd, 0xf8, 0xf5, 0xff, 0xfe, 0xf8, 0xf5, 0xff, 0xfe, 0xf8, 0xf5, 0xff,
  0xfe, 0xf8, 0xf5, 0xff, 0xfd, 0xf8, 0xf5, 0xff, 0xfd, 0xf8, 0xf5, 0xff,
  0xfd, 0xf8, 0xf5, 0xff, 0xfe, 0xf9, 0xf5, 0xff, 0xfe, 0xf9, 0xf6, 0xff,
  0xfe, 0xf9, 0xf6, 0xff, 0xfd, 0xf9, 0xf5, 0xff, 0xfd, 0xf9, 0xf5, 0xff,
  0xfd, 0xf9, 0xf6, 0xff, 0xfe, 0xf9, 0xf6, 0xff, 0xfe, 0xf8, 0xf6, 0xff,
  0xfd, 0xf8, 0xf4, 0xff, 0xff, 0xff, 0xff, 0xff, 0xf8, 0xc7, 0xa3, 0xff,
  0xef, 0x7f, 0x25, 0xff, 0xed, 0x6c, 0x04, 0xff, 0xea, 0x67, 0x00, 0xff,
  0xe8, 0x65, 0x00, 0xff, 0xeb, 0x66, 0x00, 0xff, 0xea, 0x66, 0x01, 0xff,
  0xe9, 0x69, 0x0d, 0xff, 0xf5, 0xa1, 0x67, 0xff, 0xfe, 0xf4, 0xef, 0xff,
  0xfd, 0xfc, 0xfb, 0xff, 0xfe, 0xf7, 0xf4, 0xff, 0xf3, 0x7e, 0x2e, 0xff,
  0xeb, 0x5f, 0x00, 0xff, 0xee, 0x61, 0x01, 0xff, 0xfc, 0xd7, 0xc1, 0xff,
  0xfe, 0xfe, 0xfe, 0xff, 0xfd, 0xf7, 0xf3, 0xff, 0xfd, 0xf9, 0xf6, 0xff,
  0xfd, 0xf8, 0xf5, 0xff, 0xfe, 0xfa, 0xf8, 0xff, 0xfe, 0xf5, 0xf1, 0xff,
  0xf3, 0x68, 0x34, 0xff, 0xf0, 0x4d, 0x0e, 0xff, 0xf2, 0x53, 0x19, 0xff,
  0xfc, 0xdc, 0xd0, 0xff, 0xfe, 0xfe, 0xfd, 0xff, 0xfd, 0xf7, 0xf4, 0xff,
  0xfd, 0xf9, 0xf6, 0xff, 0xfd, 0xf9, 0xf6, 0xff, 0xfd, 0xf6, 0xf3, 0xff,
  0xfe, 0xff, 0xff, 0xff, 0xfb, 0xa8, 0x96, 0xff, 0xf6, 0x4f, 0x2a, 0xff,
  0xf5, 0x4f, 0x2c, 0xff, 0xfb, 0xb7, 0xa9, 0xff, 0xfe, 0xff, 0xff, 0xff,
  0xfd, 0xf6, 0xf3, 0xff, 0xfe, 0xf8, 0xf6, 0xff, 0xfd, 0xf8, 0xf6, 0xff,
  0xfd, 0xf7, 0xf4, 0xff, 0xfd, 0xfe, 0xfc, 0xff, 0xfd, 0xde, 0xda, 0xff,
  0xf7, 0x58, 0x4b, 0xff, 0xf7, 0x51, 0x45, 0xff, 0xfa, 0x7d, 0x78, 0xff,
  0xfe, 0xfb, 0xf9, 0xff, 0xfd, 0xf8, 0xf5, 0xff, 0xfd, 0xf7, 0xf5, 0xff,
  0xfd, 0xec, 0xea, 0xff, 0xfd, 0xe7, 0xe6, 0xff, 0xfd, 0xef, 0xed, 0xff,
  0xfd, 0xf9, 0xf7, 0xff, 0xfd, 0xf8, 0xf6, 0xff, 0xfd, 0xf8, 0xf6, 0xff,
  0xfd, 0xf8, 0xf6, 0xff, 0xfd, 0xf8, 0xf6, 0xff, 0xfd, 0xf8, 0xf6, 0xff,
  0xfd, 0xf8, 0xf5, 0xff, 0xfe, 0xf9, 0xf6, 0xff, 0xfd, 0xf9, 0xf6, 0xff,
  0xfd, 0xf9, 0xf6, 0xff, 0xfd, 0xf8, 0xf5, 0xff, 0xfd, 0xf8, 0xf6, 0xff,
  0xfe, 0xf9, 0xf6, 0xff, 0xfd, 0xf9, 0xf6, 0xff, 0xfd, 0xf8, 0xf6, 0xff,
  0xfd, 0xf8, 0xf5, 0xff, 0xfd, 0xf8, 0xf5, 0xff, 0xfd, 0xf8, 0xf5, 0xff,
  0xfe, 0xf9, 0xf6, 0xff, 0xfe, 0xf8, 0xf6, 0xff, 0xfe, 0xf9, 0xf6, 0xff,
  0xfe, 0xf8, 0xf6, 0xff, 0xfd, 0xf8, 0xf5, 0xff, 0xfd, 0xf8, 0xf6, 0xff,
  0xfe, 0xf9, 0xf6, 0xff, 0xfd, 0xf9, 0xf5, 0xff, 0xfd, 0xf8, 0xf5, 0xff,
  0xff, 0xfa, 0xf7, 0xff, 0xf4, 0xef, 0xed, 0xff, 0xf6, 0xf3, 0xf3, 0xff,
  0xfd, 0xfd, 0xfe, 0xff, 0xfe, 0xfe, 0xfe, 0xff, 0xfe, 0xfe, 0xfe, 0xff,
  0xfe, 0xfe, 0xfe, 0xff, 0xfe, 0xfe, 0xfe, 0xff, 0xfd, 0xfd, 0xfd, 0xff,
  0xf5, 0xf3, 0xf3, 0xff, 0xf6, 0xf1, 0xef, 0xff, 0xfe, 0xf9, 0xf6, 0xff,
  0xfd, 0xf8, 0xf5, 0xff, 0xfd, 0xf8, 0xf5, 0xff, 0xfd, 0xf8, 0xf5, 0xff,
  0xfd, 0xf8, 0xf5, 0xff, 0xfd, 0xf8, 0xf5, 0xff, 0xfd, 0xf8, 0xf5, 0xff,
  0xfd, 0xf8, 0xf5, 0xff, 0xfd, 0xf8, 0xf5, 0xff, 0xfd, 0xf8, 0xf5, 0xff,
  0xfe, 0xf8, 0xf5, 0xff, 0xfd, 0xf9, 0xf5, 0xff, 0xfd, 0xf8, 0xf5, 0xff,
  0xfd, 0xf8, 0xf5, 0xff, 0xfd, 0xf8, 0xf6, 0xff, 0xfd, 0xf7, 0xf3, 0xff,
  0xff, 0xff, 0xff, 0xff, 0xf5, 0xb4, 0x83, 0xff, 0xea, 0x65, 0x00, 0xff,
  0xe9, 0x6c, 0x09, 0xff, 0xe7, 0x67, 0x03, 0xff, 0xeb, 0x6c, 0x0c, 0xff,
  0xef, 0x78, 0x20, 0xff, 0xea, 0x71, 0x18, 0xff, 0xe6, 0x64, 0x04, 0xff,
  0xeb, 0x6b, 0x0c, 0xff, 0xe8, 0x5e, 0x00, 0xff, 0xef, 0x86, 0x41, 0xff,
  0xff, 0xf7, 0xf3, 0xff, 0xff, 0xff, 0xff, 0xff, 0xf6, 0xb5, 0x89, 0xff,
  0xec, 0x64, 0x06, 0xff, 0xec, 0x63, 0x07, 0xff, 0xf4, 0xa2, 0x6f, 0xff,
  0xff, 0xff, 0xff, 0xff, 0xfd, 0xf6, 0xf2, 0xff, 0xfd, 0xf9, 0xf6, 0xff,
  0xfd, 0xf6, 0xf3, 0xff, 0xfe, 0xff, 0xff, 0xff, 0xfb, 0xcc, 0xbb, 0xff,
  0xf0, 0x54, 0x19, 0xff, 0xef, 0x54, 0x1b, 0xff, 0xf6, 0x81, 0x59, 0xff,
  0xfe, 0xff, 0xfe, 0xff, 0xfd, 0xf7, 0xf4, 0xff, 0xfd, 0xf8, 0xf5, 0xff,
  0xfd, 0xf8, 0xf5, 0xff, 0xfd, 0xf8, 0xf5, 0xff, 0xfd, 0xf6, 0xf3, 0xff,
  0xfe, 0xff, 0xff, 0xff, 0xfb, 0xab, 0x9a, 0xff, 0xf6, 0x57, 0x37, 0xff,
  0xf4, 0x57, 0x39, 0xff, 0xfb, 0xbb, 0xae, 0xff, 0xfe, 0xff, 0xff, 0xff,
  0xfd, 0xf6, 0xf3, 0xff, 0xfd, 0xf8, 0xf5, 0xff, 0xfd, 0xf8, 0xf5, 0xff,
  0xfd, 0xf7, 0xf4, 0xff, 0xfd, 0xfd, 0xfa, 0xff, 0xfd, 0xe4, 0xe0, 0xff,
  0xf8, 0x62, 0x59, 0xff, 0xf7, 0x48, 0x42, 0xff, 0xfb, 0x89, 0x85, 0xff,
  0xfe, 0xfc, 0xfa, 0xff, 0xfd, 0xfa, 0xf7, 0xff, 0xfd, 0xe7, 0xe5, 0xff,
  0xf9, 0x6c, 0x6b, 0xff, 0xf8, 0x57, 0x58, 0xff, 0xfb, 0xa1, 0xa3, 0xff,
  0xfe, 0xfd, 0xfd, 0xff, 0xfd, 0xf4, 0xf2, 0xff, 0xfd, 0xf8, 0xf5, 0xff,
  0xfd, 0xf8, 0xf5, 0xff, 0xfd, 0xf8, 0xf5, 0xff, 0xfd, 0xf8, 0xf5, 0xff,
  0xfd, 0xf6, 0xf4, 0xff, 0xfd, 0xf6, 0xf4, 0xff, 0xfd, 0xf6, 0xf4, 0xff,
  0xfd, 0xf6, 0xf4, 0xff, 0xfd, 0xf8, 0xf5, 0xff, 0xfd, 0xf8, 0xf6, 0xff,
  0xfd, 0xf8, 0xf5, 0xff, 0xfd, 0xf8, 0xf5, 0xff, 0xfd, 0xf8, 0xf5, 0xff,
  0xfd, 0xf8, 0xf5, 0xff, 0xfd, 0xf8, 0xf5, 0xff, 0xfd, 0xf8, 0xf5, 0xff,
  0xfd, 0xf8, 0xf5, 0xff, 0xfd, 0xf8, 0xf5, 0xff, 0xfd, 0xf8, 0xf5, 0xff,
  0xfd, 0xf8, 0xf5, 0xff, 0xfd, 0xf8, 0xf5, 0xff, 0xfd, 0xf8, 0xf5, 0xff,
  0xfd, 0xf9, 0xf5, 0xff, 0xfd, 0xf8, 0xf5, 0xff, 0xfd, 0xf8, 0xf5, 0xff,
  0xfe, 0xfa, 0xf6, 0xff, 0xf5, 0xef, 0xed, 0xff, 0xf6, 0xf3, 0xf3, 0xff,
  0xfd, 0xfe, 0xfe, 0xff, 0xfe, 0xfe, 0xfe, 0xff, 0xfe, 0xfe, 0xfe, 0xff,
  0xfe, 0xfe, 0xfe, 0xff, 0xfe, 0xfe, 0xff, 0xff, 0xfd, 0xfd, 0xfe, 0xff,
  0xf5, 0xf3, 0xf3, 0xff, 0xf6, 0xf0, 0xee, 0xff, 0xfe, 0xf8, 0xf5, 0xff,
  0xfd, 0xf7, 0xf4, 0xff, 0xfd, 0xf7, 0xf5, 0xff, 0xfd, 0xf8, 0xf5, 0xff,
  0xfd, 0xf8, 0xf5, 0xff, 0xfd, 0xf8, 0xf5, 0xff, 0xfe, 0xf8, 0xf5, 0xff,
  0xfd, 0xf8, 0xf5, 0xff, 0xfd, 0xf8, 0xf4, 0xff, 0xfd, 0xf7, 0xf4, 0xff,
  0xfd, 0xf8, 0xf4, 0xff, 0xfd, 0xf8, 0xf5, 0xff, 0xfd, 0xf8, 0xf4, 0xff,
  0xfd, 0xf8, 0xf5, 0xff, 0xfd, 0xf6, 0xf2, 0xff, 0xff, 0xff, 0xff, 0xff,
  0xf8, 0xca, 0xab, 0xff, 0xe7, 0x61, 0x00, 0xff, 0xe8, 0x6f, 0x11, 0xff,
  0xea, 0x68, 0x07, 0xff, 0xf0, 0x9c, 0x5f, 0xff, 0xfa, 0xdb, 0xc6, 0xff,
  0xfd, 0xec, 0xe1, 0xff, 0xfb, 0xe6, 0xd8, 0xff, 0xf6, 0xbd, 0x98, 0xff,
  0xed, 0x70, 0x1c, 0xff, 0xe8, 0x69, 0x0f, 0xff, 0xea, 0x57, 0x00, 0xff,
  0xf4, 0x9c, 0x69, 0xff, 0xff, 0xfe, 0xfe, 0xff, 0xfc, 0xe2, 0xd3, 0xff,
  0xed, 0x69, 0x13, 0xff, 0xe8, 0x61, 0x08, 0xff, 0xee, 0x74, 0x29, 0xff,
  0xfe, 0xf4, 0xf0, 0xff, 0xfd, 0xfa, 0xf8, 0xff, 0xfd, 0xf8, 0xf4, 0xff,
  0xfd, 0xf6, 0xf2, 0xff, 0xfe, 0xff, 0xff, 0xff, 0xf7, 0x95, 0x73, 0xff,
  0xef, 0x4e, 0x14, 0xff, 0xef, 0x4e, 0x16, 0xff, 0xfa, 0xb8, 0xa2, 0xff,
  0xfe, 0xff, 0xff, 0xff, 0xfd, 0xf6, 0xf2, 0xff, 0xfd, 0xf8, 0xf5, 0xff,
  0xfd, 0xf8, 0xf5, 0xff, 0xfd, 0xf8, 0xf5, 0xff, 0xfd, 0xf5, 0xf2, 0xff,
  0xfe, 0xff, 0xff, 0xff, 0xfb, 0xa9, 0x99, 0xff, 0xf6, 0x52, 0x34, 0xff,
  0xf4, 0x52, 0x36, 0xff, 0xfb, 0xb9, 0xac, 0xff, 0xfe, 0xff, 0xff, 0xff,
  0xfd, 0xf5, 0xf2, 0xff, 0xfd, 0xf8, 0xf5, 0xff, 0xfd, 0xf8, 0xf4, 0xff,
  0xfd, 0xf8, 0xf5, 0xff, 0xfd, 0xf7, 0xf4, 0xff, 0xfe, 0xfd, 0xfb, 0xff,
  0xfd, 0xde, 0xdb, 0xff, 0xfc, 0xbb, 0xb9, 0xff, 0xfe, 0xf2, 0xee, 0xff,
  0xfd, 0xf9, 0xf6, 0xff, 0xfd, 0xff, 0xfd, 0xff, 0xfd, 0xee, 0xeb, 0xff,
  0xf7, 0x61, 0x62, 0xff, 0xf7, 0x4b, 0x4d, 0xff, 0xfb, 0x9c, 0x9d, 0xff,
  0xfe, 0xff, 0xff, 0xff, 0xfd, 0xfc, 0xf8, 0xff, 0xfd, 0xf8, 0xf4, 0xff,
  0xfd, 0xf8, 0xf5, 0xff, 0xfd, 0xf7, 0xf4, 0xff, 0xfd, 0xf7, 0xf4, 0xff,
  0xfe, 0xff, 0xfb, 0xff, 0xfe, 0xff, 0xff, 0xff, 0xfe, 0xff, 0xfe, 0xff,
  0xfe, 0xff, 0xfc, 0xff, 0xfd, 0xf8, 0xf5, 0xff, 0xfd, 0xf7, 0xf4, 0xff,
  0xfd, 0xf8, 0xf5, 0xff, 0xfd, 0xf8, 0xf5, 0xff, 0xfd, 0xf8, 0xf5, 0xff,
  0xfd, 0xf8, 0xf5, 0xff, 0xfd, 0xf8, 0xf5, 0xff, 0xfd, 0xf8, 0xf5, 0xff,
  0xfd, 0xf8, 0xf5, 0xff, 0xfd, 0xf7, 0xf4, 0xff, 0xfd, 0xf7, 0xf4, 0xff,
  0xfd, 0xf8, 0xf5, 0xff, 0xfd, 0xf8, 0xf5, 0xff, 0xfd, 0xf8, 0xf5, 0xff,
  0xfd, 0xf8, 0xf5, 0xff, 0xfd, 0xf8, 0xf4, 0xff, 0xfd, 0xf8, 0xf5, 0xff,
  0xfe, 0xf9, 0xf6, 0xff, 0xf4, 0xef, 0xed, 0xff, 0xf5, 0xf3, 0xf3, 0xff,
  0xfd, 0xfe, 0xfe, 0xff, 0xfe, 0xfe, 0xfe, 0xff, 0xfe, 0xfe, 0xfe, 0xff,
  0xfe, 0xfe, 0xfe, 0xff, 0xfe, 0xfe, 0xfe, 0xff, 0xfd, 0xfd, 0xfe, 0xff,
  0xf5, 0xf3, 0xf3, 0xff, 0xf6, 0xf0, 0xee, 0xff, 0xfe, 0xf8, 0xf5, 0xff,
  0xfd, 0xf7, 0xf4, 0xff, 0xfd, 0xf7, 0xf4, 0xff, 0xfd, 0xf7, 0xf4, 0xff,
  0xfd, 0xf7, 0xf4, 0xff, 0xfd, 0xf7, 0xf4, 0xff, 0xfe, 0xf7, 0xf4, 0xff,
  0xfd, 0xf7, 0xf4, 0xff, 0xfd, 0xf7, 0xf4, 0xff, 0xfe, 0xf7, 0xf4, 0xff,
  0xfd, 0xf7, 0xf4, 0xff, 0xfd, 0xf7, 0xf4, 0xff, 0xfd, 0xf7, 0xf4, 0xff,
  0xfd, 0xf7, 0xf4, 0xff, 0xfd, 0xf9, 0xf6, 0xff, 0xfe, 0xf7, 0xf3, 0xff,
  0xec, 0x7d, 0x2d, 0xff, 0xe6, 0x66, 0x07, 0xff, 0xe6, 0x62, 0x02, 0xff,
  0xf4, 0xae, 0x7d, 0xff, 0xff, 0xff, 0xff, 0xff, 0xfe, 0xfd, 0xfe, 0xff,
  0xfd, 0xfa, 0xf8, 0xff, 0xfe, 0xfb, 0xf9, 0xff, 0xff, 0xff, 0xff, 0xff,
  0xfb, 0xdb, 0xca, 0xff, 0xeb, 0x64, 0x0c, 0xff, 0xea, 0x6b, 0x1b, 0xff,
  0xf3, 0xa6, 0x7a, 0xff, 0xfe, 0xf9, 0xf7, 0xff, 0xff, 0xfd, 0xfd, 0xff,
  0xf0, 0x88, 0x4a, 0xff, 0xe8, 0x5c, 0x04, 0xff, 0xec, 0x5b, 0x07, 0xff,
  0xfb, 0xcc, 0xb5, 0xff, 0xfe, 0xff, 0xff, 0xff, 0xfd, 0xf5, 0xf1, 0xff,
  0xfd, 0xfa, 0xf7, 0xff, 0xfd, 0xf0, 0xeb, 0xff, 0xf3, 0x64, 0x33, 0xff,
  0xee, 0x4e, 0x17, 0xff, 0xef, 0x5b, 0x2b, 0xff, 0xfd, 0xea, 0xe4, 0xff,
  0xfd, 0xfc, 0xf9, 0xff, 0xfd, 0xf7, 0xf3, 0xff, 0xfd, 0xf7, 0xf4, 0xff,
  0xfd, 0xf8, 0xf4, 0xff, 0xfd, 0xf7, 0xf4, 0xff, 0xfd, 0xf5, 0xf1, 0xff,
  0xfe, 0xff, 0xff, 0xff, 0xfb, 0xa7, 0x98, 0xff, 0xf5, 0x50, 0x33, 0xff,
  0xf4, 0x4f, 0x35, 0xff, 0xfb, 0xb8, 0xac, 0xff, 0xfe, 0xff, 0xff, 0xff,
  0xfd, 0xf5, 0xf1, 0xff, 0xfd, 0xf7, 0xf4, 0xff, 0xfe, 0xf7, 0xf4, 0xff,
  0xfd, 0xf7, 0xf4, 0xff, 0xfd, 0xf8, 0xf5, 0xff, 0xfd, 0xf5, 0xf2, 0xff,
  0xfd, 0xdd, 0xd9, 0xff, 0xfd, 0xdf, 0xdc, 0xff, 0xfd, 0xe3, 0xe2, 0xff,
  0xfd, 0xf7, 0xf4, 0xff, 0xfd, 0xe4, 0xe1, 0xff, 0xfc, 0xc8, 0xc7, 0xff,
  0xf7, 0x5d, 0x60, 0xff, 0xf7, 0x4d, 0x52, 0xff, 0xfb, 0x8d, 0x90, 0xff,
  0xfd, 0xd8, 0xda, 0xff, 0xfc, 0xd8, 0xd9, 0xff, 0xfe, 0xfa, 0xf6, 0xff,
  0xfd, 0xf6, 0xf3, 0xff, 0xfd, 0xfc, 0xf8, 0xff, 0xfe, 0xfc, 0xf9, 0xff,
  0xfc, 0xd1, 0xd5, 0xff, 0xfa, 0xb1, 0xba, 0xff, 0xfb, 0xb5, 0xbf, 0xff,
  0xfc, 0xd1, 0xd7, 0xff, 0xfe, 0xfb, 0xf7, 0xff, 0xfd, 0xfc, 0xf8, 0xff,
  0xfd, 0xf6, 0xf3, 0xff, 0xfd, 0xf8, 0xf4, 0xff, 0xfd, 0xf7, 0xf4, 0xff,
  0xfd, 0xf7, 0xf4, 0xff, 0xfd, 0xf7, 0xf4, 0xff, 0xfe, 0xf8, 0xf4, 0xff,
  0xfe, 0xf8, 0xf5, 0xff, 0xfd, 0xf7, 0xf4, 0xff, 0xfd, 0xf7, 0xf4, 0xff,
  0xfd, 0xf7, 0xf4, 0xff, 0xfd, 0xf7, 0xf4, 0xff, 0xfe, 0xf8, 0xf5, 0xff,
  0xfd, 0xf8, 0xf4, 0xff, 0xfd, 0xf7, 0xf4, 0xff, 0xfd, 0xf7, 0xf4, 0xff,
  0xff, 0xf8, 0xf5, 0xff, 0xf4, 0xee, 0xec, 0xff, 0xf5, 0xf3, 0xf3, 0xff,
  0xfe, 0xfe, 0xfe, 0xff, 0xfe, 0xfe, 0xfe, 0xff, 0xfe, 0xfe, 0xfe, 0xff,
  0xfe, 0xfe, 0xfe, 0x00, 0xfe, 0xfe, 0xfe, 0xff, 0xfd, 0xfd, 0xfe, 0xff,
  0xf5, 0xf3, 0xf3, 0xff, 0xf6, 0xf0, 0xee, 0xff, 0xfe, 0xf8, 0xf4, 0xff,
  0xfd, 0xf6, 0xf3, 0xff, 0xfd, 0xf7, 0xf3, 0xff, 0xfd, 0xf7, 0xf3, 0xff,
  0xfd, 0xf7, 0xf3, 0xff, 0xfd, 0xf7, 0xf3, 0xff, 0xfd, 0xf7, 0xf4, 0xff,
  0xfd, 0xf7, 0xf4, 0xff, 0xfd, 0xf7, 0xf3, 0xff, 0xfd, 0xf7, 0xf3, 0xff,
  0xfd, 0xf7, 0xf4, 0xff, 0xfd, 0xf7, 0xf3, 0xff, 0xfd, 0xf7, 0xf4, 0xff,
  0xfd, 0xf5, 0xf1, 0xff, 0xff, 0xff, 0xff, 0xff, 0xf8, 0xd1, 0xb9, 0xff,
  0xe6, 0x60, 0x02, 0xff, 0xe5, 0x63, 0x05, 0xff, 0xeb, 0x7f, 0x33, 0xff,
  0xff, 0xfa, 0xf8, 0xff, 0xfd, 0xf7, 0xf3, 0xff, 0xfd, 0xf5, 0xf0, 0xff,
  0xfd, 0xf6, 0xf3, 0xff, 0xfd, 0xf7, 0xf3, 0xff, 0xfd, 0xf5, 0xf0, 0xff,
  0xfe, 0xfc, 0xfb, 0xff, 0xfb, 0xd9, 0xc6, 0xff, 0xfd, 0xec, 0xe4, 0xff,
  0xff, 0xff, 0xff, 0xff, 0xfd, 0xf5, 0xf0, 0xff, 0xff, 0xff, 0xff, 0xff,
  0xf8, 0xbc, 0x9d, 0xff, 0xea, 0x56, 0x02, 0xff, 0xea, 0x57, 0x04, 0xff,
  0xf3, 0x95, 0x64, 0xff, 0xff, 0xff, 0xff, 0xff, 0xfd, 0xf3, 0xee, 0xff,
  0xfe, 0xff, 0xff, 0xff, 0xfa, 0xc3, 0xb2, 0xff, 0xee, 0x4a, 0x14, 0xff,
  0xed, 0x49, 0x14, 0xff, 0xf5, 0x85, 0x64, 0xff, 0xfe, 0xff, 0xff, 0xff,
  0xfd, 0xf6, 0xf1, 0xff, 0xfd, 0xf7, 0xf4, 0xff, 0xfd, 0xf7, 0xf3, 0xff,
  0xfd, 0xf7, 0xf3, 0xff, 0xfd, 0xf7, 0xf3, 0xff, 0xfd, 0xf4, 0xf0, 0xff,
  0xfe, 0xff, 0xff, 0xff, 0xfa, 0xa5, 0x97, 0xff, 0xf5, 0x4c, 0x32, 0xff,
  0xf4, 0x4c, 0x34, 0xff, 0xfb, 0xb6, 0xab, 0xff, 0xfe, 0xff, 0xff, 0xff,
  0xfd, 0xf4, 0xf1, 0xff, 0xfe, 0xf7, 0xf4, 0xff, 0xfd, 0xf7, 0xf3, 0xff,
  0xfd, 0xf6, 0xf2, 0xff, 0xfe, 0xfb, 0xf7, 0xff, 0xfe, 0xe9, 0xe5, 0xff,
  0xf8, 0x5b, 0x55, 0xff, 0xf6, 0x42, 0x3d, 0xff, 0xfa, 0x8d, 0x8b, 0xff,
  0xfe, 0xff, 0xff, 0xff, 0xf9, 0x84, 0x84, 0xff, 0xf6, 0x47, 0x4a, 0xff,
  0xf7, 0x57, 0x5b, 0xff, 0xf7, 0x55, 0x5b, 0xff, 0xf7, 0x55, 0x5e, 0xff,
  0xf7, 0x45, 0x53, 0xff, 0xf8, 0x6c, 0x79, 0xff, 0xfe, 0xf8, 0xf4, 0xff,
  0xfd, 0xfc, 0xf8, 0xff, 0xfd, 0xe3, 0xe3, 0xff, 0xf9, 0x7e, 0x8d, 0xff,
  0xf7, 0x53, 0x69, 0xff, 0xf6, 0x44, 0x5f, 0xff, 0xf6, 0x45, 0x64, 0xff,
  0xf5, 0x4f, 0x6f, 0xff, 0xf9, 0x7c, 0x96, 0xff, 0xfe, 0xe7, 0xe9, 0xff,
  0xfd, 0xfb, 0xf8, 0xff, 0xfd, 0xf6, 0xf3, 0xff, 0xfd, 0xf7, 0xf4, 0xff,
  0xfd, 0xf7, 0xf4, 0xff, 0xfd, 0xf7, 0xf4, 0xff, 0xfe, 0xf8, 0xf4, 0xff,
  0xfe, 0xf7, 0xf4, 0xff, 0xfd, 0xf7, 0xf3, 0xff, 0xfd, 0xf7, 0xf3, 0xff,
  0xfd, 0xf7, 0xf4, 0xff, 0xfd, 0xf7, 0xf4, 0xff, 0xfd, 0xf7, 0xf4, 0xff,
  0xfd, 0xf7, 0xf4, 0xff, 0xfe, 0xf7, 0xf4, 0xff, 0xfd, 0xf7, 0xf3, 0xff,
  0xff, 0xf8, 0xf4, 0xff, 0xf4, 0xee, 0xec, 0xff, 0xf5, 0xf3, 0xf3, 0xff,
  0xfe, 0xfe, 0xfe, 0xff, 0xfe, 0xfe, 0xfe, 0xff, 0xfe, 0xfe, 0xfe, 0x00,
  0xfe, 0xfe, 0xfe, 0x00, 0xfe, 0xfe, 0xfe, 0xff, 0xfd, 0xfd, 0xfd, 0xff,
  0xf5, 0xf3, 0xf3, 0xff, 0xf6, 0xf0, 0xed, 0xff, 0xfe, 0xf8, 0xf4, 0xff,
  0xfd, 0xf6, 0xf2, 0xff, 0xfd, 0xf6, 0xf3, 0xff, 0xfd, 0xf7, 0xf3, 0xff,
  0xfd, 0xf6, 0xf3, 0xff, 0xfd, 0xf7, 0xf3, 0xff, 0xfd, 0xf7, 0xf3, 0xff,
  0xfd, 0xf7, 0xf3, 0xff, 0xfd, 0xf7, 0xf3, 0xff, 0xfd, 0xf7, 0xf3, 0xff,
  0xfd, 0xf7, 0xf3, 0xff, 0xfd, 0xf7, 0xf4, 0xff, 0xfe, 0xf7, 0xf4, 0xff,
  0xfd, 0xf5, 0xf0, 0xff, 0xff, 0xff, 0xff, 0xff, 0xf3, 0xb1, 0x87, 0xff,
  0xe3, 0x5b, 0x00, 0xff, 0xe1, 0x5a, 0x00, 0xff, 0xf2, 0xaa, 0x7b, 0xff,
  0xff, 0xff, 0xff, 0xff, 0xfd, 0xf4, 0xee, 0xff, 0xfd, 0xf7, 0xf3, 0xff,
  0xfd, 0xf7, 0xf3, 0xff, 0xfd, 0xf7, 0xf3, 0xff, 0xfd, 0xf7, 0xf3, 0xff,
  0xfd, 0xf6, 0xf1, 0xff, 0xfe, 0xfd, 0xfd, 0xff, 0xfe, 0xfa, 0xf7, 0xff,
  0xfd, 0xf5, 0xf0, 0xff, 0xfd, 0xf6, 0xf3, 0xff, 0xfe, 0xfa, 0xf8, 0xff,
  0xfd, 0xeb, 0xe3, 0xff, 0xec, 0x63, 0x1c, 0xff, 0xe7, 0x54, 0x05, 0xff,
  0xed, 0x67, 0x24, 0xff, 0xfd, 0xf0, 0xe9, 0xff, 0xfd, 0xf8, 0xf5, 0xff,
  0xfe, 0xff, 0xfe, 0xff, 0xf5, 0x89, 0x67, 0xff, 0xeb, 0x46, 0x10, 0xff,
  0xed, 0x48, 0x15, 0xff, 0xfa, 0xc4, 0xb3, 0xff, 0xfe, 0xff, 0xfe, 0xff,
  0xfd, 0xf5, 0xf0, 0xff, 0xfd, 0xf7, 0xf3, 0xff, 0xfd, 0xf7, 0xf3, 0xff,
  0xfd, 0xf7, 0xf3, 0xff, 0xfd, 0xf7, 0xf3, 0xff, 0xfd, 0xf4, 0xf0, 0xff,
  0xfe, 0xff, 0xff, 0xff, 0xfa, 0xa3, 0x96, 0xff, 0xf4, 0x49, 0x31, 0xff,
  0xf4, 0x49, 0x34, 0xff, 0xfb, 0xb4, 0xaa, 0xff, 0xfe, 0xff, 0xff, 0xff,
  0xfd, 0xf4, 0xf0, 0xff, 0xfd, 0xf7, 0xf3, 0xff, 0xfd, 0xf7, 0xf3, 0xff,
  0xfd, 0xf6, 0xf2, 0xff, 0xfd, 0xfb, 0xf7, 0xff, 0xfe, 0xe9, 0xe5, 0xff,
  0xf8, 0x5e, 0x59, 0xff, 0xf5, 0x46, 0x43, 0xff, 0xf9, 0x8f, 0x8e, 0xff,
  0xfe, 0xff, 0xff, 0xff, 0xf9, 0x88, 0x89, 0xff, 0xf7, 0x4e, 0x54, 0xff,
  0xf7, 0x55, 0x5d, 0xff, 0xf7, 0x51, 0x5a, 0xff, 0xf8, 0x55, 0x60, 0xff,
  0xf7, 0x4e, 0x5f, 0xff, 0xf7, 0x6f, 0x7d, 0xff, 0xfe, 0xfa, 0xf6, 0xff,
  0xfe, 0xf0, 0xee, 0xff, 0xf8, 0x6b, 0x7b, 0xff, 0xf5, 0x43, 0x5a, 0xff,
  0xf8, 0x58, 0x6f, 0xff, 0xfa, 0x8c, 0x9e, 0xff, 0xf9, 0x87, 0x9b, 0xff,
  0xf6, 0x57, 0x76, 0xff, 0xf5, 0x45, 0x6b, 0xff, 0xf9, 0x71, 0x8f, 0xff,
  0xfe, 0xf6, 0xf4, 0xff, 0xfd, 0xf8, 0xf4, 0xff, 0xfd, 0xf6, 0xf3, 0xff,
  0xfd, 0xf7, 0xf3, 0xff, 0xfd, 0xf7, 0xf3, 0xff, 0xfd, 0xf7, 0xf3, 0xff,
  0xfd, 0xf7, 0xf3, 0xff, 0xfd, 0xf7, 0xf3, 0xff, 0xfd, 0xf7, 0xf3, 0xff,
  0xfd, 0xf7, 0xf3, 0xff, 0xfd, 0xf7, 0xf3, 0xff, 0xfd, 0xf7, 0xf3, 0xff,
  0xfd, 0xf7, 0xf3, 0xff, 0xfd, 0xf7, 0xf3, 0xff, 0xfd, 0xf6, 0xf3, 0xff,
  0xfe, 0xf8, 0xf4, 0xff, 0xf4, 0xee, 0xec, 0xff, 0xf5, 0xf3, 0xf3, 0xff,
  0xfe, 0xfe, 0xfe, 0xff, 0xfe, 0xfe, 0xfe, 0xff, 0xfe, 0xfe, 0xfe, 0x00,
  0xfe, 0xfe, 0xfe, 0x00, 0xfe, 0xfe, 0xfe, 0xff, 0xfd, 0xfd, 0xfd, 0xff,
  0xf5, 0xf3, 0xf3, 0xff, 0xf6, 0xef, 0xed, 0xff, 0xff, 0xf8, 0xf3, 0xff,
  0xfd, 0xf6, 0xf2, 0xff, 0xfd, 0xf6, 0xf2, 0xff, 0xfd, 0xf7, 0xf2, 0xff,
  0xfd, 0xf7, 0xf2, 0xff, 0xfd, 0xf7, 0xf2, 0xff, 0xfd, 0xf7, 0xf2, 0xff,
  0xfd, 0xf7, 0xf2, 0xff, 0xfd, 0xf7, 0xf3, 0xff, 0xfd, 0xf7, 0xf3, 0xff,
  0xfd, 0xf7, 0xf3, 0xff, 0xfd, 0xf7, 0xf3, 0xff, 0xfd, 0xf7, 0xf3, 0xff,
  0xfd, 0xf5, 0xef, 0xff, 0xff, 0xff, 0xff, 0xff, 0xef, 0xa2, 0x72, 0xff,
  0xe0, 0x58, 0x00, 0xff, 0xe2, 0x58, 0x00, 0xff, 0xf4, 0xb9, 0x94, 0xff,
  0xff, 0xfe, 0xfe, 0xff, 0xfd, 0xf4, 0xef, 0xff, 0xfd, 0xf7, 0xf2, 0xff,
  0xfd, 0xf6, 0xf2, 0xff, 0xfd, 0xf7, 0xf2, 0xff, 0xfd, 0xf7, 0xf2, 0xff,
  0xfd, 0xf7, 0xf3, 0xff, 0xfd, 0xf5, 0xf0, 0xff, 0xfd, 0xf6, 0xf2, 0xff,
  0xfd, 0xf7, 0xf3, 0xff, 0xfd, 0xf7, 0xf3, 0xff, 0xfd, 0xf4, 0xef, 0xff,
  0xff, 0xff, 0xff, 0xff, 0xf0, 0x8e, 0x60, 0xff, 0xe6, 0x4d, 0x01, 0xff,
  0xe9, 0x4e, 0x05, 0xff, 0xf9, 0xc2, 0xaa, 0xff, 0xff, 0xff, 0xfe, 0xff,
  0xfd, 0xeb, 0xe4, 0xff, 0xef, 0x5a, 0x29, 0xff, 0xea, 0x45, 0x10, 0xff,
  0xef, 0x5e, 0x32, 0xff, 0xfe, 0xf2, 0xed, 0xff, 0xfd, 0xf9, 0xf5, 0xff,
  0xfd, 0xf6, 0xf2, 0xff, 0xfd, 0xf7, 0xf2, 0xff, 0xfd, 0xf6, 0xf2, 0xff,
  0xfd, 0xf7, 0xf2, 0xff, 0xfd, 0xf7, 0xf3, 0xff, 0xfd, 0xf4, 0xf0, 0xff,
  0xfe, 0xff, 0xff, 0xff, 0xfa, 0xa1, 0x96, 0xff, 0xf4, 0x45, 0x31, 0xff,
  0xf4, 0x46, 0x33, 0xff, 0xfa, 0xb3, 0xa9, 0xff, 0xfe, 0xff, 0xff, 0xff,
  0xfd, 0xf4, 0xef, 0xff, 0xfd, 0xf6, 0xf2, 0xff, 0xfd, 0xf6, 0xf2, 0xff,
  0xfd, 0xf6, 0xf2, 0xff, 0xfd, 0xfa, 0xf6, 0xff, 0xfe, 0xe9, 0xe5, 0xff,
  0xf8, 0x5b, 0x59, 0xff, 0xf5, 0x42, 0x42, 0xff, 0xf9, 0x8e, 0x8e, 0xff,
  0xfe, 0xff, 0xfc, 0xff, 0xfd, 0xec, 0xe8, 0xff, 0xfd, 0xd6, 0xd6, 0xff,
  0xf6, 0x57, 0x60, 0xff, 0xf6, 0x45, 0x51, 0xff, 0xfb, 0x8f, 0x95, 0xff,
  0xfe, 0xea, 0xe9, 0xff, 0xfd, 0xe4, 0xe4, 0xff, 0xfe, 0xff, 0xfe, 0xff,
  0xfa, 0x9e, 0xa6, 0xff, 0xf5, 0x45, 0x5b, 0xff, 0xf7, 0x5f, 0x76, 0xff,
  0xfd, 0xd7, 0xd9, 0xff, 0xfe, 0xff, 0xff, 0xff, 0xfe, 0xff, 0xff, 0xff,
  0xfc, 0xcd, 0xd3, 0xff, 0xf7, 0x58, 0x7b, 0xff, 0xf5, 0x45, 0x6d, 0xff,
  0xfb, 0xb9, 0xc5, 0xff, 0xfe, 0xff, 0xfc, 0xff, 0xfd, 0xf4, 0xf1, 0xff,
  0xfd, 0xf7, 0xf3, 0xff, 0xfd, 0xf7, 0xf3, 0xff, 0xfd, 0xf7, 0xf2, 0xff,
  0xfd, 0xf7, 0xf2, 0xff, 0xfd, 0xf7, 0xf3, 0xff, 0xfd, 0xf7, 0xf3, 0xff,
  0xfd, 0xf7, 0xf2, 0xff, 0xfd, 0xf6, 0xf2, 0xff, 0xfd, 0xf7, 0xf3, 0xff,
  0xfd, 0xf7, 0xf3, 0xff, 0xfd, 0xf7, 0xf2, 0xff, 0xfd, 0xf7, 0xf3, 0xff,
  0xfe, 0xf7, 0xf3, 0xff, 0xf4, 0xee, 0xec, 0xff, 0xf5, 0xf3, 0xf3, 0xff,
  0xfd, 0xfd, 0xfd, 0xff, 0xfe, 0xfe, 0xfe, 0xff, 0xfe, 0xfe, 0xfe, 0x00,
  0xfe, 0xfe, 0xfe, 0x00, 0xfe, 0xfe, 0xfe, 0xff, 0xfd, 0xfd, 0xfd, 0xff,
  0xf5, 0xf3, 0xf3, 0xff, 0xf4, 0xee, 0xec, 0xff, 0xfe, 0xf7, 0xf2, 0xff,
  0xfd, 0xf6, 0xf2, 0xff, 0xfd, 0xf6, 0xf2, 0xff, 0xfd, 0xf6, 0xf2, 0xff,
  0xfd, 0xf6, 0xf2, 0xff, 0xfd, 0xf6, 0xf2, 0xff, 0xfd, 0xf6, 0xf2, 0xff,
  0xfe, 0xf6, 0xf2, 0xff, 0xfd, 0xf7, 0xf2, 0xff, 0xfd, 0xf6, 0xf2, 0xff,
  0xfd, 0xf6, 0xf2, 0xff, 0xfd, 0xf7, 0xf2, 0xff, 0xfd, 0xf7, 0xf3, 0xff,
  0xfd, 0xf4, 0xee, 0xff, 0xff, 0xff, 0xff, 0xff, 0xf0, 0xa7, 0x7b, 0xff,
  0xdf, 0x55, 0x01, 0xff, 0xde, 0x53, 0x00, 0xff, 0xf1, 0xb0, 0x89, 0xff,
  0xff, 0xff, 0xfe, 0xff, 0xfd, 0xf4, 0xee, 0xff, 0xfd, 0xf6, 0xf2, 0xff,
  0xfd, 0xf6, 0xf2, 0xff, 0xfd, 0xf6, 0xf2, 0xff, 0xfd, 0xf7, 0xf2, 0xff,
  0xfd, 0xf7, 0xf2, 0xff, 0xfd, 0xf5, 0xef, 0xff, 0xfd, 0xf4, 0xef, 0xff,
  0xfd, 0xf6, 0xf1, 0xff, 0xfd, 0xf7, 0xf2, 0xff, 0xfd, 0xf4, 0xef, 0xff,
  0xfe, 0xfe, 0xfd, 0xff, 0xf9, 0xc8, 0xb3, 0xff, 0xe8, 0x4c, 0x05, 0xff,
  0xe5, 0x49, 0x01, 0xff, 0xf0, 0x83, 0x58, 0xff, 0xff, 0xff, 0xff, 0xff,
  0xf9, 0xbb, 0xa7, 0xff, 0xea, 0x44, 0x0d, 0xff, 0xe9, 0x40, 0x0b, 0xff,
  0xf5, 0x93, 0x76, 0xff, 0xfe, 0xff, 0xff, 0xff, 0xfd, 0xf3, 0xef, 0xff,
  0xfd, 0xf6, 0xf2, 0xff, 0xfd, 0xf6, 0xf2, 0xff, 0xfd, 0xf6, 0xf2, 0xff,
  0xfd, 0xf6, 0xf2, 0xff, 0xfd, 0xf6, 0xf2, 0xff, 0xfd, 0xf4, 0xef, 0xff,
  0xfe, 0xff, 0xff, 0xff, 0xf9, 0x9f, 0x95, 0xff, 0xf3, 0x41, 0x30, 0xff,
  0xf2, 0x42, 0x32, 0xff, 0xfa, 0xb2, 0xa9, 0xff, 0xfe, 0xff, 0xff, 0xff,
  0xfd, 0xf3, 0xef, 0xff, 0xfd, 0xf6, 0xf2, 0xff, 0xfd, 0xf6, 0xf2, 0xff,
  0xfd, 0xf5, 0xf1, 0xff, 0xfe, 0xfa, 0xf6, 0xff, 0xfe, 0xe8, 0xe4, 0xff,
  0xf7, 0x57, 0x57, 0xff, 0xf3, 0x3c, 0x40, 0xff, 0xf8, 0x8b, 0x8d, 0xff,
  0xfe, 0xff, 0xfd, 0xff, 0xfd, 0xfc, 0xf7, 0xff, 0xfc, 0xe9, 0xe6, 0xff,
  0xf7, 0x55, 0x61, 0xff, 0xf6, 0x40, 0x4e, 0xff, 0xfa, 0x97, 0x9e, 0xff,
  0xfe, 0xff, 0xff, 0xff, 0xfd, 0xf7, 0xf3, 0xff, 0xfe, 0xf9, 0xf5, 0xff,
  0xf8, 0x6e, 0x80, 0xff, 0xf5, 0x44, 0x5c, 0xff, 0xf9, 0x75, 0x88, 0xff,
  0xfc, 0xd7, 0xdb, 0xff, 0xfc, 0xc9, 0xd0, 0xff, 0xfc, 0xcb, 0xd1, 0xff,
  0xfd, 0xd3, 0xd9, 0xff, 0xf8, 0x69, 0x88, 0xff, 0xf4, 0x40, 0x69, 0xff,
  0xf9, 0x8b, 0xa3, 0xff, 0xfe, 0xff, 0xfb, 0xff, 0xfd, 0xf4, 0xf1, 0xff,
  0xfd, 0xf6, 0xf2, 0xff, 0xfd, 0xf6, 0xf2, 0xff, 0xfd, 0xf6, 0xf2, 0xff,
  0xfd, 0xf6, 0xf2, 0xff, 0xfd, 0xf6, 0xf2, 0xff, 0xfd, 0xf6, 0xf2, 0xff,
  0xfd, 0xf6, 0xf2, 0xff, 0xfd, 0xf6, 0xf2, 0xff, 0xfd, 0xf7, 0xf2, 0xff,
  0xfd, 0xf6, 0xf2, 0xff, 0xfd, 0xf6, 0xf2, 0xff, 0xfd, 0xf6, 0xf2, 0xff,
  0xfe, 0xf7, 0xf2, 0xff, 0xf3, 0xed, 0xeb, 0xff, 0xf6, 0xf4, 0xf4, 0xff,
  0xfd, 0xfd, 0xfd, 0xff, 0xfe, 0xfe, 0xfe, 0xff, 0xfe, 0xfe, 0xfe, 0x00,
  0xfe, 0xfe, 0xfe, 0x00, 0xfe, 0xfe, 0xfe, 0x00, 0xfd, 0xfd, 0xfd, 0xff,
  0xf5, 0xf4, 0xf4, 0xff, 0xf2, 0xec, 0xea, 0xff, 0xfe, 0xf7, 0xf2, 0xff,
  0xfd, 0xf6, 0xf1, 0xff, 0xfd, 0xf6, 0xf1, 0xff, 0xfd, 0xf6, 0xf1, 0xff,
  0xfd, 0xf6, 0xf1, 0xff, 0xfd, 0xf6, 0xf1, 0xff, 0xfd, 0xf6, 0xf1, 0xff,
  0xfd, 0xf6, 0xf2, 0xff, 0xfd, 0xf6, 0xf2, 0xff, 0xfd, 0xf6, 0xf2, 0xff,
  0xfd, 0xf6, 0xf2, 0xff, 0xfd, 0xf6, 0xf2, 0xff, 0xfd, 0xf6, 0xf1, 0xff,
  0xfd, 0xf4, 0xee, 0xff, 0xff, 0xff, 0xff, 0xff, 0xf2, 0xbd, 0x9f, 0xff,
  0xdc, 0x51, 0x00, 0xff, 0xdc, 0x52, 0x00, 0xff, 0xe8, 0x88, 0x50, 0xff,
  0xff, 0xff, 0xff, 0xff, 0xfc, 0xf3, 0xec, 0xff, 0xfd, 0xf6, 0xf1, 0xff,
  0xfd, 0xf6, 0xf1, 0xff, 0xfd, 0xf6, 0xf2, 0xff, 0xfd, 0xf6, 0xf1, 0xff,
  0xfd, 0xf6, 0xf1, 0xff, 0xff, 0xff, 0xfe, 0xff, 0xff, 0xff, 0xff, 0xff,
  0xff, 0xfb, 0xf8, 0xff, 0xfd, 0xf6, 0xf2, 0xff, 0xfd, 0xf6, 0xf1, 0xff,
  0xfd, 0xf7, 0xf3, 0xff, 0xfe, 0xf3, 0xee, 0xff, 0xeb, 0x64, 0x2a, 0xff,
  0xe3, 0x47, 0x02, 0xff, 0xea, 0x56, 0x1a, 0xff, 0xfe, 0xf2, 0xed, 0xff,
  0xf1, 0x86, 0x63, 0xff, 0xe7, 0x40, 0x08, 0xff, 0xea, 0x44, 0x13, 0xff,
  0xfb, 0xd0, 0xc3, 0xff, 0xfe, 0xfe, 0xfb, 0xff, 0xfd, 0xf4, 0xef, 0xff,
  0xfd, 0xf6, 0xf2, 0xff, 0xfd, 0xf6, 0xf1, 0xff, 0xfd, 0xf6, 0xf1, 0xff,
  0xfd, 0xf6, 0xf1, 0xff, 0xfd, 0xf6, 0xf1, 0xff, 0xfd, 0xf3, 0xef, 0xff,
  0xfe, 0xff, 0xff, 0xff, 0xf9, 0x9d, 0x94, 0xff, 0xf3, 0x3d, 0x2f, 0xff,
  0xf1, 0x3d, 0x31, 0xff, 0xfa, 0xb0, 0xa9, 0xff, 0xfe, 0xff, 0xfe, 0xff,
  0xfd, 0xf3, 0xef, 0xff, 0xfd, 0xf6, 0xf2, 0xff, 0xfd, 0xf6, 0xf2, 0xff,
  0xfd, 0xf6, 0xf1, 0xff, 0xfd, 0xfa, 0xf5, 0xff, 0xfe, 0xe7, 0xe4, 0xff,
  0xf7, 0x53, 0x56, 0xff, 0xf3, 0x39, 0x40, 0xff, 0xf8, 0x89, 0x8c, 0xff,
  0xfe, 0xff, 0xfc, 0xff, 0xfd, 0xf7, 0xf2, 0xff, 0xfc, 0xe4, 0xe1, 0xff,
  0xf6, 0x53, 0x60, 0xff, 0xf6, 0x3b, 0x4b, 0xff, 0xfa, 0x92, 0x9b, 0xff,
  0xfe, 0xfe, 0xfc, 0xff, 0xfd, 0xf5, 0xf1, 0xff, 0xfd, 0xec, 0xe9, 0xff,
  0xf6, 0x59, 0x70, 0xff, 0xf5, 0x4b, 0x65, 0xff, 0xf5, 0x45, 0x63, 0xff,
  0xf6, 0x35, 0x59, 0xff, 0xf5, 0x38, 0x5e, 0xff, 0xf5, 0x38, 0x60, 0xff,
  0xf5, 0x37, 0x61, 0xff, 0xf5, 0x3d, 0x66, 0xff, 0xf4, 0x34, 0x62, 0xff,
  0xf8, 0x6c, 0x8d, 0xff, 0xfe, 0xfe, 0xf7, 0xff, 0xfd, 0xf5, 0xf0, 0xff,
  0xfd, 0xf6, 0xf1, 0xff, 0xfd, 0xf6, 0xf1, 0xff, 0xfd, 0xf6, 0xf1, 0xff,
  0xfd, 0xf6, 0xf1, 0xff, 0xfd, 0xf6, 0xf1, 0xff, 0xfd, 0xf6, 0xf1, 0xff,
  0xfd, 0xf6, 0xf1, 0xff, 0xfd, 0xf6, 0xf1, 0xff, 0xfd, 0xf6, 0xf1, 0xff,
  0xfd, 0xf6, 0xf1, 0xff, 0xfd, 0xf6, 0xf1, 0xff, 0xfd, 0xf6, 0xf1, 0xff,
  0xfd, 0xf6, 0xf1, 0xff, 0xf2, 0xeb, 0xe9, 0xff, 0xf7, 0xf5, 0xf5, 0xff,
  0xfd, 0xfd, 0xfd, 0xff, 0xfe, 0xfe, 0xfe, 0x00, 0xfe, 0xfe, 0xfe, 0x00,
  0xfe, 0xfe, 0xfe, 0x00, 0xfe, 0xfe, 0xfe, 0x00, 0xfd, 0xfd, 0xfe, 0xff,
  0xf7, 0xf6, 0xf5, 0xff, 0xf0, 0xea, 0xe9, 0xff, 0xfe, 0xf6, 0xf1, 0xff,
  0xfd, 0xf5, 0xf1, 0xff, 0xfd, 0xf6, 0xf1, 0xff, 0xfd, 0xf5, 0xf1, 0xff,
  0xfd, 0xf5, 0xf1, 0xff, 0xfd, 0xf6, 0xf1, 0xff, 0xfd, 0xf5, 0xf1, 0xff,
  0xfd, 0xf5, 0xf1, 0xff, 0xfd, 0xf6, 0xf1, 0xff, 0xfd, 0xf6, 0xf2, 0xff,
  0xfd, 0xf6, 0xf2, 0xff, 0xfd, 0xf6, 0xf2, 0xff, 0xfd, 0xf6, 0xf1, 0xff,
  0xfd, 0xf5, 0xf0, 0xff, 0xfe, 0xfa, 0xf7, 0xff, 0xfb, 0xe5, 0xd9, 0xff,
  0xdd, 0x59, 0x0b, 0xff, 0xd9, 0x53, 0x02, 0xff, 0xda, 0x50, 0x07, 0xff,
  0xf8, 0xd4, 0xc4, 0xff, 0xff, 0xff, 0xff, 0xff, 0xfc, 0xf2, 0xec, 0xff,
  0xfc, 0xf2, 0xed, 0xff, 0xfc, 0xf2, 0xed, 0xff, 0xfd, 0xf7, 0xf3, 0xff,
  0xff, 0xfd, 0xfc, 0xff, 0xe9, 0x8f, 0x66, 0xff, 0xee, 0xa5, 0x87, 0xff,
  0xfa, 0xe5, 0xdd, 0xff, 0xfe, 0xf6, 0xf2, 0xff, 0xfd, 0xf6, 0xf1, 0xff,
  0xfd, 0xf3, 0xed, 0xff, 0xff, 0xff, 0xff, 0xff, 0xf2, 0x98, 0x74, 0xff,
  0xe2, 0x40, 0x00, 0xff, 0xe3, 0x44, 0x05, 0xff, 0xf5, 0xaa, 0x90, 0xff,
  0xec, 0x61, 0x33, 0xff, 0xe4, 0x3b, 0x04, 0xff, 0xee, 0x67, 0x40, 0xff,
  0xfe, 0xf8, 0xf4, 0xff, 0xfd, 0xf5, 0xf1, 0xff, 0xfd, 0xf5, 0xf1, 0xff,
  0xfd, 0xf5, 0xf1, 0xff, 0xfd, 0xf5, 0xf1, 0xff, 0xfd, 0xf5, 0xf1, 0xff,
  0xfd, 0xf5, 0xf1, 0xff, 0xfd, 0xf6, 0xf1, 0xff, 0xfd, 0xf3, 0xee, 0xff,
  0xfe, 0xff, 0xff, 0xff, 0xf9, 0x9c, 0x94, 0xff, 0xf1, 0x39, 0x2c, 0xff,
  0xf0, 0x3b, 0x30, 0xff, 0xf9, 0xad, 0xa6, 0xff, 0xfe, 0xfc, 0xfb, 0xff,
  0xfd, 0xf0, 0xec, 0xff, 0xfd, 0xf3, 0xef, 0xff, 0xfd, 0xf3, 0xef, 0xff,
  0xfd, 0xf2, 0xee, 0xff, 0xfd, 0xf9, 0xf4, 0xff, 0xfd, 0xe7, 0xe3, 0xff,
  0xf7, 0x50, 0x56, 0xff, 0xf3, 0x35, 0x40, 0xff, 0xf8, 0x87, 0x8d, 0xff,
  0xfe, 0xff, 0xfb, 0xff, 0xfd, 0xf7, 0xf3, 0xff, 0xfc, 0xe4, 0xe2, 0xff,
  0xf6, 0x50, 0x5f, 0xff, 0xf5, 0x39, 0x4b, 0xff, 0xfa, 0x91, 0x9a, 0xff,
  0xfe, 0xfc, 0xfa, 0xff, 0xfd, 0xf3, 0xef, 0xff, 0xfd, 0xee, 0xeb, 0xff,
  0xf6, 0x5a, 0x73, 0xff, 0xf4, 0x3f, 0x5c, 0xff, 0xf7, 0x66, 0x7e, 0xff,
  0xfb, 0xa0, 0xb0, 0xff, 0xfa, 0x9a, 0xab, 0xff, 0xfa, 0x9b, 0xad, 0xff,
  0xfb, 0x9c, 0xae, 0xff, 0xfa, 0xa0, 0xb1, 0xff, 0xf9, 0x95, 0xaa, 0xff,
  0xfb, 0xb6, 0xc3, 0xff, 0xfd, 0xfa, 0xf5, 0xff, 0xfd, 0xf4, 0xf0, 0xff,
  0xfd, 0xf5, 0xf1, 0xff, 0xfd, 0xf5, 0xf1, 0xff, 0xfd, 0xf5, 0xf1, 0xff,
  0xfd, 0xf5, 0xf1, 0xff, 0xfd, 0xf5, 0xf1, 0xff, 0xfd, 0xf6, 0xf1, 0xff,
  0xfd, 0xf6, 0xf1, 0xff, 0xfd, 0xf5, 0xf1, 0xff, 0xfd, 0xf5, 0xf1, 0xff,
  0xfd, 0xf5, 0xf1, 0xff, 0xfd, 0xf5, 0xf1, 0xff, 0xfe, 0xf6, 0xf1, 0xff,
  0xfc, 0xf4, 0xf0, 0xff, 0xf0, 0xea, 0xe8, 0xff, 0xf8, 0xf6, 0xf6, 0xff,
  0xfd, 0xfe, 0xfe, 0xff, 0xfe, 0xfe, 0xfe, 0x00, 0xfe, 0xfe, 0xfe, 0x00,
  0xfe, 0xfe, 0xfe, 0x00, 0xfe, 0xfe, 0xfe, 0x00, 0xfe, 0xfe, 0xfe, 0xff,
  0xf9, 0xf8, 0xf8, 0xff, 0xef, 0xea, 0xe9, 0xff, 0xfb, 0xf2, 0xee, 0xff,
  0xfe, 0xf6, 0xf1, 0xff, 0xfd, 0xf5, 0xf0, 0xff, 0xfd, 0xf5, 0xf0, 0xff,
  0xfd, 0xf5, 0xf0, 0xff, 0xfd, 0xf5, 0xf1, 0xff, 0xfd, 0xf5, 0xf0, 0xff,
  0xfd, 0xf5, 0xf0, 0xff, 0xfd, 0xf5, 0xf0, 0xff, 0xfd, 0xf5, 0xf1, 0xff,
  0xfd, 0xf6, 0xf1, 0xff, 0xfd, 0xf5, 0xf1, 0xff, 0xfd, 0xf5, 0xf1, 0xff,
  0xfd, 0xf5, 0xf1, 0xff, 0xfd, 0xf3, 0xed, 0xff, 0xff, 0xff, 0xff, 0xff,
  0xe8, 0x90, 0x63, 0xff, 0xd6, 0x44, 0x00, 0xff, 0xd7, 0x4f, 0x04, 0xff,
  0xde, 0x60, 0x21, 0xff, 0xf8, 0xd3, 0xc5, 0xff, 0xff, 0xfe, 0xfd, 0xff,
  0xff, 0xff, 0xff, 0xff, 0xff, 0xff, 0xff, 0xff, 0xff, 0xf9, 0xf7, 0xff,
  0xe9, 0x96, 0x72, 0xff, 0xd5, 0x3e, 0x00, 0xff, 0xd5, 0x36, 0x00, 0xff,
  0xe0, 0x69, 0x37, 0xff, 0xff, 0xf8, 0xf6, 0xff, 0xfd, 0xf5, 0xf0, 0xff,
  0xfd, 0xf3, 0xee, 0xff, 0xfe, 0xfc, 0xfa, 0xff, 0xf9, 0xd3, 0xc5, 0xff,
  0xe3, 0x45, 0x07, 0xff, 0xe3, 0x47, 0x09, 0xff, 0xe7, 0x52, 0x1b, 0xff,
  0xe6, 0x4b, 0x16, 0xff, 0xe3, 0x38, 0x01, 0xff, 0xf5, 0xa3, 0x89, 0xff,
  0xff, 0xff, 0xff, 0xff, 0xfd, 0xf2, 0xed, 0xff, 0xfd, 0xf5, 0xf0, 0xff,
  0xfd, 0xf5, 0xf0, 0xff, 0xfd, 0xf5, 0xf0, 0xff, 0xfd, 0xf5, 0xf0, 0xff,
  0xfd, 0xf5, 0xf0, 0xff, 0xfd, 0xf5, 0xf0, 0xff, 0xfd, 0xf2, 0xee, 0xff,
  0xfe, 0xff, 0xfe, 0xff, 0xf9, 0x99, 0x92, 0xff, 0xf1, 0x36, 0x2b, 0xff,
  0xee, 0x35, 0x2c, 0xff, 0xf9, 0xb2, 0xab, 0xff, 0xff, 0xff, 0xff, 0xff,
  0xfe, 0xfd, 0xf8, 0xff, 0xfe, 0xff, 0xfc, 0xff, 0xfe, 0xff, 0xfc, 0xff,
  0xfe, 0xff, 0xfb, 0xff, 0xfd, 0xfc, 0xf7, 0xff, 0xfd, 0xe5, 0xe2, 0xff,
  0xf6, 0x4d, 0x56, 0xff, 0xf3, 0x33, 0x40, 0xff, 0xf8, 0x85, 0x8d, 0xff,
  0xfe, 0xff, 0xfa, 0xff, 0xfd, 0xf7, 0xf2, 0xff, 0xfc, 0xe3, 0xe1, 0xff,
  0xf5, 0x4e, 0x5e, 0xff, 0xf4, 0x36, 0x4a, 0xff, 0xf9, 0x8f, 0x98, 0xff,
  0xff, 0xff, 0xff, 0xff, 0xfe, 0xfb, 0xf5, 0xff, 0xfe, 0xfb, 0xf7, 0xff,
  0xf7, 0x69, 0x81, 0xff, 0xf4, 0x35, 0x55, 0xff, 0xf8, 0x6c, 0x85, 0xff,
  0xff, 0xff, 0xff, 0xff, 0xfe, 0xff, 0xff, 0xff, 0xfe, 0xff, 0xfd, 0xff,
  0xfe, 0xff, 0xff, 0xff, 0xfd, 0xe2, 0xe4, 0xff, 0xff, 0xff, 0xf9, 0xff,
  0xfe, 0xff, 0xfc, 0xff, 0xfd, 0xf4, 0xf0, 0xff, 0xfd, 0xf5, 0xf1, 0xff,
  0xfd, 0xf5, 0xf1, 0xff, 0xfd, 0xf5, 0xf0, 0xff, 0xfd, 0xf5, 0xf0, 0xff,
  0xfd, 0xf5, 0xf0, 0xff, 0xfd, 0xf5, 0xf0, 0xff, 0xfd, 0xf5, 0xf0, 0xff,
  0xfd, 0xf5, 0xf0, 0xff, 0xfd, 0xf5, 0xf0, 0xff, 0xfd, 0xf5, 0xf0, 0xff,
  0xfd, 0xf5, 0xf0, 0xff, 0xfd, 0xf5, 0xf1, 0xff, 0xfe, 0xf6, 0xf1, 0xff,
  0xf9, 0xf1, 0xed, 0xff, 0xf0, 0xea, 0xe9, 0xff, 0xfa, 0xf9, 0xf9, 0xff,
  0xfe, 0xfe, 0xfe, 0xff, 0xfe, 0xfe, 0xfe, 0x00, 0xfe, 0xfe, 0xfe, 0x00,
  0xfe, 0xfe, 0xfe, 0x00, 0xfe, 0xfe, 0xfe, 0x00, 0xfe, 0xfe, 0xfe, 0x00,
  0xfb, 0xfb, 0xfa, 0xff, 0xef, 0xeb, 0xea, 0xff, 0xf6, 0xee, 0xea, 0xff,
  0xfe, 0xf6, 0xf1, 0xff, 0xfd, 0xf4, 0xef, 0xff, 0xfd, 0xf5, 0xf0, 0xff,
  0xfd, 0xf5, 0xf0, 0xff, 0xfd, 0xf5, 0xf0, 0xff, 0xfd, 0xf5, 0xf0, 0xff,
  0xfd, 0xf5, 0xf0, 0xff, 0xfd, 0xf5, 0xf0, 0xff, 0xfd, 0xf5, 0xf0, 0xff,
  0xfd, 0xf5, 0xf1, 0xff, 0xfd, 0xf5, 0xf0, 0xff, 0xfd, 0xf5, 0xf0, 0xff,
  0xfd, 0xf5, 0xf0, 0xff, 0xfd, 0xf4, 0xef, 0xff, 0xfd, 0xf7, 0xf4, 0xff,
  0xfc, 0xec, 0xe6, 0xff, 0xdb, 0x62, 0x25, 0xff, 0xd4, 0x42, 0x00, 0xff,
  0xd6, 0x4b, 0x01, 0xff, 0xd1, 0x48, 0x05, 0xff, 0xdf, 0x7a, 0x4b, 0xff,
  0xea, 0x9d, 0x7a, 0xff, 0xe4, 0x93, 0x6e, 0xff, 0xdb, 0x63, 0x2d, 0xff,
  0xd7, 0x41, 0x00, 0xff, 0xd5, 0x46, 0x04, 0xff, 0xd4, 0x3d, 0x00, 0xff,
  0xf4, 0xc2, 0xab, 0xff, 0xff, 0xfd, 0xfb, 0xff, 0xfd, 0xf3, 0xee, 0xff,
  0xfd, 0xf5, 0xf0, 0xff, 0xfd, 0xf4, 0xef, 0xff, 0xfe, 0xf8, 0xf5, 0xff,
  0xea, 0x69, 0x37, 0xff, 0xe1, 0x3f, 0x03, 0xff, 0xe2, 0x46, 0x0c, 0xff,
  0xe3, 0x45, 0x0d, 0xff, 0xe5, 0x44, 0x11, 0xff, 0xfb, 0xda, 0xcf, 0xff,
  0xfe, 0xfb, 0xf8, 0xff, 0xfd, 0xf3, 0xee, 0xff, 0xfd, 0xf5, 0xef, 0xff,
  0xfd, 0xf5, 0xf0, 0xff, 0xfd, 0xf5, 0xf0, 0xff, 0xfd, 0xf5, 0xf0, 0xff,
  0xfd, 0xf5, 0xf0, 0xff, 0xfd, 0xf5, 0xf0, 0xff, 0xfd, 0xf2, 0xed, 0xff,
  0xfe, 0xff, 0xfe, 0xff, 0xf8, 0x99, 0x92, 0xff, 0xf0, 0x32, 0x28, 0xff,
  0xef, 0x3d, 0x35, 0xff, 0xf4, 0x64, 0x60, 0xff, 0xf6, 0x80, 0x7f, 0xff,
  0xf6, 0x7c, 0x7c, 0xff, 0xf7, 0x7e, 0x7f, 0xff, 0xf6, 0x7f, 0x81, 0xff,
  0xf6, 0x7b, 0x80, 0xff, 0xfd, 0xe0, 0xde, 0xff, 0xfd, 0xea, 0xe6, 0xff,
  0xf5, 0x49, 0x54, 0xff, 0xf2, 0x31, 0x40, 0xff, 0xf8, 0x85, 0x8d, 0xff,
  0xfe, 0xff, 0xfa, 0xff, 0xfd, 0xf5, 0xf1, 0xff, 0xfc, 0xea, 0xe7, 0xff,
  0xf4, 0x4c, 0x5e, 0xff, 0xf4, 0x3d, 0x51, 0xff, 0xf6, 0x54, 0x67, 0xff,
  0xfb, 0xb3, 0xba, 0xff, 0xfb, 0xc3, 0xc9, 0xff, 0xfe, 0xff, 0xf8, 0xff,
  0xfa, 0xad, 0xb6, 0xff, 0xf3, 0x35, 0x57, 0xff, 0xf3, 0x3e, 0x60, 0xff,
  0xf8, 0x77, 0x8e, 0xff, 0xfc, 0xd8, 0xdb, 0xff, 0xfd, 0xe2, 0xe5, 0xff,
  0xfa, 0xa6, 0xb6, 0xff, 0xf3, 0x41, 0x6a, 0xff, 0xf5, 0x52, 0x79, 0xff,
  0xfc, 0xd0, 0xd7, 0xff, 0xfd, 0xfb, 0xf6, 0xff, 0xfd, 0xf3, 0xef, 0xff,
  0xfd, 0xf5, 0xf1, 0xff, 0xfd, 0xf5, 0xf0, 0xff, 0xfd, 0xf4, 0xf0, 0xff,
  0xfd, 0xf5, 0xf0, 0xff, 0xfd, 0xf5, 0xf0, 0xff, 0xfd, 0xf5, 0xf0, 0xff,
  0xfd, 0xf5, 0xf0, 0xff, 0xfd, 0xf5, 0xf0, 0xff, 0xfd, 0xf5, 0xf0, 0xff,
  0xfd, 0xf5, 0xf0, 0xff, 0xfd, 0xf5, 0xf0, 0xff, 0xff, 0xf7, 0xf2, 0xff,
  0xf4, 0xec, 0xe9, 0xff, 0xf1, 0xed, 0xec, 0xff, 0xfb, 0xfb, 0xfb, 0xff,
  0xfe, 0xfe, 0xfe, 0x00, 0xfe, 0xfe, 0xfe, 0x00, 0xfe, 0xfe, 0xfe, 0x00,
  0xfe, 0xfe, 0xfe, 0x00, 0xfe, 0xfe, 0xfe, 0x00, 0xfe, 0xfe, 0xfe, 0x00,
  0xfc, 0xfc, 0xfc, 0xff, 0xf3, 0xef, 0xef, 0xff, 0xf0, 0xe8, 0xe5, 0xff,
  0xfe, 0xf5, 0xf0, 0xff, 0xfd, 0xf4, 0xef, 0xff, 0xfd, 0xf4, 0xf0, 0xff,
  0xfd, 0xf5, 0xf0, 0xff, 0xfd, 0xf5, 0xf0, 0xff, 0xfd, 0xf5, 0xf0, 0xff,
  0xfd, 0xf5, 0xf0, 0xff, 0xfd, 0xf5, 0xf0, 0xff, 0xfd, 0xf5, 0xf0, 0xff,
  0xfd, 0xf5, 0xf0, 0xff, 0xfd, 0xf5, 0xf0, 0xff, 0xfd, 0xf4, 0xf0, 0xff,
  0xfd, 0xf5, 0xf0, 0xff, 0xfd, 0xf5, 0xf0, 0xff, 0xfc, 0xf3, 0xee, 0xff,
  0xfe, 0xfb, 0xf8, 0xff, 0xf9, 0xe3, 0xda, 0xff, 0xdb, 0x68, 0x36, 0xff,
  0xcd, 0x39, 0x00, 0xff, 0xcf, 0x40, 0x00, 0xff, 0xd0, 0x3a, 0x00, 0xff,
  0xcf, 0x39, 0x00, 0xff, 0xcd, 0x37, 0x00, 0xff, 0xd0, 0x3a, 0x00, 0xff,
  0xd1, 0x39, 0x00, 0xff, 0xd3, 0x3f, 0x06, 0xff, 0xee, 0xb0, 0x95, 0xff,
  0xff, 0xff, 0xfe, 0xff, 0xfd, 0xf3, 0xee, 0xff, 0xfd, 0xf5, 0xf0, 0xff,
  0xfd, 0xf5, 0xf0, 0xff, 0xfd, 0xf2, 0xec, 0xff, 0xff, 0xff, 0xff, 0xff,
  0xf2, 0xa2, 0x85, 0xff, 0xde, 0x30, 0x00, 0xff, 0xdf, 0x42, 0x09, 0xff,
  0xde, 0x31, 0x00, 0xff, 0xec, 0x6e, 0x46, 0xff, 0xff, 0xfc, 0xfa, 0xff,
  0xfd, 0xf3, 0xed, 0xff, 0xfd, 0xf5, 0xf0, 0xff, 0xfd, 0xf5, 0xf0, 0xff,
  0xfd, 0xf4, 0xf0, 0xff, 0xfd, 0xf4, 0xf0, 0xff, 0xfd, 0xf5, 0xf0, 0xff,
  0xfd, 0xf5, 0xf0, 0xff, 0xfd, 0xf5, 0xf0, 0xff, 0xfd, 0xf1, 0xed, 0xff,
  0xfe, 0xff, 0xfe, 0xff, 0xf8, 0x93, 0x8e, 0xff, 0xef, 0x28, 0x20, 0xff,
  0xf0, 0x39, 0x34, 0xff, 0xee, 0x2d, 0x2b, 0xff, 0xee, 0x27, 0x29, 0xff,
  0xef, 0x28, 0x2d, 0xff, 0xef, 0x28, 0x2f, 0xff, 0xef, 0x2a, 0x33, 0xff,
  0xf0, 0x21, 0x2e, 0xff, 0xfb, 0xc9, 0xc8, 0xff, 0xfe, 0xee, 0xea, 0xff,
  0xf4, 0x3f, 0x4c, 0xff, 0xf1, 0x24, 0x37, 0xff, 0xf8, 0x7e, 0x88, 0xff,
  0xfe, 0xff, 0xfb, 0xff, 0xfd, 0xf0, 0xec, 0xff, 0xfe, 0xfd, 0xf9, 0xff,
  0xf6, 0x7a, 0x85, 0xff, 0xf2, 0x29, 0x42, 0xff, 0xf3, 0x3b, 0x53, 0xff,
  0xf2, 0x26, 0x44, 0xff, 0xf5, 0x54, 0x6c, 0xff, 0xfe, 0xf7, 0xf2, 0xff,
  0xfe, 0xfa, 0xf6, 0xff, 0xf7, 0x7a, 0x90, 0xff, 0xf1, 0x29, 0x51, 0xff,
  0xf2, 0x2d, 0x56, 0xff, 0xf3, 0x3e, 0x66, 0xff, 0xf4, 0x44, 0x6b, 0xff,
  0xf3, 0x31, 0x5d, 0xff, 0xf2, 0x2c, 0x5b, 0xff, 0xf5, 0x58, 0x7d, 0xff,
  0xfd, 0xe5, 0xe6, 0xff, 0xfd, 0xf8, 0xf3, 0xff, 0xfd, 0xf4, 0xef, 0xff,
  0xfd, 0xf5, 0xf0, 0xff, 0xfd, 0xf5, 0xf0, 0xff, 0xfd, 0xf5, 0xf0, 0xff,
  0xfd, 0xf5, 0xf0, 0xff, 0xfd, 0xf5, 0xf0, 0xff, 0xfd, 0xf5, 0xf0, 0xff,
  0xfd, 0xf5, 0xf0, 0xff, 0xfd, 0xf5, 0xf0, 0xff, 0xfd, 0xf5, 0xf0, 0xff,
  0xfd, 0xf5, 0xf0, 0xff, 0xfd, 0xf5, 0xf0, 0xff, 0xfe, 0xf5, 0xf1, 0xff,
  0xee, 0xe7, 0xe4, 0xff, 0xf4, 0xf2, 0xf1, 0xff, 0xfd, 0xfc, 0xfc, 0xff,
  0xfe, 0xfe, 0xfe, 0x00, 0xfe, 0xfe, 0xfe, 0x00, 0xfe, 0xfe, 0xfe, 0x00,
  0xfe, 0xfe, 0xfe, 0x00, 0xfe, 0xfe, 0xfe, 0x00, 0xfe, 0xfe, 0xfe, 0x00,
  0xfd, 0xfd, 0xfd, 0x00, 0xf8, 0xf6, 0xf5, 0xff, 0xec, 0xe5, 0xe4, 0xff,
  0xf9, 0xf0, 0xeb, 0xff, 0xfe, 0xf5, 0xf0, 0xff, 0xfc, 0xf4, 0xef, 0xff,
  0xfd, 0xf4, 0xef, 0xff, 0xfd, 0xf4, 0xef, 0xff, 0xfd, 0xf5, 0xf0, 0xff,
  0xfd, 0xf5, 0xf0, 0xff, 0xfd, 0xf4, 0xef, 0xff, 0xfd, 0xf4, 0xef, 0xff,
  0xfd, 0xf4, 0xef, 0xff, 0xfd, 0xf4, 0xef, 0xff, 0xfd, 0xf4, 0xef, 0xff,
  0xfd, 0xf4, 0xef, 0xff, 0xfd, 0xf5, 0xf0, 0xff, 0xfd, 0xf5, 0xf0, 0xff,
  0xfc, 0xf3, 0xed, 0xff, 0xfe, 0xfa, 0xf6, 0xff, 0xfd, 0xf4, 0xef, 0xff,
  0xe9, 0xa9, 0x8f, 0xff, 0xdb, 0x6a, 0x39, 0xff, 0xd3, 0x4e, 0x12, 0xff,
  0xcb, 0x44, 0x06, 0xff, 0xd1, 0x48, 0x0a, 0xff, 0xd6, 0x54, 0x1e, 0xff,
  0xe1, 0x7e, 0x59, 0xff, 0xf6, 0xd5, 0xc7, 0xff, 0xff, 0xff, 0xfe, 0xff,
  0xfd, 0xf3, 0xee, 0xff, 0xfd, 0xf5, 0xf0, 0xff, 0xfd, 0xf5, 0xf0, 0xff,
  0xfd, 0xf5, 0xf0, 0xff, 0xfd, 0xf3, 0xee, 0xff, 0xfe, 0xf9, 0xf5, 0xff,
  0xfb, 0xe0, 0xd5, 0xff, 0xe3, 0x5b, 0x2d, 0xff, 0xe5, 0x59, 0x2c, 0xff,
  0xe4, 0x4e, 0x24, 0xff, 0xf6, 0xb6, 0xa3, 0xff, 0xfe, 0xfe, 0xfc, 0xff,
  0xfd, 0xf2, 0xec, 0xff, 0xfd, 0xf5, 0xf0, 0xff, 0xfd, 0xf5, 0xf0, 0xff,
  0xfd, 0xf4, 0xef, 0xff, 0xfd, 0xf4, 0xef, 0xff, 0xfd, 0xf5, 0xf0, 0xff,
  0xfd, 0xf4, 0xef, 0xff, 0xfd, 0xf4, 0xf0, 0xff, 0xfd, 0xf2, 0xed, 0xff,
  0xfe, 0xfe, 0xfc, 0xff, 0xf9, 0xa5, 0xa0, 0xff, 0xf1, 0x45, 0x40, 0xff,
  0xf2, 0x54, 0x52, 0xff, 0xf2, 0x53, 0x52, 0xff, 0xf2, 0x54, 0x56, 0xff,
  0xf2, 0x54, 0x58, 0xff, 0xf3, 0x54, 0x5a, 0xff, 0xf2, 0x54, 0x5c, 0xff,
  0xf3, 0x4e, 0x58, 0xff, 0xfc, 0xd5, 0xd4, 0xff, 0xfd, 0xed, 0xe9, 0xff,
  0xf5, 0x59, 0x65, 0xff, 0xf2, 0x44, 0x54, 0xff, 0xf8, 0x8f, 0x97, 0xff,
  0xfe, 0xfe, 0xfa, 0xff, 0xfd, 0xf1, 0xed, 0xff, 0xfd, 0xf7, 0xf3, 0xff,
  0xfd, 0xea, 0xe7, 0xff, 0xf7, 0x7b, 0x88, 0xff, 0xf4, 0x4b, 0x61, 0xff,
  0xf3, 0x44, 0x5e, 0xff, 0xf7, 0x73, 0x85, 0xff, 0xfe, 0xf7, 0xf2, 0xff,
  0xfd, 0xf7, 0xf2, 0xff, 0xfd, 0xf3, 0xed, 0xff, 0xf9, 0x9b, 0xab, 0xff,
  0xf4, 0x5a, 0x7a, 0xff, 0xf2, 0x3d, 0x64, 0xff, 0xf2, 0x3b, 0x64, 0xff,
  0xf4, 0x50, 0x77, 0xff, 0xf9, 0x87, 0xa0, 0xff, 0xfe, 0xeb, 0xea, 0xff,
  0xfd, 0xfb, 0xf6, 0xff, 0xfd, 0xf3, 0xef, 0xff, 0xfd, 0xf5, 0xf0, 0xff,
  0xfd, 0xf4, 0xf0, 0xff, 0xfd, 0xf4, 0xef, 0xff, 0xfd, 0xf5, 0xf0, 0xff,
  0xfd, 0xf5, 0xf0, 0xff, 0xfd, 0xf5, 0xf0, 0xff, 0xfd, 0xf5, 0xf0, 0xff,
  0xfd, 0xf4, 0xef, 0xff, 0xfd, 0xf4, 0xef, 0xff, 0xfd, 0xf4, 0xf0, 0xff,
  0xfc, 0xf4, 0xef, 0xff, 0xfe, 0xf6, 0xf1, 0xff, 0xf8, 0xef, 0xeb, 0xff,
  0xed, 0xe6, 0xe5, 0xff, 0xf9, 0xf7, 0xf7, 0xff, 0xfd, 0xfd, 0xfd, 0x00,
  0xfe, 0xfe, 0xfe, 0x00, 0xfe, 0xfe, 0xfe, 0x00, 0xfe, 0xfe, 0xfe, 0x00,
  0xfe, 0xfe, 0xfe, 0x00, 0xfe, 0xfe, 0xfe, 0x00, 0xfe, 0xfe, 0xfe, 0x00,
  0xfd, 0xfd, 0xfe, 0x00, 0xfb, 0xfa, 0xfa, 0x00, 0xef, 0xeb, 0xea, 0xff,
  0xef, 0xe6, 0xe4, 0xff, 0xfe, 0xf6, 0xf0, 0xff, 0xfc, 0xf3, 0xee, 0xff,
  0xfc, 0xf4, 0xef, 0xff, 0xfd, 0xf4, 0xef, 0xff, 0xfd, 0xf4, 0xef, 0xff,
  0xfd, 0xf4, 0xef, 0xff, 0xfd, 0xf4, 0xef, 0xff, 0xfd, 0xf4, 0xef, 0xff,
  0xfd, 0xf4, 0xef, 0xff, 0xfd, 0xf4, 0xef, 0xff, 0xfd, 0xf4, 0xef, 0xff,
  0xfd, 0xf4, 0xef, 0xff, 0xfd, 0xf4, 0xef, 0xff, 0xfd, 0xf4, 0xef, 0xff,
  0xfd, 0xf4, 0xef, 0xff, 0xfd, 0xf2, 0xed, 0xff, 0xfd, 0xf5, 0xf0, 0xff,
  0xff, 0xff, 0xff, 0xff, 0xff, 0xf8, 0xf6, 0xff, 0xf9, 0xe3, 0xda, 0xff,
  0xf4, 0xd6, 0xcc, 0xff, 0xf7, 0xdb, 0xd1, 0xff, 0xfc, 0xec, 0xe6, 0xff,
  0xff, 0xff, 0xfd, 0xff, 0xfe, 0xfb, 0xf9, 0xff, 0xfc, 0xf2, 0xec, 0xff,
  0xfd, 0xf4, 0xef, 0xff, 0xfd, 0xf4, 0xef, 0xff, 0xfd, 0xf3, 0xef, 0xff,
  0xfd, 0xf4, 0xef, 0xff, 0xfd, 0xf4, 0xef, 0xff, 0xfd, 0xf3, 0xef, 0xff,
  0xfd, 0xf5, 0xf1, 0xff, 0xfe, 0xf3, 0xef, 0xff, 0xfc, 0xef, 0xeb, 0xff,
  0xfd, 0xf2, 0xee, 0xff, 0xfe, 0xf6, 0xf2, 0xff, 0xfd, 0xf4, 0xef, 0xff,
  0xfd, 0xf4, 0xef, 0xff, 0xfd, 0xf4, 0xef, 0xff, 0xfd, 0xf4, 0xef, 0xff,
  0xfd, 0xf4, 0xf0, 0xff, 0xfd, 0xf4, 0xf0, 0xff, 0xfd, 0xf4, 0xef, 0xff,
  0xfd, 0xf4, 0xef, 0xff, 0xfd, 0xf4, 0xef, 0xff, 0xfd, 0xf4, 0xef, 0xff,
  0xfd, 0xf4, 0xef, 0xff, 0xfd, 0xf3, 0xee, 0xff, 0xfd, 0xf0, 0xeb, 0xff,
  0xfd, 0xf0, 0xec, 0xff, 0xfd, 0xf0, 0xec, 0xff, 0xfd, 0xf0, 0xec, 0xff,
  0xfd, 0xf0, 0xec, 0xff, 0xfd, 0xf0, 0xec, 0xff, 0xfc, 0xef, 0xeb, 0xff,
  0xfd, 0xf1, 0xed, 0xff, 0xfd, 0xf5, 0xf1, 0xff, 0xfd, 0xf4, 0xef, 0xff,
  0xfc, 0xf1, 0xed, 0xff, 0xfc, 0xef, 0xeb, 0xff, 0xfd, 0xf3, 0xee, 0xff,
  0xfd, 0xf4, 0xef, 0xff, 0xfd, 0xf4, 0xf0, 0xff, 0xfd, 0xf3, 0xee, 0xff,
  0xfd, 0xf7, 0xf2, 0xff, 0xfe, 0xfe, 0xf8, 0xff, 0xfd, 0xe9, 0xe6, 0xff,
  0xfc, 0xe4, 0xe2, 0xff, 0xfd, 0xf3, 0xef, 0xff, 0xfd, 0xf5, 0xf1, 0xff,
  0xfd, 0xf3, 0xee, 0xff, 0xfd, 0xf4, 0xf0, 0xff, 0xfe, 0xff, 0xfa, 0xff,
  0xfd, 0xf2, 0xee, 0xff, 0xfb, 0xd8, 0xd9, 0xff, 0xfc, 0xd8, 0xdc, 0xff,
  0xfd, 0xeb, 0xea, 0xff, 0xfe, 0xff, 0xf8, 0xff, 0xfd, 0xf7, 0xf2, 0xff,
  0xfd, 0xf3, 0xee, 0xff, 0xfd, 0xf4, 0xef, 0xff, 0xfd, 0xf4, 0xef, 0xff,
  0xfd, 0xf5, 0xf0, 0xff, 0xfd, 0xf5, 0xef, 0xff, 0xfd, 0xf5, 0xef, 0xff,
  0xfd, 0xf5, 0xf0, 0xff, 0xfd, 0xf4, 0xef, 0xff, 0xfd, 0xf4, 0xf0, 0xff,
  0xfd, 0xf4, 0xef, 0xff, 0xfd, 0xf4, 0xef, 0xff, 0xfd, 0xf4, 0xef, 0xff,
  0xfc, 0xf4, 0xef, 0xff, 0xfe, 0xf5, 0xf0, 0xff, 0xee, 0xe5, 0xe3, 0xff,
  0xf1, 0xed, 0xed, 0xff, 0xfb, 0xfb, 0xfa, 0x00, 0xfd, 0xfe, 0xfe, 0x00,
  0xfe, 0xfe, 0xfe, 0x00, 0xfe, 0xfe, 0xfe, 0x00, 0xfe, 0xfe, 0xfe, 0x00,
  0xfe, 0xfe, 0xfe, 0x00, 0xfe, 0xfe, 0xfe, 0x00, 0xfe, 0xfe, 0xfe, 0x00,
  0xfe, 0xfe, 0xfe, 0x00, 0xfc, 0xfc, 0xfc, 0x00, 0xf7, 0xf5, 0xf4, 0xff,
  0xea, 0xe2, 0xe2, 0xff, 0xf6, 0xee, 0xe9, 0xff, 0xfe, 0xf5, 0xf0, 0xff,
  0xfc, 0xf3, 0xee, 0xff, 0xfd, 0xf4, 0xee, 0xff, 0xfd, 0xf4, 0xef, 0xff,
  0xfd, 0xf4, 0xef, 0xff, 0xfd, 0xf4, 0xef, 0xff, 0xfc, 0xf4, 0xef, 0xff,
  0xfd, 0xf4, 0xef, 0xff, 0xfd, 0xf4, 0xef, 0xff, 0xfd, 0xf4, 0xef, 0xff,
  0xfd, 0xf4, 0xee, 0xff, 0xfd, 0xf4, 0xef, 0xff, 0xfd, 0xf4, 0xee, 0xff,
  0xfd, 0xf4, 0xef, 0xff, 0xfd, 0xf4, 0xef, 0xff, 0xfd, 0xf4, 0xee, 0xff,
  0xfc, 0xf1, 0xeb, 0xff, 0xfd, 0xf3, 0xee, 0xff, 0xfe, 0xf8, 0xf4, 0xff,
  0xff, 0xfb, 0xf8, 0xff, 0xfe, 0xfa, 0xf7, 0xff, 0xfd, 0xf6, 0xf1, 0xff,
  0xfc, 0xf2, 0xec, 0xff, 0xfd, 0xf2, 0xed, 0xff, 0xfd, 0xf4, 0xef, 0xff,
  0xfd, 0xf4, 0xef, 0xff, 0xfd, 0xf4, 0xee, 0xff, 0xfc, 0xf3, 0xee, 0xff,
  0xfd, 0xf3, 0xee, 0xff, 0xfd, 0xf4, 0xef, 0xff, 0xfd, 0xf4, 0xef, 0xff,
  0xfd, 0xf3, 0xee, 0xff, 0xfd, 0xf4, 0xef, 0xff, 0xfd, 0xf5, 0xf0, 0xff,
  0xfd, 0xf5, 0xf0, 0xff, 0xfd, 0xf3, 0xee, 0xff, 0xfd, 0xf4, 0xee, 0xff,
  0xfd, 0xf4, 0xef, 0xff, 0xfd, 0xf4, 0xef, 0xff, 0xfd, 0xf4, 0xef, 0xff,
  0xfd, 0xf4, 0xef, 0xff, 0xfd, 0xf4, 0xef, 0xff, 0xfd, 0xf4, 0xef, 0xff,
  0xfc, 0xf3, 0xee, 0xff, 0xfd, 0xf4, 0xee, 0xff, 0xfd, 0xf4, 0xef, 0xff,
  0xfd, 0xf4, 0xef, 0xff, 0xfd, 0xf4, 0xef, 0xff, 0xfd, 0xf5, 0xef, 0xff,
  0xfd, 0xf4, 0xef, 0xff, 0xfc, 0xf4, 0xef, 0xff, 0xfd, 0xf5, 0xf0, 0xff,
  0xfd, 0xf5, 0xf0, 0xff, 0xfd, 0xf5, 0xf0, 0xff, 0xfd, 0xf5, 0xf0, 0xff,
  0xfd, 0xf5, 0xf0, 0xff, 0xfd, 0xf3, 0xee, 0xff, 0xfd, 0xf4, 0xef, 0xff,
  0xfd, 0xf5, 0xf0, 0xff, 0xfd, 0xf5, 0xf0, 0xff, 0xfd, 0xf4, 0xef, 0xff,
  0xfd, 0xf4, 0xef, 0xff, 0xfd, 0xf4, 0xee, 0xff, 0xfd, 0xf4, 0xef, 0xff,
  0xfd, 0xf3, 0xee, 0xff, 0xfd, 0xf2, 0xed, 0xff, 0xfd, 0xf7, 0xf1, 0xff,
  0xfd, 0xf8, 0xf2, 0xff, 0xfd, 0xf4, 0xef, 0xff, 0xfd, 0xf4, 0xee, 0xff,
  0xfd, 0xf4, 0xef, 0xff, 0xfd, 0xf4, 0xef, 0xff, 0xfd, 0xf1, 0xec, 0xff,
  0xfd, 0xf5, 0xef, 0xff, 0xfd, 0xfb, 0xf4, 0xff, 0xfd, 0xfb, 0xf5, 0xff,
  0xfd, 0xf7, 0xf1, 0xff, 0xfd, 0xf1, 0xed, 0xff, 0xfd, 0xf3, 0xee, 0xff,
  0xfd, 0xf4, 0xef, 0xff, 0xfd, 0xf4, 0xef, 0xff, 0xfd, 0xf4, 0xef, 0xff,
  0xfd, 0xf4, 0xef, 0xff, 0xfd, 0xf4, 0xef, 0xff, 0xfd, 0xf5, 0xef, 0xff,
  0xfd, 0xf4, 0xef, 0xff, 0xfd, 0xf4, 0xef, 0xff, 0xfd, 0xf4, 0xef, 0xff,
  0xfd, 0xf4, 0xef, 0xff, 0xfd, 0xf4, 0xef, 0xff, 0xfd, 0xf4, 0xef, 0xff,
  0xfe, 0xf6, 0xf0, 0xff, 0xf5, 0xec, 0xe7, 0xff, 0xeb, 0xe4, 0xe3, 0xff,
  0xf8, 0xf6, 0xf5, 0xff, 0xfd, 0xfc, 0xfd, 0x00, 0xfe, 0xfe, 0xfe, 0x00,
  0xfe, 0xfe, 0xfe, 0x00, 0xfe, 0xfe, 0xfe, 0x00, 0xfe, 0xfe, 0xfe, 0x00,
  0xfe, 0xfe, 0xfe, 0x00, 0xfe, 0xfe, 0xfe, 0x00, 0xfe, 0xfe, 0xfe, 0x00,
  0xfe, 0xfe, 0xfe, 0x00, 0xfd, 0xfd, 0xfe, 0x00, 0xfa, 0xfa, 0xfa, 0x00,
  0xf0, 0xec, 0xec, 0xff, 0xe9, 0xe1, 0xde, 0xff, 0xfc, 0xf3, 0xee, 0xff,
  0xfd, 0xf4, 0xef, 0xff, 0xfc, 0xf3, 0xee, 0xff, 0xfd, 0xf4, 0xee, 0xff,
  0xfd, 0xf4, 0xef, 0xff, 0xfd, 0xf4, 0xef, 0xff, 0xfd, 0xf4, 0xee, 0xff,
  0xfd, 0xf4, 0xef, 0xff, 0xfd, 0xf4, 0xef, 0xff, 0xfd, 0xf4, 0xee, 0xff,
  0xfd, 0xf4, 0xee, 0xff, 0xfd, 0xf4, 0xef, 0xff, 0xfd, 0xf4, 0xef, 0xff,
  0xfd, 0xf4, 0xef, 0xff, 0xfd, 0xf4, 0xef, 0xff, 0xfd, 0xf4, 0xef, 0xff,
  0xfd, 0xf4, 0xef, 0xff, 0xfd, 0xf4, 0xef, 0xff, 0xfd, 0xf3, 0xee, 0xff,
  0xfd, 0xf2, 0xed, 0xff, 0xfc, 0xf3, 0xed, 0xff, 0xfd, 0xf3, 0xee, 0xff,
  0xfd, 0xf4, 0xee, 0xff, 0xfd, 0xf4, 0xee, 0xff, 0xfd, 0xf4, 0xef, 0xff,
  0xfd, 0xf4, 0xef, 0xff, 0xfd, 0xf3, 0xee, 0xff, 0xfd, 0xf3, 0xee, 0xff,
  0xfd, 0xf3, 0xee, 0xff, 0xfd, 0xf3, 0xee, 0xff, 0xfd, 0xf4, 0xee, 0xff,
  0xfd, 0xf4, 0xee, 0xff, 0xfd, 0xf3, 0xee, 0xff, 0xfd, 0xf3, 0xed, 0xff,
  0xfd, 0xf3, 0xee, 0xff, 0xfd, 0xf4, 0xee, 0xff, 0xfd, 0xf3, 0xee, 0xff,
  0xfd, 0xf3, 0xee, 0xff, 0xfd, 0xf4, 0xee, 0xff, 0xfd, 0xf4, 0xee, 0xff,
  0xfd, 0xf3, 0xee, 0xff, 0xfd, 0xf4, 0xee, 0xff, 0xfd, 0xf4, 0xef, 0xff,
  0xfd, 0xf4, 0xee, 0xff, 0xfd, 0xf4, 0xee, 0xff, 0xfd, 0xf3, 0xee, 0xff,
  0xfd, 0xf4, 0xee, 0xff, 0xfd, 0xf3, 0xee, 0xff, 0xfd, 0xf3, 0xed, 0xff,
  0xfd, 0xf3, 0xed, 0xff, 0xfd, 0xf3, 0xee, 0xff, 0xfd, 0xf3, 0xed, 0xff,
  0xfd, 0xf3, 0xee, 0xff, 0xfd, 0xf4, 0xee, 0xff, 0xfd, 0xf4, 0xef, 0xff,
  0xfd, 0xf4, 0xee, 0xff, 0xfd, 0xf4, 0xee, 0xff, 0xfd, 0xf4, 0xee, 0xff,
  0xfd, 0xf3, 0xee, 0xff, 0xfd, 0xf3, 0xee, 0xff, 0xfd, 0xf3, 0xee, 0xff,
  0xfd, 0xf4, 0xee, 0xff, 0xfd, 0xf4, 0xee, 0xff, 0xfd, 0xf4, 0xee, 0xff,
  0xfd, 0xf3, 0xee, 0xff, 0xfd, 0xf4, 0xee, 0xff, 0xfd, 0xf3, 0xee, 0xff,
  0xfd, 0xf3, 0xee, 0xff, 0xfd, 0xf3, 0xee, 0xff, 0xfd, 0xf4, 0xee, 0xff,
  0xfd, 0xf4, 0xef, 0xff, 0xfc, 0xf4, 0xee, 0xff, 0xfd, 0xf4, 0xee, 0xff,
  0xfd, 0xf3, 0xee, 0xff, 0xfd, 0xf3, 0xee, 0xff, 0xfd, 0xf2, 0xee, 0xff,
  0xfd, 0xf3, 0xee, 0xff, 0xfd, 0xf4, 0xef, 0xff, 0xfd, 0xf4, 0xef, 0xff,
  0xfc, 0xf4, 0xef, 0xff, 0xfd, 0xf4, 0xee, 0xff, 0xfd, 0xf4, 0xef, 0xff,
  0xfd, 0xf4, 0xee, 0xff, 0xfd, 0xf4, 0xef, 0xff, 0xfd, 0xf4, 0xef, 0xff,
  0xfd, 0xf4, 0xef, 0xff, 0xfd, 0xf4, 0xef, 0xff, 0xfd, 0xf4, 0xee, 0xff,
  0xfd, 0xf4, 0xee, 0xff, 0xfc, 0xf3, 0xee, 0xff, 0xfe, 0xf5, 0xf0, 0xff,
  0xfb, 0xf2, 0xed, 0xff, 0xe9, 0xe0, 0xdf, 0xff, 0xf3, 0xef, 0xee, 0xff,
  0xfb, 0xfa, 0xfa, 0x00, 0xfe, 0xfe, 0xfe, 0x00, 0xfe, 0xfe, 0xfe, 0x00,
  0xfe, 0xfe, 0xfe, 0x00, 0xfe, 0xfe, 0xfe, 0x00, 0xfe, 0xfe, 0xfe, 0x00,
  0xfe, 0xfe, 0xfe, 0x00, 0xfe, 0xfe, 0xfe, 0x00, 0xfe, 0xfe, 0xfe, 0x00,
  0xfe, 0xfe, 0xfe, 0x00, 0xfe, 0xfe, 0xfe, 0x00, 0xfc, 0xfc, 0xfc, 0x00,
  0xf8, 0xf6, 0xf6, 0x00, 0xeb, 0xe5, 0xe4, 0xff, 0xec, 0xe3, 0xe0, 0xff,
  0xfe, 0xf5, 0xf0, 0xff, 0xfc, 0xf3, 0xee, 0xff, 0xfc, 0xf3, 0xee, 0xff,
  0xfd, 0xf4, 0xee, 0xff, 0xfd, 0xf4, 0xef, 0xff, 0xfd, 0xf4, 0xee, 0xff,
  0xfd, 0xf4, 0xef, 0xff, 0xfd, 0xf4, 0xee, 0xff, 0xfd, 0xf4, 0xee, 0xff,
  0xfd, 0xf3, 0xee, 0xff, 0xfd, 0xf4, 0xee, 0xff, 0xfd, 0xf4, 0xef, 0xff,
  0xfd, 0xf4, 0xef, 0xff, 0xfd, 0xf4, 0xef, 0xff, 0xfd, 0xf4, 0xef, 0xff,
  0xfd, 0xf4, 0xee, 0xff, 0xfd, 0xf4, 0xef, 0xff, 0xfd, 0xf4, 0xee, 0xff,
  0xfd, 0xf4, 0xee, 0xff, 0xfd, 0xf4, 0xee, 0xff, 0xfc, 0xf3, 0xee, 0xff,
  0xfd, 0xf3, 0xee, 0xff, 0xfd, 0xf3, 0xee, 0xff, 0xfc, 0xf3, 0xee, 0xff,
  0xfd, 0xf3, 0xee, 0xff, 0xfd, 0xf3, 0xed, 0xff, 0xfc, 0xf3, 0xed, 0xff,
  0xfd, 0xf3, 0xed, 0xff, 0xfd, 0xf3, 0xed, 0xff, 0xfd, 0xf3, 0xee, 0xff,
  0xfd, 0xf3, 0xee, 0xff, 0xfd, 0xf3, 0xee, 0xff, 0xfd, 0xf3, 0xee, 0xff,
  0xfd, 0xf3, 0xee, 0xff, 0xfd, 0xf3, 0xee, 0xff, 0xfd, 0xf3, 0xee, 0xff,
  0xfd, 0xf3, 0xee, 0xff, 0xfd, 0xf3, 0xee, 0xff, 0xfd, 0xf3, 0xee, 0xff,
  0xfd, 0xf3, 0xee, 0xff, 0xfd, 0xf4, 0xee, 0xff, 0xfd, 0xf4, 0xee, 0xff,
  0xfd, 0xf4, 0xee, 0xff, 0xfd, 0xf3, 0xee, 0xff, 0xfd, 0xf3, 0xee, 0xff,
  0xfd, 0xf3, 0xee, 0xff, 0xfd, 0xf3, 0xee, 0xff, 0xfd, 0xf3, 0xee, 0xff,
  0xfd, 0xf3, 0xee, 0xff, 0xfd, 0xf3, 0xee, 0xff, 0xfd, 0xf3, 0xee, 0xff,
  0xfd, 0xf4, 0xee, 0xff, 0xfd, 0xf4, 0xef, 0xff, 0xfd, 0xf4, 0xee, 0xff,
  0xfd, 0xf4, 0xee, 0xff, 0xfd, 0xf3, 0xee, 0xff, 0xfd, 0xf3, 0xee, 0xff,
  0xfd, 0xf3, 0xee, 0xff, 0xfd, 0xf3, 0xee, 0xff, 0xfd, 0xf4, 0xee, 0xff,
  0xfc, 0xf3, 0xee, 0xff, 0xfd, 0xf3, 0xee, 0xff, 0xfd, 0xf3, 0xee, 0xff,
  0xfd, 0xf3, 0xee, 0xff, 0xfd, 0xf4, 0xee, 0xff, 0xfd, 0xf4, 0xee, 0xff,
  0xfd, 0xf4, 0xee, 0xff, 0xfd, 0xf3, 0xee, 0xff, 0xfd, 0xf3, 0xee, 0xff,
  0xfd, 0xf4, 0xee, 0xff, 0xfd, 0xf4, 0xee, 0xff, 0xfd, 0xf3, 0xee, 0xff,
  0xfd, 0xf4, 0xee, 0xff, 0xfd, 0xf3, 0xee, 0xff, 0xfd, 0xf3, 0xee, 0xff,
  0xfd, 0xf4, 0xee, 0xff, 0xfd, 0xf4, 0xee, 0xff, 0xfd, 0xf4, 0xef, 0xff,
  0xfd, 0xf3, 0xee, 0xff, 0xfd, 0xf3, 0xee, 0xff, 0xfd, 0xf4, 0xef, 0xff,
  0xfd, 0xf4, 0xee, 0xff, 0xfd, 0xf3, 0xee, 0xff, 0xfd, 0xf4, 0xee, 0xff,
  0xfd, 0xf4, 0xee, 0xff, 0xfd, 0xf4, 0xee, 0xff, 0xfd, 0xf3, 0xee, 0xff,
  0xfd, 0xf4, 0xee, 0xff, 0xfd, 0xf4, 0xef, 0xff, 0xfd, 0xf5, 0xef, 0xff,
  0xea, 0xe1, 0xde, 0xff, 0xee, 0xe8, 0xe7, 0xff, 0xf9, 0xf8, 0xf7, 0x00,
  0xfd, 0xfc, 0xfc, 0x00, 0xfe, 0xfe, 0xfe, 0x00, 0xfe, 0xfe, 0xfe, 0x00,
  0xfe, 0xfe, 0xfe, 0x00, 0xfe, 0xfe, 0xfe, 0x00, 0xfe, 0xfe, 0xfe, 0x00,
  0xfe, 0xfe, 0xfe, 0x00, 0xfe, 0xfe, 0xfe, 0x00, 0xfe, 0xfe, 0xfe, 0x00,
  0xfe, 0xfe, 0xfe, 0x00, 0xfe, 0xfe, 0xfe, 0x00, 0xfe, 0xfe, 0xfe, 0x00,
  0xfb, 0xfb, 0xfa, 0x00, 0xf6, 0xf3, 0xf2, 0xff, 0xe8, 0xe2, 0xe0, 0xff,
  0xed, 0xe4, 0xe0, 0xff, 0xff, 0xf6, 0xf0, 0xff, 0xfd, 0xf4, 0xee, 0xff,
  0xfd, 0xf3, 0xed, 0xff, 0xfd, 0xf4, 0xee, 0xff, 0xfd, 0xf4, 0xee, 0xff,
  0xfd, 0xf4, 0xee, 0xff, 0xfd, 0xf3, 0xee, 0xff, 0xfd, 0xf4, 0xee, 0xff,
  0xfd, 0xf4, 0xee, 0xff, 0xfd, 0xf4, 0xee, 0xff, 0xfd, 0xf4, 0xee, 0xff,
  0xfd, 0xf4, 0xee, 0xff, 0xfd, 0xf4, 0xee, 0xff, 0xfd, 0xf4, 0xee, 0xff,
  0xfd, 0xf4, 0xee, 0xff, 0xfd, 0xf4, 0xee, 0xff, 0xfd, 0xf4, 0xee, 0xff,
  0xfd, 0xf4, 0xee, 0xff, 0xfd, 0xf4, 0xee, 0xff, 0xfd, 0xf3, 0xee, 0xff,
  0xfc, 0xf3, 0xed, 0xff, 0xfd, 0xf3, 0xed, 0xff, 0xfc, 0xf3, 0xed, 0xff,
  0xfc, 0xf3, 0xed, 0xff, 0xfc, 0xf3, 0xed, 0xff, 0xfc, 0xf3, 0xed, 0xff,
  0xfd, 0xf2, 0xed, 0xff, 0xfc, 0xf2, 0xed, 0xff, 0xfc, 0xf3, 0xed, 0xff,
  0xfd, 0xf3, 0xed, 0xff, 0xfd, 0xf3, 0xed, 0xff, 0xfd, 0xf3, 0xee, 0xff,
  0xfd, 0xf3, 0xee, 0xff, 0xfd, 0xf3, 0xee, 0xff, 0xfd, 0xf3, 0xee, 0xff,
  0xfc, 0xf3, 0xee, 0xff, 0xfd, 0xf3, 0xed, 0xff, 0xfc, 0xf3, 0xed, 0xff,
  0xfd, 0xf3, 0xed, 0xff, 0xfd, 0xf3, 0xee, 0xff, 0xfd, 0xf3, 0xee, 0xff,
  0xfd, 0xf3, 0xee, 0xff, 0xfd, 0xf3, 0xee, 0xff, 0xfd, 0xf3, 0xee, 0xff,
  0xfc, 0xf3, 0xed, 0xff, 0xfd, 0xf3, 0xed, 0xff, 0xfd, 0xf4, 0xee, 0xff,
  0xfd, 0xf3, 0xee, 0xff, 0xfd, 0xf3, 0xed, 0xff, 0xfd, 0xf3, 0xee, 0xff,
  0xfd, 0xf4, 0xee, 0xff, 0xfd, 0xf4, 0xee, 0xff, 0xfd, 0xf3, 0xee, 0xff,
  0xfd, 0xf3, 0xee, 0xff, 0xfd, 0xf3, 0xed, 0xff, 0xfc, 0xf3, 0xed, 0xff,
  0xfd, 0xf3, 0xed, 0xff, 0xfd, 0xf3, 0xed, 0xff, 0xfd, 0xf3, 0xed, 0xff,
  0xfc, 0xf3, 0xed, 0xff, 0xfc, 0xf3, 0xed, 0xff, 0xfd, 0xf3, 0xee, 0xff,
  0xfd, 0xf3, 0xee, 0xff, 0xfd, 0xf4, 0xee, 0xff, 0xfd, 0xf4, 0xee, 0xff,
  0xfd, 0xf3, 0xee, 0xff, 0xfd, 0xf3, 0xee, 0xff, 0xfd, 0xf3, 0xee, 0xff,
  0xfd, 0xf3, 0xee, 0xff, 0xfd, 0xf3, 0xee, 0xff, 0xfd, 0xf3, 0xee, 0xff,
  0xfd, 0xf3, 0xee, 0xff, 0xfc, 0xf3, 0xed, 0xff, 0xfd, 0xf3, 0xed, 0xff,
  0xfc, 0xf3, 0xed, 0xff, 0xfd, 0xf3, 0xee, 0xff, 0xfd, 0xf3, 0xee, 0xff,
  0xfd, 0xf3, 0xed, 0xff, 0xfd, 0xf3, 0xee, 0xff, 0xfd, 0xf4, 0xee, 0xff,
  0xfd, 0xf3, 0xee, 0xff, 0xfd, 0xf3, 0xed, 0xff, 0xfd, 0xf3, 0xee, 0xff,
  0xfd, 0xf4, 0xee, 0xff, 0xfd, 0xf3, 0xee, 0xff, 0xfc, 0xf3, 0xed, 0xff,
  0xfe, 0xf4, 0xef, 0xff, 0xfe, 0xf5, 0xef, 0xff, 0xeb, 0xe1, 0xdd, 0xff,
  0xea, 0xe2, 0xe1, 0xff, 0xf7, 0xf4, 0xf4, 0xff, 0xfc, 0xfb, 0xfb, 0x00,
  0xfe, 0xfe, 0xfe, 0x00, 0xfe, 0xfe, 0xfe, 0x00, 0xfe, 0xfe, 0xfe, 0x00,
  0xfe, 0xfe, 0xfe, 0x00, 0xfe, 0xfe, 0xfe, 0x00, 0xfe, 0xfe, 0xfe, 0x00,
  0xfe, 0xfe, 0xfe, 0x00, 0xfe, 0xfe, 0xfe, 0x00, 0xfe, 0xfe, 0xfe, 0x00,
  0xfe, 0xfe, 0xfe, 0x00, 0xfe, 0xfe, 0xfe, 0x00, 0xfe, 0xfe, 0xfe, 0x00,
  0xfd, 0xfd, 0xfd, 0x00, 0xfb, 0xfa, 0xf9, 0x00, 0xf4, 0xf1, 0xf0, 0xff,
  0xe7, 0xdf, 0xde, 0xff, 0xec, 0xe3, 0xdf, 0xff, 0xfe, 0xf5, 0xef, 0xff,
  0xfe, 0xf5, 0xef, 0xff, 0xfc, 0xf3, 0xed, 0xff, 0xfd, 0xf3, 0xee, 0xff,
  0xfd, 0xf3, 0xee, 0xff, 0xfd, 0xf3, 0xee, 0xff, 0xfd, 0xf3, 0xee, 0xff,
  0xfd, 0xf4, 0xee, 0xff, 0xfd, 0xf4, 0xee, 0xff, 0xfd, 0xf4, 0xee, 0xff,
  0xfd, 0xf4, 0xee, 0xff, 0xfc, 0xf4, 0xee, 0xff, 0xfd, 0xf4, 0xee, 0xff,
  0xfd, 0xf3, 0xee, 0xff, 0xfd, 0xf3, 0xee, 0xff, 0xfd, 0xf4, 0xee, 0xff,
  0xfd, 0xf4, 0xee, 0xff, 0xfd, 0xf4, 0xee, 0xff, 0xfd, 0xf3, 0xed, 0xff,
  0xfc, 0xf3, 0xed, 0xff, 0xfc, 0xf3, 0xed, 0xff, 0xfc, 0xf3, 0xed, 0xff,
  0xfd, 0xf3, 0xed, 0xff, 0xfd, 0xf3, 0xed, 0xff, 0xfd, 0xf3, 0xed, 0xff,
  0xfd, 0xf3, 0xed, 0xff, 0xfc, 0xf3, 0xed, 0xff, 0xfc, 0xf3, 0xed, 0xff,
  0xfc, 0xf3, 0xed, 0xff, 0xfd, 0xf3, 0xed, 0xff, 0xfc, 0xf3, 0xed, 0xff,
  0xfd, 0xf3, 0xed, 0xff, 0xfd, 0xf4, 0xee, 0xff, 0xfd, 0xf3, 0xed, 0xff,
  0xfc, 0xf3, 0xed, 0xff, 0xfd, 0xf3, 0xed, 0xff, 0xfc, 0xf3, 0xed, 0xff,
  0xfc, 0xf3, 0xed, 0xff, 0xfd, 0xf3, 0xed, 0xff, 0xfd, 0xf3, 0xee, 0xff,
  0xfd, 0xf3, 0xed, 0xff, 0xfd, 0xf3, 0xed, 0xff, 0xfd, 0xf3, 0xed, 0xff,
  0xfd, 0xf3, 0xed, 0xff, 0xfd, 0xf3, 0xed, 0xff, 0xfd, 0xf3, 0xed, 0xff,
  0xfd, 0xf3, 0xed, 0xff, 0xfd, 0xf4, 0xee, 0xff, 0xfd, 0xf3, 0xed, 0xff,
  0xfd, 0xf3, 0xed, 0xff, 0xfd, 0xf3, 0xed, 0xff, 0xfc, 0xf3, 0xee, 0xff,
  0xfd, 0xf3, 0xed, 0xff, 0xfd, 0xf3, 0xed, 0xff, 0xfc, 0xf3, 0xed, 0xff,
  0xfd, 0xf3, 0xed, 0xff, 0xfd, 0xf3, 0xed, 0xff, 0xfc, 0xf3, 0xed, 0xff,
  0xfd, 0xf3, 0xed, 0xff, 0xfd, 0xf3, 0xed, 0xff, 0xfc, 0xf3, 0xed, 0xff,
  0xfd, 0xf3, 0xed, 0xff, 0xfd, 0xf4, 0xee, 0xff, 0xfd, 0xf4, 0xee, 0xff,
  0xfd, 0xf3, 0xed, 0xff, 0xfd, 0xf3, 0xed, 0xff, 0xfd, 0xf3, 0xed, 0xff,
  0xfc, 0xf3, 0xed, 0xff, 0xfd, 0xf3, 0xed, 0xff, 0xfd, 0xf3, 0xed, 0xff,
  0xfd, 0xf3, 0xed, 0xff, 0xfd, 0xf3, 0xed, 0xff, 0xfd, 0xf3, 0xed, 0xff,
  0xfd, 0xf3, 0xed, 0xff, 0xfc, 0xf3, 0xed, 0xff, 0xfc, 0xf3, 0xed, 0xff,
  0xfd, 0xf3, 0xed, 0xff, 0xfc, 0xf3, 0xed, 0xff, 0xfd, 0xf3, 0xee, 0xff,
  0xfd, 0xf3, 0xed, 0xff, 0xfd, 0xf3, 0xed, 0xff, 0xfc, 0xf3, 0xed, 0xff,
  0xfd, 0xf4, 0xed, 0xff, 0xfc, 0xf3, 0xed, 0xff, 0xfe, 0xf5, 0xef, 0xff,
  0xfc, 0xf3, 0xed, 0xff, 0xea, 0xe0, 0xdc, 0xff, 0xe9, 0xe1, 0xe0, 0xff,
  0xf6, 0xf3, 0xf2, 0xff, 0xfb, 0xfa, 0xf9, 0x00, 0xfd, 0xfd, 0xfd, 0x00,
  0xfe, 0xfe, 0xfe, 0x00, 0xfe, 0xfe, 0xfe, 0x00, 0xfe, 0xfe, 0xfe, 0x00,
  0xfe, 0xfe, 0xfe, 0x00, 0xfe, 0xfe, 0xfe, 0x00, 0xfe, 0xfe, 0xfe, 0x00,
  0xfe, 0xfe, 0xfe, 0x00, 0xfe, 0xfe, 0xfe, 0x00, 0xfe, 0xfe, 0xfe, 0x00,
  0xfe, 0xfe, 0xfe, 0x00, 0xfe, 0xfe, 0xfe, 0x00, 0xfe, 0xfe, 0xfe, 0x00,
  0xfe, 0xfe, 0xfe, 0x00, 0xfd, 0xfd, 0xfd, 0x00, 0xf9, 0xf8, 0xf8, 0x00,
  0xf4, 0xf1, 0xf0, 0xff, 0xe8, 0xe0, 0xde, 0xff, 0xe8, 0xde, 0xdb, 0xff,
  0xf9, 0xf0, 0xea, 0xff, 0xff, 0xf7, 0xf0, 0xff, 0xfd, 0xf4, 0xee, 0xff,
  0xfc, 0xf3, 0xec, 0xff, 0xfd, 0xf3, 0xed, 0xff, 0xfd, 0xf4, 0xee, 0xff,
  0xfd, 0xf4, 0xed, 0xff, 0xfd, 0xf4, 0xee, 0xff, 0xfd, 0xf3, 0xee, 0xff,
  0xfd, 0xf4, 0xee, 0xff, 0xfd, 0xf4, 0xee, 0xff, 0xfd, 0xf4, 0xee, 0xff,
  0xfd, 0xf4, 0xed, 0xff, 0xfd, 0xf4, 0xee, 0xff, 0xfd, 0xf3, 0xed, 0xff,
  0xfd, 0xf4, 0xed, 0xff, 0xfd, 0xf4, 0xed, 0xff, 0xfd, 0xf3, 0xed, 0xff,
  0xfd, 0xf3, 0xed, 0xff, 0xfd, 0xf3, 0xed, 0xff, 0xfd, 0xf3, 0xed, 0xff,
  0xfd, 0xf3, 0xed, 0xff, 0xfd, 0xf3, 0xed, 0xff, 0xfd, 0xf3, 0xed, 0xff,
  0xfd, 0xf3, 0xed, 0xff, 0xfd, 0xf3, 0xed, 0xff, 0xfd, 0xf3, 0xed, 0xff,
  0xfd, 0xf3, 0xed, 0xff, 0xfd, 0xf3, 0xed, 0xff, 0xfd, 0xf3, 0xed, 0xff,
  0xfd, 0xf3, 0xed, 0xff, 0xfd, 0xf3, 0xed, 0xff, 0xfd, 0xf3, 0xed, 0xff,
  0xfd, 0xf3, 0xed, 0xff, 0xfd, 0xf3, 0xed, 0xff, 0xfc, 0xf3, 0xed, 0xff,
  0xfd, 0xf3, 0xed, 0xff, 0xfd, 0xf3, 0xed, 0xff, 0xfd, 0xf3, 0xed, 0xff,
  0xfd, 0xf3, 0xed, 0xff, 0xfd, 0xf3, 0xed, 0xff, 0xfd, 0xf3, 0xed, 0xff,
  0xfd, 0xf4, 0xed, 0xff, 0xfd, 0xf3, 0xed, 0xff, 0xfc, 0xf3, 0xed, 0xff,
  0xfd, 0xf3, 0xed, 0xff, 0xfd, 0xf3, 0xed, 0xff, 0xfd, 0xf3, 0xed, 0xff,
  0xfd, 0xf4, 0xed, 0xff, 0xfd, 0xf4, 0xed, 0xff, 0xfd, 0xf3, 0xed, 0xff,
  0xfd, 0xf3, 0xed, 0xff, 0xfd, 0xf3, 0xed, 0xff, 0xfd, 0xf3, 0xed, 0xff,
  0xfd, 0xf3, 0xed, 0xff, 0xfd, 0xf3, 0xed, 0xff, 0xfd, 0xf3, 0xed, 0xff,
  0xfd, 0xf3, 0xed, 0xff, 0xfd, 0xf3, 0xed, 0xff, 0xfc, 0xf3, 0xed, 0xff,
  0xfd, 0xf3, 0xed, 0xff, 0xfd, 0xf4, 0xed, 0xff, 0xfd, 0xf4, 0xed, 0xff,
  0xfd, 0xf3, 0xed, 0xff, 0xfd, 0xf4, 0xed, 0xff, 0xfd, 0xf4, 0xed, 0xff,
  0xfd, 0xf3, 0xed, 0xff, 0xfd, 0xf3, 0xed, 0xff, 0xfd, 0xf3, 0xed, 0xff,
  0xfd, 0xf3, 0xed, 0xff, 0xfd, 0xf3, 0xed, 0xff, 0xfd, 0xf3, 0xed, 0xff,
  0xfc, 0xf3, 0xed, 0xff, 0xfd, 0xf3, 0xed, 0xff, 0xfd, 0xf3, 0xed, 0xff,
  0xfd, 0xf3, 0xed, 0xff, 0xfd, 0xf3, 0xed, 0xff, 0xfd, 0xf3, 0xed, 0xff,
  0xfd, 0xf3, 0xed, 0xff, 0xfd, 0xf3, 0xed, 0xff, 0xfc, 0xf3, 0xed, 0xff,
  0xfe, 0xf4, 0xee, 0xff, 0xff, 0xf6, 0xf0, 0xff, 0xf7, 0xed, 0xe8, 0xff,
  0xe6, 0xdc, 0xd9, 0xff, 0xe9, 0xe2, 0xe1, 0xff, 0xf5, 0xf2, 0xf2, 0xff,
  0xfb, 0xfa, 0xf9, 0x00, 0xfd, 0xfd, 0xfd, 0x00, 0xfe, 0xfe, 0xfe, 0x00,
  0xfe, 0xfe, 0xfe, 0x00, 0xfe, 0xfe, 0xfe, 0x00, 0xfe, 0xfe, 0xfe, 0x00,
  0xfe, 0xfe, 0xfe, 0x00, 0xfe, 0xfe, 0xff, 0x00, 0xfe, 0xfe, 0xfe, 0x00,
  0xfe, 0xfe, 0xfe, 0x00, 0xfe, 0xfe, 0xfe, 0x00, 0xfe, 0xfe, 0xfe, 0x00,
  0xfe, 0xfe, 0xfe, 0x00, 0xfe, 0xfe, 0xfe, 0x00, 0xfe, 0xfe, 0xfe, 0x00,
  0xfe, 0xfe, 0xfe, 0x00, 0xfe, 0xfe, 0xfe, 0x00, 0xfd, 0xfc, 0xfc, 0x00,
  0xfa, 0xf9, 0xf9, 0x00, 0xf5, 0xf2, 0xf2, 0xff, 0xea, 0xe4, 0xe3, 0xff,
  0xe4, 0xda, 0xd8, 0xff, 0xee, 0xe4, 0xe0, 0xff, 0xfb, 0xf2, 0xec, 0xff,
  0xff, 0xf6, 0xf0, 0xff, 0xfe, 0xf5, 0xee, 0xff, 0xfd, 0xf3, 0xed, 0xff,
  0xfc, 0xf2, 0xed, 0xff, 0xfc, 0xf3, 0xed, 0xff, 0xfd, 0xf3, 0xed, 0xff,
  0xfc, 0xf3, 0xed, 0xff, 0xfd, 0xf3, 0xed, 0xff, 0xfc, 0xf3, 0xed, 0xff,
  0xfd, 0xf3, 0xed, 0xff, 0xfc, 0xf3, 0xed, 0xff, 0xfd, 0xf3, 0xed, 0xff,
  0xfc, 0xf3, 0xed, 0xff, 0xfd, 0xf3, 0xed, 0xff, 0xfd, 0xf3, 0xed, 0xff,
  0xfd, 0xf3, 0xed, 0xff, 0xfd, 0xf3, 0xed, 0xff, 0xfd, 0xf3, 0xed, 0xff,
  0xfd, 0xf3, 0xed, 0xff, 0xfc, 0xf3, 0xec, 0xff, 0xfc, 0xf3, 0xec, 0xff,
  0xfd, 0xf3, 0xec, 0xff, 0xfc, 0xf3, 0xec, 0xff, 0xfc, 0xf3, 0xec, 0xff,
  0xfd, 0xf3, 0xed, 0xff, 0xfc, 0xf3, 0xed, 0xff, 0xfd, 0xf3, 0xec, 0xff,
  0xfd, 0xf3, 0xed, 0xff, 0xfd, 0xf3, 0xed, 0xff, 0xfd, 0xf3, 0xed, 0xff,
  0xfd, 0xf3, 0xed, 0xff, 0xfc, 0xf3, 0xec, 0xff, 0xfc, 0xf2, 0xec, 0xff,
  0xfc, 0xf3, 0xed, 0xff, 0xfd, 0xf3, 0xed, 0xff, 0xfc, 0xf3, 0xec, 0xff,
  0xfc, 0xf3, 0xec, 0xff, 0xfc, 0xf3, 0xec, 0xff, 0xfc, 0xf3, 0xec, 0xff,
  0xfd, 0xf3, 0xed, 0xff, 0xfc, 0xf3, 0xec, 0xff, 0xfd, 0xf3, 0xed, 0xff,
  0xfd, 0xf3, 0xed, 0xff, 0xfd, 0xf3, 0xec, 0xff, 0xfd, 0xf3, 0xed, 0xff,
  0xfd, 0xf3, 0xed, 0xff, 0xfd, 0xf3, 0xed, 0xff, 0xfc, 0xf3, 0xec, 0xff,
  0xfd, 0xf3, 0xed, 0xff, 0xfd, 0xf3, 0xed, 0xff, 0xfc, 0xf3, 0xed, 0xff,
  0xfc, 0xf3, 0xed, 0xff, 0xfc, 0xf3, 0xec, 0xff, 0xfc, 0xf3, 0xec, 0xff,
  0xfc, 0xf3, 0xed, 0xff, 0xfd, 0xf3, 0xed, 0xff, 0xfd, 0xf3, 0xec, 0xff,
  0xfd, 0xf3, 0xed, 0xff, 0xfd, 0xf3, 0xed, 0xff, 0xfd, 0xf3, 0xed, 0xff,
  0xfc, 0xf3, 0xed, 0xff, 0xfd, 0xf3, 0xed, 0xff, 0xfc, 0xf3, 0xec, 0xff,
  0xfc, 0xf3, 0xec, 0xff, 0xfc, 0xf3, 0xed, 0xff, 0xfd, 0xf3, 0xed, 0xff,
  0xfd, 0xf3, 0xed, 0xff, 0xfd, 0xf3, 0xec, 0xff, 0xfc, 0xf3, 0xec, 0xff,
  0xfc, 0xf3, 0xec, 0xff, 0xfc, 0xf3, 0xec, 0xff, 0xfd, 0xf3, 0xec, 0xff,
  0xfd, 0xf3, 0xed, 0xff, 0xfd, 0xf3, 0xed, 0xff, 0xfc, 0xf3, 0xec, 0xff,
  0xfd, 0xf3, 0xed, 0xff, 0xfe, 0xf5, 0xee, 0xff, 0xff, 0xf6, 0xf0, 0xff,
  0xfa, 0xf1, 0xeb, 0xff, 0xec, 0xe2, 0xde, 0xff, 0xe3, 0xd8, 0xd7, 0xff,
  0xec, 0xe6, 0xe5, 0xff, 0xf6, 0xf3, 0xf3, 0xff, 0xfb, 0xfa, 0xfa, 0x00,
  0xfd, 0xfd, 0xfd, 0x00, 0xfe, 0xfe, 0xfe, 0x00, 0xfe, 0xfe, 0xfe, 0x00,
  0xfe, 0xfe, 0xfe, 0x00, 0xfe, 0xfe, 0xfe, 0x00, 0xfe, 0xfe, 0xfe, 0x00,
  0xfe, 0xfe, 0xfe, 0x00, 0xfe, 0xfe, 0xfe, 0x00, 0xfe, 0xfe, 0xfe, 0x00,
  0xfe, 0xfe, 0xfe, 0x00, 0xfe, 0xfe, 0xfe, 0x00, 0xfe, 0xfe, 0xfe, 0x00,
  0xfe, 0xfe, 0xfe, 0x00, 0xfe, 0xfe, 0xff, 0x00, 0xfe, 0xfe, 0xfe, 0x00,
  0xfe, 0xfe, 0xfe, 0x00, 0xfe, 0xfe, 0xfe, 0x00, 0xfe, 0xfe, 0xfe, 0x00,
  0xfd, 0xfd, 0xfd, 0x00, 0xfb, 0xfa, 0xfa, 0x00, 0xf7, 0xf4, 0xf4, 0x00,
  0xf0, 0xea, 0xea, 0xff, 0xe5, 0xdd, 0xdc, 0xff, 0xe4, 0xd9, 0xd6, 0xff,
  0xee, 0xe3, 0xdf, 0xff, 0xf9, 0xef, 0xea, 0xff, 0xfd, 0xf4, 0xee, 0xff,
  0xff, 0xf5, 0xef, 0xff, 0xff, 0xf5, 0xef, 0xff, 0xfe, 0xf5, 0xee, 0xff,
  0xfe, 0xf5, 0xee, 0xff, 0xfe, 0xf5, 0xee, 0xff, 0xfe, 0xf5, 0xef, 0xff,
  0xfe, 0xf5, 0xee, 0xff, 0xfe, 0xf5, 0xee, 0xff, 0xfe, 0xf5, 0xee, 0xff,
  0xfe, 0xf5, 0xee, 0xff, 0xfe, 0xf4, 0xee, 0xff, 0xfe, 0xf4, 0xee, 0xff,
  0xfe, 0xf5, 0xee, 0xff, 0xfe, 0xf5, 0xee, 0xff, 0xfe, 0xf5, 0xee, 0xff,
  0xfe, 0xf5, 0xee, 0xff, 0xfe, 0xf5, 0xee, 0xff, 0xfe, 0xf4, 0xee, 0xff,
  0xfe, 0xf4, 0xee, 0xff, 0xfe, 0xf4, 0xee, 0xff, 0xfe, 0xf4, 0xee, 0xff,
  0xfe, 0xf5, 0xee, 0xff, 0xfe, 0xf5, 0xee, 0xff, 0xfe, 0xf4, 0xee, 0xff,
  0xfe, 0xf5, 0xee, 0xff, 0xfe, 0xf5, 0xee, 0xff, 0xfe, 0xf5, 0xee, 0xff,
  0xfe, 0xf4, 0xee, 0xff, 0xfe, 0xf5, 0xee, 0xff, 0xfe, 0xf5, 0xee, 0xff,
  0xfe, 0xf4, 0xee, 0xff, 0xfe, 0xf4, 0xed, 0xff, 0xfe, 0xf4, 0xee, 0xff,
  0xfe, 0xf4, 0xee, 0xff, 0xfe, 0xf4, 0xee, 0xff, 0xfe, 0xf4, 0xee, 0xff,
  0xfe, 0xf5, 0xee, 0xff, 0xfe, 0xf5, 0xee, 0xff, 0xfe, 0xf4, 0xee, 0xff,
  0xfe, 0xf5, 0xee, 0xff, 0xfe, 0xf5, 0xee, 0xff, 0xfe, 0xf5, 0xee, 0xff,
  0xfe, 0xf5, 0xee, 0xff, 0xfe, 0xf4, 0xee, 0xff, 0xfe, 0xf5, 0xee, 0xff,
  0xfe, 0xf5, 0xee, 0xff, 0xfe, 0xf5, 0xee, 0xff, 0xfe, 0xf5, 0xee, 0xff,
  0xfe, 0xf4, 0xee, 0xff, 0xfe, 0xf5, 0xee, 0xff, 0xfe, 0xf5, 0xee, 0xff,
  0xfe, 0xf5, 0xee, 0xff, 0xfe, 0xf5, 0xee, 0xff, 0xfe, 0xf4, 0xee, 0xff,
  0xfe, 0xf5, 0xee, 0xff, 0xfe, 0xf5, 0xee, 0xff, 0xfe, 0xf5, 0xee, 0xff,
  0xfe, 0xf5, 0xee, 0xff, 0xfe, 0xf5, 0xee, 0xff, 0xfe, 0xf4, 0xee, 0xff,
  0xfe, 0xf5, 0xee, 0xff, 0xfe, 0xf5, 0xee, 0xff, 0xfe, 0xf5, 0xee, 0xff,
  0xfe, 0xf5, 0xee, 0xff, 0xfe, 0xf4, 0xee, 0xff, 0xfe, 0xf4, 0xee, 0xff,
  0xfe, 0xf5, 0xee, 0xff, 0xfe, 0xf4, 0xee, 0xff, 0xfe, 0xf4, 0xee, 0xff,
  0xfe, 0xf5, 0xee, 0xff, 0xff, 0xf6, 0xef, 0xff, 0xff, 0xf6, 0xef, 0xff,
  0xfd, 0xf4, 0xed, 0xff, 0xf7, 0xed, 0xe7, 0xff, 0xed, 0xe2, 0xde, 0xff,
  0xe4, 0xda, 0xd7, 0xff, 0xe6, 0xde, 0xdd, 0xff, 0xf1, 0xec, 0xeb, 0xff,
  0xf7, 0xf6, 0xf5, 0x00, 0xfc, 0xfb, 0xfb, 0x00, 0xfd, 0xfd, 0xfd, 0x00,
  0xfe, 0xfe, 0xfe, 0x00, 0xfd, 0xfe, 0xfe, 0x00, 0xfe, 0xfe, 0xfe, 0x00,
  0xfe, 0xfe, 0xfe, 0x00, 0xfe, 0xfe, 0xfe, 0x00, 0xfe, 0xfe, 0xfe, 0x00,
  0xfe, 0xfe, 0xfe, 0x00, 0xfe, 0xfe, 0xfe, 0x00, 0xfe, 0xfe, 0xfe, 0x00,
  0xfe, 0xfe, 0xfe, 0x00, 0xfe, 0xfe, 0xfe, 0x00, 0xfe, 0xfe, 0xfe, 0x00,
  0xfe, 0xfe, 0xfe, 0x00, 0xfe, 0xfe, 0xfe, 0x00, 0xfe, 0xfe, 0xfe, 0x00,
  0xfe, 0xfe, 0xfe, 0x00, 0xfe, 0xfe, 0xfe, 0x00, 0xfe, 0xfe, 0xfe, 0x00,
  0xfe, 0xfe, 0xfe, 0x00, 0xfd, 0xfd, 0xfd, 0x00, 0xfb, 0xfb, 0xfb, 0x00,
  0xf9, 0xf8, 0xf7, 0x00, 0xf5, 0xf3, 0xf2, 0xff, 0xee, 0xe8, 0xe8, 0xff,
  0xe6, 0xde, 0xdc, 0xff, 0xe4, 0xd9, 0xd7, 0xff, 0xe7, 0xdd, 0xd9, 0xff,
  0xed, 0xe3, 0xde, 0xff, 0xf2, 0xe8, 0xe3, 0xff, 0xf5, 0xeb, 0xe6, 0xff,
  0xf7, 0xed, 0xe8, 0xff, 0xf7, 0xee, 0xe8, 0xff, 0xf7, 0xee, 0xe8, 0xff,
  0xf7, 0xee, 0xe8, 0xff, 0xf7, 0xee, 0xe8, 0xff, 0xf8, 0xee, 0xe8, 0xff,
  0xf7, 0xee, 0xe8, 0xff, 0xf7, 0xee, 0xe8, 0xff, 0xf7, 0xee, 0xe8, 0xff,
  0xf7, 0xee, 0xe8, 0xff, 0xf7, 0xee, 0xe8, 0xff, 0xf7, 0xee, 0xe8, 0xff,
  0xf7, 0xee, 0xe7, 0xff, 0xf7, 0xed, 0xe7, 0xff, 0xf7, 0xee, 0xe8, 0xff,
  0xf7, 0xee, 0xe7, 0xff, 0xf7, 0xed, 0xe7, 0xff, 0xf7, 0xed, 0xe7, 0xff,
  0xf7, 0xed, 0xe7, 0xff, 0xf7, 0xee, 0xe7, 0xff, 0xf7, 0xee, 0xe7, 0xff,
  0xf7, 0xee, 0xe8, 0xff, 0xf7, 0xee, 0xe8, 0xff, 0xf7, 0xee, 0xe7, 0xff,
  0xf7, 0xed, 0xe7, 0xff, 0xf7, 0xee, 0xe7, 0xff, 0xf7, 0xed, 0xe7, 0xff,
  0xf7, 0xed, 0xe7, 0xff, 0xf7, 0xed, 0xe7, 0xff, 0xf7, 0xee, 0xe8, 0xff,
  0xf7, 0xed, 0xe7, 0xff, 0xf7, 0xed, 0xe7, 0xff, 0xf7, 0xed, 0xe7, 0xff,
  0xf7, 0xed, 0xe7, 0xff, 0xf7, 0xed, 0xe8, 0xff, 0xf7, 0xee, 0xe7, 0xff,
  0xf7, 0xee, 0xe7, 0xff, 0xf7, 0xed, 0xe7, 0xff, 0xf7, 0xed, 0xe7, 0xff,
  0xf7, 0xed, 0xe7, 0xff, 0xf8, 0xee, 0xe8, 0xff, 0xf7, 0xee, 0xe7, 0xff,
  0xf8, 0xee, 0xe8, 0xff, 0xf8, 0xee, 0xe8, 0xff, 0xf8, 0xee, 0xe8, 0xff,
  0xf8, 0xee, 0xe8, 0xff, 0xf8, 0xee, 0xe8, 0xff, 0xf7, 0xed, 0xe7, 0xff,
  0xf7, 0xed, 0xe7, 0xff, 0xf7, 0xee, 0xe8, 0xff, 0xf8, 0xee, 0xe8, 0xff,
  0xf8, 0xee, 0xe7, 0xff, 0xf7, 0xee, 0xe7, 0xff, 0xf8, 0xee, 0xe8, 0xff,
  0xf8, 0xee, 0xe8, 0xff, 0xf7, 0xee, 0xe7, 0xff, 0xf8, 0xee, 0xe8, 0xff,
  0xf8, 0xee, 0xe8, 0xff, 0xf8, 0xee, 0xe8, 0xff, 0xf8, 0xee, 0xe8, 0xff,
  0xf7, 0xee, 0xe8, 0xff, 0xf7, 0xed, 0xe8, 0xff, 0xf7, 0xed, 0xe7, 0xff,
  0xf7, 0xed, 0xe7, 0xff, 0xf7, 0xed, 0xe7, 0xff, 0xf7, 0xed, 0xe7, 0xff,
  0xf5, 0xeb, 0xe5, 0xff, 0xf2, 0xe7, 0xe2, 0xff, 0xec, 0xe1, 0xdd, 0xff,
  0xe5, 0xda, 0xd7, 0xff, 0xe2, 0xd8, 0xd6, 0xff, 0xe7, 0xde, 0xde, 0xff,
  0xef, 0xea, 0xe9, 0xff, 0xf6, 0xf3, 0xf3, 0xff, 0xfa, 0xf8, 0xf8, 0x00,
  0xfc, 0xfc, 0xfc, 0x00, 0xfe, 0xfe, 0xfe, 0x00, 0xfe, 0xfe, 0xfe, 0x00,
  0xfe, 0xfe, 0xfe, 0x00, 0xfe, 0xfe, 0xfe, 0x00, 0xfe, 0xfe, 0xfe, 0x00,
  0xfe, 0xfe, 0xfe, 0x00, 0xfe, 0xfe, 0xfe, 0x00, 0xfe, 0xfe, 0xfe, 0x00,
  0xfe, 0xfe, 0xfe, 0x00, 0xfe, 0xfe, 0xfe, 0x00, 0xfe, 0xfe, 0xfe, 0x00,
  0xfe, 0xfe, 0xfe, 0x00, 0xfe, 0xfe, 0xfe, 0x00, 0xfe, 0xfe, 0xfe, 0x00,
  0xfe, 0xfe, 0xfe, 0x00, 0xfe, 0xfe, 0xfe, 0x00, 0xfe, 0xfe, 0xfe, 0x00,
  0xfe, 0xfe, 0xfe, 0x00, 0xfe, 0xfe, 0xfe, 0x00, 0xfe, 0xfe, 0xfe, 0x00,
  0xfe, 0xfe, 0xfe, 0x00, 0xfe, 0xfe, 0xfe, 0x00, 0xfe, 0xfd, 0xfe, 0x00,
  0xfd, 0xfd, 0xfd, 0x00, 0xfb, 0xfb, 0xfb, 0x00, 0xf9, 0xf8, 0xf7, 0x00,
  0xf6, 0xf3, 0xf3, 0xff, 0xf1, 0xed, 0xec, 0xff, 0xeb, 0xe5, 0xe4, 0xff,
  0xe7, 0xdf, 0xde, 0xff, 0xe4, 0xdb, 0xd9, 0xff, 0xe3, 0xd9, 0xd7, 0xff,
  0xe2, 0xd8, 0xd6, 0xff, 0xe2, 0xd8, 0xd5, 0xff, 0xe3, 0xd8, 0xd5, 0xff,
  0xe3, 0xd8, 0xd5, 0xff, 0xe3, 0xd8, 0xd6, 0xff, 0xe3, 0xd9, 0xd6, 0xff,
  0xe3, 0xd8, 0xd5, 0xff, 0xe2, 0xd7, 0xd4, 0xff, 0xe2, 0xd7, 0xd4, 0xff,
  0xe2, 0xd7, 0xd4, 0xff, 0xe2, 0xd7, 0xd5, 0xff, 0xe2, 0xd7, 0xd4, 0xff,
  0xe1, 0xd7, 0xd4, 0xff, 0xe2, 0xd7, 0xd4, 0xff, 0xe1, 0xd7, 0xd5, 0xff,
  0xe1, 0xd7, 0xd4, 0xff, 0xe1, 0xd7, 0xd4, 0xff, 0xe1, 0xd6, 0xd3, 0xff,
  0xe1, 0xd6, 0xd3, 0xff, 0xe1, 0xd7, 0xd4, 0xff, 0xe1, 0xd6, 0xd3, 0xff,
  0xe1, 0xd6, 0xd3, 0xff, 0xe2, 0xd7, 0xd4, 0xff, 0xe1, 0xd6, 0xd4, 0xff,
  0xe1, 0xd7, 0xd4, 0xff, 0xe1, 0xd6, 0xd4, 0xff, 0xe1, 0xd7, 0xd4, 0xff,
  0xe2, 0xd7, 0xd5, 0xff, 0xe2, 0xd7, 0xd4, 0xff, 0xe1, 0xd6, 0xd3, 0xff,
  0xe1, 0xd6, 0xd3, 0xff, 0xe1, 0xd6, 0xd4, 0xff, 0xe2, 0xd7, 0xd4, 0xff,
  0xe2, 0xd7, 0xd4, 0xff, 0xe2, 0xd8, 0xd5, 0xff, 0xe2, 0xd7, 0xd5, 0xff,
  0xe2, 0xd7, 0xd4, 0xff, 0xe1, 0xd7, 0xd4, 0xff, 0xe2, 0xd7, 0xd4, 0xff,
  0xe2, 0xd7, 0xd5, 0xff, 0xe2, 0xd7, 0xd4, 0xff, 0xe2, 0xd7, 0xd4, 0xff,
  0xe2, 0xd8, 0xd5, 0xff, 0xe2, 0xd8, 0xd5, 0xff, 0xe2, 0xd7, 0xd4, 0xff,
  0xe2, 0xd7, 0xd4, 0xff, 0xe2, 0xd7, 0xd4, 0xff, 0xe2, 0xd7, 0xd4, 0xff,
  0xe2, 0xd7, 0xd4, 0xff, 0xe2, 0xd8, 0xd5, 0xff, 0xe2, 0xd7, 0xd4, 0xff,
  0xe1, 0xd7, 0xd4, 0xff, 0xe1, 0xd6, 0xd4, 0xff, 0xe2, 0xd7, 0xd4, 0xff,
  0xe2, 0xd7, 0xd5, 0xff, 0xe2, 0xd7, 0xd5, 0xff, 0xe2, 0xd8, 0xd5, 0xff,
  0xe3, 0xd8, 0xd5, 0xff, 0xe3, 0xd9, 0xd6, 0xff, 0xe3, 0xd8, 0xd5, 0xff,
  0xe2, 0xd7, 0xd5, 0xff, 0xe2, 0xd7, 0xd5, 0xff, 0xe2, 0xd7, 0xd5, 0xff,
  0xe1, 0xd7, 0xd4, 0xff, 0xe2, 0xd7, 0xd4, 0xff, 0xe2, 0xd8, 0xd5, 0xff,
  0xe3, 0xd9, 0xd7, 0xff, 0xe4, 0xdb, 0xd9, 0xff, 0xe7, 0xde, 0xdd, 0xff,
  0xeb, 0xe5, 0xe4, 0xff, 0xf2, 0xed, 0xec, 0xff, 0xf7, 0xf4, 0xf3, 0xff,
  0xf9, 0xf8, 0xf7, 0x00, 0xfc, 0xfb, 0xfb, 0x00, 0xfd, 0xfd, 0xfd, 0x00,
  0xfe, 0xfe, 0xfe, 0x00, 0xfd, 0xfe, 0xfe, 0x00, 0xfd, 0xfe, 0xfe, 0x00,
  0xfe, 0xfe, 0xfe, 0x00, 0xfe, 0xfe, 0xfe, 0x00, 0xfe, 0xfe, 0xfe, 0x00,
  0xfe, 0xfe, 0xfe, 0x00, 0xfe, 0xfe, 0xfe, 0x00, 0xfe, 0xfe, 0xfe, 0x00,
  0xfe, 0xfe, 0xfe, 0x00, 0xfe, 0xfe, 0xfe, 0x00, 0xfe, 0xfe, 0xfe, 0x00,
  0xfe, 0xfe, 0xfe, 0x00, 0xfe, 0xfe, 0xfe, 0x00, 0xfe, 0xfe, 0xfe, 0x00,
  0xfe, 0xfe, 0xfe, 0x00, 0xfe, 0xfe, 0xfe, 0x00, 0xfe, 0xfe, 0xfe, 0x00,
  0xfe, 0xfe, 0xfe, 0x00, 0xfe, 0xfe, 0xfe, 0x00, 0xfe, 0xfe, 0xfe, 0x00,
  0xfe, 0xfe, 0xfe, 0x00, 0xfe, 0xfe, 0xfe, 0x00, 0xfe, 0xfe, 0xfe, 0x00,
  0xfe, 0xfe, 0xfe, 0x00, 0xfe, 0xfe, 0xfe, 0x00, 0xfd, 0xfd, 0xfd, 0x00,
  0xfc, 0xfb, 0xfb, 0x00, 0xfa, 0xf9, 0xf9, 0xff, 0xf9, 0xf7, 0xf7, 0xff,
  0xf7, 0xf5, 0xf4, 0xff, 0xf5, 0xf2, 0xf1, 0xff, 0xf4, 0xf0, 0xef, 0xff,
  0xf3, 0xef, 0xee, 0xff, 0xf2, 0xee, 0xed, 0xff, 0xf2, 0xee, 0xed, 0xff,
  0xf2, 0xee, 0xed, 0xff, 0xf3, 0xee, 0xee, 0xff, 0xf3, 0xef, 0xee, 0xff,
  0xf2, 0xee, 0xed, 0xff, 0xf1, 0xed, 0xec, 0xff, 0xf2, 0xed, 0xec, 0xff,
  0xf2, 0xed, 0xed, 0xff, 0xf2, 0xee, 0xed, 0xff, 0xf2, 0xee, 0xed, 0xff,
  0xf2, 0xed, 0xed, 0xff, 0xf1, 0xed, 0xed, 0xff, 0xf1, 0xed, 0xec, 0xff,
  0xf1, 0xed, 0xec, 0xff, 0xf2, 0xed, 0xec, 0xff, 0xf1, 0xed, 0xec, 0xff,
  0xf1, 0xec, 0xec, 0xff, 0xf1, 0xed, 0xec, 0xff, 0xf2, 0xed, 0xec, 0xff,
  0xf1, 0xed, 0xec, 0xff, 0xf2, 0xed, 0xec, 0xff, 0xf2, 0xee, 0xed, 0xff,
  0xf2, 0xee, 0xed, 0xff, 0xf2, 0xee, 0xed, 0xff, 0xf2, 0xee, 0xed, 0xff,
  0xf2, 0xee, 0xed, 0xff, 0xf1, 0xed, 0xec, 0xff, 0xf1, 0xec, 0xec, 0xff,
  0xf1, 0xed, 0xec, 0xff, 0xf1, 0xed, 0xed, 0xff, 0xf2, 0xed, 0xed, 0xff,
  0xf2, 0xee, 0xed, 0xff, 0xf2, 0xee, 0xed, 0xff, 0xf2, 0xee, 0xed, 0xff,
  0xf2, 0xed, 0xec, 0xff, 0xf2, 0xed, 0xed, 0xff, 0xf2, 0xed, 0xec, 0xff,
  0xf2, 0xed, 0xec, 0xff, 0xf1, 0xed, 0xec, 0xff, 0xf1, 0xed, 0xec, 0xff,
  0xf1, 0xed, 0xec, 0xff, 0xf2, 0xed, 0xec, 0xff, 0xf2, 0xed, 0xed, 0xff,
  0xf1, 0xed, 0xec, 0xff, 0xf1, 0xed, 0xec, 0xff, 0xf2, 0xed, 0xed, 0xff,
  0xf2, 0xed, 0xed, 0xff, 0xf2, 0xed, 0xed, 0xff, 0xf2, 0xed, 0xec, 0xff,
  0xf1, 0xed, 0xec, 0xff, 0xf1, 0xed, 0xec, 0xff, 0xf2, 0xed, 0xec, 0xff,
  0xf2, 0xed, 0xec, 0xff, 0xf2, 0xed, 0xec, 0xff, 0xf2, 0xed, 0xec, 0xff,
  0xf2, 0xed, 0xed, 0xff, 0xf2, 0xee, 0xed, 0xff, 0xf1, 0xed, 0xec, 0xff,
  0xf1, 0xed, 0xec, 0xff, 0xf2, 0xed, 0xec, 0xff, 0xf2, 0xed, 0xed, 0xff,
  0xf1, 0xed, 0xed, 0xff, 0xf1, 0xed, 0xec, 0xff, 0xf2, 0xee, 0xed, 0xff,
  0xf4, 0xf0, 0xef, 0xff, 0xf5, 0xf2, 0xf2, 0xff, 0xf7, 0xf5, 0xf4, 0xff,
  0xf9, 0xf7, 0xf7, 0xff, 0xfb, 0xfa, 0xfa, 0xff, 0xfc, 0xfc, 0xfc, 0x00,
  0xfd, 0xfd, 0xfd, 0x00, 0xfe, 0xfe, 0xfe, 0x00, 0xfe, 0xfe, 0xfe, 0x00,
  0xfe, 0xfe, 0xfe, 0x00, 0xfe, 0xfe, 0xfe, 0x00, 0xfe, 0xfe, 0xfe, 0x00,
  0xfe, 0xfe, 0xfe, 0x00, 0xfe, 0xfe, 0xfe, 0x00, 0xfe, 0xfe, 0xfe, 0x00,
  0xfe, 0xfe, 0xfe, 0x00, 0xfe, 0xfe, 0xfe, 0x00, 0xfe, 0xfe, 0xfe, 0x00,
  0xfe, 0xfe, 0xfe, 0x00, 0xfe, 0xfe, 0xfe, 0x00, 0xfe, 0xfe, 0xfe, 0x00,
  0xfe, 0xfe, 0xfe, 0x00, 0xfe, 0xfe, 0xfe, 0x00, 0xfe, 0xfe, 0xfe, 0x00,
  0xfe, 0xfe, 0xfe, 0x00, 0xfe, 0xfe, 0xfe, 0x00, 0xfe, 0xfe, 0xfe, 0x00,
  0xfe, 0xfe, 0xfe, 0x00, 0xfe, 0xfe, 0xfe, 0x00, 0xfe, 0xfe, 0xfe, 0x00,
  0xfe, 0xfe, 0xfe, 0x00, 0xfe, 0xfe, 0xfe, 0x00, 0xfe, 0xfe, 0xfe, 0x00,
  0xfe, 0xfe, 0xfe, 0x00, 0xfe, 0xfe, 0xfe, 0x00, 0xfd, 0xfe, 0xfe, 0x00,
  0xfe, 0xfe, 0xfe, 0x00, 0xfe, 0xfe, 0xfe, 0x00, 0xfd, 0xfd, 0xfd, 0x00,
  0xfc, 0xfd, 0xfd, 0xff, 0xfc, 0xfc, 0xfc, 0xff, 0xfc, 0xfb, 0xfb, 0xff,
  0xfb, 0xfa, 0xfa, 0xff, 0xfb, 0xfb, 0xfb, 0xff, 0xfb, 0xfb, 0xfa, 0xff,
  0xfb, 0xfb, 0xfa, 0xff, 0xfb, 0xfb, 0xfb, 0xff, 0xfb, 0xfa, 0xfa, 0xff,
  0xfb, 0xfb, 0xfb, 0xff, 0xfb, 0xfb, 0xfb, 0xff, 0xfb, 0xfb, 0xfb, 0xff,
  0xfb, 0xfb, 0xfb, 0xff, 0xfb, 0xfa, 0xfa, 0xff, 0xfb, 0xfa, 0xfa, 0xff,
  0xfb, 0xfa, 0xfa, 0xff, 0xfb, 0xfa, 0xfb, 0xff, 0xfb, 0xfb, 0xfa, 0xff,
  0xfb, 0xfa, 0xfa, 0xff, 0xfb, 0xfa, 0xfa, 0xff, 0xfb, 0xfa, 0xfa, 0xff,
  0xfb, 0xfa, 0xfa, 0xff, 0xfb, 0xfa, 0xfa, 0xff, 0xfb, 0xfa, 0xfa, 0xff,
  0xfb, 0xfa, 0xfa, 0xff, 0xfb, 0xfa, 0xfa, 0xff, 0xfb, 0xfa, 0xfb, 0xff,
  0xfb, 0xfb, 0xfb, 0xff, 0xfb, 0xfa, 0xfa, 0xff, 0xfb, 0xfa, 0xfa, 0xff,
  0xfb, 0xfa, 0xfa, 0xff, 0xfb, 0xfa, 0xfa, 0xff, 0xfb, 0xfa, 0xfa, 0xff,
  0xfb, 0xfa, 0xfa, 0xff, 0xfb, 0xfa, 0xfa, 0xff, 0xfb, 0xfa, 0xfa, 0xff,
  0xfb, 0xfb, 0xfa, 0xff, 0xfb, 0xfa, 0xfa, 0xff, 0xfb, 0xfa, 0xfa, 0xff,
  0xfb, 0xfa, 0xfa, 0xff, 0xfb, 0xfa, 0xfa, 0xff, 0xfb, 0xfa, 0xfa, 0xff,
  0xfb, 0xfa, 0xfa, 0xff, 0xfb, 0xfa, 0xfa, 0xff, 0xfb, 0xfa, 0xfa, 0xff,
  0xfb, 0xfa, 0xfa, 0xff, 0xfb, 0xfa, 0xfa, 0xff, 0xfb, 0xfa, 0xfa, 0xff,
  0xfb, 0xfa, 0xfa, 0xff, 0xfb, 0xfa, 0xfa, 0xff, 0xfb, 0xfa, 0xfa, 0xff,
  0xfb, 0xfa, 0xfa, 0xff, 0xfb, 0xfa, 0xfa, 0xff, 0xfb, 0xfb, 0xfb, 0xff,
  0xfb, 0xfa, 0xfa, 0xff, 0xfb, 0xfa, 0xfa, 0xff, 0xfb, 0xfa, 0xfa, 0xff,
  0xfb, 0xfa, 0xfa, 0xff, 0xfb, 0xfa, 0xfa, 0xff, 0xfb, 0xfa, 0xfa, 0xff,
  0xfb, 0xfa, 0xfa, 0xff, 0xfb, 0xfa, 0xfa, 0xff, 0xfb, 0xfa, 0xfa, 0xff,
  0xfb, 0xfa, 0xfa, 0xff, 0xfb, 0xfa, 0xfa, 0xff, 0xfb, 0xfa, 0xfa, 0xff,
  0xfb, 0xfa, 0xfa, 0xff, 0xfb, 0xfa, 0xfa, 0xff, 0xfb, 0xfb, 0xfa, 0xff,
  0xfc, 0xfb, 0xfb, 0xff, 0xfc, 0xfc, 0xfc, 0xff, 0xfc, 0xfc, 0xfc, 0xff,
  0xfd, 0xfd, 0xfd, 0x00, 0xfd, 0xfd, 0xfe, 0x00, 0xfe, 0xfe, 0xfe, 0x00,
  0xfe, 0xfe, 0xfe, 0x00, 0xfe, 0xfe, 0xfe, 0x00, 0xfe, 0xfe, 0xfe, 0x00,
  0xfe, 0xfe, 0xfe, 0x00, 0xfe, 0xfe, 0xfe, 0x00, 0xfe, 0xfe, 0xfe, 0x00,
  0xfe, 0xfe, 0xfe, 0x00, 0xfe, 0xfe, 0xfe, 0x00, 0xfe, 0xfe, 0xfe, 0x00,
  0xfe, 0xfe, 0xff, 0x00, 0xfe, 0xfe, 0xfe, 0x00, 0xfe, 0xfe, 0xfe, 0x00,
  0xfe, 0xfe, 0xfe, 0x00, 0xfe, 0xfe, 0xfe, 0x00, 0xfe, 0xfe, 0xfe, 0x00,
  0xfe, 0xfe, 0xfe, 0x00, 0xfe, 0xfe, 0xfe, 0x00, 0xfe, 0xfe, 0xfe, 0x00,
  0xfe, 0xfe, 0xfe, 0x00, 0xfe, 0xfe, 0xfe, 0x00, 0xfe, 0xfe, 0xfe, 0x00,
  0xfe, 0xfe, 0xfe, 0x00, 0xfe, 0xfe, 0xfe, 0x00, 0xfe, 0xfe, 0xfe, 0x00,
  0xfe, 0xfe, 0xfe, 0x00, 0xfe, 0xfe, 0xfe, 0x00, 0xfe, 0xfe, 0xfe, 0x00,
  0xfe, 0xfe, 0xfe, 0x00, 0xfe, 0xfe, 0xfe, 0x00, 0xfe, 0xfe, 0xfe, 0x00,
  0xfe, 0xfe, 0xfe, 0x00, 0xfe, 0xfe, 0xfe, 0x00, 0xfe, 0xfe, 0xfe, 0x00,
  0xfe, 0xfe, 0xfe, 0x00, 0xfe, 0xfe, 0xfe, 0x00, 0xfe, 0xfe, 0xfe, 0x00,
  0xfe, 0xfe, 0xfe, 0xff, 0xfe, 0xfe, 0xfe, 0xff, 0xfe, 0xfe, 0xfe, 0xff,
  0xfe, 0xfe, 0xfe, 0xff, 0xfe, 0xfe, 0xfe, 0xff, 0xfe, 0xfe, 0xfe, 0xff,
  0xfe, 0xfe, 0xfe, 0xff, 0xfe, 0xfe, 0xfe, 0xff, 0xfe, 0xfe, 0xfe, 0xff,
  0xfe, 0xfe, 0xfe, 0xff, 0xfe, 0xfe, 0xfe, 0xff, 0xfe, 0xfe, 0xfe, 0xff,
  0xfe, 0xfe, 0xfe, 0xff, 0xfe, 0xfe, 0xfe, 0xff, 0xfe, 0xfe, 0xfe, 0xff,
  0xfe, 0xfe, 0xfe, 0xff, 0xfe, 0xfe, 0xfe, 0xff, 0xfe, 0xfe, 0xfe, 0xff,
  0xfd, 0xfe, 0xfe, 0xff, 0xfe, 0xfe, 0xfe, 0xff, 0xfe, 0xfe, 0xfe, 0xff,
  0xfe, 0xfe, 0xfe, 0xff, 0xfe, 0xfe, 0xfe, 0xff, 0xfe, 0xfe, 0xfe, 0xff,
  0xfe, 0xfe, 0xfe, 0xff, 0xfe, 0xfe, 0xfe, 0xff, 0xfe, 0xfe, 0xfe, 0xff,
  0xfe, 0xfe, 0xfe, 0xff, 0xfe, 0xfe, 0xfe, 0xff, 0xfe, 0xfe, 0xfe, 0xff,
  0xfe, 0xfe, 0xfe, 0xff, 0xfe, 0xfe, 0xfe, 0xff, 0xfe, 0xfe, 0xfe, 0xff,
  0xfe, 0xfe, 0xfe, 0xff, 0xfe, 0xfe, 0xfe, 0xff, 0xfe, 0xfe, 0xfe, 0xff,
  0xfe, 0xfe, 0xfe, 0xff, 0xfe, 0xfe, 0xfe, 0xff, 0xfe, 0xfe, 0xfe, 0xff,
  0xfe, 0xfe, 0xfe, 0xff, 0xfe, 0xfe, 0xfe, 0xff, 0xfe, 0xfe, 0xfe, 0xff,
  0xfe, 0xfe, 0xfe, 0xff, 0xfe, 0xfe, 0xfe, 0xff, 0xfe, 0xfe, 0xfe, 0xff,
  0xfe, 0xfe, 0xfe, 0xff, 0xfe, 0xfe, 0xfe, 0xff, 0xfe, 0xfe, 0xfe, 0xff,
  0xfe, 0xfe, 0xfe, 0xff, 0xfe, 0xfe, 0xfe, 0xff, 0xfe, 0xfe, 0xfe, 0xff,
  0xfe, 0xfe, 0xfe, 0xff, 0xfe, 0xfe, 0xfe, 0xff, 0xfe, 0xfe, 0xfe, 0xff,
  0xfe, 0xfe, 0xfe, 0xff, 0xfe, 0xfe, 0xfe, 0xff, 0xfe, 0xfe, 0xfe, 0xff,
  0xfe, 0xfe, 0xfe, 0xff, 0xfe, 0xfe, 0xfe, 0xff, 0xfe, 0xfe, 0xfe, 0xff,
  0xfe, 0xfe, 0xfe, 0xff, 0xfe, 0xfe, 0xfe, 0xff, 0xfe, 0xfe, 0xfe, 0xff,
  0xfe, 0xfe, 0xfe, 0xff, 0xfe, 0xfe, 0xfe, 0xff, 0xfe, 0xfe, 0xfe, 0xff,
  0xfe, 0xfe, 0xfe, 0x00, 0xfe, 0xfe, 0xfe, 0x00, 0xfe, 0xfe, 0xfe, 0x00,
  0xfe, 0xfe, 0xfe, 0x00, 0xfe, 0xfe, 0xfe, 0x00, 0xfe, 0xfe, 0xfe, 0x00,
  0xfe, 0xfe, 0xfe, 0x00, 0xfe, 0xfe, 0xfe, 0x00, 0xfe, 0xfe, 0xfe, 0x00,
  0xfe, 0xfe, 0xfe, 0x00, 0xfe, 0xfe, 0xfe, 0x00, 0xfe, 0xfe, 0xfe, 0x00,
  0xfe, 0xfe, 0xfe, 0x00, 0xfe, 0xfe, 0xfe, 0x00, 0xfe, 0xfe, 0xfe, 0x00,
  0xfe, 0xfe, 0xfe, 0x00, 0xfe, 0xfe, 0xfe, 0x00, 0xfe, 0xfe, 0xfe, 0x00,
  0xfe, 0xfe, 0xfe, 0x00, 0xfe, 0xfe, 0xfe, 0x00, 0xfe, 0xfe, 0xfe, 0x00,
  0xfe, 0xfe, 0xfe, 0x00, 0xfe, 0xfe, 0xfe, 0x00, 0xfe, 0xfe, 0xfe, 0x00,
  0xfe, 0xfe, 0xfe, 0x00, 0xfe, 0xfe, 0xfe, 0x00, 0xfe, 0xfe, 0xfe, 0x00,
  0xfe, 0xfe, 0xfe, 0x00, 0xfe, 0xfe, 0xff, 0x00, 0xfe, 0xfe, 0xfe, 0x00,
  0xfe, 0xfe, 0xfe, 0x00, 0xfe, 0xfe, 0xfe, 0x00, 0xfe, 0xfe, 0xfe, 0x00,
  0xfe, 0xfe, 0xfe, 0x00, 0xfe, 0xfe, 0xfe, 0x00, 0xfe, 0xfe, 0xfe, 0x00,
  0xfe, 0xfe, 0xfe, 0x00, 0xfe, 0xfe, 0xfe, 0x00, 0xfe, 0xfe, 0xfe, 0x00,
  0xfe, 0xfe, 0xfe, 0x00, 0xfe, 0xfe, 0xfe, 0x00, 0xfe, 0xfe, 0xfe, 0x00,
  0xfe, 0xfe, 0xfe, 0x00, 0xfe, 0xfe, 0xfe, 0x00, 0xfe, 0xfe, 0xfe, 0x00,
  0xfe, 0xfe, 0xfe, 0x00, 0xfe, 0xfe, 0xfe, 0xff, 0xfe, 0xfe, 0xfe, 0xff,
  0xfe, 0xfe, 0xfe, 0xff, 0xfe, 0xfe, 0xfe, 0xff, 0xfe, 0xfe, 0xfe, 0xff,
  0xfe, 0xfe, 0xfe, 0xff, 0xfe, 0xfe, 0xfe, 0xff, 0xfe, 0xfe, 0xfe, 0xff,
  0xfe, 0xfe, 0xfe, 0xff, 0xfe, 0xfe, 0xfe, 0xff, 0xfe, 0xfe, 0xfe, 0xff,
  0xfe, 0xfe, 0xfe, 0xff, 0xfe, 0xfe, 0xfe, 0xff, 0xfe, 0xfe, 0xfe, 0xff,
  0xfe, 0xfe, 0xfe, 0xff, 0xfe, 0xfe, 0xfe, 0xff, 0xfe, 0xfe, 0xfe, 0xff,
  0xfe, 0xfe, 0xfe, 0xff, 0xfe, 0xfe, 0xfe, 0xff, 0xfe, 0xfe, 0xfe, 0xff,
  0xfe, 0xfe, 0xfe, 0xff, 0xfe, 0xfe, 0xfe, 0xff, 0xfe, 0xfe, 0xfe, 0xff,
  0xfe, 0xfe, 0xfe, 0xff, 0xfe, 0xfe, 0xfe, 0xff, 0xfe, 0xfe, 0xfe, 0xff,
  0xfe, 0xfe, 0xfe, 0xff, 0xfe, 0xfe, 0xfe, 0xff, 0xfe, 0xfe, 0xfe, 0xff,
  0xfe, 0xfe, 0xfe, 0xff, 0xfe, 0xfe, 0xfe, 0xff, 0xfe, 0xfe, 0xfe, 0xff,
  0xfe, 0xfe, 0xfe, 0xff, 0xfe, 0xfe, 0xfe, 0xff, 0xfe, 0xfe, 0xfe, 0xff,
  0xfe, 0xfe, 0xfe, 0xff, 0xfe, 0xfe, 0xfe, 0xff, 0xfe, 0xfe, 0xfe, 0xff,
  0xfe, 0xfe, 0xfe, 0xff, 0xfe, 0xfe, 0xfe, 0xff, 0xfe, 0xfe, 0xfe, 0xff,
  0xfe, 0xfe, 0xfe, 0xff, 0xfe, 0xfe, 0xfe, 0xff, 0xfe, 0xfe, 0xfe, 0xff,
  0xfe, 0xfe, 0xfe, 0xff, 0xfe, 0xfe, 0xfe, 0xff, 0xfe, 0xfe, 0xfe, 0xff,
  0xfe, 0xfe, 0xfe, 0xff, 0xfe, 0xfe, 0xfe, 0xff, 0xfe, 0xfe, 0xfe, 0xff,
  0xfe, 0xfe, 0xfe, 0xff, 0xfe, 0xfe, 0xfe, 0xff, 0xfe, 0xfe, 0xfe, 0xff,
  0xfe, 0xfe, 0xfe, 0xff, 0xfe, 0xfe, 0xfe, 0xff, 0xfe, 0xfe, 0xfe, 0xff,
  0xfe, 0xfe, 0xfe, 0xff, 0xfe, 0xfe, 0xfe, 0xff, 0xfe, 0xfe, 0xfe, 0x00,
  0xfe, 0xfe, 0xfe, 0x00, 0xfe, 0xfe, 0xfe, 0x00, 0xfe, 0xfe, 0xfe, 0x00,
  0xfe, 0xfe, 0xfe, 0x00, 0xfe, 0xfe, 0xfe, 0x00, 0xfe, 0xfe, 0xfe, 0x00,
  0xfe, 0xfe, 0xfe, 0x00, 0xfe, 0xfe, 0xfe, 0x00, 0xfe, 0xfe, 0xfe, 0x00,
  0xfe, 0xfe, 0xfe, 0x00, 0xfe, 0xfe, 0xfe, 0x00, 0xfe, 0xfe, 0xfe, 0x00,
  0xfe, 0xfe, 0xfe, 0x00, 0xfe, 0xfe, 0xfe, 0x00, 0xfe, 0xfe, 0xfe, 0x00,
  0xfe, 0xfe, 0xfe, 0x00, 0xfe, 0xfe, 0xfe, 0x00, 0xfe, 0xfe, 0xfe, 0x00,
  0xfe, 0xfe, 0xfe, 0x00, 0xfe, 0xfe, 0xfe, 0x00, 0xfe, 0xfe, 0xfe, 0x00,
  0xfe, 0xfe, 0xfe, 0x00, 0xfe, 0xfe, 0xfe, 0x00, 0xfe, 0xfe, 0xfe, 0x00
};
