static const uint8_t material_icon_camera_map[] __attribute__((aligned(4))) = {
  0xfd, 0xfd, 0xfd, 0x00, 0xfd, 0xfd, 0xfe, 0x00, 0xfd, 0xfd, 0xfe, 0x00,
  0xfd, 0xfd, 0xfe, 0x00, 0xfd, 0xfe, 0xfe, 0x00, 0xfd, 0xfd, 0xfd, 0x00,
  0xfd, 0xfd, 0xfd, 0x00, 0xfd, 0xfd, 0xfd, 0x00, 0xfd, 0xfd, 0xfd, 0x00,
  0xfd, 0xfd, 0xfe, 0x00, 0xfd, 0xfd, 0xfe, 0x00, 0xfd, 0xfd, 0xfd, 0x00,
  0xfe, 0xfd, 0xfd, 0x00, 0xfe, 0xff, 0xff, 0x00, 0xfe, 0xff, 0xff, 0x00,
  0xfe, 0xff, 0xff, 0x00, 0xfd, 0xfa, 0xf9, 0x00, 0xfc, 0xf1, 0xf0, 0x00,
  0xfc, 0xe8, 0xe6, 0x00, 0xfb, 0xe0, 0xdd, 0x00, 0xfa, 0xd9, 0xd6, 0x00,
  0xfa, 0xd5, 0xd1, 0x00, 0xf9, 0xd1, 0xcc, 0x00, 0xf9, 0xcd, 0xc8, 0x00,
  0xf8, 0xca, 0xc4, 0x00, 0xf9, 0xc7, 0xc2, 0x15, 0xf7, 0xc4, 0xbe, 0x3b,
  0xf7, 0xc2, 0xbc, 0x59, 0xf8, 0xc1, 0xbb, 0x6e, 0xf7, 0xc0, 0xb9, 0x7b,
  0xf7, 0xbe, 0xb7, 0xff, 0xf7, 0xbe, 0xb6, 0xff, 0xf7, 0xbd, 0xb6, 0xff,
  0xf7, 0xbd, 0xb5, 0xff, 0xf7, 0xbc, 0xb5, 0xff, 0xf6, 0xbc, 0xb4, 0xff,
  0xf7, 0xbb, 0xb3, 0xff, 0xf7, 0xbb, 0xb3, 0xff, 0xf8, 0xbb, 0xb3, 0xff,
  0xf7, 0xba, 0xb1, 0xff, 0xf7, 0xba, 0xb1, 0xff, 0xf8, 0xba, 0xb1, 0xff,
  0xf8, 0xb8, 0xaf, 0xff, 0xf8, 0xb7, 0xae, 0xff, 0xf7, 0xb5, 0xac, 0xff,
  0xf7, 0xb4, 0xab, 0xff, 0xf8, 0xb4, 0xaa, 0xff, 0xf7, 0xb4, 0xaa, 0xff,
  0xf8, 0xb3, 0xaa, 0xff, 0xf7, 0xb3, 0xa9, 0xff, 0xf7, 0xb2, 0xa8, 0xff,
  0xf7, 0xb0, 0xa6, 0xff, 0xf6, 0xb0, 0xa6, 0xff, 0xf6, 0xb0, 0xa6, 0xff,
  0xf7, 0xb1, 0xa8, 0xff, 0xf7, 0xb1, 0xa7, 0xff, 0xf6, 0xb1, 0xa6, 0xff,
  0xf6, 0xb1, 0xa6, 0xff, 0xf6, 0xb1, 0xa6, 0xff, 0xf7, 0xb1, 0xa6, 0xff,
  0xf7, 0xb0, 0xa4, 0xff, 0xf6, 0xaf, 0xa4, 0xff, 0xf7, 0xb1, 0xa7, 0xff,
  0xf7, 0xb3, 0xa8, 0xff, 0xf6, 0xb1, 0xa7, 0xff, 0xf7, 0xb2, 0xa8, 0xff,
  0xf7, 0xb2, 0xa8, 0xff, 0xf8, 0xb4, 0xa9, 0xff, 0xf7, 0xb5, 0xaa, 0xff,
  0xf7, 0xb4, 0xaa, 0xff, 0xf7, 0xb5, 0xab, 0xff, 0xf8, 0xb6, 0xab, 0xff,
  0xf7, 0xb5, 0xab, 0xff, 0xf7, 0xb4, 0xaa, 0xff, 0xf6, 0xb3, 0xa8, 0xff,
  0xf6, 0xb2, 0xa7, 0xff, 0xf6, 0xb2, 0xa8, 0xff, 0xf6, 0xb3, 0xa9, 0xff,
  0xf6, 0xb4, 0xaa, 0x7b, 0xf7, 0xb5, 0xab, 0x6e, 0xf7, 0xb6, 0xab, 0x59,
  0xf6, 0xb7, 0xad, 0x3b, 0xf6, 0xb9, 0xaf, 0x15, 0xf6, 0xbb, 0xb2, 0x00,
  0xf6, 0xbd, 0xb4, 0x00, 0xf7, 0xc1, 0xb8, 0x00, 0xf8, 0xc7, 0xbf, 0x00,
  0xf8, 0xcd, 0xc6, 0x00, 0xf9, 0xd4, 0xce, 0x00, 0xf9, 0xde, 0xda, 0x00,
  0xfb, 0xeb, 0xe8, 0x00, 0xfd, 0xf7, 0xf7, 0x00, 0xfe, 0xff, 0xff, 0x00,
  0xff, 0xff, 0xff, 0x00, 0xfe, 0xff, 0xff, 0x00, 0xfd, 0xfd, 0xfc, 0x00,
  0xfd, 0xfc, 0xfc, 0x00, 0xfd, 0xfd, 0xfd, 0x00, 0xfd, 0xfd, 0xfe, 0x00,
  0xfd, 0xfe, 0xfe, 0x00, 0xfd, 0xfd, 0xfd, 0x00, 0xfd, 0xfd, 0xfe, 0x00,
  0xfd, 0xfe, 0xfd, 0x00, 0xfd, 0xfd, 0xfd, 0x00, 0xfd, 0xfe, 0xfe, 0x00,
  0xfd, 0xfd, 0xfe, 0x00, 0xfd, 0xfd, 0xfd, 0x00, 0xfe, 0xfe, 0xfe, 0x00,
  0xfd, 0xfd, 0xfe, 0x00, 0xfd, 0xfd, 0xfe, 0x00, 0xfd, 0xfd, 0xfe, 0x00,
  0xfd, 0xfd, 0xfe, 0x00, 0xfd, 0xfd, 0xfe, 0x00, 0xfd, 0xfd, 0xfd, 0x00,
  0xfd, 0xfd, 0xfe, 0x00, 0xfd, 0xfd, 0xfe, 0x00, 0xfd, 0xfd, 0xfe, 0x00,
  0xfd, 0xfd, 0xfd, 0x00, 0xfd, 0xfd, 0xfd, 0x00, 0xfe, 0xff, 0xff, 0x00,
  0xfe, 0xff, 0xff, 0x00, 0xfd, 0xf5, 0xf5, 0x00, 0xfc, 0xe4, 0xe2, 0x00,
  0xf9, 0xd0, 0xcc, 0x00, 0xf7, 0xc1, 0xbb, 0x00, 0xf5, 0xb6, 0xaf, 0x00,
  0xf4, 0xb0, 0xa8, 0x00, 0xf4, 0xad, 0xa4, 0x00, 0xf4, 0xab, 0xa2, 0x00,
  0xf4, 0xab, 0xa1, 0x22, 0xf4, 0xaa, 0xa0, 0x6a, 0xf3, 0xa8, 0x9e, 0xaa,
  0xf3, 0xa8, 0x9d, 0xe1, 0xf3, 0xa8, 0x9d, 0xff, 0xf3, 0xa7, 0x9c, 0xff,
  0xf3, 0xa6, 0x9c, 0xff, 0xf3, 0xa6, 0x9b, 0xff, 0xf3, 0xa4, 0x99, 0xff,
  0xf3, 0xa4, 0x98, 0xff, 0xf3, 0xa4, 0x98, 0xff, 0xf3, 0xa4, 0x99, 0xff,
  0xf3, 0xa5, 0x99, 0xff, 0xf3, 0xa4, 0x98, 0xff, 0xf4, 0xa5, 0x99, 0xff,
  0xf4, 0xa5, 0x99, 0xff, 0xf4, 0xa5, 0x98, 0xff, 0xf4, 0xa5, 0x99, 0xff,
  0xf4, 0xa4, 0x98, 0xff, 0xf4, 0xa4, 0x98, 0xff, 0xf4, 0xa4, 0x98, 0xff,
  0xf4, 0xa4, 0x97, 0xff, 0xf4, 0xa4, 0x97, 0xff, 0xf3, 0xa2, 0x96, 0xff,
  0xf3, 0xa2, 0x96, 0xff, 0xf5, 0xa4, 0x97, 0xff, 0xf5, 0xa5, 0x98, 0xff,
  0xf4, 0xa4, 0x97, 0xff, 0xf4, 0xa3, 0x96, 0xff, 0xf5, 0xa3, 0x96, 0xff,
  0xf5, 0xa3, 0x96, 0xff, 0xf4, 0xa2, 0x95, 0xff, 0xf5, 0xa2, 0x94, 0xff,
  0xf5, 0xa2, 0x95, 0xff, 0xf4, 0xa2, 0x95, 0xff, 0xf4, 0xa2, 0x94, 0xff,
  0xf3, 0xa1, 0x94, 0xff, 0xf3, 0xa1, 0x93, 0xff, 0xf3, 0xa0, 0x92, 0xff,
  0xf3, 0xa0, 0x92, 0xff, 0xf4, 0xa0, 0x91, 0xff, 0xf4, 0x9f, 0x91, 0xff,
  0xf4, 0xa0, 0x92, 0xff, 0xf4, 0xa0, 0x92, 0xff, 0xf4, 0x9f, 0x90, 0xff,
  0xf4, 0x9e, 0x90, 0xff, 0xf4, 0x9e, 0x8f, 0xff, 0xf4, 0x9d, 0x8e, 0xff,
  0xf3, 0x9d, 0x8e, 0xff, 0xf3, 0x9c, 0x8d, 0xff, 0xf3, 0x9a, 0x8b, 0xff,
  0xf3, 0x9a, 0x8b, 0xff, 0xf3, 0x9a, 0x8b, 0xff, 0xf3, 0x9a, 0x8a, 0xff,
  0xf3, 0x99, 0x89, 0xff, 0xf2, 0x98, 0x88, 0xff, 0xf2, 0x98, 0x88, 0xff,
  0xf3, 0x99, 0x89, 0xff, 0xf3, 0x98, 0x88, 0xff, 0xf3, 0x97, 0x88, 0xff,
  0xf3, 0x98, 0x88, 0xff, 0xf2, 0x97, 0x87, 0xff, 0xf2, 0x96, 0x85, 0xe1,
  0xf2, 0x95, 0x85, 0xaa, 0xf2, 0x94, 0x83, 0x6a, 0xf1, 0x93, 0x82, 0x22,
  0xf1, 0x92, 0x82, 0x00, 0xf2, 0x93, 0x83, 0x00, 0xf1, 0x95, 0x86, 0x00,
  0xf1, 0x98, 0x8a, 0x00, 0xf2, 0xa2, 0x94, 0x00, 0xf5, 0xb3, 0xa9, 0x00,
  0xf8, 0xce, 0xc7, 0x00, 0xfc, 0xee, 0xeb, 0x00, 0xff, 0xff, 0xff, 0x00,
  0xfe, 0xff, 0xff, 0x00, 0xfd, 0xfc, 0xfc, 0x00, 0xfd, 0xfc, 0xfc, 0x00,
  0xfd, 0xfd, 0xfe, 0x00, 0xfd, 0xfd, 0xfd, 0x00, 0xfd, 0xfd, 0xfd, 0x00,
  0xfd, 0xfe, 0xfe, 0x00, 0xfd, 0xfd, 0xfe, 0x00, 0xfd, 0xfd, 0xfe, 0x00,
  0xfd, 0xfd, 0xfe, 0x00, 0xfd, 0xfd, 0xfe, 0x00, 0xfe, 0xfe, 0xfe, 0x00,
  0xfd, 0xfd, 0xfd, 0x00, 0xfd, 0xfd, 0xfe, 0x00, 0xfd, 0xfd, 0xfe, 0x00,
  0xfd, 0xfd, 0xfe, 0x00, 0xfd, 0xfd, 0xfe, 0x00, 0xfd, 0xfd, 0xfe, 0x00,
  0xfd, 0xfe, 0xfe, 0x00, 0xfd, 0xfd, 0xfe, 0x00, 0xfd, 0xfc, 0xfd, 0x00,
  0xfe, 0xff, 0xff, 0x00, 0xfe, 0xff, 0xff, 0x00, 0xfd, 0xf0, 0xef, 0x00,
  0xfa, 0xd6, 0xd3, 0x00, 0xf7, 0xc1, 0xbb, 0x00, 0xf6, 0xb4, 0xad, 0x00,
  0xf4, 0xad, 0xa4, 0x00, 0xf3, 0xa9, 0xa0, 0x00, 0xf2, 0xa7, 0x9b, 0x00,
  0xf2, 0xa5, 0x9a, 0x09, 0xf2, 0xa5, 0x99, 0x6a, 0xf1, 0xa4, 0x98, 0xc3,
  0xf2, 0xa4, 0x98, 0xff, 0xf2, 0xa4, 0x98, 0xff, 0xf2, 0xa3, 0x97, 0xff,
  0xf2, 0xa3, 0x97, 0xff, 0xf2, 0xa2, 0x96, 0xff, 0xf2, 0xa2, 0x95, 0xff,
  0xf2, 0xa1, 0x95, 0xff, 0xf1, 0xa0, 0x93, 0xff, 0xf1, 0xa0, 0x94, 0xff,
  0xf2, 0xa0, 0x93, 0xff, 0xf2, 0x9e, 0x92, 0xff, 0xf1, 0x9e, 0x91, 0xff,
  0xf2, 0x9f, 0x91, 0xff, 0xf2, 0x9e, 0x91, 0xff, 0xf2, 0x9e, 0x91, 0xff,
  0xf3, 0x9f, 0x92, 0xff, 0xf2, 0x9f, 0x91, 0xff, 0xf3, 0x9f, 0x91, 0xff,
  0xf3, 0x9e, 0x90, 0xff, 0xf3, 0x9e, 0x90, 0xff, 0xf3, 0x9e, 0x8f, 0xff,
  0xf2, 0x9d, 0x8f, 0xff, 0xf3, 0x9d, 0x8e, 0xff, 0xf2, 0x9c, 0x8d, 0xff,
  0xf3, 0x9c, 0x8e, 0xff, 0xf3, 0x9d, 0x8f, 0xff, 0xf3, 0x9e, 0x8f, 0xff,
  0xf4, 0x9e, 0x90, 0xff, 0xf3, 0x9d, 0x8e, 0xff, 0xf3, 0x9c, 0x8d, 0xff,
  0xf4, 0x9d, 0x8e, 0xff, 0xf3, 0x9c, 0x8c, 0xff, 0xf4, 0x9c, 0x8c, 0xff,
  0xf3, 0x9b, 0x8c, 0xff, 0xf3, 0x9b, 0x8c, 0xff, 0xf3, 0x9b, 0x8c, 0xff,
  0xf3, 0x9b, 0x8c, 0xff, 0xf2, 0x9a, 0x8a, 0xff, 0xf2, 0x99, 0x89, 0xff,
  0xf2, 0x99, 0x89, 0xff, 0xf3, 0x99, 0x89, 0xff, 0xf3, 0x99, 0x89, 0xff,
  0xf2, 0x98, 0x89, 0xff, 0xf2, 0x98, 0x89, 0xff, 0xf3, 0x98, 0x89, 0xff,
  0xf3, 0x98, 0x89, 0xff, 0xf2, 0x98, 0x88, 0xff, 0xf3, 0x97, 0x87, 0xff,
  0xf2, 0x97, 0x87, 0xff, 0xf2, 0x96, 0x85, 0xff, 0xf2, 0x95, 0x84, 0xff,
  0xf2, 0x96, 0x85, 0xff, 0xf2, 0x96, 0x85, 0xff, 0xf2, 0x96, 0x85, 0xff,
  0xf2, 0x96, 0x85, 0xff, 0xf2, 0x95, 0x84, 0xff, 0xf2, 0x95, 0x83, 0xff,
  0xf1, 0x95, 0x84, 0xff, 0xf2, 0x95, 0x84, 0xff, 0xf2, 0x95, 0x84, 0xff,
  0xf2, 0x95, 0x83, 0xff, 0xf1, 0x94, 0x82, 0xff, 0xf1, 0x93, 0x82, 0xff,
  0xf1, 0x93, 0x82, 0xff, 0xf1, 0x93, 0x82, 0xff, 0xf1, 0x92, 0x80, 0xff,
  0xf1, 0x92, 0x81, 0xc3, 0xf2, 0x93, 0x81, 0x6a, 0xf2, 0x92, 0x81, 0x09,
  0xf0, 0x8f, 0x7e, 0x00, 0xf0, 0x8f, 0x7d, 0x00, 0xf0, 0x8c, 0x7a, 0x00,
  0xf0, 0x8a, 0x77, 0x00, 0xf1, 0x93, 0x82, 0x00, 0xf5, 0xb2, 0xa6, 0x00,
  0xfb, 0xe2, 0xde, 0x00, 0xff, 0xff, 0xff, 0x00, 0xfe, 0xff, 0xff, 0x00,
  0xfd, 0xfb, 0xfb, 0x00, 0xfd, 0xfd, 0xfe, 0x00, 0xfd, 0xfd, 0xfd, 0x00,
  0xfd, 0xfd, 0xfe, 0x00, 0xfd, 0xfd, 0xfe, 0x00, 0xfd, 0xfd, 0xfd, 0x00,
  0xfd, 0xfd, 0xfe, 0x00, 0xfd, 0xfe, 0xfe, 0x00, 0xfd, 0xfd, 0xfe, 0x00,
  0xfd, 0xfd, 0xfd, 0x00, 0xfd, 0xfd, 0xfd, 0x00, 0xfd, 0xfd, 0xfd, 0x00,
  0xfd, 0xfd, 0xfe, 0x00, 0xfd, 0xfd, 0xfe, 0x00, 0xfd, 0xfd, 0xfe, 0x00,
  0xfd, 0xfd, 0xfd, 0x00, 0xfd, 0xfd, 0xfd, 0x00, 0xfe, 0xff, 0xff, 0x00,
  0xfd, 0xf7, 0xf7, 0x00, 0xfa, 0xd7, 0xd4, 0x00, 0xf8, 0xbe, 0xb9, 0x00,
  0xf6, 0xb4, 0xac, 0x00, 0xf4, 0xad, 0xa3, 0x00, 0xf2, 0xa7, 0x9c, 0x00,
  0xf1, 0xa5, 0x9a, 0x00, 0xf2, 0xa4, 0x98, 0x15, 0xf2, 0xa3, 0x97, 0x88,
  0xf1, 0xa1, 0x95, 0xf3, 0xf1, 0xa2, 0x95, 0xff, 0xf1, 0xa1, 0x94, 0xff,
  0xf1, 0xa0, 0x94, 0xff, 0xf2, 0xa1, 0x94, 0xff, 0xf2, 0xa0, 0x93, 0xff,
  0xf2, 0xa0, 0x94, 0xff, 0xf2, 0xa0, 0x93, 0xff, 0xf2, 0x9f, 0x92, 0xff,
  0xf2, 0x9f, 0x92, 0xff, 0xf1, 0x9e, 0x91, 0xff, 0xf1, 0x9e, 0x91, 0xff,
  0xf1, 0x9d, 0x90, 0xff, 0xf1, 0x9d, 0x8f, 0xff, 0xf2, 0x9c, 0x8f, 0xff,
  0xf2, 0x9c, 0x8e, 0xff, 0xf2, 0x9b, 0x8e, 0xff, 0xf3, 0x9d, 0x8f, 0xff,
  0xf3, 0x9d, 0x8f, 0xff, 0xf3, 0x9d, 0x8e, 0xff, 0xf2, 0x9c, 0x8e, 0xff,
  0xf3, 0x9c, 0x8d, 0xff, 0xf3, 0x9c, 0x8c, 0xff, 0xf2, 0x9b, 0x8c, 0xff,
  0xf2, 0x9b, 0x8c, 0xff, 0xf3, 0x9c, 0x8c, 0xff, 0xf3, 0x9b, 0x8c, 0xff,
  0xf3, 0x9b, 0x8c, 0xff, 0xf3, 0x9b, 0x8b, 0xff, 0xf2, 0x9b, 0x8c, 0xff,
  0xf2, 0x9b, 0x8c, 0xff, 0xf3, 0x9b, 0x8b, 0xff, 0xf2, 0x9a, 0x8a, 0xff,
  0xf3, 0x9a, 0x8a, 0xff, 0xf3, 0x9a, 0x8a, 0xff, 0xf2, 0x9a, 0x8a, 0xff,
  0xf2, 0x98, 0x88, 0xff, 0xf2, 0x98, 0x88, 0xff, 0xf2, 0x98, 0x88, 0xff,
  0xf2, 0x98, 0x88, 0xff, 0xf2, 0x98, 0x88, 0xff, 0xf3, 0x98, 0x87, 0xff,
  0xf3, 0x97, 0x86, 0xff, 0xf3, 0x97, 0x86, 0xff, 0xf3, 0x97, 0x86, 0xff,
  0xf2, 0x96, 0x86, 0xff, 0xf2, 0x96, 0x85, 0xff, 0xf3, 0x97, 0x86, 0xff,
  0xf2, 0x96, 0x85, 0xff, 0xf2, 0x95, 0x84, 0xff, 0xf2, 0x95, 0x84, 0xff,
  0xf2, 0x94, 0x84, 0xff, 0xf2, 0x94, 0x83, 0xff, 0xf1, 0x93, 0x82, 0xff,
  0xf1, 0x94, 0x83, 0xff, 0xf1, 0x94, 0x83, 0xff, 0xf1, 0x94, 0x83, 0xff,
  0xf1, 0x94, 0x83, 0xff, 0xf1, 0x93, 0x82, 0xff, 0xf1, 0x92, 0x81, 0xff,
  0xf0, 0x92, 0x81, 0xff, 0xf1, 0x93, 0x82, 0xff, 0xf2, 0x93, 0x81, 0xff,
  0xf1, 0x91, 0x7f, 0xff, 0xf0, 0x90, 0x7e, 0xff, 0xf0, 0x90, 0x7e, 0xff,
  0xf0, 0x90, 0x7e, 0xff, 0xf1, 0x8f, 0x7d, 0xff, 0xf0, 0x8f, 0x7c, 0xff,
  0xf0, 0x8f, 0x7d, 0xff, 0xf0, 0x8e, 0x7c, 0xff, 0xf0, 0x8e, 0x7b, 0xf3,
  0xef, 0x8d, 0x7a, 0x88, 0xf0, 0x8d, 0x7a, 0x15, 0xf0, 0x8c, 0x7a, 0x00,
  0xf0, 0x8a, 0x78, 0x00, 0xee, 0x89, 0x76, 0x00, 0xee, 0x84, 0x71, 0x00,
  0xf0, 0x88, 0x75, 0x00, 0xf5, 0xb0, 0xa4, 0x00, 0xfd, 0xf0, 0xef, 0x00,
  0xfe, 0xff, 0xff, 0x00, 0xfd, 0xfc, 0xfc, 0x00, 0xfd, 0xfd, 0xfd, 0x00,
  0xfd, 0xfd, 0xfe, 0x00, 0xfd, 0xfd, 0xfd, 0x00, 0xfd, 0xfd, 0xfd, 0x00,
  0xfd, 0xfd, 0xfd, 0x00, 0xfd, 0xfd, 0xfe, 0x00, 0xfd, 0xfd, 0xfe, 0x00,
  0xfd, 0xfd, 0xfd, 0x00, 0xfd, 0xfd, 0xfe, 0x00, 0xfd, 0xfd, 0xfe, 0x00,
  0xfd, 0xfd, 0xfe, 0x00, 0xfd, 0xfe, 0xfe, 0x00, 0xfd, 0xfd, 0xfd, 0x00,
  0xfd, 0xfd, 0xfd, 0x00, 0xfe, 0xff, 0xff, 0x00, 0xfd, 0xeb, 0xea, 0x00,
  0xf8, 0xc5, 0xc1, 0x00, 0xf5, 0xb5, 0xae, 0x00, 0xf4, 0xaf, 0xa6, 0x00,
  0xf3, 0xa9, 0x9f, 0x00, 0xf3, 0xa5, 0x9a, 0x00, 0xf2, 0xa3, 0x98, 0x00,
  0xf2, 0xa4, 0x98, 0x7b, 0xf2, 0xa3, 0x97, 0xf7, 0xf2, 0xa3, 0x97, 0xff,
  0xf2, 0xa2, 0x95, 0xff, 0xf2, 0xa1, 0x94, 0xff, 0xf1, 0x9f, 0x92, 0xff,
  0xf1, 0x9f, 0x92, 0xff, 0xf2, 0x9f, 0x92, 0xff, 0xf1, 0x9f, 0x91, 0xff,
  0xf1, 0x9f, 0x91, 0xff, 0xf2, 0xa0, 0x92, 0xff, 0xf2, 0xa0, 0x92, 0xff,
  0xf2, 0x9f, 0x91, 0xff, 0xf2, 0x9e, 0x90, 0xff, 0xf2, 0x9d, 0x8f, 0xff,
  0xf1, 0x9c, 0x8e, 0xff, 0xf1, 0x9c, 0x8e, 0xff, 0xf1, 0x9d, 0x8f, 0xff,
  0xf1, 0x9b, 0x8d, 0xff, 0xf1, 0x9b, 0x8c, 0xff, 0xf2, 0x9c, 0x8d, 0xff,
  0xf2, 0x9b, 0x8c, 0xff, 0xf2, 0x9b, 0x8c, 0xff, 0xf3, 0x9b, 0x8c, 0xff,
  0xf2, 0x9b, 0x8c, 0xff, 0xf2, 0x9a, 0x8b, 0xff, 0xf2, 0x99, 0x8a, 0xff,
  0xf2, 0x99, 0x8a, 0xff, 0xf2, 0x9a, 0x8a, 0xff, 0xf3, 0x9b, 0x8b, 0xff,
  0xf4, 0x9b, 0x8a, 0xff, 0xf3, 0x9a, 0x8a, 0xff, 0xf2, 0x9a, 0x89, 0xff,
  0xf2, 0x99, 0x89, 0xff, 0xf2, 0x99, 0x89, 0xff, 0xf2, 0x98, 0x89, 0xff,
  0xf2, 0x98, 0x88, 0xff, 0xf3, 0x99, 0x89, 0xff, 0xf3, 0x99, 0x88, 0xff,
  0xf2, 0x97, 0x87, 0xff, 0xf2, 0x96, 0x86, 0xff, 0xf2, 0x97, 0x87, 0xff,
  0xf3, 0x97, 0x86, 0xff, 0xf3, 0x97, 0x86, 0xff, 0xf3, 0x97, 0x85, 0xff,
  0xf2, 0x96, 0x84, 0xff, 0xf3, 0x96, 0x84, 0xff, 0xf3, 0x96, 0x84, 0xff,
  0xf2, 0x95, 0x83, 0xff, 0xf2, 0x95, 0x83, 0xff, 0xf2, 0x95, 0x84, 0xff,
  0xf2, 0x95, 0x83, 0xff, 0xf2, 0x94, 0x83, 0xff, 0xf2, 0x94, 0x83, 0xff,
  0xf2, 0x94, 0x83, 0xff, 0xf2, 0x94, 0x83, 0xff, 0xf0, 0x93, 0x82, 0xff,
  0xf0, 0x93, 0x82, 0xff, 0xf1, 0x93, 0x81, 0xff, 0xf1, 0x93, 0x81, 0xff,
  0xf2, 0x93, 0x81, 0xff, 0xf1, 0x92, 0x80, 0xff, 0xf0, 0x92, 0x80, 0xff,
  0xef, 0x92, 0x81, 0xff, 0xf0, 0x90, 0x7f, 0xff, 0xf0, 0x91, 0x7f, 0xff,
  0xf0, 0x90, 0x7e, 0xff, 0xf0, 0x8f, 0x7d, 0xff, 0xf1, 0x90, 0x7e, 0xff,
  0xf0, 0x8f, 0x7d, 0xff, 0xf0, 0x8f, 0x7c, 0xff, 0xf0, 0x8e, 0x7c, 0xff,
  0xf0, 0x8e, 0x7c, 0xff, 0xf0, 0x8d, 0x7a, 0xff, 0xef, 0x8d, 0x7a, 0xff,
  0xf0, 0x8d, 0x7a, 0xff, 0xef, 0x8b, 0x78, 0xf7, 0xef, 0x8a, 0x77, 0x7b,
  0xee, 0x87, 0x74, 0x00, 0xed, 0x86, 0x73, 0x00, 0xed, 0x87, 0x74, 0x00,
  0xee, 0x86, 0x72, 0x00, 0xed, 0x7f, 0x6b, 0x00, 0xef, 0x8c, 0x79, 0x00,
  0xfa, 0xd3, 0xcc, 0x00, 0xff, 0xff, 0xff, 0x00, 0xfd, 0xfd, 0xfd, 0x00,
  0xfd, 0xfd, 0xfd, 0x00, 0xfd, 0xfd, 0xfe, 0x00, 0xfd, 0xfd, 0xfd, 0x00,
  0xfd, 0xfd, 0xfe, 0x00, 0xfd, 0xfd, 0xfe, 0x00, 0xfd, 0xfe, 0xfe, 0x00,
  0xfd, 0xfd, 0xfd, 0x00, 0xfd, 0xfd, 0xfe, 0x00, 0xfd, 0xfd, 0xfe, 0x00,
  0xfd, 0xfd, 0xfe, 0x00, 0xfd, 0xfd, 0xfd, 0x00, 0xfd, 0xfd, 0xfe, 0x00,
  0xfe, 0xff, 0xff, 0x00, 0xfc, 0xe3, 0xe1, 0x00, 0xf8, 0xbe, 0xb8, 0x00,
  0xf5, 0xb2, 0xaa, 0x00, 0xf3, 0xab, 0xa1, 0x00, 0xf2, 0xa6, 0x9c, 0x00,
  0xf2, 0xa5, 0x9a, 0x00, 0xf2, 0xa5, 0x99, 0x44, 0xf2, 0xa5, 0x99, 0xd0,
  0xf2, 0xa4, 0x98, 0xff, 0xf2, 0xa4, 0x98, 0xff, 0xf2, 0xa3, 0x97, 0xff,
  0xf2, 0xa2, 0x95, 0xff, 0xf3, 0xa0, 0x93, 0xff, 0xf2, 0x9f, 0x92, 0xff,
  0xf2, 0x9f, 0x92, 0xff, 0xf3, 0xa0, 0x92, 0xff, 0xf2, 0x9f, 0x91, 0xff,
  0xf1, 0x9e, 0x90, 0xff, 0xf2, 0x9f, 0x91, 0xff, 0xf2, 0x9f, 0x91, 0xff,
  0xf2, 0x9e, 0x90, 0xff, 0xf2, 0x9d, 0x8f, 0xff, 0xf2, 0x9d, 0x8e, 0xff,
  0xf2, 0x9d, 0x8e, 0xff, 0xf2, 0x9c, 0x8e, 0xff, 0xf2, 0x9c, 0x8d, 0xff,
  0xf1, 0x9b, 0x8c, 0xff, 0xf2, 0x9b, 0x8b, 0xff, 0xf2, 0x9a, 0x8b, 0xff,
  0xf1, 0x99, 0x8a, 0xff, 0xf1, 0x99, 0x8a, 0xff, 0xf2, 0x9a, 0x8b, 0xff,
  0xf2, 0x9a, 0x8b, 0xff, 0xf2, 0x9a, 0x8a, 0xff, 0xf2, 0x99, 0x89, 0xff,
  0xf2, 0x99, 0x89, 0xff, 0xf3, 0x99, 0x88, 0xff, 0xf3, 0x99, 0x88, 0xff,
  0xf3, 0x99, 0x88, 0xff, 0xf3, 0x98, 0x88, 0xff, 0xf3, 0x98, 0x87, 0xff,
  0xf2, 0x98, 0x87, 0xff, 0xf3, 0x98, 0x87, 0xff, 0xf2, 0x97, 0x87, 0xff,
  0xf2, 0x97, 0x87, 0xff, 0xf2, 0x97, 0x87, 0xff, 0xf2, 0x97, 0x87, 0xff,
  0xf2, 0x97, 0x87, 0xff, 0xf2, 0x96, 0x85, 0xff, 0xf2, 0x96, 0x85, 0xff,
  0xf3, 0x96, 0x85, 0xff, 0xf3, 0x96, 0x85, 0xff, 0xf3, 0x96, 0x84, 0xff,
  0xf2, 0x95, 0x83, 0xff, 0xf2, 0x95, 0x83, 0xff, 0xf2, 0x95, 0x83, 0xff,
  0xf2, 0x94, 0x82, 0xff, 0xf2, 0x94, 0x82, 0xff, 0xf2, 0x93, 0x81, 0xff,
  0xf2, 0x93, 0x81, 0xff, 0xf1, 0x93, 0x81, 0xff, 0xf1, 0x93, 0x82, 0xff,
  0xf1, 0x93, 0x82, 0xff, 0xf1, 0x93, 0x81, 0xff, 0xf1, 0x93, 0x82, 0xff,
  0xf1, 0x92, 0x80, 0xff, 0xf1, 0x92, 0x80, 0xff, 0xf2, 0x93, 0x81, 0xff,
  0xf2, 0x92, 0x7f, 0xff, 0xf1, 0x91, 0x7f, 0xff, 0xf0, 0x91, 0x7f, 0xff,
  0xf0, 0x91, 0x7f, 0xff, 0xf0, 0x90, 0x7f, 0xff, 0xf1, 0x90, 0x7e, 0xff,
  0xf0, 0x8f, 0x7d, 0xff, 0xf0, 0x8f, 0x7d, 0xff, 0xf0, 0x8f, 0x7c, 0xff,
  0xf0, 0x8f, 0x7c, 0xff, 0xf0, 0x8e, 0x7c, 0xff, 0xf0, 0x8e, 0x7b, 0xff,
  0xf1, 0x8e, 0x7b, 0xff, 0xf0, 0x8d, 0x7a, 0xff, 0xf0, 0x8e, 0x7a, 0xff,
  0xf0, 0x8c, 0x79, 0xff, 0xef, 0x8b, 0x78, 0xff, 0xef, 0x89, 0x76, 0xff,
  0xee, 0x88, 0x75, 0xd0, 0xee, 0x87, 0x73, 0x44, 0xee, 0x86, 0x72, 0x00,
  0xed, 0x84, 0x70, 0x00, 0xee, 0x85, 0x71, 0x00, 0xed, 0x81, 0x6b, 0x00,
  0xed, 0x7b, 0x65, 0x00, 0xf7, 0xbd, 0xb2, 0x00, 0xff, 0xff, 0xff, 0x00,
  0xfd, 0xfd, 0xfe, 0x00, 0xfd, 0xfd, 0xfd, 0x00, 0xfd, 0xfd, 0xfe, 0x00,
  0xfd, 0xfd, 0xfe, 0x00, 0xfe, 0xfe, 0xfe, 0x00, 0xfd, 0xfe, 0xfe, 0x00,
  0xfd, 0xfd, 0xfe, 0x00, 0xfd, 0xfd, 0xfe, 0x00, 0xfd, 0xfd, 0xfe, 0x00,
  0xfd, 0xfd, 0xfd, 0x00, 0xfd, 0xfd, 0xfd, 0x00, 0xfe, 0xff, 0xff, 0x00,
  0xfb, 0xdf, 0xdd, 0x00, 0xf7, 0xbb, 0xb5, 0x00, 0xf5, 0xb1, 0xa8, 0x00,
  0xf3, 0xa9, 0x9e, 0x00, 0xf2, 0xa6, 0x9b, 0x00, 0xf2, 0xa6, 0x9a, 0x00,
  0xf2, 0xa5, 0x99, 0x7f, 0xf2, 0xa5, 0x99, 0xff, 0xf2, 0xa4, 0x98, 0xff,
  0xf2, 0xa3, 0x97, 0xff, 0xf2, 0xa3, 0x97, 0xff, 0xf2, 0xa3, 0x97, 0xff,
  0xf2, 0xa2, 0x95, 0xff, 0xf2, 0xa1, 0x93, 0xff, 0xf2, 0xa0, 0x92, 0xff,
  0xf2, 0xa0, 0x92, 0xff, 0xf3, 0xa0, 0x93, 0xff, 0xf2, 0xa0, 0x92, 0xff,
  0xf1, 0x9e, 0x90, 0xff, 0xf2, 0x9e, 0x90, 0xff, 0xf2, 0x9e, 0x90, 0xff,
  0xf2, 0x9d, 0x8f, 0xff, 0xf2, 0x9c, 0x8e, 0xff, 0xf2, 0x9b, 0x8d, 0xff,
  0xf2, 0x9c, 0x8d, 0xff, 0xf1, 0x9c, 0x8d, 0xff, 0xf2, 0x9b, 0x8c, 0xff,
  0xf2, 0x9b, 0x8b, 0xff, 0xf2, 0x9a, 0x8b, 0xff, 0xf1, 0x99, 0x8a, 0xff,
  0xf1, 0x99, 0x89, 0xff, 0xf2, 0x99, 0x89, 0xff, 0xf2, 0x99, 0x89, 0xff,
  0xf2, 0x99, 0x89, 0xff, 0xf2, 0x98, 0x88, 0xff, 0xf2, 0x99, 0x89, 0xff,
  0xf3, 0x99, 0x88, 0xff, 0xf3, 0x98, 0x88, 0xff, 0xf3, 0x98, 0x88, 0xff,
  0xf2, 0x98, 0x87, 0xff, 0xf2, 0x98, 0x87, 0xff, 0xf3, 0x98, 0x87, 0xff,
  0xf3, 0x98, 0x87, 0xff, 0xf3, 0x98, 0x87, 0xff, 0xf3, 0x98, 0x87, 0xff,
  0xf2, 0x97, 0x86, 0xff, 0xf2, 0x97, 0x86, 0xff, 0xf2, 0x97, 0x86, 0xff,
  0xf2, 0x96, 0x85, 0xff, 0xf2, 0x96, 0x84, 0xff, 0xf3, 0x96, 0x84, 0xff,
  0xf2, 0x95, 0x84, 0xff, 0xf2, 0x95, 0x84, 0xff, 0xf2, 0x95, 0x84, 0xff,
  0xf3, 0x95, 0x83, 0xff, 0xf3, 0x95, 0x83, 0xff, 0xf3, 0x95, 0x82, 0xff,
  0xf2, 0x94, 0x82, 0xff, 0xf3, 0x94, 0x82, 0xff, 0xf2, 0x93, 0x81, 0xff,
  0xf1, 0x92, 0x80, 0xff, 0xf1, 0x92, 0x80, 0xff, 0xf1, 0x93, 0x81, 0xff,
  0xf0, 0x92, 0x80, 0xff, 0xf1, 0x92, 0x80, 0xff, 0xf2, 0x92, 0x81, 0xff,
  0xf1, 0x92, 0x80, 0xff, 0xf1, 0x92, 0x80, 0xff, 0xf1, 0x92, 0x80, 0xff,
  0xf1, 0x92, 0x7f, 0xff, 0xf1, 0x91, 0x7e, 0xff, 0xf1, 0x90, 0x7e, 0xff,
  0xf1, 0x90, 0x7e, 0xff, 0xf1, 0x90, 0x7e, 0xff, 0xf1, 0x8f, 0x7d, 0xff,
  0xf1, 0x8f, 0x7d, 0xff, 0xf1, 0x90, 0x7d, 0xff, 0xf0, 0x90, 0x7d, 0xff,
  0xf0, 0x8f, 0x7c, 0xff, 0xf0, 0x8e, 0x7b, 0xff, 0xf0, 0x8e, 0x7b, 0xff,
  0xf0, 0x8e, 0x7a, 0xff, 0xf0, 0x8d, 0x7a, 0xff, 0xf0, 0x8d, 0x79, 0xff,
  0xef, 0x8c, 0x79, 0xff, 0xef, 0x8b, 0x78, 0xff, 0xef, 0x8a, 0x77, 0xff,
  0xee, 0x89, 0x75, 0xff, 0xee, 0x87, 0x74, 0xff, 0xee, 0x86, 0x72, 0x7f,
  0xed, 0x85, 0x71, 0x00, 0xec, 0x82, 0x6e, 0x00, 0xee, 0x82, 0x6d, 0x00,
  0xee, 0x81, 0x6b, 0x00, 0xed, 0x77, 0x5f, 0x00, 0xf7, 0xb3, 0xa6, 0x00,
  0xff, 0xff, 0xff, 0x00, 0xfd, 0xfd, 0xfd, 0x00, 0xfd, 0xfd, 0xfd, 0x00,
  0xfd, 0xfe, 0xfd, 0x00, 0xfd, 0xfd, 0xfd, 0x00, 0xfd, 0xfd, 0xfe, 0x00,
  0xfd, 0xfd, 0xfe, 0x00, 0xfd, 0xfd, 0xfe, 0x00, 0xfd, 0xfd, 0xfe, 0x00,
  0xfd, 0xfd, 0xfd, 0x00, 0xfe, 0xff, 0xff, 0x00, 0xfc, 0xe2, 0xe0, 0x00,
  0xf7, 0xbb, 0xb6, 0x00, 0xf4, 0xb0, 0xa7, 0x00, 0xf3, 0xaa, 0x9f, 0x00,
  0xf2, 0xa7, 0x9c, 0x00, 0xf3, 0xa6, 0x9a, 0x05, 0xf2, 0xa5, 0x9a, 0xaa,
  0xf3, 0xa6, 0x9a, 0xff, 0xf3, 0xa5, 0x99, 0xff, 0xf2, 0xa4, 0x98, 0xff,
  0xf1, 0xa2, 0x97, 0xff, 0xf2, 0xa2, 0x96, 0xff, 0xf1, 0xa1, 0x95, 0xff,
  0xf2, 0xa1, 0x94, 0xff, 0xf2, 0xa1, 0x94, 0xff, 0xf2, 0xa0, 0x92, 0xff,
  0xf2, 0xa0, 0x92, 0xff, 0xf3, 0xa0, 0x92, 0xff, 0xf2, 0x9f, 0x91, 0xff,
  0xf1, 0x9e, 0x90, 0xff, 0xf1, 0x9d, 0x8f, 0xff, 0xf1, 0x9d, 0x8e, 0xff,
  0xf2, 0x9d, 0x8f, 0xff, 0xf1, 0x9c, 0x8d, 0xff, 0xf1, 0x9a, 0x8c, 0xff,
  0xf1, 0x9a, 0x8c, 0xff, 0xf1, 0x9a, 0x8c, 0xff, 0xf1, 0x9b, 0x8b, 0xff,
  0xf2, 0x9b, 0x8b, 0xff, 0xf2, 0x99, 0x8a, 0xff, 0xf2, 0x99, 0x89, 0xff,
  0xf2, 0x99, 0x8a, 0xff, 0xf3, 0x99, 0x89, 0xff, 0xf3, 0x99, 0x88, 0xff,
  0xf2, 0x98, 0x88, 0xff, 0xf1, 0x98, 0x88, 0xff, 0xf2, 0x98, 0x88, 0xff,
  0xf3, 0x98, 0x87, 0xff, 0xf2, 0x98, 0x87, 0xff, 0xf2, 0x98, 0x87, 0xff,
  0xf2, 0x98, 0x87, 0xff, 0xf2, 0x97, 0x87, 0xff, 0xf1, 0x97, 0x87, 0xff,
  0xf2, 0x97, 0x86, 0xff, 0xf3, 0x97, 0x87, 0xff, 0xf2, 0x97, 0x86, 0xff,
  0xf2, 0x96, 0x85, 0xff, 0xf2, 0x96, 0x85, 0xff, 0xf2, 0x96, 0x85, 0xff,
  0xf2, 0x95, 0x84, 0xff, 0xf2, 0x95, 0x83, 0xff, 0xf2, 0x95, 0x84, 0xff,
  0xf1, 0x95, 0x83, 0xff, 0xf2, 0x94, 0x83, 0xff, 0xf2, 0x95, 0x83, 0xff,
  0xf2, 0x95, 0x83, 0xff, 0xf2, 0x94, 0x82, 0xff, 0xf2, 0x94, 0x82, 0xff,
  0xf1, 0x94, 0x82, 0xff, 0xf2, 0x94, 0x82, 0xff, 0xf2, 0x94, 0x82, 0xff,
  0xf2, 0x93, 0x81, 0xff, 0xf2, 0x93, 0x81, 0xff, 0xf2, 0x93, 0x81, 0xff,
  0xf2, 0x92, 0x80, 0xff, 0xf1, 0x91, 0x7f, 0xff, 0xf1, 0x92, 0x80, 0xff,
  0xf2, 0x92, 0x80, 0xff, 0xf2, 0x93, 0x80, 0xff, 0xf2, 0x92, 0x80, 0xff,
  0xf1, 0x91, 0x7f, 0xff, 0xf0, 0x90, 0x7d, 0xff, 0xf0, 0x90, 0x7d, 0xff,
  0xf1, 0x90, 0x7e, 0xff, 0xf1, 0x90, 0x7d, 0xff, 0xf0, 0x8f, 0x7d, 0xff,
  0xf0, 0x8f, 0x7c, 0xff, 0xf1, 0x8f, 0x7d, 0xff, 0xf1, 0x8f, 0x7c, 0xff,
  0xf0, 0x8e, 0x7b, 0xff, 0xf0, 0x8e, 0x7b, 0xff, 0xf0, 0x8e, 0x7b, 0xff,
  0xf0, 0x8d, 0x7a, 0xff, 0xef, 0x8c, 0x79, 0xff, 0xef, 0x8c, 0x79, 0xff,
  0xf0, 0x8c, 0x79, 0xff, 0xef, 0x8c, 0x79, 0xff, 0xee, 0x8b, 0x78, 0xff,
  0xef, 0x89, 0x75, 0xff, 0xee, 0x88, 0x74, 0xff, 0xee, 0x88, 0x74, 0xff,
  0xee, 0x86, 0x72, 0xaa, 0xed, 0x83, 0x6f, 0x05, 0xee, 0x82, 0x6d, 0x00,
  0xee, 0x80, 0x6a, 0x00, 0xed, 0x7f, 0x69, 0x00, 0xed, 0x73, 0x5b, 0x00,
  0xf9, 0xba, 0xae, 0x00, 0xfe, 0xff, 0xff, 0x00, 0xfd, 0xfc, 0xfc, 0x00,
  0xfd, 0xfd, 0xfe, 0x00, 0xfd, 0xfd, 0xfe, 0x00, 0xfd, 0xfd, 0xfe, 0x00,
  0xfd, 0xfd, 0xfd, 0x00, 0xfd, 0xfe, 0xfe, 0x00, 0xfd, 0xfd, 0xfd, 0x00,
  0xfe, 0xff, 0xff, 0x00, 0xfd, 0xeb, 0xea, 0x00, 0xf8, 0xbf, 0xb9, 0x00,
  0xf5, 0xb1, 0xa9, 0x00, 0xf3, 0xaa, 0x9f, 0x00, 0xf2, 0xa7, 0x9c, 0x00,
  0xf3, 0xa6, 0x9b, 0x15, 0xf3, 0xa6, 0x9b, 0xc3, 0xf3, 0xa6, 0x9a, 0xff,
  0xf2, 0xa5, 0x99, 0xff, 0xf2, 0xa5, 0x99, 0xff, 0xf2, 0xa4, 0x98, 0xff,
  0xf2, 0xa3, 0x96, 0xff, 0xf2, 0xa2, 0x95, 0xff, 0xf2, 0xa1, 0x94, 0xff,
  0xf2, 0xa1, 0x93, 0xff, 0xf2, 0xa1, 0x93, 0xff, 0xf2, 0xa0, 0x92, 0xff,
  0xf2, 0x9f, 0x91, 0xff, 0xf3, 0x9f, 0x90, 0xff, 0xf2, 0x9e, 0x8f, 0xff,
  0xf1, 0x9d, 0x8f, 0xff, 0xf1, 0x9d, 0x8f, 0xff, 0xf2, 0x9d, 0x8e, 0xff,
  0xf2, 0x9d, 0x8e, 0xff, 0xf2, 0x9b, 0x8d, 0xff, 0xf2, 0x9a, 0x8c, 0xff,
  0xf2, 0x9a, 0x8b, 0xff, 0xf2, 0x9a, 0x8b, 0xff, 0xf2, 0x9a, 0x8a, 0xff,
  0xf2, 0x99, 0x8a, 0xff, 0xf2, 0x99, 0x89, 0xff, 0xf2, 0x99, 0x89, 0xff,
  0xf2, 0x99, 0x89, 0xff, 0xf2, 0x99, 0x89, 0xff, 0xf3, 0x99, 0x89, 0xff,
  0xf2, 0x99, 0x88, 0xff, 0xf2, 0x98, 0x88, 0xff, 0xf3, 0x98, 0x87, 0xff,
  0xf3, 0x98, 0x87, 0xff, 0xf3, 0x98, 0x87, 0xff, 0xf2, 0x97, 0x87, 0xff,
  0xf3, 0x98, 0x87, 0xff, 0xf3, 0x98, 0x87, 0xff, 0xf2, 0x97, 0x86, 0xff,
  0xf2, 0x96, 0x85, 0xff, 0xf2, 0x97, 0x86, 0xff, 0xf2, 0x96, 0x85, 0xff,
  0xf2, 0x96, 0x85, 0xff, 0xf2, 0x96, 0x85, 0xff, 0xf2, 0x96, 0x85, 0xff,
  0xf2, 0x96, 0x85, 0xff, 0xf2, 0x95, 0x84, 0xff, 0xf2, 0x95, 0x83, 0xff,
  0xf2, 0x96, 0x84, 0xff, 0xf2, 0x95, 0x84, 0xff, 0xf3, 0x95, 0x84, 0xff,
  0xf2, 0x95, 0x83, 0xff, 0xf2, 0x94, 0x83, 0xff, 0xf2, 0x94, 0x82, 0xff,
  0xf1, 0x93, 0x82, 0xff, 0xf1, 0x93, 0x81, 0xff, 0xf2, 0x93, 0x81, 0xff,
  0xf2, 0x93, 0x81, 0xff, 0xf2, 0x92, 0x80, 0xff, 0xf2, 0x92, 0x81, 0xff,
  0xf2, 0x92, 0x80, 0xff, 0xf2, 0x92, 0x80, 0xff, 0xf2, 0x92, 0x80, 0xff,
  0xf2, 0x92, 0x80, 0xff, 0xf2, 0x91, 0x7f, 0xff, 0xf2, 0x92, 0x7f, 0xff,
  0xf2, 0x91, 0x7f, 0xff, 0xf1, 0x91, 0x7e, 0xff, 0xf1, 0x90, 0x7e, 0xff,
  0xf1, 0x90, 0x7d, 0xff, 0xf1, 0x8f, 0x7d, 0xff, 0xf0, 0x8f, 0x7c, 0xff,
  0xf0, 0x90, 0x7d, 0xff, 0xf0, 0x90, 0x7d, 0xff, 0xf0, 0x8e, 0x7b, 0xff,
  0xf0, 0x8d, 0x7a, 0xff, 0xf1, 0x8e, 0x7b, 0xff, 0xf0, 0x8e, 0x7b, 0xff,
  0xf0, 0x8d, 0x7a, 0xff, 0xf0, 0x8d, 0x7a, 0xff, 0xf0, 0x8c, 0x7a, 0xff,
  0xf0, 0x8c, 0x79, 0xff, 0xf0, 0x8c, 0x78, 0xff, 0xef, 0x8b, 0x78, 0xff,
  0xef, 0x8a, 0x76, 0xff, 0xf0, 0x8a, 0x76, 0xff, 0xef, 0x89, 0x75, 0xff,
  0xee, 0x87, 0x73, 0xff, 0xee, 0x85, 0x71, 0xc3, 0xee, 0x83, 0x6e, 0x15,
  0xee, 0x81, 0x6c, 0x00, 0xed, 0x7f, 0x69, 0x00, 0xeb, 0x7d, 0x66, 0x00,
  0xf0, 0x76, 0x5e, 0x00, 0xfd, 0xd1, 0xc9, 0x00, 0xfe, 0xff, 0xff, 0x00,
  0xfd, 0xfb, 0xfb, 0x00, 0xfd, 0xfd, 0xfe, 0x00, 0xfd, 0xfe, 0xfe, 0x00,
  0xfd, 0xfd, 0xfe, 0x00, 0xfd, 0xfd, 0xfd, 0x00, 0xfe, 0xff, 0xff, 0x00,
  0xfe, 0xf7, 0xf7, 0x00, 0xf9, 0xc8, 0xc4, 0x00, 0xf5, 0xb4, 0xac, 0x00,
  0xf3, 0xaa, 0x9f, 0x00, 0xf2, 0xa7, 0x9c, 0x00, 0xf2, 0xa5, 0x9a, 0x15,
  0xf3, 0xa6, 0x9a, 0xcc, 0xf3, 0xa6, 0x9a, 0xff, 0xf3, 0xa6, 0x9a, 0xff,
  0xf2, 0xa5, 0x9a, 0xff, 0xf1, 0xa4, 0x98, 0xff, 0xf2, 0xa3, 0x97, 0xff,
  0xf2, 0xa2, 0x95, 0xff, 0xf3, 0xa1, 0x94, 0xff, 0xf3, 0xa1, 0x93, 0xff,
  0xf2, 0xa0, 0x92, 0xff, 0xf2, 0xa0, 0x91, 0xff, 0xf2, 0x9f, 0x90, 0xff,
  0xf2, 0x9e, 0x90, 0xff, 0xf2, 0x9e, 0x90, 0xff, 0xf2, 0x9d, 0x8e, 0xff,
  0xf2, 0x9c, 0x8e, 0xff, 0xf2, 0x9c, 0x8d, 0xff, 0xf2, 0x9c, 0x8d, 0xff,
  0xf2, 0x9b, 0x8c, 0xff, 0xf1, 0x9b, 0x8c, 0xff, 0xf2, 0x9b, 0x8c, 0xff,
  0xf2, 0x9a, 0x8b, 0xff, 0xf3, 0x9a, 0x8b, 0xff, 0xf3, 0x9a, 0x8b, 0xff,
  0xf2, 0x9a, 0x8a, 0xff, 0xf2, 0x99, 0x89, 0xff, 0xf2, 0x99, 0x88, 0xff,
  0xf2, 0x98, 0x88, 0xff, 0xf2, 0x98, 0x88, 0xff, 0xf2, 0x99, 0x89, 0xff,
  0xf2, 0x99, 0x89, 0xff, 0xf2, 0x98, 0x87, 0xff, 0xf2, 0x98, 0x86, 0xff,
  0xf3, 0x97, 0x86, 0xff, 0xf3, 0x97, 0x86, 0xff, 0xf2, 0x98, 0x87, 0xff,
  0xf2, 0x98, 0x87, 0xff, 0xf2, 0x97, 0x86, 0xff, 0xf2, 0x96, 0x85, 0xff,
  0xf2, 0x97, 0x86, 0xff, 0xf3, 0x97, 0x86, 0xff, 0xf2, 0x97, 0x85, 0xff,
  0xf2, 0x96, 0x85, 0xff, 0xf2, 0x96, 0x85, 0xff, 0xf3, 0x96, 0x84, 0xff,
  0xf2, 0x96, 0x85, 0xff, 0xf2, 0x96, 0x84, 0xff, 0xf3, 0x96, 0x84, 0xff,
  0xf3, 0x96, 0x84, 0xff, 0xf3, 0x96, 0x84, 0xff, 0xf3, 0x95, 0x83, 0xff,
  0xf3, 0x95, 0x83, 0xff, 0xf3, 0x95, 0x83, 0xff, 0xf2, 0x94, 0x82, 0xff,
  0xf2, 0x93, 0x82, 0xff, 0xf2, 0x93, 0x82, 0xff, 0xf2, 0x93, 0x81, 0xff,
  0xf2, 0x92, 0x81, 0xff, 0xf1, 0x92, 0x81, 0xff, 0xf2, 0x93, 0x80, 0xff,
  0xf2, 0x92, 0x80, 0xff, 0xf2, 0x93, 0x81, 0xff, 0xf2, 0x92, 0x80, 0xff,
  0xf2, 0x92, 0x80, 0xff, 0xf2, 0x92, 0x80, 0xff, 0xf2, 0x92, 0x80, 0xff,
  0xf1, 0x91, 0x7f, 0xff, 0xf2, 0x91, 0x7f, 0xff, 0xf1, 0x91, 0x7e, 0xff,
  0xf1, 0x90, 0x7e, 0xff, 0xf1, 0x90, 0x7d, 0xff, 0xf0, 0x8f, 0x7c, 0xff,
  0xf0, 0x90, 0x7d, 0xff, 0xf1, 0x90, 0x7d, 0xff, 0xf1, 0x8f, 0x7c, 0xff,
  0xf1, 0x8f, 0x7b, 0xff, 0xf1, 0x8e, 0x7b, 0xff, 0xf0, 0x8d, 0x7a, 0xff,
  0xf0, 0x8d, 0x7a, 0xff, 0xf0, 0x8d, 0x7a, 0xff, 0xf0, 0x8c, 0x79, 0xff,
  0xf0, 0x8d, 0x79, 0xff, 0xf0, 0x8c, 0x78, 0xff, 0xef, 0x8b, 0x77, 0xff,
  0xef, 0x8b, 0x77, 0xff, 0xef, 0x8a, 0x76, 0xff, 0xef, 0x88, 0x74, 0xff,
  0xee, 0x88, 0x73, 0xff, 0xee, 0x87, 0x72, 0xff, 0xee, 0x85, 0x70, 0xcc,
  0xee, 0x83, 0x6e, 0x15, 0xed, 0x81, 0x6b, 0x00, 0xec, 0x7f, 0x69, 0x00,
  0xec, 0x7a, 0x63, 0x00, 0xf5, 0x87, 0x71, 0x00, 0xff, 0xf1, 0xee, 0x00,
  0xfd, 0xff, 0xff, 0x00, 0xfd, 0xfd, 0xfd, 0x00, 0xfd, 0xfd, 0xfe, 0x00,
  0xfd, 0xfd, 0xfe, 0x00, 0xfd, 0xfd, 0xfd, 0x00, 0xfe, 0xff, 0xff, 0x00,
  0xfb, 0xd8, 0xd4, 0x00, 0xf7, 0xb8, 0xb1, 0x00, 0xf3, 0xac, 0xa1, 0x00,
  0xf2, 0xa7, 0x9b, 0x00, 0xf2, 0xa6, 0x9a, 0x05, 0xf2, 0xa5, 0x99, 0xc3,
  0xf2, 0xa5, 0x99, 0xff, 0xf3, 0xa5, 0x99, 0xff, 0xf4, 0xa5, 0x99, 0xff,
  0xf3, 0xa5, 0x99, 0xff, 0xf1, 0xa4, 0x97, 0xff, 0xf1, 0xa2, 0x95, 0xff,
  0xf2, 0xa0, 0x93, 0xff, 0xf3, 0xa1, 0x93, 0xff, 0xf3, 0xa0, 0x93, 0xff,
  0xf2, 0x9f, 0x90, 0xff, 0xf2, 0x9e, 0x90, 0xff, 0xf2, 0x9e, 0x90, 0xff,
  0xf2, 0x9e, 0x8f, 0xff, 0xf2, 0x9e, 0x8f, 0xff, 0xf2, 0x9d, 0x8e, 0xff,
  0xf2, 0x9b, 0x8c, 0xff, 0xf2, 0x9c, 0x8c, 0xff, 0xf3, 0x9c, 0x8c, 0xff,
  0xf2, 0x9a, 0x8b, 0xff, 0xf1, 0x99, 0x8a, 0xff, 0xf2, 0x99, 0x8a, 0xff,
  0xf1, 0x99, 0x89, 0xff, 0xf1, 0x99, 0x89, 0xff, 0xf2, 0x9a, 0x8a, 0xff,
  0xf2, 0x9a, 0x8a, 0xff, 0xf2, 0x99, 0x89, 0xff, 0xf2, 0x99, 0x88, 0xff,
  0xf1, 0x98, 0x88, 0xff, 0xf2, 0x98, 0x88, 0xff, 0xf3, 0x98, 0x88, 0xff,
  0xf3, 0x99, 0x88, 0xff, 0xf3, 0x99, 0x88, 0xff, 0xf2, 0x98, 0x87, 0xff,
  0xf3, 0x98, 0x86, 0xff, 0xf3, 0x97, 0x85, 0xff, 0xf2, 0x97, 0x87, 0xff,
  0xf1, 0x97, 0x87, 0xff, 0xf1, 0x97, 0x86, 0xff, 0xf1, 0x96, 0x85, 0xff,
  0xf3, 0x98, 0x86, 0xff, 0xf3, 0x99, 0x87, 0xff, 0xf3, 0x97, 0x86, 0xff,
  0xf3, 0x96, 0x85, 0xff, 0xf3, 0x96, 0x84, 0xff, 0xf2, 0x96, 0x84, 0xff,
  0xf2, 0x96, 0x84, 0xff, 0xf3, 0x96, 0x85, 0xff, 0xf4, 0x96, 0x84, 0xff,
  0xf3, 0x96, 0x84, 0xff, 0xf4, 0x95, 0x83, 0xff, 0xf3, 0x95, 0x83, 0xff,
  0xf3, 0x95, 0x83, 0xff, 0xf3, 0x95, 0x83, 0xff, 0xf3, 0x94, 0x82, 0xff,
  0xf3, 0x94, 0x82, 0xff, 0xf3, 0x95, 0x83, 0xff, 0xf2, 0x93, 0x81, 0xff,
  0xf2, 0x93, 0x81, 0xff, 0xf2, 0x93, 0x81, 0xff, 0xf2, 0x93, 0x81, 0xff,
  0xf2, 0x92, 0x80, 0xff, 0xf3, 0x93, 0x81, 0xff, 0xf3, 0x93, 0x81, 0xff,
  0xf2, 0x93, 0x81, 0xff, 0xf2, 0x94, 0x81, 0xff, 0xf2, 0x93, 0x81, 0xff,
  0xf2, 0x92, 0x80, 0xff, 0xf2, 0x92, 0x7f, 0xff, 0xf1, 0x91, 0x7e, 0xff,
  0xf1, 0x91, 0x7e, 0xff, 0xf2, 0x90, 0x7d, 0xff, 0xf1, 0x90, 0x7d, 0xff,
  0xf1, 0x90, 0x7d, 0xff, 0xf1, 0x90, 0x7d, 0xff, 0xf2, 0x90, 0x7c, 0xff,
  0xf2, 0x8f, 0x7c, 0xff, 0xf1, 0x8e, 0x7b, 0xff, 0xf0, 0x8d, 0x7a, 0xff,
  0xf0, 0x8e, 0x7b, 0xff, 0xf1, 0x8e, 0x7b, 0xff, 0xf0, 0x8d, 0x7a, 0xff,
  0xef, 0x8c, 0x78, 0xff, 0xef, 0x8b, 0x77, 0xff, 0xef, 0x8a, 0x76, 0xff,
  0xef, 0x8a, 0x76, 0xff, 0xee, 0x89, 0x75, 0xff, 0xee, 0x88, 0x74, 0xff,
  0xef, 0x88, 0x73, 0xff, 0xee, 0x87, 0x72, 0xff, 0xef, 0x87, 0x71, 0xff,
  0xee, 0x84, 0x6f, 0xc3, 0xed, 0x81, 0x6c, 0x05, 0xec, 0x7f, 0x6a, 0x00,
  0xec, 0x7d, 0x67, 0x00, 0xee, 0x74, 0x5b, 0x00, 0xfb, 0xac, 0x9d, 0x00,
  0xff, 0xff, 0xff, 0x00, 0xfd, 0xfc, 0xfc, 0x00, 0xfe, 0xfd, 0xfe, 0x00,
  0xfe, 0xfd, 0xfd, 0x00, 0xfe, 0xff, 0xff, 0x00, 0xfd, 0xef, 0xee, 0x00,
  0xf8, 0xbe, 0xb7, 0x00, 0xf4, 0xb0, 0xa6, 0x00, 0xf3, 0xa8, 0x9c, 0x00,
  0xf3, 0xa6, 0x9a, 0x00, 0xf2, 0xa6, 0x9a, 0xaa, 0xf3, 0xa6, 0x9a, 0xff,
  0xf3, 0xa5, 0x98, 0xff, 0xf2, 0xa4, 0x97, 0xff, 0xf2, 0xa4, 0x97, 0xff,
  0xf2, 0xa3, 0x96, 0xff, 0xf3, 0xa3, 0x95, 0xff, 0xf3, 0xa1, 0x94, 0xff,
  0xf1, 0x9f, 0x92, 0xff, 0xf1, 0x9f, 0x91, 0xff, 0xf2, 0xa0, 0x91, 0xff,
  0xf1, 0x9e, 0x90, 0xff, 0xf2, 0x9e, 0x8f, 0xff, 0xf2, 0x9e, 0x8f, 0xff,
  0xf2, 0x9e, 0x8e, 0xff, 0xf3, 0x9d, 0x8e, 0xff, 0xf2, 0x9c, 0x8c, 0xff,
  0xf2, 0x9b, 0x8c, 0xff, 0xf2, 0x9c, 0x8c, 0xff, 0xf2, 0x9c, 0x8c, 0xff,
  0xf2, 0x9a, 0x8b, 0xff, 0xf1, 0x99, 0x8a, 0xff, 0xf1, 0x99, 0x8a, 0xff,
  0xf1, 0x98, 0x89, 0xff, 0xf2, 0x99, 0x89, 0xff, 0xf2, 0x99, 0x89, 0xff,
  0xf2, 0x98, 0x88, 0xff, 0xf3, 0x98, 0x88, 0xff, 0xf3, 0x99, 0x88, 0xff,
  0xf2, 0x98, 0x88, 0xff, 0xf2, 0x98, 0x87, 0xff, 0xf2, 0x97, 0x86, 0xff,
  0xf3, 0x98, 0x87, 0xff, 0xf4, 0x98, 0x87, 0xff, 0xf3, 0x98, 0x87, 0xff,
  0xf3, 0x98, 0x87, 0xff, 0xf4, 0x98, 0x86, 0xff, 0xf3, 0x98, 0x87, 0xff,
  0xf3, 0x98, 0x87, 0xff, 0xf3, 0x98, 0x86, 0xff, 0xf3, 0x96, 0x85, 0xff,
  0xf3, 0x97, 0x85, 0xff, 0xf3, 0x97, 0x85, 0xff, 0xf3, 0x97, 0x85, 0xff,
  0xf3, 0x97, 0x85, 0xff, 0xf4, 0x97, 0x85, 0xff, 0xf4, 0x96, 0x84, 0xff,
  0xf3, 0x96, 0x84, 0xff, 0xf3, 0x96, 0x84, 0xff, 0xf3, 0x96, 0x85, 0xff,
  0xf4, 0x96, 0x84, 0xff, 0xf4, 0x96, 0x83, 0xff, 0xf4, 0x96, 0x83, 0xff,
  0xf4, 0x95, 0x83, 0xff, 0xf3, 0x95, 0x83, 0xff, 0xf3, 0x94, 0x83, 0xff,
  0xf3, 0x94, 0x82, 0xff, 0xf4, 0x95, 0x82, 0xff, 0xf4, 0x94, 0x82, 0xff,
  0xf3, 0x93, 0x81, 0xff, 0xf3, 0x93, 0x81, 0xff, 0xf3, 0x93, 0x81, 0xff,
  0xf2, 0x93, 0x81, 0xff, 0xf3, 0x93, 0x81, 0xff, 0xf3, 0x93, 0x81, 0xff,
  0xf1, 0x93, 0x81, 0xff, 0xf3, 0x93, 0x80, 0xff, 0xf3, 0x93, 0x80, 0xff,
  0xf3, 0x93, 0x7f, 0xff, 0xf2, 0x92, 0x7f, 0xff, 0xf1, 0x91, 0x7f, 0xff,
  0xf2, 0x91, 0x7e, 0xff, 0xf2, 0x91, 0x7d, 0xff, 0xf2, 0x91, 0x7e, 0xff,
  0xf2, 0x90, 0x7d, 0xff, 0xf0, 0x8f, 0x7c, 0xff, 0xf0, 0x8f, 0x7c, 0xff,
  0xf1, 0x8e, 0x7c, 0xff, 0xf1, 0x8e, 0x7b, 0xff, 0xf2, 0x8f, 0x7c, 0xff,
  0xf0, 0x8e, 0x7b, 0xff, 0xf0, 0x8e, 0x7a, 0xff, 0xf0, 0x8d, 0x7a, 0xff,
  0xef, 0x8c, 0x78, 0xff, 0xee, 0x8a, 0x76, 0xff, 0xef, 0x8a, 0x77, 0xff,
  0xef, 0x8a, 0x76, 0xff, 0xee, 0x88, 0x74, 0xff, 0xee, 0x87, 0x73, 0xff,
  0xef, 0x87, 0x73, 0xff, 0xef, 0x88, 0x73, 0xff, 0xef, 0x87, 0x72, 0xff,
  0xee, 0x84, 0x6f, 0xff, 0xed, 0x82, 0x6c, 0xaa, 0xed, 0x80, 0x6a, 0x00,
  0xed, 0x7d, 0x67, 0x00, 0xeb, 0x7b, 0x63, 0x00, 0xf1, 0x7b, 0x63, 0x00,
  0xfd, 0xde, 0xd8, 0x00, 0xfe, 0xff, 0xff, 0x00, 0xfe, 0xfc, 0xfc, 0x00,
  0xfe, 0xfd, 0xfd, 0x00, 0xfe, 0xff, 0xff, 0x00, 0xfb, 0xd4, 0xd0, 0x00,
  0xf5, 0xb2, 0xa9, 0x00, 0xf3, 0xa9, 0x9d, 0x00, 0xf2, 0xa6, 0x9a, 0x00,
  0xf3, 0xa6, 0x9a, 0x7f, 0xf3, 0xa6, 0x9a, 0xff, 0xf4, 0xa6, 0x99, 0xff,
  0xf3, 0xa5, 0x98, 0xff, 0xf2, 0xa4, 0x97, 0xff, 0xf2, 0xa3, 0x96, 0xff,
  0xf2, 0xa2, 0x95, 0xff, 0xf3, 0xa2, 0x94, 0xff, 0xf2, 0xa1, 0x93, 0xff,
  0xf1, 0x9f, 0x92, 0xff, 0xf1, 0x9f, 0x91, 0xff, 0xf1, 0x9f, 0x90, 0xff,
  0xf2, 0x9d, 0x8e, 0xff, 0xf1, 0x9d, 0x8e, 0xff, 0xf2, 0x9d, 0x8e, 0xff,
  0xf2, 0x9c, 0x8d, 0xff, 0xf2, 0x9d, 0x8d, 0xff, 0xf2, 0x9c, 0x8c, 0xff,
  0xf2, 0x9c, 0x8c, 0xff, 0xf2, 0x9c, 0x8c, 0xff, 0xf1, 0x9a, 0x8b, 0xff,
  0xf1, 0x99, 0x8a, 0xff, 0xf2, 0x99, 0x89, 0xff, 0xf1, 0x98, 0x89, 0xff,
  0xf2, 0x98, 0x89, 0xff, 0xf2, 0x99, 0x88, 0xff, 0xf2, 0x98, 0x88, 0xff,
  0xf2, 0x98, 0x87, 0xff, 0xf2, 0x98, 0x88, 0xff, 0xf3, 0x99, 0x88, 0xff,
  0xf3, 0x98, 0x88, 0xff, 0xf3, 0x98, 0x87, 0xff, 0xf2, 0x97, 0x87, 0xff,
  0xf3, 0x97, 0x86, 0xff, 0xf3, 0x98, 0x87, 0xff, 0xf3, 0x98, 0x87, 0xff,
  0xf3, 0x97, 0x86, 0xff, 0xf2, 0x97, 0x86, 0xff, 0xf3, 0x97, 0x86, 0xff,
  0xf3, 0x98, 0x86, 0xff, 0xf3, 0x98, 0x86, 0xff, 0xf3, 0x97, 0x85, 0xff,
  0xf3, 0x96, 0x84, 0xff, 0xf3, 0x96, 0x83, 0xff, 0xf3, 0x97, 0x85, 0xff,
  0xf3, 0x96, 0x84, 0xff, 0xf4, 0x96, 0x84, 0xff, 0xf4, 0x96, 0x84, 0xff,
  0xf4, 0x96, 0x84, 0xff, 0xf3, 0x96, 0x84, 0xff, 0xf3, 0x96, 0x84, 0xff,
  0xf4, 0x96, 0x84, 0xff, 0xf4, 0x95, 0x83, 0xff, 0xf4, 0x95, 0x83, 0xff,
  0xf3, 0x95, 0x82, 0xff, 0xf3, 0x95, 0x82, 0xff, 0xf3, 0x94, 0x82, 0xff,
  0xf3, 0x94, 0x81, 0xff, 0xf4, 0x94, 0x81, 0xff, 0xf3, 0x94, 0x81, 0xff,
  0xf3, 0x93, 0x81, 0xff, 0xf3, 0x93, 0x80, 0xff, 0xf4, 0x93, 0x81, 0xff,
  0xf3, 0x93, 0x81, 0xff, 0xf3, 0x93, 0x80, 0xff, 0xf3, 0x93, 0x81, 0xff,
  0xf2, 0x93, 0x81, 0xff, 0xf3, 0x93, 0x80, 0xff, 0xf4, 0x93, 0x7f, 0xff,
  0xf3, 0x92, 0x7f, 0xff, 0xf3, 0x92, 0x7f, 0xff, 0xf2, 0x92, 0x7e, 0xff,
  0xf2, 0x91, 0x7e, 0xff, 0xf2, 0x90, 0x7d, 0xff, 0xf2, 0x90, 0x7d, 0xff,
  0xf2, 0x8f, 0x7c, 0xff, 0xf1, 0x8e, 0x7b, 0xff, 0xf1, 0x8e, 0x7b, 0xff,
  0xf1, 0x8e, 0x7b, 0xff, 0xf1, 0x8e, 0x7b, 0xff, 0xf1, 0x8f, 0x7c, 0xff,
  0xf0, 0x8f, 0x7b, 0xff, 0xf0, 0x8f, 0x7b, 0xff, 0xf0, 0x8d, 0x79, 0xff,
  0xef, 0x8b, 0x77, 0xff, 0xef, 0x8a, 0x76, 0xff, 0xef, 0x8b, 0x76, 0xff,
  0xf0, 0x8b, 0x77, 0xff, 0xee, 0x8a, 0x76, 0xff, 0xee, 0x88, 0x74, 0xff,
  0xee, 0x87, 0x73, 0xff, 0xee, 0x87, 0x73, 0xff, 0xee, 0x86, 0x72, 0xff,
  0xee, 0x85, 0x6f, 0xff, 0xed, 0x82, 0x6d, 0xff, 0xed, 0x80, 0x6a, 0x7f,
  0xed, 0x7e, 0x68, 0x00, 0xec, 0x7d, 0x66, 0x00, 0xeb, 0x74, 0x5b, 0x00,
  0xfa, 0xa5, 0x94, 0x00, 0xff, 0xff, 0xff, 0x00, 0xfe, 0xfc, 0xfc, 0x00,
  0xfe, 0xff, 0xff, 0x00, 0xfd, 0xf4, 0xf3, 0x00, 0xf8, 0xbf, 0xb9, 0x00,
  0xf4, 0xad, 0xa3, 0x00, 0xf2, 0xa6, 0x9a, 0x00, 0xf2, 0xa6, 0x9a, 0x44,
  0xf3, 0xa6, 0x9a, 0xff, 0xf3, 0xa5, 0x98, 0xff, 0xf3, 0xa4, 0x97, 0xff,
  0xf3, 0xa3, 0x96, 0xff, 0xf3, 0xa3, 0x96, 0xff, 0xf3, 0xa3, 0x96, 0xff,
  0xf3, 0xa2, 0x94, 0xff, 0xf2, 0xa1, 0x93, 0xff, 0xf3, 0xa1, 0x92, 0xff,
  0xf2, 0xa0, 0x92, 0xff, 0xf2, 0xa0, 0x92, 0xff, 0xf2, 0x9f, 0x90, 0xff,
  0xf2, 0x9d, 0x8e, 0xff, 0xf2, 0x9d, 0x8d, 0xff, 0xf2, 0x9c, 0x8d, 0xff,
  0xf2, 0x9c, 0x8c, 0xff, 0xf1, 0x9b, 0x8c, 0xff, 0xf2, 0x9b, 0x8c, 0xff,
  0xf2, 0x9c, 0x8c, 0xff, 0xf2, 0x9c, 0x8c, 0xff, 0xf2, 0x9a, 0x8a, 0xff,
  0xf2, 0x99, 0x88, 0xff, 0xf2, 0x98, 0x87, 0xff, 0xf2, 0x99, 0x88, 0xff,
  0xf2, 0x99, 0x88, 0xff, 0xf2, 0x99, 0x88, 0xff, 0xf2, 0x98, 0x88, 0xff,
  0xf1, 0x98, 0x87, 0xff, 0xf2, 0x98, 0x87, 0xff, 0xf3, 0x99, 0x88, 0xff,
  0xf3, 0x99, 0x87, 0xff, 0xf3, 0x97, 0x86, 0xff, 0xf3, 0x97, 0x86, 0xff,
  0xf3, 0x98, 0x86, 0xff, 0xf3, 0x98, 0x87, 0xff, 0xf3, 0x98, 0x86, 0xff,
  0xf3, 0x97, 0x85, 0xff, 0xf2, 0x97, 0x85, 0xff, 0xf3, 0x98, 0x86, 0xff,
  0xf4, 0x98, 0x86, 0xff, 0xf4, 0x97, 0x85, 0xff, 0xf4, 0x97, 0x85, 0xff,
  0xf3, 0x96, 0x84, 0xff, 0xf3, 0x96, 0x84, 0xff, 0xf4, 0x97, 0x84, 0xff,
  0xf3, 0x96, 0x83, 0xff, 0xf4, 0x96, 0x84, 0xff, 0xf4, 0x96, 0x84, 0xff,
  0xf4, 0x97, 0x84, 0xff, 0xf4, 0x97, 0x84, 0xff, 0xf4, 0x96, 0x84, 0xff,
  0xf3, 0x96, 0x84, 0xff, 0xf4, 0x96, 0x84, 0xff, 0xf4, 0x95, 0x83, 0xff,
  0xf3, 0x94, 0x82, 0xff, 0xf3, 0x94, 0x81, 0xff, 0xf4, 0x94, 0x81, 0xff,
  0xf4, 0x94, 0x81, 0xff, 0xf3, 0x93, 0x80, 0xff, 0xf3, 0x93, 0x80, 0xff,
  0xf3, 0x93, 0x81, 0xff, 0xf3, 0x93, 0x80, 0xff, 0xf4, 0x93, 0x80, 0xff,
  0xf3, 0x93, 0x81, 0xff, 0xf4, 0x94, 0x81, 0xff, 0xf4, 0x94, 0x81, 0xff,
  0xf4, 0x94, 0x81, 0xff, 0xf4, 0x93, 0x80, 0xff, 0xf4, 0x92, 0x7f, 0xff,
  0xf3, 0x91, 0x7e, 0xff, 0xf3, 0x91, 0x7e, 0xff, 0xf2, 0x90, 0x7d, 0xff,
  0xf2, 0x8f, 0x7c, 0xff, 0xf2, 0x8f, 0x7c, 0xff, 0xf1, 0x8f, 0x7c, 0xff,
  0xf1, 0x8f, 0x7c, 0xff, 0xf1, 0x8e, 0x7b, 0xff, 0xf1, 0x8e, 0x7b, 0xff,
  0xf1, 0x8e, 0x7b, 0xff, 0xf0, 0x8e, 0x7a, 0xff, 0xf0, 0x8e, 0x7b, 0xff,
  0xf0, 0x8e, 0x7a, 0xff, 0xf0, 0x8d, 0x79, 0xff, 0xef, 0x8c, 0x78, 0xff,
  0xef, 0x8b, 0x77, 0xff, 0xef, 0x8a, 0x76, 0xff, 0xef, 0x8a, 0x76, 0xff,
  0xef, 0x8a, 0x76, 0xff, 0xed, 0x89, 0x75, 0xff, 0xed, 0x88, 0x74, 0xff,
  0xed, 0x87, 0x73, 0xff, 0xed, 0x86, 0x72, 0xff, 0xee, 0x86, 0x71, 0xff,
  0xed, 0x84, 0x6f, 0xff, 0xed, 0x83, 0x6d, 0xff, 0xed, 0x81, 0x6c, 0xff,
  0xed, 0x80, 0x6a, 0x44, 0xec, 0x7d, 0x67, 0x00, 0xeb, 0x79, 0x62, 0x00,
  0xf4, 0x7e, 0x67, 0x00, 0xfe, 0xe7, 0xe3, 0x00, 0xfe, 0xff, 0xff, 0x00,
  0xfe, 0xff, 0xff, 0x00, 0xfb, 0xe0, 0xde, 0x00, 0xf5, 0xb3, 0xab, 0x00,
  0xf3, 0xaa, 0x9f, 0x00, 0xf2, 0xa6, 0x9a, 0x00, 0xf2, 0xa5, 0x99, 0xd0,
  0xf2, 0xa6, 0x99, 0xff, 0xf3, 0xa6, 0x98, 0xff, 0xf3, 0xa5, 0x97, 0xff,
  0xf3, 0xa3, 0x96, 0xff, 0xf3, 0xa3, 0x96, 0xff, 0xf3, 0xa2, 0x95, 0xff,
  0xf3, 0xa1, 0x93, 0xff, 0xf3, 0xa1, 0x92, 0xff, 0xf4, 0xa1, 0x92, 0xff,
  0xf4, 0xa0, 0x91, 0xff, 0xf2, 0x9f, 0x90, 0xff, 0xf2, 0x9e, 0x8f, 0xff,
  0xf3, 0x9e, 0x8e, 0xff, 0xf2, 0x9d, 0x8e, 0xff, 0xf3, 0x9d, 0x8d, 0xff,
  0xf3, 0x9c, 0x8d, 0xff, 0xf2, 0x9c, 0x8c, 0xff, 0xf1, 0x9b, 0x8c, 0xff,
  0xf1, 0x9a, 0x8b, 0xff, 0xf2, 0x9b, 0x8b, 0xff, 0xf2, 0x9b, 0x8a, 0xff,
  0xf2, 0x99, 0x89, 0xff, 0xf2, 0x99, 0x89, 0xff, 0xf3, 0x9a, 0x89, 0xff,
  0xf2, 0x99, 0x88, 0xff, 0xf3, 0x99, 0x88, 0xff, 0xf3, 0x99, 0x88, 0xff,
  0xf3, 0x99, 0x88, 0xff, 0xf2, 0x98, 0x87, 0xff, 0xf2, 0x98, 0x87, 0xff,
  0xf3, 0x98, 0x87, 0xff, 0xf2, 0x97, 0x86, 0xff, 0xf2, 0x98, 0x86, 0xff,
  0xf3, 0x98, 0x86, 0xff, 0xf4, 0x99, 0x86, 0xff, 0xf4, 0x99, 0x86, 0xff,
  0xf4, 0x98, 0x86, 0xff, 0xf4, 0x98, 0x86, 0xff, 0xf4, 0x98, 0x86, 0xff,
  0xf4, 0x98, 0x86, 0xff, 0xf4, 0x98, 0x86, 0xff, 0xf4, 0x98, 0x86, 0xff,
  0xf3, 0x97, 0x85, 0xff, 0xf3, 0x97, 0x85, 0xff, 0xf4, 0x97, 0x84, 0xff,
  0xf5, 0x97, 0x84, 0xff, 0xf4, 0x96, 0x84, 0xff, 0xf4, 0x96, 0x84, 0xff,
  0xf4, 0x96, 0x84, 0xff, 0xf5, 0x96, 0x84, 0xff, 0xf4, 0x96, 0x83, 0xff,
  0xf4, 0x96, 0x83, 0xff, 0xf4, 0x96, 0x83, 0xff, 0xf5, 0x95, 0x83, 0xff,
  0xf5, 0x95, 0x82, 0xff, 0xf4, 0x94, 0x81, 0xff, 0xf4, 0x94, 0x81, 0xff,
  0xf5, 0x94, 0x81, 0xff, 0xf5, 0x94, 0x81, 0xff, 0xf4, 0x93, 0x80, 0xff,
  0xf4, 0x93, 0x80, 0xff, 0xf4, 0x93, 0x80, 0xff, 0xf4, 0x93, 0x80, 0xff,
  0xf4, 0x93, 0x81, 0xff, 0xf4, 0x93, 0x81, 0xff, 0xf5, 0x95, 0x81, 0xff,
  0xf4, 0x94, 0x80, 0xff, 0xf4, 0x93, 0x80, 0xff, 0xf4, 0x92, 0x7f, 0xff,
  0xf3, 0x91, 0x7e, 0xff, 0xf3, 0x91, 0x7e, 0xff, 0xf2, 0x90, 0x7c, 0xff,
  0xf1, 0x8f, 0x7c, 0xff, 0xf1, 0x8e, 0x7b, 0xff, 0xf1, 0x8f, 0x7c, 0xff,
  0xf1, 0x90, 0x7d, 0xff, 0xf1, 0x8e, 0x7c, 0xff, 0xf1, 0x8e, 0x7b, 0xff,
  0xf1, 0x8e, 0x7b, 0xff, 0xf1, 0x8e, 0x7a, 0xff, 0xf0, 0x8e, 0x7a, 0xff,
  0xf0, 0x8d, 0x7a, 0xff, 0xf0, 0x8d, 0x79, 0xff, 0xef, 0x8c, 0x78, 0xff,
  0xef, 0x8b, 0x77, 0xff, 0xef, 0x89, 0x76, 0xff, 0xef, 0x89, 0x75, 0xff,
  0xee, 0x8a, 0x76, 0xff, 0xee, 0x8a, 0x76, 0xff, 0xee, 0x88, 0x74, 0xff,
  0xed, 0x87, 0x73, 0xff, 0xee, 0x87, 0x72, 0xff, 0xee, 0x86, 0x72, 0xff,
  0xed, 0x85, 0x70, 0xff, 0xec, 0x83, 0x6e, 0xff, 0xed, 0x82, 0x6d, 0xff,
  0xed, 0x80, 0x6a, 0xd0, 0xed, 0x7d, 0x67, 0x00, 0xec, 0x7d, 0x65, 0x00,
  0xed, 0x70, 0x56, 0x00, 0xf8, 0xb8, 0xab, 0x00, 0xff, 0xff, 0xff, 0x00,
  0xfe, 0xff, 0xff, 0x00, 0xf9, 0xce, 0xc9, 0x00, 0xf4, 0xaf, 0xa5, 0x00,
  0xf3, 0xa8, 0x9d, 0x00, 0xf3, 0xa6, 0x9a, 0x7b, 0xf3, 0xa5, 0x99, 0xff,
  0xf2, 0xa4, 0x97, 0xff, 0xf3, 0xa5, 0x98, 0xff, 0xf3, 0xa4, 0x97, 0xff,
  0xf3, 0xa3, 0x95, 0xff, 0xf3, 0xa3, 0x95, 0xff, 0xf3, 0xa2, 0x94, 0xff,
  0xf2, 0xa1, 0x93, 0xff, 0xf3, 0xa0, 0x92, 0xff, 0xf3, 0xa0, 0x92, 0xff,
  0xf4, 0xa0, 0x91, 0xff, 0xf3, 0x9e, 0x8f, 0xff, 0xf2, 0x9d, 0x8e, 0xff,
  0xf3, 0x9d, 0x8e, 0xff, 0xf2, 0x9d, 0x8d, 0xff, 0xf2, 0x9c, 0x8c, 0xff,
  0xf2, 0x9c, 0x8c, 0xff, 0xf2, 0x9b, 0x8b, 0xff, 0xf2, 0x9b, 0x8c, 0xff,
  0xf2, 0x9a, 0x8b, 0xff, 0xf3, 0x9a, 0x8a, 0xff, 0xf2, 0x9a, 0x89, 0xff,
  0xf2, 0x9a, 0x89, 0xff, 0xf2, 0x99, 0x89, 0xff, 0xf2, 0x98, 0x88, 0xff,
  0xf2, 0x99, 0x88, 0xff, 0xf2, 0x99, 0x88, 0xff, 0xf3, 0x99, 0x89, 0xff,
  0xf3, 0x99, 0x88, 0xff, 0xf2, 0x98, 0x87, 0xff, 0xf2, 0x98, 0x87, 0xff,
  0xf3, 0x98, 0x87, 0xff, 0xf3, 0x98, 0x87, 0xff, 0xf3, 0x98, 0x86, 0xff,
  0xf3, 0x97, 0x85, 0xff, 0xf3, 0x97, 0x85, 0xff, 0xf3, 0x98, 0x86, 0xff,
  0xf4, 0x99, 0x86, 0xff, 0xf4, 0x98, 0x85, 0xff, 0xf4, 0x98, 0x86, 0xff,
  0xf4, 0x99, 0x87, 0xff, 0xf4, 0x99, 0x87, 0xff, 0xf5, 0x99, 0x87, 0xff,
  0xf5, 0x98, 0x86, 0xff, 0xf5, 0x97, 0x85, 0xff, 0xf5, 0x98, 0x85, 0xff,
  0xf5, 0x98, 0x85, 0xff, 0xf4, 0x97, 0x84, 0xff, 0xf4, 0x96, 0x84, 0xff,
  0xf4, 0x96, 0x84, 0xff, 0xf4, 0x96, 0x83, 0xff, 0xf4, 0x96, 0x83, 0xff,
  0xf5, 0x96, 0x83, 0xff, 0xf5, 0x95, 0x82, 0xff, 0xf5, 0x95, 0x82, 0xff,
  0xf5, 0x95, 0x81, 0xff, 0xf5, 0x95, 0x81, 0xff, 0xf5, 0x95, 0x81, 0xff,
  0xf5, 0x95, 0x81, 0xff, 0xf5, 0x95, 0x81, 0xff, 0xf4, 0x94, 0x80, 0xff,
  0xf4, 0x93, 0x7f, 0xff, 0xf3, 0x92, 0x7f, 0xff, 0xf3, 0x92, 0x7f, 0xff,
  0xf4, 0x93, 0x80, 0xff, 0xf5, 0x94, 0x81, 0xff, 0xf5, 0x94, 0x81, 0xff,
  0xf4, 0x94, 0x80, 0xff, 0xf5, 0x93, 0x80, 0xff, 0xf4, 0x93, 0x7f, 0xff,
  0xf3, 0x92, 0x7e, 0xff, 0xf3, 0x91, 0x7e, 0xff, 0xf3, 0x90, 0x7d, 0xff,
  0xf3, 0x8f, 0x7c, 0xff, 0xf2, 0x8f, 0x7b, 0xff, 0xf2, 0x8f, 0x7c, 0xff,
  0xf2, 0x90, 0x7d, 0xff, 0xf1, 0x8f, 0x7b, 0xff, 0xf1, 0x8e, 0x7b, 0xff,
  0xf1, 0x8f, 0x7b, 0xff, 0xf1, 0x8e, 0x7a, 0xff, 0xf0, 0x8d, 0x79, 0xff,
  0xf0, 0x8d, 0x79, 0xff, 0xf0, 0x8c, 0x79, 0xff, 0xf0, 0x8c, 0x79, 0xff,
  0xef, 0x8b, 0x78, 0xff, 0xee, 0x8a, 0x76, 0xff, 0xee, 0x89, 0x75, 0xff,
  0xee, 0x89, 0x74, 0xff, 0xef, 0x8a, 0x76, 0xff, 0xef, 0x8a, 0x75, 0xff,
  0xee, 0x88, 0x73, 0xff, 0xee, 0x87, 0x72, 0xff, 0xee, 0x87, 0x72, 0xff,
  0xed, 0x86, 0x70, 0xff, 0xed, 0x84, 0x6e, 0xff, 0xed, 0x83, 0x6e, 0xff,
  0xed, 0x81, 0x6b, 0xff, 0xec, 0x7f, 0x69, 0x7b, 0xec, 0x7e, 0x67, 0x00,
  0xea, 0x72, 0x59, 0x00, 0xf0, 0x91, 0x7d, 0x00, 0xfe, 0xff, 0xff, 0x00,
  0xfe, 0xf9, 0xf9, 0x00, 0xf8, 0xc1, 0xba, 0x00, 0xf4, 0xad, 0xa2, 0x00,
  0xf3, 0xa7, 0x9b, 0x15, 0xf3, 0xa6, 0x99, 0xf7, 0xf2, 0xa4, 0x98, 0xff,
  0xf3, 0xa5, 0x97, 0xff, 0xf2, 0xa3, 0x96, 0xff, 0xf2, 0xa2, 0x95, 0xff,
  0xf2, 0xa2, 0x94, 0xff, 0xf3, 0xa2, 0x94, 0xff, 0xf3, 0xa2, 0x94, 0xff,
  0xf3, 0xa1, 0x93, 0xff, 0xf2, 0xa0, 0x92, 0xff, 0xf2, 0xa0, 0x91, 0xff,
  0xf4, 0xa0, 0x91, 0xff, 0xf3, 0x9f, 0x8f, 0xff, 0xf2, 0x9e, 0x8e, 0xff,
  0xf2, 0x9d, 0x8e, 0xff, 0xf2, 0x9d, 0x8d, 0xff, 0xf2, 0x9c, 0x8c, 0xff,
  0xf3, 0x9c, 0x8c, 0xff, 0xf3, 0x9c, 0x8b, 0xff, 0xf2, 0x9b, 0x8b, 0xff,
  0xf2, 0x9a, 0x8b, 0xff, 0xf3, 0x9a, 0x89, 0xff, 0xf3, 0x9a, 0x89, 0xff,
  0xf3, 0x9a, 0x89, 0xff, 0xf3, 0x99, 0x88, 0xff, 0xf2, 0x98, 0x88, 0xff,
  0xf3, 0x99, 0x89, 0xff, 0xf3, 0x99, 0x88, 0xff, 0xf3, 0x99, 0x88, 0xff,
  0xf3, 0x99, 0x88, 0xff, 0xf2, 0x98, 0x86, 0xff, 0xf3, 0x99, 0x87, 0xff,
  0xf4, 0x99, 0x88, 0xff, 0xf4, 0x99, 0x88, 0xff, 0xf4, 0x98, 0x87, 0xff,
  0xf5, 0x98, 0x86, 0xff, 0xf4, 0x98, 0x86, 0xff, 0xf4, 0x99, 0x86, 0xff,
  0xf5, 0x99, 0x87, 0xff, 0xf5, 0x99, 0x86, 0xff, 0xf4, 0x98, 0x85, 0xff,
  0xf4, 0x98, 0x86, 0xff, 0xf5, 0x99, 0x87, 0xff, 0xf5, 0x99, 0x87, 0xff,
  0xf5, 0x99, 0x86, 0xff, 0xf5, 0x98, 0x85, 0xff, 0xf6, 0x98, 0x85, 0xff,
  0xf5, 0x98, 0x85, 0xff, 0xf5, 0x97, 0x84, 0xff, 0xf5, 0x97, 0x84, 0xff,
  0xf5, 0x96, 0x83, 0xff, 0xf5, 0x96, 0x83, 0xff, 0xf5, 0x96, 0x82, 0xff,
  0xf5, 0x96, 0x83, 0xff, 0xf5, 0x95, 0x82, 0xff, 0xf5, 0x95, 0x81, 0xff,
  0xf5, 0x95, 0x81, 0xff, 0xf6, 0x95, 0x81, 0xff, 0xf5, 0x95, 0x81, 0xff,
  0xf5, 0x95, 0x82, 0xff, 0xf6, 0x95, 0x82, 0xff, 0xf5, 0x94, 0x80, 0xff,
  0xf5, 0x94, 0x80, 0xff, 0xf4, 0x93, 0x80, 0xff, 0xf4, 0x93, 0x80, 0xff,
  0xf5, 0x93, 0x80, 0xff, 0xf5, 0x94, 0x80, 0xff, 0xf5, 0x93, 0x80, 0xff,
  0xf4, 0x93, 0x7f, 0xff, 0xf5, 0x93, 0x7f, 0xff, 0xf4, 0x93, 0x7f, 0xff,
  0xf3, 0x92, 0x7f, 0xff, 0xf3, 0x91, 0x7e, 0xff, 0xf3, 0x90, 0x7c, 0xff,
  0xf3, 0x8f, 0x7b, 0xff, 0xf3, 0x8f, 0x7b, 0xff, 0xf3, 0x90, 0x7c, 0xff,
  0xf2, 0x8f, 0x7c, 0xff, 0xf1, 0x8f, 0x7b, 0xff, 0xf1, 0x8f, 0x7b, 0xff,
  0xf1, 0x8e, 0x7b, 0xff, 0xf2, 0x8f, 0x7b, 0xff, 0xf1, 0x8e, 0x7a, 0xff,
  0xf0, 0x8c, 0x79, 0xff, 0xf0, 0x8c, 0x78, 0xff, 0xf0, 0x8c, 0x78, 0xff,
  0xf0, 0x8c, 0x78, 0xff, 0xee, 0x8a, 0x77, 0xff, 0xee, 0x89, 0x75, 0xff,
  0xef, 0x89, 0x74, 0xff, 0xef, 0x8a, 0x76, 0xff, 0xef, 0x8a, 0x75, 0xff,
  0xee, 0x88, 0x73, 0xff, 0xee, 0x88, 0x72, 0xff, 0xee, 0x87, 0x72, 0xff,
  0xee, 0x86, 0x70, 0xff, 0xed, 0x84, 0x6e, 0xff, 0xed, 0x83, 0x6e, 0xff,
  0xed, 0x82, 0x6d, 0xff, 0xec, 0x80, 0x6a, 0xf7, 0xed, 0x7e, 0x67, 0x15,
  0xeb, 0x77, 0x5e, 0x00, 0xea, 0x78, 0x5f, 0x00, 0xfb, 0xed, 0xeb, 0x00,
  0xfd, 0xf1, 0xf0, 0x00, 0xf6, 0xb8, 0xb0, 0x00, 0xf3, 0xaa, 0x9e, 0x00,
  0xf3, 0xa6, 0x99, 0x88, 0xf3, 0xa5, 0x99, 0xff, 0xf2, 0xa4, 0x97, 0xff,
  0xf2, 0xa3, 0x96, 0xff, 0xf2, 0xa3, 0x95, 0xff, 0xf1, 0xa1, 0x93, 0xff,
  0xf2, 0xa1, 0x93, 0xff, 0xf2, 0xa1, 0x93, 0xff, 0xf3, 0xa0, 0x92, 0xff,
  0xf2, 0xa0, 0x91, 0xff, 0xf2, 0x9f, 0x90, 0xff, 0xf2, 0x9f, 0x90, 0xff,
  0xf3, 0x9f, 0x8f, 0xff, 0xf3, 0x9f, 0x8f, 0xff, 0xf2, 0x9e, 0x8e, 0xff,
  0xf2, 0x9e, 0x8e, 0xff, 0xf3, 0x9d, 0x8d, 0xff, 0xf3, 0x9c, 0x8b, 0xff,
  0xf3, 0x9c, 0x8c, 0xff, 0xf3, 0x9c, 0x8c, 0xff, 0xf2, 0x9b, 0x8a, 0xff,
  0xf2, 0x9a, 0x8a, 0xff, 0xf2, 0x9a, 0x89, 0xff, 0xf3, 0x9a, 0x89, 0xff,
  0xf3, 0x99, 0x89, 0xff, 0xf2, 0x99, 0x88, 0xff, 0xf2, 0x99, 0x88, 0xff,
  0xf3, 0x99, 0x88, 0xff, 0xf3, 0x99, 0x88, 0xff, 0xf3, 0x99, 0x88, 0xff,
  0xf3, 0x98, 0x87, 0xff, 0xf4, 0x99, 0x87, 0xff, 0xf5, 0x9a, 0x88, 0xff,
  0xf4, 0x99, 0x87, 0xff, 0xf4, 0x99, 0x87, 0xff, 0xf4, 0x98, 0x87, 0xff,
  0xf5, 0x99, 0x87, 0xff, 0xf5, 0x99, 0x87, 0xff, 0xf5, 0x99, 0x87, 0xff,
  0xf5, 0x99, 0x86, 0xff, 0xf4, 0x98, 0x85, 0xff, 0xf5, 0x97, 0x84, 0xff,
  0xf5, 0x98, 0x85, 0xff, 0xf4, 0x98, 0x86, 0xff, 0xf5, 0x99, 0x86, 0xff,
  0xf6, 0x98, 0x85, 0xff, 0xf5, 0x98, 0x85, 0xff, 0xf5, 0x97, 0x84, 0xff,
  0xf6, 0x97, 0x84, 0xff, 0xf6, 0x97, 0x83, 0xff, 0xf5, 0x96, 0x83, 0xff,
  0xf5, 0x96, 0x83, 0xff, 0xf6, 0x96, 0x82, 0xff, 0xf5, 0x95, 0x82, 0xff,
  0xf5, 0x95, 0x82, 0xff, 0xf6, 0x94, 0x81, 0xff, 0xf5, 0x94, 0x81, 0xff,
  0xf5, 0x95, 0x81, 0xff, 0xf6, 0x94, 0x81, 0xff, 0xf6, 0x95, 0x81, 0xff,
  0xf6, 0x95, 0x82, 0xff, 0xf6, 0x95, 0x82, 0xff, 0xf6, 0x94, 0x81, 0xff,
  0xf6, 0x94, 0x80, 0xff, 0xf6, 0x94, 0x7f, 0xff, 0xf6, 0x94, 0x80, 0xff,
  0xf5, 0x94, 0x80, 0xff, 0xf5, 0x94, 0x80, 0xff, 0xf5, 0x93, 0x7f, 0xff,
  0xf5, 0x92, 0x7e, 0xff, 0xf5, 0x92, 0x7e, 0xff, 0xf4, 0x92, 0x7e, 0xff,
  0xf4, 0x92, 0x7e, 0xff, 0xf3, 0x91, 0x7d, 0xff, 0xf3, 0x90, 0x7d, 0xff,
  0xf2, 0x8f, 0x7c, 0xff, 0xf3, 0x8f, 0x7c, 0xff, 0xf3, 0x90, 0x7c, 0xff,
  0xf2, 0x8f, 0x7c, 0xff, 0xf1, 0x8f, 0x7c, 0xff, 0xf2, 0x8f, 0x7b, 0xff,
  0xf2, 0x8e, 0x7b, 0xff, 0xf2, 0x8f, 0x7b, 0xff, 0xf2, 0x8e, 0x7a, 0xff,
  0xf1, 0x8d, 0x79, 0xff, 0xf0, 0x8d, 0x79, 0xff, 0xf0, 0x8d, 0x79, 0xff,
  0xf0, 0x8c, 0x78, 0xff, 0xef, 0x8b, 0x77, 0xff, 0xef, 0x8b, 0x77, 0xff,
  0xf0, 0x8b, 0x76, 0xff, 0xee, 0x8a, 0x76, 0xff, 0xee, 0x8a, 0x76, 0xff,
  0xef, 0x8a, 0x75, 0xff, 0xef, 0x89, 0x73, 0xff, 0xef, 0x89, 0x73, 0xff,
  0xef, 0x86, 0x70, 0xff, 0xed, 0x84, 0x6f, 0xff, 0xed, 0x84, 0x6e, 0xff,
  0xed, 0x82, 0x6d, 0xff, 0xed, 0x80, 0x6a, 0xff, 0xed, 0x7d, 0x66, 0x88,
  0xec, 0x7b, 0x62, 0x00, 0xe7, 0x6d, 0x51, 0x00, 0xf6, 0xd7, 0xd1, 0x00,
  0xfc, 0xe9, 0xe7, 0x00, 0xf6, 0xb3, 0xaa, 0x00, 0xf3, 0xa9, 0x9d, 0x09,
  0xf3, 0xa5, 0x98, 0xf3, 0xf3, 0xa5, 0x97, 0xff, 0xf2, 0xa3, 0x95, 0xff,
  0xf2, 0xa2, 0x94, 0xff, 0xf2, 0xa1, 0x93, 0xff, 0xf2, 0xa1, 0x92, 0xff,
  0xf2, 0xa1, 0x93, 0xff, 0xf1, 0xa1, 0x92, 0xff, 0xf2, 0xa0, 0x91, 0xff,
  0xf2, 0x9f, 0x90, 0xff, 0xf2, 0x9f, 0x8f, 0xff, 0xf2, 0x9e, 0x8e, 0xff,
  0xf3, 0x9e, 0x8e, 0xff, 0xf3, 0x9e, 0x8e, 0xff, 0xf3, 0x9d, 0x8d, 0xff,
  0xf3, 0x9d, 0x8d, 0xff, 0xf2, 0x9c, 0x8c, 0xff, 0xf3, 0x9b, 0x8b, 0xff,
  0xf3, 0x9b, 0x8b, 0xff, 0xf3, 0x9b, 0x8b, 0xff, 0xf2, 0x9a, 0x8a, 0xff,
  0xf2, 0x9a, 0x89, 0xff, 0xf2, 0x9a, 0x89, 0xff, 0xf3, 0x9a, 0x8a, 0xff,
  0xf3, 0x9a, 0x89, 0xff, 0xf2, 0x99, 0x89, 0xff, 0xf3, 0x99, 0x88, 0xff,
  0xf3, 0x99, 0x87, 0xff, 0xf3, 0x98, 0x87, 0xff, 0xf3, 0x99, 0x87, 0xff,
  0xf3, 0x99, 0x88, 0xff, 0xf4, 0x99, 0x87, 0xff, 0xf5, 0x99, 0x87, 0xff,
  0xf4, 0x98, 0x86, 0xff, 0xf3, 0x98, 0x86, 0xff, 0xf4, 0x99, 0x87, 0xff,
  0xf5, 0x9a, 0x87, 0xff, 0xf5, 0x9a, 0x87, 0xff, 0xf5, 0x99, 0x87, 0xff,
  0xf5, 0x99, 0x86, 0xff, 0xf4, 0x98, 0x85, 0xff, 0xf5, 0x97, 0x84, 0xff,
  0xf5, 0x98, 0x85, 0xff, 0xf5, 0x98, 0x85, 0xff, 0xf5, 0x98, 0x85, 0xff,
  0xf6, 0x98, 0x84, 0xff, 0xf6, 0x97, 0x84, 0xff, 0xf6, 0x97, 0x83, 0xff,
  0xf6, 0x96, 0x82, 0xff, 0xf5, 0x96, 0x82, 0xff, 0xf5, 0x95, 0x82, 0xff,
  0xf5, 0x95, 0x82, 0xff, 0xf6, 0x95, 0x81, 0xff, 0xf6, 0x95, 0x81, 0xff,
  0xf6, 0x95, 0x82, 0xff, 0xf6, 0x95, 0x82, 0xff, 0xf6, 0x95, 0x82, 0xff,
  0xf5, 0x94, 0x81, 0xff, 0xf6, 0x95, 0x81, 0xff, 0xf6, 0x95, 0x81, 0xff,
  0xf6, 0x95, 0x82, 0xff, 0xf6, 0x95, 0x81, 0xff, 0xf6, 0x94, 0x80, 0xff,
  0xf6, 0x93, 0x7f, 0xff, 0xf6, 0x93, 0x7f, 0xff, 0xf6, 0x93, 0x7f, 0xff,
  0xf5, 0x93, 0x7f, 0xff, 0xf5, 0x93, 0x80, 0xff, 0xf6, 0x93, 0x7f, 0xff,
  0xf6, 0x92, 0x7e, 0xff, 0xf5, 0x92, 0x7e, 0xff, 0xf5, 0x91, 0x7d, 0xff,
  0xf5, 0x91, 0x7d, 0xff, 0xf4, 0x91, 0x7d, 0xff, 0xf4, 0x91, 0x7d, 0xff,
  0xf4, 0x91, 0x7d, 0xff, 0xf2, 0x90, 0x7d, 0xff, 0xf2, 0x8f, 0x7c, 0xff,
  0xf3, 0x8f, 0x7c, 0xff, 0xf3, 0x90, 0x7c, 0xff, 0xf3, 0x8f, 0x7b, 0xff,
  0xf2, 0x8f, 0x7b, 0xff, 0xf1, 0x8e, 0x7b, 0xff, 0xf1, 0x8e, 0x7a, 0xff,
  0xf1, 0x8d, 0x79, 0xff, 0xf1, 0x8d, 0x79, 0xff, 0xf0, 0x8c, 0x79, 0xff,
  0xf0, 0x8c, 0x78, 0xff, 0xf0, 0x8b, 0x77, 0xff, 0xf0, 0x8b, 0x77, 0xff,
  0xef, 0x8b, 0x77, 0xff, 0xee, 0x8a, 0x76, 0xff, 0xee, 0x8a, 0x76, 0xff,
  0xef, 0x8a, 0x75, 0xff, 0xee, 0x89, 0x73, 0xff, 0xef, 0x89, 0x74, 0xff,
  0xee, 0x87, 0x72, 0xff, 0xed, 0x85, 0x70, 0xff, 0xed, 0x84, 0x6e, 0xff,
  0xed, 0x83, 0x6e, 0xff, 0xed, 0x81, 0x6b, 0xff, 0xee, 0x7f, 0x67, 0xf3,
  0xed, 0x7d, 0x64, 0x09, 0xe5, 0x68, 0x4c, 0x00, 0xf0, 0xc2, 0xb8, 0x00,
  0xfb, 0xe1, 0xdf, 0x00, 0xf6, 0xb0, 0xa7, 0x00, 0xf4, 0xa9, 0x9d, 0x6a,
  0xf2, 0xa4, 0x97, 0xff, 0xf3, 0xa3, 0x95, 0xff, 0xf3, 0xa2, 0x94, 0xff,
  0xf2, 0xa1, 0x93, 0xff, 0xf2, 0xa0, 0x92, 0xff, 0xf2, 0xa1, 0x92, 0xff,
  0xf2, 0xa0, 0x92, 0xff, 0xf3, 0xa0, 0x91, 0xff, 0xf3, 0xa0, 0x90, 0xff,
  0xf4, 0x9f, 0x90, 0xff, 0xf3, 0x9f, 0x90, 0xff, 0xf2, 0x9d, 0x8e, 0xff,
  0xf2, 0x9d, 0x8d, 0xff, 0xf2, 0x9d, 0x8d, 0xff, 0xf3, 0x9c, 0x8c, 0xff,
  0xf3, 0x9c, 0x8b, 0xff, 0xf3, 0x9b, 0x8b, 0xff, 0xf3, 0x9b, 0x8b, 0xff,
  0xf3, 0x9c, 0x8b, 0xff, 0xf3, 0x9b, 0x8b, 0xff, 0xf2, 0x9a, 0x89, 0xff,
  0xf2, 0x99, 0x89, 0xff, 0xf2, 0x9a, 0x89, 0xff, 0xf3, 0x9a, 0x89, 0xff,
  0xf2, 0x9a, 0x89, 0xff, 0xf2, 0x99, 0x89, 0xff, 0xf3, 0x99, 0x88, 0xff,
  0xf3, 0x99, 0x87, 0xff, 0xf3, 0x98, 0x87, 0xff, 0xf2, 0x99, 0x88, 0xff,
  0xf3, 0x9a, 0x88, 0xff, 0xf4, 0x9a, 0x88, 0xff, 0xf4, 0x99, 0x87, 0xff,
  0xf4, 0x98, 0x86, 0xff, 0xf4, 0x98, 0x86, 0xff, 0xf4, 0x99, 0x86, 0xff,
  0xf5, 0x9a, 0x87, 0xff, 0xf6, 0x9a, 0x87, 0xff, 0xf6, 0x9a, 0x87, 0xff,
  0xf6, 0x99, 0x86, 0xff, 0xf5, 0x98, 0x84, 0xff, 0xf5, 0x97, 0x84, 0xff,
  0xf5, 0x97, 0x85, 0xff, 0xf4, 0x98, 0x85, 0xff, 0xf5, 0x98, 0x86, 0xff,
  0xf5, 0x98, 0x85, 0xff, 0xf5, 0x97, 0x84, 0xff, 0xf5, 0x97, 0x84, 0xff,
  0xf5, 0x97, 0x84, 0xff, 0xf5, 0x96, 0x83, 0xff, 0xf5, 0x95, 0x82, 0xff,
  0xf6, 0x95, 0x81, 0xff, 0xf6, 0x95, 0x81, 0xff, 0xf6, 0x95, 0x81, 0xff,
  0xf5, 0x95, 0x82, 0xff, 0xf5, 0x95, 0x82, 0xff, 0xf5, 0x95, 0x81, 0xff,
  0xf5, 0x94, 0x81, 0xff, 0xf6, 0x94, 0x80, 0xff, 0xf5, 0x95, 0x81, 0xff,
  0xf6, 0x95, 0x82, 0xff, 0xf6, 0x95, 0x81, 0xff, 0xf6, 0x93, 0x80, 0xff,
  0xf5, 0x92, 0x7e, 0xff, 0xf6, 0x93, 0x7f, 0xff, 0xf7, 0x93, 0x7f, 0xff,
  0xf5, 0x92, 0x7e, 0xff, 0xf6, 0x92, 0x7f, 0xff, 0xf6, 0x92, 0x7e, 0xff,
  0xf6, 0x92, 0x7d, 0xff, 0xf6, 0x92, 0x7d, 0xff, 0xf6, 0x91, 0x7d, 0xff,
  0xf5, 0x91, 0x7d, 0xff, 0xf5, 0x91, 0x7c, 0xff, 0xf5, 0x91, 0x7d, 0xff,
  0xf4, 0x91, 0x7d, 0xff, 0xf3, 0x8f, 0x7c, 0xff, 0xf3, 0x8f, 0x7b, 0xff,
  0xf4, 0x90, 0x7c, 0xff, 0xf4, 0x90, 0x7c, 0xff, 0xf3, 0x90, 0x7c, 0xff,
  0xf2, 0x8f, 0x7c, 0xff, 0xf1, 0x8f, 0x7b, 0xff, 0xf1, 0x8e, 0x7a, 0xff,
  0xf1, 0x8d, 0x78, 0xff, 0xf0, 0x8c, 0x78, 0xff, 0xf0, 0x8c, 0x78, 0xff,
  0xf0, 0x8b, 0x77, 0xff, 0xf0, 0x8b, 0x76, 0xff, 0xef, 0x8a, 0x75, 0xff,
  0xee, 0x8a, 0x76, 0xff, 0xee, 0x89, 0x75, 0xff, 0xee, 0x89, 0x75, 0xff,
  0xee, 0x88, 0x74, 0xff, 0xee, 0x88, 0x74, 0xff, 0xef, 0x89, 0x73, 0xff,
  0xee, 0x88, 0x72, 0xff, 0xed, 0x86, 0x70, 0xff, 0xed, 0x85, 0x6f, 0xff,
  0xed, 0x84, 0x6e, 0xff, 0xed, 0x82, 0x6b, 0xff, 0xee, 0x7f, 0x68, 0xff,
  0xed, 0x7f, 0x67, 0x6a, 0xe5, 0x68, 0x4d, 0x00, 0xec, 0xb0, 0xa3, 0x00,
  0xfa, 0xda, 0xd7, 0x00, 0xf5, 0xad, 0xa3, 0x00, 0xf4, 0xa7, 0x9a, 0xc3,
  0xf2, 0xa3, 0x96, 0xff, 0xf4, 0xa4, 0x95, 0xff, 0xf4, 0xa3, 0x94, 0xff,
  0xf3, 0xa0, 0x92, 0xff, 0xf3, 0xa1, 0x92, 0xff, 0xf2, 0xa0, 0x91, 0xff,
  0xf2, 0xa0, 0x91, 0xff, 0xf3, 0xa0, 0x91, 0xff, 0xf3, 0x9e, 0x8f, 0xff,
  0xf3, 0x9e, 0x8e, 0xff, 0xf3, 0x9e, 0x8e, 0xff, 0xf2, 0x9d, 0x8e, 0xff,
  0xf2, 0x9d, 0x8d, 0xff, 0xf2, 0x9c, 0x8c, 0xff, 0xf2, 0x9c, 0x8c, 0xff,
  0xf2, 0x9b, 0x8b, 0xff, 0xf3, 0x9b, 0x8a, 0xff, 0xf3, 0x9b, 0x8a, 0xff,
  0xf3, 0x9b, 0x8b, 0xff, 0xf3, 0x9b, 0x8b, 0xff, 0xf2, 0x9a, 0x8a, 0xff,
  0xf2, 0x99, 0x89, 0xff, 0xf2, 0x9a, 0x89, 0xff, 0xf3, 0x9a, 0x89, 0xff,
  0xf3, 0x99, 0x89, 0xff, 0xf2, 0x99, 0x88, 0xff, 0xf3, 0x99, 0x88, 0xff,
  0xf4, 0x99, 0x88, 0xff, 0xf4, 0x99, 0x87, 0xff, 0xf3, 0x99, 0x88, 0xff,
  0xf3, 0x99, 0x88, 0xff, 0xf4, 0x9a, 0x88, 0xff, 0xf4, 0x99, 0x87, 0xff,
  0xf4, 0x98, 0x86, 0xff, 0xf5, 0x98, 0x86, 0xff, 0xf5, 0x99, 0x86, 0xff,
  0xf5, 0x99, 0x86, 0xff, 0xf5, 0x99, 0x87, 0xff, 0xf6, 0x99, 0x86, 0xff,
  0xf5, 0x99, 0x86, 0xff, 0xf5, 0x98, 0x86, 0xff, 0xf6, 0x95, 0x82, 0xff,
  0xf6, 0x94, 0x80, 0xff, 0xf5, 0x93, 0x7f, 0xff, 0xf5, 0x92, 0x7e, 0xff,
  0xf5, 0x92, 0x7e, 0xff, 0xf5, 0x91, 0x7d, 0xff, 0xf6, 0x91, 0x7d, 0xff,
  0xf6, 0x92, 0x7d, 0xff, 0xf6, 0x91, 0x7c, 0xff, 0xf7, 0x91, 0x7b, 0xff,
  0xf7, 0x91, 0x7b, 0xff, 0xf8, 0x92, 0x7d, 0xff, 0xf8, 0x92, 0x7d, 0xff,
  0xf7, 0x92, 0x7d, 0xff, 0xf8, 0x91, 0x7c, 0xff, 0xf8, 0x91, 0x7c, 0xff,
  0xf8, 0x91, 0x7b, 0xff, 0xf8, 0x91, 0x7c, 0xff, 0xf9, 0x93, 0x7d, 0xff,
  0xf9, 0x93, 0x7e, 0xff, 0xfa, 0x93, 0x7e, 0xff, 0xf9, 0x93, 0x7e, 0xff,
  0xf8, 0x92, 0x7e, 0xff, 0xf7, 0x92, 0x7f, 0xff, 0xf5, 0x92, 0x7e, 0xff,
  0xf6, 0x92, 0x7e, 0xff, 0xf6, 0x92, 0x7e, 0xff, 0xf6, 0x92, 0x7e, 0xff,
  0xf6, 0x92, 0x7d, 0xff, 0xf6, 0x92, 0x7d, 0xff, 0xf6, 0x91, 0x7d, 0xff,
  0xf6, 0x91, 0x7c, 0xff, 0xf5, 0x90, 0x7c, 0xff, 0xf5, 0x90, 0x7c, 0xff,
  0xf5, 0x90, 0x7c, 0xff, 0xf4, 0x8f, 0x7b, 0xff, 0xf4, 0x90, 0x7b, 0xff,
  0xf4, 0x90, 0x7c, 0xff, 0xf4, 0x8f, 0x7b, 0xff, 0xf3, 0x8f, 0x7b, 0xff,
  0xf2, 0x8f, 0x7b, 0xff, 0xf2, 0x8f, 0x7b, 0xff, 0xf2, 0x8e, 0x7a, 0xff,
  0xf1, 0x8d, 0x79, 0xff, 0xf0, 0x8c, 0x78, 0xff, 0xef, 0x8b, 0x77, 0xff,
  0xef, 0x8a, 0x76, 0xff, 0xef, 0x8a, 0x76, 0xff, 0xef, 0x8a, 0x75, 0xff,
  0xef, 0x8a, 0x75, 0xff, 0xee, 0x89, 0x74, 0xff, 0xed, 0x88, 0x74, 0xff,
  0xee, 0x88, 0x74, 0xff, 0xee, 0x88, 0x73, 0xff, 0xee, 0x89, 0x73, 0xff,
  0xee, 0x87, 0x72, 0xff, 0xec, 0x85, 0x70, 0xff, 0xed, 0x85, 0x6f, 0xff,
  0xed, 0x83, 0x6e, 0xff, 0xed, 0x81, 0x6a, 0xff, 0xec, 0x7f, 0x68, 0xff,
  0xec, 0x7e, 0x67, 0xc3, 0xe5, 0x6a, 0x50, 0x00, 0xe8, 0xa3, 0x93, 0x00,
  0xfa, 0xd6, 0xd1, 0x00, 0xf6, 0xac, 0xa1, 0x22, 0xf4, 0xa7, 0x9a, 0xff,
  0xf3, 0xa4, 0x96, 0xff, 0xf4, 0xa3, 0x95, 0xff, 0xf4, 0xa3, 0x94, 0xff,
  0xf4, 0xa1, 0x92, 0xff, 0xf3, 0xa1, 0x92, 0xff, 0xf2, 0x9f, 0x90, 0xff,
  0xf2, 0x9f, 0x90, 0xff, 0xf3, 0x9f, 0x90, 0xff, 0xf2, 0x9e, 0x8f, 0xff,
  0xf2, 0x9d, 0x8d, 0xff, 0xf3, 0x9d, 0x8c, 0xff, 0xf2, 0x9d, 0x8c, 0xff,
  0xf2, 0x9c, 0x8c, 0xff, 0xf2, 0x9b, 0x8b, 0xff, 0xf2, 0x9b, 0x8b, 0xff,
  0xf2, 0x9c, 0x8b, 0xff, 0xf3, 0x9c, 0x8b, 0xff, 0xf3, 0x9c, 0x8b, 0xff,
  0xf3, 0x9b, 0x8a, 0xff, 0xf3, 0x9a, 0x8a, 0xff, 0xf3, 0x9b, 0x8a, 0xff,
  0xf3, 0x9a, 0x8a, 0xff, 0xf3, 0x9a, 0x8a, 0xff, 0xf4, 0x9a, 0x89, 0xff,
  0xf3, 0x9a, 0x89, 0xff, 0xf2, 0x9a, 0x88, 0xff, 0xf3, 0x99, 0x88, 0xff,
  0xf4, 0x99, 0x87, 0xff, 0xf3, 0x99, 0x87, 0xff, 0xf3, 0x99, 0x88, 0xff,
  0xf4, 0x99, 0x88, 0xff, 0xf5, 0x9a, 0x88, 0xff, 0xf5, 0x99, 0x87, 0xff,
  0xf4, 0x99, 0x87, 0xff, 0xf5, 0x98, 0x86, 0xff, 0xf4, 0x98, 0x86, 0xff,
  0xf4, 0x98, 0x86, 0xff, 0xf5, 0x99, 0x86, 0xff, 0xf5, 0x99, 0x87, 0xff,
  0xf4, 0x96, 0x82, 0xff, 0xf5, 0x94, 0x80, 0xff, 0xf5, 0x9f, 0x8d, 0xff,
  0xf4, 0xa9, 0x9c, 0xff, 0xf1, 0xae, 0xa3, 0xff, 0xef, 0xae, 0xa4, 0xff,
  0xed, 0xae, 0xa4, 0xff, 0xec, 0xac, 0xa3, 0xff, 0xeb, 0xac, 0xa2, 0xff,
  0xea, 0xaa, 0xa1, 0xff, 0xe8, 0xa8, 0x9e, 0xff, 0xe9, 0xa6, 0x9d, 0xff,
  0xe9, 0xa7, 0x9d, 0xff, 0xe9, 0xa7, 0x9c, 0xff, 0xe8, 0xa5, 0x9b, 0xff,
  0xe5, 0xa3, 0x98, 0xff, 0xe6, 0xa2, 0x97, 0xff, 0xe7, 0xa1, 0x97, 0xff,
  0xe5, 0x9f, 0x94, 0xff, 0xe5, 0x9e, 0x94, 0xff, 0xe4, 0x9b, 0x91, 0xff,
  0xe4, 0x9b, 0x90, 0xff, 0xe5, 0x99, 0x8c, 0xff, 0xe5, 0x96, 0x88, 0xff,
  0xeb, 0x94, 0x84, 0xff, 0xf5, 0x94, 0x82, 0xff, 0xfd, 0x97, 0x84, 0xff,
  0xf8, 0x93, 0x80, 0xff, 0xf5, 0x90, 0x7c, 0xff, 0xf6, 0x91, 0x7d, 0xff,
  0xf6, 0x91, 0x7c, 0xff, 0xf7, 0x91, 0x7c, 0xff, 0xf6, 0x91, 0x7c, 0xff,
  0xf5, 0x90, 0x7c, 0xff, 0xf5, 0x90, 0x7c, 0xff, 0xf6, 0x90, 0x7c, 0xff,
  0xf5, 0x8f, 0x7b, 0xff, 0xf4, 0x8f, 0x7b, 0xff, 0xf4, 0x8e, 0x7a, 0xff,
  0xf4, 0x8f, 0x7b, 0xff, 0xf3, 0x8f, 0x7b, 0xff, 0xf3, 0x8f, 0x7b, 0xff,
  0xf3, 0x8e, 0x7a, 0xff, 0xf3, 0x8e, 0x79, 0xff, 0xf2, 0x8d, 0x79, 0xff,
  0xf1, 0x8c, 0x78, 0xff, 0xf1, 0x8c, 0x78, 0xff, 0xf0, 0x8c, 0x77, 0xff,
  0xef, 0x8a, 0x76, 0xff, 0xef, 0x8a, 0x76, 0xff, 0xef, 0x8a, 0x75, 0xff,
  0xef, 0x89, 0x74, 0xff, 0xee, 0x89, 0x74, 0xff, 0xed, 0x89, 0x74, 0xff,
  0xee, 0x89, 0x74, 0xff, 0xef, 0x89, 0x74, 0xff, 0xee, 0x89, 0x74, 0xff,
  0xed, 0x87, 0x72, 0xff, 0xed, 0x86, 0x70, 0xff, 0xed, 0x85, 0x6f, 0xff,
  0xec, 0x83, 0x6d, 0xff, 0xeb, 0x80, 0x6a, 0xff, 0xeb, 0x7f, 0x68, 0xff,
  0xeb, 0x7e, 0x67, 0xff, 0xe5, 0x6c, 0x52, 0x22, 0xe5, 0x9a, 0x89, 0x00,
  0xfa, 0xd2, 0xcc, 0x00, 0xf5, 0xac, 0xa1, 0x6a, 0xf3, 0xa7, 0x9a, 0xff,
  0xf3, 0xa4, 0x96, 0xff, 0xf3, 0xa3, 0x94, 0xff, 0xf3, 0xa2, 0x93, 0xff,
  0xf4, 0xa2, 0x93, 0xff, 0xf3, 0xa1, 0x91, 0xff, 0xf2, 0x9f, 0x90, 0xff,
  0xf2, 0x9e, 0x8f, 0xff, 0xf3, 0x9e, 0x8f, 0xff, 0xf3, 0x9f, 0x8f, 0xff,
  0xf3, 0x9d, 0x8d, 0xff, 0xf3, 0x9d, 0x8c, 0xff, 0xf2, 0x9d, 0x8c, 0xff,
  0xf2, 0x9c, 0x8c, 0xff, 0xf2, 0x9d, 0x8c, 0xff, 0xf2, 0x9c, 0x8c, 0xff,
  0xf3, 0x9c, 0x8c, 0xff, 0xf4, 0x9c, 0x8b, 0xff, 0xf3, 0x9b, 0x8a, 0xff,
  0xf3, 0x9a, 0x89, 0xff, 0xf4, 0x9a, 0x89, 0xff, 0xf3, 0x9a, 0x89, 0xff,
  0xf3, 0x9a, 0x89, 0xff, 0xf3, 0x9a, 0x89, 0xff, 0xf4, 0x9a, 0x89, 0xff,
  0xf4, 0x9b, 0x89, 0xff, 0xf4, 0x9b, 0x89, 0xff, 0xf4, 0x9a, 0x87, 0xff,
  0xf4, 0x99, 0x87, 0xff, 0xf4, 0x99, 0x87, 0xff, 0xf4, 0x99, 0x87, 0xff,
  0xf5, 0x99, 0x86, 0xff, 0xf4, 0x98, 0x86, 0xff, 0xf5, 0x98, 0x86, 0xff,
  0xf5, 0x99, 0x87, 0xff, 0xf5, 0x99, 0x87, 0xff, 0xf5, 0x99, 0x87, 0xff,
  0xf5, 0x99, 0x87, 0xff, 0xf6, 0x9a, 0x87, 0xff, 0xf5, 0x95, 0x81, 0xff,
  0xf5, 0xa2, 0x91, 0xff, 0xf6, 0xc8, 0xc2, 0xff, 0xf3, 0xd6, 0xd5, 0xff,
  0xee, 0xcf, 0xcf, 0xff, 0xe9, 0xc6, 0xc5, 0xff, 0xe6, 0xbf, 0xbf, 0xff,
  0xe1, 0xb8, 0xb7, 0xff, 0xdf, 0xb6, 0xb6, 0xff, 0xdd, 0xb2, 0xb0, 0xff,
  0xda, 0xac, 0xac, 0xff, 0xd8, 0xaa, 0xa9, 0xff, 0xd6, 0xa8, 0xa7, 0xff,
  0xd4, 0xa4, 0xa3, 0xff, 0xd4, 0xa3, 0xa2, 0xff, 0xd2, 0xa0, 0x9f, 0xff,
  0xd0, 0xa0, 0x9e, 0xff, 0xd0, 0x9f, 0x9d, 0xff, 0xd0, 0x9e, 0x9c, 0xff,
  0xce, 0x9b, 0x98, 0xff, 0xc9, 0x95, 0x92, 0xff, 0xc7, 0x92, 0x90, 0xff,
  0xc3, 0x8e, 0x8c, 0xff, 0xbf, 0x89, 0x86, 0xff, 0xba, 0x81, 0x7d, 0xff,
  0xb3, 0x77, 0x72, 0xff, 0xb1, 0x6e, 0x66, 0xff, 0xc9, 0x79, 0x6b, 0xff,
  0xf5, 0x93, 0x80, 0xff, 0xfa, 0x94, 0x80, 0xff, 0xf6, 0x90, 0x7c, 0xff,
  0xf8, 0x91, 0x7c, 0xff, 0xf6, 0x90, 0x7b, 0xff, 0xf6, 0x90, 0x7b, 0xff,
  0xf7, 0x90, 0x7b, 0xff, 0xf5, 0x8f, 0x7b, 0xff, 0xf6, 0x8f, 0x7a, 0xff,
  0xf6, 0x8e, 0x7a, 0xff, 0xf5, 0x8e, 0x7a, 0xff, 0xf5, 0x8f, 0x7b, 0xff,
  0xf4, 0x8f, 0x7b, 0xff, 0xf4, 0x8f, 0x7b, 0xff, 0xf4, 0x8f, 0x7a, 0xff,
  0xf3, 0x8e, 0x79, 0xff, 0xf3, 0x8d, 0x79, 0xff, 0xf1, 0x8c, 0x78, 0xff,
  0xf1, 0x8c, 0x78, 0xff, 0xf1, 0x8b, 0x77, 0xff, 0xf1, 0x8a, 0x76, 0xff,
  0xf0, 0x8a, 0x76, 0xff, 0xf1, 0x8b, 0x76, 0xff, 0xf0, 0x8a, 0x76, 0xff,
  0xef, 0x8a, 0x75, 0xff, 0xef, 0x8a, 0x75, 0xff, 0xee, 0x89, 0x75, 0xff,
  0xee, 0x88, 0x74, 0xff, 0xee, 0x88, 0x74, 0xff, 0xee, 0x88, 0x73, 0xff,
  0xed, 0x87, 0x72, 0xff, 0xed, 0x85, 0x70, 0xff, 0xed, 0x84, 0x6f, 0xff,
  0xec, 0x83, 0x6d, 0xff, 0xec, 0x81, 0x6a, 0xff, 0xec, 0x7f, 0x69, 0xff,
  0xeb, 0x7f, 0x68, 0xff, 0xe7, 0x6f, 0x55, 0x6a, 0xe4, 0x93, 0x81, 0x00,
  0xfa, 0xce, 0xc8, 0x00, 0xf5, 0xaa, 0x9f, 0xaa, 0xf3, 0xa5, 0x98, 0xff,
  0xf3, 0xa4, 0x95, 0xff, 0xf3, 0xa3, 0x94, 0xff, 0xf3, 0xa1, 0x93, 0xff,
  0xf3, 0xa1, 0x92, 0xff, 0xf3, 0xa0, 0x91, 0xff, 0xf3, 0x9f, 0x90, 0xff,
  0xf3, 0x9e, 0x8f, 0xff, 0xf3, 0x9e, 0x8f, 0xff, 0xf3, 0x9d, 0x8e, 0xff,
  0xf3, 0x9d, 0x8d, 0xff, 0xf3, 0x9d, 0x8d, 0xff, 0xf3, 0x9d, 0x8c, 0xff,
  0xf3, 0x9d, 0x8d, 0xff, 0xf2, 0x9c, 0x8c, 0xff, 0xf2, 0x9b, 0x8b, 0xff,
  0xf2, 0x9b, 0x8b, 0xff, 0xf3, 0x9b, 0x8a, 0xff, 0xf3, 0x9a, 0x8a, 0xff,
  0xf3, 0x9a, 0x89, 0xff, 0xf3, 0x99, 0x88, 0xff, 0xf3, 0x99, 0x88, 0xff,
  0xf3, 0x9a, 0x88, 0xff, 0xf3, 0x9a, 0x89, 0xff, 0xf4, 0x9b, 0x89, 0xff,
  0xf4, 0x9b, 0x8a, 0xff, 0xf5, 0x9a, 0x89, 0xff, 0xf5, 0x9a, 0x87, 0xff,
  0xf5, 0x9a, 0x87, 0xff, 0xf5, 0x9a, 0x88, 0xff, 0xf4, 0x99, 0x87, 0xff,
  0xf5, 0x99, 0x87, 0xff, 0xf5, 0x99, 0x86, 0xff, 0xf5, 0x98, 0x85, 0xff,
  0xf6, 0x99, 0x86, 0xff, 0xf6, 0x99, 0x87, 0xff, 0xf6, 0x99, 0x87, 0xff,
  0xf6, 0x9a, 0x87, 0xff, 0xf6, 0x96, 0x81, 0xff, 0xf6, 0xa9, 0x9a, 0xff,
  0xf6, 0xdd, 0xdc, 0xff, 0xf3, 0xde, 0xdf, 0xff, 0xe4, 0xba, 0xb9, 0xff,
  0xd2, 0x9d, 0x99, 0xff, 0xc5, 0x8b, 0x87, 0xff, 0xbe, 0x81, 0x7c, 0xff,
  0xba, 0x7d, 0x77, 0xff, 0xb6, 0x79, 0x73, 0xff, 0xb1, 0x72, 0x6c, 0xff,
  0xb0, 0x71, 0x6b, 0xff, 0xaf, 0x70, 0x6a, 0xff, 0xab, 0x6c, 0x66, 0xff,
  0xa9, 0x6a, 0x64, 0xff, 0xa9, 0x68, 0x62, 0xff, 0xa6, 0x68, 0x62, 0xff,
  0xa6, 0x69, 0x62, 0xff, 0xa5, 0x67, 0x61, 0xff, 0xa5, 0x66, 0x5f, 0xff,
  0xa2, 0x64, 0x5d, 0xff, 0xa1, 0x62, 0x5c, 0xff, 0xa2, 0x63, 0x5c, 0xff,
  0xa0, 0x61, 0x5b, 0xff, 0xa0, 0x61, 0x5b, 0xff, 0x9d, 0x5e, 0x56, 0xff,
  0x98, 0x59, 0x52, 0xff, 0x8d, 0x4e, 0x47, 0xff, 0x7b, 0x3f, 0x36, 0xff,
  0x92, 0x4d, 0x40, 0xff, 0xee, 0x8c, 0x79, 0xff, 0xfc, 0x93, 0x7f, 0xff,
  0xf6, 0x8f, 0x7a, 0xff, 0xf7, 0x8f, 0x7a, 0xff, 0xf7, 0x8f, 0x7a, 0xff,
  0xf7, 0x8f, 0x7a, 0xff, 0xf6, 0x8e, 0x7a, 0xff, 0xf6, 0x8e, 0x79, 0xff,
  0xf6, 0x8e, 0x79, 0xff, 0xf6, 0x8e, 0x79, 0xff, 0xf5, 0x8e, 0x7a, 0xff,
  0xf6, 0x8f, 0x7a, 0xff, 0xf5, 0x8e, 0x7a, 0xff, 0xf5, 0x8e, 0x79, 0xff,
  0xf4, 0x8d, 0x79, 0xff, 0xf3, 0x8d, 0x78, 0xff, 0xf1, 0x8c, 0x78, 0xff,
  0xf1, 0x8c, 0x78, 0xff, 0xf0, 0x8b, 0x77, 0xff, 0xf0, 0x8a, 0x76, 0xff,
  0xf0, 0x8a, 0x75, 0xff, 0xf0, 0x8a, 0x76, 0xff, 0xf1, 0x8b, 0x76, 0xff,
  0xef, 0x8a, 0x75, 0xff, 0xef, 0x8a, 0x75, 0xff, 0xef, 0x89, 0x75, 0xff,
  0xef, 0x88, 0x74, 0xff, 0xed, 0x87, 0x73, 0xff, 0xec, 0x86, 0x72, 0xff,
  0xec, 0x86, 0x71, 0xff, 0xed, 0x85, 0x70, 0xff, 0xed, 0x84, 0x6f, 0xff,
  0xed, 0x83, 0x6d, 0xff, 0xec, 0x81, 0x6b, 0xff, 0xeb, 0x7f, 0x69, 0xff,
  0xec, 0x7f, 0x68, 0xff, 0xe8, 0x71, 0x57, 0xaa, 0xe3, 0x8d, 0x7b, 0x00,
  0xf9, 0xcb, 0xc4, 0x00, 0xf5, 0xaa, 0x9e, 0xe1, 0xf4, 0xa5, 0x97, 0xff,
  0xf4, 0xa3, 0x95, 0xff, 0xf3, 0xa2, 0x93, 0xff, 0xf3, 0xa1, 0x92, 0xff,
  0xf3, 0xa1, 0x92, 0xff, 0xf2, 0xa0, 0x92, 0xff, 0xf2, 0x9f, 0x90, 0xff,
  0xf3, 0x9f, 0x8f, 0xff, 0xf3, 0x9e, 0x8e, 0xff, 0xf3, 0x9d, 0x8d, 0xff,
  0xf3, 0x9d, 0x8d, 0xff, 0xf3, 0x9c, 0x8c, 0xff, 0xf3, 0x9b, 0x8b, 0xff,
  0xf2, 0x9b, 0x8b, 0xff, 0xf2, 0x9b, 0x8a, 0xff, 0xf2, 0x9a, 0x8b, 0xff,
  0xf2, 0x9a, 0x8a, 0xff, 0xf2, 0x99, 0x89, 0xff, 0xf2, 0x9a, 0x89, 0xff,
  0xf3, 0x9a, 0x89, 0xff, 0xf3, 0x9a, 0x89, 0xff, 0xf3, 0x9a, 0x89, 0xff,
  0xf3, 0x9a, 0x89, 0xff, 0xf4, 0x9a, 0x88, 0xff, 0xf4, 0x9a, 0x89, 0xff,
  0xf4, 0x9a, 0x89, 0xff, 0xf4, 0x9a, 0x88, 0xff, 0xf5, 0x99, 0x87, 0xff,
  0xf5, 0x99, 0x87, 0xff, 0xf5, 0x9a, 0x88, 0xff, 0xf5, 0x99, 0x87, 0xff,
  0xf6, 0x99, 0x87, 0xff, 0xf5, 0x99, 0x86, 0xff, 0xf6, 0x99, 0x86, 0xff,
  0xf6, 0x99, 0x86, 0xff, 0xf6, 0x99, 0x86, 0xff, 0xf6, 0x99, 0x86, 0xff,
  0xf7, 0x97, 0x83, 0xff, 0xf6, 0x9f, 0x8c, 0xff, 0xf2, 0xd1, 0xce, 0xff,
  0xef, 0xd1, 0xd1, 0xff, 0xd3, 0x9f, 0x9b, 0xff, 0xac, 0x6c, 0x66, 0xff,
  0x98, 0x58, 0x52, 0xff, 0x8e, 0x4f, 0x48, 0xff, 0x88, 0x49, 0x42, 0xff,
  0x87, 0x4a, 0x42, 0xff, 0x83, 0x46, 0x3e, 0xff, 0x82, 0x45, 0x3e, 0xff,
  0x81, 0x44, 0x3d, 0xff, 0x80, 0x44, 0x3d, 0xff, 0x7f, 0x43, 0x3c, 0xff,
  0x7d, 0x42, 0x3a, 0xff, 0x7e, 0x43, 0x3c, 0xff, 0x7d, 0x43, 0x3c, 0xff,
  0x7b, 0x41, 0x3a, 0xff, 0x7a, 0x40, 0x39, 0xff, 0x79, 0x3f, 0x37, 0xff,
  0x77, 0x3d, 0x36, 0xff, 0x77, 0x3d, 0x35, 0xff, 0x75, 0x3b, 0x33, 0xff,
  0x76, 0x3c, 0x34, 0xff, 0x78, 0x3e, 0x37, 0xff, 0x78, 0x3e, 0x36, 0xff,
  0x7a, 0x40, 0x38, 0xff, 0x7a, 0x3f, 0x37, 0xff, 0x6f, 0x37, 0x2e, 0xff,
  0x5f, 0x2a, 0x20, 0xff, 0x8e, 0x47, 0x39, 0xff, 0xf7, 0x8e, 0x7b, 0xff,
  0xf7, 0x8e, 0x7a, 0xff, 0xf7, 0x8e, 0x79, 0xff, 0xf6, 0x8d, 0x79, 0xff,
  0xf6, 0x8d, 0x78, 0xff, 0xf6, 0x8d, 0x78, 0xff, 0xf6, 0x8e, 0x79, 0xff,
  0xf6, 0x8d, 0x78, 0xff, 0xf5, 0x8c, 0x78, 0xff, 0xf6, 0x8e, 0x79, 0xff,
  0xf6, 0x8e, 0x79, 0xff, 0xf5, 0x8d, 0x78, 0xff, 0xf5, 0x8d, 0x78, 0xff,
  0xf4, 0x8d, 0x79, 0xff, 0xf3, 0x8c, 0x78, 0xff, 0xf2, 0x8b, 0x78, 0xff,
  0xf1, 0x8b, 0x78, 0xff, 0xf0, 0x8b, 0x77, 0xff, 0xf0, 0x8a, 0x76, 0xff,
  0xf0, 0x8a, 0x75, 0xff, 0xf0, 0x8a, 0x76, 0xff, 0xf0, 0x8b, 0x76, 0xff,
  0xef, 0x8a, 0x75, 0xff, 0xee, 0x88, 0x74, 0xff, 0xee, 0x88, 0x74, 0xff,
  0xef, 0x89, 0x74, 0xff, 0xee, 0x88, 0x73, 0xff, 0xed, 0x87, 0x72, 0xff,
  0xed, 0x86, 0x71, 0xff, 0xed, 0x85, 0x70, 0xff, 0xed, 0x84, 0x6f, 0xff,
  0xed, 0x83, 0x6e, 0xff, 0xec, 0x81, 0x6c, 0xff, 0xeb, 0x7f, 0x68, 0xff,
  0xeb, 0x7e, 0x67, 0xff, 0xe8, 0x72, 0x59, 0xe1, 0xe2, 0x89, 0x75, 0x00,
  0xf9, 0xc8, 0xc1, 0x15, 0xf5, 0xa9, 0x9d, 0xff, 0xf4, 0xa4, 0x96, 0xff,
  0xf4, 0xa2, 0x93, 0xff, 0xf3, 0xa1, 0x93, 0xff, 0xf2, 0xa0, 0x91, 0xff,
  0xf3, 0x9f, 0x91, 0xff, 0xf2, 0x9f, 0x90, 0xff, 0xf1, 0x9e, 0x8f, 0xff,
  0xf2, 0x9e, 0x8f, 0xff, 0xf3, 0x9e, 0x8e, 0xff, 0xf2, 0x9c, 0x8c, 0xff,
  0xf3, 0x9c, 0x8c, 0xff, 0xf3, 0x9c, 0x8b, 0xff, 0xf2, 0x9b, 0x8a, 0xff,
  0xf2, 0x9a, 0x89, 0xff, 0xf2, 0x9a, 0x8a, 0xff, 0xf2, 0x9a, 0x8a, 0xff,
  0xf2, 0x9a, 0x89, 0xff, 0xf2, 0x99, 0x89, 0xff, 0xf2, 0x99, 0x88, 0xff,
  0xf3, 0x9a, 0x8a, 0xff, 0xf3, 0x9a, 0x8a, 0xff, 0xf3, 0x9a, 0x89, 0xff,
  0xf3, 0x9a, 0x89, 0xff, 0xf3, 0x99, 0x88, 0xff, 0xf4, 0x99, 0x87, 0xff,
  0xf4, 0x99, 0x87, 0xff, 0xf4, 0x99, 0x87, 0xff, 0xf5, 0x98, 0x86, 0xff,
  0xf5, 0x99, 0x86, 0xff, 0xf5, 0x9a, 0x87, 0xff, 0xf6, 0x9a, 0x87, 0xff,
  0xf6, 0x99, 0x87, 0xff, 0xf6, 0x99, 0x86, 0xff, 0xf6, 0x99, 0x86, 0xff,
  0xf7, 0x99, 0x86, 0xff, 0xf6, 0x98, 0x85, 0xff, 0xf6, 0x99, 0x86, 0xff,
  0xf7, 0x96, 0x81, 0xff, 0xf0, 0xb6, 0xac, 0xff, 0xea, 0xc7, 0xc7, 0xff,
  0xd5, 0x9e, 0x9b, 0xff, 0x9f, 0x5e, 0x58, 0xff, 0x89, 0x4b, 0x43, 0xff,
  0x84, 0x46, 0x3e, 0xff, 0x81, 0x45, 0x3d, 0xff, 0x81, 0x44, 0x3c, 0xff,
  0x7d, 0x42, 0x3a, 0xff, 0x7d, 0x42, 0x3a, 0xff, 0x7d, 0x42, 0x3a, 0xff,
  0x7b, 0x41, 0x39, 0xff, 0x7a, 0x40, 0x38, 0xff, 0x78, 0x3f, 0x38, 0xff,
  0x79, 0x40, 0x39, 0xff, 0x78, 0x3f, 0x37, 0xff, 0x78, 0x3f, 0x37, 0xff,
  0x77, 0x3e, 0x37, 0xff, 0x75, 0x3c, 0x34, 0xff, 0x74, 0x3b, 0x33, 0xff,
  0x76, 0x3c, 0x34, 0xff, 0x72, 0x3a, 0x32, 0xff, 0x70, 0x38, 0x31, 0xff,
  0x71, 0x39, 0x31, 0xff, 0x70, 0x38, 0x31, 0xff, 0x6f, 0x38, 0x30, 0xff,
  0x6c, 0x36, 0x2e, 0xff, 0x6e, 0x37, 0x2f, 0xff, 0x69, 0x34, 0x2b, 0xff,
  0x5f, 0x2b, 0x22, 0xff, 0x55, 0x21, 0x17, 0xff, 0xba, 0x63, 0x52, 0xff,
  0xff, 0x92, 0x7d, 0xff, 0xf4, 0x8a, 0x75, 0xff, 0xf5, 0x8b, 0x76, 0xff,
  0xf5, 0x8b, 0x77, 0xff, 0xf6, 0x8c, 0x78, 0xff, 0xf6, 0x8c, 0x77, 0xff,
  0xf6, 0x8c, 0x77, 0xff, 0xf6, 0x8c, 0x76, 0xff, 0xf5, 0x8d, 0x77, 0xff,
  0xf5, 0x8d, 0x78, 0xff, 0xf6, 0x8c, 0x77, 0xff, 0xf5, 0x8c, 0x77, 0xff,
  0xf5, 0x8d, 0x78, 0xff, 0xf4, 0x8d, 0x78, 0xff, 0xf3, 0x8b, 0x77, 0xff,
  0xf2, 0x8a, 0x76, 0xff, 0xf2, 0x89, 0x75, 0xff, 0xf2, 0x89, 0x75, 0xff,
  0xf0, 0x8a, 0x75, 0xff, 0xf0, 0x8a, 0x75, 0xff, 0xf0, 0x8a, 0x75, 0xff,
  0xef, 0x8a, 0x75, 0xff, 0xef, 0x8a, 0x75, 0xff, 0xee, 0x89, 0x74, 0xff,
  0xee, 0x88, 0x74, 0xff, 0xee, 0x88, 0x73, 0xff, 0xee, 0x87, 0x73, 0xff,
  0xee, 0x87, 0x72, 0xff, 0xed, 0x86, 0x71, 0xff, 0xec, 0x84, 0x6f, 0xff,
  0xec, 0x83, 0x6e, 0xff, 0xec, 0x83, 0x6d, 0xff, 0xec, 0x80, 0x69, 0xff,
  0xeb, 0x7f, 0x68, 0xff, 0xe9, 0x73, 0x5b, 0xff, 0xe3, 0x85, 0x70, 0x15,
  0xf9, 0xc4, 0xbd, 0x3b, 0xf5, 0xa8, 0x9b, 0xff, 0xf4, 0xa4, 0x95, 0xff,
  0xf3, 0xa1, 0x93, 0xff, 0xf2, 0xa0, 0x92, 0xff, 0xf2, 0xa0, 0x91, 0xff,
  0xf3, 0x9f, 0x90, 0xff, 0xf2, 0x9e, 0x8f, 0xff, 0xf3, 0x9e, 0x8f, 0xff,
  0xf3, 0x9e, 0x8e, 0xff, 0xf3, 0x9d, 0x8e, 0xff, 0xf3, 0x9d, 0x8d, 0xff,
  0xf4, 0x9d, 0x8c, 0xff, 0xf4, 0x9c, 0x8b, 0xff, 0xf2, 0x9a, 0x8a, 0xff,
  0xf2, 0x9a, 0x8a, 0xff, 0xf3, 0x9b, 0x8a, 0xff, 0xf3, 0x9b, 0x8a, 0xff,
  0xf3, 0x9a, 0x89, 0xff, 0xf2, 0x99, 0x89, 0xff, 0xf2, 0x99, 0x89, 0xff,
  0xf4, 0x9a, 0x8a, 0xff, 0xf4, 0x9a, 0x89, 0xff, 0xf3, 0x9a, 0x89, 0xff,
  0xf3, 0x99, 0x89, 0xff, 0xf2, 0x98, 0x88, 0xff, 0xf3, 0x99, 0x87, 0xff,
  0xf4, 0x99, 0x87, 0xff, 0xf4, 0x99, 0x87, 0xff, 0xf4, 0x98, 0x86, 0xff,
  0xf4, 0x98, 0x86, 0xff, 0xf4, 0x98, 0x86, 0xff, 0xf5, 0x98, 0x86, 0xff,
  0xf4, 0x98, 0x85, 0xff, 0xf6, 0x99, 0x86, 0xff, 0xf6, 0x99, 0x86, 0xff,
  0xf7, 0x98, 0x85, 0xff, 0xf7, 0x98, 0x85, 0xff, 0xf7, 0x97, 0x83, 0xff,
  0xf7, 0xa0, 0x8e, 0xff, 0xe5, 0xbb, 0xb8, 0xff, 0xdd, 0xad, 0xab, 0xff,
  0xab, 0x6d, 0x67, 0xff, 0x89, 0x4b, 0x43, 0xff, 0x87, 0x49, 0x41, 0xff,
  0x85, 0x47, 0x3f, 0xff, 0x82, 0x46, 0x3e, 0xff, 0x80, 0x44, 0x3c, 0xff,
  0x80, 0x44, 0x3b, 0xff, 0x7e, 0x42, 0x3a, 0xff, 0x7b, 0x40, 0x39, 0xff,
  0x7b, 0x41, 0x39, 0xff, 0x7b, 0x40, 0x39, 0xff, 0x7b, 0x40, 0x38, 0xff,
  0x79, 0x3f, 0x37, 0xff, 0x76, 0x3d, 0x35, 0xff, 0x78, 0x3f, 0x37, 0xff,
  0x78, 0x3e, 0x36, 0xff, 0x76, 0x3d, 0x35, 0xff, 0x74, 0x3a, 0x33, 0xff,
  0x72, 0x3a, 0x32, 0xff, 0x73, 0x3b, 0x33, 0xff, 0x72, 0x3a, 0x32, 0xff,
  0x70, 0x39, 0x31, 0xff, 0x6f, 0x38, 0x30, 0xff, 0x6e, 0x37, 0x30, 0xff,
  0x6c, 0x35, 0x2e, 0xff, 0x6c, 0x35, 0x2d, 0xff, 0x68, 0x33, 0x2b, 0xff,
  0x5c, 0x2a, 0x22, 0xff, 0x52, 0x21, 0x18, 0xff, 0x79, 0x37, 0x29, 0xff,
  0xf1, 0x87, 0x73, 0xff, 0xf5, 0x89, 0x74, 0xff, 0xf4, 0x89, 0x74, 0xff,
  0xf5, 0x8a, 0x75, 0xff, 0xf5, 0x8a, 0x75, 0xff, 0xf5, 0x8a, 0x76, 0xff,
  0xf6, 0x8a, 0x75, 0xff, 0xf6, 0x8b, 0x75, 0xff, 0xf6, 0x8b, 0x76, 0xff,
  0xf6, 0x8c, 0x76, 0xff, 0xf5, 0x8b, 0x76, 0xff, 0xf4, 0x8b, 0x76, 0xff,
  0xf4, 0x8c, 0x77, 0xff, 0xf4, 0x8c, 0x77, 0xff, 0xf4, 0x8b, 0x76, 0xff,
  0xf2, 0x8a, 0x75, 0xff, 0xf2, 0x8a, 0x75, 0xff, 0xf2, 0x8a, 0x75, 0xff,
  0xf2, 0x8a, 0x75, 0xff, 0xf1, 0x8a, 0x75, 0xff, 0xf0, 0x8a, 0x76, 0xff,
  0xee, 0x89, 0x75, 0xff, 0xee, 0x89, 0x75, 0xff, 0xee, 0x89, 0x75, 0xff,
  0xee, 0x88, 0x74, 0xff, 0xee, 0x87, 0x73, 0xff, 0xee, 0x87, 0x72, 0xff,
  0xed, 0x87, 0x72, 0xff, 0xed, 0x86, 0x71, 0xff, 0xed, 0x85, 0x6f, 0xff,
  0xed, 0x84, 0x6e, 0xff, 0xec, 0x82, 0x6c, 0xff, 0xec, 0x80, 0x6a, 0xff,
  0xec, 0x7f, 0x69, 0xff, 0xe9, 0x74, 0x5b, 0xff, 0xe5, 0x83, 0x6d, 0x3b,
  0xf9, 0xc2, 0xba, 0x59, 0xf4, 0xa7, 0x9a, 0xff, 0xf4, 0xa4, 0x95, 0xff,
  0xf3, 0xa1, 0x92, 0xff, 0xf2, 0xa0, 0x91, 0xff, 0xf3, 0xa0, 0x91, 0xff,
  0xf4, 0xa0, 0x91, 0xff, 0xf4, 0x9f, 0x90, 0xff, 0xf3, 0x9f, 0x8e, 0xff,
  0xf3, 0x9d, 0x8d, 0xff, 0xf3, 0x9c, 0x8c, 0xff, 0xf2, 0x9c, 0x8c, 0xff,
  0xf3, 0x9c, 0x8b, 0xff, 0xf4, 0x9c, 0x8b, 0xff, 0xf2, 0x9b, 0x8b, 0xff,
  0xf3, 0x9b, 0x8a, 0xff, 0xf3, 0x9b, 0x8b, 0xff, 0xf3, 0x9b, 0x8b, 0xff,
  0xf3, 0x9b, 0x8a, 0xff, 0xf3, 0x9a, 0x8a, 0xff, 0xf3, 0x9a, 0x89, 0xff,
  0xf3, 0x9a, 0x89, 0xff, 0xf4, 0x9a, 0x89, 0xff, 0xf2, 0x96, 0x85, 0xff,
  0xf2, 0x93, 0x81, 0xff, 0xf1, 0x94, 0x83, 0xff, 0xf1, 0x94, 0x82, 0xff,
  0xf2, 0x97, 0x84, 0xff, 0xf4, 0x99, 0x86, 0xff, 0xf5, 0x9a, 0x87, 0xff,
  0xf6, 0x9a, 0x88, 0xff, 0xf8, 0x9c, 0x8a, 0xff, 0xfb, 0x9d, 0x8b, 0xff,
  0xfd, 0x9d, 0x8a, 0xff, 0xf6, 0x98, 0x86, 0xff, 0xf6, 0x98, 0x85, 0xff,
  0xf7, 0x98, 0x85, 0xff, 0xf7, 0x99, 0x86, 0xff, 0xf9, 0x97, 0x82, 0xff,
  0xee, 0xaa, 0x9f, 0xff, 0xdf, 0xb5, 0xb4, 0xff, 0xc5, 0x8d, 0x89, 0xff,
  0x91, 0x53, 0x4b, 0xff, 0x85, 0x48, 0x40, 0xff, 0x85, 0x48, 0x40, 0xff,
  0x84, 0x47, 0x3f, 0xff, 0x83, 0x46, 0x3e, 0xff, 0x80, 0x44, 0x3b, 0xff,
  0x7f, 0x43, 0x3b, 0xff, 0x7e, 0x43, 0x3c, 0xff, 0x7d, 0x43, 0x3b, 0xff,
  0x7b, 0x40, 0x39, 0xff, 0x7b, 0x40, 0x38, 0xff, 0x7a, 0x3f, 0x37, 0xff,
  0x78, 0x3e, 0x36, 0xff, 0x77, 0x3d, 0x35, 0xff, 0x77, 0x3e, 0x36, 0xff,
  0x77, 0x3d, 0x34, 0xff, 0x77, 0x3c, 0x34, 0xff, 0x73, 0x3a, 0x32, 0xff,
  0x72, 0x3a, 0x32, 0xff, 0x72, 0x39, 0x31, 0xff, 0x72, 0x3a, 0x32, 0xff,
  0x71, 0x39, 0x31, 0xff, 0x70, 0x38, 0x31, 0xff, 0x6f, 0x38, 0x31, 0xff,
  0x6b, 0x36, 0x2e, 0xff, 0x6b, 0x35, 0x2d, 0xff, 0x68, 0x33, 0x2b, 0xff,
  0x62, 0x2e, 0x26, 0xff, 0x56, 0x26, 0x1d, 0xff, 0x55, 0x20, 0x15, 0xff,
  0xc3, 0x66, 0x54, 0xff, 0xf9, 0x8a, 0x75, 0xff, 0xf1, 0x86, 0x70, 0xff,
  0xf3, 0x87, 0x71, 0xff, 0xf4, 0x88, 0x73, 0xff, 0xf4, 0x88, 0x73, 0xff,
  0xf5, 0x88, 0x73, 0xff, 0xf6, 0x89, 0x74, 0xff, 0xf6, 0x8a, 0x74, 0xff,
  0xf6, 0x8a, 0x74, 0xff, 0xf5, 0x8a, 0x74, 0xff, 0xf5, 0x8a, 0x75, 0xff,
  0xf4, 0x8b, 0x75, 0xff, 0xf4, 0x8b, 0x76, 0xff, 0xf5, 0x8b, 0x76, 0xff,
  0xf3, 0x8a, 0x75, 0xff, 0xf2, 0x8a, 0x75, 0xff, 0xf2, 0x8b, 0x75, 0xff,
  0xf2, 0x8b, 0x75, 0xff, 0xf1, 0x89, 0x75, 0xff, 0xf0, 0x89, 0x75, 0xff,
  0xef, 0x88, 0x74, 0xff, 0xef, 0x89, 0x75, 0xff, 0xef, 0x8a, 0x75, 0xff,
  0xef, 0x89, 0x74, 0xff, 0xee, 0x88, 0x73, 0xff, 0xee, 0x88, 0x73, 0xff,
  0xee, 0x88, 0x73, 0xff, 0xed, 0x87, 0x72, 0xff, 0xed, 0x85, 0x70, 0xff,
  0xed, 0x83, 0x6e, 0xff, 0xec, 0x81, 0x6c, 0xff, 0xeb, 0x7f, 0x6a, 0xff,
  0xeb, 0x7f, 0x69, 0xff, 0xe8, 0x74, 0x5c, 0xff, 0xe6, 0x81, 0x6a, 0x59,
  0xf9, 0xc0, 0xb8, 0x6e, 0xf4, 0xa6, 0x99, 0xff, 0xf4, 0xa2, 0x94, 0xff,
  0xf3, 0xa1, 0x92, 0xff, 0xf3, 0xa0, 0x91, 0xff, 0xf4, 0xa0, 0x90, 0xff,
  0xf4, 0xa0, 0x90, 0xff, 0xf3, 0xa0, 0x8f, 0xff, 0xf3, 0x9e, 0x8d, 0xff,
  0xf3, 0x9d, 0x8c, 0xff, 0xf2, 0x9c, 0x8c, 0xff, 0xf2, 0x9c, 0x8b, 0xff,
  0xf3, 0x9b, 0x8b, 0xff, 0xf3, 0x9c, 0x8b, 0xff, 0xf4, 0x9d, 0x8c, 0xff,
  0xf3, 0x9c, 0x8b, 0xff, 0xf3, 0x9b, 0x8a, 0xff, 0xf3, 0x9b, 0x8b, 0xff,
  0xf3, 0x9b, 0x8b, 0xff, 0xf3, 0x9b, 0x8a, 0xff, 0xf4, 0x9b, 0x8a, 0xff,
  0xf4, 0x9b, 0x8a, 0xff, 0xf4, 0x9a, 0x88, 0xff, 0xf6, 0xa7, 0x97, 0xff,
  0xf6, 0xc5, 0xbe, 0xff, 0xf6, 0xcf, 0xcb, 0xff, 0xf5, 0xd0, 0xcc, 0xff,
  0xf1, 0xc8, 0xc5, 0xff, 0xe9, 0xbb, 0xb7, 0xff, 0xdd, 0xa6, 0xa1, 0xff,
  0xd3, 0x97, 0x90, 0xff, 0xc5, 0x84, 0x7c, 0xff, 0xbd, 0x76, 0x6d, 0xff,
  0xca, 0x79, 0x6b, 0xff, 0xf5, 0x97, 0x84, 0xff, 0xf8, 0x98, 0x85, 0xff,
  0xf7, 0x97, 0x84, 0xff, 0xf7, 0x98, 0x84, 0xff, 0xf8, 0x9b, 0x87, 0xff,
  0xe2, 0xb0, 0xab, 0xff, 0xd8, 0xa8, 0xa6, 0xff, 0xac, 0x70, 0x6b, 0xff,
  0x88, 0x4b, 0x44, 0xff, 0x86, 0x49, 0x41, 0xff, 0x83, 0x46, 0x3f, 0xff,
  0x81, 0x45, 0x3e, 0xff, 0x82, 0x46, 0x3e, 0xff, 0x7f, 0x43, 0x3b, 0xff,
  0x7d, 0x42, 0x3a, 0xff, 0x7f, 0x43, 0x3b, 0xff, 0x7d, 0x43, 0x3a, 0xff,
  0x7b, 0x41, 0x38, 0xff, 0x79, 0x3f, 0x37, 0xff, 0x78, 0x3e, 0x36, 0xff,
  0x77, 0x3d, 0x35, 0xff, 0x78, 0x3e, 0x36, 0xff, 0x78, 0x3e, 0x36, 0xff,
  0x76, 0x3d, 0x34, 0xff, 0x75, 0x3c, 0x34, 0xff, 0x75, 0x3c, 0x33, 0xff,
  0x74, 0x3c, 0x34, 0xff, 0x72, 0x3a, 0x32, 0xff, 0x72, 0x3a, 0x31, 0xff,
  0x71, 0x39, 0x31, 0xff, 0x70, 0x38, 0x30, 0xff, 0x6f, 0x38, 0x30, 0xff,
  0x6d, 0x37, 0x2f, 0xff, 0x6c, 0x35, 0x2d, 0xff, 0x6a, 0x34, 0x2c, 0xff,
  0x65, 0x31, 0x29, 0xff, 0x57, 0x27, 0x1f, 0xff, 0x4a, 0x1d, 0x13, 0xff,
  0x8a, 0x40, 0x30, 0xff, 0xf1, 0x81, 0x6c, 0xff, 0xed, 0x80, 0x6b, 0xff,
  0xf1, 0x83, 0x6e, 0xff, 0xf2, 0x85, 0x70, 0xff, 0xf2, 0x86, 0x71, 0xff,
  0xf3, 0x86, 0x71, 0xff, 0xf4, 0x87, 0x72, 0xff, 0xf5, 0x88, 0x72, 0xff,
  0xf5, 0x88, 0x73, 0xff, 0xf5, 0x89, 0x74, 0xff, 0xf6, 0x89, 0x74, 0xff,
  0xf5, 0x89, 0x74, 0xff, 0xf4, 0x8a, 0x75, 0xff, 0xf4, 0x8a, 0x75, 0xff,
  0xf3, 0x89, 0x74, 0xff, 0xf3, 0x89, 0x74, 0xff, 0xf3, 0x8a, 0x74, 0xff,
  0xf3, 0x8a, 0x75, 0xff, 0xf1, 0x89, 0x75, 0xff, 0xf0, 0x88, 0x74, 0xff,
  0xee, 0x87, 0x73, 0xff, 0xef, 0x89, 0x74, 0xff, 0xef, 0x89, 0x75, 0xff,
  0xef, 0x89, 0x75, 0xff, 0xee, 0x88, 0x74, 0xff, 0xee, 0x88, 0x73, 0xff,
  0xee, 0x88, 0x73, 0xff, 0xed, 0x87, 0x72, 0xff, 0xec, 0x85, 0x71, 0xff,
  0xec, 0x83, 0x6f, 0xff, 0xec, 0x82, 0x6d, 0xff, 0xeb, 0x80, 0x6b, 0xff,
  0xeb, 0x7f, 0x69, 0xff, 0xe8, 0x75, 0x5d, 0xff, 0xe5, 0x7f, 0x67, 0x6e,
  0xf9, 0xbe, 0xb6, 0x7b, 0xf5, 0xa5, 0x98, 0xff, 0xf4, 0xa2, 0x93, 0xff,
  0xf2, 0xa0, 0x91, 0xff, 0xf3, 0xa0, 0x91, 0xff, 0xf4, 0xa0, 0x90, 0xff,
  0xf3, 0x9f, 0x8f, 0xff, 0xf2, 0x9e, 0x8e, 0xff, 0xf3, 0x9d, 0x8d, 0xff,
  0xf3, 0x9c, 0x8c, 0xff, 0xf3, 0x9c, 0x8c, 0xff, 0xf2, 0x9c, 0x8c, 0xff,
  0xf3, 0x9b, 0x8a, 0xff, 0xf2, 0x9b, 0x8a, 0xff, 0xf3, 0x9c, 0x8b, 0xff,
  0xf3, 0x9c, 0x8b, 0xff, 0xf3, 0x9b, 0x8a, 0xff, 0xf3, 0x9b, 0x89, 0xff,
  0xf4, 0x9b, 0x89, 0xff, 0xf4, 0x9b, 0x89, 0xff, 0xf4, 0x9b, 0x8a, 0xff,
  0xf4, 0x9a, 0x88, 0xff, 0xf5, 0x9c, 0x89, 0xff, 0xd1, 0x99, 0x92, 0xff,
  0xc7, 0x9c, 0x9a, 0xff, 0xce, 0xa3, 0xa1, 0xff, 0xc8, 0x9f, 0x9e, 0xff,
  0xb5, 0x87, 0x84, 0xff, 0x9b, 0x67, 0x63, 0xff, 0x88, 0x54, 0x4f, 0xff,
  0x72, 0x40, 0x3a, 0xff, 0x61, 0x2f, 0x28, 0xff, 0x58, 0x26, 0x1e, 0xff,
  0x4e, 0x1d, 0x13, 0xff, 0xa1, 0x56, 0x47, 0xff, 0xfe, 0x9b, 0x88, 0xff,
  0xf5, 0x97, 0x84, 0xff, 0xf9, 0x95, 0x80, 0xff, 0xf1, 0xa4, 0x96, 0xff,
  0xdd, 0xb2, 0xb0, 0xff, 0xc9, 0x92, 0x8f, 0xff, 0x95, 0x57, 0x50, 0xff,
  0x84, 0x48, 0x41, 0xff, 0x81, 0x45, 0x3e, 0xff, 0x82, 0x46, 0x3e, 0xff,
  0x82, 0x45, 0x3e, 0xff, 0x7e, 0x44, 0x3c, 0xff, 0x7e, 0x43, 0x3b, 0xff,
  0x7d, 0x43, 0x3a, 0xff, 0x7b, 0x41, 0x39, 0xff, 0x7b, 0x41, 0x39, 0xff,
  0x79, 0x3f, 0x37, 0xff, 0x79, 0x3f, 0x37, 0xff, 0x78, 0x3e, 0x35, 0xff,
  0x78, 0x3d, 0x35, 0xff, 0x77, 0x3d, 0x34, 0xff, 0x76, 0x3d, 0x35, 0xff,
  0x74, 0x3c, 0x35, 0xff, 0x74, 0x3c, 0x34, 0xff, 0x74, 0x3b, 0x33, 0xff,
  0x73, 0x3b, 0x33, 0xff, 0x72, 0x3b, 0x33, 0xff, 0x70, 0x39, 0x31, 0xff,
  0x6f, 0x38, 0x30, 0xff, 0x6e, 0x37, 0x2f, 0xff, 0x6f, 0x38, 0x30, 0xff,
  0x6e, 0x38, 0x30, 0xff, 0x6e, 0x38, 0x30, 0xff, 0x6c, 0x36, 0x2d, 0xff,
  0x68, 0x32, 0x2a, 0xff, 0x5b, 0x2a, 0x22, 0xff, 0x4f, 0x22, 0x19, 0xff,
  0x5b, 0x25, 0x1a, 0xff, 0xcd, 0x67, 0x54, 0xff, 0xeb, 0x7b, 0x67, 0xff,
  0xe9, 0x7d, 0x69, 0xff, 0xee, 0x81, 0x6c, 0xff, 0xf0, 0x83, 0x6e, 0xff,
  0xf2, 0x84, 0x6f, 0xff, 0xf2, 0x85, 0x6f, 0xff, 0xf3, 0x86, 0x70, 0xff,
  0xf4, 0x87, 0x72, 0xff, 0xf5, 0x88, 0x73, 0xff, 0xf5, 0x89, 0x74, 0xff,
  0xf5, 0x89, 0x73, 0xff, 0xf4, 0x89, 0x73, 0xff, 0xf4, 0x89, 0x74, 0xff,
  0xf4, 0x89, 0x74, 0xff, 0xf3, 0x89, 0x74, 0xff, 0xf2, 0x89, 0x74, 0xff,
  0xf2, 0x89, 0x74, 0xff, 0xf1, 0x89, 0x74, 0xff, 0xf0, 0x88, 0x73, 0xff,
  0xef, 0x88, 0x73, 0xff, 0xef, 0x89, 0x74, 0xff, 0xef, 0x89, 0x75, 0xff,
  0xef, 0x89, 0x74, 0xff, 0xef, 0x88, 0x73, 0xff, 0xee, 0x88, 0x73, 0xff,
  0xed, 0x87, 0x73, 0xff, 0xec, 0x87, 0x73, 0xff, 0xed, 0x86, 0x72, 0xff,
  0xed, 0x85, 0x70, 0xff, 0xec, 0x83, 0x6d, 0xff, 0xeb, 0x81, 0x6b, 0xff,
  0xeb, 0x7f, 0x69, 0xff, 0xe8, 0x76, 0x5e, 0xff, 0xe4, 0x7d, 0x65, 0x7b,
  0xf9, 0xbc, 0xb3, 0xff, 0xf4, 0xa4, 0x96, 0xff, 0xf4, 0xa1, 0x92, 0xff,
  0xf3, 0xa0, 0x90, 0xff, 0xf4, 0xa0, 0x90, 0xff, 0xf3, 0x9f, 0x8f, 0xff,
  0xf2, 0x9d, 0x8d, 0xff, 0xf2, 0x9c, 0x8c, 0xff, 0xf4, 0x9d, 0x8d, 0xff,
  0xf3, 0x9c, 0x8c, 0xff, 0xf3, 0x9c, 0x8b, 0xff, 0xf4, 0x9c, 0x8c, 0xff,
  0xf3, 0x9b, 0x8a, 0xff, 0xf3, 0x9b, 0x8a, 0xff, 0xf3, 0x9b, 0x8a, 0xff,
  0xf4, 0x9b, 0x8a, 0xff, 0xf4, 0x9b, 0x89, 0xff, 0xf4, 0x9b, 0x89, 0xff,
  0xf4, 0x9b, 0x88, 0xff, 0xf4, 0x9a, 0x88, 0xff, 0xf4, 0x9a, 0x89, 0xff,
  0xf5, 0x9b, 0x89, 0xff, 0xf0, 0x99, 0x88, 0xff, 0xa2, 0x60, 0x58, 0xff,
  0x97, 0x55, 0x4f, 0xff, 0xa5, 0x67, 0x61, 0xff, 0x97, 0x59, 0x53, 0xff,
  0x81, 0x45, 0x3e, 0xff, 0x70, 0x39, 0x32, 0xff, 0x5f, 0x2e, 0x27, 0xff,
  0x51, 0x24, 0x1d, 0xff, 0x4a, 0x1f, 0x16, 0xff, 0x43, 0x19, 0x10, 0xff,
  0x40, 0x13, 0x09, 0xff, 0x74, 0x36, 0x28, 0xff, 0xf9, 0x96, 0x82, 0xff,
  0xf7, 0x92, 0x7d, 0xff, 0xf8, 0x97, 0x83, 0xff, 0xe7, 0xb6, 0xb2, 0xff,
  0xde, 0xb1, 0xaf, 0xff, 0xb1, 0x74, 0x6f, 0xff, 0x86, 0x4a, 0x42, 0xff,
  0x81, 0x46, 0x3e, 0xff, 0x7f, 0x44, 0x3c, 0xff, 0x81, 0x45, 0x3d, 0xff,
  0x80, 0x44, 0x3c, 0xff, 0x7e, 0x43, 0x3b, 0xff, 0x7d, 0x42, 0x3a, 0xff,
  0x7c, 0x41, 0x39, 0xff, 0x7a, 0x40, 0x38, 0xff, 0x78, 0x3f, 0x37, 0xff,
  0x76, 0x3d, 0x35, 0xff, 0x77, 0x3e, 0x36, 0xff, 0x76, 0x3d, 0x36, 0xff,
  0x76, 0x3c, 0x34, 0xff, 0x74, 0x3b, 0x33, 0xff, 0x73, 0x3b, 0x33, 0xff,
  0x73, 0x3a, 0x33, 0xff, 0x73, 0x3b, 0x33, 0xff, 0x72, 0x3b, 0x33, 0xff,
  0x72, 0x3b, 0x33, 0xff, 0x71, 0x3a, 0x31, 0xff, 0x6f, 0x38, 0x30, 0xff,
  0x6e, 0x38, 0x2f, 0xff, 0x6e, 0x38, 0x2f, 0xff, 0x6e, 0x37, 0x30, 0xff,
  0x6e, 0x37, 0x30, 0xff, 0x6f, 0x38, 0x30, 0xff, 0x6b, 0x35, 0x2c, 0xff,
  0x69, 0x34, 0x2b, 0xff, 0x64, 0x30, 0x27, 0xff, 0x56, 0x27, 0x1e, 0xff,
  0x4f, 0x20, 0x16, 0xff, 0x8d, 0x41, 0x31, 0xff, 0xe7, 0x77, 0x62, 0xff,
  0xe7, 0x78, 0x65, 0xff, 0xe9, 0x7b, 0x67, 0xff, 0xed, 0x7f, 0x6b, 0xff,
  0xef, 0x81, 0x6c, 0xff, 0xf0, 0x82, 0x6d, 0xff, 0xf1, 0x84, 0x6f, 0xff,
  0xf2, 0x86, 0x71, 0xff, 0xf3, 0x87, 0x72, 0xff, 0xf4, 0x87, 0x72, 0xff,
  0xf4, 0x89, 0x73, 0xff, 0xf4, 0x89, 0x73, 0xff, 0xf4, 0x89, 0x73, 0xff,
  0xf4, 0x88, 0x73, 0xff, 0xf3, 0x89, 0x74, 0xff, 0xf2, 0x89, 0x74, 0xff,
  0xf2, 0x89, 0x74, 0xff, 0xf2, 0x8a, 0x75, 0xff, 0xf1, 0x8a, 0x75, 0xff,
  0xf0, 0x8a, 0x74, 0xff, 0xef, 0x89, 0x74, 0xff, 0xee, 0x88, 0x74, 0xff,
  0xef, 0x88, 0x74, 0xff, 0xef, 0x88, 0x73, 0xff, 0xee, 0x88, 0x73, 0xff,
  0xed, 0x87, 0x72, 0xff, 0xec, 0x86, 0x72, 0xff, 0xec, 0x85, 0x71, 0xff,
  0xec, 0x84, 0x70, 0xff, 0xec, 0x83, 0x6d, 0xff, 0xec, 0x81, 0x6b, 0xff,
  0xeb, 0x80, 0x69, 0xff, 0xe8, 0x77, 0x5f, 0xff, 0xe3, 0x7a, 0x62, 0xff,
  0xf9, 0xba, 0xb0, 0xff, 0xf4, 0xa4, 0x95, 0xff, 0xf4, 0xa0, 0x91, 0xff,
  0xf4, 0x9f, 0x8f, 0xff, 0xf4, 0x9f, 0x8f, 0xff, 0xf3, 0x9e, 0x8e, 0xff,
  0xf3, 0x9d, 0x8d, 0xff, 0xf3, 0x9c, 0x8c, 0xff, 0xf4, 0x9d, 0x8c, 0xff,
  0xf3, 0x9d, 0x8c, 0xff, 0xf4, 0x9d, 0x8c, 0xff, 0xf5, 0x9d, 0x8c, 0xff,
  0xf4, 0x9c, 0x8b, 0xff, 0xf4, 0x9b, 0x8a, 0xff, 0xf4, 0x9b, 0x89, 0xff,
  0xf4, 0x9b, 0x89, 0xff, 0xf4, 0x9b, 0x89, 0xff, 0xf5, 0x9b, 0x89, 0xff,
  0xf5, 0x9b, 0x88, 0xff, 0xf4, 0x9b, 0x89, 0xff, 0xf4, 0x9a, 0x88, 0xff,
  0xf7, 0x99, 0x87, 0xff, 0xef, 0x92, 0x80, 0xff, 0x90, 0x4d, 0x44, 0xff,
  0x84, 0x47, 0x40, 0xff, 0x8a, 0x4f, 0x49, 0xff, 0x7d, 0x44, 0x3e, 0xff,
  0x6f, 0x38, 0x31, 0xff, 0x5f, 0x2c, 0x24, 0xff, 0x4f, 0x21, 0x19, 0xff,
  0x44, 0x19, 0x10, 0xff, 0x39, 0x11, 0x09, 0xff, 0x33, 0x0b, 0x02, 0xff,
  0x2d, 0x04, 0x00, 0xff, 0x65, 0x29, 0x1b, 0xff, 0xf3, 0x87, 0x73, 0xff,
  0xf4, 0x96, 0x84, 0xff, 0xf1, 0xc1, 0xbb, 0xff, 0xe9, 0xc5, 0xc5, 0xff,
  0xcf, 0x98, 0x95, 0xff, 0x95, 0x58, 0x51, 0xff, 0x81, 0x46, 0x3f, 0xff,
  0x81, 0x46, 0x3e, 0xff, 0x81, 0x46, 0x3e, 0xff, 0x80, 0x44, 0x3c, 0xff,
  0x7e, 0x43, 0x3b, 0xff, 0x7c, 0x41, 0x39, 0xff, 0x7b, 0x40, 0x38, 0xff,
  0x79, 0x3f, 0x37, 0xff, 0x78, 0x3f, 0x37, 0xff, 0x77, 0x3e, 0x36, 0xff,
  0x77, 0x3e, 0x35, 0xff, 0x76, 0x3d, 0x35, 0xff, 0x73, 0x3c, 0x35, 0xff,
  0x73, 0x3a, 0x33, 0xff, 0x73, 0x3b, 0x32, 0xff, 0x73, 0x3a, 0x32, 0xff,
  0x73, 0x3a, 0x32, 0xff, 0x71, 0x39, 0x31, 0xff, 0x70, 0x39, 0x31, 0xff,
  0x70, 0x39, 0x31, 0xff, 0x6f, 0x38, 0x30, 0xff, 0x6d, 0x36, 0x2e, 0xff,
  0x6d, 0x37, 0x2e, 0xff, 0x6e, 0x37, 0x2f, 0xff, 0x6d, 0x36, 0x2e, 0xff,
  0x6d, 0x37, 0x2f, 0xff, 0x6d, 0x36, 0x2e, 0xff, 0x6a, 0x34, 0x2c, 0xff,
  0x69, 0x34, 0x2b, 0xff, 0x67, 0x32, 0x2a, 0xff, 0x5e, 0x2c, 0x24, 0xff,
  0x57, 0x26, 0x1d, 0xff, 0x5d, 0x28, 0x1e, 0xff, 0x9e, 0x4c, 0x3d, 0xff,
  0xdb, 0x71, 0x5d, 0xff, 0xe7, 0x78, 0x64, 0xff, 0xec, 0x7c, 0x67, 0xff,
  0xef, 0x7f, 0x69, 0xff, 0xf1, 0x81, 0x6a, 0xff, 0xf4, 0x83, 0x6c, 0xff,
  0xf5, 0x84, 0x6e, 0xff, 0xf6, 0x86, 0x6f, 0xff, 0xf8, 0x87, 0x70, 0xff,
  0xf8, 0x88, 0x72, 0xff, 0xf8, 0x88, 0x72, 0xff, 0xf5, 0x88, 0x73, 0xff,
  0xf2, 0x88, 0x74, 0xff, 0xf2, 0x89, 0x74, 0xff, 0xf3, 0x89, 0x75, 0xff,
  0xf3, 0x8a, 0x75, 0xff, 0xf2, 0x8a, 0x75, 0xff, 0xf1, 0x88, 0x73, 0xff,
  0xf0, 0x89, 0x74, 0xff, 0xef, 0x89, 0x75, 0xff, 0xef, 0x89, 0x74, 0xff,
  0xef, 0x89, 0x74, 0xff, 0xee, 0x87, 0x73, 0xff, 0xed, 0x87, 0x72, 0xff,
  0xec, 0x86, 0x72, 0xff, 0xed, 0x86, 0x71, 0xff, 0xec, 0x86, 0x71, 0xff,
  0xeb, 0x83, 0x6f, 0xff, 0xeb, 0x82, 0x6c, 0xff, 0xec, 0x81, 0x6b, 0xff,
  0xec, 0x80, 0x6a, 0xff, 0xe9, 0x79, 0x62, 0xff, 0xe2, 0x77, 0x5f, 0xff,
  0xf9, 0xba, 0xb0, 0xff, 0xf5, 0xa4, 0x95, 0xff, 0xf4, 0xa0, 0x90, 0xff,
  0xf3, 0x9f, 0x8f, 0xff, 0xf3, 0x9f, 0x8f, 0xff, 0xf3, 0x9e, 0x8f, 0xff,
  0xf3, 0x9d, 0x8d, 0xff, 0xf2, 0x9c, 0x8c, 0xff, 0xf3, 0x9c, 0x8c, 0xff,
  0xf4, 0x9d, 0x8c, 0xff, 0xf4, 0x9d, 0x8c, 0xff, 0xf4, 0x9c, 0x8b, 0xff,
  0xf4, 0x9c, 0x8a, 0xff, 0xf4, 0x9b, 0x8a, 0xff, 0xf4, 0x9b, 0x89, 0xff,
  0xf4, 0x9b, 0x89, 0xff, 0xf4, 0x9a, 0x89, 0xff, 0xf5, 0x9b, 0x89, 0xff,
  0xf5, 0x9a, 0x88, 0xff, 0xf4, 0x95, 0x82, 0xff, 0xf4, 0x9a, 0x87, 0xff,
  0xf4, 0xa6, 0x96, 0xff, 0xef, 0xaa, 0x9e, 0xff, 0xa2, 0x76, 0x72, 0xff,
  0x95, 0x6d, 0x69, 0xff, 0x95, 0x6c, 0x68, 0xff, 0x91, 0x6b, 0x67, 0xff,
  0x8f, 0x68, 0x64, 0xff, 0x8b, 0x62, 0x5e, 0xff, 0x87, 0x5e, 0x59, 0xff,
  0x84, 0x5b, 0x57, 0xff, 0x82, 0x59, 0x54, 0xff, 0x82, 0x59, 0x54, 0xff,
  0x82, 0x5a, 0x56, 0xff, 0xa8, 0x79, 0x73, 0xff, 0xe9, 0xac, 0xa4, 0xff,
  0xee, 0xc7, 0xc5, 0xff, 0xf2, 0xd7, 0xd8, 0xff, 0xdb, 0xab, 0xa9, 0xff,
  0xa3, 0x63, 0x5d, 0xff, 0x85, 0x49, 0x41, 0xff, 0x81, 0x46, 0x3e, 0xff,
  0x80, 0x44, 0x3d, 0xff, 0x7f, 0x44, 0x3c, 0xff, 0x7e, 0x42, 0x39, 0xff,
  0x7d, 0x42, 0x39, 0xff, 0x7b, 0x40, 0x38, 0xff, 0x7a, 0x3f, 0x37, 0xff,
  0x77, 0x3d, 0x35, 0xff, 0x77, 0x3d, 0x35, 0xff, 0x77, 0x3e, 0x36, 0xff,
  0x77, 0x3d, 0x34, 0xff, 0x75, 0x3c, 0x34, 0xff, 0x73, 0x3b, 0x33, 0xff,
  0x73, 0x3b, 0x33, 0xff, 0x73, 0x3a, 0x32, 0xff, 0x72, 0x39, 0x31, 0xff,
  0x71, 0x39, 0x30, 0xff, 0x6f, 0x38, 0x30, 0xff, 0x6f, 0x37, 0x2f, 0xff,
  0x6f, 0x38, 0x2f, 0xff, 0x6d, 0x37, 0x2f, 0xff, 0x6d, 0x36, 0x2e, 0xff,
  0x6d, 0x36, 0x2e, 0xff, 0x6d, 0x36, 0x2e, 0xff, 0x6c, 0x36, 0x2d, 0xff,
  0x6d, 0x37, 0x2e, 0xff, 0x6b, 0x36, 0x2d, 0xff, 0x6a, 0x34, 0x2c, 0xff,
  0x68, 0x32, 0x2a, 0xff, 0x66, 0x32, 0x2a, 0xff, 0x66, 0x32, 0x29, 0xff,
  0x62, 0x2f, 0x26, 0xff, 0x64, 0x30, 0x27, 0xff, 0x6e, 0x36, 0x2d, 0xff,
  0x8f, 0x4a, 0x40, 0xff, 0xad, 0x61, 0x56, 0xff, 0xbf, 0x6f, 0x62, 0xff,
  0xc8, 0x77, 0x6a, 0xff, 0xce, 0x7d, 0x71, 0xff, 0xd1, 0x7f, 0x72, 0xff,
  0xd4, 0x80, 0x73, 0xff, 0xd6, 0x81, 0x74, 0xff, 0xdc, 0x84, 0x75, 0xff,
  0xe1, 0x85, 0x75, 0xff, 0xe8, 0x87, 0x75, 0xff, 0xf0, 0x88, 0x75, 0xff,
  0xf8, 0x8b, 0x76, 0xff, 0xf7, 0x8b, 0x76, 0xff, 0xf1, 0x88, 0x73, 0xff,
  0xf2, 0x88, 0x73, 0xff, 0xf2, 0x88, 0x73, 0xff, 0xf1, 0x87, 0x73, 0xff,
  0xef, 0x87, 0x73, 0xff, 0xee, 0x87, 0x73, 0xff, 0xef, 0x88, 0x73, 0xff,
  0xef, 0x88, 0x73, 0xff, 0xed, 0x88, 0x73, 0xff, 0xed, 0x87, 0x72, 0xff,
  0xed, 0x86, 0x71, 0xff, 0xed, 0x86, 0x71, 0xff, 0xed, 0x86, 0x71, 0xff,
  0xec, 0x84, 0x6e, 0xff, 0xeb, 0x82, 0x6d, 0xff, 0xeb, 0x82, 0x6c, 0xff,
  0xec, 0x80, 0x6a, 0xff, 0xea, 0x7a, 0x62, 0xff, 0xe2, 0x75, 0x5d, 0xff,
  0xfa, 0xb8, 0xad, 0xff, 0xf5, 0xa4, 0x95, 0xff, 0xf4, 0xa0, 0x90, 0xff,
  0xf4, 0x9f, 0x8e, 0xff, 0xf3, 0x9e, 0x8e, 0xff, 0xf3, 0x9d, 0x8d, 0xff,
  0xf4, 0x9e, 0x8d, 0xff, 0xf3, 0x9d, 0x8c, 0xff, 0xf4, 0x9d, 0x8b, 0xff,
  0xf4, 0x9c, 0x8b, 0xff, 0xf4, 0x9c, 0x8b, 0xff, 0xf4, 0x9b, 0x8a, 0xff,
  0xf4, 0x9c, 0x8a, 0xff, 0xf5, 0x9c, 0x8a, 0xff, 0xf5, 0x9b, 0x89, 0xff,
  0xf4, 0x9b, 0x89, 0xff, 0xf4, 0x9b, 0x8a, 0xff, 0xf4, 0x99, 0x86, 0xff,
  0xf5, 0x9c, 0x88, 0xff, 0xf5, 0xb7, 0xac, 0xff, 0xf3, 0xcc, 0xc8, 0xff,
  0xf1, 0xd4, 0xd3, 0xff, 0xef, 0xd2, 0xd2, 0xff, 0xf4, 0xd1, 0xd0, 0xff,
  0xf4, 0xcd, 0xcd, 0xff, 0xf2, 0xca, 0xc9, 0xff, 0xf0, 0xc8, 0xc7, 0xff,
  0xef, 0xc5, 0xc4, 0xff, 0xed, 0xbe, 0xbd, 0xff, 0xed, 0xbc, 0xba, 0xff,
  0xeb, 0xbc, 0xba, 0xff, 0xea, 0xb8, 0xb6, 0xff, 0xe9, 0xb6, 0xb4, 0xff,
  0xea, 0xb7, 0xb4, 0xff, 0xe9, 0xb9, 0xb7, 0xff, 0xe3, 0xba, 0xb8, 0xff,
  0xe2, 0xb4, 0xb2, 0xff, 0xcd, 0x93, 0x8e, 0xff, 0xa4, 0x64, 0x5e, 0xff,
  0x86, 0x47, 0x3f, 0xff, 0x80, 0x44, 0x3c, 0xff, 0x7f, 0x42, 0x3a, 0xff,
  0x7e, 0x41, 0x39, 0xff, 0x7e, 0x42, 0x39, 0xff, 0x7c, 0x41, 0x38, 0xff,
  0x79, 0x3f, 0x36, 0xff, 0x7a, 0x3f, 0x37, 0xff, 0x79, 0x3f, 0x36, 0xff,
  0x77, 0x3d, 0x35, 0xff, 0x75, 0x3b, 0x32, 0xff, 0x70, 0x36, 0x2e, 0xff,
  0x6b, 0x32, 0x2a, 0xff, 0x67, 0x30, 0x27, 0xff, 0x67, 0x30, 0x28, 0xff,
  0x66, 0x31, 0x29, 0xff, 0x64, 0x2f, 0x28, 0xff, 0x63, 0x2f, 0x27, 0xff,
  0x62, 0x2e, 0x26, 0xff, 0x64, 0x2f, 0x27, 0xff, 0x68, 0x32, 0x29, 0xff,
  0x6b, 0x33, 0x2b, 0xff, 0x6d, 0x35, 0x2d, 0xff, 0x6b, 0x35, 0x2c, 0xff,
  0x6b, 0x35, 0x2c, 0xff, 0x6b, 0x35, 0x2c, 0xff, 0x6c, 0x35, 0x2c, 0xff,
  0x6b, 0x34, 0x2b, 0xff, 0x6b, 0x34, 0x2b, 0xff, 0x6a, 0x33, 0x2b, 0xff,
  0x67, 0x31, 0x29, 0xff, 0x67, 0x32, 0x29, 0xff, 0x69, 0x33, 0x2a, 0xff,
  0x68, 0x33, 0x2a, 0xff, 0x6c, 0x35, 0x2d, 0xff, 0x77, 0x3d, 0x35, 0xff,
  0x85, 0x49, 0x41, 0xff, 0x96, 0x58, 0x52, 0xff, 0xa3, 0x66, 0x61, 0xff,
  0xac, 0x70, 0x6b, 0xff, 0xb1, 0x76, 0x71, 0xff, 0xb0, 0x76, 0x72, 0xff,
  0xb0, 0x76, 0x72, 0xff, 0xae, 0x77, 0x72, 0xff, 0xae, 0x75, 0x70, 0xff,
  0xab, 0x6f, 0x6a, 0xff, 0xa8, 0x6a, 0x64, 0xff, 0xab, 0x68, 0x60, 0xff,
  0xbc, 0x6d, 0x61, 0xff, 0xdf, 0x7e, 0x6c, 0xff, 0xf9, 0x8c, 0x77, 0xff,
  0xf2, 0x87, 0x72, 0xff, 0xf1, 0x87, 0x73, 0xff, 0xf1, 0x88, 0x73, 0xff,
  0xef, 0x87, 0x72, 0xff, 0xed, 0x85, 0x71, 0xff, 0xee, 0x87, 0x72, 0xff,
  0xef, 0x88, 0x73, 0xff, 0xed, 0x87, 0x73, 0xff, 0xed, 0x87, 0x72, 0xff,
  0xed, 0x87, 0x72, 0xff, 0xed, 0x86, 0x71, 0xff, 0xed, 0x85, 0x70, 0xff,
  0xec, 0x84, 0x6f, 0xff, 0xeb, 0x82, 0x6d, 0xff, 0xeb, 0x81, 0x6b, 0xff,
  0xeb, 0x80, 0x69, 0xff, 0xe9, 0x7a, 0x62, 0xff, 0xe1, 0x73, 0x5a, 0xff,
  0xf9, 0xb7, 0xac, 0xff, 0xf5, 0xa3, 0x94, 0xff, 0xf4, 0xa0, 0x8f, 0xff,
  0xf3, 0x9e, 0x8e, 0xff, 0xf2, 0x9c, 0x8c, 0xff, 0xf2, 0x9c, 0x8c, 0xff,
  0xf3, 0x9d, 0x8c, 0xff, 0xf4, 0x9c, 0x8b, 0xff, 0xf4, 0x9c, 0x8a, 0xff,
  0xf4, 0x9c, 0x8a, 0xff, 0xf4, 0x9b, 0x8a, 0xff, 0xf4, 0x9c, 0x8a, 0xff,
  0xf4, 0x9c, 0x8a, 0xff, 0xf5, 0x9c, 0x8a, 0xff, 0xf5, 0x9b, 0x89, 0xff,
  0xf5, 0x9b, 0x89, 0xff, 0xf4, 0x99, 0x85, 0xff, 0xf4, 0xa1, 0x8e, 0xff,
  0xf5, 0xce, 0xc9, 0xff, 0xf4, 0xdd, 0xde, 0xff, 0xf2, 0xd6, 0xd7, 0xff,
  0xec, 0xc9, 0xc9, 0xff, 0xe1, 0xb6, 0xb4, 0xff, 0xd8, 0xa5, 0xa2, 0xff,
  0xd1, 0x9c, 0x99, 0xff, 0xce, 0x9c, 0x98, 0xff, 0xcc, 0x96, 0x92, 0xff,
  0xc8, 0x8e, 0x89, 0xff, 0xc6, 0x8c, 0x88, 0xff, 0xc4, 0x8b, 0x87, 0xff,
  0xc2, 0x87, 0x83, 0xff, 0xbe, 0x81, 0x7d, 0xff, 0xbc, 0x7f, 0x7b, 0xff,
  0xb9, 0x7d, 0x78, 0xff, 0xb8, 0x79, 0x74, 0xff, 0xb4, 0x72, 0x6c, 0xff,
  0xa8, 0x68, 0x61, 0xff, 0x94, 0x52, 0x4b, 0xff, 0x84, 0x45, 0x3d, 0xff,
  0x82, 0x44, 0x3c, 0xff, 0x80, 0x43, 0x3a, 0xff, 0x7d, 0x41, 0x38, 0xff,
  0x7d, 0x40, 0x37, 0xff, 0x7b, 0x40, 0x37, 0xff, 0x79, 0x3f, 0x36, 0xff,
  0x78, 0x3e, 0x35, 0xff, 0x75, 0x3a, 0x32, 0xff, 0x6f, 0x35, 0x2c, 0xff,
  0x6c, 0x33, 0x2b, 0xff, 0x74, 0x3c, 0x34, 0xff, 0x82, 0x4b, 0x43, 0xff,
  0x93, 0x5c, 0x53, 0xff, 0xa3, 0x6a, 0x61, 0xff, 0xad, 0x72, 0x68, 0xff,
  0xb0, 0x75, 0x6b, 0xff, 0xad, 0x6f, 0x66, 0xff, 0xa7, 0x69, 0x5f, 0xff,
  0x9b, 0x5d, 0x53, 0xff, 0x8c, 0x50, 0x46, 0xff, 0x7b, 0x42, 0x39, 0xff,
  0x69, 0x34, 0x2b, 0xff, 0x61, 0x2d, 0x25, 0xff, 0x60, 0x2d, 0x26, 0xff,
  0x65, 0x31, 0x29, 0xff, 0x69, 0x34, 0x2b, 0xff, 0x69, 0x33, 0x2a, 0xff,
  0x69, 0x33, 0x2a, 0xff, 0x6a, 0x33, 0x2a, 0xff, 0x68, 0x33, 0x2a, 0xff,
  0x67, 0x31, 0x29, 0xff, 0x68, 0x33, 0x2a, 0xff, 0x68, 0x33, 0x2a, 0xff,
  0x67, 0x32, 0x29, 0xff, 0x68, 0x33, 0x2a, 0xff, 0x6d, 0x37, 0x2e, 0xff,
  0x75, 0x3d, 0x35, 0xff, 0x80, 0x46, 0x3e, 0xff, 0x8a, 0x4e, 0x46, 0xff,
  0x90, 0x53, 0x4c, 0xff, 0x94, 0x56, 0x50, 0xff, 0x93, 0x56, 0x4f, 0xff,
  0x93, 0x58, 0x51, 0xff, 0x93, 0x58, 0x51, 0xff, 0x93, 0x57, 0x50, 0xff,
  0x93, 0x56, 0x4f, 0xff, 0x92, 0x54, 0x4d, 0xff, 0x89, 0x4d, 0x45, 0xff,
  0x82, 0x45, 0x3d, 0xff, 0x85, 0x45, 0x3a, 0xff, 0xb4, 0x60, 0x50, 0xff,
  0xf2, 0x88, 0x73, 0xff, 0xf2, 0x87, 0x72, 0xff, 0xf0, 0x86, 0x71, 0xff,
  0xef, 0x86, 0x71, 0xff, 0xee, 0x85, 0x71, 0xff, 0xee, 0x86, 0x71, 0xff,
  0xef, 0x87, 0x72, 0xff, 0xed, 0x87, 0x72, 0xff, 0xed, 0x87, 0x72, 0xff,
  0xed, 0x86, 0x71, 0xff, 0xed, 0x85, 0x70, 0xff, 0xeb, 0x83, 0x6e, 0xff,
  0xec, 0x83, 0x6e, 0xff, 0xec, 0x82, 0x6c, 0xff, 0xeb, 0x80, 0x6a, 0xff,
  0xea, 0x7f, 0x68, 0xff, 0xe8, 0x79, 0x62, 0xff, 0xe1, 0x71, 0x58, 0xff,
  0xf9, 0xb6, 0xab, 0xff, 0xf4, 0xa2, 0x93, 0xff, 0xf4, 0x9f, 0x8f, 0xff,
  0xf2, 0x9d, 0x8d, 0xff, 0xf2, 0x9b, 0x8b, 0xff, 0xf3, 0x9c, 0x8b, 0xff,
  0xf3, 0x9c, 0x8b, 0xff, 0xf3, 0x9c, 0x8a, 0xff, 0xf3, 0x9b, 0x8a, 0xff,
  0xf3, 0x9b, 0x89, 0xff, 0xf4, 0x9b, 0x8a, 0xff, 0xf4, 0x9b, 0x8a, 0xff,
  0xf4, 0x9b, 0x89, 0xff, 0xf5, 0x9b, 0x89, 0xff, 0xf5, 0x9b, 0x89, 0xff,
  0xf5, 0x9a, 0x87, 0xff, 0xf4, 0x9d, 0x8a, 0xff, 0xf1, 0xc9, 0xc5, 0xff,
  0xef, 0xd4, 0xd5, 0xff, 0xed, 0xc9, 0xc8, 0xff, 0xdb, 0xad, 0xab, 0xff,
  0xc4, 0x8b, 0x87, 0xff, 0xb3, 0x76, 0x70, 0xff, 0xab, 0x6c, 0x66, 0xff,
  0xa5, 0x66, 0x60, 0xff, 0xa0, 0x60, 0x5a, 0xff, 0x9d, 0x5d, 0x56, 0xff,
  0x9c, 0x5b, 0x54, 0xff, 0x9b, 0x5b, 0x54, 0xff, 0x97, 0x57, 0x50, 0xff,
  0x95, 0x54, 0x4c, 0xff, 0x92, 0x51, 0x4a, 0xff, 0x90, 0x50, 0x48, 0xff,
  0x90, 0x50, 0x49, 0xff, 0x8c, 0x4c, 0x45, 0xff, 0x8a, 0x4a, 0x43, 0xff,
  0x86, 0x48, 0x40, 0xff, 0x85, 0x47, 0x3f, 0xff, 0x83, 0x44, 0x3c, 0xff,
  0x7e, 0x41, 0x38, 0xff, 0x7c, 0x40, 0x37, 0xff, 0x7c, 0x40, 0x36, 0xff,
  0x7c, 0x40, 0x37, 0xff, 0x7d, 0x40, 0x38, 0xff, 0x75, 0x39, 0x30, 0xff,
  0x6d, 0x32, 0x29, 0xff, 0x78, 0x3f, 0x37, 0xff, 0x98, 0x63, 0x5b, 0xff,
  0xbe, 0x8a, 0x83, 0xff, 0xda, 0xa1, 0x9b, 0xff, 0xea, 0xae, 0xa6, 0xff,
  0xec, 0xaa, 0xa0, 0xff, 0xea, 0xa3, 0x99, 0xff, 0xe4, 0x99, 0x8e, 0xff,
  0xde, 0x8f, 0x83, 0xff, 0xde, 0x8d, 0x81, 0xff, 0xdb, 0x89, 0x7c, 0xff,
  0xdc, 0x88, 0x7b, 0xff, 0xdb, 0x86, 0x78, 0xff, 0xd4, 0x80, 0x71, 0xff,
  0xc6, 0x76, 0x68, 0xff, 0xa7, 0x60, 0x54, 0xff, 0x82, 0x46, 0x3c, 0xff,
  0x66, 0x32, 0x29, 0xff, 0x5e, 0x2c, 0x23, 0xff, 0x63, 0x2f, 0x26, 0xff,
  0x67, 0x32, 0x29, 0xff, 0x66, 0x32, 0x29, 0xff, 0x66, 0x32, 0x29, 0xff,
  0x66, 0x31, 0x29, 0xff, 0x65, 0x31, 0x29, 0xff, 0x67, 0x33, 0x2b, 0xff,
  0x66, 0x32, 0x2a, 0xff, 0x66, 0x32, 0x2a, 0xff, 0x67, 0x32, 0x2a, 0xff,
  0x67, 0x33, 0x2b, 0xff, 0x68, 0x34, 0x2c, 0xff, 0x6a, 0x35, 0x2d, 0xff,
  0x6a, 0x35, 0x2d, 0xff, 0x6a, 0x36, 0x2e, 0xff, 0x6b, 0x36, 0x2e, 0xff,
  0x6a, 0x36, 0x2e, 0xff, 0x69, 0x35, 0x2d, 0xff, 0x6c, 0x36, 0x2f, 0xff,
  0x6e, 0x37, 0x30, 0xff, 0x71, 0x39, 0x31, 0xff, 0x75, 0x3c, 0x34, 0xff,
  0x72, 0x39, 0x31, 0xff, 0x6d, 0x34, 0x2a, 0xff, 0x68, 0x2e, 0x24, 0xff,
  0xa6, 0x54, 0x43, 0xff, 0xf2, 0x86, 0x71, 0xff, 0xed, 0x83, 0x6f, 0xff,
  0xee, 0x85, 0x70, 0xff, 0xed, 0x85, 0x70, 0xff, 0xee, 0x86, 0x71, 0xff,
  0xee, 0x87, 0x72, 0xff, 0xed, 0x86, 0x71, 0xff, 0xee, 0x86, 0x71, 0xff,
  0xee, 0x86, 0x70, 0xff, 0xec, 0x84, 0x6f, 0xff, 0xeb, 0x83, 0x6e, 0xff,
  0xec, 0x84, 0x6e, 0xff, 0xec, 0x83, 0x6d, 0xff, 0xeb, 0x81, 0x6b, 0xff,
  0xea, 0x7f, 0x68, 0xff, 0xe8, 0x7a, 0x63, 0xff, 0xe0, 0x70, 0x58, 0xff,
  0xf9, 0xb5, 0xaa, 0xff, 0xf5, 0xa2, 0x93, 0xff, 0xf4, 0x9f, 0x8e, 0xff,
  0xf2, 0x9c, 0x8b, 0xff, 0xf3, 0x9c, 0x8b, 0xff, 0xf3, 0x9c, 0x8b, 0xff,
  0xf3, 0x9c, 0x8b, 0xff, 0xf4, 0x9b, 0x8a, 0xff, 0xf4, 0x9b, 0x89, 0xff,
  0xf4, 0x9b, 0x89, 0xff, 0xf3, 0x9a, 0x89, 0xff, 0xf4, 0x9a, 0x89, 0xff,
  0xf5, 0x9b, 0x89, 0xff, 0xf5, 0x9b, 0x88, 0xff, 0xf5, 0x9c, 0x8a, 0xff,
  0xf6, 0x99, 0x84, 0xff, 0xf1, 0xb6, 0xad, 0xff, 0xe7, 0xc6, 0xc6, 0xff,
  0xe7, 0xbd, 0xbb, 0xff, 0xd0, 0x9b, 0x99, 0xff, 0xb3, 0x76, 0x72, 0xff,
  0xa1, 0x63, 0x5e, 0xff, 0x96, 0x58, 0x51, 0xff, 0x93, 0x55, 0x4e, 0xff,
  0x92, 0x54, 0x4d, 0xff, 0x90, 0x52, 0x4c, 0xff, 0x8f, 0x51, 0x4a, 0xff,
  0x8f, 0x51, 0x4a, 0xff, 0x8d, 0x4e, 0x47, 0xff, 0x8a, 0x4b, 0x44, 0xff,
  0x89, 0x4a, 0x43, 0xff, 0x87, 0x49, 0x41, 0xff, 0x87, 0x48, 0x41, 0xff,
  0x87, 0x48, 0x40, 0xff, 0x84, 0x46, 0x3e, 0xff, 0x81, 0x44, 0x3c, 0xff,
  0x84, 0x47, 0x3f, 0xff, 0x82, 0x44, 0x3c, 0xff, 0x7e, 0x41, 0x39, 0xff,
  0x7c, 0x3f, 0x36, 0xff, 0x7a, 0x3e, 0x36, 0xff, 0x7c, 0x40, 0x37, 0xff,
  0x78, 0x3b, 0x33, 0xff, 0x71, 0x34, 0x2c, 0xff, 0x82, 0x4c, 0x44, 0xff,
  0xb6, 0x85, 0x7d, 0xff, 0xe5, 0xb4, 0xad, 0xff, 0xf5, 0xbc, 0xb4, 0xff,
  0xe7, 0xa3, 0x99, 0xff, 0xd1, 0x86, 0x7a, 0xff, 0xb9, 0x69, 0x5d, 0xff,
  0xaa, 0x59, 0x4c, 0xff, 0x9e, 0x4d, 0x3f, 0xff, 0x97, 0x47, 0x3a, 0xff,
  0x93, 0x44, 0x37, 0xff, 0x91, 0x43, 0x36, 0xff, 0x93, 0x46, 0x38, 0xff,
  0x96, 0x48, 0x3a, 0xff, 0x9a, 0x4b, 0x3d, 0xff, 0xa5, 0x53, 0x45, 0xff,
  0xb2, 0x5c, 0x4d, 0xff, 0xc3, 0x68, 0x59, 0xff, 0xc8, 0x6d, 0x5e, 0xff,
  0xb7, 0x63, 0x55, 0xff, 0x91, 0x4c, 0x40, 0xff, 0x6b, 0x35, 0x2c, 0xff,
  0x5c, 0x2c, 0x24, 0xff, 0x62, 0x2f, 0x27, 0xff, 0x64, 0x30, 0x27, 0xff,
  0x63, 0x2f, 0x26, 0xff, 0x63, 0x30, 0x27, 0xff, 0x63, 0x30, 0x27, 0xff,
  0x64, 0x31, 0x29, 0xff, 0x64, 0x31, 0x28, 0xff, 0x64, 0x31, 0x28, 0xff,
  0x64, 0x31, 0x29, 0xff, 0x63, 0x31, 0x28, 0xff, 0x63, 0x31, 0x29, 0xff,
  0x63, 0x32, 0x2a, 0xff, 0x64, 0x32, 0x2a, 0xff, 0x62, 0x31, 0x29, 0xff,
  0x60, 0x2f, 0x27, 0xff, 0x61, 0x30, 0x28, 0xff, 0x62, 0x30, 0x28, 0xff,
  0x61, 0x2f, 0x27, 0xff, 0x61, 0x2f, 0x27, 0xff, 0x63, 0x30, 0x28, 0xff,
  0x64, 0x31, 0x28, 0xff, 0x60, 0x2e, 0x25, 0xff, 0x5e, 0x2b, 0x21, 0xff,
  0x5f, 0x27, 0x1b, 0xff, 0xbd, 0x61, 0x50, 0xff, 0xf2, 0x85, 0x71, 0xff,
  0xea, 0x81, 0x6d, 0xff, 0xec, 0x84, 0x6f, 0xff, 0xed, 0x85, 0x70, 0xff,
  0xed, 0x85, 0x71, 0xff, 0xed, 0x85, 0x71, 0xff, 0xed, 0x86, 0x70, 0xff,
  0xed, 0x85, 0x70, 0xff, 0xec, 0x84, 0x6f, 0xff, 0xec, 0x84, 0x6f, 0xff,
  0xec, 0x84, 0x6f, 0xff, 0xec, 0x83, 0x6e, 0xff, 0xeb, 0x81, 0x6b, 0xff,
  0xeb, 0x7f, 0x69, 0xff, 0xe9, 0x7a, 0x62, 0xff, 0xdf, 0x6f, 0x56, 0xff,
  0xf9, 0xb4, 0xa9, 0xff, 0xf5, 0xa2, 0x93, 0xff, 0xf4, 0x9e, 0x8d, 0xff,
  0xf3, 0x9c, 0x8b, 0xff, 0xf4, 0x9c, 0x8b, 0xff, 0xf3, 0x9c, 0x8b, 0xff,
  0xf4, 0x9c, 0x8a, 0xff, 0xf5, 0x9b, 0x89, 0xff, 0xf4, 0x9b, 0x89, 0xff,
  0xf4, 0x9b, 0x89, 0xff, 0xf4, 0x9a, 0x88, 0xff, 0xf5, 0x9a, 0x88, 0xff,
  0xf5, 0x9a, 0x88, 0xff, 0xf5, 0x9b, 0x88, 0xff, 0xf6, 0x9b, 0x87, 0xff,
  0xf6, 0xa2, 0x90, 0xff, 0xe2, 0xb8, 0xb5, 0xff, 0xde, 0xb1, 0xb0, 0xff,
  0xcf, 0x9a, 0x97, 0xff, 0xb0, 0x72, 0x6d, 0xff, 0x9e, 0x60, 0x5a, 0xff,
  0x97, 0x59, 0x52, 0xff, 0x93, 0x55, 0x4e, 0xff, 0x91, 0x53, 0x4c, 0xff,
  0x91, 0x52, 0x4b, 0xff, 0x92, 0x53, 0x4c, 0xff, 0x8f, 0x51, 0x4a, 0xff,
  0x8b, 0x4d, 0x45, 0xff, 0x8a, 0x4c, 0x45, 0xff, 0x8a, 0x4b, 0x44, 0xff,
  0x88, 0x4a, 0x42, 0xff, 0x85, 0x48, 0x41, 0xff, 0x84, 0x46, 0x3f, 0xff,
  0x84, 0x46, 0x3d, 0xff, 0x84, 0x46, 0x3e, 0xff, 0x83, 0x45, 0x3d, 0xff,
  0x81, 0x44, 0x3b, 0xff, 0x7f, 0x42, 0x3a, 0xff, 0x7d, 0x40, 0x38, 0xff,
  0x7b, 0x3f, 0x36, 0xff, 0x7b, 0x3f, 0x36, 0xff, 0x70, 0x34, 0x2b, 0xff,
  0x7c, 0x44, 0x3c, 0xff, 0xba, 0x89, 0x81, 0xff, 0xf1, 0xc3, 0xbc, 0xff,
  0xf5, 0xba, 0xb2, 0xff, 0xd7, 0x8c, 0x80, 0xff, 0xb7, 0x64, 0x56, 0xff,
  0xa1, 0x4c, 0x3d, 0xff, 0x95, 0x43, 0x35, 0xff, 0x90, 0x42, 0x34, 0xff,
  0x8e, 0x41, 0x33, 0xff, 0x90, 0x43, 0x35, 0xff, 0x8e, 0x41, 0x34, 0xff,
  0x8c, 0x40, 0x33, 0xff, 0x8a, 0x40, 0x33, 0xff, 0x88, 0x3e, 0x32, 0xff,
  0x85, 0x3c, 0x30, 0xff, 0x86, 0x3c, 0x30, 0xff, 0x83, 0x3a, 0x2e, 0xff,
  0x82, 0x3a, 0x2d, 0xff, 0x87, 0x3d, 0x30, 0xff, 0x90, 0x43, 0x35, 0xff,
  0xa3, 0x50, 0x41, 0xff, 0xb5, 0x5c, 0x4d, 0xff, 0xab, 0x59, 0x4b, 0xff,
  0x85, 0x42, 0x37, 0xff, 0x5f, 0x2c, 0x23, 0xff, 0x5c, 0x2a, 0x22, 0xff,
  0x61, 0x2e, 0x25, 0xff, 0x60, 0x2e, 0x25, 0xff, 0x61, 0x2e, 0x26, 0xff,
  0x61, 0x2e, 0x26, 0xff, 0x62, 0x2f, 0x27, 0xff, 0x62, 0x30, 0x28, 0xff,
  0x62, 0x30, 0x27, 0xff, 0x62, 0x2f, 0x27, 0xff, 0x62, 0x30, 0x27, 0xff,
  0x64, 0x32, 0x2a, 0xff, 0x61, 0x30, 0x28, 0xff, 0x60, 0x2f, 0x27, 0xff,
  0x62, 0x30, 0x27, 0xff, 0x63, 0x32, 0x2a, 0xff, 0x63, 0x33, 0x2b, 0xff,
  0x60, 0x30, 0x28, 0xff, 0x5f, 0x2e, 0x26, 0xff, 0x5f, 0x2e, 0x26, 0xff,
  0x5d, 0x2d, 0x24, 0xff, 0x5b, 0x2b, 0x23, 0xff, 0x55, 0x26, 0x1d, 0xff,
  0x54, 0x23, 0x19, 0xff, 0x7c, 0x37, 0x29, 0xff, 0xe5, 0x7b, 0x67, 0xff,
  0xea, 0x7f, 0x6b, 0xff, 0xea, 0x80, 0x6c, 0xff, 0xeb, 0x83, 0x6e, 0xff,
  0xec, 0x84, 0x6f, 0xff, 0xec, 0x84, 0x6f, 0xff, 0xec, 0x84, 0x6f, 0xff,
  0xed, 0x84, 0x6f, 0xff, 0xed, 0x84, 0x6e, 0xff, 0xec, 0x83, 0x6e, 0xff,
  0xeb, 0x83, 0x6e, 0xff, 0xeb, 0x82, 0x6d, 0xff, 0xea, 0x7f, 0x6a, 0xff,
  0xea, 0x7e, 0x68, 0xff, 0xe9, 0x79, 0x62, 0xff, 0xe1, 0x6e, 0x55, 0xff,
  0xf8, 0xb3, 0xa8, 0xff, 0xf5, 0xa4, 0x94, 0xff, 0xf4, 0x9e, 0x8e, 0xff,
  0xf4, 0x9d, 0x8d, 0xff, 0xf4, 0x9d, 0x8c, 0xff, 0xf4, 0x9c, 0x8b, 0xff,
  0xf4, 0x9b, 0x8a, 0xff, 0xf5, 0x9b, 0x8a, 0xff, 0xf5, 0x9c, 0x8a, 0xff,
  0xf4, 0x9b, 0x89, 0xff, 0xf4, 0x9b, 0x89, 0xff, 0xf5, 0x9b, 0x89, 0xff,
  0xf5, 0x9b, 0x89, 0xff, 0xf5, 0x9b, 0x89, 0xff, 0xf8, 0x9a, 0x85, 0xff,
  0xed, 0xa6, 0x99, 0xff, 0xd6, 0xa9, 0xa8, 0xff, 0xd5, 0xa2, 0x9e, 0xff,
  0xb9, 0x7f, 0x7a, 0xff, 0xa0, 0x62, 0x5c, 0xff, 0x97, 0x58, 0x52, 0xff,
  0x96, 0x57, 0x51, 0xff, 0x90, 0x52, 0x4c, 0xff, 0x92, 0x53, 0x4c, 0xff,
  0x91, 0x53, 0x4b, 0xff, 0x8f, 0x51, 0x4a, 0xff, 0x8d, 0x4f, 0x47, 0xff,
  0x8a, 0x4b, 0x44, 0xff, 0x89, 0x4b, 0x44, 0xff, 0x89, 0x4b, 0x43, 0xff,
  0x86, 0x48, 0x40, 0xff, 0x85, 0x47, 0x40, 0xff, 0x83, 0x46, 0x3e, 0xff,
  0x83, 0x46, 0x3e, 0xff, 0x83, 0x45, 0x3d, 0xff, 0x81, 0x45, 0x3c, 0xff,
  0x81, 0x44, 0x3c, 0xff, 0x7d, 0x41, 0x39, 0xff, 0x7b, 0x3f, 0x36, 0xff,
  0x7a, 0x3d, 0x35, 0xff, 0x6f, 0x34, 0x2b, 0xff, 0x9a, 0x68, 0x61, 0xff,
  0xea, 0xbd, 0xb7, 0xff, 0xfa, 0xc2, 0xbb, 0xff, 0xd3, 0x89, 0x7c, 0xff,
  0xb1, 0x5a, 0x4b, 0xff, 0xa0, 0x49, 0x39, 0xff, 0x98, 0x46, 0x38, 0xff,
  0x97, 0x47, 0x39, 0xff, 0x96, 0x47, 0x39, 0xff, 0x92, 0x45, 0x37, 0xff,
  0x8c, 0x41, 0x34, 0xff, 0x87, 0x3e, 0x31, 0xff, 0x84, 0x3c, 0x2f, 0xff,
  0x7f, 0x38, 0x2c, 0xff, 0x7c, 0x37, 0x2b, 0xff, 0x7d, 0x38, 0x2c, 0xff,
  0x81, 0x3b, 0x2f, 0xff, 0x86, 0x3c, 0x30, 0xff, 0x87, 0x3d, 0x30, 0xff,
  0x83, 0x3b, 0x2f, 0xff, 0x7e, 0x38, 0x2c, 0xff, 0x7e, 0x37, 0x2a, 0xff,
  0x7d, 0x37, 0x2a, 0xff, 0x82, 0x3b, 0x2e, 0xff, 0x96, 0x46, 0x39, 0xff,
  0xa4, 0x50, 0x41, 0xff, 0x95, 0x4a, 0x3d, 0xff, 0x6b, 0x33, 0x29, 0xff,
  0x57, 0x28, 0x20, 0xff, 0x5e, 0x2c, 0x24, 0xff, 0x5e, 0x2d, 0x24, 0xff,
  0x5f, 0x2d, 0x25, 0xff, 0x5f, 0x2e, 0x25, 0xff, 0x5f, 0x2e, 0x26, 0xff,
  0x61, 0x2f, 0x27, 0xff, 0x60, 0x2e, 0x26, 0xff, 0x62, 0x2f, 0x27, 0xff,
  0x62, 0x31, 0x28, 0xff, 0x60, 0x2e, 0x26, 0xff, 0x61, 0x30, 0x28, 0xff,
  0x62, 0x2e, 0x26, 0xff, 0x58, 0x24, 0x1c, 0xff, 0x55, 0x22, 0x1a, 0xff,
  0x5b, 0x29, 0x20, 0xff, 0x60, 0x30, 0x28, 0xff, 0x5f, 0x2f, 0x26, 0xff,
  0x5d, 0x2d, 0x24, 0xff, 0x5a, 0x2a, 0x22, 0xff, 0x54, 0x25, 0x1c, 0xff,
  0x4f, 0x21, 0x17, 0xff, 0x5c, 0x25, 0x19, 0xff, 0xc4, 0x65, 0x52, 0xff,
  0xea, 0x7e, 0x69, 0xff, 0xe5, 0x7b, 0x67, 0xff, 0xe9, 0x7f, 0x6a, 0xff,
  0xeb, 0x81, 0x6c, 0xff, 0xea, 0x81, 0x6d, 0xff, 0xeb, 0x82, 0x6e, 0xff,
  0xeb, 0x83, 0x6f, 0xff, 0xeb, 0x83, 0x6e, 0xff, 0xeb, 0x82, 0x6d, 0xff,
  0xeb, 0x81, 0x6c, 0xff, 0xeb, 0x81, 0x6b, 0xff, 0xeb, 0x80, 0x6a, 0xff,
  0xeb, 0x7e, 0x68, 0xff, 0xea, 0x7a, 0x62, 0xff, 0xe1, 0x6f, 0x56, 0xff,
  0xf8, 0xb1, 0xa6, 0xff, 0xf7, 0xa4, 0x94, 0xff, 0xf5, 0x9f, 0x8e, 0xff,
  0xf4, 0x9d, 0x8c, 0xff, 0xf3, 0x9d, 0x8c, 0xff, 0xf4, 0x9d, 0x8b, 0xff,
  0xf5, 0x9c, 0x8a, 0xff, 0xf5, 0x9b, 0x8a, 0xff, 0xf5, 0x9b, 0x8a, 0xff,
  0xf4, 0x9b, 0x89, 0xff, 0xf4, 0x9b, 0x89, 0xff, 0xf4, 0x9a, 0x89, 0xff,
  0xf5, 0x9a, 0x88, 0xff, 0xf5, 0x9c, 0x89, 0xff, 0xf8, 0x9c, 0x88, 0xff,
  0xe0, 0xa0, 0x97, 0xff, 0xce, 0x9c, 0x9a, 0xff, 0xc8, 0x92, 0x8f, 0xff,
  0xab, 0x6f, 0x6a, 0xff, 0x9b, 0x5d, 0x56, 0xff, 0x95, 0x57, 0x50, 0xff,
  0x94, 0x55, 0x4e, 0xff, 0x91, 0x53, 0x4d, 0xff, 0x91, 0x54, 0x4d, 0xff,
  0x90, 0x52, 0x4b, 0xff, 0x8d, 0x4f, 0x47, 0xff, 0x8b, 0x4d, 0x45, 0xff,
  0x8b, 0x4d, 0x45, 0xff, 0x88, 0x4a, 0x42, 0xff, 0x86, 0x48, 0x41, 0xff,
  0x85, 0x47, 0x3f, 0xff, 0x84, 0x46, 0x3e, 0xff, 0x83, 0x45, 0x3d, 0xff,
  0x80, 0x43, 0x3b, 0xff, 0x80, 0x43, 0x3b, 0xff, 0x7d, 0x41, 0x3a, 0xff,
  0x79, 0x3e, 0x36, 0xff, 0x79, 0x3e, 0x36, 0xff, 0x75, 0x39, 0x30, 0xff,
  0x73, 0x39, 0x31, 0xff, 0xbd, 0x8f, 0x88, 0xff, 0xfd, 0xd0, 0xca, 0xff,
  0xe6, 0xa2, 0x98, 0xff, 0xb8, 0x61, 0x53, 0xff, 0xa1, 0x4a, 0x3b, 0xff,
  0x9a, 0x48, 0x3a, 0xff, 0x9b, 0x4a, 0x3c, 0xff, 0x97, 0x47, 0x3b, 0xff,
  0x87, 0x3e, 0x31, 0xff, 0x75, 0x33, 0x26, 0xff, 0x64, 0x27, 0x19, 0xff,
  0x56, 0x1e, 0x11, 0xff, 0x4f, 0x19, 0x0b, 0xff, 0x4c, 0x16, 0x07, 0xff,
  0x49, 0x14, 0x06, 0xff, 0x4a, 0x15, 0x07, 0xff, 0x4f, 0x17, 0x09, 0xff,
  0x55, 0x1c, 0x0e, 0xff, 0x5b, 0x20, 0x13, 0xff, 0x65, 0x28, 0x1c, 0xff,
  0x73, 0x32, 0x27, 0xff, 0x7d, 0x37, 0x2c, 0xff, 0x80, 0x39, 0x2c, 0xff,
  0x7c, 0x36, 0x2a, 0xff, 0x7b, 0x36, 0x2a, 0xff, 0x79, 0x35, 0x29, 0xff,
  0x80, 0x3a, 0x2d, 0xff, 0x92, 0x45, 0x38, 0xff, 0x96, 0x47, 0x39, 0xff,
  0x6f, 0x34, 0x29, 0xff, 0x56, 0x28, 0x20, 0xff, 0x5c, 0x2b, 0x22, 0xff,
  0x5c, 0x2b, 0x23, 0xff, 0x5c, 0x2b, 0x23, 0xff, 0x5c, 0x2c, 0x24, 0xff,
  0x5e, 0x2d, 0x25, 0xff, 0x60, 0x2f, 0x26, 0xff, 0x60, 0x2f, 0x27, 0xff,
  0x60, 0x30, 0x28, 0xff, 0x64, 0x32, 0x29, 0xff, 0x62, 0x2f, 0x26, 0xff,
  0x6c, 0x40, 0x3a, 0xff, 0xb0, 0x9a, 0x98, 0xff, 0xb4, 0xa2, 0xa1, 0xff,
  0x75, 0x50, 0x4c, 0xff, 0x5b, 0x28, 0x20, 0xff, 0x5d, 0x2e, 0x26, 0xff,
  0x5b, 0x2b, 0x23, 0xff, 0x5a, 0x2a, 0x21, 0xff, 0x54, 0x25, 0x1c, 0xff,
  0x4e, 0x20, 0x16, 0xff, 0x4f, 0x1f, 0x14, 0xff, 0xa0, 0x4d, 0x3c, 0xff,
  0xe4, 0x79, 0x64, 0xff, 0xe0, 0x77, 0x63, 0xff, 0xe5, 0x7b, 0x66, 0xff,
  0xe8, 0x7d, 0x68, 0xff, 0xe8, 0x7e, 0x6a, 0xff, 0xe9, 0x80, 0x6c, 0xff,
  0xeb, 0x82, 0x6e, 0xff, 0xeb, 0x83, 0x6e, 0xff, 0xeb, 0x82, 0x6d, 0xff,
  0xeb, 0x81, 0x6c, 0xff, 0xec, 0x81, 0x6b, 0xff, 0xec, 0x80, 0x69, 0xff,
  0xeb, 0x7e, 0x67, 0xff, 0xea, 0x7b, 0x63, 0xff, 0xe1, 0x70, 0x57, 0xff,
  0xf9, 0xb0, 0xa5, 0xff, 0xf7, 0xa4, 0x95, 0xff, 0xf5, 0x9f, 0x8e, 0xff,
  0xf4, 0x9d, 0x8c, 0xff, 0xf4, 0x9d, 0x8c, 0xff, 0xf4, 0x9c, 0x8a, 0xff,
  0xf3, 0x9b, 0x8a, 0xff, 0xf4, 0x9b, 0x8a, 0xff, 0xf4, 0x9b, 0x89, 0xff,
  0xf4, 0x9b, 0x89, 0xff, 0xf5, 0x9b, 0x89, 0xff, 0xf5, 0x9a, 0x88, 0xff,
  0xf5, 0x9a, 0x88, 0xff, 0xf6, 0x9b, 0x88, 0xff, 0xf8, 0x9d, 0x8a, 0xff,
  0xd6, 0x98, 0x90, 0xff, 0xc7, 0x93, 0x90, 0xff, 0xbe, 0x83, 0x7f, 0xff,
  0xa3, 0x67, 0x61, 0xff, 0x97, 0x5a, 0x53, 0xff, 0x95, 0x57, 0x4f, 0xff,
  0x93, 0x53, 0x4c, 0xff, 0x91, 0x53, 0x4c, 0xff, 0x91, 0x53, 0x4c, 0xff,
  0x8e, 0x50, 0x48, 0xff, 0x8c, 0x4e, 0x46, 0xff, 0x8b, 0x4c, 0x44, 0xff,
  0x89, 0x4b, 0x43, 0xff, 0x86, 0x49, 0x41, 0xff, 0x85, 0x48, 0x40, 0xff,
  0x84, 0x46, 0x3e, 0xff, 0x83, 0x45, 0x3d, 0xff, 0x82, 0x44, 0x3c, 0xff,
  0x7f, 0x42, 0x3a, 0xff, 0x7d, 0x40, 0x39, 0xff, 0x79, 0x3d, 0x36, 0xff,
  0x78, 0x3c, 0x34, 0xff, 0x73, 0x36, 0x2d, 0xff, 0x77, 0x40, 0x37, 0xff,
  0xd4, 0xa3, 0x9d, 0xff, 0xfc, 0xc9, 0xc2, 0xff, 0xcf, 0x86, 0x7a, 0xff,
  0xab, 0x52, 0x43, 0xff, 0x9f, 0x4b, 0x3d, 0xff, 0x9d, 0x4b, 0x3e, 0xff,
  0x98, 0x46, 0x39, 0xff, 0x81, 0x39, 0x2c, 0xff, 0x63, 0x26, 0x1a, 0xff,
  0x4c, 0x16, 0x09, 0xff, 0x44, 0x0f, 0x00, 0xff, 0x3d, 0x0c, 0x00, 0xff,
  0x34, 0x0a, 0x00, 0xff, 0x2b, 0x08, 0x00, 0xff, 0x25, 0x07, 0x00, 0xff,
  0x21, 0x06, 0x00, 0xff, 0x24, 0x07, 0x00, 0xff, 0x2a, 0x09, 0x00, 0xff,
  0x2f, 0x0a, 0x00, 0xff, 0x37, 0x0b, 0x00, 0xff, 0x41, 0x0f, 0x00, 0xff,
  0x4b, 0x15, 0x06, 0xff, 0x55, 0x1e, 0x11, 0xff, 0x67, 0x2a, 0x1e, 0xff,
  0x77, 0x34, 0x28, 0xff, 0x7c, 0x37, 0x2c, 0xff, 0x79, 0x35, 0x2a, 0xff,
  0x79, 0x35, 0x2a, 0xff, 0x7a, 0x36, 0x2a, 0xff, 0x82, 0x3a, 0x2e, 0xff,
  0x8f, 0x40, 0x32, 0xff, 0x71, 0x32, 0x27, 0xff, 0x53, 0x25, 0x1d, 0xff,
  0x58, 0x28, 0x1f, 0xff, 0x59, 0x29, 0x21, 0xff, 0x5a, 0x2a, 0x22, 0xff,
  0x5c, 0x2c, 0x23, 0xff, 0x5f, 0x2e, 0x25, 0xff, 0x5f, 0x2e, 0x26, 0xff,
  0x60, 0x30, 0x27, 0xff, 0x61, 0x2f, 0x27, 0xff, 0x6b, 0x3f, 0x37, 0xff,
  0xde, 0xd8, 0xd7, 0xff, 0xff, 0xff, 0xff, 0xff, 0xf6, 0xf9, 0xfe, 0xff,
  0xdf, 0xde, 0xe1, 0xff, 0x69, 0x46, 0x41, 0xff, 0x57, 0x26, 0x1d, 0xff,
  0x5b, 0x2c, 0x24, 0xff, 0x59, 0x2a, 0x21, 0xff, 0x54, 0x26, 0x1d, 0xff,
  0x4e, 0x20, 0x17, 0xff, 0x4a, 0x1d, 0x12, 0xff, 0x89, 0x3e, 0x2e, 0xff,
  0xda, 0x6e, 0x5a, 0xff, 0xdb, 0x72, 0x5d, 0xff, 0xe1, 0x76, 0x62, 0xff,
  0xe4, 0x79, 0x65, 0xff, 0xe6, 0x7c, 0x67, 0xff, 0xe7, 0x7e, 0x69, 0xff,
  0xea, 0x81, 0x6b, 0xff, 0xeb, 0x82, 0x6d, 0xff, 0xec, 0x82, 0x6d, 0xff,
  0xec, 0x82, 0x6c, 0xff, 0xec, 0x81, 0x6b, 0xff, 0xeb, 0x7f, 0x69, 0xff,
  0xeb, 0x7e, 0x67, 0xff, 0xeb, 0x7b, 0x63, 0xff, 0xe3, 0x70, 0x57, 0xff,
  0xf8, 0xb0, 0xa3, 0xff, 0xf6, 0xa4, 0x94, 0xff, 0xf5, 0x9f, 0x8e, 0xff,
  0xf4, 0x9d, 0x8c, 0xff, 0xf4, 0x9d, 0x8b, 0xff, 0xf4, 0x9c, 0x8a, 0xff,
  0xf4, 0x9b, 0x8a, 0xff, 0xf4, 0x9b, 0x8a, 0xff, 0xf4, 0x9b, 0x8a, 0xff,
  0xf4, 0x9a, 0x89, 0xff, 0xf5, 0x9b, 0x89, 0xff, 0xf5, 0x9a, 0x88, 0xff,
  0xf5, 0x99, 0x87, 0xff, 0xf6, 0x99, 0x87, 0xff, 0xf7, 0x9c, 0x89, 0xff,
  0xcf, 0x92, 0x8a, 0xff, 0xc2, 0x8a, 0x86, 0xff, 0xb8, 0x7c, 0x78, 0xff,
  0x9e, 0x61, 0x5a, 0xff, 0x95, 0x58, 0x51, 0xff, 0x94, 0x55, 0x4e, 0xff,
  0x91, 0x52, 0x4a, 0xff, 0x90, 0x51, 0x4a, 0xff, 0x8e, 0x50, 0x48, 0xff,
  0x8c, 0x4e, 0x46, 0xff, 0x8b, 0x4e, 0x46, 0xff, 0x8a, 0x4c, 0x44, 0xff,
  0x86, 0x49, 0x41, 0xff, 0x84, 0x47, 0x40, 0xff, 0x85, 0x47, 0x40, 0xff,
  0x83, 0x46, 0x3e, 0xff, 0x82, 0x44, 0x3c, 0xff, 0x80, 0x42, 0x3b, 0xff,
  0x7d, 0x40, 0x38, 0xff, 0x7b, 0x3e, 0x36, 0xff, 0x79, 0x3d, 0x35, 0xff,
  0x71, 0x35, 0x2c, 0xff, 0x77, 0x3f, 0x37, 0xff, 0xdc, 0xad, 0xa7, 0xff,
  0xf9, 0xc1, 0xb9, 0xff, 0xc5, 0x72, 0x65, 0xff, 0xa8, 0x4f, 0x40, 0xff,
  0xa0, 0x4c, 0x3f, 0xff, 0x9e, 0x4b, 0x3f, 0xff, 0x8b, 0x3e, 0x31, 0xff,
  0x62, 0x25, 0x18, 0xff, 0x47, 0x12, 0x04, 0xff, 0x3c, 0x0b, 0x00, 0xff,
  0x2f, 0x09, 0x00, 0xff, 0x1b, 0x06, 0x01, 0xff, 0x09, 0x00, 0x00, 0xff,
  0x00, 0x00, 0x00, 0xff, 0x00, 0x00, 0x00, 0xff, 0x04, 0x00, 0x00, 0xff,
  0x06, 0x00, 0x00, 0xff, 0x06, 0x00, 0x00, 0xff, 0x04, 0x00, 0x00, 0xff,
  0x02, 0x00, 0x00, 0xff, 0x05, 0x00, 0x00, 0xff, 0x0f, 0x02, 0x00, 0xff,
  0x23, 0x08, 0x00, 0xff, 0x38, 0x0d, 0x01, 0xff, 0x47, 0x13, 0x05, 0xff,
  0x53, 0x1d, 0x10, 0xff, 0x68, 0x2c, 0x21, 0xff, 0x77, 0x35, 0x2a, 0xff,
  0x77, 0x34, 0x2a, 0xff, 0x75, 0x33, 0x28, 0xff, 0x74, 0x33, 0x28, 0xff,
  0x7b, 0x36, 0x2a, 0xff, 0x84, 0x3a, 0x2d, 0xff, 0x6a, 0x2e, 0x23, 0xff,
  0x4f, 0x22, 0x1a, 0xff, 0x57, 0x28, 0x1f, 0xff, 0x58, 0x28, 0x20, 0xff,
  0x5a, 0x2a, 0x22, 0xff, 0x5d, 0x2c, 0x24, 0xff, 0x5e, 0x2d, 0x25, 0xff,
  0x60, 0x30, 0x28, 0xff, 0x56, 0x23, 0x1a, 0xff, 0x8c, 0x70, 0x6b, 0xff,
  0xfe, 0xff, 0xff, 0xff, 0xdf, 0xdc, 0xe1, 0xff, 0xdd, 0xdb, 0xdf, 0xff,
  0xe4, 0xe5, 0xe9, 0xff, 0x83, 0x6f, 0x6d, 0xff, 0x4a, 0x1b, 0x11, 0xff,
  0x5d, 0x2e, 0x25, 0xff, 0x59, 0x2a, 0x21, 0xff, 0x54, 0x26, 0x1d, 0xff,
  0x4d, 0x20, 0x17, 0xff, 0x49, 0x1d, 0x12, 0xff, 0x7c, 0x35, 0x26, 0xff,
  0xcd, 0x63, 0x4f, 0xff, 0xd2, 0x6b, 0x56, 0xff, 0xdb, 0x72, 0x5d, 0xff,
  0xe0, 0x76, 0x62, 0xff, 0xe3, 0x79, 0x64, 0xff, 0xe5, 0x7b, 0x67, 0xff,
  0xe8, 0x7e, 0x6a, 0xff, 0xea, 0x80, 0x6b, 0xff, 0xeb, 0x81, 0x6b, 0xff,
  0xea, 0x81, 0x6b, 0xff, 0xeb, 0x80, 0x6a, 0xff, 0xeb, 0x7f, 0x69, 0xff,
  0xeb, 0x7e, 0x67, 0xff, 0xeb, 0x7b, 0x63, 0xff, 0xe4, 0x6f, 0x55, 0xff,
  0xf8, 0xaf, 0xa2, 0xff, 0xf6, 0xa3, 0x93, 0xff, 0xf5, 0x9e, 0x8d, 0xff,
  0xf4, 0x9d, 0x8c, 0xff, 0xf3, 0x9c, 0x8b, 0xff, 0xf4, 0x9b, 0x8a, 0xff,
  0xf5, 0x9b, 0x8a, 0xff, 0xf5, 0x9b, 0x89, 0xff, 0xf5, 0x9b, 0x89, 0xff,
  0xf5, 0x9b, 0x89, 0xff, 0xf5, 0x9b, 0x89, 0xff, 0xf6, 0x9b, 0x88, 0xff,
  0xf6, 0x9a, 0x87, 0xff, 0xf6, 0x99, 0x86, 0xff, 0xf6, 0x9b, 0x88, 0xff,
  0xca, 0x8d, 0x86, 0xff, 0xbd, 0x84, 0x80, 0xff, 0xb4, 0x77, 0x72, 0xff,
  0x9c, 0x5f, 0x59, 0xff, 0x94, 0x56, 0x4f, 0xff, 0x94, 0x55, 0x4e, 0xff,
  0x8f, 0x51, 0x4a, 0xff, 0x8d, 0x4f, 0x47, 0xff, 0x8c, 0x4f, 0x47, 0xff,
  0x8b, 0x4d, 0x46, 0xff, 0x89, 0x4c, 0x44, 0xff, 0x87, 0x4a, 0x43, 0xff,
  0x85, 0x48, 0x40, 0xff, 0x83, 0x47, 0x3f, 0xff, 0x83, 0x45, 0x3e, 0xff,
  0x81, 0x44, 0x3c, 0xff, 0x81, 0x43, 0x3b, 0xff, 0x7e, 0x40, 0x38, 0xff,
  0x7a, 0x3d, 0x35, 0xff, 0x79, 0x3d, 0x34, 0xff, 0x75, 0x39, 0x30, 0xff,
  0x71, 0x3a, 0x32, 0xff, 0xd6, 0xa4, 0x9d, 0xff, 0xf7, 0xbe, 0xb6, 0xff,
  0xc1, 0x6c, 0x5e, 0xff, 0xa6, 0x4d, 0x3e, 0xff, 0xa1, 0x4d, 0x3e, 0xff,
  0x9c, 0x48, 0x3b, 0xff, 0x77, 0x33, 0x27, 0xff, 0x4b, 0x16, 0x08, 0xff,
  0x3b, 0x0b, 0x00, 0xff, 0x2c, 0x09, 0x01, 0xff, 0x11, 0x03, 0x01, 0xff,
  0x00, 0x00, 0x00, 0xff, 0x06, 0x00, 0x00, 0xff, 0x22, 0x0c, 0x09, 0xff,
  0x3d, 0x1a, 0x15, 0xff, 0x4e, 0x24, 0x1d, 0xff, 0x56, 0x27, 0x20, 0xff,
  0x56, 0x27, 0x1f, 0xff, 0x56, 0x27, 0x1f, 0xff, 0x53, 0x26, 0x1d, 0xff,
  0x46, 0x1e, 0x17, 0xff, 0x34, 0x14, 0x0e, 0xff, 0x1b, 0x07, 0x04, 0xff,
  0x07, 0x00, 0x00, 0xff, 0x05, 0x00, 0x00, 0xff, 0x1c, 0x07, 0x01, 0xff,
  0x3d, 0x10, 0x04, 0xff, 0x4d, 0x18, 0x0b, 0xff, 0x5d, 0x24, 0x1a, 0xff,
  0x72, 0x33, 0x28, 0xff, 0x74, 0x33, 0x28, 0xff, 0x73, 0x31, 0x27, 0xff,
  0x72, 0x32, 0x27, 0xff, 0x73, 0x32, 0x27, 0xff, 0x79, 0x35, 0x27, 0xff,
  0x60, 0x29, 0x1f, 0xff, 0x4b, 0x20, 0x19, 0xff, 0x55, 0x26, 0x1e, 0xff,
  0x55, 0x27, 0x1f, 0xff, 0x5a, 0x2b, 0x22, 0xff, 0x5c, 0x2c, 0x23, 0xff,
  0x5c, 0x2d, 0x25, 0xff, 0x57, 0x24, 0x1b, 0xff, 0x7e, 0x5f, 0x5a, 0xff,
  0xed, 0xef, 0xf5, 0xff, 0xe3, 0xe2, 0xe6, 0xff, 0xe0, 0xe0, 0xe5, 0xff,
  0xd9, 0xd5, 0xda, 0xff, 0x66, 0x50, 0x4e, 0xff, 0x43, 0x16, 0x0d, 0xff,
  0x5a, 0x2b, 0x23, 0xff, 0x57, 0x28, 0x20, 0xff, 0x53, 0x26, 0x1d, 0xff,
  0x4d, 0x21, 0x17, 0xff, 0x4a, 0x1d, 0x12, 0xff, 0x70, 0x2f, 0x21, 0xff,
  0xbd, 0x59, 0x45, 0xff, 0xc7, 0x62, 0x4e, 0xff, 0xd3, 0x6b, 0x57, 0xff,
  0xdb, 0x72, 0x5d, 0xff, 0xe0, 0x76, 0x62, 0xff, 0xe3, 0x7a, 0x65, 0xff,
  0xe6, 0x7d, 0x69, 0xff, 0xe8, 0x7f, 0x6a, 0xff, 0xe9, 0x7f, 0x6a, 0xff,
  0xea, 0x80, 0x6b, 0xff, 0xea, 0x80, 0x6b, 0xff, 0xeb, 0x7f, 0x69, 0xff,
  0xec, 0x7f, 0x68, 0xff, 0xec, 0x7c, 0x64, 0xff, 0xe4, 0x70, 0x56, 0xff,
  0xf8, 0xae, 0xa3, 0xff, 0xf6, 0xa2, 0x92, 0xff, 0xf4, 0x9d, 0x8c, 0xff,
  0xf4, 0x9c, 0x8b, 0xff, 0xf4, 0x9c, 0x8b, 0xff, 0xf5, 0x9b, 0x8a, 0xff,
  0xf5, 0x9b, 0x89, 0xff, 0xf5, 0x9c, 0x8a, 0xff, 0xf5, 0x9b, 0x89, 0xff,
  0xf5, 0x9b, 0x89, 0xff, 0xf6, 0x9b, 0x88, 0xff, 0xf6, 0x9b, 0x88, 0xff,
  0xf6, 0x9a, 0x87, 0xff, 0xf6, 0x99, 0x86, 0xff, 0xf6, 0x9b, 0x88, 0xff,
  0xc6, 0x89, 0x82, 0xff, 0xbb, 0x81, 0x7d, 0xff, 0xb2, 0x75, 0x70, 0xff,
  0x9b, 0x5e, 0x58, 0xff, 0x92, 0x54, 0x4d, 0xff, 0x93, 0x54, 0x4c, 0xff,
  0x90, 0x51, 0x49, 0xff, 0x8d, 0x4f, 0x48, 0xff, 0x8c, 0x4e, 0x47, 0xff,
  0x8a, 0x4d, 0x45, 0xff, 0x87, 0x4a, 0x42, 0xff, 0x86, 0x48, 0x41, 0xff,
  0x84, 0x47, 0x3f, 0xff, 0x83, 0x46, 0x3e, 0xff, 0x81, 0x44, 0x3c, 0xff,
  0x7f, 0x42, 0x39, 0xff, 0x7e, 0x41, 0x38, 0xff, 0x7b, 0x3e, 0x36, 0xff,
  0x79, 0x3d, 0x34, 0xff, 0x79, 0x3d, 0x34, 0xff, 0x6e, 0x34, 0x2b, 0xff,
  0xc7, 0x95, 0x8d, 0xff, 0xf9, 0xbd, 0xb5, 0xff, 0xc1, 0x6c, 0x5f, 0xff,
  0xa7, 0x4e, 0x3f, 0xff, 0xa1, 0x4c, 0x3e, 0xff, 0x97, 0x45, 0x37, 0xff,
  0x68, 0x29, 0x1b, 0xff, 0x44, 0x10, 0x01, 0xff, 0x36, 0x0b, 0x00, 0xff,
  0x16, 0x06, 0x03, 0xff, 0x00, 0x00, 0x00, 0xff, 0x0e, 0x00, 0x00, 0xff,
  0x44, 0x1c, 0x16, 0xff, 0x6c, 0x36, 0x2e, 0xff, 0x6c, 0x34, 0x2b, 0xff,
  0x5f, 0x2b, 0x21, 0xff, 0x52, 0x23, 0x18, 0xff, 0x4e, 0x1f, 0x13, 0xff,
  0x4e, 0x1f, 0x12, 0xff, 0x4f, 0x20, 0x14, 0xff, 0x51, 0x22, 0x16, 0xff,
  0x56, 0x26, 0x1b, 0xff, 0x5e, 0x2b, 0x20, 0xff, 0x5e, 0x2b, 0x21, 0xff,
  0x4f, 0x22, 0x19, 0xff, 0x30, 0x0f, 0x0a, 0xff, 0x0d, 0x00, 0x00, 0xff,
  0x07, 0x00, 0x00, 0xff, 0x2c, 0x0e, 0x06, 0xff, 0x4d, 0x19, 0x0c, 0xff,
  0x58, 0x22, 0x17, 0xff, 0x6f, 0x31, 0x26, 0xff, 0x72, 0x32, 0x28, 0xff,
  0x6f, 0x31, 0x26, 0xff, 0x71, 0x32, 0x26, 0xff, 0x70, 0x31, 0x25, 0xff,
  0x72, 0x31, 0x25, 0xff, 0x55, 0x22, 0x18, 0xff, 0x4a, 0x20, 0x18, 0xff,
  0x53, 0x26, 0x1d, 0xff, 0x56, 0x28, 0x20, 0xff, 0x59, 0x2a, 0x21, 0xff,
  0x5a, 0x2a, 0x21, 0xff, 0x5d, 0x2c, 0x23, 0xff, 0x57, 0x2a, 0x22, 0xff,
  0x9a, 0x8b, 0x8c, 0xff, 0xcf, 0xcb, 0xd0, 0xff, 0xcb, 0xc4, 0xc9, 0xff,
  0x91, 0x84, 0x86, 0xff, 0x37, 0x18, 0x11, 0xff, 0x4a, 0x1e, 0x15, 0xff,
  0x55, 0x28, 0x1f, 0xff, 0x56, 0x27, 0x1e, 0xff, 0x52, 0x24, 0x1b, 0xff,
  0x4d, 0x21, 0x17, 0xff, 0x49, 0x1d, 0x13, 0xff, 0x69, 0x2c, 0x1e, 0xff,
  0xae, 0x4f, 0x3c, 0xff, 0xbd, 0x5b, 0x47, 0xff, 0xc9, 0x64, 0x51, 0xff,
  0xd4, 0x6d, 0x58, 0xff, 0xdb, 0x72, 0x5e, 0xff, 0xe0, 0x77, 0x62, 0xff,
  0xe4, 0x7a, 0x65, 0xff, 0xe8, 0x7d, 0x68, 0xff, 0xe9, 0x7e, 0x68, 0xff,
  0xe9, 0x7e, 0x69, 0xff, 0xe9, 0x7f, 0x69, 0xff, 0xeb, 0x7f, 0x69, 0xff,
  0xeb, 0x7f, 0x68, 0xff, 0xeb, 0x7c, 0x63, 0xff, 0xe3, 0x70, 0x57, 0xff,
  0xf9, 0xaf, 0xa3, 0xff, 0xf7, 0xa3, 0x93, 0xff, 0xf5, 0x9d, 0x8c, 0xff,
  0xf5, 0x9d, 0x8b, 0xff, 0xf5, 0x9c, 0x8a, 0xff, 0xf4, 0x9b, 0x8a, 0xff,
  0xf4, 0x9a, 0x89, 0xff, 0xf5, 0x9c, 0x8a, 0xff, 0xf6, 0x9c, 0x8a, 0xff,
  0xf6, 0x9b, 0x89, 0xff, 0xf6, 0x9b, 0x88, 0xff, 0xf6, 0x9a, 0x88, 0xff,
  0xf6, 0x9a, 0x87, 0xff, 0xf7, 0x9a, 0x86, 0xff, 0xf5, 0x9b, 0x87, 0xff,
  0xc3, 0x83, 0x7b, 0xff, 0xb9, 0x7f, 0x7a, 0xff, 0xb0, 0x73, 0x6e, 0xff,
  0x99, 0x5b, 0x55, 0xff, 0x90, 0x52, 0x4b, 0xff, 0x8f, 0x50, 0x48, 0xff,
  0x8e, 0x4f, 0x47, 0xff, 0x8c, 0x4e, 0x46, 0xff, 0x8b, 0x4d, 0x45, 0xff,
  0x89, 0x4c, 0x44, 0xff, 0x87, 0x4a, 0x41, 0xff, 0x84, 0x48, 0x40, 0xff,
  0x85, 0x47, 0x3f, 0xff, 0x83, 0x45, 0x3c, 0xff, 0x81, 0x43, 0x3b, 0xff,
  0x7f, 0x41, 0x39, 0xff, 0x7d, 0x3f, 0x37, 0xff, 0x7a, 0x3d, 0x35, 0xff,
  0x79, 0x3e, 0x35, 0xff, 0x6c, 0x32, 0x28, 0xff, 0xac, 0x78, 0x70, 0xff,
  0xfb, 0xc0, 0xb8, 0xff, 0xc7, 0x75, 0x68, 0xff, 0xa6, 0x4c, 0x3d, 0xff,
  0xa2, 0x4d, 0x3e, 0xff, 0x98, 0x46, 0x38, 0xff, 0x62, 0x25, 0x17, 0xff,
  0x43, 0x0f, 0x00, 0xff, 0x30, 0x0b, 0x01, 0xff, 0x05, 0x00, 0x00, 0xff,
  0x05, 0x00, 0x00, 0xff, 0x48, 0x21, 0x1b, 0xff, 0x8f, 0x53, 0x4c, 0xff,
  0x91, 0x4f, 0x49, 0xff, 0x70, 0x35, 0x2b, 0xff, 0x62, 0x2a, 0x1b, 0xff,
  0x5d, 0x29, 0x18, 0xff, 0x5b, 0x26, 0x14, 0xff, 0x57, 0x23, 0x0e, 0xff,
  0x4d, 0x1d, 0x0a, 0xff, 0x45, 0x18, 0x05, 0xff, 0x40, 0x14, 0x02, 0xff,
  0x3b, 0x11, 0x02, 0xff, 0x3c, 0x11, 0x04, 0xff, 0x44, 0x18, 0x0c, 0xff,
  0x52, 0x23, 0x18, 0xff, 0x5d, 0x2b, 0x20, 0xff, 0x52, 0x22, 0x18, 0xff,
  0x29, 0x0a, 0x06, 0xff, 0x06, 0x00, 0x00, 0xff, 0x1d, 0x0a, 0x05, 0xff,
  0x4c, 0x1a, 0x0f, 0xff, 0x58, 0x22, 0x17, 0xff, 0x6d, 0x30, 0x26, 0xff,
  0x6f, 0x31, 0x26, 0xff, 0x70, 0x31, 0x25, 0xff, 0x6f, 0x30, 0x26, 0xff,
  0x6c, 0x2e, 0x23, 0xff, 0x69, 0x2c, 0x20, 0xff, 0x48, 0x1c, 0x14, 0xff,
  0x4c, 0x21, 0x19, 0xff, 0x53, 0x25, 0x1d, 0xff, 0x56, 0x27, 0x1f, 0xff,
  0x5a, 0x2a, 0x21, 0xff, 0x5a, 0x2b, 0x22, 0xff, 0x58, 0x2a, 0x22, 0xff,
  0x4d, 0x23, 0x1a, 0xff, 0x4e, 0x32, 0x2e, 0xff, 0x4c, 0x31, 0x2e, 0xff,
  0x30, 0x10, 0x09, 0xff, 0x40, 0x16, 0x0c, 0xff, 0x4f, 0x22, 0x19, 0xff,
  0x53, 0x26, 0x1d, 0xff, 0x54, 0x26, 0x1e, 0xff, 0x52, 0x24, 0x1b, 0xff,
  0x4c, 0x20, 0x16, 0xff, 0x48, 0x1c, 0x12, 0xff, 0x66, 0x29, 0x1b, 0xff,
  0xa0, 0x47, 0x34, 0xff, 0xb1, 0x53, 0x3f, 0xff, 0xc0, 0x5d, 0x4a, 0xff,
  0xcd, 0x67, 0x54, 0xff, 0xd6, 0x6e, 0x59, 0xff, 0xdc, 0x73, 0x5e, 0xff,
  0xe2, 0x77, 0x62, 0xff, 0xe7, 0x7b, 0x66, 0xff, 0xe9, 0x7d, 0x68, 0xff,
  0xe8, 0x7d, 0x68, 0xff, 0xe8, 0x7d, 0x68, 0xff, 0xea, 0x7e, 0x68, 0xff,
  0xea, 0x7d, 0x66, 0xff, 0xeb, 0x7a, 0x62, 0xff, 0xe4, 0x70, 0x57, 0xff,
  0xf8, 0xae, 0xa2, 0xff, 0xf6, 0xa3, 0x93, 0xff, 0xf6, 0x9e, 0x8d, 0xff,
  0xf5, 0x9c, 0x8a, 0xff, 0xf5, 0x9c, 0x89, 0xff, 0xf4, 0x9b, 0x89, 0xff,
  0xf4, 0x9b, 0x88, 0xff, 0xf6, 0x9b, 0x89, 0xff, 0xf6, 0x9b, 0x89, 0xff,
  0xf6, 0x9b, 0x88, 0xff, 0xf5, 0x9a, 0x88, 0xff, 0xf6, 0x9a, 0x88, 0xff,
  0xf5, 0x99, 0x86, 0xff, 0xf7, 0x99, 0x85, 0xff, 0xf5, 0x99, 0x85, 0xff,
  0xc2, 0x81, 0x79, 0xff, 0xb7, 0x7c, 0x76, 0xff, 0xad, 0x71, 0x6b, 0xff,
  0x95, 0x57, 0x51, 0xff, 0x90, 0x52, 0x4b, 0xff, 0x8d, 0x4f, 0x47, 0xff,
  0x8b, 0x4c, 0x44, 0xff, 0x8b, 0x4c, 0x44, 0xff, 0x8a, 0x4b, 0x43, 0xff,
  0x89, 0x4b, 0x43, 0xff, 0x87, 0x4a, 0x42, 0xff, 0x83, 0x46, 0x3f, 0xff,
  0x82, 0x45, 0x3d, 0xff, 0x80, 0x43, 0x3a, 0xff, 0x7e, 0x41, 0x39, 0xff,
  0x7e, 0x41, 0x38, 0xff, 0x7b, 0x3e, 0x36, 0xff, 0x7b, 0x3e, 0x36, 0xff,
  0x6f, 0x34, 0x2b, 0xff, 0x86, 0x50, 0x46, 0xff, 0xf4, 0xbc, 0xb4, 0xff,
  0xd6, 0x89, 0x7d, 0xff, 0xaa, 0x4f, 0x3f, 0xff, 0xa2, 0x4d, 0x3f, 0xff,
  0x98, 0x46, 0x38, 0xff, 0x66, 0x28, 0x19, 0xff, 0x43, 0x10, 0x00, 0xff,
  0x2b, 0x0a, 0x02, 0xff, 0x01, 0x00, 0x00, 0xff, 0x17, 0x02, 0x00, 0xff,
  0x82, 0x4f, 0x49, 0xff, 0xb5, 0x6c, 0x66, 0xff, 0x9f, 0x5a, 0x4f, 0xff,
  0x9e, 0x5f, 0x4a, 0xff, 0xa7, 0x66, 0x47, 0xff, 0xa8, 0x60, 0x40, 0xff,
  0x98, 0x50, 0x32, 0xff, 0x85, 0x40, 0x26, 0xff, 0x70, 0x32, 0x1b, 0xff,
  0x61, 0x29, 0x13, 0xff, 0x58, 0x23, 0x0d, 0xff, 0x4f, 0x1d, 0x08, 0xff,
  0x47, 0x19, 0x05, 0xff, 0x41, 0x15, 0x02, 0xff, 0x3b, 0x10, 0x00, 0xff,
  0x39, 0x0f, 0x02, 0xff, 0x43, 0x17, 0x0c, 0xff, 0x56, 0x25, 0x1b, 0xff,
  0x5c, 0x2a, 0x1f, 0xff, 0x3c, 0x14, 0x0d, 0xff, 0x0d, 0x00, 0x00, 0xff,
  0x17, 0x07, 0x05, 0xff, 0x4d, 0x1d, 0x12, 0xff, 0x5d, 0x26, 0x1b, 0xff,
  0x70, 0x32, 0x27, 0xff, 0x6f, 0x31, 0x26, 0xff, 0x6f, 0x30, 0x25, 0xff,
  0x6c, 0x2f, 0x24, 0xff, 0x68, 0x2c, 0x22, 0xff, 0x5a, 0x24, 0x19, 0xff,
  0x42, 0x1a, 0x11, 0xff, 0x4f, 0x22, 0x1a, 0xff, 0x53, 0x25, 0x1d, 0xff,
  0x57, 0x28, 0x20, 0xff, 0x59, 0x2a, 0x22, 0xff, 0x59, 0x2b, 0x23, 0xff,
  0x59, 0x2b, 0x23, 0xff, 0x4c, 0x1f, 0x16, 0xff, 0x43, 0x17, 0x0e, 0xff,
  0x49, 0x1d, 0x15, 0xff, 0x4e, 0x22, 0x19, 0xff, 0x50, 0x23, 0x1a, 0xff,
  0x54, 0x26, 0x1d, 0xff, 0x56, 0x27, 0x1e, 0xff, 0x53, 0x25, 0x1c, 0xff,
  0x4c, 0x20, 0x16, 0xff, 0x49, 0x1c, 0x12, 0xff, 0x65, 0x28, 0x1a, 0xff,
  0x96, 0x41, 0x2e, 0xff, 0xa6, 0x4c, 0x39, 0xff, 0xb6, 0x57, 0x44, 0xff,
  0xc5, 0x61, 0x4d, 0xff, 0xd1, 0x69, 0x55, 0xff, 0xd9, 0x6f, 0x5b, 0xff,
  0xe0, 0x75, 0x60, 0xff, 0xe4, 0x78, 0x63, 0xff, 0xe5, 0x7a, 0x65, 0xff,
  0xe7, 0x7c, 0x66, 0xff, 0xe8, 0x7c, 0x67, 0xff, 0xea, 0x7d, 0x66, 0xff,
  0xea, 0x7c, 0x66, 0xff, 0xea, 0x79, 0x62, 0xff, 0xe4, 0x6f, 0x55, 0xff,
  0xf8, 0xae, 0xa1, 0xff, 0xf6, 0xa3, 0x93, 0xff, 0xf5, 0x9e, 0x8c, 0xff,
  0xf5, 0x9d, 0x8b, 0xff, 0xf6, 0x9d, 0x8a, 0xff, 0xf5, 0x9c, 0x89, 0xff,
  0xf5, 0x9b, 0x88, 0xff, 0xf6, 0x9b, 0x89, 0xff, 0xf6, 0x9b, 0x88, 0xff,
  0xf6, 0x9a, 0x87, 0xff, 0xf5, 0x9a, 0x86, 0xff, 0xf6, 0x99, 0x86, 0xff,
  0xf5, 0x98, 0x85, 0xff, 0xf6, 0x98, 0x84, 0xff, 0xf5, 0x97, 0x83, 0xff,
  0xc1, 0x7f, 0x77, 0xff, 0xb6, 0x79, 0x74, 0xff, 0xaa, 0x6c, 0x66, 0xff,
  0x97, 0x59, 0x52, 0xff, 0x8f, 0x50, 0x49, 0xff, 0x8e, 0x4f, 0x47, 0xff,
  0x8b, 0x4c, 0x45, 0xff, 0x89, 0x4a, 0x42, 0xff, 0x87, 0x49, 0x41, 0xff,
  0x88, 0x49, 0x41, 0xff, 0x85, 0x47, 0x3f, 0xff, 0x83, 0x46, 0x3e, 0xff,
  0x80, 0x43, 0x3b, 0xff, 0x7f, 0x41, 0x39, 0xff, 0x7e, 0x40, 0x38, 0xff,
  0x7c, 0x3f, 0x37, 0xff, 0x7a, 0x3c, 0x34, 0xff, 0x78, 0x3b, 0x32, 0xff,
  0x6b, 0x34, 0x2c, 0xff, 0xd0, 0x99, 0x90, 0xff, 0xeb, 0xa4, 0x99, 0xff,
  0xaf, 0x56, 0x47, 0xff, 0xa0, 0x4a, 0x3c, 0xff, 0x9e, 0x4a, 0x3c, 0xff,
  0x6e, 0x2d, 0x20, 0xff, 0x44, 0x10, 0x00, 0xff, 0x2c, 0x0b, 0x02, 0xff,
  0x00, 0x00, 0x00, 0xff, 0x21, 0x07, 0x03, 0xff, 0x9f, 0x64, 0x5e, 0xff,
  0xb6, 0x6b, 0x62, 0xff, 0x9c, 0x5e, 0x4d, 0xff, 0xc6, 0x90, 0x72, 0xff,
  0xda, 0x99, 0x69, 0xff, 0xc9, 0x7f, 0x4d, 0xff, 0xac, 0x63, 0x38, 0xff,
  0x9f, 0x59, 0x2f, 0xff, 0x94, 0x4f, 0x29, 0xff, 0x83, 0x42, 0x22, 0xff,
  0x77, 0x38, 0x19, 0xff, 0x68, 0x2e, 0x13, 0xff, 0x59, 0x24, 0x0d, 0xff,
  0x51, 0x1e, 0x08, 0xff, 0x4a, 0x1a, 0x05, 0xff, 0x45, 0x16, 0x02, 0xff,
  0x40, 0x13, 0x00, 0xff, 0x39, 0x0e, 0x00, 0xff, 0x3c, 0x11, 0x05, 0xff,
  0x51, 0x21, 0x16, 0xff, 0x5c, 0x2a, 0x20, 0xff, 0x43, 0x19, 0x10, 0xff,
  0x12, 0x00, 0x00, 0xff, 0x1b, 0x0a, 0x06, 0xff, 0x56, 0x22, 0x17, 0xff,
  0x64, 0x2b, 0x20, 0xff, 0x71, 0x32, 0x27, 0xff, 0x6d, 0x2f, 0x25, 0xff,
  0x6e, 0x30, 0x26, 0xff, 0x68, 0x2d, 0x22, 0xff, 0x65, 0x2a, 0x1e, 0xff,
  0x47, 0x1b, 0x11, 0xff, 0x46, 0x1d, 0x14, 0xff, 0x51, 0x23, 0x1b, 0xff,
  0x54, 0x26, 0x1d, 0xff, 0x58, 0x29, 0x21, 0xff, 0x59, 0x2a, 0x22, 0xff,
  0x58, 0x29, 0x21, 0xff, 0x59, 0x2b, 0x22, 0xff, 0x57, 0x2a, 0x22, 0xff,
  0x55, 0x28, 0x1f, 0xff, 0x54, 0x27, 0x1e, 0xff, 0x54, 0x27, 0x1e, 0xff,
  0x55, 0x27, 0x1e, 0xff, 0x55, 0x27, 0x1e, 0xff, 0x53, 0x25, 0x1c, 0xff,
  0x4c, 0x1f, 0x16, 0xff, 0x49, 0x1c, 0x12, 0xff, 0x64, 0x29, 0x1b, 0xff,
  0x8f, 0x3e, 0x2c, 0xff, 0x9e, 0x47, 0x36, 0xff, 0xb0, 0x52, 0x3f, 0xff,
  0xc0, 0x5c, 0x48, 0xff, 0xcc, 0x65, 0x51, 0xff, 0xd5, 0x6c, 0x58, 0xff,
  0xdd, 0x73, 0x5d, 0xff, 0xe1, 0x77, 0x62, 0xff, 0xe4, 0x79, 0x64, 0xff,
  0xe6, 0x7a, 0x65, 0xff, 0xe7, 0x7b, 0x65, 0xff, 0xe9, 0x7c, 0x65, 0xff,
  0xea, 0x7b, 0x65, 0xff, 0xea, 0x79, 0x61, 0xff, 0xe4, 0x6f, 0x54, 0xff,
  0xf9, 0xae, 0xa1, 0xff, 0xf7, 0xa3, 0x93, 0xff, 0xf5, 0x9e, 0x8c, 0xff,
  0xf5, 0x9d, 0x8b, 0xff, 0xf5, 0x9c, 0x8a, 0xff, 0xf5, 0x9c, 0x89, 0xff,
  0xf5, 0x9b, 0x89, 0xff, 0xf5, 0x9b, 0x89, 0xff, 0xf5, 0x9a, 0x88, 0xff,
  0xf6, 0x9a, 0x87, 0xff, 0xf6, 0x9a, 0x86, 0xff, 0xf7, 0x9a, 0x86, 0xff,
  0xf5, 0x99, 0x86, 0xff, 0xf6, 0x98, 0x84, 0xff, 0xf6, 0x97, 0x84, 0xff,
  0xc0, 0x7e, 0x76, 0xff, 0xb4, 0x76, 0x71, 0xff, 0xa9, 0x6a, 0x64, 0xff,
  0x97, 0x56, 0x50, 0xff, 0x91, 0x52, 0x4a, 0xff, 0x8e, 0x4f, 0x47, 0xff,
  0x8a, 0x4b, 0x43, 0xff, 0x88, 0x4a, 0x42, 0xff, 0x86, 0x48, 0x40, 0xff,
  0x84, 0x47, 0x3e, 0xff, 0x85, 0x47, 0x3e, 0xff, 0x82, 0x44, 0x3c, 0xff,
  0x81, 0x42, 0x3a, 0xff, 0x7e, 0x40, 0x38, 0xff, 0x7b, 0x3f, 0x36, 0xff,
  0x79, 0x3d, 0x34, 0xff, 0x77, 0x3b, 0x33, 0xff, 0x68, 0x2e, 0x27, 0xff,
  0x96, 0x5e, 0x56, 0xff, 0xf4, 0xb2, 0xa8, 0xff, 0xc1, 0x6c, 0x5e, 0xff,
  0xa1, 0x48, 0x3a, 0xff, 0xa0, 0x4a, 0x3d, 0xff, 0x81, 0x38, 0x2a, 0xff,
  0x47, 0x13, 0x04, 0xff, 0x32, 0x0b, 0x00, 0xff, 0x04, 0x00, 0x00, 0xff,
  0x21, 0x06, 0x02, 0xff, 0xa0, 0x65, 0x5f, 0xff, 0xac, 0x61, 0x59, 0xff,
  0xa2, 0x6c, 0x57, 0xff, 0xe8, 0xba, 0x96, 0xff, 0xe6, 0xae, 0x78, 0xff,
  0xcf, 0x90, 0x4e, 0xff, 0xcc, 0x91, 0x4f, 0xff, 0xd1, 0x99, 0x55, 0xff,
  0xc9, 0x8a, 0x49, 0xff, 0xb5, 0x70, 0x38, 0xff, 0xa3, 0x5b, 0x2c, 0xff,
  0x8e, 0x4a, 0x23, 0xff, 0x79, 0x3a, 0x19, 0xff, 0x6c, 0x30, 0x12, 0xff,
  0x64, 0x29, 0x0d, 0xff, 0x59, 0x22, 0x0a, 0xff, 0x4f, 0x1c, 0x05, 0xff,
  0x45, 0x16, 0x02, 0xff, 0x40, 0x13, 0x01, 0xff, 0x3d, 0x12, 0x00, 0xff,
  0x3d, 0x11, 0x03, 0xff, 0x4e, 0x1f, 0x14, 0xff, 0x5b, 0x2a, 0x1f, 0xff,
  0x43, 0x18, 0x0f, 0xff, 0x10, 0x00, 0x00, 0xff, 0x28, 0x10, 0x0b, 0xff,
  0x5f, 0x27, 0x1c, 0xff, 0x6b, 0x30, 0x26, 0xff, 0x6f, 0x31, 0x27, 0xff,
  0x6d, 0x2f, 0x25, 0xff, 0x6c, 0x30, 0x25, 0xff, 0x65, 0x2b, 0x20, 0xff,
  0x58, 0x22, 0x17, 0xff, 0x3e, 0x16, 0x0d, 0xff, 0x4a, 0x20, 0x17, 0xff,
  0x52, 0x24, 0x1b, 0xff, 0x56, 0x27, 0x1e, 0xff, 0x59, 0x29, 0x20, 0xff,
  0x59, 0x29, 0x21, 0xff, 0x57, 0x29, 0x21, 0xff, 0x58, 0x29, 0x21, 0xff,
  0x58, 0x29, 0x20, 0xff, 0x58, 0x29, 0x20, 0xff, 0x57, 0x28, 0x1f, 0xff,
  0x57, 0x28, 0x1f, 0xff, 0x56, 0x27, 0x1e, 0xff, 0x53, 0x24, 0x1b, 0xff,
  0x4c, 0x1f, 0x15, 0xff, 0x49, 0x1d, 0x12, 0xff, 0x63, 0x29, 0x1b, 0xff,
  0x8a, 0x3c, 0x2b, 0xff, 0x96, 0x43, 0x32, 0xff, 0xa8, 0x4d, 0x3b, 0xff,
  0xba, 0x57, 0x43, 0xff, 0xc6, 0x60, 0x4c, 0xff, 0xd0, 0x68, 0x53, 0xff,
  0xd9, 0x6f, 0x5a, 0xff, 0xe0, 0x74, 0x5f, 0xff, 0xe3, 0x77, 0x62, 0xff,
  0xe4, 0x79, 0x64, 0xff, 0xe6, 0x7b, 0x64, 0xff, 0xe9, 0x7c, 0x65, 0xff,
  0xea, 0x7b, 0x64, 0xff, 0xea, 0x79, 0x60, 0xff, 0xe4, 0x70, 0x56, 0xff,
  0xf9, 0xae, 0xa1, 0xff, 0xf8, 0xa3, 0x92, 0xff, 0xf6, 0x9e, 0x8c, 0xff,
  0xf5, 0x9d, 0x8a, 0xff, 0xf5, 0x9b, 0x89, 0xff, 0xf5, 0x9b, 0x89, 0xff,
  0xf5, 0x9b, 0x89, 0xff, 0xf5, 0x9b, 0x89, 0xff, 0xf6, 0x9b, 0x88, 0xff,
  0xf6, 0x9a, 0x87, 0xff, 0xf6, 0x9a, 0x86, 0xff, 0xf6, 0x99, 0x85, 0xff,
  0xf6, 0x99, 0x85, 0xff, 0xf7, 0x98, 0x84, 0xff, 0xf6, 0x98, 0x85, 0xff,
  0xc0, 0x7d, 0x75, 0xff, 0xb2, 0x73, 0x6e, 0xff, 0xa8, 0x68, 0x62, 0xff,
  0x95, 0x56, 0x4e, 0xff, 0x8e, 0x4f, 0x47, 0xff, 0x8c, 0x4d, 0x45, 0xff,
  0x8a, 0x4b, 0x43, 0xff, 0x88, 0x49, 0x41, 0xff, 0x85, 0x47, 0x3f, 0xff,
  0x84, 0x47, 0x3f, 0xff, 0x82, 0x45, 0x3d, 0xff, 0x82, 0x44, 0x3b, 0xff,
  0x81, 0x42, 0x39, 0xff, 0x7d, 0x40, 0x37, 0xff, 0x7b, 0x3e, 0x36, 0xff,
  0x78, 0x3c, 0x34, 0xff, 0x74, 0x39, 0x30, 0xff, 0x6e, 0x36, 0x2d, 0xff,
  0xd3, 0x94, 0x89, 0xff, 0xdf, 0x92, 0x84, 0xff, 0xa8, 0x4f, 0x40, 0xff,
  0x9f, 0x48, 0x3a, 0xff, 0x94, 0x43, 0x35, 0xff, 0x57, 0x1d, 0x0f, 0xff,
  0x3c, 0x0d, 0x00, 0xff, 0x0a, 0x02, 0x01, 0xff, 0x13, 0x00, 0x00, 0xff,
  0x85, 0x4e, 0x46, 0xff, 0xac, 0x62, 0x59, 0xff, 0xa8, 0x74, 0x5e, 0xff,
  0xf0, 0xc5, 0x9b, 0xff, 0xde, 0xa6, 0x63, 0xff, 0xd9, 0xa4, 0x5b, 0xff,
  0xe8, 0xc3, 0x7b, 0xff, 0xe8, 0xc0, 0x73, 0xff, 0xde, 0xa9, 0x5c, 0xff,
  0xce, 0x91, 0x4a, 0xff, 0xb8, 0x75, 0x38, 0xff, 0xa3, 0x5d, 0x2b, 0xff,
  0x8a, 0x49, 0x21, 0xff, 0x79, 0x3a, 0x18, 0xff, 0x6e, 0x31, 0x11, 0xff,
  0x62, 0x29, 0x0d, 0xff, 0x5f, 0x26, 0x0b, 0xff, 0x5c, 0x23, 0x09, 0xff,
  0x55, 0x1f, 0x07, 0xff, 0x48, 0x17, 0x03, 0xff, 0x44, 0x15, 0x02, 0xff,
  0x42, 0x14, 0x01, 0xff, 0x40, 0x13, 0x04, 0xff, 0x52, 0x22, 0x17, 0xff,
  0x5b, 0x2a, 0x20, 0xff, 0x38, 0x12, 0x0a, 0xff, 0x09, 0x00, 0x00, 0xff,
  0x43, 0x1d, 0x14, 0xff, 0x69, 0x2e, 0x23, 0xff, 0x70, 0x32, 0x28, 0xff,
  0x6d, 0x2e, 0x24, 0xff, 0x6d, 0x30, 0x26, 0xff, 0x67, 0x2d, 0x22, 0xff,
  0x5f, 0x27, 0x1b, 0xff, 0x43, 0x17, 0x0e, 0xff, 0x42, 0x19, 0x11, 0xff,
  0x4e, 0x22, 0x19, 0xff, 0x53, 0x25, 0x1d, 0xff, 0x58, 0x28, 0x1f, 0xff,
  0x59, 0x29, 0x20, 0xff, 0x58, 0x29, 0x21, 0xff, 0x58, 0x28, 0x20, 0xff,
  0x58, 0x29, 0x20, 0xff, 0x58, 0x29, 0x21, 0xff, 0x58, 0x29, 0x20, 0xff,
  0x59, 0x29, 0x20, 0xff, 0x57, 0x28, 0x1f, 0xff, 0x53, 0x25, 0x1c, 0xff,
  0x4c, 0x1f, 0x16, 0xff, 0x4a, 0x1d, 0x12, 0xff, 0x62, 0x27, 0x1a, 0xff,
  0x87, 0x3a, 0x2a, 0xff, 0x92, 0x41, 0x30, 0xff, 0xa3, 0x4a, 0x38, 0xff,
  0xb4, 0x54, 0x40, 0xff, 0xbf, 0x5d, 0x49, 0xff, 0xcb, 0x64, 0x51, 0xff,
  0xd5, 0x6c, 0x57, 0xff, 0xdd, 0x72, 0x5d, 0xff, 0xe1, 0x75, 0x5f, 0xff,
  0xe3, 0x77, 0x61, 0xff, 0xe6, 0x7a, 0x64, 0xff, 0xe9, 0x7b, 0x65, 0xff,
  0xea, 0x7b, 0x64, 0xff, 0xeb, 0x79, 0x61, 0xff, 0xe5, 0x70, 0x56, 0xff,
  0xf9, 0xae, 0xa1, 0xff, 0xf7, 0xa3, 0x93, 0xff, 0xf6, 0x9e, 0x8c, 0xff,
  0xf5, 0x9b, 0x89, 0xff, 0xf4, 0x9a, 0x89, 0xff, 0xf4, 0x9b, 0x89, 0xff,
  0xf5, 0x9b, 0x89, 0xff, 0xf5, 0x9b, 0x88, 0xff, 0xf6, 0x9b, 0x88, 0xff,
  0xf7, 0x9a, 0x87, 0xff, 0xf7, 0x9a, 0x86, 0xff, 0xf6, 0x99, 0x85, 0xff,
  0xf6, 0x98, 0x84, 0xff, 0xf7, 0x98, 0x84, 0xff, 0xf5, 0x96, 0x83, 0xff,
  0xbd, 0x79, 0x70, 0xff, 0xae, 0x71, 0x6b, 0xff, 0xa5, 0x66, 0x60, 0xff,
  0x95, 0x55, 0x4d, 0xff, 0x8e, 0x4f, 0x47, 0xff, 0x89, 0x4a, 0x41, 0xff,
  0x87, 0x48, 0x3f, 0xff, 0x86, 0x48, 0x3f, 0xff, 0x84, 0x46, 0x3e, 0xff,
  0x83, 0x45, 0x3d, 0xff, 0x82, 0x45, 0x3d, 0xff, 0x81, 0x43, 0x3a, 0xff,
  0x7f, 0x41, 0x38, 0xff, 0x7d, 0x40, 0x37, 0xff, 0x7a, 0x3d, 0x34, 0xff,
  0x78, 0x3c, 0x34, 0xff, 0x6d, 0x33, 0x2a, 0xff, 0x8f, 0x56, 0x4d, 0xff,
  0xed, 0xa4, 0x99, 0xff, 0xbf, 0x6a, 0x5b, 0xff, 0x9f, 0x48, 0x39, 0xff,
  0x9b, 0x46, 0x39, 0xff, 0x71, 0x2e, 0x21, 0xff, 0x44, 0x10, 0x00, 0xff,
  0x21, 0x08, 0x01, 0xff, 0x06, 0x00, 0x00, 0xff, 0x55, 0x28, 0x20, 0xff,
  0x9b, 0x58, 0x4f, 0xff, 0x9d, 0x62, 0x4a, 0xff, 0xe3, 0xae, 0x7d, 0xff,
  0xdb, 0xa3, 0x5c, 0xff, 0xdd, 0xb0, 0x67, 0xff, 0xf3, 0xe2, 0xa0, 0xff,
  0xfa, 0xf2, 0xaa, 0xff, 0xf7, 0xea, 0x99, 0xff, 0xea, 0xcb, 0x73, 0xff,
  0xd0, 0x95, 0x49, 0xff, 0xbf, 0x7e, 0x3a, 0xff, 0xa6, 0x63, 0x2d, 0xff,
  0x8f, 0x4e, 0x23, 0xff, 0x7e, 0x3f, 0x1a, 0xff, 0x6f, 0x33, 0x13, 0xff,
  0x65, 0x2b, 0x0e, 0xff, 0x5e, 0x25, 0x0a, 0xff, 0x59, 0x22, 0x08, 0xff,
  0x59, 0x21, 0x08, 0xff, 0x59, 0x21, 0x09, 0xff, 0x4e, 0x1a, 0x05, 0xff,
  0x47, 0x17, 0x03, 0xff, 0x46, 0x16, 0x02, 0xff, 0x47, 0x18, 0x08, 0xff,
  0x5b, 0x29, 0x1f, 0xff, 0x57, 0x27, 0x1d, 0xff, 0x26, 0x08, 0x02, 0xff,
  0x16, 0x07, 0x05, 0xff, 0x60, 0x2a, 0x21, 0xff, 0x6f, 0x32, 0x29, 0xff,
  0x6e, 0x30, 0x26, 0xff, 0x6a, 0x2f, 0x25, 0xff, 0x68, 0x2d, 0x24, 0xff,
  0x62, 0x29, 0x1e, 0xff, 0x4e, 0x1d, 0x13, 0xff, 0x39, 0x13, 0x0c, 0xff,
  0x4a, 0x1f, 0x16, 0xff, 0x51, 0x23, 0x1b, 0xff, 0x54, 0x25, 0x1c, 0xff,
  0x56, 0x27, 0x1e, 0xff, 0x58, 0x29, 0x20, 0xff, 0x58, 0x28, 0x20, 0xff,
  0x59, 0x29, 0x20, 0xff, 0x58, 0x29, 0x20, 0xff, 0x59, 0x29, 0x20, 0xff,
  0x58, 0x29, 0x20, 0xff, 0x56, 0x28, 0x1f, 0xff, 0x54, 0x26, 0x1d, 0xff,
  0x4e, 0x20, 0x16, 0xff, 0x49, 0x1c, 0x12, 0xff, 0x61, 0x26, 0x19, 0xff,
  0x86, 0x39, 0x29, 0xff, 0x91, 0x40, 0x2f, 0xff, 0xa0, 0x49, 0x37, 0xff,
  0xae, 0x52, 0x3f, 0xff, 0xbc, 0x5b, 0x48, 0xff, 0xc7, 0x62, 0x4e, 0xff,
  0xd2, 0x69, 0x54, 0xff, 0xda, 0x70, 0x5a, 0xff, 0xe0, 0x74, 0x5e, 0xff,
  0xe3, 0x76, 0x60, 0xff, 0xe6, 0x79, 0x63, 0xff, 0xe8, 0x7a, 0x63, 0xff,
  0xea, 0x7b, 0x64, 0xff, 0xeb, 0x79, 0x61, 0xff, 0xe5, 0x71, 0x57, 0xff,
  0xf9, 0xaf, 0xa1, 0xff, 0xf7, 0xa4, 0x93, 0xff, 0xf5, 0x9e, 0x8c, 0xff,
  0xf4, 0x9b, 0x89, 0xff, 0xf4, 0x9a, 0x88, 0xff, 0xf4, 0x9a, 0x88, 0xff,
  0xf4, 0x9a, 0x88, 0xff, 0xf5, 0x9a, 0x88, 0xff, 0xf6, 0x9b, 0x88, 0xff,
  0xf6, 0x9a, 0x87, 0xff, 0xf5, 0x99, 0x86, 0xff, 0xf6, 0x98, 0x86, 0xff,
  0xf6, 0x98, 0x84, 0xff, 0xf7, 0x97, 0x83, 0xff, 0xf5, 0x95, 0x82, 0xff,
  0xbd, 0x79, 0x71, 0xff, 0xad, 0x70, 0x6b, 0xff, 0xa3, 0x64, 0x5d, 0xff,
  0x92, 0x52, 0x4a, 0xff, 0x8c, 0x4d, 0x45, 0xff, 0x88, 0x49, 0x41, 0xff,
  0x86, 0x48, 0x3f, 0xff, 0x86, 0x47, 0x3f, 0xff, 0x83, 0x45, 0x3c, 0xff,
  0x82, 0x45, 0x3c, 0xff, 0x82, 0x45, 0x3d, 0xff, 0x7e, 0x42, 0x39, 0xff,
  0x7c, 0x3f, 0x36, 0xff, 0x7a, 0x3d, 0x34, 0xff, 0x78, 0x3b, 0x32, 0xff,
  0x76, 0x3b, 0x32, 0xff, 0x67, 0x30, 0x28, 0xff, 0xbc, 0x7a, 0x6f, 0xff,
  0xe2, 0x8f, 0x82, 0xff, 0xa7, 0x4f, 0x40, 0xff, 0x9d, 0x48, 0x39, 0xff,
  0x90, 0x41, 0x33, 0xff, 0x53, 0x1b, 0x0c, 0xff, 0x34, 0x0c, 0x00, 0xff,
  0x03, 0x00, 0x00, 0xff, 0x2f, 0x0f, 0x0a, 0xff, 0x83, 0x45, 0x3b, 0xff,
  0x8e, 0x4c, 0x38, 0xff, 0xc8, 0x8e, 0x5d, 0xff, 0xd4, 0x97, 0x56, 0xff,
  0xd8, 0xa5, 0x59, 0xff, 0xf8, 0xee, 0xb4, 0xff, 0xfe, 0xff, 0xc8, 0xff,
  0xfc, 0xfa, 0xb0, 0xff, 0xfc, 0xf7, 0xa1, 0xff, 0xff, 0xfb, 0x98, 0xff,
  0xeb, 0xd1, 0x6f, 0xff, 0xb3, 0x73, 0x34, 0xff, 0x97, 0x58, 0x26, 0xff,
  0x86, 0x47, 0x1d, 0xff, 0x73, 0x39, 0x16, 0xff, 0x6a, 0x31, 0x12, 0xff,
  0x67, 0x2c, 0x0f, 0xff, 0x60, 0x26, 0x0b, 0xff, 0x5b, 0x23, 0x09, 0xff,
  0x5b, 0x22, 0x09, 0xff, 0x59, 0x21, 0x08, 0xff, 0x5b, 0x22, 0x09, 0xff,
  0x51, 0x1c, 0x06, 0xff, 0x4b, 0x19, 0x05, 0xff, 0x4a, 0x18, 0x03, 0xff,
  0x52, 0x20, 0x12, 0xff, 0x63, 0x2f, 0x26, 0xff, 0x4b, 0x1e, 0x14, 0xff,
  0x10, 0x00, 0x00, 0xff, 0x3d, 0x1b, 0x16, 0xff, 0x73, 0x36, 0x2c, 0xff,
  0x6f, 0x32, 0x29, 0xff, 0x69, 0x2e, 0x24, 0xff, 0x69, 0x2e, 0x24, 0xff,
  0x61, 0x29, 0x1e, 0xff, 0x56, 0x22, 0x17, 0xff, 0x39, 0x12, 0x0a, 0xff,
  0x42, 0x1a, 0x11, 0xff, 0x4c, 0x20, 0x18, 0xff, 0x51, 0x23, 0x1a, 0xff,
  0x54, 0x26, 0x1d, 0xff, 0x57, 0x28, 0x1f, 0xff, 0x59, 0x29, 0x20, 0xff,
  0x5a, 0x2a, 0x21, 0xff, 0x58, 0x29, 0x20, 0xff, 0x58, 0x29, 0x20, 0xff,
  0x58, 0x28, 0x1f, 0xff, 0x56, 0x27, 0x1e, 0xff, 0x53, 0x26, 0x1c, 0xff,
  0x4c, 0x1f, 0x16, 0xff, 0x49, 0x1c, 0x11, 0xff, 0x60, 0x26, 0x19, 0xff,
  0x84, 0x38, 0x27, 0xff, 0x8e, 0x3e, 0x2d, 0xff, 0x9d, 0x47, 0x35, 0xff,
  0xaa, 0x4f, 0x3c, 0xff, 0xb8, 0x58, 0x44, 0xff, 0xc4, 0x5f, 0x4b, 0xff,
  0xcf, 0x66, 0x51, 0xff, 0xd8, 0x6c, 0x57, 0xff, 0xde, 0x71, 0x5c, 0xff,
  0xe3, 0x75, 0x5f, 0xff, 0xe6, 0x78, 0x61, 0xff, 0xe7, 0x7a, 0x63, 0xff,
  0xea, 0x7b, 0x63, 0xff, 0xea, 0x78, 0x5f, 0xff, 0xe6, 0x72, 0x58, 0xff,
  0xfa, 0xb0, 0xa3, 0xff, 0xf7, 0xa3, 0x92, 0xff, 0xf5, 0x9d, 0x8b, 0xff,
  0xf5, 0x9c, 0x8a, 0xff, 0xf5, 0x9a, 0x88, 0xff, 0xf5, 0x9b, 0x88, 0xff,
  0xf5, 0x9b, 0x88, 0xff, 0xf5, 0x99, 0x87, 0xff, 0xf5, 0x99, 0x86, 0xff,
  0xf6, 0x99, 0x86, 0xff, 0xf6, 0x99, 0x85, 0xff, 0xf6, 0x98, 0x85, 0xff,
  0xf6, 0x98, 0x84, 0xff, 0xf7, 0x97, 0x82, 0xff, 0xf6, 0x96, 0x82, 0xff,
  0xbd, 0x79, 0x70, 0xff, 0xae, 0x6f, 0x69, 0xff, 0xa2, 0x61, 0x5a, 0xff,
  0x91, 0x51, 0x49, 0xff, 0x8b, 0x4d, 0x44, 0xff, 0x88, 0x4a, 0x42, 0xff,
  0x86, 0x48, 0x3f, 0xff, 0x85, 0x46, 0x3e, 0xff, 0x83, 0x45, 0x3c, 0xff,
  0x81, 0x44, 0x3b, 0xff, 0x7f, 0x42, 0x3a, 0xff, 0x7e, 0x41, 0x38, 0xff,
  0x7c, 0x3f, 0x36, 0xff, 0x79, 0x3c, 0x33, 0xff, 0x78, 0x3c, 0x32, 0xff,
  0x71, 0x36, 0x2d, 0xff, 0x72, 0x3b, 0x32, 0xff, 0xdb, 0x8e, 0x81, 0xff,
  0xcb, 0x74, 0x65, 0xff, 0x9c, 0x46, 0x37, 0xff, 0x9b, 0x47, 0x39, 0xff,
  0x7c, 0x34, 0x27, 0xff, 0x47, 0x12, 0x02, 0xff, 0x1c, 0x07, 0x00, 0xff,
  0x08, 0x00, 0x00, 0xff, 0x5e, 0x2c, 0x23, 0xff, 0x7d, 0x3b, 0x2e, 0xff,
  0x98, 0x59, 0x33, 0xff, 0xc3, 0x83, 0x47, 0xff, 0xc7, 0x8c, 0x48, 0xff,
  0xee, 0xd4, 0x87, 0xff, 0xfe, 0xfd, 0xbb, 0xff, 0xfb, 0xf9, 0xb6, 0xff,
  0xfc, 0xf9, 0xae, 0xff, 0xfc, 0xf7, 0xa2, 0xff, 0xfa, 0xef, 0x8a, 0xff,
  0xfc, 0xf3, 0x81, 0xff, 0xab, 0x78, 0x35, 0xff, 0x88, 0x46, 0x19, 0xff,
  0x79, 0x40, 0x18, 0xff, 0x68, 0x32, 0x11, 0xff, 0x60, 0x2b, 0x0d, 0xff,
  0x5b, 0x26, 0x0b, 0xff, 0x5e, 0x25, 0x0a, 0xff, 0x5f, 0x25, 0x0a, 0xff,
  0x5e, 0x24, 0x0a, 0xff, 0x5c, 0x22, 0x09, 0xff, 0x5e, 0x24, 0x0b, 0xff,
  0x61, 0x25, 0x0c, 0xff, 0x52, 0x1c, 0x06, 0xff, 0x4f, 0x1b, 0x06, 0xff,
  0x50, 0x1b, 0x08, 0xff, 0x62, 0x2c, 0x21, 0xff, 0x5f, 0x2c, 0x22, 0xff,
  0x2a, 0x09, 0x03, 0xff, 0x1b, 0x09, 0x07, 0xff, 0x70, 0x36, 0x2c, 0xff,
  0x74, 0x37, 0x2e, 0xff, 0x69, 0x2e, 0x25, 0xff, 0x68, 0x2d, 0x24, 0xff,
  0x61, 0x2a, 0x20, 0xff, 0x5a, 0x24, 0x19, 0xff, 0x40, 0x15, 0x0c, 0xff,
  0x3c, 0x15, 0x0d, 0xff, 0x48, 0x1e, 0x15, 0xff, 0x4e, 0x23, 0x19, 0xff,
  0x54, 0x26, 0x1d, 0xff, 0x56, 0x27, 0x1f, 0xff, 0x57, 0x28, 0x1f, 0xff,
  0x58, 0x29, 0x20, 0xff, 0x58, 0x29, 0x20, 0xff, 0x58, 0x28, 0x1f, 0xff,
  0x57, 0x27, 0x1e, 0xff, 0x56, 0x27, 0x1e, 0xff, 0x54, 0x25, 0x1c, 0xff,
  0x4c, 0x20, 0x16, 0xff, 0x49, 0x1c, 0x12, 0xff, 0x60, 0x26, 0x18, 0xff,
  0x83, 0x37, 0x27, 0xff, 0x8b, 0x3c, 0x2b, 0xff, 0x99, 0x44, 0x33, 0xff,
  0xa7, 0x4d, 0x3a, 0xff, 0xb4, 0x54, 0x41, 0xff, 0xc0, 0x5d, 0x48, 0xff,
  0xcb, 0x64, 0x4f, 0xff, 0xd4, 0x6a, 0x54, 0xff, 0xdb, 0x6f, 0x5a, 0xff,
  0xe0, 0x74, 0x5e, 0xff, 0xe5, 0x77, 0x61, 0xff, 0xe7, 0x79, 0x62, 0xff,
  0xe9, 0x7a, 0x62, 0xff, 0xea, 0x79, 0x60, 0xff, 0xe6, 0x73, 0x59, 0xff,
  0xfa, 0xb0, 0xa2, 0xff, 0xf7, 0xa3, 0x93, 0xff, 0xf6, 0x9e, 0x8c, 0xff,
  0xf5, 0x9c, 0x8a, 0xff, 0xf5, 0x9a, 0x88, 0xff, 0xf5, 0x9a, 0x87, 0xff,
  0xf5, 0x9a, 0x87, 0xff, 0xf6, 0x99, 0x86, 0xff, 0xf5, 0x99, 0x86, 0xff,
  0xf5, 0x99, 0x86, 0xff, 0xf6, 0x99, 0x85, 0xff, 0xf6, 0x98, 0x84, 0xff,
  0xf6, 0x97, 0x83, 0xff, 0xf8, 0x97, 0x82, 0xff, 0xf6, 0x95, 0x81, 0xff,
  0xba, 0x76, 0x6d, 0xff, 0xac, 0x6c, 0x66, 0xff, 0xa2, 0x62, 0x5a, 0xff,
  0x90, 0x50, 0x48, 0xff, 0x8a, 0x4c, 0x43, 0xff, 0x87, 0x49, 0x41, 0xff,
  0x83, 0x45, 0x3c, 0xff, 0x81, 0x44, 0x3c, 0xff, 0x80, 0x43, 0x3a, 0xff,
  0x7e, 0x42, 0x39, 0xff, 0x7d, 0x41, 0x38, 0xff, 0x7d, 0x40, 0x38, 0xff,
  0x7a, 0x3d, 0x34, 0xff, 0x77, 0x3b, 0x33, 0xff, 0x75, 0x3a, 0x31, 0xff,
  0x69, 0x30, 0x28, 0xff, 0x88, 0x4c, 0x42, 0xff, 0xe2, 0x8d, 0x7f, 0xff,
  0xb2, 0x5c, 0x4d, 0xff, 0x99, 0x47, 0x38, 0xff, 0x9a, 0x48, 0x39, 0xff,
  0x62, 0x26, 0x18, 0xff, 0x3c, 0x0e, 0x00, 0xff, 0x09, 0x00, 0x00, 0xff,
  0x2b, 0x0f, 0x0b, 0xff, 0x69, 0x32, 0x26, 0xff, 0x68, 0x2f, 0x18, 0xff,
  0xa4, 0x64, 0x34, 0xff, 0xaf, 0x6e, 0x37, 0xff, 0xd1, 0x9f, 0x55, 0xff,
  0xf4, 0xdf, 0x8a, 0xff, 0xfc, 0xf8, 0xa6, 0xff, 0xfc, 0xf7, 0xa7, 0xff,
  0xfd, 0xf9, 0xa7, 0xff, 0xfb, 0xf3, 0x90, 0xff, 0xf8, 0xed, 0x81, 0xff,
  0xff, 0xf7, 0x83, 0xff, 0xc4, 0x9a, 0x48, 0xff, 0x8a, 0x49, 0x1b, 0xff,
  0x7d, 0x44, 0x1a, 0xff, 0x6b, 0x34, 0x11, 0xff, 0x61, 0x2c, 0x0c, 0xff,
  0x5a, 0x26, 0x0a, 0xff, 0x5a, 0x24, 0x09, 0xff, 0x5d, 0x25, 0x0a, 0xff,
  0x62, 0x26, 0x0c, 0xff, 0x62, 0x25, 0x0b, 0xff, 0x63, 0x26, 0x0b, 0xff,
  0x68, 0x28, 0x0e, 0xff, 0x64, 0x25, 0x0c, 0xff, 0x54, 0x1c, 0x08, 0xff,
  0x56, 0x1d, 0x08, 0xff, 0x5d, 0x25, 0x15, 0xff, 0x6a, 0x33, 0x2a, 0xff,
  0x46, 0x19, 0x10, 0xff, 0x10, 0x00, 0x00, 0xff, 0x56, 0x2a, 0x23, 0xff,
  0x7f, 0x3f, 0x35, 0xff, 0x6c, 0x31, 0x28, 0xff, 0x68, 0x2e, 0x24, 0xff,
  0x65, 0x2c, 0x23, 0xff, 0x5c, 0x26, 0x1b, 0xff, 0x47, 0x19, 0x0e, 0xff,
  0x36, 0x11, 0x09, 0xff, 0x44, 0x1b, 0x13, 0xff, 0x4c, 0x21, 0x18, 0xff,
  0x52, 0x25, 0x1c, 0xff, 0x54, 0x25, 0x1d, 0xff, 0x55, 0x26, 0x1e, 0xff,
  0x56, 0x28, 0x1f, 0xff, 0x57, 0x28, 0x20, 0xff, 0x57, 0x28, 0x1f, 0xff,
  0x57, 0x28, 0x1f, 0xff, 0x57, 0x27, 0x1e, 0xff, 0x53, 0x24, 0x1b, 0xff,
  0x4c, 0x20, 0x16, 0xff, 0x4a, 0x1c, 0x12, 0xff, 0x60, 0x26, 0x18, 0xff,
  0x83, 0x37, 0x26, 0xff, 0x8a, 0x3b, 0x2a, 0xff, 0x97, 0x42, 0x31, 0xff,
  0xa5, 0x4b, 0x38, 0xff, 0xb2, 0x53, 0x3f, 0xff, 0xbf, 0x5c, 0x47, 0xff,
  0xc9, 0x63, 0x4e, 0xff, 0xd2, 0x69, 0x54, 0xff, 0xdb, 0x6f, 0x5a, 0xff,
  0xe0, 0x74, 0x5d, 0xff, 0xe4, 0x77, 0x60, 0xff, 0xe7, 0x79, 0x61, 0xff,
  0xe9, 0x7a, 0x62, 0xff, 0xea, 0x79, 0x60, 0xff, 0xe7, 0x73, 0x59, 0xff,
  0xf9, 0xae, 0xa0, 0xff, 0xf7, 0xa4, 0x93, 0xff, 0xf6, 0x9f, 0x8d, 0xff,
  0xf5, 0x9d, 0x8b, 0xff, 0xf5, 0x9b, 0x88, 0xff, 0xf5, 0x9a, 0x87, 0xff,
  0xf5, 0x99, 0x86, 0xff, 0xf6, 0x99, 0x86, 0xff, 0xf6, 0x9a, 0x87, 0xff,
  0xf6, 0x99, 0x86, 0xff, 0xf7, 0x99, 0x86, 0xff, 0xf6, 0x99, 0x85, 0xff,
  0xf6, 0x97, 0x83, 0xff, 0xf8, 0x96, 0x82, 0xff, 0xf6, 0x95, 0x80, 0xff,
  0xb9, 0x75, 0x6b, 0xff, 0xab, 0x6c, 0x66, 0xff, 0xa1, 0x61, 0x5a, 0xff,
  0x8e, 0x4e, 0x45, 0xff, 0x88, 0x49, 0x40, 0xff, 0x85, 0x47, 0x3f, 0xff,
  0x80, 0x42, 0x3a, 0xff, 0x7f, 0x42, 0x39, 0xff, 0x7e, 0x41, 0x39, 0xff,
  0x7e, 0x41, 0x38, 0xff, 0x7d, 0x42, 0x38, 0xff, 0x7a, 0x3f, 0x36, 0xff,
  0x77, 0x3c, 0x33, 0xff, 0x75, 0x3a, 0x32, 0xff, 0x74, 0x39, 0x30, 0xff,
  0x63, 0x2d, 0x26, 0xff, 0xa0, 0x5d, 0x51, 0xff, 0xdb, 0x82, 0x73, 0xff,
  0xa3, 0x4e, 0x40, 0xff, 0x99, 0x46, 0x38, 0xff, 0x8f, 0x42, 0x33, 0xff,
  0x54, 0x1d, 0x0d, 0xff, 0x2e, 0x0b, 0x00, 0xff, 0x03, 0x00, 0x00, 0xff,
  0x4e, 0x21, 0x19, 0xff, 0x5d, 0x29, 0x1b, 0xff, 0x6a, 0x34, 0x15, 0xff,
  0x9a, 0x59, 0x2d, 0xff, 0xa6, 0x69, 0x34, 0xff, 0xd6, 0xa5, 0x54, 0xff,
  0xea, 0xcd, 0x75, 0xff, 0xfe, 0xf8, 0x9b, 0xff, 0xfb, 0xf2, 0x97, 0xff,
  0xfb, 0xf1, 0x8b, 0xff, 0xfa, 0xf0, 0x83, 0xff, 0xf9, 0xf1, 0x8a, 0xff,
  0xff, 0xfb, 0x8f, 0xff, 0xb9, 0x8b, 0x43, 0xff, 0x8c, 0x4d, 0x1c, 0xff,
  0x7b, 0x43, 0x19, 0xff, 0x69, 0x33, 0x0f, 0xff, 0x60, 0x2b, 0x0b, 0xff,
  0x5b, 0x27, 0x09, 0xff, 0x5b, 0x25, 0x09, 0xff, 0x5d, 0x25, 0x0a, 0xff,
  0x63, 0x28, 0x0c, 0xff, 0x6a, 0x29, 0x0d, 0xff, 0x6b, 0x2a, 0x0e, 0xff,
  0x6f, 0x2c, 0x10, 0xff, 0x74, 0x2e, 0x12, 0xff, 0x62, 0x23, 0x0c, 0xff,
  0x5c, 0x20, 0x0b, 0xff, 0x5e, 0x22, 0x0e, 0xff, 0x6f, 0x35, 0x2b, 0xff,
  0x5a, 0x27, 0x1e, 0xff, 0x17, 0x01, 0x00, 0xff, 0x38, 0x1a, 0x16, 0xff,
  0x85, 0x43, 0x39, 0xff, 0x71, 0x36, 0x2c, 0xff, 0x67, 0x2e, 0x24, 0xff,
  0x67, 0x2e, 0x24, 0xff, 0x5d, 0x27, 0x1d, 0xff, 0x4d, 0x1c, 0x11, 0xff,
  0x33, 0x0e, 0x06, 0xff, 0x42, 0x19, 0x10, 0xff, 0x4a, 0x1e, 0x15, 0xff,
  0x4f, 0x22, 0x19, 0xff, 0x52, 0x25, 0x1c, 0xff, 0x55, 0x27, 0x1e, 0xff,
  0x55, 0x27, 0x1e, 0xff, 0x57, 0x28, 0x1f, 0xff, 0x58, 0x28, 0x1f, 0xff,
  0x58, 0x28, 0x1f, 0xff, 0x57, 0x27, 0x1e, 0xff, 0x52, 0x24, 0x1a, 0xff,
  0x4c, 0x1f, 0x15, 0xff, 0x4a, 0x1c, 0x12, 0xff, 0x60, 0x26, 0x19, 0xff,
  0x83, 0x37, 0x27, 0xff, 0x8a, 0x3b, 0x2a, 0xff, 0x96, 0x42, 0x30, 0xff,
  0xa4, 0x4a, 0x37, 0xff, 0xb2, 0x52, 0x3f, 0xff, 0xbe, 0x5a, 0x46, 0xff,
  0xc7, 0x61, 0x4d, 0xff, 0xd0, 0x68, 0x53, 0xff, 0xd9, 0x6e, 0x58, 0xff,
  0xdf, 0x72, 0x5c, 0xff, 0xe4, 0x75, 0x5e, 0xff, 0xe7, 0x78, 0x61, 0xff,
  0xe9, 0x79, 0x62, 0xff, 0xea, 0x79, 0x60, 0xff, 0xe9, 0x74, 0x5a, 0xff,
  0xf9, 0xae, 0x9f, 0xff, 0xf7, 0xa3, 0x93, 0xff, 0xf6, 0x9e, 0x8c, 0xff,
  0xf5, 0x9c, 0x8a, 0xff, 0xf5, 0x9b, 0x89, 0xff, 0xf5, 0x9b, 0x88, 0xff,
  0xf5, 0x9a, 0x87, 0xff, 0xf6, 0x99, 0x86, 0xff, 0xf6, 0x9a, 0x86, 0xff,
  0xf6, 0x9a, 0x86, 0xff, 0xf6, 0x98, 0x85, 0xff, 0xf6, 0x98, 0x84, 0xff,
  0xf6, 0x96, 0x82, 0xff, 0xf8, 0x96, 0x81, 0xff, 0xf5, 0x94, 0x80, 0xff,
  0xb8, 0x73, 0x69, 0xff, 0xaa, 0x6b, 0x65, 0xff, 0x9f, 0x5f, 0x58, 0xff,
  0x8d, 0x4e, 0x45, 0xff, 0x87, 0x48, 0x40, 0xff, 0x83, 0x44, 0x3c, 0xff,
  0x80, 0x42, 0x3a, 0xff, 0x7f, 0x42, 0x3a, 0xff, 0x7e, 0x41, 0x38, 0xff,
  0x7e, 0x42, 0x39, 0xff, 0x7b, 0x40, 0x37, 0xff, 0x79, 0x3e, 0x35, 0xff,
  0x77, 0x3d, 0x34, 0xff, 0x75, 0x39, 0x30, 0xff, 0x72, 0x36, 0x2d, 0xff,
  0x64, 0x2d, 0x25, 0xff, 0xb5, 0x6a, 0x5d, 0xff, 0xcf, 0x74, 0x66, 0xff,
  0x9c, 0x47, 0x39, 0xff, 0x99, 0x46, 0x38, 0xff, 0x80, 0x37, 0x2a, 0xff,
  0x4a, 0x16, 0x06, 0xff, 0x1e, 0x07, 0x00, 0xff, 0x0f, 0x00, 0x00, 0xff,
  0x60, 0x2b, 0x20, 0xff, 0x53, 0x22, 0x11, 0xff, 0x6f, 0x38, 0x17, 0xff,
  0x89, 0x4a, 0x23, 0xff, 0xab, 0x6f, 0x36, 0xff, 0xcd, 0x97, 0x4b, 0xff,
  0xd3, 0xa4, 0x53, 0xff, 0xfa, 0xef, 0x89, 0xff, 0xfd, 0xf5, 0x8c, 0xff,
  0xf8, 0xec, 0x7c, 0xff, 0xfa, 0xf0, 0x85, 0xff, 0xff, 0xff, 0x99, 0xff,
  0xeb, 0xd9, 0x80, 0xff, 0xa2, 0x63, 0x28, 0xff, 0x91, 0x54, 0x1f, 0xff,
  0x78, 0x40, 0x16, 0xff, 0x67, 0x32, 0x0e, 0xff, 0x60, 0x2c, 0x0b, 0xff,
  0x5e, 0x29, 0x0a, 0xff, 0x5d, 0x27, 0x09, 0xff, 0x61, 0x28, 0x0b, 0xff,
  0x66, 0x2a, 0x0c, 0xff, 0x70, 0x2d, 0x0e, 0xff, 0x76, 0x2f, 0x11, 0xff,
  0x78, 0x30, 0x12, 0xff, 0x7e, 0x33, 0x14, 0xff, 0x76, 0x2d, 0x11, 0xff,
  0x64, 0x23, 0x0d, 0xff, 0x65, 0x22, 0x0c, 0xff, 0x71, 0x33, 0x26, 0xff,
  0x68, 0x33, 0x2a, 0xff, 0x29, 0x09, 0x03, 0xff, 0x23, 0x0d, 0x0a, 0xff,
  0x83, 0x44, 0x3a, 0xff, 0x78, 0x3b, 0x31, 0xff, 0x67, 0x2d, 0x23, 0xff,
  0x67, 0x2e, 0x25, 0xff, 0x5d, 0x28, 0x1e, 0xff, 0x50, 0x1e, 0x14, 0xff,
  0x34, 0x0e, 0x06, 0xff, 0x3e, 0x16, 0x0d, 0xff, 0x47, 0x1d, 0x14, 0xff,
  0x4d, 0x21, 0x18, 0xff, 0x51, 0x24, 0x1b, 0xff, 0x54, 0x26, 0x1d, 0xff,
  0x56, 0x26, 0x1e, 0xff, 0x57, 0x27, 0x1e, 0xff, 0x58, 0x28, 0x1f, 0xff,
  0x57, 0x27, 0x1e, 0xff, 0x55, 0x26, 0x1c, 0xff, 0x52, 0x23, 0x1a, 0xff,
  0x4c, 0x1f, 0x16, 0xff, 0x49, 0x1c, 0x11, 0xff, 0x62, 0x27, 0x19, 0xff,
  0x84, 0x38, 0x27, 0xff, 0x8a, 0x3c, 0x2b, 0xff, 0x97, 0x42, 0x31, 0xff,
  0xa4, 0x4a, 0x37, 0xff, 0xb1, 0x52, 0x3e, 0xff, 0xbc, 0x59, 0x45, 0xff,
  0xc6, 0x60, 0x4c, 0xff, 0xcf, 0x66, 0x51, 0xff, 0xd7, 0x6b, 0x56, 0xff,
  0xdd, 0x70, 0x5a, 0xff, 0xe2, 0x74, 0x5e, 0xff, 0xe7, 0x78, 0x60, 0xff,
  0xe8, 0x79, 0x61, 0xff, 0xea, 0x79, 0x60, 0xff, 0xe9, 0x75, 0x5b, 0xff,
  0xf9, 0xae, 0xa0, 0xff, 0xf7, 0xa3, 0x92, 0xff, 0xf6, 0x9e, 0x8b, 0xff,
  0xf5, 0x9c, 0x89, 0xff, 0xf5, 0x9a, 0x87, 0xff, 0xf5, 0x9a, 0x87, 0xff,
  0xf6, 0x9a, 0x87, 0xff, 0xf6, 0x99, 0x85, 0xff, 0xf6, 0x99, 0x85, 0xff,
  0xf6, 0x99, 0x85, 0xff, 0xf7, 0x98, 0x84, 0xff, 0xf7, 0x97, 0x83, 0xff,
  0xf6, 0x96, 0x81, 0xff, 0xf8, 0x95, 0x81, 0xff, 0xf6, 0x95, 0x81, 0xff,
  0xb6, 0x71, 0x67, 0xff, 0xa7, 0x68, 0x61, 0xff, 0x9f, 0x60, 0x59, 0xff,
  0x8c, 0x4d, 0x45, 0xff, 0x85, 0x46, 0x3e, 0xff, 0x84, 0x45, 0x3c, 0xff,
  0x80, 0x43, 0x3a, 0xff, 0x7e, 0x41, 0x38, 0xff, 0x7d, 0x40, 0x38, 0xff,
  0x7c, 0x40, 0x37, 0xff, 0x7a, 0x3e, 0x35, 0xff, 0x78, 0x3d, 0x35, 0xff,
  0x77, 0x3c, 0x33, 0xff, 0x72, 0x38, 0x2f, 0xff, 0x6e, 0x34, 0x2c, 0xff,
  0x68, 0x30, 0x27, 0xff, 0xc1, 0x6e, 0x61, 0xff, 0xc2, 0x68, 0x59, 0xff,
  0x96, 0x43, 0x35, 0xff, 0x96, 0x45, 0x37, 0xff, 0x78, 0x32, 0x25, 0xff,
  0x46, 0x13, 0x04, 0xff, 0x12, 0x03, 0x00, 0xff, 0x22, 0x09, 0x06, 0xff,
  0x63, 0x2e, 0x22, 0xff, 0x4a, 0x1c, 0x0b, 0xff, 0x6c, 0x36, 0x17, 0xff,
  0x7c, 0x41, 0x1e, 0xff, 0xa7, 0x69, 0x31, 0xff, 0xbd, 0x82, 0x3d, 0xff,
  0xbe, 0x82, 0x3c, 0xff, 0xcc, 0x9f, 0x4f, 0xff, 0xee, 0xdc, 0x72, 0xff,
  0xfb, 0xf1, 0x7f, 0xff, 0xfc, 0xf3, 0x86, 0xff, 0xe4, 0xcf, 0x75, 0xff,
  0xb3, 0x7a, 0x37, 0xff, 0xad, 0x6d, 0x2a, 0xff, 0x8f, 0x55, 0x20, 0xff,
  0x74, 0x3c, 0x13, 0xff, 0x66, 0x32, 0x0e, 0xff, 0x61, 0x2d, 0x0b, 0xff,
  0x60, 0x2b, 0x0a, 0xff, 0x61, 0x2a, 0x0b, 0xff, 0x66, 0x2b, 0x0b, 0xff,
  0x6e, 0x2e, 0x0d, 0xff, 0x75, 0x31, 0x11, 0xff, 0x80, 0x34, 0x14, 0xff,
  0x83, 0x35, 0x15, 0xff, 0x89, 0x38, 0x18, 0xff, 0x89, 0x37, 0x18, 0xff,
  0x6e, 0x27, 0x0f, 0xff, 0x6b, 0x24, 0x0c, 0xff, 0x75, 0x33, 0x23, 0xff,
  0x76, 0x3c, 0x34, 0xff, 0x39, 0x12, 0x0a, 0xff, 0x17, 0x05, 0x02, 0xff,
  0x7e, 0x41, 0x38, 0xff, 0x83, 0x43, 0x3a, 0xff, 0x65, 0x2c, 0x23, 0xff,
  0x67, 0x2e, 0x25, 0xff, 0x5e, 0x29, 0x1f, 0xff, 0x53, 0x1f, 0x14, 0xff,
  0x34, 0x0f, 0x06, 0xff, 0x3a, 0x14, 0x0a, 0xff, 0x45, 0x1b, 0x12, 0xff,
  0x4c, 0x1f, 0x16, 0xff, 0x50, 0x22, 0x19, 0xff, 0x53, 0x25, 0x1c, 0xff,
  0x55, 0x27, 0x1d, 0xff, 0x57, 0x28, 0x1f, 0xff, 0x58, 0x29, 0x20, 0xff,
  0x57, 0x28, 0x1f, 0xff, 0x55, 0x25, 0x1c, 0xff, 0x50, 0x22, 0x19, 0xff,
  0x4a, 0x1e, 0x14, 0xff, 0x49, 0x1c, 0x11, 0xff, 0x62, 0x26, 0x18, 0xff,
  0x82, 0x36, 0x26, 0xff, 0x8a, 0x3c, 0x2a, 0xff, 0x96, 0x42, 0x30, 0xff,
  0xa4, 0x4a, 0x37, 0xff, 0xb0, 0x51, 0x3e, 0xff, 0xbc, 0x58, 0x45, 0xff,
  0xc6, 0x5f, 0x4b, 0xff, 0xcf, 0x65, 0x50, 0xff, 0xd7, 0x6b, 0x56, 0xff,
  0xdd, 0x70, 0x5a, 0xff, 0xe2, 0x74, 0x5e, 0xff, 0xe6, 0x77, 0x60, 0xff,
  0xe8, 0x78, 0x60, 0xff, 0xea, 0x78, 0x60, 0xff, 0xe8, 0x75, 0x5b, 0xff,
  0xf9, 0xad, 0x9f, 0xff, 0xf7, 0xa2, 0x91, 0xff, 0xf6, 0x9e, 0x8b, 0xff,
  0xf6, 0x9c, 0x89, 0xff, 0xf5, 0x9a, 0x87, 0xff, 0xf6, 0x9a, 0x86, 0xff,
  0xf6, 0x9a, 0x86, 0xff, 0xf6, 0x99, 0x85, 0xff, 0xf6, 0x97, 0x84, 0xff,
  0xf6, 0x97, 0x83, 0xff, 0xf7, 0x98, 0x83, 0xff, 0xf7, 0x97, 0x82, 0xff,
  0xf7, 0x96, 0x81, 0xff, 0xf7, 0x95, 0x80, 0xff, 0xf5, 0x94, 0x80, 0xff,
  0xb6, 0x70, 0x65, 0xff, 0xa7, 0x68, 0x61, 0xff, 0x9e, 0x5e, 0x56, 0xff,
  0x8a, 0x4b, 0x43, 0xff, 0x85, 0x46, 0x3e, 0xff, 0x83, 0x45, 0x3c, 0xff,
  0x7e, 0x41, 0x39, 0xff, 0x7e, 0x41, 0x38, 0xff, 0x7d, 0x41, 0x38, 0xff,
  0x7b, 0x3f, 0x36, 0xff, 0x79, 0x3d, 0x34, 0xff, 0x77, 0x3c, 0x33, 0xff,
  0x74, 0x3a, 0x31, 0xff, 0x72, 0x37, 0x2e, 0xff, 0x6d, 0x34, 0x2b, 0xff,
  0x6b, 0x33, 0x2a, 0xff, 0xc2, 0x6d, 0x5f, 0xff, 0xb6, 0x5e, 0x4f, 0xff,
  0x94, 0x42, 0x33, 0xff, 0x95, 0x44, 0x37, 0xff, 0x70, 0x2e, 0x21, 0xff,
  0x44, 0x12, 0x03, 0xff, 0x0d, 0x00, 0x00, 0xff, 0x2c, 0x0f, 0x0b, 0xff,
  0x60, 0x2c, 0x20, 0xff, 0x47, 0x19, 0x07, 0xff, 0x66, 0x30, 0x14, 0xff,
  0x74, 0x3b, 0x1b, 0xff, 0xa0, 0x60, 0x2b, 0xff, 0xab, 0x6c, 0x31, 0xff,
  0xad, 0x6f, 0x32, 0xff, 0xac, 0x6c, 0x2d, 0xff, 0x9e, 0x61, 0x26, 0xff,
  0xa7, 0x76, 0x35, 0xff, 0xab, 0x76, 0x34, 0xff, 0x97, 0x58, 0x20, 0xff,
  0x9c, 0x5d, 0x22, 0xff, 0x9d, 0x62, 0x26, 0xff, 0x89, 0x50, 0x1c, 0xff,
  0x71, 0x3a, 0x12, 0xff, 0x66, 0x31, 0x0d, 0xff, 0x64, 0x2f, 0x0b, 0xff,
  0x65, 0x2e, 0x0b, 0xff, 0x68, 0x2f, 0x0c, 0xff, 0x6c, 0x2f, 0x0d, 0xff,
  0x77, 0x33, 0x10, 0xff, 0x7e, 0x36, 0x13, 0xff, 0x8a, 0x39, 0x16, 0xff,
  0x91, 0x3b, 0x18, 0xff, 0x96, 0x3e, 0x1c, 0xff, 0x9a, 0x3e, 0x1d, 0xff,
  0x7c, 0x2d, 0x12, 0xff, 0x72, 0x27, 0x0e, 0xff, 0x7b, 0x33, 0x20, 0xff,
  0x7e, 0x42, 0x3a, 0xff, 0x41, 0x17, 0x0f, 0xff, 0x13, 0x01, 0x00, 0xff,
  0x77, 0x3e, 0x35, 0xff, 0x89, 0x48, 0x3f, 0xff, 0x65, 0x2d, 0x24, 0xff,
  0x66, 0x2e, 0x24, 0xff, 0x5e, 0x2a, 0x20, 0xff, 0x52, 0x20, 0x14, 0xff,
  0x34, 0x0f, 0x07, 0xff, 0x37, 0x11, 0x08, 0xff, 0x44, 0x1a, 0x10, 0xff,
  0x49, 0x1e, 0x15, 0xff, 0x4d, 0x21, 0x18, 0xff, 0x52, 0x23, 0x1a, 0xff,
  0x55, 0x26, 0x1d, 0xff, 0x57, 0x28, 0x1f, 0xff, 0x58, 0x29, 0x20, 0xff,
  0x57, 0x28, 0x1f, 0xff, 0x54, 0x25, 0x1c, 0xff, 0x50, 0x22, 0x19, 0xff,
  0x4a, 0x1e, 0x14, 0xff, 0x49, 0x1c, 0x11, 0xff, 0x61, 0x26, 0x18, 0xff,
  0x82, 0x37, 0x26, 0xff, 0x8a, 0x3c, 0x2b, 0xff, 0x97, 0x42, 0x30, 0xff,
  0xa4, 0x4a, 0x37, 0xff, 0xb0, 0x51, 0x3e, 0xff, 0xbc, 0x59, 0x45, 0xff,
  0xc5, 0x5f, 0x4b, 0xff, 0xce, 0x65, 0x50, 0xff, 0xd7, 0x6a, 0x55, 0xff,
  0xdd, 0x6f, 0x59, 0xff, 0xe1, 0x73, 0x5c, 0xff, 0xe5, 0x76, 0x5e, 0xff,
  0xe7, 0x77, 0x5f, 0xff, 0xe9, 0x78, 0x5f, 0xff, 0xe7, 0x73, 0x59, 0xff,
  0xf9, 0xac, 0x9e, 0xff, 0xf7, 0xa2, 0x91, 0xff, 0xf6, 0x9c, 0x8a, 0xff,
  0xf5, 0x9a, 0x88, 0xff, 0xf6, 0x9a, 0x87, 0xff, 0xf6, 0x9a, 0x86, 0xff,
  0xf6, 0x99, 0x86, 0xff, 0xf5, 0x98, 0x85, 0xff, 0xf5, 0x98, 0x84, 0xff,
  0xf6, 0x96, 0x82, 0xff, 0xf7, 0x96, 0x81, 0xff, 0xf7, 0x96, 0x81, 0xff,
  0xf7, 0x96, 0x81, 0xff, 0xf8, 0x94, 0x7f, 0xff, 0xf4, 0x92, 0x7e, 0xff,
  0xb6, 0x6f, 0x64, 0xff, 0xa7, 0x66, 0x5f, 0xff, 0x9c, 0x5c, 0x55, 0xff,
  0x89, 0x4a, 0x42, 0xff, 0x83, 0x44, 0x3c, 0xff, 0x80, 0x43, 0x3a, 0xff,
  0x7c, 0x40, 0x37, 0xff, 0x7c, 0x41, 0x38, 0xff, 0x7e, 0x41, 0x38, 0xff,
  0x7d, 0x40, 0x37, 0xff, 0x79, 0x3d, 0x34, 0xff, 0x76, 0x3b, 0x32, 0xff,
  0x73, 0x39, 0x30, 0xff, 0x71, 0x37, 0x2e, 0xff, 0x6b, 0x32, 0x2a, 0xff,
  0x6a, 0x33, 0x2a, 0xff, 0xbf, 0x6a, 0x5b, 0xff, 0xb0, 0x5a, 0x4b, 0xff,
  0x91, 0x42, 0x34, 0xff, 0x92, 0x43, 0x36, 0xff, 0x6e, 0x2c, 0x1f, 0xff,
  0x42, 0x12, 0x04, 0xff, 0x08, 0x00, 0x00, 0xff, 0x33, 0x13, 0x0e, 0xff,
  0x60, 0x2b, 0x1e, 0xff, 0x45, 0x16, 0x04, 0xff, 0x5e, 0x29, 0x0f, 0xff,
  0x6e, 0x35, 0x16, 0xff, 0x95, 0x54, 0x25, 0xff, 0x99, 0x59, 0x27, 0xff,
  0x9e, 0x5d, 0x28, 0xff, 0x9c, 0x5d, 0x26, 0xff, 0x82, 0x47, 0x1a, 0xff,
  0x82, 0x45, 0x19, 0xff, 0x83, 0x46, 0x18, 0xff, 0x86, 0x4c, 0x1a, 0xff,
  0x82, 0x49, 0x19, 0xff, 0x7d, 0x46, 0x17, 0xff, 0x7d, 0x45, 0x16, 0xff,
  0x6c, 0x37, 0x10, 0xff, 0x67, 0x32, 0x0c, 0xff, 0x6a, 0x32, 0x0c, 0xff,
  0x6c, 0x32, 0x0c, 0xff, 0x71, 0x33, 0x0e, 0xff, 0x75, 0x35, 0x10, 0xff,
  0x84, 0x3b, 0x15, 0xff, 0x8b, 0x3e, 0x17, 0xff, 0x96, 0x40, 0x1a, 0xff,
  0xa2, 0x44, 0x1e, 0xff, 0xa7, 0x45, 0x21, 0xff, 0xaf, 0x48, 0x25, 0xff,
  0x8a, 0x34, 0x17, 0xff, 0x7c, 0x2b, 0x10, 0xff, 0x7f, 0x34, 0x1f, 0xff,
  0x82, 0x45, 0x3d, 0xff, 0x4a, 0x1b, 0x13, 0xff, 0x11, 0x00, 0x00, 0xff,
  0x70, 0x3c, 0x35, 0xff, 0x91, 0x4e, 0x45, 0xff, 0x66, 0x2e, 0x25, 0xff,
  0x65, 0x2e, 0x24, 0xff, 0x5c, 0x29, 0x20, 0xff, 0x52, 0x20, 0x15, 0xff,
  0x35, 0x0f, 0x07, 0xff, 0x35, 0x0f, 0x06, 0xff, 0x42, 0x19, 0x10, 0xff,
  0x47, 0x1d, 0x14, 0xff, 0x4c, 0x20, 0x17, 0xff, 0x51, 0x23, 0x19, 0xff,
  0x54, 0x26, 0x1c, 0xff, 0x57, 0x27, 0x1e, 0xff, 0x57, 0x27, 0x1e, 0xff,
  0x56, 0x27, 0x1e, 0xff, 0x54, 0x25, 0x1c, 0xff, 0x51, 0x23, 0x1a, 0xff,
  0x4b, 0x1f, 0x15, 0xff, 0x49, 0x1c, 0x11, 0xff, 0x5f, 0x26, 0x18, 0xff,
  0x82, 0x37, 0x26, 0xff, 0x8b, 0x3c, 0x2b, 0xff, 0x97, 0x42, 0x30, 0xff,
  0xa3, 0x49, 0x36, 0xff, 0xb1, 0x51, 0x3e, 0xff, 0xbc, 0x58, 0x44, 0xff,
  0xc5, 0x5e, 0x4a, 0xff, 0xcf, 0x64, 0x4f, 0xff, 0xd6, 0x6a, 0x54, 0xff,
  0xdd, 0x6f, 0x59, 0xff, 0xe2, 0x73, 0x5d, 0xff, 0xe5, 0x75, 0x5f, 0xff,
  0xe8, 0x77, 0x5f, 0xff, 0xea, 0x77, 0x5e, 0xff, 0xe6, 0x72, 0x58, 0xff,
  0xfa, 0xad, 0x9e, 0xff, 0xf7, 0xa1, 0x90, 0xff, 0xf5, 0x9b, 0x89, 0xff,
  0xf5, 0x9a, 0x87, 0xff, 0xf6, 0x9a, 0x86, 0xff, 0xf6, 0x99, 0x86, 0xff,
  0xf6, 0x99, 0x85, 0xff, 0xf7, 0x98, 0x85, 0xff, 0xf7, 0x98, 0x83, 0xff,
  0xf7, 0x96, 0x82, 0xff, 0xf6, 0x96, 0x82, 0xff, 0xf6, 0x95, 0x81, 0xff,
  0xf7, 0x95, 0x80, 0xff, 0xf7, 0x94, 0x7f, 0xff, 0xf5, 0x92, 0x7d, 0xff,
  0xb4, 0x6d, 0x63, 0xff, 0xa5, 0x64, 0x5e, 0xff, 0x9c, 0x5b, 0x53, 0xff,
  0x88, 0x48, 0x40, 0xff, 0x81, 0x42, 0x3a, 0xff, 0x81, 0x43, 0x39, 0xff,
  0x7f, 0x42, 0x39, 0xff, 0x7c, 0x3f, 0x37, 0xff, 0x7b, 0x3e, 0x36, 0xff,
  0x7b, 0x3e, 0x35, 0xff, 0x79, 0x3c, 0x33, 0xff, 0x77, 0x3c, 0x33, 0xff,
  0x74, 0x3a, 0x32, 0xff, 0x70, 0x37, 0x2f, 0xff, 0x69, 0x32, 0x2a, 0xff,
  0x69, 0x31, 0x28, 0xff, 0xbc, 0x67, 0x56, 0xff, 0xac, 0x58, 0x49, 0xff,
  0x8c, 0x3e, 0x31, 0xff, 0x8f, 0x41, 0x34, 0xff, 0x6d, 0x2c, 0x1f, 0xff,
  0x41, 0x12, 0x04, 0xff, 0x08, 0x00, 0x00, 0xff, 0x37, 0x14, 0x0e, 0xff,
  0x5f, 0x2a, 0x1d, 0xff, 0x41, 0x14, 0x03, 0xff, 0x57, 0x24, 0x0c, 0xff,
  0x67, 0x2f, 0x12, 0xff, 0x87, 0x48, 0x1d, 0xff, 0x8a, 0x4b, 0x1f, 0xff,
  0x8d, 0x4e, 0x21, 0xff, 0x87, 0x49, 0x1d, 0xff, 0x74, 0x3b, 0x15, 0xff,
  0x7a, 0x41, 0x17, 0xff, 0x75, 0x3e, 0x15, 0xff, 0x74, 0x3c, 0x13, 0xff,
  0x71, 0x3a, 0x12, 0xff, 0x6e, 0x38, 0x11, 0xff, 0x69, 0x35, 0x0f, 0xff,
  0x6b, 0x34, 0x0d, 0xff, 0x70, 0x38, 0x0f, 0xff, 0x73, 0x38, 0x0f, 0xff,
  0x77, 0x39, 0x10, 0xff, 0x7c, 0x3a, 0x11, 0xff, 0x80, 0x3b, 0x13, 0xff,
  0x92, 0x42, 0x19, 0xff, 0x99, 0x45, 0x1c, 0xff, 0xaa, 0x4b, 0x22, 0xff,
  0xb5, 0x4e, 0x26, 0xff, 0xba, 0x50, 0x2a, 0xff, 0xc2, 0x53, 0x30, 0xff,
  0x99, 0x3b, 0x1e, 0xff, 0x86, 0x30, 0x14, 0xff, 0x88, 0x39, 0x23, 0xff,
  0x88, 0x4b, 0x42, 0xff, 0x4a, 0x1b, 0x13, 0xff, 0x11, 0x00, 0x00, 0xff,
  0x73, 0x3e, 0x38, 0xff, 0x91, 0x4f, 0x47, 0xff, 0x64, 0x2d, 0x24, 0xff,
  0x64, 0x2d, 0x24, 0xff, 0x5c, 0x29, 0x1f, 0xff, 0x52, 0x1f, 0x14, 0xff,
  0x34, 0x0e, 0x06, 0xff, 0x32, 0x0d, 0x05, 0xff, 0x40, 0x17, 0x0e, 0xff,
  0x47, 0x1c, 0x13, 0xff, 0x4c, 0x20, 0x17, 0xff, 0x4f, 0x22, 0x19, 0xff,
  0x52, 0x24, 0x1b, 0xff, 0x55, 0x25, 0x1c, 0xff, 0x56, 0x26, 0x1c, 0xff,
  0x55, 0x26, 0x1d, 0xff, 0x53, 0x25, 0x1c, 0xff, 0x51, 0x22, 0x19, 0xff,
  0x4b, 0x1e, 0x14, 0xff, 0x49, 0x1b, 0x11, 0xff, 0x61, 0x25, 0x18, 0xff,
  0x83, 0x37, 0x26, 0xff, 0x8a, 0x3b, 0x2a, 0xff, 0x95, 0x41, 0x30, 0xff,
  0xa2, 0x49, 0x36, 0xff, 0xaf, 0x50, 0x3d, 0xff, 0xbb, 0x56, 0x42, 0xff,
  0xc6, 0x5d, 0x49, 0xff, 0xd0, 0x64, 0x4f, 0xff, 0xd6, 0x6a, 0x54, 0xff,
  0xde, 0x6f, 0x59, 0xff, 0xe3, 0x73, 0x5c, 0xff, 0xe7, 0x76, 0x5f, 0xff,
  0xe9, 0x77, 0x60, 0xff, 0xea, 0x77, 0x5f, 0xff, 0xe8, 0x73, 0x5a, 0xff,
  0xfa, 0xad, 0x9e, 0xff, 0xf8, 0xa0, 0x8f, 0xff, 0xf6, 0x9b, 0x88, 0xff,
  0xf6, 0x9a, 0x86, 0xff, 0xf5, 0x99, 0x86, 0xff, 0xf6, 0x99, 0x85, 0xff,
  0xf6, 0x99, 0x85, 0xff, 0xf7, 0x98, 0x84, 0xff, 0xf7, 0x97, 0x83, 0xff,
  0xf7, 0x96, 0x82, 0xff, 0xf6, 0x96, 0x81, 0xff, 0xf6, 0x95, 0x80, 0xff,
  0xf6, 0x94, 0x7f, 0xff, 0xf8, 0x93, 0x7e, 0xff, 0xf5, 0x92, 0x7c, 0xff,
  0xb3, 0x6c, 0x62, 0xff, 0xa4, 0x64, 0x5d, 0xff, 0x9b, 0x5b, 0x53, 0xff,
  0x87, 0x49, 0x41, 0xff, 0x82, 0x44, 0x3b, 0xff, 0x80, 0x42, 0x39, 0xff,
  0x7d, 0x40, 0x37, 0xff, 0x7b, 0x3e, 0x35, 0xff, 0x79, 0x3c, 0x33, 0xff,
  0x79, 0x3c, 0x34, 0xff, 0x77, 0x3b, 0x33, 0xff, 0x76, 0x3b, 0x32, 0xff,
  0x74, 0x39, 0x31, 0xff, 0x6f, 0x37, 0x2e, 0xff, 0x69, 0x32, 0x2a, 0xff,
  0x66, 0x2f, 0x26, 0xff, 0xb4, 0x5d, 0x4d, 0xff, 0xac, 0x56, 0x47, 0xff,
  0x8a, 0x3d, 0x30, 0xff, 0x8c, 0x3e, 0x31, 0xff, 0x6e, 0x2d, 0x20, 0xff,
  0x43, 0x13, 0x06, 0xff, 0x0c, 0x00, 0x00, 0xff, 0x33, 0x11, 0x0c, 0xff,
  0x5d, 0x2a, 0x1e, 0xff, 0x3f, 0x12, 0x03, 0xff, 0x52, 0x20, 0x09, 0xff,
  0x60, 0x29, 0x0f, 0xff, 0x7a, 0x3c, 0x18, 0xff, 0x7e, 0x40, 0x1a, 0xff,
  0x7d, 0x40, 0x1a, 0xff, 0x7a, 0x3d, 0x18, 0xff, 0x6d, 0x34, 0x11, 0xff,
  0x6c, 0x34, 0x11, 0xff, 0x6b, 0x33, 0x10, 0xff, 0x69, 0x32, 0x0f, 0xff,
  0x67, 0x32, 0x0e, 0xff, 0x66, 0x31, 0x0d, 0xff, 0x67, 0x31, 0x0d, 0xff,
  0x6e, 0x35, 0x0e, 0xff, 0x79, 0x3e, 0x11, 0xff, 0x82, 0x44, 0x14, 0xff,
  0x8a, 0x46, 0x16, 0xff, 0x8b, 0x44, 0x15, 0xff, 0x93, 0x46, 0x18, 0xff,
  0xa2, 0x4c, 0x1f, 0xff, 0xa5, 0x4b, 0x21, 0xff, 0xc0, 0x57, 0x2b, 0xff,
  0xc9, 0x5a, 0x30, 0xff, 0xce, 0x5b, 0x34, 0xff, 0xd3, 0x5b, 0x39, 0xff,
  0xa2, 0x3e, 0x21, 0xff, 0x91, 0x34, 0x16, 0xff, 0x93, 0x41, 0x2c, 0xff,
  0x8d, 0x4f, 0x47, 0xff, 0x46, 0x18, 0x0f, 0xff, 0x12, 0x00, 0x00, 0xff,
  0x7e, 0x46, 0x3f, 0xff, 0x92, 0x51, 0x49, 0xff, 0x62, 0x2b, 0x22, 0xff,
  0x64, 0x2d, 0x24, 0xff, 0x5a, 0x28, 0x1e, 0xff, 0x50, 0x1f, 0x13, 0xff,
  0x30, 0x0d, 0x05, 0xff, 0x32, 0x0d, 0x04, 0xff, 0x3f, 0x16, 0x0d, 0xff,
  0x45, 0x1b, 0x12, 0xff, 0x4b, 0x1f, 0x15, 0xff, 0x4f, 0x21, 0x18, 0xff,
  0x51, 0x23, 0x1a, 0xff, 0x52, 0x24, 0x1b, 0xff, 0x54, 0x24, 0x1b, 0xff,
  0x55, 0x25, 0x1c, 0xff, 0x53, 0x24, 0x1b, 0xff, 0x51, 0x22, 0x18, 0xff,
  0x4b, 0x1e, 0x14, 0xff, 0x4a, 0x1c, 0x11, 0xff, 0x61, 0x26, 0x18, 0xff,
  0x83, 0x36, 0x25, 0xff, 0x8a, 0x3b, 0x2a, 0xff, 0x95, 0x40, 0x2f, 0xff,
  0xa1, 0x47, 0x35, 0xff, 0xad, 0x4f, 0x3c, 0xff, 0xba, 0x56, 0x42, 0xff,
  0xc5, 0x5d, 0x49, 0xff, 0xcf, 0x63, 0x4e, 0xff, 0xd6, 0x69, 0x53, 0xff,
  0xdd, 0x6e, 0x58, 0xff, 0xe3, 0x72, 0x5b, 0xff, 0xe6, 0x75, 0x5d, 0xff,
  0xe8, 0x76, 0x5e, 0xff, 0xea, 0x77, 0x5e, 0xff, 0xe8, 0x72, 0x59, 0xff,
  0xf9, 0xab, 0x9d, 0xff, 0xf7, 0xa0, 0x8e, 0xff, 0xf6, 0x9a, 0x88, 0xff,
  0xf6, 0x99, 0x85, 0xff, 0xf5, 0x98, 0x84, 0xff, 0xf6, 0x98, 0x85, 0xff,
  0xf7, 0x97, 0x84, 0xff, 0xf7, 0x96, 0x82, 0xff, 0xf6, 0x97, 0x83, 0xff,
  0xf7, 0x96, 0x82, 0xff, 0xf7, 0x96, 0x81, 0xff, 0xf7, 0x95, 0x81, 0xff,
  0xf6, 0x94, 0x7f, 0xff, 0xf7, 0x93, 0x7e, 0xff, 0xf6, 0x91, 0x7c, 0xff,
  0xb3, 0x6b, 0x60, 0xff, 0xa3, 0x62, 0x5b, 0xff, 0x9b, 0x5a, 0x52, 0xff,
  0x87, 0x49, 0x40, 0xff, 0x7e, 0x41, 0x39, 0xff, 0x7c, 0x40, 0x37, 0xff,
  0x7b, 0x3e, 0x36, 0xff, 0x79, 0x3c, 0x34, 0xff, 0x78, 0x3c, 0x33, 0xff,
  0x76, 0x3b, 0x32, 0xff, 0x75, 0x3a, 0x32, 0xff, 0x74, 0x38, 0x30, 0xff,
  0x72, 0x38, 0x2f, 0xff, 0x6f, 0x36, 0x2d, 0xff, 0x69, 0x32, 0x2a, 0xff,
  0x62, 0x2d, 0x23, 0xff, 0xac, 0x56, 0x46, 0xff, 0xab, 0x54, 0x45, 0xff,
  0x89, 0x3c, 0x2f, 0xff, 0x8c, 0x3e, 0x32, 0xff, 0x72, 0x30, 0x23, 0xff,
  0x48, 0x16, 0x08, 0xff, 0x12, 0x03, 0x00, 0xff, 0x29, 0x0c, 0x08, 0xff,
  0x5d, 0x2a, 0x1e, 0xff, 0x41, 0x14, 0x06, 0xff, 0x4d, 0x1c, 0x07, 0xff,
  0x59, 0x25, 0x0d, 0xff, 0x6f, 0x33, 0x13, 0xff, 0x74, 0x37, 0x15, 0xff,
  0x72, 0x36, 0x15, 0xff, 0x72, 0x35, 0x14, 0xff, 0x67, 0x2e, 0x0f, 0xff,
  0x63, 0x2c, 0x0d, 0xff, 0x64, 0x2d, 0x0d, 0xff, 0x63, 0x2d, 0x0c, 0xff,
  0x63, 0x2d, 0x0c, 0xff, 0x64, 0x2d, 0x0c, 0xff, 0x6a, 0x30, 0x0e, 0xff,
  0x71, 0x35, 0x0f, 0xff, 0x7e, 0x3f, 0x12, 0xff, 0x94, 0x4f, 0x19, 0xff,
  0xa1, 0x57, 0x1e, 0xff, 0x9d, 0x4f, 0x1b, 0xff, 0xae, 0x56, 0x22, 0xff,
  0xb5, 0x58, 0x25, 0xff, 0xb7, 0x55, 0x27, 0xff, 0xd6, 0x65, 0x37, 0xff,
  0xdc, 0x65, 0x3c, 0xff, 0xe3, 0x67, 0x44, 0xff, 0xe2, 0x63, 0x46, 0xff,
  0xa6, 0x40, 0x22, 0xff, 0x9d, 0x38, 0x19, 0xff, 0x9e, 0x4b, 0x38, 0xff,
  0x8d, 0x50, 0x49, 0xff, 0x3e, 0x13, 0x0a, 0xff, 0x17, 0x04, 0x02, 0xff,
  0x8b, 0x4e, 0x48, 0xff, 0x8d, 0x4e, 0x46, 0xff, 0x61, 0x2a, 0x21, 0xff,
  0x64, 0x2d, 0x24, 0xff, 0x59, 0x26, 0x1d, 0xff, 0x4e, 0x1d, 0x12, 0xff,
  0x2d, 0x0b, 0x04, 0xff, 0x33, 0x0d, 0x04, 0xff, 0x3f, 0x16, 0x0c, 0xff,
  0x45, 0x1a, 0x11, 0xff, 0x4b, 0x1e, 0x15, 0xff, 0x4e, 0x21, 0x18, 0xff,
  0x52, 0x24, 0x1b, 0xff, 0x53, 0x25, 0x1c, 0xff, 0x54, 0x24, 0x1b, 0xff,
  0x54, 0x25, 0x1c, 0xff, 0x53, 0x25, 0x1c, 0xff, 0x51, 0x23, 0x19, 0xff,
  0x4b, 0x1e, 0x14, 0xff, 0x49, 0x1c, 0x11, 0xff, 0x61, 0x26, 0x18, 0xff,
  0x83, 0x36, 0x26, 0xff, 0x8b, 0x3b, 0x2a, 0xff, 0x97, 0x41, 0x2f, 0xff,
  0xa3, 0x48, 0x35, 0xff, 0xaf, 0x4f, 0x3c, 0xff, 0xbb, 0x57, 0x42, 0xff,
  0xc5, 0x5d, 0x48, 0xff, 0xcf, 0x63, 0x4e, 0xff, 0xd7, 0x69, 0x53, 0xff,
  0xdd, 0x6e, 0x57, 0xff, 0xe2, 0x72, 0x5b, 0xff, 0xe5, 0x73, 0x5c, 0xff,
  0xe8, 0x76, 0x5e, 0xff, 0xea, 0x76, 0x5d, 0xff, 0xe9, 0x72, 0x58, 0xff,
  0xf9, 0xab, 0x9c, 0xff, 0xf7, 0x9f, 0x8d, 0xff, 0xf6, 0x9b, 0x87, 0xff,
  0xf6, 0x99, 0x85, 0xff, 0xf6, 0x98, 0x84, 0xff, 0xf7, 0x98, 0x84, 0xff,
  0xf6, 0x97, 0x83, 0xff, 0xf6, 0x96, 0x82, 0xff, 0xf7, 0x96, 0x82, 0xff,
  0xf7, 0x96, 0x81, 0xff, 0xf8, 0x96, 0x81, 0xff, 0xf8, 0x94, 0x80, 0xff,
  0xf6, 0x93, 0x7f, 0xff, 0xf7, 0x92, 0x7e, 0xff, 0xf5, 0x91, 0x7b, 0xff,
  0xb2, 0x6a, 0x5e, 0xff, 0xa4, 0x63, 0x5c, 0xff, 0x9b, 0x5b, 0x53, 0xff,
  0x87, 0x48, 0x40, 0xff, 0x80, 0x42, 0x39, 0xff, 0x7c, 0x3f, 0x37, 0xff,
  0x7b, 0x3e, 0x36, 0xff, 0x79, 0x3e, 0x35, 0xff, 0x77, 0x3c, 0x34, 0xff,
  0x76, 0x3b, 0x33, 0xff, 0x74, 0x39, 0x31, 0xff, 0x72, 0x38, 0x2f, 0xff,
  0x71, 0x37, 0x2e, 0xff, 0x6e, 0x35, 0x2c, 0xff, 0x69, 0x32, 0x29, 0xff,
  0x5e, 0x2b, 0x23, 0xff, 0x9c, 0x4b, 0x3c, 0xff, 0xac, 0x53, 0x44, 0xff,
  0x8a, 0x3e, 0x31, 0xff, 0x87, 0x3d, 0x31, 0xff, 0x79, 0x35, 0x29, 0xff,
  0x4e, 0x1b, 0x0d, 0xff, 0x1a, 0x07, 0x01, 0xff, 0x1c, 0x05, 0x03, 0xff,
  0x5e, 0x29, 0x1e, 0xff, 0x46, 0x19, 0x0c, 0xff, 0x46, 0x18, 0x03, 0xff,
  0x53, 0x20, 0x0a, 0xff, 0x65, 0x2b, 0x0f, 0xff, 0x6d, 0x31, 0x12, 0xff,
  0x6c, 0x30, 0x11, 0xff, 0x6c, 0x31, 0x12, 0xff, 0x65, 0x2c, 0x0e, 0xff,
  0x60, 0x28, 0x0b, 0xff, 0x60, 0x28, 0x0b, 0xff, 0x60, 0x29, 0x0a, 0xff,
  0x63, 0x2b, 0x0c, 0xff, 0x67, 0x2d, 0x0c, 0xff, 0x6c, 0x30, 0x0d, 0xff,
  0x75, 0x35, 0x10, 0xff, 0x86, 0x41, 0x14, 0xff, 0x9d, 0x52, 0x1c, 0xff,
  0xaa, 0x5b, 0x20, 0xff, 0xbb, 0x64, 0x29, 0xff, 0xca, 0x6c, 0x32, 0xff,
  0xc2, 0x5f, 0x2a, 0xff, 0xd4, 0x67, 0x37, 0xff, 0xed, 0x76, 0x4a, 0xff,
  0xec, 0x71, 0x4e, 0xff, 0xf5, 0x74, 0x5a, 0xff, 0xe2, 0x66, 0x50, 0xff,
  0xaa, 0x41, 0x22, 0xff, 0xa8, 0x3c, 0x1f, 0xff, 0xa6, 0x55, 0x47, 0xff,
  0x86, 0x4b, 0x43, 0xff, 0x31, 0x0b, 0x03, 0xff, 0x22, 0x0c, 0x0a, 0xff,
  0x9c, 0x5c, 0x55, 0xff, 0x85, 0x48, 0x40, 0xff, 0x5f, 0x29, 0x20, 0xff,
  0x64, 0x2c, 0x23, 0xff, 0x58, 0x24, 0x1a, 0xff, 0x4b, 0x1a, 0x0f, 0xff,
  0x29, 0x09, 0x02, 0xff, 0x35, 0x0f, 0x05, 0xff, 0x3f, 0x16, 0x0c, 0xff,
  0x45, 0x1a, 0x10, 0xff, 0x4a, 0x1d, 0x14, 0xff, 0x4e, 0x21, 0x17, 0xff,
  0x52, 0x24, 0x1a, 0xff, 0x54, 0x25, 0x1b, 0xff, 0x55, 0x25, 0x1c, 0xff,
  0x56, 0x26, 0x1c, 0xff, 0x55, 0x25, 0x1c, 0xff, 0x51, 0x22, 0x19, 0xff,
  0x4b, 0x1e, 0x14, 0xff, 0x49, 0x1b, 0x10, 0xff, 0x60, 0x26, 0x18, 0xff,
  0x85, 0x38, 0x27, 0xff, 0x8d, 0x3d, 0x2b, 0xff, 0x98, 0x42, 0x30, 0xff,
  0xa4, 0x49, 0x36, 0xff, 0xaf, 0x50, 0x3c, 0xff, 0xbb, 0x57, 0x42, 0xff,
  0xc6, 0x5e, 0x48, 0xff, 0xcf, 0x63, 0x4e, 0xff, 0xd7, 0x69, 0x52, 0xff,
  0xdd, 0x6d, 0x56, 0xff, 0xe2, 0x71, 0x5a, 0xff, 0xe5, 0x74, 0x5d, 0xff,
  0xe8, 0x76, 0x5e, 0xff, 0xeb, 0x77, 0x5e, 0xff, 0xea, 0x74, 0x59, 0xff,
  0xf8, 0xa9, 0x9a, 0xff, 0xf7, 0x9f, 0x8c, 0xff, 0xf7, 0x9a, 0x86, 0xff,
  0xf7, 0x99, 0x85, 0xff, 0xf7, 0x99, 0x85, 0xff, 0xf6, 0x98, 0x84, 0xff,
  0xf6, 0x97, 0x83, 0xff, 0xf6, 0x97, 0x82, 0xff, 0xf6, 0x96, 0x81, 0xff,
  0xf7, 0x97, 0x81, 0xff, 0xf8, 0x96, 0x81, 0xff, 0xf7, 0x93, 0x7f, 0xff,
  0xf6, 0x92, 0x7e, 0xff, 0xf7, 0x91, 0x7d, 0xff, 0xf5, 0x8f, 0x7b, 0xff,
  0xb2, 0x6b, 0x60, 0xff, 0xa4, 0x63, 0x5c, 0xff, 0x9b, 0x5a, 0x53, 0xff,
  0x85, 0x46, 0x3e, 0xff, 0x7e, 0x40, 0x37, 0xff, 0x7d, 0x3e, 0x36, 0xff,
  0x7b, 0x3e, 0x35, 0xff, 0x79, 0x3d, 0x34, 0xff, 0x77, 0x3c, 0x33, 0xff,
  0x76, 0x3b, 0x33, 0xff, 0x74, 0x3a, 0x31, 0xff, 0x73, 0x38, 0x30, 0xff,
  0x71, 0x36, 0x2d, 0xff, 0x6d, 0x34, 0x2b, 0xff, 0x69, 0x32, 0x2a, 0xff,
  0x5b, 0x2a, 0x22, 0xff, 0x88, 0x40, 0x33, 0xff, 0xab, 0x51, 0x42, 0xff,
  0x8a, 0x3f, 0x32, 0xff, 0x86, 0x3c, 0x2f, 0xff, 0x7e, 0x38, 0x2c, 0xff,
  0x58, 0x20, 0x13, 0xff, 0x2a, 0x0d, 0x04, 0xff, 0x10, 0x00, 0x00, 0xff,
  0x55, 0x24, 0x1a, 0xff, 0x50, 0x20, 0x15, 0xff, 0x40, 0x13, 0x02, 0xff,
  0x4e, 0x1d, 0x07, 0xff, 0x5a, 0x23, 0x0a, 0xff, 0x68, 0x2b, 0x0f, 0xff,
  0x68, 0x2c, 0x10, 0xff, 0x67, 0x2c, 0x11, 0xff, 0x67, 0x2b, 0x10, 0xff,
  0x61, 0x27, 0x0b, 0xff, 0x61, 0x26, 0x0a, 0xff, 0x63, 0x28, 0x0b, 0xff,
  0x67, 0x2b, 0x0c, 0xff, 0x6b, 0x2d, 0x0d, 0xff, 0x70, 0x30, 0x0e, 0xff,
  0x79, 0x36, 0x12, 0xff, 0x8a, 0x40, 0x15, 0xff, 0x9c, 0x4b, 0x1b, 0xff,
  0xb9, 0x62, 0x2b, 0xff, 0xdb, 0x81, 0x42, 0xff, 0xd7, 0x76, 0x3b, 0xff,
  0xd1, 0x69, 0x35, 0xff, 0xf2, 0x84, 0x57, 0xff, 0xf8, 0x84, 0x5f, 0xff,
  0xf7, 0x7f, 0x65, 0xff, 0xff, 0x7f, 0x73, 0xff, 0xd5, 0x61, 0x48, 0xff,
  0xb5, 0x46, 0x24, 0xff, 0xb2, 0x46, 0x2a, 0xff, 0xae, 0x65, 0x5b, 0xff,
  0x76, 0x3d, 0x34, 0xff, 0x21, 0x02, 0x00, 0xff, 0x39, 0x1e, 0x1b, 0xff,
  0xaa, 0x66, 0x5f, 0xff, 0x78, 0x3d, 0x34, 0xff, 0x5e, 0x28, 0x1e, 0xff,
  0x61, 0x2b, 0x21, 0xff, 0x56, 0x23, 0x18, 0xff, 0x45, 0x18, 0x0d, 0xff,
  0x27, 0x07, 0x01, 0xff, 0x38, 0x10, 0x06, 0xff, 0x3f, 0x16, 0x0c, 0xff,
  0x45, 0x1a, 0x11, 0xff, 0x49, 0x1d, 0x14, 0xff, 0x4e, 0x21, 0x17, 0xff,
  0x52, 0x23, 0x1a, 0xff, 0x54, 0x25, 0x1b, 0xff, 0x55, 0x25, 0x1c, 0xff,
  0x55, 0x25, 0x1c, 0xff, 0x54, 0x25, 0x1b, 0xff, 0x50, 0x22, 0x19, 0xff,
  0x4b, 0x1e, 0x14, 0xff, 0x49, 0x1b, 0x10, 0xff, 0x60, 0x25, 0x18, 0xff,
  0x86, 0x38, 0x27, 0xff, 0x8d, 0x3c, 0x2b, 0xff, 0x98, 0x42, 0x30, 0xff,
  0xa4, 0x49, 0x36, 0xff, 0xaf, 0x50, 0x3c, 0xff, 0xb9, 0x56, 0x42, 0xff,
  0xc5, 0x5d, 0x48, 0xff, 0xcf, 0x63, 0x4d, 0xff, 0xd7, 0x68, 0x52, 0xff,
  0xde, 0x6d, 0x55, 0xff, 0xe3, 0x71, 0x59, 0xff, 0xe6, 0x75, 0x5d, 0xff,
  0xe9, 0x76, 0x5e, 0xff, 0xec, 0x77, 0x5d, 0xff, 0xea, 0x74, 0x59, 0xff,
  0xf8, 0xa9, 0x9a, 0xff, 0xf7, 0x9e, 0x8b, 0xff, 0xf6, 0x99, 0x85, 0xff,
  0xf6, 0x99, 0x85, 0xff, 0xf6, 0x99, 0x85, 0xff, 0xf6, 0x98, 0x84, 0xff,
  0xf6, 0x97, 0x83, 0xff, 0xf7, 0x96, 0x82, 0xff, 0xf6, 0x96, 0x81, 0xff,
  0xf7, 0x95, 0x81, 0xff, 0xf7, 0x95, 0x80, 0xff, 0xf7, 0x93, 0x7e, 0xff,
  0xf7, 0x93, 0x7d, 0xff, 0xf8, 0x91, 0x7c, 0xff, 0xf5, 0x90, 0x7b, 0xff,
  0xb2, 0x6a, 0x60, 0xff, 0xa2, 0x61, 0x5a, 0xff, 0x96, 0x56, 0x4e, 0xff,
  0x82, 0x44, 0x3c, 0xff, 0x7c, 0x3e, 0x36, 0xff, 0x7b, 0x3d, 0x34, 0xff,
  0x79, 0x3d, 0x34, 0xff, 0x77, 0x3c, 0x33, 0xff, 0x76, 0x3b, 0x32, 0xff,
  0x75, 0x3a, 0x31, 0xff, 0x74, 0x39, 0x31, 0xff, 0x73, 0x39, 0x30, 0xff,
  0x70, 0x37, 0x2e, 0xff, 0x6c, 0x34, 0x2b, 0xff, 0x69, 0x32, 0x29, 0xff,
  0x5c, 0x2b, 0x23, 0xff, 0x74, 0x35, 0x2a, 0xff, 0xa3, 0x4d, 0x3e, 0xff,
  0x8b, 0x3f, 0x33, 0xff, 0x82, 0x39, 0x2d, 0xff, 0x83, 0x3b, 0x2f, 0xff,
  0x63, 0x28, 0x1b, 0xff, 0x3d, 0x14, 0x09, 0xff, 0x0b, 0x00, 0x00, 0xff,
  0x40, 0x17, 0x0f, 0xff, 0x5c, 0x28, 0x1d, 0xff, 0x42, 0x14, 0x06, 0xff,
  0x4a, 0x19, 0x04, 0xff, 0x51, 0x1e, 0x08, 0xff, 0x60, 0x26, 0x0c, 0xff,
  0x65, 0x29, 0x0e, 0xff, 0x65, 0x29, 0x0e, 0xff, 0x67, 0x29, 0x0e, 0xff,
  0x67, 0x28, 0x0d, 0xff, 0x63, 0x26, 0x0b, 0xff, 0x68, 0x28, 0x0c, 0xff,
  0x6e, 0x2c, 0x0f, 0xff, 0x74, 0x2f, 0x10, 0xff, 0x7c, 0x33, 0x12, 0xff,
  0x86, 0x39, 0x15, 0xff, 0x95, 0x42, 0x1a, 0xff, 0xb0, 0x54, 0x25, 0xff,
  0xcf, 0x6e, 0x39, 0xff, 0xd7, 0x75, 0x3c, 0xff, 0xd7, 0x70, 0x3a, 0xff,
  0xef, 0x90, 0x62, 0xff, 0xfd, 0x9b, 0x75, 0xff, 0xfb, 0x91, 0x77, 0xff,
  0xfd, 0x8d, 0x80, 0xff, 0xf9, 0x84, 0x7c, 0xff, 0xcc, 0x59, 0x36, 0xff,
  0xc6, 0x4d, 0x2c, 0xff, 0xbf, 0x5a, 0x42, 0xff, 0xae, 0x6e, 0x68, 0xff,
  0x5b, 0x25, 0x1b, 0xff, 0x15, 0x00, 0x00, 0xff, 0x68, 0x3c, 0x38, 0xff,
  0xab, 0x68, 0x61, 0xff, 0x6a, 0x30, 0x28, 0xff, 0x5f, 0x29, 0x1f, 0xff,
  0x5c, 0x28, 0x1f, 0xff, 0x53, 0x21, 0x15, 0xff, 0x3c, 0x13, 0x0a, 0xff,
  0x29, 0x07, 0x01, 0xff, 0x3b, 0x12, 0x08, 0xff, 0x40, 0x16, 0x0d, 0xff,
  0x45, 0x1a, 0x11, 0xff, 0x49, 0x1d, 0x14, 0xff, 0x4e, 0x20, 0x17, 0xff,
  0x51, 0x23, 0x1a, 0xff, 0x53, 0x24, 0x1b, 0xff, 0x55, 0x25, 0x1c, 0xff,
  0x54, 0x24, 0x1b, 0xff, 0x53, 0x24, 0x1a, 0xff, 0x51, 0x23, 0x19, 0xff,
  0x4c, 0x1f, 0x15, 0xff, 0x49, 0x1b, 0x10, 0xff, 0x61, 0x26, 0x18, 0xff,
  0x85, 0x38, 0x27, 0xff, 0x8c, 0x3c, 0x2a, 0xff, 0x98, 0x42, 0x2f, 0xff,
  0xa5, 0x49, 0x36, 0xff, 0xb1, 0x50, 0x3c, 0xff, 0xba, 0x56, 0x41, 0xff,
  0xc5, 0x5d, 0x48, 0xff, 0xce, 0x63, 0x4e, 0xff, 0xd7, 0x69, 0x52, 0xff,
  0xde, 0x6d, 0x56, 0xff, 0xe3, 0x71, 0x59, 0xff, 0xe7, 0x75, 0x5c, 0xff,
  0xea, 0x76, 0x5e, 0xff, 0xec, 0x76, 0x5d, 0xff, 0xe9, 0x72, 0x58, 0xff,
  0xf9, 0xaa, 0x9a, 0xff, 0xf7, 0x9d, 0x8a, 0xff, 0xf6, 0x98, 0x85, 0xff,
  0xf6, 0x98, 0x84, 0xff, 0xf7, 0x97, 0x83, 0xff, 0xf6, 0x97, 0x83, 0xff,
  0xf5, 0x96, 0x82, 0xff, 0xf6, 0x96, 0x81, 0xff, 0xf7, 0x96, 0x81, 0xff,
  0xf7, 0x95, 0x81, 0xff, 0xf6, 0x94, 0x7f, 0xff, 0xf7, 0x93, 0x7e, 0xff,
  0xf7, 0x92, 0x7d, 0xff, 0xf8, 0x92, 0x7c, 0xff, 0xf6, 0x90, 0x7a, 0xff,
  0xb1, 0x69, 0x5e, 0xff, 0x9f, 0x5e, 0x57, 0xff, 0x93, 0x52, 0x4b, 0xff,
  0x82, 0x45, 0x3c, 0xff, 0x7c, 0x3f, 0x36, 0xff, 0x7b, 0x3d, 0x34, 0xff,
  0x7a, 0x3c, 0x33, 0xff, 0x76, 0x3b, 0x33, 0xff, 0x74, 0x3a, 0x31, 0xff,
  0x74, 0x39, 0x30, 0xff, 0x73, 0x38, 0x30, 0xff, 0x72, 0x38, 0x2f, 0xff,
  0x6f, 0x36, 0x2d, 0xff, 0x6c, 0x33, 0x2a, 0xff, 0x67, 0x31, 0x27, 0xff,
  0x60, 0x2d, 0x25, 0xff, 0x62, 0x2d, 0x23, 0xff, 0x97, 0x46, 0x37, 0xff,
  0x8d, 0x40, 0x33, 0xff, 0x7e, 0x37, 0x2a, 0xff, 0x81, 0x39, 0x2d, 0xff,
  0x6e, 0x2f, 0x24, 0xff, 0x4e, 0x1b, 0x0f, 0xff, 0x15, 0x05, 0x02, 0xff,
  0x21, 0x08, 0x03, 0xff, 0x5e, 0x29, 0x1f, 0xff, 0x4c, 0x1c, 0x11, 0xff,
  0x44, 0x15, 0x02, 0xff, 0x4e, 0x1c, 0x07, 0xff, 0x56, 0x1f, 0x08, 0xff,
  0x65, 0x26, 0x0d, 0xff, 0x65, 0x27, 0x0d, 0xff, 0x67, 0x27, 0x0e, 0xff,
  0x6c, 0x29, 0x0f, 0xff, 0x70, 0x2b, 0x10, 0xff, 0x6f, 0x2a, 0x0f, 0xff,
  0x74, 0x2d, 0x10, 0xff, 0x7d, 0x30, 0x12, 0xff, 0x86, 0x35, 0x16, 0xff,
  0x91, 0x3b, 0x19, 0xff, 0xa0, 0x45, 0x20, 0xff, 0xb3, 0x52, 0x28, 0xff,
  0xc3, 0x5d, 0x2e, 0xff, 0xd4, 0x6b, 0x3d, 0xff, 0xef, 0x8e, 0x64, 0xff,
  0xfd, 0xa4, 0x7f, 0xff, 0xfc, 0xa2, 0x86, 0xff, 0xfb, 0x9e, 0x8f, 0xff,
  0xff, 0x9e, 0x9c, 0xff, 0xe6, 0x78, 0x62, 0xff, 0xd3, 0x5a, 0x33, 0xff,
  0xd0, 0x53, 0x35, 0xff, 0xcb, 0x78, 0x6b, 0xff, 0x95, 0x59, 0x52, 0xff,
  0x37, 0x0b, 0x02, 0xff, 0x1d, 0x08, 0x06, 0xff, 0x9d, 0x61, 0x5a, 0xff,
  0x9a, 0x5b, 0x53, 0xff, 0x61, 0x29, 0x1f, 0xff, 0x61, 0x2b, 0x21, 0xff,
  0x59, 0x25, 0x1c, 0xff, 0x50, 0x1e, 0x12, 0xff, 0x33, 0x0d, 0x06, 0xff,
  0x2e, 0x0a, 0x02, 0xff, 0x3c, 0x13, 0x09, 0xff, 0x41, 0x17, 0x0d, 0xff,
  0x46, 0x1a, 0x11, 0xff, 0x4a, 0x1d, 0x14, 0xff, 0x4e, 0x20, 0x17, 0xff,
  0x50, 0x22, 0x19, 0xff, 0x53, 0x23, 0x1a, 0xff, 0x55, 0x25, 0x1b, 0xff,
  0x54, 0x24, 0x1b, 0xff, 0x53, 0x24, 0x1a, 0xff, 0x51, 0x23, 0x19, 0xff,
  0x4b, 0x1e, 0x14, 0xff, 0x49, 0x1c, 0x11, 0xff, 0x60, 0x26, 0x18, 0xff,
  0x83, 0x37, 0x26, 0xff, 0x8d, 0x3b, 0x2a, 0xff, 0x99, 0x42, 0x2f, 0xff,
  0xa5, 0x49, 0x35, 0xff, 0xb1, 0x50, 0x3b, 0xff, 0xbc, 0x56, 0x41, 0xff,
  0xc6, 0x5d, 0x48, 0xff, 0xce, 0x63, 0x4d, 0xff, 0xd6, 0x68, 0x52, 0xff,
  0xdd, 0x6d, 0x56, 0xff, 0xe2, 0x71, 0x59, 0xff, 0xe7, 0x75, 0x5d, 0xff,
  0xea, 0x77, 0x5e, 0xff, 0xec, 0x76, 0x5c, 0xff, 0xea, 0x71, 0x57, 0xff,
  0xf9, 0xa9, 0x99, 0xff, 0xf7, 0x9c, 0x8a, 0xff, 0xf6, 0x98, 0x84, 0xff,
  0xf6, 0x98, 0x84, 0xff, 0xf6, 0x97, 0x83, 0xff, 0xf6, 0x96, 0x82, 0xff,
  0xf6, 0x96, 0x81, 0xff, 0xf6, 0x96, 0x81, 0xff, 0xf7, 0x96, 0x81, 0xff,
  0xf7, 0x95, 0x81, 0xff, 0xf6, 0x95, 0x80, 0xff, 0xf7, 0x93, 0x7f, 0xff,
  0xf7, 0x92, 0x7d, 0xff, 0xf8, 0x92, 0x7c, 0xff, 0xf5, 0x8f, 0x7a, 0xff,
  0xaf, 0x67, 0x5c, 0xff, 0x9e, 0x5d, 0x55, 0xff, 0x95, 0x54, 0x4d, 0xff,
  0x83, 0x46, 0x3d, 0xff, 0x7d, 0x40, 0x37, 0xff, 0x7b, 0x3e, 0x35, 0xff,
  0x7a, 0x3c, 0x34, 0xff, 0x77, 0x3a, 0x32, 0xff, 0x73, 0x38, 0x2f, 0xff,
  0x72, 0x38, 0x2f, 0xff, 0x71, 0x37, 0x2f, 0xff, 0x71, 0x38, 0x2e, 0xff,
  0x6e, 0x36, 0x2d, 0xff, 0x6b, 0x33, 0x2a, 0xff, 0x67, 0x31, 0x28, 0xff,
  0x63, 0x2f, 0x27, 0xff, 0x58, 0x28, 0x20, 0xff, 0x85, 0x3c, 0x2e, 0xff,
  0x8f, 0x40, 0x33, 0xff, 0x80, 0x38, 0x2b, 0xff, 0x7d, 0x36, 0x2a, 0xff,
  0x79, 0x35, 0x2a, 0xff, 0x5c, 0x24, 0x17, 0xff, 0x32, 0x12, 0x09, 0xff,
  0x0c, 0x00, 0x00, 0xff, 0x49, 0x1c, 0x13, 0xff, 0x5b, 0x29, 0x1f, 0xff,
  0x46, 0x17, 0x08, 0xff, 0x4a, 0x18, 0x03, 0xff, 0x4e, 0x1b, 0x06, 0xff,
  0x5c, 0x21, 0x0a, 0xff, 0x6a, 0x27, 0x0e, 0xff, 0x6a, 0x27, 0x0e, 0xff,
  0x70, 0x29, 0x10, 0xff, 0x78, 0x2d, 0x12, 0xff, 0x7e, 0x2f, 0x14, 0xff,
  0x83, 0x30, 0x14, 0xff, 0x86, 0x33, 0x15, 0xff, 0x8c, 0x37, 0x18, 0xff,
  0x96, 0x3c, 0x1b, 0xff, 0xa5, 0x46, 0x23, 0xff, 0xbb, 0x55, 0x2e, 0xff,
  0xd8, 0x69, 0x42, 0xff, 0xf3, 0x85, 0x62, 0xff, 0xfc, 0x9a, 0x79, 0xff,
  0xfb, 0xa5, 0x8b, 0xff, 0xfb, 0xac, 0x9d, 0xff, 0xfe, 0xb1, 0xaf, 0xff,
  0xf6, 0x9a, 0x90, 0xff, 0xe2, 0x68, 0x42, 0xff, 0xe6, 0x62, 0x42, 0xff,
  0xda, 0x6c, 0x56, 0xff, 0xc1, 0x84, 0x7e, 0xff, 0x68, 0x2f, 0x25, 0xff,
  0x1b, 0x00, 0x00, 0xff, 0x4a, 0x28, 0x25, 0xff, 0xb9, 0x74, 0x6d, 0xff,
  0x7c, 0x41, 0x39, 0xff, 0x61, 0x28, 0x1f, 0xff, 0x63, 0x2b, 0x21, 0xff,
  0x54, 0x22, 0x18, 0xff, 0x4a, 0x1a, 0x0e, 0xff, 0x29, 0x08, 0x02, 0xff,
  0x33, 0x0c, 0x03, 0xff, 0x3c, 0x13, 0x09, 0xff, 0x41, 0x17, 0x0d, 0xff,
  0x46, 0x1b, 0x11, 0xff, 0x4b, 0x1e, 0x14, 0xff, 0x4f, 0x21, 0x17, 0xff,
  0x51, 0x22, 0x19, 0xff, 0x52, 0x23, 0x1a, 0xff, 0x54, 0x24, 0x1b, 0xff,
  0x53, 0x24, 0x1a, 0xff, 0x53, 0x24, 0x1a, 0xff, 0x51, 0x22, 0x19, 0xff,
  0x4a, 0x1e, 0x14, 0xff, 0x49, 0x1c, 0x11, 0xff, 0x60, 0x26, 0x18, 0xff,
  0x83, 0x37, 0x26, 0xff, 0x8c, 0x3b, 0x2a, 0xff, 0x99, 0x42, 0x30, 0xff,
  0xa6, 0x49, 0x35, 0xff, 0xb1, 0x4f, 0x3b, 0xff, 0xbc, 0x56, 0x41, 0xff,
  0xc6, 0x5d, 0x47, 0xff, 0xd0, 0x62, 0x4c, 0xff, 0xd7, 0x68, 0x52, 0xff,
  0xdd, 0x6d, 0x56, 0xff, 0xe3, 0x71, 0x59, 0xff, 0xe8, 0x74, 0x5c, 0xff,
  0xea, 0x76, 0x5e, 0xff, 0xec, 0x76, 0x5d, 0xff, 0xeb, 0x73, 0x58, 0xff,
  0xfa, 0xa9, 0x99, 0xff, 0xf8, 0x9d, 0x8a, 0xff, 0xf7, 0x98, 0x84, 0xff,
  0xf7, 0x97, 0x83, 0xff, 0xf6, 0x97, 0x82, 0xff, 0xf6, 0x96, 0x82, 0xff,
  0xf7, 0x96, 0x82, 0xff, 0xf7, 0x96, 0x81, 0xff, 0xf7, 0x96, 0x81, 0xff,
  0xf7, 0x95, 0x80, 0xff, 0xf7, 0x94, 0x80, 0xff, 0xf7, 0x93, 0x7e, 0xff,
  0xf6, 0x91, 0x7c, 0xff, 0xf7, 0x91, 0x7b, 0xff, 0xf4, 0x8e, 0x78, 0xff,
  0xaf, 0x66, 0x5a, 0xff, 0x9d, 0x5c, 0x54, 0xff, 0x94, 0x53, 0x4c, 0xff,
  0x83, 0x46, 0x3d, 0xff, 0x7d, 0x41, 0x37, 0xff, 0x79, 0x3d, 0x34, 0xff,
  0x76, 0x3a, 0x31, 0xff, 0x75, 0x3a, 0x31, 0xff, 0x73, 0x39, 0x30, 0xff,
  0x72, 0x38, 0x2f, 0xff, 0x72, 0x37, 0x2e, 0xff, 0x70, 0x36, 0x2d, 0xff,
  0x6c, 0x34, 0x2c, 0xff, 0x6b, 0x33, 0x2a, 0xff, 0x68, 0x31, 0x28, 0xff,
  0x64, 0x30, 0x27, 0xff, 0x57, 0x28, 0x20, 0xff, 0x6c, 0x30, 0x25, 0xff,
  0x8b, 0x3e, 0x30, 0xff, 0x81, 0x38, 0x2c, 0xff, 0x7b, 0x35, 0x29, 0xff,
  0x7b, 0x37, 0x2b, 0xff, 0x6a, 0x2e, 0x23, 0xff, 0x51, 0x1f, 0x13, 0xff,
  0x17, 0x06, 0x03, 0xff, 0x23, 0x07, 0x03, 0xff, 0x5d, 0x2a, 0x20, 0xff,
  0x56, 0x25, 0x1a, 0xff, 0x46, 0x16, 0x04, 0xff, 0x4e, 0x19, 0x04, 0xff,
  0x50, 0x1a, 0x05, 0xff, 0x64, 0x23, 0x0b, 0xff, 0x73, 0x29, 0x10, 0xff,
  0x77, 0x2a, 0x11, 0xff, 0x7e, 0x2d, 0x13, 0xff, 0x86, 0x30, 0x16, 0xff,
  0x91, 0x34, 0x19, 0xff, 0x9b, 0x39, 0x1c, 0xff, 0xa7, 0x3f, 0x21, 0xff,
  0xb6, 0x46, 0x29, 0xff, 0xca, 0x53, 0x35, 0xff, 0xdf, 0x63, 0x46, 0xff,
  0xef, 0x73, 0x57, 0xff, 0xf8, 0x81, 0x6b, 0xff, 0xfa, 0x92, 0x81, 0xff,
  0xfc, 0xa4, 0x9b, 0xff, 0xfe, 0xb7, 0xb7, 0xff, 0xf8, 0xaa, 0xa4, 0xff,
  0xeb, 0x7a, 0x56, 0xff, 0xf0, 0x72, 0x51, 0xff, 0xeb, 0x6d, 0x53, 0xff,
  0xdb, 0x92, 0x8a, 0xff, 0x91, 0x57, 0x50, 0xff, 0x3a, 0x0d, 0x04, 0xff,
  0x18, 0x05, 0x02, 0xff, 0x95, 0x5b, 0x55, 0xff, 0xa7, 0x66, 0x5f, 0xff,
  0x65, 0x2c, 0x23, 0xff, 0x63, 0x2b, 0x22, 0xff, 0x5d, 0x28, 0x1f, 0xff,
  0x51, 0x1e, 0x13, 0xff, 0x3d, 0x14, 0x09, 0xff, 0x26, 0x05, 0x00, 0xff,
  0x38, 0x0f, 0x05, 0xff, 0x3d, 0x14, 0x0a, 0xff, 0x42, 0x17, 0x0d, 0xff,
  0x47, 0x1b, 0x11, 0xff, 0x4c, 0x1e, 0x14, 0xff, 0x4e, 0x20, 0x16, 0xff,
  0x51, 0x22, 0x18, 0xff, 0x52, 0x23, 0x1a, 0xff, 0x53, 0x23, 0x1a, 0xff,
  0x53, 0x23, 0x1a, 0xff, 0x53, 0x24, 0x1a, 0xff, 0x50, 0x22, 0x19, 0xff,
  0x4a, 0x1e, 0x14, 0xff, 0x49, 0x1b, 0x10, 0xff, 0x61, 0x25, 0x17, 0xff,
  0x84, 0x36, 0x25, 0xff, 0x8c, 0x3b, 0x2a, 0xff, 0x98, 0x42, 0x2f, 0xff,
  0xa5, 0x49, 0x35, 0xff, 0xb0, 0x50, 0x3b, 0xff, 0xbb, 0x57, 0x41, 0xff,
  0xc7, 0x5d, 0x47, 0xff, 0xd1, 0x63, 0x4d, 0xff, 0xd7, 0x68, 0x51, 0xff,
  0xdd, 0x6d, 0x56, 0xff, 0xe3, 0x71, 0x59, 0xff, 0xe7, 0x74, 0x5b, 0xff,
  0xe9, 0x76, 0x5d, 0xff, 0xec, 0x77, 0x5d, 0xff, 0xec, 0x73, 0x59, 0xff,
  0xfa, 0xaa, 0x9a, 0xff, 0xf8, 0x9e, 0x8b, 0xff, 0xf6, 0x98, 0x84, 0xff,
  0xf6, 0x97, 0x83, 0xff, 0xf6, 0x97, 0x83, 0xff, 0xf6, 0x96, 0x82, 0xff,
  0xf6, 0x96, 0x81, 0xff, 0xf6, 0x95, 0x80, 0xff, 0xf7, 0x95, 0x80, 0xff,
  0xf7, 0x94, 0x7f, 0xff, 0xf6, 0x93, 0x7e, 0xff, 0xf7, 0x92, 0x7d, 0xff,
  0xf6, 0x90, 0x7b, 0xff, 0xf6, 0x8f, 0x79, 0xff, 0xf4, 0x8e, 0x78, 0xff,
  0xae, 0x66, 0x5a, 0xff, 0x9d, 0x5b, 0x52, 0xff, 0x92, 0x51, 0x49, 0xff,
  0x82, 0x45, 0x3c, 0xff, 0x7b, 0x3e, 0x36, 0xff, 0x77, 0x3c, 0x33, 0xff,
  0x75, 0x3a, 0x31, 0xff, 0x73, 0x39, 0x31, 0xff, 0x72, 0x38, 0x2f, 0xff,
  0x71, 0x37, 0x2e, 0xff, 0x71, 0x36, 0x2d, 0xff, 0x6e, 0x35, 0x2c, 0xff,
  0x6b, 0x33, 0x2a, 0xff, 0x6a, 0x32, 0x29, 0xff, 0x68, 0x31, 0x28, 0xff,
  0x63, 0x2f, 0x26, 0xff, 0x5b, 0x2b, 0x22, 0xff, 0x55, 0x25, 0x1c, 0xff,
  0x7e, 0x36, 0x29, 0xff, 0x80, 0x39, 0x2c, 0xff, 0x7a, 0x35, 0x29, 0xff,
  0x77, 0x34, 0x28, 0xff, 0x76, 0x34, 0x29, 0xff, 0x60, 0x27, 0x1b, 0xff,
  0x3c, 0x17, 0x0e, 0xff, 0x0a, 0x00, 0x00, 0xff, 0x40, 0x16, 0x0d, 0xff,
  0x63, 0x2e, 0x24, 0xff, 0x53, 0x21, 0x16, 0xff, 0x4a, 0x16, 0x02, 0xff,
  0x51, 0x1a, 0x04, 0xff, 0x53, 0x1b, 0x06, 0xff, 0x6a, 0x24, 0x0c, 0xff,
  0x82, 0x2e, 0x14, 0xff, 0x89, 0x31, 0x17, 0xff, 0x8e, 0x33, 0x19, 0xff,
  0x96, 0x35, 0x1b, 0xff, 0xa1, 0x3a, 0x20, 0xff, 0xb2, 0x41, 0x27, 0xff,
  0xc3, 0x4a, 0x30, 0xff, 0xd5, 0x54, 0x3c, 0xff, 0xe4, 0x61, 0x4b, 0xff,
  0xf0, 0x6e, 0x5d, 0xff, 0xf9, 0x7e, 0x75, 0xff, 0xfd, 0x91, 0x91, 0xff,
  0xfe, 0xa4, 0xaa, 0xff, 0xf7, 0xa0, 0x98, 0xff, 0xee, 0x7e, 0x5b, 0xff,
  0xf3, 0x7b, 0x5c, 0xff, 0xf3, 0x76, 0x5c, 0xff, 0xe7, 0x96, 0x89, 0xff,
  0xba, 0x7e, 0x7a, 0xff, 0x59, 0x20, 0x15, 0xff, 0x12, 0x00, 0x00, 0xff,
  0x59, 0x34, 0x30, 0xff, 0xbe, 0x7a, 0x73, 0xff, 0x7f, 0x44, 0x3b, 0xff,
  0x60, 0x28, 0x1f, 0xff, 0x62, 0x2b, 0x22, 0xff, 0x56, 0x23, 0x1a, 0xff,
  0x4c, 0x1b, 0x0e, 0xff, 0x2c, 0x0a, 0x04, 0xff, 0x2c, 0x08, 0x01, 0xff,
  0x39, 0x11, 0x06, 0xff, 0x3f, 0x15, 0x0b, 0xff, 0x45, 0x19, 0x0f, 0xff,
  0x48, 0x1c, 0x12, 0xff, 0x4b, 0x1e, 0x14, 0xff, 0x4e, 0x1f, 0x16, 0xff,
  0x50, 0x21, 0x18, 0xff, 0x51, 0x22, 0x19, 0xff, 0x53, 0x23, 0x1a, 0xff,
  0x53, 0x23, 0x1a, 0xff, 0x54, 0x24, 0x1a, 0xff, 0x50, 0x22, 0x19, 0xff,
  0x4a, 0x1e, 0x14, 0xff, 0x48, 0x1b, 0x10, 0xff, 0x5f, 0x24, 0x16, 0xff,
  0x84, 0x36, 0x25, 0xff, 0x8c, 0x3b, 0x2a, 0xff, 0x98, 0x42, 0x30, 0xff,
  0xa5, 0x49, 0x35, 0xff, 0xb0, 0x50, 0x3b, 0xff, 0xbb, 0x57, 0x41, 0xff,
  0xc6, 0x5d, 0x47, 0xff, 0xd0, 0x63, 0x4d, 0xff, 0xd8, 0x68, 0x51, 0xff,
  0xde, 0x6d, 0x56, 0xff, 0xe3, 0x71, 0x59, 0xff, 0xe7, 0x74, 0x5b, 0xff,
  0xe9, 0x75, 0x5d, 0xff, 0xec, 0x76, 0x5d, 0xff, 0xec, 0x73, 0x58, 0xff,
  0xf9, 0xa9, 0x9a, 0xff, 0xf7, 0x9d, 0x8a, 0xff, 0xf6, 0x97, 0x83, 0xff,
  0xf6, 0x96, 0x82, 0xff, 0xf6, 0x96, 0x81, 0xff, 0xf6, 0x95, 0x81, 0xff,
  0xf6, 0x94, 0x80, 0xff, 0xf6, 0x93, 0x80, 0xff, 0xf7, 0x93, 0x7f, 0xff,
  0xf7, 0x94, 0x7f, 0xff, 0xf6, 0x93, 0x7f, 0xff, 0xf7, 0x92, 0x7d, 0xff,
  0xf6, 0x90, 0x7a, 0xff, 0xf6, 0x8e, 0x78, 0xff, 0xf4, 0x8d, 0x78, 0xff,
  0xaf, 0x65, 0x58, 0xff, 0x9a, 0x57, 0x4f, 0xff, 0x91, 0x51, 0x48, 0xff,
  0x7f, 0x42, 0x3a, 0xff, 0x79, 0x3d, 0x35, 0xff, 0x77, 0x3b, 0x33, 0xff,
  0x74, 0x39, 0x31, 0xff, 0x73, 0x38, 0x2f, 0xff, 0x71, 0x37, 0x2e, 0xff,
  0x6f, 0x36, 0x2c, 0xff, 0x6e, 0x34, 0x2c, 0xff, 0x6d, 0x34, 0x2b, 0xff,
  0x6d, 0x33, 0x2a, 0xff, 0x69, 0x31, 0x29, 0xff, 0x65, 0x2f, 0x26, 0xff,
  0x63, 0x2e, 0x26, 0xff, 0x5f, 0x2c, 0x23, 0xff, 0x4f, 0x22, 0x1a, 0xff,
  0x67, 0x2b, 0x1f, 0xff, 0x7e, 0x37, 0x2a, 0xff, 0x79, 0x34, 0x29, 0xff,
  0x75, 0x32, 0x26, 0xff, 0x76, 0x33, 0x27, 0xff, 0x6c, 0x2e, 0x24, 0xff,
  0x59, 0x25, 0x19, 0xff, 0x2b, 0x10, 0x0a, 0xff, 0x13, 0x00, 0x00, 0xff,
  0x4c, 0x1e, 0x15, 0xff, 0x63, 0x2f, 0x25, 0xff, 0x56, 0x23, 0x17, 0xff,
  0x4f, 0x19, 0x05, 0xff, 0x55, 0x1b, 0x06, 0xff, 0x59, 0x1d, 0x08, 0xff,
  0x6b, 0x24, 0x0d, 0xff, 0x86, 0x2f, 0x17, 0xff, 0x99, 0x37, 0x1f, 0xff,
  0xa5, 0x3a, 0x22, 0xff, 0xb0, 0x3f, 0x27, 0xff, 0xbe, 0x45, 0x2f, 0xff,
  0xcc, 0x4c, 0x38, 0xff, 0xde, 0x57, 0x47, 0xff, 0xef, 0x64, 0x58, 0xff,
  0xfa, 0x72, 0x6e, 0xff, 0xff, 0x81, 0x84, 0xff, 0xf8, 0x8b, 0x8b, 0xff,
  0xea, 0x7c, 0x6c, 0xff, 0xe9, 0x70, 0x50, 0xff, 0xf5, 0x79, 0x5f, 0xff,
  0xf5, 0x78, 0x62, 0xff, 0xea, 0x98, 0x8c, 0xff, 0xcb, 0x92, 0x8d, 0xff,
  0x6d, 0x31, 0x27, 0xff, 0x27, 0x03, 0x00, 0xff, 0x2d, 0x15, 0x13, 0xff,
  0xb2, 0x72, 0x6b, 0xff, 0xa0, 0x62, 0x5b, 0xff, 0x62, 0x29, 0x1f, 0xff,
  0x63, 0x2c, 0x22, 0xff, 0x5c, 0x28, 0x1f, 0xff, 0x4f, 0x1d, 0x12, 0xff,
  0x40, 0x15, 0x09, 0xff, 0x23, 0x05, 0x00, 0xff, 0x34, 0x0c, 0x03, 0xff,
  0x3a, 0x12, 0x08, 0xff, 0x40, 0x16, 0x0c, 0xff, 0x46, 0x19, 0x0f, 0xff,
  0x49, 0x1c, 0x12, 0xff, 0x4c, 0x1e, 0x15, 0xff, 0x4f, 0x20, 0x17, 0xff,
  0x50, 0x22, 0x18, 0xff, 0x51, 0x22, 0x19, 0xff, 0x51, 0x22, 0x19, 0xff,
  0x52, 0x23, 0x1a, 0xff, 0x53, 0x24, 0x1a, 0xff, 0x50, 0x22, 0x18, 0xff,
  0x49, 0x1d, 0x13, 0xff, 0x47, 0x1a, 0x0f, 0xff, 0x5d, 0x23, 0x16, 0xff,
  0x85, 0x36, 0x25, 0xff, 0x8d, 0x3b, 0x2a, 0xff, 0x98, 0x42, 0x2f, 0xff,
  0xa5, 0x48, 0x35, 0xff, 0xb3, 0x50, 0x3c, 0xff, 0xbd, 0x57, 0x42, 0xff,
  0xc6, 0x5d, 0x47, 0xff, 0xcf, 0x62, 0x4c, 0xff, 0xd8, 0x68, 0x50, 0xff,
  0xdf, 0x6d, 0x55, 0xff, 0xe4, 0x70, 0x58, 0xff, 0xe8, 0x73, 0x5a, 0xff,
  0xe9, 0x75, 0x5c, 0xff, 0xec, 0x76, 0x5d, 0xff, 0xec, 0x73, 0x58, 0xff,
  0xf9, 0xa8, 0x99, 0xff, 0xf7, 0x9c, 0x89, 0xff, 0xf6, 0x97, 0x83, 0xff,
  0xf6, 0x96, 0x82, 0xff, 0xf6, 0x96, 0x81, 0xff, 0xf6, 0x95, 0x81, 0xff,
  0xf6, 0x95, 0x80, 0xff, 0xf7, 0x94, 0x7f, 0xff, 0xf7, 0x94, 0x7f, 0xff,
  0xf7, 0x93, 0x7e, 0xff, 0xf6, 0x92, 0x7d, 0xff, 0xf7, 0x92, 0x7d, 0xff,
  0xf7, 0x90, 0x7b, 0xff, 0xf7, 0x8f, 0x79, 0xff, 0xf4, 0x8e, 0x78, 0xff,
  0xac, 0x62, 0x55, 0xff, 0x99, 0x57, 0x4f, 0xff, 0x8f, 0x4f, 0x47, 0xff,
  0x7e, 0x41, 0x38, 0xff, 0x78, 0x3d, 0x34, 0xff, 0x76, 0x3b, 0x32, 0xff,
  0x74, 0x39, 0x30, 0xff, 0x72, 0x38, 0x2f, 0xff, 0x71, 0x38, 0x30, 0xff,
  0x70, 0x36, 0x2d, 0xff, 0x6e, 0x35, 0x2b, 0xff, 0x6d, 0x35, 0x2c, 0xff,
  0x6b, 0x34, 0x2b, 0xff, 0x68, 0x31, 0x29, 0xff, 0x65, 0x2f, 0x26, 0xff,
  0x63, 0x2e, 0x25, 0xff, 0x60, 0x2c, 0x23, 0xff, 0x56, 0x26, 0x1e, 0xff,
  0x50, 0x20, 0x17, 0xff, 0x73, 0x30, 0x23, 0xff, 0x75, 0x32, 0x27, 0xff,
  0x74, 0x33, 0x28, 0xff, 0x72, 0x32, 0x26, 0xff, 0x71, 0x32, 0x27, 0xff,
  0x68, 0x2d, 0x23, 0xff, 0x5b, 0x26, 0x1a, 0xff, 0x21, 0x0b, 0x07, 0xff,
  0x1b, 0x03, 0x00, 0xff, 0x4f, 0x21, 0x17, 0xff, 0x66, 0x31, 0x27, 0xff,
  0x5f, 0x29, 0x1d, 0xff, 0x56, 0x1d, 0x0b, 0xff, 0x5a, 0x1c, 0x06, 0xff,
  0x5f, 0x1e, 0x09, 0xff, 0x66, 0x21, 0x0d, 0xff, 0x7b, 0x2a, 0x14, 0xff,
  0x96, 0x34, 0x1e, 0xff, 0xac, 0x3e, 0x28, 0xff, 0xbf, 0x46, 0x32, 0xff,
  0xd1, 0x4d, 0x3e, 0xff, 0xe0, 0x57, 0x4c, 0xff, 0xe6, 0x5f, 0x56, 0xff,
  0xe0, 0x61, 0x57, 0xff, 0xd6, 0x5e, 0x4c, 0xff, 0xd3, 0x5a, 0x3e, 0xff,
  0xde, 0x5e, 0x41, 0xff, 0xeb, 0x66, 0x52, 0xff, 0xed, 0x73, 0x63, 0xff,
  0xe8, 0x9c, 0x91, 0xff, 0xc8, 0x8f, 0x8a, 0xff, 0x70, 0x35, 0x2b, 0xff,
  0x2c, 0x06, 0x00, 0xff, 0x1a, 0x08, 0x06, 0xff, 0xa2, 0x67, 0x61, 0xff,
  0xb7, 0x78, 0x72, 0xff, 0x6b, 0x32, 0x29, 0xff, 0x61, 0x2a, 0x21, 0xff,
  0x61, 0x2b, 0x22, 0xff, 0x53, 0x21, 0x18, 0xff, 0x4b, 0x19, 0x0c, 0xff,
  0x2b, 0x09, 0x03, 0xff, 0x2b, 0x07, 0x00, 0xff, 0x38, 0x0f, 0x05, 0xff,
  0x3d, 0x13, 0x09, 0xff, 0x41, 0x16, 0x0c, 0xff, 0x45, 0x1a, 0x10, 0xff,
  0x4a, 0x1d, 0x13, 0xff, 0x4d, 0x1f, 0x15, 0xff, 0x4f, 0x21, 0x17, 0xff,
  0x51, 0x22, 0x19, 0xff, 0x51, 0x23, 0x19, 0xff, 0x52, 0x23, 0x1a, 0xff,
  0x52, 0x23, 0x19, 0xff, 0x52, 0x23, 0x19, 0xff, 0x4f, 0x21, 0x18, 0xff,
  0x49, 0x1d, 0x12, 0xff, 0x47, 0x1a, 0x0f, 0xff, 0x5f, 0x24, 0x16, 0xff,
  0x87, 0x37, 0x26, 0xff, 0x8e, 0x3c, 0x2a, 0xff, 0x99, 0x42, 0x2f, 0xff,
  0xa5, 0x48, 0x35, 0xff, 0xb3, 0x51, 0x3d, 0xff, 0xbf, 0x58, 0x42, 0xff,
  0xc8, 0x5e, 0x48, 0xff, 0xcf, 0x63, 0x4c, 0xff, 0xd7, 0x67, 0x50, 0xff,
  0xde, 0x6c, 0x54, 0xff, 0xe2, 0x6f, 0x58, 0xff, 0xe6, 0x72, 0x59, 0xff,
  0xe9, 0x74, 0x5b, 0xff, 0xec, 0x76, 0x5d, 0xff, 0xec, 0x73, 0x59, 0xff,
  0xf9, 0xa8, 0x9a, 0xff, 0xf7, 0x9c, 0x89, 0xff, 0xf6, 0x98, 0x84, 0xff,
  0xf6, 0x96, 0x81, 0xff, 0xf6, 0x95, 0x81, 0xff, 0xf6, 0x94, 0x80, 0xff,
  0xf6, 0x95, 0x80, 0xff, 0xf6, 0x94, 0x7f, 0xff, 0xf7, 0x93, 0x7e, 0xff,
  0xf6, 0x92, 0x7d, 0xff, 0xf7, 0x92, 0x7d, 0xff, 0xf7, 0x91, 0x7d, 0xff,
  0xf6, 0x90, 0x7a, 0xff, 0xf7, 0x8f, 0x79, 0xff, 0xf4, 0x8e, 0x78, 0xff,
  0xaa, 0x60, 0x54, 0xff, 0x97, 0x56, 0x4e, 0xff, 0x8d, 0x4e, 0x46, 0xff,
  0x7b, 0x3f, 0x37, 0xff, 0x76, 0x3b, 0x32, 0xff, 0x75, 0x3a, 0x31, 0xff,
  0x72, 0x38, 0x2f, 0xff, 0x71, 0x37, 0x2f, 0xff, 0x6f, 0x36, 0x2e, 0xff,
  0x6e, 0x35, 0x2c, 0xff, 0x6e, 0x35, 0x2c, 0xff, 0x6c, 0x34, 0x2c, 0xff,
  0x68, 0x32, 0x2a, 0xff, 0x68, 0x32, 0x29, 0xff, 0x66, 0x2f, 0x27, 0xff,
  0x62, 0x2d, 0x25, 0xff, 0x60, 0x2c, 0x23, 0xff, 0x5c, 0x29, 0x20, 0xff,
  0x4a, 0x1f, 0x17, 0xff, 0x59, 0x23, 0x19, 0xff, 0x6f, 0x2e, 0x22, 0xff,
  0x6f, 0x30, 0x26, 0xff, 0x70, 0x31, 0x26, 0xff, 0x6f, 0x31, 0x26, 0xff,
  0x70, 0x32, 0x28, 0xff, 0x6b, 0x30, 0x25, 0xff, 0x5e, 0x28, 0x1c, 0xff,
  0x21, 0x0b, 0x07, 0xff, 0x1c, 0x02, 0x00, 0xff, 0x4d, 0x1e, 0x14, 0xff,
  0x68, 0x31, 0x28, 0xff, 0x6c, 0x33, 0x29, 0xff, 0x66, 0x29, 0x19, 0xff,
  0x62, 0x20, 0x0c, 0xff, 0x67, 0x1f, 0x0a, 0xff, 0x6d, 0x23, 0x0d, 0xff,
  0x73, 0x25, 0x11, 0xff, 0x7f, 0x2a, 0x15, 0xff, 0x8e, 0x30, 0x19, 0xff,
  0x99, 0x33, 0x1e, 0xff, 0xa4, 0x39, 0x23, 0xff, 0xaa, 0x3b, 0x24, 0xff,
  0xb1, 0x3e, 0x24, 0xff, 0xc0, 0x45, 0x2a, 0xff, 0xd0, 0x4d, 0x34, 0xff,
  0xdc, 0x5b, 0x46, 0xff, 0xe1, 0x78, 0x6b, 0xff, 0xdd, 0x99, 0x93, 0xff,
  0xb4, 0x7b, 0x76, 0xff, 0x68, 0x2c, 0x22, 0xff, 0x2a, 0x04, 0x00, 0xff,
  0x17, 0x06, 0x04, 0xff, 0x90, 0x5b, 0x56, 0xff, 0xc1, 0x7f, 0x7b, 0xff,
  0x7a, 0x3f, 0x38, 0xff, 0x5d, 0x26, 0x1d, 0xff, 0x60, 0x2a, 0x21, 0xff,
  0x5a, 0x26, 0x1d, 0xff, 0x4d, 0x1c, 0x10, 0xff, 0x3a, 0x11, 0x07, 0xff,
  0x23, 0x04, 0x00, 0xff, 0x35, 0x0c, 0x03, 0xff, 0x3a, 0x10, 0x07, 0xff,
  0x3f, 0x15, 0x0b, 0xff, 0x43, 0x18, 0x0e, 0xff, 0x47, 0x1b, 0x11, 0xff,
  0x4c, 0x1e, 0x14, 0xff, 0x4f, 0x20, 0x17, 0xff, 0x50, 0x21, 0x18, 0xff,
  0x51, 0x22, 0x19, 0xff, 0x52, 0x23, 0x19, 0xff, 0x53, 0x24, 0x1b, 0xff,
  0x53, 0x24, 0x1a, 0xff, 0x52, 0x22, 0x19, 0xff, 0x4f, 0x21, 0x17, 0xff,
  0x48, 0x1c, 0x12, 0xff, 0x47, 0x1b, 0x10, 0xff, 0x60, 0x25, 0x17, 0xff,
  0x88, 0x37, 0x26, 0xff, 0x8f, 0x3c, 0x2a, 0xff, 0x9b, 0x42, 0x2f, 0xff,
  0xa6, 0x49, 0x35, 0xff, 0xb2, 0x50, 0x3c, 0xff, 0xbe, 0x57, 0x41, 0xff,
  0xc8, 0x5d, 0x47, 0xff, 0xcf, 0x63, 0x4c, 0xff, 0xd8, 0x68, 0x51, 0xff,
  0xde, 0x6c, 0x54, 0xff, 0xe2, 0x6f, 0x57, 0xff, 0xe6, 0x72, 0x5a, 0xff,
  0xe9, 0x75, 0x5c, 0xff, 0xed, 0x77, 0x5d, 0xff, 0xeb, 0x72, 0x58, 0xff,
  0xf9, 0xa9, 0x9b, 0xff, 0xf7, 0x9c, 0x89, 0xff, 0xf6, 0x97, 0x83, 0xff,
  0xf6, 0x95, 0x81, 0xff, 0xf6, 0x95, 0x80, 0xff, 0xf6, 0x94, 0x80, 0xff,
  0xf5, 0x94, 0x80, 0xff, 0xf5, 0x94, 0x7f, 0xff, 0xf6, 0x92, 0x7d, 0xff,
  0xf7, 0x92, 0x7d, 0xff, 0xf7, 0x92, 0x7d, 0xff, 0xf7, 0x91, 0x7c, 0xff,
  0xf6, 0x90, 0x7a, 0xff, 0xf6, 0x8e, 0x78, 0xff, 0xf4, 0x8c, 0x77, 0xff,
  0xaa, 0x5f, 0x53, 0xff, 0x94, 0x53, 0x4b, 0xff, 0x8b, 0x4e, 0x46, 0xff,
  0x7a, 0x3f, 0x36, 0xff, 0x75, 0x3a, 0x31, 0xff, 0x71, 0x37, 0x2f, 0xff,
  0x70, 0x36, 0x2d, 0xff, 0x6e, 0x35, 0x2d, 0xff, 0x6e, 0x35, 0x2c, 0xff,
  0x6d, 0x34, 0x2c, 0xff, 0x6c, 0x32, 0x2a, 0xff, 0x69, 0x32, 0x29, 0xff,
  0x67, 0x32, 0x29, 0xff, 0x67, 0x30, 0x28, 0xff, 0x64, 0x2f, 0x26, 0xff,
  0x63, 0x2e, 0x25, 0xff, 0x60, 0x2c, 0x23, 0xff, 0x5d, 0x2a, 0x21, 0xff,
  0x56, 0x27, 0x1e, 0xff, 0x45, 0x1c, 0x14, 0xff, 0x60, 0x26, 0x1b, 0xff,
  0x68, 0x2b, 0x20, 0xff, 0x6d, 0x2f, 0x24, 0xff, 0x6d, 0x30, 0x25, 0xff,
  0x6c, 0x30, 0x26, 0xff, 0x6f, 0x32, 0x27, 0xff, 0x6d, 0x31, 0x26, 0xff,
  0x66, 0x2d, 0x22, 0xff, 0x2c, 0x12, 0x0d, 0xff, 0x17, 0x00, 0x00, 0xff,
  0x3e, 0x14, 0x0b, 0xff, 0x64, 0x2e, 0x23, 0xff, 0x75, 0x39, 0x30, 0xff,
  0x77, 0x38, 0x2e, 0xff, 0x75, 0x32, 0x23, 0xff, 0x74, 0x2b, 0x19, 0xff,
  0x78, 0x28, 0x13, 0xff, 0x80, 0x28, 0x12, 0xff, 0x87, 0x29, 0x14, 0xff,
  0x91, 0x2d, 0x16, 0xff, 0x9a, 0x30, 0x19, 0xff, 0xa7, 0x36, 0x20, 0xff,
  0xb4, 0x3e, 0x29, 0xff, 0xc0, 0x4d, 0x3b, 0xff, 0xcb, 0x67, 0x58, 0xff,
  0xd0, 0x83, 0x7a, 0xff, 0xc2, 0x87, 0x82, 0xff, 0x90, 0x56, 0x4e, 0xff,
  0x4f, 0x19, 0x0e, 0xff, 0x1e, 0x00, 0x00, 0xff, 0x20, 0x0b, 0x0a, 0xff,
  0x93, 0x5d, 0x58, 0xff, 0xc4, 0x83, 0x7e, 0xff, 0x82, 0x46, 0x3f, 0xff,
  0x5f, 0x27, 0x1e, 0xff, 0x60, 0x2b, 0x22, 0xff, 0x5b, 0x27, 0x1e, 0xff,
  0x4e, 0x1d, 0x12, 0xff, 0x46, 0x17, 0x0a, 0xff, 0x23, 0x06, 0x01, 0xff,
  0x2f, 0x09, 0x01, 0xff, 0x37, 0x0f, 0x05, 0xff, 0x3c, 0x13, 0x09, 0xff,
  0x40, 0x16, 0x0c, 0xff, 0x44, 0x19, 0x0f, 0xff, 0x49, 0x1c, 0x12, 0xff,
  0x4c, 0x1e, 0x14, 0xff, 0x4f, 0x21, 0x17, 0xff, 0x52, 0x23, 0x19, 0xff,
  0x52, 0x23, 0x19, 0xff, 0x52, 0x23, 0x1a, 0xff, 0x54, 0x24, 0x1b, 0xff,
  0x54, 0x24, 0x1a, 0xff, 0x52, 0x23, 0x19, 0xff, 0x4f, 0x21, 0x17, 0xff,
  0x49, 0x1c, 0x12, 0xff, 0x48, 0x1a, 0x0f, 0xff, 0x5f, 0x25, 0x17, 0xff,
  0x87, 0x37, 0x26, 0xff, 0x90, 0x3c, 0x2a, 0xff, 0x9b, 0x42, 0x2f, 0xff,
  0xa7, 0x49, 0x35, 0xff, 0xb3, 0x50, 0x3b, 0xff, 0xbc, 0x56, 0x41, 0xff,
  0xc6, 0x5c, 0x46, 0xff, 0xd0, 0x63, 0x4c, 0xff, 0xd7, 0x68, 0x50, 0xff,
  0xde, 0x6c, 0x53, 0xff, 0xe3, 0x70, 0x56, 0xff, 0xe8, 0x73, 0x5a, 0xff,
  0xea, 0x75, 0x5b, 0xff, 0xec, 0x76, 0x5c, 0xff, 0xeb, 0x71, 0x57, 0xff,
  0xf9, 0xa9, 0x9a, 0xff, 0xf6, 0x9b, 0x87, 0xff, 0xf6, 0x97, 0x82, 0xff,
  0xf6, 0x95, 0x81, 0xff, 0xf6, 0x94, 0x80, 0xff, 0xf5, 0x93, 0x7f, 0xff,
  0xf5, 0x93, 0x7f, 0xff, 0xf5, 0x92, 0x7e, 0xff, 0xf5, 0x92, 0x7e, 0xff,
  0xf6, 0x91, 0x7c, 0xff, 0xf7, 0x91, 0x7d, 0xff, 0xf7, 0x91, 0x7c, 0xff,
  0xf6, 0x8f, 0x7a, 0xff, 0xf7, 0x8e, 0x78, 0xff, 0xf4, 0x8c, 0x76, 0xff,
  0xa5, 0x5c, 0x4f, 0xff, 0x91, 0x52, 0x4a, 0xff, 0x89, 0x4b, 0x43, 0xff,
  0x77, 0x3c, 0x33, 0xff, 0x72, 0x38, 0x2f, 0xff, 0x6f, 0x36, 0x2d, 0xff,
  0x6d, 0x34, 0x2b, 0xff, 0x6d, 0x34, 0x2b, 0xff, 0x6e, 0x35, 0x2b, 0xff,
  0x6d, 0x34, 0x2b, 0xff, 0x69, 0x32, 0x29, 0xff, 0x67, 0x30, 0x27, 0xff,
  0x68, 0x31, 0x29, 0xff, 0x66, 0x30, 0x29, 0xff, 0x63, 0x2e, 0x25, 0xff,
  0x62, 0x2e, 0x25, 0xff, 0x61, 0x2d, 0x25, 0xff, 0x5d, 0x2a, 0x22, 0xff,
  0x59, 0x27, 0x1f, 0xff, 0x4e, 0x22, 0x19, 0xff, 0x44, 0x1a, 0x11, 0xff,
  0x5f, 0x25, 0x1a, 0xff, 0x61, 0x28, 0x1e, 0xff, 0x6a, 0x2e, 0x24, 0xff,
  0x6b, 0x2f, 0x25, 0xff, 0x67, 0x2d, 0x23, 0xff, 0x6a, 0x2e, 0x24, 0xff,
  0x71, 0x33, 0x29, 0xff, 0x70, 0x35, 0x2a, 0xff, 0x44, 0x1e, 0x18, 0xff,
  0x17, 0x03, 0x00, 0xff, 0x22, 0x04, 0x00, 0xff, 0x47, 0x1a, 0x11, 0xff,
  0x66, 0x2f, 0x26, 0xff, 0x79, 0x3e, 0x36, 0xff, 0x86, 0x45, 0x3b, 0xff,
  0x8a, 0x46, 0x3b, 0xff, 0x8e, 0x45, 0x39, 0xff, 0x94, 0x46, 0x39, 0xff,
  0x97, 0x47, 0x3a, 0xff, 0xa2, 0x50, 0x44, 0xff, 0xaa, 0x5a, 0x4f, 0xff,
  0xb2, 0x66, 0x5d, 0xff, 0xb1, 0x6f, 0x68, 0xff, 0xa7, 0x6b, 0x65, 0xff,
  0x89, 0x4f, 0x47, 0xff, 0x5a, 0x23, 0x19, 0xff, 0x2f, 0x05, 0x00, 0xff,
  0x14, 0x00, 0x00, 0xff, 0x3c, 0x20, 0x1e, 0xff, 0xa8, 0x6d, 0x67, 0xff,
  0xc1, 0x81, 0x7c, 0xff, 0x7e, 0x45, 0x3d, 0xff, 0x60, 0x28, 0x1f, 0xff,
  0x63, 0x2c, 0x23, 0xff, 0x5c, 0x28, 0x1f, 0xff, 0x4d, 0x1e, 0x14, 0xff,
  0x4b, 0x18, 0x0a, 0xff, 0x29, 0x0a, 0x04, 0xff, 0x27, 0x05, 0x00, 0xff,
  0x35, 0x0d, 0x03, 0xff, 0x39, 0x10, 0x07, 0xff, 0x3e, 0x14, 0x0a, 0xff,
  0x42, 0x17, 0x0d, 0xff, 0x46, 0x1a, 0x10, 0xff, 0x49, 0x1c, 0x12, 0xff,
  0x4b, 0x1e, 0x14, 0xff, 0x4e, 0x20, 0x16, 0xff, 0x51, 0x21, 0x18, 0xff,
  0x52, 0x23, 0x19, 0xff, 0x52, 0x23, 0x1a, 0xff, 0x53, 0x24, 0x1a, 0xff,
  0x53, 0x23, 0x1a, 0xff, 0x51, 0x23, 0x19, 0xff, 0x4d, 0x20, 0x17, 0xff,
  0x49, 0x1c, 0x12, 0xff, 0x47, 0x1a, 0x0f, 0xff, 0x60, 0x25, 0x17, 0xff,
  0x88, 0x39, 0x27, 0xff, 0x8f, 0x3d, 0x2b, 0xff, 0x9c, 0x43, 0x2f, 0xff,
  0xa8, 0x48, 0x34, 0xff, 0xb2, 0x4f, 0x3a, 0xff, 0xbd, 0x56, 0x40, 0xff,
  0xc7, 0x5c, 0x46, 0xff, 0xd0, 0x62, 0x4b, 0xff, 0xd8, 0x68, 0x50, 0xff,
  0xdf, 0x6c, 0x54, 0xff, 0xe4, 0x6f, 0x56, 0xff, 0xe7, 0x72, 0x59, 0xff,
  0xe9, 0x74, 0x5a, 0xff, 0xed, 0x75, 0x5b, 0xff, 0xea, 0x70, 0x55, 0xff,
  0xfa, 0xab, 0x9c, 0xff, 0xf6, 0x99, 0x86, 0xff, 0xf6, 0x97, 0x82, 0xff,
  0xf6, 0x95, 0x80, 0xff, 0xf5, 0x93, 0x7f, 0xff, 0xf5, 0x93, 0x7e, 0xff,
  0xf5, 0x93, 0x7e, 0xff, 0xf5, 0x93, 0x7e, 0xff, 0xf5, 0x92, 0x7e, 0xff,
  0xf6, 0x92, 0x7d, 0xff, 0xf7, 0x92, 0x7d, 0xff, 0xf7, 0x91, 0x7c, 0xff,
  0xf6, 0x8f, 0x7a, 0xff, 0xf7, 0x8e, 0x78, 0xff, 0xf5, 0x8c, 0x77, 0xff,
  0xa5, 0x5b, 0x4e, 0xff, 0x8e, 0x4f, 0x46, 0xff, 0x87, 0x4a, 0x42, 0xff,
  0x76, 0x3c, 0x33, 0xff, 0x70, 0x37, 0x2e, 0xff, 0x6d, 0x35, 0x2b, 0xff,
  0x6c, 0x34, 0x2c, 0xff, 0x6c, 0x34, 0x2b, 0xff, 0x6c, 0x34, 0x2b, 0xff,
  0x6a, 0x33, 0x2b, 0xff, 0x68, 0x32, 0x29, 0xff, 0x66, 0x30, 0x28, 0xff,
  0x67, 0x30, 0x27, 0xff, 0x66, 0x2f, 0x26, 0xff, 0x63, 0x2e, 0x25, 0xff,
  0x62, 0x2d, 0x24, 0xff, 0x61, 0x2c, 0x23, 0xff, 0x5e, 0x2b, 0x23, 0xff,
  0x5a, 0x28, 0x20, 0xff, 0x54, 0x25, 0x1c, 0xff, 0x46, 0x1d, 0x14, 0xff,
  0x42, 0x17, 0x0e, 0xff, 0x59, 0x22, 0x17, 0xff, 0x5e, 0x26, 0x1c, 0xff,
  0x65, 0x2c, 0x22, 0xff, 0x65, 0x2b, 0x22, 0xff, 0x65, 0x2b, 0x22, 0xff,
  0x67, 0x2d, 0x24, 0xff, 0x71, 0x34, 0x2a, 0xff, 0x7e, 0x3c, 0x30, 0xff,
  0x68, 0x33, 0x29, 0xff, 0x34, 0x16, 0x11, 0xff, 0x15, 0x01, 0x00, 0xff,
  0x1e, 0x02, 0x00, 0xff, 0x37, 0x10, 0x09, 0xff, 0x51, 0x21, 0x18, 0xff,
  0x65, 0x2e, 0x25, 0xff, 0x72, 0x39, 0x31, 0xff, 0x7c, 0x41, 0x39, 0xff,
  0x82, 0x45, 0x3d, 0xff, 0x83, 0x48, 0x40, 0xff, 0x80, 0x47, 0x3f, 0xff,
  0x72, 0x3b, 0x33, 0xff, 0x5f, 0x2b, 0x22, 0xff, 0x41, 0x14, 0x0b, 0xff,
  0x24, 0x02, 0x00, 0xff, 0x14, 0x00, 0x00, 0xff, 0x26, 0x11, 0x0f, 0xff,
  0x75, 0x48, 0x44, 0xff, 0xc1, 0x7f, 0x79, 0xff, 0xaf, 0x72, 0x6c, 0xff,
  0x72, 0x38, 0x30, 0xff, 0x5f, 0x28, 0x1e, 0xff, 0x61, 0x2b, 0x22, 0xff,
  0x5d, 0x29, 0x20, 0xff, 0x4f, 0x1f, 0x15, 0xff, 0x4c, 0x18, 0x0a, 0xff,
  0x30, 0x0d, 0x05, 0xff, 0x20, 0x02, 0x00, 0xff, 0x33, 0x0b, 0x01, 0xff,
  0x37, 0x0f, 0x04, 0xff, 0x3c, 0x13, 0x09, 0xff, 0x41, 0x16, 0x0c, 0xff,
  0x44, 0x18, 0x0e, 0xff, 0x47, 0x1b, 0x11, 0xff, 0x4a, 0x1d, 0x13, 0xff,
  0x4c, 0x1f, 0x15, 0xff, 0x4f, 0x21, 0x17, 0xff, 0x51, 0x22, 0x18, 0xff,
  0x51, 0x22, 0x19, 0xff, 0x52, 0x23, 0x1a, 0xff, 0x54, 0x24, 0x1a, 0xff,
  0x52, 0x23, 0x1a, 0xff, 0x50, 0x22, 0x1a, 0xff, 0x4d, 0x20, 0x17, 0xff,
  0x47, 0x1c, 0x12, 0xff, 0x48, 0x1a, 0x0f, 0xff, 0x62, 0x26, 0x17, 0xff,
  0x87, 0x38, 0x26, 0xff, 0x8f, 0x3e, 0x2c, 0xff, 0x9b, 0x44, 0x30, 0xff,
  0xa7, 0x49, 0x35, 0xff, 0xb4, 0x50, 0x3b, 0xff, 0xbe, 0x57, 0x41, 0xff,
  0xc8, 0x5c, 0x46, 0xff, 0xd1, 0x62, 0x4b, 0xff, 0xd9, 0x67, 0x4f, 0xff,
  0xdf, 0x6d, 0x54, 0xff, 0xe4, 0x70, 0x57, 0xff, 0xe7, 0x71, 0x58, 0xff,
  0xea, 0x73, 0x5a, 0xff, 0xed, 0x75, 0x5b, 0xff, 0xe7, 0x6e, 0x53, 0xff,
  0xfa, 0xad, 0x9d, 0xff, 0xf6, 0x99, 0x85, 0xff, 0xf6, 0x96, 0x81, 0xff,
  0xf5, 0x94, 0x7f, 0xff, 0xf5, 0x93, 0x7f, 0xff, 0xf5, 0x93, 0x7f, 0xff,
  0xf5, 0x93, 0x7f, 0xff, 0xf5, 0x93, 0x7e, 0xff, 0xf6, 0x93, 0x7e, 0xff,
  0xf6, 0x92, 0x7e, 0xff, 0xf7, 0x91, 0x7c, 0xff, 0xf6, 0x91, 0x7b, 0xff,
  0xf6, 0x8f, 0x7a, 0xff, 0xf7, 0x8d, 0x78, 0xff, 0xf6, 0x8d, 0x78, 0xff,
  0xaa, 0x5e, 0x51, 0xff, 0x8c, 0x4d, 0x44, 0xff, 0x85, 0x48, 0x40, 0xff,
  0x74, 0x3a, 0x32, 0xff, 0x70, 0x37, 0x2e, 0xff, 0x6e, 0x35, 0x2c, 0xff,
  0x6b, 0x34, 0x2b, 0xff, 0x6a, 0x32, 0x29, 0xff, 0x69, 0x32, 0x29, 0xff,
  0x68, 0x31, 0x29, 0xff, 0x65, 0x30, 0x28, 0xff, 0x66, 0x31, 0x29, 0xff,
  0x65, 0x30, 0x27, 0xff, 0x64, 0x2e, 0x25, 0xff, 0x62, 0x2e, 0x25, 0xff,
  0x62, 0x2d, 0x25, 0xff, 0x62, 0x2d, 0x23, 0xff, 0x5f, 0x2c, 0x23, 0xff,
  0x5c, 0x29, 0x21, 0xff, 0x57, 0x26, 0x1d, 0xff, 0x51, 0x23, 0x1a, 0xff,
  0x40, 0x18, 0x10, 0xff, 0x40, 0x15, 0x0c, 0xff, 0x54, 0x1f, 0x14, 0xff,
  0x57, 0x22, 0x18, 0xff, 0x61, 0x2a, 0x20, 0xff, 0x64, 0x2b, 0x22, 0xff,
  0x64, 0x2b, 0x21, 0xff, 0x65, 0x2b, 0x22, 0xff, 0x6d, 0x31, 0x27, 0xff,
  0x80, 0x3e, 0x33, 0xff, 0x8a, 0x45, 0x3a, 0xff, 0x6d, 0x38, 0x30, 0xff,
  0x41, 0x1f, 0x1a, 0xff, 0x20, 0x09, 0x07, 0xff, 0x12, 0x00, 0x00, 0xff,
  0x14, 0x00, 0x00, 0xff, 0x1e, 0x00, 0x00, 0xff, 0x24, 0x03, 0x00, 0xff,
  0x28, 0x05, 0x00, 0xff, 0x25, 0x03, 0x00, 0xff, 0x1f, 0x00, 0x00, 0xff,
  0x18, 0x00, 0x00, 0xff, 0x11, 0x00, 0x00, 0xff, 0x17, 0x04, 0x02, 0xff,
  0x37, 0x1d, 0x1a, 0xff, 0x72, 0x46, 0x41, 0xff, 0xb1, 0x72, 0x6b, 0xff,
  0xbc, 0x7b, 0x73, 0xff, 0x90, 0x55, 0x4e, 0xff, 0x63, 0x2b, 0x22, 0xff,
  0x5e, 0x28, 0x1e, 0xff, 0x62, 0x2b, 0x22, 0xff, 0x5c, 0x28, 0x1f, 0xff,
  0x4e, 0x1f, 0x15, 0xff, 0x4d, 0x19, 0x0a, 0xff, 0x33, 0x0e, 0x05, 0xff,
  0x1e, 0x02, 0x00, 0xff, 0x2f, 0x09, 0x01, 0xff, 0x35, 0x0d, 0x03, 0xff,
  0x3a, 0x12, 0x07, 0xff, 0x3f, 0x15, 0x0a, 0xff, 0x43, 0x18, 0x0d, 0xff,
  0x46, 0x1a, 0x10, 0xff, 0x49, 0x1c, 0x12, 0xff, 0x4c, 0x1e, 0x14, 0xff,
  0x4e, 0x1f, 0x16, 0xff, 0x50, 0x21, 0x18, 0xff, 0x52, 0x23, 0x1a, 0xff,
  0x52, 0x23, 0x1a, 0xff, 0x53, 0x23, 0x1a, 0xff, 0x53, 0x24, 0x1a, 0xff,
  0x52, 0x23, 0x1a, 0xff, 0x50, 0x22, 0x19, 0xff, 0x4c, 0x1f, 0x16, 0xff,
  0x47, 0x1c, 0x11, 0xff, 0x48, 0x1b, 0x0f, 0xff, 0x63, 0x26, 0x18, 0xff,
  0x87, 0x37, 0x25, 0xff, 0x90, 0x3d, 0x2b, 0xff, 0x9c, 0x44, 0x31, 0xff,
  0xa7, 0x49, 0x35, 0xff, 0xb4, 0x50, 0x3b, 0xff, 0xc0, 0x57, 0x41, 0xff,
  0xc9, 0x5d, 0x46, 0xff, 0xd1, 0x62, 0x4a, 0xff, 0xd8, 0x67, 0x4f, 0xff,
  0xde, 0x6c, 0x54, 0xff, 0xe3, 0x70, 0x57, 0xff, 0xe7, 0x71, 0x58, 0xff,
  0xea, 0x73, 0x59, 0xff, 0xee, 0x75, 0x5c, 0xff, 0xe6, 0x6c, 0x52, 0xff,
  0xfa, 0xae, 0x9e, 0xff, 0xf6, 0x98, 0x84, 0xff, 0xf6, 0x95, 0x80, 0xff,
  0xf6, 0x93, 0x7e, 0xff, 0xf6, 0x93, 0x7e, 0xff, 0xf6, 0x93, 0x7f, 0xff,
  0xf6, 0x94, 0x7f, 0xff, 0xf6, 0x93, 0x7e, 0xff, 0xf6, 0x92, 0x7e, 0xff,
  0xf6, 0x92, 0x7d, 0xff, 0xf6, 0x90, 0x7b, 0xff, 0xf6, 0x90, 0x7b, 0xff,
  0xf6, 0x8f, 0x79, 0xff, 0xf6, 0x8e, 0x78, 0xff, 0xf7, 0x8e, 0x78, 0xff,
  0xaa, 0x5d, 0x4f, 0xff, 0x87, 0x49, 0x40, 0xff, 0x81, 0x45, 0x3d, 0xff,
  0x74, 0x3a, 0x32, 0xff, 0x6e, 0x35, 0x2c, 0xff, 0x6c, 0x34, 0x2c, 0xff,
  0x6a, 0x32, 0x2a, 0xff, 0x69, 0x32, 0x29, 0xff, 0x68, 0x31, 0x27, 0xff,
  0x67, 0x31, 0x28, 0xff, 0x65, 0x30, 0x27, 0xff, 0x65, 0x30, 0x28, 0xff,
  0x65, 0x30, 0x28, 0xff, 0x63, 0x2e, 0x25, 0xff, 0x62, 0x2e, 0x25, 0xff,
  0x62, 0x2e, 0x25, 0xff, 0x60, 0x2d, 0x24, 0xff, 0x5f, 0x2b, 0x22, 0xff,
  0x5c, 0x2a, 0x21, 0xff, 0x59, 0x28, 0x1f, 0xff, 0x54, 0x25, 0x1c, 0xff,
  0x4e, 0x21, 0x18, 0xff, 0x3c, 0x15, 0x0d, 0xff, 0x3a, 0x12, 0x09, 0xff,
  0x50, 0x1b, 0x10, 0xff, 0x55, 0x21, 0x16, 0xff, 0x5d, 0x28, 0x1e, 0xff,
  0x63, 0x2b, 0x22, 0xff, 0x64, 0x2c, 0x22, 0xff, 0x62, 0x2a, 0x21, 0xff,
  0x65, 0x2c, 0x23, 0xff, 0x71, 0x35, 0x2b, 0xff, 0x85, 0x42, 0x38, 0xff,
  0x94, 0x4e, 0x44, 0xff, 0x8e, 0x4c, 0x43, 0xff, 0x77, 0x41, 0x39, 0xff,
  0x5d, 0x33, 0x2e, 0xff, 0x49, 0x27, 0x23, 0xff, 0x3d, 0x1f, 0x1c, 0xff,
  0x37, 0x1c, 0x19, 0xff, 0x3b, 0x1e, 0x1b, 0xff, 0x44, 0x25, 0x22, 0xff,
  0x59, 0x34, 0x31, 0xff, 0x78, 0x49, 0x44, 0xff, 0x9d, 0x63, 0x5d, 0xff,
  0xb9, 0x76, 0x6f, 0xff, 0xb5, 0x71, 0x6a, 0xff, 0x93, 0x56, 0x4e, 0xff,
  0x6c, 0x33, 0x2b, 0xff, 0x5d, 0x26, 0x1c, 0xff, 0x5f, 0x29, 0x20, 0xff,
  0x60, 0x2b, 0x22, 0xff, 0x59, 0x27, 0x1e, 0xff, 0x4e, 0x1d, 0x13, 0xff,
  0x4c, 0x18, 0x09, 0xff, 0x31, 0x0d, 0x05, 0xff, 0x1e, 0x02, 0x00, 0xff,
  0x2e, 0x08, 0x00, 0xff, 0x34, 0x0d, 0x03, 0xff, 0x39, 0x11, 0x06, 0xff,
  0x3d, 0x14, 0x09, 0xff, 0x42, 0x16, 0x0c, 0xff, 0x46, 0x19, 0x0f, 0xff,
  0x48, 0x1c, 0x12, 0xff, 0x4b, 0x1e, 0x14, 0xff, 0x4d, 0x1f, 0x15, 0xff,
  0x4f, 0x20, 0x17, 0xff, 0x52, 0x22, 0x19, 0xff, 0x53, 0x23, 0x1a, 0xff,
  0x54, 0x23, 0x1a, 0xff, 0x54, 0x24, 0x1a, 0xff, 0x53, 0x24, 0x1a, 0xff,
  0x52, 0x23, 0x1a, 0xff, 0x51, 0x23, 0x19, 0xff, 0x4d, 0x1f, 0x15, 0xff,
  0x47, 0x1b, 0x11, 0xff, 0x49, 0x1b, 0x0f, 0xff, 0x66, 0x28, 0x19, 0xff,
  0x8b, 0x39, 0x28, 0xff, 0x92, 0x3e, 0x2b, 0xff, 0x9d, 0x43, 0x30, 0xff,
  0xa8, 0x49, 0x34, 0xff, 0xb3, 0x4f, 0x3a, 0xff, 0xbf, 0x57, 0x41, 0xff,
  0xc9, 0x5d, 0x46, 0xff, 0xd0, 0x62, 0x4a, 0xff, 0xd8, 0x68, 0x4f, 0xff,
  0xdd, 0x6c, 0x54, 0xff, 0xe2, 0x6f, 0x56, 0xff, 0xe7, 0x71, 0x58, 0xff,
  0xea, 0x73, 0x59, 0xff, 0xee, 0x75, 0x5b, 0xff, 0xe3, 0x6a, 0x50, 0xff,
  0xfa, 0xad, 0x9e, 0xff, 0xf6, 0x97, 0x84, 0xff, 0xf6, 0x95, 0x80, 0xff,
  0xf5, 0x93, 0x7e, 0xff, 0xf5, 0x94, 0x7f, 0xff, 0xf5, 0x94, 0x7f, 0xff,
  0xf6, 0x93, 0x7f, 0xff, 0xf6, 0x93, 0x7d, 0xff, 0xf5, 0x91, 0x7c, 0xff,
  0xf5, 0x90, 0x7b, 0xff, 0xf5, 0x90, 0x7b, 0xff, 0xf5, 0x90, 0x7a, 0xff,
  0xf6, 0x8f, 0x79, 0xff, 0xf5, 0x8e, 0x78, 0xff, 0xf8, 0x8f, 0x7a, 0xff,
  0xaa, 0x5c, 0x4e, 0xff, 0x80, 0x42, 0x39, 0xff, 0x7e, 0x42, 0x3a, 0xff,
  0x73, 0x39, 0x30, 0xff, 0x6b, 0x34, 0x2b, 0xff, 0x6a, 0x33, 0x2a, 0xff,
  0x68, 0x32, 0x29, 0xff, 0x68, 0x31, 0x28, 0xff, 0x67, 0x31, 0x27, 0xff,
  0x67, 0x31, 0x28, 0xff, 0x65, 0x2f, 0x26, 0xff, 0x64, 0x2f, 0x26, 0xff,
  0x64, 0x2f, 0x27, 0xff, 0x63, 0x2e, 0x26, 0xff, 0x62, 0x2e, 0x25, 0xff,
  0x62, 0x2e, 0x25, 0xff, 0x62, 0x2d, 0x24, 0xff, 0x61, 0x2d, 0x24, 0xff,
  0x5e, 0x2b, 0x22, 0xff, 0x5b, 0x29, 0x20, 0xff, 0x58, 0x27, 0x1e, 0xff,
  0x52, 0x24, 0x1b, 0xff, 0x4a, 0x1f, 0x16, 0xff, 0x3c, 0x15, 0x0c, 0xff,
  0x34, 0x0f, 0x07, 0xff, 0x48, 0x17, 0x0c, 0xff, 0x52, 0x1e, 0x12, 0xff,
  0x58, 0x24, 0x1a, 0xff, 0x61, 0x2a, 0x21, 0xff, 0x63, 0x2c, 0x22, 0xff,
  0x62, 0x2b, 0x21, 0xff, 0x5f, 0x29, 0x1f, 0xff, 0x62, 0x2b, 0x21, 0xff,
  0x6a, 0x32, 0x29, 0xff, 0x7b, 0x3e, 0x34, 0xff, 0x8d, 0x4a, 0x41, 0xff,
  0x9e, 0x56, 0x4d, 0xff, 0xa4, 0x5d, 0x54, 0xff, 0xa7, 0x60, 0x59, 0xff,
  0xab, 0x65, 0x5d, 0xff, 0xaf, 0x69, 0x60, 0xff, 0xb2, 0x6c, 0x64, 0xff,
  0xb1, 0x69, 0x62, 0xff, 0xab, 0x66, 0x5f, 0xff, 0x99, 0x59, 0x52, 0xff,
  0x7d, 0x42, 0x3a, 0xff, 0x66, 0x2e, 0x26, 0xff, 0x5b, 0x25, 0x1b, 0xff,
  0x5d, 0x27, 0x1e, 0xff, 0x61, 0x2b, 0x22, 0xff, 0x5c, 0x28, 0x1f, 0xff,
  0x52, 0x22, 0x19, 0xff, 0x4c, 0x1a, 0x0f, 0xff, 0x48, 0x16, 0x08, 0xff,
  0x2a, 0x0a, 0x04, 0xff, 0x1e, 0x01, 0x00, 0xff, 0x2f, 0x08, 0x01, 0xff,
  0x34, 0x0d, 0x03, 0xff, 0x38, 0x10, 0x06, 0xff, 0x3c, 0x13, 0x09, 0xff,
  0x40, 0x16, 0x0b, 0xff, 0x44, 0x18, 0x0e, 0xff, 0x47, 0x1b, 0x10, 0xff,
  0x4a, 0x1d, 0x13, 0xff, 0x4c, 0x1f, 0x15, 0xff, 0x4d, 0x20, 0x16, 0xff,
  0x4f, 0x21, 0x18, 0xff, 0x52, 0x23, 0x19, 0xff, 0x53, 0x24, 0x1a, 0xff,
  0x54, 0x24, 0x1b, 0xff, 0x54, 0x24, 0x1a, 0xff, 0x54, 0x24, 0x1a, 0xff,
  0x52, 0x23, 0x19, 0xff, 0x50, 0x22, 0x18, 0xff, 0x4b, 0x1f, 0x15, 0xff,
  0x46, 0x1b, 0x11, 0xff, 0x49, 0x1b, 0x0f, 0xff, 0x69, 0x29, 0x1a, 0xff,
  0x8c, 0x3a, 0x28, 0xff, 0x93, 0x3e, 0x2b, 0xff, 0x9f, 0x44, 0x30, 0xff,
  0xa9, 0x4a, 0x35, 0xff, 0xb5, 0x50, 0x3a, 0xff, 0xc0, 0x58, 0x41, 0xff,
  0xc9, 0x5d, 0x46, 0xff, 0xd1, 0x62, 0x49, 0xff, 0xd8, 0x68, 0x4f, 0xff,
  0xdf, 0x6d, 0x54, 0xff, 0xe3, 0x6f, 0x56, 0xff, 0xe7, 0x71, 0x57, 0xff,
  0xea, 0x73, 0x59, 0xff, 0xee, 0x75, 0x5a, 0xff, 0xe1, 0x69, 0x4e, 0xff,
  0xfa, 0xae, 0x9f, 0xff, 0xf5, 0x97, 0x84, 0xff, 0xf5, 0x95, 0x80, 0xff,
  0xf6, 0x93, 0x7f, 0xff, 0xf5, 0x93, 0x7f, 0xff, 0xf5, 0x93, 0x7f, 0xff,
  0xf5, 0x92, 0x7e, 0xff, 0xf5, 0x91, 0x7d, 0xff, 0xf5, 0x91, 0x7b, 0xff,
  0xf5, 0x90, 0x7b, 0xff, 0xf5, 0x8f, 0x7a, 0xff, 0xf5, 0x8f, 0x79, 0xff,
  0xf5, 0x8e, 0x78, 0xff, 0xf3, 0x8c, 0x77, 0xff, 0xfa, 0x90, 0x7a, 0xff,
  0xb1, 0x60, 0x51, 0xff, 0x7b, 0x3d, 0x34, 0xff, 0x7b, 0x3e, 0x35, 0xff,
  0x70, 0x38, 0x2f, 0xff, 0x6b, 0x34, 0x2b, 0xff, 0x69, 0x33, 0x2a, 0xff,
  0x67, 0x31, 0x28, 0xff, 0x67, 0x31, 0x28, 0xff, 0x66, 0x31, 0x28, 0xff,
  0x67, 0x30, 0x28, 0xff, 0x64, 0x2f, 0x26, 0xff, 0x64, 0x2f, 0x26, 0xff,
  0x64, 0x30, 0x27, 0xff, 0x63, 0x2f, 0x26, 0xff, 0x62, 0x2e, 0x25, 0xff,
  0x62, 0x2e, 0x25, 0xff, 0x61, 0x2d, 0x24, 0xff, 0x60, 0x2d, 0x23, 0xff,
  0x5f, 0x2b, 0x22, 0xff, 0x5c, 0x2a, 0x21, 0xff, 0x5a, 0x28, 0x1f, 0xff,
  0x55, 0x26, 0x1d, 0xff, 0x4f, 0x21, 0x19, 0xff, 0x4a, 0x1d, 0x14, 0xff,
  0x3b, 0x15, 0x0c, 0xff, 0x2d, 0x0c, 0x04, 0xff, 0x3b, 0x11, 0x08, 0xff,
  0x4d, 0x1a, 0x0d, 0xff, 0x53, 0x1f, 0x14, 0xff, 0x59, 0x25, 0x1b, 0xff,
  0x5e, 0x29, 0x20, 0xff, 0x61, 0x2b, 0x21, 0xff, 0x61, 0x2a, 0x21, 0xff,
  0x60, 0x2a, 0x20, 0xff, 0x5e, 0x29, 0x20, 0xff, 0x5f, 0x2a, 0x21, 0xff,
  0x61, 0x2c, 0x23, 0xff, 0x68, 0x31, 0x28, 0xff, 0x6f, 0x35, 0x2c, 0xff,
  0x75, 0x39, 0x30, 0xff, 0x76, 0x3a, 0x31, 0xff, 0x6f, 0x36, 0x2c, 0xff,
  0x67, 0x2f, 0x26, 0xff, 0x60, 0x29, 0x20, 0xff, 0x5c, 0x26, 0x1c, 0xff,
  0x5b, 0x26, 0x1c, 0xff, 0x5e, 0x28, 0x1f, 0xff, 0x60, 0x2a, 0x21, 0xff,
  0x5e, 0x28, 0x1f, 0xff, 0x57, 0x24, 0x1b, 0xff, 0x4e, 0x1c, 0x12, 0xff,
  0x4c, 0x18, 0x0a, 0xff, 0x3e, 0x13, 0x07, 0xff, 0x21, 0x06, 0x02, 0xff,
  0x22, 0x02, 0x00, 0xff, 0x30, 0x09, 0x01, 0xff, 0x34, 0x0d, 0x03, 0xff,
  0x39, 0x10, 0x06, 0xff, 0x3c, 0x13, 0x09, 0xff, 0x40, 0x16, 0x0b, 0xff,
  0x43, 0x17, 0x0d, 0xff, 0x46, 0x19, 0x0f, 0xff, 0x49, 0x1c, 0x12, 0xff,
  0x4b, 0x1e, 0x14, 0xff, 0x4d, 0x1f, 0x15, 0xff, 0x4e, 0x20, 0x17, 0xff,
  0x50, 0x22, 0x18, 0xff, 0x53, 0x23, 0x1a, 0xff, 0x53, 0x23, 0x1a, 0xff,
  0x53, 0x24, 0x1a, 0xff, 0x53, 0x24, 0x1a, 0xff, 0x54, 0x24, 0x1a, 0xff,
  0x51, 0x23, 0x19, 0xff, 0x4f, 0x21, 0x17, 0xff, 0x49, 0x1d, 0x13, 0xff,
  0x45, 0x1a, 0x0f, 0xff, 0x4a, 0x1b, 0x0f, 0xff, 0x6d, 0x2b, 0x1c, 0xff,
  0x8c, 0x3a, 0x28, 0xff, 0x93, 0x3f, 0x2c, 0xff, 0xa0, 0x45, 0x31, 0xff,
  0xab, 0x4b, 0x36, 0xff, 0xb6, 0x52, 0x3c, 0xff, 0xc1, 0x59, 0x42, 0xff,
  0xca, 0x5e, 0x46, 0xff, 0xd1, 0x62, 0x4a, 0xff, 0xd9, 0x67, 0x4e, 0xff,
  0xdf, 0x6c, 0x53, 0xff, 0xe4, 0x6f, 0x55, 0xff, 0xe8, 0x71, 0x57, 0xff,
  0xea, 0x73, 0x59, 0xff, 0xee, 0x74, 0x59, 0xff, 0xe2, 0x6b, 0x50, 0xff,
  0xfa, 0xae, 0xa0, 0x7b, 0xf6, 0x97, 0x83, 0xff, 0xf6, 0x95, 0x81, 0xff,
  0xf6, 0x94, 0x7f, 0xff, 0xf6, 0x93, 0x7f, 0xff, 0xf6, 0x93, 0x7f, 0xff,
  0xf6, 0x93, 0x7f, 0xff, 0xf6, 0x92, 0x7d, 0xff, 0xf5, 0x90, 0x7c, 0xff,
  0xf5, 0x90, 0x7b, 0xff, 0xf4, 0x8f, 0x7a, 0xff, 0xf5, 0x8e, 0x79, 0xff,
  0xf5, 0x8e, 0x79, 0xff, 0xf3, 0x8c, 0x77, 0xff, 0xfb, 0x91, 0x7b, 0xff,
  0xc1, 0x6b, 0x59, 0xff, 0x76, 0x38, 0x2e, 0xff, 0x72, 0x38, 0x2f, 0xff,
  0x6b, 0x35, 0x2c, 0xff, 0x69, 0x33, 0x2a, 0xff, 0x66, 0x31, 0x29, 0xff,
  0x65, 0x2f, 0x27, 0xff, 0x66, 0x31, 0x28, 0xff, 0x64, 0x2f, 0x26, 0xff,
  0x64, 0x2f, 0x26, 0xff, 0x63, 0x2f, 0x26, 0xff, 0x62, 0x2f, 0x27, 0xff,
  0x63, 0x2f, 0x26, 0xff, 0x62, 0x2e, 0x24, 0xff, 0x5f, 0x2c, 0x23, 0xff,
  0x5f, 0x2b, 0x23, 0xff, 0x5f, 0x2c, 0x23, 0xff, 0x5f, 0x2c, 0x23, 0xff,
  0x5e, 0x2b, 0x22, 0xff, 0x5d, 0x2a, 0x21, 0xff, 0x5a, 0x28, 0x1f, 0xff,
  0x58, 0x26, 0x1e, 0xff, 0x53, 0x24, 0x1c, 0xff, 0x4d, 0x20, 0x18, 0xff,
  0x47, 0x1c, 0x14, 0xff, 0x3e, 0x16, 0x0d, 0xff, 0x2d, 0x0c, 0x04, 0xff,
  0x2e, 0x0b, 0x04, 0xff, 0x40, 0x13, 0x08, 0xff, 0x4d, 0x18, 0x0c, 0xff,
  0x51, 0x1e, 0x12, 0xff, 0x56, 0x23, 0x19, 0xff, 0x5a, 0x27, 0x1d, 0xff,
  0x5f, 0x2a, 0x20, 0xff, 0x61, 0x2b, 0x22, 0xff, 0x60, 0x2b, 0x22, 0xff,
  0x60, 0x2a, 0x21, 0xff, 0x5e, 0x29, 0x1f, 0xff, 0x5e, 0x28, 0x1f, 0xff,
  0x5e, 0x28, 0x1e, 0xff, 0x5d, 0x27, 0x1e, 0xff, 0x5e, 0x29, 0x1f, 0xff,
  0x5f, 0x29, 0x20, 0xff, 0x60, 0x2a, 0x21, 0xff, 0x60, 0x2b, 0x22, 0xff,
  0x5e, 0x2a, 0x21, 0xff, 0x59, 0x26, 0x1d, 0xff, 0x53, 0x22, 0x19, 0xff,
  0x50, 0x1d, 0x12, 0xff, 0x4d, 0x18, 0x0b, 0xff, 0x43, 0x14, 0x06, 0xff,
  0x2c, 0x0b, 0x03, 0xff, 0x1d, 0x02, 0x01, 0xff, 0x28, 0x04, 0x00, 0xff,
  0x31, 0x0a, 0x01, 0xff, 0x35, 0x0d, 0x03, 0xff, 0x39, 0x10, 0x06, 0xff,
  0x3d, 0x13, 0x09, 0xff, 0x41, 0x16, 0x0b, 0xff, 0x43, 0x18, 0x0e, 0xff,
  0x45, 0x19, 0x0f, 0xff, 0x49, 0x1b, 0x12, 0xff, 0x4b, 0x1e, 0x14, 0xff,
  0x4d, 0x1f, 0x15, 0xff, 0x4f, 0x20, 0x17, 0xff, 0x50, 0x21, 0x18, 0xff,
  0x52, 0x22, 0x19, 0xff, 0x53, 0x24, 0x1a, 0xff, 0x52, 0x23, 0x19, 0xff,
  0x52, 0x23, 0x19, 0xff, 0x52, 0x23, 0x19, 0xff, 0x51, 0x22, 0x18, 0xff,
  0x4f, 0x21, 0x18, 0xff, 0x4b, 0x1e, 0x14, 0xff, 0x46, 0x1a, 0x10, 0xff,
  0x44, 0x18, 0x0d, 0xff, 0x4d, 0x1c, 0x10, 0xff, 0x74, 0x2e, 0x1e, 0xff,
  0x8c, 0x3b, 0x28, 0xff, 0x94, 0x40, 0x2d, 0xff, 0xa1, 0x46, 0x32, 0xff,
  0xad, 0x4c, 0x37, 0xff, 0xb7, 0x53, 0x3d, 0xff, 0xc1, 0x59, 0x42, 0xff,
  0xcb, 0x5e, 0x47, 0xff, 0xd2, 0x63, 0x4b, 0xff, 0xd9, 0x67, 0x4f, 0xff,
  0xdf, 0x6c, 0x53, 0xff, 0xe4, 0x6f, 0x56, 0xff, 0xe8, 0x72, 0x58, 0xff,
  0xea, 0x73, 0x58, 0xff, 0xed, 0x72, 0x58, 0xff, 0xe2, 0x6c, 0x52, 0x7b,
  0xfa, 0xaf, 0xa1, 0x6e, 0xf6, 0x97, 0x83, 0xff, 0xf6, 0x95, 0x80, 0xff,
  0xf6, 0x93, 0x7e, 0xff, 0xf6, 0x92, 0x7d, 0xff, 0xf6, 0x92, 0x7e, 0xff,
  0xf5, 0x92, 0x7e, 0xff, 0xf5, 0x91, 0x7d, 0xff, 0xf4, 0x90, 0x7b, 0xff,
  0xf4, 0x90, 0x7b, 0xff, 0xf5, 0x8f, 0x7b, 0xff, 0xf5, 0x8f, 0x7b, 0xff,
  0xf5, 0x8f, 0x7a, 0xff, 0xf4, 0x8d, 0x78, 0xff, 0xf9, 0x8f, 0x79, 0xff,
  0xd8, 0x7a, 0x66, 0xff, 0x74, 0x37, 0x2b, 0xff, 0x67, 0x31, 0x27, 0xff,
  0x65, 0x30, 0x27, 0xff, 0x67, 0x31, 0x28, 0xff, 0x65, 0x30, 0x27, 0xff,
  0x63, 0x2e, 0x25, 0xff, 0x63, 0x2e, 0x25, 0xff, 0x62, 0x2d, 0x25, 0xff,
  0x61, 0x2d, 0x24, 0xff, 0x61, 0x2d, 0x25, 0xff, 0x62, 0x2e, 0x26, 0xff,
  0x62, 0x2e, 0x25, 0xff, 0x5f, 0x2c, 0x23, 0xff, 0x5d, 0x2a, 0x21, 0xff,
  0x5d, 0x2a, 0x21, 0xff, 0x5e, 0x2b, 0x22, 0xff, 0x5d, 0x2a, 0x22, 0xff,
  0x5c, 0x2a, 0x21, 0xff, 0x5c, 0x29, 0x20, 0xff, 0x5b, 0x29, 0x1f, 0xff,
  0x58, 0x27, 0x1e, 0xff, 0x55, 0x25, 0x1d, 0xff, 0x52, 0x23, 0x1b, 0xff,
  0x4e, 0x21, 0x18, 0xff, 0x47, 0x1c, 0x13, 0xff, 0x41, 0x18, 0x0e, 0xff,
  0x35, 0x10, 0x07, 0xff, 0x28, 0x08, 0x02, 0xff, 0x2e, 0x0b, 0x04, 0xff,
  0x3d, 0x12, 0x07, 0xff, 0x48, 0x16, 0x09, 0xff, 0x4f, 0x1a, 0x0d, 0xff,
  0x51, 0x1d, 0x12, 0xff, 0x52, 0x20, 0x16, 0xff, 0x55, 0x23, 0x1a, 0xff,
  0x59, 0x25, 0x1c, 0xff, 0x5b, 0x28, 0x1f, 0xff, 0x5b, 0x28, 0x1f, 0xff,
  0x5a, 0x28, 0x1f, 0xff, 0x5b, 0x28, 0x1f, 0xff, 0x5a, 0x27, 0x1e, 0xff,
  0x59, 0x26, 0x1d, 0xff, 0x56, 0x24, 0x1a, 0xff, 0x52, 0x21, 0x17, 0xff,
  0x50, 0x1e, 0x13, 0xff, 0x4e, 0x1b, 0x0e, 0xff, 0x4c, 0x17, 0x0a, 0xff,
  0x42, 0x14, 0x07, 0xff, 0x2f, 0x0c, 0x04, 0xff, 0x1e, 0x03, 0x01, 0xff,
  0x20, 0x01, 0x00, 0xff, 0x2d, 0x07, 0x00, 0xff, 0x33, 0x0b, 0x02, 0xff,
  0x36, 0x0e, 0x04, 0xff, 0x39, 0x11, 0x07, 0xff, 0x3d, 0x13, 0x09, 0xff,
  0x41, 0x16, 0x0c, 0xff, 0x44, 0x18, 0x0e, 0xff, 0x46, 0x1a, 0x10, 0xff,
  0x48, 0x1b, 0x11, 0xff, 0x4a, 0x1c, 0x12, 0xff, 0x4c, 0x1e, 0x14, 0xff,
  0x4e, 0x20, 0x16, 0xff, 0x4f, 0x21, 0x18, 0xff, 0x51, 0x22, 0x19, 0xff,
  0x53, 0x23, 0x19, 0xff, 0x53, 0x24, 0x1a, 0xff, 0x53, 0x23, 0x19, 0xff,
  0x53, 0x23, 0x19, 0xff, 0x51, 0x22, 0x18, 0xff, 0x50, 0x21, 0x17, 0xff,
  0x4d, 0x20, 0x17, 0xff, 0x48, 0x1c, 0x12, 0xff, 0x43, 0x18, 0x0d, 0xff,
  0x44, 0x18, 0x0c, 0xff, 0x54, 0x1f, 0x12, 0xff, 0x80, 0x34, 0x23, 0xff,
  0x8e, 0x3b, 0x28, 0xff, 0x96, 0x40, 0x2d, 0xff, 0xa3, 0x46, 0x32, 0xff,
  0xaf, 0x4d, 0x38, 0xff, 0xb9, 0x54, 0x3d, 0xff, 0xc3, 0x59, 0x42, 0xff,
  0xcb, 0x5e, 0x46, 0xff, 0xd2, 0x63, 0x4b, 0xff, 0xd9, 0x68, 0x4f, 0xff,
  0xe0, 0x6d, 0x53, 0xff, 0xe4, 0x70, 0x56, 0xff, 0xe8, 0x72, 0x58, 0xff,
  0xea, 0x74, 0x59, 0xff, 0xec, 0x71, 0x56, 0xff, 0xe1, 0x6f, 0x56, 0x6e,
  0xfa, 0xb0, 0xa2, 0x59, 0xf6, 0x96, 0x82, 0xff, 0xf6, 0x94, 0x7f, 0xff,
  0xf5, 0x92, 0x7e, 0xff, 0xf5, 0x92, 0x7d, 0xff, 0xf5, 0x92, 0x7d, 0xff,
  0xf5, 0x91, 0x7d, 0xff, 0xf5, 0x91, 0x7d, 0xff, 0xf5, 0x91, 0x7c, 0xff,
  0xf5, 0x90, 0x7b, 0xff, 0xf5, 0x90, 0x7b, 0xff, 0xf5, 0x90, 0x7b, 0xff,
  0xf6, 0x8f, 0x7a, 0xff, 0xf5, 0x8d, 0x78, 0xff, 0xf5, 0x8b, 0x77, 0xff,
  0xf2, 0x88, 0x73, 0xff, 0x89, 0x43, 0x36, 0xff, 0x5f, 0x2a, 0x21, 0xff,
  0x5e, 0x2b, 0x22, 0xff, 0x5e, 0x2c, 0x22, 0xff, 0x5f, 0x2c, 0x23, 0xff,
  0x60, 0x2d, 0x24, 0xff, 0x60, 0x2d, 0x25, 0xff, 0x60, 0x2c, 0x24, 0xff,
  0x5f, 0x2b, 0x23, 0xff, 0x60, 0x2d, 0x24, 0xff, 0x5f, 0x2c, 0x24, 0xff,
  0x5f, 0x2b, 0x23, 0xff, 0x5f, 0x2b, 0x23, 0xff, 0x5d, 0x2a, 0x21, 0xff,
  0x5e, 0x2a, 0x21, 0xff, 0x5d, 0x29, 0x21, 0xff, 0x5c, 0x29, 0x20, 0xff,
  0x5b, 0x29, 0x20, 0xff, 0x5b, 0x28, 0x1f, 0xff, 0x59, 0x27, 0x1e, 0xff,
  0x58, 0x27, 0x1e, 0xff, 0x56, 0x26, 0x1d, 0xff, 0x55, 0x25, 0x1c, 0xff,
  0x52, 0x23, 0x1a, 0xff, 0x4d, 0x1f, 0x16, 0xff, 0x47, 0x1c, 0x13, 0xff,
  0x42, 0x18, 0x0e, 0xff, 0x3d, 0x13, 0x09, 0xff, 0x31, 0x0c, 0x04, 0xff,
  0x24, 0x06, 0x01, 0xff, 0x25, 0x06, 0x02, 0xff, 0x2e, 0x0b, 0x03, 0xff,
  0x3b, 0x10, 0x05, 0xff, 0x46, 0x14, 0x07, 0xff, 0x4b, 0x16, 0x09, 0xff,
  0x4d, 0x18, 0x0c, 0xff, 0x4d, 0x19, 0x0d, 0xff, 0x4e, 0x1a, 0x0e, 0xff,
  0x4f, 0x1c, 0x0f, 0xff, 0x4f, 0x1b, 0x0f, 0xff, 0x4f, 0x1b, 0x0f, 0xff,
  0x4e, 0x1a, 0x0d, 0xff, 0x4c, 0x17, 0x0a, 0xff, 0x49, 0x15, 0x08, 0xff,
  0x41, 0x12, 0x06, 0xff, 0x36, 0x0e, 0x04, 0xff, 0x27, 0x08, 0x03, 0xff,
  0x1c, 0x02, 0x01, 0xff, 0x20, 0x02, 0x00, 0xff, 0x2b, 0x06, 0x00, 0xff,
  0x31, 0x0a, 0x01, 0xff, 0x34, 0x0d, 0x03, 0xff, 0x39, 0x10, 0x06, 0xff,
  0x3c, 0x12, 0x08, 0xff, 0x3e, 0x14, 0x0a, 0xff, 0x42, 0x16, 0x0c, 0xff,
  0x44, 0x18, 0x0f, 0xff, 0x47, 0x1a, 0x10, 0xff, 0x49, 0x1b, 0x11, 0xff,
  0x4a, 0x1d, 0x13, 0xff, 0x4b, 0x1d, 0x13, 0xff, 0x4d, 0x1f, 0x15, 0xff,
  0x4e, 0x21, 0x17, 0xff, 0x4f, 0x21, 0x18, 0xff, 0x51, 0x22, 0x18, 0xff,
  0x52, 0x23, 0x19, 0xff, 0x53, 0x23, 0x19, 0xff, 0x53, 0x23, 0x19, 0xff,
  0x52, 0x22, 0x19, 0xff, 0x50, 0x21, 0x17, 0xff, 0x4d, 0x20, 0x16, 0xff,
  0x49, 0x1d, 0x13, 0xff, 0x44, 0x19, 0x0f, 0xff, 0x42, 0x17, 0x0c, 0xff,
  0x48, 0x19, 0x0d, 0xff, 0x64, 0x26, 0x17, 0xff, 0x88, 0x37, 0x25, 0xff,
  0x8e, 0x3b, 0x28, 0xff, 0x98, 0x40, 0x2e, 0xff, 0xa4, 0x47, 0x33, 0xff,
  0xb0, 0x4e, 0x38, 0xff, 0xb9, 0x54, 0x3e, 0xff, 0xc3, 0x59, 0x42, 0xff,
  0xcc, 0x5e, 0x47, 0xff, 0xd3, 0x63, 0x4b, 0xff, 0xda, 0x68, 0x4f, 0xff,
  0xe1, 0x6e, 0x54, 0xff, 0xe6, 0x72, 0x57, 0xff, 0xe9, 0x73, 0x59, 0xff,
  0xeb, 0x75, 0x5a, 0xff, 0xec, 0x71, 0x55, 0xff, 0xe1, 0x72, 0x58, 0x59,
  0xf9, 0xb1, 0xa3, 0x3b, 0xf5, 0x94, 0x81, 0xff, 0xf5, 0x93, 0x7f, 0xff,
  0xf5, 0x92, 0x7d, 0xff, 0xf5, 0x92, 0x7d, 0xff, 0xf5, 0x91, 0x7d, 0xff,
  0xf5, 0x91, 0x7c, 0xff, 0xf5, 0x91, 0x7c, 0xff, 0xf5, 0x90, 0x7b, 0xff,
  0xf5, 0x90, 0x7b, 0xff, 0xf5, 0x90, 0x7b, 0xff, 0xf5, 0x8f, 0x7a, 0xff,
  0xf5, 0x8f, 0x7a, 0xff, 0xf5, 0x8d, 0x78, 0xff, 0xf2, 0x8a, 0x75, 0xff,
  0xfa, 0x8d, 0x78, 0xff, 0xc1, 0x67, 0x54, 0xff, 0x5e, 0x27, 0x1c, 0xff,
  0x58, 0x27, 0x1e, 0xff, 0x54, 0x25, 0x1c, 0xff, 0x57, 0x27, 0x1e, 0xff,
  0x58, 0x28, 0x20, 0xff, 0x5a, 0x29, 0x21, 0xff, 0x5a, 0x29, 0x21, 0xff,
  0x5b, 0x29, 0x20, 0xff, 0x5d, 0x2a, 0x22, 0xff, 0x5b, 0x2a, 0x20, 0xff,
  0x5b, 0x28, 0x1f, 0xff, 0x5c, 0x29, 0x20, 0xff, 0x5b, 0x29, 0x20, 0xff,
  0x5a, 0x28, 0x1f, 0xff, 0x5b, 0x28, 0x1f, 0xff, 0x5a, 0x28, 0x1f, 0xff,
  0x59, 0x27, 0x1e, 0xff, 0x58, 0x26, 0x1d, 0xff, 0x58, 0x26, 0x1d, 0xff,
  0x58, 0x27, 0x1e, 0xff, 0x56, 0x26, 0x1c, 0xff, 0x54, 0x24, 0x1b, 0xff,
  0x53, 0x23, 0x1a, 0xff, 0x51, 0x21, 0x18, 0xff, 0x4c, 0x1e, 0x15, 0xff,
  0x47, 0x1b, 0x12, 0xff, 0x42, 0x17, 0x0e, 0xff, 0x40, 0x16, 0x0c, 0xff,
  0x3b, 0x12, 0x07, 0xff, 0x32, 0x0b, 0x03, 0xff, 0x26, 0x06, 0x01, 0xff,
  0x22, 0x04, 0x00, 0xff, 0x23, 0x05, 0x01, 0xff, 0x28, 0x08, 0x02, 0xff,
  0x2b, 0x09, 0x03, 0xff, 0x2f, 0x0a, 0x03, 0xff, 0x33, 0x0c, 0x03, 0xff,
  0x35, 0x0d, 0x03, 0xff, 0x36, 0x0d, 0x04, 0xff, 0x34, 0x0d, 0x04, 0xff,
  0x2e, 0x0b, 0x04, 0xff, 0x28, 0x08, 0x03, 0xff, 0x23, 0x06, 0x02, 0xff,
  0x20, 0x03, 0x01, 0xff, 0x1f, 0x02, 0x00, 0xff, 0x26, 0x04, 0x00, 0xff,
  0x2f, 0x08, 0x01, 0xff, 0x33, 0x0b, 0x01, 0xff, 0x35, 0x0d, 0x02, 0xff,
  0x38, 0x0f, 0x05, 0xff, 0x3c, 0x12, 0x07, 0xff, 0x3e, 0x13, 0x09, 0xff,
  0x40, 0x15, 0x0b, 0xff, 0x43, 0x17, 0x0d, 0xff, 0x45, 0x18, 0x0e, 0xff,
  0x47, 0x1a, 0x10, 0xff, 0x48, 0x1b, 0x11, 0xff, 0x4a, 0x1d, 0x13, 0xff,
  0x4d, 0x1e, 0x15, 0xff, 0x4d, 0x1f, 0x15, 0xff, 0x4e, 0x1f, 0x16, 0xff,
  0x4f, 0x21, 0x17, 0xff, 0x4f, 0x21, 0x17, 0xff, 0x50, 0x21, 0x17, 0xff,
  0x50, 0x21, 0x17, 0xff, 0x51, 0x22, 0x18, 0xff, 0x50, 0x21, 0x18, 0xff,
  0x4e, 0x20, 0x17, 0xff, 0x4c, 0x1f, 0x15, 0xff, 0x49, 0x1d, 0x13, 0xff,
  0x44, 0x19, 0x0f, 0xff, 0x40, 0x16, 0x0b, 0xff, 0x45, 0x18, 0x0c, 0xff,
  0x53, 0x1e, 0x10, 0xff, 0x7a, 0x30, 0x1f, 0xff, 0x8a, 0x38, 0x25, 0xff,
  0x91, 0x3c, 0x29, 0xff, 0x9b, 0x42, 0x2e, 0xff, 0xa5, 0x48, 0x33, 0xff,
  0xb1, 0x4e, 0x39, 0xff, 0xba, 0x54, 0x3e, 0xff, 0xc4, 0x5a, 0x43, 0xff,
  0xcd, 0x5f, 0x48, 0xff, 0xd4, 0x64, 0x4c, 0xff, 0xdb, 0x68, 0x4f, 0xff,
  0xe2, 0x6d, 0x54, 0xff, 0xe8, 0x72, 0x58, 0xff, 0xe9, 0x73, 0x59, 0xff,
  0xeb, 0x75, 0x5a, 0xff, 0xeb, 0x70, 0x54, 0xff, 0xe1, 0x75, 0x5b, 0x3b,
  0xf8, 0xb2, 0xa4, 0x15, 0xf5, 0x94, 0x80, 0xff, 0xf5, 0x94, 0x80, 0xff,
  0xf5, 0x92, 0x7e, 0xff, 0xf5, 0x91, 0x7d, 0xff, 0xf5, 0x91, 0x7d, 0xff,
  0xf5, 0x92, 0x7d, 0xff, 0xf5, 0x90, 0x7b, 0xff, 0xf5, 0x8f, 0x7b, 0xff,
  0xf4, 0x8f, 0x7a, 0xff, 0xf5, 0x8f, 0x7a, 0xff, 0xf5, 0x8e, 0x79, 0xff,
  0xf5, 0x8e, 0x79, 0xff, 0xf4, 0x8d, 0x77, 0xff, 0xf3, 0x8b, 0x76, 0xff,
  0xf1, 0x89, 0x74, 0xff, 0xf0, 0x86, 0x70, 0xff, 0x8b, 0x42, 0x34, 0xff,
  0x4e, 0x1d, 0x14, 0xff, 0x51, 0x22, 0x18, 0xff, 0x4e, 0x20, 0x17, 0xff,
  0x4e, 0x21, 0x18, 0xff, 0x51, 0x23, 0x1a, 0xff, 0x53, 0x24, 0x1b, 0xff,
  0x54, 0x24, 0x1b, 0xff, 0x55, 0x25, 0x1c, 0xff, 0x55, 0x25, 0x1c, 0xff,
  0x55, 0x24, 0x1b, 0xff, 0x56, 0x25, 0x1c, 0xff, 0x54, 0x24, 0x1c, 0xff,
  0x55, 0x24, 0x1b, 0xff, 0x55, 0x24, 0x1b, 0xff, 0x55, 0x24, 0x1b, 0xff,
  0x54, 0x24, 0x1a, 0xff, 0x53, 0x23, 0x19, 0xff, 0x54, 0x23, 0x1a, 0xff,
  0x55, 0x24, 0x1a, 0xff, 0x53, 0x22, 0x19, 0xff, 0x51, 0x22, 0x18, 0xff,
  0x50, 0x20, 0x17, 0xff, 0x4f, 0x1f, 0x16, 0xff, 0x4e, 0x1f, 0x15, 0xff,
  0x4b, 0x1d, 0x14, 0xff, 0x48, 0x1b, 0x12, 0xff, 0x45, 0x19, 0x0f, 0xff,
  0x42, 0x17, 0x0d, 0xff, 0x3f, 0x14, 0x0a, 0xff, 0x3d, 0x12, 0x07, 0xff,
  0x39, 0x0e, 0x04, 0xff, 0x33, 0x0b, 0x02, 0xff, 0x2e, 0x09, 0x01, 0xff,
  0x2b, 0x07, 0x01, 0xff, 0x28, 0x06, 0x00, 0xff, 0x25, 0x05, 0x00, 0xff,
  0x23, 0x04, 0x00, 0xff, 0x23, 0x04, 0x00, 0xff, 0x23, 0x04, 0x00, 0xff,
  0x26, 0x05, 0x00, 0xff, 0x29, 0x06, 0x00, 0xff, 0x2d, 0x07, 0x00, 0xff,
  0x31, 0x08, 0x01, 0xff, 0x34, 0x0b, 0x02, 0xff, 0x37, 0x0e, 0x03, 0xff,
  0x38, 0x0f, 0x04, 0xff, 0x39, 0x10, 0x05, 0xff, 0x3c, 0x11, 0x07, 0xff,
  0x3f, 0x13, 0x09, 0xff, 0x41, 0x15, 0x0b, 0xff, 0x43, 0x16, 0x0c, 0xff,
  0x44, 0x18, 0x0d, 0xff, 0x46, 0x19, 0x0f, 0xff, 0x47, 0x1b, 0x11, 0xff,
  0x48, 0x1b, 0x11, 0xff, 0x49, 0x1b, 0x12, 0xff, 0x4a, 0x1d, 0x13, 0xff,
  0x4c, 0x1e, 0x14, 0xff, 0x4d, 0x1e, 0x15, 0xff, 0x4d, 0x1f, 0x16, 0xff,
  0x4d, 0x1f, 0x16, 0xff, 0x4d, 0x1f, 0x15, 0xff, 0x4d, 0x1f, 0x15, 0xff,
  0x4d, 0x1f, 0x15, 0xff, 0x4c, 0x1f, 0x15, 0xff, 0x4b, 0x1e, 0x15, 0xff,
  0x49, 0x1d, 0x13, 0xff, 0x46, 0x1b, 0x10, 0xff, 0x43, 0x18, 0x0d, 0xff,
  0x41, 0x16, 0x0b, 0xff, 0x43, 0x16, 0x0b, 0xff, 0x4a, 0x19, 0x0d, 0xff,
  0x6b, 0x2a, 0x1a, 0xff, 0x89, 0x38, 0x26, 0xff, 0x8b, 0x39, 0x26, 0xff,
  0x95, 0x3e, 0x2b, 0xff, 0x9e, 0x43, 0x30, 0xff, 0xa8, 0x49, 0x34, 0xff,
  0xb3, 0x4f, 0x39, 0xff, 0xbd, 0x55, 0x3e, 0xff, 0xc7, 0x5b, 0x43, 0xff,
  0xce, 0x60, 0x48, 0xff, 0xd5, 0x65, 0x4d, 0xff, 0xdc, 0x69, 0x50, 0xff,
  0xe2, 0x6e, 0x54, 0xff, 0xe6, 0x71, 0x57, 0xff, 0xe9, 0x72, 0x58, 0xff,
  0xeb, 0x74, 0x59, 0xff, 0xe9, 0x6e, 0x53, 0xff, 0xe0, 0x78, 0x5f, 0x15,
  0xf8, 0xb4, 0xa6, 0x00, 0xf6, 0x93, 0x7f, 0xe1, 0xf6, 0x94, 0x7f, 0xff,
  0xf5, 0x91, 0x7c, 0xff, 0xf5, 0x91, 0x7c, 0xff, 0xf4, 0x91, 0x7c, 0xff,
  0xf4, 0x91, 0x7c, 0xff, 0xf5, 0x90, 0x7c, 0xff, 0xf5, 0x90, 0x7b, 0xff,
  0xf5, 0x8f, 0x7a, 0xff, 0xf5, 0x8f, 0x79, 0xff, 0xf4, 0x8e, 0x79, 0xff,
  0xf5, 0x8e, 0x79, 0xff, 0xf4, 0x8c, 0x76, 0xff, 0xf3, 0x8b, 0x75, 0xff,
  0xf1, 0x89, 0x73, 0xff, 0xef, 0x85, 0x70, 0xff, 0xdf, 0x7a, 0x66, 0xff,
  0x77, 0x35, 0x27, 0xff, 0x47, 0x1a, 0x0f, 0xff, 0x4b, 0x1d, 0x13, 0xff,
  0x49, 0x1c, 0x12, 0xff, 0x49, 0x1c, 0x12, 0xff, 0x49, 0x1c, 0x12, 0xff,
  0x4a, 0x1c, 0x13, 0xff, 0x4b, 0x1d, 0x13, 0xff, 0x4b, 0x1d, 0x14, 0xff,
  0x4b, 0x1d, 0x14, 0xff, 0x4b, 0x1d, 0x14, 0xff, 0x4b, 0x1d, 0x14, 0xff,
  0x4b, 0x1d, 0x13, 0xff, 0x4b, 0x1d, 0x14, 0xff, 0x4b, 0x1d, 0x13, 0xff,
  0x4b, 0x1c, 0x13, 0xff, 0x4b, 0x1c, 0x12, 0xff, 0x4c, 0x1d, 0x13, 0xff,
  0x4b, 0x1d, 0x13, 0xff, 0x4a, 0x1c, 0x12, 0xff, 0x4b, 0x1d, 0x13, 0xff,
  0x4b, 0x1c, 0x12, 0xff, 0x4a, 0x1c, 0x13, 0xff, 0x4a, 0x1c, 0x12, 0xff,
  0x48, 0x1b, 0x11, 0xff, 0x47, 0x1a, 0x10, 0xff, 0x45, 0x19, 0x0f, 0xff,
  0x44, 0x18, 0x0e, 0xff, 0x42, 0x16, 0x0d, 0xff, 0x41, 0x15, 0x0b, 0xff,
  0x40, 0x14, 0x09, 0xff, 0x3f, 0x13, 0x09, 0xff, 0x3d, 0x12, 0x08, 0xff,
  0x3d, 0x11, 0x06, 0xff, 0x3b, 0x10, 0x04, 0xff, 0x3a, 0x0e, 0x03, 0xff,
  0x38, 0x0d, 0x02, 0xff, 0x38, 0x0d, 0x02, 0xff, 0x39, 0x0d, 0x02, 0xff,
  0x3b, 0x0f, 0x03, 0xff, 0x3b, 0x0f, 0x04, 0xff, 0x3a, 0x0f, 0x04, 0xff,
  0x3a, 0x10, 0x05, 0xff, 0x3a, 0x10, 0x06, 0xff, 0x3b, 0x11, 0x07, 0xff,
  0x3e, 0x13, 0x08, 0xff, 0x40, 0x14, 0x09, 0xff, 0x41, 0x15, 0x0b, 0xff,
  0x43, 0x16, 0x0c, 0xff, 0x44, 0x17, 0x0c, 0xff, 0x45, 0x18, 0x0d, 0xff,
  0x46, 0x19, 0x0e, 0xff, 0x46, 0x19, 0x0f, 0xff, 0x47, 0x1a, 0x10, 0xff,
  0x47, 0x1a, 0x10, 0xff, 0x48, 0x1a, 0x10, 0xff, 0x48, 0x1a, 0x10, 0xff,
  0x48, 0x1b, 0x10, 0xff, 0x48, 0x1b, 0x11, 0xff, 0x48, 0x1c, 0x12, 0xff,
  0x47, 0x1b, 0x11, 0xff, 0x47, 0x1b, 0x11, 0xff, 0x46, 0x1a, 0x10, 0xff,
  0x46, 0x1a, 0x10, 0xff, 0x46, 0x1a, 0x10, 0xff, 0x44, 0x19, 0x0f, 0xff,
  0x42, 0x17, 0x0c, 0xff, 0x41, 0x16, 0x0b, 0xff, 0x40, 0x14, 0x0a, 0xff,
  0x44, 0x17, 0x0b, 0xff, 0x4d, 0x1b, 0x0e, 0xff, 0x63, 0x25, 0x16, 0xff,
  0x84, 0x35, 0x22, 0xff, 0x88, 0x38, 0x26, 0xff, 0x8f, 0x3b, 0x29, 0xff,
  0x99, 0x40, 0x2c, 0xff, 0xa3, 0x46, 0x32, 0xff, 0xac, 0x4b, 0x35, 0xff,
  0xb5, 0x50, 0x3a, 0xff, 0xc0, 0x56, 0x3f, 0xff, 0xc8, 0x5b, 0x44, 0xff,
  0xd0, 0x61, 0x49, 0xff, 0xd7, 0x67, 0x4e, 0xff, 0xde, 0x6b, 0x52, 0xff,
  0xe2, 0x6e, 0x55, 0xff, 0xe6, 0x70, 0x56, 0xff, 0xe9, 0x72, 0x57, 0xff,
  0xec, 0x74, 0x59, 0xff, 0xe9, 0x6d, 0x50, 0xe1, 0xdd, 0x7a, 0x61, 0x00,
  0xf9, 0xb9, 0xab, 0x00, 0xf6, 0x93, 0x7e, 0xaa, 0xf5, 0x93, 0x7e, 0xff,
  0xf4, 0x90, 0x7b, 0xff, 0xf4, 0x90, 0x7b, 0xff, 0xf4, 0x8f, 0x7b, 0xff,
  0xf4, 0x8f, 0x7b, 0xff, 0xf4, 0x8f, 0x7b, 0xff, 0xf4, 0x8e, 0x79, 0xff,
  0xf5, 0x8f, 0x7a, 0xff, 0xf5, 0x8e, 0x79, 0xff, 0xf5, 0x8f, 0x7a, 0xff,
  0xf5, 0x8e, 0x79, 0xff, 0xf3, 0x8c, 0x77, 0xff, 0xf2, 0x8b, 0x76, 0xff,
  0xf1, 0x8a, 0x75, 0xff, 0xed, 0x85, 0x70, 0xff, 0xec, 0x82, 0x6d, 0xff,
  0xd9, 0x75, 0x60, 0xff, 0x84, 0x3c, 0x2d, 0xff, 0x4c, 0x1a, 0x0f, 0xff,
  0x44, 0x17, 0x0c, 0xff, 0x45, 0x18, 0x0d, 0xff, 0x43, 0x17, 0x0c, 0xff,
  0x43, 0x17, 0x0c, 0xff, 0x43, 0x17, 0x0c, 0xff, 0x42, 0x16, 0x0c, 0xff,
  0x43, 0x16, 0x0c, 0xff, 0x44, 0x16, 0x0c, 0xff, 0x43, 0x16, 0x0c, 0xff,
  0x43, 0x16, 0x0b, 0xff, 0x44, 0x16, 0x0b, 0xff, 0x44, 0x16, 0x0b, 0xff,
  0x44, 0x16, 0x0b, 0xff, 0x45, 0x16, 0x0c, 0xff, 0x44, 0x17, 0x0c, 0xff,
  0x43, 0x16, 0x0b, 0xff, 0x43, 0x15, 0x0b, 0xff, 0x43, 0x15, 0x0b, 0xff,
  0x45, 0x17, 0x0c, 0xff, 0x45, 0x17, 0x0c, 0xff, 0x44, 0x16, 0x0c, 0xff,
  0x44, 0x17, 0x0c, 0xff, 0x43, 0x15, 0x0b, 0xff, 0x42, 0x15, 0x0a, 0xff,
  0x43, 0x16, 0x0b, 0xff, 0x43, 0x15, 0x0b, 0xff, 0x43, 0x15, 0x09, 0xff,
  0x43, 0x15, 0x09, 0xff, 0x44, 0x15, 0x0a, 0xff, 0x43, 0x15, 0x0a, 0xff,
  0x42, 0x14, 0x09, 0xff, 0x41, 0x13, 0x08, 0xff, 0x40, 0x12, 0x07, 0xff,
  0x3f, 0x11, 0x07, 0xff, 0x3f, 0x11, 0x07, 0xff, 0x3f, 0x12, 0x07, 0xff,
  0x40, 0x13, 0x07, 0xff, 0x41, 0x13, 0x08, 0xff, 0x42, 0x14, 0x08, 0xff,
  0x42, 0x15, 0x09, 0xff, 0x41, 0x14, 0x09, 0xff, 0x41, 0x14, 0x09, 0xff,
  0x43, 0x14, 0x0a, 0xff, 0x43, 0x15, 0x0a, 0xff, 0x44, 0x16, 0x0a, 0xff,
  0x44, 0x16, 0x0a, 0xff, 0x44, 0x16, 0x0b, 0xff, 0x45, 0x16, 0x0b, 0xff,
  0x44, 0x17, 0x0b, 0xff, 0x44, 0x17, 0x0c, 0xff, 0x44, 0x16, 0x0b, 0xff,
  0x44, 0x16, 0x0b, 0xff, 0x44, 0x17, 0x0c, 0xff, 0x44, 0x17, 0x0c, 0xff,
  0x44, 0x16, 0x0b, 0xff, 0x44, 0x17, 0x0b, 0xff, 0x43, 0x17, 0x0c, 0xff,
  0x42, 0x16, 0x0b, 0xff, 0x42, 0x15, 0x0b, 0xff, 0x41, 0x15, 0x0a, 0xff,
  0x40, 0x15, 0x0a, 0xff, 0x40, 0x14, 0x09, 0xff, 0x40, 0x14, 0x09, 0xff,
  0x41, 0x14, 0x09, 0xff, 0x45, 0x16, 0x0a, 0xff, 0x49, 0x18, 0x0c, 0xff,
  0x53, 0x1d, 0x10, 0xff, 0x68, 0x28, 0x18, 0xff, 0x80, 0x33, 0x22, 0xff,
  0x86, 0x36, 0x24, 0xff, 0x8c, 0x3a, 0x28, 0xff, 0x93, 0x3d, 0x2a, 0xff,
  0x9b, 0x42, 0x2e, 0xff, 0xa7, 0x48, 0x34, 0xff, 0xb0, 0x4d, 0x37, 0xff,
  0xb9, 0x52, 0x3b, 0xff, 0xc1, 0x57, 0x40, 0xff, 0xc9, 0x5c, 0x44, 0xff,
  0xd1, 0x62, 0x4a, 0xff, 0xd9, 0x67, 0x4e, 0xff, 0xde, 0x6a, 0x51, 0xff,
  0xe3, 0x6e, 0x54, 0xff, 0xe7, 0x70, 0x56, 0xff, 0xea, 0x72, 0x57, 0xff,
  0xec, 0x75, 0x59, 0xff, 0xe8, 0x6a, 0x4d, 0xaa, 0xdb, 0x7b, 0x65, 0x00,
  0xf9, 0xbc, 0xb0, 0x00, 0xf6, 0x93, 0x7e, 0x6a, 0xf5, 0x93, 0x7e, 0xff,
  0xf4, 0x90, 0x7b, 0xff, 0xf4, 0x8f, 0x7a, 0xff, 0xf4, 0x8f, 0x7a, 0xff,
  0xf4, 0x8f, 0x7a, 0xff, 0xf4, 0x8f, 0x7a, 0xff, 0xf3, 0x8e, 0x79, 0xff,
  0xf4, 0x8e, 0x7a, 0xff, 0xf4, 0x8f, 0x7a, 0xff, 0xf4, 0x8f, 0x7b, 0xff,
  0xf4, 0x8e, 0x79, 0xff, 0xf3, 0x8c, 0x77, 0xff, 0xf2, 0x8b, 0x76, 0xff,
  0xf1, 0x8a, 0x75, 0xff, 0xef, 0x87, 0x72, 0xff, 0xe9, 0x81, 0x6d, 0xff,
  0xe4, 0x7c, 0x67, 0xff, 0xdb, 0x73, 0x5e, 0xff, 0xa8, 0x50, 0x3f, 0xff,
  0x6e, 0x2c, 0x1e, 0xff, 0x51, 0x1c, 0x0f, 0xff, 0x49, 0x17, 0x0b, 0xff,
  0x46, 0x16, 0x0a, 0xff, 0x44, 0x15, 0x09, 0xff, 0x46, 0x16, 0x09, 0xff,
  0x46, 0x16, 0x09, 0xff, 0x46, 0x15, 0x09, 0xff, 0x46, 0x15, 0x09, 0xff,
  0x47, 0x16, 0x09, 0xff, 0x47, 0x16, 0x09, 0xff, 0x48, 0x16, 0x09, 0xff,
  0x48, 0x15, 0x08, 0xff, 0x47, 0x15, 0x09, 0xff, 0x46, 0x15, 0x09, 0xff,
  0x47, 0x16, 0x09, 0xff, 0x48, 0x16, 0x09, 0xff, 0x48, 0x16, 0x09, 0xff,
  0x4a, 0x17, 0x0a, 0xff, 0x4a, 0x16, 0x09, 0xff, 0x4a, 0x16, 0x09, 0xff,
  0x4a, 0x17, 0x0a, 0xff, 0x4a, 0x16, 0x09, 0xff, 0x49, 0x16, 0x09, 0xff,
  0x49, 0x16, 0x09, 0xff, 0x49, 0x16, 0x09, 0xff, 0x4a, 0x16, 0x09, 0xff,
  0x4a, 0x17, 0x09, 0xff, 0x4a, 0x16, 0x09, 0xff, 0x4a, 0x16, 0x09, 0xff,
  0x4a, 0x16, 0x09, 0xff, 0x49, 0x16, 0x09, 0xff, 0x49, 0x15, 0x08, 0xff,
  0x49, 0x15, 0x09, 0xff, 0x48, 0x15, 0x09, 0xff, 0x48, 0x15, 0x08, 0xff,
  0x4a, 0x16, 0x09, 0xff, 0x4a, 0x16, 0x09, 0xff, 0x4c, 0x17, 0x0a, 0xff,
  0x4c, 0x17, 0x0a, 0xff, 0x4b, 0x17, 0x0a, 0xff, 0x4a, 0x16, 0x09, 0xff,
  0x4a, 0x16, 0x09, 0xff, 0x4b, 0x16, 0x0a, 0xff, 0x4b, 0x17, 0x0a, 0xff,
  0x4b, 0x17, 0x0a, 0xff, 0x4b, 0x17, 0x0a, 0xff, 0x4a, 0x16, 0x09, 0xff,
  0x4a, 0x17, 0x0a, 0xff, 0x4a, 0x17, 0x0a, 0xff, 0x49, 0x16, 0x09, 0xff,
  0x49, 0x16, 0x09, 0xff, 0x4a, 0x17, 0x0a, 0xff, 0x4a, 0x17, 0x0a, 0xff,
  0x4a, 0x17, 0x0a, 0xff, 0x48, 0x17, 0x0a, 0xff, 0x48, 0x17, 0x0a, 0xff,
  0x48, 0x17, 0x0a, 0xff, 0x48, 0x16, 0x09, 0xff, 0x47, 0x16, 0x0a, 0xff,
  0x47, 0x16, 0x09, 0xff, 0x48, 0x16, 0x09, 0xff, 0x4a, 0x18, 0x0b, 0xff,
  0x4d, 0x19, 0x0b, 0xff, 0x55, 0x1d, 0x0e, 0xff, 0x61, 0x24, 0x14, 0xff,
  0x73, 0x2d, 0x1c, 0xff, 0x81, 0x34, 0x23, 0xff, 0x84, 0x36, 0x24, 0xff,
  0x8a, 0x38, 0x27, 0xff, 0x92, 0x3d, 0x2a, 0xff, 0x98, 0x40, 0x2d, 0xff,
  0xa0, 0x45, 0x31, 0xff, 0xab, 0x4b, 0x36, 0xff, 0xb2, 0x4e, 0x38, 0xff,
  0xbb, 0x53, 0x3d, 0xff, 0xc3, 0x58, 0x41, 0xff, 0xca, 0x5d, 0x46, 0xff,
  0xd2, 0x62, 0x4a, 0xff, 0xd9, 0x67, 0x4e, 0xff, 0xdf, 0x6a, 0x51, 0xff,
  0xe3, 0x6d, 0x54, 0xff, 0xe7, 0x70, 0x55, 0xff, 0xea, 0x72, 0x56, 0xff,
  0xeb, 0x73, 0x58, 0xff, 0xe6, 0x66, 0x49, 0x6a, 0xd9, 0x7e, 0x69, 0x00,
  0xfa, 0xc0, 0xb5, 0x00, 0xf6, 0x92, 0x7e, 0x22, 0xf5, 0x93, 0x7f, 0xff,
  0xf4, 0x90, 0x7c, 0xff, 0xf4, 0x8f, 0x7b, 0xff, 0xf4, 0x90, 0x7b, 0xff,
  0xf5, 0x90, 0x7b, 0xff, 0xf5, 0x90, 0x7b, 0xff, 0xf4, 0x8f, 0x7a, 0xff,
  0xf3, 0x8e, 0x79, 0xff, 0xf3, 0x8f, 0x7a, 0xff, 0xf3, 0x8e, 0x7a, 0xff,
  0xf4, 0x8d, 0x78, 0xff, 0xf4, 0x8d, 0x78, 0xff, 0xf2, 0x8b, 0x76, 0xff,
  0xf1, 0x8a, 0x76, 0xff, 0xf0, 0x88, 0x74, 0xff, 0xed, 0x85, 0x70, 0xff,
  0xe6, 0x7e, 0x6a, 0xff, 0xdb, 0x74, 0x60, 0xff, 0xd4, 0x6d, 0x58, 0xff,
  0xc0, 0x5d, 0x49, 0xff, 0x9d, 0x48, 0x36, 0xff, 0x7e, 0x36, 0x26, 0xff,
  0x6c, 0x2a, 0x1b, 0xff, 0x62, 0x25, 0x16, 0xff, 0x5d, 0x22, 0x14, 0xff,
  0x5a, 0x20, 0x12, 0xff, 0x59, 0x1f, 0x11, 0xff, 0x57, 0x1e, 0x10, 0xff,
  0x56, 0x1e, 0x0f, 0xff, 0x56, 0x1e, 0x0f, 0xff, 0x57, 0x1e, 0x10, 0xff,
  0x56, 0x1d, 0x0f, 0xff, 0x56, 0x1d, 0x0f, 0xff, 0x55, 0x1d, 0x0f, 0xff,
  0x56, 0x1d, 0x0f, 0xff, 0x55, 0x1d, 0x0f, 0xff, 0x57, 0x1d, 0x0f, 0xff,
  0x57, 0x1e, 0x10, 0xff, 0x57, 0x1e, 0x0f, 0xff, 0x58, 0x1e, 0x0f, 0xff,
  0x58, 0x1d, 0x0f, 0xff, 0x59, 0x1d, 0x0e, 0xff, 0x58, 0x1d, 0x0e, 0xff,
  0x58, 0x1d, 0x0f, 0xff, 0x58, 0x1d, 0x0e, 0xff, 0x58, 0x1d, 0x0e, 0xff,
  0x59, 0x1d, 0x0f, 0xff, 0x59, 0x1d, 0x0f, 0xff, 0x58, 0x1d, 0x0e, 0xff,
  0x58, 0x1d, 0x0e, 0xff, 0x59, 0x1d, 0x0f, 0xff, 0x58, 0x1d, 0x0e, 0xff,
  0x57, 0x1c, 0x0e, 0xff, 0x57, 0x1c, 0x0e, 0xff, 0x58, 0x1c, 0x0e, 0xff,
  0x59, 0x1c, 0x0e, 0xff, 0x5a, 0x1e, 0x0f, 0xff, 0x5b, 0x1e, 0x0f, 0xff,
  0x5b, 0x1e, 0x0f, 0xff, 0x5a, 0x1e, 0x0f, 0xff, 0x59, 0x1d, 0x0f, 0xff,
  0x59, 0x1d, 0x0f, 0xff, 0x5a, 0x1e, 0x0f, 0xff, 0x5b, 0x1e, 0x10, 0xff,
  0x5b, 0x1e, 0x0f, 0xff, 0x5a, 0x1d, 0x0f, 0xff, 0x58, 0x1c, 0x0e, 0xff,
  0x59, 0x1e, 0x0f, 0xff, 0x5a, 0x1e, 0x10, 0xff, 0x58, 0x1d, 0x0f, 0xff,
  0x59, 0x1e, 0x10, 0xff, 0x59, 0x1e, 0x10, 0xff, 0x59, 0x1e, 0x10, 0xff,
  0x59, 0x1e, 0x10, 0xff, 0x59, 0x1e, 0x10, 0xff, 0x5a, 0x1f, 0x11, 0xff,
  0x5a, 0x20, 0x11, 0xff, 0x5a, 0x1f, 0x11, 0xff, 0x5a, 0x20, 0x12, 0xff,
  0x5c, 0x21, 0x13, 0xff, 0x60, 0x23, 0x14, 0xff, 0x65, 0x25, 0x16, 0xff,
  0x6b, 0x29, 0x18, 0xff, 0x75, 0x2e, 0x1d, 0xff, 0x7e, 0x33, 0x22, 0xff,
  0x82, 0x35, 0x24, 0xff, 0x84, 0x36, 0x24, 0xff, 0x8b, 0x39, 0x27, 0xff,
  0x92, 0x3c, 0x2a, 0xff, 0x98, 0x40, 0x2d, 0xff, 0xa0, 0x44, 0x30, 0xff,
  0xa8, 0x49, 0x34, 0xff, 0xae, 0x4c, 0x36, 0xff, 0xb5, 0x4f, 0x39, 0xff,
  0xbe, 0x55, 0x3e, 0xff, 0xc6, 0x59, 0x42, 0xff, 0xcc, 0x5f, 0x47, 0xff,
  0xd4, 0x64, 0x4b, 0xff, 0xda, 0x67, 0x4e, 0xff, 0xe1, 0x6b, 0x51, 0xff,
  0xe4, 0x6d, 0x54, 0xff, 0xe7, 0x70, 0x56, 0xff, 0xea, 0x72, 0x56, 0xff,
  0xeb, 0x73, 0x57, 0xff, 0xe4, 0x63, 0x46, 0x22, 0xdb, 0x87, 0x73, 0x00,
  0xfb, 0xc6, 0xbc, 0x00, 0xf6, 0x92, 0x7d, 0x00, 0xf6, 0x94, 0x80, 0xc3,
  0xf3, 0x90, 0x7c, 0xff, 0xf3, 0x8f, 0x7b, 0xff, 0xf3, 0x90, 0x7b, 0xff,
  0xf4, 0x90, 0x7b, 0xff, 0xf3, 0x8f, 0x7a, 0xff, 0xf4, 0x8f, 0x7a, 0xff,
  0xf4, 0x8e, 0x78, 0xff, 0xf3, 0x8d, 0x79, 0xff, 0xf3, 0x8d, 0x78, 0xff,
  0xf3, 0x8e, 0x79, 0xff, 0xf3, 0x8e, 0x7a, 0xff, 0xf2, 0x8c, 0x77, 0xff,
  0xf1, 0x8a, 0x76, 0xff, 0xf1, 0x89, 0x74, 0xff, 0xee, 0x85, 0x71, 0xff,
  0xe9, 0x80, 0x6c, 0xff, 0xe3, 0x7a, 0x66, 0xff, 0xd7, 0x6f, 0x5b, 0xff,
  0xc9, 0x65, 0x51, 0xff, 0xbc, 0x5c, 0x48, 0xff, 0xaa, 0x50, 0x3d, 0xff,
  0x98, 0x45, 0x33, 0xff, 0x8a, 0x3d, 0x2b, 0xff, 0x80, 0x37, 0x26, 0xff,
  0x7a, 0x33, 0x23, 0xff, 0x78, 0x32, 0x22, 0xff, 0x75, 0x30, 0x21, 0xff,
  0x74, 0x2f, 0x20, 0xff, 0x74, 0x2f, 0x1f, 0xff, 0x74, 0x2f, 0x1f, 0xff,
  0x74, 0x2f, 0x1f, 0xff, 0x75, 0x2f, 0x1f, 0xff, 0x74, 0x2e, 0x1e, 0xff,
  0x74, 0x2f, 0x1f, 0xff, 0x73, 0x2e, 0x1e, 0xff, 0x73, 0x2e, 0x1e, 0xff,
  0x73, 0x2e, 0x1e, 0xff, 0x73, 0x2e, 0x1e, 0xff, 0x72, 0x2e, 0x1e, 0xff,
  0x72, 0x2d, 0x1d, 0xff, 0x73, 0x2d, 0x1d, 0xff, 0x72, 0x2d, 0x1d, 0xff,
  0x72, 0x2c, 0x1d, 0xff, 0x72, 0x2c, 0x1c, 0xff, 0x71, 0x2c, 0x1c, 0xff,
  0x72, 0x2d, 0x1d, 0xff, 0x73, 0x2e, 0x1e, 0xff, 0x73, 0x2e, 0x1e, 0xff,
  0x74, 0x2e, 0x1e, 0xff, 0x73, 0x2e, 0x1e, 0xff, 0x72, 0x2d, 0x1d, 0xff,
  0x72, 0x2d, 0x1d, 0xff, 0x72, 0x2d, 0x1d, 0xff, 0x74, 0x2d, 0x1d, 0xff,
  0x75, 0x2d, 0x1d, 0xff, 0x74, 0x2e, 0x1e, 0xff, 0x74, 0x2e, 0x1e, 0xff,
  0x74, 0x2e, 0x1e, 0xff, 0x75, 0x2e, 0x1e, 0xff, 0x74, 0x2e, 0x1d, 0xff,
  0x74, 0x2d, 0x1d, 0xff, 0x73, 0x2c, 0x1c, 0xff, 0x73, 0x2d, 0x1d, 0xff,
  0x73, 0x2d, 0x1d, 0xff, 0x71, 0x2b, 0x1c, 0xff, 0x72, 0x2c, 0x1c, 0xff,
  0x73, 0x2d, 0x1d, 0xff, 0x73, 0x2d, 0x1e, 0xff, 0x73, 0x2e, 0x1e, 0xff,
  0x72, 0x2e, 0x1e, 0xff, 0x72, 0x2d, 0x1d, 0xff, 0x72, 0x2c, 0x1c, 0xff,
  0x71, 0x2c, 0x1c, 0xff, 0x72, 0x2d, 0x1d, 0xff, 0x73, 0x2e, 0x1e, 0xff,
  0x73, 0x2e, 0x1e, 0xff, 0x74, 0x2e, 0x1e, 0xff, 0x74, 0x2e, 0x1e, 0xff,
  0x76, 0x2f, 0x1f, 0xff, 0x78, 0x31, 0x20, 0xff, 0x7c, 0x32, 0x22, 0xff,
  0x7f, 0x34, 0x22, 0xff, 0x80, 0x35, 0x23, 0xff, 0x83, 0x36, 0x24, 0xff,
  0x87, 0x38, 0x26, 0xff, 0x8c, 0x3a, 0x28, 0xff, 0x92, 0x3c, 0x2a, 0xff,
  0x98, 0x40, 0x2d, 0xff, 0x9f, 0x43, 0x30, 0xff, 0xa5, 0x48, 0x32, 0xff,
  0xad, 0x4c, 0x36, 0xff, 0xb3, 0x4e, 0x38, 0xff, 0xba, 0x53, 0x3c, 0xff,
  0xc2, 0x58, 0x40, 0xff, 0xc9, 0x5b, 0x43, 0xff, 0xcf, 0x60, 0x48, 0xff,
  0xd6, 0x65, 0x4c, 0xff, 0xdc, 0x69, 0x4f, 0xff, 0xe1, 0x6c, 0x52, 0xff,
  0xe4, 0x6e, 0x54, 0xff, 0xe8, 0x71, 0x56, 0xff, 0xe9, 0x71, 0x56, 0xff,
  0xeb, 0x73, 0x57, 0xc3, 0xe2, 0x61, 0x43, 0x00, 0xdd, 0x91, 0x7e, 0x00,
  0xfb, 0xcd, 0xc4, 0x00, 0xf6, 0x91, 0x7c, 0x00, 0xf5, 0x93, 0x7f, 0x6a,
  0xf4, 0x90, 0x7b, 0xff, 0xf4, 0x8f, 0x7a, 0xff, 0xf3, 0x8f, 0x7a, 0xff,
  0xf3, 0x8f, 0x7a, 0xff, 0xf3, 0x8f, 0x7a, 0xff, 0xf3, 0x8f, 0x7a, 0xff,
  0xf4, 0x8f, 0x79, 0xff, 0xf3, 0x8e, 0x78, 0xff, 0xf3, 0x8d, 0x78, 0xff,
  0xf2, 0x8d, 0x78, 0xff, 0xf2, 0x8e, 0x7a, 0xff, 0xf1, 0x8c, 0x78, 0xff,
  0xf1, 0x8a, 0x75, 0xff, 0xf0, 0x89, 0x74, 0xff, 0xee, 0x87, 0x72, 0xff,
  0xeb, 0x83, 0x6e, 0xff, 0xe6, 0x7e, 0x69, 0xff, 0xdf, 0x77, 0x62, 0xff,
  0xd6, 0x6f, 0x5a, 0xff, 0xc8, 0x64, 0x50, 0xff, 0xb8, 0x59, 0x46, 0xff,
  0xaa, 0x50, 0x3d, 0xff, 0x9c, 0x47, 0x35, 0xff, 0x91, 0x40, 0x2f, 0xff,
  0x8c, 0x3d, 0x2c, 0xff, 0x88, 0x3b, 0x2a, 0xff, 0x84, 0x39, 0x28, 0xff,
  0x82, 0x37, 0x26, 0xff, 0x81, 0x36, 0x25, 0xff, 0x81, 0x36, 0x25, 0xff,
  0x81, 0x36, 0x25, 0xff, 0x81, 0x36, 0x25, 0xff, 0x81, 0x36, 0x25, 0xff,
  0x80, 0x35, 0x24, 0xff, 0x80, 0x35, 0x24, 0xff, 0x7e, 0x34, 0x23, 0xff,
  0x7f, 0x34, 0x23, 0xff, 0x80, 0x34, 0x23, 0xff, 0x7f, 0x34, 0x23, 0xff,
  0x7f, 0x34, 0x23, 0xff, 0x7e, 0x33, 0x23, 0xff, 0x7e, 0x33, 0x23, 0xff,
  0x7e, 0x33, 0x22, 0xff, 0x7d, 0x32, 0x22, 0xff, 0x7d, 0x33, 0x22, 0xff,
  0x7c, 0x33, 0x22, 0xff, 0x7e, 0x34, 0x23, 0xff, 0x7e, 0x34, 0x23, 0xff,
  0x7e, 0x34, 0x23, 0xff, 0x7e, 0x33, 0x22, 0xff, 0x7d, 0x33, 0x22, 0xff,
  0x7d, 0x33, 0x22, 0xff, 0x7d, 0x33, 0x23, 0xff, 0x7e, 0x33, 0x22, 0xff,
  0x80, 0x34, 0x22, 0xff, 0x7f, 0x34, 0x23, 0xff, 0x7f, 0x34, 0x23, 0xff,
  0x7f, 0x34, 0x23, 0xff, 0x7f, 0x34, 0x23, 0xff, 0x7f, 0x33, 0x22, 0xff,
  0x7e, 0x33, 0x21, 0xff, 0x7e, 0x32, 0x21, 0xff, 0x7e, 0x33, 0x22, 0xff,
  0x7e, 0x33, 0x22, 0xff, 0x7d, 0x32, 0x22, 0xff, 0x7d, 0x32, 0x22, 0xff,
  0x7e, 0x33, 0x23, 0xff, 0x7e, 0x34, 0x23, 0xff, 0x7f, 0x34, 0x23, 0xff,
  0x7d, 0x33, 0x22, 0xff, 0x7e, 0x34, 0x23, 0xff, 0x7e, 0x33, 0x22, 0xff,
  0x7c, 0x32, 0x21, 0xff, 0x7d, 0x33, 0x22, 0xff, 0x7e, 0x34, 0x22, 0xff,
  0x7f, 0x34, 0x23, 0xff, 0x7f, 0x34, 0x23, 0xff, 0x7f, 0x34, 0x23, 0xff,
  0x80, 0x34, 0x23, 0xff, 0x82, 0x36, 0x25, 0xff, 0x85, 0x37, 0x26, 0xff,
  0x85, 0x38, 0x26, 0xff, 0x88, 0x39, 0x27, 0xff, 0x8d, 0x3c, 0x29, 0xff,
  0x92, 0x3d, 0x2b, 0xff, 0x95, 0x3e, 0x2c, 0xff, 0x9a, 0x42, 0x2e, 0xff,
  0x9f, 0x45, 0x31, 0xff, 0xa5, 0x48, 0x33, 0xff, 0xab, 0x4b, 0x36, 0xff,
  0xb1, 0x4f, 0x39, 0xff, 0xb8, 0x52, 0x3b, 0xff, 0xbe, 0x55, 0x3e, 0xff,
  0xc6, 0x5a, 0x42, 0xff, 0xcc, 0x5e, 0x45, 0xff, 0xd1, 0x61, 0x48, 0xff,
  0xd8, 0x66, 0x4c, 0xff, 0xde, 0x6a, 0x50, 0xff, 0xe3, 0x6e, 0x53, 0xff,
  0xe6, 0x70, 0x55, 0xff, 0xe8, 0x70, 0x56, 0xff, 0xe9, 0x71, 0x56, 0xff,
  0xeb, 0x73, 0x57, 0x6a, 0xdf, 0x5e, 0x3f, 0x00, 0xdf, 0x9d, 0x8c, 0x00,
  0xfc, 0xd7, 0xd0, 0x00, 0xf5, 0x90, 0x7b, 0x00, 0xf4, 0x91, 0x7d, 0x09,
  0xf3, 0x8e, 0x79, 0xf3, 0xf4, 0x8e, 0x79, 0xff, 0xf3, 0x8f, 0x79, 0xff,
  0xf3, 0x8e, 0x79, 0xff, 0xf2, 0x8e, 0x79, 0xff, 0xf3, 0x8f, 0x79, 0xff,
  0xf3, 0x8f, 0x79, 0xff, 0xf3, 0x8e, 0x79, 0xff, 0xf2, 0x8d, 0x78, 0xff,
  0xf2, 0x8c, 0x77, 0xff, 0xf1, 0x8b, 0x76, 0xff, 0xf0, 0x8a, 0x76, 0xff,
  0xf1, 0x8a, 0x76, 0xff, 0xf0, 0x8a, 0x75, 0xff, 0xef, 0x88, 0x73, 0xff,
  0xec, 0x85, 0x70, 0xff, 0xe9, 0x81, 0x6c, 0xff, 0xe4, 0x7b, 0x67, 0xff,
  0xde, 0x75, 0x60, 0xff, 0xd4, 0x6d, 0x58, 0xff, 0xc8, 0x64, 0x4f, 0xff,
  0xbc, 0x5c, 0x48, 0xff, 0xb1, 0x54, 0x41, 0xff, 0xa6, 0x4d, 0x3a, 0xff,
  0x9e, 0x48, 0x36, 0xff, 0x99, 0x44, 0x33, 0xff, 0x95, 0x42, 0x30, 0xff,
  0x93, 0x40, 0x2e, 0xff, 0x92, 0x40, 0x2e, 0xff, 0x8f, 0x3f, 0x2d, 0xff,
  0x8f, 0x3e, 0x2c, 0xff, 0x8f, 0x3e, 0x2d, 0xff, 0x8d, 0x3d, 0x2b, 0xff,
  0x8c, 0x3b, 0x2a, 0xff, 0x8c, 0x3b, 0x29, 0xff, 0x8b, 0x3b, 0x29, 0xff,
  0x8b, 0x3a, 0x28, 0xff, 0x8c, 0x3b, 0x29, 0xff, 0x8c, 0x3a, 0x29, 0xff,
  0x8c, 0x3a, 0x29, 0xff, 0x8c, 0x3b, 0x29, 0xff, 0x8a, 0x3a, 0x29, 0xff,
  0x8a, 0x3a, 0x29, 0xff, 0x8b, 0x3b, 0x29, 0xff, 0x8a, 0x3a, 0x29, 0xff,
  0x8a, 0x3b, 0x29, 0xff, 0x8a, 0x3a, 0x29, 0xff, 0x89, 0x3a, 0x29, 0xff,
  0x8a, 0x3a, 0x29, 0xff, 0x8a, 0x3a, 0x28, 0xff, 0x8a, 0x3a, 0x29, 0xff,
  0x8a, 0x3a, 0x28, 0xff, 0x8a, 0x3a, 0x28, 0xff, 0x8a, 0x39, 0x28, 0xff,
  0x8a, 0x39, 0x27, 0xff, 0x8a, 0x3a, 0x28, 0xff, 0x8a, 0x3a, 0x28, 0xff,
  0x8a, 0x3a, 0x29, 0xff, 0x8a, 0x3a, 0x29, 0xff, 0x88, 0x38, 0x27, 0xff,
  0x89, 0x38, 0x27, 0xff, 0x8a, 0x39, 0x27, 0xff, 0x8b, 0x3a, 0x28, 0xff,
  0x8b, 0x3a, 0x29, 0xff, 0x8b, 0x3a, 0x28, 0xff, 0x8a, 0x3a, 0x28, 0xff,
  0x8a, 0x3a, 0x29, 0xff, 0x8b, 0x3a, 0x29, 0xff, 0x8b, 0x3a, 0x29, 0xff,
  0x8a, 0x3a, 0x28, 0xff, 0x8a, 0x3a, 0x29, 0xff, 0x8a, 0x3a, 0x29, 0xff,
  0x89, 0x3a, 0x28, 0xff, 0x8a, 0x3a, 0x28, 0xff, 0x8a, 0x3a, 0x29, 0xff,
  0x8a, 0x3a, 0x28, 0xff, 0x8b, 0x3a, 0x28, 0xff, 0x8a, 0x3a, 0x28, 0xff,
  0x8c, 0x3a, 0x28, 0xff, 0x8e, 0x3c, 0x2a, 0xff, 0x8f, 0x3d, 0x2b, 0xff,
  0x8f, 0x3d, 0x2a, 0xff, 0x93, 0x3e, 0x2c, 0xff, 0x98, 0x40, 0x2d, 0xff,
  0x9a, 0x42, 0x2e, 0xff, 0x9e, 0x43, 0x30, 0xff, 0xa2, 0x46, 0x32, 0xff,
  0xa7, 0x49, 0x34, 0xff, 0xac, 0x4c, 0x37, 0xff, 0xb2, 0x4f, 0x3a, 0xff,
  0xb7, 0x52, 0x3b, 0xff, 0xbe, 0x55, 0x3e, 0xff, 0xc3, 0x58, 0x40, 0xff,
  0xc9, 0x5c, 0x44, 0xff, 0xd0, 0x60, 0x47, 0xff, 0xd4, 0x64, 0x4a, 0xff,
  0xda, 0x68, 0x4e, 0xff, 0xdf, 0x6b, 0x51, 0xff, 0xe5, 0x6f, 0x54, 0xff,
  0xe8, 0x71, 0x56, 0xff, 0xea, 0x73, 0x57, 0xff, 0xeb, 0x72, 0x57, 0xf3,
  0xec, 0x73, 0x56, 0x09, 0xda, 0x5a, 0x3b, 0x00, 0xe3, 0xaf, 0xa2, 0x00,
  0xfc, 0xe3, 0xdf, 0x00, 0xf5, 0x93, 0x7e, 0x00, 0xf4, 0x92, 0x7d, 0x00,
  0xf4, 0x8e, 0x79, 0x88, 0xf3, 0x8e, 0x78, 0xff, 0xf3, 0x8f, 0x79, 0xff,
  0xf3, 0x8d, 0x78, 0xff, 0xf2, 0x8d, 0x78, 0xff, 0xf3, 0x8e, 0x79, 0xff,
  0xf3, 0x8e, 0x78, 0xff, 0xf3, 0x8d, 0x78, 0xff, 0xf2, 0x8d, 0x78, 0xff,
  0xf1, 0x8c, 0x77, 0xff, 0xf1, 0x8a, 0x75, 0xff, 0xf1, 0x8a, 0x75, 0xff,
  0xf1, 0x8a, 0x75, 0xff, 0xf0, 0x89, 0x75, 0xff, 0xf0, 0x88, 0x73, 0xff,
  0xee, 0x86, 0x71, 0xff, 0xeb, 0x82, 0x6d, 0xff, 0xe7, 0x7e, 0x69, 0xff,
  0xe3, 0x79, 0x64, 0xff, 0xdd, 0x73, 0x5e, 0xff, 0xd3, 0x6b, 0x57, 0xff,
  0xc9, 0x64, 0x50, 0xff, 0xc0, 0x5e, 0x4a, 0xff, 0xb8, 0x58, 0x45, 0xff,
  0xb0, 0x53, 0x3f, 0xff, 0xa9, 0x4e, 0x3b, 0xff, 0xa6, 0x4c, 0x39, 0xff,
  0xa3, 0x4a, 0x38, 0xff, 0xa0, 0x48, 0x36, 0xff, 0x9d, 0x46, 0x34, 0xff,
  0x9c, 0x45, 0x33, 0xff, 0x9a, 0x45, 0x32, 0xff, 0x9a, 0x44, 0x32, 0xff,
  0x98, 0x42, 0x30, 0xff, 0x97, 0x42, 0x30, 0xff, 0x98, 0x42, 0x2f, 0xff,
  0x99, 0x42, 0x2f, 0xff, 0x98, 0x42, 0x2f, 0xff, 0x97, 0x41, 0x2f, 0xff,
  0x98, 0x41, 0x2f, 0xff, 0x97, 0x41, 0x2f, 0xff, 0x96, 0x41, 0x2e, 0xff,
  0x97, 0x41, 0x2f, 0xff, 0x97, 0x42, 0x30, 0xff, 0x97, 0x42, 0x2f, 0xff,
  0x97, 0x41, 0x2e, 0xff, 0x96, 0x40, 0x2e, 0xff, 0x95, 0x40, 0x2e, 0xff,
  0x95, 0x40, 0x2e, 0xff, 0x96, 0x40, 0x2e, 0xff, 0x97, 0x40, 0x2e, 0xff,
  0x97, 0x40, 0x2e, 0xff, 0x97, 0x41, 0x2e, 0xff, 0x95, 0x40, 0x2e, 0xff,
  0x94, 0x3f, 0x2d, 0xff, 0x95, 0x40, 0x2d, 0xff, 0x95, 0x40, 0x2d, 0xff,
  0x94, 0x40, 0x2e, 0xff, 0x94, 0x3f, 0x2e, 0xff, 0x94, 0x3f, 0x2d, 0xff,
  0x94, 0x3f, 0x2d, 0xff, 0x95, 0x3f, 0x2d, 0xff, 0x96, 0x40, 0x2e, 0xff,
  0x95, 0x40, 0x2e, 0xff, 0x95, 0x3f, 0x2d, 0xff, 0x95, 0x40, 0x2d, 0xff,
  0x95, 0x3f, 0x2e, 0xff, 0x95, 0x40, 0x2d, 0xff, 0x95, 0x40, 0x2d, 0xff,
  0x94, 0x3f, 0x2d, 0xff, 0x94, 0x3f, 0x2d, 0xff, 0x95, 0x40, 0x2d, 0xff,
  0x95, 0x40, 0x2d, 0xff, 0x96, 0x40, 0x2d, 0xff, 0x97, 0x40, 0x2d, 0xff,
  0x96, 0x40, 0x2d, 0xff, 0x95, 0x3f, 0x2d, 0xff, 0x96, 0x40, 0x2d, 0xff,
  0x97, 0x40, 0x2d, 0xff, 0x98, 0x41, 0x2e, 0xff, 0x99, 0x42, 0x2f, 0xff,
  0x9b, 0x42, 0x2f, 0xff, 0x9e, 0x44, 0x30, 0xff, 0xa0, 0x44, 0x30, 0xff,
  0xa2, 0x46, 0x31, 0xff, 0xa6, 0x48, 0x33, 0xff, 0xaa, 0x4a, 0x35, 0xff,
  0xaf, 0x4d, 0x38, 0xff, 0xb3, 0x51, 0x3b, 0xff, 0xb8, 0x52, 0x3c, 0xff,
  0xbd, 0x55, 0x3e, 0xff, 0xc2, 0x57, 0x40, 0xff, 0xc8, 0x5b, 0x43, 0xff,
  0xce, 0x5f, 0x46, 0xff, 0xd3, 0x62, 0x49, 0xff, 0xd8, 0x66, 0x4b, 0xff,
  0xdd, 0x69, 0x4f, 0xff, 0xe1, 0x6d, 0x53, 0xff, 0xe7, 0x70, 0x55, 0xff,
  0xe9, 0x72, 0x56, 0xff, 0xeb, 0x73, 0x57, 0xff, 0xea, 0x72, 0x56, 0x88,
  0xea, 0x70, 0x54, 0x00, 0xd7, 0x5a, 0x3b, 0x00, 0xeb, 0xc8, 0xbf, 0x00,
  0xfd, 0xf2, 0xf0, 0x00, 0xf6, 0x9a, 0x87, 0x00, 0xf5, 0x91, 0x7b, 0x00,
  0xf5, 0x8f, 0x79, 0x15, 0xf3, 0x8e, 0x78, 0xf7, 0xf3, 0x8e, 0x78, 0xff,
  0xf3, 0x8e, 0x78, 0xff, 0xf3, 0x8d, 0x78, 0xff, 0xf2, 0x8d, 0x78, 0xff,
  0xf2, 0x8d, 0x78, 0xff, 0xf2, 0x8d, 0x78, 0xff, 0xf2, 0x8d, 0x77, 0xff,
  0xf1, 0x8c, 0x77, 0xff, 0xf1, 0x8c, 0x76, 0xff, 0xf1, 0x8c, 0x76, 0xff,
  0xf0, 0x8b, 0x76, 0xff, 0xf0, 0x89, 0x75, 0xff, 0xef, 0x87, 0x73, 0xff,
  0xee, 0x86, 0x71, 0xff, 0xec, 0x83, 0x6e, 0xff, 0xe9, 0x7f, 0x6b, 0xff,
  0xe7, 0x7c, 0x67, 0xff, 0xe2, 0x77, 0x63, 0xff, 0xdc, 0x71, 0x5d, 0xff,
  0xd5, 0x6c, 0x57, 0xff, 0xcc, 0x66, 0x51, 0xff, 0xc5, 0x61, 0x4c, 0xff,
  0xbf, 0x5c, 0x48, 0xff, 0xb8, 0x58, 0x43, 0xff, 0xb5, 0x55, 0x41, 0xff,
  0xb1, 0x53, 0x3f, 0xff, 0xad, 0x50, 0x3d, 0xff, 0xaa, 0x4e, 0x3b, 0xff,
  0xa8, 0x4c, 0x39, 0xff, 0xa7, 0x4c, 0x39, 0xff, 0xa5, 0x4a, 0x37, 0xff,
  0xa5, 0x4a, 0x37, 0xff, 0xa4, 0x49, 0x37, 0xff, 0xa4, 0x49, 0x36, 0xff,
  0xa5, 0x49, 0x35, 0xff, 0xa4, 0x48, 0x35, 0xff, 0xa3, 0x48, 0x35, 0xff,
  0xa3, 0x48, 0x35, 0xff, 0xa3, 0x48, 0x35, 0xff, 0xa1, 0x47, 0x34, 0xff,
  0xa1, 0x47, 0x34, 0xff, 0xa2, 0x48, 0x35, 0xff, 0xa2, 0x48, 0x35, 0xff,
  0xa1, 0x47, 0x34, 0xff, 0xa1, 0x47, 0x33, 0xff, 0xa1, 0x47, 0x33, 0xff,
  0xa1, 0x47, 0x33, 0xff, 0xa0, 0x46, 0x33, 0xff, 0xa1, 0x46, 0x32, 0xff,
  0xa1, 0x46, 0x33, 0xff, 0xa0, 0x46, 0x33, 0xff, 0xa0, 0x47, 0x33, 0xff,
  0xa0, 0x47, 0x33, 0xff, 0xa1, 0x46, 0x32, 0xff, 0xa1, 0x46, 0x33, 0xff,
  0xa0, 0x47, 0x33, 0xff, 0x9f, 0x45, 0x32, 0xff, 0x9e, 0x45, 0x32, 0xff,
  0x9f, 0x45, 0x32, 0xff, 0xa0, 0x46, 0x33, 0xff, 0x9e, 0x45, 0x32, 0xff,
  0x9f, 0x45, 0x32, 0xff, 0x9e, 0x45, 0x32, 0xff, 0x9e, 0x44, 0x32, 0xff,
  0x9f, 0x45, 0x32, 0xff, 0x9f, 0x45, 0x32, 0xff, 0x9e, 0x45, 0x32, 0xff,
  0x9e, 0x45, 0x32, 0xff, 0x9e, 0x45, 0x32, 0xff, 0x9f, 0x45, 0x32, 0xff,
  0x9f, 0x45, 0x32, 0xff, 0xa0, 0x45, 0x31, 0xff, 0xa1, 0x45, 0x32, 0xff,
  0xa0, 0x46, 0x32, 0xff, 0xa0, 0x45, 0x31, 0xff, 0xa1, 0x46, 0x32, 0xff,
  0xa2, 0x46, 0x32, 0xff, 0xa3, 0x47, 0x33, 0xff, 0xa5, 0x48, 0x33, 0xff,
  0xa4, 0x48, 0x34, 0xff, 0xa6, 0x49, 0x34, 0xff, 0xa7, 0x48, 0x33, 0xff,
  0xa9, 0x4a, 0x35, 0xff, 0xae, 0x4d, 0x37, 0xff, 0xb2, 0x4f, 0x39, 0xff,
  0xb6, 0x52, 0x3b, 0xff, 0xba, 0x54, 0x3e, 0xff, 0xbe, 0x56, 0x3f, 0xff,
  0xc3, 0x59, 0x41, 0xff, 0xc8, 0x5b, 0x43, 0xff, 0xcd, 0x5e, 0x45, 0xff,
  0xd2, 0x61, 0x47, 0xff, 0xd7, 0x65, 0x4b, 0xff, 0xda, 0x67, 0x4d, 0xff,
  0xde, 0x6a, 0x50, 0xff, 0xe3, 0x6e, 0x53, 0xff, 0xe8, 0x70, 0x55, 0xff,
  0xea, 0x71, 0x56, 0xff, 0xea, 0x71, 0x55, 0xf7, 0xea, 0x70, 0x54, 0x15,
  0xe7, 0x6b, 0x4f, 0x00, 0xd4, 0x5f, 0x43, 0x00, 0xf4, 0xe3, 0xdf, 0x00,
  0xfe, 0xff, 0xff, 0x00, 0xf7, 0xaa, 0x9b, 0x00, 0xf5, 0x8d, 0x77, 0x00,
  0xf4, 0x8e, 0x79, 0x00, 0xf3, 0x8d, 0x76, 0x7b, 0xf3, 0x8d, 0x77, 0xff,
  0xf2, 0x8d, 0x77, 0xff, 0xf3, 0x8d, 0x77, 0xff, 0xf2, 0x8c, 0x77, 0xff,
  0xf1, 0x8c, 0x77, 0xff, 0xf2, 0x8c, 0x77, 0xff, 0xf2, 0x8c, 0x77, 0xff,
  0xf2, 0x8c, 0x77, 0xff, 0xf1, 0x8c, 0x77, 0xff, 0xf1, 0x8c, 0x77, 0xff,
  0xf1, 0x8b, 0x76, 0xff, 0xef, 0x88, 0x73, 0xff, 0xef, 0x88, 0x73, 0xff,
  0xee, 0x86, 0x71, 0xff, 0xed, 0x83, 0x6e, 0xff, 0xeb, 0x81, 0x6c, 0xff,
  0xe9, 0x7e, 0x6a, 0xff, 0xe6, 0x7c, 0x67, 0xff, 0xe3, 0x77, 0x62, 0xff,
  0xde, 0x73, 0x5e, 0xff, 0xd8, 0x6e, 0x59, 0xff, 0xd1, 0x68, 0x53, 0xff,
  0xcb, 0x64, 0x4f, 0xff, 0xc6, 0x61, 0x4b, 0xff, 0xc2, 0x5e, 0x48, 0xff,
  0xbe, 0x5b, 0x46, 0xff, 0xb9, 0x57, 0x43, 0xff, 0xb7, 0x55, 0x41, 0xff,
  0xb5, 0x54, 0x40, 0xff, 0xb4, 0x54, 0x3f, 0xff, 0xb3, 0x53, 0x3f, 0xff,
  0xb2, 0x52, 0x3f, 0xff, 0xb1, 0x51, 0x3d, 0xff, 0xb1, 0x51, 0x3d, 0xff,
  0xb0, 0x50, 0x3c, 0xff, 0xaf, 0x4f, 0x3a, 0xff, 0xae, 0x4e, 0x3a, 0xff,
  0xae, 0x4f, 0x3b, 0xff, 0xae, 0x4f, 0x3b, 0xff, 0xad, 0x4f, 0x3b, 0xff,
  0xad, 0x4e, 0x3a, 0xff, 0xac, 0x4d, 0x3a, 0xff, 0xac, 0x4e, 0x39, 0xff,
  0xaa, 0x4d, 0x39, 0xff, 0xab, 0x4d, 0x39, 0xff, 0xaa, 0x4d, 0x38, 0xff,
  0xaa, 0x4c, 0x38, 0xff, 0xaa, 0x4c, 0x38, 0xff, 0xab, 0x4c, 0x38, 0xff,
  0xab, 0x4d, 0x39, 0xff, 0xaa, 0x4c, 0x39, 0xff, 0xa8, 0x4c, 0x38, 0xff,
  0xa9, 0x4c, 0x38, 0xff, 0xab, 0x4c, 0x38, 0xff, 0xab, 0x4d, 0x38, 0xff,
  0xab, 0x4d, 0x39, 0xff, 0xa9, 0x4b, 0x38, 0xff, 0xa8, 0x4b, 0x37, 0xff,
  0xa9, 0x4a, 0x37, 0xff, 0xa9, 0x4b, 0x37, 0xff, 0xa8, 0x4a, 0x36, 0xff,
  0xa7, 0x4a, 0x36, 0xff, 0xa7, 0x4a, 0x36, 0xff, 0xa8, 0x4a, 0x36, 0xff,
  0xa8, 0x4a, 0x36, 0xff, 0xa8, 0x4b, 0x37, 0xff, 0xa8, 0x4a, 0x36, 0xff,
  0xa7, 0x4a, 0x36, 0xff, 0xa8, 0x4a, 0x36, 0xff, 0xa7, 0x4a, 0x36, 0xff,
  0xa7, 0x4a, 0x36, 0xff, 0xa8, 0x4a, 0x36, 0xff, 0xaa, 0x4b, 0x37, 0xff,
  0xaa, 0x4c, 0x37, 0xff, 0xaa, 0x4a, 0x36, 0xff, 0xaa, 0x4b, 0x37, 0xff,
  0xaa, 0x4b, 0x37, 0xff, 0xad, 0x4c, 0x37, 0xff, 0xad, 0x4c, 0x37, 0xff,
  0xad, 0x4d, 0x38, 0xff, 0xae, 0x4d, 0x38, 0xff, 0xae, 0x4b, 0x36, 0xff,
  0xb2, 0x4e, 0x39, 0xff, 0xb6, 0x51, 0x3b, 0xff, 0xb8, 0x52, 0x3c, 0xff,
  0xbc, 0x55, 0x3e, 0xff, 0xc1, 0x58, 0x41, 0xff, 0xc5, 0x5a, 0x42, 0xff,
  0xc8, 0x5c, 0x44, 0xff, 0xcd, 0x5e, 0x46, 0xff, 0xd2, 0x61, 0x48, 0xff,
  0xd5, 0x63, 0x4a, 0xff, 0xd9, 0x66, 0x4c, 0xff, 0xdd, 0x69, 0x4f, 0xff,
  0xe0, 0x6c, 0x52, 0xff, 0xe5, 0x6f, 0x54, 0xff, 0xe8, 0x70, 0x55, 0xff,
  0xea, 0x71, 0x55, 0xff, 0xea, 0x71, 0x54, 0x7b, 0xe9, 0x6f, 0x53, 0x00,
  0xe1, 0x63, 0x45, 0x00, 0xd5, 0x73, 0x5b, 0x00, 0xfc, 0xfb, 0xfb, 0x00,
  0xfe, 0xff, 0xff, 0x00, 0xf9, 0xc6, 0xbb, 0x00, 0xf4, 0x89, 0x73, 0x00,
  0xf3, 0x8f, 0x79, 0x00, 0xf2, 0x8b, 0x75, 0x00, 0xf3, 0x8c, 0x76, 0xd0,
  0xf2, 0x8c, 0x76, 0xff, 0xf2, 0x8c, 0x76, 0xff, 0xf2, 0x8b, 0x75, 0xff,
  0xf2, 0x8b, 0x75, 0xff, 0xf2, 0x8b, 0x75, 0xff, 0xf2, 0x8c, 0x76, 0xff,
  0xf2, 0x8d, 0x77, 0xff, 0xf2, 0x8d, 0x77, 0xff, 0xf3, 0x8d, 0x77, 0xff,
  0xf1, 0x8a, 0x75, 0xff, 0xf0, 0x88, 0x73, 0xff, 0xf0, 0x89, 0x73, 0xff,
  0xef, 0x87, 0x71, 0xff, 0xee, 0x85, 0x6f, 0xff, 0xed, 0x82, 0x6d, 0xff,
  0xeb, 0x80, 0x6b, 0xff, 0xe8, 0x7e, 0x69, 0xff, 0xe7, 0x7b, 0x66, 0xff,
  0xe4, 0x78, 0x62, 0xff, 0xdf, 0x74, 0x5e, 0xff, 0xdb, 0x6f, 0x5a, 0xff,
  0xd6, 0x6b, 0x56, 0xff, 0xd2, 0x69, 0x53, 0xff, 0xce, 0x65, 0x50, 0xff,
  0xc9, 0x62, 0x4c, 0xff, 0xc4, 0x5e, 0x49, 0xff, 0xc3, 0x5d, 0x48, 0xff,
  0xc2, 0x5c, 0x47, 0xff, 0xc0, 0x5b, 0x46, 0xff, 0xbe, 0x59, 0x45, 0xff,
  0xbd, 0x59, 0x44, 0xff, 0xbc, 0x58, 0x43, 0xff, 0xbb, 0x57, 0x42, 0xff,
  0xba, 0x56, 0x41, 0xff, 0xb9, 0x56, 0x41, 0xff, 0xb9, 0x56, 0x41, 0xff,
  0xb8, 0x55, 0x40, 0xff, 0xb7, 0x54, 0x40, 0xff, 0xb8, 0x55, 0x40, 0xff,
  0xb7, 0x54, 0x40, 0xff, 0xb5, 0x53, 0x3f, 0xff, 0xb5, 0x53, 0x3e, 0xff,
  0xb6, 0x53, 0x3e, 0xff, 0xb6, 0x54, 0x3f, 0xff, 0xb5, 0x52, 0x3d, 0xff,
  0xb4, 0x51, 0x3c, 0xff, 0xb3, 0x51, 0x3c, 0xff, 0xb4, 0x51, 0x3c, 0xff,
  0xb4, 0x51, 0x3d, 0xff, 0xb3, 0x52, 0x3d, 0xff, 0xb2, 0x52, 0x3e, 0xff,
  0xb3, 0x52, 0x3d, 0xff, 0xb4, 0x51, 0x3c, 0xff, 0xb5, 0x52, 0x3e, 0xff,
  0xb4, 0x52, 0x3e, 0xff, 0xb3, 0x51, 0x3d, 0xff, 0xb2, 0x51, 0x3c, 0xff,
  0xb2, 0x50, 0x3c, 0xff, 0xb2, 0x50, 0x3b, 0xff, 0xb2, 0x50, 0x3c, 0xff,
  0xb2, 0x51, 0x3c, 0xff, 0xb2, 0x50, 0x3c, 0xff, 0xb1, 0x50, 0x3b, 0xff,
  0xb1, 0x50, 0x3b, 0xff, 0xb1, 0x4f, 0x3b, 0xff, 0xb1, 0x4f, 0x3a, 0xff,
  0xb1, 0x50, 0x3b, 0xff, 0xb1, 0x50, 0x3b, 0xff, 0xb2, 0x50, 0x3b, 0xff,
  0xb1, 0x4f, 0x3a, 0xff, 0xb0, 0x4f, 0x3a, 0xff, 0xb3, 0x51, 0x3b, 0xff,
  0xb3, 0x50, 0x3b, 0xff, 0xb4, 0x50, 0x3c, 0xff, 0xb3, 0x50, 0x3c, 0xff,
  0xb4, 0x51, 0x3c, 0xff, 0xb6, 0x52, 0x3c, 0xff, 0xb6, 0x52, 0x3c, 0xff,
  0xb7, 0x53, 0x3d, 0xff, 0xb8, 0x53, 0x3d, 0xff, 0xba, 0x53, 0x3d, 0xff,
  0xbb, 0x55, 0x3e, 0xff, 0xbe, 0x56, 0x3f, 0xff, 0xc0, 0x57, 0x3f, 0xff,
  0xc4, 0x59, 0x41, 0xff, 0xc8, 0x5c, 0x44, 0xff, 0xcc, 0x5e, 0x46, 0xff,
  0xce, 0x5f, 0x46, 0xff, 0xd2, 0x61, 0x48, 0xff, 0xd6, 0x65, 0x4c, 0xff,
  0xd9, 0x67, 0x4d, 0xff, 0xdc, 0x68, 0x4e, 0xff, 0xe0, 0x6b, 0x51, 0xff,
  0xe4, 0x6f, 0x54, 0xff, 0xe7, 0x70, 0x55, 0xff, 0xe9, 0x71, 0x56, 0xff,
  0xea, 0x71, 0x55, 0xd0, 0xe9, 0x6f, 0x53, 0x00, 0xe8, 0x6f, 0x52, 0x00,
  0xd8, 0x58, 0x39, 0x00, 0xdd, 0x99, 0x87, 0x00, 0xff, 0xff, 0xff, 0x00,
  0xfe, 0xff, 0xff, 0x00, 0xfd, 0xe8, 0xe5, 0x00, 0xf4, 0x8e, 0x79, 0x00,
  0xf4, 0x8d, 0x77, 0x00, 0xf2, 0x8b, 0x75, 0x00, 0xf2, 0x8b, 0x75, 0x44,
  0xf2, 0x8c, 0x76, 0xff, 0xf2, 0x8b, 0x75, 0xff, 0xf2, 0x8b, 0x75, 0xff,
  0xf2, 0x8b, 0x74, 0xff, 0xf2, 0x8b, 0x75, 0xff, 0xf2, 0x8b, 0x75, 0xff,
  0xf2, 0x8c, 0x76, 0xff, 0xf3, 0x8d, 0x77, 0xff, 0xf2, 0x8c, 0x76, 0xff,
  0xf2, 0x8a, 0x75, 0xff, 0xf1, 0x89, 0x73, 0xff, 0xf0, 0x89, 0x73, 0xff,
  0xf0, 0x88, 0x73, 0xff, 0xef, 0x85, 0x70, 0xff, 0xee, 0x84, 0x6e, 0xff,
  0xec, 0x82, 0x6c, 0xff, 0xea, 0x80, 0x6b, 0xff, 0xe9, 0x7e, 0x69, 0xff,
  0xe7, 0x7b, 0x65, 0xff, 0xe4, 0x78, 0x62, 0xff, 0xe1, 0x74, 0x5e, 0xff,
  0xdd, 0x71, 0x5b, 0xff, 0xd9, 0x6e, 0x58, 0xff, 0xd6, 0x6b, 0x55, 0xff,
  0xd3, 0x68, 0x52, 0xff, 0xcf, 0x65, 0x50, 0xff, 0xcd, 0x63, 0x4e, 0xff,
  0xcb, 0x63, 0x4d, 0xff, 0xca, 0x61, 0x4b, 0xff, 0xc8, 0x5f, 0x49, 0xff,
  0xc5, 0x5e, 0x49, 0xff, 0xc5, 0x5e, 0x49, 0xff, 0xc6, 0x5d, 0x48, 0xff,
  0xc5, 0x5d, 0x47, 0xff, 0xc2, 0x5c, 0x47, 0xff, 0xc3, 0x5d, 0x47, 0xff,
  0xc3, 0x5c, 0x47, 0xff, 0xc1, 0x5b, 0x45, 0xff, 0xc2, 0x5a, 0x45, 0xff,
  0xc1, 0x5a, 0x45, 0xff, 0xc0, 0x59, 0x44, 0xff, 0xbf, 0x59, 0x44, 0xff,
  0xbf, 0x59, 0x43, 0xff, 0xbf, 0x59, 0x43, 0xff, 0xbf, 0x59, 0x43, 0xff,
  0xbe, 0x58, 0x42, 0xff, 0xbe, 0x57, 0x42, 0xff, 0xbd, 0x57, 0x42, 0xff,
  0xbc, 0x57, 0x41, 0xff, 0xbc, 0x57, 0x41, 0xff, 0xbb, 0x57, 0x41, 0xff,
  0xbc, 0x57, 0x41, 0xff, 0xbc, 0x56, 0x41, 0xff, 0xbd, 0x57, 0x42, 0xff,
  0xbd, 0x58, 0x42, 0xff, 0xbb, 0x57, 0x41, 0xff, 0xba, 0x55, 0x40, 0xff,
  0xba, 0x55, 0x40, 0xff, 0xbb, 0x55, 0x40, 0xff, 0xbc, 0x56, 0x41, 0xff,
  0xbc, 0x57, 0x41, 0xff, 0xbb, 0x56, 0x40, 0xff, 0xbb, 0x55, 0x40, 0xff,
  0xbb, 0x55, 0x40, 0xff, 0xba, 0x55, 0x40, 0xff, 0xba, 0x55, 0x3f, 0xff,
  0xbb, 0x56, 0x40, 0xff, 0xbb, 0x56, 0x40, 0xff, 0xbb, 0x56, 0x40, 0xff,
  0xba, 0x54, 0x3f, 0xff, 0xb9, 0x54, 0x3f, 0xff, 0xba, 0x55, 0x3f, 0xff,
  0xba, 0x54, 0x3f, 0xff, 0xba, 0x55, 0x3f, 0xff, 0xbc, 0x56, 0x41, 0xff,
  0xbd, 0x57, 0x42, 0xff, 0xbe, 0x57, 0x41, 0xff, 0xbd, 0x57, 0x40, 0xff,
  0xbf, 0x58, 0x41, 0xff, 0xc0, 0x59, 0x42, 0xff, 0xc2, 0x59, 0x42, 0xff,
  0xc3, 0x5a, 0x43, 0xff, 0xc5, 0x5b, 0x43, 0xff, 0xc8, 0x5c, 0x45, 0xff,
  0xca, 0x5e, 0x46, 0xff, 0xcd, 0x60, 0x47, 0xff, 0xd1, 0x62, 0x49, 0xff,
  0xd3, 0x63, 0x4a, 0xff, 0xd6, 0x65, 0x4c, 0xff, 0xdb, 0x68, 0x4e, 0xff,
  0xde, 0x69, 0x4f, 0xff, 0xe0, 0x6b, 0x51, 0xff, 0xe3, 0x6d, 0x52, 0xff,
  0xe6, 0x6f, 0x54, 0xff, 0xe8, 0x70, 0x55, 0xff, 0xeb, 0x71, 0x55, 0xff,
  0xea, 0x71, 0x55, 0x44, 0xe9, 0x6f, 0x53, 0x00, 0xe6, 0x6b, 0x4f, 0x00,
  0xcf, 0x54, 0x37, 0x00, 0xec, 0xce, 0xc6, 0x00, 0xff, 0xff, 0xff, 0x00,
  0xfe, 0xfd, 0xfd, 0x00, 0xfe, 0xff, 0xff, 0x00, 0xf6, 0xa7, 0x97, 0x00,
  0xf3, 0x86, 0x6f, 0x00, 0xf3, 0x8c, 0x76, 0x00, 0xf2, 0x8b, 0x75, 0x00,
  0xf2, 0x8a, 0x74, 0x7f, 0xf2, 0x8a, 0x73, 0xff, 0xf2, 0x8b, 0x74, 0xff,
  0xf2, 0x8b, 0x74, 0xff, 0xf2, 0x8a, 0x74, 0xff, 0xf2, 0x8b, 0x75, 0xff,
  0xf3, 0x8c, 0x76, 0xff, 0xf2, 0x8c, 0x77, 0xff, 0xf1, 0x8c, 0x76, 0xff,
  0xf1, 0x8b, 0x75, 0xff, 0xf1, 0x8a, 0x74, 0xff, 0xf0, 0x88, 0x73, 0xff,
  0xf0, 0x88, 0x73, 0xff, 0xf0, 0x87, 0x71, 0xff, 0xef, 0x85, 0x70, 0xff,
  0xed, 0x83, 0x6e, 0xff, 0xed, 0x82, 0x6d, 0xff, 0xeb, 0x80, 0x6a, 0xff,
  0xea, 0x7e, 0x68, 0xff, 0xe8, 0x7b, 0x65, 0xff, 0xe5, 0x78, 0x62, 0xff,
  0xe2, 0x75, 0x5f, 0xff, 0xdf, 0x72, 0x5c, 0xff, 0xdc, 0x6f, 0x59, 0xff,
  0xda, 0x6d, 0x57, 0xff, 0xd8, 0x6b, 0x55, 0xff, 0xd5, 0x6a, 0x54, 0xff,
  0xd3, 0x68, 0x52, 0xff, 0xd1, 0x66, 0x50, 0xff, 0xd0, 0x66, 0x50, 0xff,
  0xcf, 0x65, 0x4f, 0xff, 0xce, 0x64, 0x4e, 0xff, 0xce, 0x63, 0x4d, 0xff,
  0xcd, 0x63, 0x4d, 0xff, 0xcc, 0x63, 0x4d, 0xff, 0xcc, 0x62, 0x4d, 0xff,
  0xcb, 0x61, 0x4b, 0xff, 0xcb, 0x61, 0x4b, 0xff, 0xcb, 0x60, 0x4a, 0xff,
  0xca, 0x5f, 0x4a, 0xff, 0xc8, 0x5f, 0x49, 0xff, 0xc8, 0x5f, 0x49, 0xff,
  0xc7, 0x5e, 0x48, 0xff, 0xc7, 0x5e, 0x47, 0xff, 0xc7, 0x5e, 0x47, 0xff,
  0xc7, 0x5e, 0x47, 0xff, 0xc7, 0x5d, 0x47, 0xff, 0xc6, 0x5d, 0x46, 0xff,
  0xc5, 0x5d, 0x47, 0xff, 0xc4, 0x5c, 0x46, 0xff, 0xc3, 0x5c, 0x45, 0xff,
  0xc3, 0x5b, 0x45, 0xff, 0xc3, 0x5b, 0x45, 0xff, 0xc4, 0x5b, 0x46, 0xff,
  0xc5, 0x5c, 0x45, 0xff, 0xc4, 0x5c, 0x45, 0xff, 0xc2, 0x5b, 0x44, 0xff,
  0xc3, 0x5b, 0x45, 0xff, 0xc3, 0x5a, 0x44, 0xff, 0xc4, 0x5b, 0x44, 0xff,
  0xc4, 0x5c, 0x45, 0xff, 0xc4, 0x5b, 0x45, 0xff, 0xc3, 0x5a, 0x44, 0xff,
  0xc4, 0x5c, 0x46, 0xff, 0xc3, 0x5c, 0x46, 0xff, 0xc3, 0x5b, 0x45, 0xff,
  0xc3, 0x5a, 0x44, 0xff, 0xc2, 0x5a, 0x43, 0xff, 0xc3, 0x5a, 0x44, 0xff,
  0xc2, 0x5a, 0x43, 0xff, 0xc2, 0x5a, 0x44, 0xff, 0xc2, 0x5a, 0x44, 0xff,
  0xc2, 0x59, 0x43, 0xff, 0xc2, 0x5a, 0x43, 0xff, 0xc3, 0x5a, 0x44, 0xff,
  0xc4, 0x5b, 0x45, 0xff, 0xc5, 0x5c, 0x45, 0xff, 0xc5, 0x5c, 0x45, 0xff,
  0xc7, 0x5d, 0x46, 0xff, 0xc7, 0x5d, 0x45, 0xff, 0xc8, 0x5d, 0x45, 0xff,
  0xc9, 0x5d, 0x46, 0xff, 0xcc, 0x5f, 0x47, 0xff, 0xcf, 0x61, 0x49, 0xff,
  0xcf, 0x62, 0x4a, 0xff, 0xd2, 0x63, 0x4b, 0xff, 0xd6, 0x66, 0x4c, 0xff,
  0xd9, 0x67, 0x4d, 0xff, 0xdb, 0x68, 0x4e, 0xff, 0xdf, 0x6b, 0x50, 0xff,
  0xe2, 0x6d, 0x52, 0xff, 0xe3, 0x6e, 0x53, 0xff, 0xe5, 0x6f, 0x53, 0xff,
  0xe7, 0x70, 0x54, 0xff, 0xe9, 0x71, 0x55, 0xff, 0xeb, 0x71, 0x55, 0x7f,
  0xea, 0x71, 0x55, 0x00, 0xe9, 0x70, 0x53, 0x00, 0xde, 0x5f, 0x41, 0x00,
  0xd1, 0x72, 0x5b, 0x00, 0xfd, 0xfd, 0xfd, 0x00, 0xfe, 0xfe, 0xfe, 0x00,
  0xfd, 0xfc, 0xfc, 0x00, 0xfe, 0xff, 0xff, 0x00, 0xfa, 0xda, 0xd3, 0x00,
  0xf2, 0x83, 0x6c, 0x00, 0xf4, 0x8b, 0x74, 0x00, 0xf2, 0x89, 0x72, 0x00,
  0xf1, 0x89, 0x74, 0x00, 0xf1, 0x89, 0x72, 0xaa, 0xf2, 0x8a, 0x73, 0xff,
  0xf2, 0x8b, 0x74, 0xff, 0xf2, 0x8b, 0x75, 0xff, 0xf2, 0x8b, 0x75, 0xff,
  0xf2, 0x8b, 0x75, 0xff, 0xf2, 0x8b, 0x76, 0xff, 0xf1, 0x8b, 0x76, 0xff,
  0xf1, 0x8a, 0x75, 0xff, 0xf0, 0x89, 0x74, 0xff, 0xf1, 0x89, 0x73, 0xff,
  0xf0, 0x88, 0x73, 0xff, 0xef, 0x87, 0x72, 0xff, 0xef, 0x86, 0x71, 0xff,
  0xee, 0x84, 0x6f, 0xff, 0xed, 0x83, 0x6e, 0xff, 0xed, 0x82, 0x6c, 0xff,
  0xeb, 0x7f, 0x69, 0xff, 0xeb, 0x7e, 0x68, 0xff, 0xe9, 0x7b, 0x65, 0xff,
  0xe7, 0x78, 0x62, 0xff, 0xe4, 0x76, 0x60, 0xff, 0xe2, 0x74, 0x5e, 0xff,
  0xdf, 0x71, 0x5b, 0xff, 0xdd, 0x6f, 0x59, 0xff, 0xdc, 0x6f, 0x58, 0xff,
  0xdb, 0x6d, 0x57, 0xff, 0xd8, 0x6b, 0x55, 0xff, 0xd7, 0x6a, 0x54, 0xff,
  0xd7, 0x6b, 0x54, 0xff, 0xd5, 0x69, 0x53, 0xff, 0xd4, 0x68, 0x52, 0xff,
  0xd3, 0x68, 0x52, 0xff, 0xd4, 0x68, 0x51, 0xff, 0xd3, 0x67, 0x51, 0xff,
  0xd2, 0x65, 0x4f, 0xff, 0xd2, 0x65, 0x4f, 0xff, 0xd2, 0x65, 0x4f, 0xff,
  0xd1, 0x65, 0x4e, 0xff, 0xd0, 0x64, 0x4e, 0xff, 0xcf, 0x64, 0x4d, 0xff,
  0xce, 0x63, 0x4c, 0xff, 0xce, 0x62, 0x4b, 0xff, 0xce, 0x62, 0x4c, 0xff,
  0xce, 0x63, 0x4c, 0xff, 0xcd, 0x62, 0x4b, 0xff, 0xcd, 0x61, 0x4b, 0xff,
  0xcd, 0x63, 0x4c, 0xff, 0xcd, 0x62, 0x4c, 0xff, 0xcb, 0x60, 0x4a, 0xff,
  0xca, 0x5f, 0x49, 0xff, 0xcb, 0x60, 0x49, 0xff, 0xcb, 0x5f, 0x49, 0xff,
  0xcb, 0x60, 0x49, 0xff, 0xcb, 0x60, 0x4a, 0xff, 0xcb, 0x60, 0x4a, 0xff,
  0xca, 0x60, 0x4a, 0xff, 0xca, 0x60, 0x4a, 0xff, 0xcb, 0x60, 0x49, 0xff,
  0xcb, 0x60, 0x49, 0xff, 0xcb, 0x60, 0x49, 0xff, 0xcb, 0x60, 0x49, 0xff,
  0xcb, 0x60, 0x4a, 0xff, 0xca, 0x60, 0x49, 0xff, 0xca, 0x5f, 0x48, 0xff,
  0xca, 0x5f, 0x48, 0xff, 0xca, 0x60, 0x49, 0xff, 0xcb, 0x60, 0x49, 0xff,
  0xca, 0x60, 0x49, 0xff, 0xca, 0x5f, 0x48, 0xff, 0xca, 0x5e, 0x47, 0xff,
  0xca, 0x5e, 0x47, 0xff, 0xcb, 0x5f, 0x48, 0xff, 0xcc, 0x60, 0x48, 0xff,
  0xcb, 0x5f, 0x48, 0xff, 0xcb, 0x5f, 0x48, 0xff, 0xcc, 0x61, 0x49, 0xff,
  0xcc, 0x60, 0x49, 0xff, 0xce, 0x60, 0x48, 0xff, 0xd0, 0x62, 0x4a, 0xff,
  0xd0, 0x62, 0x4a, 0xff, 0xd2, 0x63, 0x4b, 0xff, 0xd4, 0x65, 0x4c, 0xff,
  0xd6, 0x66, 0x4d, 0xff, 0xd7, 0x67, 0x4e, 0xff, 0xd9, 0x69, 0x4f, 0xff,
  0xdd, 0x6a, 0x4f, 0xff, 0xdf, 0x6c, 0x51, 0xff, 0xe2, 0x6e, 0x53, 0xff,
  0xe5, 0x70, 0x55, 0xff, 0xe6, 0x70, 0x55, 0xff, 0xe7, 0x70, 0x55, 0xff,
  0xe8, 0x71, 0x55, 0xff, 0xea, 0x71, 0x55, 0xaa, 0xeb, 0x72, 0x56, 0x00,
  0xe9, 0x70, 0x54, 0x00, 0xe7, 0x6f, 0x52, 0x00, 0xd0, 0x52, 0x33, 0x00,
  0xe6, 0xbb, 0xb0, 0x00, 0xff, 0xff, 0xff, 0x00, 0xfd, 0xfb, 0xfb, 0x00,
  0xfe, 0xfd, 0xfd, 0x00, 0xfd, 0xfd, 0xfd, 0x00, 0xfe, 0xff, 0xff, 0x00,
  0xf5, 0xa5, 0x96, 0x00, 0xf1, 0x80, 0x69, 0x00, 0xf2, 0x89, 0x73, 0x00,
  0xf2, 0x89, 0x72, 0x00, 0xf2, 0x89, 0x72, 0x05, 0xf1, 0x8a, 0x73, 0xc3,
  0xf2, 0x8b, 0x74, 0xff, 0xf2, 0x8b, 0x76, 0xff, 0xf1, 0x8a, 0x75, 0xff,
  0xf0, 0x89, 0x74, 0xff, 0xf1, 0x8a, 0x75, 0xff, 0xf2, 0x8a, 0x75, 0xff,
  0xf0, 0x89, 0x73, 0xff, 0xf0, 0x89, 0x73, 0xff, 0xef, 0x88, 0x72, 0xff,
  0xf0, 0x88, 0x72, 0xff, 0xef, 0x87, 0x71, 0xff, 0xef, 0x86, 0x71, 0xff,
  0xef, 0x86, 0x70, 0xff, 0xed, 0x84, 0x6f, 0xff, 0xed, 0x82, 0x6c, 0xff,
  0xec, 0x80, 0x6a, 0xff, 0xeb, 0x7f, 0x69, 0xff, 0xeb, 0x7d, 0x67, 0xff,
  0xe9, 0x7b, 0x66, 0xff, 0xe7, 0x79, 0x63, 0xff, 0xe5, 0x76, 0x60, 0xff,
  0xe3, 0x76, 0x60, 0xff, 0xe2, 0x75, 0x5f, 0xff, 0xe1, 0x73, 0x5d, 0xff,
  0xe0, 0x71, 0x5a, 0xff, 0xdf, 0x70, 0x59, 0xff, 0xdd, 0x6f, 0x58, 0xff,
  0xdb, 0x6f, 0x58, 0xff, 0xdb, 0x6d, 0x57, 0xff, 0xda, 0x6c, 0x56, 0xff,
  0xdb, 0x6d, 0x56, 0xff, 0xda, 0x6c, 0x55, 0xff, 0xd8, 0x6a, 0x54, 0xff,
  0xd7, 0x69, 0x53, 0xff, 0xd6, 0x68, 0x52, 0xff, 0xd6, 0x68, 0x52, 0xff,
  0xd6, 0x69, 0x52, 0xff, 0xd5, 0x68, 0x52, 0xff, 0xd5, 0x68, 0x51, 0xff,
  0xd5, 0x68, 0x51, 0xff, 0xd4, 0x67, 0x50, 0xff, 0xd4, 0x67, 0x50, 0xff,
  0xd5, 0x68, 0x51, 0xff, 0xd4, 0x67, 0x50, 0xff, 0xd3, 0x65, 0x4e, 0xff,
  0xd3, 0x65, 0x4e, 0xff, 0xd2, 0x65, 0x4e, 0xff, 0xd2, 0x65, 0x4e, 0xff,
  0xd3, 0x65, 0x4e, 0xff, 0xd2, 0x65, 0x4e, 0xff, 0xd2, 0x64, 0x4d, 0xff,
  0xd2, 0x65, 0x4e, 0xff, 0xd2, 0x65, 0x4f, 0xff, 0xd0, 0x64, 0x4e, 0xff,
  0xd1, 0x64, 0x4e, 0xff, 0xd1, 0x64, 0x4e, 0xff, 0xd0, 0x64, 0x4d, 0xff,
  0xcf, 0x63, 0x4c, 0xff, 0xd0, 0x63, 0x4c, 0xff, 0xd1, 0x64, 0x4d, 0xff,
  0xd1, 0x64, 0x4d, 0xff, 0xd0, 0x63, 0x4c, 0xff, 0xd1, 0x64, 0x4d, 0xff,
  0xd0, 0x64, 0x4d, 0xff, 0xd2, 0x64, 0x4d, 0xff, 0xd3, 0x64, 0x4d, 0xff,
  0xd2, 0x64, 0x4d, 0xff, 0xd1, 0x63, 0x4c, 0xff, 0xcf, 0x62, 0x4b, 0xff,
  0xd0, 0x62, 0x4b, 0xff, 0xd1, 0x63, 0x4b, 0xff, 0xd3, 0x64, 0x4c, 0xff,
  0xd2, 0x64, 0x4c, 0xff, 0xd1, 0x63, 0x4b, 0xff, 0xd2, 0x63, 0x4b, 0xff,
  0xd2, 0x63, 0x4b, 0xff, 0xd4, 0x65, 0x4d, 0xff, 0xd6, 0x66, 0x4e, 0xff,
  0xd5, 0x66, 0x4e, 0xff, 0xd7, 0x67, 0x4e, 0xff, 0xd9, 0x68, 0x4f, 0xff,
  0xda, 0x69, 0x50, 0xff, 0xdc, 0x6b, 0x51, 0xff, 0xdd, 0x6c, 0x52, 0xff,
  0xe0, 0x6d, 0x52, 0xff, 0xe3, 0x6f, 0x54, 0xff, 0xe5, 0x71, 0x55, 0xff,
  0xe6, 0x71, 0x55, 0xff, 0xe9, 0x71, 0x55, 0xff, 0xe9, 0x71, 0x55, 0xff,
  0xea, 0x71, 0x55, 0xc3, 0xea, 0x71, 0x55, 0x05, 0xe9, 0x70, 0x54, 0x00,
  0xe8, 0x6f, 0x53, 0x00, 0xdb, 0x5e, 0x40, 0x00, 0xd1, 0x76, 0x5f, 0x00,
  0xfd, 0xfe, 0xff, 0x00, 0xfe, 0xfe, 0xfe, 0x00, 0xfd, 0xfd, 0xfd, 0x00,
  0xfd, 0xfd, 0xfe, 0x00, 0xfd, 0xfc, 0xfc, 0x00, 0xfe, 0xff, 0xff, 0x00,
  0xfc, 0xea, 0xe7, 0x00, 0xf1, 0x85, 0x6e, 0x00, 0xf1, 0x86, 0x6f, 0x00,
  0xf1, 0x87, 0x71, 0x00, 0xf1, 0x87, 0x71, 0x00, 0xf1, 0x88, 0x72, 0x15,
  0xf2, 0x89, 0x73, 0xcc, 0xf2, 0x8a, 0x74, 0xff, 0xf1, 0x89, 0x73, 0xff,
  0xf0, 0x88, 0x73, 0xff, 0xf1, 0x89, 0x74, 0xff, 0xf2, 0x8a, 0x74, 0xff,
  0xf0, 0x88, 0x73, 0xff, 0xef, 0x88, 0x72, 0xff, 0xf0, 0x88, 0x72, 0xff,
  0xf0, 0x88, 0x72, 0xff, 0xef, 0x87, 0x72, 0xff, 0xef, 0x87, 0x71, 0xff,
  0xef, 0x86, 0x71, 0xff, 0xef, 0x86, 0x70, 0xff, 0xee, 0x83, 0x6e, 0xff,
  0xed, 0x81, 0x6b, 0xff, 0xed, 0x80, 0x6a, 0xff, 0xec, 0x7f, 0x6a, 0xff,
  0xeb, 0x7e, 0x68, 0xff, 0xeb, 0x7d, 0x66, 0xff, 0xe8, 0x79, 0x63, 0xff,
  0xe7, 0x78, 0x62, 0xff, 0xe6, 0x77, 0x61, 0xff, 0xe4, 0x76, 0x60, 0xff,
  0xe3, 0x75, 0x5e, 0xff, 0xe3, 0x74, 0x5d, 0xff, 0xe2, 0x74, 0x5d, 0xff,
  0xe1, 0x73, 0x5c, 0xff, 0xdf, 0x71, 0x5a, 0xff, 0xdf, 0x70, 0x59, 0xff,
  0xdf, 0x70, 0x59, 0xff, 0xde, 0x6f, 0x58, 0xff, 0xdd, 0x6e, 0x57, 0xff,
  0xdd, 0x6e, 0x57, 0xff, 0xdd, 0x6e, 0x57, 0xff, 0xdb, 0x6d, 0x56, 0xff,
  0xdb, 0x6d, 0x55, 0xff, 0xda, 0x6c, 0x55, 0xff, 0xda, 0x6c, 0x55, 0xff,
  0xd9, 0x6c, 0x54, 0xff, 0xd9, 0x6b, 0x54, 0xff, 0xd9, 0x6b, 0x54, 0xff,
  0xda, 0x6c, 0x55, 0xff, 0xd9, 0x6a, 0x53, 0xff, 0xd8, 0x69, 0x52, 0xff,
  0xd8, 0x6a, 0x52, 0xff, 0xd7, 0x69, 0x52, 0xff, 0xd7, 0x69, 0x51, 0xff,
  0xd8, 0x69, 0x51, 0xff, 0xd9, 0x6a, 0x52, 0xff, 0xd8, 0x69, 0x52, 0xff,
  0xd7, 0x69, 0x52, 0xff, 0xd7, 0x69, 0x53, 0xff, 0xd6, 0x68, 0x52, 0xff,
  0xd6, 0x68, 0x51, 0xff, 0xd6, 0x68, 0x51, 0xff, 0xd6, 0x67, 0x51, 0xff,
  0xd6, 0x68, 0x50, 0xff, 0xd5, 0x67, 0x50, 0xff, 0xd5, 0x66, 0x4f, 0xff,
  0xd6, 0x67, 0x50, 0xff, 0xd5, 0x67, 0x50, 0xff, 0xd5, 0x67, 0x50, 0xff,
  0xd6, 0x68, 0x50, 0xff, 0xd6, 0x68, 0x50, 0xff, 0xd7, 0x68, 0x50, 0xff,
  0xd7, 0x68, 0x50, 0xff, 0xd5, 0x67, 0x4e, 0xff, 0xd5, 0x66, 0x4e, 0xff,
  0xd6, 0x67, 0x4f, 0xff, 0xd7, 0x66, 0x4e, 0xff, 0xd6, 0x66, 0x4e, 0xff,
  0xd6, 0x66, 0x4e, 0xff, 0xd8, 0x68, 0x4f, 0xff, 0xd7, 0x67, 0x4e, 0xff,
  0xd8, 0x68, 0x4f, 0xff, 0xd8, 0x69, 0x50, 0xff, 0xd9, 0x69, 0x50, 0xff,
  0xd9, 0x69, 0x50, 0xff, 0xdb, 0x6a, 0x50, 0xff, 0xdd, 0x6b, 0x51, 0xff,
  0xdf, 0x6c, 0x53, 0xff, 0xe0, 0x6e, 0x54, 0xff, 0xe1, 0x6e, 0x54, 0xff,
  0xe3, 0x6f, 0x54, 0xff, 0xe6, 0x71, 0x55, 0xff, 0xe7, 0x72, 0x57, 0xff,
  0xe8, 0x72, 0x57, 0xff, 0xea, 0x72, 0x56, 0xff, 0xea, 0x72, 0x56, 0xcc,
  0xea, 0x70, 0x55, 0x15, 0xe9, 0x6f, 0x53, 0x00, 0xe7, 0x6e, 0x52, 0x00,
  0xe1, 0x6a, 0x4d, 0x00, 0xcb, 0x57, 0x3a, 0x00, 0xf0, 0xd7, 0xd0, 0x00,
  0xff, 0xff, 0xff, 0x00, 0xfd, 0xfb, 0xfb, 0x00, 0xfe, 0xfe, 0xfe, 0x00,
  0xfd, 0xfd, 0xfe, 0x00, 0xfd, 0xfe, 0xfe, 0x00, 0xfd, 0xfb, 0xfb, 0x00,
  0xff, 0xff, 0xff, 0x00, 0xf8, 0xca, 0xc1, 0x00, 0xee, 0x78, 0x60, 0x00,
  0xf0, 0x86, 0x70, 0x00, 0xf1, 0x86, 0x6f, 0x00, 0xf1, 0x87, 0x70, 0x00,
  0xf2, 0x88, 0x71, 0x15, 0xf1, 0x88, 0x72, 0xc3, 0xf1, 0x88, 0x72, 0xff,
  0xf0, 0x88, 0x72, 0xff, 0xf0, 0x88, 0x72, 0xff, 0xf1, 0x88, 0x73, 0xff,
  0xf0, 0x88, 0x73, 0xff, 0xf0, 0x88, 0x72, 0xff, 0xf0, 0x88, 0x72, 0xff,
  0xf0, 0x87, 0x71, 0xff, 0xf0, 0x87, 0x71, 0xff, 0xef, 0x87, 0x71, 0xff,
  0xf0, 0x87, 0x71, 0xff, 0xf0, 0x86, 0x71, 0xff, 0xef, 0x84, 0x6f, 0xff,
  0xee, 0x82, 0x6c, 0xff, 0xed, 0x81, 0x6b, 0xff, 0xed, 0x81, 0x6b, 0xff,
  0xed, 0x80, 0x6a, 0xff, 0xeb, 0x7d, 0x67, 0xff, 0xea, 0x7b, 0x65, 0xff,
  0xe9, 0x7a, 0x63, 0xff, 0xe8, 0x79, 0x63, 0xff, 0xe7, 0x79, 0x63, 0xff,
  0xe6, 0x78, 0x62, 0xff, 0xe5, 0x76, 0x5f, 0xff, 0xe6, 0x76, 0x5f, 0xff,
  0xe5, 0x76, 0x5f, 0xff, 0xe4, 0x74, 0x5d, 0xff, 0xe3, 0x74, 0x5c, 0xff,
  0xe3, 0x73, 0x5c, 0xff, 0xe3, 0x73, 0x5c, 0xff, 0xe2, 0x72, 0x5b, 0xff,
  0xe1, 0x71, 0x59, 0xff, 0xe1, 0x72, 0x5a, 0xff, 0xe0, 0x71, 0x5a, 0xff,
  0xdf, 0x70, 0x59, 0xff, 0xdf, 0x6f, 0x58, 0xff, 0xde, 0x6e, 0x57, 0xff,
  0xde, 0x6f, 0x57, 0xff, 0xde, 0x6e, 0x57, 0xff, 0xde, 0x6e, 0x57, 0xff,
  0xde, 0x6e, 0x57, 0xff, 0xdd, 0x6e, 0x56, 0xff, 0xdd, 0x6d, 0x56, 0xff,
  0xdd, 0x6d, 0x56, 0xff, 0xdc, 0x6c, 0x55, 0xff, 0xdc, 0x6c, 0x55, 0xff,
  0xdd, 0x6d, 0x55, 0xff, 0xdd, 0x6d, 0x56, 0xff, 0xdd, 0x6d, 0x55, 0xff,
  0xdc, 0x6d, 0x55, 0xff, 0xdb, 0x6c, 0x55, 0xff, 0xdb, 0x6b, 0x54, 0xff,
  0xdb, 0x6b, 0x54, 0xff, 0xdb, 0x6c, 0x54, 0xff, 0xdb, 0x6b, 0x54, 0xff,
  0xda, 0x6b, 0x54, 0xff, 0xdb, 0x6c, 0x54, 0xff, 0xda, 0x6a, 0x53, 0xff,
  0xdb, 0x6b, 0x52, 0xff, 0xdb, 0x6b, 0x53, 0xff, 0xd9, 0x6a, 0x52, 0xff,
  0xd9, 0x6a, 0x52, 0xff, 0xda, 0x6b, 0x53, 0xff, 0xda, 0x6b, 0x53, 0xff,
  0xda, 0x6a, 0x52, 0xff, 0xda, 0x6a, 0x51, 0xff, 0xdb, 0x6b, 0x52, 0xff,
  0xdc, 0x6b, 0x52, 0xff, 0xdc, 0x6b, 0x52, 0xff, 0xdc, 0x6a, 0x51, 0xff,
  0xdc, 0x6b, 0x51, 0xff, 0xdc, 0x6b, 0x52, 0xff, 0xdc, 0x6b, 0x52, 0xff,
  0xdc, 0x6b, 0x52, 0xff, 0xdc, 0x6c, 0x52, 0xff, 0xdd, 0x6c, 0x53, 0xff,
  0xde, 0x6c, 0x53, 0xff, 0xdf, 0x6d, 0x53, 0xff, 0xe0, 0x6d, 0x53, 0xff,
  0xe2, 0x6e, 0x54, 0xff, 0xe3, 0x6f, 0x55, 0xff, 0xe5, 0x70, 0x56, 0xff,
  0xe6, 0x71, 0x56, 0xff, 0xe6, 0x71, 0x55, 0xff, 0xe7, 0x71, 0x56, 0xff,
  0xe9, 0x73, 0x57, 0xff, 0xea, 0x72, 0x56, 0xc3, 0xea, 0x71, 0x55, 0x15,
  0xe9, 0x70, 0x54, 0x00, 0xe6, 0x6c, 0x51, 0x00, 0xe3, 0x6c, 0x50, 0x00,
  0xcc, 0x50, 0x32, 0x00, 0xdf, 0xa9, 0x9b, 0x00, 0xff, 0xff, 0xff, 0x00,
  0xfc, 0xfb, 0xfa, 0x00, 0xfd, 0xfe, 0xfe, 0x00, 0xfe, 0xfe, 0xfe, 0x00,
  0xfd, 0xfd, 0xfe, 0x00, 0xfd, 0xfd, 0xfe, 0x00, 0xfd, 0xfd, 0xfe, 0x00,
  0xfd, 0xfc, 0xfc, 0x00, 0xff, 0xff, 0xff, 0x00, 0xf4, 0xb1, 0xa4, 0x00,
  0xed, 0x75, 0x5c, 0x00, 0xf1, 0x86, 0x6f, 0x00, 0xf1, 0x85, 0x6e, 0x00,
  0xf1, 0x86, 0x6f, 0x00, 0xf0, 0x87, 0x71, 0x05, 0xf1, 0x88, 0x72, 0xaa,
  0xf0, 0x89, 0x73, 0xff, 0xf0, 0x88, 0x72, 0xff, 0xf0, 0x88, 0x72, 0xff,
  0xf1, 0x88, 0x72, 0xff, 0xf0, 0x88, 0x72, 0xff, 0xf0, 0x88, 0x72, 0xff,
  0xef, 0x87, 0x71, 0xff, 0xf0, 0x87, 0x71, 0xff, 0xf0, 0x87, 0x71, 0xff,
  0xf0, 0x87, 0x71, 0xff, 0xf0, 0x86, 0x70, 0xff, 0xef, 0x85, 0x6f, 0xff,
  0xee, 0x83, 0x6d, 0xff, 0xed, 0x81, 0x6c, 0xff, 0xed, 0x81, 0x6c, 0xff,
  0xee, 0x81, 0x6b, 0xff, 0xec, 0x7f, 0x69, 0xff, 0xeb, 0x7d, 0x66, 0xff,
  0xeb, 0x7c, 0x66, 0xff, 0xeb, 0x7c, 0x66, 0xff, 0xe9, 0x7b, 0x65, 0xff,
  0xe9, 0x7a, 0x63, 0xff, 0xe7, 0x78, 0x61, 0xff, 0xe7, 0x77, 0x61, 0xff,
  0xe8, 0x77, 0x61, 0xff, 0xe7, 0x77, 0x60, 0xff, 0xe6, 0x76, 0x5f, 0xff,
  0xe6, 0x75, 0x5d, 0xff, 0xe6, 0x75, 0x5d, 0xff, 0xe6, 0x74, 0x5c, 0xff,
  0xe5, 0x73, 0x5b, 0xff, 0xe4, 0x73, 0x5b, 0xff, 0xe4, 0x74, 0x5c, 0xff,
  0xe4, 0x74, 0x5c, 0xff, 0xe2, 0x72, 0x5a, 0xff, 0xe0, 0x70, 0x58, 0xff,
  0xe2, 0x71, 0x59, 0xff, 0xe3, 0x73, 0x5b, 0xff, 0xe2, 0x71, 0x5a, 0xff,
  0xe1, 0x71, 0x59, 0xff, 0xe0, 0x70, 0x59, 0xff, 0xe0, 0x70, 0x59, 0xff,
  0xe0, 0x71, 0x59, 0xff, 0xe1, 0x70, 0x58, 0xff, 0xe1, 0x70, 0x58, 0xff,
  0xe2, 0x70, 0x58, 0xff, 0xe1, 0x70, 0x59, 0xff, 0xe1, 0x70, 0x58, 0xff,
  0xe1, 0x70, 0x58, 0xff, 0xdf, 0x6f, 0x57, 0xff, 0xdf, 0x6e, 0x56, 0xff,
  0xdf, 0x6e, 0x57, 0xff, 0xdf, 0x6e, 0x56, 0xff, 0xdf, 0x6e, 0x56, 0xff,
  0xdf, 0x6f, 0x56, 0xff, 0xdf, 0x6f, 0x57, 0xff, 0xdf, 0x6f, 0x56, 0xff,
  0xe0, 0x6e, 0x55, 0xff, 0xdf, 0x6e, 0x55, 0xff, 0xde, 0x6d, 0x55, 0xff,
  0xde, 0x6d, 0x55, 0xff, 0xdf, 0x6e, 0x56, 0xff, 0xdf, 0x6e, 0x56, 0xff,
  0xde, 0x6d, 0x54, 0xff, 0xdf, 0x6d, 0x54, 0xff, 0xdf, 0x6d, 0x54, 0xff,
  0xdf, 0x6d, 0x54, 0xff, 0xdf, 0x6c, 0x53, 0xff, 0xe0, 0x6d, 0x53, 0xff,
  0xe1, 0x6e, 0x54, 0xff, 0xdf, 0x6e, 0x54, 0xff, 0xde, 0x6e, 0x55, 0xff,
  0xe0, 0x6e, 0x55, 0xff, 0xe2, 0x6f, 0x55, 0xff, 0xe2, 0x6f, 0x55, 0xff,
  0xe3, 0x6f, 0x55, 0xff, 0xe4, 0x70, 0x56, 0xff, 0xe4, 0x70, 0x55, 0xff,
  0xe5, 0x71, 0x57, 0xff, 0xe5, 0x71, 0x57, 0xff, 0xe7, 0x72, 0x57, 0xff,
  0xe8, 0x72, 0x57, 0xff, 0xe8, 0x72, 0x57, 0xff, 0xe9, 0x72, 0x57, 0xff,
  0xe9, 0x71, 0x56, 0xaa, 0xea, 0x70, 0x55, 0x05, 0xe9, 0x6f, 0x53, 0x00,
  0xe7, 0x6d, 0x51, 0x00, 0xe3, 0x6d, 0x51, 0x00, 0xce, 0x50, 0x32, 0x00,
  0xd5, 0x89, 0x77, 0x00, 0xff, 0xff, 0xff, 0x00, 0xfd, 0xfd, 0xfd, 0x00,
  0xfd, 0xfd, 0xfd, 0x00, 0xfd, 0xfe, 0xfe, 0x00, 0xfd, 0xfd, 0xfe, 0x00,
  0xfd, 0xfd, 0xfd, 0x00, 0xfd, 0xfd, 0xfe, 0x00, 0xfd, 0xfd, 0xfe, 0x00,
  0xfd, 0xfd, 0xfd, 0x00, 0xfe, 0xfe, 0xfe, 0x00, 0xfe, 0xff, 0xff, 0x00,
  0xf2, 0xa6, 0x98, 0x00, 0xec, 0x72, 0x59, 0x00, 0xf0, 0x84, 0x6d, 0x00,
  0xf0, 0x84, 0x6d, 0x00, 0xf0, 0x85, 0x6e, 0x00, 0xf1, 0x87, 0x70, 0x00,
  0xf1, 0x87, 0x70, 0x7f, 0xf1, 0x87, 0x70, 0xff, 0xf0, 0x87, 0x70, 0xff,
  0xf1, 0x88, 0x71, 0xff, 0xf0, 0x88, 0x71, 0xff, 0xf0, 0x88, 0x71, 0xff,
  0xef, 0x87, 0x70, 0xff, 0xf0, 0x87, 0x70, 0xff, 0xf0, 0x86, 0x70, 0xff,
  0xef, 0x86, 0x6f, 0xff, 0xf0, 0x86, 0x70, 0xff, 0xf0, 0x86, 0x70, 0xff,
  0xef, 0x84, 0x6e, 0xff, 0xee, 0x83, 0x6d, 0xff, 0xef, 0x83, 0x6c, 0xff,
  0xef, 0x83, 0x6c, 0xff, 0xee, 0x81, 0x6a, 0xff, 0xed, 0x7f, 0x69, 0xff,
  0xed, 0x7f, 0x68, 0xff, 0xed, 0x7f, 0x68, 0xff, 0xed, 0x7e, 0x67, 0xff,
  0xed, 0x7d, 0x65, 0xff, 0xeb, 0x7b, 0x64, 0xff, 0xeb, 0x7a, 0x63, 0xff,
  0xea, 0x7a, 0x63, 0xff, 0xeb, 0x7a, 0x63, 0xff, 0xea, 0x79, 0x61, 0xff,
  0xe8, 0x77, 0x5f, 0xff, 0xe9, 0x76, 0x5f, 0xff, 0xe8, 0x76, 0x5e, 0xff,
  0xe8, 0x76, 0x5e, 0xff, 0xe7, 0x76, 0x5e, 0xff, 0xe6, 0x76, 0x5e, 0xff,
  0xe6, 0x76, 0x5d, 0xff, 0xe6, 0x76, 0x5e, 0xff, 0xe5, 0x73, 0x5c, 0xff,
  0xe5, 0x73, 0x5b, 0xff, 0xe6, 0x74, 0x5c, 0xff, 0xe6, 0x73, 0x5b, 0xff,
  0xe5, 0x74, 0x5b, 0xff, 0xe4, 0x73, 0x5b, 0xff, 0xe4, 0x72, 0x5a, 0xff,
  0xe4, 0x73, 0x5a, 0xff, 0xe5, 0x74, 0x5b, 0xff, 0xe4, 0x73, 0x5b, 0xff,
  0xe5, 0x73, 0x5a, 0xff, 0xe5, 0x74, 0x5b, 0xff, 0xe5, 0x73, 0x5b, 0xff,
  0xe4, 0x72, 0x5a, 0xff, 0xe3, 0x72, 0x59, 0xff, 0xe3, 0x71, 0x59, 0xff,
  0xe2, 0x70, 0x58, 0xff, 0xe1, 0x70, 0x58, 0xff, 0xe3, 0x71, 0x58, 0xff,
  0xe3, 0x71, 0x58, 0xff, 0xe2, 0x71, 0x58, 0xff, 0xe3, 0x71, 0x59, 0xff,
  0xe3, 0x71, 0x58, 0xff, 0xe3, 0x71, 0x58, 0xff, 0xe3, 0x70, 0x57, 0xff,
  0xe3, 0x70, 0x57, 0xff, 0xe3, 0x70, 0x58, 0xff, 0xe3, 0x70, 0x57, 0xff,
  0xe3, 0x70, 0x56, 0xff, 0xe3, 0x70, 0x57, 0xff, 0xe2, 0x70, 0x56, 0xff,
  0xe2, 0x70, 0x56, 0xff, 0xe3, 0x70, 0x56, 0xff, 0xe3, 0x70, 0x57, 0xff,
  0xe4, 0x71, 0x57, 0xff, 0xe3, 0x71, 0x57, 0xff, 0xe3, 0x71, 0x58, 0xff,
  0xe4, 0x71, 0x58, 0xff, 0xe6, 0x72, 0x58, 0xff, 0xe5, 0x71, 0x57, 0xff,
  0xe6, 0x71, 0x56, 0xff, 0xe7, 0x72, 0x58, 0xff, 0xe7, 0x72, 0x57, 0xff,
  0xe8, 0x72, 0x57, 0xff, 0xe8, 0x73, 0x58, 0xff, 0xe9, 0x74, 0x59, 0xff,
  0xe9, 0x73, 0x58, 0xff, 0xea, 0x73, 0x58, 0xff, 0xea, 0x72, 0x56, 0x7f,
  0xea, 0x71, 0x55, 0x00, 0xe9, 0x70, 0x54, 0x00, 0xe7, 0x6d, 0x52, 0x00,
  0xe3, 0x6c, 0x51, 0x00, 0xcf, 0x51, 0x33, 0x00, 0xd3, 0x80, 0x6c, 0x00,
  0xfe, 0xfe, 0xfe, 0x00, 0xfe, 0xff, 0xff, 0x00, 0xfd, 0xfc, 0xfc, 0x00,
  0xfd, 0xfd, 0xfe, 0x00, 0xfd, 0xfd, 0xfe, 0x00, 0xfd, 0xfe, 0xfe, 0x00,
  0xfd, 0xfd, 0xfd, 0x00, 0xfd, 0xfd, 0xfd, 0x00, 0xfd, 0xfe, 0xfe, 0x00,
  0xfd, 0xfd, 0xfe, 0x00, 0xfd, 0xfc, 0xfd, 0x00, 0xfe, 0xfe, 0xff, 0x00,
  0xfe, 0xff, 0xff, 0x00, 0xf2, 0xab, 0x9e, 0x00, 0xe9, 0x6d, 0x54, 0x00,
  0xef, 0x7f, 0x67, 0x00, 0xf0, 0x84, 0x6d, 0x00, 0xf0, 0x83, 0x6c, 0x00,
  0xf1, 0x85, 0x6d, 0x00, 0xf1, 0x85, 0x6e, 0x44, 0xf1, 0x86, 0x6f, 0xd0,
  0xf1, 0x86, 0x70, 0xff, 0xf0, 0x86, 0x70, 0xff, 0xf0, 0x86, 0x70, 0xff,
  0xef, 0x85, 0x6f, 0xff, 0xf0, 0x86, 0x6f, 0xff, 0xf0, 0x86, 0x70, 0xff,
  0xf0, 0x85, 0x6f, 0xff, 0xef, 0x85, 0x6f, 0xff, 0xef, 0x85, 0x6f, 0xff,
  0xf0, 0x85, 0x6f, 0xff, 0xf0, 0x85, 0x6e, 0xff, 0xef, 0x83, 0x6d, 0xff,
  0xef, 0x83, 0x6c, 0xff, 0xef, 0x82, 0x6b, 0xff, 0xef, 0x81, 0x6a, 0xff,
  0xee, 0x80, 0x69, 0xff, 0xee, 0x80, 0x69, 0xff, 0xef, 0x80, 0x69, 0xff,
  0xee, 0x7e, 0x66, 0xff, 0xed, 0x7d, 0x66, 0xff, 0xed, 0x7d, 0x66, 0xff,
  0xec, 0x7c, 0x64, 0xff, 0xeb, 0x7b, 0x63, 0xff, 0xeb, 0x7b, 0x63, 0xff,
  0xeb, 0x7a, 0x62, 0xff, 0xea, 0x79, 0x61, 0xff, 0xea, 0x78, 0x60, 0xff,
  0xea, 0x78, 0x60, 0xff, 0xe9, 0x79, 0x60, 0xff, 0xe9, 0x78, 0x60, 0xff,
  0xe8, 0x77, 0x5f, 0xff, 0xea, 0x78, 0x5f, 0xff, 0xe9, 0x77, 0x5e, 0xff,
  0xe8, 0x75, 0x5d, 0xff, 0xe8, 0x75, 0x5d, 0xff, 0xe8, 0x75, 0x5d, 0xff,
  0xe8, 0x75, 0x5d, 0xff, 0xe8, 0x75, 0x5d, 0xff, 0xe7, 0x76, 0x5d, 0xff,
  0xe8, 0x76, 0x5d, 0xff, 0xe8, 0x76, 0x5d, 0xff, 0xe7, 0x75, 0x5c, 0xff,
  0xe8, 0x76, 0x5c, 0xff, 0xe8, 0x75, 0x5c, 0xff, 0xe7, 0x74, 0x5b, 0xff,
  0xe7, 0x75, 0x5c, 0xff, 0xe6, 0x74, 0x5b, 0xff, 0xe6, 0x73, 0x5a, 0xff,
  0xe6, 0x73, 0x5a, 0xff, 0xe5, 0x72, 0x5a, 0xff, 0xe6, 0x72, 0x5a, 0xff,
  0xe6, 0x73, 0x5a, 0xff, 0xe5, 0x73, 0x5a, 0xff, 0xe6, 0x73, 0x59, 0xff,
  0xe6, 0x73, 0x59, 0xff, 0xe6, 0x73, 0x5a, 0xff, 0xe7, 0x74, 0x5a, 0xff,
  0xe6, 0x72, 0x59, 0xff, 0xe6, 0x72, 0x59, 0xff, 0xe6, 0x73, 0x59, 0xff,
  0xe6, 0x73, 0x59, 0xff, 0xe6, 0x72, 0x58, 0xff, 0xe6, 0x72, 0x59, 0xff,
  0xe6, 0x72, 0x59, 0xff, 0xe6, 0x73, 0x59, 0xff, 0xe7, 0x72, 0x59, 0xff,
  0xe7, 0x73, 0x59, 0xff, 0xe7, 0x73, 0x59, 0xff, 0xe7, 0x74, 0x5a, 0xff,
  0xe8, 0x74, 0x5b, 0xff, 0xe8, 0x74, 0x5a, 0xff, 0xe8, 0x73, 0x59, 0xff,
  0xe8, 0x73, 0x59, 0xff, 0xe9, 0x74, 0x59, 0xff, 0xe9, 0x73, 0x58, 0xff,
  0xe9, 0x73, 0x58, 0xff, 0xea, 0x74, 0x59, 0xff, 0xeb, 0x75, 0x59, 0xff,
  0xeb, 0x74, 0x58, 0xd0, 0xeb, 0x73, 0x57, 0x44, 0xea, 0x71, 0x56, 0x00,
  0xe9, 0x70, 0x54, 0x00, 0xe8, 0x70, 0x55, 0x00, 0xe2, 0x69, 0x4d, 0x00,
  0xce, 0x50, 0x33, 0x00, 0xd8, 0x8c, 0x7a, 0x00, 0xfe, 0xfe, 0xfe, 0x00,
  0xff, 0xff, 0xff, 0x00, 0xfd, 0xfc, 0xfc, 0x00, 0xfd, 0xfe, 0xfe, 0x00,
  0xfd, 0xfd, 0xfd, 0x00, 0xfd, 0xfd, 0xfe, 0x00, 0xfd, 0xfd, 0xfe, 0x00,
  0xfd, 0xfd, 0xfd, 0x00, 0xfd, 0xfd, 0xfd, 0x00, 0xfd, 0xfd, 0xfe, 0x00,
  0xfd, 0xfd, 0xfe, 0x00, 0xfd, 0xfd, 0xfe, 0x00, 0xfd, 0xfc, 0xfc, 0x00,
  0xfd, 0xfd, 0xfe, 0x00, 0xff, 0xff, 0xff, 0x00, 0xf3, 0xc0, 0xb7, 0x00,
  0xe8, 0x73, 0x5b, 0x00, 0xed, 0x74, 0x5a, 0x00, 0xf1, 0x81, 0x6a, 0x00,
  0xf0, 0x83, 0x6c, 0x00, 0xf0, 0x83, 0x6b, 0x00, 0xf1, 0x83, 0x6c, 0x00,
  0xef, 0x84, 0x6d, 0x7b, 0xef, 0x84, 0x6e, 0xf7, 0xf0, 0x84, 0x6e, 0xff,
  0xf0, 0x85, 0x6f, 0xff, 0xf0, 0x85, 0x6e, 0xff, 0xf0, 0x85, 0x6f, 0xff,
  0xf0, 0x85, 0x6f, 0xff, 0xf0, 0x84, 0x6e, 0xff, 0xf0, 0x84, 0x6e, 0xff,
  0xf0, 0x85, 0x6f, 0xff, 0xf0, 0x85, 0x6f, 0xff, 0xef, 0x83, 0x6d, 0xff,
  0xef, 0x82, 0x6c, 0xff, 0xef, 0x81, 0x6b, 0xff, 0xef, 0x81, 0x6a, 0xff,
  0xef, 0x81, 0x6a, 0xff, 0xf0, 0x82, 0x6a, 0xff, 0xf0, 0x81, 0x69, 0xff,
  0xee, 0x7f, 0x67, 0xff, 0xee, 0x7f, 0x67, 0xff, 0xee, 0x7e, 0x66, 0xff,
  0xee, 0x7d, 0x65, 0xff, 0xed, 0x7c, 0x65, 0xff, 0xec, 0x7c, 0x64, 0xff,
  0xee, 0x7c, 0x64, 0xff, 0xed, 0x7b, 0x63, 0xff, 0xec, 0x7a, 0x61, 0xff,
  0xeb, 0x79, 0x60, 0xff, 0xeb, 0x79, 0x61, 0xff, 0xeb, 0x78, 0x60, 0xff,
  0xeb, 0x78, 0x60, 0xff, 0xec, 0x79, 0x60, 0xff, 0xeb, 0x79, 0x60, 0xff,
  0xea, 0x78, 0x5f, 0xff, 0xea, 0x77, 0x5e, 0xff, 0xea, 0x77, 0x5f, 0xff,
  0xea, 0x77, 0x5e, 0xff, 0xea, 0x77, 0x5e, 0xff, 0xea, 0x78, 0x5f, 0xff,
  0xea, 0x77, 0x5f, 0xff, 0xeb, 0x78, 0x5f, 0xff, 0xea, 0x78, 0x5f, 0xff,
  0xea, 0x78, 0x5e, 0xff, 0xea, 0x77, 0x5d, 0xff, 0xea, 0x76, 0x5d, 0xff,
  0xea, 0x76, 0x5d, 0xff, 0xe9, 0x76, 0x5c, 0xff, 0xe8, 0x74, 0x5b, 0xff,
  0xe8, 0x75, 0x5c, 0xff, 0xe7, 0x75, 0x5c, 0xff, 0xe8, 0x74, 0x5b, 0xff,
  0xe8, 0x75, 0x5b, 0xff, 0xe8, 0x74, 0x5a, 0xff, 0xe9, 0x74, 0x5a, 0xff,
  0xe8, 0x74, 0x5b, 0xff, 0xe9, 0x75, 0x5b, 0xff, 0xe9, 0x76, 0x5c, 0xff,
  0xe8, 0x74, 0x5b, 0xff, 0xe8, 0x74, 0x5b, 0xff, 0xe9, 0x75, 0x5b, 0xff,
  0xe9, 0x75, 0x5b, 0xff, 0xe8, 0x74, 0x5a, 0xff, 0xe9, 0x74, 0x5b, 0xff,
  0xe8, 0x75, 0x5a, 0xff, 0xe9, 0x75, 0x5b, 0xff, 0xea, 0x75, 0x5b, 0xff,
  0xe9, 0x75, 0x5b, 0xff, 0xe8, 0x74, 0x5a, 0xff, 0xe9, 0x75, 0x5a, 0xff,
  0xea, 0x75, 0x5b, 0xff, 0xe9, 0x75, 0x5b, 0xff, 0xea, 0x75, 0x5b, 0xff,
  0xea, 0x75, 0x5a, 0xff, 0xea, 0x75, 0x59, 0xff, 0xeb, 0x74, 0x59, 0xff,
  0xea, 0x74, 0x59, 0xff, 0xeb, 0x74, 0x59, 0xf7, 0xeb, 0x73, 0x58, 0x7b,
  0xea, 0x72, 0x56, 0x00, 0xe9, 0x71, 0x55, 0x00, 0xe9, 0x71, 0x55, 0x00,
  0xe7, 0x6f, 0x53, 0x00, 0xda, 0x5e, 0x40, 0x00, 0xcc, 0x57, 0x3c, 0x00,
  0xe2, 0xab, 0x9f, 0x00, 0xff, 0xff, 0xff, 0x00, 0xfe, 0xff, 0xff, 0x00,
  0xfd, 0xfc, 0xfc, 0x00, 0xfd, 0xfe, 0xfe, 0x00, 0xfd, 0xfd, 0xfd, 0x00,
  0xfd, 0xfd, 0xfd, 0x00, 0xfd, 0xfd, 0xfe, 0x00, 0xfd, 0xfd, 0xfe, 0x00,
  0xfd, 0xfd, 0xfd, 0x00, 0xfd, 0xfd, 0xfe, 0x00, 0xfd, 0xfd, 0xfe, 0x00,
  0xfd, 0xfd, 0xfe, 0x00, 0xfd, 0xfd, 0xfe, 0x00, 0xfd, 0xfd, 0xfe, 0x00,
  0xfd, 0xfd, 0xfd, 0x00, 0xfd, 0xfc, 0xfc, 0x00, 0xff, 0xff, 0xff, 0x00,
  0xf9, 0xe4, 0xe1, 0x00, 0xec, 0x93, 0x80, 0x00, 0xe7, 0x6c, 0x52, 0x00,
  0xec, 0x73, 0x5a, 0x00, 0xf0, 0x7f, 0x67, 0x00, 0xf0, 0x82, 0x6b, 0x00,
  0xef, 0x83, 0x6c, 0x00, 0xef, 0x83, 0x6c, 0x15, 0xef, 0x82, 0x6c, 0x88,
  0xf0, 0x83, 0x6b, 0xf3, 0xf0, 0x83, 0x6c, 0xff, 0xf0, 0x83, 0x6d, 0xff,
  0xef, 0x83, 0x6c, 0xff, 0xef, 0x83, 0x6c, 0xff, 0xef, 0x83, 0x6c, 0xff,
  0xef, 0x83, 0x6c, 0xff, 0xf0, 0x83, 0x6d, 0xff, 0xef, 0x82, 0x6c, 0xff,
  0xef, 0x82, 0x6b, 0xff, 0xef, 0x81, 0x69, 0xff, 0xf0, 0x81, 0x6a, 0xff,
  0xf0, 0x81, 0x69, 0xff, 0xf0, 0x80, 0x68, 0xff, 0xef, 0x80, 0x68, 0xff,
  0xef, 0x7f, 0x67, 0xff, 0xf0, 0x7f, 0x67, 0xff, 0xef, 0x7e, 0x66, 0xff,
  0xee, 0x7d, 0x65, 0xff, 0xee, 0x7d, 0x65, 0xff, 0xed, 0x7d, 0x64, 0xff,
  0xee, 0x7c, 0x64, 0xff, 0xee, 0x7c, 0x63, 0xff, 0xed, 0x7b, 0x62, 0xff,
  0xec, 0x7a, 0x61, 0xff, 0xed, 0x79, 0x61, 0xff, 0xee, 0x7a, 0x60, 0xff,
  0xee, 0x7a, 0x61, 0xff, 0xed, 0x79, 0x60, 0xff, 0xec, 0x79, 0x61, 0xff,
  0xeb, 0x79, 0x60, 0xff, 0xeb, 0x78, 0x60, 0xff, 0xeb, 0x78, 0x60, 0xff,
  0xec, 0x78, 0x5f, 0xff, 0xec, 0x78, 0x5f, 0xff, 0xeb, 0x78, 0x60, 0xff,
  0xec, 0x79, 0x5f, 0xff, 0xed, 0x79, 0x60, 0xff, 0xec, 0x79, 0x60, 0xff,
  0xeb, 0x78, 0x5f, 0xff, 0xeb, 0x78, 0x5f, 0xff, 0xec, 0x77, 0x5e, 0xff,
  0xeb, 0x77, 0x5d, 0xff, 0xeb, 0x76, 0x5d, 0xff, 0xea, 0x76, 0x5c, 0xff,
  0xe9, 0x75, 0x5c, 0xff, 0xea, 0x76, 0x5c, 0xff, 0xea, 0x76, 0x5c, 0xff,
  0xea, 0x76, 0x5c, 0xff, 0xea, 0x75, 0x5c, 0xff, 0xea, 0x76, 0x5c, 0xff,
  0xea, 0x76, 0x5c, 0xff, 0xea, 0x76, 0x5c, 0xff, 0xea, 0x76, 0x5c, 0xff,
  0xe9, 0x74, 0x5b, 0xff, 0xea, 0x75, 0x5b, 0xff, 0xea, 0x75, 0x5b, 0xff,
  0xea, 0x75, 0x5c, 0xff, 0xe9, 0x75, 0x5c, 0xff, 0xe9, 0x75, 0x5b, 0xff,
  0xe9, 0x75, 0x5b, 0xff, 0xea, 0x75, 0x5b, 0xff, 0xea, 0x75, 0x5b, 0xff,
  0xea, 0x75, 0x5b, 0xff, 0xeb, 0x75, 0x5b, 0xff, 0xea, 0x75, 0x5a, 0xff,
  0xea, 0x75, 0x5a, 0xff, 0xea, 0x74, 0x5a, 0xff, 0xeb, 0x75, 0x5b, 0xff,
  0xeb, 0x75, 0x5a, 0xff, 0xea, 0x74, 0x59, 0xff, 0xea, 0x73, 0x59, 0xf3,
  0xea, 0x73, 0x59, 0x88, 0xea, 0x74, 0x58, 0x15, 0xea, 0x74, 0x58, 0x00,
  0xe8, 0x72, 0x57, 0x00, 0xe6, 0x6e, 0x52, 0x00, 0xdd, 0x60, 0x42, 0x00,
  0xd0, 0x53, 0x36, 0x00, 0xd3, 0x79, 0x63, 0x00, 0xf1, 0xd8, 0xd2, 0x00,
  0xff, 0xff, 0xff, 0x00, 0xfd, 0xfd, 0xfd, 0x00, 0xfd, 0xfc, 0xfc, 0x00,
  0xfd, 0xfd, 0xfe, 0x00, 0xfd, 0xfd, 0xfe, 0x00, 0xfd, 0xfd, 0xfe, 0x00,
  0xfd, 0xfd, 0xfe, 0x00, 0xfd, 0xfd, 0xfe, 0x00, 0xfd, 0xfd, 0xfe, 0x00,
  0xfd, 0xfd, 0xfe, 0x00, 0xfd, 0xfd, 0xfe, 0x00, 0xfd, 0xfd, 0xfd, 0x00,
  0xfd, 0xfd, 0xfe, 0x00, 0xfd, 0xfd, 0xfe, 0x00, 0xfd, 0xfd, 0xfe, 0x00,
  0xfd, 0xfe, 0xfe, 0x00, 0xfd, 0xfd, 0xfe, 0x00, 0xfd, 0xfb, 0xfb, 0x00,
  0xff, 0xff, 0xff, 0x00, 0xfe, 0xff, 0xff, 0x00, 0xf4, 0xcf, 0xc7, 0x00,
  0xe7, 0x8c, 0x79, 0x00, 0xe5, 0x6c, 0x52, 0x00, 0xe7, 0x6b, 0x50, 0x00,
  0xeb, 0x75, 0x5b, 0x00, 0xee, 0x7c, 0x64, 0x00, 0xee, 0x7e, 0x67, 0x00,
  0xf0, 0x81, 0x69, 0x09, 0xf0, 0x83, 0x6b, 0x6a, 0xf0, 0x83, 0x6b, 0xc3,
  0xef, 0x82, 0x6b, 0xff, 0xef, 0x82, 0x6b, 0xff, 0xf0, 0x82, 0x6b, 0xff,
  0xf0, 0x82, 0x6b, 0xff, 0xf0, 0x82, 0x6b, 0xff, 0xef, 0x80, 0x6a, 0xff,
  0xef, 0x81, 0x69, 0xff, 0xf0, 0x81, 0x69, 0xff, 0xef, 0x80, 0x68, 0xff,
  0xef, 0x80, 0x68, 0xff, 0xef, 0x7f, 0x67, 0xff, 0xf0, 0x7f, 0x67, 0xff,
  0xf0, 0x7f, 0x67, 0xff, 0xf0, 0x7f, 0x66, 0xff, 0xf0, 0x7e, 0x65, 0xff,
  0xef, 0x7d, 0x64, 0xff, 0xee, 0x7c, 0x64, 0xff, 0xed, 0x7c, 0x64, 0xff,
  0xee, 0x7c, 0x64, 0xff, 0xef, 0x7c, 0x63, 0xff, 0xef, 0x7b, 0x62, 0xff,
  0xee, 0x7a, 0x61, 0xff, 0xed, 0x7a, 0x60, 0xff, 0xed, 0x7a, 0x61, 0xff,
  0xee, 0x7b, 0x61, 0xff, 0xed, 0x79, 0x60, 0xff, 0xec, 0x79, 0x5f, 0xff,
  0xec, 0x79, 0x60, 0xff, 0xed, 0x7a, 0x60, 0xff, 0xed, 0x79, 0x60, 0xff,
  0xec, 0x79, 0x60, 0xff, 0xec, 0x78, 0x5f, 0xff, 0xec, 0x77, 0x5e, 0xff,
  0xed, 0x78, 0x5e, 0xff, 0xed, 0x78, 0x5e, 0xff, 0xed, 0x78, 0x5f, 0xff,
  0xec, 0x77, 0x5e, 0xff, 0xeb, 0x77, 0x5d, 0xff, 0xeb, 0x77, 0x5d, 0xff,
  0xec, 0x77, 0x5d, 0xff, 0xeb, 0x76, 0x5c, 0xff, 0xeb, 0x76, 0x5b, 0xff,
  0xeb, 0x75, 0x5b, 0xff, 0xeb, 0x76, 0x5d, 0xff, 0xea, 0x76, 0x5d, 0xff,
  0xea, 0x75, 0x5b, 0xff, 0xeb, 0x76, 0x5b, 0xff, 0xeb, 0x76, 0x5c, 0xff,
  0xeb, 0x75, 0x5c, 0xff, 0xea, 0x76, 0x5c, 0xff, 0xeb, 0x76, 0x5c, 0xff,
  0xeb, 0x75, 0x5c, 0xff, 0xeb, 0x75, 0x5b, 0xff, 0xea, 0x75, 0x5b, 0xff,
  0xea, 0x75, 0x5b, 0xff, 0xea, 0x75, 0x5b, 0xff, 0xea, 0x75, 0x5b, 0xff,
  0xea, 0x76, 0x5c, 0xff, 0xea, 0x76, 0x5c, 0xff, 0xea, 0x76, 0x5b, 0xff,
  0xea, 0x75, 0x5c, 0xff, 0xea, 0x75, 0x5b, 0xff, 0xec, 0x76, 0x5a, 0xff,
  0xec, 0x75, 0x5a, 0xff, 0xeb, 0x75, 0x5a, 0xff, 0xeb, 0x74, 0x5a, 0xff,
  0xeb, 0x75, 0x5a, 0xc3, 0xeb, 0x74, 0x5a, 0x6a, 0xe8, 0x72, 0x58, 0x09,
  0xe6, 0x70, 0x55, 0x00, 0xe4, 0x6c, 0x50, 0x00, 0xdf, 0x64, 0x47, 0x00,
  0xd7, 0x59, 0x3b, 0x00, 0xd0, 0x59, 0x3c, 0x00, 0xd4, 0x78, 0x63, 0x00,
  0xe9, 0xc0, 0xb7, 0x00, 0xfe, 0xff, 0xff, 0x00, 0xff, 0xff, 0xff, 0x00,
  0xfc, 0xfa, 0xfa, 0x00, 0xfd, 0xfd, 0xfd, 0x00, 0xfd, 0xfe, 0xfe, 0x00,
  0xfd, 0xfe, 0xfd, 0x00, 0xfd, 0xfd, 0xfe, 0x00, 0xfd, 0xfd, 0xfe, 0x00,
  0xfd, 0xfd, 0xfe, 0x00, 0xfd, 0xfd, 0xfe, 0x00, 0xfd, 0xfd, 0xfe, 0x00,
  0xfd, 0xfd, 0xfe, 0x00, 0xfd, 0xfd, 0xfe, 0x00, 0xfd, 0xfd, 0xfe, 0x00,
  0xfd, 0xfd, 0xfd, 0x00, 0xfd, 0xfd, 0xfe, 0x00, 0xfd, 0xfd, 0xfe, 0x00,
  0xfd, 0xfd, 0xfe, 0x00, 0xfd, 0xfd, 0xfe, 0x00, 0xfd, 0xfd, 0xfe, 0x00,
  0xfd, 0xfc, 0xfc, 0x00, 0xfd, 0xfd, 0xfd, 0x00, 0xff, 0xff, 0xff, 0x00,
  0xfe, 0xff, 0xff, 0x00, 0xf6, 0xdb, 0xd6, 0x00, 0xec, 0xaa, 0x9d, 0x00,
  0xe5, 0x85, 0x70, 0x00, 0xe1, 0x6f, 0x56, 0x00, 0xe1, 0x66, 0x4c, 0x00,
  0xe3, 0x66, 0x4b, 0x00, 0xe3, 0x67, 0x4d, 0x00, 0xe5, 0x6a, 0x4f, 0x00,
  0xe7, 0x6d, 0x53, 0x22, 0xe7, 0x6e, 0x54, 0x6a, 0xe9, 0x70, 0x57, 0xaa,
  0xe9, 0x71, 0x58, 0xe1, 0xe9, 0x72, 0x58, 0xff, 0xe9, 0x71, 0x58, 0xff,
  0xea, 0x73, 0x5a, 0xff, 0xec, 0x74, 0x5b, 0xff, 0xea, 0x74, 0x5a, 0xff,
  0xeb, 0x75, 0x5c, 0xff, 0xec, 0x77, 0x5d, 0xff, 0xed, 0x77, 0x5e, 0xff,
  0xed, 0x78, 0x5e, 0xff, 0xed, 0x78, 0x5e, 0xff, 0xed, 0x78, 0x5e, 0xff,
  0xed, 0x79, 0x5f, 0xff, 0xec, 0x78, 0x5f, 0xff, 0xec, 0x78, 0x5e, 0xff,
  0xed, 0x78, 0x5e, 0xff, 0xed, 0x78, 0x5e, 0xff, 0xed, 0x78, 0x5e, 0xff,
  0xec, 0x77, 0x5d, 0xff, 0xeb, 0x76, 0x5c, 0xff, 0xeb, 0x75, 0x5c, 0xff,
  0xec, 0x76, 0x5c, 0xff, 0xec, 0x75, 0x5b, 0xff, 0xeb, 0x75, 0x5b, 0xff,
  0xec, 0x76, 0x5b, 0xff, 0xed, 0x77, 0x5c, 0xff, 0xed, 0x76, 0x5b, 0xff,
  0xed, 0x76, 0x5b, 0xff, 0xec, 0x76, 0x5b, 0xff, 0xec, 0x75, 0x5a, 0xff,
  0xeb, 0x75, 0x5a, 0xff, 0xeb, 0x74, 0x58, 0xff, 0xeb, 0x74, 0x58, 0xff,
  0xeb, 0x74, 0x59, 0xff, 0xeb, 0x74, 0x5a, 0xff, 0xeb, 0x75, 0x5a, 0xff,
  0xeb, 0x75, 0x5a, 0xff, 0xeb, 0x74, 0x59, 0xff, 0xea, 0x73, 0x57, 0xff,
  0xeb, 0x73, 0x58, 0xff, 0xea, 0x74, 0x59, 0xff, 0xea, 0x74, 0x59, 0xff,
  0xe9, 0x72, 0x57, 0xff, 0xea, 0x72, 0x56, 0xff, 0xe9, 0x72, 0x56, 0xff,
  0xe9, 0x71, 0x57, 0xff, 0xe8, 0x71, 0x56, 0xff, 0xe7, 0x70, 0x55, 0xff,
  0xe7, 0x70, 0x55, 0xff, 0xe7, 0x6f, 0x54, 0xff, 0xe6, 0x6e, 0x53, 0xff,
  0xe6, 0x6e, 0x52, 0xff, 0xe6, 0x6c, 0x51, 0xff, 0xe6, 0x6c, 0x50, 0xff,
  0xe6, 0x6c, 0x50, 0xff, 0xe5, 0x6b, 0x50, 0xff, 0xe4, 0x6b, 0x4f, 0xff,
  0xe4, 0x69, 0x4d, 0xff, 0xe2, 0x67, 0x4b, 0xff, 0xe2, 0x65, 0x49, 0xe1,
  0xe2, 0x64, 0x48, 0xaa, 0xe0, 0x62, 0x46, 0x6a, 0xdd, 0x60, 0x44, 0x22,
  0xdb, 0x5d, 0x40, 0x00, 0xd9, 0x5a, 0x3c, 0x00, 0xd5, 0x59, 0x3c, 0x00,
  0xd3, 0x5a, 0x3d, 0x00, 0xd2, 0x62, 0x48, 0x00, 0xd5, 0x78, 0x62, 0x00,
  0xe0, 0xa1, 0x92, 0x00, 0xf0, 0xd6, 0xcf, 0x00, 0xfe, 0xff, 0xff, 0x00,
  0xff, 0xff, 0xff, 0x00, 0xfd, 0xfd, 0xfd, 0x00, 0xfc, 0xfb, 0xfb, 0x00,
  0xfe, 0xfe, 0xfe, 0x00, 0xfd, 0xfd, 0xfe, 0x00, 0xfd, 0xfd, 0xfe, 0x00,
  0xfd, 0xfe, 0xfe, 0x00, 0xfd, 0xfd, 0xfd, 0x00, 0xfd, 0xfd, 0xfe, 0x00,
  0xfd, 0xfe, 0xfe, 0x00, 0xfd, 0xfd, 0xfe, 0x00, 0xfe, 0xfd, 0xfe, 0x00,
  0xfe, 0xfe, 0xfe, 0x00, 0xfe, 0xfe, 0xfe, 0x00, 0xfd, 0xfd, 0xfe, 0x00,
  0xfe, 0xfd, 0xfe, 0x00, 0xfe, 0xfe, 0xfe, 0x00, 0xfe, 0xfd, 0xfe, 0x00,
  0xfe, 0xfd, 0xfe, 0x00, 0xfe, 0xfd, 0xfe, 0x00, 0xfe, 0xfd, 0xfe, 0x00,
  0xfd, 0xfd, 0xfe, 0x00, 0xfe, 0xfd, 0xfe, 0x00, 0xfd, 0xfc, 0xfc, 0x00,
  0xfe, 0xfd, 0xfd, 0x00, 0xff, 0xff, 0xff, 0x00, 0xff, 0xff, 0xff, 0x00,
  0xfd, 0xff, 0xff, 0x00, 0xf7, 0xea, 0xe7, 0x00, 0xf2, 0xd3, 0xcc, 0x00,
  0xec, 0xbe, 0xb4, 0x00, 0xe6, 0xac, 0x9e, 0x00, 0xe3, 0x9d, 0x8d, 0x00,
  0xe1, 0x95, 0x84, 0x00, 0xe0, 0x8c, 0x78, 0x00, 0xdd, 0x83, 0x6f, 0x00,
  0xdc, 0x7f, 0x6b, 0x00, 0xdc, 0x7c, 0x67, 0x15, 0xde, 0x7c, 0x65, 0x3b,
  0xde, 0x7a, 0x63, 0x59, 0xdf, 0x78, 0x60, 0x6e, 0xde, 0x76, 0x5d, 0x7b,
  0xde, 0x73, 0x5b, 0xff, 0xdd, 0x71, 0x58, 0xff, 0xde, 0x6f, 0x56, 0xff,
  0xdd, 0x6d, 0x53, 0xff, 0xdc, 0x6b, 0x51, 0xff, 0xdc, 0x67, 0x4d, 0xff,
  0xda, 0x65, 0x4a, 0xff, 0xd9, 0x64, 0x48, 0xff, 0xda, 0x63, 0x48, 0xff,
  0xdb, 0x63, 0x47, 0xff, 0xdb, 0x63, 0x47, 0xff, 0xdb, 0x63, 0x47, 0xff,
  0xdc, 0x64, 0x48, 0xff, 0xdb, 0x63, 0x47, 0xff, 0xd9, 0x62, 0x46, 0xff,
  0xdb, 0x62, 0x46, 0xff, 0xdc, 0x62, 0x45, 0xff, 0xda, 0x61, 0x45, 0xff,
  0xdb, 0x62, 0x46, 0xff, 0xdc, 0x63, 0x47, 0xff, 0xdc, 0x64, 0x48, 0xff,
  0xdc, 0x64, 0x48, 0xff, 0xdb, 0x63, 0x46, 0xff, 0xdb, 0x63, 0x46, 0xff,
  0xdc, 0x63, 0x47, 0xff, 0xdc, 0x63, 0x46, 0xff, 0xdc, 0x62, 0x45, 0xff,
  0xdb, 0x63, 0x46, 0xff, 0xdb, 0x63, 0x47, 0xff, 0xdb, 0x64, 0x47, 0xff,
  0xda, 0x63, 0x46, 0xff, 0xdb, 0x63, 0x46, 0xff, 0xda, 0x62, 0x46, 0xff,
  0xd9, 0x62, 0x45, 0xff, 0xd9, 0x62, 0x45, 0xff, 0xd8, 0x61, 0x45, 0xff,
  0xd8, 0x60, 0x44, 0xff, 0xd7, 0x5f, 0x42, 0xff, 0xd8, 0x60, 0x43, 0xff,
  0xd7, 0x61, 0x44, 0xff, 0xd7, 0x61, 0x45, 0xff, 0xd6, 0x60, 0x44, 0xff,
  0xd7, 0x63, 0x47, 0xff, 0xd8, 0x66, 0x4c, 0xff, 0xd9, 0x6a, 0x4f, 0xff,
  0xd9, 0x6b, 0x51, 0xff, 0xd9, 0x6e, 0x54, 0xff, 0xd7, 0x70, 0x57, 0xff,
  0xd8, 0x71, 0x58, 0x7b, 0xd9, 0x73, 0x5a, 0x6e, 0xd8, 0x75, 0x5d, 0x59,
  0xd6, 0x75, 0x5e, 0x3b, 0xd4, 0x76, 0x60, 0x15, 0xd5, 0x79, 0x64, 0x00,
  0xd8, 0x80, 0x6b, 0x00, 0xda, 0x87, 0x74, 0x00, 0xdb, 0x90, 0x7f, 0x00,
  0xde, 0x9a, 0x89, 0x00, 0xe2, 0xa9, 0x9b, 0x00, 0xe8, 0xbc, 0xb1, 0x00,
  0xef, 0xd2, 0xcb, 0x00, 0xf6, 0xea, 0xe7, 0x00, 0xfe, 0xff, 0xff, 0x00,
  0xff, 0xff, 0xff, 0x00, 0xff, 0xff, 0xff, 0x00, 0xfe, 0xfd, 0xfd, 0x00,
  0xfd, 0xfb, 0xfb, 0x00, 0xfd, 0xfd, 0xfd, 0x00, 0xfe, 0xfe, 0xfe, 0x00,
  0xfe, 0xfe, 0xfe, 0x00, 0xfe, 0xfe, 0xfe, 0x00, 0xfe, 0xfd, 0xfe, 0x00,
  0xfd, 0xfd, 0xfe, 0x00, 0xfe, 0xfd, 0xfe, 0x00, 0xfd, 0xfd, 0xfe, 0x00,
  0xfe, 0xfe, 0xfe, 0x00, 0xfe, 0xfe, 0xfe, 0x00, 0xfe, 0xfe, 0xfe, 0x00
};
