static const uint8_t screensaver_emblem_map[] __attribute__((aligned(64))) = {
  0x00, 0x00, 0x00, 0x00, 0x00, 0x00, 0x00, 0x00, 0x00, 0x00, 0x00, 0x00,
  0x00, 0x00, 0x00, 0x00, 0x00, 0x00, 0x00, 0x00, 0x00, 0x00, 0x00, 0x00,
  0x00, 0x00, 0x00, 0x00, 0x00, 0x00, 0x00, 0x00, 0x00, 0x00, 0x00, 0x00,
  0x00, 0x00, 0x00, 0x00, 0x00, 0x00, 0x00, 0x00, 0x00, 0x00, 0x00, 0x00,
  0x00, 0x00, 0x00, 0x00, 0x00, 0x00, 0x00, 0x00, 0x00, 0x00, 0x00, 0x00,
  0x00, 0x00, 0x00, 0x00, 0x00, 0x00, 0x00, 0x00, 0x00, 0x00, 0x00, 0x00,
  0x00, 0x00, 0x00, 0x00, 0x00, 0x00, 0x00, 0x00, 0x00, 0x00, 0x00, 0x00,
  0x00, 0x00, 0x00, 0x00, 0x00, 0x00, 0x00, 0x00, 0x00, 0x00, 0x00, 0x00,
  0x00, 0x00, 0x00, 0x00, 0x00, 0x00, 0x00, 0x00, 0x00, 0x00, 0x00, 0x00,
  0x00, 0x00, 0x00, 0x00, 0x00, 0x00, 0x00, 0x00, 0x00, 0x00, 0x00, 0x00,
  0x00, 0x00, 0x00, 0x00, 0x00, 0x00, 0x00, 0x00, 0x00, 0x00, 0x00, 0x00,
  0x00, 0x00, 0x00, 0x00, 0x00, 0x00, 0x00, 0x00, 0x00, 0x00, 0x00, 0x00,
  0x00, 0x00, 0x00, 0x00, 0x00, 0x00, 0x00, 0x00, 0x00, 0x00, 0x00, 0x00,
  0x00, 0x00, 0x00, 0x00, 0x00, 0x00, 0x00, 0x00, 0x00, 0x00, 0x00, 0x00,
  0x00, 0x00, 0x00, 0x00, 0x00, 0x00, 0x00, 0x00, 0x00, 0x00, 0x00, 0x00,
  0x00, 0x00, 0x00, 0x00, 0x00, 0x00, 0x00, 0x00, 0x00, 0x00, 0x00, 0x00,
  0x00, 0x00, 0x00, 0x00, 0x00, 0x00, 0x00, 0x00, 0x00, 0x00, 0x00, 0x00,
  0x00, 0x00, 0x00, 0x00, 0x00, 0x00, 0x00, 0x00, 0x00, 0x00, 0x00, 0x00,
  0x00, 0x00, 0x00, 0x00, 0x00, 0x00, 0x00, 0x00, 0x00, 0x00, 0x00, 0x00,
  0x00, 0x00, 0x00, 0x00, 0x00, 0x00, 0x00, 0x00, 0x00, 0x00, 0x00, 0x00,
  0x00, 0x00, 0x00, 0x00, 0x00, 0x00, 0x00, 0x00, 0x00, 0x00, 0x00, 0x00,
  0x00, 0x00, 0x00, 0x00, 0x00, 0x00, 0x00, 0x00, 0x00, 0x00, 0x00, 0x00,
  0x00, 0x00, 0x00, 0x00, 0x00, 0x00, 0x00, 0x00, 0x00, 0x00, 0x00, 0x00,
  0x00, 0x00, 0x00, 0x00, 0x00, 0x00, 0x00, 0x00, 0x00, 0x00, 0x00, 0x00,
  0x00, 0x00, 0x00, 0x00, 0x00, 0x00, 0x00, 0x00, 0x00, 0x00, 0x00, 0x00,
  0x00, 0x00, 0x00, 0x00, 0x00, 0x00, 0x00, 0x00, 0x00, 0x00, 0x00, 0x00,
  0x00, 0x00, 0x00, 0x00, 0x00, 0x00, 0x00, 0x00, 0x00, 0x00, 0x00, 0x00,
  0x00, 0x00, 0x00, 0x00, 0x00, 0x00, 0x00, 0x00, 0x00, 0x00, 0x00, 0x00,
  0x00, 0x00, 0x00, 0x00, 0x00, 0x00, 0x00, 0x00, 0x00, 0x00, 0x00, 0x00,
  0x00, 0x00, 0x00, 0x00, 0x00, 0x00, 0x00, 0x00, 0x00, 0x00, 0x00, 0x00,
  0x00, 0x00, 0x00, 0x00, 0x00, 0x00, 0x00, 0x00, 0x00, 0x00, 0x00, 0x00,
  0x00, 0x00, 0x00, 0x00, 0x00, 0x00, 0x00, 0x00, 0x00, 0x00, 0x00, 0x00,
  0x00, 0x00, 0x00, 0x00, 0x00, 0x00, 0x00, 0x00, 0x00, 0x00, 0x00, 0x00,
  0x00, 0x00, 0x00, 0x00, 0x00, 0x00, 0x00, 0x00, 0x00, 0x00, 0x00, 0x00,
  0x00, 0x00, 0x00, 0x00, 0x00, 0x00, 0x00, 0x00, 0x00, 0x00, 0x00, 0x00,
  0x00, 0x00, 0x00, 0x00, 0x00, 0x00, 0x00, 0x00, 0x00, 0x00, 0x00, 0x00,
  0x00, 0x00, 0x00, 0x00, 0x00, 0x00, 0x00, 0x00, 0x00, 0x00, 0x00, 0x00,
  0x00, 0x00, 0x00, 0x00, 0x00, 0x00, 0x00, 0x00, 0x00, 0x00, 0x00, 0x00,
  0x00, 0x00, 0x00, 0x00, 0x00, 0x00, 0x00, 0x00, 0x00, 0x00, 0x00, 0x00,
  0x00, 0x00, 0x00, 0x00, 0x00, 0x00, 0x00, 0x00, 0x00, 0x00, 0x00, 0x00,
  0x00, 0x00, 0x00, 0x00, 0x00, 0x00, 0x00, 0x00, 0x00, 0x00, 0x00, 0x00,
  0x00, 0x00, 0x00, 0x00, 0x00, 0x00, 0x00, 0x00, 0x00, 0x00, 0x00, 0x00,
  0x00, 0x00, 0x00, 0x00, 0x00, 0x00, 0x00, 0x00, 0x00, 0x00, 0x00, 0x00,
  0x00, 0x00, 0x00, 0x00, 0x00, 0x00, 0x00, 0x00, 0x00, 0x00, 0x00, 0x00,
  0x00, 0x00, 0x00, 0x00, 0x00, 0x00, 0x00, 0x00, 0x00, 0x00, 0x00, 0x00,
  0x00, 0x00, 0x00, 0x00, 0x00, 0x00, 0x00, 0x00, 0x00, 0x00, 0x00, 0x00,
  0x00, 0x00, 0x00, 0x00, 0x00, 0x00, 0x00, 0x00, 0x00, 0x00, 0x00, 0x00,
  0x00, 0x00, 0x00, 0x00, 0x00, 0x00, 0x00, 0x00, 0x00, 0x00, 0x00, 0x00,
  0x00, 0x00, 0x00, 0x00, 0x00, 0x00, 0x00, 0x00, 0x00, 0x00, 0x00, 0x00,
  0x00, 0x00, 0x00, 0x00, 0x00, 0x00, 0x00, 0x00, 0x00, 0x00, 0x00, 0x00,
  0x00, 0x00, 0x00, 0x00, 0x00, 0x00, 0x00, 0x00, 0x00, 0x00, 0x00, 0x00,
  0x00, 0x00, 0x00, 0x00, 0x00, 0x00, 0x00, 0x00, 0x00, 0x00, 0x00, 0x00,
  0x00, 0x00, 0x00, 0x00, 0x00, 0x00, 0x00, 0x00, 0x00, 0x00, 0x00, 0x00,
  0x00, 0x00, 0x00, 0x00, 0x00, 0x00, 0x00, 0x00, 0x00, 0x00, 0x00, 0x00,
  0x00, 0x00, 0x00, 0x00, 0x00, 0x00, 0x00, 0x00, 0x00, 0x00, 0x00, 0x00,
  0x00, 0x00, 0x00, 0x00, 0xff, 0xff, 0x00, 0x01, 0xaa, 0x55, 0x55, 0x03,
  0xaa, 0x55, 0x55, 0x03, 0xff, 0xff, 0x00, 0x01, 0x00, 0x00, 0x00, 0x00,
  0x00, 0x00, 0x00, 0x00, 0x00, 0x00, 0x00, 0x00, 0x00, 0x00, 0x00, 0x00,
  0x00, 0x00, 0x00, 0x00, 0x00, 0x00, 0x00, 0x00, 0x00, 0x00, 0x00, 0x00,
  0x00, 0x00, 0x00, 0x00, 0x00, 0x00, 0x00, 0x00, 0x00, 0x00, 0x00, 0x00,
  0x00, 0x00, 0x00, 0x00, 0x00, 0x00, 0x00, 0x00, 0x00, 0x00, 0x00, 0x00,
  0x00, 0x00, 0x00, 0x00, 0x00, 0x00, 0x00, 0x00, 0x00, 0x00, 0x00, 0x00,
  0x00, 0x00, 0x00, 0x00, 0x00, 0x00, 0x00, 0x00, 0x00, 0x00, 0x00, 0x00,
  0x00, 0x00, 0x00, 0x00, 0x00, 0x00, 0x00, 0x00, 0x00, 0x00, 0x00, 0x00,
  0x00, 0x00, 0x00, 0x00, 0x00, 0x00, 0x00, 0x00, 0x00, 0x00, 0x00, 0x00,
  0x00, 0x00, 0x00, 0x00, 0x00, 0x00, 0x00, 0x00, 0x00, 0x00, 0x00, 0x00,
  0x00, 0x00, 0x00, 0x00, 0x00, 0x00, 0x00, 0x00, 0x00, 0x00, 0x00, 0x00,
  0x00, 0x00, 0x00, 0x00, 0x00, 0x00, 0x00, 0x00, 0x00, 0x00, 0x00, 0x00,
  0x00, 0x00, 0x00, 0x00, 0x00, 0x00, 0x00, 0x00, 0x00, 0x00, 0x00, 0x00,
  0x00, 0x00, 0x00, 0x00, 0x00, 0x00, 0x00, 0x00, 0x00, 0x00, 0x00, 0x00,
  0x00, 0x00, 0x00, 0x00, 0x00, 0x00, 0x00, 0x00, 0x00, 0x00, 0x00, 0x00,
  0x00, 0x00, 0x00, 0x00, 0x00, 0x00, 0x00, 0x00, 0x00, 0x00, 0x00, 0x00,
  0x00, 0x00, 0x00, 0x00, 0x00, 0x00, 0x00, 0x00, 0x00, 0x00, 0x00, 0x00,
  0x00, 0x00, 0x00, 0x00, 0x00, 0x00, 0x00, 0x00, 0x00, 0x00, 0x00, 0x00,
  0x00, 0x00, 0x00, 0x00, 0x00, 0x00, 0x00, 0x00, 0x00, 0x00, 0x00, 0x00,
  0x00, 0x00, 0x00, 0x00, 0x00, 0x00, 0x00, 0x00, 0x00, 0x00, 0x00, 0x00,
  0x00, 0x00, 0x00, 0x00, 0x00, 0x00, 0x00, 0x00, 0x00, 0x00, 0x00, 0x00,
  0x00, 0x00, 0x00, 0x00, 0x00, 0x00, 0x00, 0x00, 0x00, 0x00, 0x00, 0x00,
  0x00, 0x00, 0x00, 0x00, 0x00, 0x00, 0x00, 0x00, 0x00, 0x00, 0x00, 0x00,
  0x00, 0x00, 0x00, 0x00, 0x00, 0x00, 0x00, 0x00, 0x00, 0x00, 0x00, 0x00,
  0x00, 0x00, 0x00, 0x00, 0x00, 0x00, 0x00, 0x00, 0x00, 0x00, 0x00, 0x00,
  0x00, 0x00, 0x00, 0x00, 0x00, 0x00, 0x00, 0x00, 0x00, 0x00, 0x00, 0x00,
  0x00, 0x00, 0x00, 0x00, 0x00, 0x00, 0x00, 0x00, 0x00, 0x00, 0x00, 0x00,
  0x00, 0x00, 0x00, 0x00, 0x00, 0x00, 0x00, 0x00, 0x00, 0x00, 0x00, 0x00,
  0x00, 0x00, 0x00, 0x00, 0x00, 0x00, 0x00, 0x00, 0x00, 0x00, 0x00, 0x00,
  0x00, 0x00, 0x00, 0x00, 0x00, 0x00, 0x00, 0x00, 0x00, 0x00, 0x00, 0x00,
  0x00, 0x00, 0x00, 0x00, 0x00, 0x00, 0x00, 0x00, 0x00, 0x00, 0x00, 0x00,
  0x00, 0x00, 0x00, 0x00, 0x00, 0x00, 0x00, 0x00, 0x00, 0x00, 0x00, 0x00,
  0x00, 0x00, 0x00, 0x00, 0x00, 0x00, 0x00, 0x00, 0x00, 0x00, 0x00, 0x00,
  0x00, 0x00, 0x00, 0x00, 0x00, 0x00, 0x00, 0x00, 0x00, 0x00, 0x00, 0x00,
  0x00, 0x00, 0x00, 0x00, 0x00, 0x00, 0x00, 0x00, 0x00, 0x00, 0x00, 0x00,
  0x00, 0x00, 0x00, 0x00, 0x00, 0x00, 0x00, 0x00, 0x00, 0x00, 0x00, 0x00,
  0xff, 0x7f, 0x00, 0x02, 0xff, 0xff, 0x7f, 0x02, 0x00, 0x00, 0x00, 0x00,
  0x00, 0x00, 0x00, 0x00, 0x00, 0x00, 0x00, 0x00, 0x00, 0x00, 0x00, 0x00,
  0xff, 0xff, 0x7f, 0x02, 0xff, 0x7f, 0x7f, 0x02, 0x00, 0x00, 0x00, 0x00,
  0x00, 0x00, 0x00, 0x00, 0x00, 0x00, 0x00, 0x00, 0x00, 0x00, 0x00, 0x00,
  0x00, 0x00, 0x00, 0x00, 0x00, 0x00, 0x00, 0x00, 0x00, 0x00, 0x00, 0x00,
  0x00, 0x00, 0x00, 0x00, 0x00, 0x00, 0x00, 0x00, 0x00, 0x00, 0x00, 0x00,
  0x00, 0x00, 0x00, 0x00, 0x00, 0x00, 0x00, 0x00, 0x00, 0x00, 0x00, 0x00,
  0x00, 0x00, 0x00, 0x00, 0x00, 0x00, 0x00, 0x00, 0x00, 0x00, 0x00, 0x00,
  0x00, 0x00, 0x00, 0x00, 0x00, 0x00, 0x00, 0x00, 0x00, 0x00, 0x00, 0x00,
  0x00, 0x00, 0x00, 0x00, 0x00, 0x00, 0x00, 0x00, 0x00, 0x00, 0x00, 0x00,
  0x00, 0x00, 0x00, 0x00, 0x00, 0x00, 0x00, 0x00, 0x00, 0x00, 0x00, 0x00,
  0x00, 0x00, 0x00, 0x00, 0x00, 0x00, 0x00, 0x00, 0x00, 0x00, 0x00, 0x00,
  0x00, 0x00, 0x00, 0x00, 0x00, 0x00, 0x00, 0x00, 0x00, 0x00, 0x00, 0x00,
  0x00, 0x00, 0x00, 0x00, 0x00, 0x00, 0x00, 0x00, 0x00, 0x00, 0x00, 0x00,
  0x00, 0x00, 0x00, 0x00, 0x00, 0x00, 0x00, 0x00, 0x00, 0x00, 0x00, 0x00,
  0x00, 0x00, 0x00, 0x00, 0x00, 0x00, 0x00, 0x00, 0x00, 0x00, 0x00, 0x00,
  0x00, 0x00, 0x00, 0x00, 0x00, 0x00, 0x00, 0x00, 0x00, 0x00, 0x00, 0x00,
  0x00, 0x00, 0x00, 0x00, 0x00, 0x00, 0x00, 0x00, 0x00, 0x00, 0x00, 0x00,
  0x00, 0x00, 0x00, 0x00, 0x00, 0x00, 0x00, 0x00, 0x00, 0x00, 0x00, 0x00,
  0x00, 0x00, 0x00, 0x00, 0x00, 0x00, 0x00, 0x00, 0x00, 0x00, 0x00, 0x00,
  0x00, 0x00, 0x00, 0x00, 0x00, 0x00, 0x00, 0x00, 0x00, 0x00, 0x00, 0x00,
  0x00, 0x00, 0x00, 0x00, 0x00, 0x00, 0x00, 0x00, 0x00, 0x00, 0x00, 0x00,
  0x00, 0x00, 0x00, 0x00, 0x00, 0x00, 0x00, 0x00, 0x00, 0x00, 0x00, 0x00,
  0x00, 0x00, 0x00, 0x00, 0x00, 0x00, 0x00, 0x00, 0x00, 0x00, 0x00, 0x00,
  0x00, 0x00, 0x00, 0x00, 0x00, 0x00, 0x00, 0x00, 0x00, 0x00, 0x00, 0x00,
  0x00, 0x00, 0x00, 0x00, 0x00, 0x00, 0x00, 0x00, 0x00, 0x00, 0x00, 0x00,
  0x00, 0x00, 0x00, 0x00, 0x00, 0x00, 0x00, 0x00, 0x00, 0x00, 0x00, 0x00,
  0x00, 0x00, 0x00, 0x00, 0x00, 0x00, 0x00, 0x00, 0x00, 0x00, 0x00, 0x00,
  0x00, 0x00, 0x00, 0x00, 0x00, 0x00, 0x00, 0x00, 0x00, 0x00, 0x00, 0x00,
  0x00, 0x00, 0x00, 0x00, 0x00, 0x00, 0x00, 0x00, 0x00, 0x00, 0x00, 0x00,
  0x00, 0x00, 0x00, 0x00, 0x00, 0x00, 0x00, 0x00, 0x00, 0x00, 0x00, 0x00,
  0x00, 0x00, 0x00, 0x00, 0x00, 0x00, 0x00, 0x00, 0x00, 0x00, 0x00, 0x00,
  0x00, 0x00, 0x00, 0x00, 0x00, 0x00, 0x00, 0x00, 0x00, 0x00, 0x00, 0x00,
  0x00, 0x00, 0x00, 0x00, 0x00, 0x00, 0x00, 0x00, 0x00, 0x00, 0x00, 0x00,
  0x00, 0x00, 0x00, 0x00, 0x00, 0x00, 0x00, 0x00, 0x00, 0x00, 0x00, 0x00,
  0x00, 0x00, 0x00, 0x00, 0x00, 0x00, 0x00, 0x00, 0x00, 0x00, 0x00, 0x00,
  0x00, 0x00, 0x00, 0x00, 0x00, 0x00, 0x00, 0x00, 0x00, 0x00, 0x00, 0x00,
  0xaa, 0x55, 0x00, 0x03, 0x00, 0x00, 0x00, 0x00, 0x00, 0x00, 0x00, 0x00,
  0xf4, 0x94, 0x5f, 0x18, 0xfa, 0xb1, 0x68, 0x38, 0xfa, 0xb0, 0x6a, 0x37,
  0xff, 0x9f, 0x6a, 0x18, 0x00, 0x00, 0x00, 0x00, 0x00, 0x00, 0x00, 0x00,
  0xff, 0xff, 0x00, 0x02, 0x00, 0x00, 0x00, 0x00, 0x00, 0x00, 0x00, 0x00,
  0x00, 0x00, 0x00, 0x00, 0x00, 0x00, 0x00, 0x00, 0x00, 0x00, 0x00, 0x00,
  0x00, 0x00, 0x00, 0x00, 0x00, 0x00, 0x00, 0x00, 0x00, 0x00, 0x00, 0x00,
  0x00, 0x00, 0x00, 0x00, 0x00, 0x00, 0x00, 0x00, 0x00, 0x00, 0x00, 0x00,
  0x00, 0x00, 0x00, 0x00, 0x00, 0x00, 0x00, 0x00, 0x00, 0x00, 0x00, 0x00,
  0x00, 0x00, 0x00, 0x00, 0x00, 0x00, 0x00, 0x00, 0x00, 0x00, 0x00, 0x00,
  0x00, 0x00, 0x00, 0x00, 0x00, 0x00, 0x00, 0x00, 0x00, 0x00, 0x00, 0x00,
  0x00, 0x00, 0x00, 0x00, 0x00, 0x00, 0x00, 0x00, 0x00, 0x00, 0x00, 0x00,
  0x00, 0x00, 0x00, 0x00, 0x00, 0x00, 0x00, 0x00, 0x00, 0x00, 0x00, 0x00,
  0x00, 0x00, 0x00, 0x00, 0x00, 0x00, 0x00, 0x00, 0x00, 0x00, 0x00, 0x00,
  0x00, 0x00, 0x00, 0x00, 0x00, 0x00, 0x00, 0x00, 0x00, 0x00, 0x00, 0x00,
  0x00, 0x00, 0x00, 0x00, 0x00, 0x00, 0x00, 0x00, 0x00, 0x00, 0x00, 0x00,
  0x00, 0x00, 0x00, 0x00, 0x00, 0x00, 0x00, 0x00, 0x00, 0x00, 0x00, 0x00,
  0x00, 0x00, 0x00, 0x00, 0x00, 0x00, 0x00, 0x00, 0x00, 0x00, 0x00, 0x00,
  0x00, 0x00, 0x00, 0x00, 0x00, 0x00, 0x00, 0x00, 0x00, 0x00, 0x00, 0x00,
  0x00, 0x00, 0x00, 0x00, 0x00, 0x00, 0x00, 0x00, 0x00, 0x00, 0x00, 0x00,
  0x00, 0x00, 0x00, 0x00, 0x00, 0x00, 0x00, 0x00, 0x00, 0x00, 0x00, 0x00,
  0x00, 0x00, 0x00, 0x00, 0x00, 0x00, 0x00, 0x00, 0x00, 0x00, 0x00, 0x00,
  0x00, 0x00, 0x00, 0x00, 0x00, 0x00, 0x00, 0x00, 0x00, 0x00, 0x00, 0x00,
  0x00, 0x00, 0x00, 0x00, 0x00, 0x00, 0x00, 0x00, 0x00, 0x00, 0x00, 0x00,
  0x00, 0x00, 0x00, 0x00, 0x00, 0x00, 0x00, 0x00, 0x00, 0x00, 0x00, 0x00,
  0x00, 0x00, 0x00, 0x00, 0x00, 0x00, 0x00, 0x00, 0x00, 0x00, 0x00, 0x00,
  0x00, 0x00, 0x00, 0x00, 0x00, 0x00, 0x00, 0x00, 0x00, 0x00, 0x00, 0x00,
  0x00, 0x00, 0x00, 0x00, 0x00, 0x00, 0x00, 0x00, 0x00, 0x00, 0x00, 0x00,
  0x00, 0x00, 0x00, 0x00, 0x00, 0x00, 0x00, 0x00, 0x00, 0x00, 0x00, 0x00,
  0x00, 0x00, 0x00, 0x00, 0x00, 0x00, 0x00, 0x00, 0x00, 0x00, 0x00, 0x00,
  0x00, 0x00, 0x00, 0x00, 0x00, 0x00, 0x00, 0x00, 0x00, 0x00, 0x00, 0x00,
  0x00, 0x00, 0x00, 0x00, 0x00, 0x00, 0x00, 0x00, 0x00, 0x00, 0x00, 0x00,
  0x00, 0x00, 0x00, 0x00, 0x00, 0x00, 0x00, 0x00, 0x00, 0x00, 0x00, 0x00,
  0x00, 0x00, 0x00, 0x00, 0x00, 0x00, 0x00, 0x00, 0x00, 0x00, 0x00, 0x00,
  0x00, 0x00, 0x00, 0x00, 0x00, 0x00, 0x00, 0x00, 0x00, 0x00, 0x00, 0x00,
  0x00, 0x00, 0x00, 0x00, 0x00, 0x00, 0x00, 0x00, 0x00, 0x00, 0x00, 0x00,
  0x00, 0x00, 0x00, 0x00, 0x00, 0x00, 0x00, 0x00, 0x00, 0x00, 0x00, 0x00,
  0x00, 0x00, 0x00, 0x00, 0x00, 0x00, 0x00, 0x00, 0x00, 0x00, 0x00, 0x00,
  0xaa, 0x55, 0x00, 0x03, 0x00, 0x00, 0x00, 0x00, 0xb6, 0x60, 0x30, 0x35,
  0xdb, 0x86, 0x45, 0xad, 0xd2, 0x83, 0x3c, 0xee, 0xd4, 0x83, 0x38, 0xff,
  0xd5, 0x84, 0x39, 0xff, 0xde, 0x93, 0x45, 0xee, 0xf4, 0xaa, 0x58, 0xb0,
  0xed, 0x8f, 0x47, 0x39, 0x00, 0x00, 0x00, 0x00, 0xff, 0x7f, 0x7f, 0x02,
  0x00, 0x00, 0x00, 0x00, 0x00, 0x00, 0x00, 0x00, 0x00, 0x00, 0x00, 0x00,
  0x00, 0x00, 0x00, 0x00, 0x00, 0x00, 0x00, 0x00, 0x00, 0x00, 0x00, 0x00,
  0x00, 0x00, 0x00, 0x00, 0x00, 0x00, 0x00, 0x00, 0x00, 0x00, 0x00, 0x00,
  0x00, 0x00, 0x00, 0x00, 0x00, 0x00, 0x00, 0x00, 0x00, 0x00, 0x00, 0x00,
  0x00, 0x00, 0x00, 0x00, 0x00, 0x00, 0x00, 0x00, 0x00, 0x00, 0x00, 0x00,
  0x00, 0x00, 0x00, 0x00, 0x00, 0x00, 0x00, 0x00, 0x00, 0x00, 0x00, 0x00,
  0x00, 0x00, 0x00, 0x00, 0x00, 0x00, 0x00, 0x00, 0x00, 0x00, 0x00, 0x00,
  0x00, 0x00, 0x00, 0x00, 0x00, 0x00, 0x00, 0x00, 0x00, 0x00, 0x00, 0x00,
  0x00, 0x00, 0x00, 0x00, 0x00, 0x00, 0x00, 0x00, 0x00, 0x00, 0x00, 0x00,
  0x00, 0x00, 0x00, 0x00, 0x00, 0x00, 0x00, 0x00, 0x00, 0x00, 0x00, 0x00,
  0x00, 0x00, 0x00, 0x00, 0x00, 0x00, 0x00, 0x00, 0x00, 0x00, 0x00, 0x00,
  0x00, 0x00, 0x00, 0x00, 0x00, 0x00, 0x00, 0x00, 0x00, 0x00, 0x00, 0x00,
  0x00, 0x00, 0x00, 0x00, 0x00, 0x00, 0x00, 0x00, 0x00, 0x00, 0x00, 0x00,
  0x00, 0x00, 0x00, 0x00, 0x00, 0x00, 0x00, 0x00, 0x00, 0x00, 0x00, 0x00,
  0x00, 0x00, 0x00, 0x00, 0x00, 0x00, 0x00, 0x00, 0x00, 0x00, 0x00, 0x00,
  0x00, 0x00, 0x00, 0x00, 0x00, 0x00, 0x00, 0x00, 0x00, 0x00, 0x00, 0x00,
  0x00, 0x00, 0x00, 0x00, 0x00, 0x00, 0x00, 0x00, 0x00, 0x00, 0x00, 0x00,
  0x00, 0x00, 0x00, 0x00, 0x00, 0x00, 0x00, 0x00, 0x00, 0x00, 0x00, 0x00,
  0x00, 0x00, 0x00, 0x00, 0x00, 0x00, 0x00, 0x00, 0x00, 0x00, 0x00, 0x00,
  0x00, 0x00, 0x00, 0x00, 0x00, 0x00, 0x00, 0x00, 0x00, 0x00, 0x00, 0x00,
  0x00, 0x00, 0x00, 0x00, 0x00, 0x00, 0x00, 0x00, 0x00, 0x00, 0x00, 0x00,
  0x00, 0x00, 0x00, 0x00, 0x00, 0x00, 0x00, 0x00, 0x00, 0x00, 0x00, 0x00,
  0x00, 0x00, 0x00, 0x00, 0x00, 0x00, 0x00, 0x00, 0x00, 0x00, 0x00, 0x00,
  0x00, 0x00, 0x00, 0x00, 0x00, 0x00, 0x00, 0x00, 0x00, 0x00, 0x00, 0x00,
  0x00, 0x00, 0x00, 0x00, 0x00, 0x00, 0x00, 0x00, 0x00, 0x00, 0x00, 0x00,
  0x00, 0x00, 0x00, 0x00, 0x00, 0x00, 0x00, 0x00, 0x00, 0x00, 0x00, 0x00,
  0x00, 0x00, 0x00, 0x00, 0x00, 0x00, 0x00, 0x00, 0x00, 0x00, 0x00, 0x00,
  0x00, 0x00, 0x00, 0x00, 0x00, 0x00, 0x00, 0x00, 0x00, 0x00, 0x00, 0x00,
  0x00, 0x00, 0x00, 0x00, 0x00, 0x00, 0x00, 0x00, 0x00, 0x00, 0x00, 0x00,
  0x00, 0x00, 0x00, 0x00, 0x00, 0x00, 0x00, 0x00, 0x00, 0x00, 0x00, 0x00,
  0x00, 0x00, 0x00, 0x00, 0x00, 0x00, 0x00, 0x00, 0x00, 0x00, 0x00, 0x00,
  0x00, 0x00, 0x00, 0x00, 0x00, 0x00, 0x00, 0x00, 0x00, 0x00, 0x00, 0x00,
  0x00, 0x00, 0x00, 0x00, 0x00, 0x00, 0x00, 0x00, 0x00, 0x00, 0x00, 0x00,
  0xff, 0x7f, 0x00, 0x02, 0x00, 0x00, 0x00, 0x00, 0xaa, 0x59, 0x21, 0x5b,
  0xbb, 0x65, 0x1f, 0xf9, 0xb2, 0x52, 0x10, 0xff, 0xae, 0x3e, 0x00, 0xff,
  0xc6, 0x45, 0x00, 0xfb, 0xcf, 0x4b, 0x00, 0xfb, 0xc1, 0x4a, 0x00, 0xff,
  0xca, 0x69, 0x14, 0xff, 0xe4, 0x8f, 0x2d, 0xfc, 0xf1, 0x90, 0x2c, 0x5c,
  0x00, 0x00, 0x00, 0x00, 0xaa, 0xaa, 0x00, 0x03, 0x00, 0x00, 0x00, 0x00,
  0x00, 0x00, 0x00, 0x00, 0x00, 0x00, 0x00, 0x00, 0x00, 0x00, 0x00, 0x00,
  0x00, 0x00, 0x00, 0x00, 0x00, 0x00, 0x00, 0x00, 0x00, 0x00, 0x00, 0x00,
  0x00, 0x00, 0x00, 0x00, 0x00, 0x00, 0x00, 0x00, 0x00, 0x00, 0x00, 0x00,
  0x00, 0x00, 0x00, 0x00, 0x00, 0x00, 0x00, 0x00, 0x00, 0x00, 0x00, 0x00,
  0x00, 0x00, 0x00, 0x00, 0x00, 0x00, 0x00, 0x00, 0x00, 0x00, 0x00, 0x00,
  0x00, 0x00, 0x00, 0x00, 0x00, 0x00, 0x00, 0x00, 0x00, 0x00, 0x00, 0x00,
  0x00, 0x00, 0x00, 0x00, 0x00, 0x00, 0x00, 0x00, 0x00, 0x00, 0x00, 0x00,
  0x00, 0x00, 0x00, 0x00, 0x00, 0x00, 0x00, 0x00, 0x00, 0x00, 0x00, 0x00,
  0x00, 0x00, 0x00, 0x00, 0x00, 0x00, 0x00, 0x00, 0x00, 0x00, 0x00, 0x00,
  0x00, 0x00, 0x00, 0x00, 0x00, 0x00, 0x00, 0x00, 0x00, 0x00, 0x00, 0x00,
  0x00, 0x00, 0x00, 0x00, 0x00, 0x00, 0x00, 0x00, 0x00, 0x00, 0x00, 0x00,
  0x00, 0x00, 0x00, 0x00, 0x00, 0x00, 0x00, 0x00, 0x00, 0x00, 0x00, 0x00,
  0x00, 0x00, 0x00, 0x00, 0x00, 0x00, 0x00, 0x00, 0x00, 0x00, 0x00, 0x00,
  0x00, 0x00, 0x00, 0x00, 0x00, 0x00, 0x00, 0x00, 0x00, 0x00, 0x00, 0x00,
  0x00, 0x00, 0x00, 0x00, 0x00, 0x00, 0x00, 0x00, 0x00, 0x00, 0x00, 0x00,
  0x00, 0x00, 0x00, 0x00, 0x00, 0x00, 0x00, 0x00, 0x00, 0x00, 0x00, 0x00,
  0x00, 0x00, 0x00, 0x00, 0x00, 0x00, 0x00, 0x00, 0x00, 0x00, 0x00, 0x00,
  0x00, 0x00, 0x00, 0x00, 0x00, 0x00, 0x00, 0x00, 0x00, 0x00, 0x00, 0x00,
  0x00, 0x00, 0x00, 0x00, 0x00, 0x00, 0x00, 0x00, 0x00, 0x00, 0x00, 0x00,
  0x00, 0x00, 0x00, 0x00, 0x00, 0x00, 0x00, 0x00, 0x00, 0x00, 0x00, 0x00,
  0x00, 0x00, 0x00, 0x00, 0x00, 0x00, 0x00, 0x00, 0x00, 0x00, 0x00, 0x00,
  0x00, 0x00, 0x00, 0x00, 0x00, 0x00, 0x00, 0x00, 0x00, 0x00, 0x00, 0x00,
  0x00, 0x00, 0x00, 0x00, 0x00, 0x00, 0x00, 0x00, 0x00, 0x00, 0x00, 0x00,
  0x00, 0x00, 0x00, 0x00, 0x00, 0x00, 0x00, 0x00, 0x00, 0x00, 0x00, 0x00,
  0x00, 0x00, 0x00, 0x00, 0x00, 0x00, 0x00, 0x00, 0x00, 0x00, 0x00, 0x00,
  0x00, 0x00, 0x00, 0x00, 0x00, 0x00, 0x00, 0x00, 0x00, 0x00, 0x00, 0x00,
  0x00, 0x00, 0x00, 0x00, 0x00, 0x00, 0x00, 0x00, 0x00, 0x00, 0x00, 0x00,
  0x00, 0x00, 0x00, 0x00, 0x00, 0x00, 0x00, 0x00, 0x00, 0x00, 0x00, 0x00,
  0x00, 0x00, 0x00, 0x00, 0x00, 0x00, 0x00, 0x00, 0x00, 0x00, 0x00, 0x00,
  0x00, 0x00, 0x00, 0x00, 0x00, 0x00, 0x00, 0x00, 0x00, 0x00, 0x00, 0x00,
  0x00, 0x00, 0x00, 0x00, 0x00, 0x00, 0x00, 0x00, 0x00, 0x00, 0x00, 0x00,
  0x00, 0x00, 0x00, 0x00, 0x00, 0x00, 0x00, 0x00, 0x00, 0x00, 0x00, 0x00,
  0x55, 0x55, 0x00, 0x03, 0x00, 0x00, 0x00, 0x00, 0x94, 0x3b, 0x11, 0x3c,
  0xab, 0x52, 0x15, 0xfd, 0x90, 0x34, 0x02, 0xfc, 0x8a, 0x16, 0x00, 0xf8,
  0xce, 0x30, 0x00, 0xfc, 0xee, 0x6e, 0x0f, 0xfd, 0xf3, 0x73, 0x13, 0xfc,
  0xd7, 0x33, 0x00, 0xfc, 0x94, 0x1b, 0x00, 0xf8, 0x96, 0x3a, 0x00, 0xfc,
  0xdf, 0x78, 0x0f, 0xfe, 0xd9, 0x66, 0x0c, 0x3e, 0x00, 0x00, 0x00, 0x00,
  0xaa, 0x55, 0x00, 0x03, 0x00, 0x00, 0x00, 0x00, 0x00, 0x00, 0x00, 0x00,
  0x00, 0x00, 0x00, 0x00, 0x00, 0x00, 0x00, 0x00, 0x00, 0x00, 0x00, 0x00,
  0x00, 0x00, 0x00, 0x00, 0x00, 0x00, 0x00, 0x00, 0x00, 0x00, 0x00, 0x00,
  0x00, 0x00, 0x00, 0x00, 0x00, 0x00, 0x00, 0x00, 0x00, 0x00, 0x00, 0x00,
  0x00, 0x00, 0x00, 0x00, 0x00, 0x00, 0x00, 0x00, 0x00, 0x00, 0x00, 0x00,
  0x00, 0x00, 0x00, 0x00, 0x00, 0x00, 0x00, 0x00, 0x00, 0x00, 0x00, 0x00,
  0x00, 0x00, 0x00, 0x00, 0x00, 0x00, 0x00, 0x00, 0x00, 0x00, 0x00, 0x00,
  0x00, 0x00, 0x00, 0x00, 0x00, 0x00, 0x00, 0x00, 0x00, 0x00, 0x00, 0x00,
  0x00, 0x00, 0x00, 0x00, 0x00, 0x00, 0x00, 0x00, 0x00, 0x00, 0x00, 0x00,
  0x00, 0x00, 0x00, 0x00, 0x00, 0x00, 0x00, 0x00, 0x00, 0x00, 0x00, 0x00,
  0x00, 0x00, 0x00, 0x00, 0x00, 0x00, 0x00, 0x00, 0x00, 0x00, 0x00, 0x00,
  0x00, 0x00, 0x00, 0x00, 0x00, 0x00, 0x00, 0x00, 0x00, 0x00, 0x00, 0x00,
  0x00, 0x00, 0x00, 0x00, 0x00, 0x00, 0x00, 0x00, 0x00, 0x00, 0x00, 0x00,
  0x00, 0x00, 0x00, 0x00, 0x00, 0x00, 0x00, 0x00, 0x00, 0x00, 0x00, 0x00,
  0x00, 0x00, 0x00, 0x00, 0x00, 0x00, 0x00, 0x00, 0x00, 0x00, 0x00, 0x00,
  0x00, 0x00, 0x00, 0x00, 0x00, 0x00, 0x00, 0x00, 0x00, 0x00, 0x00, 0x00,
  0x00, 0x00, 0x00, 0x00, 0x00, 0x00, 0x00, 0x00, 0x00, 0x00, 0x00, 0x00,
  0x00, 0x00, 0x00, 0x00, 0x00, 0x00, 0x00, 0x00, 0x00, 0x00, 0x00, 0x00,
  0x00, 0x00, 0x00, 0x00, 0x00, 0x00, 0x00, 0x00, 0x00, 0x00, 0x00, 0x00,
  0x00, 0x00, 0x00, 0x00, 0x00, 0x00, 0x00, 0x00, 0x00, 0x00, 0x00, 0x00,
  0x00, 0x00, 0x00, 0x00, 0x00, 0x00, 0x00, 0x00, 0x00, 0x00, 0x00, 0x00,
  0x00, 0x00, 0x00, 0x00, 0x00, 0x00, 0x00, 0x00, 0x00, 0x00, 0x00, 0x00,
  0x00, 0x00, 0x00, 0x00, 0x00, 0x00, 0x00, 0x00, 0x00, 0x00, 0x00, 0x00,
  0x00, 0x00, 0x00, 0x00, 0x00, 0x00, 0x00, 0x00, 0x00, 0x00, 0x00, 0x00,
  0x00, 0x00, 0x00, 0x00, 0x00, 0x00, 0x00, 0x00, 0x00, 0x00, 0x00, 0x00,
  0x00, 0x00, 0x00, 0x00, 0x00, 0x00, 0x00, 0x00, 0x00, 0x00, 0x00, 0x00,
  0x00, 0x00, 0x00, 0x00, 0x00, 0x00, 0x00, 0x00, 0x00, 0x00, 0x00, 0x00,
  0x00, 0x00, 0x00, 0x00, 0x00, 0x00, 0x00, 0x00, 0x00, 0x00, 0x00, 0x00,
  0x00, 0x00, 0x00, 0x00, 0x00, 0x00, 0x00, 0x00, 0x00, 0x00, 0x00, 0x00,
  0x00, 0x00, 0x00, 0x00, 0x00, 0x00, 0x00, 0x00, 0x00, 0x00, 0x00, 0x00,
  0x00, 0x00, 0x00, 0x00, 0x00, 0x00, 0x00, 0x00, 0x00, 0x00, 0x00, 0x00,
  0x00, 0x00, 0x00, 0x00, 0x00, 0x00, 0x00, 0x00, 0x00, 0x00, 0x00, 0x00,
  0x00, 0x00, 0x00, 0x00, 0x7f, 0x7f, 0x00, 0x02, 0x00, 0x00, 0x00, 0x01,
  0x93, 0x3e, 0x09, 0xc4, 0x85, 0x32, 0x04, 0xff, 0x70, 0x0a, 0x00, 0xf8,
  0xce, 0x33, 0x01, 0xfd, 0xff, 0xc3, 0x25, 0xfd, 0xfd, 0xf9, 0x88, 0xfd,
  0xfb, 0xf9, 0xa0, 0xfd, 0xfd, 0xc5, 0x3e, 0xfd, 0xd1, 0x37, 0x01, 0xfd,
  0x6f, 0x0c, 0x02, 0xf9, 0x94, 0x3d, 0x00, 0xff, 0xc0, 0x51, 0x03, 0xcb,
  0xaa, 0x00, 0x00, 0x03, 0x7f, 0x7f, 0x00, 0x02, 0x00, 0x00, 0x00, 0x00,
  0x00, 0x00, 0x00, 0x00, 0x00, 0x00, 0x00, 0x00, 0x00, 0x00, 0x00, 0x00,
  0x00, 0x00, 0x00, 0x00, 0x00, 0x00, 0x00, 0x00, 0x00, 0x00, 0x00, 0x00,
  0x00, 0x00, 0x00, 0x00, 0x00, 0x00, 0x00, 0x00, 0x00, 0x00, 0x00, 0x00,
  0x00, 0x00, 0x00, 0x00, 0x00, 0x00, 0x00, 0x00, 0x00, 0x00, 0x00, 0x00,
  0x00, 0x00, 0x00, 0x00, 0x00, 0x00, 0x00, 0x00, 0x00, 0x00, 0x00, 0x00,
  0x00, 0x00, 0x00, 0x00, 0x00, 0x00, 0x00, 0x00, 0x00, 0x00, 0x00, 0x00,
  0x00, 0x00, 0x00, 0x00, 0x00, 0x00, 0x00, 0x00, 0x00, 0x00, 0x00, 0x00,
  0x00, 0x00, 0x00, 0x00, 0x00, 0x00, 0x00, 0x00, 0x00, 0x00, 0x00, 0x00,
  0x00, 0x00, 0x00, 0x00, 0x00, 0x00, 0x00, 0x00, 0x00, 0x00, 0x00, 0x00,
  0x00, 0x00, 0x00, 0x00, 0x00, 0x00, 0x00, 0x00, 0x00, 0x00, 0x00, 0x00,
  0x00, 0x00, 0x00, 0x00, 0x00, 0x00, 0x00, 0x00, 0x00, 0x00, 0x00, 0x00,
  0x00, 0x00, 0x00, 0x00, 0x00, 0x00, 0x00, 0x00, 0x00, 0x00, 0x00, 0x00,
  0x00, 0x00, 0x00, 0x00, 0x00, 0x00, 0x00, 0x00, 0x00, 0x00, 0x00, 0x00,
  0x00, 0x00, 0x00, 0x00, 0x00, 0x00, 0x00, 0x00, 0x00, 0x00, 0x00, 0x00,
  0x00, 0x00, 0x00, 0x00, 0x00, 0x00, 0x00, 0x00, 0x00, 0x00, 0x00, 0x00,
  0x00, 0x00, 0x00, 0x00, 0x00, 0x00, 0x00, 0x00, 0x00, 0x00, 0x00, 0x00,
  0x00, 0x00, 0x00, 0x00, 0x00, 0x00, 0x00, 0x00, 0x00, 0x00, 0x00, 0x00,
  0x00, 0x00, 0x00, 0x00, 0x00, 0x00, 0x00, 0x00, 0x00, 0x00, 0x00, 0x00,
  0x00, 0x00, 0x00, 0x00, 0x00, 0x00, 0x00, 0x00, 0x00, 0x00, 0x00, 0x00,
  0x00, 0x00, 0x00, 0x00, 0x00, 0x00, 0x00, 0x00, 0x00, 0x00, 0x00, 0x00,
  0x00, 0x00, 0x00, 0x00, 0x00, 0x00, 0x00, 0x00, 0x00, 0x00, 0x00, 0x00,
  0x00, 0x00, 0x00, 0x00, 0x00, 0x00, 0x00, 0x00, 0x00, 0x00, 0x00, 0x00,
  0x00, 0x00, 0x00, 0x00, 0x00, 0x00, 0x00, 0x00, 0x00, 0x00, 0x00, 0x00,
  0x00, 0x00, 0x00, 0x00, 0x00, 0x00, 0x00, 0x00, 0x00, 0x00, 0x00, 0x00,
  0x00, 0x00, 0x00, 0x00, 0x00, 0x00, 0x00, 0x00, 0x00, 0x00, 0x00, 0x00,
  0x00, 0x00, 0x00, 0x00, 0x00, 0x00, 0x00, 0x00, 0x00, 0x00, 0x00, 0x00,
  0x00, 0x00, 0x00, 0x00, 0x00, 0x00, 0x00, 0x00, 0x00, 0x00, 0x00, 0x00,
  0x00, 0x00, 0x00, 0x00, 0x00, 0x00, 0x00, 0x00, 0x00, 0x00, 0x00, 0x00,
  0x00, 0x00, 0x00, 0x00, 0x00, 0x00, 0x00, 0x00, 0x00, 0x00, 0x00, 0x00,
  0x00, 0x00, 0x00, 0x00, 0x00, 0x00, 0x00, 0x00, 0x00, 0x00, 0x00, 0x00,
  0x00, 0x00, 0x00, 0x00, 0x00, 0x00, 0x00, 0x00, 0x00, 0x00, 0x00, 0x00,
  0x00, 0x00, 0x00, 0x00, 0x7f, 0x00, 0x00, 0x02, 0x00, 0x00, 0x00, 0x00,
  0x7c, 0x29, 0x0b, 0x2b, 0x88, 0x35, 0x03, 0xfb, 0x56, 0x17, 0x01, 0xfc,
  0x8e, 0x0d, 0x00, 0xfc, 0xff, 0x5f, 0x00, 0xfc, 0xfa, 0xcd, 0x07, 0xfd,
  0xfb, 0xdd, 0x0e, 0xfd, 0xfb, 0xe1, 0x15, 0xfc, 0xfb, 0xe2, 0x15, 0xfc,
  0xff, 0x6c, 0x01, 0xfd, 0x95, 0x12, 0x00, 0xfc, 0x4e, 0x18, 0x02, 0xfb,
  0xa4, 0x41, 0x02, 0xfe, 0x93, 0x33, 0x05, 0x32, 0x00, 0x00, 0x00, 0x00,
  0x55, 0x55, 0x00, 0x03, 0x00, 0x00, 0x00, 0x00, 0x00, 0x00, 0x00, 0x00,
  0x00, 0x00, 0x00, 0x00, 0x00, 0x00, 0x00, 0x00, 0x00, 0x00, 0x00, 0x00,
  0x00, 0x00, 0x00, 0x00, 0x00, 0x00, 0x00, 0x00, 0x00, 0x00, 0x00, 0x00,
  0x00, 0x00, 0x00, 0x00, 0x00, 0x00, 0x00, 0x00, 0x00, 0x00, 0x00, 0x00,
  0x00, 0x00, 0x00, 0x00, 0x00, 0x00, 0x00, 0x00, 0x00, 0x00, 0x00, 0x00,
  0x00, 0x00, 0x00, 0x00, 0x00, 0x00, 0x00, 0x00, 0x00, 0x00, 0x00, 0x00,
  0x00, 0x00, 0x00, 0x00, 0x00, 0x00, 0x00, 0x00, 0x00, 0x00, 0x00, 0x00,
  0x00, 0x00, 0x00, 0x00, 0x00, 0x00, 0x00, 0x00, 0x00, 0x00, 0x00, 0x00,
  0x00, 0x00, 0x00, 0x00, 0x00, 0x00, 0x00, 0x00, 0x00, 0x00, 0x00, 0x00,
  0x00, 0x00, 0x00, 0x00, 0x00, 0x00, 0x00, 0x00, 0x00, 0x00, 0x00, 0x00,
  0x00, 0x00, 0x00, 0x00, 0x00, 0x00, 0x00, 0x00, 0x00, 0x00, 0x00, 0x00,
  0x00, 0x00, 0x00, 0x00, 0x00, 0x00, 0x00, 0x00, 0x00, 0x00, 0x00, 0x00,
  0x00, 0x00, 0x00, 0x00, 0x00, 0x00, 0x00, 0x00, 0x00, 0x00, 0x00, 0x00,
  0x00, 0x00, 0x00, 0x00, 0x00, 0x00, 0x00, 0x00, 0x00, 0x00, 0x00, 0x00,
  0x00, 0x00, 0x00, 0x00, 0x00, 0x00, 0x00, 0x00, 0x00, 0x00, 0x00, 0x00,
  0x00, 0x00, 0x00, 0x00, 0x00, 0x00, 0x00, 0x00, 0x00, 0x00, 0x00, 0x00,
  0x00, 0x00, 0x00, 0x00, 0x00, 0x00, 0x00, 0x00, 0x00, 0x00, 0x00, 0x00,
  0x00, 0x00, 0x00, 0x00, 0x00, 0x00, 0x00, 0x00, 0x00, 0x00, 0x00, 0x00,
  0x00, 0x00, 0x00, 0x00, 0x00, 0x00, 0x00, 0x00, 0x00, 0x00, 0x00, 0x00,
  0x00, 0x00, 0x00, 0x00, 0x00, 0x00, 0x00, 0x00, 0x00, 0x00, 0x00, 0x00,
  0x00, 0x00, 0x00, 0x00, 0x00, 0x00, 0x00, 0x00, 0x00, 0x00, 0x00, 0x00,
  0x00, 0x00, 0x00, 0x00, 0x00, 0x00, 0x00, 0x00, 0x00, 0x00, 0x00, 0x00,
  0x00, 0x00, 0x00, 0x00, 0x00, 0x00, 0x00, 0x00, 0x00, 0x00, 0x00, 0x00,
  0x00, 0x00, 0x00, 0x00, 0x00, 0x00, 0x00, 0x00, 0x00, 0x00, 0x00, 0x00,
  0x00, 0x00, 0x00, 0x00, 0x00, 0x00, 0x00, 0x00, 0x00, 0x00, 0x00, 0x00,
  0x00, 0x00, 0x00, 0x00, 0x00, 0x00, 0x00, 0x00, 0x00, 0x00, 0x00, 0x00,
  0x00, 0x00, 0x00, 0x00, 0x00, 0x00, 0x00, 0x00, 0x00, 0x00, 0x00, 0x00,
  0x00, 0x00, 0x00, 0x00, 0x00, 0x00, 0x00, 0x00, 0x00, 0x00, 0x00, 0x00,
  0x00, 0x00, 0x00, 0x00, 0x00, 0x00, 0x00, 0x00, 0x00, 0x00, 0x00, 0x00,
  0x00, 0x00, 0x00, 0x00, 0x00, 0x00, 0x00, 0x00, 0x00, 0x00, 0x00, 0x00,
  0x00, 0x00, 0x00, 0x00, 0x00, 0x00, 0x00, 0x00, 0x00, 0x00, 0x00, 0x00,
  0x00, 0x00, 0x00, 0x00, 0x00, 0x00, 0x00, 0x00, 0xaa, 0x55, 0x00, 0x03,
  0x00, 0x00, 0x00, 0x00, 0x7e, 0x2a, 0x0c, 0x55, 0x7c, 0x2d, 0x02, 0xff,
  0x4d, 0x0d, 0x00, 0xf9, 0xc3, 0x24, 0x00, 0xfc, 0xfb, 0x3e, 0x00, 0xfc,
  0xf9, 0x70, 0x00, 0xfc, 0xfb, 0x98, 0x00, 0xfc, 0xfb, 0xa1, 0x00, 0xfd,
  0xfb, 0x7f, 0x00, 0xfc, 0xfb, 0x49, 0x00, 0xfc, 0xc3, 0x26, 0x00, 0xfc,
  0x44, 0x0e, 0x00, 0xf8, 0x89, 0x34, 0x03, 0xff, 0x82, 0x2e, 0x05, 0x62,
  0x00, 0x00, 0x00, 0x00, 0x7f, 0x3f, 0x00, 0x04, 0x00, 0x00, 0x00, 0x00,
  0x00, 0x00, 0x00, 0x00, 0x00, 0x00, 0x00, 0x00, 0x00, 0x00, 0x00, 0x00,
  0x00, 0x00, 0x00, 0x00, 0x00, 0x00, 0x00, 0x00, 0x00, 0x00, 0x00, 0x00,
  0x00, 0x00, 0x00, 0x00, 0x00, 0x00, 0x00, 0x00, 0x00, 0x00, 0x00, 0x00,
  0x00, 0x00, 0x00, 0x00, 0x00, 0x00, 0x00, 0x00, 0x00, 0x00, 0x00, 0x00,
  0x00, 0x00, 0x00, 0x00, 0x00, 0x00, 0x00, 0x00, 0x00, 0x00, 0x00, 0x00,
  0x00, 0x00, 0x00, 0x00, 0x00, 0x00, 0x00, 0x00, 0x00, 0x00, 0x00, 0x00,
  0x00, 0x00, 0x00, 0x00, 0x00, 0x00, 0x00, 0x00, 0x00, 0x00, 0x00, 0x00,
  0x00, 0x00, 0x00, 0x00, 0x00, 0x00, 0x00, 0x00, 0x00, 0x00, 0x00, 0x00,
  0x00, 0x00, 0x00, 0x00, 0x00, 0x00, 0x00, 0x00, 0x00, 0x00, 0x00, 0x00,
  0x00, 0x00, 0x00, 0x00, 0x00, 0x00, 0x00, 0x00, 0x00, 0x00, 0x00, 0x00,
  0x00, 0x00, 0x00, 0x00, 0x00, 0x00, 0x00, 0x00, 0x00, 0x00, 0x00, 0x00,
  0x00, 0x00, 0x00, 0x00, 0x00, 0x00, 0x00, 0x00, 0x00, 0x00, 0x00, 0x00,
  0x00, 0x00, 0x00, 0x00, 0x00, 0x00, 0x00, 0x00, 0x00, 0x00, 0x00, 0x00,
  0x00, 0x00, 0x00, 0x00, 0x00, 0x00, 0x00, 0x00, 0x00, 0x00, 0x00, 0x00,
  0x00, 0x00, 0x00, 0x00, 0x00, 0x00, 0x00, 0x00, 0x00, 0x00, 0x00, 0x00,
  0x00, 0x00, 0x00, 0x00, 0x00, 0x00, 0x00, 0x00, 0x00, 0x00, 0x00, 0x00,
  0x00, 0x00, 0x00, 0x00, 0x00, 0x00, 0x00, 0x00, 0x00, 0x00, 0x00, 0x00,
  0x00, 0x00, 0x00, 0x00, 0x00, 0x00, 0x00, 0x00, 0x00, 0x00, 0x00, 0x00,
  0x00, 0x00, 0x00, 0x00, 0x00, 0x00, 0x00, 0x00, 0x00, 0x00, 0x00, 0x00,
  0x00, 0x00, 0x00, 0x00, 0x00, 0x00, 0x00, 0x00, 0x00, 0x00, 0x00, 0x00,
  0x00, 0x00, 0x00, 0x00, 0x00, 0x00, 0x00, 0x00, 0x00, 0x00, 0x00, 0x00,
  0x00, 0x00, 0x00, 0x00, 0x00, 0x00, 0x00, 0x00, 0x00, 0x00, 0x00, 0x00,
  0x00, 0x00, 0x00, 0x00, 0x00, 0x00, 0x00, 0x00, 0x00, 0x00, 0x00, 0x00,
  0x00, 0x00, 0x00, 0x00, 0x00, 0x00, 0x00, 0x00, 0x00, 0x00, 0x00, 0x00,
  0x00, 0x00, 0x00, 0x00, 0x00, 0x00, 0x00, 0x00, 0x00, 0x00, 0x00, 0x00,
  0x00, 0x00, 0x00, 0x00, 0x00, 0x00, 0x00, 0x00, 0x00, 0x00, 0x00, 0x00,
  0x00, 0x00, 0x00, 0x00, 0x00, 0x00, 0x00, 0x00, 0x00, 0x00, 0x00, 0x00,
  0x00, 0x00, 0x00, 0x00, 0x00, 0x00, 0x00, 0x00, 0x00, 0x00, 0x00, 0x00,
  0x00, 0x00, 0x00, 0x00, 0x00, 0x00, 0x00, 0x00, 0x00, 0x00, 0x00, 0x00,
  0x00, 0x00, 0x00, 0x00, 0x00, 0x00, 0x00, 0x00, 0x00, 0x00, 0x00, 0x00,
  0x00, 0x00, 0x00, 0x00, 0x00, 0x00, 0x00, 0x00, 0x00, 0x00, 0x00, 0x00,
  0x7f, 0x3f, 0x00, 0x04, 0x00, 0x00, 0x00, 0x00, 0x87, 0x31, 0x13, 0x5c,
  0x7c, 0x2d, 0x04, 0xfe, 0x51, 0x0e, 0x00, 0xf9, 0xd1, 0x3d, 0x01, 0xfc,
  0xff, 0x59, 0x00, 0xfc, 0xf9, 0x75, 0x00, 0xfc, 0xfb, 0x93, 0x02, 0xfc,
  0xfb, 0x96, 0x03, 0xfc, 0xfa, 0x7f, 0x01, 0xfc, 0xff, 0x60, 0x00, 0xfc,
  0xda, 0x41, 0x00, 0xfc, 0x48, 0x0e, 0x00, 0xf9, 0x76, 0x2c, 0x03, 0xfe,
  0x77, 0x2a, 0x07, 0x6b, 0x00, 0x00, 0x00, 0x00, 0x7f, 0x3f, 0x00, 0x04,
  0x00, 0x00, 0x00, 0x00, 0x00, 0x00, 0x00, 0x00, 0x00, 0x00, 0x00, 0x00,
  0x00, 0x00, 0x00, 0x00, 0x00, 0x00, 0x00, 0x00, 0x00, 0x00, 0x00, 0x00,
  0x00, 0x00, 0x00, 0x00, 0x00, 0x00, 0x00, 0x00, 0x00, 0x00, 0x00, 0x00,
  0x00, 0x00, 0x00, 0x00, 0x00, 0x00, 0x00, 0x00, 0x00, 0x00, 0x00, 0x00,
  0x00, 0x00, 0x00, 0x00, 0x00, 0x00, 0x00, 0x00, 0x00, 0x00, 0x00, 0x00,
  0x00, 0x00, 0x00, 0x00, 0x00, 0x00, 0x00, 0x00, 0x00, 0x00, 0x00, 0x00,
  0x00, 0x00, 0x00, 0x00, 0x00, 0x00, 0x00, 0x00, 0x00, 0x00, 0x00, 0x00,
  0x00, 0x00, 0x00, 0x00, 0x00, 0x00, 0x00, 0x00, 0x00, 0x00, 0x00, 0x00,
  0x00, 0x00, 0x00, 0x00, 0x00, 0x00, 0x00, 0x00, 0x00, 0x00, 0x00, 0x00,
  0x00, 0x00, 0x00, 0x00, 0x00, 0x00, 0x00, 0x00, 0x00, 0x00, 0x00, 0x00,
  0x00, 0x00, 0x00, 0x00, 0x00, 0x00, 0x00, 0x00, 0x00, 0x00, 0x00, 0x00,
  0x00, 0x00, 0x00, 0x00, 0x00, 0x00, 0x00, 0x00, 0x00, 0x00, 0x00, 0x00,
  0x00, 0x00, 0x00, 0x00, 0x00, 0x00, 0x00, 0x00, 0x00, 0x00, 0x00, 0x00,
  0x00, 0x00, 0x00, 0x00, 0x00, 0x00, 0x00, 0x00, 0x00, 0x00, 0x00, 0x00,
  0x00, 0x00, 0x00, 0x00, 0x00, 0x00, 0x00, 0x00, 0x00, 0x00, 0x00, 0x00,
  0x00, 0x00, 0x00, 0x00, 0x00, 0x00, 0x00, 0x00, 0x00, 0x00, 0x00, 0x00,
  0x00, 0x00, 0x00, 0x00, 0x00, 0x00, 0x00, 0x00, 0x00, 0x00, 0x00, 0x00,
  0x00, 0x00, 0x00, 0x00, 0x00, 0x00, 0x00, 0x00, 0x00, 0x00, 0x00, 0x00,
  0x00, 0x00, 0x00, 0x00, 0x00, 0x00, 0x00, 0x00, 0x00, 0x00, 0x00, 0x00,
  0x00, 0x00, 0x00, 0x00, 0x00, 0x00, 0x00, 0x00, 0x00, 0x00, 0x00, 0x00,
  0x00, 0x00, 0x00, 0x00, 0x00, 0x00, 0x00, 0x00, 0x00, 0x00, 0x00, 0x00,
  0x00, 0x00, 0x00, 0x00, 0x00, 0x00, 0x00, 0x00, 0x00, 0x00, 0x00, 0x00,
  0x00, 0x00, 0x00, 0x00, 0x00, 0x00, 0x00, 0x00, 0x00, 0x00, 0x00, 0x00,
  0x00, 0x00, 0x00, 0x00, 0x00, 0x00, 0x00, 0x00, 0x00, 0x00, 0x00, 0x00,
  0x00, 0x00, 0x00, 0x00, 0x00, 0x00, 0x00, 0x00, 0x00, 0x00, 0x00, 0x00,
  0x00, 0x00, 0x00, 0x00, 0x00, 0x00, 0x00, 0x00, 0x00, 0x00, 0x00, 0x00,
  0x00, 0x00, 0x00, 0x00, 0x00, 0x00, 0x00, 0x00, 0x00, 0x00, 0x00, 0x00,
  0x00, 0x00, 0x00, 0x00, 0x00, 0x00, 0x00, 0x00, 0x00, 0x00, 0x00, 0x00,
  0x00, 0x00, 0x00, 0x00, 0x00, 0x00, 0x00, 0x00, 0x00, 0x00, 0x00, 0x00,
  0x00, 0x00, 0x00, 0x00, 0x00, 0x00, 0x00, 0x00, 0x00, 0x00, 0x00, 0x00,
  0x00, 0x00, 0x00, 0x00, 0xff, 0xff, 0xff, 0x01, 0x00, 0x00, 0x00, 0x00,
  0x00, 0x00, 0x00, 0x00, 0xaa, 0x55, 0x00, 0x03, 0x00, 0x00, 0x00, 0x00,
  0xa4, 0x45, 0x1e, 0x3b, 0x83, 0x33, 0x05, 0xff, 0x60, 0x12, 0x00, 0xfb,
  0xb1, 0x51, 0x00, 0xfd, 0xff, 0xac, 0x00, 0xfc, 0xf8, 0xb4, 0x00, 0xfc,
  0xfc, 0xd2, 0x00, 0xfd, 0xfc, 0xd4, 0x00, 0xfc, 0xf8, 0xbd, 0x00, 0xfc,
  0xff, 0xb1, 0x00, 0xfd, 0xb5, 0x53, 0x01, 0xfd, 0x4d, 0x11, 0x01, 0xfa,
  0x7a, 0x30, 0x03, 0xff, 0x89, 0x3a, 0x0d, 0x4a, 0x00, 0x00, 0x00, 0x00,
  0xaa, 0x55, 0x00, 0x03, 0x00, 0x00, 0x00, 0x00, 0x00, 0x00, 0x00, 0x00,
  0xff, 0xff, 0xff, 0x01, 0x00, 0x00, 0x00, 0x00, 0x00, 0x00, 0x00, 0x00,
  0x00, 0x00, 0x00, 0x00, 0x00, 0x00, 0x00, 0x00, 0x00, 0x00, 0x00, 0x00,
  0x00, 0x00, 0x00, 0x00, 0x00, 0x00, 0x00, 0x00, 0x00, 0x00, 0x00, 0x00,
  0x00, 0x00, 0x00, 0x00, 0x00, 0x00, 0x00, 0x00, 0x00, 0x00, 0x00, 0x00,
  0x00, 0x00, 0x00, 0x00, 0x00, 0x00, 0x00, 0x00, 0x00, 0x00, 0x00, 0x00,
  0x00, 0x00, 0x00, 0x00, 0x00, 0x00, 0x00, 0x00, 0x00, 0x00, 0x00, 0x00,
  0x00, 0x00, 0x00, 0x00, 0x00, 0x00, 0x00, 0x00, 0x00, 0x00, 0x00, 0x00,
  0x00, 0x00, 0x00, 0x00, 0x00, 0x00, 0x00, 0x00, 0x00, 0x00, 0x00, 0x00,
  0x00, 0x00, 0x00, 0x00, 0x00, 0x00, 0x00, 0x00, 0x00, 0x00, 0x00, 0x00,
  0x00, 0x00, 0x00, 0x00, 0x00, 0x00, 0x00, 0x00, 0x00, 0x00, 0x00, 0x00,
  0x00, 0x00, 0x00, 0x00, 0x00, 0x00, 0x00, 0x00, 0x00, 0x00, 0x00, 0x00,
  0x00, 0x00, 0x00, 0x00, 0x00, 0x00, 0x00, 0x00, 0x00, 0x00, 0x00, 0x00,
  0x00, 0x00, 0x00, 0x00, 0x00, 0x00, 0x00, 0x00, 0x00, 0x00, 0x00, 0x00,
  0x00, 0x00, 0x00, 0x00, 0x00, 0x00, 0x00, 0x00, 0x00, 0x00, 0x00, 0x00,
  0x00, 0x00, 0x00, 0x00, 0x00, 0x00, 0x00, 0x00, 0x00, 0x00, 0x00, 0x00,
  0x00, 0x00, 0x00, 0x00, 0x00, 0x00, 0x00, 0x00, 0x00, 0x00, 0x00, 0x00,
  0x00, 0x00, 0x00, 0x00, 0x00, 0x00, 0x00, 0x00, 0x00, 0x00, 0x00, 0x00,
  0x00, 0x00, 0x00, 0x00, 0x00, 0x00, 0x00, 0x00, 0x00, 0x00, 0x00, 0x00,
  0x00, 0x00, 0x00, 0x00, 0x00, 0x00, 0x00, 0x00, 0x00, 0x00, 0x00, 0x00,
  0x00, 0x00, 0x00, 0x00, 0x00, 0x00, 0x00, 0x00, 0x00, 0x00, 0x00, 0x00,
  0x00, 0x00, 0x00, 0x00, 0x00, 0x00, 0x00, 0x00, 0x00, 0x00, 0x00, 0x00,
  0x00, 0x00, 0x00, 0x00, 0x00, 0x00, 0x00, 0x00, 0x00, 0x00, 0x00, 0x00,
  0x00, 0x00, 0x00, 0x00, 0x00, 0x00, 0x00, 0x00, 0x00, 0x00, 0x00, 0x00,
  0x00, 0x00, 0x00, 0x00, 0x00, 0x00, 0x00, 0x00, 0x00, 0x00, 0x00, 0x00,
  0x00, 0x00, 0x00, 0x00, 0x00, 0x00, 0x00, 0x00, 0x00, 0x00, 0x00, 0x00,
  0x00, 0x00, 0x00, 0x00, 0x00, 0x00, 0x00, 0x00, 0x00, 0x00, 0x00, 0x00,
  0x00, 0x00, 0x00, 0x00, 0x00, 0x00, 0x00, 0x00, 0x00, 0x00, 0x00, 0x00,
  0x00, 0x00, 0x00, 0x00, 0x00, 0x00, 0x00, 0x00, 0x00, 0x00, 0x00, 0x00,
  0x00, 0x00, 0x00, 0x00, 0x00, 0x00, 0x00, 0x00, 0x00, 0x00, 0x00, 0x00,
  0xff, 0xaa, 0xaa, 0x03, 0x00, 0x00, 0x00, 0x00, 0x00, 0x00, 0x00, 0x00,
  0xff, 0xff, 0xff, 0x01, 0xff, 0xaa, 0xaa, 0x03, 0xff, 0x00, 0x00, 0x01,
  0x00, 0x00, 0x00, 0x01, 0xff, 0x8d, 0x55, 0x09, 0x91, 0x3a, 0x10, 0xdd,
  0x77, 0x29, 0x00, 0xfd, 0x85, 0x1f, 0x01, 0xfb, 0xf5, 0xc8, 0x02, 0xfc,
  0xff, 0xff, 0x03, 0xfd, 0xfb, 0xff, 0x1d, 0xfd, 0xfc, 0xff, 0x22, 0xfd,
  0xff, 0xff, 0x05, 0xfd, 0xf4, 0xc6, 0x01, 0xfd, 0x7b, 0x1e, 0x01, 0xfb,
  0x6d, 0x26, 0x00, 0xfd, 0x87, 0x39, 0x08, 0xe5, 0xc8, 0x6d, 0x36, 0x0e,
  0x00, 0x00, 0x00, 0x00, 0xff, 0x00, 0x00, 0x01, 0xaa, 0xaa, 0xaa, 0x03,
  0xff, 0xff, 0xff, 0x02, 0x00, 0x00, 0x00, 0x00, 0x00, 0x00, 0x00, 0x00,
  0xff, 0xff, 0xff, 0x03, 0x00, 0x00, 0x00, 0x00, 0x00, 0x00, 0x00, 0x00,
  0x00, 0x00, 0x00, 0x00, 0x00, 0x00, 0x00, 0x00, 0x00, 0x00, 0x00, 0x00,
  0x00, 0x00, 0x00, 0x00, 0x00, 0x00, 0x00, 0x00, 0x00, 0x00, 0x00, 0x00,
  0x00, 0x00, 0x00, 0x00, 0x00, 0x00, 0x00, 0x00, 0x00, 0x00, 0x00, 0x00,
  0x00, 0x00, 0x00, 0x00, 0x00, 0x00, 0x00, 0x00, 0x00, 0x00, 0x00, 0x00,
  0x00, 0x00, 0x00, 0x00, 0x00, 0x00, 0x00, 0x00, 0x00, 0x00, 0x00, 0x00,
  0x00, 0x00, 0x00, 0x00, 0x00, 0x00, 0x00, 0x00, 0x00, 0x00, 0x00, 0x00,
  0x00, 0x00, 0x00, 0x00, 0x00, 0x00, 0x00, 0x00, 0x00, 0x00, 0x00, 0x00,
  0x00, 0x00, 0x00, 0x00, 0x00, 0x00, 0x00, 0x00, 0x00, 0x00, 0x00, 0x00,
  0x00, 0x00, 0x00, 0x00, 0x00, 0x00, 0x00, 0x00, 0x00, 0x00, 0x00, 0x00,
  0x00, 0x00, 0x00, 0x00, 0x00, 0x00, 0x00, 0x00, 0x00, 0x00, 0x00, 0x00,
  0x00, 0x00, 0x00, 0x00, 0x00, 0x00, 0x00, 0x00, 0x00, 0x00, 0x00, 0x00,
  0x00, 0x00, 0x00, 0x00, 0x00, 0x00, 0x00, 0x00, 0x00, 0x00, 0x00, 0x00,
  0x00, 0x00, 0x00, 0x00, 0x00, 0x00, 0x00, 0x00, 0x00, 0x00, 0x00, 0x00,
  0x00, 0x00, 0x00, 0x00, 0x00, 0x00, 0x00, 0x00, 0x00, 0x00, 0x00, 0x00,
  0x00, 0x00, 0x00, 0x00, 0x00, 0x00, 0x00, 0x00, 0x00, 0x00, 0x00, 0x00,
  0x00, 0x00, 0x00, 0x00, 0x00, 0x00, 0x00, 0x00, 0x00, 0x00, 0x00, 0x00,
  0x00, 0x00, 0x00, 0x00, 0x00, 0x00, 0x00, 0x00, 0x00, 0x00, 0x00, 0x00,
  0x00, 0x00, 0x00, 0x00, 0x00, 0x00, 0x00, 0x00, 0x00, 0x00, 0x00, 0x00,
  0x00, 0x00, 0x00, 0x00, 0x00, 0x00, 0x00, 0x00, 0x00, 0x00, 0x00, 0x00,
  0x00, 0x00, 0x00, 0x00, 0x00, 0x00, 0x00, 0x00, 0x00, 0x00, 0x00, 0x00,
  0x00, 0x00, 0x00, 0x00, 0x00, 0x00, 0x00, 0x00, 0x00, 0x00, 0x00, 0x00,
  0x00, 0x00, 0x00, 0x00, 0x00, 0x00, 0x00, 0x00, 0x00, 0x00, 0x00, 0x00,
  0x00, 0x00, 0x00, 0x00, 0x00, 0x00, 0x00, 0x00, 0x00, 0x00, 0x00, 0x00,
  0x00, 0x00, 0x00, 0x00, 0x00, 0x00, 0x00, 0x00, 0x00, 0x00, 0x00, 0x00,
  0x00, 0x00, 0x00, 0x00, 0x00, 0x00, 0x00, 0x00, 0x00, 0x00, 0x00, 0x00,
  0x00, 0x00, 0x00, 0x00, 0x00, 0x00, 0x00, 0x00, 0x00, 0x00, 0x00, 0x00,
  0x00, 0x00, 0x00, 0x00, 0x00, 0x00, 0x00, 0x00, 0x00, 0x00, 0x00, 0x00,
  0xff, 0xff, 0xff, 0x01, 0x00, 0x00, 0x00, 0x00, 0x00, 0x00, 0x00, 0x00,
  0xff, 0xff, 0xff, 0x0d, 0x00, 0x00, 0x00, 0x00, 0x00, 0x00, 0x00, 0x00,
  0xff, 0xff, 0xff, 0x01, 0xaa, 0x55, 0x00, 0x03, 0x00, 0x00, 0x00, 0x00,
  0xa8, 0x4d, 0x20, 0x6d, 0x92, 0x3f, 0x04, 0xff, 0x8e, 0x2c, 0x00, 0xf7,
  0xb3, 0x3c, 0x01, 0xfc, 0xef, 0xb1, 0x08, 0xfd, 0xfc, 0xe5, 0x4f, 0xfd,
  0xfb, 0xe3, 0x53, 0xfd, 0xef, 0xb2, 0x09, 0xfd, 0xad, 0x3e, 0x01, 0xfc,
  0x85, 0x2a, 0x01, 0xf6, 0x8e, 0x3f, 0x03, 0xff, 0xa0, 0x4c, 0x11, 0x74,
  0x00, 0x00, 0x00, 0x00, 0xaa, 0x55, 0x00, 0x03, 0xff, 0xff, 0xff, 0x01,
  0x00, 0x00, 0x00, 0x00, 0x00, 0x00, 0x00, 0x00, 0xff, 0xff, 0xff, 0x09,
  0x00, 0x00, 0x00, 0x00, 0x00, 0x00, 0x00, 0x00, 0x01, 0x01, 0x01, 0x00,
  0x00, 0x00, 0x00, 0x00, 0x00, 0x00, 0x00, 0x00, 0x00, 0x00, 0x00, 0x00,
  0x00, 0x00, 0x00, 0x00, 0x00, 0x00, 0x00, 0x00, 0x00, 0x00, 0x00, 0x00,
  0x00, 0x00, 0x00, 0x00, 0x00, 0x00, 0x00, 0x00, 0x00, 0x00, 0x00, 0x00,
  0x00, 0x00, 0x00, 0x00, 0x00, 0x00, 0x00, 0x00, 0x00, 0x00, 0x00, 0x00,
  0x00, 0x00, 0x00, 0x00, 0x00, 0x00, 0x00, 0x00, 0x00, 0x00, 0x00, 0x00,
  0x00, 0x00, 0x00, 0x00, 0x00, 0x00, 0x00, 0x00, 0x00, 0x00, 0x00, 0x00,
  0x00, 0x00, 0x00, 0x00, 0x00, 0x00, 0x00, 0x00, 0x00, 0x00, 0x00, 0x00,
  0x00, 0x00, 0x00, 0x00, 0x00, 0x00, 0x00, 0x00, 0x00, 0x00, 0x00, 0x00,
  0x00, 0x00, 0x00, 0x00, 0x00, 0x00, 0x00, 0x00, 0x00, 0x00, 0x00, 0x00,
  0x00, 0x00, 0x00, 0x00, 0x00, 0x00, 0x00, 0x00, 0x00, 0x00, 0x00, 0x00,
  0x00, 0x00, 0x00, 0x00, 0x00, 0x00, 0x00, 0x00, 0x00, 0x00, 0x00, 0x00,
  0x00, 0x00, 0x00, 0x00, 0x00, 0x00, 0x00, 0x00, 0x00, 0x00, 0x00, 0x00,
  0x00, 0x00, 0x00, 0x00, 0x00, 0x00, 0x00, 0x00, 0x00, 0x00, 0x00, 0x00,
  0x00, 0x00, 0x00, 0x00, 0x00, 0x00, 0x00, 0x00, 0x00, 0x00, 0x00, 0x00,
  0x00, 0x00, 0x00, 0x00, 0x00, 0x00, 0x00, 0x00, 0x00, 0x00, 0x00, 0x00,
  0x00, 0x00, 0x00, 0x00, 0x00, 0x00, 0x00, 0x00, 0x00, 0x00, 0x00, 0x00,
  0x00, 0x00, 0x00, 0x00, 0x00, 0x00, 0x00, 0x00, 0x00, 0x00, 0x00, 0x00,
  0x00, 0x00, 0x00, 0x00, 0x00, 0x00, 0x00, 0x00, 0x00, 0x00, 0x00, 0x00,
  0x00, 0x00, 0x00, 0x00, 0x00, 0x00, 0x00, 0x00, 0x00, 0x00, 0x00, 0x00,
  0x00, 0x00, 0x00, 0x00, 0x00, 0x00, 0x00, 0x00, 0x00, 0x00, 0x00, 0x00,
  0x00, 0x00, 0x00, 0x00, 0x00, 0x00, 0x00, 0x00, 0x00, 0x00, 0x00, 0x00,
  0x00, 0x00, 0x00, 0x00, 0x00, 0x00, 0x00, 0x00, 0x00, 0x00, 0x00, 0x00,
  0x00, 0x00, 0x00, 0x00, 0x00, 0x00, 0x00, 0x00, 0x00, 0x00, 0x00, 0x00,
  0x00, 0x00, 0x00, 0x00, 0x00, 0x00, 0x00, 0x00, 0x00, 0x00, 0x00, 0x00,
  0x00, 0x00, 0x00, 0x00, 0x00, 0x00, 0x00, 0x00, 0x00, 0x00, 0x00, 0x00,
  0x00, 0x00, 0x00, 0x00, 0x00, 0x00, 0x00, 0x00, 0x00, 0x00, 0x00, 0x00,
  0x00, 0x00, 0x00, 0x00, 0x00, 0x00, 0x00, 0x00, 0x00, 0x00, 0x00, 0x00,
  0xff, 0x7f, 0x7f, 0x02, 0x00, 0x00, 0x00, 0x00, 0xe6, 0xbb, 0xa2, 0x69,
  0xd8, 0xbb, 0xa7, 0xcc, 0xc0, 0x9d, 0x8d, 0xe2, 0xe3, 0xc7, 0xb1, 0xc6,
  0xf0, 0xc6, 0xac, 0x5a, 0x00, 0x00, 0x00, 0x00, 0xff, 0xff, 0x7f, 0x02,
  0xaa, 0x55, 0x00, 0x03, 0xaa, 0x55, 0x00, 0x03, 0xa1, 0x50, 0x0e, 0xa1,
  0x9e, 0x47, 0x05, 0xff, 0x8e, 0x34, 0x00, 0xfc, 0xc9, 0x3d, 0x00, 0xfd,
  0xfb, 0x94, 0x05, 0xfd, 0xf6, 0x92, 0x03, 0xfd, 0xcf, 0x45, 0x00, 0xfc,
  0x95, 0x3d, 0x01, 0xfc, 0xa1, 0x4b, 0x02, 0xff, 0x9d, 0x4c, 0x09, 0xa7,
  0xaa, 0x55, 0x55, 0x03, 0xff, 0x7f, 0x00, 0x02, 0x7f, 0x7f, 0x7f, 0x02,
  0x00, 0x00, 0x00, 0x00, 0xc7, 0xaf, 0xa8, 0x4a, 0xdb, 0xc9, 0xc7, 0xb9,
  0xb2, 0xa9, 0xa1, 0xdd, 0xca, 0xba, 0xb6, 0xc9, 0xe2, 0xcd, 0xc9, 0x6d,
  0x00, 0x00, 0x00, 0x00, 0xff, 0xff, 0x7f, 0x02, 0x00, 0x00, 0x00, 0x01,
  0x00, 0x00, 0x00, 0x00, 0x00, 0x00, 0x00, 0x00, 0x00, 0x00, 0x00, 0x00,
  0x00, 0x00, 0x00, 0x00, 0x00, 0x00, 0x00, 0x00, 0x00, 0x00, 0x00, 0x00,
  0x00, 0x00, 0x00, 0x00, 0x00, 0x00, 0x00, 0x00, 0x00, 0x00, 0x00, 0x00,
  0x00, 0x00, 0x00, 0x00, 0x00, 0x00, 0x00, 0x00, 0x00, 0x00, 0x00, 0x00,
  0x00, 0x00, 0x00, 0x00, 0x00, 0x00, 0x00, 0x00, 0x00, 0x00, 0x00, 0x00,
  0x00, 0x00, 0x00, 0x00, 0x00, 0x00, 0x00, 0x00, 0x00, 0x00, 0x00, 0x00,
  0x00, 0x00, 0x00, 0x00, 0x00, 0x00, 0x00, 0x00, 0x00, 0x00, 0x00, 0x00,
  0x00, 0x00, 0x00, 0x00, 0x00, 0x00, 0x00, 0x00, 0x00, 0x00, 0x00, 0x00,
  0x00, 0x00, 0x00, 0x00, 0x00, 0x00, 0x00, 0x00, 0x00, 0x00, 0x00, 0x00,
  0x00, 0x00, 0x00, 0x00, 0x00, 0x00, 0x00, 0x00, 0x00, 0x00, 0x00, 0x00,
  0x00, 0x00, 0x00, 0x00, 0x00, 0x00, 0x00, 0x00, 0x00, 0x00, 0x00, 0x00,
  0x00, 0x00, 0x00, 0x00, 0x00, 0x00, 0x00, 0x00, 0x00, 0x00, 0x00, 0x00,
  0x00, 0x00, 0x00, 0x00, 0x00, 0x00, 0x00, 0x00, 0x00, 0x00, 0x00, 0x00,
  0x00, 0x00, 0x00, 0x00, 0x00, 0x00, 0x00, 0x00, 0x00, 0x00, 0x00, 0x00,
  0x00, 0x00, 0x00, 0x00, 0x00, 0x00, 0x00, 0x00, 0x00, 0x00, 0x00, 0x00,
  0x00, 0x00, 0x00, 0x00, 0x00, 0x00, 0x00, 0x00, 0x00, 0x00, 0x00, 0x00,
  0x00, 0x00, 0x00, 0x00, 0x00, 0x00, 0x00, 0x00, 0x00, 0x00, 0x00, 0x00,
  0x00, 0x00, 0x00, 0x00, 0x00, 0x00, 0x00, 0x00, 0x00, 0x00, 0x00, 0x00,
  0x00, 0x00, 0x00, 0x00, 0x00, 0x00, 0x00, 0x00, 0x00, 0x00, 0x00, 0x00,
  0x00, 0x00, 0x00, 0x00, 0x00, 0x00, 0x00, 0x00, 0x00, 0x00, 0x00, 0x00,
  0x00, 0x00, 0x00, 0x00, 0x00, 0x00, 0x00, 0x00, 0x00, 0x00, 0x00, 0x00,
  0x00, 0x00, 0x00, 0x00, 0x00, 0x00, 0x00, 0x00, 0x00, 0x00, 0x00, 0x00,
  0x00, 0x00, 0x00, 0x00, 0x00, 0x00, 0x00, 0x00, 0x00, 0x00, 0x00, 0x00,
  0x00, 0x00, 0x00, 0x00, 0x00, 0x00, 0x00, 0x00, 0x00, 0x00, 0x00, 0x00,
  0x00, 0x00, 0x00, 0x00, 0x00, 0x00, 0x00, 0x00, 0x00, 0x00, 0x00, 0x00,
  0x00, 0x00, 0x00, 0x00, 0x00, 0x00, 0x00, 0x00, 0x00, 0x00, 0x00, 0x00,
  0xaa, 0xaa, 0x55, 0x03, 0x00, 0x00, 0x00, 0x00, 0xce, 0x8d, 0x63, 0x6e,
  0xbd, 0x86, 0x5d, 0xff, 0x90, 0x4b, 0x16, 0xff, 0xab, 0x6d, 0x24, 0xff,
  0x93, 0x4e, 0x21, 0xff, 0xc5, 0x98, 0x71, 0xff, 0xd4, 0x9b, 0x6e, 0x61,
  0x00, 0x00, 0x00, 0x00, 0xbf, 0x7f, 0x3f, 0x04, 0x00, 0x00, 0x00, 0x01,
  0x00, 0x00, 0xff, 0x01, 0xa0, 0x4a, 0x0b, 0x89, 0x95, 0x42, 0x04, 0xf6,
  0xaf, 0x2e, 0x00, 0xfc, 0xf3, 0xc1, 0x44, 0xfc, 0xf8, 0xcb, 0x4f, 0xfc,
  0xa4, 0x2b, 0x00, 0xfb, 0x99, 0x4b, 0x04, 0xf4, 0xa6, 0x55, 0x05, 0x90,
  0x3f, 0x00, 0x3f, 0x04, 0x00, 0x00, 0x00, 0x01, 0x7f, 0x7f, 0x3f, 0x04,
  0x00, 0x00, 0x00, 0x00, 0xa2, 0x7c, 0x66, 0x50, 0xb3, 0x9c, 0x8e, 0xff,
  0x51, 0x6d, 0x36, 0xff, 0x54, 0x7f, 0x32, 0xff, 0x49, 0x6d, 0x2d, 0xff,
  0x9b, 0x93, 0x7c, 0xff, 0xc5, 0xab, 0x9c, 0x81, 0x00, 0x00, 0x00, 0x00,
  0xaa, 0xaa, 0xaa, 0x03, 0x00, 0x00, 0x00, 0x00, 0x00, 0x00, 0x00, 0x00,
  0x00, 0x00, 0x00, 0x00, 0x00, 0x00, 0x00, 0x00, 0x00, 0x00, 0x00, 0x00,
  0x00, 0x00, 0x00, 0x00, 0x00, 0x00, 0x00, 0x00, 0x00, 0x00, 0x00, 0x00,
  0x00, 0x00, 0x00, 0x00, 0x00, 0x00, 0x00, 0x00, 0x00, 0x00, 0x00, 0x00,
  0x00, 0x00, 0x00, 0x00, 0x00, 0x00, 0x00, 0x00, 0x00, 0x00, 0x00, 0x00,
  0x00, 0x00, 0x00, 0x00, 0x00, 0x00, 0x00, 0x00, 0x00, 0x00, 0x00, 0x00,
  0x00, 0x00, 0x00, 0x00, 0x00, 0x00, 0x00, 0x00, 0x00, 0x00, 0x00, 0x00,
  0x00, 0x00, 0x00, 0x00, 0x00, 0x00, 0x00, 0x00, 0x00, 0x00, 0x00, 0x00,
  0x00, 0x00, 0x00, 0x00, 0x00, 0x00, 0x00, 0x00, 0x00, 0x00, 0x00, 0x00,
  0x00, 0x00, 0x00, 0x00, 0x00, 0x00, 0x00, 0x00, 0x00, 0x00, 0x00, 0x00,
  0x00, 0x00, 0x00, 0x00, 0x00, 0x00, 0x00, 0x00, 0x00, 0x00, 0x00, 0x00,
  0x00, 0x00, 0x00, 0x00, 0x00, 0x00, 0x00, 0x00, 0x00, 0x00, 0x00, 0x00,
  0x00, 0x00, 0x00, 0x00, 0x00, 0x00, 0x00, 0x00, 0x00, 0x00, 0x00, 0x00,
  0x00, 0x00, 0x00, 0x00, 0x00, 0x00, 0x00, 0x00, 0x00, 0x00, 0x00, 0x00,
  0x00, 0x00, 0x00, 0x00, 0x00, 0x00, 0x00, 0x00, 0x00, 0x00, 0x00, 0x00,
  0x00, 0x00, 0x00, 0x00, 0x00, 0x00, 0x00, 0x00, 0x00, 0x00, 0x00, 0x00,
  0x00, 0x00, 0x00, 0x00, 0x00, 0x00, 0x00, 0x00, 0x00, 0x00, 0x00, 0x00,
  0x00, 0x00, 0x00, 0x00, 0x00, 0x00, 0x00, 0x00, 0x00, 0x00, 0x00, 0x00,
  0x00, 0x00, 0x00, 0x00, 0x00, 0x00, 0x00, 0x00, 0x00, 0x00, 0x00, 0x00,
  0x00, 0x00, 0x00, 0x00, 0x00, 0x00, 0x00, 0x00, 0x00, 0x00, 0x00, 0x00,
  0x00, 0x00, 0x00, 0x00, 0x00, 0x00, 0x00, 0x00, 0x00, 0x00, 0x00, 0x00,
  0x00, 0x00, 0x00, 0x00, 0x00, 0x00, 0x00, 0x00, 0x00, 0x00, 0x00, 0x00,
  0x00, 0x00, 0x00, 0x00, 0x00, 0x00, 0x00, 0x00, 0x00, 0x00, 0x00, 0x00,
  0x00, 0x00, 0x00, 0x00, 0x00, 0x00, 0x00, 0x00, 0x00, 0x00, 0x00, 0x00,
  0x00, 0x00, 0x00, 0x00, 0x00, 0x00, 0x00, 0x00, 0x00, 0x00, 0x00, 0x00,
  0x00, 0x00, 0x00, 0x00, 0x00, 0x00, 0x00, 0x00, 0x00, 0x00, 0x00, 0x00,
  0xff, 0x00, 0x00, 0x01, 0x00, 0x00, 0x00, 0x00, 0xc9, 0x50, 0x1a, 0x13,
  0xaf, 0x66, 0x33, 0xea, 0x73, 0x1d, 0x00, 0xfc, 0xef, 0x94, 0x00, 0xf9,
  0xff, 0xf1, 0x33, 0xfc, 0xdd, 0x7c, 0x04, 0xf8, 0x7b, 0x28, 0x06, 0xfd,
  0xa8, 0x6f, 0x3e, 0xe5, 0x88, 0x22, 0x00, 0x0f, 0x01, 0x01, 0x01, 0x00,
  0x7f, 0x00, 0x00, 0x02, 0xaa, 0x55, 0x00, 0x03, 0x00, 0x00, 0x00, 0x00,
  0x91, 0x43, 0x07, 0x89, 0xb8, 0x36, 0x00, 0xff, 0xf7, 0xbe, 0x3d, 0xf9,
  0xfa, 0xc4, 0x47, 0xf8, 0xb4, 0x36, 0x00, 0xff, 0x8f, 0x47, 0x06, 0x92,
  0x00, 0x00, 0x00, 0x00, 0xaa, 0x55, 0x00, 0x03, 0xff, 0x00, 0x00, 0x01,
  0xff, 0xff, 0xff, 0x01, 0x33, 0x00, 0x00, 0x05, 0xa2, 0x75, 0x54, 0xd1,
  0x39, 0x46, 0x1b, 0xfe, 0x27, 0x99, 0x00, 0xf7, 0xa4, 0xff, 0x49, 0xfc,
  0x65, 0xd2, 0x23, 0xf9, 0x10, 0x44, 0x00, 0xfa, 0x90, 0x74, 0x5f, 0xfb,
  0x87, 0x69, 0x52, 0x22, 0x00, 0x00, 0x00, 0x00, 0x7f, 0x7f, 0x00, 0x02,
  0x00, 0x00, 0x00, 0x00, 0x00, 0x00, 0x00, 0x00, 0x00, 0x00, 0x00, 0x00,
  0x00, 0x00, 0x00, 0x00, 0x00, 0x00, 0x00, 0x00, 0x00, 0x00, 0x00, 0x00,
  0x00, 0x00, 0x00, 0x00, 0x00, 0x00, 0x00, 0x00, 0x00, 0x00, 0x00, 0x00,
  0x00, 0x00, 0x00, 0x00, 0x00, 0x00, 0x00, 0x00, 0x00, 0x00, 0x00, 0x00,
  0x00, 0x00, 0x00, 0x00, 0x00, 0x00, 0x00, 0x00, 0x00, 0x00, 0x00, 0x00,
  0x00, 0x00, 0x00, 0x00, 0x00, 0x00, 0x00, 0x00, 0x00, 0x00, 0x00, 0x00,
  0x00, 0x00, 0x00, 0x00, 0x00, 0x00, 0x00, 0x00, 0x00, 0x00, 0x00, 0x00,
  0x00, 0x00, 0x00, 0x00, 0x00, 0x00, 0x00, 0x00, 0x00, 0x00, 0x00, 0x00,
  0x00, 0x00, 0x00, 0x00, 0x00, 0x00, 0x00, 0x00, 0x00, 0x00, 0x00, 0x00,
  0x00, 0x00, 0x00, 0x00, 0x00, 0x00, 0x00, 0x00, 0x00, 0x00, 0x00, 0x00,
  0x00, 0x00, 0x00, 0x00, 0x00, 0x00, 0x00, 0x00, 0x00, 0x00, 0x00, 0x00,
  0x00, 0x00, 0x00, 0x00, 0x00, 0x00, 0x00, 0x00, 0x00, 0x00, 0x00, 0x00,
  0x00, 0x00, 0x00, 0x00, 0x00, 0x00, 0x00, 0x00, 0x00, 0x00, 0x00, 0x00,
  0x00, 0x00, 0x00, 0x00, 0x00, 0x00, 0x00, 0x00, 0x00, 0x00, 0x00, 0x00,
  0x00, 0x00, 0x00, 0x00, 0x00, 0x00, 0x00, 0x00, 0x00, 0x00, 0x00, 0x00,
  0x00, 0x00, 0x00, 0x00, 0x00, 0x00, 0x00, 0x00, 0x00, 0x00, 0x00, 0x00,
  0x00, 0x00, 0x00, 0x00, 0x00, 0x00, 0x00, 0x00, 0x00, 0x00, 0x00, 0x00,
  0x00, 0x00, 0x00, 0x00, 0x00, 0x00, 0x00, 0x00, 0x00, 0x00, 0x00, 0x00,
  0x00, 0x00, 0x00, 0x00, 0x00, 0x00, 0x00, 0x00, 0x00, 0x00, 0x00, 0x00,
  0x00, 0x00, 0x00, 0x00, 0x00, 0x00, 0x00, 0x00, 0x00, 0x00, 0x00, 0x00,
  0x00, 0x00, 0x00, 0x00, 0x00, 0x00, 0x00, 0x00, 0x00, 0x00, 0x00, 0x00,
  0x00, 0x00, 0x00, 0x00, 0x00, 0x00, 0x00, 0x00, 0x00, 0x00, 0x00, 0x00,
  0x00, 0x00, 0x00, 0x00, 0x00, 0x00, 0x00, 0x00, 0x00, 0x00, 0x00, 0x00,
  0x00, 0x00, 0x00, 0x00, 0x00, 0x00, 0x00, 0x00, 0x00, 0x00, 0x00, 0x00,
  0x00, 0x00, 0x00, 0x00, 0x00, 0x00, 0x00, 0x00, 0x00, 0x00, 0x00, 0x00,
  0x00, 0x00, 0x00, 0x00, 0xaa, 0x55, 0x55, 0x03, 0x00, 0x00, 0x00, 0x00,
  0xda, 0x76, 0x3f, 0x38, 0x8f, 0x40, 0x14, 0xff, 0xa4, 0x43, 0x00, 0xfc,
  0xfc, 0x96, 0x01, 0xfd, 0xf3, 0xa4, 0x00, 0xfd, 0xfa, 0x88, 0x00, 0xfd,
  0x9d, 0x39, 0x02, 0xfc, 0x89, 0x46, 0x1a, 0xff, 0xa2, 0x40, 0x09, 0x37,
  0x00, 0x00, 0x00, 0x00, 0x55, 0x55, 0x00, 0x03, 0x99, 0x33, 0x00, 0x05,
  0xaa, 0x55, 0x00, 0x03, 0xb2, 0x5e, 0x08, 0x74, 0xb6, 0x3c, 0x00, 0xff,
  0xf6, 0xc1, 0x46, 0xf9, 0xf5, 0xc4, 0x50, 0xf9, 0xb5, 0x3b, 0x00, 0xff,
  0xab, 0x5e, 0x07, 0x8a, 0xaa, 0x55, 0x00, 0x03, 0x99, 0x33, 0x00, 0x05,
  0xff, 0x00, 0x00, 0x01, 0x00, 0x00, 0x00, 0x00, 0x7f, 0x44, 0x09, 0x1a,
  0x81, 0x52, 0x36, 0xed, 0x2a, 0x5f, 0x08, 0xfe, 0x2b, 0xb2, 0x02, 0xfc,
  0x2d, 0xcf, 0x00, 0xfc, 0x2d, 0xc3, 0x00, 0xfc, 0x1b, 0x73, 0x01, 0xf9,
  0x5d, 0x46, 0x32, 0xfe, 0x8c, 0x65, 0x4b, 0x4e, 0x00, 0x00, 0x00, 0x00,
  0x55, 0x55, 0x55, 0x03, 0x00, 0x00, 0x00, 0x00, 0x00, 0x00, 0x00, 0x00,
  0x00, 0x00, 0x00, 0x00, 0x00, 0x00, 0x00, 0x00, 0x00, 0x00, 0x00, 0x00,
  0x00, 0x00, 0x00, 0x00, 0x00, 0x00, 0x00, 0x00, 0x00, 0x00, 0x00, 0x00,
  0x00, 0x00, 0x00, 0x00, 0x00, 0x00, 0x00, 0x00, 0x00, 0x00, 0x00, 0x00,
  0x00, 0x00, 0x00, 0x00, 0x00, 0x00, 0x00, 0x00, 0x00, 0x00, 0x00, 0x00,
  0x00, 0x00, 0x00, 0x00, 0x00, 0x00, 0x00, 0x00, 0x00, 0x00, 0x00, 0x00,
  0x00, 0x00, 0x00, 0x00, 0x00, 0x00, 0x00, 0x00, 0x00, 0x00, 0x00, 0x00,
  0x00, 0x00, 0x00, 0x00, 0x00, 0x00, 0x00, 0x00, 0x00, 0x00, 0x00, 0x00,
  0x00, 0x00, 0x00, 0x00, 0x00, 0x00, 0x00, 0x00, 0x00, 0x00, 0x00, 0x00,
  0x00, 0x00, 0x00, 0x00, 0x00, 0x00, 0x00, 0x00, 0x00, 0x00, 0x00, 0x00,
  0x00, 0x00, 0x00, 0x00, 0x00, 0x00, 0x00, 0x00, 0x00, 0x00, 0x00, 0x00,
  0x00, 0x00, 0x00, 0x00, 0x00, 0x00, 0x00, 0x00, 0x00, 0x00, 0x00, 0x00,
  0x00, 0x00, 0x00, 0x00, 0x00, 0x00, 0x00, 0x00, 0x00, 0x00, 0x00, 0x00,
  0x00, 0x00, 0x00, 0x00, 0x00, 0x00, 0x00, 0x00, 0x00, 0x00, 0x00, 0x00,
  0x00, 0x00, 0x00, 0x00, 0x00, 0x00, 0x00, 0x00, 0x00, 0x00, 0x00, 0x00,
  0x00, 0x00, 0x00, 0x00, 0x00, 0x00, 0x00, 0x00, 0x00, 0x00, 0x00, 0x00,
  0x00, 0x00, 0x00, 0x00, 0x00, 0x00, 0x00, 0x00, 0x00, 0x00, 0x00, 0x00,
  0x00, 0x00, 0x00, 0x00, 0x00, 0x00, 0x00, 0x00, 0x00, 0x00, 0x00, 0x00,
  0x00, 0x00, 0x00, 0x00, 0x00, 0x00, 0x00, 0x00, 0x00, 0x00, 0x00, 0x00,
  0x00, 0x00, 0x00, 0x00, 0x00, 0x00, 0x00, 0x00, 0x00, 0x00, 0x00, 0x00,
  0x00, 0x00, 0x00, 0x00, 0x00, 0x00, 0x00, 0x00, 0x00, 0x00, 0x00, 0x00,
  0x00, 0x00, 0x00, 0x00, 0x00, 0x00, 0x00, 0x00, 0x00, 0x00, 0x00, 0x00,
  0x00, 0x00, 0x00, 0x00, 0x00, 0x00, 0x00, 0x00, 0x00, 0x00, 0x00, 0x00,
  0x00, 0x00, 0x00, 0x00, 0x00, 0x00, 0x00, 0x00, 0x00, 0x00, 0x00, 0x00,
  0x00, 0x00, 0x00, 0x00, 0x00, 0x00, 0x00, 0x00, 0x00, 0x00, 0x00, 0x00,
  0x00, 0x00, 0x00, 0x00, 0x00, 0x00, 0x00, 0x00, 0x7f, 0x7f, 0x00, 0x02,
  0x00, 0x00, 0x00, 0x00, 0xe4, 0x7b, 0x4f, 0x1d, 0xa5, 0x50, 0x22, 0xf3,
  0xa0, 0x4f, 0x04, 0xfc, 0xff, 0xdf, 0x00, 0xfc, 0xff, 0xfc, 0x12, 0xfd,
  0xff, 0xca, 0x00, 0xfc, 0x95, 0x45, 0x0b, 0xfd, 0x9b, 0x4d, 0x18, 0xf9,
  0xa0, 0x3a, 0x00, 0x23, 0x00, 0x00, 0x00, 0x00, 0x7f, 0x7f, 0x00, 0x02,
  0xbf, 0x3f, 0x00, 0x04, 0x00, 0x00, 0x00, 0x00, 0xb4, 0x60, 0x08, 0x77,
  0xb7, 0x3e, 0x00, 0xff, 0xf3, 0xbf, 0x45, 0xf9, 0xf6, 0xc5, 0x50, 0xf9,
  0xb6, 0x3b, 0x00, 0xff, 0xae, 0x5d, 0x07, 0x8b, 0x00, 0x00, 0x00, 0x00,
  0xbf, 0x3f, 0x00, 0x04, 0xff, 0x00, 0x00, 0x01, 0x00, 0x00, 0x01, 0x00,
  0x91, 0x48, 0x00, 0x0e, 0x93, 0x55, 0x34, 0xe4, 0x3a, 0x5c, 0x1a, 0xfe,
  0x52, 0xea, 0x00, 0xfa, 0x95, 0xff, 0x31, 0xfc, 0x72, 0xff, 0x0f, 0xfc,
  0x29, 0x7c, 0x01, 0xf8, 0x76, 0x55, 0x3c, 0xff, 0x7b, 0x5a, 0x29, 0x3e,
  0x00, 0x00, 0x00, 0x00, 0x55, 0x55, 0x00, 0x03, 0x00, 0x00, 0x00, 0x00,
  0x00, 0x00, 0x00, 0x00, 0x00, 0x00, 0x00, 0x00, 0x00, 0x00, 0x00, 0x00,
  0x00, 0x00, 0x00, 0x00, 0x00, 0x00, 0x00, 0x00, 0x00, 0x00, 0x00, 0x00,
  0x00, 0x00, 0x00, 0x00, 0x00, 0x00, 0x00, 0x00, 0x00, 0x00, 0x00, 0x00,
  0x00, 0x00, 0x00, 0x00, 0x00, 0x00, 0x00, 0x00, 0x00, 0x00, 0x00, 0x00,
  0x00, 0x00, 0x00, 0x00, 0x00, 0x00, 0x00, 0x00, 0x00, 0x00, 0x00, 0x00,
  0x00, 0x00, 0x00, 0x00, 0x00, 0x00, 0x00, 0x00, 0x00, 0x00, 0x00, 0x00,
  0x00, 0x00, 0x00, 0x00, 0x00, 0x00, 0x00, 0x00, 0x00, 0x00, 0x00, 0x00,
  0x00, 0x00, 0x00, 0x00, 0x00, 0x00, 0x00, 0x00, 0x00, 0x00, 0x00, 0x00,
  0x00, 0x00, 0x00, 0x00, 0x00, 0x00, 0x00, 0x00, 0x00, 0x00, 0x00, 0x00,
  0x00, 0x00, 0x00, 0x00, 0x00, 0x00, 0x00, 0x00, 0x00, 0x00, 0x00, 0x00,
  0x00, 0x00, 0x00, 0x00, 0x00, 0x00, 0x00, 0x00, 0x00, 0x00, 0x00, 0x00,
  0x00, 0x00, 0x00, 0x00, 0x00, 0x00, 0x00, 0x00, 0x00, 0x00, 0x00, 0x00,
  0x00, 0x00, 0x00, 0x00, 0x00, 0x00, 0x00, 0x00, 0x00, 0x00, 0x00, 0x00,
  0x00, 0x00, 0x00, 0x00, 0x00, 0x00, 0x00, 0x00, 0x00, 0x00, 0x00, 0x00,
  0x00, 0x00, 0x00, 0x00, 0x00, 0x00, 0x00, 0x00, 0x00, 0x00, 0x00, 0x00,
  0x00, 0x00, 0x00, 0x00, 0x00, 0x00, 0x00, 0x00, 0x00, 0x00, 0x00, 0x00,
  0x00, 0x00, 0x00, 0x00, 0x00, 0x00, 0x00, 0x00, 0x00, 0x00, 0x00, 0x00,
  0x00, 0x00, 0x00, 0x00, 0x00, 0x00, 0x00, 0x00, 0x00, 0x00, 0x00, 0x00,
  0x00, 0x00, 0x00, 0x00, 0x00, 0x00, 0x00, 0x00, 0x00, 0x00, 0x00, 0x00,
  0x00, 0x00, 0x00, 0x00, 0x00, 0x00, 0x00, 0x00, 0x00, 0x00, 0x00, 0x00,
  0x00, 0x00, 0x00, 0x00, 0x00, 0x00, 0x00, 0x00, 0x00, 0x00, 0x00, 0x00,
  0x00, 0x00, 0x00, 0x00, 0x00, 0x00, 0x00, 0x00, 0x00, 0x00, 0x00, 0x00,
  0x00, 0x00, 0x00, 0x00, 0x00, 0x00, 0x00, 0x00, 0x00, 0x00, 0x00, 0x00,
  0x00, 0x00, 0x00, 0x00, 0xaa, 0xaa, 0xaa, 0x03, 0xff, 0xff, 0xff, 0x04,
  0xff, 0xff, 0xff, 0x03, 0x00, 0x00, 0x00, 0x00, 0x00, 0x00, 0x00, 0x00,
  0x00, 0x00, 0x00, 0x00, 0xaa, 0x55, 0x00, 0x03, 0x00, 0x00, 0x00, 0x00,
  0xc8, 0x69, 0x25, 0x9b, 0xb6, 0x5f, 0x2d, 0xff, 0xb9, 0x7e, 0x18, 0xfb,
  0xd8, 0xb4, 0x26, 0xfd, 0xb7, 0x7a, 0x18, 0xfa, 0xac, 0x5a, 0x26, 0xff,
  0xa8, 0x4b, 0x0d, 0xa9, 0x00, 0x00, 0x00, 0x00, 0xff, 0x7f, 0x00, 0x02,
  0x00, 0x00, 0x00, 0x00, 0xbf, 0x3f, 0x00, 0x04, 0x00, 0x00, 0x00, 0x00,
  0xb5, 0x5f, 0x0b, 0x73, 0xba, 0x3f, 0x00, 0xff, 0xf2, 0xbf, 0x42, 0xf9,
  0xf5, 0xc4, 0x4c, 0xf9, 0xb7, 0x3b, 0x00, 0xff, 0xb1, 0x5e, 0x07, 0x8d,
  0x00, 0x00, 0x00, 0x00, 0xbf, 0x3f, 0x00, 0x04, 0x00, 0x00, 0x00, 0x00,
  0xaa, 0x55, 0x55, 0x03, 0x00, 0x00, 0x00, 0x00, 0xa7, 0x5a, 0x20, 0x95,
  0x9c, 0x68, 0x43, 0xff, 0x57, 0x87, 0x1d, 0xf8, 0x8d, 0xc6, 0x48, 0xfc,
  0x64, 0xa1, 0x26, 0xf9, 0x78, 0x71, 0x3e, 0xff, 0x8a, 0x5e, 0x39, 0xc2,
  0x33, 0x33, 0x00, 0x05, 0x7f, 0x7f, 0x00, 0x02, 0x00, 0x00, 0x00, 0x00,
  0x00, 0x00, 0x00, 0x00, 0x00, 0x00, 0x00, 0x00, 0xff, 0xaa, 0xaa, 0x03,
  0xff, 0xff, 0xff, 0x04, 0xaa, 0xaa, 0xaa, 0x03, 0x00, 0x00, 0x00, 0x00,
  0x00, 0x00, 0x00, 0x00, 0x00, 0x00, 0x00, 0x00, 0x00, 0x00, 0x00, 0x00,
  0x00, 0x00, 0x00, 0x00, 0x00, 0x00, 0x00, 0x00, 0x00, 0x00, 0x00, 0x00,
  0x00, 0x00, 0x00, 0x00, 0x00, 0x00, 0x00, 0x00, 0x00, 0x00, 0x00, 0x00,
  0x00, 0x00, 0x00, 0x00, 0x00, 0x00, 0x00, 0x00, 0x00, 0x00, 0x00, 0x00,
  0x00, 0x00, 0x00, 0x00, 0x00, 0x00, 0x00, 0x00, 0x00, 0x00, 0x00, 0x00,
  0x00, 0x00, 0x00, 0x00, 0x00, 0x00, 0x00, 0x00, 0x00, 0x00, 0x00, 0x00,
  0x00, 0x00, 0x00, 0x00, 0x00, 0x00, 0x00, 0x00, 0x00, 0x00, 0x00, 0x00,
  0x00, 0x00, 0x00, 0x00, 0x00, 0x00, 0x00, 0x00, 0x00, 0x00, 0x00, 0x00,
  0x00, 0x00, 0x00, 0x00, 0x00, 0x00, 0x00, 0x00, 0x00, 0x00, 0x00, 0x00,
  0x00, 0x00, 0x00, 0x00, 0x00, 0x00, 0x00, 0x00, 0x00, 0x00, 0x00, 0x00,
  0x00, 0x00, 0x00, 0x00, 0x00, 0x00, 0x00, 0x00, 0x00, 0x00, 0x00, 0x00,
  0x00, 0x00, 0x00, 0x00, 0x00, 0x00, 0x00, 0x00, 0x00, 0x00, 0x00, 0x00,
  0x00, 0x00, 0x00, 0x00, 0x00, 0x00, 0x00, 0x00, 0x00, 0x00, 0x00, 0x00,
  0x00, 0x00, 0x00, 0x00, 0x00, 0x00, 0x00, 0x00, 0x00, 0x00, 0x00, 0x00,
  0x00, 0x00, 0x00, 0x00, 0x00, 0x00, 0x00, 0x00, 0x00, 0x00, 0x00, 0x00,
  0x00, 0x00, 0x00, 0x00, 0x00, 0x00, 0x00, 0x00, 0x00, 0x00, 0x00, 0x00,
  0x00, 0x00, 0x00, 0x00, 0x00, 0x00, 0x00, 0x00, 0x00, 0x00, 0x00, 0x00,
  0x00, 0x00, 0x00, 0x00, 0x00, 0x00, 0x00, 0x00, 0x00, 0x00, 0x00, 0x00,
  0x00, 0x00, 0x00, 0x00, 0x00, 0x00, 0x00, 0x00, 0x00, 0x00, 0x00, 0x00,
  0x00, 0x00, 0x00, 0x00, 0x00, 0x00, 0x00, 0x00, 0x00, 0x00, 0x00, 0x00,
  0x00, 0x00, 0x00, 0x00, 0x00, 0x00, 0x00, 0x00, 0x00, 0x00, 0x00, 0x00,
  0x00, 0x00, 0x00, 0x00, 0x7f, 0x7f, 0x7f, 0x02, 0x00, 0x00, 0x00, 0x00,
  0x00, 0x00, 0x00, 0x00, 0x00, 0x00, 0x00, 0x00, 0x00, 0x00, 0x00, 0x00,
  0x00, 0x00, 0x00, 0x00, 0x00, 0x00, 0x00, 0x00, 0xff, 0x00, 0x00, 0x01,
  0x7f, 0x7f, 0x00, 0x02, 0x7f, 0x33, 0x00, 0x0a, 0xc0, 0x65, 0x21, 0x9f,
  0xbf, 0x63, 0x2e, 0xf9, 0xac, 0x53, 0x29, 0xfa, 0x98, 0x4a, 0x20, 0xfe,
  0x89, 0x37, 0x06, 0xe0, 0x3f, 0x00, 0x00, 0x08, 0xff, 0x7f, 0x00, 0x02,
  0x7f, 0x00, 0x00, 0x02, 0x00, 0x00, 0x00, 0x00, 0xbf, 0x3f, 0x00, 0x04,
  0x00, 0x00, 0x00, 0x00, 0xb8, 0x61, 0x0d, 0x70, 0xba, 0x3b, 0x00, 0xff,
  0xf0, 0xbc, 0x42, 0xf9, 0xf6, 0xc5, 0x4c, 0xf8, 0xb4, 0x38, 0x00, 0xff,
  0xb7, 0x5c, 0x08, 0x8f, 0x00, 0x00, 0x00, 0x00, 0xbf, 0x3f, 0x00, 0x04,
  0x00, 0x00, 0x00, 0x00, 0xff, 0x00, 0x00, 0x01, 0xaa, 0x55, 0x00, 0x03,
  0x00, 0x00, 0x00, 0x04, 0x86, 0x42, 0x10, 0xd3, 0x96, 0x5e, 0x3d, 0xfe,
  0x94, 0x70, 0x3d, 0xf9, 0x9a, 0x6b, 0x3b, 0xfb, 0x99, 0x64, 0x34, 0xc1,
  0x64, 0x3f, 0x12, 0x1c, 0x00, 0x00, 0x00, 0x00, 0x7f, 0x7f, 0x00, 0x02,
  0x00, 0x00, 0x00, 0x00, 0x00, 0x00, 0x00, 0x00, 0xff, 0xff, 0xff, 0x01,
  0x00, 0x00, 0x00, 0x00, 0x00, 0x00, 0x00, 0x00, 0x00, 0x00, 0x00, 0x00,
  0x7f, 0x7f, 0x7f, 0x02, 0x00, 0x00, 0x00, 0x00, 0x00, 0x00, 0x00, 0x00,
  0x00, 0x00, 0x00, 0x00, 0x00, 0x00, 0x00, 0x00, 0x00, 0x00, 0x00, 0x00,
  0x00, 0x00, 0x00, 0x00, 0x00, 0x00, 0x00, 0x00, 0x00, 0x00, 0x00, 0x00,
  0x00, 0x00, 0x00, 0x00, 0x00, 0x00, 0x00, 0x00, 0x00, 0x00, 0x00, 0x00,
  0x00, 0x00, 0x00, 0x00, 0x00, 0x00, 0x00, 0x00, 0x00, 0x00, 0x00, 0x00,
  0x00, 0x00, 0x00, 0x00, 0x00, 0x00, 0x00, 0x00, 0x00, 0x00, 0x00, 0x00,
  0x00, 0x00, 0x00, 0x00, 0x00, 0x00, 0x00, 0x00, 0x00, 0x00, 0x00, 0x00,
  0x00, 0x00, 0x00, 0x00, 0x00, 0x00, 0x00, 0x00, 0x00, 0x00, 0x00, 0x00,
  0x00, 0x00, 0x00, 0x00, 0x00, 0x00, 0x00, 0x00, 0x00, 0x00, 0x00, 0x00,
  0x00, 0x00, 0x00, 0x00, 0x00, 0x00, 0x00, 0x00, 0x00, 0x00, 0x00, 0x00,
  0x00, 0x00, 0x00, 0x00, 0x00, 0x00, 0x00, 0x00, 0x00, 0x00, 0x00, 0x00,
  0x00, 0x00, 0x00, 0x00, 0x00, 0x00, 0x00, 0x00, 0x00, 0x00, 0x00, 0x00,
  0x00, 0x00, 0x00, 0x00, 0x00, 0x00, 0x00, 0x00, 0x00, 0x00, 0x00, 0x00,
  0x00, 0x00, 0x00, 0x00, 0x00, 0x00, 0x00, 0x00, 0x00, 0x00, 0x00, 0x00,
  0x00, 0x00, 0x00, 0x00, 0x00, 0x00, 0x00, 0x00, 0x00, 0x00, 0x00, 0x00,
  0x00, 0x00, 0x00, 0x00, 0x00, 0x00, 0x00, 0x00, 0x00, 0x00, 0x00, 0x00,
  0x00, 0x00, 0x00, 0x00, 0x00, 0x00, 0x00, 0x00, 0x00, 0x00, 0x00, 0x00,
  0x00, 0x00, 0x00, 0x00, 0x00, 0x00, 0x00, 0x00, 0x00, 0x00, 0x00, 0x00,
  0x00, 0x00, 0x00, 0x00, 0x00, 0x00, 0x00, 0x00, 0x00, 0x00, 0x00, 0x00,
  0x00, 0x00, 0x00, 0x00, 0x00, 0x00, 0x00, 0x00, 0x00, 0x00, 0x00, 0x00,
  0x00, 0x00, 0x00, 0x00, 0x00, 0x00, 0x00, 0x00, 0x00, 0x00, 0x00, 0x00,
  0x00, 0x00, 0x00, 0x00, 0xff, 0xff, 0xff, 0x01, 0x00, 0x00, 0x00, 0x00,
  0xe5, 0xcb, 0xbe, 0x3b, 0xe9, 0xde, 0xd7, 0x6d, 0xea, 0xd5, 0xcb, 0x4a,
  0x00, 0x00, 0x00, 0x00, 0x00, 0x00, 0x00, 0x00, 0xff, 0x00, 0x00, 0x01,
  0x00, 0x00, 0x00, 0x00, 0x00, 0x00, 0x00, 0x01, 0x00, 0x00, 0x00, 0x00,
  0x00, 0x00, 0x00, 0x00, 0x85, 0x2c, 0x00, 0xde, 0x4b, 0x11, 0x00, 0xfd,
  0x3d, 0x05, 0x00, 0xf9, 0x8c, 0x37, 0x02, 0xf4, 0xf5, 0x8b, 0x0e, 0x68,
  0x00, 0x00, 0x00, 0x00, 0xaa, 0x55, 0x00, 0x03, 0xff, 0x00, 0x00, 0x01,
  0xbf, 0x3f, 0x00, 0x04, 0x00, 0x00, 0x00, 0x00, 0xba, 0x65, 0x0a, 0x74,
  0xb8, 0x39, 0x00, 0xff, 0xee, 0xb8, 0x3d, 0xf9, 0xf3, 0xc3, 0x46, 0xf8,
  0xb3, 0x37, 0x00, 0xff, 0xb9, 0x5b, 0x07, 0x8c, 0x00, 0x00, 0x00, 0x00,
  0xbf, 0x3f, 0x00, 0x04, 0x00, 0x00, 0x00, 0x00, 0xbf, 0x7f, 0x00, 0x04,
  0x00, 0x00, 0x00, 0x00, 0xdb, 0x7c, 0x13, 0x50, 0x76, 0x2d, 0x01, 0xea,
  0x33, 0x09, 0x00, 0xfb, 0x49, 0x16, 0x03, 0xfc, 0x6f, 0x2e, 0x01, 0xe5,
  0xcc, 0x66, 0x00, 0x05, 0x00, 0x00, 0x00, 0x00, 0x00, 0x00, 0x00, 0x02,
  0x00, 0x00, 0x00, 0x00, 0x00, 0x00, 0x00, 0x01, 0x00, 0x00, 0x00, 0x00,
  0x00, 0x00, 0x00, 0x00, 0xe8, 0xd1, 0xc2, 0x43, 0xeb, 0xde, 0xd4, 0x67,
  0xe3, 0xcc, 0xc3, 0x38, 0x00, 0x00, 0x00, 0x00, 0xff, 0xff, 0xff, 0x01,
  0x00, 0x00, 0x00, 0x00, 0x00, 0x00, 0x00, 0x00, 0x00, 0x00, 0x00, 0x00,
  0x00, 0x00, 0x00, 0x00, 0x00, 0x00, 0x00, 0x00, 0x00, 0x00, 0x00, 0x00,
  0x00, 0x00, 0x00, 0x00, 0x00, 0x00, 0x00, 0x00, 0x00, 0x00, 0x00, 0x00,
  0x00, 0x00, 0x00, 0x00, 0x00, 0x00, 0x00, 0x00, 0x00, 0x00, 0x00, 0x00,
  0x00, 0x00, 0x00, 0x00, 0x00, 0x00, 0x00, 0x00, 0x00, 0x00, 0x00, 0x00,
  0x00, 0x00, 0x00, 0x00, 0x00, 0x00, 0x00, 0x00, 0x00, 0x00, 0x00, 0x00,
  0x00, 0x00, 0x00, 0x00, 0x00, 0x00, 0x00, 0x00, 0x00, 0x00, 0x00, 0x00,
  0x00, 0x00, 0x00, 0x00, 0x00, 0x00, 0x00, 0x00, 0x00, 0x00, 0x00, 0x00,
  0x00, 0x00, 0x00, 0x00, 0x00, 0x00, 0x00, 0x00, 0x00, 0x00, 0x00, 0x00,
  0x00, 0x00, 0x00, 0x00, 0x00, 0x00, 0x00, 0x00, 0x00, 0x00, 0x00, 0x00,
  0x00, 0x00, 0x00, 0x00, 0x00, 0x00, 0x00, 0x00, 0x00, 0x00, 0x00, 0x00,
  0x00, 0x00, 0x00, 0x00, 0x00, 0x00, 0x00, 0x00, 0x00, 0x00, 0x00, 0x00,
  0x00, 0x00, 0x00, 0x00, 0x00, 0x00, 0x00, 0x00, 0x00, 0x00, 0x00, 0x00,
  0x00, 0x00, 0x00, 0x00, 0x00, 0x00, 0x00, 0x00, 0x00, 0x00, 0x00, 0x00,
  0x00, 0x00, 0x00, 0x00, 0x00, 0x00, 0x00, 0x00, 0x00, 0x00, 0x00, 0x00,
  0x00, 0x00, 0x00, 0x00, 0x00, 0x00, 0x00, 0x00, 0x00, 0x00, 0x00, 0x00,
  0x00, 0x00, 0x00, 0x00, 0x00, 0x00, 0x00, 0x00, 0x00, 0x00, 0x00, 0x00,
  0x00, 0x00, 0x00, 0x00, 0x00, 0x00, 0x00, 0x00, 0x00, 0x00, 0x00, 0x00,
  0x00, 0x00, 0x00, 0x00, 0x00, 0x00, 0x00, 0x00, 0x00, 0x00, 0x00, 0x00,
  0x00, 0x00, 0x00, 0x00, 0x00, 0x00, 0x00, 0x00, 0x00, 0x00, 0x00, 0x00,
  0x00, 0x00, 0x00, 0x00, 0xff, 0xff, 0xff, 0x02, 0x00, 0x00, 0x00, 0x00,
  0xc2, 0xa6, 0x91, 0x82, 0xe6, 0xdd, 0xd9, 0xff, 0xf3, 0xf1, 0xf2, 0xff,
  0xf3, 0xec, 0xe9, 0xff, 0xd5, 0xbc, 0xa8, 0xa6, 0x99, 0x66, 0x33, 0x05,
  0xff, 0xff, 0xff, 0x02, 0x00, 0x00, 0x00, 0x01, 0x00, 0x00, 0x00, 0x00,
  0x7f, 0x3f, 0x00, 0x04, 0xff, 0xff, 0xff, 0x01, 0xb6, 0x48, 0x08, 0x90,
  0x97, 0x31, 0x02, 0xff, 0x6a, 0x1c, 0x01, 0xf5, 0x7c, 0x23, 0x00, 0xfd,
  0xc1, 0x52, 0x06, 0xff, 0xec, 0x81, 0x12, 0x7e, 0x00, 0x00, 0x00, 0x00,
  0x7f, 0x00, 0x00, 0x02, 0xcc, 0x66, 0x00, 0x05, 0x00, 0x00, 0x00, 0x00,
  0xb6, 0x60, 0x08, 0x74, 0xb1, 0x37, 0x00, 0xff, 0xec, 0xb6, 0x3a, 0xf9,
  0xf1, 0xc2, 0x43, 0xf9, 0xb2, 0x36, 0x00, 0xff, 0xba, 0x56, 0x05, 0x8a,
  0x00, 0x00, 0x00, 0x00, 0x99, 0x33, 0x00, 0x05, 0xff, 0x55, 0x00, 0x03,
  0x00, 0x00, 0x00, 0x00, 0xdd, 0x82, 0x0f, 0x64, 0xb1, 0x53, 0x07, 0xff,
  0x75, 0x2a, 0x01, 0xff, 0x53, 0x17, 0x01, 0xf5, 0x7a, 0x32, 0x01, 0xff,
  0xa0, 0x49, 0x04, 0x9f, 0x01, 0x01, 0x01, 0x00, 0x7f, 0x3f, 0x00, 0x04,
  0x00, 0x00, 0x00, 0x00, 0x00, 0x00, 0x00, 0x00, 0xff, 0xff, 0xff, 0x02,
  0xaa, 0x55, 0x55, 0x03, 0xc6, 0xaa, 0x93, 0x9d, 0xec, 0xe4, 0xde, 0xff,
  0xf4, 0xf2, 0xf1, 0xff, 0xeb, 0xe2, 0xdd, 0xff, 0xcc, 0xb3, 0x9d, 0x83,
  0x00, 0x00, 0x00, 0x00, 0xff, 0xff, 0xff, 0x02, 0x00, 0x00, 0x00, 0x00,
  0x00, 0x00, 0x00, 0x00, 0x00, 0x00, 0x00, 0x00, 0x00, 0x00, 0x00, 0x00,
  0x00, 0x00, 0x00, 0x00, 0x00, 0x00, 0x00, 0x00, 0x00, 0x00, 0x00, 0x00,
  0x00, 0x00, 0x00, 0x00, 0x00, 0x00, 0x00, 0x00, 0x00, 0x00, 0x00, 0x00,
  0x00, 0x00, 0x00, 0x00, 0x00, 0x00, 0x00, 0x00, 0x00, 0x00, 0x00, 0x00,
  0x00, 0x00, 0x00, 0x00, 0x00, 0x00, 0x00, 0x00, 0x00, 0x00, 0x00, 0x00,
  0x00, 0x00, 0x00, 0x00, 0x00, 0x00, 0x00, 0x00, 0x00, 0x00, 0x00, 0x00,
  0x00, 0x00, 0x00, 0x00, 0x00, 0x00, 0x00, 0x00, 0x00, 0x00, 0x00, 0x00,
  0x00, 0x00, 0x00, 0x00, 0x00, 0x00, 0x00, 0x00, 0x00, 0x00, 0x00, 0x00,
  0x00, 0x00, 0x00, 0x00, 0x00, 0x00, 0x00, 0x00, 0x00, 0x00, 0x00, 0x00,
  0x00, 0x00, 0x00, 0x00, 0x00, 0x00, 0x00, 0x00, 0x00, 0x00, 0x00, 0x00,
  0x00, 0x00, 0x00, 0x00, 0x00, 0x00, 0x00, 0x00, 0x00, 0x00, 0x00, 0x00,
  0x00, 0x00, 0x00, 0x00, 0x00, 0x00, 0x00, 0x00, 0x00, 0x00, 0x00, 0x00,
  0x00, 0x00, 0x00, 0x00, 0x00, 0x00, 0x00, 0x00, 0x00, 0x00, 0x00, 0x00,
  0x00, 0x00, 0x00, 0x00, 0x00, 0x00, 0x00, 0x00, 0x00, 0x00, 0x00, 0x00,
  0x00, 0x00, 0x00, 0x00, 0x00, 0x00, 0x00, 0x00, 0x00, 0x00, 0x00, 0x00,
  0x00, 0x00, 0x00, 0x00, 0x00, 0x00, 0x00, 0x00, 0x00, 0x00, 0x00, 0x00,
  0x00, 0x00, 0x00, 0x00, 0x00, 0x00, 0x00, 0x00, 0x00, 0x00, 0x00, 0x00,
  0x00, 0x00, 0x00, 0x00, 0x00, 0x00, 0x00, 0x00, 0x00, 0x00, 0x00, 0x00,
  0x00, 0x00, 0x00, 0x01, 0x00, 0x00, 0x00, 0x00, 0x00, 0x00, 0x00, 0x00,
  0x00, 0x00, 0x00, 0x00, 0xff, 0x7f, 0x7f, 0x02, 0x00, 0x00, 0x00, 0x00,
  0x92, 0x61, 0x46, 0x2f, 0xb0, 0x9b, 0x91, 0xff, 0xe5, 0xeb, 0xf1, 0xfc,
  0xff, 0xff, 0xff, 0xf8, 0xf2, 0xf8, 0xff, 0xf8, 0xc7, 0xb7, 0xac, 0xff,
  0x92, 0x60, 0x41, 0x52, 0x00, 0x00, 0x00, 0x00, 0xaa, 0xaa, 0x55, 0x03,
  0x00, 0x00, 0x00, 0x00, 0xff, 0x00, 0x00, 0x01, 0xaa, 0x55, 0x00, 0x03,
  0xff, 0xff, 0x3f, 0x04, 0xd0, 0x5c, 0x06, 0x9b, 0xb6, 0x46, 0x02, 0xff,
  0x80, 0x22, 0x00, 0xf7, 0x7b, 0x1e, 0x00, 0xf8, 0xba, 0x48, 0x05, 0xff,
  0xe7, 0x76, 0x10, 0x97, 0x02, 0x03, 0x01, 0x00, 0x7f, 0x3f, 0x00, 0x04,
  0x00, 0x00, 0x00, 0x00, 0xb0, 0x5d, 0x06, 0x78, 0xa7, 0x36, 0x00, 0xff,
  0xe9, 0xb3, 0x37, 0xf9, 0xf2, 0xc2, 0x3f, 0xf9, 0xae, 0x35, 0x00, 0xff,
  0xb5, 0x56, 0x05, 0x8b, 0x00, 0x00, 0x00, 0x00, 0xcc, 0x66, 0x00, 0x05,
  0x00, 0x00, 0x00, 0x00, 0xe1, 0x7e, 0x0f, 0x77, 0xb3, 0x53, 0x05, 0xff,
  0x78, 0x26, 0x00, 0xfa, 0x6e, 0x23, 0x00, 0xf6, 0xa7, 0x4d, 0x02, 0xff,
  0xce, 0x71, 0x07, 0xb2, 0xff, 0x94, 0x15, 0x0c, 0xff, 0x7f, 0x00, 0x02,
  0xff, 0x00, 0x00, 0x01, 0x00, 0x00, 0x00, 0x00, 0xaa, 0x55, 0x55, 0x03,
  0x00, 0x00, 0x00, 0x00, 0x99, 0x61, 0x34, 0x49, 0xc0, 0xac, 0x9b, 0xff,
  0xec, 0xf2, 0xf9, 0xf9, 0xff, 0xff, 0xff, 0xf8, 0xec, 0xf2, 0xf8, 0xfb,
  0xbd, 0xa8, 0x99, 0xff, 0x8d, 0x59, 0x33, 0x36, 0x00, 0x00, 0x00, 0x00,
  0xff, 0x7f, 0x7f, 0x02, 0x00, 0x00, 0x00, 0x00, 0x00, 0x00, 0x00, 0x00,
  0x00, 0x00, 0x00, 0x00, 0x00, 0x00, 0x00, 0x00, 0x00, 0x00, 0x00, 0x00,
  0x00, 0x00, 0x00, 0x00, 0x00, 0x00, 0x00, 0x00, 0x00, 0x00, 0x00, 0x00,
  0x00, 0x00, 0x00, 0x00, 0x00, 0x00, 0x00, 0x00, 0x00, 0x00, 0x00, 0x00,
  0x00, 0x00, 0x00, 0x00, 0x00, 0x00, 0x00, 0x00, 0x00, 0x00, 0x00, 0x00,
  0x00, 0x00, 0x00, 0x00, 0x00, 0x00, 0x00, 0x00, 0x00, 0x00, 0x00, 0x00,
  0x00, 0x00, 0x00, 0x00, 0x00, 0x00, 0x00, 0x00, 0x00, 0x00, 0x00, 0x00,
  0x00, 0x00, 0x00, 0x00, 0x00, 0x00, 0x00, 0x00, 0x00, 0x00, 0x00, 0x00,
  0x00, 0x00, 0x00, 0x00, 0x00, 0x00, 0x00, 0x00, 0x00, 0x00, 0x00, 0x00,
  0x00, 0x00, 0x00, 0x00, 0x00, 0x00, 0x00, 0x00, 0x00, 0x00, 0x00, 0x00,
  0x00, 0x00, 0x00, 0x00, 0x00, 0x00, 0x00, 0x00, 0x00, 0x00, 0x00, 0x00,
  0x00, 0x00, 0x00, 0x00, 0x00, 0x00, 0x00, 0x00, 0x00, 0x00, 0x00, 0x00,
  0x00, 0x00, 0x00, 0x00, 0x00, 0x00, 0x00, 0x00, 0x00, 0x00, 0x00, 0x00,
  0x00, 0x00, 0x00, 0x00, 0x00, 0x00, 0x00, 0x00, 0x00, 0x00, 0x00, 0x00,
  0x00, 0x00, 0x00, 0x00, 0x00, 0x00, 0x00, 0x00, 0x00, 0x00, 0x00, 0x00,
  0x00, 0x00, 0x00, 0x00, 0x00, 0x00, 0x00, 0x00, 0x00, 0x00, 0x00, 0x00,
  0x00, 0x00, 0x00, 0x00, 0x00, 0x00, 0x00, 0x00, 0x00, 0x00, 0x00, 0x00,
  0x00, 0x00, 0x00, 0x00, 0x00, 0x00, 0x00, 0x00, 0xaa, 0x55, 0x00, 0x03,
  0xff, 0xff, 0xff, 0x02, 0x00, 0x00, 0x01, 0x00, 0x01, 0x01, 0x01, 0x00,
  0xbf, 0xbf, 0x7f, 0x04, 0xff, 0x00, 0x00, 0x01, 0xaa, 0x55, 0x55, 0x03,
  0x00, 0x00, 0x00, 0x00, 0x8e, 0x58, 0x41, 0x56, 0xb3, 0xa1, 0x9b, 0xfe,
  0xef, 0xf7, 0xfd, 0xf8, 0xf1, 0xf3, 0xf5, 0xfd, 0xf2, 0xf9, 0xff, 0xf8,
  0xb9, 0xb2, 0xb0, 0xfb, 0x7c, 0x51, 0x2f, 0x81, 0x00, 0x00, 0x00, 0x00,
  0x7f, 0x7f, 0x3f, 0x04, 0x00, 0x00, 0x00, 0x00, 0x00, 0x00, 0x00, 0x00,
  0xff, 0x00, 0x00, 0x01, 0x00, 0x00, 0x00, 0x01, 0x00, 0x00, 0x00, 0x00,
  0xdc, 0x6a, 0x05, 0x86, 0xc1, 0x4d, 0x02, 0xff, 0x82, 0x23, 0x00, 0xf9,
  0x76, 0x1c, 0x00, 0xf7, 0xb3, 0x43, 0x05, 0xff, 0xd3, 0x65, 0x09, 0x9e,
  0xff, 0x66, 0x00, 0x05, 0x00, 0x00, 0x00, 0x00, 0xaf, 0x5a, 0x06, 0x77,
  0xa2, 0x31, 0x00, 0xff, 0xe7, 0xb3, 0x37, 0xf9, 0xf0, 0xbf, 0x3f, 0xf9,
  0xa8, 0x30, 0x00, 0xff, 0xb3, 0x56, 0x05, 0x8d, 0x00, 0x00, 0x00, 0x00,
  0x00, 0x00, 0x00, 0x00, 0xd1, 0x66, 0x07, 0x82, 0xb4, 0x4e, 0x04, 0xff,
  0x74, 0x23, 0x00, 0xf9, 0x75, 0x25, 0x00, 0xf7, 0xb1, 0x54, 0x01, 0xff,
  0xd2, 0x74, 0x04, 0xa6, 0x7f, 0x00, 0x2a, 0x06, 0x00, 0x00, 0x00, 0x00,
  0xff, 0x00, 0x00, 0x01, 0x00, 0x00, 0x00, 0x00, 0x00, 0x00, 0x00, 0x00,
  0x7f, 0x7f, 0x3f, 0x04, 0x00, 0x00, 0x00, 0x00, 0x8f, 0x52, 0x25, 0x75,
  0xbf, 0xaf, 0xa2, 0xfc, 0xf4, 0xfb, 0xff, 0xf7, 0xf1, 0xf3, 0xf5, 0xfd,
  0xf2, 0xf9, 0xff, 0xf8, 0xb3, 0xa5, 0x9e, 0xfd, 0x7b, 0x49, 0x2c, 0x61,
  0x00, 0x00, 0x00, 0x00, 0x7f, 0x3f, 0x3f, 0x04, 0xff, 0x00, 0x00, 0x01,
  0xbf, 0x7f, 0x3f, 0x04, 0xff, 0xff, 0xff, 0x02, 0xff, 0xff, 0xff, 0x01,
  0xff, 0xff, 0xaa, 0x03, 0xff, 0x7f, 0x00, 0x02, 0x00, 0x00, 0x00, 0x00,
  0x00, 0x00, 0x00, 0x00, 0x00, 0x00, 0x00, 0x00, 0x00, 0x00, 0x00, 0x00,
  0x00, 0x00, 0x00, 0x00, 0x00, 0x00, 0x00, 0x00, 0x00, 0x00, 0x00, 0x00,
  0x00, 0x00, 0x00, 0x00, 0x00, 0x00, 0x00, 0x00, 0x00, 0x00, 0x00, 0x00,
  0x00, 0x00, 0x00, 0x00, 0x00, 0x00, 0x00, 0x00, 0x00, 0x00, 0x00, 0x00,
  0x00, 0x00, 0x00, 0x00, 0x00, 0x00, 0x00, 0x00, 0x00, 0x00, 0x00, 0x00,
  0x00, 0x00, 0x00, 0x00, 0x00, 0x00, 0x00, 0x00, 0x00, 0x00, 0x00, 0x00,
  0x00, 0x00, 0x00, 0x00, 0x00, 0x00, 0x00, 0x00, 0x00, 0x00, 0x00, 0x00,
  0x00, 0x00, 0x00, 0x00, 0x00, 0x00, 0x00, 0x00, 0x00, 0x00, 0x00, 0x00,
  0x00, 0x00, 0x00, 0x00, 0x00, 0x00, 0x00, 0x00, 0x00, 0x00, 0x00, 0x00,
  0x00, 0x00, 0x00, 0x00, 0x00, 0x00, 0x00, 0x00, 0x00, 0x00, 0x00, 0x00,
  0x00, 0x00, 0x00, 0x00, 0x00, 0x00, 0x00, 0x00, 0x00, 0x00, 0x00, 0x00,
  0x00, 0x00, 0x00, 0x00, 0x00, 0x00, 0x00, 0x00, 0x00, 0x00, 0x00, 0x00,
  0x00, 0x00, 0x00, 0x00, 0x00, 0x00, 0x00, 0x00, 0x00, 0x00, 0x00, 0x00,
  0x00, 0x00, 0x00, 0x00, 0x00, 0x00, 0x00, 0x00, 0x00, 0x00, 0x00, 0x00,
  0x00, 0x00, 0x00, 0x00, 0x00, 0x00, 0x00, 0x00, 0xff, 0x7f, 0x00, 0x02,
  0x00, 0x00, 0x00, 0x00, 0x00, 0x00, 0x00, 0x00, 0xff, 0x00, 0x00, 0x03,
  0x00, 0x00, 0x00, 0x00, 0x00, 0x00, 0x00, 0x00, 0x00, 0x00, 0x00, 0x00,
  0xaa, 0x55, 0x55, 0x03, 0x00, 0x00, 0x00, 0x00, 0xaa, 0x61, 0x36, 0x2a,
  0xab, 0x7f, 0x60, 0xfc, 0xe4, 0xe7, 0xe9, 0xfe, 0xff, 0xff, 0xff, 0xfc,
  0xf2, 0xfa, 0xff, 0xfa, 0xa3, 0x82, 0x69, 0xff, 0x7e, 0x44, 0x0d, 0x61,
  0x00, 0x00, 0x00, 0x00, 0x7f, 0x3f, 0x00, 0x04, 0x00, 0x00, 0x00, 0x00,
  0x00, 0x00, 0x00, 0x00, 0x00, 0x00, 0x00, 0x00, 0xff, 0x00, 0x00, 0x01,
  0xff, 0x7f, 0x00, 0x02, 0x00, 0x00, 0x00, 0x00, 0xd6, 0x6b, 0x06, 0x79,
  0xc0, 0x53, 0x02, 0xff, 0x83, 0x26, 0x00, 0xfb, 0x67, 0x18, 0x00, 0xf6,
  0xa4, 0x38, 0x01, 0xff, 0xcb, 0x53, 0x02, 0x59, 0x00, 0x00, 0x00, 0x00,
  0xac, 0x52, 0x06, 0x7b, 0x9c, 0x2c, 0x00, 0xff, 0xe6, 0xb4, 0x39, 0xf9,
  0xed, 0xbe, 0x41, 0xf9, 0x9f, 0x2b, 0x00, 0xff, 0xac, 0x52, 0x05, 0x92,
  0x00, 0x00, 0x00, 0x01, 0xbc, 0x4e, 0x03, 0x41, 0xa3, 0x3a, 0x01, 0xff,
  0x6e, 0x1e, 0x00, 0xf9, 0x75, 0x28, 0x00, 0xf9, 0xb4, 0x5b, 0x01, 0xff,
  0xd3, 0x75, 0x03, 0x92, 0x00, 0x00, 0x00, 0x00, 0x00, 0xff, 0x00, 0x01,
  0x7f, 0x7f, 0x00, 0x02, 0x00, 0x00, 0x00, 0x00, 0x00, 0x00, 0x00, 0x00,
  0x00, 0x00, 0x00, 0x00, 0xaa, 0x55, 0x55, 0x03, 0x00, 0x00, 0x00, 0x00,
  0x9b, 0x52, 0x27, 0x4d, 0xb1, 0x88, 0x6f, 0xff, 0xf0, 0xf7, 0xfc, 0xfa,
  0xff, 0xff, 0xff, 0xfc, 0xe8, 0xef, 0xf5, 0xfc, 0x99, 0x76, 0x5a, 0xff,
  0x86, 0x48, 0x1c, 0x35, 0x00, 0x00, 0x00, 0x00, 0x7f, 0x3f, 0x3f, 0x04,
  0x00, 0x00, 0x00, 0x00, 0x00, 0x00, 0x00, 0x00, 0x00, 0x00, 0x00, 0x00,
  0x00, 0x00, 0x00, 0x00, 0x00, 0x00, 0x00, 0x00, 0x00, 0x00, 0x00, 0x00,
  0xff, 0x7f, 0x00, 0x02, 0x00, 0x00, 0x00, 0x00, 0x00, 0x00, 0x00, 0x00,
  0x00, 0x00, 0x00, 0x00, 0x00, 0x00, 0x00, 0x00, 0x00, 0x00, 0x00, 0x00,
  0x00, 0x00, 0x00, 0x00, 0x00, 0x00, 0x00, 0x00, 0x00, 0x00, 0x00, 0x00,
  0x00, 0x00, 0x00, 0x00, 0x00, 0x00, 0x00, 0x00, 0x00, 0x00, 0x00, 0x00,
  0x00, 0x00, 0x00, 0x00, 0x00, 0x00, 0x00, 0x00, 0x00, 0x00, 0x00, 0x00,
  0x00, 0x00, 0x00, 0x00, 0x00, 0x00, 0x00, 0x00, 0x00, 0x00, 0x00, 0x00,
  0x00, 0x00, 0x00, 0x00, 0x00, 0x00, 0x00, 0x00, 0x00, 0x00, 0x00, 0x00,
  0x00, 0x00, 0x00, 0x00, 0x00, 0x00, 0x00, 0x00, 0x00, 0x00, 0x00, 0x00,
  0x00, 0x00, 0x00, 0x00, 0x00, 0x00, 0x00, 0x00, 0x00, 0x00, 0x00, 0x00,
  0x00, 0x00, 0x00, 0x00, 0x00, 0x00, 0x00, 0x00, 0x00, 0x00, 0x00, 0x00,
  0x00, 0x00, 0x00, 0x00, 0x00, 0x00, 0x00, 0x00, 0x00, 0x00, 0x00, 0x00,
  0x00, 0x00, 0x00, 0x00, 0x00, 0x00, 0x00, 0x00, 0x00, 0x00, 0x00, 0x00,
  0x00, 0x00, 0x00, 0x00, 0x00, 0x00, 0x00, 0x00, 0x00, 0x00, 0x00, 0x00,
  0x00, 0x00, 0x00, 0x00, 0x00, 0x00, 0x00, 0x00, 0x00, 0x00, 0x00, 0x00,
  0x00, 0x00, 0x00, 0x00, 0x00, 0x00, 0x00, 0x00, 0xff, 0x7f, 0x00, 0x02,
  0x00, 0x00, 0x00, 0x00, 0xd6, 0x72, 0x2b, 0x4c, 0xe9, 0x9b, 0x57, 0xb1,
  0xe4, 0x99, 0x68, 0xd6, 0xea, 0xa7, 0x72, 0xca, 0xf8, 0xb6, 0x76, 0x7b,
  0xb9, 0x17, 0x00, 0x0b, 0x00, 0x00, 0x00, 0x00, 0xaa, 0xaa, 0x55, 0x03,
  0x00, 0x00, 0x00, 0x00, 0xa6, 0x63, 0x2e, 0x6e, 0xb7, 0x82, 0x4c, 0xfb,
  0xbd, 0xa0, 0x8d, 0xf8, 0x9c, 0x71, 0x54, 0xfe, 0x88, 0x49, 0x11, 0xc0,
  0xbb, 0x88, 0x33, 0x0f, 0x7f, 0x00, 0x00, 0x02, 0x00, 0x00, 0x00, 0x01,
  0x00, 0x00, 0x00, 0x00, 0x00, 0x00, 0x00, 0x00, 0x00, 0x00, 0x00, 0x00,
  0x00, 0x00, 0x00, 0x00, 0x00, 0x00, 0x00, 0x01, 0xff, 0x7f, 0x00, 0x04,
  0x00, 0x00, 0x00, 0x00, 0xd1, 0x66, 0x04, 0x6b, 0x9b, 0x39, 0x01, 0xfc,
  0x66, 0x1a, 0x00, 0xf6, 0x88, 0x2a, 0x01, 0xfd, 0xae, 0x41, 0x01, 0x89,
  0x00, 0x00, 0x00, 0x00, 0xa5, 0x4e, 0x0d, 0x72, 0x95, 0x29, 0x03, 0xff,
  0xe4, 0xb0, 0x34, 0xf9, 0xef, 0xbe, 0x3b, 0xf8, 0x92, 0x27, 0x03, 0xff,
  0xa3, 0x4d, 0x0c, 0x8e, 0x00, 0x00, 0x00, 0x00, 0xb1, 0x47, 0x02, 0x79,
  0x8a, 0x2d, 0x01, 0xfe, 0x65, 0x1b, 0x00, 0xf4, 0x93, 0x39, 0x01, 0xfe,
  0xcd, 0x6d, 0x03, 0x82, 0x00, 0x00, 0x00, 0x00, 0xaa, 0x55, 0x00, 0x03,
  0xff, 0x00, 0x00, 0x01, 0x00, 0x00, 0x00, 0x00, 0x00, 0x00, 0x00, 0x00,
  0x00, 0x00, 0x00, 0x00, 0x00, 0x00, 0x00, 0x00, 0x00, 0x00, 0x00, 0x00,
  0x7f, 0x7f, 0x00, 0x02, 0xff, 0xd4, 0x55, 0x06, 0x98, 0x50, 0x1d, 0xae,
  0xa4, 0x75, 0x50, 0xff, 0xba, 0xa0, 0x8d, 0xf7, 0xa5, 0x7a, 0x55, 0xff,
  0x8f, 0x58, 0x21, 0x82, 0x00, 0x00, 0x00, 0x00, 0xaa, 0x55, 0x55, 0x03,
  0x00, 0x00, 0x00, 0x00, 0x48, 0x00, 0x00, 0x07, 0xea, 0x9e, 0x5b, 0x6f,
  0xef, 0xac, 0x75, 0xb6, 0xe8, 0xa2, 0x6f, 0xc2, 0xf4, 0xb0, 0x66, 0x95,
  0xee, 0x8d, 0x41, 0x2f, 0x00, 0x00, 0x00, 0x00, 0xff, 0x7f, 0x00, 0x02,
  0x00, 0x00, 0x00, 0x00, 0x00, 0x00, 0x00, 0x00, 0x00, 0x00, 0x00, 0x00,
  0x00, 0x00, 0x00, 0x00, 0x00, 0x00, 0x00, 0x00, 0x00, 0x00, 0x00, 0x00,
  0x00, 0x00, 0x00, 0x00, 0x00, 0x00, 0x00, 0x00, 0x00, 0x00, 0x00, 0x00,
  0x00, 0x00, 0x00, 0x00, 0x00, 0x00, 0x00, 0x00, 0x00, 0x00, 0x00, 0x00,
  0x00, 0x00, 0x00, 0x00, 0x00, 0x00, 0x00, 0x00, 0x00, 0x00, 0x00, 0x00,
  0x00, 0x00, 0x00, 0x00, 0x00, 0x00, 0x00, 0x00, 0x00, 0x00, 0x00, 0x00,
  0x00, 0x00, 0x00, 0x00, 0x00, 0x00, 0x00, 0x00, 0x00, 0x00, 0x00, 0x00,
  0x00, 0x00, 0x00, 0x00, 0x00, 0x00, 0x00, 0x00, 0x00, 0x00, 0x00, 0x00,
  0x00, 0x00, 0x00, 0x00, 0x00, 0x00, 0x00, 0x00, 0x00, 0x00, 0x00, 0x00,
  0x00, 0x00, 0x00, 0x00, 0x00, 0x00, 0x00, 0x00, 0x00, 0x00, 0x00, 0x00,
  0x00, 0x00, 0x00, 0x00, 0x00, 0x00, 0x00, 0x00, 0x00, 0x00, 0x00, 0x00,
  0x00, 0x00, 0x00, 0x00, 0x00, 0x00, 0x00, 0x00, 0x00, 0x00, 0x00, 0x00,
  0x00, 0x00, 0x00, 0x00, 0x00, 0x00, 0x00, 0x00, 0x00, 0x00, 0x00, 0x00,
  0x00, 0x00, 0x00, 0x00, 0x00, 0x00, 0x00, 0x00, 0xff, 0x7f, 0x00, 0x02,
  0x00, 0x00, 0x00, 0x00, 0xcb, 0x5c, 0x13, 0x76, 0xd9, 0x74, 0x21, 0xff,
  0xc4, 0x67, 0x14, 0xff, 0xc7, 0x78, 0x01, 0xff, 0xbf, 0x6d, 0x0c, 0xff,
  0xda, 0x8a, 0x48, 0xff, 0xee, 0x9a, 0x54, 0xcd, 0xbc, 0x4d, 0x21, 0x17,
  0xff, 0xff, 0xff, 0x01, 0xbf, 0x3f, 0x00, 0x04, 0x00, 0x00, 0x00, 0x00,
  0xae, 0x57, 0x03, 0x4c, 0x6d, 0x26, 0x00, 0xfe, 0x95, 0x4f, 0x00, 0xfe,
  0xc7, 0x84, 0x07, 0xa0, 0x00, 0x00, 0x00, 0x00, 0xbf, 0xbf, 0x00, 0x04,
  0x00, 0x00, 0x00, 0x00, 0x00, 0x00, 0x00, 0x00, 0x00, 0x00, 0x00, 0x00,
  0x00, 0x00, 0x00, 0x00, 0x00, 0x00, 0x00, 0x00, 0x00, 0x00, 0x00, 0x00,
  0x00, 0x00, 0x00, 0x01, 0xff, 0x7f, 0x00, 0x02, 0x00, 0x00, 0x01, 0x00,
  0x9d, 0x3d, 0x02, 0xd7, 0x70, 0x21, 0x00, 0xff, 0x86, 0x2c, 0x01, 0xff,
  0xa5, 0x3f, 0x01, 0x89, 0xff, 0xff, 0x7f, 0x02, 0x84, 0x35, 0x00, 0xbf,
  0x74, 0x11, 0x00, 0xff, 0xe1, 0xac, 0x2c, 0xfb, 0xf0, 0xc0, 0x36, 0xfb,
  0x71, 0x0f, 0x00, 0xfe, 0x84, 0x36, 0x00, 0xd3, 0xff, 0xb6, 0x24, 0x07,
  0xb7, 0x50, 0x02, 0x75, 0x8a, 0x31, 0x01, 0xff, 0x68, 0x1e, 0x00, 0xfc,
  0x97, 0x3c, 0x01, 0xe3, 0x91, 0x00, 0x00, 0x07, 0xff, 0xff, 0x00, 0x01,
  0x7f, 0x00, 0x00, 0x02, 0x00, 0x00, 0x00, 0x00, 0x00, 0x00, 0x00, 0x00,
  0x00, 0x00, 0x00, 0x00, 0x00, 0x00, 0x00, 0x00, 0x00, 0x00, 0x00, 0x00,
  0x00, 0x00, 0x00, 0x01, 0x99, 0x99, 0x00, 0x05, 0x00, 0x00, 0x00, 0x00,
  0xc1, 0x82, 0x06, 0x9e, 0x9f, 0x55, 0x00, 0xfe, 0x69, 0x27, 0x00, 0xfe,
  0x97, 0x4b, 0x00, 0x51, 0x00, 0x00, 0x00, 0x00, 0x7f, 0x3f, 0x00, 0x04,
  0xff, 0x7f, 0x7f, 0x02, 0xa5, 0x3c, 0x1e, 0x11, 0xe3, 0x8b, 0x44, 0xc2,
  0xde, 0x86, 0x40, 0xff, 0xc7, 0x6f, 0x13, 0xff, 0xcd, 0x7a, 0x05, 0xff,
  0xc7, 0x71, 0x1d, 0xff, 0xdf, 0x86, 0x33, 0xf9, 0xdc, 0x72, 0x1d, 0x60,
  0x00, 0x00, 0x00, 0x00, 0xff, 0x7f, 0x00, 0x02, 0x00, 0x00, 0x00, 0x00,
  0x00, 0x00, 0x00, 0x00, 0x00, 0x00, 0x00, 0x00, 0x00, 0x00, 0x00, 0x00,
  0x00, 0x00, 0x00, 0x00, 0x00, 0x00, 0x00, 0x00, 0x00, 0x00, 0x00, 0x00,
  0x00, 0x00, 0x00, 0x00, 0x00, 0x00, 0x00, 0x00, 0x00, 0x00, 0x00, 0x00,
  0x00, 0x00, 0x00, 0x00, 0x00, 0x00, 0x00, 0x00, 0x00, 0x00, 0x00, 0x00,
  0x00, 0x00, 0x00, 0x00, 0x00, 0x00, 0x00, 0x00, 0x00, 0x00, 0x00, 0x00,
  0x00, 0x00, 0x00, 0x00, 0x00, 0x00, 0x00, 0x00, 0x00, 0x00, 0x00, 0x00,
  0x00, 0x00, 0x00, 0x00, 0x00, 0x00, 0x00, 0x00, 0x00, 0x00, 0x00, 0x00,
  0x00, 0x00, 0x00, 0x00, 0x00, 0x00, 0x00, 0x00, 0x00, 0x00, 0x00, 0x00,
  0x00, 0x00, 0x00, 0x00, 0x00, 0x00, 0x00, 0x00, 0x00, 0x00, 0x00, 0x00,
  0x00, 0x00, 0x00, 0x00, 0x00, 0x00, 0x00, 0x00, 0x00, 0x00, 0x00, 0x00,
  0x00, 0x00, 0x00, 0x00, 0x00, 0x00, 0x00, 0x00, 0x00, 0x00, 0x00, 0x00,
  0x00, 0x00, 0x00, 0x00, 0x00, 0x00, 0x00, 0x00, 0x00, 0x00, 0x00, 0x00,
  0x00, 0x00, 0x00, 0x00, 0x00, 0x00, 0x00, 0x00, 0xaa, 0x55, 0x00, 0x03,
  0x00, 0x00, 0x00, 0x00, 0xb2, 0x43, 0x0e, 0x35, 0xb9, 0x49, 0x05, 0xff,
  0x9e, 0x4e, 0x00, 0xfb, 0xe3, 0xc8, 0x1b, 0xf8, 0xfb, 0xfa, 0x90, 0xfa,
  0xf2, 0xe4, 0x5e, 0xfa, 0xa6, 0x66, 0x00, 0xf6, 0xc5, 0x62, 0x15, 0xff,
  0xd1, 0x62, 0x0f, 0xa8, 0x00, 0x00, 0x00, 0x00, 0xff, 0x55, 0x00, 0x03,
  0xaa, 0x55, 0x00, 0x03, 0xd4, 0x7f, 0x2a, 0x06, 0x97, 0x41, 0x03, 0xcc,
  0xcf, 0x71, 0x03, 0xff, 0xff, 0xd7, 0x13, 0xff, 0xee, 0xc5, 0x19, 0x6f,
  0x00, 0x00, 0x00, 0x00, 0xff, 0xff, 0x3f, 0x04, 0xff, 0xff, 0x7f, 0x02,
  0xff, 0xff, 0x7f, 0x02, 0xff, 0xff, 0x7f, 0x02, 0xff, 0xff, 0x7f, 0x02,
  0xff, 0xff, 0x7f, 0x02, 0xcc, 0x99, 0x33, 0x05, 0xff, 0xff, 0x00, 0x01,
  0xff, 0xff, 0x55, 0x03, 0xa3, 0x3f, 0x02, 0xd0, 0x6e, 0x23, 0x00, 0xff,
  0x85, 0x2f, 0x01, 0xff, 0xaa, 0x45, 0x06, 0x7c, 0x86, 0x33, 0x00, 0x5f,
  0xa3, 0x6a, 0x47, 0xff, 0xc1, 0x9d, 0x91, 0xfa, 0xe1, 0xc8, 0x9a, 0xfd,
  0xe0, 0xca, 0x99, 0xfd, 0xc9, 0xa5, 0x98, 0xf9, 0xa9, 0x76, 0x5d, 0xff,
  0x8d, 0x39, 0x00, 0x6e, 0xaa, 0x51, 0x07, 0x6a, 0x87, 0x35, 0x01, 0xff,
  0x69, 0x22, 0x00, 0xfe, 0x9d, 0x45, 0x01, 0xda, 0xff, 0xb2, 0x00, 0x0a,
  0xff, 0xff, 0x00, 0x01, 0xff, 0xbf, 0x00, 0x04, 0xff, 0xff, 0x7f, 0x02,
  0xff, 0xff, 0x7f, 0x02, 0xff, 0xff, 0x7f, 0x02, 0xff, 0xff, 0x7f, 0x02,
  0xff, 0xff, 0x7f, 0x02, 0xff, 0xbf, 0x3f, 0x04, 0x00, 0x00, 0x00, 0x00,
  0xed, 0xba, 0x11, 0x73, 0xff, 0xd1, 0x0b, 0xff, 0xd3, 0x73, 0x02, 0xff,
  0x93, 0x44, 0x04, 0xd0, 0xff, 0xff, 0x3f, 0x04, 0xaa, 0x55, 0x00, 0x03,
  0xbf, 0x3f, 0x00, 0x04, 0x00, 0x00, 0x00, 0x00, 0xc8, 0x62, 0x13, 0x9e,
  0xc1, 0x5c, 0x15, 0xff, 0xa5, 0x60, 0x00, 0xf6, 0xec, 0xdc, 0x3d, 0xf9,
  0xfa, 0xf7, 0x95, 0xfa, 0xdd, 0xbd, 0x2b, 0xf8, 0xa3, 0x4e, 0x00, 0xfe,
  0xc3, 0x59, 0x0a, 0xf9, 0xac, 0x3f, 0x06, 0x28, 0x00, 0x00, 0x00, 0x00,
  0x7f, 0x00, 0x00, 0x02, 0x00, 0x00, 0x00, 0x00, 0x00, 0x00, 0x00, 0x00,
  0x00, 0x00, 0x00, 0x00, 0x00, 0x00, 0x00, 0x00, 0x00, 0x00, 0x00, 0x00,
  0x00, 0x00, 0x00, 0x00, 0x00, 0x00, 0x00, 0x00, 0x00, 0x00, 0x00, 0x00,
  0x00, 0x00, 0x00, 0x00, 0x00, 0x00, 0x00, 0x00, 0x00, 0x00, 0x00, 0x00,
  0x00, 0x00, 0x00, 0x00, 0x00, 0x00, 0x00, 0x00, 0x00, 0x00, 0x00, 0x00,
  0x00, 0x00, 0x00, 0x00, 0x00, 0x00, 0x00, 0x00, 0x00, 0x00, 0x00, 0x00,
  0x00, 0x00, 0x00, 0x00, 0x00, 0x00, 0x00, 0x00, 0x00, 0x00, 0x00, 0x00,
  0x00, 0x00, 0x00, 0x00, 0x00, 0x00, 0x00, 0x00, 0x00, 0x00, 0x00, 0x00,
  0x00, 0x00, 0x00, 0x00, 0x00, 0x00, 0x00, 0x00, 0x00, 0x00, 0x00, 0x00,
  0x00, 0x00, 0x00, 0x00, 0x00, 0x00, 0x00, 0x00, 0x00, 0x00, 0x00, 0x00,
  0x00, 0x00, 0x00, 0x00, 0x00, 0x00, 0x00, 0x00, 0x00, 0x00, 0x00, 0x00,
  0x00, 0x00, 0x00, 0x00, 0x00, 0x00, 0x00, 0x00, 0x00, 0x00, 0x00, 0x00,
  0x00, 0x00, 0x00, 0x00, 0x00, 0x00, 0x00, 0x00, 0x00, 0x00, 0x00, 0x00,
  0xbf, 0x3f, 0x00, 0x04, 0x00, 0x00, 0x00, 0x00, 0xac, 0x3e, 0x03, 0x94,
  0x94, 0x34, 0x00, 0xff, 0xc2, 0x84, 0x01, 0xf8, 0xff, 0xf1, 0x19, 0xfc,
  0xfa, 0xf9, 0x49, 0xfc, 0xff, 0xfb, 0x39, 0xfd, 0xdf, 0xb4, 0x04, 0xfc,
  0x88, 0x36, 0x00, 0xfb, 0xb2, 0x4b, 0x02, 0xf8, 0xaf, 0x4f, 0x0f, 0x20,
  0x00, 0x00, 0x00, 0x00, 0xbf, 0x3f, 0x00, 0x04, 0x00, 0x00, 0x00, 0x00,
  0xb1, 0x5c, 0x07, 0x21, 0xad, 0x4b, 0x01, 0xe5, 0xe8, 0x90, 0x02, 0xfe,
  0xfd, 0xdc, 0x16, 0xfe, 0xf0, 0xd4, 0x1c, 0x59, 0x00, 0x00, 0x00, 0x00,
  0x00, 0x00, 0x00, 0x00, 0x00, 0x00, 0x00, 0x00, 0x00, 0x00, 0x00, 0x00,
  0x00, 0x00, 0x00, 0x00, 0x00, 0x00, 0x00, 0x00, 0x00, 0x00, 0x00, 0x00,
  0x00, 0x00, 0x00, 0x00, 0xff, 0xff, 0x00, 0x02, 0x9f, 0x42, 0x01, 0xd0,
  0x6b, 0x26, 0x00, 0xff, 0x81, 0x32, 0x02, 0xff, 0x9c, 0x37, 0x00, 0x7c,
  0x89, 0x61, 0x49, 0x92, 0xb0, 0x98, 0x8a, 0xfd, 0x70, 0x51, 0x37, 0xf9,
  0x93, 0x5d, 0x2f, 0xfd, 0x95, 0x60, 0x31, 0xfd, 0x75, 0x52, 0x39, 0xfa,
  0xb1, 0x9d, 0x92, 0xfe, 0x9f, 0x71, 0x57, 0xb1, 0x93, 0x37, 0x00, 0x72,
  0x87, 0x38, 0x02, 0xff, 0x67, 0x26, 0x00, 0xfe, 0x9d, 0x46, 0x01, 0xdc,
  0xff, 0xa2, 0x00, 0x0b, 0x00, 0x00, 0x00, 0x00, 0x00, 0x00, 0x00, 0x00,
  0x00, 0x00, 0x00, 0x00, 0x00, 0x00, 0x00, 0x00, 0x00, 0x00, 0x00, 0x00,
  0x00, 0x00, 0x00, 0x00, 0x00, 0x00, 0x00, 0x00, 0x00, 0x00, 0x00, 0x00,
  0xf1, 0xc5, 0x0d, 0x5d, 0xfd, 0xd3, 0x0b, 0xff, 0xe6, 0x8b, 0x01, 0xfd,
  0xa4, 0x47, 0x01, 0xe8, 0xa5, 0x52, 0x06, 0x28, 0x00, 0x00, 0x00, 0x01,
  0xbf, 0x3f, 0x00, 0x04, 0x00, 0x00, 0x00, 0x00, 0xad, 0x51, 0x12, 0x1c,
  0xa8, 0x47, 0x05, 0xf5, 0x85, 0x31, 0x00, 0xfc, 0xdb, 0xab, 0x02, 0xfc,
  0xff, 0xfd, 0x35, 0xfc, 0xfb, 0xfa, 0x58, 0xfd, 0xff, 0xf9, 0x27, 0xfd,
  0xc3, 0x88, 0x00, 0xf7, 0x97, 0x37, 0x00, 0xff, 0xb1, 0x44, 0x03, 0x8d,
  0x00, 0x00, 0x00, 0x00, 0xbf, 0x3f, 0x00, 0x04, 0x00, 0x00, 0x00, 0x00,
  0x00, 0x00, 0x00, 0x00, 0x00, 0x00, 0x00, 0x00, 0x00, 0x00, 0x00, 0x00,
  0x00, 0x00, 0x00, 0x00, 0x00, 0x00, 0x00, 0x00, 0x00, 0x00, 0x00, 0x00,
  0x00, 0x00, 0x00, 0x00, 0x00, 0x00, 0x00, 0x00, 0x00, 0x00, 0x00, 0x00,
  0x00, 0x00, 0x00, 0x00, 0x00, 0x00, 0x00, 0x00, 0x00, 0x00, 0x00, 0x00,
  0x00, 0x00, 0x00, 0x00, 0x00, 0x00, 0x00, 0x00, 0x00, 0x00, 0x00, 0x00,
  0x00, 0x00, 0x00, 0x00, 0x00, 0x00, 0x00, 0x00, 0x00, 0x00, 0x00, 0x00,
  0x00, 0x00, 0x00, 0x00, 0x00, 0x00, 0x00, 0x00, 0x00, 0x00, 0x00, 0x00,
  0x00, 0x00, 0x00, 0x00, 0x00, 0x00, 0x00, 0x00, 0x00, 0x00, 0x00, 0x00,
  0x00, 0x00, 0x00, 0x00, 0x00, 0x00, 0x00, 0x00, 0x00, 0x00, 0x00, 0x00,
  0x00, 0x00, 0x00, 0x00, 0x00, 0x00, 0x00, 0x00, 0x00, 0x00, 0x00, 0x00,
  0x00, 0x00, 0x00, 0x00, 0x00, 0x00, 0x00, 0x00, 0x00, 0x00, 0x00, 0x00,
  0x00, 0x00, 0x00, 0x00, 0x00, 0x00, 0x00, 0x00, 0x00, 0x00, 0x00, 0x00,
  0x00, 0x00, 0x00, 0x00, 0xaa, 0x55, 0x00, 0x03, 0x00, 0x00, 0x00, 0x00,
  0xa4, 0x38, 0x02, 0xaf, 0x97, 0x40, 0x00, 0xfe, 0xda, 0x9f, 0x01, 0xf9,
  0xf7, 0xd4, 0x00, 0xfc, 0xfd, 0xf3, 0x00, 0xfc, 0xf6, 0xdf, 0x00, 0xfc,
  0xea, 0xb5, 0x00, 0xfc, 0x9e, 0x52, 0x01, 0xfa, 0x8e, 0x30, 0x01, 0xff,
  0xb9, 0x4e, 0x04, 0x37, 0xff, 0x7f, 0x00, 0x02, 0xaa, 0x55, 0x00, 0x03,
  0xaa, 0x55, 0x00, 0x03, 0x00, 0x00, 0x00, 0x00, 0xa7, 0x4f, 0x04, 0x3a,
  0xb6, 0x51, 0x01, 0xf7, 0xf1, 0x9a, 0x02, 0xfc, 0xfc, 0xdc, 0x25, 0xf6,
  0xfa, 0xec, 0x3d, 0xbc, 0xfa, 0xea, 0x38, 0xb8, 0xfa, 0xe8, 0x37, 0xb9,
  0xfa, 0xe8, 0x35, 0xb9, 0xfa, 0xe7, 0x35, 0xba, 0xfa, 0xe8, 0x3e, 0xb4,
  0xf8, 0xe6, 0x31, 0x7b, 0xff, 0xda, 0x24, 0x07, 0x03, 0x02, 0x01, 0x00,
  0x9f, 0x46, 0x01, 0xd3, 0x6b, 0x29, 0x00, 0xff, 0x7c, 0x33, 0x01, 0xff,
  0x7b, 0x2a, 0x00, 0x84, 0x89, 0x6c, 0x5b, 0xa7, 0x5e, 0x31, 0x21, 0xff,
  0xcc, 0x84, 0x00, 0xfa, 0xff, 0xd8, 0x1f, 0xfd, 0xff, 0xda, 0x23, 0xfd,
  0xd2, 0x90, 0x07, 0xfb, 0x61, 0x2e, 0x16, 0xff, 0x7f, 0x61, 0x54, 0xc2,
  0x81, 0x31, 0x00, 0x7c, 0x80, 0x38, 0x01, 0xff, 0x6b, 0x2c, 0x00, 0xff,
  0x9e, 0x47, 0x01, 0xdc, 0xff, 0xcc, 0x33, 0x05, 0xd4, 0x7f, 0x2a, 0x06,
  0xf6, 0xd8, 0x1c, 0x7d, 0xf9, 0xe4, 0x3a, 0xb7, 0xfa, 0xe5, 0x3c, 0xbb,
  0xfa, 0xe9, 0x3b, 0xbc, 0xfa, 0xe9, 0x3a, 0xbc, 0xfa, 0xe9, 0x3c, 0xbb,
  0xfb, 0xeb, 0x3e, 0xc1, 0xfd, 0xd7, 0x16, 0xf7, 0xf6, 0x99, 0x01, 0xfb,
  0xab, 0x4a, 0x01, 0xf7, 0x94, 0x45, 0x04, 0x37, 0x00, 0x00, 0x00, 0x00,
  0xaa, 0x55, 0x00, 0x03, 0xaa, 0x55, 0x00, 0x03, 0xff, 0x7f, 0x00, 0x02,
  0xad, 0x4c, 0x04, 0x35, 0x88, 0x2c, 0x00, 0xff, 0x94, 0x4b, 0x01, 0xfb,
  0xef, 0xb6, 0x01, 0xfc, 0xf7, 0xda, 0x00, 0xfd, 0xfc, 0xf0, 0x00, 0xfd,
  0xf6, 0xd5, 0x00, 0xfc, 0xdd, 0xa2, 0x00, 0xf9, 0x95, 0x40, 0x00, 0xfe,
  0xa0, 0x38, 0x02, 0xad, 0x00, 0x00, 0x00, 0x00, 0xaa, 0x55, 0x00, 0x03,
  0x00, 0x00, 0x00, 0x00, 0x00, 0x00, 0x00, 0x00, 0x00, 0x00, 0x00, 0x00,
  0x00, 0x00, 0x00, 0x00, 0x00, 0x00, 0x00, 0x00, 0x00, 0x00, 0x00, 0x00,
  0x00, 0x00, 0x00, 0x00, 0x00, 0x00, 0x00, 0x00, 0x00, 0x00, 0x00, 0x00,
  0x00, 0x00, 0x00, 0x00, 0x00, 0x00, 0x00, 0x00, 0x00, 0x00, 0x00, 0x00,
  0x00, 0x00, 0x00, 0x00, 0x00, 0x00, 0x00, 0x00, 0x00, 0x00, 0x00, 0x00,
  0x00, 0x00, 0x00, 0x00, 0x00, 0x00, 0x00, 0x00, 0x00, 0x00, 0x00, 0x00,
  0x00, 0x00, 0x00, 0x00, 0x00, 0x00, 0x00, 0x00, 0x00, 0x00, 0x00, 0x00,
  0x00, 0x00, 0x00, 0x00, 0x00, 0x00, 0x00, 0x00, 0x00, 0x00, 0x00, 0x00,
  0x00, 0x00, 0x00, 0x00, 0x00, 0x00, 0x00, 0x00, 0x00, 0x00, 0x00, 0x00,
  0x00, 0x00, 0x00, 0x00, 0x00, 0x00, 0x00, 0x00, 0x00, 0x00, 0x00, 0x00,
  0x00, 0x00, 0x00, 0x00, 0x00, 0x00, 0x00, 0x00, 0x00, 0x00, 0x00, 0x00,
  0x00, 0x00, 0x00, 0x00, 0x00, 0x00, 0x00, 0x00, 0x00, 0x00, 0x00, 0x00,
  0x00, 0x00, 0x00, 0x00, 0x00, 0x00, 0x00, 0x00, 0xbf, 0x3f, 0x00, 0x04,
  0x00, 0x00, 0x00, 0x00, 0xb8, 0x43, 0x06, 0x98, 0x9f, 0x3d, 0x01, 0xfe,
  0xdc, 0xb8, 0x00, 0xf8, 0xff, 0xff, 0x05, 0xfd, 0xf9, 0xf7, 0x18, 0xfd,
  0xff, 0xfd, 0x0a, 0xfd, 0xf3, 0xdc, 0x00, 0xfc, 0x8d, 0x42, 0x01, 0xfa,
  0x8d, 0x37, 0x04, 0xff, 0xc8, 0x6d, 0x0c, 0x4f, 0x00, 0x00, 0x00, 0x00,
  0xcc, 0x66, 0x00, 0x05, 0x00, 0x00, 0x00, 0x00, 0xbf, 0x3f, 0x00, 0x04,
  0x00, 0x00, 0x00, 0x00, 0xa6, 0x4a, 0x02, 0x56, 0xbf, 0x5a, 0x00, 0xff,
  0xea, 0x88, 0x00, 0xff, 0xfb, 0xa6, 0x08, 0xff, 0xfb, 0xa4, 0x08, 0xff,
  0xfb, 0xa4, 0x08, 0xff, 0xfc, 0xa3, 0x08, 0xff, 0xfd, 0xa5, 0x08, 0xff,
  0xff, 0xad, 0x0b, 0xff, 0xff, 0xcc, 0x12, 0xff, 0xf2, 0xba, 0x06, 0xbb,
  0xd4, 0x6a, 0x00, 0x0c, 0x96, 0x46, 0x01, 0xcd, 0x6e, 0x31, 0x01, 0xff,
  0x77, 0x36, 0x02, 0xff, 0x72, 0x2a, 0x00, 0x83, 0x80, 0x59, 0x43, 0xad,
  0x6a, 0x37, 0x25, 0xff, 0xe1, 0x8f, 0x00, 0xfa, 0xff, 0xd6, 0x00, 0xfd,
  0xfc, 0xd3, 0x00, 0xfd, 0xec, 0x9d, 0x00, 0xfb, 0x69, 0x36, 0x1c, 0xff,
  0x77, 0x53, 0x42, 0xc4, 0x6d, 0x2e, 0x00, 0x7e, 0x76, 0x3a, 0x01, 0xff,
  0x6f, 0x36, 0x00, 0xff, 0x97, 0x48, 0x00, 0xd7, 0xc3, 0x5a, 0x00, 0x11,
  0xe9, 0xa5, 0x04, 0xb6, 0xff, 0xbd, 0x0b, 0xff, 0xff, 0x9b, 0x0a, 0xff,
  0xff, 0x9d, 0x08, 0xff, 0xff, 0xa2, 0x08, 0xff, 0xff, 0xa3, 0x08, 0xff,
  0xff, 0xa3, 0x09, 0xff, 0xff, 0xa1, 0x08, 0xff, 0xf3, 0x86, 0x00, 0xff,
  0xbb, 0x55, 0x00, 0xff, 0x96, 0x44, 0x00, 0x5a, 0x00, 0x00, 0x00, 0x00,
  0x7f, 0x3f, 0x00, 0x04, 0x00, 0x00, 0x00, 0x00, 0x99, 0x66, 0x00, 0x05,
  0x00, 0x00, 0x00, 0x00, 0xb7, 0x5d, 0x0e, 0x47, 0x8c, 0x32, 0x04, 0xff,
  0x8b, 0x41, 0x01, 0xfa, 0xf6, 0xdd, 0x01, 0xfd, 0xff, 0xfa, 0x08, 0xfd,
  0xf9, 0xf6, 0x11, 0xfd, 0xff, 0xff, 0x04, 0xfd, 0xe1, 0xb9, 0x00, 0xf9,
  0x92, 0x36, 0x00, 0xfe, 0xa7, 0x3b, 0x03, 0x9a, 0x00, 0x00, 0x00, 0x00,
  0x7f, 0x3f, 0x00, 0x04, 0x00, 0x00, 0x00, 0x00, 0x00, 0x00, 0x00, 0x00,
  0x00, 0x00, 0x00, 0x00, 0x00, 0x00, 0x00, 0x00, 0x00, 0x00, 0x00, 0x00,
  0x00, 0x00, 0x00, 0x00, 0x00, 0x00, 0x00, 0x00, 0x00, 0x00, 0x00, 0x00,
  0x00, 0x00, 0x00, 0x00, 0x00, 0x00, 0x00, 0x00, 0x00, 0x00, 0x00, 0x00,
  0x00, 0x00, 0x00, 0x00, 0x00, 0x00, 0x00, 0x00, 0x00, 0x00, 0x00, 0x00,
  0x00, 0x00, 0x00, 0x00, 0x00, 0x00, 0x00, 0x00, 0x00, 0x00, 0x00, 0x00,
  0x00, 0x00, 0x00, 0x00, 0x00, 0x00, 0x00, 0x00, 0x00, 0x00, 0x00, 0x00,
  0x00, 0x00, 0x00, 0x00, 0x00, 0x00, 0x00, 0x00, 0x00, 0x00, 0x00, 0x00,
  0x00, 0x00, 0x00, 0x00, 0x00, 0x00, 0x00, 0x00, 0x00, 0x00, 0x00, 0x00,
  0x00, 0x00, 0x00, 0x00, 0x00, 0x00, 0x00, 0x00, 0x00, 0x00, 0x00, 0x00,
  0x00, 0x00, 0x00, 0x00, 0x00, 0x00, 0x00, 0x00, 0x00, 0x00, 0x00, 0x00,
  0x00, 0x00, 0x00, 0x00, 0x00, 0x00, 0x00, 0x00, 0x00, 0x00, 0x00, 0x00,
  0x00, 0x00, 0x00, 0x00, 0x00, 0x00, 0x00, 0x00, 0x00, 0x00, 0x00, 0x00,
  0xaa, 0x55, 0x00, 0x03, 0x00, 0x00, 0x00, 0x00, 0xcd, 0x4f, 0x0b, 0x43,
  0xbc, 0x4a, 0x04, 0xff, 0xa6, 0x69, 0x00, 0xf9, 0xea, 0xe0, 0x0b, 0xfa,
  0xfc, 0xfd, 0x52, 0xfb, 0xf7, 0xf3, 0x1c, 0xfc, 0xc6, 0x96, 0x00, 0xfd,
  0x93, 0x2f, 0x00, 0xfb, 0x86, 0x29, 0x02, 0xfc, 0xc0, 0x66, 0x09, 0xe8,
  0xea, 0x8e, 0x14, 0x32, 0x00, 0x00, 0x00, 0x00, 0xbf, 0x7f, 0x00, 0x04,
  0x00, 0x00, 0x00, 0x00, 0xbf, 0x3f, 0x00, 0x04, 0x00, 0x00, 0x00, 0x00,
  0xa8, 0x49, 0x00, 0x61, 0xa5, 0x43, 0x00, 0xd1, 0x9b, 0x3b, 0x00, 0xdc,
  0x99, 0x39, 0x00, 0xdd, 0x98, 0x3a, 0x00, 0xde, 0x9c, 0x3b, 0x00, 0xde,
  0x9b, 0x39, 0x00, 0xdc, 0xa6, 0x4a, 0x00, 0xf5, 0xe6, 0x81, 0x00, 0xf8,
  0xff, 0xa2, 0x00, 0xff, 0xc3, 0x6b, 0x00, 0x6f, 0x86, 0x43, 0x01, 0xbe,
  0x70, 0x3b, 0x02, 0xff, 0x75, 0x3c, 0x03, 0xff, 0x6a, 0x29, 0x00, 0x7a,
  0x7d, 0x65, 0x4b, 0xa6, 0x6b, 0x35, 0x23, 0xff, 0xe7, 0xa1, 0x01, 0xfa,
  0xff, 0xf9, 0x04, 0xfd, 0xff, 0xf9, 0x04, 0xfd, 0xf8, 0xb6, 0x01, 0xfb,
  0x6a, 0x33, 0x19, 0xff, 0x7e, 0x5d, 0x4c, 0xc1, 0x60, 0x2e, 0x00, 0x79,
  0x73, 0x42, 0x05, 0xff, 0x6d, 0x3d, 0x01, 0xff, 0x87, 0x45, 0x00, 0xc7,
  0xb6, 0x63, 0x00, 0x71, 0xf7, 0x8c, 0x00, 0xff, 0xeb, 0x6b, 0x00, 0xf8,
  0xaf, 0x3f, 0x00, 0xf6, 0xa4, 0x38, 0x00, 0xde, 0xa3, 0x39, 0x00, 0xde,
  0xa4, 0x39, 0x00, 0xde, 0xa1, 0x37, 0x00, 0xde, 0xa2, 0x37, 0x00, 0xdd,
  0xa2, 0x3c, 0x01, 0xcf, 0x99, 0x40, 0x00, 0x5f, 0x00, 0x00, 0x00, 0x00,
  0x7f, 0x3f, 0x00, 0x04, 0x00, 0x00, 0x00, 0x00, 0xbf, 0x7f, 0x00, 0x04,
  0x00, 0x00, 0x00, 0x00, 0xe7, 0x88, 0x11, 0x2b, 0xb1, 0x5a, 0x0b, 0xe2,
  0x70, 0x21, 0x03, 0xfc, 0x9d, 0x36, 0x00, 0xfb, 0xc7, 0x93, 0x00, 0xfd,
  0xf9, 0xf5, 0x22, 0xfc, 0xff, 0xff, 0x59, 0xfb, 0xf0, 0xe7, 0x0a, 0xfa,
  0xab, 0x6f, 0x01, 0xf8, 0xb5, 0x45, 0x03, 0xff, 0xb2, 0x3e, 0x06, 0x49,
  0x00, 0x00, 0x00, 0x00, 0xaa, 0x55, 0x00, 0x03, 0x00, 0x00, 0x00, 0x00,
  0x00, 0x00, 0x00, 0x00, 0x00, 0x00, 0x00, 0x00, 0x00, 0x00, 0x00, 0x00,
  0x00, 0x00, 0x00, 0x00, 0x00, 0x00, 0x00, 0x00, 0x00, 0x00, 0x00, 0x00,
  0x00, 0x00, 0x00, 0x00, 0x00, 0x00, 0x00, 0x00, 0x00, 0x00, 0x00, 0x00,
  0x00, 0x00, 0x00, 0x00, 0x00, 0x00, 0x00, 0x00, 0x00, 0x00, 0x00, 0x00,
  0x00, 0x00, 0x00, 0x00, 0x00, 0x00, 0x00, 0x00, 0x00, 0x00, 0x00, 0x00,
  0x00, 0x00, 0x00, 0x00, 0x00, 0x00, 0x00, 0x00, 0x00, 0x00, 0x00, 0x00,
  0x00, 0x00, 0x00, 0x00, 0x00, 0x00, 0x00, 0x00, 0x00, 0x00, 0x00, 0x00,
  0x00, 0x00, 0x00, 0x00, 0x00, 0x00, 0x00, 0x00, 0x00, 0x00, 0x00, 0x00,
  0x00, 0x00, 0x00, 0x00, 0x00, 0x00, 0x00, 0x00, 0x00, 0x00, 0x00, 0x00,
  0x00, 0x00, 0x00, 0x00, 0x00, 0x00, 0x00, 0x00, 0x00, 0x00, 0x00, 0x00,
  0x00, 0x00, 0x00, 0x00, 0x00, 0x00, 0x00, 0x00, 0x00, 0x00, 0x00, 0x00,
  0x00, 0x00, 0x00, 0x00, 0x00, 0x00, 0x00, 0x00, 0x00, 0x00, 0x00, 0x00,
  0x00, 0x00, 0x00, 0x00, 0x00, 0x00, 0x00, 0x00, 0xff, 0x7f, 0x00, 0x02,
  0x00, 0x00, 0x00, 0x00, 0xcb, 0x58, 0x0f, 0x85, 0xce, 0x5e, 0x0d, 0xff,
  0xaf, 0x5a, 0x04, 0xff, 0xc1, 0x7d, 0x00, 0xff, 0xaf, 0x60, 0x00, 0xfe,
  0xcc, 0x8a, 0x16, 0xfc, 0xed, 0xc9, 0x3c, 0xfc, 0x9f, 0x3a, 0x00, 0xfa,
  0x8d, 0x30, 0x02, 0xff, 0xc1, 0x6e, 0x09, 0xea, 0xef, 0x96, 0x0f, 0x31,
  0x00, 0x00, 0x00, 0x00, 0xd4, 0x7f, 0x2a, 0x06, 0xff, 0xaa, 0x55, 0x03,
  0xd4, 0x55, 0x00, 0x06, 0x00, 0x00, 0x00, 0x00, 0xaa, 0xaa, 0x00, 0x03,
  0x62, 0x27, 0x13, 0x0d, 0x62, 0x27, 0x13, 0x0d, 0x55, 0x2a, 0x15, 0x0c,
  0x45, 0x17, 0x00, 0x0b, 0x1f, 0x1f, 0x00, 0x08, 0x78, 0x29, 0x03, 0x44,
  0xc9, 0x65, 0x01, 0xf4, 0xf5, 0x87, 0x00, 0xfd, 0xae, 0x58, 0x00, 0xa4,
  0x74, 0x4a, 0x01, 0xc2, 0x63, 0x66, 0x00, 0xff, 0x67, 0x61, 0x00, 0xfe,
  0x5b, 0x3a, 0x05, 0xb2, 0x71, 0x63, 0x35, 0xd8, 0x72, 0x4c, 0x3f, 0xff,
  0x96, 0x55, 0x00, 0xfc, 0xd7, 0xa1, 0x00, 0xfd, 0xd5, 0xa2, 0x00, 0xfd,
  0x99, 0x5e, 0x00, 0xfc, 0x65, 0x45, 0x38, 0xfe, 0x69, 0x59, 0x35, 0xe4,
  0x55, 0x3c, 0x05, 0xb5, 0x5c, 0x5d, 0x08, 0xfd, 0x5f, 0x68, 0x02, 0xff,
  0x80, 0x4c, 0x00, 0xc8, 0xa1, 0x4f, 0x00, 0xa3, 0xec, 0x6e, 0x00, 0xfd,
  0xdb, 0x5d, 0x00, 0xf8, 0x82, 0x28, 0x00, 0x4c, 0x38, 0x1c, 0x00, 0x09,
  0x3f, 0x15, 0x00, 0x0c, 0x55, 0x2a, 0x15, 0x0c, 0x62, 0x27, 0x13, 0x0d,
  0x5b, 0x36, 0x12, 0x0e, 0x7f, 0xff, 0x00, 0x02, 0x00, 0x00, 0x00, 0x00,
  0xaa, 0x55, 0x00, 0x06, 0xbf, 0x7f, 0x3f, 0x04, 0xd4, 0x7f, 0x2a, 0x06,
  0x00, 0x00, 0x00, 0x00, 0xdc, 0x7f, 0x11, 0x2c, 0xb8, 0x5e, 0x0a, 0xe5,
  0x85, 0x2f, 0x02, 0xff, 0x8e, 0x2b, 0x00, 0xfa, 0xeb, 0xc5, 0x32, 0xfd,
  0xd2, 0x8d, 0x16, 0xfc, 0xb3, 0x5e, 0x03, 0xfd, 0xc6, 0x84, 0x07, 0xff,
  0xb8, 0x67, 0x08, 0xff, 0xc7, 0x58, 0x0a, 0xff, 0xbc, 0x4c, 0x08, 0x92,
  0x00, 0x00, 0x01, 0x00, 0xff, 0x7f, 0x00, 0x02, 0x00, 0x00, 0x00, 0x00,
  0x00, 0x00, 0x00, 0x00, 0x00, 0x00, 0x00, 0x00, 0x00, 0x00, 0x00, 0x00,
  0x00, 0x00, 0x00, 0x00, 0x00, 0x00, 0x00, 0x00, 0x00, 0x00, 0x00, 0x00,
  0x00, 0x00, 0x00, 0x00, 0x00, 0x00, 0x00, 0x00, 0x00, 0x00, 0x00, 0x00,
  0x00, 0x00, 0x00, 0x00, 0x00, 0x00, 0x00, 0x00, 0x00, 0x00, 0x00, 0x00,
  0x00, 0x00, 0x00, 0x00, 0x00, 0x00, 0x00, 0x00, 0x00, 0x00, 0x00, 0x00,
  0x00, 0x00, 0x00, 0x00, 0x00, 0x00, 0x00, 0x00, 0x00, 0x00, 0x00, 0x00,
  0x00, 0x00, 0x00, 0x00, 0x00, 0x00, 0x00, 0x00, 0x00, 0x00, 0x00, 0x00,
  0x00, 0x00, 0x00, 0x00, 0x00, 0x00, 0x00, 0x00, 0x00, 0x00, 0x00, 0x00,
  0x00, 0x00, 0x00, 0x00, 0x00, 0x00, 0x00, 0x00, 0x00, 0x00, 0x00, 0x00,
  0x00, 0x00, 0x00, 0x00, 0x00, 0x00, 0x00, 0x00, 0x00, 0x00, 0x00, 0x00,
  0x00, 0x00, 0x00, 0x00, 0x00, 0x00, 0x00, 0x00, 0x00, 0x00, 0x00, 0x00,
  0x00, 0x00, 0x00, 0x00, 0x00, 0x00, 0x00, 0x00, 0x00, 0x00, 0x00, 0x00,
  0x00, 0x00, 0x00, 0x00, 0x00, 0x00, 0x00, 0x00, 0x00, 0x00, 0x00, 0x00,
  0x00, 0x00, 0x00, 0x00, 0x7f, 0x00, 0x00, 0x02, 0x00, 0x00, 0x01, 0x00,
  0xca, 0x63, 0x24, 0x5c, 0xd4, 0x69, 0x1f, 0xbb, 0xd0, 0x68, 0x22, 0xdb,
  0xa7, 0x39, 0x0c, 0xf8, 0x98, 0x2e, 0x02, 0xfe, 0xf5, 0xdc, 0x40, 0xfb,
  0xda, 0xd0, 0x3b, 0xfd, 0x8e, 0x44, 0x00, 0xf9, 0x91, 0x3c, 0x03, 0xff,
  0xc4, 0x75, 0x0d, 0xe7, 0xf3, 0x9e, 0x16, 0x2d, 0x00, 0x00, 0x00, 0x00,
  0x00, 0x00, 0x00, 0x00, 0x00, 0x00, 0x00, 0x00, 0x00, 0x00, 0x00, 0x00,
  0x00, 0x00, 0x00, 0x00, 0x00, 0x00, 0x00, 0x00, 0x00, 0x00, 0x00, 0x00,
  0x00, 0x00, 0x00, 0x00, 0x01, 0x00, 0x00, 0x00, 0x00, 0x00, 0x00, 0x00,
  0x7f, 0x55, 0x00, 0x06, 0xce, 0x65, 0x01, 0xde, 0xef, 0x78, 0x00, 0xff,
  0xa7, 0x55, 0x04, 0xa4, 0x5f, 0x60, 0x00, 0xc3, 0x82, 0xd9, 0x40, 0xff,
  0x75, 0xb9, 0x36, 0xf9, 0x52, 0x42, 0x04, 0xfe, 0x4b, 0x35, 0x07, 0xfe,
  0x83, 0x61, 0x39, 0xfc, 0x94, 0x60, 0x48, 0xfd, 0x8a, 0x50, 0x32, 0xfd,
  0x84, 0x4d, 0x2f, 0xfd, 0x84, 0x58, 0x41, 0xfd, 0x7c, 0x62, 0x3b, 0xfc,
  0x41, 0x2f, 0x0d, 0xfd, 0x4a, 0x41, 0x03, 0xfe, 0x70, 0xbd, 0x3a, 0xf9,
  0x80, 0xd8, 0x49, 0xff, 0x65, 0x5d, 0x00, 0xcc, 0xa0, 0x4f, 0x04, 0xa4,
  0xe9, 0x67, 0x00, 0xff, 0xe0, 0x5f, 0x00, 0xe8, 0xb0, 0x4e, 0x00, 0x0d,
  0x00, 0x00, 0x00, 0x00, 0x02, 0x00, 0x00, 0x00, 0x00, 0x00, 0x00, 0x00,
  0x00, 0x00, 0x00, 0x00, 0x00, 0x00, 0x00, 0x00, 0x00, 0x00, 0x00, 0x00,
  0x00, 0x00, 0x00, 0x00, 0x00, 0x00, 0x00, 0x00, 0x00, 0x00, 0x00, 0x00,
  0x00, 0x00, 0x00, 0x00, 0xe6, 0x88, 0x0c, 0x29, 0xba, 0x60, 0x07, 0xe3,
  0x86, 0x30, 0x03, 0xff, 0x91, 0x40, 0x00, 0xf9, 0xe5, 0xcb, 0x44, 0xfd,
  0xf0, 0xd5, 0x3c, 0xfc, 0x99, 0x32, 0x02, 0xfe, 0xa6, 0x3c, 0x0a, 0xfc,
  0xcb, 0x61, 0x1b, 0xde, 0xc9, 0x60, 0x17, 0xc0, 0xc4, 0x54, 0x19, 0x64,
  0x00, 0x00, 0x01, 0x00, 0xff, 0x00, 0x00, 0x01, 0x00, 0x00, 0x00, 0x01,
  0x00, 0x00, 0x00, 0x00, 0x00, 0x00, 0x00, 0x00, 0x00, 0x00, 0x00, 0x00,
  0x00, 0x00, 0x00, 0x00, 0x00, 0x00, 0x00, 0x00, 0x00, 0x00, 0x00, 0x00,
  0x00, 0x00, 0x00, 0x00, 0x00, 0x00, 0x00, 0x00, 0x00, 0x00, 0x00, 0x00,
  0x00, 0x00, 0x00, 0x00, 0x00, 0x00, 0x00, 0x01, 0x00, 0x00, 0x00, 0x00,
  0x00, 0x00, 0x00, 0x00, 0x00, 0x00, 0x00, 0x00, 0x00, 0x00, 0x00, 0x00,
  0x00, 0x00, 0x00, 0x00, 0x00, 0x00, 0x00, 0x00, 0x00, 0x00, 0x00, 0x00,
  0x00, 0x00, 0x00, 0x00, 0x00, 0x00, 0x00, 0x00, 0x00, 0x00, 0x00, 0x00,
  0x00, 0x00, 0x00, 0x00, 0x00, 0x00, 0x00, 0x00, 0x00, 0x00, 0x00, 0x00,
  0x00, 0x00, 0x00, 0x00, 0x00, 0x00, 0x00, 0x00, 0x00, 0x00, 0x00, 0x00,
  0x00, 0x00, 0x00, 0x00, 0x00, 0x00, 0x00, 0x00, 0x00, 0x00, 0x00, 0x00,
  0x00, 0x00, 0x00, 0x00, 0x00, 0x00, 0x00, 0x00, 0x00, 0x00, 0x00, 0x00,
  0x00, 0x00, 0x00, 0x00, 0x00, 0x00, 0x00, 0x00, 0x00, 0x00, 0x00, 0x00,
  0x00, 0x00, 0x00, 0x00, 0x00, 0x00, 0x00, 0x00, 0x00, 0x00, 0x00, 0x00,
  0x00, 0x00, 0x00, 0x00, 0x00, 0x00, 0x00, 0x00, 0x00, 0x00, 0x00, 0x00,
  0xff, 0x00, 0x00, 0x01, 0x00, 0x00, 0x00, 0x00, 0x00, 0x00, 0x00, 0x00,
  0xd4, 0x7f, 0x7f, 0x06, 0xd0, 0x60, 0x13, 0x4d, 0xb7, 0x3b, 0x08, 0xf7,
  0xb0, 0x42, 0x00, 0xfc, 0xef, 0xe2, 0x50, 0xfb, 0xc7, 0xd1, 0x3c, 0xfd,
  0x88, 0x51, 0x00, 0xf9, 0x8e, 0x41, 0x03, 0xff, 0xbb, 0x6d, 0x0d, 0xe8,
  0xdb, 0x8a, 0x25, 0x7b, 0xd7, 0x80, 0x20, 0x67, 0xd7, 0x7a, 0x1d, 0x68,
  0xd9, 0x79, 0x18, 0x67, 0xd4, 0x74, 0x16, 0x67, 0xd3, 0x68, 0x11, 0x69,
  0xd2, 0x6b, 0x15, 0x6d, 0xe1, 0x7d, 0x24, 0x45, 0x00, 0x00, 0x00, 0x00,
  0xaa, 0x55, 0x00, 0x03, 0x88, 0x55, 0x00, 0x0f, 0xcc, 0x5f, 0x01, 0xde,
  0xe5, 0x69, 0x00, 0xff, 0xa6, 0x53, 0x06, 0xa5, 0x51, 0x7c, 0x00, 0xc4,
  0x8e, 0xef, 0x5a, 0xff, 0x7e, 0xd2, 0x4c, 0xfa, 0x49, 0x49, 0x00, 0xf9,
  0x50, 0x2d, 0x0b, 0xfa, 0x31, 0x0f, 0x00, 0xfc, 0x5c, 0x24, 0x0c, 0xfc,
  0xd0, 0x7b, 0x09, 0xfd, 0xe2, 0x8c, 0x09, 0xfd, 0x5a, 0x22, 0x0a, 0xfc,
  0x30, 0x12, 0x00, 0xfc, 0x4f, 0x2d, 0x0c, 0xfb, 0x41, 0x4a, 0x00, 0xfa,
  0x7c, 0xd9, 0x4a, 0xfa, 0x8c, 0xeb, 0x5f, 0xff, 0x57, 0x75, 0x00, 0xcc,
  0xa1, 0x52, 0x07, 0xa1, 0xdf, 0x60, 0x00, 0xff, 0xd8, 0x59, 0x00, 0xe9,
  0x9b, 0x37, 0x00, 0x17, 0xaa, 0x55, 0x00, 0x03, 0x00, 0x00, 0x00, 0x00,
  0xd2, 0x71, 0x14, 0x3f, 0xcf, 0x71, 0x16, 0x67, 0xc9, 0x6c, 0x11, 0x65,
  0xcd, 0x70, 0x13, 0x68, 0xd5, 0x78, 0x16, 0x68, 0xd9, 0x80, 0x1d, 0x67,
  0xde, 0x88, 0x25, 0x65, 0xe0, 0x8b, 0x22, 0x75, 0xb6, 0x60, 0x07, 0xe4,
  0x8d, 0x37, 0x03, 0xff, 0x8f, 0x4a, 0x00, 0xf9, 0xcf, 0xca, 0x3f, 0xfd,
  0xe7, 0xe1, 0x54, 0xfb, 0xa5, 0x43, 0x00, 0xfc, 0xb7, 0x3f, 0x03, 0xfa,
  0xc7, 0x4f, 0x06, 0x53, 0xaa, 0x55, 0x1c, 0x09, 0x00, 0x00, 0x00, 0x00,
  0x00, 0x00, 0x00, 0x00, 0xff, 0x00, 0x00, 0x01, 0x00, 0x00, 0x00, 0x00,
  0x00, 0x00, 0x00, 0x00, 0x00, 0x00, 0x00, 0x00, 0x00, 0x00, 0x00, 0x00,
  0x00, 0x00, 0x00, 0x00, 0x00, 0x00, 0x00, 0x00, 0x00, 0x00, 0x00, 0x00,
  0x00, 0x00, 0x00, 0x00, 0x00, 0x00, 0x00, 0x00, 0x00, 0x00, 0x00, 0x00,
  0x00, 0x00, 0x00, 0x00, 0x00, 0x00, 0x00, 0x01, 0x00, 0x00, 0x00, 0x01,
  0x00, 0x00, 0x00, 0x00, 0x00, 0x00, 0x00, 0x00, 0x00, 0x00, 0x00, 0x00,
  0x00, 0x00, 0x00, 0x00, 0x00, 0x00, 0x00, 0x00, 0x00, 0x00, 0x00, 0x00,
  0x00, 0x00, 0x00, 0x00, 0x00, 0x00, 0x00, 0x00, 0x00, 0x00, 0x00, 0x00,
  0x00, 0x00, 0x00, 0x00, 0x00, 0x00, 0x00, 0x00, 0x00, 0x00, 0x00, 0x00,
  0x00, 0x00, 0x00, 0x00, 0x00, 0x00, 0x00, 0x00, 0x00, 0x00, 0x00, 0x00,
  0x00, 0x00, 0x00, 0x00, 0x00, 0x00, 0x00, 0x00, 0x00, 0x00, 0x00, 0x00,
  0x00, 0x00, 0x00, 0x00, 0x00, 0x00, 0x00, 0x00, 0x00, 0x00, 0x00, 0x00,
  0x00, 0x00, 0x00, 0x00, 0x00, 0x00, 0x00, 0x00, 0x00, 0x00, 0x00, 0x00,
  0x00, 0x00, 0x00, 0x00, 0x00, 0x00, 0x00, 0x00, 0x00, 0x00, 0x00, 0x00,
  0x00, 0x00, 0x00, 0x00, 0xff, 0xff, 0x00, 0x01, 0xff, 0xff, 0xff, 0x01,
  0x00, 0x00, 0x00, 0x00, 0x00, 0x00, 0x00, 0x00, 0xff, 0x55, 0x00, 0x03,
  0xff, 0x7f, 0x00, 0x02, 0xff, 0x00, 0x00, 0x01, 0x00, 0x00, 0x00, 0x00,
  0xe8, 0x71, 0x19, 0x51, 0xc1, 0x4e, 0x06, 0xfe, 0xa9, 0x57, 0x00, 0xfb,
  0xe3, 0xea, 0x52, 0xfb, 0xb1, 0xce, 0x41, 0xfd, 0x84, 0x5c, 0x00, 0xfb,
  0x8f, 0x42, 0x03, 0xff, 0x9e, 0x4d, 0x08, 0xff, 0xa1, 0x48, 0x08, 0xff,
  0xa1, 0x42, 0x08, 0xff, 0x9d, 0x3e, 0x07, 0xff, 0x99, 0x3b, 0x06, 0xff,
  0x95, 0x34, 0x04, 0xff, 0x87, 0x2e, 0x06, 0xff, 0x9a, 0x3d, 0x0a, 0xff,
  0xc5, 0x55, 0x06, 0x7d, 0x00, 0x00, 0x01, 0x00, 0x88, 0x55, 0x22, 0x0f,
  0xc2, 0x56, 0x02, 0xde, 0xdb, 0x60, 0x02, 0xff, 0xa4, 0x4e, 0x09, 0xa0,
  0x4f, 0x81, 0x01, 0xc1, 0x8e, 0xee, 0x55, 0xff, 0x7d, 0xdc, 0x49, 0xfa,
  0x4b, 0x4f, 0x00, 0xf9, 0x61, 0x30, 0x0f, 0xf9, 0x42, 0x1b, 0x01, 0xfc,
  0x42, 0x00, 0x00, 0xfc, 0xd7, 0x8f, 0x01, 0xfd, 0xe1, 0x9e, 0x02, 0xfc,
  0x47, 0x00, 0x00, 0xfc, 0x3c, 0x1a, 0x01, 0xfc, 0x59, 0x32, 0x0d, 0xfb,
  0x46, 0x4e, 0x01, 0xfa, 0x76, 0xd4, 0x43, 0xfa, 0x8f, 0xf1, 0x5e, 0xff,
  0x57, 0x7e, 0x01, 0xcb, 0x9c, 0x4f, 0x0c, 0x9e, 0xd4, 0x58, 0x01, 0xff,
  0xcf, 0x50, 0x03, 0xe7, 0x9f, 0x3f, 0x15, 0x18, 0x00, 0x00, 0x01, 0x00,
  0xb8, 0x54, 0x07, 0x6d, 0x92, 0x3b, 0x06, 0xff, 0x7e, 0x31, 0x06, 0xff,
  0x89, 0x35, 0x05, 0xff, 0x8f, 0x39, 0x05, 0xff, 0x97, 0x3d, 0x06, 0xff,
  0x9c, 0x43, 0x07, 0xff, 0xa0, 0x47, 0x0a, 0xff, 0xa3, 0x49, 0x08, 0xff,
  0x8e, 0x36, 0x03, 0xff, 0x88, 0x4c, 0x00, 0xfa, 0xc4, 0xc7, 0x3c, 0xfd,
  0xdf, 0xe7, 0x5c, 0xfb, 0xa3, 0x59, 0x00, 0xfc, 0xbd, 0x53, 0x02, 0xfd,
  0xe1, 0x6d, 0x08, 0x56, 0x00, 0x00, 0x00, 0x00, 0x00, 0x00, 0x00, 0x00,
  0xff, 0xff, 0x00, 0x01, 0xff, 0x55, 0x00, 0x03, 0x00, 0x00, 0x00, 0x00,
  0x00, 0x00, 0x00, 0x00, 0xff, 0xff, 0xff, 0x01, 0xff, 0x00, 0x00, 0x01,
  0x00, 0x00, 0x00, 0x00, 0x00, 0x00, 0x00, 0x00, 0x00, 0x00, 0x00, 0x00,
  0x00, 0x00, 0x00, 0x00, 0x00, 0x00, 0x00, 0x00, 0x00, 0x00, 0x00, 0x00,
  0x00, 0x00, 0x00, 0x00, 0x00, 0x00, 0x00, 0x00, 0x00, 0x00, 0x00, 0x01,
  0x00, 0x00, 0x00, 0x00, 0x00, 0x00, 0x00, 0x00, 0x00, 0x00, 0x00, 0x00,
  0x00, 0x00, 0x00, 0x00, 0x00, 0x00, 0x00, 0x00, 0x00, 0x00, 0x00, 0x00,
  0x00, 0x00, 0x00, 0x00, 0x00, 0x00, 0x00, 0x00, 0x00, 0x00, 0x00, 0x00,
  0x00, 0x00, 0x00, 0x00, 0x00, 0x00, 0x00, 0x00, 0x00, 0x00, 0x00, 0x00,
  0x00, 0x00, 0x00, 0x00, 0x00, 0x00, 0x00, 0x00, 0x00, 0x00, 0x00, 0x00,
  0x00, 0x00, 0x00, 0x00, 0x00, 0x00, 0x00, 0x00, 0x00, 0x00, 0x00, 0x00,
  0x00, 0x00, 0x00, 0x00, 0x00, 0x00, 0x00, 0x00, 0x00, 0x00, 0x00, 0x00,
  0x00, 0x00, 0x00, 0x00, 0x00, 0x00, 0x00, 0x00, 0x00, 0x00, 0x00, 0x00,
  0x00, 0x00, 0x00, 0x00, 0x00, 0x00, 0x00, 0x00, 0x00, 0x00, 0x00, 0x00,
  0x00, 0x00, 0x00, 0x00, 0xff, 0xaa, 0xaa, 0x03, 0x00, 0x00, 0x00, 0x00,
  0x00, 0x00, 0x00, 0x00, 0x01, 0x01, 0x01, 0x00, 0xff, 0xff, 0x7f, 0x02,
  0x00, 0x00, 0x00, 0x00, 0x00, 0x00, 0x00, 0x00, 0xff, 0x00, 0x00, 0x01,
  0xbf, 0x7f, 0x00, 0x04, 0x00, 0x00, 0x00, 0x00, 0xe1, 0x78, 0x14, 0x57,
  0xc7, 0x5d, 0x06, 0xfe, 0xa4, 0x70, 0x00, 0xfb, 0xcd, 0xf1, 0x60, 0xfb,
  0xa2, 0xd3, 0x40, 0xfd, 0x7e, 0x6f, 0x00, 0xfb, 0x8a, 0x57, 0x00, 0xf9,
  0x87, 0x4a, 0x00, 0xf9, 0x81, 0x3d, 0x00, 0xf9, 0x80, 0x37, 0x00, 0xf9,
  0x74, 0x29, 0x00, 0xf9, 0x66, 0x1c, 0x00, 0xf8, 0x58, 0x13, 0x00, 0xf8,
  0x48, 0x0b, 0x00, 0xf9, 0x89, 0x32, 0x04, 0xff, 0xba, 0x4d, 0x00, 0x73,
  0x00, 0x00, 0x00, 0x01, 0xb3, 0x4a, 0x00, 0xdf, 0xc6, 0x47, 0x00, 0xff,
  0x8d, 0x35, 0x00, 0x9d, 0x4a, 0x6c, 0x00, 0xbf, 0x90, 0xeb, 0x4c, 0xff,
  0x77, 0xc8, 0x3f, 0xfa, 0x45, 0x41, 0x00, 0xfa, 0x6a, 0x34, 0x0a, 0xfa,
  0x4b, 0x20, 0x01, 0xfc, 0x77, 0x19, 0x00, 0xfd, 0xf7, 0xb7, 0x26, 0xfd,
  0xf3, 0xb9, 0x2d, 0xfd, 0x7b, 0x13, 0x00, 0xfc, 0x45, 0x20, 0x03, 0xfc,
  0x60, 0x32, 0x0b, 0xfb, 0x49, 0x46, 0x00, 0xfb, 0x71, 0xc8, 0x39, 0xfb,
  0x91, 0xec, 0x57, 0xff, 0x4d, 0x68, 0x00, 0xcb, 0x8b, 0x41, 0x03, 0x9f,
  0xbd, 0x47, 0x00, 0xff, 0xb8, 0x3e, 0x00, 0xeb, 0x24, 0x00, 0x00, 0x07,
  0xa4, 0x47, 0x00, 0x5d, 0x85, 0x37, 0x03, 0xff, 0x48, 0x11, 0x00, 0xfa,
  0x47, 0x11, 0x00, 0xf8, 0x5c, 0x1a, 0x00, 0xf9, 0x6f, 0x26, 0x00, 0xf9,
  0x78, 0x2e, 0x00, 0xf9, 0x7a, 0x35, 0x00, 0xf9, 0x82, 0x3d, 0x00, 0xf9,
  0x8e, 0x45, 0x00, 0xf9, 0x96, 0x67, 0x00, 0xfb, 0xb9, 0xc8, 0x3f, 0xfd,
  0xcc, 0xe9, 0x5f, 0xfc, 0x9b, 0x65, 0x00, 0xfc, 0xc4, 0x5f, 0x05, 0xfe,
  0xe7, 0x7f, 0x08, 0x56, 0x00, 0x00, 0x00, 0x00, 0xbf, 0x7f, 0x00, 0x04,
  0xff, 0x00, 0x00, 0x01, 0x00, 0x00, 0x00, 0x00, 0x00, 0x00, 0x00, 0x00,
  0xaa, 0xaa, 0x55, 0x03, 0x01, 0x01, 0x01, 0x00, 0x00, 0x00, 0x00, 0x00,
  0x00, 0x00, 0x00, 0x00, 0xff, 0xaa, 0xaa, 0x03, 0x00, 0x00, 0x00, 0x00,
  0x00, 0x00, 0x00, 0x00, 0x00, 0x00, 0x00, 0x00, 0x00, 0x00, 0x00, 0x00,
  0x00, 0x00, 0x00, 0x00, 0x00, 0x00, 0x00, 0x00, 0x00, 0x00, 0x00, 0x00,
  0x00, 0x00, 0x00, 0x00, 0x00, 0x00, 0x00, 0x00, 0x00, 0x00, 0x00, 0x00,
  0x00, 0x00, 0x00, 0x00, 0x00, 0x00, 0x00, 0x00, 0x00, 0x00, 0x00, 0x00,
  0x00, 0x00, 0x00, 0x00, 0x00, 0x00, 0x00, 0x00, 0x00, 0x00, 0x00, 0x00,
  0x00, 0x00, 0x00, 0x00, 0x00, 0x00, 0x00, 0x00, 0x00, 0x00, 0x00, 0x00,
  0x00, 0x00, 0x00, 0x00, 0x00, 0x00, 0x00, 0x00, 0x00, 0x00, 0x00, 0x00,
  0x00, 0x00, 0x00, 0x00, 0x00, 0x00, 0x00, 0x00, 0x00, 0x00, 0x00, 0x00,
  0x00, 0x00, 0x00, 0x00, 0x00, 0x00, 0x00, 0x00, 0x00, 0x00, 0x00, 0x00,
  0x00, 0x00, 0x00, 0x00, 0x00, 0x00, 0x00, 0x00, 0x00, 0x00, 0x00, 0x00,
  0x00, 0x00, 0x00, 0x00, 0x00, 0x00, 0x00, 0x00, 0x00, 0x00, 0x00, 0x00,
  0x00, 0x00, 0x00, 0x00, 0x00, 0x00, 0x00, 0x00, 0x00, 0x00, 0x00, 0x00,
  0xff, 0xcc, 0xe5, 0x0a, 0xff, 0xff, 0xff, 0x17, 0x00, 0x00, 0x00, 0x00,
  0x00, 0x00, 0x00, 0x00, 0xbf, 0x7f, 0x3f, 0x04, 0xaa, 0x55, 0x00, 0x03,
  0xaa, 0x55, 0x55, 0x03, 0x00, 0x00, 0x00, 0x01, 0xbf, 0x7f, 0x00, 0x04,
  0x00, 0x00, 0x00, 0x00, 0xe3, 0x83, 0x0d, 0x5d, 0xc2, 0x6c, 0x07, 0xfd,
  0x8b, 0x7e, 0x00, 0xfc, 0xb5, 0xee, 0x6d, 0xf9, 0x99, 0xee, 0x71, 0xfb,
  0x70, 0xb1, 0x03, 0xfb, 0x82, 0x83, 0x01, 0xfb, 0x89, 0x63, 0x01, 0xfa,
  0x83, 0x4a, 0x00, 0xfb, 0x7a, 0x35, 0x00, 0xfd, 0x67, 0x1f, 0x01, 0xfc,
  0x5a, 0x18, 0x01, 0xfc, 0x50, 0x18, 0x02, 0xfb, 0x41, 0x0e, 0x00, 0xfa,
  0x97, 0x4c, 0x21, 0xff, 0xca, 0x89, 0x5e, 0x87, 0xae, 0x5f, 0x2a, 0xde,
  0xc0, 0x5e, 0x23, 0xff, 0xac, 0x71, 0x3e, 0xb9, 0x81, 0x6f, 0x30, 0xd3,
  0x6f, 0xbb, 0x28, 0xff, 0x6d, 0xb8, 0x2a, 0xfb, 0x64, 0x44, 0x03, 0xfc,
  0x68, 0x31, 0x03, 0xfc, 0x53, 0x22, 0x03, 0xfc, 0x87, 0x22, 0x00, 0xfd,
  0xf7, 0xbe, 0x3f, 0xfd, 0xf9, 0xc0, 0x4b, 0xfd, 0x8b, 0x1b, 0x01, 0xfc,
  0x50, 0x20, 0x03, 0xfc, 0x5b, 0x2c, 0x04, 0xfc, 0x60, 0x46, 0x00, 0xfc,
  0x72, 0xbe, 0x27, 0xfb, 0x79, 0xc8, 0x2d, 0xff, 0x84, 0x75, 0x2d, 0xd9,
  0xa5, 0x71, 0x3f, 0xba, 0xb4, 0x59, 0x1f, 0xff, 0xbb, 0x5f, 0x2a, 0xea,
  0xc4, 0x81, 0x55, 0x86, 0x90, 0x4b, 0x20, 0xfb, 0x49, 0x12, 0x00, 0xfc,
  0x49, 0x17, 0x01, 0xfb, 0x4e, 0x18, 0x01, 0xfc, 0x5b, 0x1b, 0x01, 0xfc,
  0x73, 0x2d, 0x01, 0xfc, 0x7d, 0x3e, 0x01, 0xfc, 0x85, 0x59, 0x01, 0xfb,
  0x81, 0x76, 0x01, 0xfb, 0x7d, 0xaa, 0x05, 0xfb, 0xad, 0xeb, 0x6b, 0xfb,
  0xc5, 0xed, 0x6a, 0xf9, 0x9a, 0x7d, 0x00, 0xfc, 0xc3, 0x68, 0x05, 0xfd,
  0xe2, 0x7f, 0x08, 0x5a, 0x00, 0x00, 0x00, 0x00, 0xbf, 0x7f, 0x00, 0x04,
  0xff, 0x00, 0x00, 0x01, 0xaa, 0x55, 0x55, 0x03, 0xaa, 0x55, 0x00, 0x03,
  0xff, 0xaa, 0x55, 0x03, 0x00, 0x00, 0x00, 0x00, 0x00, 0x00, 0x00, 0x00,
  0xff, 0xff, 0xe4, 0x13, 0xff, 0x55, 0x55, 0x03, 0x00, 0x00, 0x00, 0x00,
  0xff, 0xff, 0x00, 0x01, 0x00, 0x00, 0x00, 0x00, 0x00, 0x00, 0x00, 0x00,
  0x00, 0x00, 0x00, 0x00, 0x00, 0x00, 0x00, 0x00, 0x00, 0x00, 0x00, 0x00,
  0x00, 0x00, 0x00, 0x00, 0x00, 0x00, 0x00, 0x00, 0x00, 0x00, 0x00, 0x00,
  0x00, 0x00, 0x00, 0x00, 0x00, 0x00, 0x00, 0x00, 0x00, 0x00, 0x00, 0x00,
  0x00, 0x00, 0x00, 0x00, 0x00, 0x00, 0x00, 0x00, 0x00, 0x00, 0x00, 0x00,
  0x00, 0x00, 0x00, 0x00, 0x00, 0x00, 0x00, 0x00, 0x00, 0x00, 0x00, 0x00,
  0x00, 0x00, 0x00, 0x00, 0x00, 0x00, 0x00, 0x00, 0x00, 0x00, 0x00, 0x00,
  0x00, 0x00, 0x00, 0x00, 0x00, 0x00, 0x00, 0x00, 0x00, 0x00, 0x00, 0x00,
  0x00, 0x00, 0x00, 0x00, 0x00, 0x00, 0x00, 0x00, 0x00, 0x00, 0x00, 0x00,
  0x00, 0x00, 0x00, 0x00, 0x00, 0x00, 0x00, 0x00, 0x00, 0x00, 0x00, 0x00,
  0x00, 0x00, 0x00, 0x00, 0x00, 0x00, 0x00, 0x00, 0x00, 0x00, 0x00, 0x00,
  0x00, 0x00, 0x00, 0x01, 0x7f, 0x7f, 0x7f, 0x02, 0x00, 0x00, 0x00, 0x03,
  0xe3, 0xba, 0x99, 0x83, 0xdc, 0xba, 0x9b, 0xe0, 0xd5, 0xaf, 0x9a, 0xed,
  0xf1, 0xd6, 0xb8, 0xc2, 0xea, 0xaf, 0x96, 0x3d, 0x00, 0x00, 0x00, 0x00,
  0x00, 0x00, 0x00, 0x00, 0x00, 0x00, 0x00, 0x00, 0x00, 0x00, 0x00, 0x00,
  0xff, 0x00, 0x00, 0x01, 0xff, 0x7f, 0x00, 0x04, 0x00, 0x00, 0x00, 0x00,
  0xdf, 0x92, 0x1d, 0x60, 0xc4, 0x87, 0x19, 0xfe, 0x9a, 0x99, 0x05, 0xff,
  0x8e, 0xb5, 0x17, 0xff, 0x8a, 0x96, 0x00, 0xff, 0x93, 0x7b, 0x00, 0xff,
  0x9a, 0x62, 0x00, 0xff, 0x93, 0x49, 0x00, 0xff, 0x79, 0x2c, 0x00, 0xfb,
  0x60, 0x1c, 0x01, 0xfd, 0x4e, 0x18, 0x03, 0xfc, 0x48, 0x11, 0x00, 0xfd,
  0x9b, 0x72, 0x63, 0xfc, 0xe2, 0xd1, 0xc6, 0xfc, 0xe7, 0xd1, 0xbe, 0xff,
  0xe5, 0xd3, 0xc3, 0xfd, 0xe5, 0xd5, 0xc4, 0xfd, 0xe3, 0xd0, 0xbc, 0xfe,
  0xe0, 0xcc, 0xb7, 0xfe, 0xe6, 0xd9, 0xc1, 0xfd, 0x9c, 0x88, 0x67, 0xfd,
  0x5a, 0x24, 0x01, 0xfc, 0x5d, 0x25, 0x03, 0xfc, 0x56, 0x22, 0x04, 0xfc,
  0x93, 0x1f, 0x00, 0xfc, 0xf9, 0xc4, 0x46, 0xfd, 0xf9, 0xc7, 0x50, 0xfd,
  0x9f, 0x19, 0x00, 0xfc, 0x57, 0x21, 0x04, 0xfc, 0x57, 0x24, 0x04, 0xfc,
  0x53, 0x24, 0x00, 0xfd, 0x93, 0x78, 0x52, 0xfd, 0xe9, 0xde, 0xc5, 0xfd,
  0xe4, 0xd5, 0xc3, 0xfe, 0xe1, 0xcd, 0xbb, 0xff, 0xe5, 0xd0, 0xc1, 0xfd,
  0xe7, 0xd3, 0xc4, 0xfd, 0xe8, 0xcf, 0xbd, 0xff, 0xe5, 0xd3, 0xc9, 0xfd,
  0x9e, 0x76, 0x67, 0xfc, 0x49, 0x12, 0x00, 0xfd, 0x4d, 0x19, 0x02, 0xfd,
  0x50, 0x18, 0x01, 0xfc, 0x6b, 0x25, 0x00, 0xf9, 0x8d, 0x41, 0x00, 0xff,
  0x9a, 0x58, 0x00, 0xff, 0x9f, 0x70, 0x00, 0xff, 0x9f, 0x8f, 0x01, 0xff,
  0xa8, 0xa8, 0x17, 0xff, 0xad, 0x90, 0x01, 0xff, 0xcb, 0x83, 0x0c, 0xff,
  0xe2, 0x87, 0x0f, 0x62, 0x00, 0x00, 0x00, 0x00, 0xff, 0x7f, 0x00, 0x04,
  0xff, 0x00, 0x00, 0x01, 0x00, 0x00, 0x00, 0x00, 0x00, 0x00, 0x00, 0x00,
  0x00, 0x00, 0x00, 0x00, 0x00, 0x00, 0x00, 0x00, 0xe3, 0x9b, 0x78, 0x4a,
  0xef, 0xcd, 0xac, 0xc7, 0xd2, 0xad, 0x96, 0xe7, 0xdf, 0xb9, 0x98, 0xd5,
  0xf7, 0xc2, 0x8d, 0x6a, 0x00, 0x00, 0x00, 0x00, 0xff, 0x7f, 0x7f, 0x02,
  0x00, 0x00, 0x00, 0x00, 0x00, 0x00, 0x00, 0x00, 0x00, 0x00, 0x00, 0x00,
  0x00, 0x00, 0x00, 0x00, 0x00, 0x00, 0x00, 0x00, 0x00, 0x00, 0x00, 0x00,
  0x00, 0x00, 0x00, 0x00, 0x00, 0x00, 0x00, 0x00, 0x00, 0x00, 0x00, 0x00,
  0x00, 0x00, 0x00, 0x00, 0x00, 0x00, 0x00, 0x00, 0x00, 0x00, 0x00, 0x00,
  0x00, 0x00, 0x00, 0x00, 0x00, 0x00, 0x00, 0x00, 0x00, 0x00, 0x00, 0x00,
  0x00, 0x00, 0x00, 0x00, 0x00, 0x00, 0x00, 0x00, 0x00, 0x00, 0x00, 0x00,
  0x00, 0x00, 0x00, 0x00, 0x00, 0x00, 0x00, 0x00, 0x00, 0x00, 0x00, 0x00,
  0x00, 0x00, 0x00, 0x00, 0x00, 0x00, 0x00, 0x00, 0x00, 0x00, 0x00, 0x00,
  0x00, 0x00, 0x00, 0x00, 0x00, 0x00, 0x00, 0x00, 0x00, 0x00, 0x00, 0x00,
  0x00, 0x00, 0x00, 0x00, 0x00, 0x00, 0x00, 0x00, 0x00, 0x00, 0x00, 0x00,
  0x00, 0x00, 0x00, 0x00, 0xaa, 0x55, 0x55, 0x03, 0x00, 0x00, 0x00, 0x00,
  0xc3, 0x83, 0x5a, 0x8a, 0xb8, 0x70, 0x44, 0xff, 0xab, 0x3f, 0x0d, 0xff,
  0xb5, 0x57, 0x13, 0xfe, 0xb9, 0x5c, 0x2d, 0xff, 0xd0, 0x9d, 0x6f, 0xf6,
  0xd7, 0x82, 0x45, 0x60, 0xe1, 0x81, 0x33, 0x45, 0xf2, 0x98, 0x45, 0x3e,
  0x01, 0x01, 0x02, 0x00, 0x00, 0x00, 0x00, 0x00, 0xff, 0x00, 0x00, 0x01,
  0xff, 0xaa, 0x00, 0x03, 0x00, 0x00, 0x00, 0x00, 0xe2, 0xae, 0x55, 0x3f,
  0xd4, 0xa5, 0x49, 0xae, 0xc1, 0x9d, 0x2e, 0xcf, 0xc4, 0x9b, 0x18, 0xce,
  0xc5, 0x92, 0x0b, 0xcd, 0xc4, 0x83, 0x05, 0xca, 0xbb, 0x61, 0x03, 0xe1,
  0x8a, 0x2f, 0x01, 0xff, 0x57, 0x19, 0x02, 0xfc, 0x48, 0x12, 0x00, 0xfc,
  0x9e, 0x71, 0x62, 0xfd, 0xe0, 0xcd, 0xbd, 0xfd, 0xcb, 0xb3, 0x90, 0xfd,
  0xce, 0xb1, 0x7d, 0xfb, 0xc6, 0xa8, 0x71, 0xfd, 0xc6, 0xa7, 0x6f, 0xfd,
  0xc4, 0x9e, 0x6d, 0xfd, 0xc6, 0x9d, 0x74, 0xfd, 0xaf, 0x7e, 0x5d, 0xfd,
  0x42, 0x1a, 0x04, 0xfd, 0x4b, 0x1b, 0x02, 0xfc, 0x5a, 0x24, 0x02, 0xfc,
  0x50, 0x11, 0x01, 0xfc, 0xc3, 0x68, 0x0f, 0xfd, 0xff, 0xd5, 0x33, 0xfd,
  0xff, 0xd3, 0x47, 0xfc, 0xd2, 0x74, 0x1a, 0xfc, 0x5e, 0x14, 0x00, 0xfc,
  0x5b, 0x24, 0x02, 0xfc, 0x4b, 0x1e, 0x02, 0xfc, 0x3b, 0x14, 0x00, 0xfd,
  0xad, 0x81, 0x57, 0xfd, 0xc7, 0x9e, 0x7a, 0xfd, 0xc4, 0x9b, 0x72, 0xfd,
  0xc9, 0xa7, 0x75, 0xfd, 0xc7, 0xa8, 0x74, 0xfd, 0xd1, 0xb3, 0x83, 0xfb,
  0xd4, 0xb7, 0x97, 0xfc, 0xe3, 0xcf, 0xc1, 0xfd, 0xa1, 0x7d, 0x6e, 0xfd,
  0x42, 0x10, 0x00, 0xfd, 0x4b, 0x17, 0x02, 0xfc, 0x74, 0x28, 0x02, 0xff,
  0xb0, 0x57, 0x04, 0xe7, 0xc7, 0x7b, 0x06, 0xcf, 0xce, 0x8b, 0x08, 0xd2,
  0xd2, 0x95, 0x19, 0xd2, 0xd3, 0x99, 0x2c, 0xd2, 0xde, 0xa1, 0x37, 0xab,
  0xe2, 0x9d, 0x2c, 0x3f, 0x00, 0x00, 0x00, 0x00, 0xff, 0xaa, 0x00, 0x03,
  0xff, 0x00, 0x00, 0x01, 0x00, 0x00, 0x00, 0x00, 0xaa, 0x55, 0x55, 0x03,
  0xeb, 0x8d, 0x3e, 0x41, 0xe5, 0x86, 0x33, 0x46, 0xdb, 0x83, 0x3d, 0x6b,
  0xd0, 0x9b, 0x69, 0xfe, 0xb0, 0x5a, 0x2d, 0xff, 0xb6, 0x59, 0x17, 0xff,
  0xab, 0x46, 0x19, 0xff, 0xc6, 0x80, 0x3f, 0xff, 0xdb, 0x8e, 0x41, 0x74,
  0x00, 0x00, 0x00, 0x00, 0xaa, 0xaa, 0x55, 0x03, 0x00, 0x00, 0x00, 0x00,
  0x00, 0x00, 0x00, 0x00, 0x00, 0x00, 0x00, 0x00, 0x00, 0x00, 0x00, 0x00,
  0x00, 0x00, 0x00, 0x00, 0x00, 0x00, 0x00, 0x00, 0x00, 0x00, 0x00, 0x00,
  0x00, 0x00, 0x00, 0x00, 0x00, 0x00, 0x00, 0x00, 0x00, 0x00, 0x00, 0x00,
  0x00, 0x00, 0x00, 0x00, 0x00, 0x00, 0x00, 0x00, 0x00, 0x00, 0x00, 0x00,
  0x00, 0x00, 0x00, 0x00, 0x00, 0x00, 0x00, 0x00, 0x00, 0x00, 0x00, 0x00,
  0x00, 0x00, 0x00, 0x00, 0x00, 0x00, 0x00, 0x00, 0x00, 0x00, 0x00, 0x00,
  0x00, 0x00, 0x00, 0x00, 0x00, 0x00, 0x00, 0x00, 0x00, 0x00, 0x00, 0x00,
  0x00, 0x00, 0x00, 0x00, 0x00, 0x00, 0x00, 0x00, 0x00, 0x00, 0x00, 0x00,
  0x00, 0x00, 0x00, 0x00, 0x00, 0x00, 0x00, 0x00, 0x00, 0x00, 0x00, 0x00,
  0x00, 0x00, 0x00, 0x00, 0xff, 0x00, 0x00, 0x01, 0x00, 0x00, 0x00, 0x00,
  0xcf, 0x7f, 0x5f, 0x10, 0xac, 0x61, 0x2d, 0xeb, 0x8f, 0x08, 0x00, 0xfc,
  0xfb, 0x6c, 0x02, 0xf9, 0xff, 0xbc, 0x16, 0xfc, 0xd8, 0x34, 0x00, 0xfa,
  0x87, 0x2b, 0x09, 0xfd, 0x98, 0x49, 0x16, 0xff, 0x91, 0x36, 0x0d, 0xff,
  0xa1, 0x49, 0x18, 0xff, 0xc4, 0x5f, 0x12, 0xb8, 0xda, 0x48, 0x00, 0x07,
  0xff, 0x7f, 0x00, 0x02, 0xff, 0x00, 0x00, 0x01, 0xff, 0x7f, 0x00, 0x02,
  0x00, 0x00, 0x00, 0x00, 0x00, 0x00, 0x00, 0x00, 0xff, 0xff, 0xff, 0x01,
  0xff, 0xff, 0xff, 0x01, 0xff, 0x00, 0xff, 0x01, 0x00, 0x00, 0x01, 0x00,
  0xbf, 0x6f, 0x1f, 0x10, 0xa3, 0x47, 0x06, 0xa1, 0x52, 0x19, 0x00, 0xfe,
  0x90, 0x6b, 0x5c, 0xfa, 0xe0, 0xc9, 0xb7, 0xfd, 0xce, 0xb3, 0x8e, 0xfd,
  0xbf, 0x96, 0x58, 0xfd, 0xa7, 0x54, 0x04, 0xfd, 0xb5, 0x5c, 0x00, 0xfd,
  0x88, 0x37, 0x00, 0xfd, 0x5b, 0x1e, 0x00, 0xfd, 0x39, 0x0d, 0x00, 0xfd,
  0x29, 0x02, 0x00, 0xfd, 0x39, 0x0c, 0x00, 0xfd, 0x4c, 0x16, 0x00, 0xfd,
  0x42, 0x0f, 0x00, 0xfc, 0x9f, 0x56, 0x05, 0xfd, 0xf9, 0x96, 0x09, 0xfd,
  0xf8, 0x90, 0x15, 0xfd, 0xf4, 0x97, 0x1a, 0xfc, 0xf7, 0x95, 0x0d, 0xfc,
  0xb5, 0x69, 0x06, 0xfc, 0x48, 0x10, 0x00, 0xfc, 0x49, 0x19, 0x00, 0xfc,
  0x38, 0x0f, 0x00, 0xfd, 0x27, 0x02, 0x00, 0xfd, 0x35, 0x0c, 0x00, 0xfd,
  0x53, 0x1a, 0x00, 0xfd, 0x83, 0x31, 0x01, 0xfd, 0xb1, 0x56, 0x00, 0xfd,
  0xa8, 0x51, 0x00, 0xfd, 0xc2, 0x93, 0x50, 0xfd, 0xd5, 0xb9, 0x93, 0xfd,
  0xdc, 0xc1, 0xb0, 0xfd, 0x93, 0x72, 0x61, 0xfa, 0x4f, 0x19, 0x01, 0xfe,
  0x9b, 0x42, 0x07, 0xb1, 0xbc, 0x58, 0x16, 0x17, 0xaa, 0x55, 0x55, 0x03,
  0xcc, 0x99, 0x33, 0x05, 0xff, 0xff, 0x7f, 0x04, 0xff, 0xff, 0xaa, 0x03,
  0x00, 0x00, 0x00, 0x00, 0x00, 0x00, 0x00, 0x00, 0xff, 0x7f, 0x00, 0x02,
  0xff, 0x00, 0x00, 0x01, 0x7f, 0x7f, 0x00, 0x02, 0xa2, 0x45, 0x17, 0x0b,
  0xbc, 0x57, 0x10, 0xbd, 0xa2, 0x49, 0x16, 0xff, 0x8f, 0x38, 0x0f, 0xff,
  0x93, 0x4a, 0x15, 0xff, 0x87, 0x2b, 0x09, 0xfc, 0xd9, 0x37, 0x00, 0xfa,
  0xff, 0xbc, 0x19, 0xfc, 0xfa, 0x6e, 0x07, 0xf9, 0x98, 0x10, 0x00, 0xfd,
  0xac, 0x65, 0x26, 0xe8, 0xd7, 0x62, 0x27, 0x0d, 0x00, 0x00, 0x00, 0x00,
  0xff, 0x00, 0x00, 0x01, 0x00, 0x00, 0x00, 0x00, 0x00, 0x00, 0x00, 0x00,
  0x00, 0x00, 0x00, 0x00, 0x00, 0x00, 0x00, 0x00, 0x00, 0x00, 0x00, 0x00,
  0x00, 0x00, 0x00, 0x00, 0x00, 0x00, 0x00, 0x00, 0x00, 0x00, 0x00, 0x00,
  0x00, 0x00, 0x00, 0x00, 0x00, 0x00, 0x00, 0x00, 0x00, 0x00, 0x00, 0x00,
  0x00, 0x00, 0x00, 0x00, 0x00, 0x00, 0x00, 0x00, 0x00, 0x00, 0x00, 0x00,
  0x00, 0x00, 0x00, 0x00, 0x00, 0x00, 0x00, 0x00, 0x00, 0x00, 0x00, 0x00,
  0x00, 0x00, 0x00, 0x00, 0x00, 0x00, 0x00, 0x00, 0x00, 0x00, 0x00, 0x00,
  0x00, 0x00, 0x00, 0x00, 0x00, 0x00, 0x00, 0x00, 0x00, 0x00, 0x00, 0x00,
  0x00, 0x00, 0x00, 0x00, 0x00, 0x00, 0x00, 0x00, 0x00, 0x00, 0x00, 0x00,
  0x00, 0x00, 0x00, 0x00, 0x00, 0x00, 0x00, 0x00, 0xff, 0x7f, 0x00, 0x02,
  0x00, 0x00, 0x00, 0x00, 0xda, 0x7f, 0x3c, 0x2a, 0x9c, 0x48, 0x17, 0xfa,
  0xc9, 0x2f, 0x00, 0xfd, 0xff, 0x68, 0x00, 0xfc, 0xf6, 0x70, 0x00, 0xfc,
  0xff, 0x57, 0x02, 0xfd, 0x9b, 0x19, 0x00, 0xfb, 0x4c, 0x0d, 0x00, 0xf9,
  0x60, 0x11, 0x00, 0xf8, 0x64, 0x11, 0x00, 0xf7, 0xa3, 0x3e, 0x03, 0xff,
  0xd8, 0x70, 0x0d, 0x98, 0x00, 0x00, 0x00, 0x00, 0xcc, 0x66, 0x00, 0x05,
  0x00, 0x00, 0x00, 0x00, 0xaa, 0xaa, 0x55, 0x03, 0xff, 0xff, 0x7f, 0x02,
  0x00, 0x00, 0x00, 0x00, 0x00, 0x00, 0x00, 0x00, 0x00, 0x00, 0x00, 0x00,
  0xaa, 0x7f, 0x55, 0x06, 0x00, 0x00, 0x02, 0x00, 0x85, 0x48, 0x18, 0x2a,
  0x57, 0x1f, 0x02, 0xfe, 0xa3, 0x80, 0x71, 0xfb, 0xd4, 0xb8, 0x96, 0xfc,
  0xba, 0x91, 0x54, 0xfd, 0xba, 0x56, 0x00, 0xfd, 0xf3, 0xbc, 0x1f, 0xfd,
  0xff, 0xee, 0x65, 0xfd, 0xdf, 0x8b, 0x06, 0xfd, 0x81, 0x46, 0x11, 0xfd,
  0x5f, 0x3d, 0x12, 0xfd, 0x5d, 0x3d, 0x15, 0xfd, 0x6d, 0x44, 0x17, 0xfd,
  0x68, 0x3f, 0x14, 0xfd, 0x8a, 0x4e, 0x0a, 0xfd, 0xe0, 0x6b, 0x00, 0xfc,
  0xe3, 0x55, 0x13, 0xfd, 0xfc, 0xe2, 0xc8, 0xfd, 0xf9, 0xe5, 0xd6, 0xfd,
  0xda, 0x51, 0x19, 0xfd, 0xe6, 0x70, 0x00, 0xfc, 0x98, 0x5a, 0x07, 0xfc,
  0x63, 0x3b, 0x13, 0xfc, 0x6b, 0x43, 0x12, 0xfc, 0x59, 0x39, 0x10, 0xfd,
  0x5a, 0x3a, 0x0d, 0xfd, 0x7d, 0x46, 0x0d, 0xfd, 0xde, 0x89, 0x01, 0xfd,
  0xff, 0xeb, 0x52, 0xfd, 0xf5, 0xc8, 0x2d, 0xfd, 0xbb, 0x56, 0x00, 0xfc,
  0xbb, 0x8d, 0x48, 0xfd, 0xd5, 0xb3, 0x8f, 0xfc, 0xb1, 0x91, 0x7f, 0xfa,
  0x55, 0x20, 0x07, 0xff, 0x67, 0x2f, 0x0e, 0x36, 0x00, 0x00, 0x02, 0x00,
  0xaa, 0x7f, 0x7f, 0x06, 0x00, 0x00, 0x00, 0x00, 0x00, 0x00, 0x00, 0x00,
  0x00, 0x00, 0x00, 0x00, 0xaa, 0xaa, 0x00, 0x03, 0xaa, 0xaa, 0x00, 0x03,
  0x00, 0x00, 0x00, 0x01, 0xbf, 0x7f, 0x00, 0x04, 0x00, 0x00, 0x00, 0x00,
  0xc3, 0x60, 0x0d, 0xa6, 0xa0, 0x3c, 0x05, 0xff, 0x62, 0x12, 0x00, 0xf7,
  0x58, 0x0f, 0x00, 0xf8, 0x4a, 0x0c, 0x00, 0xf8, 0x98, 0x1d, 0x00, 0xfb,
  0xff, 0x5f, 0x03, 0xfc, 0xf4, 0x6e, 0x00, 0xfc, 0xff, 0x65, 0x00, 0xfd,
  0xc7, 0x2c, 0x01, 0xfe, 0x8f, 0x43, 0x13, 0xf9, 0xd1, 0x6f, 0x20, 0x27,
  0x00, 0x00, 0x00, 0x00, 0x7f, 0x7f, 0x00, 0x02, 0x00, 0x00, 0x00, 0x00,
  0x00, 0x00, 0x00, 0x00, 0x00, 0x00, 0x00, 0x00, 0x00, 0x00, 0x00, 0x00,
  0x00, 0x00, 0x00, 0x00, 0x00, 0x00, 0x00, 0x00, 0x00, 0x00, 0x00, 0x00,
  0x00, 0x00, 0x00, 0x00, 0x00, 0x00, 0x00, 0x00, 0x00, 0x00, 0x00, 0x00,
  0x00, 0x00, 0x00, 0x00, 0x00, 0x00, 0x00, 0x00, 0x00, 0x00, 0x00, 0x00,
  0x00, 0x00, 0x00, 0x00, 0x00, 0x00, 0x00, 0x00, 0x00, 0x00, 0x00, 0x00,
  0x00, 0x00, 0x00, 0x00, 0x00, 0x00, 0x00, 0x00, 0x00, 0x00, 0x00, 0x00,
  0x00, 0x00, 0x00, 0x00, 0x00, 0x00, 0x00, 0x00, 0x00, 0x00, 0x00, 0x00,
  0x00, 0x00, 0x00, 0x00, 0x00, 0x00, 0x00, 0x00, 0x00, 0x00, 0x00, 0x00,
  0x00, 0x00, 0x00, 0x00, 0x00, 0x00, 0x00, 0x00, 0x00, 0x00, 0x00, 0x00,
  0xff, 0x00, 0x00, 0x01, 0x00, 0x00, 0x00, 0x01, 0xff, 0x99, 0x33, 0x0a,
  0xb8, 0x66, 0x2b, 0xe3, 0xb6, 0x42, 0x0c, 0xfd, 0xff, 0xc6, 0x00, 0xf8,
  0xff, 0xec, 0x09, 0xfc, 0xec, 0x83, 0x00, 0xfa, 0x8c, 0x35, 0x13, 0xff,
  0x9a, 0x47, 0x0a, 0xff, 0xa1, 0x3d, 0x05, 0xff, 0x7a, 0x1f, 0x01, 0xfb,
  0x73, 0x19, 0x00, 0xf6, 0xb5, 0x4e, 0x07, 0xff, 0xd9, 0x73, 0x16, 0x73,
  0x00, 0x00, 0x00, 0x00, 0xda, 0x6d, 0x24, 0x07, 0xbf, 0x7f, 0x00, 0x04,
  0xbf, 0x7f, 0x3f, 0x04, 0xbf, 0x7f, 0x3f, 0x04, 0x99, 0x66, 0x33, 0x05,
  0x7f, 0x7f, 0x00, 0x02, 0x00, 0x00, 0x00, 0x00, 0x00, 0x00, 0x00, 0x00,
  0x6a, 0x07, 0x00, 0x24, 0x4b, 0x14, 0x00, 0xfd, 0x96, 0x6b, 0x56, 0xfc,
  0xc5, 0xa6, 0x77, 0xfd, 0x99, 0x47, 0x02, 0xfd, 0xf5, 0xba, 0x22, 0xfd,
  0xff, 0xff, 0xc4, 0xfd, 0xf5, 0xeb, 0x50, 0xfd, 0xb5, 0x89, 0x07, 0xfc,
  0x9d, 0x6a, 0x17, 0xfc, 0x9f, 0x6a, 0x19, 0xfc, 0x9f, 0x68, 0x17, 0xfd,
  0x9a, 0x67, 0x12, 0xfd, 0xaf, 0x73, 0x13, 0xfd, 0xb1, 0x4e, 0x02, 0xfd,
  0xa6, 0x37, 0x19, 0xfc, 0xf2, 0xcc, 0xb3, 0xfc, 0xfd, 0xff, 0xfa, 0xfd,
  0xfd, 0xff, 0xf1, 0xfd, 0xf3, 0xc0, 0x94, 0xfc, 0xa7, 0x31, 0x16, 0xfc,
  0xbe, 0x5c, 0x00, 0xfd, 0xb8, 0x7e, 0x10, 0xfc, 0x93, 0x64, 0x0e, 0xfc,
  0x97, 0x66, 0x0f, 0xfc, 0x99, 0x6a, 0x0f, 0xfb, 0x95, 0x6d, 0x0e, 0xfc,
  0xb3, 0x88, 0x02, 0xfd, 0xf3, 0xe8, 0x3f, 0xfd, 0xff, 0xff, 0xc0, 0xfd,
  0xf9, 0xca, 0x33, 0xfd, 0x9b, 0x44, 0x00, 0xfc, 0xc1, 0xa0, 0x70, 0xfd,
  0x9e, 0x79, 0x64, 0xfb, 0x46, 0x16, 0x00, 0xff, 0x51, 0x00, 0x00, 0x2f,
  0x00, 0x00, 0x00, 0x00, 0x00, 0x00, 0x00, 0x00, 0xff, 0x00, 0x00, 0x01,
  0x99, 0x66, 0x33, 0x05, 0xbf, 0x7f, 0x3f, 0x04, 0xbf, 0x7f, 0x3f, 0x04,
  0xbf, 0x7f, 0x3f, 0x04, 0xd4, 0x7f, 0x2a, 0x06, 0x00, 0x00, 0x00, 0x00,
  0xc4, 0x62, 0x18, 0x7f, 0xaf, 0x48, 0x07, 0xff, 0x71, 0x1c, 0x00, 0xf7,
  0x7b, 0x23, 0x01, 0xfd, 0xa2, 0x3e, 0x04, 0xff, 0x9f, 0x48, 0x04, 0xff,
  0x8f, 0x31, 0x08, 0xfc, 0xee, 0x94, 0x00, 0xfa, 0xff, 0xf1, 0x0d, 0xfc,
  0xff, 0xc3, 0x00, 0xf9, 0xb2, 0x40, 0x04, 0xfd, 0xa8, 0x56, 0x16, 0xea,
  0xdd, 0x66, 0x11, 0x0f, 0x00, 0x00, 0x00, 0x00, 0xff, 0x00, 0x00, 0x01,
  0x00, 0x00, 0x00, 0x00, 0x00, 0x00, 0x00, 0x00, 0x00, 0x00, 0x00, 0x00,
  0x00, 0x00, 0x00, 0x00, 0x00, 0x00, 0x00, 0x00, 0x00, 0x00, 0x00, 0x00,
  0x00, 0x00, 0x00, 0x00, 0x00, 0x00, 0x00, 0x00, 0x00, 0x00, 0x00, 0x00,
  0x00, 0x00, 0x00, 0x00, 0x00, 0x00, 0x00, 0x00, 0x00, 0x00, 0x00, 0x00,
  0x00, 0x00, 0x00, 0x00, 0x00, 0x00, 0x00, 0x00, 0x00, 0x00, 0x00, 0x00,
  0x00, 0x00, 0x00, 0x00, 0x00, 0x00, 0x00, 0x00, 0x00, 0x00, 0x00, 0x00,
  0x00, 0x00, 0x00, 0x00, 0x00, 0x00, 0x00, 0x00, 0x00, 0x00, 0x00, 0x00,
  0x00, 0x00, 0x00, 0x00, 0x00, 0x00, 0x00, 0x00, 0x00, 0x00, 0x00, 0x00,
  0x00, 0x00, 0x00, 0x00, 0x00, 0x00, 0x00, 0x00, 0x00, 0x00, 0x00, 0x00,
  0x00, 0x00, 0x00, 0x00, 0x00, 0x00, 0x00, 0x00, 0xaa, 0x55, 0x00, 0x03,
  0x00, 0x00, 0x00, 0x00, 0xd0, 0x75, 0x27, 0x68, 0xc9, 0x6e, 0x37, 0xff,
  0xd4, 0x72, 0x27, 0xff, 0xdb, 0x8a, 0x28, 0xff, 0xba, 0x63, 0x26, 0xff,
  0xa4, 0x5e, 0x1e, 0xf8, 0xb2, 0x57, 0x0e, 0x46, 0xe4, 0x68, 0x0b, 0x58,
  0xb6, 0x3f, 0x02, 0xfd, 0x83, 0x21, 0x00, 0xf9, 0x7a, 0x1f, 0x00, 0xf9,
  0xbe, 0x5b, 0x0c, 0xfc, 0xe8, 0x82, 0x13, 0x4e, 0x00, 0x00, 0x00, 0x00,
  0x00, 0x00, 0x00, 0x00, 0x00, 0x00, 0x00, 0x00, 0x00, 0x00, 0x00, 0x00,
  0x00, 0x00, 0x00, 0x00, 0x00, 0x00, 0x00, 0x00, 0xd6, 0xc3, 0xaf, 0x77,
  0xe2, 0xdb, 0xd7, 0xbb, 0xca, 0xb6, 0xa8, 0xba, 0x53, 0x2f, 0x1f, 0xfa,
  0x96, 0x74, 0x5e, 0xfd, 0xba, 0x9b, 0x65, 0xfd, 0x9d, 0x44, 0x00, 0xfd,
  0xfc, 0xc9, 0x2f, 0xfd, 0xf7, 0xe9, 0x3c, 0xfd, 0xb8, 0x7b, 0x00, 0xfc,
  0x92, 0x53, 0x03, 0xfc, 0x8d, 0x4e, 0x09, 0xfc, 0x8c, 0x4b, 0x07, 0xfc,
  0x88, 0x4c, 0x00, 0xfd, 0x9e, 0x53, 0x02, 0xfd, 0x95, 0x31, 0x00, 0xfd,
  0x7a, 0x24, 0x15, 0xfd, 0xdb, 0xad, 0x9a, 0xfd, 0xf8, 0xd7, 0xca, 0xfd,
  0xfa, 0xeb, 0xe4, 0xfd, 0xfa, 0xf3, 0xd0, 0xfd, 0xff, 0xe0, 0x72, 0xfc,
  0xe6, 0x8f, 0x4e, 0xfc, 0x8a, 0x25, 0x16, 0xfd, 0xa0, 0x3d, 0x00, 0xfc,
  0x98, 0x52, 0x00, 0xfc, 0x84, 0x4c, 0x00, 0xfc, 0x86, 0x4c, 0x02, 0xfc,
  0x87, 0x4f, 0x03, 0xfc, 0x8a, 0x52, 0x02, 0xfc, 0xae, 0x77, 0x00, 0xfd,
  0xee, 0xe1, 0x33, 0xfd, 0xff, 0xdd, 0x3d, 0xfd, 0xab, 0x4a, 0x00, 0xfd,
  0xb3, 0x90, 0x5e, 0xfd, 0xa0, 0x82, 0x6d, 0xfc, 0x4e, 0x2c, 0x1f, 0xfc,
  0xbe, 0xaa, 0xa0, 0xbf, 0xe2, 0xdb, 0xd6, 0xbd, 0xd9, 0xc6, 0xb5, 0x79,
  0x00, 0x00, 0x00, 0x00, 0x00, 0x00, 0x00, 0x00, 0x00, 0x00, 0x00, 0x00,
  0x00, 0x00, 0x00, 0x00, 0x00, 0x00, 0x00, 0x00, 0x00, 0x00, 0x00, 0x00,
  0xd3, 0x6e, 0x18, 0x53, 0xb5, 0x54, 0x0d, 0xff, 0x7c, 0x22, 0x00, 0xf8,
  0x7f, 0x25, 0x00, 0xfa, 0xba, 0x46, 0x01, 0xfb, 0xef, 0x69, 0x06, 0x52,
  0xc8, 0x62, 0x09, 0x50, 0xb4, 0x62, 0x1d, 0xfe, 0xbd, 0x5f, 0x21, 0xff,
  0xda, 0x92, 0x24, 0xff, 0xcf, 0x72, 0x22, 0xff, 0xbb, 0x63, 0x2a, 0xff,
  0xb7, 0x59, 0x16, 0x6f, 0x00, 0x00, 0x00, 0x00, 0xaa, 0x55, 0x00, 0x03,
  0x00, 0x00, 0x00, 0x00, 0x00, 0x00, 0x00, 0x00, 0x00, 0x00, 0x00, 0x00,
  0x00, 0x00, 0x00, 0x00, 0x00, 0x00, 0x00, 0x00, 0x00, 0x00, 0x00, 0x00,
  0x00, 0x00, 0x00, 0x00, 0x00, 0x00, 0x00, 0x00, 0x00, 0x00, 0x00, 0x00,
  0x00, 0x00, 0x00, 0x00, 0x00, 0x00, 0x00, 0x00, 0x00, 0x00, 0x00, 0x00,
  0x00, 0x00, 0x00, 0x00, 0x00, 0x00, 0x00, 0x00, 0x00, 0x00, 0x00, 0x00,
  0x00, 0x00, 0x00, 0x00, 0x00, 0x00, 0x00, 0x00, 0x00, 0x00, 0x00, 0x00,
  0x00, 0x00, 0x00, 0x00, 0x00, 0x00, 0x00, 0x00, 0x00, 0x00, 0x00, 0x00,
  0x00, 0x00, 0x00, 0x00, 0x00, 0x00, 0x00, 0x00, 0x00, 0x00, 0x00, 0x00,
  0x00, 0x00, 0x00, 0x00, 0x00, 0x00, 0x00, 0x00, 0x00, 0x00, 0x00, 0x00,
  0x00, 0x00, 0x00, 0x00, 0x00, 0x00, 0x00, 0x00, 0x00, 0x00, 0x00, 0x00,
  0x00, 0x00, 0x00, 0x00, 0x7f, 0x7f, 0x00, 0x02, 0x00, 0x00, 0x00, 0x00,
  0xca, 0x6b, 0x1f, 0x58, 0xcc, 0x6c, 0x36, 0xc6, 0xc4, 0x67, 0x37, 0xdd,
  0xb8, 0x6b, 0x26, 0xb5, 0x94, 0x4a, 0x10, 0x3e, 0x00, 0x00, 0x00, 0x00,
  0x00, 0x00, 0x00, 0x00, 0xda, 0x5a, 0x04, 0x71, 0xb9, 0x40, 0x01, 0xff,
  0x7a, 0x20, 0x00, 0xf7, 0x87, 0x25, 0x00, 0xfd, 0xc6, 0x64, 0x19, 0xf4,
  0xdf, 0x81, 0x2e, 0x88, 0xd5, 0x72, 0x1d, 0x7b, 0xd2, 0x73, 0x24, 0x7e,
  0xcc, 0x6f, 0x24, 0x7e, 0xc9, 0x6b, 0x1f, 0x7b, 0xb2, 0x7d, 0x52, 0xa4,
  0xdb, 0xd5, 0xcc, 0xff, 0xfa, 0xfb, 0xfb, 0xff, 0xe8, 0xe6, 0xe4, 0xff,
  0x81, 0x74, 0x6c, 0xfd, 0x91, 0x78, 0x62, 0xfc, 0xb6, 0x95, 0x69, 0xfd,
  0x68, 0x25, 0x02, 0xfc, 0xb1, 0x50, 0x00, 0xfd, 0xad, 0x73, 0x00, 0xfd,
  0x8d, 0x4e, 0x04, 0xfd, 0x91, 0x53, 0x02, 0xfd, 0x8e, 0x4e, 0x06, 0xfc,
  0x89, 0x4d, 0x04, 0xfc, 0x99, 0x52, 0x05, 0xfd, 0x96, 0x31, 0x04, 0xfd,
  0x76, 0x22, 0x0f, 0xfd, 0xd4, 0x9a, 0x8b, 0xfd, 0xee, 0xc4, 0xaf, 0xfc,
  0xf0, 0xcb, 0xb6, 0xfd, 0xfb, 0xe4, 0xde, 0xfd, 0xfd, 0xf4, 0xb1, 0xfd,
  0xfa, 0xe9, 0x21, 0xfd, 0xff, 0xba, 0x11, 0xfc, 0xe5, 0x75, 0x23, 0xfd,
  0x80, 0x22, 0x0f, 0xfd, 0x9c, 0x38, 0x01, 0xfc, 0x9a, 0x53, 0x04, 0xfd,
  0x86, 0x4d, 0x04, 0xfc, 0x87, 0x4c, 0x06, 0xfc, 0x87, 0x51, 0x05, 0xfc,
  0x83, 0x4c, 0x05, 0xfc, 0x9c, 0x6e, 0x00, 0xfd, 0xba, 0x5e, 0x00, 0xfd,
  0x6d, 0x23, 0x00, 0xfc, 0xa8, 0x85, 0x5a, 0xfd, 0xa1, 0x85, 0x6c, 0xfd,
  0x84, 0x76, 0x71, 0xfc, 0xe3, 0xe2, 0xe0, 0xff, 0xfb, 0xfb, 0xfc, 0xff,
  0xe1, 0xdb, 0xd6, 0xff, 0xb7, 0x84, 0x5d, 0xa7, 0xbe, 0x63, 0x1d, 0x7b,
  0xc1, 0x6b, 0x27, 0x80, 0xcc, 0x71, 0x28, 0x7e, 0xd1, 0x74, 0x29, 0x7b,
  0xd6, 0x7d, 0x33, 0x8a, 0xbb, 0x5b, 0x14, 0xf5, 0x85, 0x29, 0x00, 0xfc,
  0x7b, 0x23, 0x00, 0xf7, 0xbd, 0x46, 0x01, 0xff, 0xe5, 0x63, 0x04, 0x6c,
  0x00, 0x00, 0x00, 0x00, 0x00, 0x00, 0x00, 0x00, 0xb9, 0x57, 0x0d, 0x49,
  0xc3, 0x68, 0x24, 0xc1, 0xbe, 0x5f, 0x2f, 0xe3, 0xb7, 0x62, 0x2d, 0xd0,
  0xad, 0x5e, 0x20, 0x67, 0x00, 0x00, 0x00, 0x00, 0x7f, 0x7f, 0x00, 0x02,
  0x00, 0x00, 0x00, 0x00, 0x00, 0x00, 0x00, 0x00, 0x00, 0x00, 0x00, 0x00,
  0x00, 0x00, 0x00, 0x00, 0x00, 0x00, 0x00, 0x00, 0x00, 0x00, 0x00, 0x00,
  0x00, 0x00, 0x00, 0x00, 0x00, 0x00, 0x00, 0x00, 0x00, 0x00, 0x00, 0x00,
  0x00, 0x00, 0x00, 0x00, 0x00, 0x00, 0x00, 0x00, 0x00, 0x00, 0x00, 0x00,
  0x00, 0x00, 0x00, 0x00, 0x00, 0x00, 0x00, 0x00, 0x00, 0x00, 0x00, 0x00,
  0x00, 0x00, 0x00, 0x00, 0x00, 0x00, 0x00, 0x00, 0x00, 0x00, 0x00, 0x00,
  0x00, 0x00, 0x00, 0x00, 0x00, 0x00, 0x00, 0x00, 0x00, 0x00, 0x00, 0x00,
  0x00, 0x00, 0x00, 0x00, 0x00, 0x00, 0x00, 0x00, 0x00, 0x00, 0x00, 0x00,
  0x00, 0x00, 0x00, 0x00, 0xff, 0xff, 0x00, 0x01, 0xff, 0xaa, 0x55, 0x03,
  0xff, 0xbf, 0x7f, 0x04, 0xff, 0xbf, 0x7f, 0x04, 0xff, 0xbf, 0x3f, 0x04,
  0xff, 0xaa, 0x55, 0x03, 0xff, 0x00, 0x00, 0x01, 0x00, 0x00, 0x00, 0x00,
  0xff, 0xff, 0x00, 0x01, 0x00, 0x00, 0x00, 0x00, 0x00, 0x00, 0x00, 0x00,
  0x7f, 0x3f, 0x00, 0x08, 0x00, 0x00, 0x00, 0x00, 0x00, 0x00, 0x00, 0x00,
  0xaa, 0x55, 0x00, 0x03, 0xcc, 0x33, 0x00, 0x05, 0x00, 0x00, 0x00, 0x00,
  0xd4, 0x55, 0x01, 0x96, 0xb2, 0x3c, 0x00, 0xff, 0x79, 0x1d, 0x00, 0xf6,
  0x85, 0x26, 0x01, 0xfd, 0xa5, 0x3c, 0x08, 0xff, 0x9e, 0x37, 0x06, 0xff,
  0x96, 0x36, 0x07, 0xff, 0x8b, 0x33, 0x09, 0xff, 0x83, 0x2b, 0x06, 0xff,
  0x8a, 0x5a, 0x39, 0xff, 0xda, 0xdf, 0xe0, 0xfa, 0xf5, 0xf7, 0xfb, 0xfa,
  0xeb, 0xf0, 0xf1, 0xfa, 0x74, 0x6c, 0x5d, 0xfd, 0x8a, 0x71, 0x55, 0xfc,
  0xb4, 0x8d, 0x6c, 0xfd, 0x4c, 0x17, 0x02, 0xfc, 0x63, 0x25, 0x01, 0xfc,
  0x87, 0x4a, 0x07, 0xfc, 0x87, 0x4b, 0x04, 0xfc, 0x87, 0x49, 0x03, 0xfc,
  0x83, 0x4a, 0x00, 0xfc, 0x92, 0x4c, 0x04, 0xfc, 0x9a, 0x2c, 0x03, 0xfd,
  0x75, 0x22, 0x0d, 0xfd, 0xc4, 0x91, 0x80, 0xfd, 0xe2, 0xb3, 0xa3, 0xfc,
  0xe4, 0xb3, 0xa2, 0xfd, 0xeb, 0xb8, 0xa5, 0xfd, 0xd8, 0x7b, 0x53, 0xfd,
  0xf5, 0xa4, 0x44, 0xfd, 0xfc, 0xe8, 0x26, 0xfc, 0xfa, 0xd3, 0x00, 0xfc,
  0xff, 0xb8, 0x00, 0xfd, 0xe0, 0x7c, 0x16, 0xfd, 0x7a, 0x1c, 0x0c, 0xfd,
  0x95, 0x33, 0x01, 0xfd, 0x90, 0x4d, 0x04, 0xfc, 0x7f, 0x47, 0x04, 0xfc,
  0x81, 0x47, 0x04, 0xfc, 0x7e, 0x48, 0x04, 0xfc, 0x7e, 0x4b, 0x06, 0xfc,
  0x66, 0x2d, 0x03, 0xfc, 0x4a, 0x17, 0x00, 0xfc, 0xa4, 0x80, 0x5d, 0xfd,
  0xa0, 0x81, 0x67, 0xfd, 0x7a, 0x6c, 0x5f, 0xfd, 0xe3, 0xe8, 0xe9, 0xfb,
  0xf6, 0xf8, 0xfb, 0xfa, 0xd9, 0xe0, 0xe2, 0xfa, 0x8a, 0x60, 0x44, 0xff,
  0x77, 0x26, 0x05, 0xff, 0x85, 0x31, 0x09, 0xff, 0x92, 0x35, 0x08, 0xff,
  0x96, 0x38, 0x09, 0xff, 0x9b, 0x3b, 0x09, 0xff, 0x82, 0x2b, 0x01, 0xfd,
  0x78, 0x20, 0x00, 0xf6, 0xb3, 0x42, 0x01, 0xff, 0xe2, 0x62, 0x03, 0x8f,
  0x00, 0x00, 0x00, 0x00, 0xcc, 0x66, 0x00, 0x05, 0xaa, 0x55, 0x00, 0x03,
  0x00, 0x00, 0x00, 0x00, 0x00, 0x00, 0x00, 0x00, 0x89, 0x4e, 0x00, 0x0d,
  0x00, 0x00, 0x00, 0x00, 0x00, 0x00, 0x00, 0x00, 0xff, 0xff, 0x00, 0x01,
  0x00, 0x00, 0x00, 0x00, 0x00, 0x00, 0x00, 0x01, 0xff, 0xaa, 0x55, 0x03,
  0xff, 0xbf, 0x3f, 0x04, 0xff, 0xbf, 0x7f, 0x04, 0xff, 0xbf, 0x7f, 0x04,
  0xff, 0xaa, 0x55, 0x03, 0xff, 0xff, 0x00, 0x01, 0x00, 0x00, 0x00, 0x00,
  0x00, 0x00, 0x00, 0x00, 0x00, 0x00, 0x00, 0x00, 0x00, 0x00, 0x00, 0x00,
  0x00, 0x00, 0x00, 0x00, 0x00, 0x00, 0x00, 0x00, 0x00, 0x00, 0x00, 0x00,
  0x00, 0x00, 0x00, 0x00, 0x00, 0x00, 0x00, 0x00, 0x00, 0x00, 0x00, 0x00,
  0x00, 0x00, 0x00, 0x00, 0x00, 0x00, 0x00, 0x00, 0x00, 0x00, 0x00, 0x00,
  0x00, 0x00, 0x00, 0x00, 0x00, 0x00, 0x00, 0x00, 0x00, 0x00, 0x00, 0x00,
  0x00, 0x00, 0x00, 0x01, 0xff, 0xaa, 0x55, 0x03, 0x00, 0x00, 0x00, 0x00,
  0x00, 0x00, 0x00, 0x00, 0x00, 0x00, 0x00, 0x00, 0x00, 0x00, 0x00, 0x00,
  0x00, 0x00, 0x00, 0x00, 0x00, 0x00, 0x00, 0x00, 0x00, 0x00, 0x00, 0x00,
  0xaa, 0x55, 0x00, 0x03, 0x00, 0x00, 0x00, 0x00, 0xaa, 0x55, 0x00, 0x03,
  0xff, 0xff, 0xff, 0x01, 0x00, 0x00, 0x01, 0x00, 0xff, 0x7f, 0x00, 0x02,
  0x7f, 0x7f, 0x00, 0x02, 0x00, 0x00, 0x00, 0x00, 0xff, 0x00, 0x00, 0x01,
  0xff, 0x55, 0x00, 0x03, 0xff, 0xff, 0x00, 0x02, 0xd9, 0x56, 0x01, 0xb3,
  0xb4, 0x39, 0x00, 0xff, 0x81, 0x1c, 0x00, 0xfb, 0x78, 0x18, 0x00, 0xf9,
  0x6e, 0x17, 0x00, 0xf9, 0x64, 0x15, 0x00, 0xf9, 0x5d, 0x16, 0x00, 0xf9,
  0x47, 0x08, 0x00, 0xf8, 0x68, 0x34, 0x0f, 0xf9, 0xd7, 0xc8, 0xac, 0xfd,
  0xff, 0xff, 0xff, 0xfd, 0xea, 0xe5, 0xdc, 0xfd, 0x52, 0x41, 0x2f, 0xfd,
  0x86, 0x69, 0x50, 0xfc, 0xb4, 0x8c, 0x6d, 0xfc, 0x42, 0x16, 0x02, 0xfc,
  0x4d, 0x1e, 0x00, 0xfb, 0x7e, 0x44, 0x06, 0xfc, 0x80, 0x44, 0x05, 0xfc,
  0x7d, 0x44, 0x01, 0xfc, 0x8a, 0x48, 0x03, 0xfc, 0x95, 0x29, 0x04, 0xfc,
  0x78, 0x1c, 0x07, 0xfd, 0xc7, 0x83, 0x70, 0xfc, 0xf9, 0xcd, 0xb4, 0xfc,
  0xe8, 0xb5, 0xa5, 0xfd, 0xef, 0xb7, 0xa3, 0xfd, 0xaf, 0x40, 0x2a, 0xfd,
  0xbf, 0x43, 0x0d, 0xfc, 0xf1, 0x73, 0x1a, 0xfc, 0xd9, 0x62, 0x0c, 0xfc,
  0xfc, 0xe5, 0x10, 0xfd, 0xfb, 0xde, 0x03, 0xfd, 0xff, 0xe3, 0x09, 0xfd,
  0xd7, 0x7c, 0x09, 0xfd, 0x78, 0x1f, 0x07, 0xfd, 0x99, 0x33, 0x01, 0xfc,
  0x89, 0x48, 0x03, 0xfc, 0x79, 0x42, 0x04, 0xfc, 0x78, 0x42, 0x07, 0xfb,
  0x7c, 0x47, 0x06, 0xfc, 0x53, 0x26, 0x01, 0xfc, 0x3c, 0x13, 0x00, 0xfd,
  0xa5, 0x81, 0x60, 0xfd, 0x99, 0x7b, 0x61, 0xfd, 0x50, 0x3b, 0x2c, 0xfd,
  0xe5, 0xdd, 0xd3, 0xfd, 0xff, 0xff, 0xff, 0xfd, 0xd9, 0xcf, 0xbf, 0xfd,
  0x65, 0x35, 0x11, 0xf9, 0x47, 0x0d, 0x00, 0xf9, 0x56, 0x14, 0x00, 0xf9,
  0x5c, 0x13, 0x00, 0xf8, 0x64, 0x15, 0x00, 0xf9, 0x70, 0x17, 0x00, 0xf8,
  0x7c, 0x1d, 0x00, 0xfb, 0xb5, 0x40, 0x00, 0xff, 0xdd, 0x61, 0x02, 0xb1,
  0x01, 0x01, 0x00, 0x00, 0xff, 0x55, 0x00, 0x03, 0xff, 0x00, 0x00, 0x01,
  0x00, 0x00, 0x00, 0x00, 0xaa, 0x55, 0x00, 0x03, 0xff, 0xff, 0x00, 0x01,
  0x00, 0x00, 0x01, 0x00, 0x01, 0x01, 0x00, 0x00, 0xaa, 0x55, 0x00, 0x03,
  0x00, 0x00, 0x00, 0x00, 0xaa, 0x55, 0x00, 0x03, 0x00, 0x00, 0x00, 0x00,
  0x00, 0x00, 0x00, 0x00, 0x00, 0x00, 0x00, 0x00, 0x00, 0x00, 0x00, 0x00,
  0x00, 0x00, 0x00, 0x00, 0x00, 0x00, 0x00, 0x00, 0x00, 0x00, 0x00, 0x00,
  0xff, 0xaa, 0x55, 0x03, 0x00, 0x00, 0x00, 0x00, 0x00, 0x00, 0x00, 0x00,
  0x00, 0x00, 0x00, 0x00, 0x00, 0x00, 0x00, 0x00, 0x00, 0x00, 0x00, 0x00,
  0x00, 0x00, 0x00, 0x00, 0x00, 0x00, 0x00, 0x00, 0x00, 0x00, 0x00, 0x00,
  0x00, 0x00, 0x00, 0x00, 0x00, 0x00, 0x00, 0x00, 0x00, 0x00, 0x00, 0x00,
  0x00, 0x00, 0x00, 0x00, 0x00, 0x00, 0x00, 0x00, 0x00, 0x00, 0x00, 0x00,
  0xff, 0x00, 0x00, 0x01, 0x00, 0x00, 0x00, 0x00, 0x00, 0x00, 0x00, 0x00,
  0xf1, 0xa1, 0x6b, 0x13, 0xff, 0xcf, 0x79, 0x50, 0xff, 0xc3, 0x6c, 0x81,
  0xfb, 0xbe, 0x62, 0x8f, 0xff, 0xbf, 0x5a, 0x74, 0xff, 0xab, 0x4f, 0x3d,
  0x55, 0x00, 0x00, 0x06, 0x00, 0x00, 0x00, 0x00, 0xff, 0x7f, 0x00, 0x02,
  0x00, 0x00, 0x00, 0x00, 0x00, 0x00, 0x00, 0x00, 0xff, 0x00, 0x00, 0x01,
  0x00, 0x00, 0x00, 0x00, 0x00, 0x00, 0x00, 0x00, 0x00, 0x00, 0x00, 0x00,
  0x00, 0x00, 0x00, 0x00, 0x7f, 0x00, 0x00, 0x02, 0x00, 0x00, 0x00, 0x01,
  0xee, 0x66, 0x00, 0x0f, 0xdc, 0x61, 0x06, 0xaa, 0xc7, 0x5b, 0x07, 0xf4,
  0xbc, 0x54, 0x07, 0xfb, 0xb5, 0x53, 0x08, 0xfb, 0xab, 0x50, 0x07, 0xfb,
  0xa1, 0x4b, 0x06, 0xfb, 0x94, 0x43, 0x06, 0xfc, 0x62, 0x23, 0x00, 0xfd,
  0x6b, 0x3f, 0x16, 0xfd, 0xab, 0x83, 0x54, 0xfd, 0x6c, 0x49, 0x2c, 0xfc,
  0x2e, 0x0d, 0x00, 0xfc, 0x8d, 0x6a, 0x4c, 0xfc, 0xae, 0x8a, 0x67, 0xfd,
  0x3b, 0x13, 0x02, 0xfc, 0x41, 0x18, 0x01, 0xfb, 0x77, 0x3e, 0x08, 0xfc,
  0x78, 0x3e, 0x04, 0xfc, 0x81, 0x44, 0x03, 0xfc, 0x92, 0x2b, 0x04, 0xfc,
  0x7b, 0x18, 0x06, 0xfd, 0xc5, 0x72, 0x64, 0xfd, 0xfc, 0xc7, 0xaf, 0xfc,
  0xfa, 0xd5, 0xb7, 0xfd, 0xfb, 0xc3, 0xa7, 0xfd, 0xc7, 0x53, 0x2f, 0xfd,
  0x9c, 0x0a, 0x00, 0xfd, 0xd9, 0x51, 0x1b, 0xfc, 0xf5, 0x7a, 0x1e, 0xfc,
  0xbf, 0x26, 0x00, 0xfc, 0xdc, 0x78, 0x11, 0xfc, 0xff, 0xf2, 0x0d, 0xfd,
  0xf7, 0xf9, 0x3a, 0xfd, 0xff, 0xf2, 0x29, 0xfd, 0xd8, 0x85, 0x08, 0xfd,
  0x74, 0x1c, 0x02, 0xfd, 0x8e, 0x31, 0x03, 0xfd, 0x7f, 0x43, 0x04, 0xfc,
  0x70, 0x3d, 0x06, 0xfb, 0x77, 0x42, 0x08, 0xfc, 0x4b, 0x22, 0x02, 0xfc,
  0x37, 0x11, 0x00, 0xfd, 0xa2, 0x7f, 0x62, 0xfc, 0x9a, 0x78, 0x5e, 0xfd,
  0x2a, 0x0b, 0x01, 0xfd, 0x79, 0x4e, 0x2e, 0xfd, 0xb5, 0x8d, 0x5e, 0xfd,
  0x72, 0x49, 0x23, 0xfc, 0x68, 0x2a, 0x00, 0xfc, 0x93, 0x43, 0x05, 0xfb,
  0x9e, 0x4a, 0x08, 0xfb, 0xab, 0x4f, 0x09, 0xfd, 0xb2, 0x52, 0x09, 0xfb,
  0xb7, 0x55, 0x09, 0xfb, 0xc7, 0x60, 0x04, 0xf3, 0xe5, 0x69, 0x04, 0xa9,
  0xef, 0x5f, 0x0f, 0x10, 0xff, 0x00, 0x00, 0x01, 0x7f, 0x7f, 0x00, 0x02,
  0x00, 0x00, 0x00, 0x00, 0x00, 0x00, 0x00, 0x00, 0x00, 0x00, 0x00, 0x00,
  0x00, 0x00, 0x00, 0x00, 0xff, 0x00, 0x00, 0x01, 0x00, 0x00, 0x00, 0x00,
  0x00, 0x00, 0x00, 0x00, 0xff, 0x7f, 0x00, 0x02, 0x00, 0x00, 0x00, 0x00,
  0x00, 0x00, 0x00, 0x04, 0xf3, 0x9f, 0x47, 0x40, 0xfc, 0xb4, 0x59, 0x75,
  0xf9, 0xba, 0x5e, 0x8d, 0xfd, 0xc3, 0x6e, 0x81, 0xff, 0xce, 0x7a, 0x4f,
  0xf1, 0xa1, 0x6b, 0x13, 0x00, 0x00, 0x00, 0x00, 0x00, 0x00, 0x00, 0x00,
  0xff, 0x00, 0x00, 0x01, 0x00, 0x00, 0x00, 0x00, 0x00, 0x00, 0x00, 0x00,
  0x00, 0x00, 0x00, 0x00, 0x00, 0x00, 0x00, 0x00, 0x00, 0x00, 0x00, 0x00,
  0x00, 0x00, 0x00, 0x00, 0x00, 0x00, 0x00, 0x00, 0x00, 0x00, 0x00, 0x00,
  0x00, 0x00, 0x00, 0x00, 0x00, 0x00, 0x00, 0x00, 0x00, 0x00, 0x00, 0x00,
  0xff, 0x00, 0x00, 0x01, 0x00, 0x00, 0x00, 0x00, 0x66, 0x00, 0x33, 0x05,
  0xf4, 0x9c, 0x36, 0x7f, 0xef, 0xa2, 0x3c, 0xe7, 0xe8, 0x93, 0x36, 0xff,
  0xe1, 0x83, 0x22, 0xff, 0xdb, 0x7b, 0x19, 0xff, 0xdb, 0x80, 0x23, 0xff,
  0xe5, 0x8c, 0x2d, 0xff, 0xef, 0x90, 0x22, 0xd4, 0xd7, 0x6a, 0x18, 0x54,
  0x00, 0x00, 0x00, 0x00, 0xff, 0x7f, 0x00, 0x02, 0x00, 0x00, 0x00, 0x00,
  0x00, 0x00, 0x00, 0x00, 0x00, 0x00, 0x00, 0x00, 0x00, 0x00, 0x00, 0x00,
  0x00, 0x00, 0x00, 0x00, 0x00, 0x00, 0x00, 0x00, 0x00, 0x00, 0x00, 0x00,
  0xff, 0x00, 0x00, 0x01, 0x00, 0x00, 0x00, 0x00, 0x00, 0x00, 0x00, 0x00,
  0xff, 0xb4, 0x18, 0x1f, 0xf3, 0xa0, 0x16, 0x2e, 0xf4, 0x9f, 0x1a, 0x30,
  0xef, 0x9a, 0x15, 0x30, 0xe0, 0x89, 0x14, 0x32, 0xee, 0x92, 0x15, 0x2f,
  0x6e, 0x31, 0x06, 0xa6, 0x3f, 0x12, 0x00, 0xff, 0x34, 0x08, 0x00, 0xfa,
  0x31, 0x0c, 0x00, 0xfd, 0x3b, 0x12, 0x00, 0xfc, 0x9c, 0x71, 0x51, 0xfc,
  0xb5, 0x8d, 0x67, 0xfd, 0x3a, 0x11, 0x02, 0xfc, 0x40, 0x17, 0x01, 0xfb,
  0x72, 0x3a, 0x06, 0xfc, 0x75, 0x3b, 0x04, 0xfc, 0x97, 0x2d, 0x07, 0xfc,
  0x7f, 0x17, 0x01, 0xfc, 0xc6, 0x5c, 0x4d, 0xfd, 0xfd, 0xb0, 0xa5, 0xfc,
  0xfb, 0xe0, 0xbf, 0xfd, 0xfb, 0xde, 0xb6, 0xfd, 0xed, 0x64, 0x3a, 0xfd,
  0xc5, 0x21, 0x00, 0xfc, 0xcc, 0x23, 0x01, 0xfd, 0xf8, 0x7c, 0x1c, 0xfd,
  0xf8, 0xa3, 0x21, 0xfd, 0xdb, 0x43, 0x00, 0xfc, 0xc3, 0x41, 0x01, 0xfc,
  0xe0, 0x8c, 0x0a, 0xfd, 0xfc, 0xf8, 0x56, 0xfd, 0xf8, 0xff, 0x95, 0xfd,
  0xff, 0xf0, 0x22, 0xfd, 0xcb, 0x81, 0x00, 0xfd, 0x71, 0x1d, 0x02, 0xfd,
  0x8e, 0x2f, 0x03, 0xfd, 0x74, 0x3d, 0x07, 0xfc, 0x71, 0x3d, 0x0a, 0xfc,
  0x47, 0x1f, 0x04, 0xfc, 0x2e, 0x0b, 0x00, 0xfc, 0xa5, 0x7d, 0x5c, 0xfd,
  0xa5, 0x81, 0x66, 0xfd, 0x41, 0x18, 0x01, 0xfc, 0x2f, 0x0b, 0x00, 0xfc,
  0x34, 0x0a, 0x00, 0xf9, 0x3a, 0x10, 0x00, 0xff, 0x76, 0x35, 0x06, 0xa8,
  0xe8, 0x85, 0x16, 0x2e, 0xe6, 0x89, 0x18, 0x34, 0xf0, 0x90, 0x18, 0x35,
  0xf9, 0x96, 0x1a, 0x31, 0xff, 0xa2, 0x1b, 0x2f, 0xff, 0xc1, 0x11, 0x1d,
  0x00, 0x00, 0x00, 0x00, 0x00, 0x00, 0x00, 0x00, 0xff, 0x00, 0x00, 0x01,
  0x00, 0x00, 0x00, 0x00, 0x00, 0x00, 0x00, 0x00, 0x00, 0x00, 0x00, 0x00,
  0x00, 0x00, 0x00, 0x00, 0x00, 0x00, 0x00, 0x00, 0x00, 0x00, 0x00, 0x00,
  0x00, 0x00, 0x00, 0x00, 0xff, 0x7f, 0x00, 0x02, 0x00, 0x00, 0x00, 0x00,
  0xc3, 0x5a, 0x0f, 0x55, 0xe7, 0x83, 0x1d, 0xd1, 0xe3, 0x89, 0x2b, 0xff,
  0xe0, 0x83, 0x22, 0xff, 0xda, 0x7b, 0x18, 0xff, 0xd9, 0x7e, 0x23, 0xff,
  0xe1, 0x8f, 0x36, 0xff, 0xef, 0xa1, 0x43, 0xe8, 0xf8, 0xa0, 0x39, 0x77,
  0x7f, 0x00, 0x7f, 0x02, 0x00, 0x00, 0x00, 0x00, 0xff, 0x00, 0x00, 0x01,
  0x00, 0x00, 0x00, 0x00, 0x00, 0x00, 0x00, 0x00, 0x00, 0x00, 0x00, 0x00,
  0x00, 0x00, 0x00, 0x00, 0x00, 0x00, 0x00, 0x00, 0x00, 0x00, 0x00, 0x00,
  0x00, 0x00, 0x00, 0x00, 0x00, 0x00, 0x00, 0x00, 0x00, 0x00, 0x00, 0x00,
  0xff, 0x00, 0x00, 0x01, 0xff, 0xff, 0x00, 0x01, 0xbf, 0x55, 0x15, 0x0c,
  0xde, 0x7b, 0x27, 0xba, 0xd7, 0x74, 0x17, 0xff, 0xa1, 0x44, 0x00, 0xff,
  0x93, 0x37, 0x00, 0xf9, 0xa7, 0x52, 0x07, 0xf8, 0xa8, 0x58, 0x10, 0xf8,
  0x97, 0x40, 0x00, 0xf8, 0x90, 0x30, 0x00, 0xfa, 0xae, 0x51, 0x06, 0xff,
  0xd4, 0x6d, 0x11, 0xff, 0xc8, 0x5b, 0x14, 0x88, 0x00, 0x00, 0x00, 0x00,
  0xff, 0x55, 0x00, 0x03, 0xff, 0x00, 0x00, 0x01, 0xff, 0x00, 0x00, 0x01,
  0xff, 0x00, 0x00, 0x01, 0xff, 0x00, 0x00, 0x01, 0x00, 0x00, 0x00, 0x01,
  0xff, 0x00, 0x00, 0x01, 0x00, 0x00, 0x00, 0x01, 0x7f, 0x7f, 0x00, 0x02,
  0xff, 0x7f, 0x00, 0x02, 0x00, 0x00, 0x00, 0x00, 0x00, 0x00, 0x00, 0x00,
  0x00, 0x00, 0x00, 0x00, 0x00, 0x00, 0x00, 0x00, 0x00, 0x00, 0x00, 0x00,
  0x00, 0x00, 0x00, 0x00, 0x73, 0x2c, 0x05, 0x84, 0x66, 0x28, 0x04, 0xff,
  0x50, 0x20, 0x05, 0xf8, 0x53, 0x21, 0x02, 0xfd, 0x47, 0x19, 0x01, 0xfd,
  0x95, 0x5f, 0x29, 0xfd, 0x7d, 0x48, 0x1d, 0xfc, 0x2d, 0x07, 0x00, 0xfc,
  0x3d, 0x17, 0x01, 0xfc, 0x71, 0x39, 0x05, 0xfc, 0x95, 0x30, 0x0a, 0xfc,
  0x90, 0x28, 0x04, 0xfd, 0xb1, 0x36, 0x2c, 0xfc, 0xf3, 0x83, 0x7c, 0xfc,
  0xfa, 0xba, 0xa7, 0xfc, 0xfc, 0xeb, 0xc1, 0xfd, 0xf9, 0x94, 0x4c, 0xfd,
  0xf2, 0x31, 0x00, 0xfc, 0xf1, 0x37, 0x04, 0xfc, 0xf6, 0x56, 0x00, 0xfd,
  0xfb, 0xb8, 0x18, 0xfd, 0xfb, 0xdb, 0x1e, 0xfd, 0xf9, 0x85, 0x00, 0xfd,
  0xd4, 0x54, 0x03, 0xfd, 0xd1, 0x5d, 0x00, 0xfd, 0xf3, 0xb5, 0x33, 0xfd,
  0xff, 0xff, 0xb5, 0xfd, 0xf9, 0xfc, 0x65, 0xfd, 0xff, 0xea, 0x08, 0xfd,
  0xc9, 0x76, 0x00, 0xfd, 0x77, 0x20, 0x01, 0xfd, 0x8a, 0x31, 0x03, 0xfc,
  0x73, 0x3d, 0x06, 0xfc, 0x3d, 0x1b, 0x03, 0xfc, 0x2b, 0x09, 0x00, 0xfc,
  0x73, 0x3d, 0x19, 0xfc, 0x9a, 0x65, 0x33, 0xfd, 0x47, 0x1c, 0x02, 0xfc,
  0x53, 0x21, 0x02, 0xfc, 0x4e, 0x1e, 0x04, 0xf7, 0x60, 0x26, 0x04, 0xff,
  0x75, 0x35, 0x07, 0x8b, 0x00, 0x00, 0x00, 0x00, 0x00, 0x00, 0x00, 0x00,
  0x00, 0x00, 0x00, 0x00, 0x00, 0x00, 0x00, 0x00, 0x00, 0x00, 0x00, 0x00,
  0x00, 0x00, 0x00, 0x00, 0xff, 0x7f, 0x00, 0x02, 0x7f, 0x7f, 0x00, 0x02,
  0x00, 0x00, 0x00, 0x01, 0xff, 0x00, 0x00, 0x01, 0xff, 0x00, 0x00, 0x01,
  0xff, 0x00, 0x00, 0x01, 0xff, 0x00, 0x00, 0x01, 0xff, 0x00, 0x00, 0x01,
  0xff, 0x00, 0x00, 0x01, 0xbf, 0x3f, 0x00, 0x04, 0x00, 0x00, 0x00, 0x00,
  0xba, 0x55, 0x07, 0x89, 0xd1, 0x69, 0x09, 0xff, 0xa8, 0x4c, 0x03, 0xff,
  0x8c, 0x35, 0x00, 0xfa, 0xa0, 0x45, 0x00, 0xf8, 0xad, 0x5a, 0x12, 0xf8,
  0x9c, 0x4a, 0x07, 0xf8, 0x89, 0x2f, 0x00, 0xf9, 0x98, 0x3e, 0x00, 0xff,
  0xd1, 0x71, 0x17, 0xff, 0xe4, 0x7e, 0x26, 0xb8, 0xe9, 0x6a, 0x2a, 0x0c,
  0xff, 0xff, 0x00, 0x01, 0xff, 0x00, 0x00, 0x01, 0x00, 0x00, 0x00, 0x00,
  0x00, 0x00, 0x00, 0x00, 0x00, 0x00, 0x00, 0x00, 0x00, 0x00, 0x00, 0x00,
  0x00, 0x00, 0x00, 0x00, 0x00, 0x00, 0x00, 0x00, 0x00, 0x00, 0x00, 0x00,
  0x00, 0x00, 0x00, 0x00, 0xff, 0x7f, 0x00, 0x02, 0x00, 0x00, 0xff, 0x01,
  0xbb, 0x57, 0x14, 0xab, 0xb8, 0x56, 0x08, 0xff, 0x60, 0x1d, 0x00, 0xf6,
  0x6f, 0x3b, 0x1a, 0xfb, 0xc5, 0x9b, 0x86, 0xfc, 0xd3, 0xb6, 0xa7, 0xfc,
  0xcd, 0xb4, 0xa4, 0xfd, 0xdb, 0xbb, 0xad, 0xfd, 0xad, 0x7d, 0x6b, 0xfd,
  0x59, 0x1d, 0x02, 0xfa, 0x74, 0x27, 0x00, 0xf8, 0xc5, 0x57, 0x09, 0xff,
  0xb1, 0x44, 0x08, 0x7a, 0x00, 0x00, 0x00, 0x00, 0x7f, 0x00, 0x00, 0x02,
  0x00, 0x00, 0x00, 0x00, 0x00, 0x00, 0x00, 0x00, 0x00, 0x00, 0x00, 0x00,
  0x00, 0x00, 0x00, 0x00, 0x00, 0x00, 0x00, 0x00, 0x00, 0x00, 0x00, 0x00,
  0x00, 0x00, 0x00, 0x00, 0x00, 0x00, 0x00, 0x00, 0x00, 0x00, 0x00, 0x00,
  0xf6, 0x7f, 0x22, 0x1e, 0xd8, 0x82, 0x2a, 0x77, 0xad, 0x59, 0x07, 0x86,
  0xb3, 0x60, 0x0d, 0x87, 0xc5, 0x74, 0x1a, 0x85, 0x95, 0x4b, 0x0b, 0xcb,
  0x5d, 0x1b, 0x00, 0xfe, 0x5e, 0x1f, 0x00, 0xfb, 0x5d, 0x23, 0x02, 0xfd,
  0x50, 0x1c, 0x00, 0xfd, 0x32, 0x0d, 0x00, 0xfd, 0x20, 0x01, 0x00, 0xfc,
  0x3e, 0x14, 0x00, 0xfc, 0x53, 0x22, 0x01, 0xfc, 0x8a, 0x33, 0x0c, 0xfc,
  0x7f, 0x1d, 0x08, 0xfc, 0x9f, 0x30, 0x17, 0xfd, 0xd9, 0x56, 0x56, 0xfc,
  0xea, 0x93, 0x86, 0xfc, 0xf7, 0xa9, 0x8f, 0xfd, 0xf9, 0x81, 0x3f, 0xfd,
  0xf9, 0x37, 0x00, 0xfc, 0xfb, 0x5f, 0x03, 0xfd, 0xfb, 0x79, 0x02, 0xfd,
  0xfd, 0x94, 0x00, 0xfd, 0xfa, 0xbc, 0x12, 0xfd, 0xfb, 0xd3, 0x18, 0xfd,
  0xfc, 0xa8, 0x00, 0xfd, 0xf3, 0x96, 0x02, 0xfd, 0xe3, 0x85, 0x01, 0xfd,
  0xce, 0x67, 0x00, 0xfc, 0xea, 0xb4, 0x23, 0xfd, 0xfb, 0xff, 0x58, 0xfd,
  0xf8, 0xff, 0x2c, 0xfd, 0xdd, 0xda, 0x00, 0xfc, 0x9c, 0x74, 0x03, 0xfc,
  0x72, 0x24, 0x01, 0xfd, 0x88, 0x38, 0x03, 0xfd, 0x55, 0x27, 0x01, 0xfc,
  0x3e, 0x16, 0x00, 0xfc, 0x20, 0x03, 0x00, 0xfc, 0x2b, 0x08, 0x00, 0xfc,
  0x51, 0x1e, 0x00, 0xfd, 0x60, 0x24, 0x02, 0xfc, 0x5f, 0x20, 0x00, 0xfa,
  0x60, 0x1b, 0x00, 0xfe, 0x94, 0x47, 0x04, 0xd0, 0xc6, 0x6f, 0x17, 0x82,
  0xb9, 0x63, 0x11, 0x85, 0xb4, 0x5d, 0x07, 0x88, 0xdc, 0x89, 0x2a, 0x77,
  0xff, 0x90, 0x22, 0x1e, 0x00, 0x00, 0x00, 0x00, 0x00, 0x00, 0x00, 0x00,
  0x00, 0x00, 0x00, 0x00, 0x00, 0x00, 0x00, 0x00, 0x00, 0x00, 0x00, 0x00,
  0x00, 0x00, 0x00, 0x00, 0x00, 0x00, 0x00, 0x00, 0x00, 0x00, 0x00, 0x00,
  0x00, 0x00, 0x00, 0x00, 0x00, 0x00, 0x00, 0x01, 0x00, 0x00, 0x00, 0x00,
  0x9f, 0x47, 0x08, 0x75, 0xb5, 0x58, 0x05, 0xff, 0x7d, 0x2c, 0x00, 0xf8,
  0x67, 0x29, 0x03, 0xfa, 0xaf, 0x86, 0x6a, 0xfd, 0xd4, 0xb4, 0xa9, 0xfd,
  0xcf, 0xb7, 0xa9, 0xfd, 0xd6, 0xb8, 0xab, 0xfc, 0xbe, 0x96, 0x84, 0xfc,
  0x5f, 0x2e, 0x15, 0xfb, 0x61, 0x1b, 0x00, 0xf7, 0xb2, 0x4e, 0x08, 0xff,
  0xc2, 0x57, 0x08, 0xae, 0x00, 0x00, 0xff, 0x01, 0xff, 0x7f, 0x00, 0x02,
  0x00, 0x00, 0x00, 0x00, 0x00, 0x00, 0x00, 0x00, 0x00, 0x00, 0x00, 0x00,
  0x00, 0x00, 0x00, 0x00, 0x00, 0x00, 0x00, 0x00, 0x00, 0x00, 0x00, 0x00,
  0x00, 0x00, 0x00, 0x00, 0xaa, 0x55, 0x00, 0x03, 0x00, 0x00, 0x00, 0x00,
  0xa1, 0x43, 0x09, 0x4f, 0xa1, 0x43, 0x08, 0xff, 0x52, 0x14, 0x00, 0xf8,
  0x4b, 0x26, 0x18, 0xfc, 0xb8, 0x98, 0x89, 0xfd, 0x87, 0x8e, 0x58, 0xfd,
  0x59, 0x8a, 0x1d, 0xfc, 0x69, 0xa3, 0x24, 0xfd, 0x5c, 0x84, 0x2a, 0xfd,
  0xb1, 0xa2, 0x8d, 0xfd, 0xb2, 0x8e, 0x80, 0xfd, 0x4c, 0x15, 0x05, 0xfb,
  0x6d, 0x21, 0x00, 0xfa, 0xab, 0x46, 0x04, 0xf9, 0xce, 0x60, 0x1c, 0x35,
  0xff, 0xff, 0xaa, 0x03, 0xff, 0xcc, 0x66, 0x05, 0xff, 0xff, 0xaa, 0x03,
  0xff, 0xff, 0xaa, 0x03, 0xff, 0xff, 0xaa, 0x03, 0xff, 0xff, 0xaa, 0x03,
  0xff, 0xff, 0x7f, 0x04, 0xff, 0xcc, 0x33, 0x05, 0xff, 0xcc, 0x66, 0x05,
  0xe9, 0x70, 0x11, 0x3b, 0xa2, 0x47, 0x0a, 0xe3, 0x69, 0x25, 0x07, 0xff,
  0xa9, 0x77, 0x61, 0xff, 0xd9, 0xb4, 0xa1, 0xff, 0xd7, 0xb4, 0xa1, 0xff,
  0xcb, 0xa9, 0x9a, 0xff, 0xd2, 0xb1, 0x9e, 0xfd, 0xce, 0x8d, 0x4e, 0xfd,
  0xbc, 0x66, 0x1c, 0xfd, 0xb1, 0x5f, 0x0e, 0xfd, 0x8f, 0x3d, 0x04, 0xfd,
  0x77, 0x33, 0x03, 0xfd, 0x69, 0x2f, 0x01, 0xfc, 0x7f, 0x36, 0x0b, 0xfc,
  0x82, 0x28, 0x04, 0xfc, 0x98, 0x30, 0x17, 0xfd, 0xb9, 0x2e, 0x25, 0xfd,
  0xbd, 0x50, 0x48, 0xfc, 0xd5, 0x5b, 0x51, 0xfd, 0xf6, 0x62, 0x2e, 0xfd,
  0xfb, 0x3f, 0x00, 0xfc, 0xf9, 0x44, 0x02, 0xfc, 0xfa, 0x6a, 0x01, 0xfd,
  0xfc, 0xc3, 0x03, 0xfd, 0xfb, 0xae, 0x00, 0xfd, 0xfb, 0xda, 0x13, 0xfd,
  0xfb, 0xe5, 0x17, 0xfd, 0xfa, 0xaf, 0x01, 0xfd, 0xff, 0xcb, 0x04, 0xfd,
  0xe7, 0x91, 0x02, 0xfd, 0xc2, 0x66, 0x00, 0xfd, 0xbd, 0x69, 0x00, 0xfd,
  0xd3, 0xbb, 0x02, 0xfd, 0xd3, 0xf0, 0x0d, 0xfc, 0xad, 0xe5, 0x02, 0xfc,
  0x9f, 0xce, 0x02, 0xfc, 0x93, 0x7a, 0x02, 0xfd, 0x7c, 0x29, 0x02, 0xfd,
  0x8a, 0x3f, 0x03, 0xfc, 0x66, 0x2e, 0x01, 0xfc, 0x6e, 0x30, 0x03, 0xfc,
  0x8c, 0x3d, 0x04, 0xfd, 0xb3, 0x63, 0x0e, 0xfd, 0xbb, 0x66, 0x20, 0xfd,
  0xca, 0x86, 0x40, 0xfd, 0xd8, 0xb5, 0x99, 0xfd, 0xcc, 0xaa, 0x9d, 0xff,
  0xd6, 0xb1, 0x9f, 0xff, 0xdc, 0xb7, 0xa4, 0xff, 0xae, 0x79, 0x64, 0xff,
  0x69, 0x24, 0x08, 0xff, 0xaa, 0x50, 0x09, 0xe2, 0xff, 0x86, 0x11, 0x39,
  0xff, 0xff, 0x3f, 0x04, 0xff, 0xff, 0x3f, 0x04, 0xff, 0xff, 0x55, 0x03,
  0xff, 0xff, 0x55, 0x03, 0xff, 0xff, 0xaa, 0x03, 0xff, 0xff, 0xaa, 0x03,
  0xff, 0xff, 0xaa, 0x03, 0xff, 0xff, 0x66, 0x05, 0xff, 0xff, 0x7f, 0x04,
  0xc0, 0x55, 0x1a, 0x39, 0xa9, 0x4a, 0x04, 0xfa, 0x67, 0x21, 0x01, 0xfa,
  0x49, 0x18, 0x05, 0xfb, 0xb8, 0x96, 0x83, 0xfd, 0xac, 0xa5, 0x8b, 0xfd,
  0x54, 0x80, 0x25, 0xfd, 0x5e, 0x95, 0x21, 0xfd, 0x5f, 0x92, 0x22, 0xfd,
  0x8a, 0x8a, 0x5c, 0xfd, 0xbf, 0x9d, 0x8d, 0xfd, 0x4c, 0x25, 0x19, 0xfd,
  0x45, 0x0f, 0x00, 0xf7, 0x9e, 0x41, 0x04, 0xff, 0xaa, 0x45, 0x09, 0x54,
  0x00, 0x00, 0x00, 0x00, 0x7f, 0x3f, 0x00, 0x04, 0x00, 0x00, 0x00, 0x00,
  0x00, 0x00, 0x00, 0x00, 0x00, 0x00, 0x00, 0x00, 0x00, 0x00, 0x00, 0x00,
  0x00, 0x00, 0x00, 0x00, 0x00, 0x00, 0x00, 0x00, 0x7f, 0x7f, 0x00, 0x02,
  0x00, 0x00, 0x00, 0x00, 0xa1, 0x39, 0x02, 0xb7, 0x77, 0x29, 0x00, 0xfe,
  0x27, 0x01, 0x02, 0xf9, 0x94, 0x6c, 0x57, 0xfc, 0x5e, 0x6b, 0x1e, 0xfc,
  0x3f, 0x9e, 0x06, 0xfd, 0xbd, 0xfd, 0x80, 0xfc, 0xd7, 0xff, 0xb2, 0xfd,
  0x99, 0xe7, 0x59, 0xfd, 0x26, 0x6e, 0x00, 0xfd, 0xa6, 0x8f, 0x6c, 0xfd,
  0x7e, 0x53, 0x45, 0xfd, 0x34, 0x02, 0x00, 0xfb, 0x84, 0x2d, 0x08, 0xfd,
  0xd0, 0x6d, 0x27, 0xef, 0xd6, 0x79, 0x2c, 0xd8, 0xd5, 0x79, 0x2d, 0xd9,
  0xd5, 0x7b, 0x31, 0xd9, 0xd8, 0x7b, 0x31, 0xd8, 0xd6, 0x7b, 0x2f, 0xd8,
  0xd6, 0x7a, 0x2e, 0xd8, 0xd3, 0x77, 0x26, 0xd9, 0xcf, 0x73, 0x25, 0xda,
  0xcc, 0x6f, 0x23, 0xda, 0x9d, 0x3f, 0x09, 0xf9, 0x41, 0x06, 0x00, 0xff,
  0x5d, 0x3a, 0x33, 0xf7, 0x98, 0x81, 0x73, 0xf9, 0x79, 0x50, 0x2f, 0xf9,
  0x88, 0x63, 0x30, 0xf9, 0x79, 0x58, 0x2c, 0xfb, 0x7d, 0x5b, 0x43, 0xfd,
  0xa8, 0x8b, 0x7b, 0xfd, 0x61, 0x26, 0x0e, 0xfc, 0x6d, 0x27, 0x04, 0xfc,
  0x71, 0x2b, 0x03, 0xfd, 0x56, 0x1f, 0x01, 0xfc, 0x71, 0x37, 0x0a, 0xfc,
  0xa3, 0x33, 0x01, 0xfc, 0xbb, 0x43, 0x17, 0xfd, 0xc6, 0x34, 0x20, 0xfd,
  0x8f, 0x21, 0x0a, 0xfd, 0xa1, 0x28, 0x1a, 0xfc, 0xdb, 0x4b, 0x25, 0xfc,
  0xe6, 0x22, 0x01, 0xfd, 0xfa, 0x56, 0x02, 0xfd, 0xfc, 0x7a, 0x00, 0xfc,
  0xfc, 0x98, 0x00, 0xfc, 0xfc, 0xb2, 0x03, 0xfc, 0xfc, 0xe4, 0x00, 0xfd,
  0xfc, 0xf4, 0x24, 0xfd, 0xfa, 0xf7, 0x2d, 0xfd, 0xfc, 0xe5, 0x00, 0xfd,
  0xfb, 0xb7, 0x02, 0xfd, 0xf6, 0xac, 0x01, 0xfd, 0xdc, 0x94, 0x00, 0xfd,
  0xb9, 0x78, 0x02, 0xfc, 0x87, 0x53, 0x02, 0xfc, 0xa7, 0xb2, 0x04, 0xfd,
  0x84, 0xcd, 0x02, 0xfd, 0x66, 0xc4, 0x01, 0xfd, 0x89, 0xe3, 0x02, 0xfd,
  0xa8, 0x8f, 0x00, 0xfd, 0xab, 0x3b, 0x00, 0xfc, 0x81, 0x40, 0x04, 0xfc,
  0x57, 0x1f, 0x01, 0xfc, 0x6d, 0x28, 0x03, 0xfd, 0x6f, 0x29, 0x04, 0xfc,
  0x66, 0x28, 0x0c, 0xfd, 0xa0, 0x84, 0x74, 0xfd, 0x80, 0x60, 0x4c, 0xfd,
  0x82, 0x60, 0x33, 0xfc, 0x81, 0x64, 0x35, 0xf9, 0x74, 0x53, 0x33, 0xf9,
  0x9e, 0x85, 0x74, 0xf9, 0x7a, 0x4e, 0x47, 0xf7, 0x3d, 0x07, 0x00, 0xff,
  0x99, 0x44, 0x0c, 0xf9, 0xd2, 0x76, 0x1c, 0xd8, 0xd3, 0x77, 0x1a, 0xd7,
  0xd5, 0x7e, 0x21, 0xd8, 0xda, 0x83, 0x26, 0xd8, 0xda, 0x83, 0x28, 0xd8,
  0xda, 0x83, 0x2d, 0xd7, 0xd8, 0x7e, 0x2f, 0xd8, 0xd6, 0x7d, 0x2e, 0xd8,
  0xd5, 0x7c, 0x2c, 0xd9, 0xcc, 0x6d, 0x24, 0xf3, 0x85, 0x2d, 0x06, 0xfd,
  0x45, 0x08, 0x00, 0xfb, 0x79, 0x52, 0x3d, 0xfd, 0x91, 0x7e, 0x5a, 0xfd,
  0x25, 0x74, 0x00, 0xfd, 0x92, 0xeb, 0x4c, 0xfd, 0xd1, 0xff, 0xab, 0xfc,
  0xbd, 0xfa, 0x87, 0xfd, 0x3c, 0x96, 0x07, 0xfd, 0x65, 0x69, 0x26, 0xfd,
  0x8b, 0x63, 0x53, 0xfd, 0x21, 0x02, 0x02, 0xf9, 0x6c, 0x27, 0x01, 0xfe,
  0x9a, 0x3a, 0x02, 0xbf, 0x00, 0x00, 0x00, 0x00, 0x7f, 0x00, 0x00, 0x02,
  0x00, 0x00, 0x00, 0x00, 0x00, 0x00, 0x00, 0x00, 0x00, 0x00, 0x00, 0x00,
  0x00, 0x00, 0x00, 0x00, 0x00, 0x00, 0x00, 0x00, 0xff, 0x00, 0x00, 0x01,
  0x00, 0x00, 0x00, 0x00, 0xbf, 0x3f, 0x0f, 0x10, 0x92, 0x2b, 0x02, 0xe8,
  0x4c, 0x11, 0x00, 0xff, 0x3f, 0x19, 0x15, 0xfc, 0x7c, 0x5d, 0x34, 0xfd,
  0x1c, 0x6d, 0x00, 0xfc, 0x5b, 0xdc, 0x0e, 0xfc, 0x8b, 0xf4, 0x1e, 0xfd,
  0x8a, 0xf0, 0x22, 0xfd, 0x89, 0xf4, 0x22, 0xfd, 0x35, 0xb0, 0x02, 0xfd,
  0x32, 0x4a, 0x09, 0xfd, 0x97, 0x61, 0x42, 0xfc, 0x83, 0x22, 0x00, 0xfd,
  0xa4, 0x29, 0x00, 0xfc, 0xad, 0x31, 0x00, 0xff, 0xba, 0x39, 0x00, 0xff,
  0xba, 0x3a, 0x00, 0xff, 0xbc, 0x3c, 0x00, 0xff, 0xb8, 0x38, 0x00, 0xff,
  0xb8, 0x38, 0x00, 0xff, 0xb4, 0x36, 0x00, 0xff, 0xb0, 0x35, 0x00, 0xff,
  0xab, 0x32, 0x00, 0xff, 0x9f, 0x2c, 0x00, 0xff, 0x8d, 0x20, 0x00, 0xfe,
  0x72, 0x10, 0x00, 0xfb, 0x7e, 0x4d, 0x30, 0xfd, 0x57, 0x1c, 0x00, 0xfd,
  0xed, 0xab, 0x06, 0xfd, 0xf8, 0xd3, 0x1d, 0xfd, 0xff, 0xdd, 0x21, 0xfd,
  0xb4, 0x68, 0x00, 0xfd, 0x55, 0x29, 0x19, 0xfd, 0x7f, 0x32, 0x12, 0xfc,
  0x7f, 0x1e, 0x00, 0xfc, 0x79, 0x1e, 0x00, 0xfd, 0x7b, 0x2c, 0x01, 0xfd,
  0xba, 0x4d, 0x00, 0xfd, 0xde, 0x7b, 0x1c, 0xfd, 0xfd, 0x91, 0x3a, 0xfc,
  0xd3, 0x3e, 0x13, 0xfc, 0xa0, 0x26, 0x00, 0xfd, 0xe4, 0x62, 0x18, 0xfd,
  0xf5, 0x3a, 0x04, 0xfc, 0xeb, 0x24, 0x00, 0xfc, 0xfd, 0x79, 0x00, 0xfd,
  0xfc, 0xd0, 0x00, 0xfd, 0xfc, 0xcf, 0x00, 0xfc, 0xfc, 0xda, 0x00, 0xfc,
  0xfc, 0xf8, 0x0e, 0xfd, 0xfc, 0xfc, 0x8f, 0xfd, 0xfb, 0xfb, 0xa0, 0xfd,
  0xfb, 0xf9, 0x0f, 0xfc, 0xfc, 0xd7, 0x00, 0xfd, 0xff, 0xc8, 0x01, 0xfd,
  0xff, 0xd1, 0x00, 0xfd, 0xc8, 0x94, 0x00, 0xfc, 0x84, 0x5b, 0x00, 0xfc,
  0x83, 0x6c, 0x03, 0xfd, 0xa3, 0xcd, 0x0d, 0xfd, 0x64, 0xd2, 0x00, 0xfd,
  0x76, 0xec, 0x02, 0xfc, 0xd9, 0xff, 0x26, 0xfd, 0xe8, 0xa3, 0x1b, 0xfd,
  0xc4, 0x55, 0x00, 0xfc, 0x86, 0x36, 0x01, 0xfd, 0x74, 0x1b, 0x00, 0xfd,
  0x7b, 0x1e, 0x00, 0xfd, 0x6f, 0x2a, 0x0d, 0xfd, 0x5e, 0x36, 0x27, 0xfd,
  0xa1, 0x58, 0x00, 0xfd, 0xff, 0xe0, 0x25, 0xfd, 0xf9, 0xdc, 0x24, 0xfd,
  0xee, 0xbb, 0x11, 0xfd, 0x67, 0x2d, 0x00, 0xfd, 0x83, 0x59, 0x3f, 0xfd,
  0x64, 0x10, 0x00, 0xfb, 0x88, 0x1c, 0x00, 0xfd, 0xa0, 0x2c, 0x00, 0xff,
  0xa8, 0x31, 0x00, 0xff, 0xad, 0x35, 0x00, 0xff, 0xb1, 0x38, 0x00, 0xff,
  0xb5, 0x3b, 0x00, 0xff, 0xb8, 0x3c, 0x00, 0xff, 0xb7, 0x3b, 0x00, 0xff,
  0xb2, 0x38, 0x00, 0xff, 0xb0, 0x37, 0x00, 0xff, 0xae, 0x32, 0x00, 0xff,
  0xa4, 0x29, 0x00, 0xfb, 0x89, 0x25, 0x00, 0xfc, 0x9a, 0x6b, 0x35, 0xfc,
  0x30, 0x4a, 0x07, 0xfc, 0x32, 0xab, 0x02, 0xfd, 0x81, 0xf4, 0x18, 0xfd,
  0x86, 0xf1, 0x1e, 0xfd, 0x8d, 0xf6, 0x24, 0xfd, 0x52, 0xd4, 0x10, 0xfd,
  0x16, 0x61, 0x00, 0xfd, 0x7a, 0x58, 0x35, 0xfd, 0x3a, 0x18, 0x13, 0xfb,
  0x3f, 0x0e, 0x00, 0xff, 0x82, 0x29, 0x01, 0xed, 0xaa, 0x30, 0x00, 0x15,
  0x00, 0x00, 0x00, 0x00, 0xff, 0x00, 0x00, 0x01, 0x00, 0x00, 0x00, 0x00,
  0x00, 0x00, 0x00, 0x00, 0x00, 0x00, 0x00, 0x00, 0x00, 0x00, 0x00, 0x00,
  0x7f, 0x00, 0x00, 0x02, 0x00, 0x00, 0x00, 0x00, 0xc2, 0x43, 0x06, 0x26,
  0x88, 0x28, 0x02, 0xf8, 0x3b, 0x07, 0x00, 0xfd, 0x4e, 0x24, 0x18, 0xfc,
  0x62, 0x61, 0x1e, 0xfd, 0x1c, 0x7f, 0x01, 0xfc, 0x24, 0xae, 0x00, 0xfc,
  0x2c, 0xce, 0x00, 0xfd, 0x35, 0xda, 0x00, 0xfd, 0x26, 0xc4, 0x00, 0xfc,
  0x1e, 0x97, 0x00, 0xfc, 0x22, 0x5d, 0x06, 0xfd, 0xa4, 0x60, 0x1d, 0xfd,
  0xfb, 0xbb, 0x10, 0xfd, 0xff, 0xf1, 0x6a, 0xfd, 0xff, 0xec, 0x71, 0xfc,
  0xfd, 0xeb, 0x71, 0xfb, 0xff, 0xef, 0x76, 0xfb, 0xff, 0xef, 0x70, 0xfb,
  0xff, 0xec, 0x73, 0xfb, 0xff, 0xec, 0x76, 0xfb, 0xff, 0xec, 0x71, 0xfb,
  0xff, 0xeb, 0x71, 0xfb, 0xfc, 0xe9, 0x70, 0xfb, 0xff, 0xea, 0x73, 0xfb,
  0xfc, 0xe5, 0x62, 0xfc, 0xff, 0xe7, 0x31, 0xfd, 0xb3, 0x78, 0x20, 0xfd,
  0x6e, 0x26, 0x0a, 0xfd, 0xff, 0xac, 0x00, 0xfd, 0xf8, 0xc6, 0x00, 0xfd,
  0xff, 0xce, 0x00, 0xfd, 0xd1, 0x74, 0x01, 0xfd, 0x77, 0x2f, 0x0d, 0xfd,
  0xfc, 0xce, 0x18, 0xfd, 0xfb, 0xe7, 0x58, 0xfd, 0xff, 0xeb, 0x5e, 0xfd,
  0xd6, 0x7c, 0x06, 0xfd, 0xe8, 0x66, 0x1c, 0xfd, 0xff, 0xf8, 0xbd, 0xfd,
  0xfa, 0xc7, 0x93, 0xfc, 0xec, 0x88, 0x56, 0xfc, 0xec, 0x83, 0x44, 0xfd,
  0xea, 0x7c, 0x23, 0xfd, 0xde, 0x58, 0x0b, 0xfd, 0xe4, 0x5d, 0x0a, 0xfc,
  0xed, 0x97, 0x20, 0xfd, 0xfc, 0xdd, 0x1b, 0xfd, 0xfb, 0xd5, 0x15, 0xfc,
  0xfb, 0xea, 0x1f, 0xfd, 0xfb, 0xf8, 0x52, 0xfd, 0xfc, 0xfb, 0xed, 0xfd,
  0xfc, 0xfb, 0xf5, 0xfd, 0xfc, 0xfb, 0x63, 0xfc, 0xf8, 0xf7, 0x26, 0xfd,
  0xea, 0xe2, 0x10, 0xfd, 0xe6, 0xe9, 0x0c, 0xfd, 0xc4, 0xc1, 0x15, 0xfc,
  0x91, 0x93, 0x02, 0xfc, 0x7a, 0x90, 0x03, 0xfc, 0x84, 0xab, 0x0e, 0xfd,
  0xac, 0xf8, 0x3f, 0xfd, 0xb2, 0xf9, 0x58, 0xfc, 0xdf, 0xf8, 0x99, 0xfc,
  0xff, 0xff, 0xd7, 0xfd, 0xe9, 0x77, 0x22, 0xfd, 0xcf, 0x6f, 0x01, 0xfd,
  0xff, 0xea, 0x49, 0xfd, 0xfd, 0xe5, 0x65, 0xfd, 0xf8, 0xd2, 0x2e, 0xfd,
  0x69, 0x33, 0x0f, 0xfd, 0xc7, 0x70, 0x03, 0xfd, 0xff, 0xd3, 0x00, 0xfd,
  0xf8, 0xd1, 0x00, 0xfc, 0xff, 0xbf, 0x00, 0xfc, 0x7d, 0x34, 0x0b, 0xfd,
  0x9b, 0x6a, 0x21, 0xfd, 0xff, 0xe5, 0x30, 0xfd, 0xfa, 0xe5, 0x69, 0xfc,
  0xf8, 0xe6, 0x72, 0xfb, 0xfa, 0xe9, 0x73, 0xfb, 0xfb, 0xea, 0x73, 0xfb,
  0xfc, 0xeb, 0x72, 0xfb, 0xfd, 0xeb, 0x73, 0xfb, 0xfd, 0xec, 0x73, 0xfb,
  0xfd, 0xeb, 0x72, 0xfb, 0xfd, 0xeb, 0x73, 0xfb, 0xff, 0xed, 0x75, 0xfb,
  0xfd, 0xe9, 0x6d, 0xfc, 0xff, 0xf0, 0x72, 0xfd, 0xf8, 0xb9, 0x18, 0xfd,
  0x99, 0x5f, 0x18, 0xfd, 0x28, 0x65, 0x06, 0xfc, 0x22, 0x98, 0x00, 0xfc,
  0x29, 0xc5, 0x00, 0xfd, 0x35, 0xda, 0x00, 0xfd, 0x2b, 0xd2, 0x00, 0xfc,
  0x21, 0xad, 0x00, 0xfc, 0x18, 0x7b, 0x02, 0xfc, 0x58, 0x50, 0x1b, 0xfd,
  0x41, 0x1d, 0x16, 0xfb, 0x32, 0x07, 0x00, 0xfd, 0x7b, 0x27, 0x02, 0xf9,
  0xa7, 0x37, 0x06, 0x29, 0x00, 0x00, 0x00, 0x00, 0x7f, 0x00, 0x00, 0x02,
  0x00, 0x00, 0x00, 0x00, 0x00, 0x00, 0x00, 0x00, 0x00, 0x00, 0x00, 0x00,
  0x00, 0x00, 0x00, 0x00, 0x7f, 0x00, 0x00, 0x02, 0x00, 0x00, 0x00, 0x00,
  0xcc, 0x48, 0x07, 0x23, 0x96, 0x2c, 0x01, 0xf6, 0x42, 0x08, 0x00, 0xfd,
  0x50, 0x20, 0x10, 0xfc, 0x6a, 0x68, 0x19, 0xfc, 0x25, 0xad, 0x00, 0xfc,
  0x30, 0xd5, 0x01, 0xfc, 0x33, 0xe4, 0x00, 0xfc, 0x3b, 0xea, 0x00, 0xfc,
  0x30, 0xda, 0x00, 0xfc, 0x31, 0xc9, 0x01, 0xfd, 0x3c, 0x87, 0x04, 0xfd,
  0x90, 0x4d, 0x1b, 0xfd, 0xcd, 0x6d, 0x05, 0xfd, 0xe8, 0x99, 0x20, 0xfd,
  0xdc, 0x90, 0x21, 0xfb, 0xdf, 0x97, 0x22, 0xfa, 0xdd, 0x96, 0x23, 0xfa,
  0xdc, 0x95, 0x22, 0xfa, 0xdc, 0x94, 0x24, 0xfa, 0xdc, 0x93, 0x24, 0xfa,
  0xdc, 0x95, 0x22, 0xfa, 0xda, 0x95, 0x22, 0xfa, 0xdb, 0x96, 0x22, 0xfa,
  0xd9, 0x93, 0x23, 0xfa, 0xdb, 0x92, 0x1c, 0xfc, 0xdc, 0x8f, 0x07, 0xfc,
  0x98, 0x5a, 0x1c, 0xfc, 0x75, 0x27, 0x07, 0xfd, 0xff, 0xc5, 0x02, 0xfd,
  0xff, 0xef, 0x04, 0xfd, 0xff, 0xef, 0x04, 0xfd, 0xdc, 0x8a, 0x02, 0xfd,
  0x6c, 0x27, 0x0f, 0xfd, 0xd2, 0x80, 0x08, 0xfd, 0xe1, 0x91, 0x16, 0xfd,
  0xdb, 0x92, 0x18, 0xfd, 0xd1, 0x67, 0x02, 0xfd, 0xec, 0x7a, 0x0d, 0xfd,
  0xf4, 0xc7, 0x71, 0xfd, 0xff, 0xbd, 0x30, 0xfc, 0xd0, 0x4a, 0x0d, 0xfc,
  0x94, 0x24, 0x07, 0xfc, 0xa0, 0x20, 0x04, 0xfd, 0x76, 0x05, 0x02, 0xfd,
  0x76, 0x00, 0x02, 0xfc, 0xa8, 0x11, 0x03, 0xfc, 0xf6, 0x67, 0x02, 0xfd,
  0xf7, 0x67, 0x02, 0xfd, 0xf8, 0x8c, 0x04, 0xfd, 0xfc, 0xdd, 0x00, 0xfd,
  0xfb, 0xfd, 0x6a, 0xfd, 0xfd, 0xfb, 0x7a, 0xfd, 0xf3, 0xf5, 0x02, 0xfd,
  0xc4, 0xc9, 0x05, 0xfc, 0x9b, 0xb2, 0x03, 0xfc, 0x86, 0xb4, 0x02, 0xfd,
  0x44, 0x60, 0x03, 0xfc, 0x2b, 0x3f, 0x02, 0xfc, 0x2a, 0x46, 0x01, 0xfc,
  0x31, 0x87, 0x02, 0xfd, 0x2d, 0xc2, 0x08, 0xfc, 0x4f, 0xe7, 0x09, 0xfc,
  0xc5, 0xff, 0x53, 0xfc, 0xf5, 0xd9, 0x97, 0xfd, 0xe9, 0x7d, 0x0e, 0xfd,
  0xc6, 0x55, 0x01, 0xfd, 0xdb, 0x8f, 0x11, 0xfd, 0xe1, 0x94, 0x1b, 0xfd,
  0xd2, 0x8a, 0x11, 0xfd, 0x69, 0x2e, 0x14, 0xfd, 0xcd, 0x7e, 0x01, 0xfd,
  0xff, 0xf7, 0x04, 0xfc, 0xfa, 0xf1, 0x03, 0xfc, 0xff, 0xdc, 0x02, 0xfc,
  0x81, 0x3a, 0x07, 0xfd, 0x93, 0x59, 0x26, 0xfd, 0xda, 0x8c, 0x0a, 0xfd,
  0xdc, 0x8f, 0x1f, 0xfc, 0xdc, 0x94, 0x26, 0xfa, 0xdc, 0x95, 0x26, 0xfa,
  0xde, 0x96, 0x25, 0xfa, 0xdd, 0x97, 0x26, 0xfa, 0xde, 0x97, 0x25, 0xfa,
  0xdd, 0x97, 0x24, 0xfa, 0xde, 0x97, 0x25, 0xfa, 0xdf, 0x9a, 0x24, 0xfa,
  0xdd, 0x96, 0x23, 0xfa, 0xe2, 0x99, 0x22, 0xfb, 0xe4, 0x9f, 0x24, 0xfd,
  0xd0, 0x70, 0x06, 0xfd, 0x9d, 0x59, 0x20, 0xfd, 0x35, 0x86, 0x06, 0xfc,
  0x33, 0xcd, 0x01, 0xfc, 0x32, 0xde, 0x00, 0xfc, 0x39, 0xe8, 0x00, 0xfc,
  0x35, 0xe2, 0x00, 0xfc, 0x2f, 0xd2, 0x02, 0xfc, 0x25, 0xa0, 0x00, 0xfc,
  0x69, 0x5f, 0x1e, 0xfd, 0x42, 0x1c, 0x0f, 0xfc, 0x38, 0x0a, 0x00, 0xfe,
  0x88, 0x2c, 0x02, 0xf4, 0xa5, 0x3c, 0x07, 0x22, 0x00, 0x00, 0x00, 0x00,
  0x7f, 0x00, 0x00, 0x02, 0x00, 0x00, 0x00, 0x00, 0x00, 0x00, 0x00, 0x00,
  0x00, 0x00, 0x00, 0x00, 0x00, 0x00, 0x00, 0x00, 0xff, 0x00, 0x00, 0x01,
  0x00, 0x00, 0x00, 0x00, 0xff, 0x5f, 0x00, 0x08, 0xac, 0x36, 0x01, 0xdc,
  0x5a, 0x14, 0x00, 0xfe, 0x3d, 0x0e, 0x03, 0xfb, 0xa2, 0x72, 0x27, 0xfd,
  0x49, 0xb4, 0x07, 0xfd, 0x64, 0xff, 0x03, 0xfd, 0x7e, 0xfb, 0x18, 0xfd,
  0x88, 0xfb, 0x1d, 0xfc, 0x7c, 0xff, 0x11, 0xfc, 0x52, 0xe7, 0x00, 0xfd,
  0x6a, 0x86, 0x1a, 0xfd, 0x96, 0x4d, 0x22, 0xfd, 0x47, 0x00, 0x00, 0xfd,
  0x73, 0x05, 0x00, 0xfb, 0x99, 0x1b, 0x00, 0xff, 0xa0, 0x22, 0x00, 0xff,
  0x9d, 0x23, 0x00, 0xff, 0x9d, 0x24, 0x00, 0xff, 0x97, 0x21, 0x00, 0xff,
  0x97, 0x21, 0x00, 0xff, 0x94, 0x21, 0x00, 0xff, 0x92, 0x22, 0x00, 0xff,
  0x8c, 0x20, 0x00, 0xff, 0x81, 0x19, 0x00, 0xff, 0x58, 0x01, 0x00, 0xff,
  0x29, 0x00, 0x00, 0xfa, 0x83, 0x49, 0x2d, 0xfd, 0x72, 0x2f, 0x1c, 0xfd,
  0xd6, 0x88, 0x00, 0xfd, 0xe9, 0xb8, 0x00, 0xfd, 0xf2, 0xbc, 0x00, 0xfd,
  0x9b, 0x50, 0x00, 0xfd, 0x62, 0x39, 0x2c, 0xfd, 0x4b, 0x10, 0x09, 0xfd,
  0x3e, 0x00, 0x00, 0xfd, 0x48, 0x00, 0x00, 0xfd, 0x42, 0x00, 0x00, 0xfc,
  0xbc, 0x63, 0x00, 0xfd, 0xdb, 0x72, 0x02, 0xfc, 0xe8, 0xb0, 0x08, 0xfc,
  0xfc, 0x77, 0x00, 0xfc, 0xbd, 0x30, 0x00, 0xfc, 0xa3, 0x25, 0x00, 0xfc,
  0xab, 0x1c, 0x00, 0xfd, 0x78, 0x05, 0x00, 0xfd, 0xa2, 0x0d, 0x00, 0xfc,
  0xc7, 0x2c, 0x00, 0xfd, 0xf5, 0x6c, 0x00, 0xfd, 0xf8, 0x6f, 0x01, 0xfd,
  0xfd, 0xbd, 0x00, 0xfd, 0xfc, 0xe6, 0x11, 0xfd, 0xf6, 0xf5, 0x17, 0xfd,
  0xdb, 0xe3, 0x00, 0xfd, 0x9f, 0xb9, 0x02, 0xfd, 0x83, 0xb6, 0x02, 0xfc,
  0x55, 0x74, 0x02, 0xfc, 0x35, 0x4c, 0x01, 0xfc, 0x2b, 0x3c, 0x01, 0xfc,
  0x30, 0x6e, 0x01, 0xfc, 0x28, 0xa7, 0x01, 0xfd, 0x27, 0xc2, 0x00, 0xfc,
  0x6c, 0xfa, 0x05, 0xfc, 0xc5, 0xdd, 0x33, 0xfc, 0xc3, 0x72, 0x09, 0xfd,
  0xb4, 0x62, 0x00, 0xfd, 0x3d, 0x06, 0x01, 0xfc, 0x3a, 0x00, 0x00, 0xfd,
  0x3a, 0x00, 0x00, 0xfc, 0x43, 0x0c, 0x05, 0xfd, 0x6d, 0x41, 0x31, 0xfd,
  0x95, 0x4a, 0x00, 0xfd, 0xf3, 0xc1, 0x00, 0xfd, 0xec, 0xc1, 0x00, 0xfd,
  0xde, 0x9d, 0x00, 0xfd, 0x68, 0x31, 0x15, 0xfd, 0x7a, 0x4c, 0x31, 0xfd,
  0x2d, 0x00, 0x00, 0xfb, 0x59, 0x00, 0x00, 0xff, 0x80, 0x15, 0x00, 0xff,
  0x8f, 0x1b, 0x00, 0xff, 0x94, 0x1f, 0x00, 0xff, 0x97, 0x22, 0x00, 0xff,
  0x9c, 0x24, 0x00, 0xff, 0x9a, 0x22, 0x00, 0xff, 0x9c, 0x22, 0x00, 0xff,
  0x9c, 0x22, 0x00, 0xff, 0x9d, 0x23, 0x00, 0xff, 0x95, 0x1a, 0x00, 0xff,
  0x6c, 0x03, 0x00, 0xfb, 0x56, 0x02, 0x00, 0xfd, 0xa3, 0x55, 0x25, 0xfd,
  0x67, 0x8c, 0x1d, 0xfd, 0x55, 0xef, 0x00, 0xfd, 0x77, 0xff, 0x0f, 0xfc,
  0x87, 0xfb, 0x20, 0xfc, 0x7d, 0xfb, 0x17, 0xfd, 0x61, 0xfd, 0x00, 0xfd,
  0x4b, 0xa5, 0x09, 0xfd, 0x96, 0x60, 0x2f, 0xfd, 0x2e, 0x0a, 0x01, 0xfb,
  0x55, 0x19, 0x01, 0xfe, 0x9e, 0x36, 0x01, 0xdd, 0xaa, 0x38, 0x00, 0x09,
  0x00, 0x00, 0x00, 0x00, 0x00, 0x00, 0x00, 0x01, 0x00, 0x00, 0x00, 0x00,
  0x00, 0x00, 0x00, 0x00, 0x00, 0x00, 0x00, 0x00, 0x00, 0x00, 0x00, 0x00,
  0x00, 0x00, 0x00, 0x00, 0xff, 0x55, 0x00, 0x03, 0x00, 0x00, 0x00, 0x00,
  0xcd, 0x46, 0x01, 0x95, 0x91, 0x2b, 0x01, 0xff, 0x24, 0x00, 0x00, 0xf9,
  0x88, 0x44, 0x15, 0xfd, 0xb7, 0x9c, 0x3a, 0xfd, 0x7d, 0xcc, 0x1d, 0xfd,
  0xb8, 0xf4, 0x69, 0xfd, 0xce, 0xf7, 0x97, 0xfd, 0x9c, 0xe6, 0x40, 0xfd,
  0x76, 0xa9, 0x19, 0xfd, 0xb7, 0x7a, 0x35, 0xfd, 0x56, 0x1f, 0x06, 0xfc,
  0x4d, 0x10, 0x01, 0xfa, 0x96, 0x2c, 0x02, 0xff, 0xba, 0x47, 0x04, 0xdd,
  0xb9, 0x53, 0x04, 0xb8, 0xbb, 0x58, 0x05, 0xbc, 0xbd, 0x5b, 0x06, 0xba,
  0xba, 0x59, 0x05, 0xb9, 0xb7, 0x58, 0x04, 0xb9, 0xb9, 0x5b, 0x05, 0xbb,
  0xb9, 0x5b, 0x05, 0xba, 0xb2, 0x56, 0x04, 0xba, 0xad, 0x4f, 0x05, 0xb9,
  0x9b, 0x39, 0x03, 0xe7, 0x53, 0x11, 0x01, 0xff, 0x5c, 0x28, 0x0e, 0xf9,
  0xaf, 0x7a, 0x48, 0xfa, 0x80, 0x45, 0x38, 0xfa, 0x7e, 0x43, 0x2d, 0xfa,
  0x80, 0x42, 0x2d, 0xfc, 0x88, 0x56, 0x42, 0xfd, 0x89, 0x57, 0x32, 0xfd,
  0x55, 0x1c, 0x01, 0xfd, 0x74, 0x2f, 0x01, 0xfd, 0x6e, 0x2b, 0x02, 0xfc,
  0x45, 0x17, 0x01, 0xfc, 0x41, 0x0e, 0x01, 0xfd, 0xae, 0x50, 0x00, 0xfd,
  0x97, 0x4a, 0x06, 0xfd, 0xe4, 0x94, 0x07, 0xfc, 0xff, 0x6c, 0x00, 0xfd,
  0xe7, 0x57, 0x00, 0xfd, 0xe8, 0x42, 0x00, 0xfc, 0xc6, 0x1f, 0x01, 0xfd,
  0xab, 0x17, 0x00, 0xfd, 0xa0, 0x0b, 0x00, 0xfd, 0xd1, 0x51, 0x01, 0xfd,
  0xff, 0x9d, 0x01, 0xfd, 0xf6, 0x7d, 0x00, 0xfd, 0xff, 0xc1, 0x07, 0xfd,
  0xe3, 0xe7, 0x09, 0xfd, 0xa5, 0xb8, 0x00, 0xfd, 0xa8, 0xe0, 0x01, 0xfd,
  0x69, 0x9b, 0x01, 0xfd, 0x37, 0x49, 0x01, 0xfc, 0x37, 0x5a, 0x01, 0xfc,
  0x31, 0x77, 0x00, 0xfc, 0x3e, 0xbf, 0x02, 0xfc, 0x45, 0xce, 0x01, 0xfd,
  0x47, 0xf0, 0x01, 0xfd, 0x90, 0xe1, 0x0c, 0xfd, 0x7d, 0x50, 0x0c, 0xfd,
  0xa7, 0x51, 0x00, 0xfd, 0x43, 0x13, 0x01, 0xfd, 0x3e, 0x18, 0x01, 0xfd,
  0x67, 0x2c, 0x02, 0xfd, 0x74, 0x31, 0x02, 0xfc, 0x55, 0x1a, 0x00, 0xfc,
  0x91, 0x5d, 0x30, 0xfd, 0x91, 0x60, 0x46, 0xfd, 0x85, 0x43, 0x2a, 0xfb,
  0x85, 0x48, 0x28, 0xfa, 0x7d, 0x47, 0x30, 0xfa, 0xa0, 0x69, 0x3b, 0xf9,
  0x5a, 0x24, 0x0c, 0xf9, 0x53, 0x12, 0x01, 0xff, 0x9f, 0x39, 0x03, 0xe8,
  0xb3, 0x4c, 0x04, 0xbd, 0xb5, 0x52, 0x04, 0xbc, 0xb6, 0x55, 0x05, 0xb8,
  0xb9, 0x59, 0x05, 0xba, 0xb9, 0x56, 0x05, 0xbc, 0xb6, 0x57, 0x04, 0xbb,
  0xb8, 0x55, 0x05, 0xbb, 0xb9, 0x57, 0x05, 0xbb, 0xba, 0x59, 0x05, 0xb7,
  0xaf, 0x44, 0x04, 0xdb, 0x98, 0x2d, 0x02, 0xff, 0x4c, 0x10, 0x01, 0xfb,
  0x64, 0x25, 0x06, 0xfd, 0xc9, 0x87, 0x38, 0xfd, 0x72, 0xa4, 0x18, 0xfd,
  0xa2, 0xea, 0x39, 0xfd, 0xcf, 0xf8, 0x9c, 0xfd, 0xb9, 0xf3, 0x6a, 0xfd,
  0x82, 0xd1, 0x1b, 0xfd, 0xac, 0x93, 0x36, 0xfd, 0x72, 0x36, 0x16, 0xfd,
  0x22, 0x03, 0x00, 0xf8, 0x89, 0x30, 0x01, 0xff, 0xb3, 0x3e, 0x01, 0x97,
  0x00, 0x00, 0x00, 0x00, 0xaa, 0x55, 0x00, 0x03, 0x00, 0x00, 0x00, 0x00,
  0x00, 0x00, 0x00, 0x00, 0x00, 0x00, 0x00, 0x00, 0x00, 0x00, 0x00, 0x00,
  0x00, 0x00, 0x00, 0x00, 0x00, 0x00, 0x00, 0x00, 0xff, 0x7f, 0x00, 0x02,
  0x00, 0x00, 0x00, 0x00, 0xdf, 0x4c, 0x06, 0x28, 0xc4, 0x46, 0x02, 0xfa,
  0x64, 0x19, 0x00, 0xfb, 0x32, 0x06, 0x00, 0xfb, 0x97, 0x53, 0x1a, 0xfd,
  0xcb, 0x9c, 0x4a, 0xfd, 0xaf, 0xb5, 0x48, 0xfd, 0xaf, 0xbc, 0x4e, 0xfd,
  0xb3, 0xa8, 0x41, 0xfd, 0xc5, 0x82, 0x32, 0xfd, 0x68, 0x30, 0x06, 0xfd,
  0x3b, 0x0a, 0x00, 0xf9, 0x87, 0x28, 0x01, 0xfd, 0xb8, 0x38, 0x01, 0xef,
  0x5b, 0x00, 0x00, 0x1c, 0x00, 0x00, 0x00, 0x00, 0x00, 0x00, 0x00, 0x00,
  0x00, 0x00, 0x00, 0x00, 0x00, 0x00, 0x00, 0x00, 0x00, 0x00, 0x00, 0x00,
  0x00, 0x00, 0x00, 0x00, 0x00, 0x00, 0x00, 0x00, 0x00, 0x00, 0x00, 0x00,
  0x00, 0x00, 0x00, 0x00, 0xec, 0x5b, 0x09, 0x1c, 0xae, 0x40, 0x03, 0xc7,
  0x62, 0x1c, 0x00, 0xff, 0x80, 0x3c, 0x0c, 0xff, 0xb7, 0x6c, 0x31, 0xff,
  0xb2, 0x68, 0x34, 0xff, 0x9d, 0x61, 0x32, 0xff, 0x8a, 0x53, 0x27, 0xfd,
  0x7c, 0x36, 0x01, 0xfd, 0x87, 0x39, 0x01, 0xfd, 0x88, 0x35, 0x01, 0xfd,
  0x62, 0x1d, 0x00, 0xfd, 0x48, 0x15, 0x00, 0xfc, 0x34, 0x10, 0x01, 0xfc,
  0x47, 0x15, 0x01, 0xfd, 0x9d, 0x3d, 0x00, 0xfd, 0x7c, 0x40, 0x04, 0xfd,
  0xe6, 0x89, 0x04, 0xfd, 0xff, 0x86, 0x00, 0xfc, 0xfc, 0x9e, 0x01, 0xfc,
  0xfa, 0x7d, 0x01, 0xfd, 0xd5, 0x2f, 0x00, 0xfd, 0xb9, 0x17, 0x00, 0xfd,
  0xbf, 0x24, 0x00, 0xfd, 0xe9, 0x7e, 0x01, 0xfd, 0xfb, 0x7d, 0x00, 0xfd,
  0xfd, 0xa4, 0x02, 0xfd, 0xc8, 0xda, 0x05, 0xfd, 0x94, 0xc7, 0x01, 0xfc,
  0x86, 0xbe, 0x02, 0xfd, 0x48, 0x77, 0x01, 0xfc, 0x3c, 0x64, 0x00, 0xfc,
  0x3d, 0x7f, 0x00, 0xfc, 0x7e, 0xde, 0x07, 0xfc, 0xa8, 0xf6, 0x04, 0xfc,
  0x78, 0xf7, 0x01, 0xfc, 0x79, 0xe2, 0x02, 0xfd, 0x61, 0x48, 0x01, 0xfc,
  0x91, 0x3b, 0x00, 0xfd, 0x4d, 0x1e, 0x02, 0xfd, 0x2d, 0x0e, 0x00, 0xfd,
  0x3d, 0x15, 0x00, 0xfd, 0x5d, 0x1c, 0x00, 0xfd, 0x83, 0x32, 0x00, 0xfc,
  0x82, 0x32, 0x01, 0xfc, 0x83, 0x37, 0x01, 0xfc, 0x95, 0x5e, 0x2c, 0xfc,
  0x99, 0x5d, 0x2f, 0xff, 0xb2, 0x67, 0x2b, 0xff, 0xb7, 0x6b, 0x26, 0xff,
  0x86, 0x3a, 0x07, 0xff, 0x6f, 0x21, 0x00, 0xff, 0xaf, 0x40, 0x02, 0xc6,
  0xe5, 0x5d, 0x00, 0x1e, 0x00, 0x00, 0x00, 0x00, 0x00, 0x00, 0x00, 0x00,
  0x00, 0x00, 0x00, 0x00, 0x00, 0x00, 0x00, 0x00, 0x00, 0x00, 0x00, 0x00,
  0x00, 0x00, 0x00, 0x00, 0x00, 0x00, 0x00, 0x00, 0x00, 0x00, 0x00, 0x00,
  0x00, 0x00, 0x00, 0x00, 0x6b, 0x09, 0x00, 0x1a, 0xbc, 0x3d, 0x01, 0xec,
  0x8e, 0x2b, 0x00, 0xfd, 0x38, 0x06, 0x00, 0xf9, 0x6f, 0x33, 0x09, 0xfd,
  0xd5, 0x8b, 0x3b, 0xfd, 0xb7, 0xa9, 0x44, 0xfd, 0xad, 0xb9, 0x43, 0xfd,
  0xac, 0xaf, 0x3c, 0xfd, 0xc4, 0x95, 0x3a, 0xfd, 0x81, 0x43, 0x12, 0xfd,
  0x2b, 0x06, 0x00, 0xfb, 0x62, 0x21, 0x00, 0xfb, 0xad, 0x46, 0x03, 0xf7,
  0xb3, 0x44, 0x0d, 0x25, 0xff, 0x00, 0x00, 0x01, 0x7f, 0x7f, 0x00, 0x02,
  0x00, 0x00, 0x00, 0x00, 0x00, 0x00, 0x00, 0x00, 0x00, 0x00, 0x00, 0x00,
  0x00, 0x00, 0x00, 0x00, 0x00, 0x00, 0x00, 0x00, 0x00, 0x00, 0x00, 0x00,
  0x00, 0x00, 0x00, 0x00, 0xff, 0x7f, 0x00, 0x02, 0x00, 0x00, 0x00, 0x00,
  0xd7, 0x55, 0x07, 0x68, 0xc7, 0x51, 0x06, 0xff, 0x5f, 0x1a, 0x00, 0xfc,
  0x33, 0x02, 0x00, 0xf9, 0x63, 0x25, 0x04, 0xfc, 0x90, 0x4d, 0x1b, 0xfc,
  0x9b, 0x5b, 0x20, 0xfc, 0x85, 0x44, 0x12, 0xfc, 0x49, 0x16, 0x00, 0xfb,
  0x3b, 0x0a, 0x00, 0xf8, 0x83, 0x2d, 0x01, 0xfe, 0xbc, 0x49, 0x03, 0xff,
  0xa7, 0x31, 0x03, 0x52, 0x00, 0x00, 0x00, 0x00, 0xcc, 0x66, 0x00, 0x05,
  0xff, 0x7f, 0x00, 0x02, 0xff, 0x7f, 0x00, 0x02, 0xff, 0x7f, 0x00, 0x02,
  0xff, 0x7f, 0x00, 0x02, 0xff, 0x7f, 0x00, 0x02, 0xff, 0x7f, 0x00, 0x02,
  0xff, 0x7f, 0x00, 0x02, 0xcc, 0x66, 0x00, 0x05, 0x00, 0x00, 0x00, 0x00,
  0xd4, 0x6a, 0x15, 0x0c, 0xcb, 0x57, 0x09, 0x4f, 0x89, 0x2a, 0x00, 0x59,
  0x75, 0x1c, 0x00, 0x59, 0x82, 0x23, 0x00, 0x56, 0x44, 0x0d, 0x00, 0xb7,
  0x1c, 0x00, 0x00, 0xfe, 0x24, 0x07, 0x00, 0xfa, 0x22, 0x07, 0x01, 0xfd,
  0x1d, 0x05, 0x00, 0xfd, 0x40, 0x25, 0x1a, 0xfc, 0x34, 0x16, 0x09, 0xfc,
  0x27, 0x09, 0x00, 0xfc, 0x28, 0x0b, 0x01, 0xfc, 0x48, 0x1b, 0x01, 0xfd,
  0x93, 0x32, 0x00, 0xfd, 0x79, 0x3d, 0x04, 0xfd, 0xf1, 0xa6, 0x03, 0xfd,
  0xff, 0xbb, 0x00, 0xfd, 0xf9, 0xd6, 0x00, 0xfd, 0xff, 0xc3, 0x04, 0xfd,
  0xe1, 0x3f, 0x03, 0xfd, 0xb7, 0x17, 0x00, 0xfc, 0xb7, 0x23, 0x00, 0xfd,
  0xea, 0x80, 0x01, 0xfd, 0xff, 0xb5, 0x02, 0xfd, 0xc1, 0xe8, 0x03, 0xfc,
  0x8a, 0xc7, 0x01, 0xfc, 0x3f, 0x67, 0x02, 0xfc, 0x31, 0x60, 0x00, 0xfc,
  0x4b, 0x90, 0x09, 0xfc, 0xbe, 0xe7, 0x3e, 0xfc, 0xe4, 0xff, 0x20, 0xfc,
  0xc1, 0xfc, 0x03, 0xfc, 0x94, 0xee, 0x03, 0xfc, 0x54, 0x4a, 0x02, 0xfd,
  0x79, 0x28, 0x02, 0xfc, 0x51, 0x23, 0x02, 0xfd, 0x25, 0x0e, 0x02, 0xfd,
  0x20, 0x06, 0x00, 0xfd, 0x30, 0x13, 0x07, 0xfd, 0x44, 0x29, 0x20, 0xfd,
  0x1f, 0x06, 0x01, 0xfc, 0x21, 0x07, 0x00, 0xfc, 0x25, 0x07, 0x01, 0xfa,
  0x1c, 0x00, 0x00, 0xfe, 0x45, 0x10, 0x00, 0xba, 0x85, 0x25, 0x00, 0x58,
  0x7f, 0x1f, 0x00, 0x58, 0x9d, 0x3e, 0x02, 0x56, 0xde, 0x68, 0x09, 0x4e,
  0xd4, 0x55, 0x15, 0x0c, 0x00, 0x00, 0x01, 0x00, 0xcc, 0x66, 0x00, 0x05,
  0xff, 0x7f, 0x00, 0x02, 0xff, 0x7f, 0x00, 0x02, 0xff, 0x7f, 0x00, 0x02,
  0xff, 0x7f, 0x00, 0x02, 0xff, 0x7f, 0x00, 0x02, 0xff, 0x7f, 0x00, 0x02,
  0xff, 0x7f, 0x00, 0x02, 0xcc, 0x66, 0x00, 0x05, 0x00, 0x00, 0x00, 0x00,
  0xa5, 0x33, 0x03, 0x50, 0xbd, 0x49, 0x02, 0xff, 0x87, 0x30, 0x01, 0xfe,
  0x45, 0x09, 0x00, 0xf8, 0x58, 0x19, 0x00, 0xfb, 0x8a, 0x42, 0x11, 0xfc,
  0x99, 0x52, 0x16, 0xfc, 0x91, 0x48, 0x11, 0xfc, 0x55, 0x1d, 0x00, 0xfb,
  0x31, 0x07, 0x00, 0xf8, 0x66, 0x24, 0x02, 0xfc, 0xb9, 0x54, 0x0b, 0xff,
  0xb2, 0x4c, 0x07, 0x64, 0x00, 0x00, 0x00, 0x00, 0xaa, 0x55, 0x00, 0x03,
  0x00, 0x00, 0x00, 0x00, 0x00, 0x00, 0x00, 0x00, 0x00, 0x00, 0x00, 0x00,
  0x00, 0x00, 0x00, 0x00, 0x00, 0x00, 0x00, 0x00, 0x00, 0x00, 0x00, 0x00,
  0x00, 0x00, 0x00, 0x00, 0x00, 0x00, 0x00, 0x00, 0x00, 0x00, 0x00, 0x00,
  0xff, 0x55, 0x00, 0x03, 0x00, 0x00, 0x00, 0x00, 0xcf, 0x5c, 0x16, 0x71,
  0xc3, 0x60, 0x1a, 0xf9, 0x9d, 0x45, 0x0f, 0xff, 0x63, 0x1d, 0x00, 0xff,
  0x4c, 0x0f, 0x00, 0xfb, 0x4a, 0x0e, 0x00, 0xfa, 0x52, 0x13, 0x00, 0xfc,
  0x7a, 0x2c, 0x02, 0xff, 0xaf, 0x4c, 0x06, 0xff, 0xbe, 0x54, 0x05, 0xee,
  0xa8, 0x3c, 0x08, 0x58, 0x00, 0x00, 0x00, 0x00, 0xcc, 0x66, 0x33, 0x05,
  0xaa, 0xaa, 0xaa, 0x03, 0xff, 0xff, 0xff, 0x01, 0x00, 0x00, 0x00, 0x00,
  0x00, 0x00, 0x00, 0x00, 0x00, 0x00, 0x00, 0x00, 0x00, 0x00, 0x00, 0x00,
  0x00, 0x00, 0x00, 0x00, 0xff, 0x7f, 0x00, 0x02, 0x00, 0x00, 0x00, 0x00,
  0x00, 0x00, 0x00, 0x00, 0x00, 0x00, 0x00, 0x00, 0x00, 0x00, 0x00, 0x00,
  0x00, 0x00, 0x00, 0x00, 0x00, 0x00, 0x01, 0x00, 0x00, 0x00, 0x01, 0x00,
  0x54, 0x21, 0x05, 0x82, 0x41, 0x17, 0x02, 0xff, 0x32, 0x11, 0x00, 0xf8,
  0x39, 0x17, 0x03, 0xfd, 0x2b, 0x0a, 0x00, 0xfd, 0xa2, 0x81, 0x6c, 0xfc,
  0x9e, 0x81, 0x6d, 0xfc, 0x24, 0x08, 0x01, 0xfc, 0x34, 0x14, 0x02, 0xfc,
  0x3b, 0x20, 0x03, 0xfc, 0x4a, 0x1c, 0x01, 0xfc, 0x8a, 0x28, 0x00, 0xfd,
  0x82, 0x43, 0x02, 0xfd, 0xf4, 0xb8, 0x01, 0xfd, 0xff, 0xcc, 0x01, 0xfc,
  0xfb, 0xd9, 0x02, 0xfd, 0xf5, 0x82, 0x02, 0xfd, 0xc5, 0x21, 0x00, 0xfc,
  0xa6, 0x1a, 0x00, 0xfc, 0xab, 0x24, 0x00, 0xfc, 0xef, 0xaf, 0x0a, 0xfd,
  0xc2, 0xe7, 0x0f, 0xfc, 0x45, 0x6a, 0x00, 0xfc, 0x37, 0x53, 0x02, 0xfc,
  0x30, 0x70, 0x00, 0xfc, 0x79, 0xcf, 0x0a, 0xfc, 0xe4, 0xff, 0x27, 0xfd,
  0xcc, 0xf9, 0x10, 0xfd, 0xb1, 0xf5, 0x02, 0xfc, 0x5c, 0x55, 0x02, 0xfc,
  0x6e, 0x21, 0x01, 0xfc, 0x55, 0x25, 0x01, 0xfc, 0x3e, 0x25, 0x05, 0xfc,
  0x36, 0x1a, 0x04, 0xfc, 0x22, 0x07, 0x00, 0xfc, 0x93, 0x6f, 0x5f, 0xfd,
  0xb3, 0x95, 0x80, 0xfd, 0x32, 0x11, 0x01, 0xfd, 0x38, 0x16, 0x01, 0xfc,
  0x34, 0x12, 0x00, 0xf7, 0x42, 0x18, 0x03, 0xff, 0x68, 0x29, 0x05, 0x86,
  0x00, 0x00, 0x01, 0x00, 0x00, 0x00, 0x01, 0x00, 0x00, 0x00, 0x00, 0x00,
  0x00, 0x00, 0x00, 0x00, 0x00, 0x00, 0x00, 0x00, 0x00, 0x00, 0x00, 0x00,
  0x00, 0x00, 0x00, 0x00, 0xaa, 0x55, 0x00, 0x03, 0x00, 0x00, 0x00, 0x00,
  0x00, 0x00, 0x00, 0x00, 0x00, 0x00, 0x00, 0x00, 0x00, 0x00, 0x00, 0x00,
  0x00, 0x00, 0x00, 0x00, 0xff, 0xff, 0xff, 0x01, 0xff, 0xff, 0xff, 0x02,
  0x99, 0x66, 0x33, 0x05, 0x00, 0x00, 0x00, 0x00, 0xa1, 0x39, 0x05, 0x5d,
  0xc3, 0x55, 0x05, 0xf0, 0xb0, 0x4c, 0x05, 0xff, 0x73, 0x25, 0x01, 0xff,
  0x4d, 0x0f, 0x00, 0xfb, 0x4c, 0x0e, 0x00, 0xfa, 0x52, 0x12, 0x00, 0xfb,
  0x63, 0x21, 0x02, 0xff, 0x99, 0x47, 0x0e, 0xff, 0xb9, 0x61, 0x1b, 0xf7,
  0xb0, 0x53, 0x1b, 0x6e, 0x00, 0x00, 0x00, 0x00, 0xaa, 0x55, 0x00, 0x03,
  0x00, 0x00, 0x00, 0x00, 0x00, 0x00, 0x00, 0x00, 0x00, 0x00, 0x00, 0x00,
  0x00, 0x00, 0x00, 0x00, 0x00, 0x00, 0x00, 0x00, 0x00, 0x00, 0x00, 0x00,
  0x00, 0x00, 0x00, 0x00, 0x00, 0x00, 0x00, 0x00, 0x00, 0x00, 0x00, 0x00,
  0x00, 0x00, 0x00, 0x00, 0x00, 0x00, 0x00, 0x00, 0xaa, 0x55, 0x00, 0x03,
  0x00, 0x00, 0x00, 0x00, 0xc3, 0x64, 0x28, 0x33, 0xcf, 0x72, 0x2d, 0xac,
  0xc2, 0x69, 0x27, 0xec, 0xbd, 0x65, 0x22, 0xff, 0xbe, 0x63, 0x1d, 0xff,
  0xbd, 0x63, 0x17, 0xfe, 0xc6, 0x67, 0x18, 0xe1, 0xc1, 0x5d, 0x11, 0x96,
  0x87, 0x27, 0x07, 0x20, 0x00, 0x00, 0x00, 0x00, 0xcc, 0x66, 0x33, 0x05,
  0x00, 0x00, 0x00, 0x00, 0x00, 0x00, 0x00, 0x00, 0x00, 0x00, 0x00, 0x00,
  0xff, 0xaa, 0xaa, 0x03, 0x00, 0x00, 0x00, 0x00, 0x00, 0x00, 0x00, 0x00,
  0x00, 0x00, 0x00, 0x00, 0xff, 0x55, 0x00, 0x03, 0x00, 0x00, 0x00, 0x00,
  0xe7, 0x79, 0x0b, 0x2c, 0xe4, 0x88, 0x1a, 0x72, 0xdc, 0x7e, 0x18, 0x7d,
  0xd4, 0x72, 0x0a, 0x7d, 0xc7, 0x64, 0x08, 0x7c, 0xa4, 0x50, 0x06, 0x7f,
  0x92, 0x42, 0x06, 0x7a, 0x71, 0x2c, 0x02, 0xc4, 0x43, 0x14, 0x00, 0xfe,
  0x4a, 0x21, 0x0a, 0xfa, 0x3f, 0x18, 0x00, 0xfc, 0x36, 0x11, 0x00, 0xfc,
  0x8d, 0x68, 0x45, 0xfd, 0xaf, 0x8a, 0x57, 0xfc, 0x2e, 0x12, 0x01, 0xfc,
  0x38, 0x16, 0x01, 0xfc, 0x5c, 0x32, 0x08, 0xfc, 0x3c, 0x21, 0x04, 0xfc,
  0x56, 0x23, 0x01, 0xfd, 0x8d, 0x2a, 0x01, 0xfd, 0x84, 0x45, 0x02, 0xfd,
  0xf7, 0xb6, 0x03, 0xfd, 0xfd, 0xb1, 0x01, 0xfd, 0xf6, 0x8a, 0x00, 0xfd,
  0xef, 0x42, 0x00, 0xfd, 0xb9, 0x26, 0x00, 0xfc, 0x94, 0x13, 0x00, 0xfc,
  0xc5, 0x58, 0x09, 0xfc, 0x7b, 0xa5, 0x0d, 0xfc, 0x32, 0x57, 0x00, 0xfc,
  0x3a, 0x67, 0x01, 0xfc, 0x46, 0xb4, 0x02, 0xfc, 0x8b, 0xe4, 0x04, 0xfc,
  0xb4, 0xf9, 0x01, 0xfd, 0xaf, 0xf7, 0x00, 0xfd, 0x5f, 0x5f, 0x02, 0xfd,
  0x6c, 0x20, 0x01, 0xfd, 0x5c, 0x27, 0x01, 0xfc, 0x3e, 0x23, 0x02, 0xfc,
  0x61, 0x3a, 0x09, 0xfc, 0x3f, 0x20, 0x02, 0xfd, 0x2e, 0x10, 0x00, 0xfd,
  0xa3, 0x7d, 0x57, 0xfd, 0x97, 0x72, 0x4f, 0xfd, 0x3a, 0x14, 0x00, 0xfd,
  0x44, 0x19, 0x00, 0xfc, 0x48, 0x1e, 0x07, 0xfa, 0x45, 0x15, 0x00, 0xfe,
  0x6a, 0x2b, 0x02, 0xcc, 0x9b, 0x49, 0x08, 0x7d, 0xab, 0x51, 0x03, 0x81,
  0xc3, 0x5d, 0x05, 0x80, 0xd2, 0x6c, 0x0a, 0x7f, 0xde, 0x7a, 0x1a, 0x7d,
  0xea, 0x8b, 0x30, 0x6e, 0xf7, 0x96, 0x2d, 0x22, 0x00, 0x00, 0x00, 0x00,
  0xff, 0x55, 0x00, 0x03, 0x00, 0x00, 0x00, 0x00, 0x00, 0x00, 0x00, 0x00,
  0x00, 0x00, 0x00, 0x00, 0xaa, 0xaa, 0xaa, 0x03, 0x00, 0x00, 0x00, 0x00,
  0x00, 0x00, 0x00, 0x00, 0x00, 0x00, 0x00, 0x00, 0xcc, 0x66, 0x33, 0x05,
  0x00, 0x00, 0x00, 0x00, 0x86, 0x23, 0x07, 0x24, 0xbc, 0x59, 0x0d, 0x9a,
  0xc3, 0x61, 0x10, 0xe8, 0xbd, 0x61, 0x14, 0xff, 0xbe, 0x5f, 0x18, 0xff,
  0xbb, 0x61, 0x17, 0xff, 0xbe, 0x67, 0x21, 0xea, 0xc0, 0x6b, 0x28, 0xa4,
  0xa0, 0x48, 0x1b, 0x2e, 0x00, 0x00, 0x00, 0x00, 0xaa, 0x55, 0x00, 0x03,
  0x00, 0x00, 0x00, 0x00, 0x00, 0x00, 0x00, 0x00, 0x00, 0x00, 0x00, 0x00,
  0x00, 0x00, 0x00, 0x00, 0x00, 0x00, 0x00, 0x00, 0x00, 0x00, 0x00, 0x00,
  0x00, 0x00, 0x00, 0x00, 0x00, 0x00, 0x00, 0x00, 0x00, 0x00, 0x00, 0x00,
  0x00, 0x00, 0x00, 0x00, 0x00, 0x00, 0x00, 0x00, 0x00, 0x00, 0x00, 0x00,
  0x00, 0x00, 0x00, 0x00, 0xaa, 0x55, 0x00, 0x03, 0x00, 0x00, 0x00, 0x00,
  0x00, 0x00, 0x00, 0x00, 0xad, 0x51, 0x22, 0x16, 0xcb, 0x71, 0x2f, 0x36,
  0xc5, 0x6c, 0x2e, 0x42, 0xbd, 0x61, 0x1b, 0x2f, 0x6a, 0x00, 0x00, 0x0c,
  0x00, 0x00, 0x00, 0x00, 0x00, 0x00, 0x00, 0x00, 0x01, 0x00, 0x00, 0x00,
  0x00, 0x00, 0x00, 0x00, 0xff, 0xe2, 0xcd, 0x24, 0xff, 0xff, 0xf1, 0x37,
  0xf0, 0xc3, 0xc3, 0x11, 0x00, 0x00, 0x00, 0x00, 0x7f, 0x7f, 0x7f, 0x02,
  0x00, 0x00, 0x00, 0x01, 0xbf, 0x3f, 0x00, 0x04, 0x00, 0x00, 0x00, 0x00,
  0xc9, 0x58, 0x05, 0x65, 0xbf, 0x4f, 0x04, 0xf9, 0xaa, 0x42, 0x07, 0xff,
  0xa1, 0x3d, 0x05, 0xff, 0x9b, 0x3d, 0x02, 0xff, 0x8d, 0x38, 0x02, 0xff,
  0x79, 0x30, 0x02, 0xff, 0x70, 0x29, 0x02, 0xff, 0x5b, 0x22, 0x05, 0xff,
  0x89, 0x6d, 0x58, 0xfc, 0xcb, 0xbd, 0xb1, 0xfd, 0xa9, 0x90, 0x80, 0xfd,
  0x40, 0x1e, 0x0e, 0xfc, 0x8f, 0x6d, 0x4a, 0xfd, 0xb4, 0x8a, 0x5b, 0xfc,
  0x39, 0x15, 0x03, 0xfc, 0x40, 0x1b, 0x00, 0xfb, 0x67, 0x3d, 0x08, 0xfb,
  0x61, 0x36, 0x07, 0xfc, 0x3f, 0x23, 0x04, 0xfc, 0x5f, 0x27, 0x00, 0xfc,
  0x97, 0x32, 0x00, 0xfd, 0x8b, 0x4a, 0x03, 0xfd, 0xf9, 0x95, 0x01, 0xfc,
  0xff, 0x86, 0x01, 0xfc, 0xe7, 0x44, 0x01, 0xfc, 0xcf, 0x39, 0x01, 0xfc,
  0xb3, 0x24, 0x00, 0xfc, 0xc2, 0x4b, 0x00, 0xfc, 0x6c, 0x95, 0x00, 0xfc,
  0x3b, 0x74, 0x01, 0xfc, 0x48, 0xa1, 0x03, 0xfc, 0x4b, 0xc7, 0x02, 0xfd,
  0x84, 0xf1, 0x04, 0xfc, 0x94, 0xf3, 0x03, 0xfc, 0x61, 0x5c, 0x01, 0xfd,
  0x77, 0x23, 0x01, 0xfd, 0x64, 0x2c, 0x01, 0xfc, 0x41, 0x26, 0x02, 0xfc,
  0x60, 0x37, 0x07, 0xfc, 0x6c, 0x42, 0x09, 0xfc, 0x49, 0x25, 0x03, 0xfc,
  0x37, 0x12, 0x00, 0xfd, 0xa3, 0x7a, 0x51, 0xfd, 0x9f, 0x7b, 0x59, 0xfd,
  0x47, 0x24, 0x12, 0xfd, 0xa4, 0x8a, 0x75, 0xfd, 0xcd, 0xbd, 0xb5, 0xfd,
  0x93, 0x70, 0x62, 0xfc, 0x5c, 0x22, 0x06, 0xff, 0x76, 0x2c, 0x03, 0xff,
  0x82, 0x2e, 0x02, 0xff, 0x92, 0x33, 0x02, 0xff, 0x9b, 0x38, 0x03, 0xff,
  0xa3, 0x3c, 0x06, 0xff, 0xab, 0x40, 0x0d, 0xff, 0xc5, 0x56, 0x0a, 0xf0,
  0xe4, 0x66, 0x06, 0x55, 0x00, 0x00, 0x00, 0x00, 0xbf, 0x7f, 0x00, 0x04,
  0x00, 0x00, 0x00, 0x00, 0xff, 0xff, 0xff, 0x01, 0x00, 0x00, 0x00, 0x00,
  0xec, 0xb6, 0xb6, 0x0e, 0xff, 0xff, 0xff, 0x30, 0xff, 0xee, 0xdd, 0x1e,
  0x00, 0x00, 0x00, 0x00, 0x01, 0x00, 0x00, 0x00, 0x00, 0x00, 0x00, 0x00,
  0x00, 0x00, 0x00, 0x00, 0x78, 0x0f, 0x00, 0x11, 0xb5, 0x5d, 0x18, 0x34,
  0xbd, 0x68, 0x22, 0x42, 0xbc, 0x63, 0x1c, 0x36, 0x99, 0x3f, 0x0c, 0x14,
  0x00, 0x00, 0x00, 0x00, 0x00, 0x00, 0x00, 0x00, 0xaa, 0x55, 0x00, 0x03,
  0x00, 0x00, 0x00, 0x00, 0x00, 0x00, 0x00, 0x00, 0x00, 0x00, 0x00, 0x00,
  0x00, 0x00, 0x00, 0x00, 0x00, 0x00, 0x00, 0x00, 0x00, 0x00, 0x00, 0x00,
  0x00, 0x00, 0x00, 0x00, 0x00, 0x00, 0x00, 0x00, 0x00, 0x00, 0x00, 0x00,
  0x00, 0x00, 0x00, 0x00, 0x00, 0x00, 0x00, 0x00, 0x00, 0x00, 0x00, 0x00,
  0x00, 0x00, 0x00, 0x00, 0x00, 0x00, 0x00, 0x00, 0x00, 0x00, 0x00, 0x00,
  0xff, 0x7f, 0x00, 0x02, 0xff, 0xff, 0x7f, 0x02, 0x00, 0x00, 0x00, 0x00,
  0x00, 0x00, 0x00, 0x00, 0x00, 0x00, 0x00, 0x00, 0x00, 0x00, 0x00, 0x00,
  0x00, 0x00, 0x00, 0x00, 0xbf, 0x7f, 0x3f, 0x04, 0xaa, 0x55, 0x55, 0x03,
  0x7f, 0x5b, 0x6d, 0x0e, 0xc5, 0x96, 0x78, 0xa3, 0xc0, 0x8d, 0x79, 0xf7,
  0xbc, 0x86, 0x79, 0xff, 0xe0, 0xbd, 0xa7, 0xe4, 0xdb, 0xb3, 0x9f, 0x65,
  0x00, 0x00, 0x00, 0x00, 0x55, 0x55, 0x55, 0x03, 0x00, 0x00, 0x00, 0x00,
  0xd2, 0x5c, 0x07, 0x66, 0xad, 0x44, 0x02, 0xff, 0x7e, 0x22, 0x00, 0xfc,
  0x86, 0x1f, 0x00, 0xf5, 0x8a, 0x22, 0x00, 0xfc, 0x80, 0x23, 0x00, 0xfd,
  0x74, 0x21, 0x00, 0xfd, 0x69, 0x22, 0x01, 0xfd, 0x57, 0x17, 0x00, 0xfd,
  0x6a, 0x40, 0x28, 0xfb, 0xd3, 0xcf, 0xc7, 0xfd, 0xf7, 0xfa, 0xfd, 0xfd,
  0xe4, 0xe3, 0xde, 0xfd, 0x65, 0x57, 0x3f, 0xfd, 0x90, 0x71, 0x4d, 0xfd,
  0xbb, 0x8f, 0x67, 0xfc, 0x44, 0x19, 0x02, 0xfc, 0x4e, 0x23, 0x00, 0xfc,
  0x77, 0x4b, 0x03, 0xfc, 0x70, 0x44, 0x05, 0xfc, 0x68, 0x3b, 0x08, 0xfc,
  0x44, 0x26, 0x03, 0xfc, 0x66, 0x2c, 0x01, 0xfc, 0x93, 0x3b, 0x00, 0xfd,
  0x8d, 0x45, 0x03, 0xfc, 0xfd, 0x7a, 0x02, 0xfc, 0xed, 0x47, 0x00, 0xfc,
  0xd3, 0x31, 0x00, 0xfc, 0xe1, 0x42, 0x00, 0xfd, 0xda, 0x5b, 0x01, 0xfd,
  0x79, 0xb4, 0x02, 0xfc, 0x58, 0xb9, 0x03, 0xfc, 0x46, 0xc7, 0x03, 0xfc,
  0x43, 0xd5, 0x01, 0xfc, 0x84, 0xf8, 0x03, 0xfc, 0x65, 0x68, 0x03, 0xfc,
  0x74, 0x25, 0x01, 0xfd, 0x6a, 0x30, 0x01, 0xfd, 0x43, 0x27, 0x03, 0xfc,
  0x64, 0x3b, 0x07, 0xfc, 0x6c, 0x41, 0x07, 0xfc, 0x77, 0x4e, 0x06, 0xfc,
  0x5a, 0x2f, 0x02, 0xfc, 0x43, 0x17, 0x00, 0xfd, 0xa9, 0x80, 0x58, 0xfd,
  0x9c, 0x78, 0x59, 0xfd, 0x6e, 0x5c, 0x48, 0xfd, 0xdf, 0xdd, 0xd8, 0xfd,
  0xf9, 0xfb, 0xfd, 0xfd, 0xd6, 0xd0, 0xca, 0xfd, 0x78, 0x47, 0x2c, 0xfa,
  0x58, 0x13, 0x00, 0xfc, 0x6e, 0x1f, 0x01, 0xfc, 0x77, 0x1e, 0x00, 0xfc,
  0x7d, 0x1f, 0x00, 0xfd, 0x81, 0x1e, 0x00, 0xfc, 0x7c, 0x1b, 0x00, 0xf5,
  0x7e, 0x1e, 0x00, 0xfe, 0xb6, 0x42, 0x02, 0xfc, 0xdf, 0x62, 0x05, 0x58,
  0x00, 0x00, 0x00, 0x00, 0x7f, 0x3f, 0x3f, 0x04, 0x00, 0x00, 0x00, 0x00,
  0xcc, 0xa2, 0x94, 0x69, 0xdc, 0xbc, 0xa5, 0xe2, 0xba, 0x89, 0x7e, 0xfc,
  0xc3, 0x96, 0x83, 0xf3, 0xcc, 0xa2, 0x8a, 0x9b, 0x77, 0x44, 0x55, 0x0f,
  0xff, 0xaa, 0x55, 0x03, 0xbf, 0x7f, 0x00, 0x04, 0x00, 0x00, 0x00, 0x00,
  0x00, 0x00, 0x00, 0x00, 0x00, 0x00, 0x00, 0x00, 0x00, 0x00, 0x00, 0x00,
  0x00, 0x00, 0x00, 0x00, 0xaa, 0xaa, 0x55, 0x03, 0x7f, 0x7f, 0x00, 0x02,
  0x00, 0x00, 0x00, 0x00, 0x00, 0x00, 0x00, 0x00, 0x00, 0x00, 0x00, 0x00,
  0x00, 0x00, 0x00, 0x00, 0x00, 0x00, 0x00, 0x00, 0x00, 0x00, 0x00, 0x00,
  0x00, 0x00, 0x00, 0x00, 0x00, 0x00, 0x00, 0x00, 0x00, 0x00, 0x00, 0x00,
  0x00, 0x00, 0x00, 0x00, 0x00, 0x00, 0x00, 0x00, 0x00, 0x00, 0x00, 0x00,
  0x00, 0x00, 0x00, 0x00, 0x00, 0x00, 0x00, 0x00, 0x00, 0x00, 0x00, 0x00,
  0x00, 0x00, 0x00, 0x00, 0x00, 0x00, 0x00, 0x00, 0x00, 0x00, 0x00, 0x00,
  0xff, 0x00, 0x00, 0x01, 0xaa, 0x55, 0x00, 0x03, 0xaa, 0x55, 0x00, 0x03,
  0xff, 0x7f, 0x00, 0x02, 0xff, 0x00, 0x00, 0x01, 0xaa, 0x55, 0x55, 0x03,
  0x00, 0x00, 0x00, 0x00, 0xa6, 0x6c, 0x4a, 0x9e, 0xa1, 0x48, 0x27, 0xff,
  0xa4, 0x34, 0x00, 0xfb, 0xc1, 0x62, 0x19, 0xfb, 0x95, 0x2f, 0x0f, 0xff,
  0xbd, 0x8a, 0x69, 0xff, 0xb5, 0x82, 0x59, 0x50, 0xff, 0xff, 0xaa, 0x03,
  0xc7, 0x59, 0x06, 0x6f, 0xa8, 0x42, 0x02, 0xff, 0x7a, 0x24, 0x00, 0xfa,
  0x82, 0x24, 0x00, 0xf9, 0xbb, 0x47, 0x03, 0xff, 0xcb, 0x63, 0x07, 0xee,
  0xc6, 0x60, 0x05, 0xea, 0xbc, 0x5d, 0x07, 0xea, 0xaf, 0x59, 0x09, 0xe7,
  0xa2, 0x4b, 0x05, 0xe8, 0x9b, 0x65, 0x39, 0xfc, 0xda, 0xdd, 0xde, 0xfb,
  0xf9, 0xfd, 0xff, 0xf9, 0xed, 0xf1, 0xf4, 0xfa, 0x78, 0x6b, 0x50, 0xfd,
  0x93, 0x73, 0x4e, 0xfc, 0xc0, 0x93, 0x68, 0xfc, 0x52, 0x21, 0x01, 0xfc,
  0x71, 0x33, 0x00, 0xfc, 0x89, 0x5c, 0x03, 0xfc, 0x7d, 0x54, 0x02, 0xfb,
  0x77, 0x4b, 0x07, 0xfc, 0x6b, 0x40, 0x0a, 0xfb, 0x44, 0x25, 0x03, 0xfc,
  0x6c, 0x2f, 0x01, 0xfc, 0x9a, 0x40, 0x01, 0xfc, 0x92, 0x41, 0x03, 0xfd,
  0xfb, 0x62, 0x01, 0xfd, 0xf1, 0x3e, 0x00, 0xfd, 0xf0, 0x46, 0x00, 0xfd,
  0xf9, 0x91, 0x14, 0xfd, 0xb3, 0xed, 0x1e, 0xfd, 0x69, 0xe4, 0x01, 0xfc,
  0x4b, 0xe0, 0x02, 0xfc, 0x75, 0xf3, 0x02, 0xfc, 0x6c, 0x6e, 0x05, 0xfc,
  0x79, 0x28, 0x01, 0xfc, 0x71, 0x35, 0x01, 0xfd, 0x45, 0x27, 0x03, 0xfc,
  0x67, 0x3d, 0x09, 0xfc, 0x72, 0x48, 0x08, 0xfc, 0x7a, 0x51, 0x04, 0xfc,
  0x82, 0x5c, 0x05, 0xfc, 0x79, 0x3f, 0x01, 0xfc, 0x56, 0x21, 0x00, 0xfd,
  0xaf, 0x86, 0x5c, 0xfd, 0x9e, 0x7c, 0x5d, 0xfc, 0x7b, 0x69, 0x50, 0xfd,
  0xed, 0xf0, 0xf4, 0xfa, 0xf8, 0xfc, 0xff, 0xfa, 0xde, 0xe1, 0xe2, 0xfa,
  0x95, 0x60, 0x34, 0xfd, 0xa7, 0x4c, 0x04, 0xec, 0xb1, 0x54, 0x06, 0xeb,
  0xba, 0x57, 0x06, 0xeb, 0xc2, 0x5b, 0x06, 0xe8, 0xc2, 0x5c, 0x07, 0xed,
  0xad, 0x40, 0x03, 0xff, 0x81, 0x23, 0x00, 0xf7, 0x79, 0x21, 0x00, 0xfb,
  0xae, 0x40, 0x02, 0xff, 0xde, 0x63, 0x08, 0x5f, 0x04, 0x05, 0x03, 0x00,
  0xae, 0x76, 0x55, 0x56, 0xbb, 0x83, 0x60, 0xff, 0x98, 0x30, 0x11, 0xff,
  0xbf, 0x5b, 0x10, 0xfc, 0xa5, 0x38, 0x0b, 0xfc, 0x9d, 0x50, 0x31, 0xff,
  0xa8, 0x72, 0x4e, 0xa0, 0x00, 0x00, 0x00, 0x00, 0xaa, 0xaa, 0x55, 0x03,
  0xff, 0x00, 0x00, 0x01, 0xaa, 0x55, 0x00, 0x03, 0xaa, 0x55, 0x00, 0x03,
  0xaa, 0x55, 0x00, 0x03, 0xff, 0x00, 0x00, 0x01, 0x00, 0x00, 0x00, 0x00,
  0x00, 0x00, 0x00, 0x00, 0x00, 0x00, 0x00, 0x00, 0x00, 0x00, 0x00, 0x00,
  0x00, 0x00, 0x00, 0x00, 0x00, 0x00, 0x00, 0x00, 0x00, 0x00, 0x00, 0x00,
  0x00, 0x00, 0x00, 0x00, 0x00, 0x00, 0x00, 0x00, 0x00, 0x00, 0x00, 0x00,
  0x00, 0x00, 0x00, 0x00, 0x00, 0x00, 0x00, 0x00, 0x00, 0x00, 0x00, 0x00,
  0x00, 0x00, 0x00, 0x00, 0x00, 0x00, 0x00, 0x00, 0x00, 0x00, 0x00, 0x00,
  0x00, 0x00, 0x00, 0x00, 0x00, 0x00, 0x00, 0x00, 0x00, 0x00, 0x00, 0x00,
  0x00, 0x00, 0x00, 0x00, 0x00, 0x00, 0x00, 0x00, 0x00, 0x00, 0x00, 0x00,
  0x00, 0x00, 0x00, 0x00, 0x00, 0x00, 0x00, 0x00, 0x7f, 0x7f, 0x00, 0x02,
  0x00, 0x00, 0x00, 0x00, 0xbf, 0x76, 0x51, 0x1c, 0x93, 0x4b, 0x22, 0xf4,
  0xa1, 0x07, 0x00, 0xfb, 0xff, 0x73, 0x06, 0xfa, 0xff, 0xaf, 0x1d, 0xfd,
  0xe2, 0x35, 0x00, 0xfb, 0x7d, 0x1a, 0x04, 0xfb, 0xa4, 0x63, 0x2c, 0xf2,
  0xb7, 0x5f, 0x1c, 0xd6, 0x9f, 0x3e, 0x03, 0xff, 0x76, 0x20, 0x00, 0xfa,
  0x7d, 0x25, 0x00, 0xf7, 0xc0, 0x47, 0x01, 0xff, 0xce, 0x53, 0x01, 0x8f,
  0xe7, 0x96, 0x17, 0x16, 0xf2, 0x99, 0x0c, 0x14, 0xff, 0xaa, 0x1c, 0x12,
  0xff, 0xa1, 0x28, 0x13, 0xff, 0x9f, 0x0f, 0x10, 0xa6, 0x6e, 0x35, 0x68,
  0xd4, 0xb9, 0x9b, 0xff, 0xfa, 0xf4, 0xee, 0xff, 0xd7, 0xc8, 0xb7, 0xff,
  0x59, 0x3e, 0x23, 0xfd, 0x93, 0x70, 0x52, 0xfc, 0xc9, 0x9e, 0x68, 0xfc,
  0x83, 0x3c, 0x01, 0xfc, 0xd5, 0x7c, 0x00, 0xfd, 0xc7, 0x9f, 0x00, 0xfd,
  0x91, 0x65, 0x02, 0xfc, 0x85, 0x5d, 0x04, 0xfc, 0x79, 0x4c, 0x09, 0xfc,
  0x6c, 0x3f, 0x08, 0xfc, 0x48, 0x26, 0x02, 0xfb, 0x75, 0x31, 0x01, 0xfc,
  0x9e, 0x47, 0x00, 0xfd, 0x9e, 0x51, 0x06, 0xfd, 0xfd, 0x7d, 0x04, 0xfd,
  0xfb, 0x7e, 0x00, 0xfd, 0xff, 0xc2, 0x28, 0xfd, 0xde, 0xff, 0x45, 0xfd,
  0x99, 0xf7, 0x00, 0xfc, 0x9a, 0xff, 0x05, 0xfc, 0x81, 0x7b, 0x04, 0xfd,
  0x8f, 0x31, 0x01, 0xfd, 0x7c, 0x38, 0x01, 0xfc, 0x46, 0x29, 0x03, 0xfc,
  0x68, 0x3e, 0x08, 0xfc, 0x77, 0x4c, 0x08, 0xfc, 0x82, 0x5b, 0x04, 0xfc,
  0x8d, 0x63, 0x02, 0xfd, 0xbc, 0x9e, 0x00, 0xfd, 0xda, 0x8c, 0x01, 0xfc,
  0x86, 0x3a, 0x01, 0xfd, 0xbb, 0x92, 0x5e, 0xfc, 0xa3, 0x81, 0x66, 0xfc,
  0x5d, 0x3e, 0x24, 0xfc, 0xd7, 0xc3, 0xad, 0xff, 0xfd, 0xf7, 0xef, 0xff,
  0xd4, 0xb8, 0x9a, 0xff, 0x9b, 0x63, 0x2f, 0x7b, 0xff, 0xa5, 0x19, 0x14,
  0xf2, 0x91, 0x18, 0x15, 0xff, 0x9b, 0x1c, 0x12, 0xff, 0x9b, 0x0e, 0x12,
  0xf3, 0x96, 0x17, 0x16, 0xc4, 0x4f, 0x05, 0x90, 0xb7, 0x42, 0x01, 0xff,
  0x7c, 0x25, 0x01, 0xf7, 0x77, 0x21, 0x00, 0xfc, 0xa5, 0x3f, 0x06, 0xff,
  0xc2, 0x65, 0x23, 0xce, 0xa8, 0x5e, 0x2d, 0xee, 0x81, 0x1e, 0x08, 0xfb,
  0xe6, 0x34, 0x00, 0xfa, 0xff, 0xac, 0x15, 0xfd, 0xff, 0x72, 0x0c, 0xfb,
  0x9e, 0x06, 0x00, 0xfb, 0x8f, 0x51, 0x27, 0xf5, 0xaa, 0x6e, 0x44, 0x1e,
  0x00, 0x00, 0x00, 0x00, 0x7f, 0x7f, 0x00, 0x02, 0x00, 0x00, 0x00, 0x00,
  0x00, 0x00, 0x00, 0x00, 0x00, 0x00, 0x00, 0x00, 0x00, 0x00, 0x00, 0x00,
  0x00, 0x00, 0x00, 0x00, 0x00, 0x00, 0x00, 0x00, 0x00, 0x00, 0x00, 0x00,
  0x00, 0x00, 0x00, 0x00, 0x00, 0x00, 0x00, 0x00, 0x00, 0x00, 0x00, 0x00,
  0x00, 0x00, 0x00, 0x00, 0x00, 0x00, 0x00, 0x00, 0x00, 0x00, 0x00, 0x00,
  0x00, 0x00, 0x00, 0x00, 0x00, 0x00, 0x00, 0x00, 0x00, 0x00, 0x00, 0x00,
  0x00, 0x00, 0x00, 0x00, 0x00, 0x00, 0x00, 0x00, 0x00, 0x00, 0x00, 0x00,
  0x00, 0x00, 0x00, 0x00, 0x00, 0x00, 0x00, 0x00, 0x00, 0x00, 0x00, 0x00,
  0x00, 0x00, 0x00, 0x00, 0x00, 0x00, 0x00, 0x00, 0x00, 0x00, 0x00, 0x00,
  0x00, 0x00, 0x00, 0x00, 0x00, 0x00, 0x00, 0x00, 0x00, 0x00, 0x00, 0x00,
  0x7f, 0x7f, 0x00, 0x02, 0x00, 0x00, 0x00, 0x00, 0xd3, 0x82, 0x4b, 0x2f,
  0x96, 0x3e, 0x19, 0xfd, 0xd1, 0x33, 0x00, 0xfc, 0xff, 0x6e, 0x01, 0xfc,
  0xf6, 0x6e, 0x00, 0xfc, 0xff, 0x58, 0x02, 0xfd, 0x90, 0x1b, 0x00, 0xfc,
  0x53, 0x11, 0x00, 0xfb, 0x66, 0x1a, 0x00, 0xff, 0x6a, 0x1a, 0x00, 0xf6,
  0x7b, 0x20, 0x00, 0xf8, 0xc0, 0x4a, 0x01, 0xff, 0xd5, 0x57, 0x01, 0x8e,
  0x00, 0x00, 0x00, 0x00, 0x00, 0x00, 0x00, 0x00, 0x00, 0x00, 0x00, 0x00,
  0x00, 0x00, 0x00, 0x00, 0x00, 0x00, 0x00, 0x00, 0x00, 0x00, 0x00, 0x00,
  0x00, 0x00, 0x00, 0x00, 0xa4, 0x73, 0x35, 0x6e, 0xab, 0x80, 0x4b, 0xb7,
  0x7b, 0x51, 0x24, 0xb5, 0x2f, 0x10, 0x00, 0xfa, 0x9c, 0x74, 0x5a, 0xfc,
  0xce, 0xa5, 0x70, 0xfc, 0xb0, 0x58, 0x00, 0xfc, 0xff, 0xe1, 0x48, 0xfd,
  0xff, 0xff, 0x77, 0xfd, 0xd4, 0xaa, 0x00, 0xfd, 0x96, 0x67, 0x02, 0xfd,
  0x85, 0x59, 0x03, 0xfc, 0x79, 0x48, 0x0a, 0xfc, 0x70, 0x3d, 0x08, 0xfb,
  0x46, 0x22, 0x02, 0xfd, 0x84, 0x35, 0x00, 0xfd, 0xb0, 0x4e, 0x00, 0xfd,
  0xb3, 0x64, 0x07, 0xfd, 0xfd, 0xd4, 0x02, 0xfd, 0xfc, 0xef, 0x42, 0xfd,
  0xe7, 0xf8, 0x90, 0xfd, 0xd8, 0xff, 0x17, 0xfc, 0xa1, 0x8a, 0x05, 0xfd,
  0x9d, 0x3f, 0x00, 0xfd, 0x84, 0x3a, 0x00, 0xfd, 0x44, 0x24, 0x03, 0xfc,
  0x6b, 0x3e, 0x07, 0xfc, 0x77, 0x4a, 0x09, 0xfc, 0x83, 0x59, 0x04, 0xfc,
  0x91, 0x64, 0x02, 0xfd, 0xc9, 0xa7, 0x00, 0xfd, 0xff, 0xfb, 0x68, 0xfd,
  0xff, 0xec, 0x58, 0xfd, 0xb5, 0x58, 0x00, 0xfd, 0xc0, 0x97, 0x5e, 0xfc,
  0xa8, 0x84, 0x66, 0xfc, 0x37, 0x17, 0x03, 0xfa, 0x7d, 0x4c, 0x1c, 0xb3,
  0xb5, 0x85, 0x42, 0xb9, 0x9f, 0x66, 0x1d, 0x78, 0x00, 0x00, 0x00, 0x01,
  0x00, 0x00, 0x00, 0x00, 0x00, 0x00, 0x00, 0x00, 0x00, 0x00, 0x00, 0x00,
  0x00, 0x00, 0x00, 0x00, 0x00, 0x00, 0x00, 0x00, 0x00, 0x00, 0x00, 0x00,
  0xc8, 0x51, 0x03, 0x90, 0xb5, 0x43, 0x00, 0xff, 0x7b, 0x22, 0x00, 0xf7,
  0x6b, 0x19, 0x00, 0xf7, 0x69, 0x17, 0x00, 0xff, 0x53, 0x0d, 0x00, 0xfb,
  0x8c, 0x14, 0x00, 0xfb, 0xff, 0x56, 0x02, 0xfd, 0xf6, 0x6b, 0x00, 0xfd,
  0xff, 0x64, 0x00, 0xfd, 0xd3, 0x2d, 0x01, 0xfc, 0x8f, 0x3b, 0x17, 0xff,
  0xb8, 0x71, 0x33, 0x36, 0x00, 0x00, 0x00, 0x00, 0x7f, 0x7f, 0x00, 0x02,
  0x00, 0x00, 0x00, 0x00, 0x00, 0x00, 0x00, 0x00, 0x00, 0x00, 0x00, 0x00,
  0x00, 0x00, 0x00, 0x00, 0x00, 0x00, 0x00, 0x00, 0x00, 0x00, 0x00, 0x00,
  0x00, 0x00, 0x00, 0x00, 0x00, 0x00, 0x00, 0x00, 0x00, 0x00, 0x00, 0x00,
  0x00, 0x00, 0x00, 0x00, 0x00, 0x00, 0x00, 0x00, 0x00, 0x00, 0x00, 0x00,
  0x00, 0x00, 0x00, 0x00, 0x00, 0x00, 0x00, 0x00, 0x00, 0x00, 0x00, 0x00,
  0x00, 0x00, 0x00, 0x00, 0x00, 0x00, 0x00, 0x00, 0x00, 0x00, 0x00, 0x00,
  0x00, 0x00, 0x00, 0x00, 0x00, 0x00, 0x00, 0x00, 0x00, 0x00, 0x00, 0x00,
  0x00, 0x00, 0x00, 0x00, 0x00, 0x00, 0x00, 0x00, 0x00, 0x00, 0x00, 0x00,
  0x00, 0x00, 0x00, 0x00, 0x00, 0x00, 0x00, 0x00, 0x00, 0x00, 0x00, 0x00,
  0x00, 0x00, 0x00, 0x00, 0xff, 0x00, 0x00, 0x01, 0x00, 0x00, 0x00, 0x00,
  0xef, 0x8f, 0x3f, 0x10, 0xb6, 0x5f, 0x2c, 0xeb, 0xc2, 0x47, 0x09, 0xfd,
  0xff, 0xcd, 0x00, 0xf9, 0xff, 0xf3, 0x0f, 0xfc, 0xee, 0x87, 0x00, 0xfa,
  0x94, 0x34, 0x0b, 0xfe, 0x8c, 0x38, 0x05, 0xff, 0x92, 0x34, 0x02, 0xff,
  0x9c, 0x3a, 0x02, 0xff, 0xc3, 0x4e, 0x03, 0xff, 0xd4, 0x55, 0x03, 0x89,
  0x00, 0x00, 0x00, 0x00, 0xff, 0x55, 0x00, 0x03, 0x7f, 0x7f, 0x00, 0x02,
  0xff, 0xff, 0x00, 0x01, 0xaa, 0xaa, 0x55, 0x03, 0xbf, 0xbf, 0x3f, 0x04,
  0xbf, 0x7f, 0x00, 0x04, 0xff, 0xaa, 0x00, 0x03, 0x00, 0x00, 0x00, 0x00,
  0x00, 0x00, 0x00, 0x00, 0x62, 0x29, 0x00, 0x1f, 0x48, 0x1e, 0x04, 0xfc,
  0xa7, 0x7c, 0x62, 0xfc, 0xd9, 0xb6, 0x82, 0xfc, 0xba, 0x71, 0x26, 0xfc,
  0xec, 0xa2, 0x06, 0xfd, 0xff, 0xff, 0xa1, 0xfd, 0xff, 0xff, 0x73, 0xfd,
  0xcf, 0xa7, 0x02, 0xfd, 0x9d, 0x77, 0x05, 0xfc, 0x91, 0x6a, 0x05, 0xfc,
  0x84, 0x5a, 0x06, 0xfc, 0x79, 0x4f, 0x02, 0xfc, 0x5f, 0x37, 0x01, 0xfc,
  0x98, 0x43, 0x01, 0xfd, 0xd2, 0x64, 0x03, 0xfd, 0xe5, 0x95, 0x0a, 0xfd,
  0xfc, 0xfd, 0x9d, 0xfd, 0xf9, 0xff, 0xc6, 0xfd, 0xdb, 0xa1, 0x1b, 0xfd,
  0xcd, 0x5f, 0x02, 0xfd, 0x9d, 0x49, 0x02, 0xfd, 0x53, 0x36, 0x03, 0xfc,
  0x6e, 0x4f, 0x04, 0xfd, 0x7d, 0x5a, 0x04, 0xfd, 0x89, 0x68, 0x04, 0xfd,
  0x97, 0x74, 0x05, 0xfd, 0xcb, 0xa7, 0x03, 0xfd, 0xfd, 0xff, 0x63, 0xfd,
  0xff, 0xff, 0xb5, 0xfd, 0xf0, 0xac, 0x0c, 0xfc, 0xb1, 0x68, 0x1c, 0xfd,
  0xcd, 0xaa, 0x77, 0xfc, 0xad, 0x87, 0x6a, 0xfb, 0x52, 0x26, 0x0b, 0xfc,
  0x48, 0x15, 0x00, 0x23, 0x00, 0x00, 0x00, 0x00, 0x00, 0x00, 0x00, 0x00,
  0xff, 0xff, 0x00, 0x02, 0xbf, 0xbf, 0x00, 0x04, 0xbf, 0xbf, 0x3f, 0x04,
  0xaa, 0xaa, 0x55, 0x03, 0xff, 0x00, 0x00, 0x01, 0x7f, 0x7f, 0x00, 0x02,
  0xaa, 0x55, 0x00, 0x03, 0x00, 0x00, 0x00, 0x00, 0xc6, 0x50, 0x03, 0x8c,
  0xbd, 0x4c, 0x03, 0xff, 0x9a, 0x3a, 0x03, 0xff, 0x95, 0x36, 0x03, 0xff,
  0x8a, 0x36, 0x04, 0xff, 0x9a, 0x2d, 0x0a, 0xfd, 0xed, 0x82, 0x00, 0xfa,
  0xff, 0xf0, 0x0e, 0xfc, 0xff, 0xc8, 0x01, 0xf9, 0xc8, 0x41, 0x04, 0xfc,
  0xa4, 0x55, 0x20, 0xf0, 0xbf, 0x72, 0x26, 0x14, 0x00, 0x00, 0x00, 0x00,
  0xff, 0x00, 0x00, 0x01, 0x00, 0x00, 0x00, 0x00, 0x00, 0x00, 0x00, 0x00,
  0x00, 0x00, 0x00, 0x00, 0x00, 0x00, 0x00, 0x00, 0x00, 0x00, 0x00, 0x00,
  0x00, 0x00, 0x00, 0x00, 0x00, 0x00, 0x00, 0x00, 0x00, 0x00, 0x00, 0x00,
  0x00, 0x00, 0x00, 0x00, 0x00, 0x00, 0x00, 0x00, 0x00, 0x00, 0x00, 0x00,
  0x00, 0x00, 0x00, 0x00, 0x00, 0x00, 0x00, 0x00, 0x00, 0x00, 0x00, 0x00,
  0x00, 0x00, 0x00, 0x00, 0x00, 0x00, 0x00, 0x00, 0x00, 0x00, 0x00, 0x00,
  0x00, 0x00, 0x00, 0x00, 0x00, 0x00, 0x00, 0x00, 0x00, 0x00, 0x00, 0x00,
  0x00, 0x00, 0x00, 0x00, 0x00, 0x00, 0x00, 0x00, 0x00, 0x00, 0x00, 0x00,
  0x00, 0x00, 0x00, 0x00, 0x00, 0x00, 0x00, 0x00, 0x00, 0x00, 0x00, 0x00,
  0x00, 0x00, 0x00, 0x00, 0x00, 0x00, 0x00, 0x00, 0x00, 0x00, 0x00, 0x00,
  0xaa, 0x55, 0x55, 0x03, 0x00, 0x00, 0x00, 0x00, 0xce, 0x7c, 0x32, 0x6f,
  0xce, 0x6e, 0x36, 0xff, 0xdb, 0x71, 0x23, 0xff, 0xdb, 0x88, 0x22, 0xff,
  0xc1, 0x65, 0x23, 0xff, 0xa8, 0x67, 0x2a, 0xf8, 0xc2, 0x63, 0x10, 0x8a,
  0xde, 0x78, 0x0a, 0x7f, 0xda, 0x7a, 0x0b, 0x83, 0xda, 0x6e, 0x0a, 0x4c,
  0x00, 0x00, 0x00, 0x00, 0xff, 0x7f, 0x00, 0x02, 0x00, 0x00, 0x00, 0x01,
  0xff, 0xff, 0x00, 0x01, 0xff, 0xff, 0x00, 0x02, 0x00, 0x00, 0x00, 0x00,
  0x00, 0x00, 0x00, 0x00, 0x00, 0x00, 0x00, 0x00, 0x00, 0x00, 0x00, 0x00,
  0x00, 0x00, 0x00, 0x00, 0x00, 0x00, 0x01, 0x00, 0x91, 0x4d, 0x12, 0x38,
  0x4b, 0x1d, 0x01, 0xfe, 0xa0, 0x71, 0x3c, 0xfb, 0xe5, 0xb7, 0x86, 0xfc,
  0xd8, 0xba, 0x83, 0xfd, 0xd4, 0x83, 0x28, 0xfd, 0xef, 0xa8, 0x00, 0xfd,
  0xfb, 0xd6, 0x27, 0xfd, 0xd2, 0x6e, 0x00, 0xfc, 0x6c, 0x2e, 0x00, 0xfc,
  0x43, 0x1f, 0x00, 0xfc, 0x35, 0x1a, 0x00, 0xfc, 0x3a, 0x1f, 0x01, 0xfc,
  0x37, 0x19, 0x00, 0xfc, 0x26, 0x05, 0x01, 0xfc, 0xb6, 0x51, 0x03, 0xfd,
  0xf4, 0x87, 0x00, 0xfd, 0xf6, 0xb9, 0x57, 0xfd, 0xf9, 0xbf, 0x61, 0xfd,
  0xf1, 0x87, 0x00, 0xfd, 0xbb, 0x57, 0x02, 0xfd, 0x2d, 0x07, 0x00, 0xfc,
  0x31, 0x1a, 0x01, 0xfc, 0x32, 0x1f, 0x01, 0xfc, 0x2f, 0x19, 0x00, 0xfd,
  0x3e, 0x1e, 0x00, 0xfd, 0x67, 0x2f, 0x00, 0xfd, 0xd1, 0x6d, 0x00, 0xfd,
  0xfc, 0xd4, 0x27, 0xfd, 0xeb, 0xa8, 0x00, 0xfd, 0xcd, 0x77, 0x1b, 0xfd,
  0xd6, 0xb5, 0x74, 0xfc, 0xd5, 0xaa, 0x80, 0xfc, 0x9f, 0x71, 0x4c, 0xfa,
  0x52, 0x24, 0x04, 0xff, 0x86, 0x48, 0x09, 0x35, 0x00, 0x00, 0x01, 0x00,
  0x00, 0x00, 0x00, 0x00, 0x00, 0x00, 0x00, 0x00, 0x00, 0x00, 0x00, 0x00,
  0x00, 0x00, 0x00, 0x00, 0x00, 0x00, 0x00, 0x00, 0xff, 0xff, 0x00, 0x02,
  0xff, 0x00, 0x00, 0x01, 0xff, 0x00, 0x00, 0x01, 0xff, 0x7f, 0x00, 0x02,
  0x00, 0x00, 0x00, 0x00, 0xd6, 0x66, 0x09, 0x52, 0xd9, 0x79, 0x0d, 0x88,
  0xdb, 0x7c, 0x11, 0x83, 0xd4, 0x6e, 0x10, 0x8f, 0xc0, 0x6a, 0x24, 0xfc,
  0xce, 0x61, 0x27, 0xff, 0xdd, 0x8f, 0x25, 0xff, 0xd0, 0x72, 0x20, 0xff,
  0xc5, 0x64, 0x25, 0xff, 0xad, 0x60, 0x1b, 0x7a, 0x00, 0x00, 0x00, 0x00,
  0xaa, 0x55, 0x00, 0x03, 0x00, 0x00, 0x00, 0x00, 0x00, 0x00, 0x00, 0x00,
  0x00, 0x00, 0x00, 0x00, 0x00, 0x00, 0x00, 0x00, 0x00, 0x00, 0x00, 0x00,
  0x00, 0x00, 0x00, 0x00, 0x00, 0x00, 0x00, 0x00, 0x00, 0x00, 0x00, 0x00,
  0x00, 0x00, 0x00, 0x00, 0x00, 0x00, 0x00, 0x00, 0x00, 0x00, 0x00, 0x00,
  0x00, 0x00, 0x00, 0x00, 0x00, 0x00, 0x00, 0x00, 0x00, 0x00, 0x00, 0x00,
  0x00, 0x00, 0x00, 0x00, 0x00, 0x00, 0x00, 0x00, 0x00, 0x00, 0x00, 0x00,
  0x00, 0x00, 0x00, 0x00, 0x00, 0x00, 0x00, 0x00, 0x00, 0x00, 0x00, 0x00,
  0x00, 0x00, 0x00, 0x00, 0x00, 0x00, 0x00, 0x00, 0x00, 0x00, 0x00, 0x00,
  0x00, 0x00, 0x00, 0x00, 0x00, 0x00, 0x00, 0x00, 0x00, 0x00, 0x00, 0x00,
  0x00, 0x00, 0x00, 0x00, 0x00, 0x00, 0x00, 0x00, 0x00, 0x00, 0x00, 0x00,
  0x00, 0x00, 0x00, 0x00, 0x00, 0x00, 0x00, 0x00, 0x7f, 0x7f, 0x00, 0x02,
  0x00, 0x00, 0x00, 0x00, 0xcc, 0x78, 0x28, 0x5f, 0xca, 0x72, 0x39, 0xcd,
  0xc1, 0x6b, 0x32, 0xe0, 0xb8, 0x6d, 0x2b, 0xb5, 0x9a, 0x4f, 0x1d, 0x3d,
  0x00, 0x00, 0x00, 0x00, 0x00, 0x00, 0x00, 0x00, 0x00, 0x00, 0x00, 0x00,
  0x00, 0x00, 0x00, 0x00, 0xff, 0x7f, 0x00, 0x02, 0x00, 0x00, 0x00, 0x00,
  0xff, 0xff, 0x00, 0x01, 0x00, 0x00, 0x00, 0x00, 0x00, 0x00, 0x00, 0x00,
  0xff, 0xe7, 0x8b, 0x21, 0xf6, 0xda, 0x6d, 0x3f, 0xe5, 0xd5, 0x2d, 0x3d,
  0xe1, 0xd0, 0x15, 0x3c, 0xc8, 0xb1, 0x0d, 0x38, 0xb4, 0x88, 0x0a, 0x4b,
  0x88, 0x48, 0x03, 0xcd, 0x4b, 0x1c, 0x01, 0xfd, 0x41, 0x17, 0x00, 0xfa,
  0xc6, 0x89, 0x47, 0xfc, 0xe6, 0xbe, 0x87, 0xfc, 0xd7, 0xb8, 0x7a, 0xfd,
  0xce, 0x8e, 0x47, 0xfc, 0xd1, 0x8a, 0x2e, 0xfc, 0xb4, 0x72, 0x33, 0xfc,
  0x8a, 0x58, 0x2b, 0xfc, 0x6f, 0x44, 0x29, 0xfc, 0x4f, 0x2b, 0x1b, 0xfc,
  0x31, 0x0f, 0x00, 0xfc, 0x33, 0x11, 0x01, 0xfc, 0x2c, 0x0d, 0x00, 0xfc,
  0x41, 0x0b, 0x00, 0xfc, 0xd7, 0x74, 0x02, 0xfd, 0xfc, 0xb6, 0x00, 0xfd,
  0xfb, 0xb7, 0x00, 0xfd, 0xdb, 0x7b, 0x03, 0xfd, 0x3d, 0x0b, 0x00, 0xfc,
  0x28, 0x0c, 0x00, 0xfc, 0x2e, 0x11, 0x00, 0xfc, 0x2b, 0x0d, 0x00, 0xfc,
  0x45, 0x25, 0x12, 0xfd, 0x70, 0x47, 0x2a, 0xfc, 0x88, 0x55, 0x2f, 0xfd,
  0xa8, 0x6b, 0x36, 0xfd, 0xcd, 0x87, 0x33, 0xfc, 0xc8, 0x8a, 0x42, 0xfc,
  0xd3, 0xb3, 0x77, 0xfc, 0xdc, 0xb1, 0x84, 0xfc, 0xb7, 0x80, 0x53, 0xfd,
  0x46, 0x1c, 0x05, 0xfa, 0x42, 0x17, 0x00, 0xfd, 0x90, 0x49, 0x02, 0xc6,
  0xbe, 0x8a, 0x09, 0x4f, 0xcd, 0xb2, 0x0d, 0x39, 0xe0, 0xd3, 0x11, 0x3b,
  0xe7, 0xd7, 0x2f, 0x41, 0xfb, 0xdf, 0x77, 0x40, 0xff, 0xff, 0x90, 0x1e,
  0x00, 0x00, 0x00, 0x00, 0x00, 0x00, 0x00, 0x00, 0xff, 0xff, 0x00, 0x01,
  0x00, 0x00, 0x00, 0x00, 0xff, 0xff, 0x00, 0x01, 0x00, 0x00, 0x00, 0x00,
  0x00, 0x00, 0x00, 0x00, 0x00, 0x00, 0x00, 0x00, 0x00, 0x00, 0x00, 0x00,
  0xbc, 0x56, 0x0f, 0x41, 0xd1, 0x71, 0x2a, 0xb9, 0xc5, 0x5e, 0x32, 0xe5,
  0xbf, 0x62, 0x30, 0xd4, 0xaf, 0x5e, 0x1b, 0x67, 0x00, 0x00, 0x00, 0x00,
  0x7f, 0x7f, 0x00, 0x02, 0x00, 0x00, 0x00, 0x00, 0x00, 0x00, 0x00, 0x00,
  0x00, 0x00, 0x00, 0x00, 0x00, 0x00, 0x00, 0x00, 0x00, 0x00, 0x00, 0x00,
  0x00, 0x00, 0x00, 0x00, 0x00, 0x00, 0x00, 0x00, 0x00, 0x00, 0x00, 0x00,
  0x00, 0x00, 0x00, 0x00, 0x00, 0x00, 0x00, 0x00, 0x00, 0x00, 0x00, 0x00,
  0x00, 0x00, 0x00, 0x00, 0x00, 0x00, 0x00, 0x00, 0x00, 0x00, 0x00, 0x00,
  0x00, 0x00, 0x00, 0x00, 0x00, 0x00, 0x00, 0x00, 0x00, 0x00, 0x00, 0x00,
  0x00, 0x00, 0x00, 0x00, 0x00, 0x00, 0x00, 0x00, 0x00, 0x00, 0x00, 0x00,
  0x00, 0x00, 0x00, 0x00, 0x00, 0x00, 0x00, 0x00, 0x00, 0x00, 0x00, 0x00,
  0x00, 0x00, 0x00, 0x00, 0x00, 0x00, 0x00, 0x00, 0x00, 0x00, 0x00, 0x00,
  0x00, 0x00, 0x00, 0x00, 0x00, 0x00, 0x00, 0x00, 0x00, 0x00, 0x00, 0x00,
  0x00, 0x00, 0x00, 0x00, 0x00, 0x00, 0x00, 0x00, 0x00, 0x00, 0x00, 0x00,
  0x00, 0x00, 0x00, 0x00, 0xff, 0xff, 0x00, 0x01, 0x00, 0x00, 0x00, 0x00,
  0x00, 0x00, 0x00, 0x00, 0xa2, 0x73, 0x00, 0x0b, 0x00, 0x00, 0x00, 0x00,
  0x00, 0x00, 0x00, 0x00, 0xbf, 0x7f, 0x00, 0x04, 0xff, 0xaa, 0x00, 0x03,
  0xbf, 0x7f, 0x00, 0x04, 0xff, 0x55, 0x00, 0x03, 0x00, 0x00, 0x00, 0x00,
  0xff, 0x7f, 0x00, 0x02, 0x00, 0x00, 0x00, 0x00, 0xc8, 0xa3, 0x48, 0x0e,
  0xcc, 0xa9, 0x26, 0x98, 0xb6, 0x9e, 0x2c, 0xf3, 0xaa, 0x9a, 0x1c, 0xff,
  0xb1, 0x96, 0x14, 0xff, 0xb0, 0x8b, 0x08, 0xff, 0xaa, 0x7d, 0x05, 0xff,
  0xa4, 0x6c, 0x03, 0xff, 0x7b, 0x39, 0x00, 0xff, 0x52, 0x20, 0x01, 0xfc,
  0x31, 0x0c, 0x01, 0xfc, 0x49, 0x19, 0x01, 0xfc, 0xce, 0x8d, 0x49, 0xfc,
  0xeb, 0xc1, 0x82, 0xfb, 0xe6, 0xc7, 0x8c, 0xfd, 0xe5, 0xc7, 0x8c, 0xfd,
  0xe8, 0xc7, 0x8f, 0xfc, 0xe0, 0xb9, 0x83, 0xfe, 0xdd, 0xb3, 0x80, 0xfe,
  0xdc, 0xac, 0x85, 0xfc, 0x62, 0x39, 0x27, 0xfc, 0x38, 0x13, 0x00, 0xfc,
  0x43, 0x1c, 0x02, 0xfc, 0x32, 0x0f, 0x01, 0xfc, 0x8a, 0x1f, 0x01, 0xfc,
  0xfa, 0xbf, 0x21, 0xfd, 0xf6, 0xc1, 0x25, 0xfd, 0x95, 0x23, 0x01, 0xfc,
  0x32, 0x10, 0x01, 0xfc, 0x3d, 0x1b, 0x02, 0xfd, 0x32, 0x14, 0x00, 0xfd,
  0x54, 0x31, 0x21, 0xfd, 0xcb, 0xa4, 0x7d, 0xfd, 0xd6, 0xb2, 0x81, 0xfd,
  0xd7, 0xb3, 0x86, 0xfe, 0xde, 0xbf, 0x92, 0xfd, 0xde, 0xbd, 0x96, 0xfd,
  0xdd, 0xbd, 0x94, 0xfc, 0xe1, 0xb2, 0x86, 0xfb, 0xc0, 0x84, 0x58, 0xfc,
  0x48, 0x18, 0x05, 0xfc, 0x2f, 0x0a, 0x00, 0xfc, 0x51, 0x1f, 0x01, 0xfc,
  0x78, 0x34, 0x01, 0xff, 0xab, 0x6e, 0x04, 0xff, 0xab, 0x7a, 0x05, 0xff,
  0xb9, 0x8d, 0x07, 0xff, 0xbd, 0x92, 0x16, 0xff, 0xb5, 0x93, 0x21, 0xff,
  0xc3, 0x9c, 0x2b, 0xf3, 0xdf, 0xb0, 0x29, 0x99, 0xe9, 0xbf, 0x2a, 0x0c,
  0x00, 0x00, 0x00, 0x00, 0xff, 0x7f, 0x00, 0x02, 0x00, 0x00, 0x00, 0x00,
  0xff, 0x55, 0x00, 0x03, 0xbf, 0x7f, 0x00, 0x04, 0xbf, 0x7f, 0x00, 0x04,
  0xbf, 0x7f, 0x00, 0x04, 0x00, 0x00, 0x00, 0x00, 0x00, 0x00, 0x00, 0x00,
  0xb6, 0x5b, 0x00, 0x0e, 0x00, 0x00, 0x00, 0x02, 0x00, 0x00, 0x00, 0x00,
  0xff, 0xff, 0x00, 0x01, 0x00, 0x00, 0x00, 0x00, 0x00, 0x00, 0x00, 0x00,
  0x00, 0x00, 0x00, 0x00, 0x00, 0x00, 0x00, 0x00, 0x00, 0x00, 0x00, 0x00,
  0x00, 0x00, 0x00, 0x00, 0x00, 0x00, 0x00, 0x00, 0x00, 0x00, 0x00, 0x00,
  0x00, 0x00, 0x00, 0x00, 0x00, 0x00, 0x00, 0x00, 0x00, 0x00, 0x00, 0x00,
  0x00, 0x00, 0x00, 0x00, 0x00, 0x00, 0x00, 0x00, 0x00, 0x00, 0x00, 0x00,
  0x00, 0x00, 0x00, 0x00, 0x00, 0x00, 0x00, 0x00, 0x00, 0x00, 0x00, 0x00,
  0x00, 0x00, 0x00, 0x00, 0x00, 0x00, 0x00, 0x00, 0x00, 0x00, 0x00, 0x00,
  0x00, 0x00, 0x00, 0x00, 0x00, 0x00, 0x00, 0x00, 0x00, 0x00, 0x00, 0x00,
  0x00, 0x00, 0x00, 0x00, 0x00, 0x00, 0x00, 0x00, 0x00, 0x00, 0x00, 0x00,
  0x00, 0x00, 0x00, 0x00, 0x00, 0x00, 0x00, 0x00, 0x00, 0x00, 0x00, 0x00,
  0x00, 0x00, 0x00, 0x00, 0x00, 0x00, 0x00, 0x00, 0x00, 0x00, 0x00, 0x00,
  0x00, 0x00, 0x00, 0x00, 0x00, 0x00, 0x00, 0x00, 0x00, 0x00, 0x00, 0x00,
  0xff, 0x55, 0x00, 0x03, 0x01, 0x01, 0x01, 0x00, 0x00, 0x00, 0x00, 0x00,
  0xff, 0x7f, 0x00, 0x02, 0xaa, 0x55, 0x00, 0x03, 0x00, 0x00, 0x00, 0x00,
  0x00, 0x00, 0x00, 0x00, 0x00, 0x00, 0x00, 0x00, 0x00, 0x00, 0x00, 0x00,
  0xaa, 0x55, 0x00, 0x03, 0x00, 0x00, 0x00, 0x00, 0xb4, 0x78, 0x0f, 0x11,
  0xb5, 0x81, 0x0c, 0xc5, 0x9d, 0x80, 0x01, 0xff, 0x84, 0xa2, 0x17, 0xfc,
  0x95, 0xcd, 0x3a, 0xfb, 0x72, 0x9e, 0x00, 0xfb, 0x7e, 0x79, 0x00, 0xfb,
  0x89, 0x63, 0x00, 0xfc, 0x87, 0x4e, 0x00, 0xfb, 0x80, 0x3b, 0x00, 0xfb,
  0x66, 0x29, 0x00, 0xfc, 0x4f, 0x1e, 0x01, 0xfc, 0x2b, 0x08, 0x00, 0xfc,
  0x49, 0x1b, 0x00, 0xfa, 0xbd, 0x78, 0x29, 0xff, 0xb6, 0x77, 0x2c, 0xfb,
  0xb5, 0x77, 0x29, 0xf7, 0x9f, 0x69, 0x2b, 0xfc, 0x9a, 0x6b, 0x2d, 0xf5,
  0x9a, 0x72, 0x31, 0xf8, 0x8c, 0x7b, 0x30, 0xfd, 0x6a, 0x58, 0x1a, 0xfc,
  0x4d, 0x1f, 0x01, 0xfc, 0x4d, 0x22, 0x02, 0xfc, 0x41, 0x1a, 0x03, 0xfc,
  0x86, 0x1c, 0x00, 0xfc, 0xf4, 0xbb, 0x3f, 0xfd, 0xfb, 0xc3, 0x4d, 0xfc,
  0x89, 0x1b, 0x00, 0xfc, 0x43, 0x1d, 0x03, 0xfc, 0x48, 0x21, 0x01, 0xfd,
  0x44, 0x1d, 0x00, 0xfd, 0x61, 0x52, 0x18, 0xfd, 0x89, 0x7c, 0x35, 0xfd,
  0x92, 0x6a, 0x37, 0xfa, 0x9a, 0x6b, 0x33, 0xf8, 0x9b, 0x63, 0x32, 0xfd,
  0xa8, 0x67, 0x34, 0xf9, 0xba, 0x6f, 0x36, 0xfe, 0xaf, 0x68, 0x32, 0xff,
  0x44, 0x17, 0x03, 0xfa, 0x31, 0x06, 0x00, 0xfc, 0x4e, 0x1d, 0x02, 0xfc,
  0x64, 0x27, 0x00, 0xfc, 0x80, 0x3d, 0x01, 0xfa, 0x7c, 0x4a, 0x00, 0xfa,
  0x81, 0x64, 0x00, 0xfb, 0x7e, 0x7a, 0x00, 0xfb, 0x7b, 0xa3, 0x00, 0xfa,
  0x99, 0xc6, 0x3a, 0xfa, 0x84, 0x98, 0x15, 0xfc, 0xa5, 0x74, 0x00, 0xff,
  0xc7, 0x82, 0x07, 0xc4, 0xe1, 0x96, 0x0f, 0x11, 0x00, 0x00, 0x00, 0x00,
  0xaa, 0x55, 0x00, 0x03, 0x00, 0x00, 0x00, 0x00, 0x00, 0x00, 0x00, 0x00,
  0x00, 0x00, 0x00, 0x00, 0x00, 0x00, 0x00, 0x00, 0xaa, 0x55, 0x00, 0x03,
  0xff, 0x7f, 0x7f, 0x02, 0x00, 0x00, 0x00, 0x00, 0x00, 0x01, 0x00, 0x00,
  0xaa, 0x55, 0x00, 0x03, 0x00, 0x00, 0x00, 0x00, 0x00, 0x00, 0x00, 0x00,
  0x00, 0x00, 0x00, 0x00, 0x00, 0x00, 0x00, 0x00, 0x00, 0x00, 0x00, 0x00,
  0x00, 0x00, 0x00, 0x00, 0x00, 0x00, 0x00, 0x00, 0x00, 0x00, 0x00, 0x00,
  0x00, 0x00, 0x00, 0x00, 0x00, 0x00, 0x00, 0x00, 0x00, 0x00, 0x00, 0x00,
  0x00, 0x00, 0x00, 0x00, 0x00, 0x00, 0x00, 0x00, 0x00, 0x00, 0x00, 0x00,
  0x00, 0x00, 0x00, 0x00, 0x00, 0x00, 0x00, 0x00, 0x00, 0x00, 0x00, 0x00,
  0x00, 0x00, 0x00, 0x00, 0x00, 0x00, 0x00, 0x00, 0x00, 0x00, 0x00, 0x00,
  0x00, 0x00, 0x00, 0x00, 0x00, 0x00, 0x00, 0x00, 0x00, 0x00, 0x00, 0x00,
  0x00, 0x00, 0x00, 0x00, 0x00, 0x00, 0x00, 0x00, 0x00, 0x00, 0x00, 0x00,
  0x00, 0x00, 0x00, 0x00, 0x00, 0x00, 0x00, 0x00, 0x00, 0x00, 0x00, 0x00,
  0x00, 0x00, 0x00, 0x00, 0x00, 0x00, 0x00, 0x00, 0x00, 0x00, 0x00, 0x00,
  0x00, 0x00, 0x00, 0x00, 0x00, 0x00, 0x00, 0x00, 0x00, 0x00, 0x00, 0x00,
  0x00, 0x00, 0x00, 0x00, 0x00, 0x00, 0x00, 0x00, 0x00, 0x00, 0x00, 0x00,
  0xff, 0x00, 0x00, 0x01, 0x00, 0x00, 0x00, 0x00, 0x00, 0x00, 0x00, 0x00,
  0x00, 0x00, 0x00, 0x00, 0x00, 0x00, 0x00, 0x00, 0x00, 0x00, 0x00, 0x00,
  0xaa, 0x55, 0x00, 0x03, 0x00, 0x00, 0x00, 0x00, 0xbc, 0x6e, 0x0b, 0x17,
  0xb3, 0x72, 0x07, 0xcd, 0x8e, 0x66, 0x00, 0xff, 0x8b, 0xac, 0x19, 0xf7,
  0xd5, 0xff, 0x72, 0xfc, 0xb8, 0xc8, 0x58, 0xfd, 0x92, 0x97, 0x27, 0xfc,
  0x98, 0x7c, 0x1b, 0xfb, 0x9c, 0x6c, 0x11, 0xfb, 0x9b, 0x62, 0x07, 0xfb,
  0x91, 0x56, 0x02, 0xfb, 0x7d, 0x39, 0x01, 0xfa, 0x59, 0x20, 0x00, 0xfa,
  0x44, 0x18, 0x01, 0xf8, 0x41, 0x10, 0x00, 0xff, 0x52, 0x0f, 0x00, 0xe6,
  0x5a, 0x1b, 0x00, 0x41, 0x55, 0x1a, 0x00, 0xd7, 0x46, 0x0f, 0x00, 0xff,
  0x42, 0x1f, 0x00, 0xa1, 0x2b, 0x2c, 0x00, 0xc3, 0x30, 0x8c, 0x06, 0xff,
  0x35, 0x92, 0x07, 0xfa, 0x3a, 0x31, 0x02, 0xfc, 0x59, 0x2d, 0x02, 0xfc,
  0x4a, 0x22, 0x02, 0xfc, 0x7d, 0x1e, 0x00, 0xfc, 0xfa, 0xbf, 0x39, 0xfd,
  0xf9, 0xc3, 0x40, 0xfc, 0x86, 0x1d, 0x00, 0xfc, 0x48, 0x22, 0x02, 0xfc,
  0x58, 0x2d, 0x02, 0xfc, 0x36, 0x29, 0x01, 0xfc, 0x2f, 0x81, 0x08, 0xfb,
  0x31, 0x81, 0x07, 0xff, 0x36, 0x25, 0x00, 0xd1, 0x4c, 0x24, 0x00, 0xb4,
  0x41, 0x0d, 0x00, 0xff, 0x51, 0x14, 0x00, 0xdc, 0x7a, 0x27, 0x00, 0x4d,
  0x5c, 0x16, 0x00, 0xec, 0x3b, 0x0c, 0x00, 0xff, 0x46, 0x18, 0x01, 0xf8,
  0x5d, 0x23, 0x01, 0xfa, 0x72, 0x35, 0x02, 0xfb, 0x8d, 0x56, 0x03, 0xfa,
  0x93, 0x63, 0x06, 0xfa, 0x94, 0x74, 0x0d, 0xfa, 0x99, 0x83, 0x1c, 0xfa,
  0x90, 0x99, 0x27, 0xfb, 0xb4, 0xc6, 0x55, 0xfc, 0xd2, 0xff, 0x7d, 0xfb,
  0x89, 0xa6, 0x1e, 0xf7, 0x94, 0x5d, 0x00, 0xff, 0xc1, 0x71, 0x07, 0xcb,
  0xda, 0x85, 0x0c, 0x15, 0x00, 0x00, 0x00, 0x00, 0xaa, 0x55, 0x00, 0x03,
  0x00, 0x00, 0x00, 0x00, 0x00, 0x00, 0x00, 0x00, 0x00, 0x00, 0x00, 0x00,
  0x00, 0x00, 0x00, 0x00, 0x00, 0x00, 0x00, 0x00, 0xff, 0x00, 0x00, 0x01,
  0x00, 0x00, 0x00, 0x01, 0x00, 0x00, 0x00, 0x00, 0x00, 0x00, 0x00, 0x00,
  0x00, 0x00, 0x00, 0x00, 0x00, 0x00, 0x00, 0x00, 0x00, 0x00, 0x00, 0x00,
  0x00, 0x00, 0x00, 0x00, 0x00, 0x00, 0x00, 0x00, 0x00, 0x00, 0x00, 0x00,
  0x00, 0x00, 0x00, 0x00, 0x00, 0x00, 0x00, 0x00, 0x00, 0x00, 0x00, 0x00,
  0x00, 0x00, 0x00, 0x00, 0x00, 0x00, 0x00, 0x00, 0x00, 0x00, 0x00, 0x00,
  0x00, 0x00, 0x00, 0x00, 0x00, 0x00, 0x00, 0x00, 0x00, 0x00, 0x00, 0x00,
  0x00, 0x00, 0x00, 0x00, 0x00, 0x00, 0x00, 0x00, 0x00, 0x00, 0x00, 0x00,
  0x00, 0x00, 0x00, 0x00, 0x00, 0x00, 0x00, 0x00, 0x00, 0x00, 0x00, 0x00,
  0x00, 0x00, 0x00, 0x00, 0x00, 0x00, 0x00, 0x00, 0x00, 0x00, 0x00, 0x00,
  0x00, 0x00, 0x00, 0x00, 0x00, 0x00, 0x00, 0x00, 0x00, 0x00, 0x00, 0x00,
  0x00, 0x00, 0x00, 0x00, 0x00, 0x00, 0x00, 0x00, 0x00, 0x00, 0x00, 0x00,
  0x00, 0x00, 0x00, 0x00, 0x00, 0x00, 0x00, 0x00, 0x00, 0x00, 0x00, 0x00,
  0x00, 0x00, 0x00, 0x00, 0x00, 0x00, 0x00, 0x00, 0x00, 0x00, 0x00, 0x00,
  0x00, 0x00, 0x00, 0x00, 0x00, 0x00, 0x00, 0x00, 0x00, 0x00, 0x00, 0x00,
  0xff, 0x00, 0x00, 0x01, 0xbf, 0x7f, 0x3f, 0x04, 0xff, 0xff, 0xff, 0x02,
  0xff, 0xbf, 0xbf, 0x04, 0x00, 0x00, 0x01, 0x00, 0xc8, 0x6d, 0x12, 0x1c,
  0xaf, 0x65, 0x08, 0xd1, 0x8b, 0x58, 0x00, 0xff, 0x98, 0xa7, 0x1c, 0xf9,
  0xd9, 0xfc, 0x5e, 0xfd, 0xa6, 0x8d, 0x0b, 0xfd, 0x85, 0x3f, 0x00, 0xfa,
  0x8f, 0x3c, 0x04, 0xff, 0x93, 0x3f, 0x02, 0xff, 0x91, 0x3d, 0x01, 0xff,
  0x90, 0x3e, 0x01, 0xff, 0x8a, 0x3c, 0x00, 0xff, 0x7e, 0x32, 0x00, 0xff,
  0x6d, 0x2b, 0x00, 0xff, 0x6a, 0x29, 0x00, 0xff, 0x80, 0x2f, 0x01, 0xea,
  0x87, 0x34, 0x0a, 0x31, 0x01, 0x04, 0x01, 0x00, 0x7e, 0x39, 0x02, 0xdc,
  0x78, 0x30, 0x02, 0xff, 0x5c, 0x33, 0x08, 0x9b, 0x30, 0x5a, 0x01, 0xbd,
  0x84, 0xee, 0x4f, 0xff, 0x6d, 0xd3, 0x3c, 0xfa, 0x31, 0x46, 0x00, 0xfa,
  0x5c, 0x38, 0x05, 0xfb, 0x50, 0x26, 0x03, 0xfc, 0x7d, 0x21, 0x03, 0xfc,
  0xf5, 0xba, 0x36, 0xfd, 0xf6, 0xc0, 0x3c, 0xfc, 0x85, 0x1e, 0x03, 0xfc,
  0x4e, 0x26, 0x04, 0xfc, 0x5d, 0x36, 0x06, 0xfb, 0x2e, 0x44, 0x00, 0xfb,
  0x6b, 0xcf, 0x3e, 0xfb, 0x84, 0xea, 0x53, 0xff, 0x39, 0x4d, 0x01, 0xc9,
  0x5e, 0x33, 0x09, 0xa4, 0x73, 0x30, 0x02, 0xff, 0x7d, 0x33, 0x02, 0xdf,
  0x01, 0x03, 0x01, 0x00, 0x8d, 0x36, 0x09, 0x38, 0x7d, 0x2d, 0x02, 0xef,
  0x6a, 0x29, 0x00, 0xff, 0x6c, 0x29, 0x00, 0xff, 0x7c, 0x30, 0x00, 0xff,
  0x81, 0x36, 0x00, 0xff, 0x88, 0x39, 0x01, 0xff, 0x8c, 0x39, 0x01, 0xff,
  0x93, 0x3a, 0x02, 0xff, 0x92, 0x36, 0x04, 0xff, 0x92, 0x3d, 0x00, 0xfa,
  0xb3, 0x92, 0x12, 0xfc, 0xe0, 0xff, 0x72, 0xfd, 0x96, 0xa3, 0x1e, 0xf8,
  0x8f, 0x50, 0x00, 0xff, 0xb9, 0x68, 0x07, 0xcb, 0xe1, 0x7f, 0x09, 0x1a,
  0x00, 0x00, 0x01, 0x00, 0xff, 0xff, 0xbf, 0x04, 0xff, 0xff, 0xff, 0x03,
  0xff, 0xaa, 0x55, 0x03, 0x00, 0x00, 0x00, 0x00, 0x00, 0x00, 0x00, 0x00,
  0x00, 0x00, 0x00, 0x00, 0x00, 0x00, 0x00, 0x00, 0x00, 0x00, 0x00, 0x00,
  0x00, 0x00, 0x00, 0x00, 0x00, 0x00, 0x00, 0x00, 0x00, 0x00, 0x00, 0x00,
  0x00, 0x00, 0x00, 0x00, 0x00, 0x00, 0x00, 0x00, 0x00, 0x00, 0x00, 0x00,
  0x00, 0x00, 0x00, 0x00, 0x00, 0x00, 0x00, 0x00, 0x00, 0x00, 0x00, 0x00,
  0x00, 0x00, 0x00, 0x00, 0x00, 0x00, 0x00, 0x00, 0x00, 0x00, 0x00, 0x00,
  0x00, 0x00, 0x00, 0x00, 0x00, 0x00, 0x00, 0x00, 0x00, 0x00, 0x00, 0x00,
  0x00, 0x00, 0x00, 0x00, 0x00, 0x00, 0x00, 0x00, 0x00, 0x00, 0x00, 0x00,
  0x00, 0x00, 0x00, 0x00, 0x00, 0x00, 0x00, 0x00, 0x00, 0x00, 0x00, 0x00,
  0x00, 0x00, 0x00, 0x00, 0x00, 0x00, 0x00, 0x00, 0x00, 0x00, 0x00, 0x00,
  0x00, 0x00, 0x00, 0x00, 0x00, 0x00, 0x00, 0x00, 0x00, 0x00, 0x00, 0x00,
  0x00, 0x00, 0x00, 0x00, 0x00, 0x00, 0x00, 0x00, 0x00, 0x00, 0x00, 0x00,
  0x00, 0x00, 0x00, 0x00, 0x00, 0x00, 0x00, 0x00, 0x00, 0x00, 0x00, 0x00,
  0x00, 0x00, 0x00, 0x00, 0x00, 0x00, 0x00, 0x00, 0x00, 0x00, 0x00, 0x00,
  0x00, 0x00, 0x00, 0x00, 0x00, 0x00, 0x00, 0x00, 0x00, 0x00, 0x00, 0x00,
  0xff, 0x00, 0x00, 0x01, 0x00, 0x00, 0x00, 0x00, 0x00, 0x00, 0x00, 0x00,
  0x00, 0x00, 0x00, 0x00, 0x00, 0x00, 0x00, 0x00, 0xac, 0x31, 0x00, 0x1f,
  0xb1, 0x58, 0x08, 0xd6, 0x8d, 0x4b, 0x00, 0xff, 0xa5, 0x9f, 0x1b, 0xf9,
  0xe5, 0xf9, 0x5b, 0xfd, 0xa4, 0x84, 0x0e, 0xfd, 0x85, 0x3b, 0x00, 0xf9,
  0x9f, 0x47, 0x02, 0xff, 0xa2, 0x4b, 0x00, 0xea, 0xa2, 0x4b, 0x00, 0xd8,
  0xa3, 0x4c, 0x00, 0xd9, 0xa2, 0x4c, 0x00, 0xda, 0xa0, 0x4b, 0x00, 0xdb,
  0x9b, 0x46, 0x00, 0xd9, 0x97, 0x46, 0x01, 0xd9, 0x97, 0x40, 0x01, 0xc5,
  0x84, 0x33, 0x00, 0x32, 0x00, 0x00, 0x00, 0x00, 0x93, 0x6b, 0x00, 0x13,
  0x9d, 0x4b, 0x00, 0xdb, 0x98, 0x43, 0x00, 0xff, 0x6c, 0x40, 0x04, 0xa2,
  0x45, 0x6d, 0x00, 0xc3, 0x87, 0xe5, 0x4a, 0xff, 0x72, 0xd5, 0x3c, 0xfb,
  0x3f, 0x57, 0x00, 0xfa, 0x5f, 0x3d, 0x08, 0xfa, 0x46, 0x1f, 0x00, 0xfc,
  0x5a, 0x07, 0x00, 0xfc, 0xe9, 0xaf, 0x1e, 0xfd, 0xf1, 0xbb, 0x26, 0xfc,
  0x60, 0x03, 0x00, 0xfc, 0x47, 0x1f, 0x00, 0xfc, 0x5e, 0x37, 0x08, 0xf9,
  0x37, 0x51, 0x00, 0xfb, 0x72, 0xd5, 0x3b, 0xfb, 0x84, 0xdf, 0x4e, 0xff,
  0x4b, 0x5e, 0x00, 0xcd, 0x76, 0x45, 0x09, 0xa8, 0x94, 0x44, 0x00, 0xff,
  0x97, 0x43, 0x00, 0xdb, 0xa5, 0x4b, 0x00, 0x11, 0x00, 0x00, 0x00, 0x00,
  0x8e, 0x33, 0x00, 0x3b, 0x98, 0x3e, 0x01, 0xc7, 0x9a, 0x45, 0x01, 0xda,
  0x9a, 0x43, 0x00, 0xdb, 0x9e, 0x46, 0x00, 0xd9, 0x9c, 0x46, 0x00, 0xda,
  0x9c, 0x49, 0x00, 0xdd, 0xa1, 0x48, 0x00, 0xda, 0xa1, 0x4a, 0x00, 0xe9,
  0xa2, 0x44, 0x03, 0xff, 0x88, 0x32, 0x00, 0xf9, 0xb2, 0x87, 0x12, 0xfd,
  0xe9, 0xfc, 0x68, 0xfd, 0x9e, 0x98, 0x18, 0xf8, 0x98, 0x4a, 0x00, 0xff,
  0xba, 0x61, 0x06, 0xd4, 0xad, 0x3d, 0x00, 0x19, 0x00, 0x00, 0x00, 0x00,
  0x00, 0x00, 0x00, 0x00, 0x00, 0x00, 0x00, 0x00, 0xff, 0xff, 0xff, 0x01,
  0x00, 0x00, 0x00, 0x01, 0x00, 0x00, 0x00, 0x00, 0x00, 0x00, 0x00, 0x00,
  0x00, 0x00, 0x00, 0x00, 0x00, 0x00, 0x00, 0x00, 0x00, 0x00, 0x00, 0x00,
  0x00, 0x00, 0x00, 0x00, 0x00, 0x00, 0x00, 0x00, 0x00, 0x00, 0x00, 0x00,
  0x00, 0x00, 0x00, 0x00, 0x00, 0x00, 0x00, 0x00, 0x00, 0x00, 0x00, 0x00,
  0x00, 0x00, 0x00, 0x00, 0x00, 0x00, 0x00, 0x00, 0x00, 0x00, 0x00, 0x00,
  0x00, 0x00, 0x00, 0x00, 0x00, 0x00, 0x00, 0x00, 0x00, 0x00, 0x00, 0x00,
  0x00, 0x00, 0x00, 0x00, 0x00, 0x00, 0x00, 0x00, 0x00, 0x00, 0x00, 0x00,
  0x00, 0x00, 0x00, 0x00, 0x00, 0x00, 0x00, 0x00, 0x00, 0x00, 0x00, 0x00,
  0x00, 0x00, 0x00, 0x00, 0x00, 0x00, 0x00, 0x00, 0x00, 0x00, 0x00, 0x00,
  0x00, 0x00, 0x00, 0x00, 0x00, 0x00, 0x00, 0x00, 0x00, 0x00, 0x00, 0x00,
  0x00, 0x00, 0x00, 0x00, 0x00, 0x00, 0x00, 0x00, 0x00, 0x00, 0x00, 0x00,
  0x00, 0x00, 0x00, 0x00, 0x00, 0x00, 0x00, 0x00, 0x00, 0x00, 0x00, 0x00,
  0x00, 0x00, 0x00, 0x00, 0x00, 0x00, 0x00, 0x00, 0x00, 0x00, 0x00, 0x00,
  0x00, 0x00, 0x00, 0x00, 0x00, 0x00, 0x00, 0x00, 0x00, 0x00, 0x00, 0x00,
  0xff, 0x00, 0x00, 0x01, 0x00, 0x00, 0x00, 0x00, 0x2a, 0x00, 0x00, 0x06,
  0xee, 0xa2, 0x4b, 0x69, 0xf0, 0xb4, 0x7d, 0xb1, 0xf1, 0xb7, 0x8e, 0xb7,
  0xce, 0x80, 0x3a, 0xe1, 0x92, 0x3a, 0x00, 0xff, 0xb5, 0x9a, 0x1c, 0xfa,
  0xf4, 0xff, 0x62, 0xfd, 0xa8, 0x7e, 0x0a, 0xfd, 0x80, 0x34, 0x00, 0xf8,
  0xab, 0x4b, 0x02, 0xff, 0xa7, 0x42, 0x00, 0xa9, 0x6d, 0x18, 0x00, 0x15,
  0x66, 0x00, 0x00, 0x05, 0x7f, 0x00, 0x00, 0x04, 0x6d, 0x24, 0x00, 0x07,
  0x9f, 0x5f, 0x1f, 0x08, 0xb6, 0x6d, 0x24, 0x07, 0xb6, 0x6d, 0x24, 0x07,
  0x00, 0x01, 0x01, 0x00, 0x00, 0x00, 0x00, 0x00, 0xcc, 0x99, 0x00, 0x05,
  0x7f, 0x7f, 0x00, 0x06, 0xaf, 0x56, 0x00, 0xd9, 0xb4, 0x56, 0x00, 0xff,
  0x73, 0x41, 0x04, 0x9f, 0x4f, 0x66, 0x00, 0xc3, 0x94, 0xe5, 0x52, 0xff,
  0x7c, 0xd1, 0x45, 0xfa, 0x44, 0x4a, 0x00, 0xfa, 0x58, 0x34, 0x02, 0xfb,
  0x5b, 0x3e, 0x28, 0xfd, 0x9b, 0x75, 0x64, 0xfd, 0xe9, 0xcd, 0x77, 0xfd,
  0xea, 0xce, 0x74, 0xfd, 0xa1, 0x78, 0x69, 0xfc, 0x64, 0x46, 0x2f, 0xfc,
  0x56, 0x30, 0x00, 0xf9, 0x3e, 0x46, 0x00, 0xfa, 0x7a, 0xcb, 0x3e, 0xfb,
  0x92, 0xe8, 0x55, 0xff, 0x57, 0x63, 0x00, 0xce, 0x7c, 0x48, 0x07, 0xa8,
  0xb0, 0x56, 0x00, 0xff, 0xb0, 0x53, 0x00, 0xdd, 0x71, 0x38, 0x00, 0x09,
  0xcc, 0x99, 0x00, 0x05, 0x00, 0x00, 0x00, 0x00, 0x00, 0x01, 0x00, 0x00,
  0xdf, 0x7f, 0x1f, 0x08, 0xbf, 0x7f, 0x1f, 0x08, 0xbf, 0x7f, 0x1f, 0x08,
  0x91, 0x6d, 0x00, 0x07, 0x91, 0x24, 0x00, 0x07, 0x6d, 0x24, 0x00, 0x07,
  0x78, 0x28, 0x00, 0x13, 0xa8, 0x49, 0x01, 0xa3, 0xad, 0x49, 0x02, 0xff,
  0x81, 0x2b, 0x00, 0xf8, 0xb3, 0x7c, 0x0d, 0xfd, 0xf3, 0xff, 0x60, 0xfd,
  0xb2, 0x95, 0x1f, 0xf9, 0x92, 0x34, 0x00, 0xff, 0xcc, 0x7c, 0x2c, 0xd9,
  0xf1, 0xb9, 0x95, 0xac, 0xf0, 0xb6, 0x87, 0xa2, 0xf0, 0xa5, 0x66, 0x55,
  0x00, 0x00, 0x00, 0x00, 0x00, 0x00, 0x00, 0x00, 0xff, 0x00, 0x00, 0x01,
  0x00, 0x00, 0x00, 0x00, 0x00, 0x00, 0x00, 0x00, 0x00, 0x00, 0x00, 0x00,
  0x00, 0x00, 0x00, 0x00, 0x00, 0x00, 0x00, 0x00, 0x00, 0x00, 0x00, 0x00,
  0x00, 0x00, 0x00, 0x00, 0x00, 0x00, 0x00, 0x00, 0x00, 0x00, 0x00, 0x00,
  0x00, 0x00, 0x00, 0x00, 0x00, 0x00, 0x00, 0x00, 0x00, 0x00, 0x00, 0x00,
  0x00, 0x00, 0x00, 0x00, 0x00, 0x00, 0x00, 0x00, 0x00, 0x00, 0x00, 0x00,
  0x00, 0x00, 0x00, 0x00, 0x00, 0x00, 0x00, 0x00, 0x00, 0x00, 0x00, 0x00,
  0x00, 0x00, 0x00, 0x00, 0x00, 0x00, 0x00, 0x00, 0x00, 0x00, 0x00, 0x00,
  0x00, 0x00, 0x00, 0x00, 0x00, 0x00, 0x00, 0x00, 0x00, 0x00, 0x00, 0x00,
  0x00, 0x00, 0x00, 0x00, 0x00, 0x00, 0x00, 0x00, 0x00, 0x00, 0x00, 0x00,
  0x00, 0x00, 0x00, 0x00, 0x00, 0x00, 0x00, 0x00, 0x00, 0x00, 0x00, 0x00,
  0x00, 0x00, 0x00, 0x00, 0x00, 0x00, 0x00, 0x00, 0x00, 0x00, 0x00, 0x00,
  0x00, 0x00, 0x00, 0x00, 0x00, 0x00, 0x00, 0x00, 0x00, 0x00, 0x00, 0x00,
  0x00, 0x00, 0x00, 0x00, 0x00, 0x00, 0x00, 0x00, 0x00, 0x00, 0x00, 0x00,
  0xff, 0x00, 0x00, 0x01, 0xff, 0x7f, 0x00, 0x02, 0xa5, 0x3f, 0x19, 0x14,
  0xdb, 0x7d, 0x2f, 0xc3, 0xdb, 0x88, 0x33, 0xff, 0xc6, 0x73, 0x1c, 0xff,
  0xd0, 0x7d, 0x19, 0xff, 0xc3, 0x6d, 0x31, 0xff, 0xd5, 0x9d, 0x26, 0xfb,
  0xf7, 0xf8, 0x58, 0xfd, 0xb4, 0x77, 0x0a, 0xfd, 0x87, 0x34, 0x00, 0xf8,
  0xb0, 0x4e, 0x02, 0xff, 0xab, 0x47, 0x01, 0xa8, 0x00, 0x00, 0x00, 0x03,
  0x00, 0x00, 0x00, 0x00, 0x00, 0x00, 0x00, 0x00, 0xff, 0xff, 0x00, 0x01,
  0x00, 0x00, 0x00, 0x00, 0x00, 0x00, 0x00, 0x00, 0x00, 0x00, 0x00, 0x00,
  0x00, 0x00, 0x00, 0x00, 0x00, 0x00, 0x00, 0x00, 0x00, 0x00, 0x00, 0x00,
  0x00, 0x00, 0x00, 0x00, 0x92, 0x52, 0x00, 0x28, 0xbd, 0x64, 0x01, 0xee,
  0xc3, 0x5e, 0x00, 0xfe, 0x79, 0x3d, 0x03, 0xa1, 0x69, 0x51, 0x00, 0xc1,
  0x8e, 0xcb, 0x34, 0xff, 0x79, 0xae, 0x2b, 0xfa, 0x55, 0x38, 0x00, 0xff,
  0x5a, 0x41, 0x1a, 0xfe, 0xa2, 0x8d, 0x82, 0xfc, 0x77, 0x5d, 0x4b, 0xfd,
  0x84, 0x5b, 0x3c, 0xfd, 0x80, 0x5a, 0x3b, 0xfd, 0x7b, 0x60, 0x4a, 0xfd,
  0x9e, 0x8c, 0x7b, 0xfc, 0x64, 0x4a, 0x27, 0xfd, 0x4a, 0x34, 0x00, 0xff,
  0x7f, 0xb2, 0x2b, 0xfa, 0x8b, 0xc5, 0x39, 0xff, 0x69, 0x4f, 0x00, 0xcb,
  0x81, 0x44, 0x04, 0xa8, 0xc4, 0x61, 0x00, 0xfe, 0xc8, 0x69, 0x01, 0xf0,
  0x95, 0x4a, 0x00, 0x29, 0x00, 0x00, 0x00, 0x00, 0x00, 0x00, 0x00, 0x00,
  0x00, 0x00, 0x00, 0x00, 0x00, 0x00, 0x00, 0x00, 0x00, 0x00, 0x00, 0x00,
  0x00, 0x00, 0x00, 0x00, 0x00, 0x00, 0x00, 0x00, 0x01, 0x01, 0x00, 0x00,
  0x00, 0x00, 0x00, 0x00, 0x00, 0x00, 0x00, 0x00, 0x00, 0x00, 0x00, 0x02,
  0xaa, 0x47, 0x01, 0xa3, 0xad, 0x49, 0x03, 0xff, 0x83, 0x2c, 0x00, 0xf8,
  0xb9, 0x78, 0x0e, 0xfd, 0xf9, 0xfd, 0x67, 0xfd, 0xcf, 0x8f, 0x22, 0xfb,
  0xc6, 0x67, 0x25, 0xff, 0xcc, 0x7a, 0x22, 0xff, 0xc4, 0x72, 0x23, 0xff,
  0xe0, 0x8f, 0x4d, 0xff, 0xe1, 0x8a, 0x40, 0xab, 0x99, 0x33, 0x19, 0x0a,
  0xff, 0x7f, 0x7f, 0x02, 0xff, 0x00, 0x00, 0x01, 0x00, 0x00, 0x00, 0x00,
  0x00, 0x00, 0x00, 0x00, 0x00, 0x00, 0x00, 0x00, 0x00, 0x00, 0x00, 0x00,
  0x00, 0x00, 0x00, 0x00, 0x00, 0x00, 0x00, 0x00, 0x00, 0x00, 0x00, 0x00,
  0x00, 0x00, 0x00, 0x00, 0x00, 0x00, 0x00, 0x00, 0x00, 0x00, 0x00, 0x00,
  0x00, 0x00, 0x00, 0x00, 0x00, 0x00, 0x00, 0x00, 0x00, 0x00, 0x00, 0x00,
  0x00, 0x00, 0x00, 0x00, 0x00, 0x00, 0x00, 0x00, 0x00, 0x00, 0x00, 0x00,
  0x00, 0x00, 0x00, 0x00, 0x00, 0x00, 0x00, 0x00, 0x00, 0x00, 0x00, 0x00,
  0x00, 0x00, 0x00, 0x00, 0x00, 0x00, 0x00, 0x00, 0x00, 0x00, 0x00, 0x00,
  0x00, 0x00, 0x00, 0x00, 0x00, 0x00, 0x00, 0x00, 0x00, 0x00, 0x00, 0x00,
  0x00, 0x00, 0x00, 0x00, 0x00, 0x00, 0x00, 0x00, 0x00, 0x00, 0x00, 0x00,
  0x00, 0x00, 0x00, 0x00, 0x00, 0x00, 0x00, 0x00, 0x00, 0x00, 0x00, 0x00,
  0x00, 0x00, 0x00, 0x00, 0x00, 0x00, 0x00, 0x00, 0x00, 0x00, 0x00, 0x00,
  0x00, 0x00, 0x00, 0x00, 0x00, 0x00, 0x00, 0x00, 0x00, 0x00, 0x00, 0x00,
  0x00, 0x00, 0x00, 0x00, 0xaa, 0x55, 0x00, 0x03, 0x00, 0x00, 0x00, 0x00,
  0xbb, 0x53, 0x0c, 0x9e, 0xb3, 0x51, 0x0e, 0xff, 0xb1, 0x6e, 0x00, 0xf6,
  0xec, 0xd9, 0x47, 0xfa, 0xf1, 0xe4, 0x6b, 0xfa, 0xc5, 0x8c, 0x04, 0xfb,
  0xae, 0x60, 0x0b, 0xfd, 0xb4, 0x6a, 0x0a, 0xfd, 0x81, 0x25, 0x00, 0xfa,
  0xad, 0x48, 0x02, 0xff, 0xae, 0x45, 0x01, 0xa5, 0x00, 0x00, 0x00, 0x00,
  0xff, 0xff, 0x00, 0x01, 0x7f, 0x00, 0x00, 0x02, 0xbf, 0x7f, 0x00, 0x04,
  0x00, 0x00, 0x00, 0x00, 0xc2, 0x91, 0x04, 0x3f, 0xe9, 0xbe, 0x15, 0xa3,
  0xf2, 0xcc, 0x19, 0xb5, 0xed, 0xc7, 0x13, 0xb3, 0xef, 0xc8, 0x15, 0xb2,
  0xef, 0xc4, 0x11, 0xb2, 0xef, 0xbe, 0x08, 0xb1, 0xd8, 0x9c, 0x02, 0xe1,
  0xd8, 0x79, 0x01, 0xfa, 0xc9, 0x60, 0x01, 0xff, 0x75, 0x2c, 0x00, 0x8b,
  0x7a, 0x40, 0x00, 0xbf, 0x6c, 0x59, 0x00, 0xff, 0x68, 0x4f, 0x00, 0xfc,
  0x58, 0x28, 0x00, 0xda, 0x71, 0x51, 0x31, 0xee, 0x53, 0x2c, 0x22, 0xfd,
  0xa9, 0x6e, 0x00, 0xfd, 0xf0, 0xcb, 0x29, 0xfd, 0xf0, 0xcc, 0x25, 0xfd,
  0xb6, 0x7a, 0x05, 0xfd, 0x50, 0x28, 0x13, 0xfe, 0x6f, 0x4f, 0x35, 0xf3,
  0x51, 0x26, 0x00, 0xd9, 0x69, 0x53, 0x00, 0xfb, 0x69, 0x54, 0x00, 0xff,
  0x7c, 0x40, 0x00, 0xc5, 0x7d, 0x35, 0x01, 0x8e, 0xca, 0x5f, 0x00, 0xff,
  0xdf, 0x78, 0x01, 0xf9, 0xe0, 0xa2, 0x06, 0xdf, 0xed, 0xbb, 0x0a, 0xb2,
  0xed, 0xc1, 0x0c, 0xb3, 0xf0, 0xca, 0x11, 0xb3, 0xef, 0xcb, 0x11, 0xb1,
  0xf0, 0xce, 0x1b, 0xb3, 0xee, 0xcd, 0x28, 0x9f, 0xd9, 0xac, 0x08, 0x3e,
  0x00, 0x00, 0x00, 0x00, 0xbf, 0x7f, 0x00, 0x04, 0x7f, 0x00, 0x00, 0x02,
  0xff, 0x7f, 0x00, 0x02, 0x00, 0x00, 0x00, 0x00, 0xae, 0x47, 0x01, 0xa1,
  0xab, 0x46, 0x02, 0xff, 0x7d, 0x25, 0x00, 0xfa, 0xb4, 0x6a, 0x09, 0xfd,
  0xba, 0x69, 0x0e, 0xfc, 0xcb, 0x8c, 0x02, 0xfb, 0xed, 0xda, 0x58, 0xfa,
  0xe8, 0xcd, 0x45, 0xf9, 0xa4, 0x61, 0x00, 0xf6, 0xba, 0x59, 0x12, 0xff,
  0xc1, 0x5e, 0x13, 0x8d, 0x00, 0x00, 0x00, 0x00, 0xff, 0x55, 0x00, 0x03,
  0x00, 0x00, 0x00, 0x00, 0x00, 0x00, 0x00, 0x00, 0x00, 0x00, 0x00, 0x00,
  0x00, 0x00, 0x00, 0x00, 0x00, 0x00, 0x00, 0x00, 0x00, 0x00, 0x00, 0x00,
  0x00, 0x00, 0x00, 0x00, 0x00, 0x00, 0x00, 0x00, 0x00, 0x00, 0x00, 0x00,
  0x00, 0x00, 0x00, 0x00, 0x00, 0x00, 0x00, 0x00, 0x00, 0x00, 0x00, 0x00,
  0x00, 0x00, 0x00, 0x00, 0x00, 0x00, 0x00, 0x00, 0x00, 0x00, 0x00, 0x00,
  0x00, 0x00, 0x00, 0x00, 0x00, 0x00, 0x00, 0x00, 0x00, 0x00, 0x00, 0x00,
  0x00, 0x00, 0x00, 0x00, 0x00, 0x00, 0x00, 0x00, 0x00, 0x00, 0x00, 0x00,
  0x00, 0x00, 0x00, 0x00, 0x00, 0x00, 0x00, 0x00, 0x00, 0x00, 0x00, 0x00,
  0x00, 0x00, 0x00, 0x00, 0x00, 0x00, 0x00, 0x00, 0x00, 0x00, 0x00, 0x00,
  0x00, 0x00, 0x00, 0x00, 0x00, 0x00, 0x00, 0x00, 0x00, 0x00, 0x00, 0x00,
  0x00, 0x00, 0x00, 0x00, 0x00, 0x00, 0x00, 0x00, 0x00, 0x00, 0x00, 0x00,
  0x00, 0x00, 0x00, 0x00, 0x00, 0x00, 0x00, 0x00, 0x00, 0x00, 0x00, 0x00,
  0x00, 0x00, 0x00, 0x00, 0xff, 0x00, 0x00, 0x01, 0x00, 0x00, 0x00, 0x00,
  0xb0, 0x44, 0x13, 0x1a, 0xa1, 0x3d, 0x02, 0xf3, 0x92, 0x40, 0x00, 0xfc,
  0xf1, 0xc6, 0x04, 0xfc, 0xff, 0xff, 0x42, 0xfd, 0xfd, 0xff, 0x5e, 0xfd,
  0xff, 0xe7, 0x14, 0xfd, 0xa7, 0x5b, 0x00, 0xfd, 0x7d, 0x21, 0x00, 0xfb,
  0x9d, 0x39, 0x01, 0xff, 0xad, 0x47, 0x03, 0x9c, 0x00, 0x00, 0x00, 0x01,
  0xff, 0x7f, 0x00, 0x02, 0x7f, 0x00, 0x00, 0x02, 0xbf, 0x7f, 0x00, 0x04,
  0x00, 0x00, 0x00, 0x00, 0xa8, 0x68, 0x02, 0x58, 0xce, 0x8b, 0x01, 0xfb,
  0xf8, 0xa7, 0x05, 0xff, 0xf3, 0x98, 0x05, 0xff, 0xf0, 0x97, 0x03, 0xff,
  0xed, 0x95, 0x04, 0xff, 0xee, 0x91, 0x04, 0xff, 0xec, 0x8e, 0x02, 0xff,
  0xdd, 0x7c, 0x00, 0xff, 0xd8, 0x6c, 0x00, 0xff, 0xa2, 0x46, 0x01, 0xf1,
  0x64, 0x1a, 0x00, 0x26, 0x8b, 0x3e, 0x01, 0xc7, 0x72, 0x38, 0x03, 0xff,
  0x70, 0x35, 0x03, 0xff, 0x4f, 0x18, 0x00, 0x7d, 0x6c, 0x4b, 0x32, 0xb0,
  0x60, 0x2e, 0x1d, 0xff, 0xe3, 0x90, 0x02, 0xfa, 0xff, 0xd0, 0x01, 0xfd,
  0xff, 0xd1, 0x00, 0xfd, 0xeb, 0x9a, 0x01, 0xfb, 0x65, 0x2e, 0x15, 0xff,
  0x6e, 0x47, 0x31, 0xc8, 0x5c, 0x24, 0x00, 0x7f, 0x70, 0x36, 0x02, 0xff,
  0x70, 0x38, 0x01, 0xff, 0x86, 0x3c, 0x00, 0xcd, 0x68, 0x27, 0x00, 0x27,
  0xa5, 0x47, 0x00, 0xec, 0xd8, 0x67, 0x00, 0xff, 0xe1, 0x7b, 0x02, 0xff,
  0xeb, 0x8d, 0x02, 0xff, 0xec, 0x92, 0x03, 0xff, 0xec, 0x98, 0x03, 0xff,
  0xf1, 0x9d, 0x03, 0xff, 0xf3, 0xa2, 0x05, 0xff, 0xfa, 0xbd, 0x09, 0xff,
  0xd9, 0xa0, 0x02, 0xfc, 0xb1, 0x6c, 0x02, 0x60, 0x00, 0x00, 0x00, 0x00,
  0xbf, 0x7f, 0x00, 0x04, 0xff, 0x00, 0x00, 0x01, 0xff, 0x7f, 0x00, 0x02,
  0x00, 0x00, 0x00, 0x00, 0xae, 0x48, 0x01, 0x98, 0xa4, 0x40, 0x02, 0xff,
  0x82, 0x23, 0x00, 0xfb, 0xa6, 0x5b, 0x00, 0xfd, 0xff, 0xec, 0x13, 0xfd,
  0xff, 0xff, 0x5b, 0xfd, 0xff, 0xff, 0x51, 0xfd, 0xec, 0xc5, 0x05, 0xfb,
  0x90, 0x42, 0x00, 0xfb, 0x9f, 0x42, 0x07, 0xf0, 0x99, 0x3d, 0x14, 0x19,
  0x00, 0x00, 0x00, 0x00, 0xff, 0x00, 0x00, 0x01, 0x00, 0x00, 0x00, 0x00,
  0x00, 0x00, 0x00, 0x00, 0x00, 0x00, 0x00, 0x00, 0x00, 0x00, 0x00, 0x00,
  0x00, 0x00, 0x00, 0x00, 0x00, 0x00, 0x00, 0x00, 0x00, 0x00, 0x00, 0x00,
  0x00, 0x00, 0x00, 0x00, 0x00, 0x00, 0x00, 0x00, 0x00, 0x00, 0x00, 0x00,
  0x00, 0x00, 0x00, 0x00, 0x00, 0x00, 0x00, 0x00, 0x00, 0x00, 0x00, 0x00,
  0x00, 0x00, 0x00, 0x00, 0x00, 0x00, 0x00, 0x00, 0x00, 0x00, 0x00, 0x00,
  0x00, 0x00, 0x00, 0x00, 0x00, 0x00, 0x00, 0x00, 0x00, 0x00, 0x00, 0x00,
  0x00, 0x00, 0x00, 0x00, 0x00, 0x00, 0x00, 0x00, 0x00, 0x00, 0x00, 0x00,
  0x00, 0x00, 0x00, 0x00, 0x00, 0x00, 0x00, 0x00, 0x00, 0x00, 0x00, 0x00,
  0x00, 0x00, 0x00, 0x00, 0x00, 0x00, 0x00, 0x00, 0x00, 0x00, 0x00, 0x00,
  0x00, 0x00, 0x00, 0x00, 0x00, 0x00, 0x00, 0x00, 0x00, 0x00, 0x00, 0x00,
  0x00, 0x00, 0x00, 0x00, 0x00, 0x00, 0x00, 0x00, 0x00, 0x00, 0x00, 0x00,
  0x00, 0x00, 0x00, 0x00, 0x00, 0x00, 0x00, 0x00, 0xaa, 0x55, 0x00, 0x03,
  0x00, 0x00, 0x00, 0x00, 0xbd, 0x4f, 0x08, 0x3a, 0x93, 0x30, 0x01, 0xff,
  0xae, 0x65, 0x00, 0xfb, 0xf0, 0xb6, 0x00, 0xfd, 0xf8, 0xe0, 0x00, 0xfd,
  0xfa, 0xe8, 0x00, 0xfd, 0xf7, 0xc4, 0x00, 0xfd, 0xc9, 0x84, 0x00, 0xfb,
  0x85, 0x2f, 0x00, 0xfe, 0x9e, 0x3a, 0x02, 0xcc, 0x00, 0x00, 0x00, 0x00,
  0xff, 0x00, 0x00, 0x01, 0xff, 0x00, 0x00, 0x01, 0xff, 0x7f, 0x00, 0x02,
  0x00, 0x00, 0x01, 0x00, 0xa6, 0x6c, 0x02, 0x5c, 0xc5, 0x7e, 0x01, 0xfa,
  0xf1, 0x91, 0x00, 0xfe, 0xcd, 0x68, 0x00, 0xf9, 0xc6, 0x67, 0x00, 0xd4,
  0xca, 0x6b, 0x00, 0xd4, 0xcb, 0x6a, 0x00, 0xd3, 0xc9, 0x68, 0x00, 0xd2,
  0xc8, 0x67, 0x00, 0xd4, 0xc9, 0x69, 0x01, 0xd7, 0xb5, 0x56, 0x00, 0xb1,
  0x91, 0x37, 0x00, 0x33, 0x01, 0x01, 0x00, 0x00, 0x94, 0x3e, 0x01, 0xd1,
  0x6f, 0x31, 0x01, 0xff, 0x73, 0x31, 0x02, 0xff, 0x58, 0x17, 0x00, 0x82,
  0x72, 0x50, 0x39, 0xae, 0x69, 0x31, 0x1f, 0xff, 0xe2, 0x97, 0x02, 0xfa,
  0xff, 0xed, 0x04, 0xfd, 0xff, 0xea, 0x03, 0xfd, 0xf4, 0xab, 0x02, 0xfb,
  0x65, 0x2c, 0x12, 0xff, 0x6e, 0x48, 0x34, 0xc6, 0x5d, 0x20, 0x00, 0x85,
  0x74, 0x33, 0x01, 0xff, 0x6c, 0x31, 0x00, 0xff, 0x8b, 0x3d, 0x01, 0xd7,
  0x02, 0x02, 0x00, 0x00, 0x97, 0x41, 0x00, 0x2f, 0xb4, 0x57, 0x00, 0xaf,
  0xc4, 0x67, 0x01, 0xd6, 0xc4, 0x64, 0x00, 0xd2, 0xc7, 0x69, 0x00, 0xd3,
  0xc5, 0x6e, 0x00, 0xd6, 0xc8, 0x73, 0x00, 0xd6, 0xc7, 0x70, 0x00, 0xd8,
  0xc7, 0x6e, 0x00, 0xf9, 0xf3, 0xb7, 0x00, 0xfe, 0xd5, 0x99, 0x01, 0xfc,
  0xad, 0x69, 0x02, 0x61, 0x00, 0x00, 0x01, 0x00, 0xff, 0x7f, 0x00, 0x02,
  0xff, 0x00, 0x00, 0x01, 0xff, 0x00, 0x00, 0x01, 0x00, 0x00, 0x00, 0x00,
  0x97, 0x39, 0x01, 0xc8, 0x88, 0x31, 0x00, 0xfe, 0xc8, 0x84, 0x01, 0xfa,
  0xf3, 0xc2, 0x00, 0xfd, 0xfb, 0xea, 0x00, 0xfd, 0xf9, 0xe2, 0x00, 0xfd,
  0xee, 0xb9, 0x00, 0xfc, 0xa3, 0x60, 0x00, 0xfb, 0x89, 0x2f, 0x01, 0xff,
  0xa3, 0x42, 0x0c, 0x3d, 0x00, 0x00, 0x00, 0x00, 0xaa, 0x55, 0x00, 0x03,
  0x00, 0x00, 0x00, 0x00, 0x00, 0x00, 0x00, 0x00, 0x00, 0x00, 0x00, 0x00,
  0x00, 0x00, 0x00, 0x00, 0x00, 0x00, 0x00, 0x00, 0x00, 0x00, 0x00, 0x00,
  0x00, 0x00, 0x00, 0x00, 0x00, 0x00, 0x00, 0x00, 0x00, 0x00, 0x00, 0x00,
  0x00, 0x00, 0x00, 0x00, 0x00, 0x00, 0x00, 0x00, 0x00, 0x00, 0x00, 0x00,
  0x00, 0x00, 0x00, 0x00, 0x00, 0x00, 0x00, 0x00, 0x00, 0x00, 0x00, 0x00,
  0x00, 0x00, 0x00, 0x00, 0x00, 0x00, 0x00, 0x00, 0x00, 0x00, 0x00, 0x00,
  0x00, 0x00, 0x00, 0x00, 0x00, 0x00, 0x00, 0x00, 0x00, 0x00, 0x00, 0x00,
  0x00, 0x00, 0x00, 0x00, 0x00, 0x00, 0x00, 0x00, 0x00, 0x00, 0x00, 0x00,
  0x00, 0x00, 0x00, 0x00, 0x00, 0x00, 0x00, 0x00, 0x00, 0x00, 0x00, 0x00,
  0x00, 0x00, 0x00, 0x00, 0x00, 0x00, 0x00, 0x00, 0x00, 0x00, 0x00, 0x00,
  0x00, 0x00, 0x00, 0x00, 0x00, 0x00, 0x00, 0x00, 0x00, 0x00, 0x00, 0x00,
  0x00, 0x00, 0x00, 0x00, 0x00, 0x00, 0x00, 0x00, 0x00, 0x00, 0x00, 0x00,
  0x7f, 0x7f, 0x00, 0x02, 0x00, 0x00, 0x00, 0x00, 0xd0, 0x5d, 0x0d, 0x26,
  0x9c, 0x38, 0x02, 0xf9, 0xb0, 0x72, 0x00, 0xfd, 0xff, 0xed, 0x00, 0xfd,
  0xf9, 0xf1, 0x05, 0xfd, 0xf8, 0xf2, 0x06, 0xfd, 0xff, 0xf1, 0x01, 0xfd,
  0xce, 0x94, 0x00, 0xf9, 0x8f, 0x31, 0x00, 0xfe, 0xa0, 0x4c, 0x09, 0xa4,
  0x01, 0x00, 0x00, 0x00, 0x7f, 0x3f, 0x00, 0x04, 0x99, 0x99, 0x33, 0x05,
  0x00, 0x01, 0x01, 0x00, 0xab, 0x6a, 0x00, 0x59, 0xcb, 0x86, 0x03, 0xfe,
  0xf9, 0xac, 0x01, 0xff, 0xd0, 0x6a, 0x01, 0xf6, 0xab, 0x4d, 0x02, 0x56,
  0xff, 0xff, 0x00, 0x05, 0xc6, 0xaa, 0x00, 0x09, 0xff, 0xff, 0x00, 0x06,
  0xff, 0xff, 0x00, 0x05, 0xff, 0xd4, 0x00, 0x06, 0xff, 0xd4, 0x00, 0x06,
  0x00, 0x00, 0x00, 0x00, 0x00, 0x00, 0x00, 0x00, 0xff, 0x99, 0x00, 0x05,
  0x9a, 0x3c, 0x01, 0xd0, 0x72, 0x2c, 0x00, 0xff, 0x79, 0x31, 0x02, 0xff,
  0x52, 0x14, 0x00, 0x7e, 0x8e, 0x61, 0x37, 0xa5, 0x71, 0x40, 0x31, 0xff,
  0xac, 0x64, 0x00, 0xfa, 0xf4, 0xc5, 0x00, 0xfd, 0xee, 0xc1, 0x00, 0xfd,
  0xbe, 0x7a, 0x00, 0xfb, 0x63, 0x34, 0x24, 0xff, 0x76, 0x4c, 0x34, 0xbd,
  0x5d, 0x1c, 0x00, 0x7e, 0x77, 0x30, 0x02, 0xff, 0x6d, 0x2d, 0x00, 0xff,
  0x90, 0x3f, 0x01, 0xd5, 0xdf, 0x7f, 0x00, 0x08, 0x00, 0x00, 0x00, 0x00,
  0x00, 0x00, 0x00, 0x00, 0xff, 0xd4, 0x00, 0x06, 0xdf, 0xbf, 0x00, 0x08,
  0xff, 0xdf, 0x00, 0x08, 0xff, 0xe2, 0x00, 0x09, 0xff, 0xc6, 0x00, 0x09,
  0xff, 0xda, 0x00, 0x07, 0xb2, 0x59, 0x03, 0x50, 0xcd, 0x75, 0x01, 0xf0,
  0xfd, 0xd8, 0x02, 0xff, 0xd6, 0xa1, 0x03, 0xff, 0xb1, 0x6c, 0x00, 0x60,
  0x00, 0x01, 0x01, 0x00, 0x99, 0x99, 0x33, 0x05, 0x7f, 0x3f, 0x00, 0x04,
  0x01, 0x00, 0x00, 0x00, 0xa4, 0x4a, 0x13, 0x9d, 0x95, 0x35, 0x02, 0xfe,
  0xd2, 0x9f, 0x00, 0xf8, 0xff, 0xe9, 0x01, 0xfd, 0xf9, 0xf1, 0x00, 0xfd,
  0xf9, 0xf1, 0x00, 0xfd, 0xff, 0xeb, 0x00, 0xfc, 0xab, 0x6f, 0x00, 0xfc,
  0x8f, 0x30, 0x01, 0xfa, 0xae, 0x4a, 0x0c, 0x29, 0x00, 0x00, 0x00, 0x00,
  0x7f, 0x7f, 0x00, 0x02, 0x00, 0x00, 0x00, 0x00, 0x00, 0x00, 0x00, 0x00,
  0x00, 0x00, 0x00, 0x00, 0x00, 0x00, 0x00, 0x00, 0x00, 0x00, 0x00, 0x00,
  0x00, 0x00, 0x00, 0x00, 0x00, 0x00, 0x00, 0x00, 0x00, 0x00, 0x00, 0x00,
  0x00, 0x00, 0x00, 0x00, 0x00, 0x00, 0x00, 0x00, 0x00, 0x00, 0x00, 0x00,
  0x00, 0x00, 0x00, 0x00, 0x00, 0x00, 0x00, 0x00, 0x00, 0x00, 0x00, 0x00,
  0x00, 0x00, 0x00, 0x00, 0x00, 0x00, 0x00, 0x00, 0x00, 0x00, 0x00, 0x00,
  0x00, 0x00, 0x00, 0x00, 0x00, 0x00, 0x00, 0x00, 0x00, 0x00, 0x00, 0x00,
  0x00, 0x00, 0x00, 0x00, 0x00, 0x00, 0x00, 0x00, 0x00, 0x00, 0x00, 0x00,
  0x00, 0x00, 0x00, 0x00, 0x00, 0x00, 0x00, 0x00, 0x00, 0x00, 0x00, 0x00,
  0x00, 0x00, 0x00, 0x00, 0x00, 0x00, 0x00, 0x00, 0x00, 0x00, 0x00, 0x00,
  0x00, 0x00, 0x00, 0x00, 0x00, 0x00, 0x00, 0x00, 0x00, 0x00, 0x00, 0x00,
  0x00, 0x00, 0x00, 0x00, 0x00, 0x00, 0x00, 0x00, 0x00, 0x00, 0x00, 0x00,
  0x00, 0x00, 0x00, 0x00, 0x00, 0x00, 0x00, 0x00, 0x7f, 0x7f, 0x00, 0x02,
  0xff, 0xff, 0x00, 0x01, 0xb4, 0x4c, 0x03, 0xc2, 0xa5, 0x52, 0x03, 0xff,
  0xe2, 0xd2, 0x00, 0xf7, 0xff, 0xff, 0x51, 0xfc, 0xff, 0xff, 0x67, 0xfc,
  0xf6, 0xf1, 0x06, 0xfa, 0xa1, 0x5a, 0x00, 0xf8, 0x9b, 0x3d, 0x0a, 0xff,
  0x97, 0x59, 0x22, 0x4a, 0x00, 0x00, 0x00, 0x00, 0x7f, 0x55, 0x2a, 0x06,
  0x00, 0x00, 0x00, 0x00, 0x8a, 0x4a, 0x00, 0x18, 0xae, 0x6d, 0x0e, 0xf3,
  0xf5, 0xc0, 0x00, 0xfe, 0xce, 0x7d, 0x00, 0xed, 0xa1, 0x41, 0x03, 0x4a,
  0x00, 0x00, 0x00, 0x00, 0x00, 0x00, 0x00, 0x01, 0x00, 0x00, 0x00, 0x00,
  0x00, 0x00, 0x00, 0x00, 0x00, 0x00, 0x00, 0x00, 0x00, 0x00, 0x00, 0x00,
  0x00, 0x00, 0x00, 0x00, 0x55, 0x00, 0x00, 0x03, 0xbf, 0x3f, 0x00, 0x04,
  0x01, 0x01, 0x00, 0x00, 0x9e, 0x3b, 0x00, 0xd1, 0x73, 0x29, 0x00, 0xff,
  0x77, 0x2f, 0x00, 0xff, 0x63, 0x22, 0x02, 0x78, 0x6d, 0x32, 0x0b, 0x89,
  0xa7, 0x74, 0x40, 0xfe, 0x7e, 0x53, 0x3c, 0xf9, 0x80, 0x44, 0x29, 0xfd,
  0x81, 0x49, 0x2c, 0xfd, 0x74, 0x4d, 0x36, 0xf9, 0x8f, 0x62, 0x3d, 0xfe,
  0x68, 0x2f, 0x09, 0xa1, 0x64, 0x23, 0x02, 0x6d, 0x74, 0x2e, 0x01, 0xff,
  0x69, 0x29, 0x00, 0xff, 0x8e, 0x3b, 0x01, 0xd7, 0xff, 0xff, 0x00, 0x02,
  0xbf, 0x7f, 0x00, 0x04, 0xaa, 0x00, 0x00, 0x03, 0x00, 0x00, 0x00, 0x00,
  0x00, 0x00, 0x00, 0x00, 0x00, 0x00, 0x00, 0x00, 0x00, 0x00, 0x00, 0x00,
  0x00, 0x00, 0x00, 0x00, 0x00, 0x00, 0x00, 0x01, 0x00, 0x00, 0x00, 0x00,
  0xa7, 0x40, 0x03, 0x43, 0xc8, 0x82, 0x00, 0xec, 0xf6, 0xdd, 0x00, 0xfe,
  0xb7, 0x76, 0x0c, 0xf6, 0xa0, 0x5e, 0x00, 0x1b, 0x00, 0x00, 0x00, 0x00,
  0xaa, 0x55, 0x2a, 0x06, 0x00, 0x00, 0x00, 0x00, 0xa3, 0x5b, 0x25, 0x51,
  0xad, 0x45, 0x07, 0xff, 0xa0, 0x65, 0x00, 0xf8, 0xf7, 0xf8, 0x04, 0xfb,
  0xff, 0xff, 0x57, 0xfd, 0xff, 0xff, 0x48, 0xfd, 0xe6, 0xda, 0x00, 0xf7,
  0x9a, 0x52, 0x01, 0xff, 0xa1, 0x3e, 0x03, 0xc9, 0xff, 0x7f, 0x7f, 0x02,
  0x7f, 0x00, 0x00, 0x02, 0x00, 0x00, 0x00, 0x00, 0x00, 0x00, 0x00, 0x00,
  0x00, 0x00, 0x00, 0x00, 0x00, 0x00, 0x00, 0x00, 0x00, 0x00, 0x00, 0x00,
  0x00, 0x00, 0x00, 0x00, 0x00, 0x00, 0x00, 0x00, 0x00, 0x00, 0x00, 0x00,
  0x00, 0x00, 0x00, 0x00, 0x00, 0x00, 0x00, 0x00, 0x00, 0x00, 0x00, 0x00,
  0x00, 0x00, 0x00, 0x00, 0x00, 0x00, 0x00, 0x00, 0x00, 0x00, 0x00, 0x00,
  0x00, 0x00, 0x00, 0x00, 0x00, 0x00, 0x00, 0x00, 0x00, 0x00, 0x00, 0x00,
  0x00, 0x00, 0x00, 0x00, 0x00, 0x00, 0x00, 0x00, 0x00, 0x00, 0x00, 0x00,
  0x00, 0x00, 0x00, 0x00, 0x00, 0x00, 0x00, 0x00, 0x00, 0x00, 0x00, 0x00,
  0x00, 0x00, 0x00, 0x00, 0x00, 0x00, 0x00, 0x00, 0x00, 0x00, 0x00, 0x00,
  0x00, 0x00, 0x00, 0x00, 0x00, 0x00, 0x00, 0x00, 0x00, 0x00, 0x00, 0x00,
  0x00, 0x00, 0x00, 0x00, 0x00, 0x00, 0x00, 0x00, 0x00, 0x00, 0x00, 0x00,
  0x00, 0x00, 0x00, 0x00, 0x00, 0x00, 0x00, 0x00, 0x00, 0x00, 0x00, 0x00,
  0x00, 0x00, 0x00, 0x00, 0x00, 0x00, 0x00, 0x00, 0x00, 0x00, 0x00, 0x00,
  0xaa, 0x55, 0x00, 0x03, 0x00, 0x00, 0x00, 0x00, 0xb4, 0x4a, 0x09, 0x37,
  0xc1, 0x59, 0x07, 0xf3, 0xb7, 0x64, 0x0e, 0xff, 0xc8, 0x99, 0x13, 0xff,
  0xd2, 0xa5, 0x14, 0xff, 0xba, 0x6c, 0x07, 0xff, 0xae, 0x4b, 0x04, 0xff,
  0x8e, 0x3f, 0x14, 0x95, 0x00, 0x00, 0x02, 0x00, 0xbf, 0x7f, 0x3f, 0x04,
  0x00, 0x00, 0x00, 0x00, 0xb6, 0x94, 0x7b, 0x3c, 0xdb, 0xc4, 0xae, 0xd0,
  0xe3, 0xd5, 0xc4, 0xf9, 0xec, 0xcd, 0x83, 0xff, 0xa7, 0x68, 0x30, 0x98,
  0x00, 0x00, 0x00, 0x00, 0xcc, 0x66, 0x33, 0x05, 0x00, 0x00, 0x00, 0x00,
  0xff, 0x00, 0x00, 0x01, 0xff, 0x00, 0x00, 0x01, 0xff, 0x00, 0x00, 0x01,
  0xff, 0x00, 0x00, 0x01, 0x00, 0x00, 0x00, 0x00, 0x99, 0x66, 0x00, 0x05,
  0x00, 0x00, 0x00, 0x00, 0xc7, 0x47, 0x07, 0x20, 0x9b, 0x3d, 0x01, 0xee,
  0x66, 0x23, 0x00, 0xf9, 0x78, 0x2e, 0x00, 0xfe, 0x77, 0x29, 0x02, 0x7c,
  0x5c, 0x1e, 0x00, 0x42, 0x65, 0x2a, 0x02, 0xff, 0x79, 0x44, 0x1d, 0xfa,
  0xbe, 0x6e, 0x1d, 0xfd, 0xca, 0x74, 0x1c, 0xfd, 0x72, 0x40, 0x1a, 0xf9,
  0x5a, 0x24, 0x01, 0xff, 0x6a, 0x26, 0x00, 0x5d, 0x71, 0x2a, 0x02, 0x6c,
  0x73, 0x2c, 0x01, 0xfe, 0x5b, 0x20, 0x00, 0xf9, 0x90, 0x3c, 0x01, 0xf4,
  0xc5, 0x62, 0x00, 0x2c, 0x00, 0x00, 0x00, 0x00, 0xcc, 0x66, 0x00, 0x05,
  0x00, 0x00, 0x00, 0x00, 0xff, 0x00, 0x00, 0x01, 0xff, 0x00, 0x00, 0x01,
  0xff, 0x00, 0x00, 0x01, 0xff, 0x00, 0x00, 0x01, 0x00, 0x00, 0x00, 0x00,
  0xaa, 0x55, 0x2a, 0x06, 0x00, 0x00, 0x00, 0x00, 0xa4, 0x62, 0x27, 0x93,
  0xe9, 0xcc, 0x7a, 0xff, 0xe4, 0xd7, 0xc1, 0xf8, 0xe0, 0xc8, 0xb6, 0xcf,
  0xc2, 0x97, 0x81, 0x3b, 0x00, 0x00, 0x00, 0x00, 0xbf, 0x7f, 0x3f, 0x04,
  0x00, 0x00, 0xff, 0x01, 0xa0, 0x4d, 0x0f, 0xa5, 0xb2, 0x4b, 0x05, 0xff,
  0xb2, 0x73, 0x09, 0xff, 0xd1, 0xb2, 0x17, 0xfd, 0xc7, 0xa6, 0x14, 0xfd,
  0xaf, 0x69, 0x08, 0xff, 0xa6, 0x4a, 0x04, 0xf7, 0x91, 0x30, 0x08, 0x3a,
  0x00, 0x00, 0x00, 0x00, 0x55, 0x55, 0x00, 0x03, 0x00, 0x00, 0x00, 0x00,
  0x00, 0x00, 0x00, 0x00, 0x00, 0x00, 0x00, 0x00, 0x00, 0x00, 0x00, 0x00,
  0x00, 0x00, 0x00, 0x00, 0x00, 0x00, 0x00, 0x00, 0x00, 0x00, 0x00, 0x00,
  0x00, 0x00, 0x00, 0x00, 0x00, 0x00, 0x00, 0x00, 0x00, 0x00, 0x00, 0x00,
  0x00, 0x00, 0x00, 0x00, 0x00, 0x00, 0x00, 0x00, 0x00, 0x00, 0x00, 0x00,
  0x00, 0x00, 0x00, 0x00, 0x00, 0x00, 0x00, 0x00, 0x00, 0x00, 0x00, 0x00,
  0x00, 0x00, 0x00, 0x00, 0x00, 0x00, 0x00, 0x00, 0x00, 0x00, 0x00, 0x00,
  0x00, 0x00, 0x00, 0x00, 0x00, 0x00, 0x00, 0x00, 0x00, 0x00, 0x00, 0x00,
  0x00, 0x00, 0x00, 0x00, 0x00, 0x00, 0x00, 0x00, 0x00, 0x00, 0x00, 0x00,
  0x00, 0x00, 0x00, 0x00, 0x00, 0x00, 0x00, 0x00, 0x00, 0x00, 0x00, 0x00,
  0x00, 0x00, 0x00, 0x00, 0x00, 0x00, 0x00, 0x00, 0x00, 0x00, 0x00, 0x00,
  0x00, 0x00, 0x00, 0x00, 0x00, 0x00, 0x00, 0x00, 0x00, 0x00, 0x00, 0x00,
  0x00, 0x00, 0x00, 0x00, 0x00, 0x00, 0x00, 0x00, 0x00, 0x00, 0x00, 0x00,
  0x00, 0x00, 0x00, 0x00, 0x00, 0x00, 0x00, 0x00, 0x7f, 0x00, 0x00, 0x02,
  0x00, 0x00, 0x00, 0x00, 0xaa, 0x4b, 0x0a, 0x33, 0xc6, 0x5f, 0x0e, 0xb5,
  0xbc, 0x5a, 0x0c, 0xed, 0xb5, 0x53, 0x09, 0xf3, 0xad, 0x4e, 0x08, 0xd1,
  0x8d, 0x3e, 0x09, 0x6a, 0x00, 0x00, 0x01, 0x00, 0xaa, 0x55, 0x00, 0x03,
  0xff, 0xff, 0xff, 0x01, 0x7a, 0x51, 0x33, 0x19, 0xa6, 0x8e, 0x7e, 0xea,
  0xec, 0xea, 0xe9, 0xff, 0xfa, 0xfb, 0xff, 0xf9, 0xe4, 0xe5, 0xec, 0xfd,
  0xac, 0x90, 0x7a, 0xf0, 0x85, 0x48, 0x24, 0x2a, 0x00, 0x00, 0x00, 0x00,
  0x7f, 0x7f, 0x00, 0x02, 0x00, 0x00, 0x00, 0x00, 0x00, 0x00, 0x00, 0x00,
  0x00, 0x00, 0x00, 0x00, 0x00, 0x00, 0x00, 0x00, 0xbf, 0x7f, 0x00, 0x04,
  0x00, 0x00, 0x00, 0x00, 0xd0, 0x68, 0x05, 0x2c, 0xbd, 0x5c, 0x02, 0xd2,
  0x7f, 0x30, 0x01, 0xff, 0x61, 0x21, 0x00, 0xf4, 0x7a, 0x2c, 0x00, 0xff,
  0x7f, 0x2b, 0x01, 0x82, 0x01, 0x01, 0x01, 0x00, 0x76, 0x30, 0x01, 0xb2,
  0x38, 0x00, 0x00, 0xff, 0xc9, 0x79, 0x00, 0xfa, 0xd0, 0x7f, 0x00, 0xfa,
  0x38, 0x00, 0x00, 0xff, 0x71, 0x2c, 0x01, 0xc3, 0x03, 0x02, 0x00, 0x00,
  0x81, 0x2f, 0x02, 0x6c, 0x75, 0x2a, 0x01, 0xff, 0x59, 0x1f, 0x00, 0xf4,
  0x77, 0x2c, 0x00, 0xfe, 0xb7, 0x60, 0x03, 0xdb, 0xe3, 0x87, 0x05, 0x2f,
  0x00, 0x00, 0x00, 0x00, 0xbf, 0x7f, 0x00, 0x04, 0x00, 0x00, 0x00, 0x00,
  0x00, 0x00, 0x00, 0x00, 0x00, 0x00, 0x00, 0x00, 0x00, 0x00, 0x00, 0x00,
  0x7f, 0x7f, 0x00, 0x02, 0x00, 0x00, 0x01, 0x00, 0x92, 0x4c, 0x26, 0x28,
  0xae, 0x8c, 0x74, 0xef, 0xe1, 0xdf, 0xe7, 0xfd, 0xf6, 0xf8, 0xfc, 0xfa,
  0xee, 0xec, 0xeb, 0xff, 0xac, 0x95, 0x82, 0xed, 0x6b, 0x3a, 0x1d, 0x1a,
  0x7f, 0x7f, 0x7f, 0x02, 0x7f, 0x7f, 0x00, 0x02, 0x00, 0x2a, 0x55, 0x06,
  0x99, 0x45, 0x0b, 0x87, 0xaf, 0x4c, 0x07, 0xe6, 0xac, 0x52, 0x02, 0xfd,
  0xad, 0x52, 0x04, 0xf6, 0xa9, 0x4a, 0x09, 0xc2, 0x85, 0x33, 0x0c, 0x3b,
  0x00, 0x00, 0x00, 0x00, 0x7f, 0x00, 0x00, 0x02, 0x00, 0x00, 0x00, 0x00,
  0x00, 0x00, 0x00, 0x00, 0x00, 0x00, 0x00, 0x00, 0x00, 0x00, 0x00, 0x00,
  0x00, 0x00, 0x00, 0x00, 0x00, 0x00, 0x00, 0x00, 0x00, 0x00, 0x00, 0x00,
  0x00, 0x00, 0x00, 0x00, 0x00, 0x00, 0x00, 0x00, 0x00, 0x00, 0x00, 0x00,
  0x00, 0x00, 0x00, 0x00, 0x00, 0x00, 0x00, 0x00, 0x00, 0x00, 0x00, 0x00,
  0x00, 0x00, 0x00, 0x00, 0x00, 0x00, 0x00, 0x00, 0x00, 0x00, 0x00, 0x00,
  0x00, 0x00, 0x00, 0x00, 0x00, 0x00, 0x00, 0x00, 0x00, 0x00, 0x00, 0x00,
  0x00, 0x00, 0x00, 0x00, 0x00, 0x00, 0x00, 0x00, 0x00, 0x00, 0x00, 0x00,
  0x00, 0x00, 0x00, 0x00, 0x00, 0x00, 0x00, 0x00, 0x00, 0x00, 0x00, 0x00,
  0x00, 0x00, 0x00, 0x00, 0x00, 0x00, 0x00, 0x00, 0x00, 0x00, 0x00, 0x00,
  0x00, 0x00, 0x00, 0x00, 0x00, 0x00, 0x00, 0x00, 0x00, 0x00, 0x00, 0x00,
  0x00, 0x00, 0x00, 0x00, 0x00, 0x00, 0x00, 0x00, 0x00, 0x00, 0x00, 0x00,
  0x00, 0x00, 0x00, 0x00, 0x00, 0x00, 0x00, 0x00, 0x00, 0x00, 0x00, 0x00,
  0x00, 0x00, 0x00, 0x00, 0x00, 0x00, 0x00, 0x00, 0x00, 0x00, 0x00, 0x00,
  0x00, 0x00, 0x00, 0x00, 0x7f, 0x7f, 0x00, 0x02, 0x00, 0x00, 0x00, 0x00,
  0x00, 0x00, 0x00, 0x00, 0x8b, 0x39, 0x0b, 0x16, 0x88, 0x3b, 0x08, 0x1e,
  0x00, 0x00, 0x00, 0x01, 0x00, 0x00, 0x00, 0x00, 0x00, 0x00, 0x00, 0x00,
  0xaa, 0x55, 0x55, 0x03, 0x00, 0x00, 0x00, 0x00, 0x7c, 0x51, 0x39, 0x54,
  0xaf, 0x9e, 0x96, 0xff, 0xe9, 0xed, 0xf2, 0xf7, 0xf2, 0xf3, 0xf6, 0xfc,
  0xe9, 0xee, 0xf2, 0xf8, 0xb0, 0xa0, 0x8e, 0xff, 0x79, 0x45, 0x21, 0x6b,
  0x00, 0x00, 0x00, 0x00, 0x7f, 0x3f, 0x3f, 0x04, 0x00, 0x00, 0x00, 0x00,
  0x00, 0x00, 0x00, 0x00, 0x00, 0x00, 0x00, 0x00, 0x7f, 0x3f, 0x00, 0x04,
  0x00, 0x00, 0x00, 0x00, 0xd6, 0x67, 0x03, 0x45, 0xbe, 0x5a, 0x03, 0xee,
  0x86, 0x37, 0x00, 0xff, 0x6a, 0x26, 0x00, 0xf7, 0x6f, 0x2a, 0x00, 0xfd,
  0x8f, 0x36, 0x01, 0xfd, 0x7a, 0x27, 0x04, 0x34, 0x00, 0x00, 0x00, 0x01,
  0x91, 0x44, 0x04, 0x77, 0x7c, 0x1b, 0x01, 0xff, 0xdb, 0xa0, 0x12, 0xf9,
  0xe7, 0xaa, 0x16, 0xf8, 0x7a, 0x18, 0x01, 0xff, 0x90, 0x3f, 0x03, 0x88,
  0x00, 0x00, 0x00, 0x00, 0x87, 0x2d, 0x00, 0x22, 0x8e, 0x37, 0x01, 0xf1,
  0x6d, 0x28, 0x00, 0xff, 0x5b, 0x20, 0x00, 0xf7, 0x79, 0x30, 0x00, 0xff,
  0xbb, 0x60, 0x03, 0xf0, 0xde, 0x7b, 0x07, 0x46, 0x00, 0x00, 0x00, 0x00,
  0xaa, 0x55, 0x00, 0x03, 0x00, 0x00, 0x00, 0x00, 0x00, 0x00, 0x00, 0x00,
  0x00, 0x00, 0x00, 0x00, 0x7f, 0x3f, 0x3f, 0x04, 0x00, 0x00, 0x00, 0x00,
  0x8b, 0x50, 0x24, 0x68, 0xb7, 0x9d, 0x8a, 0xff, 0xe8, 0xed, 0xef, 0xf9,
  0xf4, 0xf6, 0xf5, 0xfd, 0xe9, 0xef, 0xf6, 0xf7, 0xab, 0xa0, 0x90, 0xff,
  0x6e, 0x44, 0x24, 0x5a, 0x00, 0x00, 0x00, 0x00, 0x7f, 0x3f, 0x3f, 0x04,
  0x00, 0x00, 0x00, 0x00, 0x00, 0x00, 0x00, 0x00, 0x33, 0x11, 0x00, 0x0f,
  0x88, 0x33, 0x05, 0x2d, 0x7b, 0x2b, 0x07, 0x23, 0x00, 0x00, 0x00, 0x00,
  0x00, 0x00, 0x00, 0x00, 0x7f, 0x00, 0x00, 0x02, 0x00, 0x00, 0x00, 0x00,
  0x00, 0x00, 0x00, 0x00, 0x00, 0x00, 0x00, 0x00, 0x00, 0x00, 0x00, 0x00,
  0x00, 0x00, 0x00, 0x00, 0x00, 0x00, 0x00, 0x00, 0x00, 0x00, 0x00, 0x00,
  0x00, 0x00, 0x00, 0x00, 0x00, 0x00, 0x00, 0x00, 0x00, 0x00, 0x00, 0x00,
  0x00, 0x00, 0x00, 0x00, 0x00, 0x00, 0x00, 0x00, 0x00, 0x00, 0x00, 0x00,
  0x00, 0x00, 0x00, 0x00, 0x00, 0x00, 0x00, 0x00, 0x00, 0x00, 0x00, 0x00,
  0x00, 0x00, 0x00, 0x00, 0x00, 0x00, 0x00, 0x00, 0x00, 0x00, 0x00, 0x00,
  0x00, 0x00, 0x00, 0x00, 0x00, 0x00, 0x00, 0x00, 0x00, 0x00, 0x00, 0x00,
  0x00, 0x00, 0x00, 0x00, 0x00, 0x00, 0x00, 0x00, 0x00, 0x00, 0x00, 0x00,
  0x00, 0x00, 0x00, 0x00, 0x00, 0x00, 0x00, 0x00, 0x00, 0x00, 0x00, 0x00,
  0x00, 0x00, 0x00, 0x00, 0x00, 0x00, 0x00, 0x00, 0x00, 0x00, 0x00, 0x00,
  0x00, 0x00, 0x00, 0x00, 0x00, 0x00, 0x00, 0x00, 0x00, 0x00, 0x00, 0x00,
  0x00, 0x00, 0x00, 0x00, 0x00, 0x00, 0x00, 0x00, 0x00, 0x00, 0x00, 0x00,
  0x00, 0x00, 0x00, 0x00, 0x00, 0x00, 0x00, 0x00, 0x00, 0x00, 0x00, 0x00,
  0x00, 0x00, 0x00, 0x00, 0x00, 0x00, 0x00, 0x00, 0x00, 0x00, 0x00, 0x00,
  0xff, 0x7f, 0x00, 0x02, 0xff, 0x7f, 0x00, 0x02, 0x00, 0x00, 0x00, 0x00,
  0x00, 0x00, 0x00, 0x00, 0x01, 0x01, 0x00, 0x00, 0xaa, 0x55, 0x00, 0x03,
  0x00, 0x00, 0x00, 0x00, 0xaa, 0x55, 0x55, 0x03, 0x00, 0x00, 0x00, 0x00,
  0x8c, 0x50, 0x2e, 0x3c, 0xb1, 0x95, 0x82, 0xff, 0xf5, 0xfb, 0xff, 0xf8,
  0xff, 0xff, 0xff, 0xf9, 0xf3, 0xfd, 0xff, 0xf6, 0xa6, 0x8f, 0x75, 0xff,
  0x72, 0x39, 0x0c, 0x55, 0x00, 0x00, 0x00, 0x00, 0x7f, 0x3f, 0x3f, 0x04,
  0x00, 0x00, 0x00, 0x00, 0x00, 0x00, 0x00, 0x00, 0xff, 0x7f, 0x00, 0x02,
  0x00, 0x00, 0x00, 0x00, 0xd2, 0x67, 0x04, 0x67, 0xb9, 0x53, 0x02, 0xfb,
  0x7e, 0x30, 0x00, 0xfe, 0x69, 0x25, 0x00, 0xf6, 0x7e, 0x31, 0x00, 0xff,
  0xa8, 0x4b, 0x02, 0xfe, 0xa9, 0x45, 0x02, 0x5c, 0x00, 0x00, 0x00, 0x00,
  0x00, 0x00, 0x00, 0x00, 0xa0, 0x4e, 0x04, 0x7c, 0x90, 0x25, 0x00, 0xff,
  0xe4, 0xaa, 0x2d, 0xf9, 0xec, 0xb1, 0x34, 0xf8, 0x8e, 0x20, 0x00, 0xff,
  0x9b, 0x46, 0x03, 0x8d, 0x00, 0x00, 0x00, 0x00, 0x00, 0x00, 0x00, 0x00,
  0xaf, 0x4b, 0x03, 0x4a, 0xa5, 0x47, 0x01, 0xf7, 0x74, 0x2e, 0x00, 0xff,
  0x61, 0x21, 0x00, 0xf5, 0x71, 0x28, 0x00, 0xfd, 0xb1, 0x55, 0x03, 0xfb,
  0xdb, 0x72, 0x05, 0x64, 0x00, 0x00, 0x00, 0x00, 0xff, 0x7f, 0x00, 0x02,
  0x00, 0x00, 0x00, 0x00, 0x00, 0x00, 0x00, 0x00, 0xaa, 0x55, 0x55, 0x03,
  0x00, 0x00, 0x00, 0x00, 0x8f, 0x44, 0x13, 0x4e, 0xb9, 0x95, 0x75, 0xff,
  0xf3, 0xfc, 0xff, 0xf7, 0xfd, 0xff, 0xff, 0xfa, 0xf7, 0xff, 0xff, 0xf6,
  0xa9, 0x96, 0x80, 0xff, 0x68, 0x39, 0x0d, 0x4c, 0x00, 0x00, 0x00, 0x00,
  0xaa, 0x55, 0x55, 0x03, 0x00, 0x00, 0x00, 0x01, 0xaa, 0x55, 0x00, 0x03,
  0x00, 0x00, 0x00, 0x00, 0x00, 0x00, 0x00, 0x00, 0x00, 0x00, 0x00, 0x00,
  0xff, 0xff, 0x00, 0x01, 0x7f, 0x7f, 0x00, 0x02, 0x00, 0x00, 0x00, 0x00,
  0x00, 0x00, 0x00, 0x00, 0x00, 0x00, 0x00, 0x00, 0x00, 0x00, 0x00, 0x00,
  0x00, 0x00, 0x00, 0x00, 0x00, 0x00, 0x00, 0x00, 0x00, 0x00, 0x00, 0x00,
  0x00, 0x00, 0x00, 0x00, 0x00, 0x00, 0x00, 0x00, 0x00, 0x00, 0x00, 0x00,
  0x00, 0x00, 0x00, 0x00, 0x00, 0x00, 0x00, 0x00, 0x00, 0x00, 0x00, 0x00,
  0x00, 0x00, 0x00, 0x00, 0x00, 0x00, 0x00, 0x00, 0x00, 0x00, 0x00, 0x00,
  0x00, 0x00, 0x00, 0x00, 0x00, 0x00, 0x00, 0x00, 0x00, 0x00, 0x00, 0x00,
  0x00, 0x00, 0x00, 0x00, 0x00, 0x00, 0x00, 0x00, 0x00, 0x00, 0x00, 0x00,
  0x00, 0x00, 0x00, 0x00, 0x00, 0x00, 0x00, 0x00, 0x00, 0x00, 0x00, 0x00,
  0x00, 0x00, 0x00, 0x00, 0x00, 0x00, 0x00, 0x00, 0x00, 0x00, 0x00, 0x00,
  0x00, 0x00, 0x00, 0x00, 0x00, 0x00, 0x00, 0x00, 0x00, 0x00, 0x00, 0x00,
  0x00, 0x00, 0x00, 0x00, 0x00, 0x00, 0x00, 0x00, 0x00, 0x00, 0x00, 0x00,
  0x00, 0x00, 0x00, 0x00, 0x00, 0x00, 0x00, 0x00, 0x00, 0x00, 0x00, 0x00,
  0x00, 0x00, 0x00, 0x00, 0x00, 0x00, 0x00, 0x00, 0x00, 0x00, 0x00, 0x00,
  0x00, 0x00, 0x00, 0x00, 0x00, 0x00, 0x00, 0x00, 0x00, 0x00, 0x00, 0x00,
  0x00, 0x00, 0x00, 0x00, 0x00, 0x00, 0x00, 0x00, 0x00, 0x00, 0x00, 0x00,
  0xff, 0x00, 0x00, 0x01, 0x7f, 0x00, 0x00, 0x02, 0x00, 0x00, 0x00, 0x01,
  0x00, 0x00, 0x00, 0x00, 0x00, 0x00, 0x00, 0x00, 0x00, 0x00, 0x00, 0x00,
  0x7f, 0x7f, 0x7f, 0x02, 0xbf, 0x3f, 0x00, 0x04, 0x9b, 0x6c, 0x43, 0xb1,
  0xd2, 0xb8, 0x9b, 0xff, 0xe8, 0xdf, 0xd3, 0xff, 0xc7, 0xb0, 0x97, 0xff,
  0x78, 0x4f, 0x23, 0xc4, 0x73, 0x2e, 0x17, 0x0b, 0xff, 0xff, 0x00, 0x01,
  0x00, 0x00, 0x00, 0x01, 0x00, 0x00, 0x00, 0x00, 0xff, 0x7f, 0x00, 0x02,
  0x00, 0x00, 0x00, 0x00, 0xb3, 0x51, 0x04, 0x70, 0xa7, 0x48, 0x01, 0xff,
  0x74, 0x28, 0x00, 0xfb, 0x6c, 0x26, 0x00, 0xf7, 0x8c, 0x38, 0x01, 0xff,
  0xb7, 0x55, 0x02, 0xec, 0xae, 0x49, 0x03, 0x49, 0x00, 0x00, 0x00, 0x00,
  0x91, 0x48, 0x00, 0x07, 0x00, 0x00, 0x00, 0x00, 0xa7, 0x53, 0x04, 0x7a,
  0x9f, 0x2a, 0x00, 0xff, 0xeb, 0xb2, 0x32, 0xf9, 0xf1, 0xb7, 0x38, 0xf8,
  0x9f, 0x27, 0x00, 0xff, 0xa0, 0x49, 0x03, 0x8f, 0x00, 0x00, 0x00, 0x00,
  0x91, 0x48, 0x00, 0x07, 0x00, 0x00, 0x00, 0x00, 0xb7, 0x53, 0x04, 0x3d,
  0xb3, 0x53, 0x01, 0xe8, 0x81, 0x33, 0x00, 0xff, 0x5f, 0x22, 0x00, 0xf6,
  0x64, 0x24, 0x01, 0xfb, 0xa7, 0x4e, 0x02, 0xff, 0xbd, 0x5f, 0x05, 0x65,
  0x00, 0x00, 0x00, 0x00, 0xaa, 0x55, 0x00, 0x03, 0x00, 0x00, 0x00, 0x00,
  0x00, 0x00, 0x00, 0x01, 0xff, 0xff, 0x00, 0x01, 0x7f, 0x1f, 0x00, 0x08,
  0x99, 0x63, 0x2c, 0xbe, 0xd4, 0xb7, 0x94, 0xff, 0xeb, 0xe3, 0xd6, 0xff,
  0xd1, 0xbb, 0xa1, 0xff, 0x84, 0x58, 0x2f, 0xc5, 0x73, 0x2e, 0x00, 0x0b,
  0xff, 0xff, 0x00, 0x01, 0x00, 0x00, 0x00, 0x01, 0x00, 0x00, 0x00, 0x00,
  0x00, 0x00, 0x00, 0x00, 0xff, 0x00, 0x00, 0x01, 0x7f, 0x00, 0x00, 0x02,
  0x7f, 0x00, 0x00, 0x02, 0x00, 0x00, 0x00, 0x00, 0x00, 0x00, 0x00, 0x00,
  0x00, 0x00, 0x00, 0x00, 0x00, 0x00, 0x00, 0x00, 0x00, 0x00, 0x00, 0x00,
  0x00, 0x00, 0x00, 0x00, 0x00, 0x00, 0x00, 0x00, 0x00, 0x00, 0x00, 0x00,
  0x00, 0x00, 0x00, 0x00, 0x00, 0x00, 0x00, 0x00, 0x00, 0x00, 0x00, 0x00,
  0x00, 0x00, 0x00, 0x00, 0x00, 0x00, 0x00, 0x00, 0x00, 0x00, 0x00, 0x00,
  0x00, 0x00, 0x00, 0x00, 0x00, 0x00, 0x00, 0x00, 0x00, 0x00, 0x00, 0x00,
  0x00, 0x00, 0x00, 0x00, 0x00, 0x00, 0x00, 0x00, 0x00, 0x00, 0x00, 0x00,
  0x00, 0x00, 0x00, 0x00, 0x00, 0x00, 0x00, 0x00, 0x00, 0x00, 0x00, 0x00,
  0x00, 0x00, 0x00, 0x00, 0x00, 0x00, 0x00, 0x00, 0x00, 0x00, 0x00, 0x00,
  0x00, 0x00, 0x00, 0x00, 0x00, 0x00, 0x00, 0x00, 0x00, 0x00, 0x00, 0x00,
  0x00, 0x00, 0x00, 0x00, 0x00, 0x00, 0x00, 0x00, 0x00, 0x00, 0x00, 0x00,
  0x00, 0x00, 0x00, 0x00, 0x00, 0x00, 0x00, 0x00, 0x00, 0x00, 0x00, 0x00,
  0x00, 0x00, 0x00, 0x00, 0x00, 0x00, 0x00, 0x00, 0x00, 0x00, 0x00, 0x00,
  0x00, 0x00, 0x00, 0x00, 0x00, 0x00, 0x00, 0x00, 0x00, 0x00, 0x00, 0x00,
  0x00, 0x00, 0x00, 0x00, 0x00, 0x00, 0x00, 0x00, 0x00, 0x00, 0x00, 0x00,
  0x00, 0x00, 0x00, 0x00, 0x00, 0x00, 0x00, 0x00, 0x00, 0x00, 0x00, 0x00,
  0x00, 0x00, 0x00, 0x00, 0x00, 0x00, 0x00, 0x00, 0x00, 0x00, 0x00, 0x00,
  0x00, 0x00, 0x00, 0x00, 0x00, 0x00, 0x00, 0x00, 0x00, 0x00, 0x00, 0x00,
  0x00, 0x00, 0x00, 0x00, 0x00, 0x00, 0x00, 0x01, 0x00, 0x00, 0x00, 0x00,
  0x48, 0x00, 0x00, 0x07, 0x8f, 0x5b, 0x26, 0x72, 0x90, 0x5f, 0x2c, 0xa6,
  0x7e, 0x47, 0x15, 0x79, 0x6d, 0x36, 0x12, 0x0e, 0x00, 0x00, 0x00, 0x00,
  0x00, 0x00, 0x00, 0x01, 0x00, 0x00, 0x00, 0x00, 0xff, 0x00, 0x00, 0x01,
  0x00, 0x00, 0x00, 0x00, 0xc2, 0x79, 0x24, 0x15, 0x96, 0x41, 0x04, 0xf1,
  0x70, 0x24, 0x01, 0xfe, 0x6c, 0x28, 0x04, 0xf8, 0x95, 0x40, 0x02, 0xff,
  0xbd, 0x5a, 0x03, 0xd6, 0xad, 0x4b, 0x05, 0x2c, 0x00, 0x00, 0x00, 0x00,
  0xbf, 0x3f, 0x00, 0x04, 0xbf, 0x3f, 0x00, 0x04, 0x00, 0x00, 0x00, 0x00,
  0xad, 0x53, 0x06, 0x77, 0xa5, 0x2a, 0x00, 0xff, 0xec, 0xb1, 0x36, 0xf9,
  0xf3, 0xb8, 0x3d, 0xf8, 0xa9, 0x28, 0x00, 0xff, 0xa7, 0x4c, 0x05, 0x8f,
  0x00, 0x00, 0x00, 0x00, 0xbf, 0x3f, 0x00, 0x04, 0xbf, 0x3f, 0x00, 0x04,
  0x00, 0x00, 0x00, 0x00, 0xb4, 0x50, 0x06, 0x29, 0xb3, 0x52, 0x01, 0xd5,
  0x84, 0x37, 0x01, 0xff, 0x5e, 0x24, 0x04, 0xf6, 0x66, 0x26, 0x02, 0xfe,
  0x97, 0x42, 0x05, 0xdb, 0xff, 0xd4, 0x7f, 0x06, 0x00, 0x00, 0x00, 0x01,
  0x00, 0x00, 0x00, 0x01, 0x00, 0x00, 0x00, 0x00, 0x00, 0x00, 0x00, 0x01,
  0x00, 0x00, 0x00, 0x00, 0x5c, 0x2e, 0x00, 0x0b, 0x8d, 0x4e, 0x12, 0x7e,
  0x93, 0x5e, 0x25, 0xb0, 0x83, 0x4b, 0x17, 0x84, 0x55, 0x11, 0x00, 0x0f,
  0x00, 0x00, 0x00, 0x00, 0xff, 0x00, 0x00, 0x01, 0x00, 0x00, 0x00, 0x00,
  0x00, 0x00, 0x00, 0x00, 0x00, 0x00, 0x00, 0x00, 0x00, 0x00, 0x00, 0x00,
  0x00, 0x00, 0x00, 0x00, 0x00, 0x00, 0x00, 0x00, 0x00, 0x00, 0x00, 0x00,
  0x00, 0x00, 0x00, 0x00, 0x00, 0x00, 0x00, 0x00, 0x00, 0x00, 0x00, 0x00,
  0x00, 0x00, 0x00, 0x00, 0x00, 0x00, 0x00, 0x00, 0x00, 0x00, 0x00, 0x00,
  0x00, 0x00, 0x00, 0x00, 0x00, 0x00, 0x00, 0x00, 0x00, 0x00, 0x00, 0x00,
  0x00, 0x00, 0x00, 0x00, 0x00, 0x00, 0x00, 0x00, 0x00, 0x00, 0x00, 0x00,
  0x00, 0x00, 0x00, 0x00, 0x00, 0x00, 0x00, 0x00, 0x00, 0x00, 0x00, 0x00,
  0x00, 0x00, 0x00, 0x00, 0x00, 0x00, 0x00, 0x00, 0x00, 0x00, 0x00, 0x00,
  0x00, 0x00, 0x00, 0x00, 0x00, 0x00, 0x00, 0x00, 0x00, 0x00, 0x00, 0x00,
  0x00, 0x00, 0x00, 0x00, 0x00, 0x00, 0x00, 0x00, 0x00, 0x00, 0x00, 0x00,
  0x00, 0x00, 0x00, 0x00, 0x00, 0x00, 0x00, 0x00, 0x00, 0x00, 0x00, 0x00,
  0x00, 0x00, 0x00, 0x00, 0x00, 0x00, 0x00, 0x00, 0x00, 0x00, 0x00, 0x00,
  0x00, 0x00, 0x00, 0x00, 0x00, 0x00, 0x00, 0x00, 0x00, 0x00, 0x00, 0x00,
  0x00, 0x00, 0x00, 0x00, 0x00, 0x00, 0x00, 0x00, 0x00, 0x00, 0x00, 0x00,
  0x00, 0x00, 0x00, 0x00, 0x00, 0x00, 0x00, 0x00, 0x00, 0x00, 0x00, 0x00,
  0x00, 0x00, 0x00, 0x00, 0x00, 0x00, 0x00, 0x00, 0x00, 0x00, 0x00, 0x00,
  0x00, 0x00, 0x00, 0x00, 0x00, 0x00, 0x00, 0x00, 0x00, 0x00, 0x00, 0x00,
  0x00, 0x00, 0x00, 0x00, 0x00, 0x00, 0x00, 0x00, 0x00, 0x00, 0x00, 0x00,
  0x00, 0x00, 0x00, 0x00, 0x00, 0x00, 0x00, 0x00, 0x00, 0x00, 0x00, 0x00,
  0x00, 0x00, 0x00, 0x00, 0x00, 0x00, 0x00, 0x00, 0x00, 0x00, 0x00, 0x00,
  0x00, 0x00, 0x00, 0x00, 0x00, 0x00, 0x00, 0x00, 0x00, 0x00, 0x00, 0x00,
  0x00, 0x00, 0x00, 0x00, 0x00, 0x00, 0x00, 0x00, 0x00, 0x00, 0x00, 0x00,
  0x00, 0x00, 0x00, 0x01, 0x00, 0x00, 0x00, 0x00, 0x00, 0x00, 0x00, 0x00,
  0x7f, 0x7f, 0x00, 0x02, 0xff, 0xff, 0xff, 0x01, 0xc7, 0x42, 0x00, 0x17,
  0x84, 0x31, 0x00, 0xf5, 0x63, 0x1f, 0x00, 0xfb, 0x6a, 0x1e, 0x00, 0xfd,
  0xa2, 0x44, 0x00, 0xc4, 0xaa, 0x48, 0x0c, 0x15, 0x00, 0x00, 0x00, 0x00,
  0xbf, 0x3f, 0x00, 0x04, 0x00, 0x00, 0x00, 0x00, 0xbf, 0x3f, 0x00, 0x04,
  0x00, 0x00, 0x00, 0x00, 0xac, 0x57, 0x06, 0x75, 0xa9, 0x29, 0x00, 0xff,
  0xed, 0xb0, 0x3a, 0xf9, 0xf4, 0xbb, 0x40, 0xf8, 0xb0, 0x29, 0x00, 0xff,
  0xac, 0x4c, 0x05, 0x8f, 0x00, 0x00, 0x00, 0x00, 0xbf, 0x3f, 0x00, 0x04,
  0x00, 0x00, 0x00, 0x00, 0x7f, 0x3f, 0x00, 0x04, 0x00, 0x00, 0x00, 0x00,
  0xb2, 0x4c, 0x0c, 0x14, 0x9b, 0x41, 0x00, 0xc7, 0x65, 0x1d, 0x00, 0xfd,
  0x66, 0x22, 0x00, 0xff, 0x8c, 0x31, 0x00, 0xde, 0x00, 0x00, 0x00, 0x00,
  0xff, 0xff, 0xff, 0x01, 0xff, 0x00, 0x00, 0x01, 0x00, 0x00, 0x00, 0x00,
  0x00, 0x00, 0x00, 0x00, 0x00, 0x00, 0x00, 0x01, 0x00, 0x00, 0x00, 0x00,
  0x00, 0x00, 0x00, 0x00, 0x00, 0x00, 0x00, 0x00, 0x00, 0x00, 0x00, 0x00,
  0x00, 0x00, 0x00, 0x00, 0x00, 0x00, 0x00, 0x01, 0x00, 0x00, 0x00, 0x00,
  0x00, 0x00, 0x00, 0x00, 0x00, 0x00, 0x00, 0x00, 0x00, 0x00, 0x00, 0x00,
  0x00, 0x00, 0x00, 0x00, 0x00, 0x00, 0x00, 0x00, 0x00, 0x00, 0x00, 0x00,
  0x00, 0x00, 0x00, 0x00, 0x00, 0x00, 0x00, 0x00, 0x00, 0x00, 0x00, 0x00,
  0x00, 0x00, 0x00, 0x00, 0x00, 0x00, 0x00, 0x00, 0x00, 0x00, 0x00, 0x00,
  0x00, 0x00, 0x00, 0x00, 0x00, 0x00, 0x00, 0x00, 0x00, 0x00, 0x00, 0x00,
  0x00, 0x00, 0x00, 0x00, 0x00, 0x00, 0x00, 0x00, 0x00, 0x00, 0x00, 0x00,
  0x00, 0x00, 0x00, 0x00, 0x00, 0x00, 0x00, 0x00, 0x00, 0x00, 0x00, 0x00,
  0x00, 0x00, 0x00, 0x00, 0x00, 0x00, 0x00, 0x00, 0x00, 0x00, 0x00, 0x00,
  0x00, 0x00, 0x00, 0x00, 0x00, 0x00, 0x00, 0x00, 0x00, 0x00, 0x00, 0x00,
  0x00, 0x00, 0x00, 0x00, 0x00, 0x00, 0x00, 0x00, 0x00, 0x00, 0x00, 0x00,
  0x00, 0x00, 0x00, 0x00, 0x00, 0x00, 0x00, 0x00, 0x00, 0x00, 0x00, 0x00,
  0x00, 0x00, 0x00, 0x00, 0x00, 0x00, 0x00, 0x00, 0x00, 0x00, 0x00, 0x00,
  0x00, 0x00, 0x00, 0x00, 0x00, 0x00, 0x00, 0x00, 0x00, 0x00, 0x00, 0x00,
  0x00, 0x00, 0x00, 0x00, 0x00, 0x00, 0x00, 0x00, 0x00, 0x00, 0x00, 0x00,
  0x00, 0x00, 0x00, 0x00, 0x00, 0x00, 0x00, 0x00, 0x00, 0x00, 0x00, 0x00,
  0x00, 0x00, 0x00, 0x00, 0x00, 0x00, 0x00, 0x00, 0x00, 0x00, 0x00, 0x00,
  0x00, 0x00, 0x00, 0x00, 0x00, 0x00, 0x00, 0x00, 0x00, 0x00, 0x00, 0x00,
  0x00, 0x00, 0x00, 0x00, 0x00, 0x00, 0x00, 0x00, 0x00, 0x00, 0x00, 0x00,
  0x00, 0x00, 0x00, 0x00, 0x00, 0x00, 0x00, 0x00, 0x00, 0x00, 0x00, 0x00,
  0x00, 0x00, 0x00, 0x00, 0x00, 0x00, 0x00, 0x00, 0x00, 0x00, 0x00, 0x00,
  0x00, 0x00, 0x00, 0x00, 0x00, 0x00, 0x00, 0x00, 0x00, 0x00, 0x00, 0x01,
  0x7f, 0x7f, 0x3f, 0x04, 0xaa, 0xaa, 0x55, 0x03, 0x7f, 0x3f, 0x3f, 0x04,
  0x00, 0x00, 0x00, 0x01, 0x00, 0x00, 0x00, 0x00, 0x00, 0x00, 0x00, 0x00,
  0x00, 0x00, 0x00, 0x00, 0xaa, 0xaa, 0x55, 0x03, 0x00, 0x00, 0x00, 0x00,
  0xc1, 0x93, 0x75, 0x64, 0xd6, 0xac, 0x90, 0xfc, 0xcc, 0xb1, 0xa1, 0xf8,
  0xce, 0xa0, 0x81, 0xff, 0xa1, 0x61, 0x3a, 0x8b, 0x00, 0x00, 0x00, 0x00,
  0xaa, 0x55, 0x2a, 0x06, 0x00, 0x00, 0x00, 0x00, 0x00, 0x00, 0x00, 0x00,
  0xbf, 0x3f, 0x00, 0x04, 0x00, 0x00, 0x00, 0x00, 0xaa, 0x54, 0x06, 0x7c,
  0xb1, 0x29, 0x00, 0xff, 0xef, 0xb0, 0x3b, 0xf9, 0xf6, 0xbc, 0x41, 0xf8,
  0xb7, 0x29, 0x00, 0xff, 0xb3, 0x4d, 0x05, 0x8e, 0x00, 0x00, 0x00, 0x00,
  0xbf, 0x3f, 0x00, 0x04, 0x00, 0x00, 0x00, 0x00, 0x00, 0x00, 0x00, 0x00,
  0x7f, 0x55, 0x2a, 0x06, 0x00, 0x00, 0x00, 0x00, 0x94, 0x53, 0x2a, 0x90,
  0xca, 0xa0, 0x7e, 0xff, 0xd3, 0xb7, 0x9a, 0xfb, 0xe0, 0xbd, 0x9a, 0xf2,
  0xe2, 0xb6, 0x9c, 0x5b, 0x00, 0x00, 0x00, 0x00, 0xff, 0x7f, 0x7f, 0x02,
  0x00, 0x00, 0x00, 0x00, 0x00, 0x00, 0x00, 0x00, 0x00, 0x00, 0x00, 0x00,
  0xff, 0x00, 0x00, 0x01, 0x7f, 0x3f, 0x3f, 0x04, 0xaa, 0xaa, 0x55, 0x03,
  0x7f, 0x3f, 0x3f, 0x04, 0xff, 0x00, 0x00, 0x01, 0x00, 0x00, 0x00, 0x00,
  0x00, 0x00, 0x00, 0x00, 0x00, 0x00, 0x00, 0x00, 0x00, 0x00, 0x00, 0x00,
  0x00, 0x00, 0x00, 0x00, 0x00, 0x00, 0x00, 0x00, 0x00, 0x00, 0x00, 0x00,
  0x00, 0x00, 0x00, 0x00, 0x00, 0x00, 0x00, 0x00, 0x00, 0x00, 0x00, 0x00,
  0x00, 0x00, 0x00, 0x00, 0x00, 0x00, 0x00, 0x00, 0x00, 0x00, 0x00, 0x00,
  0x00, 0x00, 0x00, 0x00, 0x00, 0x00, 0x00, 0x00, 0x00, 0x00, 0x00, 0x00,
  0x00, 0x00, 0x00, 0x00, 0x00, 0x00, 0x00, 0x00, 0x00, 0x00, 0x00, 0x00,
  0x00, 0x00, 0x00, 0x00, 0x00, 0x00, 0x00, 0x00, 0x00, 0x00, 0x00, 0x00,
  0x00, 0x00, 0x00, 0x00, 0x00, 0x00, 0x00, 0x00, 0x00, 0x00, 0x00, 0x00,
  0x00, 0x00, 0x00, 0x00, 0x00, 0x00, 0x00, 0x00, 0x00, 0x00, 0x00, 0x00,
  0x00, 0x00, 0x00, 0x00, 0x00, 0x00, 0x00, 0x00, 0x00, 0x00, 0x00, 0x00,
  0x00, 0x00, 0x00, 0x00, 0x00, 0x00, 0x00, 0x00, 0x00, 0x00, 0x00, 0x00,
  0x00, 0x00, 0x00, 0x00, 0x00, 0x00, 0x00, 0x00, 0x00, 0x00, 0x00, 0x00,
  0x00, 0x00, 0x00, 0x00, 0x00, 0x00, 0x00, 0x00, 0x00, 0x00, 0x00, 0x00,
  0x00, 0x00, 0x00, 0x00, 0x00, 0x00, 0x00, 0x00, 0x00, 0x00, 0x00, 0x00,
  0x00, 0x00, 0x00, 0x00, 0x00, 0x00, 0x00, 0x00, 0x00, 0x00, 0x00, 0x00,
  0x00, 0x00, 0x00, 0x00, 0x00, 0x00, 0x00, 0x00, 0x00, 0x00, 0x00, 0x00,
  0x00, 0x00, 0x00, 0x00, 0x00, 0x00, 0x00, 0x00, 0x00, 0x00, 0x00, 0x00,
  0x00, 0x00, 0x00, 0x00, 0x00, 0x00, 0x00, 0x00, 0x00, 0x00, 0x00, 0x00,
  0x00, 0x00, 0x00, 0x00, 0x00, 0x00, 0x00, 0x00, 0x00, 0x00, 0x00, 0x00,
  0x00, 0x00, 0x00, 0x00, 0x00, 0x00, 0x00, 0x00, 0x00, 0x00, 0x00, 0x00,
  0x00, 0x00, 0x00, 0x00, 0x00, 0x00, 0x00, 0x00, 0x00, 0x00, 0x00, 0x00,
  0x00, 0x00, 0x00, 0x00, 0x00, 0x00, 0x00, 0x00, 0x00, 0x00, 0x00, 0x00,
  0x00, 0x00, 0x00, 0x00, 0x00, 0x00, 0x00, 0x00, 0x00, 0x00, 0x00, 0x00,
  0x00, 0x00, 0x00, 0x00, 0xaa, 0xaa, 0x55, 0x03, 0x00, 0x00, 0x00, 0x00,
  0xa0, 0x77, 0x5c, 0x69, 0xc3, 0xa9, 0x82, 0xff, 0x67, 0x74, 0x4a, 0xfa,
  0x5e, 0x7a, 0x3a, 0xfc, 0x74, 0x78, 0x58, 0xfb, 0xbf, 0xa2, 0x8b, 0xfa,
  0x89, 0x5f, 0x4f, 0x50, 0x00, 0x00, 0x00, 0x00, 0xaa, 0x55, 0x55, 0x03,
  0x00, 0x00, 0x00, 0x00, 0xbf, 0x3f, 0x00, 0x04, 0x00, 0x00, 0x00, 0x01,
  0xae, 0x57, 0x06, 0x7e, 0xb5, 0x29, 0x00, 0xff, 0xef, 0xaf, 0x3f, 0xf9,
  0xf7, 0xba, 0x46, 0xf9, 0xb9, 0x28, 0x00, 0xff, 0xb4, 0x50, 0x05, 0x8f,
  0xff, 0x00, 0x00, 0x01, 0xbf, 0x3f, 0x00, 0x04, 0x00, 0x00, 0x00, 0x00,
  0xaa, 0x55, 0x55, 0x03, 0x00, 0x00, 0x01, 0x00, 0x8a, 0x5a, 0x47, 0x44,
  0xc1, 0xa0, 0x7e, 0xf5, 0xa4, 0x83, 0x57, 0xfb, 0xa8, 0x79, 0x34, 0xfc,
  0xa8, 0x7b, 0x45, 0xfd, 0xd1, 0xaf, 0x8d, 0xff, 0xbe, 0x96, 0x7a, 0x6e,
  0x00, 0x00, 0x00, 0x00, 0xaa, 0xaa, 0x55, 0x03, 0x00, 0x00, 0x00, 0x00,
  0x00, 0x00, 0x00, 0x00, 0x00, 0x00, 0x00, 0x00, 0x00, 0x00, 0x00, 0x00,
  0x00, 0x00, 0x00, 0x00, 0x00, 0x00, 0x00, 0x00, 0x00, 0x00, 0x00, 0x00,
  0x00, 0x00, 0x00, 0x00, 0x00, 0x00, 0x00, 0x00, 0x00, 0x00, 0x00, 0x00,
  0x00, 0x00, 0x00, 0x00, 0x00, 0x00, 0x00, 0x00, 0x00, 0x00, 0x00, 0x00,
  0x00, 0x00, 0x00, 0x00, 0x00, 0x00, 0x00, 0x00, 0x00, 0x00, 0x00, 0x00,
  0x00, 0x00, 0x00, 0x00, 0x00, 0x00, 0x00, 0x00, 0x00, 0x00, 0x00, 0x00,
  0x00, 0x00, 0x00, 0x00, 0x00, 0x00, 0x00, 0x00, 0x00, 0x00, 0x00, 0x00,
  0x00, 0x00, 0x00, 0x00, 0x00, 0x00, 0x00, 0x00, 0x00, 0x00, 0x00, 0x00,
  0x00, 0x00, 0x00, 0x00, 0x00, 0x00, 0x00, 0x00, 0x00, 0x00, 0x00, 0x00,
  0x00, 0x00, 0x00, 0x00, 0x00, 0x00, 0x00, 0x00, 0x00, 0x00, 0x00, 0x00,
  0x00, 0x00, 0x00, 0x00, 0x00, 0x00, 0x00, 0x00, 0x00, 0x00, 0x00, 0x00,
  0x00, 0x00, 0x00, 0x00, 0x00, 0x00, 0x00, 0x00, 0x00, 0x00, 0x00, 0x00,
  0x00, 0x00, 0x00, 0x00, 0x00, 0x00, 0x00, 0x00, 0x00, 0x00, 0x00, 0x00,
  0x00, 0x00, 0x00, 0x00, 0x00, 0x00, 0x00, 0x00, 0x00, 0x00, 0x00, 0x00,
  0x00, 0x00, 0x00, 0x00, 0x00, 0x00, 0x00, 0x00, 0x00, 0x00, 0x00, 0x00,
  0x00, 0x00, 0x00, 0x00, 0x00, 0x00, 0x00, 0x00, 0x00, 0x00, 0x00, 0x00,
  0x00, 0x00, 0x00, 0x00, 0x00, 0x00, 0x00, 0x00, 0x00, 0x00, 0x00, 0x00,
  0x00, 0x00, 0x00, 0x00, 0x00, 0x00, 0x00, 0x00, 0x00, 0x00, 0x00, 0x00,
  0x00, 0x00, 0x00, 0x00, 0x00, 0x00, 0x00, 0x00, 0x00, 0x00, 0x00, 0x00,
  0x00, 0x00, 0x00, 0x00, 0x00, 0x00, 0x00, 0x00, 0x00, 0x00, 0x00, 0x00,
  0x00, 0x00, 0x00, 0x00, 0x00, 0x00, 0x00, 0x00, 0x00, 0x00, 0x00, 0x00,
  0x00, 0x00, 0x00, 0x00, 0x00, 0x00, 0x00, 0x00, 0x00, 0x00, 0x00, 0x00,
  0x00, 0x00, 0x00, 0x00, 0x00, 0x00, 0x00, 0x00, 0x00, 0x00, 0x00, 0x00,
  0x00, 0x00, 0x00, 0x00, 0x00, 0x00, 0x00, 0x00, 0x00, 0x00, 0x00, 0x00,
  0x00, 0x00, 0x00, 0x00, 0x00, 0x00, 0x00, 0x00, 0x00, 0x00, 0x00, 0x00,
  0x00, 0x00, 0x00, 0x00, 0xff, 0x00, 0x00, 0x01, 0x00, 0x00, 0x00, 0x00,
  0x69, 0x4b, 0x3c, 0x11, 0x94, 0x6f, 0x4e, 0xe9, 0x32, 0x47, 0x08, 0xfe,
  0x3b, 0xa6, 0x01, 0xfa, 0x9f, 0xf6, 0x4a, 0xfd, 0x2f, 0x8c, 0x00, 0xfb,
  0x49, 0x4b, 0x1c, 0xff, 0x92, 0x68, 0x4b, 0xd9, 0x3f, 0x1f, 0x00, 0x08,
  0xff, 0xff, 0xff, 0x01, 0x00, 0x00, 0x00, 0x01, 0xaa, 0x55, 0x00, 0x06,
  0x00, 0x01, 0x00, 0x00, 0xab, 0x4c, 0x04, 0x71, 0xb7, 0x29, 0x00, 0xff,
  0xef, 0xb0, 0x3e, 0xf9, 0xf9, 0xbc, 0x44, 0xf9, 0xbe, 0x28, 0x00, 0xff,
  0xa6, 0x46, 0x03, 0x85, 0x00, 0x00, 0x00, 0x00, 0xd4, 0x55, 0x00, 0x06,
  0x00, 0x00, 0x00, 0x00, 0x7f, 0x7f, 0x7f, 0x02, 0x7f, 0x00, 0x00, 0x02,
  0x98, 0x6d, 0x4c, 0xc9, 0x87, 0x53, 0x29, 0xff, 0xb6, 0x7a, 0x00, 0xfa,
  0xff, 0xf3, 0x37, 0xfd, 0xdf, 0xb0, 0x0e, 0xfb, 0x80, 0x42, 0x02, 0xfc,
  0x9e, 0x7b, 0x5e, 0xf8, 0x87, 0x57, 0x3f, 0x20, 0x00, 0x00, 0x00, 0x00,
  0x7f, 0x7f, 0x00, 0x02, 0x00, 0x00, 0x00, 0x00, 0x00, 0x00, 0x00, 0x00,
  0x00, 0x00, 0x00, 0x00, 0x00, 0x00, 0x00, 0x00, 0x00, 0x00, 0x00, 0x00,
  0x00, 0x00, 0x00, 0x00, 0x00, 0x00, 0x00, 0x00, 0x00, 0x00, 0x00, 0x00,
  0x00, 0x00, 0x00, 0x00, 0x00, 0x00, 0x00, 0x00, 0x00, 0x00, 0x00, 0x00,
  0x00, 0x00, 0x00, 0x00, 0x00, 0x00, 0x00, 0x00, 0x00, 0x00, 0x00, 0x00,
  0x00, 0x00, 0x00, 0x00, 0x00, 0x00, 0x00, 0x00, 0x00, 0x00, 0x00, 0x00,
  0x00, 0x00, 0x00, 0x00, 0x00, 0x00, 0x00, 0x00, 0x00, 0x00, 0x00, 0x00,
  0x00, 0x00, 0x00, 0x00, 0x00, 0x00, 0x00, 0x00, 0x00, 0x00, 0x00, 0x00,
  0x00, 0x00, 0x00, 0x00, 0x00, 0x00, 0x00, 0x00, 0x00, 0x00, 0x00, 0x00,
  0x00, 0x00, 0x00, 0x00, 0x00, 0x00, 0x00, 0x00, 0x00, 0x00, 0x00, 0x00,
  0x00, 0x00, 0x00, 0x00, 0x00, 0x00, 0x00, 0x00, 0x00, 0x00, 0x00, 0x00,
  0x00, 0x00, 0x00, 0x00, 0x00, 0x00, 0x00, 0x00, 0x00, 0x00, 0x00, 0x00,
  0x00, 0x00, 0x00, 0x00, 0x00, 0x00, 0x00, 0x00, 0x00, 0x00, 0x00, 0x00,
  0x00, 0x00, 0x00, 0x00, 0x00, 0x00, 0x00, 0x00, 0x00, 0x00, 0x00, 0x00,
  0x00, 0x00, 0x00, 0x00, 0x00, 0x00, 0x00, 0x00, 0x00, 0x00, 0x00, 0x00,
  0x00, 0x00, 0x00, 0x00, 0x00, 0x00, 0x00, 0x00, 0x00, 0x00, 0x00, 0x00,
  0x00, 0x00, 0x00, 0x00, 0x00, 0x00, 0x00, 0x00, 0x00, 0x00, 0x00, 0x00,
  0x00, 0x00, 0x00, 0x00, 0x00, 0x00, 0x00, 0x00, 0x00, 0x00, 0x00, 0x00,
  0x00, 0x00, 0x00, 0x00, 0x00, 0x00, 0x00, 0x00, 0x00, 0x00, 0x00, 0x00,
  0x00, 0x00, 0x00, 0x00, 0x00, 0x00, 0x00, 0x00, 0x00, 0x00, 0x00, 0x00,
  0x00, 0x00, 0x00, 0x00, 0x00, 0x00, 0x00, 0x00, 0x00, 0x00, 0x00, 0x00,
  0x00, 0x00, 0x00, 0x00, 0x00, 0x00, 0x00, 0x00, 0x00, 0x00, 0x00, 0x00,
  0x00, 0x00, 0x00, 0x00, 0x00, 0x00, 0x00, 0x00, 0x00, 0x00, 0x00, 0x00,
  0x00, 0x00, 0x00, 0x00, 0x00, 0x00, 0x00, 0x00, 0x00, 0x00, 0x00, 0x00,
  0x00, 0x00, 0x00, 0x00, 0x00, 0x00, 0x00, 0x00, 0x00, 0x00, 0x00, 0x00,
  0x00, 0x00, 0x00, 0x00, 0x00, 0x00, 0x00, 0x00, 0x55, 0x55, 0x55, 0x03,
  0x00, 0x00, 0x00, 0x00, 0x92, 0x63, 0x40, 0x3b, 0x6f, 0x4b, 0x31, 0xff,
  0x1a, 0x58, 0x00, 0xfb, 0x33, 0xbd, 0x02, 0xfd, 0x38, 0xd1, 0x00, 0xfd,
  0x2d, 0xb1, 0x02, 0xfc, 0x23, 0x50, 0x04, 0xfc, 0x77, 0x4b, 0x27, 0xfb,
  0x76, 0x37, 0x06, 0x29, 0x00, 0x00, 0x00, 0x00, 0x7f, 0x3f, 0x00, 0x04,
  0x00, 0x00, 0x00, 0x00, 0x00, 0x00, 0x00, 0x00, 0xa4, 0x4f, 0x0b, 0x9d,
  0xb6, 0x25, 0x00, 0xfe, 0xf4, 0xaf, 0x42, 0xfa, 0xfb, 0xba, 0x4b, 0xfa,
  0xc0, 0x23, 0x00, 0xfe, 0xbc, 0x55, 0x0c, 0xb3, 0xff, 0x00, 0x00, 0x03,
  0x00, 0x00, 0x00, 0x00, 0xaa, 0x55, 0x00, 0x03, 0x00, 0x00, 0x00, 0x00,
  0x78, 0x2d, 0x00, 0x11, 0x88, 0x52, 0x28, 0xe9, 0x84, 0x46, 0x06, 0xfe,
  0xe3, 0x9a, 0x03, 0xfc, 0xf3, 0xc5, 0x00, 0xfd, 0xf1, 0xb1, 0x01, 0xfd,
  0xa8, 0x5d, 0x00, 0xfa, 0x76, 0x4c, 0x31, 0xff, 0x89, 0x5e, 0x44, 0x4e,
  0x00, 0x00, 0x00, 0x00, 0xaa, 0x55, 0x55, 0x03, 0x00, 0x00, 0x00, 0x00,
  0x00, 0x00, 0x00, 0x00, 0x00, 0x00, 0x00, 0x00, 0x00, 0x00, 0x00, 0x00,
  0x00, 0x00, 0x00, 0x00, 0x00, 0x00, 0x00, 0x00, 0x00, 0x00, 0x00, 0x00,
  0x00, 0x00, 0x00, 0x00, 0x00, 0x00, 0x00, 0x00, 0x00, 0x00, 0x00, 0x00,
  0x00, 0x00, 0x00, 0x00, 0x00, 0x00, 0x00, 0x00, 0x00, 0x00, 0x00, 0x00,
  0x00, 0x00, 0x00, 0x00, 0x00, 0x00, 0x00, 0x00, 0x00, 0x00, 0x00, 0x00,
  0x00, 0x00, 0x00, 0x00, 0x00, 0x00, 0x00, 0x00, 0x00, 0x00, 0x00, 0x00,
  0x00, 0x00, 0x00, 0x00, 0x00, 0x00, 0x00, 0x00, 0x00, 0x00, 0x00, 0x00,
  0x00, 0x00, 0x00, 0x00, 0x00, 0x00, 0x00, 0x00, 0x00, 0x00, 0x00, 0x00,
  0x00, 0x00, 0x00, 0x00, 0x00, 0x00, 0x00, 0x00, 0x00, 0x00, 0x00, 0x00,
  0x00, 0x00, 0x00, 0x00, 0x00, 0x00, 0x00, 0x00, 0x00, 0x00, 0x00, 0x00,
  0x00, 0x00, 0x00, 0x00, 0x00, 0x00, 0x00, 0x00, 0x00, 0x00, 0x00, 0x00,
  0x00, 0x00, 0x00, 0x00, 0x00, 0x00, 0x00, 0x00, 0x00, 0x00, 0x00, 0x00,
  0x00, 0x00, 0x00, 0x00, 0x00, 0x00, 0x00, 0x00, 0x00, 0x00, 0x00, 0x00,
  0x00, 0x00, 0x00, 0x00, 0x00, 0x00, 0x00, 0x00, 0x00, 0x00, 0x00, 0x00,
  0x00, 0x00, 0x00, 0x00, 0x00, 0x00, 0x00, 0x00, 0x00, 0x00, 0x00, 0x00,
  0x00, 0x00, 0x00, 0x00, 0x00, 0x00, 0x00, 0x00, 0x00, 0x00, 0x00, 0x00,
  0x00, 0x00, 0x00, 0x00, 0x00, 0x00, 0x00, 0x00, 0x00, 0x00, 0x00, 0x00,
  0x00, 0x00, 0x00, 0x00, 0x00, 0x00, 0x00, 0x00, 0x00, 0x00, 0x00, 0x00,
  0x00, 0x00, 0x00, 0x00, 0x00, 0x00, 0x00, 0x00, 0x00, 0x00, 0x00, 0x00,
  0x00, 0x00, 0x00, 0x00, 0x00, 0x00, 0x00, 0x00, 0x00, 0x00, 0x00, 0x00,
  0x00, 0x00, 0x00, 0x00, 0x00, 0x00, 0x00, 0x00, 0x00, 0x00, 0x00, 0x00,
  0x00, 0x00, 0x00, 0x00, 0x00, 0x00, 0x00, 0x00, 0x00, 0x00, 0x00, 0x00,
  0x00, 0x00, 0x00, 0x00, 0x00, 0x00, 0x00, 0x00, 0x00, 0x00, 0x00, 0x00,
  0x00, 0x00, 0x00, 0x00, 0x00, 0x00, 0x00, 0x00, 0x00, 0x00, 0x00, 0x00,
  0x00, 0x00, 0x00, 0x00, 0x00, 0x00, 0x00, 0x00, 0x00, 0x00, 0x00, 0x00,
  0x7f, 0x7f, 0x00, 0x02, 0x00, 0x00, 0x00, 0x00, 0x97, 0x67, 0x30, 0x25,
  0x7e, 0x4d, 0x39, 0xf7, 0x29, 0x73, 0x01, 0xfb, 0x51, 0xf6, 0x03, 0xfc,
  0x67, 0xf7, 0x1a, 0xfc, 0x47, 0xe6, 0x00, 0xfa, 0x30, 0x5c, 0x0c, 0xfc,
  0x75, 0x40, 0x23, 0xee, 0x6d, 0x30, 0x00, 0x15, 0xff, 0xff, 0xff, 0x01,
  0x00, 0x00, 0x00, 0x00, 0xaa, 0x4b, 0x09, 0x1b, 0xb9, 0x5e, 0x09, 0xbb,
  0xb6, 0x5a, 0x0a, 0xff, 0xc9, 0x37, 0x01, 0xfb, 0xf7, 0xbf, 0x50, 0xfd,
  0xfb, 0xcb, 0x5c, 0xfc, 0xd7, 0x3a, 0x01, 0xfb, 0xca, 0x59, 0x0c, 0xff,
  0xdd, 0x6e, 0x0a, 0xc7, 0xd9, 0x5a, 0x0f, 0x22, 0x00, 0x00, 0x00, 0x00,
  0xff, 0x7f, 0x7f, 0x02, 0x6d, 0x24, 0x00, 0x07, 0x8a, 0x47, 0x19, 0xdb,
  0x98, 0x58, 0x12, 0xfc, 0xfd, 0xd0, 0x00, 0xfa, 0xff, 0xed, 0x0d, 0xfd,
  0xff, 0xe7, 0x02, 0xfd, 0xaa, 0x6e, 0x00, 0xf9, 0x73, 0x49, 0x30, 0xff,
  0x7b, 0x52, 0x29, 0x3e, 0x00, 0x00, 0x00, 0x00, 0x55, 0x55, 0x00, 0x03,
  0x00, 0x00, 0x00, 0x00, 0x00, 0x00, 0x00, 0x00, 0x00, 0x00, 0x00, 0x00,
  0x00, 0x00, 0x00, 0x00, 0x00, 0x00, 0x00, 0x00, 0x00, 0x00, 0x00, 0x00,
  0x00, 0x00, 0x00, 0x00, 0x00, 0x00, 0x00, 0x00, 0x00, 0x00, 0x00, 0x00,
  0x00, 0x00, 0x00, 0x00, 0x00, 0x00, 0x00, 0x00, 0x00, 0x00, 0x00, 0x00,
  0x00, 0x00, 0x00, 0x00, 0x00, 0x00, 0x00, 0x00, 0x00, 0x00, 0x00, 0x00,
  0x00, 0x00, 0x00, 0x00, 0x00, 0x00, 0x00, 0x00, 0x00, 0x00, 0x00, 0x00,
  0x00, 0x00, 0x00, 0x00, 0x00, 0x00, 0x00, 0x00, 0x00, 0x00, 0x00, 0x00,
  0x00, 0x00, 0x00, 0x00, 0x00, 0x00, 0x00, 0x00, 0x00, 0x00, 0x00, 0x00,
  0x00, 0x00, 0x00, 0x00, 0x00, 0x00, 0x00, 0x00, 0x00, 0x00, 0x00, 0x00,
  0x00, 0x00, 0x00, 0x00, 0x00, 0x00, 0x00, 0x00, 0x00, 0x00, 0x00, 0x00,
  0x00, 0x00, 0x00, 0x00, 0x00, 0x00, 0x00, 0x00, 0x00, 0x00, 0x00, 0x00,
  0x00, 0x00, 0x00, 0x00, 0x00, 0x00, 0x00, 0x00, 0x00, 0x00, 0x00, 0x00,
  0x00, 0x00, 0x00, 0x00, 0x00, 0x00, 0x00, 0x00, 0x00, 0x00, 0x00, 0x00,
  0x00, 0x00, 0x00, 0x00, 0x00, 0x00, 0x00, 0x00, 0x00, 0x00, 0x00, 0x00,
  0x00, 0x00, 0x00, 0x00, 0x00, 0x00, 0x00, 0x00, 0x00, 0x00, 0x00, 0x00,
  0x00, 0x00, 0x00, 0x00, 0x00, 0x00, 0x00, 0x00, 0x00, 0x00, 0x00, 0x00,
  0x00, 0x00, 0x00, 0x00, 0x00, 0x00, 0x00, 0x00, 0x00, 0x00, 0x00, 0x00,
  0x00, 0x00, 0x00, 0x00, 0x00, 0x00, 0x00, 0x00, 0x00, 0x00, 0x00, 0x00,
  0x00, 0x00, 0x00, 0x00, 0x00, 0x00, 0x00, 0x00, 0x00, 0x00, 0x00, 0x00,
  0x00, 0x00, 0x00, 0x00, 0x00, 0x00, 0x00, 0x00, 0x00, 0x00, 0x00, 0x00,
  0x00, 0x00, 0x00, 0x00, 0x00, 0x00, 0x00, 0x00, 0x00, 0x00, 0x00, 0x00,
  0x00, 0x00, 0x00, 0x00, 0x00, 0x00, 0x00, 0x00, 0x00, 0x00, 0x00, 0x00,
  0x00, 0x00, 0x00, 0x00, 0x00, 0x00, 0x00, 0x00, 0x00, 0x00, 0x00, 0x00,
  0x00, 0x00, 0x00, 0x00, 0x00, 0x00, 0x00, 0x00, 0x00, 0x00, 0x00, 0x00,
  0x00, 0x00, 0x00, 0x00, 0x00, 0x00, 0x00, 0x00, 0x00, 0x00, 0x00, 0x00,
  0x00, 0x00, 0x00, 0x00, 0x00, 0x00, 0x00, 0x00, 0x7f, 0x7f, 0x7f, 0x02,
  0x00, 0x00, 0x00, 0x00, 0x9c, 0x62, 0x3d, 0xab, 0x76, 0x66, 0x39, 0xff,
  0x56, 0xae, 0x16, 0xf9, 0x89, 0xdc, 0x4c, 0xf9, 0x45, 0x99, 0x0d, 0xf8,
  0x76, 0x5b, 0x2e, 0xff, 0x82, 0x40, 0x1b, 0x96, 0x00, 0x00, 0x00, 0x00,
  0xff, 0x7f, 0x00, 0x02, 0x8c, 0x33, 0x0c, 0x14, 0xa8, 0x4e, 0x03, 0xd6,
  0xad, 0x4c, 0x01, 0xff, 0xab, 0x35, 0x00, 0xf9, 0xe7, 0x46, 0x00, 0xfd,
  0xf8, 0x86, 0x00, 0xfd, 0xf9, 0x90, 0x00, 0xfd, 0xee, 0x4d, 0x00, 0xfd,
  0xb9, 0x35, 0x00, 0xfa, 0xbc, 0x4b, 0x02, 0xff, 0xcf, 0x5b, 0x03, 0xde,
  0xc8, 0x3f, 0x00, 0x1c, 0xaa, 0x55, 0x00, 0x03, 0x00, 0x00, 0x00, 0x00,
  0x92, 0x45, 0x0c, 0x7c, 0xa2, 0x60, 0x25, 0xff, 0xb5, 0x91, 0x0f, 0xfa,
  0xe8, 0xe0, 0x2e, 0xf9, 0xcd, 0xb8, 0x0d, 0xf8, 0x8c, 0x5e, 0x29, 0xff,
  0x7e, 0x52, 0x30, 0xcd, 0x48, 0x24, 0x00, 0x07, 0xff, 0xff, 0xff, 0x01,
  0x00, 0x00, 0x00, 0x01, 0x00, 0x00, 0x00, 0x00, 0x00, 0x00, 0x00, 0x00,
  0x00, 0x00, 0x00, 0x00, 0x00, 0x00, 0x00, 0x00, 0x00, 0x00, 0x00, 0x00,
  0x00, 0x00, 0x00, 0x00, 0x00, 0x00, 0x00, 0x00, 0x00, 0x00, 0x00, 0x00,
  0x00, 0x00, 0x00, 0x00, 0x00, 0x00, 0x00, 0x00, 0x00, 0x00, 0x00, 0x00,
  0x00, 0x00, 0x00, 0x00, 0x00, 0x00, 0x00, 0x00, 0x00, 0x00, 0x00, 0x00,
  0x00, 0x00, 0x00, 0x00, 0x00, 0x00, 0x00, 0x00, 0x00, 0x00, 0x00, 0x00,
  0x00, 0x00, 0x00, 0x00, 0x00, 0x00, 0x00, 0x00, 0x00, 0x00, 0x00, 0x00,
  0x00, 0x00, 0x00, 0x00, 0x00, 0x00, 0x00, 0x00, 0x00, 0x00, 0x00, 0x00,
  0x00, 0x00, 0x00, 0x00, 0x00, 0x00, 0x00, 0x00, 0x00, 0x00, 0x00, 0x00,
  0x00, 0x00, 0x00, 0x00, 0x00, 0x00, 0x00, 0x00, 0x00, 0x00, 0x00, 0x00,
  0x00, 0x00, 0x00, 0x00, 0x00, 0x00, 0x00, 0x00, 0x00, 0x00, 0x00, 0x00,
  0x00, 0x00, 0x00, 0x00, 0x00, 0x00, 0x00, 0x00, 0x00, 0x00, 0x00, 0x00,
  0x00, 0x00, 0x00, 0x00, 0x00, 0x00, 0x00, 0x00, 0x00, 0x00, 0x00, 0x00,
  0x00, 0x00, 0x00, 0x00, 0x00, 0x00, 0x00, 0x00, 0x00, 0x00, 0x00, 0x00,
  0x00, 0x00, 0x00, 0x00, 0x00, 0x00, 0x00, 0x00, 0x00, 0x00, 0x00, 0x00,
  0x00, 0x00, 0x00, 0x00, 0x00, 0x00, 0x00, 0x00, 0x00, 0x00, 0x00, 0x00,
  0x00, 0x00, 0x00, 0x00, 0x00, 0x00, 0x00, 0x00, 0x00, 0x00, 0x00, 0x00,
  0x00, 0x00, 0x00, 0x00, 0x00, 0x00, 0x00, 0x00, 0x00, 0x00, 0x00, 0x00,
  0x00, 0x00, 0x00, 0x00, 0x00, 0x00, 0x00, 0x00, 0x00, 0x00, 0x00, 0x00,
  0x00, 0x00, 0x00, 0x00, 0x00, 0x00, 0x00, 0x00, 0x00, 0x00, 0x00, 0x00,
  0x00, 0x00, 0x00, 0x00, 0x00, 0x00, 0x00, 0x00, 0x00, 0x00, 0x00, 0x00,
  0x00, 0x00, 0x00, 0x00, 0x00, 0x00, 0x00, 0x00, 0x00, 0x00, 0x00, 0x00,
  0x00, 0x00, 0x00, 0x00, 0x00, 0x00, 0x00, 0x00, 0x00, 0x00, 0x00, 0x00,
  0x00, 0x00, 0x00, 0x00, 0x00, 0x00, 0x00, 0x00, 0x00, 0x00, 0x00, 0x00,
  0x00, 0x00, 0x00, 0x00, 0x00, 0x00, 0x00, 0x00, 0x00, 0x00, 0x00, 0x00,
  0x00, 0x00, 0x00, 0x00, 0x00, 0x00, 0x00, 0x00, 0x00, 0x00, 0x00, 0x00,
  0x7f, 0x00, 0x00, 0x02, 0xff, 0xff, 0x00, 0x01, 0x61, 0x30, 0x00, 0x15,
  0x9d, 0x62, 0x3c, 0xb5, 0x8d, 0x66, 0x49, 0xff, 0x77, 0x66, 0x3a, 0xff,
  0x86, 0x5d, 0x3b, 0xff, 0x7d, 0x49, 0x1e, 0xa6, 0x2a, 0x00, 0x00, 0x0c,
  0x7f, 0x7f, 0x00, 0x02, 0x00, 0x00, 0x00, 0x00, 0x8d, 0x3c, 0x04, 0xa4,
  0x93, 0x3f, 0x00, 0xff, 0x7e, 0x23, 0x00, 0xf7, 0xa7, 0x1e, 0x01, 0xfd,
  0xea, 0x64, 0x0b, 0xfd, 0xfb, 0xd3, 0x4f, 0xfd, 0xfc, 0xde, 0x60, 0xfd,
  0xea, 0x77, 0x10, 0xfd, 0xb9, 0x23, 0x01, 0xfd, 0x94, 0x1f, 0x00, 0xf6,
  0xa6, 0x40, 0x00, 0xff, 0xaa, 0x41, 0x02, 0xb2, 0x00, 0x00, 0x00, 0x00,
  0xaa, 0x55, 0x00, 0x03, 0x00, 0x00, 0x00, 0x06, 0x90, 0x53, 0x11, 0x92,
  0x9c, 0x62, 0x30, 0xfd, 0x9e, 0x67, 0x2e, 0xff, 0x94, 0x63, 0x34, 0xff,
  0x87, 0x59, 0x31, 0xcd, 0x5c, 0x23, 0x00, 0x24, 0x00, 0x00, 0x00, 0x00,
  0x7f, 0x00, 0x00, 0x02, 0x00, 0x00, 0x00, 0x00, 0x00, 0x00, 0x00, 0x00,
  0x00, 0x00, 0x00, 0x00, 0x00, 0x00, 0x00, 0x00, 0x00, 0x00, 0x00, 0x00,
  0x00, 0x00, 0x00, 0x00, 0x00, 0x00, 0x00, 0x00, 0x00, 0x00, 0x00, 0x00,
  0x00, 0x00, 0x00, 0x00, 0x00, 0x00, 0x00, 0x00, 0x00, 0x00, 0x00, 0x00,
  0x00, 0x00, 0x00, 0x00, 0x00, 0x00, 0x00, 0x00, 0x00, 0x00, 0x00, 0x00,
  0x00, 0x00, 0x00, 0x00, 0x00, 0x00, 0x00, 0x00, 0x00, 0x00, 0x00, 0x00,
  0x00, 0x00, 0x00, 0x00, 0x00, 0x00, 0x00, 0x00, 0x00, 0x00, 0x00, 0x00,
  0x00, 0x00, 0x00, 0x00, 0x00, 0x00, 0x00, 0x00, 0x00, 0x00, 0x00, 0x00,
  0x00, 0x00, 0x00, 0x00, 0x00, 0x00, 0x00, 0x00, 0x00, 0x00, 0x00, 0x00,
  0x00, 0x00, 0x00, 0x00, 0x00, 0x00, 0x00, 0x00, 0x00, 0x00, 0x00, 0x00,
  0x00, 0x00, 0x00, 0x00, 0x00, 0x00, 0x00, 0x00, 0x00, 0x00, 0x00, 0x00,
  0x00, 0x00, 0x00, 0x00, 0x00, 0x00, 0x00, 0x00, 0x00, 0x00, 0x00, 0x00,
  0x00, 0x00, 0x00, 0x00, 0x00, 0x00, 0x00, 0x00, 0x00, 0x00, 0x00, 0x00,
  0x00, 0x00, 0x00, 0x00, 0x00, 0x00, 0x00, 0x00, 0x00, 0x00, 0x00, 0x00,
  0x00, 0x00, 0x00, 0x00, 0x00, 0x00, 0x00, 0x00, 0x00, 0x00, 0x00, 0x00,
  0x00, 0x00, 0x00, 0x00, 0x00, 0x00, 0x00, 0x00, 0x00, 0x00, 0x00, 0x00,
  0x00, 0x00, 0x00, 0x00, 0x00, 0x00, 0x00, 0x00, 0x00, 0x00, 0x00, 0x00,
  0x00, 0x00, 0x00, 0x00, 0x00, 0x00, 0x00, 0x00, 0x00, 0x00, 0x00, 0x00,
  0x00, 0x00, 0x00, 0x00, 0x00, 0x00, 0x00, 0x00, 0x00, 0x00, 0x00, 0x00,
  0x00, 0x00, 0x00, 0x00, 0x00, 0x00, 0x00, 0x00, 0x00, 0x00, 0x00, 0x00,
  0x00, 0x00, 0x00, 0x00, 0x00, 0x00, 0x00, 0x00, 0x00, 0x00, 0x00, 0x00,
  0x00, 0x00, 0x00, 0x00, 0x00, 0x00, 0x00, 0x00, 0x00, 0x00, 0x00, 0x00,
  0x00, 0x00, 0x00, 0x00, 0x00, 0x00, 0x00, 0x00, 0x00, 0x00, 0x00, 0x00,
  0x00, 0x00, 0x00, 0x00, 0x00, 0x00, 0x00, 0x00, 0x00, 0x00, 0x00, 0x00,
  0x00, 0x00, 0x00, 0x00, 0x00, 0x00, 0x00, 0x00, 0x00, 0x00, 0x00, 0x00,
  0x00, 0x00, 0x00, 0x00, 0x00, 0x00, 0x00, 0x00, 0x00, 0x00, 0x00, 0x00,
  0x00, 0x00, 0x00, 0x00, 0x00, 0x00, 0x00, 0x00, 0x00, 0x00, 0x00, 0x01,
  0x00, 0x00, 0x00, 0x00, 0x00, 0x00, 0x00, 0x00, 0x8c, 0x4f, 0x23, 0x3a,
  0x9a, 0x55, 0x33, 0x59, 0x7f, 0x44, 0x13, 0x34, 0x00, 0x00, 0x00, 0x00,
  0x01, 0x01, 0x00, 0x00, 0x00, 0x00, 0x00, 0x00, 0x7c, 0x27, 0x0d, 0x27,
  0x7e, 0x34, 0x02, 0xfa, 0x72, 0x29, 0x00, 0xfb, 0x64, 0x08, 0x01, 0xfc,
  0xf2, 0x4b, 0x01, 0xfd, 0xff, 0xe0, 0x3a, 0xfd, 0xfb, 0xfa, 0x91, 0xfd,
  0xfb, 0xf6, 0xa5, 0xfd, 0xff, 0xf7, 0x5c, 0xfd, 0xf9, 0x61, 0x03, 0xfd,
  0x72, 0x06, 0x01, 0xfc, 0x73, 0x25, 0x00, 0xfa, 0x93, 0x3a, 0x02, 0xfe,
  0x87, 0x29, 0x05, 0x31, 0x00, 0x00, 0x00, 0x00, 0xff, 0x7f, 0x00, 0x02,
  0x00, 0x00, 0x00, 0x00, 0x7c, 0x3b, 0x00, 0x2f, 0x8a, 0x4d, 0x1e, 0x5c,
  0x84, 0x47, 0x11, 0x47, 0x00, 0x00, 0x00, 0x05, 0x00, 0x00, 0x00, 0x00,
  0xff, 0x00, 0x00, 0x01, 0x00, 0x00, 0x00, 0x00, 0x00, 0x00, 0x00, 0x00,
  0x00, 0x00, 0x00, 0x00, 0x00, 0x00, 0x00, 0x00, 0x00, 0x00, 0x00, 0x00,
  0x00, 0x00, 0x00, 0x00, 0x00, 0x00, 0x00, 0x00, 0x00, 0x00, 0x00, 0x00,
  0x00, 0x00, 0x00, 0x00, 0x00, 0x00, 0x00, 0x00, 0x00, 0x00, 0x00, 0x00,
  0x00, 0x00, 0x00, 0x00, 0x00, 0x00, 0x00, 0x00, 0x00, 0x00, 0x00, 0x00,
  0x00, 0x00, 0x00, 0x00, 0x00, 0x00, 0x00, 0x00, 0x00, 0x00, 0x00, 0x00,
  0x00, 0x00, 0x00, 0x00, 0x00, 0x00, 0x00, 0x00, 0x00, 0x00, 0x00, 0x00,
  0x00, 0x00, 0x00, 0x00, 0x00, 0x00, 0x00, 0x00, 0x00, 0x00, 0x00, 0x00,
  0x00, 0x00, 0x00, 0x00, 0x00, 0x00, 0x00, 0x00, 0x00, 0x00, 0x00, 0x00,
  0x00, 0x00, 0x00, 0x00, 0x00, 0x00, 0x00, 0x00, 0x00, 0x00, 0x00, 0x00,
  0x00, 0x00, 0x00, 0x00, 0x00, 0x00, 0x00, 0x00, 0x00, 0x00, 0x00, 0x00,
  0x00, 0x00, 0x00, 0x00, 0x00, 0x00, 0x00, 0x00, 0x00, 0x00, 0x00, 0x00,
  0x00, 0x00, 0x00, 0x00, 0x00, 0x00, 0x00, 0x00, 0x00, 0x00, 0x00, 0x00,
  0x00, 0x00, 0x00, 0x00, 0x00, 0x00, 0x00, 0x00, 0x00, 0x00, 0x00, 0x00,
  0x00, 0x00, 0x00, 0x00, 0x00, 0x00, 0x00, 0x00, 0x00, 0x00, 0x00, 0x00,
  0x00, 0x00, 0x00, 0x00, 0x00, 0x00, 0x00, 0x00, 0x00, 0x00, 0x00, 0x00,
  0x00, 0x00, 0x00, 0x00, 0x00, 0x00, 0x00, 0x00, 0x00, 0x00, 0x00, 0x00,
  0x00, 0x00, 0x00, 0x00, 0x00, 0x00, 0x00, 0x00, 0x00, 0x00, 0x00, 0x00,
  0x00, 0x00, 0x00, 0x00, 0x00, 0x00, 0x00, 0x00, 0x00, 0x00, 0x00, 0x00,
  0x00, 0x00, 0x00, 0x00, 0x00, 0x00, 0x00, 0x00, 0x00, 0x00, 0x00, 0x00,
  0x00, 0x00, 0x00, 0x00, 0x00, 0x00, 0x00, 0x00, 0x00, 0x00, 0x00, 0x00,
  0x00, 0x00, 0x00, 0x00, 0x00, 0x00, 0x00, 0x00, 0x00, 0x00, 0x00, 0x00,
  0x00, 0x00, 0x00, 0x00, 0x00, 0x00, 0x00, 0x00, 0x00, 0x00, 0x00, 0x00,
  0x00, 0x00, 0x00, 0x00, 0x00, 0x00, 0x00, 0x00, 0x00, 0x00, 0x00, 0x00,
  0x00, 0x00, 0x00, 0x00, 0x00, 0x00, 0x00, 0x00, 0x00, 0x00, 0x00, 0x00,
  0x00, 0x00, 0x00, 0x00, 0x00, 0x00, 0x00, 0x00, 0x00, 0x00, 0x00, 0x00,
  0x00, 0x00, 0x00, 0x00, 0x00, 0x00, 0x00, 0x00, 0x00, 0x00, 0x00, 0x00,
  0x00, 0x00, 0x00, 0x00, 0xff, 0x00, 0x00, 0x01, 0xff, 0xff, 0xff, 0x01,
  0x00, 0x00, 0x00, 0x00, 0x00, 0x00, 0x00, 0x00, 0x00, 0x00, 0x00, 0x00,
  0xff, 0xff, 0x00, 0x01, 0x66, 0x33, 0x00, 0x05, 0x00, 0x00, 0x00, 0x00,
  0x79, 0x27, 0x04, 0x67, 0x7e, 0x2d, 0x01, 0xff, 0x4d, 0x10, 0x00, 0xf9,
  0xa4, 0x18, 0x00, 0xfd, 0xf6, 0x43, 0x00, 0xfc, 0xfa, 0x9e, 0x02, 0xfd,
  0xfb, 0xc6, 0x03, 0xfd, 0xfb, 0xc8, 0x05, 0xfd, 0xfb, 0xad, 0x07, 0xfc,
  0xf7, 0x4c, 0x00, 0xfc, 0xb2, 0x16, 0x00, 0xfc, 0x50, 0x0f, 0x00, 0xf8,
  0x86, 0x31, 0x01, 0xff, 0x7d, 0x2b, 0x02, 0x7c, 0x00, 0x00, 0x00, 0x00,
  0x66, 0x33, 0x00, 0x05, 0xff, 0x7f, 0x00, 0x02, 0x00, 0x00, 0x00, 0x00,
  0x00, 0x00, 0x00, 0x00, 0x00, 0x00, 0x00, 0x00, 0x00, 0x00, 0x01, 0x00,
  0x7f, 0x00, 0x00, 0x02, 0x00, 0x00, 0x00, 0x00, 0x00, 0x00, 0x00, 0x00,
  0x00, 0x00, 0x00, 0x00, 0x00, 0x00, 0x00, 0x00, 0x00, 0x00, 0x00, 0x00,
  0x00, 0x00, 0x00, 0x00, 0x00, 0x00, 0x00, 0x00, 0x00, 0x00, 0x00, 0x00,
  0x00, 0x00, 0x00, 0x00, 0x00, 0x00, 0x00, 0x00, 0x00, 0x00, 0x00, 0x00,
  0x00, 0x00, 0x00, 0x00, 0x00, 0x00, 0x00, 0x00, 0x00, 0x00, 0x00, 0x00,
  0x00, 0x00, 0x00, 0x00, 0x00, 0x00, 0x00, 0x00, 0x00, 0x00, 0x00, 0x00,
  0x00, 0x00, 0x00, 0x00, 0x00, 0x00, 0x00, 0x00, 0x00, 0x00, 0x00, 0x00,
  0x00, 0x00, 0x00, 0x00, 0x00, 0x00, 0x00, 0x00, 0x00, 0x00, 0x00, 0x00,
  0x00, 0x00, 0x00, 0x00, 0x00, 0x00, 0x00, 0x00, 0x00, 0x00, 0x00, 0x00,
  0x00, 0x00, 0x00, 0x00, 0x00, 0x00, 0x00, 0x00, 0x00, 0x00, 0x00, 0x00,
  0x00, 0x00, 0x00, 0x00, 0x00, 0x00, 0x00, 0x00, 0x00, 0x00, 0x00, 0x00,
  0x00, 0x00, 0x00, 0x00, 0x00, 0x00, 0x00, 0x00, 0x00, 0x00, 0x00, 0x00,
  0x00, 0x00, 0x00, 0x00, 0x00, 0x00, 0x00, 0x00, 0x00, 0x00, 0x00, 0x00,
  0x00, 0x00, 0x00, 0x00, 0x00, 0x00, 0x00, 0x00, 0x00, 0x00, 0x00, 0x00,
  0x00, 0x00, 0x00, 0x00, 0x00, 0x00, 0x00, 0x00, 0x00, 0x00, 0x00, 0x00,
  0x00, 0x00, 0x00, 0x00, 0x00, 0x00, 0x00, 0x00, 0x00, 0x00, 0x00, 0x00,
  0x00, 0x00, 0x00, 0x00, 0x00, 0x00, 0x00, 0x00, 0x00, 0x00, 0x00, 0x00,
  0x00, 0x00, 0x00, 0x00, 0x00, 0x00, 0x00, 0x00, 0x00, 0x00, 0x00, 0x00,
  0x00, 0x00, 0x00, 0x00, 0x00, 0x00, 0x00, 0x00, 0x00, 0x00, 0x00, 0x00,
  0x00, 0x00, 0x00, 0x00, 0x00, 0x00, 0x00, 0x00, 0x00, 0x00, 0x00, 0x00,
  0x00, 0x00, 0x00, 0x00, 0x00, 0x00, 0x00, 0x00, 0x00, 0x00, 0x00, 0x00,
  0x00, 0x00, 0x00, 0x00, 0x00, 0x00, 0x00, 0x00, 0x00, 0x00, 0x00, 0x00,
  0x00, 0x00, 0x00, 0x00, 0x00, 0x00, 0x00, 0x00, 0x00, 0x00, 0x00, 0x00,
  0x00, 0x00, 0x00, 0x00, 0x00, 0x00, 0x00, 0x00, 0x00, 0x00, 0x00, 0x00,
  0x00, 0x00, 0x00, 0x00, 0x00, 0x00, 0x00, 0x00, 0x00, 0x00, 0x00, 0x00,
  0x00, 0x00, 0x00, 0x00, 0x00, 0x00, 0x00, 0x00, 0x00, 0x00, 0x00, 0x00,
  0x00, 0x00, 0x00, 0x00, 0x00, 0x00, 0x00, 0x00, 0x00, 0x00, 0x00, 0x00,
  0x00, 0x00, 0x00, 0x00, 0x00, 0x00, 0x00, 0x00, 0x00, 0x00, 0x00, 0x00,
  0x00, 0x00, 0x00, 0x00, 0x55, 0x55, 0x00, 0x03, 0x7f, 0x3f, 0x3f, 0x04,
  0x7f, 0x7f, 0x00, 0x02, 0x00, 0x00, 0x00, 0x00, 0x7f, 0x3f, 0x00, 0x04,
  0x00, 0x00, 0x00, 0x00, 0x82, 0x2c, 0x05, 0x8b, 0x7a, 0x29, 0x00, 0xff,
  0x44, 0x09, 0x00, 0xf9, 0xca, 0x24, 0x00, 0xfd, 0xe9, 0x30, 0x00, 0xfc,
  0xfb, 0x4f, 0x00, 0xfc, 0xf9, 0x74, 0x00, 0xfd, 0xfb, 0x77, 0x00, 0xfc,
  0xfb, 0x53, 0x00, 0xfc, 0xef, 0x32, 0x00, 0xfc, 0xda, 0x26, 0x00, 0xfc,
  0x46, 0x08, 0x00, 0xf8, 0x77, 0x27, 0x00, 0xff, 0x7e, 0x28, 0x01, 0xa3,
  0x00, 0x00, 0x00, 0x00, 0x55, 0x00, 0x00, 0x03, 0x00, 0x00, 0x00, 0x00,
  0x7f, 0x7f, 0x00, 0x02, 0x7f, 0x3f, 0x00, 0x04, 0xaa, 0x55, 0x00, 0x03,
  0x00, 0x00, 0x00, 0x01, 0x00, 0x00, 0x00, 0x00, 0x00, 0x00, 0x00, 0x00,
  0x00, 0x00, 0x00, 0x00, 0x00, 0x00, 0x00, 0x00, 0x00, 0x00, 0x00, 0x00,
  0x00, 0x00, 0x00, 0x00, 0x00, 0x00, 0x00, 0x00, 0x00, 0x00, 0x00, 0x00,
  0x00, 0x00, 0x00, 0x00, 0x00, 0x00, 0x00, 0x00, 0x00, 0x00, 0x00, 0x00,
  0x00, 0x00, 0x00, 0x00, 0x00, 0x00, 0x00, 0x00, 0x00, 0x00, 0x00, 0x00,
  0x00, 0x00, 0x00, 0x00, 0x00, 0x00, 0x00, 0x00, 0x00, 0x00, 0x00, 0x00,
  0x00, 0x00, 0x00, 0x00, 0x00, 0x00, 0x00, 0x00, 0x00, 0x00, 0x00, 0x00,
  0x00, 0x00, 0x00, 0x00, 0x00, 0x00, 0x00, 0x00, 0x00, 0x00, 0x00, 0x00,
  0x00, 0x00, 0x00, 0x00, 0x00, 0x00, 0x00, 0x00, 0x00, 0x00, 0x00, 0x00,
  0x00, 0x00, 0x00, 0x00, 0x00, 0x00, 0x00, 0x00, 0x00, 0x00, 0x00, 0x00,
  0x00, 0x00, 0x00, 0x00, 0x00, 0x00, 0x00, 0x00, 0x00, 0x00, 0x00, 0x00,
  0x00, 0x00, 0x00, 0x00, 0x00, 0x00, 0x00, 0x00, 0x00, 0x00, 0x00, 0x00,
  0x00, 0x00, 0x00, 0x00, 0x00, 0x00, 0x00, 0x00, 0x00, 0x00, 0x00, 0x00,
  0x00, 0x00, 0x00, 0x00, 0x00, 0x00, 0x00, 0x00, 0x00, 0x00, 0x00, 0x00,
  0x00, 0x00, 0x00, 0x00, 0x00, 0x00, 0x00, 0x00, 0x00, 0x00, 0x00, 0x00,
  0x00, 0x00, 0x00, 0x00, 0x00, 0x00, 0x00, 0x00, 0x00, 0x00, 0x00, 0x00,
  0x00, 0x00, 0x00, 0x00, 0x00, 0x00, 0x00, 0x00, 0x00, 0x00, 0x00, 0x00,
  0x00, 0x00, 0x00, 0x00, 0x00, 0x00, 0x00, 0x00, 0x00, 0x00, 0x00, 0x00,
  0x00, 0x00, 0x00, 0x00, 0x00, 0x00, 0x00, 0x00, 0x00, 0x00, 0x00, 0x00,
  0x00, 0x00, 0x00, 0x00, 0x00, 0x00, 0x00, 0x00, 0x00, 0x00, 0x00, 0x00,
  0x00, 0x00, 0x00, 0x00, 0x00, 0x00, 0x00, 0x00, 0x00, 0x00, 0x00, 0x00,
  0x00, 0x00, 0x00, 0x00, 0x00, 0x00, 0x00, 0x00, 0x00, 0x00, 0x00, 0x00,
  0x00, 0x00, 0x00, 0x00, 0x00, 0x00, 0x00, 0x00, 0x00, 0x00, 0x00, 0x00,
  0x00, 0x00, 0x00, 0x00, 0x00, 0x00, 0x00, 0x00, 0x00, 0x00, 0x00, 0x00,
  0x00, 0x00, 0x00, 0x00, 0x00, 0x00, 0x00, 0x00, 0x00, 0x00, 0x00, 0x00,
  0x00, 0x00, 0x00, 0x00, 0x00, 0x00, 0x00, 0x00, 0x00, 0x00, 0x00, 0x00,
  0x00, 0x00, 0x00, 0x00, 0x00, 0x00, 0x00, 0x00, 0x00, 0x00, 0x00, 0x00,
  0x00, 0x00, 0x00, 0x00, 0x00, 0x00, 0x00, 0x00, 0x00, 0x00, 0x00, 0x00,
  0x00, 0x00, 0x00, 0x00, 0x00, 0x00, 0x00, 0x00, 0x00, 0x00, 0x00, 0x00,
  0x00, 0x00, 0x00, 0x00, 0x00, 0x00, 0x00, 0x00, 0x00, 0x00, 0x00, 0x00,
  0x7f, 0x3f, 0x00, 0x04, 0x00, 0x00, 0x00, 0x00, 0x85, 0x29, 0x03, 0x86,
  0x77, 0x27, 0x00, 0xfe, 0x41, 0x08, 0x00, 0xf9, 0xd9, 0x45, 0x00, 0xfd,
  0xff, 0x52, 0x00, 0xfc, 0xfb, 0x66, 0x00, 0xfc, 0xfb, 0x77, 0x02, 0xfd,
  0xfb, 0x7b, 0x02, 0xfc, 0xfa, 0x6d, 0x01, 0xfc, 0xff, 0x5b, 0x00, 0xfc,
  0xe5, 0x46, 0x00, 0xfd, 0x3d, 0x06, 0x00, 0xf8, 0x75, 0x25, 0x00, 0xff,
  0x83, 0x2a, 0x03, 0xa3, 0x00, 0x00, 0x00, 0x00, 0x55, 0x00, 0x00, 0x03,
  0x00, 0x00, 0x00, 0x00, 0x00, 0x00, 0x00, 0x00, 0x00, 0x00, 0x00, 0x00,
  0x00, 0x00, 0x00, 0x00, 0x00, 0x00, 0x00, 0x00, 0x00, 0x00, 0x00, 0x00,
  0x00, 0x00, 0x00, 0x00, 0x00, 0x00, 0x00, 0x00, 0x00, 0x00, 0x00, 0x00,
  0x00, 0x00, 0x00, 0x00, 0x00, 0x00, 0x00, 0x00, 0x00, 0x00, 0x00, 0x00,
  0x00, 0x00, 0x00, 0x00, 0x00, 0x00, 0x00, 0x00, 0x00, 0x00, 0x00, 0x00,
  0x00, 0x00, 0x00, 0x00, 0x00, 0x00, 0x00, 0x00, 0x00, 0x00, 0x00, 0x00,
  0x00, 0x00, 0x00, 0x00, 0x00, 0x00, 0x00, 0x00, 0x00, 0x00, 0x00, 0x00,
  0x00, 0x00, 0x00, 0x00, 0x00, 0x00, 0x00, 0x00, 0x00, 0x00, 0x00, 0x00,
  0x00, 0x00, 0x00, 0x00, 0x00, 0x00, 0x00, 0x00, 0x00, 0x00, 0x00, 0x00,
  0x00, 0x00, 0x00, 0x00, 0x00, 0x00, 0x00, 0x00, 0x00, 0x00, 0x00, 0x00,
  0x00, 0x00, 0x00, 0x00, 0x00, 0x00, 0x00, 0x00, 0x00, 0x00, 0x00, 0x00,
  0x00, 0x00, 0x00, 0x00, 0x00, 0x00, 0x00, 0x00, 0x00, 0x00, 0x00, 0x00,
  0x00, 0x00, 0x00, 0x00, 0x00, 0x00, 0x00, 0x00, 0x00, 0x00, 0x00, 0x00,
  0x00, 0x00, 0x00, 0x00, 0x00, 0x00, 0x00, 0x00, 0x00, 0x00, 0x00, 0x00,
  0x00, 0x00, 0x00, 0x00, 0x00, 0x00, 0x00, 0x00, 0x00, 0x00, 0x00, 0x00,
  0x00, 0x00, 0x00, 0x00, 0x00, 0x00, 0x00, 0x00, 0x00, 0x00, 0x00, 0x00,
  0x00, 0x00, 0x00, 0x00, 0x00, 0x00, 0x00, 0x00, 0x00, 0x00, 0x00, 0x00,
  0x00, 0x00, 0x00, 0x00, 0x00, 0x00, 0x00, 0x00, 0x00, 0x00, 0x00, 0x00,
  0x00, 0x00, 0x00, 0x00, 0x00, 0x00, 0x00, 0x00, 0x00, 0x00, 0x00, 0x00,
  0x00, 0x00, 0x00, 0x00, 0x00, 0x00, 0x00, 0x00, 0x00, 0x00, 0x00, 0x00,
  0x00, 0x00, 0x00, 0x00, 0x00, 0x00, 0x00, 0x00, 0x00, 0x00, 0x00, 0x00,
  0x00, 0x00, 0x00, 0x00, 0x00, 0x00, 0x00, 0x00, 0x00, 0x00, 0x00, 0x00,
  0x00, 0x00, 0x00, 0x00, 0x00, 0x00, 0x00, 0x00, 0x00, 0x00, 0x00, 0x00,
  0x00, 0x00, 0x00, 0x00, 0x00, 0x00, 0x00, 0x00, 0x00, 0x00, 0x00, 0x00,
  0x00, 0x00, 0x00, 0x00, 0x00, 0x00, 0x00, 0x00, 0x00, 0x00, 0x00, 0x00,
  0x00, 0x00, 0x00, 0x00, 0x00, 0x00, 0x00, 0x00, 0x00, 0x00, 0x00, 0x00,
  0x00, 0x00, 0x00, 0x00, 0x00, 0x00, 0x00, 0x00, 0x00, 0x00, 0x00, 0x00,
  0x00, 0x00, 0x00, 0x00, 0x00, 0x00, 0x00, 0x00, 0x00, 0x00, 0x00, 0x00,
  0x00, 0x00, 0x00, 0x00, 0x00, 0x00, 0x00, 0x00, 0x00, 0x00, 0x00, 0x00,
  0x00, 0x00, 0x00, 0x00, 0x00, 0x00, 0x00, 0x00, 0x00, 0x00, 0x00, 0x00,
  0x00, 0x00, 0x00, 0x00, 0x00, 0x00, 0x00, 0x00, 0x00, 0x00, 0x00, 0x00,
  0x00, 0x00, 0x00, 0x00, 0x7f, 0x3f, 0x00, 0x04, 0x00, 0x00, 0x00, 0x00,
  0x93, 0x2a, 0x02, 0x5f, 0x86, 0x2c, 0x00, 0xff, 0x4b, 0x05, 0x00, 0xf9,
  0xb0, 0x53, 0x01, 0xfd, 0xff, 0xab, 0x00, 0xfd, 0xf8, 0xa7, 0x00, 0xfd,
  0xfc, 0xc2, 0x00, 0xfd, 0xfc, 0xc4, 0x00, 0xfd, 0xf9, 0xb2, 0x00, 0xfc,
  0xff, 0xa8, 0x00, 0xfc, 0xb9, 0x50, 0x01, 0xfd, 0x42, 0x04, 0x00, 0xf8,
  0x86, 0x2d, 0x00, 0xff, 0x8f, 0x2a, 0x02, 0x7e, 0x00, 0x00, 0x00, 0x00,
  0x7f, 0x3f, 0x00, 0x04, 0x00, 0x00, 0x00, 0x00, 0x00, 0x00, 0x00, 0x00,
  0x00, 0x00, 0x00, 0x00, 0x00, 0x00, 0x00, 0x00, 0x00, 0x00, 0x00, 0x00,
  0x00, 0x00, 0x00, 0x00, 0x00, 0x00, 0x00, 0x00, 0x00, 0x00, 0x00, 0x00,
  0x00, 0x00, 0x00, 0x00, 0x00, 0x00, 0x00, 0x00, 0x00, 0x00, 0x00, 0x00,
  0x00, 0x00, 0x00, 0x00, 0x00, 0x00, 0x00, 0x00, 0x00, 0x00, 0x00, 0x00,
  0x00, 0x00, 0x00, 0x00, 0x00, 0x00, 0x00, 0x00, 0x00, 0x00, 0x00, 0x00,
  0x00, 0x00, 0x00, 0x00, 0x00, 0x00, 0x00, 0x00, 0x00, 0x00, 0x00, 0x00,
  0x00, 0x00, 0x00, 0x00, 0x00, 0x00, 0x00, 0x00, 0x00, 0x00, 0x00, 0x00,
  0x00, 0x00, 0x00, 0x00, 0x00, 0x00, 0x00, 0x00, 0x00, 0x00, 0x00, 0x00,
  0x00, 0x00, 0x00, 0x00, 0x00, 0x00, 0x00, 0x00, 0x00, 0x00, 0x00, 0x00,
  0x00, 0x00, 0x00, 0x00, 0x00, 0x00, 0x00, 0x00, 0x00, 0x00, 0x00, 0x00,
  0x00, 0x00, 0x00, 0x00, 0x00, 0x00, 0x00, 0x00, 0x00, 0x00, 0x00, 0x00,
  0x00, 0x00, 0x00, 0x00, 0x00, 0x00, 0x00, 0x00, 0x00, 0x00, 0x00, 0x00,
  0x00, 0x00, 0x00, 0x00, 0x00, 0x00, 0x00, 0x00, 0x00, 0x00, 0x00, 0x00,
  0x00, 0x00, 0x00, 0x00, 0x00, 0x00, 0x00, 0x00, 0x00, 0x00, 0x00, 0x00,
  0x00, 0x00, 0x00, 0x00, 0x00, 0x00, 0x00, 0x00, 0x00, 0x00, 0x00, 0x00,
  0x00, 0x00, 0x00, 0x00, 0x00, 0x00, 0x00, 0x00, 0x00, 0x00, 0x00, 0x00,
  0x00, 0x00, 0x00, 0x00, 0x00, 0x00, 0x00, 0x00, 0x00, 0x00, 0x00, 0x00,
  0x00, 0x00, 0x00, 0x00, 0x00, 0x00, 0x00, 0x00, 0x00, 0x00, 0x00, 0x00,
  0x00, 0x00, 0x00, 0x00, 0x00, 0x00, 0x00, 0x00, 0x00, 0x00, 0x00, 0x00,
  0x00, 0x00, 0x00, 0x00, 0x00, 0x00, 0x00, 0x00, 0x00, 0x00, 0x00, 0x00,
  0x00, 0x00, 0x00, 0x00, 0x00, 0x00, 0x00, 0x00, 0x00, 0x00, 0x00, 0x00,
  0x00, 0x00, 0x00, 0x00, 0x00, 0x00, 0x00, 0x00, 0x00, 0x00, 0x00, 0x00,
  0x00, 0x00, 0x00, 0x00, 0x00, 0x00, 0x00, 0x00, 0x00, 0x00, 0x00, 0x00,
  0x00, 0x00, 0x00, 0x00, 0x00, 0x00, 0x00, 0x00, 0x00, 0x00, 0x00, 0x00,
  0x00, 0x00, 0x00, 0x00, 0x00, 0x00, 0x00, 0x00, 0x00, 0x00, 0x00, 0x00,
  0x00, 0x00, 0x00, 0x00, 0x00, 0x00, 0x00, 0x00, 0x00, 0x00, 0x00, 0x00,
  0x00, 0x00, 0x00, 0x00, 0x00, 0x00, 0x00, 0x00, 0x00, 0x00, 0x00, 0x00,
  0x00, 0x00, 0x00, 0x00, 0x00, 0x00, 0x00, 0x00, 0x00, 0x00, 0x00, 0x00,
  0x00, 0x00, 0x00, 0x00, 0x00, 0x00, 0x00, 0x00, 0x00, 0x00, 0x00, 0x00,
  0x00, 0x00, 0x00, 0x00, 0x00, 0x00, 0x00, 0x00, 0x00, 0x00, 0x00, 0x00,
  0x00, 0x00, 0x00, 0x00, 0x00, 0x00, 0x00, 0x00, 0x7f, 0x00, 0x00, 0x02,
  0x00, 0x00, 0x00, 0x00, 0xad, 0x36, 0x09, 0x1c, 0x9c, 0x2f, 0x01, 0xf5,
  0x67, 0x19, 0x00, 0xfc, 0x68, 0x10, 0x01, 0xfc, 0xf0, 0xc1, 0x03, 0xfd,
  0xff, 0xff, 0x05, 0xfd, 0xfb, 0xfb, 0x1d, 0xfd, 0xfb, 0xfc, 0x21, 0xfd,
  0xff, 0xff, 0x08, 0xfc, 0xf5, 0xc6, 0x02, 0xfc, 0x75, 0x14, 0x01, 0xfc,
  0x5e, 0x17, 0x00, 0xfa, 0x99, 0x2f, 0x00, 0xfd, 0xa4, 0x2f, 0x00, 0x30,
  0x00, 0x00, 0x00, 0x00, 0x7f, 0x00, 0x00, 0x02, 0x00, 0x00, 0x00, 0x00,
  0x00, 0x00, 0x00, 0x00, 0x00, 0x00, 0x00, 0x00, 0x00, 0x00, 0x00, 0x00,
  0x00, 0x00, 0x00, 0x00, 0x00, 0x00, 0x00, 0x00, 0x00, 0x00, 0x00, 0x00,
  0x00, 0x00, 0x00, 0x00, 0x00, 0x00, 0x00, 0x00, 0x00, 0x00, 0x00, 0x00,
  0x00, 0x00, 0x00, 0x00, 0x00, 0x00, 0x00, 0x00, 0x00, 0x00, 0x00, 0x00,
  0x00, 0x00, 0x00, 0x00, 0x00, 0x00, 0x00, 0x00, 0x00, 0x00, 0x00, 0x00,
  0x00, 0x00, 0x00, 0x00, 0x00, 0x00, 0x00, 0x00, 0x00, 0x00, 0x00, 0x00,
  0x00, 0x00, 0x00, 0x00, 0x00, 0x00, 0x00, 0x00, 0x00, 0x00, 0x00, 0x00,
  0x00, 0x00, 0x00, 0x00, 0x00, 0x00, 0x00, 0x00, 0x00, 0x00, 0x00, 0x00,
  0x00, 0x00, 0x00, 0x00, 0x00, 0x00, 0x00, 0x00, 0x00, 0x00, 0x00, 0x00,
  0x00, 0x00, 0x00, 0x00, 0x00, 0x00, 0x00, 0x00, 0x00, 0x00, 0x00, 0x00,
  0x00, 0x00, 0x00, 0x00, 0x00, 0x00, 0x00, 0x00, 0x00, 0x00, 0x00, 0x00,
  0x00, 0x00, 0x00, 0x00, 0x00, 0x00, 0x00, 0x00, 0x00, 0x00, 0x00, 0x00,
  0x00, 0x00, 0x00, 0x00, 0x00, 0x00, 0x00, 0x00, 0x00, 0x00, 0x00, 0x00,
  0x00, 0x00, 0x00, 0x00, 0x00, 0x00, 0x00, 0x00, 0x00, 0x00, 0x00, 0x00,
  0x00, 0x00, 0x00, 0x00, 0x00, 0x00, 0x00, 0x00, 0x00, 0x00, 0x00, 0x00,
  0x00, 0x00, 0x00, 0x00, 0x00, 0x00, 0x00, 0x00, 0x00, 0x00, 0x00, 0x00,
  0x00, 0x00, 0x00, 0x00, 0x00, 0x00, 0x00, 0x00, 0x00, 0x00, 0x00, 0x00,
  0x00, 0x00, 0x00, 0x00, 0x00, 0x00, 0x00, 0x00, 0x00, 0x00, 0x00, 0x00,
  0x00, 0x00, 0x00, 0x00, 0x00, 0x00, 0x00, 0x00, 0x00, 0x00, 0x00, 0x00,
  0x00, 0x00, 0x00, 0x00, 0x00, 0x00, 0x00, 0x00, 0x00, 0x00, 0x00, 0x00,
  0x00, 0x00, 0x00, 0x00, 0x00, 0x00, 0x00, 0x00, 0x00, 0x00, 0x00, 0x00,
  0x00, 0x00, 0x00, 0x00, 0x00, 0x00, 0x00, 0x00, 0x00, 0x00, 0x00, 0x00,
  0x00, 0x00, 0x00, 0x00, 0x00, 0x00, 0x00, 0x00, 0x00, 0x00, 0x00, 0x00,
  0x00, 0x00, 0x00, 0x00, 0x00, 0x00, 0x00, 0x00, 0x00, 0x00, 0x00, 0x00,
  0x00, 0x00, 0x00, 0x00, 0x00, 0x00, 0x00, 0x00, 0x00, 0x00, 0x00, 0x00,
  0x00, 0x00, 0x00, 0x00, 0x00, 0x00, 0x00, 0x00, 0x00, 0x00, 0x00, 0x00,
  0x00, 0x00, 0x00, 0x00, 0x00, 0x00, 0x00, 0x00, 0x00, 0x00, 0x00, 0x00,
  0x00, 0x00, 0x00, 0x00, 0x00, 0x00, 0x00, 0x00, 0x00, 0x00, 0x00, 0x00,
  0x00, 0x00, 0x00, 0x00, 0x00, 0x00, 0x00, 0x00, 0x00, 0x00, 0x00, 0x00,
  0x00, 0x00, 0x00, 0x00, 0x00, 0x00, 0x00, 0x00, 0x00, 0x00, 0x00, 0x00,
  0x00, 0x00, 0x00, 0x00, 0x00, 0x00, 0x00, 0x00, 0x00, 0x00, 0x00, 0x00,
  0x00, 0x00, 0x00, 0x00, 0xaa, 0x55, 0x00, 0x03, 0x00, 0x00, 0x00, 0x00,
  0xb7, 0x38, 0x03, 0x8b, 0xa2, 0x35, 0x00, 0xff, 0x76, 0x0f, 0x00, 0xf6,
  0xb0, 0x23, 0x01, 0xfd, 0xf3, 0xa5, 0x0c, 0xfd, 0xfb, 0xe2, 0x67, 0xfd,
  0xfd, 0xe5, 0x7d, 0xfd, 0xf3, 0xa8, 0x14, 0xfd, 0xbd, 0x27, 0x01, 0xfc,
  0x7f, 0x0c, 0x01, 0xf6, 0x9e, 0x32, 0x00, 0xff, 0xb0, 0x33, 0x01, 0xa9,
  0x00, 0x00, 0x00, 0x00, 0xaa, 0x55, 0x00, 0x03, 0x00, 0x00, 0x00, 0x00,
  0x00, 0x00, 0x00, 0x00, 0x00, 0x00, 0x00, 0x00, 0x00, 0x00, 0x00, 0x00,
  0x00, 0x00, 0x00, 0x00, 0x00, 0x00, 0x00, 0x00, 0x00, 0x00, 0x00, 0x00,
  0x00, 0x00, 0x00, 0x00, 0x00, 0x00, 0x00, 0x00, 0x00, 0x00, 0x00, 0x00,
  0x00, 0x00, 0x00, 0x00, 0x00, 0x00, 0x00, 0x00, 0x00, 0x00, 0x00, 0x00,
  0x00, 0x00, 0x00, 0x00, 0x00, 0x00, 0x00, 0x00, 0x00, 0x00, 0x00, 0x00,
  0x00, 0x00, 0x00, 0x00, 0x00, 0x00, 0x00, 0x00, 0x00, 0x00, 0x00, 0x00,
  0x00, 0x00, 0x00, 0x00, 0x00, 0x00, 0x00, 0x00, 0x00, 0x00, 0x00, 0x00,
  0x00, 0x00, 0x00, 0x00, 0x00, 0x00, 0x00, 0x00, 0x00, 0x00, 0x00, 0x00,
  0x00, 0x00, 0x00, 0x00, 0x00, 0x00, 0x00, 0x00, 0x00, 0x00, 0x00, 0x00,
  0x00, 0x00, 0x00, 0x00, 0x00, 0x00, 0x00, 0x00, 0x00, 0x00, 0x00, 0x00,
  0x00, 0x00, 0x00, 0x00, 0x00, 0x00, 0x00, 0x00, 0x00, 0x00, 0x00, 0x00,
  0x00, 0x00, 0x00, 0x00, 0x00, 0x00, 0x00, 0x00, 0x00, 0x00, 0x00, 0x00,
  0x00, 0x00, 0x00, 0x00, 0x00, 0x00, 0x00, 0x00, 0x00, 0x00, 0x00, 0x00,
  0x00, 0x00, 0x00, 0x00, 0x00, 0x00, 0x00, 0x00, 0x00, 0x00, 0x00, 0x00,
  0x00, 0x00, 0x00, 0x00, 0x00, 0x00, 0x00, 0x00, 0x00, 0x00, 0x00, 0x00,
  0x00, 0x00, 0x00, 0x00, 0x00, 0x00, 0x00, 0x00, 0x00, 0x00, 0x00, 0x00,
  0x00, 0x00, 0x00, 0x00, 0x00, 0x00, 0x00, 0x00, 0x00, 0x00, 0x00, 0x00,
  0x00, 0x00, 0x00, 0x00, 0x00, 0x00, 0x00, 0x00, 0x00, 0x00, 0x00, 0x00,
  0x00, 0x00, 0x00, 0x00, 0x00, 0x00, 0x00, 0x00, 0x00, 0x00, 0x00, 0x00,
  0x00, 0x00, 0x00, 0x00, 0x00, 0x00, 0x00, 0x00, 0x00, 0x00, 0x00, 0x00,
  0x00, 0x00, 0x00, 0x00, 0x00, 0x00, 0x00, 0x00, 0x00, 0x00, 0x00, 0x00,
  0x00, 0x00, 0x00, 0x00, 0x00, 0x00, 0x00, 0x00, 0x00, 0x00, 0x00, 0x00,
  0x00, 0x00, 0x00, 0x00, 0x00, 0x00, 0x00, 0x00, 0x00, 0x00, 0x00, 0x00,
  0x00, 0x00, 0x00, 0x00, 0x00, 0x00, 0x00, 0x00, 0x00, 0x00, 0x00, 0x00,
  0x00, 0x00, 0x00, 0x00, 0x00, 0x00, 0x00, 0x00, 0x00, 0x00, 0x00, 0x00,
  0x00, 0x00, 0x00, 0x00, 0x00, 0x00, 0x00, 0x00, 0x00, 0x00, 0x00, 0x00,
  0x00, 0x00, 0x00, 0x00, 0x00, 0x00, 0x00, 0x00, 0x00, 0x00, 0x00, 0x00,
  0x00, 0x00, 0x00, 0x00, 0x00, 0x00, 0x00, 0x00, 0x00, 0x00, 0x00, 0x00,
  0x00, 0x00, 0x00, 0x00, 0x00, 0x00, 0x00, 0x00, 0x00, 0x00, 0x00, 0x00,
  0x00, 0x00, 0x00, 0x00, 0x00, 0x00, 0x00, 0x00, 0x00, 0x00, 0x00, 0x00,
  0x00, 0x00, 0x00, 0x00, 0x00, 0x00, 0x00, 0x00, 0x00, 0x00, 0x00, 0x00,
  0x00, 0x00, 0x00, 0x00, 0x00, 0x00, 0x00, 0x00, 0xff, 0x00, 0x00, 0x01,
  0xff, 0x7f, 0x00, 0x02, 0xaa, 0x38, 0x1c, 0x09, 0xc3, 0x47, 0x02, 0xc0,
  0xb7, 0x42, 0x01, 0xff, 0x91, 0x1d, 0x00, 0xf9, 0xc3, 0x15, 0x00, 0xf9,
  0xee, 0x3f, 0x00, 0xfa, 0xed, 0x42, 0x00, 0xfa, 0xd0, 0x1f, 0x00, 0xf9,
  0xa0, 0x19, 0x00, 0xf9, 0xb2, 0x3e, 0x01, 0xff, 0xbd, 0x42, 0x02, 0xd3,
  0x9b, 0x2c, 0x00, 0x17, 0x7f, 0x7f, 0x00, 0x02, 0x7f, 0x00, 0x00, 0x02,
  0x00, 0x00, 0x00, 0x00, 0x00, 0x00, 0x00, 0x00, 0x00, 0x00, 0x00, 0x00,
  0x00, 0x00, 0x00, 0x00, 0x00, 0x00, 0x00, 0x00, 0x00, 0x00, 0x00, 0x00,
  0x00, 0x00, 0x00, 0x00, 0x00, 0x00, 0x00, 0x00, 0x00, 0x00, 0x00, 0x00,
  0x00, 0x00, 0x00, 0x00, 0x00, 0x00, 0x00, 0x00, 0x00, 0x00, 0x00, 0x00,
  0x00, 0x00, 0x00, 0x00, 0x00, 0x00, 0x00, 0x00, 0x00, 0x00, 0x00, 0x00,
  0x00, 0x00, 0x00, 0x00, 0x00, 0x00, 0x00, 0x00, 0x00, 0x00, 0x00, 0x00,
  0x00, 0x00, 0x00, 0x00, 0x00, 0x00, 0x00, 0x00, 0x00, 0x00, 0x00, 0x00,
  0x00, 0x00, 0x00, 0x00, 0x00, 0x00, 0x00, 0x00, 0x00, 0x00, 0x00, 0x00,
  0x00, 0x00, 0x00, 0x00, 0x00, 0x00, 0x00, 0x00, 0x00, 0x00, 0x00, 0x00,
  0x00, 0x00, 0x00, 0x00, 0x00, 0x00, 0x00, 0x00, 0x00, 0x00, 0x00, 0x00,
  0x00, 0x00, 0x00, 0x00, 0x00, 0x00, 0x00, 0x00, 0x00, 0x00, 0x00, 0x00,
  0x00, 0x00, 0x00, 0x00, 0x00, 0x00, 0x00, 0x00, 0x00, 0x00, 0x00, 0x00,
  0x00, 0x00, 0x00, 0x00, 0x00, 0x00, 0x00, 0x00, 0x00, 0x00, 0x00, 0x00,
  0x00, 0x00, 0x00, 0x00, 0x00, 0x00, 0x00, 0x00, 0x00, 0x00, 0x00, 0x00,
  0x00, 0x00, 0x00, 0x00, 0x00, 0x00, 0x00, 0x00, 0x00, 0x00, 0x00, 0x00,
  0x00, 0x00, 0x00, 0x00, 0x00, 0x00, 0x00, 0x00, 0x00, 0x00, 0x00, 0x00,
  0x00, 0x00, 0x00, 0x00, 0x00, 0x00, 0x00, 0x00, 0x00, 0x00, 0x00, 0x00,
  0x00, 0x00, 0x00, 0x00, 0x00, 0x00, 0x00, 0x00, 0x00, 0x00, 0x00, 0x00,
  0x00, 0x00, 0x00, 0x00, 0x00, 0x00, 0x00, 0x00, 0x00, 0x00, 0x00, 0x00,
  0x00, 0x00, 0x00, 0x00, 0x00, 0x00, 0x00, 0x00, 0x00, 0x00, 0x00, 0x00,
  0x00, 0x00, 0x00, 0x00, 0x00, 0x00, 0x00, 0x00, 0x00, 0x00, 0x00, 0x00,
  0x00, 0x00, 0x00, 0x00, 0x00, 0x00, 0x00, 0x00, 0x00, 0x00, 0x00, 0x00,
  0x00, 0x00, 0x00, 0x00, 0x00, 0x00, 0x00, 0x00, 0x00, 0x00, 0x00, 0x00,
  0x00, 0x00, 0x00, 0x00, 0x00, 0x00, 0x00, 0x00, 0x00, 0x00, 0x00, 0x00,
  0x00, 0x00, 0x00, 0x00, 0x00, 0x00, 0x00, 0x00, 0x00, 0x00, 0x00, 0x00,
  0x00, 0x00, 0x00, 0x00, 0x00, 0x00, 0x00, 0x00, 0x00, 0x00, 0x00, 0x00,
  0x00, 0x00, 0x00, 0x00, 0x00, 0x00, 0x00, 0x00, 0x00, 0x00, 0x00, 0x00,
  0x00, 0x00, 0x00, 0x00, 0x00, 0x00, 0x00, 0x00, 0x00, 0x00, 0x00, 0x00,
  0x00, 0x00, 0x00, 0x00, 0x00, 0x00, 0x00, 0x00, 0x00, 0x00, 0x00, 0x00,
  0x00, 0x00, 0x00, 0x00, 0x00, 0x00, 0x00, 0x00, 0x00, 0x00, 0x00, 0x00,
  0x00, 0x00, 0x00, 0x00, 0x00, 0x00, 0x00, 0x00, 0x00, 0x00, 0x00, 0x00,
  0x00, 0x00, 0x00, 0x00, 0x00, 0x00, 0x00, 0x00, 0x00, 0x00, 0x00, 0x00,
  0x00, 0x00, 0x00, 0x00, 0xff, 0x00, 0x00, 0x01, 0x00, 0x00, 0x00, 0x00,
  0x7f, 0x36, 0x12, 0x0e, 0xc0, 0x4c, 0x06, 0xa6, 0xbc, 0x53, 0x05, 0xff,
  0xbe, 0x51, 0x07, 0xff, 0xc4, 0x45, 0x06, 0xff, 0xc2, 0x47, 0x05, 0xff,
  0xc5, 0x52, 0x06, 0xff, 0xc1, 0x52, 0x06, 0xff, 0xc2, 0x4d, 0x04, 0xb1,
  0x96, 0x2e, 0x0b, 0x16, 0x00, 0x00, 0x00, 0x00, 0x7f, 0x00, 0x00, 0x02,
  0x00, 0x00, 0x00, 0x00, 0x00, 0x00, 0x00, 0x00, 0x00, 0x00, 0x00, 0x00,
  0x00, 0x00, 0x00, 0x00, 0x00, 0x00, 0x00, 0x00, 0x00, 0x00, 0x00, 0x00,
  0x00, 0x00, 0x00, 0x00, 0x00, 0x00, 0x00, 0x00, 0x00, 0x00, 0x00, 0x00,
  0x00, 0x00, 0x00, 0x00, 0x00, 0x00, 0x00, 0x00, 0x00, 0x00, 0x00, 0x00,
  0x00, 0x00, 0x00, 0x00, 0x00, 0x00, 0x00, 0x00, 0x00, 0x00, 0x00, 0x00,
  0x00, 0x00, 0x00, 0x00, 0x00, 0x00, 0x00, 0x00, 0x00, 0x00, 0x00, 0x00,
  0x00, 0x00, 0x00, 0x00, 0x00, 0x00, 0x00, 0x00, 0x00, 0x00, 0x00, 0x00,
  0x00, 0x00, 0x00, 0x00, 0x00, 0x00, 0x00, 0x00, 0x00, 0x00, 0x00, 0x00,
  0x00, 0x00, 0x00, 0x00, 0x00, 0x00, 0x00, 0x00, 0x00, 0x00, 0x00, 0x00,
  0x00, 0x00, 0x00, 0x00, 0x00, 0x00, 0x00, 0x00, 0x00, 0x00, 0x00, 0x00,
  0x00, 0x00, 0x00, 0x00, 0x00, 0x00, 0x00, 0x00, 0x00, 0x00, 0x00, 0x00,
  0x00, 0x00, 0x00, 0x00, 0x00, 0x00, 0x00, 0x00, 0x00, 0x00, 0x00, 0x00,
  0x00, 0x00, 0x00, 0x00, 0x00, 0x00, 0x00, 0x00, 0x00, 0x00, 0x00, 0x00,
  0x00, 0x00, 0x00, 0x00, 0x00, 0x00, 0x00, 0x00, 0x00, 0x00, 0x00, 0x00,
  0x00, 0x00, 0x00, 0x00, 0x00, 0x00, 0x00, 0x00, 0x00, 0x00, 0x00, 0x00,
  0x00, 0x00, 0x00, 0x00, 0x00, 0x00, 0x00, 0x00, 0x00, 0x00, 0x00, 0x00,
  0x00, 0x00, 0x00, 0x00, 0x00, 0x00, 0x00, 0x00, 0x00, 0x00, 0x00, 0x00,
  0x00, 0x00, 0x00, 0x00, 0x00, 0x00, 0x00, 0x00, 0x00, 0x00, 0x00, 0x00,
  0x00, 0x00, 0x00, 0x00, 0x00, 0x00, 0x00, 0x00, 0x00, 0x00, 0x00, 0x00,
  0x00, 0x00, 0x00, 0x00, 0x00, 0x00, 0x00, 0x00, 0x00, 0x00, 0x00, 0x00,
  0x00, 0x00, 0x00, 0x00, 0x00, 0x00, 0x00, 0x00, 0x00, 0x00, 0x00, 0x00,
  0x00, 0x00, 0x00, 0x00, 0x00, 0x00, 0x00, 0x00, 0x00, 0x00, 0x00, 0x00,
  0x00, 0x00, 0x00, 0x00, 0x00, 0x00, 0x00, 0x00, 0x00, 0x00, 0x00, 0x00,
  0x00, 0x00, 0x00, 0x00, 0x00, 0x00, 0x00, 0x00, 0x00, 0x00, 0x00, 0x00,
  0x00, 0x00, 0x00, 0x00, 0x00, 0x00, 0x00, 0x00, 0x00, 0x00, 0x00, 0x00,
  0x00, 0x00, 0x00, 0x00, 0x00, 0x00, 0x00, 0x00, 0x00, 0x00, 0x00, 0x00,
  0x00, 0x00, 0x00, 0x00, 0x00, 0x00, 0x00, 0x00, 0x00, 0x00, 0x00, 0x00,
  0x00, 0x00, 0x00, 0x00, 0x00, 0x00, 0x00, 0x00, 0x00, 0x00, 0x00, 0x00,
  0x00, 0x00, 0x00, 0x00, 0x00, 0x00, 0x00, 0x00, 0x00, 0x00, 0x00, 0x00,
  0x00, 0x00, 0x00, 0x00, 0x00, 0x00, 0x00, 0x00, 0x00, 0x00, 0x00, 0x00,
  0x00, 0x00, 0x00, 0x00, 0x00, 0x00, 0x00, 0x00, 0x00, 0x00, 0x00, 0x00,
  0x00, 0x00, 0x00, 0x00, 0x00, 0x00, 0x00, 0x00, 0x00, 0x00, 0x00, 0x00,
  0x00, 0x00, 0x00, 0x00, 0x00, 0x00, 0x00, 0x00, 0x00, 0x00, 0x00, 0x00,
  0xff, 0x00, 0x00, 0x01, 0x00, 0x00, 0x00, 0x00, 0x00, 0x00, 0x00, 0x00,
  0xb6, 0x4c, 0x08, 0x3c, 0xc8, 0x63, 0x10, 0x8d, 0xbf, 0x63, 0x11, 0xb4,
  0xc2, 0x66, 0x11, 0xb4, 0xc3, 0x63, 0x0c, 0x8d, 0xb4, 0x46, 0x07, 0x41,
  0x00, 0x00, 0x00, 0x00, 0x00, 0x00, 0x00, 0x00, 0x7f, 0x00, 0x00, 0x02,
  0x00, 0x00, 0x00, 0x00, 0x00, 0x00, 0x00, 0x00, 0x00, 0x00, 0x00, 0x00,
  0x00, 0x00, 0x00, 0x00, 0x00, 0x00, 0x00, 0x00, 0x00, 0x00, 0x00, 0x00,
  0x00, 0x00, 0x00, 0x00, 0x00, 0x00, 0x00, 0x00, 0x00, 0x00, 0x00, 0x00,
  0x00, 0x00, 0x00, 0x00, 0x00, 0x00, 0x00, 0x00, 0x00, 0x00, 0x00, 0x00,
  0x00, 0x00, 0x00, 0x00, 0x00, 0x00, 0x00, 0x00, 0x00, 0x00, 0x00, 0x00,
  0x00, 0x00, 0x00, 0x00, 0x00, 0x00, 0x00, 0x00, 0x00, 0x00, 0x00, 0x00,
  0x00, 0x00, 0x00, 0x00, 0x00, 0x00, 0x00, 0x00, 0x00, 0x00, 0x00, 0x00,
  0x00, 0x00, 0x00, 0x00, 0x00, 0x00, 0x00, 0x00, 0x00, 0x00, 0x00, 0x00,
  0x00, 0x00, 0x00, 0x00, 0x00, 0x00, 0x00, 0x00, 0x00, 0x00, 0x00, 0x00,
  0x00, 0x00, 0x00, 0x00, 0x00, 0x00, 0x00, 0x00, 0x00, 0x00, 0x00, 0x00,
  0x00, 0x00, 0x00, 0x00, 0x00, 0x00, 0x00, 0x00, 0x00, 0x00, 0x00, 0x00,
  0x00, 0x00, 0x00, 0x00, 0x00, 0x00, 0x00, 0x00, 0x00, 0x00, 0x00, 0x00,
  0x00, 0x00, 0x00, 0x00, 0x00, 0x00, 0x00, 0x00, 0x00, 0x00, 0x00, 0x00,
  0x00, 0x00, 0x00, 0x00, 0x00, 0x00, 0x00, 0x00, 0x00, 0x00, 0x00, 0x00,
  0x00, 0x00, 0x00, 0x00, 0x00, 0x00, 0x00, 0x00, 0x00, 0x00, 0x00, 0x00,
  0x00, 0x00, 0x00, 0x00, 0x00, 0x00, 0x00, 0x00, 0x00, 0x00, 0x00, 0x00,
  0x00, 0x00, 0x00, 0x00, 0x00, 0x00, 0x00, 0x00, 0x00, 0x00, 0x00, 0x00,
  0x00, 0x00, 0x00, 0x00, 0x00, 0x00, 0x00, 0x00, 0x00, 0x00, 0x00, 0x00,
  0x00, 0x00, 0x00, 0x00, 0x00, 0x00, 0x00, 0x00, 0x00, 0x00, 0x00, 0x00,
  0x00, 0x00, 0x00, 0x00, 0x00, 0x00, 0x00, 0x00, 0x00, 0x00, 0x00, 0x00,
  0x00, 0x00, 0x00, 0x00, 0x00, 0x00, 0x00, 0x00, 0x00, 0x00, 0x00, 0x00,
  0x00, 0x00, 0x00, 0x00, 0x00, 0x00, 0x00, 0x00, 0x00, 0x00, 0x00, 0x00,
  0x00, 0x00, 0x00, 0x00, 0x00, 0x00, 0x00, 0x00, 0x00, 0x00, 0x00, 0x00,
  0x00, 0x00, 0x00, 0x00, 0x00, 0x00, 0x00, 0x00, 0x00, 0x00, 0x00, 0x00,
  0x00, 0x00, 0x00, 0x00, 0x00, 0x00, 0x00, 0x00, 0x00, 0x00, 0x00, 0x00,
  0x00, 0x00, 0x00, 0x00, 0x00, 0x00, 0x00, 0x00, 0x00, 0x00, 0x00, 0x00,
  0x00, 0x00, 0x00, 0x00, 0x00, 0x00, 0x00, 0x00, 0x00, 0x00, 0x00, 0x00,
  0x00, 0x00, 0x00, 0x00, 0x00, 0x00, 0x00, 0x00, 0x00, 0x00, 0x00, 0x00,
  0x00, 0x00, 0x00, 0x00, 0x00, 0x00, 0x00, 0x00, 0x00, 0x00, 0x00, 0x00,
  0x00, 0x00, 0x00, 0x00, 0x00, 0x00, 0x00, 0x00, 0x00, 0x00, 0x00, 0x00,
  0x00, 0x00, 0x00, 0x00, 0x00, 0x00, 0x00, 0x00, 0x00, 0x00, 0x00, 0x00,
  0x00, 0x00, 0x00, 0x00, 0x00, 0x00, 0x00, 0x00, 0x00, 0x00, 0x00, 0x00,
  0x00, 0x00, 0x00, 0x00, 0x00, 0x00, 0x00, 0x00, 0x00, 0x00, 0x00, 0x00,
  0x00, 0x00, 0x00, 0x00, 0x00, 0x00, 0x00, 0x00, 0xff, 0x00, 0x00, 0x01,
  0xff, 0x7f, 0x00, 0x02, 0x00, 0x00, 0x00, 0x00, 0x00, 0x00, 0x00, 0x00,
  0x00, 0x00, 0x00, 0x00, 0x00, 0x00, 0x00, 0x00, 0x00, 0x00, 0x00, 0x00,
  0x00, 0x00, 0x00, 0x00, 0xff, 0xff, 0x00, 0x01, 0xff, 0x00, 0x00, 0x01,
  0x00, 0x00, 0x00, 0x00, 0x00, 0x00, 0x00, 0x00, 0x00, 0x00, 0x00, 0x00,
  0x00, 0x00, 0x00, 0x00, 0x00, 0x00, 0x00, 0x00, 0x00, 0x00, 0x00, 0x00,
  0x00, 0x00, 0x00, 0x00, 0x00, 0x00, 0x00, 0x00, 0x00, 0x00, 0x00, 0x00,
  0x00, 0x00, 0x00, 0x00, 0x00, 0x00, 0x00, 0x00, 0x00, 0x00, 0x00, 0x00,
  0x00, 0x00, 0x00, 0x00, 0x00, 0x00, 0x00, 0x00, 0x00, 0x00, 0x00, 0x00,
  0x00, 0x00, 0x00, 0x00, 0x00, 0x00, 0x00, 0x00, 0x00, 0x00, 0x00, 0x00,
  0x00, 0x00, 0x00, 0x00, 0x00, 0x00, 0x00, 0x00, 0x00, 0x00, 0x00, 0x00,
  0x00, 0x00, 0x00, 0x00, 0x00, 0x00, 0x00, 0x00, 0x00, 0x00, 0x00, 0x00,
  0x00, 0x00, 0x00, 0x00, 0x00, 0x00, 0x00, 0x00, 0x00, 0x00, 0x00, 0x00,
  0x00, 0x00, 0x00, 0x00, 0x00, 0x00, 0x00, 0x00, 0x00, 0x00, 0x00, 0x00,
  0x00, 0x00, 0x00, 0x00, 0x00, 0x00, 0x00, 0x00, 0x00, 0x00, 0x00, 0x00,
  0x00, 0x00, 0x00, 0x00, 0x00, 0x00, 0x00, 0x00, 0x00, 0x00, 0x00, 0x00,
  0x00, 0x00, 0x00, 0x00, 0x00, 0x00, 0x00, 0x00, 0x00, 0x00, 0x00, 0x00,
  0x00, 0x00, 0x00, 0x00, 0x00, 0x00, 0x00, 0x00, 0x00, 0x00, 0x00, 0x00,
  0x00, 0x00, 0x00, 0x00, 0x00, 0x00, 0x00, 0x00, 0x00, 0x00, 0x00, 0x00,
  0x00, 0x00, 0x00, 0x00, 0x00, 0x00, 0x00, 0x00, 0x00, 0x00, 0x00, 0x00,
  0x00, 0x00, 0x00, 0x00, 0x00, 0x00, 0x00, 0x00, 0x00, 0x00, 0x00, 0x00,
  0x00, 0x00, 0x00, 0x00, 0x00, 0x00, 0x00, 0x00, 0x00, 0x00, 0x00, 0x00,
  0x00, 0x00, 0x00, 0x00, 0x00, 0x00, 0x00, 0x00, 0x00, 0x00, 0x00, 0x00,
  0x00, 0x00, 0x00, 0x00, 0x00, 0x00, 0x00, 0x00, 0x00, 0x00, 0x00, 0x00,
  0x00, 0x00, 0x00, 0x00, 0x00, 0x00, 0x00, 0x00, 0x00, 0x00, 0x00, 0x00,
  0x00, 0x00, 0x00, 0x00, 0x00, 0x00, 0x00, 0x00, 0x00, 0x00, 0x00, 0x00,
  0x00, 0x00, 0x00, 0x00, 0x00, 0x00, 0x00, 0x00, 0x00, 0x00, 0x00, 0x00,
  0x00, 0x00, 0x00, 0x00, 0x00, 0x00, 0x00, 0x00, 0x00, 0x00, 0x00, 0x00,
  0x00, 0x00, 0x00, 0x00, 0x00, 0x00, 0x00, 0x00, 0x00, 0x00, 0x00, 0x00,
  0x00, 0x00, 0x00, 0x00, 0x00, 0x00, 0x00, 0x00, 0x00, 0x00, 0x00, 0x00,
  0x00, 0x00, 0x00, 0x00, 0x00, 0x00, 0x00, 0x00, 0x00, 0x00, 0x00, 0x00,
  0x00, 0x00, 0x00, 0x00, 0x00, 0x00, 0x00, 0x00, 0x00, 0x00, 0x00, 0x00,
  0x00, 0x00, 0x00, 0x00, 0x00, 0x00, 0x00, 0x00, 0x00, 0x00, 0x00, 0x00,
  0x00, 0x00, 0x00, 0x00, 0x00, 0x00, 0x00, 0x00, 0x00, 0x00, 0x00, 0x00,
  0x00, 0x00, 0x00, 0x00, 0x00, 0x00, 0x00, 0x00, 0x00, 0x00, 0x00, 0x00,
  0x00, 0x00, 0x00, 0x00, 0x00, 0x00, 0x00, 0x00, 0x00, 0x00, 0x00, 0x00,
  0x00, 0x00, 0x00, 0x00, 0x00, 0x00, 0x00, 0x00, 0x00, 0x00, 0x00, 0x00,
  0x00, 0x00, 0x00, 0x00, 0x00, 0x00, 0x00, 0x00, 0x00, 0x00, 0x00, 0x00,
  0x00, 0x00, 0x00, 0x00, 0x00, 0x00, 0x00, 0x00, 0xaa, 0x55, 0x00, 0x03,
  0xbf, 0x7f, 0x00, 0x04, 0xff, 0xff, 0x00, 0x02, 0xff, 0xff, 0x00, 0x02,
  0xbf, 0x7f, 0x00, 0x04, 0xaa, 0x55, 0x00, 0x03, 0x00, 0x00, 0x00, 0x00,
  0x00, 0x00, 0x00, 0x00, 0x00, 0x00, 0x00, 0x00, 0x00, 0x00, 0x00, 0x00,
  0x00, 0x00, 0x00, 0x00, 0x00, 0x00, 0x00, 0x00, 0x00, 0x00, 0x00, 0x00,
  0x00, 0x00, 0x00, 0x00, 0x00, 0x00, 0x00, 0x00, 0x00, 0x00, 0x00, 0x00,
  0x00, 0x00, 0x00, 0x00, 0x00, 0x00, 0x00, 0x00, 0x00, 0x00, 0x00, 0x00,
  0x00, 0x00, 0x00, 0x00, 0x00, 0x00, 0x00, 0x00, 0x00, 0x00, 0x00, 0x00,
  0x00, 0x00, 0x00, 0x00, 0x00, 0x00, 0x00, 0x00, 0x00, 0x00, 0x00, 0x00,
  0x00, 0x00, 0x00, 0x00, 0x00, 0x00, 0x00, 0x00, 0x00, 0x00, 0x00, 0x00,
  0x00, 0x00, 0x00, 0x00, 0x00, 0x00, 0x00, 0x00, 0x00, 0x00, 0x00, 0x00,
  0x00, 0x00, 0x00, 0x00, 0x00, 0x00, 0x00, 0x00, 0x00, 0x00, 0x00, 0x00,
  0x00, 0x00, 0x00, 0x00, 0x00, 0x00, 0x00, 0x00, 0x00, 0x00, 0x00, 0x00,
  0x00, 0x00, 0x00, 0x00, 0x00, 0x00, 0x00, 0x00, 0x00, 0x00, 0x00, 0x00,
  0x00, 0x00, 0x00, 0x00, 0x00, 0x00, 0x00, 0x00, 0x00, 0x00, 0x00, 0x00,
  0x00, 0x00, 0x00, 0x00, 0x00, 0x00, 0x00, 0x00, 0x00, 0x00, 0x00, 0x00,
  0x00, 0x00, 0x00, 0x00, 0x00, 0x00, 0x00, 0x00, 0x00, 0x00, 0x00, 0x00,
  0x00, 0x00, 0x00, 0x00, 0x00, 0x00, 0x00, 0x00, 0x00, 0x00, 0x00, 0x00,
  0x00, 0x00, 0x00, 0x00, 0x00, 0x00, 0x00, 0x00, 0x00, 0x00, 0x00, 0x00,
  0x00, 0x00, 0x00, 0x00, 0x00, 0x00, 0x00, 0x00, 0x00, 0x00, 0x00, 0x00,
  0x00, 0x00, 0x00, 0x00, 0x00, 0x00, 0x00, 0x00, 0x00, 0x00, 0x00, 0x00,
  0x00, 0x00, 0x00, 0x00, 0x00, 0x00, 0x00, 0x00, 0x00, 0x00, 0x00, 0x00,
  0x00, 0x00, 0x00, 0x00, 0x00, 0x00, 0x00, 0x00, 0x00, 0x00, 0x00, 0x00,
  0x00, 0x00, 0x00, 0x00, 0x00, 0x00, 0x00, 0x00, 0x00, 0x00, 0x00, 0x00,
  0x00, 0x00, 0x00, 0x00, 0x00, 0x00, 0x00, 0x00, 0x00, 0x00, 0x00, 0x00,
  0x00, 0x00, 0x00, 0x00, 0x00, 0x00, 0x00, 0x00, 0x00, 0x00, 0x00, 0x00,
  0x00, 0x00, 0x00, 0x00, 0x00, 0x00, 0x00, 0x00, 0x00, 0x00, 0x00, 0x00,
  0x00, 0x00, 0x00, 0x00, 0x00, 0x00, 0x00, 0x00, 0x00, 0x00, 0x00, 0x00,
  0x00, 0x00, 0x00, 0x00, 0x00, 0x00, 0x00, 0x00, 0x00, 0x00, 0x00, 0x00,
  0x00, 0x00, 0x00, 0x00, 0x00, 0x00, 0x00, 0x00, 0x00, 0x00, 0x00, 0x00,
  0x00, 0x00, 0x00, 0x00, 0x00, 0x00, 0x00, 0x00, 0x00, 0x00, 0x00, 0x00,
  0x00, 0x00, 0x00, 0x00, 0x00, 0x00, 0x00, 0x00, 0x00, 0x00, 0x00, 0x00,
  0x00, 0x00, 0x00, 0x00, 0x00, 0x00, 0x00, 0x00, 0x00, 0x00, 0x00, 0x00,
  0x00, 0x00, 0x00, 0x00, 0x00, 0x00, 0x00, 0x00, 0x00, 0x00, 0x00, 0x00,
  0x00, 0x00, 0x00, 0x00, 0x00, 0x00, 0x00, 0x00, 0x00, 0x00, 0x00, 0x00,
  0x00, 0x00, 0x00, 0x00, 0x00, 0x00, 0x00, 0x00, 0x00, 0x00, 0x00, 0x00,
  0x00, 0x00, 0x00, 0x00, 0x00, 0x00, 0x00, 0x00, 0x00, 0x00, 0x00, 0x00,
  0x00, 0x00, 0x00, 0x00, 0x00, 0x00, 0x00, 0x00, 0x00, 0x00, 0x00, 0x00,
  0x00, 0x00, 0x00, 0x00, 0x00, 0x00, 0x00, 0x00, 0x00, 0x00, 0x00, 0x00,
  0x00, 0x00, 0x00, 0x00, 0x00, 0x00, 0x00, 0x00, 0x00, 0x00, 0x00, 0x00,
  0x00, 0x00, 0x00, 0x00, 0x00, 0x00, 0x00, 0x00, 0x00, 0x00, 0x00, 0x00,
  0x00, 0x00, 0x00, 0x00, 0x00, 0x00, 0x00, 0x00, 0x00, 0x00, 0x00, 0x00,
  0x00, 0x00, 0x00, 0x00, 0x00, 0x00, 0x00, 0x00, 0x00, 0x00, 0x00, 0x00,
  0x00, 0x00, 0x00, 0x00, 0x00, 0x00, 0x00, 0x00, 0x00, 0x00, 0x00, 0x00,
  0x00, 0x00, 0x00, 0x00, 0x00, 0x00, 0x00, 0x00, 0x00, 0x00, 0x00, 0x00,
  0x00, 0x00, 0x00, 0x00, 0x00, 0x00, 0x00, 0x00, 0x00, 0x00, 0x00, 0x00,
  0x00, 0x00, 0x00, 0x00, 0x00, 0x00, 0x00, 0x00, 0x00, 0x00, 0x00, 0x00,
  0x00, 0x00, 0x00, 0x00, 0x00, 0x00, 0x00, 0x00, 0x00, 0x00, 0x00, 0x00,
  0x00, 0x00, 0x00, 0x00, 0x00, 0x00, 0x00, 0x00, 0x00, 0x00, 0x00, 0x00,
  0x00, 0x00, 0x00, 0x00, 0x00, 0x00, 0x00, 0x00, 0x00, 0x00, 0x00, 0x00,
  0x00, 0x00, 0x00, 0x00, 0x00, 0x00, 0x00, 0x00, 0x00, 0x00, 0x00, 0x00,
  0x00, 0x00, 0x00, 0x00, 0x00, 0x00, 0x00, 0x00, 0x00, 0x00, 0x00, 0x00,
  0x00, 0x00, 0x00, 0x00, 0x00, 0x00, 0x00, 0x00, 0x00, 0x00, 0x00, 0x00,
  0x00, 0x00, 0x00, 0x00, 0x00, 0x00, 0x00, 0x00, 0x00, 0x00, 0x00, 0x00,
  0x00, 0x00, 0x00, 0x00, 0x00, 0x00, 0x00, 0x00, 0x00, 0x00, 0x00, 0x00,
  0x00, 0x00, 0x00, 0x00, 0x00, 0x00, 0x00, 0x00, 0x00, 0x00, 0x00, 0x00,
  0x00, 0x00, 0x00, 0x00, 0x00, 0x00, 0x00, 0x00, 0x00, 0x00, 0x00, 0x00,
  0x00, 0x00, 0x00, 0x00, 0x00, 0x00, 0x00, 0x00, 0x00, 0x00, 0x00, 0x00,
  0x00, 0x00, 0x00, 0x00, 0x00, 0x00, 0x00, 0x00, 0x00, 0x00, 0x00, 0x00,
  0x00, 0x00, 0x00, 0x00, 0x00, 0x00, 0x00, 0x00, 0x00, 0x00, 0x00, 0x00,
  0x00, 0x00, 0x00, 0x00, 0x00, 0x00, 0x00, 0x00, 0x00, 0x00, 0x00, 0x00,
  0x00, 0x00, 0x00, 0x00, 0x00, 0x00, 0x00, 0x00, 0x00, 0x00, 0x00, 0x00,
  0x00, 0x00, 0x00, 0x00, 0x00, 0x00, 0x00, 0x00, 0x00, 0x00, 0x00, 0x00,
  0x00, 0x00, 0x00, 0x00, 0x00, 0x00, 0x00, 0x00, 0x00, 0x00, 0x00, 0x00,
  0x00, 0x00, 0x00, 0x00, 0x00, 0x00, 0x00, 0x00, 0x00, 0x00, 0x00, 0x00,
  0x00, 0x00, 0x00, 0x00, 0x00, 0x00, 0x00, 0x00, 0x00, 0x00, 0x00, 0x00,
  0x00, 0x00, 0x00, 0x00, 0x00, 0x00, 0x00, 0x00, 0x00, 0x00, 0x00, 0x00,
  0x00, 0x00, 0x00, 0x00, 0x00, 0x00, 0x00, 0x00, 0x00, 0x00, 0x00, 0x00,
  0x00, 0x00, 0x00, 0x00, 0x00, 0x00, 0x00, 0x00, 0x00, 0x00, 0x00, 0x00,
  0x00, 0x00, 0x00, 0x00, 0x00, 0x00, 0x00, 0x00, 0x00, 0x00, 0x00, 0x00,
  0x00, 0x00, 0x00, 0x00, 0x00, 0x00, 0x00, 0x00, 0x00, 0x00, 0x00, 0x00,
  0x00, 0x00, 0x00, 0x00, 0x00, 0x00, 0x00, 0x00, 0x00, 0x00, 0x00, 0x00,
  0x00, 0x00, 0x00, 0x00, 0x00, 0x00, 0x00, 0x00, 0x00, 0x00, 0x00, 0x00,
  0x00, 0x00, 0x00, 0x00, 0x00, 0x00, 0x00, 0x00, 0x00, 0x00, 0x00, 0x00,
  0x00, 0x00, 0x00, 0x00, 0x00, 0x00, 0x00, 0x00, 0x00, 0x00, 0x00, 0x00,
  0x00, 0x00, 0x00, 0x00, 0x00, 0x00, 0x00, 0x00, 0x00, 0x00, 0x00, 0x00,
  0x00, 0x00, 0x00, 0x00, 0x00, 0x00, 0x00, 0x00, 0x00, 0x00, 0x00, 0x00,
  0x00, 0x00, 0x00, 0x00, 0x00, 0x00, 0x00, 0x00, 0x00, 0x00, 0x00, 0x00,
  0x00, 0x00, 0x00, 0x00, 0x00, 0x00, 0x00, 0x00, 0x00, 0x00, 0x00, 0x00,
  0x00, 0x00, 0x00, 0x00, 0x00, 0x00, 0x00, 0x00, 0x00, 0x00, 0x00, 0x00,
  0x00, 0x00, 0x00, 0x00, 0x00, 0x00, 0x00, 0x00, 0x00, 0x00, 0x00, 0x00,
  0x00, 0x00, 0x00, 0x00, 0x00, 0x00, 0x00, 0x00, 0x00, 0x00, 0x00, 0x00,
  0x00, 0x00, 0x00, 0x00, 0x00, 0x00, 0x00, 0x00, 0x00, 0x00, 0x00, 0x00,
  0x00, 0x00, 0x00, 0x00, 0x00, 0x00, 0x00, 0x00, 0x00, 0x00, 0x00, 0x00,
  0x00, 0x00, 0x00, 0x00, 0x00, 0x00, 0x00, 0x00, 0x00, 0x00, 0x00, 0x00,
  0x00, 0x00, 0x00, 0x00, 0x00, 0x00, 0x00, 0x00, 0x00, 0x00, 0x00, 0x00,
  0x00, 0x00, 0x00, 0x00, 0x00, 0x00, 0x00, 0x00, 0x00, 0x00, 0x00, 0x00,
  0x00, 0x00, 0x00, 0x00, 0x00, 0x00, 0x00, 0x00, 0x00, 0x00, 0x00, 0x00,
  0x00, 0x00, 0x00, 0x00, 0x00, 0x00, 0x00, 0x00, 0x00, 0x00, 0x00, 0x00,
  0x00, 0x00, 0x00, 0x00, 0x00, 0x00, 0x00, 0x00, 0x00, 0x00, 0x00, 0x00,
  0x00, 0x00, 0x00, 0x00, 0x00, 0x00, 0x00, 0x00, 0x00, 0x00, 0x00, 0x00,
  0x00, 0x00, 0x00, 0x00, 0x00, 0x00, 0x00, 0x00, 0x00, 0x00, 0x00, 0x00,
  0x00, 0x00, 0x00, 0x00, 0x00, 0x00, 0x00, 0x00, 0x00, 0x00, 0x00, 0x00,
  0x00, 0x00, 0x00, 0x00, 0x00, 0x00, 0x00, 0x00, 0x00, 0x00, 0x00, 0x00,
  0x00, 0x00, 0x00, 0x00, 0x00, 0x00, 0x00, 0x00, 0x00, 0x00, 0x00, 0x00,
  0x00, 0x00, 0x00, 0x00, 0x00, 0x00, 0x00, 0x00, 0x00, 0x00, 0x00, 0x00,
  0x00, 0x00, 0x00, 0x00, 0x00, 0x00, 0x00, 0x00, 0x00, 0x00, 0x00, 0x00,
  0x00, 0x00, 0x00, 0x00, 0x00, 0x00, 0x00, 0x00, 0x00, 0x00, 0x00, 0x00,
  0x00, 0x00, 0x00, 0x00, 0x00, 0x00, 0x00, 0x00, 0x00, 0x00, 0x00, 0x00,
  0x00, 0x00, 0x00, 0x00, 0x00, 0x00, 0x00, 0x00, 0x00, 0x00, 0x00, 0x00,
  0x00, 0x00, 0x00, 0x00, 0x00, 0x00, 0x00, 0x00, 0x00, 0x00, 0x00, 0x00,
  0x00, 0x00, 0x00, 0x00, 0x00, 0x00, 0x00, 0x00, 0x00, 0x00, 0x00, 0x00,
  0x00, 0x00, 0x00, 0x00, 0x00, 0x00, 0x00, 0x00, 0x00, 0x00, 0x00, 0x00,
  0x00, 0x00, 0x00, 0x00, 0x00, 0x00, 0x00, 0x00, 0x00, 0x00, 0x00, 0x00,
  0x00, 0x00, 0x00, 0x00, 0x00, 0x00, 0x00, 0x00, 0x00, 0x00, 0x00, 0x00,
  0x00, 0x00, 0x00, 0x00, 0x00, 0x00, 0x00, 0x00, 0x00, 0x00, 0x00, 0x00,
  0x00, 0x00, 0x00, 0x00, 0x00, 0x00, 0x00, 0x00, 0x00, 0x00, 0x00, 0x00,
  0x00, 0x00, 0x00, 0x00, 0x00, 0x00, 0x00, 0x00, 0x00, 0x00, 0x00, 0x00,
  0x00, 0x00, 0x00, 0x00, 0x00, 0x00, 0x00, 0x00, 0x00, 0x00, 0x00, 0x00,
  0x00, 0x00, 0x00, 0x00, 0x00, 0x00, 0x00, 0x00, 0x00, 0x00, 0x00, 0x00,
  0x00, 0x00, 0x00, 0x00, 0x00, 0x00, 0x00, 0x00, 0x00, 0x00, 0x00, 0x00,
  0x00, 0x00, 0x00, 0x00, 0x00, 0x00, 0x00, 0x00, 0x00, 0x00, 0x00, 0x00,
  0x00, 0x00, 0x00, 0x00, 0x00, 0x00, 0x00, 0x00, 0x00, 0x00, 0x00, 0x00,
  0x00, 0x00, 0x00, 0x00, 0x00, 0x00, 0x00, 0x00, 0x00, 0x00, 0x00, 0x00,
  0x00, 0x00, 0x00, 0x00, 0x00, 0x00, 0x00, 0x00, 0x00, 0x00, 0x00, 0x00,
  0x00, 0x00, 0x00, 0x00, 0x00, 0x00, 0x00, 0x00, 0x00, 0x00, 0x00, 0x00,
  0x00, 0x00, 0x00, 0x00, 0x00, 0x00, 0x00, 0x00, 0x00, 0x00, 0x00, 0x00,
  0x00, 0x00, 0x00, 0x00, 0x00, 0x00, 0x00, 0x00, 0x00, 0x00, 0x00, 0x00,
  0x00, 0x00, 0x00, 0x00, 0x00, 0x00, 0x00, 0x00, 0x00, 0x00, 0x00, 0x00,
  0x00, 0x00, 0x00, 0x00, 0x00, 0x00, 0x00, 0x00, 0x00, 0x00, 0x00, 0x00,
  0x00, 0x00, 0x00, 0x00, 0x00, 0x00, 0x00, 0x00, 0x00, 0x00, 0x00, 0x00,
  0x00, 0x00, 0x00, 0x00, 0x00, 0x00, 0x00, 0x00, 0x00, 0x00, 0x00, 0x00,
  0x00, 0x00, 0x00, 0x00, 0x00, 0x00, 0x00, 0x00, 0x00, 0x00, 0x00, 0x00,
  0x00, 0x00, 0x00, 0x00, 0x00, 0x00, 0x00, 0x00, 0x00, 0x00, 0x00, 0x00,
  0x00, 0x00, 0x00, 0x00, 0x00, 0x00, 0x00, 0x00, 0x00, 0x00, 0x00, 0x00,
  0x00, 0x00, 0x00, 0x00, 0x00, 0x00, 0x00, 0x00, 0x00, 0x00, 0x00, 0x00,
  0x00, 0x00, 0x00, 0x00, 0x00, 0x00, 0x00, 0x00, 0x00, 0x00, 0x00, 0x00,
  0x00, 0x00, 0x00, 0x00, 0x00, 0x00, 0x00, 0x00, 0x00, 0x00, 0x00, 0x00,
  0x00, 0x00, 0x00, 0x00, 0x00, 0x00, 0x00, 0x00, 0x00, 0x00, 0x00, 0x00,
  0x00, 0x00, 0x00, 0x00, 0x00, 0x00, 0x00, 0x00, 0x00, 0x00, 0x00, 0x00,
  0x00, 0x00, 0x00, 0x00, 0x00, 0x00, 0x00, 0x00, 0x00, 0x00, 0x00, 0x00,
  0x00, 0x00, 0x00, 0x00, 0x00, 0x00, 0x00, 0x00, 0x00, 0x00, 0x00, 0x00,
  0x00, 0x00, 0x00, 0x00
};
