/*******************************************************************************
 * Size: 20 px
 * Bpp: 4
 * Opts: --size 20 --bpp 4 --format lvgl --font font/SourceHanSansSC-Medium.otf -r 0x20-0x7F --symbols ·—、。あいうおかがきぎくぐこさしすせただちっつてでとなにのはばへべまみめもやらりるれわをんァアィイウエォオカキギクグケコシジスセゾタダチッテデトドナニネバパピフブプベペボマムメモャュョヨラリルレロワンー上下不与东丢並个中串义习了于云互交京人仅今从付以件任休会传伦但佇位体何作使例保信個候倫停偵備傳僅像儲元先入內全关其兼内册再写几処出击分切列删利刪别到制刷刻削前割力功加务动効動務包北区區协協即原去双反发取受变口可台号合名后向吗启和响商啟嗎器回国图圖在地址坏块型執場壞处备変复多太央失头套始字存学學安完定实実室容密寫对対将將對少尚就屏山工已帧常幀幕平并幾序库应度建开式当录影待後復必志忘忙応态意態慧應成我或截戻所手打执扫択押择持按据掃接推描換援摄撤擇擊操攝支收改效敗敦数整文料断新斷方於无日时映显時智暂更書會有期未本机束条杯東板果查标校格案桌條检検業槽標模機檔檢次欧歐正此段永求沒没法波洋派测消添清済渉測満源準滑满滿点烧無然照燒片版牌物特状狀率环现現理生用电画留畫發百的监監目相真眠码破确碌確碼示秒称移程稍稱空立端符等答签简範簿籤米类系終組結統絵經続網緒線編繁线经结络统绪编缺网置美習背能脸臉自至與节處號螢行衡表装裝製複要視视解言記設証試該誌認語誤読調請論證識議護讀變认议记设证识试话该语误请读调資败起超足路車転載輯輸车载辑输辨込过运返进连迴追退送选通速連進逾運過違適選遺部配重量錄錯鎖鏡鐘钟销锁错閉開間關闭问间队限除階集雙雲電需非面項預頭顔類顯项频駕駛験驗驶驾验體高默點（），：？ --no-compress --no-prefilter --lv-include lvgl.h --lv-font-name ui_font_source_han_20 -o apps/ui_font_source_han_20.c --force-fast-kern-format
 ******************************************************************************/

#ifdef LV_LVGL_H_INCLUDE_SIMPLE
#include "lvgl.h"
#else
#include "lvgl.h"
#endif

#ifndef UI_FONT_SOURCE_HAN_20
#define UI_FONT_SOURCE_HAN_20 1
#endif

#if UI_FONT_SOURCE_HAN_20

/*-----------------
 *    BITMAPS
 *----------------*/

/*Store the image of the glyphs*/
static LV_ATTRIBUTE_LARGE_CONST const uint8_t glyph_bitmap[] = {
    /* U+0020 " " */

    /* U+0021 "!" */
    0xb, 0xf9, 0xa, 0xf8, 0xa, 0xf8, 0x9, 0xf7,
    0x9, 0xf7, 0x8, 0xf6, 0x7, 0xf5, 0x7, 0xf5,
    0x6, 0xf4, 0x5, 0xf3, 0x0, 0x30, 0xa, 0xf8,
    0xf, 0xfe, 0x8, 0xe6,

    /* U+0022 "\"" */
    0x3f, 0xf2, 0xd, 0xf8, 0x2f, 0xf1, 0xc, 0xf8,
    0x2f, 0xf1, 0xb, 0xf7, 0xf, 0xf0, 0x9, 0xf5,
    0xe, 0xd0, 0x8, 0xf3, 0xc, 0xb0, 0x6, 0xf1,
    0x1, 0x10, 0x0, 0x20,

    /* U+0023 "#" */
    0x0, 0x4, 0xf2, 0x1, 0xf5, 0x0, 0x0, 0x7f,
    0x0, 0x4f, 0x20, 0x0, 0x9, 0xc0, 0x6, 0xf0,
    0x0, 0xcf, 0xff, 0xff, 0xff, 0xfb, 0x6, 0x8f,
    0xc8, 0x8d, 0xd8, 0x60, 0x0, 0xf6, 0x0, 0xca,
    0x0, 0x0, 0x1f, 0x40, 0xe, 0x80, 0x0, 0x3,
    0xf3, 0x0, 0xf6, 0x0, 0x3f, 0xff, 0xff, 0xff,
    0xff, 0x41, 0x7b, 0xf7, 0x7a, 0xf9, 0x72, 0x0,
    0x9d, 0x0, 0x6f, 0x10, 0x0, 0xb, 0xb0, 0x8,
    0xf0, 0x0, 0x0, 0xd9, 0x0, 0x9d, 0x0, 0x0,
    0xf, 0x70, 0xb, 0xb0, 0x0,

    /* U+0024 "$" */
    0x0, 0x0, 0xf8, 0x0, 0x0, 0x0, 0x0, 0xf8,
    0x0, 0x0, 0x0, 0x3a, 0xfe, 0x82, 0x0, 0x6,
    0xff, 0xff, 0xff, 0x50, 0x1f, 0xf8, 0x11, 0x7f,
    0x40, 0x4f, 0xe0, 0x0, 0x0, 0x0, 0x4f, 0xf0,
    0x0, 0x0, 0x0, 0x1f, 0xfb, 0x10, 0x0, 0x0,
    0x5, 0xff, 0xf8, 0x0, 0x0, 0x0, 0x2b, 0xff,
    0xd3, 0x0, 0x0, 0x0, 0x5e, 0xff, 0x40, 0x0,
    0x0, 0x0, 0xcf, 0xc0, 0x0, 0x0, 0x0, 0x4f,
    0xf0, 0x2, 0x0, 0x0, 0x4f, 0xe0, 0x7f, 0x83,
    0x2, 0xcf, 0xa0, 0x6f, 0xff, 0xff, 0xfe, 0x10,
    0x1, 0x7b, 0xfe, 0x71, 0x0, 0x0, 0x0, 0xf8,
    0x0, 0x0, 0x0, 0x0, 0xf8, 0x0, 0x0,

    /* U+0025 "%" */
    0x0, 0x8d, 0xeb, 0x10, 0x0, 0x0, 0x9d, 0x0,
    0x0, 0x0, 0x9f, 0x86, 0xed, 0x0, 0x0, 0x2f,
    0x40, 0x0, 0x0, 0xf, 0xa0, 0x5, 0xf5, 0x0,
    0xc, 0xb0, 0x0, 0x0, 0x3, 0xf7, 0x0, 0x2f,
    0x80, 0x5, 0xf2, 0x0, 0x0, 0x0, 0x3f, 0x70,
    0x1, 0xf9, 0x0, 0xd8, 0x0, 0x0, 0x0, 0x1,
    0xf9, 0x0, 0x4f, 0x60, 0x7e, 0x3, 0xcf, 0xd5,
    0x0, 0xb, 0xf4, 0x2c, 0xf1, 0x1f, 0x61, 0xfc,
    0x5a, 0xf4, 0x0, 0x1c, 0xff, 0xe4, 0xa, 0xc0,
    0x8f, 0x20, 0xe, 0xc0, 0x0, 0x1, 0x20, 0x3,
    0xf3, 0xb, 0xf0, 0x0, 0xae, 0x0, 0x0, 0x0,
    0x0, 0xca, 0x0, 0xce, 0x0, 0x9, 0xf0, 0x0,
    0x0, 0x0, 0x5f, 0x20, 0xa, 0xf0, 0x0, 0xbe,
    0x0, 0x0, 0x0, 0xe, 0x80, 0x0, 0x7f, 0x30,
    0xe, 0xb0, 0x0, 0x0, 0x8, 0xe0, 0x0, 0x1,
    0xed, 0x6b, 0xf3, 0x0, 0x0, 0x1, 0xf5, 0x0,
    0x0, 0x2, 0xbf, 0xc4, 0x0,

    /* U+0026 "&" */
    0x0, 0x1, 0x9e, 0xfb, 0x20, 0x0, 0x0, 0x0,
    0xc, 0xfc, 0xbf, 0xe0, 0x0, 0x0, 0x0, 0x4f,
    0xd0, 0xb, 0xf3, 0x0, 0x0, 0x0, 0x6f, 0x80,
    0xb, 0xf1, 0x0, 0x0, 0x0, 0x3f, 0xa0, 0x5f,
    0xa0, 0x0, 0x0, 0x0, 0xd, 0xf8, 0xf9, 0x0,
    0x0, 0x0, 0x0, 0xb, 0xff, 0x60, 0x0, 0x6,
    0xa4, 0x1, 0xcf, 0xff, 0xb0, 0x0, 0xf, 0xf1,
    0xc, 0xfa, 0x1d, 0xfa, 0x0, 0x7f, 0xa0, 0x2f,
    0xf1, 0x1, 0xdf, 0xc4, 0xff, 0x20, 0x3f, 0xf0,
    0x0, 0x1c, 0xff, 0xf6, 0x0, 0xf, 0xf9, 0x0,
    0x6, 0xff, 0xfc, 0x40, 0x6, 0xff, 0xfc, 0xef,
    0xf9, 0xdf, 0xf9, 0x0, 0x3b, 0xef, 0xc9, 0x20,
    0x6, 0xc5,

    /* U+0027 "'" */
    0x3f, 0xf2, 0x2f, 0xf1, 0x2f, 0xf1, 0xf, 0xf0,
    0xe, 0xd0, 0xc, 0xb0, 0x1, 0x10,

    /* U+0028 "(" */
    0x0, 0x0, 0x0, 0x0, 0x9, 0xc0, 0x0, 0x2f,
    0xb0, 0x0, 0xaf, 0x20, 0x1, 0xfc, 0x0, 0x6,
    0xf7, 0x0, 0xa, 0xf3, 0x0, 0xe, 0xf0, 0x0,
    0xf, 0xd0, 0x0, 0x1f, 0xc0, 0x0, 0x3f, 0xb0,
    0x0, 0x2f, 0xb0, 0x0, 0x1f, 0xc0, 0x0, 0xf,
    0xd0, 0x0, 0xd, 0xf0, 0x0, 0x9, 0xf3, 0x0,
    0x5, 0xf8, 0x0, 0x0, 0xed, 0x0, 0x0, 0x8f,
    0x40, 0x0, 0x1f, 0xc0, 0x0, 0x6, 0x80,

    /* U+0029 ")" */
    0x0, 0x0, 0x0, 0xb, 0xa0, 0x0, 0x9, 0xf3,
    0x0, 0x1, 0xfb, 0x0, 0x0, 0xbf, 0x20, 0x0,
    0x5f, 0x80, 0x0, 0x1f, 0xc0, 0x0, 0xe, 0xf0,
    0x0, 0xb, 0xf2, 0x0, 0xa, 0xf3, 0x0, 0x9,
    0xf5, 0x0, 0x9, 0xf4, 0x0, 0xa, 0xf3, 0x0,
    0xc, 0xf2, 0x0, 0xe, 0xf0, 0x0, 0x2f, 0xb0,
    0x0, 0x6f, 0x70, 0x0, 0xcf, 0x10, 0x2, 0xfa,
    0x0, 0xb, 0xf2, 0x0, 0x8, 0x70, 0x0,

    /* U+002A "*" */
    0x0, 0xd, 0x80, 0x0, 0x0, 0xf, 0x90, 0x0,
    0xae, 0xaf, 0xdb, 0xf4, 0x3a, 0xff, 0xfe, 0x81,
    0x0, 0xdf, 0xf8, 0x0, 0x7, 0xf6, 0xbf, 0x20,
    0x6, 0x80, 0xa, 0x20,

    /* U+002B "+" */
    0x0, 0x0, 0x1, 0x0, 0x0, 0x0, 0x0, 0x3,
    0xf9, 0x0, 0x0, 0x0, 0x0, 0x3f, 0x90, 0x0,
    0x0, 0x0, 0x3, 0xf9, 0x0, 0x0, 0x0, 0x0,
    0x3f, 0x90, 0x0, 0x3, 0xff, 0xff, 0xff, 0xff,
    0xfa, 0x29, 0x99, 0xbf, 0xd9, 0x99, 0x60, 0x0,
    0x3, 0xf9, 0x0, 0x0, 0x0, 0x0, 0x3f, 0x90,
    0x0, 0x0, 0x0, 0x3, 0xf9, 0x0, 0x0, 0x0,
    0x0, 0x3f, 0x90, 0x0, 0x0,

    /* U+002C "," */
    0x1b, 0xc2, 0x6f, 0xfb, 0x1d, 0xfd, 0x0, 0xdb,
    0x6, 0xf5, 0x9f, 0xa0, 0x87, 0x0,

    /* U+002D "-" */
    0xa, 0xaa, 0xaa, 0x20, 0xff, 0xff, 0xf3,

    /* U+002E "." */
    0x0, 0x0, 0x3e, 0xe2, 0x7f, 0xf7, 0x2c, 0xc1,

    /* U+002F "/" */
    0x0, 0x0, 0x5, 0xf3, 0x0, 0x0, 0xa, 0xe0,
    0x0, 0x0, 0xe, 0xa0, 0x0, 0x0, 0x3f, 0x50,
    0x0, 0x0, 0x8f, 0x10, 0x0, 0x0, 0xdc, 0x0,
    0x0, 0x1, 0xf7, 0x0, 0x0, 0x6, 0xf3, 0x0,
    0x0, 0xb, 0xe0, 0x0, 0x0, 0xf, 0x90, 0x0,
    0x0, 0x4f, 0x50, 0x0, 0x0, 0x9f, 0x0, 0x0,
    0x0, 0xdb, 0x0, 0x0, 0x2, 0xf7, 0x0, 0x0,
    0x7, 0xf2, 0x0, 0x0, 0xb, 0xd0, 0x0, 0x0,
    0xf, 0x90, 0x0, 0x0, 0x5f, 0x40, 0x0, 0x0,
    0x9f, 0x0, 0x0, 0x0,

    /* U+0030 "0" */
    0x0, 0x5, 0xbe, 0xd9, 0x0, 0x0, 0x7, 0xff,
    0xdf, 0xfc, 0x10, 0x1, 0xff, 0x40, 0xc, 0xf7,
    0x0, 0x8f, 0xb0, 0x0, 0x4f, 0xe0, 0xc, 0xf6,
    0x0, 0x0, 0xff, 0x20, 0xef, 0x40, 0x0, 0xd,
    0xf4, 0xf, 0xf3, 0x0, 0x0, 0xcf, 0x60, 0xff,
    0x30, 0x0, 0xc, 0xf6, 0xe, 0xf4, 0x0, 0x0,
    0xdf, 0x40, 0xcf, 0x60, 0x0, 0xf, 0xf2, 0x8,
    0xfb, 0x0, 0x4, 0xfe, 0x0, 0x1f, 0xf5, 0x1,
    0xdf, 0x70, 0x0, 0x7f, 0xfd, 0xff, 0xc0, 0x0,
    0x0, 0x5b, 0xed, 0x80, 0x0,

    /* U+0031 "1" */
    0x0, 0x38, 0xff, 0x40, 0x0, 0xb, 0xff, 0xff,
    0x40, 0x0, 0x5, 0x77, 0xff, 0x40, 0x0, 0x0,
    0x0, 0xff, 0x40, 0x0, 0x0, 0x0, 0xff, 0x40,
    0x0, 0x0, 0x0, 0xff, 0x40, 0x0, 0x0, 0x0,
    0xff, 0x40, 0x0, 0x0, 0x0, 0xff, 0x40, 0x0,
    0x0, 0x0, 0xff, 0x40, 0x0, 0x0, 0x0, 0xff,
    0x40, 0x0, 0x0, 0x0, 0xff, 0x40, 0x0, 0x0,
    0x0, 0xff, 0x40, 0x0, 0x4d, 0xdd, 0xff, 0xed,
    0xd1, 0x4f, 0xff, 0xff, 0xff, 0xf1,

    /* U+0032 "2" */
    0x0, 0x3b, 0xef, 0xc7, 0x0, 0x0, 0x7f, 0xfe,
    0xef, 0xfb, 0x0, 0xc, 0xd3, 0x0, 0x4f, 0xf5,
    0x0, 0x1, 0x0, 0x0, 0xbf, 0x90, 0x0, 0x0,
    0x0, 0xa, 0xf9, 0x0, 0x0, 0x0, 0x0, 0xdf,
    0x60, 0x0, 0x0, 0x0, 0x4f, 0xf1, 0x0, 0x0,
    0x0, 0xd, 0xf8, 0x0, 0x0, 0x0, 0xa, 0xfc,
    0x0, 0x0, 0x0, 0x9, 0xfe, 0x10, 0x0, 0x0,
    0x9, 0xfe, 0x20, 0x0, 0x0, 0xb, 0xfe, 0x20,
    0x0, 0x0, 0xc, 0xff, 0xed, 0xee, 0xee, 0x61,
    0xff, 0xff, 0xff, 0xff, 0xf6,

    /* U+0033 "3" */
    0x0, 0x39, 0xdf, 0xd9, 0x20, 0x0, 0x7f, 0xfe,
    0xef, 0xff, 0x30, 0x3, 0xa3, 0x0, 0x2d, 0xf9,
    0x0, 0x0, 0x0, 0x0, 0x9f, 0xb0, 0x0, 0x0,
    0x0, 0x3e, 0xf6, 0x0, 0x0, 0x4b, 0xdf, 0xe7,
    0x0, 0x0, 0x6, 0xff, 0xfc, 0x40, 0x0, 0x0,
    0x1, 0x38, 0xff, 0x60, 0x0, 0x0, 0x0, 0x6,
    0xff, 0x0, 0x0, 0x0, 0x0, 0x1f, 0xf3, 0x3,
    0x0, 0x0, 0x3, 0xff, 0x11, 0xed, 0x40, 0x2,
    0xdf, 0xd0, 0x1b, 0xff, 0xfe, 0xff, 0xf2, 0x0,
    0x6, 0xbe, 0xfd, 0x91, 0x0,

    /* U+0034 "4" */
    0x0, 0x0, 0x2, 0xff, 0xe0, 0x0, 0x0, 0x0,
    0xcf, 0xfe, 0x0, 0x0, 0x0, 0x7f, 0xbf, 0xe0,
    0x0, 0x0, 0x2f, 0xe4, 0xfe, 0x0, 0x0, 0xd,
    0xf6, 0x3f, 0xe0, 0x0, 0x8, 0xfb, 0x3, 0xfe,
    0x0, 0x3, 0xfe, 0x10, 0x3f, 0xe0, 0x0, 0xdf,
    0x40, 0x3, 0xfe, 0x0, 0x8f, 0xfb, 0xbb, 0xcf,
    0xfb, 0x99, 0xff, 0xff, 0xff, 0xff, 0xfc, 0x0,
    0x0, 0x0, 0x3f, 0xe0, 0x0, 0x0, 0x0, 0x3,
    0xfe, 0x0, 0x0, 0x0, 0x0, 0x3f, 0xe0, 0x0,
    0x0, 0x0, 0x3, 0xfe, 0x0,

    /* U+0035 "5" */
    0x0, 0xef, 0xff, 0xff, 0xf9, 0x0, 0xf, 0xfe,
    0xee, 0xee, 0x90, 0x0, 0xff, 0x10, 0x0, 0x0,
    0x0, 0x1f, 0xf0, 0x0, 0x0, 0x0, 0x2, 0xfe,
    0x59, 0x85, 0x0, 0x0, 0x3f, 0xff, 0xff, 0xfd,
    0x10, 0x0, 0x97, 0x10, 0x5e, 0xfb, 0x0, 0x0,
    0x0, 0x0, 0x5f, 0xf0, 0x0, 0x0, 0x0, 0x1,
    0xff, 0x30, 0x0, 0x0, 0x0, 0x1f, 0xf3, 0x2,
    0x0, 0x0, 0x5, 0xff, 0x1, 0xec, 0x30, 0x4,
    0xef, 0x90, 0x1b, 0xff, 0xfe, 0xff, 0xd0, 0x0,
    0x6, 0xbe, 0xfc, 0x70, 0x0,

    /* U+0036 "6" */
    0x0, 0x8, 0xcf, 0xc9, 0x10, 0x2, 0xdf, 0xfe,
    0xff, 0xe1, 0xc, 0xfb, 0x10, 0x6, 0x40, 0x4f,
    0xe0, 0x0, 0x0, 0x0, 0x9f, 0x80, 0x0, 0x0,
    0x0, 0xcf, 0x55, 0xcf, 0xd7, 0x0, 0xef, 0xcf,
    0xcb, 0xff, 0xa0, 0xef, 0xd2, 0x0, 0x3f, 0xf3,
    0xcf, 0x50, 0x0, 0xb, 0xf6, 0xaf, 0x70, 0x0,
    0xa, 0xf8, 0x6f, 0xc0, 0x0, 0xc, 0xf5, 0xd,
    0xf7, 0x0, 0x5f, 0xf1, 0x4, 0xff, 0xdd, 0xff,
    0x60, 0x0, 0x2a, 0xde, 0xb4, 0x0,

    /* U+0037 "7" */
    0xff, 0xff, 0xff, 0xff, 0xf7, 0xee, 0xee, 0xee,
    0xef, 0xf5, 0x0, 0x0, 0x0, 0x7f, 0xa0, 0x0,
    0x0, 0x2, 0xfe, 0x10, 0x0, 0x0, 0xc, 0xf4,
    0x0, 0x0, 0x0, 0x3f, 0xd0, 0x0, 0x0, 0x0,
    0xaf, 0x60, 0x0, 0x0, 0x1, 0xff, 0x10, 0x0,
    0x0, 0x5, 0xfd, 0x0, 0x0, 0x0, 0x9, 0xfa,
    0x0, 0x0, 0x0, 0xc, 0xf7, 0x0, 0x0, 0x0,
    0xe, 0xf6, 0x0, 0x0, 0x0, 0xf, 0xf5, 0x0,
    0x0, 0x0, 0x1f, 0xf4, 0x0, 0x0,

    /* U+0038 "8" */
    0x0, 0x6, 0xcf, 0xeb, 0x30, 0x0, 0xa, 0xfe,
    0xac, 0xff, 0x30, 0x3, 0xff, 0x10, 0x8, 0xfb,
    0x0, 0x6f, 0xb0, 0x0, 0x1f, 0xe0, 0x3, 0xfd,
    0x0, 0x2, 0xfb, 0x0, 0xa, 0xf9, 0x0, 0x7f,
    0x30, 0x0, 0xb, 0xfe, 0x8f, 0x40, 0x0, 0x6,
    0xf9, 0xaf, 0xfb, 0x10, 0x7, 0xf8, 0x0, 0x2b,
    0xfd, 0x0, 0xef, 0x20, 0x0, 0xe, 0xf5, 0xf,
    0xf0, 0x0, 0x0, 0xcf, 0x60, 0xcf, 0x90, 0x0,
    0x3f, 0xf3, 0x3, 0xff, 0xea, 0xbf, 0xf9, 0x0,
    0x1, 0x9d, 0xfe, 0xb4, 0x0,

    /* U+0039 "9" */
    0x0, 0x19, 0xde, 0xb6, 0x0, 0x0, 0x1e, 0xfe,
    0xcf, 0xfa, 0x0, 0xb, 0xfa, 0x0, 0x2d, 0xf5,
    0x0, 0xff, 0x20, 0x0, 0x5f, 0xd0, 0x1f, 0xf0,
    0x0, 0x0, 0xff, 0x0, 0xff, 0x30, 0x0, 0x1f,
    0xf3, 0xa, 0xfc, 0x20, 0x4e, 0xff, 0x50, 0x1d,
    0xff, 0xff, 0x8e, 0xf4, 0x0, 0x6, 0x98, 0x30,
    0xff, 0x20, 0x0, 0x0, 0x0, 0x3f, 0xf0, 0x0,
    0x0, 0x0, 0xa, 0xfa, 0x0, 0x1a, 0x20, 0x7,
    0xff, 0x20, 0x9, 0xff, 0xef, 0xff, 0x50, 0x0,
    0x6, 0xbe, 0xda, 0x20, 0x0,

    /* U+003A ":" */
    0x2c, 0xc1, 0x7f, 0xf7, 0x3e, 0xe2, 0x0, 0x0,
    0x0, 0x0, 0x0, 0x0, 0x0, 0x0, 0x0, 0x0,
    0x3e, 0xe2, 0x7f, 0xf7, 0x2c, 0xc1,

    /* U+003B ";" */
    0x2c, 0xc1, 0x7f, 0xf7, 0x3e, 0xe2, 0x0, 0x0,
    0x0, 0x0, 0x0, 0x0, 0x0, 0x0, 0x0, 0x0,
    0x1b, 0xc2, 0x6f, 0xfb, 0x1d, 0xfd, 0x0, 0xdb,
    0x6, 0xf5, 0x9f, 0xa0, 0x87, 0x0,

    /* U+003C "<" */
    0x0, 0x0, 0x0, 0x0, 0x17, 0x70, 0x0, 0x0,
    0x4, 0xaf, 0xfa, 0x0, 0x2, 0x8e, 0xff, 0xc6,
    0x10, 0x6c, 0xff, 0xd7, 0x10, 0x0, 0x3f, 0xfa,
    0x30, 0x0, 0x0, 0x2, 0xdf, 0xfb, 0x60, 0x0,
    0x0, 0x0, 0x39, 0xff, 0xfa, 0x50, 0x0, 0x0,
    0x0, 0x5b, 0xff, 0xf7, 0x0, 0x0, 0x0, 0x2,
    0x8e, 0xa0, 0x0, 0x0, 0x0, 0x0, 0x2,

    /* U+003D "=" */
    0x3f, 0xff, 0xff, 0xff, 0xff, 0xa2, 0x99, 0x99,
    0x99, 0x99, 0x96, 0x0, 0x0, 0x0, 0x0, 0x0,
    0x0, 0x0, 0x0, 0x0, 0x0, 0x0, 0x0, 0x0,
    0x0, 0x0, 0x0, 0x3, 0xff, 0xff, 0xff, 0xff,
    0xfa, 0x2a, 0xaa, 0xaa, 0xaa, 0xaa, 0x60,

    /* U+003E ">" */
    0x39, 0x30, 0x0, 0x0, 0x0, 0x3, 0xff, 0xd7,
    0x10, 0x0, 0x0, 0x4, 0x9f, 0xff, 0xb5, 0x0,
    0x0, 0x0, 0x5, 0xaf, 0xfe, 0x82, 0x0, 0x0,
    0x0, 0x16, 0xff, 0xa0, 0x0, 0x0, 0x39, 0xef,
    0xf7, 0x0, 0x28, 0xef, 0xfc, 0x60, 0x2, 0xdf,
    0xfe, 0x82, 0x0, 0x0, 0x3f, 0xa4, 0x0, 0x0,
    0x0, 0x1, 0x10, 0x0, 0x0, 0x0, 0x0,

    /* U+003F "?" */
    0x0, 0x5c, 0xfe, 0xb3, 0x0, 0x9f, 0xfe, 0xff,
    0xf3, 0x5, 0xa1, 0x2, 0xcf, 0xa0, 0x0, 0x0,
    0x7, 0xfb, 0x0, 0x0, 0x0, 0xcf, 0x70, 0x0,
    0x0, 0x9f, 0xb0, 0x0, 0x0, 0x7f, 0xd0, 0x0,
    0x0, 0x2f, 0xf2, 0x0, 0x0, 0x6, 0xfa, 0x0,
    0x0, 0x0, 0x25, 0x30, 0x0, 0x0, 0x0, 0x10,
    0x0, 0x0, 0x0, 0x8f, 0xb0, 0x0, 0x0, 0xd,
    0xff, 0x0, 0x0, 0x0, 0x6e, 0x80, 0x0,

    /* U+0040 "@" */
    0x0, 0x0, 0x0, 0x6b, 0xdf, 0xed, 0x81, 0x0,
    0x0, 0x0, 0x0, 0x6e, 0xfc, 0x87, 0x9c, 0xff,
    0x60, 0x0, 0x0, 0xa, 0xfb, 0x20, 0x0, 0x0,
    0x1b, 0xf8, 0x0, 0x0, 0x9f, 0x80, 0x0, 0x0,
    0x0, 0x0, 0x9f, 0x30, 0x5, 0xfb, 0x0, 0x0,
    0x0, 0x1, 0x0, 0x1e, 0xc0, 0xd, 0xf1, 0x0,
    0x1a, 0xef, 0x8f, 0x80, 0x8, 0xf1, 0x4f, 0x70,
    0x1, 0xde, 0x76, 0xff, 0x40, 0x6, 0xf3, 0x8f,
    0x10, 0xa, 0xf3, 0x0, 0xaf, 0x10, 0x4, 0xf4,
    0xbe, 0x0, 0x1f, 0xb0, 0x0, 0xde, 0x0, 0x5,
    0xf1, 0xdc, 0x0, 0x4f, 0x80, 0x0, 0xfb, 0x0,
    0x8, 0xf0, 0xdc, 0x0, 0x4f, 0x80, 0x3, 0xf9,
    0x0, 0x1f, 0x80, 0xcd, 0x0, 0x1f, 0xd3, 0x4e,
    0xfd, 0x24, 0xdd, 0x0, 0x9f, 0x10, 0x6, 0xff,
    0xe5, 0x5f, 0xff, 0xb1, 0x0, 0x4f, 0x90, 0x0,
    0x12, 0x0, 0x0, 0x30, 0x0, 0x0, 0xc, 0xf4,
    0x0, 0x0, 0x0, 0x0, 0x0, 0x0, 0x0, 0x2,
    0xfe, 0x60, 0x0, 0x0, 0x0, 0x0, 0x0, 0x0,
    0x0, 0x3e, 0xfc, 0x74, 0x24, 0x8e, 0x40, 0x0,
    0x0, 0x0, 0x1, 0x8e, 0xff, 0xff, 0xfa, 0x20,
    0x0, 0x0, 0x0, 0x0, 0x0, 0x24, 0x42, 0x0,
    0x0, 0x0, 0x0,

    /* U+0041 "A" */
    0x0, 0x0, 0x4f, 0xfb, 0x0, 0x0, 0x0, 0x0,
    0xa, 0xff, 0xf1, 0x0, 0x0, 0x0, 0x0, 0xfe,
    0x8f, 0x60, 0x0, 0x0, 0x0, 0x5f, 0x94, 0xfc,
    0x0, 0x0, 0x0, 0xb, 0xf4, 0xf, 0xf2, 0x0,
    0x0, 0x1, 0xff, 0x0, 0xaf, 0x70, 0x0, 0x0,
    0x6f, 0xb0, 0x5, 0xfd, 0x0, 0x0, 0xb, 0xf6,
    0x0, 0xf, 0xf2, 0x0, 0x1, 0xff, 0xdc, 0xcc,
    0xff, 0x80, 0x0, 0x6f, 0xff, 0xff, 0xff, 0xfd,
    0x0, 0xc, 0xf7, 0x0, 0x0, 0x1f, 0xf3, 0x2,
    0xff, 0x20, 0x0, 0x0, 0xcf, 0x90, 0x7f, 0xd0,
    0x0, 0x0, 0x7, 0xfe, 0xd, 0xf8, 0x0, 0x0,
    0x0, 0x2f, 0xf4,

    /* U+0042 "B" */
    0xf, 0xff, 0xff, 0xed, 0x81, 0x0, 0xf, 0xfd,
    0xcc, 0xef, 0xfe, 0x20, 0xf, 0xf4, 0x0, 0x2,
    0xef, 0x80, 0xf, 0xf4, 0x0, 0x0, 0xaf, 0xa0,
    0xf, 0xf4, 0x0, 0x2, 0xef, 0x50, 0xf, 0xfc,
    0xbb, 0xdf, 0xe5, 0x0, 0xf, 0xff, 0xff, 0xff,
    0xfa, 0x10, 0xf, 0xf4, 0x0, 0x14, 0xcf, 0xd0,
    0xf, 0xf4, 0x0, 0x0, 0x1f, 0xf5, 0xf, 0xf4,
    0x0, 0x0, 0xd, 0xf7, 0xf, 0xf4, 0x0, 0x0,
    0xf, 0xf4, 0xf, 0xf4, 0x0, 0x1, 0xbf, 0xf1,
    0xf, 0xfd, 0xcc, 0xdf, 0xff, 0x40, 0xf, 0xff,
    0xff, 0xec, 0x81, 0x0,

    /* U+0043 "C" */
    0x0, 0x1, 0x9c, 0xfe, 0xb3, 0x0, 0x0, 0x6f,
    0xff, 0xff, 0xff, 0x70, 0x5, 0xff, 0xb3, 0x1,
    0x6e, 0x50, 0x1e, 0xfa, 0x0, 0x0, 0x0, 0x0,
    0x7f, 0xf1, 0x0, 0x0, 0x0, 0x0, 0xbf, 0xb0,
    0x0, 0x0, 0x0, 0x0, 0xdf, 0x90, 0x0, 0x0,
    0x0, 0x0, 0xdf, 0x90, 0x0, 0x0, 0x0, 0x0,
    0xbf, 0xb0, 0x0, 0x0, 0x0, 0x0, 0x8f, 0xf1,
    0x0, 0x0, 0x0, 0x0, 0x1f, 0xfa, 0x0, 0x0,
    0x1, 0x10, 0x6, 0xff, 0xb3, 0x2, 0x6e, 0xc0,
    0x0, 0x7f, 0xff, 0xff, 0xff, 0x80, 0x0, 0x2,
    0x9c, 0xfe, 0xb4, 0x0,

    /* U+0044 "D" */
    0xf, 0xff, 0xfe, 0xb9, 0x20, 0x0, 0xf, 0xfe,
    0xdf, 0xff, 0xf8, 0x0, 0xf, 0xf4, 0x0, 0x2a,
    0xff, 0x70, 0xf, 0xf4, 0x0, 0x0, 0x9f, 0xf2,
    0xf, 0xf4, 0x0, 0x0, 0xe, 0xf7, 0xf, 0xf4,
    0x0, 0x0, 0xc, 0xfa, 0xf, 0xf4, 0x0, 0x0,
    0x9, 0xfc, 0xf, 0xf4, 0x0, 0x0, 0x9, 0xfc,
    0xf, 0xf4, 0x0, 0x0, 0xc, 0xf9, 0xf, 0xf4,
    0x0, 0x0, 0x1f, 0xf7, 0xf, 0xf4, 0x0, 0x0,
    0x9f, 0xf1, 0xf, 0xf4, 0x0, 0x2b, 0xff, 0x70,
    0xf, 0xfe, 0xdf, 0xff, 0xf8, 0x0, 0xf, 0xff,
    0xfe, 0xb9, 0x20, 0x0,

    /* U+0045 "E" */
    0xf, 0xff, 0xff, 0xff, 0xfa, 0xf, 0xfe, 0xee,
    0xee, 0xe9, 0xf, 0xf4, 0x0, 0x0, 0x0, 0xf,
    0xf4, 0x0, 0x0, 0x0, 0xf, 0xf4, 0x0, 0x0,
    0x0, 0xf, 0xff, 0xee, 0xee, 0x90, 0xf, 0xff,
    0xff, 0xff, 0xa0, 0xf, 0xf4, 0x0, 0x0, 0x0,
    0xf, 0xf4, 0x0, 0x0, 0x0, 0xf, 0xf4, 0x0,
    0x0, 0x0, 0xf, 0xf4, 0x0, 0x0, 0x0, 0xf,
    0xf4, 0x0, 0x0, 0x0, 0xf, 0xff, 0xee, 0xee,
    0xec, 0xf, 0xff, 0xff, 0xff, 0xfd,

    /* U+0046 "F" */
    0xf, 0xff, 0xff, 0xff, 0xfa, 0xf, 0xfe, 0xee,
    0xee, 0xe9, 0xf, 0xf4, 0x0, 0x0, 0x0, 0xf,
    0xf4, 0x0, 0x0, 0x0, 0xf, 0xf4, 0x0, 0x0,
    0x0, 0xf, 0xf4, 0x0, 0x0, 0x0, 0xf, 0xff,
    0xff, 0xff, 0xb0, 0xf, 0xfe, 0xee, 0xee, 0xa0,
    0xf, 0xf4, 0x0, 0x0, 0x0, 0xf, 0xf4, 0x0,
    0x0, 0x0, 0xf, 0xf4, 0x0, 0x0, 0x0, 0xf,
    0xf4, 0x0, 0x0, 0x0, 0xf, 0xf4, 0x0, 0x0,
    0x0, 0xf, 0xf4, 0x0, 0x0, 0x0,

    /* U+0047 "G" */
    0x0, 0x1, 0x8b, 0xef, 0xc7, 0x0, 0x0, 0x6e,
    0xff, 0xff, 0xff, 0xc1, 0x5, 0xff, 0xc4, 0x10,
    0x3a, 0xa0, 0x1e, 0xfa, 0x0, 0x0, 0x0, 0x0,
    0x7f, 0xf1, 0x0, 0x0, 0x0, 0x0, 0xbf, 0xb0,
    0x0, 0x0, 0x0, 0x0, 0xdf, 0x90, 0x0, 0x5d,
    0xdd, 0xd8, 0xdf, 0x90, 0x0, 0x6f, 0xff, 0xf9,
    0xbf, 0xb0, 0x0, 0x0, 0x8, 0xf9, 0x7f, 0xf1,
    0x0, 0x0, 0x8, 0xf9, 0x1e, 0xfa, 0x0, 0x0,
    0x8, 0xf9, 0x6, 0xff, 0xc4, 0x10, 0x3c, 0xf9,
    0x0, 0x7f, 0xff, 0xff, 0xff, 0xe4, 0x0, 0x2,
    0x9c, 0xee, 0xb8, 0x10,

    /* U+0048 "H" */
    0xf, 0xf4, 0x0, 0x0, 0x6, 0xfd, 0xf, 0xf4,
    0x0, 0x0, 0x6, 0xfd, 0xf, 0xf4, 0x0, 0x0,
    0x6, 0xfd, 0xf, 0xf4, 0x0, 0x0, 0x6, 0xfd,
    0xf, 0xf4, 0x0, 0x0, 0x6, 0xfd, 0xf, 0xff,
    0xff, 0xff, 0xff, 0xfd, 0xf, 0xff, 0xff, 0xff,
    0xff, 0xfd, 0xf, 0xf4, 0x0, 0x0, 0x6, 0xfd,
    0xf, 0xf4, 0x0, 0x0, 0x6, 0xfd, 0xf, 0xf4,
    0x0, 0x0, 0x6, 0xfd, 0xf, 0xf4, 0x0, 0x0,
    0x6, 0xfd, 0xf, 0xf4, 0x0, 0x0, 0x6, 0xfd,
    0xf, 0xf4, 0x0, 0x0, 0x6, 0xfd, 0xf, 0xf4,
    0x0, 0x0, 0x6, 0xfd,

    /* U+0049 "I" */
    0xf, 0xf4, 0xf, 0xf4, 0xf, 0xf4, 0xf, 0xf4,
    0xf, 0xf4, 0xf, 0xf4, 0xf, 0xf4, 0xf, 0xf4,
    0xf, 0xf4, 0xf, 0xf4, 0xf, 0xf4, 0xf, 0xf4,
    0xf, 0xf4, 0xf, 0xf4,

    /* U+004A "J" */
    0x0, 0x0, 0x0, 0x3f, 0xf2, 0x0, 0x0, 0x0,
    0x3f, 0xf2, 0x0, 0x0, 0x0, 0x3f, 0xf2, 0x0,
    0x0, 0x0, 0x3f, 0xf2, 0x0, 0x0, 0x0, 0x3f,
    0xf2, 0x0, 0x0, 0x0, 0x3f, 0xf2, 0x0, 0x0,
    0x0, 0x3f, 0xf2, 0x0, 0x0, 0x0, 0x3f, 0xf2,
    0x0, 0x0, 0x0, 0x3f, 0xf2, 0x0, 0x0, 0x0,
    0x3f, 0xf1, 0x1, 0x30, 0x0, 0x6f, 0xf0, 0x2e,
    0xf4, 0x2, 0xdf, 0xc0, 0xb, 0xff, 0xff, 0xff,
    0x30, 0x0, 0x7d, 0xfe, 0xb2, 0x0,

    /* U+004B "K" */
    0xf, 0xf4, 0x0, 0x0, 0x8f, 0xe2, 0x0, 0xff,
    0x40, 0x0, 0x5f, 0xf4, 0x0, 0xf, 0xf4, 0x0,
    0x3f, 0xf6, 0x0, 0x0, 0xff, 0x40, 0x2e, 0xf8,
    0x0, 0x0, 0xf, 0xf4, 0xd, 0xfb, 0x0, 0x0,
    0x0, 0xff, 0x4b, 0xff, 0x10, 0x0, 0x0, 0xf,
    0xfc, 0xff, 0xf9, 0x0, 0x0, 0x0, 0xff, 0xff,
    0x7f, 0xf3, 0x0, 0x0, 0xf, 0xff, 0x60, 0xaf,
    0xd0, 0x0, 0x0, 0xff, 0x80, 0x1, 0xff, 0x70,
    0x0, 0xf, 0xf4, 0x0, 0x6, 0xff, 0x20, 0x0,
    0xff, 0x40, 0x0, 0xc, 0xfb, 0x0, 0xf, 0xf4,
    0x0, 0x0, 0x3f, 0xf5, 0x0, 0xff, 0x40, 0x0,
    0x0, 0x9f, 0xe0,

    /* U+004C "L" */
    0xf, 0xf4, 0x0, 0x0, 0x0, 0xf, 0xf4, 0x0,
    0x0, 0x0, 0xf, 0xf4, 0x0, 0x0, 0x0, 0xf,
    0xf4, 0x0, 0x0, 0x0, 0xf, 0xf4, 0x0, 0x0,
    0x0, 0xf, 0xf4, 0x0, 0x0, 0x0, 0xf, 0xf4,
    0x0, 0x0, 0x0, 0xf, 0xf4, 0x0, 0x0, 0x0,
    0xf, 0xf4, 0x0, 0x0, 0x0, 0xf, 0xf4, 0x0,
    0x0, 0x0, 0xf, 0xf4, 0x0, 0x0, 0x0, 0xf,
    0xf4, 0x0, 0x0, 0x0, 0xf, 0xff, 0xee, 0xee,
    0xe7, 0xf, 0xff, 0xff, 0xff, 0xf7,

    /* U+004D "M" */
    0xf, 0xfc, 0x0, 0x0, 0x0, 0x3f, 0xfa, 0xf,
    0xff, 0x20, 0x0, 0x0, 0x9f, 0xfa, 0xf, 0xff,
    0x90, 0x0, 0x0, 0xef, 0xfa, 0xf, 0xce, 0xe0,
    0x0, 0x5, 0xfb, 0xfa, 0xf, 0xe8, 0xf5, 0x0,
    0xb, 0xf7, 0xfa, 0xf, 0xf3, 0xfb, 0x0, 0x1f,
    0xb6, 0xfa, 0xf, 0xf0, 0xcf, 0x10, 0x6f, 0x57,
    0xfa, 0xf, 0xf0, 0x6f, 0x70, 0xcf, 0x7, 0xfa,
    0xf, 0xf0, 0x1f, 0xc2, 0xf9, 0x7, 0xfa, 0xf,
    0xf0, 0xa, 0xfa, 0xf3, 0x7, 0xfa, 0xf, 0xf0,
    0x4, 0xff, 0xd0, 0x7, 0xfa, 0xf, 0xf0, 0x0,
    0xdf, 0x60, 0x7, 0xfa, 0xf, 0xf0, 0x0, 0x5a,
    0x10, 0x7, 0xfa, 0xf, 0xf0, 0x0, 0x0, 0x0,
    0x7, 0xfa,

    /* U+004E "N" */
    0xf, 0xf9, 0x0, 0x0, 0x7, 0xfb, 0xf, 0xff,
    0x30, 0x0, 0x7, 0xfb, 0xf, 0xff, 0xc0, 0x0,
    0x7, 0xfb, 0xf, 0xeb, 0xf6, 0x0, 0x7, 0xfb,
    0xf, 0xf2, 0xfe, 0x10, 0x7, 0xfb, 0xf, 0xf0,
    0xaf, 0x90, 0x7, 0xfb, 0xf, 0xf1, 0x1f, 0xf2,
    0x7, 0xfb, 0xf, 0xf2, 0x7, 0xfc, 0x6, 0xfb,
    0xf, 0xf2, 0x0, 0xdf, 0x55, 0xfb, 0xf, 0xf2,
    0x0, 0x4f, 0xd4, 0xfb, 0xf, 0xf2, 0x0, 0xb,
    0xf9, 0xfb, 0xf, 0xf2, 0x0, 0x2, 0xff, 0xfb,
    0xf, 0xf2, 0x0, 0x0, 0x8f, 0xfb, 0xf, 0xf2,
    0x0, 0x0, 0xe, 0xfb,

    /* U+004F "O" */
    0x0, 0x3, 0xac, 0xfd, 0xa4, 0x0, 0x0, 0x8,
    0xff, 0xff, 0xff, 0xf9, 0x0, 0x7, 0xff, 0x92,
    0x2, 0x8f, 0xf8, 0x2, 0xff, 0x80, 0x0, 0x0,
    0x7f, 0xf2, 0x7f, 0xe0, 0x0, 0x0, 0x0, 0xef,
    0x8a, 0xfb, 0x0, 0x0, 0x0, 0x9, 0xfb, 0xcf,
    0x90, 0x0, 0x0, 0x0, 0x7f, 0xec, 0xf9, 0x0,
    0x0, 0x0, 0x7, 0xfd, 0xaf, 0xb0, 0x0, 0x0,
    0x0, 0xaf, 0xb7, 0xff, 0x10, 0x0, 0x0, 0xe,
    0xf8, 0x1f, 0xf9, 0x0, 0x0, 0x8, 0xff, 0x20,
    0x7f, 0xfa, 0x30, 0x29, 0xff, 0x80, 0x0, 0x8f,
    0xff, 0xff, 0xff, 0x90, 0x0, 0x0, 0x39, 0xcf,
    0xda, 0x40, 0x0,

    /* U+0050 "P" */
    0xf, 0xff, 0xff, 0xec, 0x61, 0x0, 0xf, 0xfd,
    0xdd, 0xff, 0xfd, 0x10, 0xf, 0xf4, 0x0, 0x4,
    0xef, 0xa0, 0xf, 0xf4, 0x0, 0x0, 0x6f, 0xd0,
    0xf, 0xf4, 0x0, 0x0, 0x5f, 0xf0, 0xf, 0xf4,
    0x0, 0x0, 0x8f, 0xc0, 0xf, 0xf4, 0x0, 0x27,
    0xff, 0x70, 0xf, 0xff, 0xff, 0xff, 0xf9, 0x0,
    0xf, 0xfe, 0xdd, 0xb9, 0x30, 0x0, 0xf, 0xf4,
    0x0, 0x0, 0x0, 0x0, 0xf, 0xf4, 0x0, 0x0,
    0x0, 0x0, 0xf, 0xf4, 0x0, 0x0, 0x0, 0x0,
    0xf, 0xf4, 0x0, 0x0, 0x0, 0x0, 0xf, 0xf4,
    0x0, 0x0, 0x0, 0x0,

    /* U+0051 "Q" */
    0x0, 0x3, 0x9c, 0xfd, 0xa4, 0x0, 0x0, 0x0,
    0x7f, 0xff, 0xff, 0xff, 0x80, 0x0, 0x6, 0xff,
    0xa3, 0x2, 0x9f, 0xf8, 0x0, 0x1e, 0xf9, 0x0,
    0x0, 0x8, 0xff, 0x10, 0x7f, 0xf1, 0x0, 0x0,
    0x0, 0xef, 0x80, 0x9f, 0xb0, 0x0, 0x0, 0x0,
    0xaf, 0xa0, 0xcf, 0x90, 0x0, 0x0, 0x0, 0x8f,
    0xd0, 0xdf, 0x80, 0x0, 0x0, 0x0, 0x7f, 0xe0,
    0xbf, 0xa0, 0x0, 0x0, 0x0, 0x9f, 0xc0, 0x9f,
    0xd0, 0x0, 0x0, 0x0, 0xbf, 0xa0, 0x4f, 0xf4,
    0x0, 0x0, 0x2, 0xff, 0x50, 0xc, 0xfd, 0x10,
    0x0, 0x1c, 0xfd, 0x0, 0x2, 0xef, 0xe8, 0x57,
    0xdf, 0xe3, 0x0, 0x0, 0x2c, 0xff, 0xff, 0xfc,
    0x30, 0x0, 0x0, 0x0, 0x2a, 0xff, 0x50, 0x0,
    0x0, 0x0, 0x0, 0x0, 0xef, 0xe4, 0x0, 0x0,
    0x0, 0x0, 0x0, 0x2d, 0xff, 0xfe, 0xf2, 0x0,
    0x0, 0x0, 0x0, 0x6c, 0xef, 0xd3,

    /* U+0052 "R" */
    0xf, 0xff, 0xff, 0xed, 0x82, 0x0, 0xf, 0xfd,
    0xdd, 0xef, 0xff, 0x30, 0xf, 0xf4, 0x0, 0x2,
    0xcf, 0xc0, 0xf, 0xf4, 0x0, 0x0, 0x4f, 0xf0,
    0xf, 0xf4, 0x0, 0x0, 0x5f, 0xf0, 0xf, 0xf4,
    0x0, 0x3, 0xef, 0xb0, 0xf, 0xfd, 0xcd, 0xef,
    0xfe, 0x20, 0xf, 0xff, 0xff, 0xff, 0x81, 0x0,
    0xf, 0xf4, 0x1, 0xff, 0x70, 0x0, 0xf, 0xf4,
    0x0, 0x8f, 0xf1, 0x0, 0xf, 0xf4, 0x0, 0xe,
    0xf9, 0x0, 0xf, 0xf4, 0x0, 0x6, 0xff, 0x20,
    0xf, 0xf4, 0x0, 0x0, 0xdf, 0xb0, 0xf, 0xf4,
    0x0, 0x0, 0x4f, 0xf4,

    /* U+0053 "S" */
    0x0, 0x3, 0xbd, 0xfc, 0x92, 0x0, 0x0, 0x7f,
    0xff, 0xff, 0xff, 0x60, 0x2, 0xff, 0x91, 0x2,
    0x7e, 0x40, 0x5, 0xff, 0x0, 0x0, 0x0, 0x0,
    0x4, 0xff, 0x40, 0x0, 0x0, 0x0, 0x0, 0xcf,
    0xfa, 0x30, 0x0, 0x0, 0x0, 0x8, 0xff, 0xfd,
    0x60, 0x0, 0x0, 0x0, 0x28, 0xef, 0xfd, 0x20,
    0x0, 0x0, 0x0, 0x6, 0xef, 0xd0, 0x0, 0x0,
    0x0, 0x0, 0x4f, 0xf3, 0x0, 0x50, 0x0, 0x0,
    0x2f, 0xf3, 0xb, 0xfc, 0x52, 0x3, 0xcf, 0xe0,
    0x4, 0xef, 0xff, 0xff, 0xff, 0x30, 0x0, 0x7,
    0xcf, 0xfc, 0x91, 0x0,

    /* U+0054 "T" */
    0x5f, 0xff, 0xff, 0xff, 0xff, 0xf9, 0x5e, 0xee,
    0xef, 0xfe, 0xee, 0xe8, 0x0, 0x0, 0x1f, 0xf4,
    0x0, 0x0, 0x0, 0x0, 0x1f, 0xf4, 0x0, 0x0,
    0x0, 0x0, 0x1f, 0xf4, 0x0, 0x0, 0x0, 0x0,
    0x1f, 0xf4, 0x0, 0x0, 0x0, 0x0, 0x1f, 0xf4,
    0x0, 0x0, 0x0, 0x0, 0x1f, 0xf4, 0x0, 0x0,
    0x0, 0x0, 0x1f, 0xf4, 0x0, 0x0, 0x0, 0x0,
    0x1f, 0xf4, 0x0, 0x0, 0x0, 0x0, 0x1f, 0xf4,
    0x0, 0x0, 0x0, 0x0, 0x1f, 0xf4, 0x0, 0x0,
    0x0, 0x0, 0x1f, 0xf4, 0x0, 0x0, 0x0, 0x0,
    0x1f, 0xf4, 0x0, 0x0,

    /* U+0055 "U" */
    0x2f, 0xf2, 0x0, 0x0, 0x6, 0xfc, 0x2f, 0xf2,
    0x0, 0x0, 0x6, 0xfc, 0x2f, 0xf2, 0x0, 0x0,
    0x6, 0xfc, 0x2f, 0xf2, 0x0, 0x0, 0x6, 0xfc,
    0x2f, 0xf2, 0x0, 0x0, 0x6, 0xfc, 0x2f, 0xf2,
    0x0, 0x0, 0x6, 0xfc, 0x2f, 0xf2, 0x0, 0x0,
    0x6, 0xfc, 0x2f, 0xf3, 0x0, 0x0, 0x7, 0xfc,
    0x1f, 0xf4, 0x0, 0x0, 0x8, 0xfc, 0xf, 0xf6,
    0x0, 0x0, 0xa, 0xfa, 0xc, 0xfb, 0x0, 0x0,
    0x1f, 0xf6, 0x4, 0xff, 0x91, 0x3, 0xcf, 0xe0,
    0x0, 0x9f, 0xff, 0xff, 0xff, 0x40, 0x0, 0x4,
    0xbe, 0xfd, 0xa2, 0x0,

    /* U+0056 "V" */
    0xe, 0xf9, 0x0, 0x0, 0x0, 0x9f, 0xc0, 0x8f,
    0xd0, 0x0, 0x0, 0xe, 0xf7, 0x3, 0xff, 0x20,
    0x0, 0x2, 0xff, 0x10, 0xe, 0xf7, 0x0, 0x0,
    0x7f, 0xc0, 0x0, 0x8f, 0xc0, 0x0, 0xc, 0xf7,
    0x0, 0x3, 0xff, 0x10, 0x1, 0xff, 0x10, 0x0,
    0xe, 0xf5, 0x0, 0x5f, 0xc0, 0x0, 0x0, 0x9f,
    0xa0, 0xa, 0xf7, 0x0, 0x0, 0x3, 0xff, 0x0,
    0xff, 0x20, 0x0, 0x0, 0xe, 0xf4, 0x4f, 0xc0,
    0x0, 0x0, 0x0, 0x9f, 0x88, 0xf7, 0x0, 0x0,
    0x0, 0x3, 0xfd, 0xdf, 0x20, 0x0, 0x0, 0x0,
    0xe, 0xff, 0xc0, 0x0, 0x0, 0x0, 0x0, 0x9f,
    0xf7, 0x0, 0x0,

    /* U+0057 "W" */
    0x7f, 0xe0, 0x0, 0x2, 0xff, 0x20, 0x0, 0xe,
    0xf4, 0x3f, 0xf1, 0x0, 0x6, 0xff, 0x60, 0x0,
    0x1f, 0xf1, 0xf, 0xf5, 0x0, 0xa, 0xff, 0xb0,
    0x0, 0x4f, 0xe0, 0xc, 0xf8, 0x0, 0xe, 0xce,
    0xf0, 0x0, 0x7f, 0xa0, 0x9, 0xfb, 0x0, 0x2f,
    0x9b, 0xf3, 0x0, 0xaf, 0x70, 0x6, 0xfe, 0x0,
    0x7f, 0x57, 0xf7, 0x0, 0xef, 0x40, 0x2, 0xff,
    0x10, 0xbf, 0x24, 0xfb, 0x1, 0xff, 0x0, 0x0,
    0xff, 0x40, 0xfe, 0x0, 0xff, 0x4, 0xfd, 0x0,
    0x0, 0xbf, 0x62, 0xfa, 0x0, 0xcf, 0x36, 0xfa,
    0x0, 0x0, 0x8f, 0x96, 0xf6, 0x0, 0x8f, 0x69,
    0xf6, 0x0, 0x0, 0x4f, 0xc9, 0xf2, 0x0, 0x4f,
    0xab, 0xf3, 0x0, 0x0, 0x1f, 0xfd, 0xe0, 0x0,
    0xf, 0xee, 0xf0, 0x0, 0x0, 0xe, 0xff, 0xa0,
    0x0, 0xb, 0xff, 0xc0, 0x0, 0x0, 0xa, 0xff,
    0x60, 0x0, 0x7, 0xff, 0x90, 0x0,

    /* U+0058 "X" */
    0x2f, 0xf6, 0x0, 0x0, 0x5f, 0xf1, 0x8, 0xfe,
    0x0, 0x0, 0xdf, 0x70, 0x0, 0xef, 0x80, 0x6,
    0xfe, 0x0, 0x0, 0x5f, 0xf1, 0xe, 0xf5, 0x0,
    0x0, 0xc, 0xf9, 0x6f, 0xc0, 0x0, 0x0, 0x3,
    0xff, 0xef, 0x30, 0x0, 0x0, 0x0, 0xaf, 0xfa,
    0x0, 0x0, 0x0, 0x0, 0xdf, 0xfc, 0x0, 0x0,
    0x0, 0x7, 0xfb, 0xef, 0x50, 0x0, 0x0, 0x1f,
    0xf2, 0x7f, 0xe0, 0x0, 0x0, 0xaf, 0xa0, 0xe,
    0xf8, 0x0, 0x3, 0xff, 0x20, 0x5, 0xff, 0x20,
    0xc, 0xf9, 0x0, 0x0, 0xcf, 0xb0, 0x6f, 0xf1,
    0x0, 0x0, 0x3f, 0xf5,

    /* U+0059 "Y" */
    0xc, 0xfa, 0x0, 0x0, 0x8, 0xfd, 0x0, 0x4f,
    0xf1, 0x0, 0x0, 0xff, 0x50, 0x0, 0xcf, 0x90,
    0x0, 0x7f, 0xd0, 0x0, 0x4, 0xff, 0x10, 0xe,
    0xf5, 0x0, 0x0, 0xc, 0xf7, 0x5, 0xfd, 0x0,
    0x0, 0x0, 0x4f, 0xe0, 0xdf, 0x50, 0x0, 0x0,
    0x0, 0xcf, 0xaf, 0xc0, 0x0, 0x0, 0x0, 0x4,
    0xff, 0xf4, 0x0, 0x0, 0x0, 0x0, 0xc, 0xfd,
    0x0, 0x0, 0x0, 0x0, 0x0, 0xaf, 0xa0, 0x0,
    0x0, 0x0, 0x0, 0xa, 0xfa, 0x0, 0x0, 0x0,
    0x0, 0x0, 0xaf, 0xa0, 0x0, 0x0, 0x0, 0x0,
    0xa, 0xfa, 0x0, 0x0, 0x0, 0x0, 0x0, 0xaf,
    0xa0, 0x0, 0x0,

    /* U+005A "Z" */
    0x5, 0xff, 0xff, 0xff, 0xff, 0xf2, 0x5, 0xee,
    0xee, 0xee, 0xff, 0xf1, 0x0, 0x0, 0x0, 0x2,
    0xff, 0x60, 0x0, 0x0, 0x0, 0xc, 0xfb, 0x0,
    0x0, 0x0, 0x0, 0x7f, 0xe1, 0x0, 0x0, 0x0,
    0x3, 0xff, 0x50, 0x0, 0x0, 0x0, 0xd, 0xfa,
    0x0, 0x0, 0x0, 0x0, 0x8f, 0xe1, 0x0, 0x0,
    0x0, 0x3, 0xff, 0x40, 0x0, 0x0, 0x0, 0xd,
    0xf9, 0x0, 0x0, 0x0, 0x0, 0x9f, 0xd0, 0x0,
    0x0, 0x0, 0x4, 0xff, 0x30, 0x0, 0x0, 0x0,
    0xe, 0xff, 0xee, 0xee, 0xee, 0xe3, 0xf, 0xff,
    0xff, 0xff, 0xff, 0xf4,

    /* U+005B "[" */
    0xef, 0xff, 0x4e, 0xd3, 0x31, 0xec, 0x0, 0xe,
    0xc0, 0x0, 0xec, 0x0, 0xe, 0xc0, 0x0, 0xec,
    0x0, 0xe, 0xc0, 0x0, 0xec, 0x0, 0xe, 0xc0,
    0x0, 0xec, 0x0, 0xe, 0xc0, 0x0, 0xec, 0x0,
    0xe, 0xc0, 0x0, 0xec, 0x0, 0xe, 0xc0, 0x0,
    0xec, 0x0, 0xe, 0xc0, 0x0, 0xef, 0xff, 0x42,
    0x33, 0x31,

    /* U+005C "\\" */
    0x6f, 0x20, 0x0, 0x0, 0x2f, 0x60, 0x0, 0x0,
    0xd, 0xb0, 0x0, 0x0, 0x8, 0xf0, 0x0, 0x0,
    0x4, 0xf4, 0x0, 0x0, 0x0, 0xf9, 0x0, 0x0,
    0x0, 0xae, 0x0, 0x0, 0x0, 0x6f, 0x20, 0x0,
    0x0, 0x1f, 0x70, 0x0, 0x0, 0xd, 0xc0, 0x0,
    0x0, 0x8, 0xf1, 0x0, 0x0, 0x3, 0xf5, 0x0,
    0x0, 0x0, 0xea, 0x0, 0x0, 0x0, 0xae, 0x0,
    0x0, 0x0, 0x5f, 0x30, 0x0, 0x0, 0x1f, 0x80,
    0x0, 0x0, 0xc, 0xd0, 0x0, 0x0, 0x7, 0xf1,
    0x0, 0x0, 0x3, 0xf6,

    /* U+005D "]" */
    0x3f, 0xff, 0xf0, 0x3, 0x3c, 0xf0, 0x0, 0xb,
    0xf0, 0x0, 0xb, 0xf0, 0x0, 0xb, 0xf0, 0x0,
    0xb, 0xf0, 0x0, 0xb, 0xf0, 0x0, 0xb, 0xf0,
    0x0, 0xb, 0xf0, 0x0, 0xb, 0xf0, 0x0, 0xb,
    0xf0, 0x0, 0xb, 0xf0, 0x0, 0xb, 0xf0, 0x0,
    0xb, 0xf0, 0x0, 0xb, 0xf0, 0x0, 0xb, 0xf0,
    0x0, 0xb, 0xf0, 0x0, 0xb, 0xf0, 0x3f, 0xff,
    0xf0, 0x3, 0x33, 0x30,

    /* U+005E "^" */
    0x0, 0x3, 0x76, 0x0, 0x0, 0x0, 0xa, 0xff,
    0x10, 0x0, 0x0, 0x1f, 0xef, 0x70, 0x0, 0x0,
    0x7f, 0x5e, 0xe0, 0x0, 0x0, 0xee, 0x8, 0xf4,
    0x0, 0x4, 0xf9, 0x2, 0xfb, 0x0, 0xb, 0xf3,
    0x0, 0xcf, 0x10, 0x1f, 0xc0, 0x0, 0x6f, 0x80,
    0x8f, 0x60, 0x0, 0x1f, 0xe0,

    /* U+005F "_" */
    0x11, 0x11, 0x11, 0x11, 0x11, 0x1b, 0xff, 0xff,
    0xff, 0xff, 0xff, 0x34, 0x44, 0x44, 0x44, 0x44,
    0x40,

    /* U+0060 "`" */
    0x0, 0x20, 0x0, 0xc, 0xe1, 0x0, 0x1d, 0xfd,
    0x0, 0x0, 0xcf, 0xb0, 0x0, 0xb, 0xf3, 0x0,
    0x0, 0x30,

    /* U+0061 "a" */
    0x1, 0x8b, 0xee, 0xb3, 0x3, 0xff, 0xfe, 0xff,
    0xf2, 0xa, 0x50, 0x1, 0xcf, 0xa0, 0x0, 0x0,
    0x6, 0xfd, 0x0, 0x5, 0x8b, 0xef, 0xf0, 0x7e,
    0xfe, 0xaa, 0xff, 0x7f, 0xe4, 0x0, 0x4f, 0xfc,
    0xf6, 0x0, 0x4, 0xff, 0xcf, 0xa0, 0x3, 0xdf,
    0xf7, 0xff, 0xee, 0xfc, 0xff, 0x7, 0xdf, 0xb6,
    0xf, 0xf0,

    /* U+0062 "b" */
    0x4f, 0xf0, 0x0, 0x0, 0x0, 0x4, 0xff, 0x0,
    0x0, 0x0, 0x0, 0x4f, 0xf0, 0x0, 0x0, 0x0,
    0x4, 0xff, 0x0, 0x0, 0x0, 0x0, 0x4f, 0xf1,
    0x8d, 0xeb, 0x40, 0x4, 0xff, 0xef, 0xff, 0xff,
    0x60, 0x4f, 0xfc, 0x30, 0x1b, 0xfe, 0x4, 0xff,
    0x0, 0x0, 0x1f, 0xf5, 0x4f, 0xf0, 0x0, 0x0,
    0xdf, 0x74, 0xff, 0x0, 0x0, 0xd, 0xf8, 0x4f,
    0xf0, 0x0, 0x0, 0xef, 0x64, 0xff, 0x0, 0x0,
    0x4f, 0xf3, 0x4f, 0xf8, 0x10, 0x3d, 0xfc, 0x4,
    0xfe, 0xff, 0xff, 0xfe, 0x20, 0x4f, 0xa2, 0xae,
    0xd9, 0x10, 0x0,

    /* U+0063 "c" */
    0x0, 0x2, 0xad, 0xfc, 0x70, 0x0, 0x6f, 0xff,
    0xef, 0xf5, 0x2, 0xff, 0xa1, 0x1, 0x60, 0xa,
    0xfd, 0x0, 0x0, 0x0, 0xd, 0xf7, 0x0, 0x0,
    0x0, 0xf, 0xf6, 0x0, 0x0, 0x0, 0xd, 0xf7,
    0x0, 0x0, 0x0, 0xb, 0xfd, 0x0, 0x0, 0x0,
    0x3, 0xff, 0xa1, 0x1, 0x81, 0x0, 0x7f, 0xff,
    0xef, 0xf8, 0x0, 0x3, 0xbd, 0xfc, 0x60,

    /* U+0064 "d" */
    0x0, 0x0, 0x0, 0x6, 0xfd, 0x0, 0x0, 0x0,
    0x6, 0xfd, 0x0, 0x0, 0x0, 0x6, 0xfd, 0x0,
    0x0, 0x0, 0x6, 0xfd, 0x0, 0x4b, 0xed, 0x86,
    0xfd, 0x7, 0xff, 0xff, 0xff, 0xfd, 0x3f, 0xf9,
    0x0, 0x3c, 0xfd, 0xaf, 0xd0, 0x0, 0x6, 0xfd,
    0xdf, 0x80, 0x0, 0x6, 0xfd, 0xff, 0x60, 0x0,
    0x6, 0xfd, 0xdf, 0x70, 0x0, 0x6, 0xfd, 0xbf,
    0xc0, 0x0, 0x6, 0xfd, 0x5f, 0xf7, 0x0, 0x5f,
    0xfd, 0xb, 0xff, 0xff, 0xfd, 0xfd, 0x0, 0x7c,
    0xfc, 0x61, 0xfd,

    /* U+0065 "e" */
    0x0, 0x3, 0xbe, 0xeb, 0x30, 0x0, 0x6, 0xff,
    0xdd, 0xff, 0x50, 0x2, 0xff, 0x40, 0x4, 0xfe,
    0x0, 0xaf, 0x80, 0x0, 0xa, 0xf4, 0xd, 0xfa,
    0x88, 0x88, 0xcf, 0x60, 0xff, 0xff, 0xff, 0xff,
    0xf6, 0xd, 0xf5, 0x0, 0x0, 0x0, 0x0, 0xaf,
    0xa0, 0x0, 0x0, 0x0, 0x3, 0xff, 0x80, 0x0,
    0x33, 0x0, 0x7, 0xff, 0xfc, 0xef, 0xc0, 0x0,
    0x3, 0xad, 0xfd, 0x92, 0x0,

    /* U+0066 "f" */
    0x0, 0x7, 0xdf, 0xd5, 0x0, 0x7f, 0xfe, 0xe3,
    0x0, 0xcf, 0xa0, 0x0, 0x0, 0xdf, 0x60, 0x0,
    0x5e, 0xff, 0xff, 0xa0, 0x4c, 0xff, 0xec, 0x80,
    0x0, 0xdf, 0x60, 0x0, 0x0, 0xdf, 0x60, 0x0,
    0x0, 0xdf, 0x60, 0x0, 0x0, 0xdf, 0x60, 0x0,
    0x0, 0xdf, 0x60, 0x0, 0x0, 0xdf, 0x60, 0x0,
    0x0, 0xdf, 0x60, 0x0, 0x0, 0xdf, 0x60, 0x0,
    0x0, 0xdf, 0x60, 0x0,

    /* U+0067 "g" */
    0x0, 0x19, 0xdf, 0xff, 0xff, 0xf1, 0x2, 0xef,
    0xea, 0xdf, 0xfb, 0xb0, 0x8, 0xfb, 0x0, 0x9,
    0xf7, 0x0, 0x8, 0xf9, 0x0, 0x6, 0xfa, 0x0,
    0x2, 0xff, 0x73, 0x6e, 0xf5, 0x0, 0x0, 0x6f,
    0xff, 0xff, 0x70, 0x0, 0x0, 0xec, 0x14, 0x30,
    0x0, 0x0, 0x5, 0xf7, 0x0, 0x0, 0x0, 0x0,
    0x5, 0xfc, 0x0, 0x0, 0x0, 0x0, 0x1, 0xff,
    0xec, 0xcc, 0xb7, 0x10, 0x0, 0xbf, 0xef, 0xff,
    0xff, 0xe0, 0xa, 0xf3, 0x0, 0x1, 0x4f, 0xf3,
    0xf, 0xf1, 0x0, 0x0, 0x4f, 0xf0, 0xa, 0xfe,
    0xa8, 0x8b, 0xff, 0x40, 0x0, 0x7c, 0xef, 0xec,
    0x71, 0x0,

    /* U+0068 "h" */
    0x4f, 0xf0, 0x0, 0x0, 0x0, 0x4f, 0xf0, 0x0,
    0x0, 0x0, 0x4f, 0xf0, 0x0, 0x0, 0x0, 0x4f,
    0xf0, 0x0, 0x0, 0x0, 0x4f, 0xf0, 0x6d, 0xfc,
    0x50, 0x4f, 0xfb, 0xff, 0xff, 0xf3, 0x4f, 0xfe,
    0x50, 0x2e, 0xfa, 0x4f, 0xf2, 0x0, 0x8, 0xfc,
    0x4f, 0xf0, 0x0, 0x6, 0xfd, 0x4f, 0xf0, 0x0,
    0x6, 0xfd, 0x4f, 0xf0, 0x0, 0x6, 0xfd, 0x4f,
    0xf0, 0x0, 0x6, 0xfd, 0x4f, 0xf0, 0x0, 0x6,
    0xfd, 0x4f, 0xf0, 0x0, 0x6, 0xfd, 0x4f, 0xf0,
    0x0, 0x6, 0xfd,

    /* U+0069 "i" */
    0x2d, 0xc0, 0x6f, 0xf3, 0x18, 0x70, 0x0, 0x0,
    0x4f, 0xf0, 0x4f, 0xf0, 0x4f, 0xf0, 0x4f, 0xf0,
    0x4f, 0xf0, 0x4f, 0xf0, 0x4f, 0xf0, 0x4f, 0xf0,
    0x4f, 0xf0, 0x4f, 0xf0, 0x4f, 0xf0,

    /* U+006A "j" */
    0x0, 0x2d, 0xc0, 0x0, 0x6f, 0xf3, 0x0, 0x18,
    0x70, 0x0, 0x0, 0x0, 0x0, 0x4f, 0xf0, 0x0,
    0x4f, 0xf0, 0x0, 0x4f, 0xf0, 0x0, 0x4f, 0xf0,
    0x0, 0x4f, 0xf0, 0x0, 0x4f, 0xf0, 0x0, 0x4f,
    0xf0, 0x0, 0x4f, 0xf0, 0x0, 0x4f, 0xf0, 0x0,
    0x4f, 0xf0, 0x0, 0x4f, 0xf0, 0x0, 0x4f, 0xf0,
    0x0, 0x8f, 0xe0, 0x9d, 0xff, 0x80, 0xbf, 0xd8,
    0x0,

    /* U+006B "k" */
    0x4f, 0xf0, 0x0, 0x0, 0x0, 0x4, 0xff, 0x0,
    0x0, 0x0, 0x0, 0x4f, 0xf0, 0x0, 0x0, 0x0,
    0x4, 0xff, 0x0, 0x0, 0x0, 0x0, 0x4f, 0xf0,
    0x0, 0x2e, 0xf7, 0x4, 0xff, 0x0, 0xd, 0xfa,
    0x0, 0x4f, 0xf0, 0xa, 0xfc, 0x0, 0x4, 0xff,
    0x7, 0xfe, 0x10, 0x0, 0x4f, 0xf4, 0xff, 0x50,
    0x0, 0x4, 0xff, 0xef, 0xfc, 0x0, 0x0, 0x4f,
    0xff, 0x7d, 0xf7, 0x0, 0x4, 0xff, 0x80, 0x4f,
    0xf2, 0x0, 0x4f, 0xf0, 0x0, 0xaf, 0xb0, 0x4,
    0xff, 0x0, 0x1, 0xff, 0x50, 0x4f, 0xf0, 0x0,
    0x7, 0xfe, 0x10,

    /* U+006C "l" */
    0x4f, 0xf0, 0x4, 0xff, 0x0, 0x4f, 0xf0, 0x4,
    0xff, 0x0, 0x4f, 0xf0, 0x4, 0xff, 0x0, 0x4f,
    0xf0, 0x4, 0xff, 0x0, 0x4f, 0xf0, 0x4, 0xff,
    0x0, 0x4f, 0xf0, 0x4, 0xff, 0x0, 0x3f, 0xf1,
    0x1, 0xff, 0xe0, 0x7, 0xee, 0x20,

    /* U+006D "m" */
    0x4f, 0xa0, 0x7e, 0xfc, 0x30, 0x1a, 0xfe, 0x90,
    0x4, 0xfd, 0xbf, 0xff, 0xfe, 0x4e, 0xff, 0xff,
    0x90, 0x4f, 0xfe, 0x40, 0x4f, 0xff, 0xa2, 0xa,
    0xff, 0x4, 0xff, 0x20, 0x0, 0xcf, 0xb0, 0x0,
    0x2f, 0xf2, 0x4f, 0xf0, 0x0, 0xa, 0xfa, 0x0,
    0x1, 0xff, 0x44, 0xff, 0x0, 0x0, 0xaf, 0xa0,
    0x0, 0xf, 0xf4, 0x4f, 0xf0, 0x0, 0xa, 0xfa,
    0x0, 0x0, 0xff, 0x44, 0xff, 0x0, 0x0, 0xaf,
    0xa0, 0x0, 0xf, 0xf4, 0x4f, 0xf0, 0x0, 0xa,
    0xfa, 0x0, 0x0, 0xff, 0x44, 0xff, 0x0, 0x0,
    0xaf, 0xa0, 0x0, 0xf, 0xf4, 0x4f, 0xf0, 0x0,
    0xa, 0xfa, 0x0, 0x0, 0xff, 0x40,

    /* U+006E "n" */
    0x4f, 0xa0, 0x7d, 0xfc, 0x50, 0x4f, 0xdb, 0xff,
    0xff, 0xf3, 0x4f, 0xfe, 0x50, 0x2e, 0xfa, 0x4f,
    0xf2, 0x0, 0x8, 0xfc, 0x4f, 0xf0, 0x0, 0x6,
    0xfd, 0x4f, 0xf0, 0x0, 0x6, 0xfd, 0x4f, 0xf0,
    0x0, 0x6, 0xfd, 0x4f, 0xf0, 0x0, 0x6, 0xfd,
    0x4f, 0xf0, 0x0, 0x6, 0xfd, 0x4f, 0xf0, 0x0,
    0x6, 0xfd, 0x4f, 0xf0, 0x0, 0x6, 0xfd,

    /* U+006F "o" */
    0x0, 0x3, 0xad, 0xeb, 0x50, 0x0, 0x0, 0x6f,
    0xff, 0xff, 0xfb, 0x0, 0x3, 0xff, 0x80, 0x4,
    0xff, 0x70, 0xa, 0xfc, 0x0, 0x0, 0x7f, 0xe0,
    0xd, 0xf7, 0x0, 0x0, 0x2f, 0xf2, 0xf, 0xf5,
    0x0, 0x0, 0x1f, 0xf4, 0xd, 0xf7, 0x0, 0x0,
    0x2f, 0xf2, 0xa, 0xfc, 0x0, 0x0, 0x7f, 0xe0,
    0x3, 0xff, 0x80, 0x4, 0xff, 0x70, 0x0, 0x7f,
    0xff, 0xef, 0xfb, 0x0, 0x0, 0x3, 0xae, 0xeb,
    0x50, 0x0,

    /* U+0070 "p" */
    0x4f, 0xb1, 0x8d, 0xeb, 0x50, 0x4, 0xfe, 0xef,
    0xff, 0xff, 0x60, 0x4f, 0xfc, 0x30, 0x1b, 0xfe,
    0x4, 0xff, 0x0, 0x0, 0x1f, 0xf5, 0x4f, 0xf0,
    0x0, 0x0, 0xdf, 0x74, 0xff, 0x0, 0x0, 0xd,
    0xf8, 0x4f, 0xf0, 0x0, 0x0, 0xef, 0x64, 0xff,
    0x0, 0x0, 0x4f, 0xf3, 0x4f, 0xf9, 0x10, 0x3d,
    0xfc, 0x4, 0xff, 0xff, 0xff, 0xfe, 0x20, 0x4f,
    0xf2, 0xae, 0xd9, 0x10, 0x4, 0xff, 0x0, 0x0,
    0x0, 0x0, 0x4f, 0xf0, 0x0, 0x0, 0x0, 0x4,
    0xff, 0x0, 0x0, 0x0, 0x0, 0x4f, 0xf0, 0x0,
    0x0, 0x0, 0x0,

    /* U+0071 "q" */
    0x0, 0x4b, 0xed, 0x91, 0xfd, 0x7, 0xff, 0xff,
    0xff, 0xfd, 0x3f, 0xf9, 0x0, 0x3c, 0xfd, 0xaf,
    0xd0, 0x0, 0x6, 0xfd, 0xdf, 0x80, 0x0, 0x6,
    0xfd, 0xff, 0x60, 0x0, 0x6, 0xfd, 0xdf, 0x70,
    0x0, 0x6, 0xfd, 0xbf, 0xc0, 0x0, 0x6, 0xfd,
    0x5f, 0xf7, 0x0, 0x5f, 0xfd, 0xb, 0xff, 0xff,
    0xfe, 0xfd, 0x0, 0x7c, 0xfc, 0x66, 0xfd, 0x0,
    0x0, 0x0, 0x6, 0xfd, 0x0, 0x0, 0x0, 0x6,
    0xfd, 0x0, 0x0, 0x0, 0x6, 0xfd, 0x0, 0x0,
    0x0, 0x6, 0xfd,

    /* U+0072 "r" */
    0x4f, 0xa0, 0x8e, 0xf1, 0x4f, 0xb8, 0xff, 0xe0,
    0x4f, 0xff, 0x61, 0x10, 0x4f, 0xf7, 0x0, 0x0,
    0x4f, 0xf1, 0x0, 0x0, 0x4f, 0xf0, 0x0, 0x0,
    0x4f, 0xf0, 0x0, 0x0, 0x4f, 0xf0, 0x0, 0x0,
    0x4f, 0xf0, 0x0, 0x0, 0x4f, 0xf0, 0x0, 0x0,
    0x4f, 0xf0, 0x0, 0x0,

    /* U+0073 "s" */
    0x0, 0x3b, 0xee, 0xb6, 0x0, 0x4f, 0xfe, 0xcf,
    0xf6, 0xa, 0xfa, 0x0, 0x16, 0x0, 0xbf, 0x90,
    0x0, 0x0, 0x4, 0xff, 0xd6, 0x0, 0x0, 0x3,
    0xbf, 0xfe, 0x70, 0x0, 0x0, 0x29, 0xff, 0x70,
    0x0, 0x0, 0x7, 0xfd, 0x9, 0x60, 0x0, 0x9f,
    0xc2, 0xff, 0xfc, 0xef, 0xf4, 0x1, 0x8c, 0xfe,
    0xb3, 0x0,

    /* U+0074 "t" */
    0x0, 0x8f, 0x60, 0x0, 0x0, 0xaf, 0x60, 0x0,
    0x0, 0xbf, 0x60, 0x0, 0x7f, 0xff, 0xff, 0xf4,
    0x6c, 0xff, 0xec, 0xc3, 0x0, 0xef, 0x60, 0x0,
    0x0, 0xef, 0x60, 0x0, 0x0, 0xef, 0x60, 0x0,
    0x0, 0xef, 0x60, 0x0, 0x0, 0xef, 0x60, 0x0,
    0x0, 0xdf, 0x70, 0x0, 0x0, 0xcf, 0xc0, 0x0,
    0x0, 0x6f, 0xff, 0xe5, 0x0, 0x7, 0xdf, 0xc5,

    /* U+0075 "u" */
    0x6f, 0xe0, 0x0, 0x9, 0xfb, 0x6f, 0xe0, 0x0,
    0x9, 0xfb, 0x6f, 0xe0, 0x0, 0x9, 0xfb, 0x6f,
    0xe0, 0x0, 0x9, 0xfb, 0x6f, 0xe0, 0x0, 0x9,
    0xfb, 0x6f, 0xe0, 0x0, 0x9, 0xfb, 0x6f, 0xe0,
    0x0, 0x9, 0xfb, 0x5f, 0xf0, 0x0, 0xc, 0xfb,
    0x3f, 0xf7, 0x2, 0xaf, 0xfb, 0xc, 0xff, 0xff,
    0xe8, 0xfb, 0x1, 0xae, 0xea, 0x13, 0xfb,

    /* U+0076 "v" */
    0x8f, 0xc0, 0x0, 0x0, 0xcf, 0x73, 0xff, 0x10,
    0x0, 0x1f, 0xf1, 0xd, 0xf6, 0x0, 0x6, 0xfc,
    0x0, 0x7f, 0xb0, 0x0, 0xbf, 0x60, 0x2, 0xff,
    0x10, 0x1f, 0xf1, 0x0, 0xc, 0xf5, 0x5, 0xfb,
    0x0, 0x0, 0x7f, 0xa0, 0xaf, 0x60, 0x0, 0x1,
    0xff, 0xf, 0xf1, 0x0, 0x0, 0xb, 0xf7, 0xfb,
    0x0, 0x0, 0x0, 0x6f, 0xff, 0x50, 0x0, 0x0,
    0x1, 0xff, 0xf0, 0x0, 0x0,

    /* U+0077 "w" */
    0x5f, 0xf0, 0x0, 0xd, 0xf8, 0x0, 0x4, 0xfe,
    0x1, 0xff, 0x30, 0x1, 0xff, 0xc0, 0x0, 0x8f,
    0xa0, 0xc, 0xf7, 0x0, 0x6f, 0xdf, 0x10, 0xb,
    0xf6, 0x0, 0x8f, 0xb0, 0xa, 0xf7, 0xf5, 0x0,
    0xff, 0x20, 0x3, 0xff, 0x0, 0xec, 0x3f, 0x90,
    0x3f, 0xe0, 0x0, 0xf, 0xf3, 0x2f, 0x80, 0xfd,
    0x7, 0xf9, 0x0, 0x0, 0xbf, 0x66, 0xf5, 0xb,
    0xf1, 0xaf, 0x50, 0x0, 0x7, 0xf9, 0xaf, 0x10,
    0x7f, 0x5d, 0xf1, 0x0, 0x0, 0x2f, 0xcd, 0xd0,
    0x3, 0xfa, 0xfd, 0x0, 0x0, 0x0, 0xef, 0xf8,
    0x0, 0xf, 0xff, 0x90, 0x0, 0x0, 0xa, 0xff,
    0x40, 0x0, 0xbf, 0xf5, 0x0, 0x0,

    /* U+0078 "x" */
    0x2f, 0xf5, 0x0, 0xb, 0xfa, 0x0, 0x7f, 0xe0,
    0x3, 0xff, 0x10, 0x0, 0xdf, 0x80, 0xbf, 0x70,
    0x0, 0x4, 0xff, 0x5f, 0xd0, 0x0, 0x0, 0x9,
    0xff, 0xf4, 0x0, 0x0, 0x0, 0x5f, 0xfc, 0x0,
    0x0, 0x0, 0xd, 0xff, 0xf4, 0x0, 0x0, 0x8,
    0xf9, 0x6f, 0xe0, 0x0, 0x2, 0xff, 0x10, 0xdf,
    0x90, 0x0, 0xcf, 0x80, 0x3, 0xff, 0x30, 0x6f,
    0xe1, 0x0, 0x9, 0xfd, 0x0,

    /* U+0079 "y" */
    0x8f, 0xc0, 0x0, 0x0, 0xcf, 0x71, 0xff, 0x20,
    0x0, 0x1f, 0xf1, 0xa, 0xf8, 0x0, 0x6, 0xfb,
    0x0, 0x4f, 0xe0, 0x0, 0xbf, 0x50, 0x0, 0xdf,
    0x40, 0x1f, 0xf0, 0x0, 0x6, 0xfa, 0x6, 0xfa,
    0x0, 0x0, 0xf, 0xf0, 0xaf, 0x40, 0x0, 0x0,
    0x9f, 0x5f, 0xe0, 0x0, 0x0, 0x2, 0xfe, 0xf8,
    0x0, 0x0, 0x0, 0xc, 0xff, 0x30, 0x0, 0x0,
    0x0, 0x7f, 0xd0, 0x0, 0x0, 0x0, 0xc, 0xf7,
    0x0, 0x0, 0x0, 0x7, 0xfe, 0x0, 0x0, 0x0,
    0xce, 0xff, 0x40, 0x0, 0x0, 0xe, 0xfc, 0x40,
    0x0, 0x0, 0x0,

    /* U+007A "z" */
    0xa, 0xff, 0xff, 0xff, 0xf0, 0x8, 0xcc, 0xcc,
    0xff, 0xd0, 0x0, 0x0, 0x4, 0xff, 0x30, 0x0,
    0x0, 0x1e, 0xf8, 0x0, 0x0, 0x0, 0xaf, 0xc0,
    0x0, 0x0, 0x5, 0xff, 0x20, 0x0, 0x0, 0x1e,
    0xf7, 0x0, 0x0, 0x0, 0xbf, 0xc0, 0x0, 0x0,
    0x6, 0xff, 0x20, 0x0, 0x0, 0x1f, 0xff, 0xcc,
    0xcc, 0xc3, 0x4f, 0xff, 0xff, 0xff, 0xf4,

    /* U+007B "{" */
    0x0, 0x8, 0xef, 0x40, 0x4, 0xfd, 0x41, 0x0,
    0x7f, 0x60, 0x0, 0x8, 0xf5, 0x0, 0x0, 0x7f,
    0x60, 0x0, 0x6, 0xf6, 0x0, 0x0, 0x6f, 0x60,
    0x0, 0x7, 0xf6, 0x0, 0x3, 0xdf, 0x30, 0x3,
    0xff, 0x50, 0x0, 0x17, 0xee, 0x20, 0x0, 0x8,
    0xf6, 0x0, 0x0, 0x5f, 0x70, 0x0, 0x6, 0xf6,
    0x0, 0x0, 0x7f, 0x60, 0x0, 0x8, 0xf5, 0x0,
    0x0, 0x8f, 0x60, 0x0, 0x5, 0xfb, 0x0, 0x0,
    0xc, 0xff, 0x40, 0x0, 0x1, 0x31,

    /* U+007C "|" */
    0xf9, 0xf9, 0xf9, 0xf9, 0xf9, 0xf9, 0xf9, 0xf9,
    0xf9, 0xf9, 0xf9, 0xf9, 0xf9, 0xf9, 0xf9, 0xf9,
    0xf9, 0xf9, 0xf9, 0xf9, 0xf9, 0xf9,

    /* U+007D "}" */
    0x3f, 0xea, 0x0, 0x0, 0x4c, 0xf6, 0x0, 0x0,
    0x4f, 0x90, 0x0, 0x3, 0xf9, 0x0, 0x0, 0x4f,
    0x90, 0x0, 0x4, 0xf8, 0x0, 0x0, 0x5f, 0x70,
    0x0, 0x4, 0xf8, 0x0, 0x0, 0x1f, 0xe4, 0x0,
    0x0, 0x3f, 0xf5, 0x0, 0x1e, 0xf7, 0x10, 0x4,
    0xf9, 0x0, 0x0, 0x5f, 0x70, 0x0, 0x4, 0xf8,
    0x0, 0x0, 0x4f, 0x80, 0x0, 0x4, 0xf9, 0x0,
    0x0, 0x4f, 0x90, 0x0, 0x9, 0xf7, 0x0, 0x3f,
    0xfd, 0x10, 0x0, 0x32, 0x0, 0x0,

    /* U+007E "~" */
    0x0, 0x49, 0x71, 0x0, 0x0, 0x0, 0x6f, 0xff,
    0xe3, 0x1, 0xe4, 0xf, 0xb1, 0x5e, 0xfc, 0xff,
    0x20, 0x21, 0x0, 0x1a, 0xec, 0x30,

    /* U+00B7 "·" */
    0x0, 0x66, 0x0, 0xd, 0xff, 0xd0, 0x4f, 0xff,
    0xf3, 0x2f, 0xff, 0xf2, 0x6, 0xee, 0x60,

    /* U+2014 "—" */
    0x7, 0x77, 0x77, 0x77, 0x77, 0x77, 0x77, 0x77,
    0x70, 0xf, 0xff, 0xff, 0xff, 0xff, 0xff, 0xff,
    0xff, 0xf0,

    /* U+3001 "、" */
    0x0, 0x60, 0x0, 0x0, 0xaf, 0xc0, 0x0, 0x5,
    0xff, 0xc1, 0x0, 0x4, 0xff, 0xc0, 0x0, 0x4,
    0xff, 0xb0, 0x0, 0x5, 0xe3, 0x0, 0x0, 0x0,
    0x0,

    /* U+3002 "。" */
    0x0, 0x7d, 0xc5, 0x0, 0x9e, 0x67, 0xf5, 0x1f,
    0x30, 0x7, 0xc3, 0xf0, 0x0, 0x3f, 0x1f, 0x20,
    0x6, 0xd0, 0xad, 0x46, 0xf6, 0x0, 0x9e, 0xd6,
    0x0,

    /* U+3042 "あ" */
    0x0, 0x0, 0x7, 0xf7, 0x0, 0x0, 0x0, 0x0,
    0x0, 0x0, 0x0, 0x8f, 0x50, 0x0, 0x13, 0x60,
    0x0, 0x2c, 0xaa, 0x9d, 0xfb, 0xcd, 0xef, 0xff,
    0x0, 0x2, 0xff, 0xff, 0xff, 0xff, 0xec, 0xb8,
    0x60, 0x0, 0x0, 0x11, 0x2d, 0xe0, 0x0, 0x14,
    0x0, 0x0, 0x0, 0x0, 0x0, 0xed, 0x0, 0x17,
    0xf8, 0x0, 0x0, 0x0, 0x0, 0xf, 0xfd, 0xff,
    0xff, 0xc4, 0x0, 0x0, 0x0, 0x2c, 0xff, 0xc9,
    0x8f, 0xef, 0xf9, 0x0, 0x0, 0x5f, 0xff, 0xb0,
    0x8, 0xf5, 0x1c, 0xf7, 0x0, 0x5f, 0xd2, 0xfc,
    0x1, 0xfc, 0x0, 0x1f, 0xf0, 0x1e, 0xe1, 0xe,
    0xd0, 0xbf, 0x40, 0x0, 0xcf, 0x28, 0xf5, 0x0,
    0xcf, 0x9f, 0xb0, 0x0, 0xd, 0xf2, 0xcf, 0x0,
    0xb, 0xff, 0xd1, 0x0, 0x2, 0xff, 0xf, 0xf1,
    0x4, 0xdf, 0xd1, 0x0, 0x0, 0xdf, 0x90, 0xcf,
    0xff, 0xff, 0xf9, 0x0, 0x5, 0xef, 0xe0, 0x2,
    0xdf, 0xea, 0x5f, 0x91, 0xbf, 0xff, 0xb1, 0x0,
    0x0, 0x0, 0x0, 0x0, 0xb, 0xfb, 0x50, 0x0,
    0x0, 0x0, 0x0, 0x0, 0x0, 0x0, 0x0, 0x0,
    0x0,

    /* U+3044 "い" */
    0x1, 0x10, 0x0, 0x0, 0x0, 0x0, 0x0, 0x0,
    0x6, 0xfe, 0x0, 0x0, 0x0, 0x0, 0x5, 0x30,
    0x0, 0x5f, 0xc0, 0x0, 0x0, 0x0, 0x7, 0xfd,
    0x0, 0x4, 0xfc, 0x0, 0x0, 0x0, 0x0, 0xd,
    0xf7, 0x0, 0x4f, 0xc0, 0x0, 0x0, 0x0, 0x0,
    0x4f, 0xe0, 0x3, 0xfc, 0x0, 0x0, 0x0, 0x0,
    0x0, 0xef, 0x50, 0x2f, 0xd0, 0x0, 0x0, 0x0,
    0x0, 0x7, 0xfb, 0x1, 0xfe, 0x0, 0x0, 0x0,
    0x0, 0x0, 0x3f, 0xf0, 0xf, 0xf0, 0x0, 0x0,
    0x0, 0x0, 0x0, 0xef, 0x40, 0xef, 0x30, 0x0,
    0x84, 0x0, 0x0, 0xb, 0xf7, 0xa, 0xf7, 0x0,
    0xe, 0xf2, 0x0, 0x0, 0x8f, 0xa0, 0x6f, 0xd0,
    0x4, 0xfe, 0x0, 0x0, 0x6, 0xf8, 0x1, 0xff,
    0xa5, 0xef, 0x70, 0x0, 0x0, 0x11, 0x0, 0x7,
    0xff, 0xff, 0xd0, 0x0, 0x0, 0x0, 0x0, 0x0,
    0x8, 0xff, 0xe3, 0x0, 0x0, 0x0, 0x0, 0x0,
    0x0, 0x1, 0x30, 0x0, 0x0, 0x0, 0x0, 0x0,

    /* U+3046 "う" */
    0x0, 0x2c, 0x97, 0x53, 0x20, 0x0, 0x0, 0x0,
    0x4f, 0xff, 0xff, 0xff, 0xf8, 0x0, 0x0, 0x2,
    0x57, 0x8a, 0xcd, 0xe6, 0x0, 0x0, 0x0, 0x0,
    0x0, 0x0, 0x0, 0x0, 0x0, 0x0, 0x0, 0x1,
    0x10, 0x0, 0x0, 0x1, 0x48, 0xbd, 0xff, 0xfe,
    0xa2, 0x0, 0xbf, 0xff, 0xff, 0xfd, 0xdf, 0xff,
    0x20, 0x7f, 0xc7, 0x30, 0x0, 0x2, 0xcf, 0xc0,
    0x12, 0x0, 0x0, 0x0, 0x0, 0x2f, 0xf1, 0x0,
    0x0, 0x0, 0x0, 0x0, 0xf, 0xf3, 0x0, 0x0,
    0x0, 0x0, 0x0, 0x1f, 0xf2, 0x0, 0x0, 0x0,
    0x0, 0x0, 0x7f, 0xe0, 0x0, 0x0, 0x0, 0x0,
    0x3, 0xff, 0x80, 0x0, 0x0, 0x0, 0x1, 0x7f,
    0xfc, 0x0, 0x0, 0x0, 0x15, 0x9f, 0xff, 0xb0,
    0x0, 0x0, 0xd, 0xff, 0xff, 0xc4, 0x0, 0x0,
    0x0, 0x6, 0xfc, 0x84, 0x0, 0x0, 0x0, 0x0,
    0x0, 0x0, 0x0, 0x0, 0x0, 0x0,

    /* U+304A "お" */
    0x0, 0x0, 0x0, 0x0, 0x0, 0x0, 0x0, 0x0,
    0x0, 0x0, 0x0, 0xd, 0xf4, 0x0, 0x0, 0x0,
    0x0, 0x0, 0x0, 0x0, 0xc, 0xf2, 0x0, 0x0,
    0x0, 0x0, 0x0, 0x0, 0x0, 0xc, 0xf1, 0x14,
    0x80, 0x2e, 0x60, 0x0, 0xa, 0xbb, 0xbf, 0xff,
    0xff, 0xf0, 0x5f, 0xfd, 0x30, 0xc, 0xff, 0xff,
    0xfd, 0xb8, 0x50, 0x1, 0xaf, 0xf8, 0x1, 0x22,
    0x2d, 0xf0, 0x0, 0x0, 0x0, 0x5, 0xe7, 0x0,
    0x0, 0xd, 0xf0, 0x0, 0x0, 0x0, 0x0, 0x20,
    0x0, 0x0, 0xd, 0xf1, 0x47, 0x88, 0x62, 0x0,
    0x0, 0x0, 0x0, 0xe, 0xff, 0xff, 0xff, 0xff,
    0x90, 0x0, 0x0, 0x5, 0xef, 0xfb, 0x74, 0x33,
    0x6e, 0xf9, 0x0, 0x0, 0x9f, 0xfe, 0xf0, 0x0,
    0x0, 0x2, 0xff, 0x0, 0x6, 0xfd, 0x2c, 0xf0,
    0x0, 0x0, 0x0, 0xdf, 0x30, 0xe, 0xf1, 0xb,
    0xf1, 0x0, 0x0, 0x0, 0xff, 0x20, 0xf, 0xe0,
    0xb, 0xf1, 0x0, 0x0, 0x9, 0xfe, 0x0, 0xb,
    0xfc, 0x6e, 0xf1, 0x4, 0x58, 0xff, 0xf5, 0x0,
    0x1, 0xcf, 0xff, 0xe0, 0xe, 0xff, 0xfe, 0x40,
    0x0, 0x0, 0x6, 0xbc, 0x40, 0x7, 0xa8, 0x40,
    0x0, 0x0,

    /* U+304B "か" */
    0x0, 0x0, 0x4, 0xdb, 0x0, 0x0, 0x0, 0x0,
    0x0, 0x0, 0x0, 0x0, 0x5f, 0xd0, 0x0, 0x0,
    0x0, 0x0, 0x0, 0x0, 0x0, 0x7, 0xfa, 0x0,
    0x0, 0x1, 0x71, 0x0, 0x0, 0x0, 0x0, 0x9f,
    0x70, 0x0, 0x0, 0x9f, 0xb0, 0x0, 0x36, 0x67,
    0x8e, 0xfd, 0xdd, 0xb4, 0x1, 0xef, 0x30, 0x7,
    0xff, 0xff, 0xff, 0xfe, 0xff, 0xf2, 0x7, 0xfc,
    0x0, 0x4a, 0x75, 0x7f, 0xc0, 0x0, 0xaf, 0x80,
    0xe, 0xf3, 0x0, 0x0, 0x8, 0xf7, 0x0, 0x4,
    0xfa, 0x0, 0x8f, 0xa0, 0x0, 0x0, 0xdf, 0x30,
    0x0, 0x4f, 0xa0, 0x2, 0xff, 0x10, 0x0, 0x2f,
    0xe0, 0x0, 0x5, 0xf9, 0x0, 0xc, 0xf5, 0x0,
    0x8, 0xf9, 0x0, 0x0, 0x6f, 0x80, 0x0, 0x42,
    0x0, 0x0, 0xef, 0x30, 0x0, 0x8, 0xf7, 0x0,
    0x0, 0x0, 0x0, 0x5f, 0xd0, 0x0, 0x0, 0xbf,
    0x40, 0x0, 0x0, 0x0, 0xc, 0xf6, 0x0, 0x0,
    0xf, 0xf1, 0x0, 0x0, 0x0, 0x5, 0xfe, 0x1,
    0x63, 0x3a, 0xfc, 0x0, 0x0, 0x0, 0x0, 0xef,
    0x70, 0xf, 0xff, 0xff, 0x40, 0x0, 0x0, 0x0,
    0x6, 0xb0, 0x0, 0x8b, 0xca, 0x40, 0x0, 0x0,
    0x0, 0x0,

    /* U+304C "が" */
    0x0, 0x0, 0x0, 0x0, 0x0, 0x0, 0x0, 0x0,
    0x0, 0x0, 0x0, 0x0, 0x0, 0x0, 0x0, 0x0,
    0x0, 0x1, 0x4e, 0x20, 0x0, 0x0, 0x0, 0x9a,
    0x50, 0x0, 0x0, 0xad, 0x1e, 0xb0, 0x0, 0x0,
    0x0, 0xef, 0x50, 0x0, 0x0, 0x2f, 0x75, 0xf2,
    0x0, 0x0, 0x0, 0xff, 0x20, 0x0, 0x0, 0xc,
    0xb0, 0x0, 0x0, 0x0, 0x2, 0xff, 0x0, 0x0,
    0x2, 0xef, 0x10, 0x0, 0x4, 0x55, 0x69, 0xff,
    0xbc, 0xb7, 0x0, 0xaf, 0xa0, 0x0, 0xf, 0xff,
    0xff, 0xff, 0xff, 0xff, 0x90, 0x1f, 0xf2, 0x0,
    0xa, 0xa8, 0x6d, 0xf5, 0x0, 0x4f, 0xf0, 0x8,
    0xfa, 0x0, 0x0, 0x0, 0xf, 0xf0, 0x0, 0xc,
    0xf2, 0x1, 0xff, 0x20, 0x0, 0x0, 0x4f, 0xb0,
    0x0, 0xc, 0xf2, 0x0, 0xaf, 0x80, 0x0, 0x0,
    0xaf, 0x60, 0x0, 0xd, 0xf1, 0x0, 0x5f, 0xe0,
    0x0, 0x0, 0xff, 0x10, 0x0, 0xe, 0xf0, 0x0,
    0x8, 0x10, 0x0, 0x6, 0xfc, 0x0, 0x0, 0xf,
    0xf0, 0x0, 0x0, 0x0, 0x0, 0xd, 0xf5, 0x0,
    0x0, 0x2f, 0xd0, 0x0, 0x0, 0x0, 0x0, 0x4f,
    0xe0, 0x0, 0x0, 0x7f, 0x90, 0x0, 0x0, 0x0,
    0x0, 0xdf, 0x80, 0x44, 0x25, 0xff, 0x40, 0x0,
    0x0, 0x0, 0x7, 0xfe, 0x10, 0x8f, 0xff, 0xfc,
    0x0, 0x0, 0x0, 0x0, 0x3, 0x97, 0x0, 0x3a,
    0xcc, 0x81, 0x0, 0x0, 0x0, 0x0,

    /* U+304D "き" */
    0x0, 0x0, 0x0, 0x0, 0x0, 0x0, 0x0, 0x0,
    0x0, 0x0, 0x6, 0xfa, 0x0, 0x0, 0x0, 0x0,
    0x0, 0x0, 0x2f, 0xd0, 0x36, 0xa0, 0x5, 0xed,
    0xcb, 0xbb, 0xff, 0xff, 0xff, 0x20, 0x3e, 0xff,
    0xff, 0xff, 0xfe, 0x96, 0x30, 0x0, 0x0, 0x0,
    0x0, 0x4f, 0xa0, 0x0, 0x0, 0x0, 0x0, 0x0,
    0x0, 0xef, 0x1, 0x49, 0x29, 0xcb, 0xa9, 0xaa,
    0xbe, 0xff, 0xff, 0xf5, 0xaf, 0xff, 0xff, 0xff,
    0xff, 0xfb, 0x85, 0x10, 0x1, 0x12, 0x21, 0x10,
    0xaf, 0x60, 0x0, 0x0, 0x0, 0x0, 0x0, 0x1,
    0xfe, 0x0, 0x0, 0x69, 0x30, 0x0, 0x4a, 0x8d,
    0xfa, 0x0, 0xe, 0xf1, 0x0, 0x5, 0xef, 0xff,
    0xa0, 0x2, 0xfc, 0x0, 0x0, 0x0, 0x2, 0x51,
    0x0, 0x2f, 0xe0, 0x0, 0x0, 0x0, 0x0, 0x0,
    0x0, 0xef, 0xa2, 0x0, 0x0, 0x1, 0x30, 0x0,
    0x4, 0xff, 0xff, 0xed, 0xef, 0xfe, 0x0, 0x0,
    0x2, 0x8d, 0xff, 0xff, 0xfe, 0xa0, 0x0, 0x0,
    0x0, 0x0, 0x1, 0x0, 0x0, 0x0, 0x0,

    /* U+304E "ぎ" */
    0x0, 0x0, 0x0, 0x0, 0x0, 0x0, 0x0, 0x6b,
    0x0, 0x0, 0x0, 0x0, 0x5e, 0xa0, 0x0, 0xab,
    0x3f, 0x60, 0x0, 0x0, 0x0, 0x2f, 0xd0, 0x4,
    0x7f, 0x58, 0xe0, 0x4d, 0xcb, 0xaa, 0xaf, 0xfe,
    0xff, 0x9b, 0xa0, 0x10, 0x3f, 0xff, 0xff, 0xff,
    0xfe, 0xc9, 0x40, 0x0, 0x0, 0x0, 0x1, 0x11,
    0x14, 0xfa, 0x0, 0x0, 0x0, 0x0, 0x0, 0x0,
    0x0, 0x0, 0xdf, 0x11, 0x48, 0x20, 0x0, 0x8c,
    0xba, 0x99, 0xaa, 0xef, 0xff, 0xff, 0x60, 0x0,
    0x9f, 0xff, 0xff, 0xff, 0xff, 0xfc, 0x95, 0x10,
    0x0, 0x1, 0x12, 0x22, 0x21, 0x1a, 0xf6, 0x0,
    0x0, 0x0, 0x0, 0x0, 0x0, 0x0, 0x2, 0xfe,
    0x0, 0x0, 0x0, 0x3, 0x51, 0x0, 0x2, 0x54,
    0xbf, 0x70, 0x0, 0x0, 0xb, 0xf5, 0x0, 0x5,
    0xff, 0xff, 0xe0, 0x0, 0x0, 0xf, 0xf0, 0x0,
    0x1, 0x58, 0xad, 0x60, 0x0, 0x0, 0x1f, 0xd0,
    0x0, 0x0, 0x0, 0x0, 0x0, 0x0, 0x0, 0xf,
    0xf1, 0x0, 0x0, 0x0, 0x0, 0x0, 0x0, 0x0,
    0xb, 0xfd, 0x50, 0x0, 0x0, 0x25, 0x0, 0x0,
    0x0, 0x1, 0xdf, 0xff, 0xff, 0xff, 0xff, 0x0,
    0x0, 0x0, 0x0, 0x6, 0xbd, 0xff, 0xfe, 0xca,
    0x0, 0x0, 0x0,

    /* U+304F "く" */
    0x0, 0x0, 0x0, 0x0, 0x1, 0x0, 0x0, 0x0,
    0x0, 0x0, 0x3f, 0x50, 0x0, 0x0, 0x0, 0x3,
    0xef, 0xe1, 0x0, 0x0, 0x0, 0x4f, 0xfd, 0x20,
    0x0, 0x0, 0x6, 0xff, 0xb0, 0x0, 0x0, 0x0,
    0x9f, 0xf8, 0x0, 0x0, 0x0, 0x1b, 0xff, 0x50,
    0x0, 0x0, 0x1, 0xdf, 0xe2, 0x0, 0x0, 0x0,
    0xc, 0xfd, 0x10, 0x0, 0x0, 0x0, 0xf, 0xf9,
    0x0, 0x0, 0x0, 0x0, 0x9, 0xff, 0x70, 0x0,
    0x0, 0x0, 0x0, 0x9f, 0xf9, 0x0, 0x0, 0x0,
    0x0, 0x7, 0xff, 0xc1, 0x0, 0x0, 0x0, 0x0,
    0x4f, 0xfe, 0x20, 0x0, 0x0, 0x0, 0x3, 0xef,
    0xf4, 0x0, 0x0, 0x0, 0x0, 0x2d, 0xff, 0x50,
    0x0, 0x0, 0x0, 0x1, 0xdf, 0xf6, 0x0, 0x0,
    0x0, 0x0, 0x1d, 0xd1, 0x0, 0x0, 0x0, 0x0,
    0x1, 0x10,

    /* U+3050 "ぐ" */
    0x0, 0x0, 0x0, 0x0, 0x1, 0x0, 0x0, 0x0,
    0x0, 0x0, 0x0, 0x6, 0xe2, 0x0, 0x0, 0x0,
    0x0, 0x0, 0x6, 0xff, 0xb0, 0x0, 0x0, 0x0,
    0x0, 0x8, 0xff, 0xa0, 0x0, 0x0, 0x0, 0x0,
    0xa, 0xff, 0x70, 0x1, 0x20, 0x0, 0x0, 0x1c,
    0xff, 0x40, 0x40, 0xcd, 0x0, 0x0, 0x3e, 0xfd,
    0x20, 0x2f, 0x83, 0xf7, 0x0, 0x4f, 0xfb, 0x0,
    0x0, 0x8f, 0x1a, 0xb0, 0x1f, 0xf9, 0x0, 0x0,
    0x1, 0xd5, 0x0, 0x5, 0xff, 0x40, 0x0, 0x0,
    0x0, 0x0, 0x0, 0xc, 0xfe, 0x30, 0x0, 0x0,
    0x0, 0x0, 0x0, 0x1c, 0xff, 0x60, 0x0, 0x0,
    0x0, 0x0, 0x0, 0xa, 0xff, 0x90, 0x0, 0x0,
    0x0, 0x0, 0x0, 0x8, 0xff, 0xb0, 0x0, 0x0,
    0x0, 0x0, 0x0, 0x6, 0xff, 0xd1, 0x0, 0x0,
    0x0, 0x0, 0x0, 0x5, 0xff, 0xe2, 0x0, 0x0,
    0x0, 0x0, 0x0, 0x4, 0xff, 0xe2, 0x0, 0x0,
    0x0, 0x0, 0x0, 0x4, 0xfa, 0x0, 0x0, 0x0,
    0x0, 0x0, 0x0, 0x3, 0x0, 0x0, 0x0,

    /* U+3053 "こ" */
    0x1, 0x21, 0x0, 0x0, 0x1, 0x23, 0x10, 0x7,
    0xff, 0xff, 0xff, 0xff, 0xff, 0x60, 0x6, 0xef,
    0xff, 0xff, 0xff, 0xed, 0x50, 0x0, 0x0, 0x0,
    0x0, 0x0, 0x0, 0x0, 0x0, 0x0, 0x0, 0x0,
    0x0, 0x0, 0x0, 0x0, 0x0, 0x0, 0x0, 0x0,
    0x0, 0x0, 0x0, 0x0, 0x0, 0x0, 0x0, 0x0,
    0x0, 0x0, 0x0, 0x0, 0x0, 0x0, 0x0, 0x0,
    0x0, 0x0, 0x0, 0x0, 0x0, 0x0, 0x0, 0x7f,
    0x90, 0x0, 0x0, 0x0, 0x0, 0x0, 0x9f, 0x70,
    0x0, 0x0, 0x0, 0x0, 0x0, 0xbf, 0x60, 0x0,
    0x0, 0x0, 0x0, 0x0, 0x9f, 0xc0, 0x0, 0x0,
    0x0, 0x0, 0x0, 0x4f, 0xfe, 0x85, 0x44, 0x56,
    0x79, 0xca, 0x6, 0xff, 0xff, 0xff, 0xff, 0xff,
    0xfb, 0x0, 0x16, 0xab, 0xdd, 0xcb, 0xa9, 0x62,

    /* U+3055 "さ" */
    0x0, 0x0, 0x0, 0x2, 0x40, 0x0, 0x0, 0x0,
    0x0, 0x0, 0x0, 0xdf, 0x50, 0x0, 0x0, 0x0,
    0x0, 0x0, 0x8, 0xf9, 0x0, 0x0, 0x1, 0x0,
    0x0, 0x0, 0x2f, 0xd2, 0x69, 0xd5, 0xcf, 0xfd,
    0xcc, 0xdd, 0xff, 0xff, 0xff, 0x7a, 0xff, 0xff,
    0xff, 0xff, 0xfe, 0x96, 0x30, 0x0, 0x0, 0x11,
    0x0, 0x1f, 0xf0, 0x0, 0x0, 0x0, 0x0, 0x0,
    0x0, 0x8f, 0x70, 0x0, 0x0, 0x0, 0x0, 0x0,
    0x1, 0xff, 0x10, 0x0, 0x0, 0x0, 0x0, 0x0,
    0x7, 0xfa, 0x0, 0x6, 0xb5, 0x0, 0x4, 0xfe,
    0xdf, 0xf6, 0x0, 0xdf, 0x30, 0x0, 0x3b, 0xce,
    0xff, 0x20, 0x1f, 0xe0, 0x0, 0x0, 0x0, 0x0,
    0x20, 0x3, 0xfd, 0x0, 0x0, 0x0, 0x0, 0x0,
    0x0, 0xf, 0xf2, 0x0, 0x0, 0x0, 0x0, 0x0,
    0x0, 0xbf, 0xe6, 0x20, 0x0, 0x12, 0x53, 0x0,
    0x0, 0xcf, 0xff, 0xff, 0xff, 0xff, 0x70, 0x0,
    0x0, 0x4a, 0xce, 0xfe, 0xed, 0xa3, 0x0,

    /* U+3057 "し" */
    0x3d, 0xd3, 0x0, 0x0, 0x0, 0x0, 0x0, 0x2,
    0xff, 0x20, 0x0, 0x0, 0x0, 0x0, 0x0, 0x1f,
    0xf0, 0x0, 0x0, 0x0, 0x0, 0x0, 0x1, 0xff,
    0x0, 0x0, 0x0, 0x0, 0x0, 0x0, 0x1f, 0xf0,
    0x0, 0x0, 0x0, 0x0, 0x0, 0x2, 0xfe, 0x0,
    0x0, 0x0, 0x0, 0x0, 0x0, 0x2f, 0xe0, 0x0,
    0x0, 0x0, 0x0, 0x0, 0x2, 0xfe, 0x0, 0x0,
    0x0, 0x0, 0x0, 0x0, 0x3f, 0xd0, 0x0, 0x0,
    0x0, 0x0, 0x0, 0x3, 0xfd, 0x0, 0x0, 0x0,
    0x0, 0x0, 0x0, 0x3f, 0xd0, 0x0, 0x0, 0x0,
    0x0, 0x0, 0x4, 0xfd, 0x0, 0x0, 0x0, 0x0,
    0xa, 0x70, 0x3f, 0xe0, 0x0, 0x0, 0x0, 0x8,
    0xff, 0x11, 0xff, 0x20, 0x0, 0x0, 0x1a, 0xff,
    0x70, 0xd, 0xfd, 0x52, 0x25, 0x9f, 0xff, 0x70,
    0x0, 0x3f, 0xff, 0xff, 0xff, 0xfd, 0x40, 0x0,
    0x0, 0x29, 0xdf, 0xec, 0x94, 0x0, 0x0, 0x0,

    /* U+3059 "す" */
    0x0, 0x0, 0x0, 0x0, 0x0, 0x22, 0x0, 0x0,
    0x0, 0x0, 0x0, 0x0, 0x0, 0x3, 0xfe, 0x0,
    0x0, 0x0, 0x0, 0x0, 0x0, 0x0, 0x2, 0xfd,
    0x0, 0x0, 0x0, 0x18, 0x89, 0x99, 0xaa, 0xab,
    0xff, 0xbb, 0xbb, 0xb7, 0x1f, 0xff, 0xff, 0xff,
    0xff, 0xff, 0xff, 0xff, 0xf9, 0x6, 0x54, 0x33,
    0x22, 0x12, 0xfd, 0x11, 0x11, 0x11, 0x0, 0x0,
    0x0, 0x0, 0x11, 0xfd, 0x0, 0x0, 0x0, 0x0,
    0x0, 0x0, 0x6e, 0xff, 0xfd, 0x0, 0x0, 0x0,
    0x0, 0x0, 0x7, 0xfe, 0xad, 0xfe, 0x0, 0x0,
    0x0, 0x0, 0x0, 0xe, 0xf1, 0x0, 0xef, 0x10,
    0x0, 0x0, 0x0, 0x0, 0x1f, 0xd0, 0x0, 0xdf,
    0x30, 0x0, 0x0, 0x0, 0x0, 0xe, 0xf4, 0x3,
    0xff, 0x40, 0x0, 0x0, 0x0, 0x0, 0x6, 0xff,
    0xef, 0xff, 0x20, 0x0, 0x0, 0x0, 0x0, 0x0,
    0x5c, 0xed, 0xfd, 0x0, 0x0, 0x0, 0x0, 0x0,
    0x0, 0x0, 0x1d, 0xf5, 0x0, 0x0, 0x0, 0x0,
    0x0, 0x0, 0x6, 0xef, 0xb0, 0x0, 0x0, 0x0,
    0x0, 0x0, 0x2b, 0xff, 0xfa, 0x0, 0x0, 0x0,
    0x0, 0x0, 0x0, 0x9, 0xfc, 0x40, 0x0, 0x0,
    0x0, 0x0, 0x0, 0x0, 0x0, 0x20, 0x0, 0x0,
    0x0, 0x0, 0x0,

    /* U+305B "せ" */
    0x0, 0x0, 0x0, 0x0, 0x0, 0x0, 0xc, 0xb0,
    0x0, 0x0, 0x0, 0x0, 0xbb, 0x10, 0x0, 0x0,
    0xfe, 0x0, 0x0, 0x0, 0x0, 0xf, 0xf0, 0x0,
    0x0, 0xf, 0xe0, 0x0, 0x0, 0x0, 0x0, 0xff,
    0x0, 0x0, 0x0, 0xfe, 0x0, 0x0, 0x0, 0x0,
    0xf, 0xf0, 0x12, 0x45, 0x7f, 0xfb, 0xcd, 0x71,
    0x88, 0xab, 0xff, 0xff, 0xff, 0xff, 0xff, 0xff,
    0xf7, 0xf, 0xff, 0xff, 0xfd, 0xba, 0x87, 0x5f,
    0xd1, 0x10, 0x0, 0x97, 0x53, 0xff, 0x0, 0x0,
    0x1, 0xfc, 0x0, 0x0, 0x0, 0x0, 0xf, 0xf0,
    0x0, 0x0, 0x2f, 0xb0, 0x0, 0x0, 0x0, 0x0,
    0xff, 0x0, 0x3, 0x25, 0xfa, 0x0, 0x0, 0x0,
    0x0, 0xf, 0xf0, 0x0, 0xdf, 0xff, 0x70, 0x0,
    0x0, 0x0, 0x0, 0xff, 0x0, 0x6, 0x9a, 0x90,
    0x0, 0x0, 0x0, 0x0, 0xe, 0xf0, 0x0, 0x0,
    0x0, 0x0, 0x0, 0x0, 0x0, 0x0, 0xdf, 0x30,
    0x0, 0x0, 0x0, 0x0, 0x0, 0x0, 0x0, 0xa,
    0xfd, 0x74, 0x45, 0x56, 0x8a, 0x40, 0x0, 0x0,
    0x0, 0x2f, 0xff, 0xff, 0xff, 0xff, 0xf5, 0x0,
    0x0, 0x0, 0x0, 0x17, 0x9a, 0xba, 0xa9, 0x87,
    0x10, 0x0,

    /* U+305F "た" */
    0x0, 0x0, 0x0, 0x0, 0x0, 0x0, 0x0, 0x0,
    0x0, 0x0, 0x0, 0x4, 0xfd, 0x0, 0x0, 0x0,
    0x0, 0x0, 0x0, 0x0, 0x5, 0xfd, 0x0, 0x0,
    0x0, 0x0, 0x0, 0x0, 0x0, 0x7, 0xf9, 0x25,
    0x81, 0x0, 0x0, 0x0, 0xc, 0xba, 0xad, 0xff,
    0xff, 0xf1, 0x0, 0x0, 0x0, 0xf, 0xff, 0xff,
    0xff, 0xc9, 0x70, 0x0, 0x0, 0x0, 0x2, 0x33,
    0x4f, 0xf0, 0x0, 0x0, 0x0, 0x0, 0x0, 0x0,
    0x0, 0x4f, 0xc0, 0x3, 0xcd, 0xee, 0xed, 0xb0,
    0x0, 0x0, 0x9f, 0x80, 0x4, 0xff, 0xee, 0xff,
    0xe0, 0x0, 0x0, 0xdf, 0x30, 0x0, 0x0, 0x0,
    0x0, 0x10, 0x0, 0x2, 0xff, 0x0, 0x0, 0x0,
    0x0, 0x0, 0x0, 0x0, 0x7, 0xfa, 0x0, 0x0,
    0x0, 0x0, 0x0, 0x0, 0x0, 0xd, 0xf5, 0x0,
    0x7c, 0x40, 0x0, 0x0, 0x0, 0x0, 0x3f, 0xf1,
    0x0, 0xaf, 0x30, 0x0, 0x0, 0x0, 0x0, 0x9f,
    0xb0, 0x0, 0xcf, 0x30, 0x0, 0x0, 0x0, 0x0,
    0xff, 0x50, 0x0, 0x9f, 0xd6, 0x32, 0x45, 0x71,
    0x7, 0xfe, 0x0, 0x0, 0x1d, 0xff, 0xff, 0xff,
    0xf3, 0x6, 0xc8, 0x0, 0x0, 0x0, 0x59, 0xbc,
    0xba, 0x81, 0x0, 0x0, 0x0, 0x0, 0x0, 0x0,
    0x0, 0x0, 0x0,

    /* U+3060 "だ" */
    0x0, 0x0, 0x1c, 0xb2, 0x0, 0x0, 0x0, 0x6,
    0x90, 0x0, 0x0, 0x2, 0xff, 0x0, 0x0, 0x1,
    0xc7, 0x5f, 0x50, 0x0, 0x0, 0x4f, 0xd0, 0x14,
    0x10, 0x9, 0xf1, 0xbd, 0x7, 0x77, 0x7b, 0xfe,
    0xef, 0xf4, 0x0, 0x1f, 0x81, 0x20, 0xdf, 0xff,
    0xff, 0xff, 0xda, 0x20, 0x0, 0x10, 0x0, 0x4,
    0x66, 0x6f, 0xf4, 0x0, 0x0, 0x0, 0x0, 0x0,
    0x0, 0x0, 0x1, 0xff, 0x0, 0x19, 0xaa, 0xbb,
    0xa9, 0x20, 0x0, 0x0, 0x5f, 0xb0, 0x1, 0xff,
    0xff, 0xff, 0xf4, 0x0, 0x0, 0xa, 0xf7, 0x0,
    0x4, 0x32, 0x12, 0x34, 0x10, 0x0, 0x0, 0xef,
    0x20, 0x0, 0x0, 0x0, 0x0, 0x0, 0x0, 0x0,
    0x4f, 0xe0, 0x0, 0x0, 0x0, 0x0, 0x0, 0x0,
    0x0, 0xa, 0xf9, 0x0, 0x4b, 0x50, 0x0, 0x0,
    0x0, 0x0, 0x0, 0xff, 0x30, 0x7, 0xf6, 0x0,
    0x0, 0x0, 0x0, 0x0, 0x6f, 0xe0, 0x0, 0x9f,
    0x60, 0x0, 0x0, 0x0, 0x0, 0xc, 0xf8, 0x0,
    0x6, 0xfe, 0x62, 0x13, 0x46, 0x40, 0x4, 0xff,
    0x20, 0x0, 0xc, 0xff, 0xff, 0xff, 0xf9, 0x0,
    0x5c, 0xb0, 0x0, 0x0, 0x4, 0x9b, 0xcc, 0xba,
    0x50, 0x0, 0x0, 0x0, 0x0, 0x0, 0x0, 0x0,
    0x0, 0x0, 0x0,

    /* U+3061 "ち" */
    0x0, 0x0, 0x8d, 0x60, 0x0, 0x0, 0x0, 0x0,
    0x0, 0x0, 0xbf, 0x50, 0x0, 0x0, 0x0, 0x0,
    0x32, 0x0, 0xdf, 0x22, 0x35, 0x79, 0xc9, 0x0,
    0xef, 0xff, 0xff, 0xff, 0xff, 0xff, 0xfa, 0x0,
    0x9b, 0xcd, 0xfe, 0xba, 0x87, 0x54, 0x10, 0x0,
    0x0, 0x7, 0xf7, 0x0, 0x0, 0x0, 0x0, 0x0,
    0x0, 0xb, 0xf3, 0x0, 0x0, 0x0, 0x0, 0x0,
    0x0, 0xf, 0xf0, 0x4, 0x68, 0x75, 0x10, 0x0,
    0x0, 0x4f, 0xb7, 0xef, 0xff, 0xff, 0xf7, 0x0,
    0x0, 0xaf, 0xff, 0xb6, 0x32, 0x48, 0xff, 0x60,
    0x1, 0xff, 0xd3, 0x0, 0x0, 0x0, 0x6f, 0xd0,
    0x5, 0xfd, 0x10, 0x0, 0x0, 0x0, 0x1f, 0xf0,
    0x0, 0x22, 0x0, 0x0, 0x0, 0x0, 0x3f, 0xf0,
    0x0, 0x0, 0x0, 0x0, 0x0, 0x1, 0xcf, 0xa0,
    0x0, 0x0, 0x32, 0x10, 0x25, 0x8e, 0xfe, 0x20,
    0x0, 0x0, 0xdf, 0xff, 0xff, 0xff, 0xc2, 0x0,
    0x0, 0x0, 0x7c, 0xcc, 0xdb, 0x83, 0x0, 0x0,
    0x0, 0x0, 0x0, 0x0, 0x0, 0x0, 0x0, 0x0,

    /* U+3063 "っ" */
    0x0, 0x0, 0x0, 0x0, 0x11, 0x0, 0x0, 0x0,
    0x0, 0x4, 0x8c, 0xff, 0xfe, 0xa1, 0x0, 0x26,
    0xaf, 0xff, 0xfe, 0xbc, 0xff, 0xf2, 0xb, 0xff,
    0xfa, 0x51, 0x0, 0x1, 0xbf, 0xb0, 0x5d, 0x61,
    0x0, 0x0, 0x0, 0x1, 0xff, 0x0, 0x0, 0x0,
    0x0, 0x0, 0x0, 0xe, 0xf2, 0x0, 0x0, 0x0,
    0x0, 0x0, 0x1, 0xff, 0x10, 0x0, 0x0, 0x0,
    0x0, 0x0, 0xaf, 0xc0, 0x0, 0x0, 0x0, 0x0,
    0x2, 0xcf, 0xf3, 0x0, 0x0, 0x2, 0x35, 0x8d,
    0xff, 0xf5, 0x0, 0x0, 0x0, 0xaf, 0xff, 0xff,
    0x91, 0x0, 0x0, 0x0, 0x3, 0xc9, 0x74, 0x0,
    0x0, 0x0,

    /* U+3064 "つ" */
    0x0, 0x0, 0x0, 0x0, 0x0, 0x11, 0x0, 0x0,
    0x0, 0x0, 0x0, 0x1, 0x69, 0xdf, 0xff, 0xeb,
    0x40, 0x0, 0x0, 0x27, 0xcf, 0xff, 0xff, 0xdd,
    0xff, 0xf9, 0x0, 0x6e, 0xff, 0xff, 0xa6, 0x10,
    0x0, 0x7, 0xff, 0x60, 0x4f, 0xfb, 0x50, 0x0,
    0x0, 0x0, 0x0, 0x7f, 0xe0, 0x7, 0x10, 0x0,
    0x0, 0x0, 0x0, 0x0, 0x1f, 0xf2, 0x0, 0x0,
    0x0, 0x0, 0x0, 0x0, 0x0, 0xf, 0xf4, 0x0,
    0x0, 0x0, 0x0, 0x0, 0x0, 0x0, 0x1f, 0xf2,
    0x0, 0x0, 0x0, 0x0, 0x0, 0x0, 0x0, 0x8f,
    0xe0, 0x0, 0x0, 0x0, 0x0, 0x0, 0x0, 0x6,
    0xff, 0x70, 0x0, 0x0, 0x0, 0x0, 0x0, 0x4,
    0xaf, 0xfb, 0x0, 0x0, 0x0, 0x1, 0x34, 0x69,
    0xef, 0xff, 0x90, 0x0, 0x0, 0x0, 0x7, 0xff,
    0xff, 0xff, 0xb3, 0x0, 0x0, 0x0, 0x0, 0x1,
    0xec, 0xa8, 0x51, 0x0, 0x0, 0x0,

    /* U+3066 "て" */
    0x0, 0x0, 0x0, 0x23, 0x46, 0x78, 0xab, 0xcd,
    0x84, 0xbc, 0xdf, 0xff, 0xff, 0xff, 0xff, 0xff,
    0xf9, 0x5f, 0xff, 0xfd, 0xb9, 0x8d, 0xff, 0x95,
    0x32, 0x12, 0x74, 0x20, 0x0, 0x9, 0xfc, 0x10,
    0x0, 0x0, 0x0, 0x0, 0x0, 0x5, 0xfd, 0x10,
    0x0, 0x0, 0x0, 0x0, 0x0, 0x0, 0xef, 0x30,
    0x0, 0x0, 0x0, 0x0, 0x0, 0x0, 0x4f, 0xb0,
    0x0, 0x0, 0x0, 0x0, 0x0, 0x0, 0x8, 0xf7,
    0x0, 0x0, 0x0, 0x0, 0x0, 0x0, 0x0, 0xbf,
    0x50, 0x0, 0x0, 0x0, 0x0, 0x0, 0x0, 0xb,
    0xf6, 0x0, 0x0, 0x0, 0x0, 0x0, 0x0, 0x0,
    0x9f, 0xa0, 0x0, 0x0, 0x0, 0x0, 0x0, 0x0,
    0x4, 0xff, 0x50, 0x0, 0x0, 0x0, 0x0, 0x0,
    0x0, 0xb, 0xff, 0x60, 0x0, 0x0, 0x0, 0x0,
    0x0, 0x0, 0x1d, 0xff, 0xe9, 0x63, 0x0, 0x0,
    0x0, 0x0, 0x0, 0x7, 0xff, 0xff, 0xc0, 0x0,
    0x0, 0x0, 0x0, 0x0, 0x1, 0x7a, 0xc6, 0x0,

    /* U+3067 "で" */
    0x0, 0x0, 0x0, 0x13, 0x46, 0x78, 0x9b, 0xcc,
    0x70, 0x4a, 0xbd, 0xef, 0xff, 0xff, 0xff, 0xff,
    0xff, 0x90, 0x6f, 0xff, 0xfd, 0xca, 0x8d, 0xff,
    0x95, 0x32, 0x10, 0x37, 0x42, 0x0, 0x0, 0x8f,
    0xc1, 0x0, 0x3, 0x0, 0x0, 0x0, 0x0, 0x5,
    0xfd, 0x10, 0x5, 0x1f, 0x80, 0x0, 0x0, 0x0,
    0xe, 0xf3, 0x0, 0x3f, 0x57, 0xf2, 0x0, 0x0,
    0x0, 0x5f, 0xb0, 0x0, 0xa, 0xe0, 0xb4, 0x0,
    0x0, 0x0, 0x9f, 0x70, 0x0, 0x2, 0xb1, 0x0,
    0x0, 0x0, 0x0, 0xbf, 0x40, 0x0, 0x0, 0x0,
    0x0, 0x0, 0x0, 0x0, 0xbf, 0x50, 0x0, 0x0,
    0x0, 0x0, 0x0, 0x0, 0x0, 0x9f, 0xa0, 0x0,
    0x0, 0x0, 0x0, 0x0, 0x0, 0x0, 0x4f, 0xf5,
    0x0, 0x0, 0x0, 0x0, 0x0, 0x0, 0x0, 0xa,
    0xff, 0x60, 0x0, 0x0, 0x0, 0x0, 0x0, 0x0,
    0x0, 0xcf, 0xfe, 0x85, 0x30, 0x0, 0x0, 0x0,
    0x0, 0x0, 0x8, 0xff, 0xff, 0xb0, 0x0, 0x0,
    0x0, 0x0, 0x0, 0x0, 0x17, 0xad, 0x50, 0x0,

    /* U+3068 "と" */
    0x0, 0x33, 0x0, 0x0, 0x0, 0x0, 0x0, 0x6,
    0xfc, 0x0, 0x0, 0x0, 0x0, 0x0, 0x1, 0xff,
    0x30, 0x0, 0x0, 0x0, 0x20, 0x0, 0xaf, 0x90,
    0x0, 0x0, 0x4d, 0xd0, 0x0, 0x3f, 0xf1, 0x0,
    0x3b, 0xff, 0xd2, 0x0, 0xb, 0xf9, 0x1a, 0xff,
    0xe6, 0x0, 0x0, 0x3, 0xff, 0xff, 0xe6, 0x0,
    0x0, 0x0, 0x2, 0xef, 0xf8, 0x0, 0x0, 0x0,
    0x0, 0x3e, 0xfb, 0x10, 0x0, 0x0, 0x0, 0x2,
    0xef, 0x80, 0x0, 0x0, 0x0, 0x0, 0xa, 0xf9,
    0x0, 0x0, 0x0, 0x0, 0x0, 0xf, 0xf2, 0x0,
    0x0, 0x0, 0x0, 0x0, 0x2f, 0xf0, 0x0, 0x0,
    0x0, 0x0, 0x0, 0x1f, 0xf6, 0x0, 0x0, 0x0,
    0x0, 0x0, 0xa, 0xff, 0xb6, 0x43, 0x34, 0x57,
    0x9b, 0x0, 0xaf, 0xff, 0xff, 0xff, 0xff, 0xfe,
    0x0, 0x2, 0x8b, 0xcd, 0xdc, 0xba, 0x86,

    /* U+306A "な" */
    0x0, 0x0, 0x0, 0x21, 0x0, 0x0, 0x0, 0x0,
    0x0, 0x0, 0x0, 0x2, 0xff, 0x10, 0x0, 0x0,
    0x0, 0x0, 0x0, 0x0, 0x4, 0xfd, 0x0, 0x0,
    0x0, 0x0, 0x0, 0x0, 0x0, 0x7, 0xfa, 0x48,
    0x40, 0x2, 0x0, 0x0, 0x2c, 0xcb, 0xce, 0xff,
    0xff, 0x60, 0x9f, 0x91, 0x0, 0x1f, 0xff, 0xff,
    0xfb, 0x85, 0x10, 0x7f, 0xfe, 0x60, 0x0, 0x0,
    0x7f, 0x90, 0x0, 0x0, 0x1, 0xaf, 0xf8, 0x0,
    0x0, 0xdf, 0x20, 0x0, 0x0, 0x0, 0x4, 0xd2,
    0x0, 0x5, 0xfc, 0x0, 0x0, 0xe, 0xd0, 0x0,
    0x0, 0x0, 0xd, 0xf5, 0x0, 0x0, 0xf, 0xe0,
    0x0, 0x0, 0x0, 0x6f, 0xe0, 0x0, 0x0, 0xf,
    0xe0, 0x0, 0x0, 0x1, 0xff, 0x60, 0x0, 0x1,
    0xe, 0xf0, 0x0, 0x0, 0xb, 0xfd, 0x0, 0x2b,
    0xff, 0xff, 0xf3, 0x0, 0x0, 0x2e, 0xf3, 0x1,
    0xef, 0x98, 0xaf, 0xff, 0xa1, 0x0, 0x0, 0x50,
    0x8, 0xf6, 0x0, 0xc, 0xff, 0xfe, 0x20, 0x0,
    0x0, 0xa, 0xf2, 0x0, 0xe, 0xf4, 0xdf, 0xe0,
    0x0, 0x0, 0x8, 0xf9, 0x0, 0x5f, 0xf0, 0x1d,
    0xa0, 0x0, 0x0, 0x1, 0xef, 0xee, 0xff, 0x80,
    0x1, 0x20, 0x0, 0x0, 0x0, 0x29, 0xef, 0xd7,
    0x0, 0x0, 0x0,

    /* U+306B "に" */
    0x1, 0x0, 0x0, 0x0, 0x0, 0x0, 0x0, 0x0,
    0x0, 0xbf, 0x60, 0x0, 0x0, 0x0, 0x0, 0x0,
    0x0, 0xd, 0xf2, 0x0, 0x6, 0x54, 0x44, 0x45,
    0x63, 0x0, 0xff, 0x0, 0x0, 0xff, 0xff, 0xff,
    0xff, 0x70, 0x2f, 0xc0, 0x0, 0x8, 0xab, 0xbb,
    0xba, 0x94, 0x4, 0xf9, 0x0, 0x0, 0x0, 0x0,
    0x0, 0x0, 0x0, 0x6f, 0x70, 0x0, 0x0, 0x0,
    0x0, 0x0, 0x0, 0x7, 0xf5, 0x0, 0x0, 0x0,
    0x0, 0x0, 0x0, 0x0, 0x8f, 0x30, 0x0, 0x0,
    0x0, 0x0, 0x0, 0x0, 0xa, 0xf2, 0x20, 0x0,
    0x0, 0x0, 0x0, 0x0, 0x0, 0xaf, 0x4f, 0x30,
    0x46, 0x0, 0x0, 0x0, 0x0, 0xa, 0xfb, 0xf0,
    0xb, 0xf0, 0x0, 0x0, 0x0, 0x0, 0x9f, 0xfa,
    0x0, 0xef, 0x0, 0x0, 0x0, 0x0, 0x8, 0xff,
    0x50, 0xd, 0xf9, 0x20, 0x0, 0x14, 0x60, 0x6f,
    0xf1, 0x0, 0x6f, 0xff, 0xff, 0xff, 0xff, 0x3,
    0xfd, 0x0, 0x0, 0x4b, 0xef, 0xff, 0xed, 0xa0,
    0xb, 0x80, 0x0, 0x0, 0x0, 0x0, 0x0, 0x0,
    0x0,

    /* U+306E "の" */
    0x0, 0x0, 0x0, 0x4, 0x78, 0x75, 0x10, 0x0,
    0x0, 0x0, 0x0, 0x19, 0xff, 0xff, 0xff, 0xf8,
    0x0, 0x0, 0x0, 0x3, 0xef, 0xfb, 0xcf, 0xaa,
    0xff, 0xd2, 0x0, 0x0, 0x3f, 0xfb, 0x10, 0xcf,
    0x30, 0x1c, 0xfc, 0x0, 0x0, 0xef, 0x90, 0x0,
    0xff, 0x10, 0x0, 0xdf, 0x60, 0x8, 0xfc, 0x0,
    0x3, 0xfe, 0x0, 0x0, 0x4f, 0xe0, 0xd, 0xf4,
    0x0, 0x6, 0xfa, 0x0, 0x0, 0xf, 0xf2, 0x1f,
    0xf0, 0x0, 0xa, 0xf6, 0x0, 0x0, 0xd, 0xf4,
    0x3f, 0xc0, 0x0, 0xf, 0xf1, 0x0, 0x0, 0xd,
    0xf3, 0x2f, 0xd0, 0x0, 0x5f, 0xb0, 0x0, 0x0,
    0xf, 0xf1, 0xf, 0xf1, 0x0, 0xdf, 0x50, 0x0,
    0x0, 0x6f, 0xe0, 0xb, 0xfb, 0x29, 0xfd, 0x0,
    0x0, 0x2, 0xff, 0x70, 0x3, 0xff, 0xff, 0xf4,
    0x0, 0x0, 0x4e, 0xfd, 0x0, 0x0, 0x5f, 0xff,
    0x50, 0x3, 0x7c, 0xff, 0xc2, 0x0, 0x0, 0x0,
    0x30, 0x0, 0xd, 0xff, 0xf8, 0x0, 0x0, 0x0,
    0x0, 0x0, 0x0, 0x4, 0x94, 0x0, 0x0, 0x0,

    /* U+306F "は" */
    0x6, 0x61, 0x0, 0x0, 0x0, 0x7, 0x71, 0x0,
    0x0, 0xf, 0xf1, 0x0, 0x0, 0x0, 0xf, 0xf1,
    0x0, 0x0, 0xf, 0xe0, 0x0, 0x0, 0x0, 0xf,
    0xf0, 0x0, 0x0, 0x3f, 0xb0, 0x0, 0x0, 0x0,
    0xf, 0xf0, 0x35, 0x10, 0x5f, 0x80, 0x1, 0xfe,
    0xdd, 0xdf, 0xff, 0xff, 0x40, 0x7f, 0x60, 0x1,
    0xef, 0xff, 0xff, 0xfd, 0xb9, 0x20, 0x9f, 0x40,
    0x0, 0x0, 0x0, 0xf, 0xf0, 0x0, 0x0, 0xaf,
    0x20, 0x0, 0x0, 0x0, 0xe, 0xf0, 0x0, 0x0,
    0xbf, 0x0, 0x0, 0x0, 0x0, 0xe, 0xf1, 0x0,
    0x0, 0xcf, 0x1, 0x0, 0x0, 0x0, 0xd, 0xf1,
    0x0, 0x0, 0xdf, 0x2e, 0x0, 0x1, 0x57, 0x6d,
    0xf2, 0x0, 0x0, 0xcf, 0xac, 0x0, 0x8f, 0xff,
    0xff, 0xfa, 0x10, 0x0, 0xbf, 0xf7, 0x5, 0xfb,
    0x41, 0x3c, 0xff, 0xf8, 0x0, 0xaf, 0xf2, 0x9,
    0xf3, 0x0, 0xe, 0xfa, 0xff, 0xb0, 0x9f, 0xd0,
    0x7, 0xfb, 0x42, 0x6f, 0xf1, 0x3e, 0xa0, 0x6f,
    0xa0, 0x1, 0xdf, 0xff, 0xff, 0x90, 0x1, 0x10,
    0x2d, 0x70, 0x0, 0x6, 0xab, 0xa5, 0x0, 0x0,
    0x0,

    /* U+3070 "ば" */
    0x0, 0x0, 0x0, 0x0, 0x0, 0x0, 0x0, 0x0,
    0x56, 0x0, 0x15, 0x40, 0x0, 0x0, 0x0, 0x26,
    0x57, 0xa6, 0xe0, 0x4, 0xfd, 0x0, 0x0, 0x0,
    0x5, 0xfb, 0x3f, 0x2f, 0x50, 0x6f, 0x90, 0x0,
    0x0, 0x0, 0x5f, 0xa0, 0xc4, 0x30, 0x8, 0xf6,
    0x0, 0x0, 0x0, 0x5, 0xfa, 0x2, 0x30, 0x0,
    0xaf, 0x30, 0x6, 0xdc, 0xcb, 0xdf, 0xff, 0xfc,
    0x0, 0xd, 0xf1, 0x0, 0x6f, 0xff, 0xff, 0xff,
    0xdb, 0x70, 0x0, 0xef, 0x0, 0x0, 0x0, 0x11,
    0x5f, 0xa0, 0x0, 0x0, 0xf, 0xd0, 0x0, 0x0,
    0x0, 0x4, 0xfa, 0x0, 0x0, 0x1, 0xfb, 0x0,
    0x0, 0x0, 0x0, 0x3f, 0xb0, 0x0, 0x0, 0x2f,
    0xa0, 0x0, 0x0, 0x0, 0x3, 0xfc, 0x0, 0x0,
    0x3, 0xfa, 0x56, 0x0, 0x0, 0x1, 0x2f, 0xd0,
    0x0, 0x0, 0x2f, 0xbc, 0x90, 0x6, 0xdf, 0xff,
    0xfe, 0x20, 0x0, 0x1, 0xfe, 0xf3, 0x8, 0xfd,
    0x87, 0x9f, 0xff, 0x80, 0x0, 0xf, 0xfe, 0x0,
    0xee, 0x0, 0x2, 0xff, 0xef, 0xd2, 0x0, 0xff,
    0x90, 0xe, 0xf4, 0x0, 0x8f, 0xd1, 0xcf, 0x50,
    0xc, 0xf5, 0x0, 0x7f, 0xff, 0xff, 0xf6, 0x0,
    0x60, 0x0, 0x9f, 0x40, 0x0, 0x5b, 0xee, 0xc6,
    0x0, 0x0, 0x0, 0x0, 0x0, 0x0, 0x0, 0x0,
    0x0, 0x0, 0x0, 0x0, 0x0,

    /* U+3078 "へ" */
    0x0, 0x0, 0x0, 0x0, 0x0, 0x0, 0x0, 0x0,
    0x0, 0x0, 0x0, 0x0, 0x0, 0x1a, 0xd7, 0x0,
    0x0, 0x0, 0x0, 0x0, 0x0, 0x0, 0x0, 0xdf,
    0xff, 0x90, 0x0, 0x0, 0x0, 0x0, 0x0, 0x0,
    0xa, 0xfe, 0x9f, 0xf7, 0x0, 0x0, 0x0, 0x0,
    0x0, 0x0, 0x7f, 0xf3, 0x6, 0xff, 0x50, 0x0,
    0x0, 0x0, 0x0, 0x4, 0xff, 0x60, 0x0, 0x9f,
    0xf4, 0x0, 0x0, 0x0, 0x0, 0x3f, 0xfa, 0x0,
    0x0, 0xb, 0xff, 0x20, 0x0, 0x0, 0x3, 0xff,
    0xd0, 0x0, 0x0, 0x0, 0xdf, 0xe2, 0x0, 0x0,
    0xc, 0xff, 0x20, 0x0, 0x0, 0x0, 0x2e, 0xfe,
    0x10, 0x0, 0x1, 0xc5, 0x0, 0x0, 0x0, 0x0,
    0x3, 0xff, 0xd1, 0x0, 0x0, 0x0, 0x0, 0x0,
    0x0, 0x0, 0x0, 0x4f, 0xfe, 0x20, 0x0, 0x0,
    0x0, 0x0, 0x0, 0x0, 0x0, 0x5, 0xff, 0xe0,
    0x0, 0x0, 0x0, 0x0, 0x0, 0x0, 0x0, 0x0,
    0x6f, 0x50, 0x0, 0x0, 0x0, 0x0, 0x0, 0x0,
    0x0, 0x0, 0x2, 0x0,

    /* U+3079 "べ" */
    0x0, 0x0, 0x0, 0x0, 0x0, 0x0, 0x0, 0x2,
    0x70, 0x0, 0x0, 0x0, 0x0, 0x0, 0x0, 0x0,
    0x61, 0x6f, 0x60, 0x0, 0x0, 0x0, 0x5, 0x71,
    0x0, 0x2f, 0xb0, 0xde, 0x10, 0x0, 0x0, 0xa,
    0xff, 0xe2, 0x0, 0x8f, 0x43, 0xe4, 0x0, 0x0,
    0x8, 0xff, 0xef, 0xe1, 0x0, 0xe9, 0x0, 0x0,
    0x0, 0x5, 0xff, 0x41, 0xcf, 0xd0, 0x1, 0x0,
    0x0, 0x0, 0x3, 0xff, 0x70, 0x1, 0xef, 0xb0,
    0x0, 0x0, 0x0, 0x1, 0xef, 0xb0, 0x0, 0x2,
    0xff, 0x90, 0x0, 0x0, 0x1, 0xdf, 0xd0, 0x0,
    0x0, 0x4, 0xff, 0x80, 0x0, 0x0, 0xdf, 0xf2,
    0x0, 0x0, 0x0, 0x7, 0xff, 0x70, 0x0, 0x6,
    0xf6, 0x0, 0x0, 0x0, 0x0, 0x9, 0xff, 0x70,
    0x0, 0x5, 0x0, 0x0, 0x0, 0x0, 0x0, 0xb,
    0xff, 0x70, 0x0, 0x0, 0x0, 0x0, 0x0, 0x0,
    0x0, 0xc, 0xff, 0x80, 0x0, 0x0, 0x0, 0x0,
    0x0, 0x0, 0x0, 0x1d, 0xf8, 0x0, 0x0, 0x0,
    0x0, 0x0, 0x0, 0x0, 0x0, 0x17, 0x0,

    /* U+307E "ま" */
    0x0, 0x0, 0x0, 0x3f, 0xd0, 0x0, 0x0, 0x0,
    0x0, 0x0, 0x2, 0xfc, 0x0, 0x0, 0x10, 0xe,
    0xba, 0x98, 0x9f, 0xea, 0xcd, 0xff, 0x0, 0xef,
    0xff, 0xff, 0xff, 0xff, 0xfd, 0xb0, 0x0, 0x1,
    0x23, 0x5f, 0xc1, 0x0, 0x0, 0x0, 0x0, 0x0,
    0x2, 0xfb, 0x0, 0x0, 0x0, 0x1c, 0xb9, 0x98,
    0x9f, 0xea, 0xbd, 0xef, 0x32, 0xff, 0xff, 0xff,
    0xff, 0xff, 0xfe, 0xd2, 0x0, 0x12, 0x33, 0x5f,
    0xd2, 0x10, 0x0, 0x0, 0x0, 0x0, 0x1, 0xfd,
    0x0, 0x0, 0x0, 0x0, 0x0, 0x1, 0x2f, 0xd0,
    0x0, 0x0, 0x0, 0x7, 0xef, 0xff, 0xff, 0x71,
    0x0, 0x0, 0xb, 0xfd, 0x98, 0x9f, 0xff, 0xfa,
    0x20, 0x2, 0xfb, 0x0, 0x0, 0xff, 0x7e, 0xff,
    0x80, 0x2f, 0xc0, 0x0, 0x3f, 0xf0, 0x18, 0xff,
    0x60, 0xcf, 0xfc, 0xdf, 0xfa, 0x0, 0x4, 0xc0,
    0x1, 0x8d, 0xff, 0xe8, 0x0, 0x0, 0x0, 0x0,
    0x0, 0x0, 0x0, 0x0, 0x0, 0x0, 0x0,

    /* U+307F "み" */
    0x0, 0x0, 0x0, 0x0, 0x0, 0x10, 0x0, 0x0,
    0x0, 0x0, 0x0, 0x8d, 0xcd, 0xee, 0xff, 0x60,
    0x0, 0x0, 0x0, 0x0, 0x9, 0xff, 0xfe, 0xef,
    0xf3, 0x0, 0x0, 0x0, 0x0, 0x0, 0x11, 0x0,
    0x7, 0xf9, 0x0, 0x0, 0x0, 0x0, 0x0, 0x0,
    0x0, 0x0, 0xef, 0x10, 0x0, 0x0, 0x0, 0x0,
    0x0, 0x0, 0x0, 0x6f, 0xa0, 0x0, 0x9, 0x81,
    0x0, 0x0, 0x0, 0x0, 0x2e, 0xf3, 0x0, 0x0,
    0xef, 0x10, 0x0, 0x0, 0x5c, 0xff, 0xff, 0xfc,
    0x93, 0xe, 0xf0, 0x0, 0x1, 0xcf, 0xfb, 0xff,
    0xbd, 0xff, 0xfd, 0xfd, 0x0, 0x0, 0xbf, 0x90,
    0x3f, 0xd0, 0x1, 0x6d, 0xff, 0xe4, 0x0, 0x5f,
    0x90, 0xa, 0xf6, 0x0, 0x0, 0xa, 0xff, 0xfa,
    0x9, 0xf2, 0x3, 0xfe, 0x0, 0x0, 0x0, 0xef,
    0xaf, 0xb0, 0xaf, 0x40, 0xcf, 0x70, 0x0, 0x0,
    0x9f, 0xb0, 0x54, 0x7, 0xff, 0xff, 0xd0, 0x0,
    0x0, 0x6f, 0xf2, 0x0, 0x0, 0xa, 0xff, 0xc1,
    0x0, 0x0, 0x8f, 0xf6, 0x0, 0x0, 0x0, 0x1,
    0x10, 0x0, 0x3, 0xef, 0xf6, 0x0, 0x0, 0x0,
    0x0, 0x0, 0x0, 0x0, 0xa, 0xc3, 0x0, 0x0,
    0x0, 0x0, 0x0, 0x0, 0x0, 0x0, 0x0, 0x0,
    0x0, 0x0, 0x0,

    /* U+3081 "め" */
    0x0, 0x0, 0x0, 0x0, 0x0, 0x8a, 0x40, 0x0,
    0x0, 0x0, 0x38, 0x30, 0x0, 0x0, 0xcf, 0x30,
    0x0, 0x0, 0x0, 0xaf, 0x70, 0x0, 0x0, 0xef,
    0x0, 0x0, 0x0, 0x0, 0x4f, 0xb0, 0x17, 0xac,
    0xff, 0x71, 0x0, 0x0, 0x0, 0xe, 0xfb, 0xff,
    0xff, 0xff, 0xff, 0x70, 0x0, 0x0, 0xb, 0xff,
    0xc5, 0x1c, 0xf5, 0x7f, 0xf9, 0x0, 0x0, 0x7f,
    0xfc, 0x0, 0x1f, 0xd0, 0x3, 0xef, 0x30, 0x3,
    0xff, 0xef, 0x10, 0x7f, 0x80, 0x0, 0x7f, 0xb0,
    0xc, 0xf6, 0x7f, 0x80, 0xef, 0x20, 0x0, 0xf,
    0xf0, 0x2f, 0xc0, 0x1f, 0xf7, 0xfb, 0x0, 0x0,
    0xe, 0xf1, 0x6f, 0x80, 0x8, 0xff, 0xf3, 0x0,
    0x0, 0xf, 0xf1, 0x8f, 0x40, 0x1, 0xff, 0xb0,
    0x0, 0x0, 0x2f, 0xf0, 0x8f, 0x60, 0x7, 0xff,
    0xf3, 0x0, 0x0, 0xaf, 0xb0, 0x5f, 0xc4, 0x8f,
    0xfc, 0xf5, 0x0, 0x6, 0xff, 0x20, 0xd, 0xff,
    0xff, 0x40, 0x20, 0x3, 0xcf, 0xf7, 0x0, 0x1,
    0x9c, 0x92, 0x0, 0xb, 0xff, 0xfe, 0x50, 0x0,
    0x0, 0x0, 0x0, 0x0, 0x7, 0xfc, 0x81, 0x0,
    0x0, 0x0, 0x0, 0x0, 0x0, 0x0, 0x10, 0x0,
    0x0, 0x0,

    /* U+3082 "も" */
    0x0, 0x0, 0x0, 0x10, 0x0, 0x0, 0x0, 0x0,
    0x0, 0x0, 0x0, 0x2f, 0xf0, 0x0, 0x0, 0x0,
    0x0, 0x0, 0x0, 0x3, 0xfc, 0x0, 0x0, 0x0,
    0x0, 0x0, 0x32, 0x0, 0x4f, 0xa0, 0x0, 0x0,
    0x0, 0x0, 0xb, 0xff, 0xdd, 0xfd, 0xab, 0xc5,
    0x0, 0x0, 0x0, 0x59, 0xce, 0xff, 0xff, 0xff,
    0x50, 0x0, 0x0, 0x0, 0x0, 0xa, 0xf6, 0x22,
    0x0, 0x0, 0x0, 0x0, 0x0, 0x0, 0xcf, 0x20,
    0x0, 0x0, 0x0, 0x0, 0x5, 0x10, 0xe, 0xf0,
    0x0, 0x0, 0x28, 0xb1, 0x2, 0xff, 0xec, 0xff,
    0xab, 0xcd, 0x30, 0xbf, 0xb0, 0x18, 0xce, 0xff,
    0xff, 0xff, 0xf3, 0x1, 0xef, 0x30, 0x0, 0x4,
    0xfc, 0x32, 0x10, 0x0, 0x9, 0xf7, 0x0, 0x0,
    0x4f, 0xa0, 0x0, 0x0, 0x0, 0x6f, 0xa0, 0x0,
    0x4, 0xfb, 0x0, 0x0, 0x0, 0x8, 0xfa, 0x0,
    0x0, 0x2f, 0xe0, 0x0, 0x0, 0x2, 0xef, 0x60,
    0x0, 0x0, 0xef, 0xc3, 0x0, 0x27, 0xef, 0xd1,
    0x0, 0x0, 0x3, 0xff, 0xff, 0xff, 0xff, 0xd1,
    0x0, 0x0, 0x0, 0x2, 0xae, 0xff, 0xdb, 0x50,
    0x0, 0x0, 0x0, 0x0, 0x0, 0x0, 0x0, 0x0,
    0x0, 0x0,

    /* U+3084 "や" */
    0x0, 0x0, 0x0, 0x0, 0x2, 0x0, 0x0, 0x0,
    0x0, 0x0, 0x0, 0x0, 0x0, 0xc, 0xf5, 0x0,
    0x0, 0x0, 0x0, 0x0, 0x2, 0x70, 0x0, 0x4f,
    0xf6, 0x0, 0x0, 0x0, 0x0, 0x1, 0xff, 0x50,
    0x0, 0x3e, 0xa0, 0x10, 0x0, 0x0, 0x0, 0x6,
    0xfd, 0x0, 0x3, 0xad, 0xff, 0xfc, 0x40, 0x0,
    0x0, 0xd, 0xf6, 0x6d, 0xff, 0xfc, 0xbd, 0xff,
    0x60, 0x0, 0x0, 0x7f, 0xff, 0xfb, 0x40, 0x0,
    0x5, 0xff, 0x0, 0x4, 0xbf, 0xff, 0xa1, 0x0,
    0x0, 0x0, 0xd, 0xf3, 0xe, 0xff, 0xea, 0xfb,
    0x0, 0x0, 0x0, 0x0, 0xef, 0x20, 0x8e, 0x70,
    0xe, 0xf2, 0x2, 0x20, 0x0, 0x9f, 0xe0, 0x0,
    0x0, 0x0, 0x9f, 0x90, 0x7f, 0xed, 0xff, 0xf5,
    0x0, 0x0, 0x0, 0x3, 0xfe, 0x4, 0xcf, 0xff,
    0xc3, 0x0, 0x0, 0x0, 0x0, 0xd, 0xf5, 0x0,
    0x1, 0x0, 0x0, 0x0, 0x0, 0x0, 0x0, 0x7f,
    0xb0, 0x0, 0x0, 0x0, 0x0, 0x0, 0x0, 0x0,
    0x2, 0xff, 0x10, 0x0, 0x0, 0x0, 0x0, 0x0,
    0x0, 0x0, 0xd, 0xf6, 0x0, 0x0, 0x0, 0x0,
    0x0, 0x0, 0x0, 0x0, 0x9f, 0xb0, 0x0, 0x0,
    0x0, 0x0, 0x0, 0x0, 0x0, 0x4, 0xfb, 0x0,
    0x0, 0x0, 0x0, 0x0, 0x0, 0x0, 0x0, 0x0,
    0x0, 0x0, 0x0, 0x0, 0x0,

    /* U+3089 "ら" */
    0x0, 0x5, 0xa6, 0x20, 0x0, 0x0, 0x0, 0x0,
    0x0, 0xaf, 0xff, 0xfc, 0x97, 0x20, 0x0, 0x0,
    0x1, 0x59, 0xcf, 0xff, 0xf5, 0x0, 0x0, 0x33,
    0x0, 0x0, 0x2, 0x58, 0x10, 0x0, 0xb, 0xf6,
    0x0, 0x0, 0x0, 0x0, 0x0, 0x0, 0xcf, 0x30,
    0x0, 0x0, 0x0, 0x0, 0x0, 0xe, 0xf1, 0x0,
    0x0, 0x0, 0x0, 0x0, 0x0, 0xfe, 0x0, 0x6b,
    0xef, 0xfd, 0x80, 0x0, 0x1f, 0xc6, 0xef, 0xfd,
    0xcd, 0xff, 0xe1, 0x3, 0xff, 0xfd, 0x61, 0x0,
    0x2, 0xcf, 0xb0, 0x6f, 0xfa, 0x0, 0x0, 0x0,
    0x1, 0xff, 0x18, 0xfb, 0x0, 0x0, 0x0, 0x0,
    0xf, 0xf3, 0x2, 0x10, 0x0, 0x0, 0x0, 0x3,
    0xff, 0x10, 0x0, 0x0, 0x0, 0x0, 0x2, 0xdf,
    0xb0, 0x0, 0x2, 0x10, 0x2, 0x59, 0xff, 0xf2,
    0x0, 0x0, 0xff, 0xff, 0xff, 0xff, 0xc2, 0x0,
    0x0, 0xa, 0xee, 0xed, 0xb8, 0x30, 0x0, 0x0,
    0x0, 0x0, 0x0, 0x0, 0x0, 0x0, 0x0,

    /* U+308A "り" */
    0x3f, 0xc0, 0x0, 0x0, 0x0, 0x0, 0x5, 0xfa,
    0x0, 0x7b, 0xd9, 0x30, 0x0, 0x6f, 0x71, 0xdf,
    0xff, 0xff, 0x40, 0x8, 0xf5, 0xdf, 0x60, 0x19,
    0xfe, 0x0, 0xaf, 0xbf, 0x40, 0x0, 0xc, 0xf6,
    0xc, 0xff, 0x70, 0x0, 0x0, 0x6f, 0xb0, 0xdf,
    0xe0, 0x0, 0x0, 0x3, 0xfd, 0xe, 0xf8, 0x0,
    0x0, 0x0, 0x1f, 0xf0, 0xff, 0x40, 0x0, 0x0,
    0x1, 0xff, 0xe, 0xf2, 0x0, 0x0, 0x0, 0x3f,
    0xf0, 0xdf, 0x20, 0x0, 0x0, 0x6, 0xfc, 0x6,
    0x71, 0x0, 0x0, 0x0, 0xdf, 0x70, 0x0, 0x0,
    0x0, 0x0, 0xaf, 0xf1, 0x0, 0x0, 0x0, 0x1,
    0x9f, 0xf6, 0x0, 0x0, 0x0, 0x38, 0xff, 0xf7,
    0x0, 0x0, 0x6, 0xff, 0xff, 0xc2, 0x0, 0x0,
    0x0, 0xe, 0xd8, 0x40, 0x0, 0x0, 0x0, 0x0,
    0x0, 0x0, 0x0, 0x0, 0x0,

    /* U+308B "る" */
    0x0, 0x0, 0x0, 0x0, 0x0, 0x12, 0x10, 0x0,
    0x0, 0x4e, 0xee, 0xef, 0xff, 0xff, 0xb0, 0x0,
    0x0, 0x4f, 0xfe, 0xdc, 0xcd, 0xff, 0xa0, 0x0,
    0x0, 0x0, 0x0, 0x0, 0x4f, 0xf5, 0x0, 0x0,
    0x0, 0x0, 0x0, 0x6, 0xfe, 0x30, 0x0, 0x0,
    0x0, 0x0, 0x0, 0x9f, 0xc1, 0x0, 0x0, 0x0,
    0x0, 0x0, 0xb, 0xfc, 0x56, 0x41, 0x0, 0x0,
    0x0, 0x2, 0xdf, 0xff, 0xff, 0xff, 0xb2, 0x0,
    0x0, 0x3e, 0xff, 0x85, 0x33, 0x6c, 0xfe, 0x20,
    0x6, 0xff, 0x90, 0x0, 0x0, 0x0, 0x9f, 0xc0,
    0x8f, 0xf5, 0x0, 0x0, 0x0, 0x0, 0xf, 0xf1,
    0x3f, 0x50, 0x7, 0xcc, 0x91, 0x0, 0xc, 0xf3,
    0x1, 0x0, 0xbf, 0xdb, 0xff, 0x20, 0xe, 0xf1,
    0x0, 0x2, 0xfc, 0x0, 0x4f, 0xc0, 0x8f, 0xd0,
    0x0, 0x1, 0xfd, 0x20, 0xb, 0xfb, 0xff, 0x30,
    0x0, 0x0, 0x9f, 0xfe, 0xdf, 0xff, 0xe5, 0x0,
    0x0, 0x0, 0x5, 0xbe, 0xfd, 0xa7, 0x0, 0x0,

    /* U+308C "れ" */
    0x0, 0x0, 0x0, 0x0, 0x0, 0x0, 0x0, 0x0,
    0x0, 0x0, 0x0, 0x0, 0x5, 0xfc, 0x0, 0x0,
    0x0, 0x0, 0x0, 0x0, 0x0, 0x0, 0x5, 0xfa,
    0x0, 0x0, 0x0, 0x0, 0x0, 0x0, 0x0, 0x0,
    0x5, 0xf8, 0x0, 0x0, 0x1, 0x0, 0x0, 0x0,
    0x2, 0x56, 0x8c, 0xfe, 0x0, 0x4c, 0xff, 0xc2,
    0x0, 0x0, 0x7, 0xff, 0xff, 0xfb, 0xa, 0xff,
    0xcf, 0xfb, 0x0, 0x0, 0x4, 0x97, 0x5a, 0xf7,
    0xdf, 0x80, 0x5, 0xfe, 0x0, 0x0, 0x0, 0x0,
    0xa, 0xff, 0xf4, 0x0, 0x1, 0xfe, 0x0, 0x0,
    0x0, 0x0, 0x1e, 0xfe, 0x30, 0x0, 0x1, 0xfd,
    0x0, 0x0, 0x0, 0x0, 0xbf, 0xf3, 0x0, 0x0,
    0x3, 0xfb, 0x0, 0x0, 0x0, 0x7, 0xff, 0xf0,
    0x0, 0x0, 0x5, 0xf9, 0x0, 0x0, 0x0, 0x3f,
    0xfe, 0xf0, 0x0, 0x0, 0x7, 0xf7, 0x0, 0x0,
    0x1, 0xef, 0x5d, 0xf0, 0x0, 0x0, 0x9, 0xf5,
    0x0, 0x0, 0xb, 0xfa, 0xd, 0xf0, 0x0, 0x0,
    0xa, 0xf4, 0x0, 0x20, 0x8, 0xe1, 0xe, 0xf0,
    0x0, 0x0, 0xb, 0xf7, 0x6, 0xf2, 0x0, 0x30,
    0xe, 0xf1, 0x0, 0x0, 0x9, 0xff, 0xff, 0xf3,
    0x0, 0x0, 0xe, 0xf1, 0x0, 0x0, 0x2, 0xef,
    0xfd, 0x30, 0x0, 0x0, 0xd, 0xd2, 0x0, 0x0,
    0x0, 0x3, 0x10, 0x0,

    /* U+308F "わ" */
    0x0, 0x0, 0x0, 0x0, 0x0, 0x0, 0x0, 0x0,
    0x0, 0x0, 0x0, 0x0, 0x5f, 0xd0, 0x0, 0x0,
    0x0, 0x0, 0x0, 0x0, 0x0, 0x4, 0xfb, 0x0,
    0x0, 0x0, 0x0, 0x0, 0x0, 0x0, 0x0, 0x5f,
    0x90, 0x0, 0x0, 0x0, 0x0, 0x0, 0x2, 0x56,
    0x8c, 0xfe, 0x10, 0x0, 0x1, 0x0, 0x0, 0x0,
    0x7f, 0xff, 0xff, 0xb0, 0x29, 0xdf, 0xfe, 0xa2,
    0x0, 0x4, 0x97, 0x5a, 0xf5, 0xaf, 0xfe, 0xcd,
    0xff, 0xf4, 0x0, 0x0, 0x0, 0x9f, 0xff, 0xb4,
    0x0, 0x0, 0xaf, 0xe1, 0x0, 0x0, 0x1e, 0xff,
    0x50, 0x0, 0x0, 0x0, 0xcf, 0x70, 0x0, 0xb,
    0xff, 0x20, 0x0, 0x0, 0x0, 0x6, 0xfa, 0x0,
    0x7, 0xff, 0xf0, 0x0, 0x0, 0x0, 0x0, 0x6f,
    0xb0, 0x3, 0xff, 0xef, 0x0, 0x0, 0x0, 0x0,
    0xa, 0xf9, 0x1, 0xef, 0x5d, 0xf0, 0x0, 0x0,
    0x0, 0x2, 0xef, 0x50, 0xbf, 0xa0, 0xdf, 0x0,
    0x0, 0x0, 0x1, 0xdf, 0xc0, 0x8, 0xe1, 0xe,
    0xf0, 0x0, 0x0, 0x18, 0xff, 0xe1, 0x0, 0x3,
    0x0, 0xef, 0x10, 0x4, 0xef, 0xff, 0xb1, 0x0,
    0x0, 0x0, 0xe, 0xf1, 0x0, 0x1f, 0xea, 0x40,
    0x0, 0x0, 0x0, 0x0, 0xdd, 0x20, 0x0, 0x20,
    0x0, 0x0, 0x0,

    /* U+3092 "を" */
    0x0, 0x0, 0x0, 0x0, 0x0, 0x0, 0x0, 0x0,
    0x0, 0x0, 0x0, 0x9, 0xf7, 0x0, 0x0, 0x0,
    0x0, 0x0, 0x0, 0x0, 0xcf, 0x30, 0x1, 0x34,
    0x0, 0x0, 0x8c, 0xbb, 0xaf, 0xfd, 0xef, 0xff,
    0xe0, 0x0, 0x9, 0xff, 0xff, 0xff, 0xfe, 0xdc,
    0xa8, 0x0, 0x0, 0x0, 0x11, 0xef, 0x20, 0x0,
    0x0, 0x0, 0x0, 0x0, 0x0, 0x7f, 0x70, 0x0,
    0x0, 0x0, 0x4, 0x10, 0x0, 0x2f, 0xf9, 0xdd,
    0x91, 0x0, 0x5d, 0xf7, 0x0, 0x1d, 0xff, 0xeb,
    0xdf, 0xc6, 0xef, 0xfc, 0x50, 0xb, 0xfe, 0x50,
    0x0, 0xef, 0xff, 0x92, 0x0, 0xb, 0xfe, 0x10,
    0x4, 0xdf, 0xf8, 0x10, 0x0, 0x0, 0x7e, 0x30,
    0x8, 0xff, 0xdf, 0x30, 0x0, 0x0, 0x0, 0x0,
    0x7, 0xfc, 0x19, 0xf3, 0x0, 0x0, 0x0, 0x0,
    0x1, 0xfe, 0x10, 0x9f, 0x30, 0x0, 0x0, 0x0,
    0x0, 0x4f, 0xb0, 0x3, 0x41, 0x0, 0x0, 0x0,
    0x0, 0x3, 0xfe, 0x30, 0x0, 0x0, 0x14, 0x20,
    0x0, 0x0, 0xc, 0xff, 0xfe, 0xef, 0xff, 0xf5,
    0x0, 0x0, 0x0, 0x7, 0xce, 0xff, 0xee, 0xdb,
    0x30,

    /* U+3093 "ん" */
    0x0, 0x0, 0x0, 0x4, 0xa3, 0x0, 0x0, 0x0,
    0x0, 0x0, 0x0, 0x0, 0xc, 0xfc, 0x0, 0x0,
    0x0, 0x0, 0x0, 0x0, 0x0, 0x4f, 0xf3, 0x0,
    0x0, 0x0, 0x0, 0x0, 0x0, 0x0, 0xcf, 0x90,
    0x0, 0x0, 0x0, 0x0, 0x0, 0x0, 0x5, 0xfe,
    0x10, 0x0, 0x0, 0x0, 0x0, 0x0, 0x0, 0xd,
    0xf6, 0x0, 0x0, 0x0, 0x0, 0x0, 0x0, 0x0,
    0x5f, 0xd0, 0x0, 0x0, 0x0, 0x0, 0x0, 0x0,
    0x0, 0xdf, 0x68, 0xa8, 0x0, 0x0, 0x0, 0x0,
    0x0, 0x5, 0xff, 0xff, 0xff, 0x90, 0x0, 0x0,
    0x0, 0x0, 0xc, 0xff, 0x83, 0x8f, 0xe0, 0x0,
    0x0, 0x0, 0x0, 0x4f, 0xf5, 0x0, 0xf, 0xf0,
    0x0, 0x0, 0xd3, 0x0, 0xcf, 0xa0, 0x0, 0xf,
    0xf0, 0x0, 0x3, 0xfd, 0x3, 0xff, 0x10, 0x0,
    0xe, 0xf0, 0x0, 0xb, 0xf7, 0xa, 0xf9, 0x0,
    0x0, 0xe, 0xf2, 0x0, 0x5f, 0xf1, 0x1f, 0xf3,
    0x0, 0x0, 0xc, 0xfb, 0x59, 0xff, 0x60, 0x7f,
    0xe0, 0x0, 0x0, 0x6, 0xff, 0xff, 0xf8, 0x0,
    0x38, 0x70, 0x0, 0x0, 0x0, 0x6b, 0xc9, 0x30,
    0x0,

    /* U+30A1 "ァ" */
    0x1, 0x0, 0x0, 0x0, 0x0, 0x0, 0x0, 0x7,
    0xff, 0xff, 0xff, 0xff, 0xff, 0xff, 0xe2, 0x7e,
    0xdd, 0xdd, 0xdd, 0xdd, 0xde, 0xff, 0x30, 0x0,
    0x0, 0x0, 0x0, 0x0, 0xcf, 0x80, 0x0, 0x0,
    0x5, 0xfc, 0x0, 0x9f, 0xc0, 0x0, 0x0, 0x0,
    0x4f, 0xb0, 0xbf, 0xd1, 0x0, 0x0, 0x0, 0x4,
    0xfa, 0x3d, 0xd2, 0x0, 0x0, 0x0, 0x0, 0x6f,
    0x80, 0x1, 0x0, 0x0, 0x0, 0x0, 0xa, 0xf4,
    0x0, 0x0, 0x0, 0x0, 0x0, 0x3, 0xff, 0x10,
    0x0, 0x0, 0x0, 0x0, 0x1, 0xdf, 0x90, 0x0,
    0x0, 0x0, 0x0, 0x3, 0xdf, 0xd0, 0x0, 0x0,
    0x0, 0x0, 0x4, 0xff, 0xc1, 0x0, 0x0, 0x0,
    0x0, 0x0, 0x4, 0x70, 0x0, 0x0, 0x0, 0x0,
    0x0,

    /* U+30A2 "ア" */
    0x9d, 0xcc, 0xcc, 0xcc, 0xcc, 0xcc, 0xcc, 0xcd,
    0x29, 0xff, 0xff, 0xff, 0xff, 0xff, 0xff, 0xff,
    0xf9, 0x23, 0x22, 0x22, 0x22, 0x22, 0x22, 0x2a,
    0xfd, 0x0, 0x0, 0x0, 0x0, 0x10, 0x0, 0x4,
    0xff, 0x40, 0x0, 0x0, 0x0, 0x7f, 0xb0, 0x4,
    0xff, 0x70, 0x0, 0x0, 0x0, 0x6, 0xfb, 0x6,
    0xff, 0x80, 0x0, 0x0, 0x0, 0x0, 0x7f, 0xa1,
    0xef, 0x70, 0x0, 0x0, 0x0, 0x0, 0x8, 0xf9,
    0x1, 0x50, 0x0, 0x0, 0x0, 0x0, 0x0, 0xaf,
    0x60, 0x0, 0x0, 0x0, 0x0, 0x0, 0x0, 0xe,
    0xf3, 0x0, 0x0, 0x0, 0x0, 0x0, 0x0, 0x5,
    0xff, 0x0, 0x0, 0x0, 0x0, 0x0, 0x0, 0x0,
    0xdf, 0x90, 0x0, 0x0, 0x0, 0x0, 0x0, 0x1,
    0xdf, 0xe1, 0x0, 0x0, 0x0, 0x0, 0x0, 0x6,
    0xef, 0xf3, 0x0, 0x0, 0x0, 0x0, 0x0, 0x4,
    0xff, 0xd3, 0x0, 0x0, 0x0, 0x0, 0x0, 0x0,
    0x2, 0x70, 0x0, 0x0, 0x0, 0x0, 0x0, 0x0,

    /* U+30A3 "ィ" */
    0x0, 0x0, 0x0, 0x0, 0x0, 0x0, 0x0, 0x0,
    0x0, 0x0, 0x0, 0x0, 0x6, 0xc0, 0x0, 0x0,
    0x0, 0x0, 0x0, 0x6f, 0xf7, 0x0, 0x0, 0x0,
    0x0, 0x9, 0xff, 0x80, 0x0, 0x0, 0x0, 0x2,
    0xdf, 0xf5, 0x0, 0x0, 0x0, 0x1, 0x8f, 0xfd,
    0x20, 0x0, 0x0, 0x2, 0x8f, 0xff, 0xf3, 0x0,
    0x0, 0x28, 0xdf, 0xff, 0x9f, 0xf3, 0x0, 0x0,
    0x9f, 0xfe, 0x81, 0xe, 0xf3, 0x0, 0x0, 0x1a,
    0x50, 0x0, 0xe, 0xf3, 0x0, 0x0, 0x0, 0x0,
    0x0, 0xe, 0xf3, 0x0, 0x0, 0x0, 0x0, 0x0,
    0xe, 0xf3, 0x0, 0x0, 0x0, 0x0, 0x0, 0xe,
    0xf3, 0x0, 0x0, 0x0, 0x0, 0x0, 0xe, 0xf3,
    0x0, 0x0, 0x0, 0x0, 0x0, 0xf, 0xf4, 0x0,
    0x0,

    /* U+30A4 "イ" */
    0x0, 0x0, 0x0, 0x0, 0x0, 0x0, 0x0, 0x94,
    0x0, 0x0, 0x0, 0x0, 0x0, 0x0, 0x0, 0x9f,
    0xf3, 0x0, 0x0, 0x0, 0x0, 0x0, 0x0, 0x9f,
    0xf9, 0x0, 0x0, 0x0, 0x0, 0x0, 0x2, 0xcf,
    0xf7, 0x0, 0x0, 0x0, 0x0, 0x0, 0x5, 0xff,
    0xe5, 0x0, 0x0, 0x0, 0x0, 0x0, 0x2b, 0xff,
    0xc1, 0x0, 0x0, 0x0, 0x0, 0x3, 0xaf, 0xff,
    0xf1, 0x0, 0x0, 0x0, 0x2, 0x7d, 0xff, 0xfa,
    0xff, 0x10, 0x0, 0x0, 0x3c, 0xff, 0xff, 0x91,
    0x1f, 0xf1, 0x0, 0x0, 0x1, 0xff, 0xc6, 0x10,
    0x1, 0xff, 0x10, 0x0, 0x0, 0x4, 0x20, 0x0,
    0x0, 0x1f, 0xf1, 0x0, 0x0, 0x0, 0x0, 0x0,
    0x0, 0x1, 0xff, 0x10, 0x0, 0x0, 0x0, 0x0,
    0x0, 0x0, 0x1f, 0xf1, 0x0, 0x0, 0x0, 0x0,
    0x0, 0x0, 0x1, 0xff, 0x10, 0x0, 0x0, 0x0,
    0x0, 0x0, 0x0, 0x2f, 0xf1, 0x0, 0x0, 0x0,
    0x0, 0x0, 0x0, 0x2, 0xff, 0x20, 0x0, 0x0,
    0x0, 0x0, 0x0, 0x0, 0x2b, 0xb2, 0x0, 0x0,
    0x0,

    /* U+30A6 "ウ" */
    0x0, 0x0, 0x0, 0x2, 0x20, 0x0, 0x0, 0x0,
    0x0, 0x0, 0x0, 0x1, 0xff, 0x30, 0x0, 0x0,
    0x0, 0x0, 0x0, 0x0, 0xf, 0xf2, 0x0, 0x0,
    0x0, 0x0, 0x0, 0x0, 0x0, 0xff, 0x20, 0x0,
    0x0, 0x0, 0x3d, 0xdc, 0xcc, 0xcf, 0xfd, 0xcc,
    0xcd, 0xe8, 0x3, 0xff, 0xff, 0xff, 0xff, 0xff,
    0xff, 0xff, 0xe0, 0x3f, 0xd0, 0x0, 0x0, 0x0,
    0x0, 0xa, 0xfb, 0x3, 0xfc, 0x0, 0x0, 0x0,
    0x0, 0x0, 0xdf, 0x70, 0x3f, 0xc0, 0x0, 0x0,
    0x0, 0x0, 0x1f, 0xf3, 0x3, 0xfd, 0x0, 0x0,
    0x0, 0x0, 0x7, 0xfe, 0x0, 0x2a, 0x90, 0x0,
    0x0, 0x0, 0x0, 0xef, 0x70, 0x0, 0x0, 0x0,
    0x0, 0x0, 0x0, 0x6f, 0xf1, 0x0, 0x0, 0x0,
    0x0, 0x0, 0x0, 0x5f, 0xf8, 0x0, 0x0, 0x0,
    0x0, 0x0, 0x0, 0x4f, 0xfc, 0x0, 0x0, 0x0,
    0x0, 0x0, 0x1, 0x9f, 0xfc, 0x10, 0x0, 0x0,
    0x0, 0x1, 0x5a, 0xff, 0xfb, 0x0, 0x0, 0x0,
    0x0, 0x0, 0x6f, 0xff, 0xd4, 0x0, 0x0, 0x0,
    0x0, 0x0, 0x0, 0x8a, 0x40, 0x0, 0x0, 0x0,
    0x0,

    /* U+30A8 "エ" */
    0x2, 0xcb, 0xbb, 0xbb, 0xbb, 0xbb, 0xbb, 0xbc,
    0x40, 0x2, 0xff, 0xff, 0xff, 0xff, 0xff, 0xff,
    0xff, 0x50, 0x0, 0x54, 0x44, 0x46, 0xff, 0x44,
    0x44, 0x44, 0x10, 0x0, 0x0, 0x0, 0x2, 0xff,
    0x0, 0x0, 0x0, 0x0, 0x0, 0x0, 0x0, 0x2,
    0xff, 0x0, 0x0, 0x0, 0x0, 0x0, 0x0, 0x0,
    0x2, 0xff, 0x0, 0x0, 0x0, 0x0, 0x0, 0x0,
    0x0, 0x2, 0xff, 0x0, 0x0, 0x0, 0x0, 0x0,
    0x0, 0x0, 0x2, 0xff, 0x0, 0x0, 0x0, 0x0,
    0x0, 0x0, 0x0, 0x2, 0xff, 0x0, 0x0, 0x0,
    0x0, 0x0, 0x0, 0x0, 0x2, 0xff, 0x0, 0x0,
    0x0, 0x0, 0x0, 0x0, 0x0, 0x2, 0xff, 0x0,
    0x0, 0x0, 0x0, 0x6f, 0xff, 0xff, 0xff, 0xff,
    0xff, 0xff, 0xff, 0xf6, 0x6f, 0xff, 0xff, 0xff,
    0xff, 0xff, 0xff, 0xff, 0xf6, 0x12, 0x11, 0x11,
    0x11, 0x11, 0x11, 0x11, 0x11, 0x21,

    /* U+30A9 "ォ" */
    0x0, 0x0, 0x0, 0x0, 0xaa, 0x0, 0x0, 0x0,
    0x0, 0x0, 0x0, 0xe, 0xf0, 0x0, 0x0, 0x13,
    0x22, 0x22, 0x22, 0xef, 0x22, 0x23, 0x3, 0xff,
    0xff, 0xff, 0xff, 0xff, 0xff, 0xf1, 0x2a, 0xaa,
    0xaa, 0xaf, 0xff, 0xaa, 0xaa, 0x10, 0x0, 0x0,
    0x6, 0xff, 0xf0, 0x0, 0x0, 0x0, 0x0, 0x4,
    0xff, 0xef, 0x0, 0x0, 0x0, 0x0, 0x4, 0xff,
    0x5c, 0xf1, 0x0, 0x0, 0x0, 0x7, 0xff, 0x60,
    0xcf, 0x10, 0x0, 0x0, 0x2b, 0xff, 0x60, 0xc,
    0xf1, 0x0, 0x0, 0x7f, 0xfe, 0x40, 0x0, 0xcf,
    0x10, 0x0, 0x4, 0xfb, 0x10, 0x0, 0xc, 0xf2,
    0x0, 0x0, 0x3, 0x0, 0x8, 0xcb, 0xff, 0x10,
    0x0, 0x0, 0x0, 0x0, 0x8f, 0xff, 0x80, 0x0,
    0x0, 0x0, 0x0, 0x0, 0x0, 0x0, 0x0, 0x0,
    0x0,

    /* U+30AA "オ" */
    0x0, 0x0, 0x0, 0x0, 0x0, 0x99, 0x10, 0x0,
    0x0, 0x0, 0x0, 0x0, 0x0, 0xf, 0xf1, 0x0,
    0x0, 0x0, 0x0, 0x0, 0x0, 0x0, 0xef, 0x10,
    0x0, 0x0, 0x21, 0x0, 0x0, 0x0, 0xe, 0xf2,
    0x0, 0x11, 0xd, 0xff, 0xff, 0xff, 0xff, 0xff,
    0xff, 0xff, 0xd0, 0xce, 0xed, 0xdd, 0xdd, 0xff,
    0xfe, 0xdd, 0xec, 0x0, 0x0, 0x0, 0x0, 0x3f,
    0xff, 0x20, 0x0, 0x0, 0x0, 0x0, 0x0, 0x1e,
    0xff, 0xf2, 0x0, 0x0, 0x0, 0x0, 0x0, 0x2e,
    0xf8, 0xcf, 0x20, 0x0, 0x0, 0x0, 0x0, 0x3e,
    0xfa, 0xc, 0xf3, 0x0, 0x0, 0x0, 0x0, 0x6f,
    0xfa, 0x0, 0xbf, 0x30, 0x0, 0x0, 0x1, 0xaf,
    0xf9, 0x0, 0xb, 0xf3, 0x0, 0x0, 0x7, 0xff,
    0xf5, 0x0, 0x0, 0xbf, 0x30, 0x0, 0x6, 0xff,
    0xc2, 0x0, 0x0, 0xb, 0xf4, 0x0, 0x0, 0x8,
    0x60, 0x0, 0x2, 0x11, 0xdf, 0x40, 0x0, 0x0,
    0x0, 0x0, 0x2, 0xff, 0xff, 0xf3, 0x0, 0x0,
    0x0, 0x0, 0x0, 0xd, 0xde, 0xe9, 0x0, 0x0,
    0x0,

    /* U+30AB "カ" */
    0x0, 0x0, 0x0, 0xa, 0xa3, 0x0, 0x0, 0x0,
    0x0, 0x0, 0x0, 0x0, 0xef, 0x30, 0x0, 0x0,
    0x0, 0x0, 0x0, 0x0, 0xe, 0xf2, 0x0, 0x0,
    0x0, 0x0, 0x11, 0x10, 0x0, 0xff, 0x20, 0x0,
    0x2, 0x0, 0x9, 0xff, 0xff, 0xff, 0xff, 0xff,
    0xff, 0xfd, 0x10, 0x8e, 0xdd, 0xdd, 0xff, 0xdd,
    0xdd, 0xdf, 0xf1, 0x0, 0x0, 0x0, 0x4f, 0xc0,
    0x0, 0x0, 0xff, 0x0, 0x0, 0x0, 0x7, 0xf8,
    0x0, 0x0, 0xf, 0xf0, 0x0, 0x0, 0x0, 0xbf,
    0x50, 0x0, 0x1, 0xfe, 0x0, 0x0, 0x0, 0x2f,
    0xf1, 0x0, 0x0, 0x2f, 0xd0, 0x0, 0x0, 0x9,
    0xfa, 0x0, 0x0, 0x4, 0xfb, 0x0, 0x0, 0x3,
    0xff, 0x30, 0x0, 0x0, 0x6f, 0x90, 0x0, 0x1,
    0xef, 0xa0, 0x0, 0x0, 0x9, 0xf7, 0x0, 0x2,
    0xdf, 0xd0, 0x0, 0x0, 0x0, 0xef, 0x40, 0x6,
    0xff, 0xe2, 0x0, 0xe, 0xed, 0xef, 0xf0, 0x0,
    0x7f, 0xd2, 0x0, 0x0, 0xcf, 0xff, 0xf5, 0x0,
    0x0, 0x30, 0x0, 0x0, 0x0, 0x12, 0x20, 0x0,
    0x0,

    /* U+30AD "キ" */
    0x0, 0x0, 0x8, 0xd7, 0x0, 0x0, 0x0, 0x0,
    0x0, 0x0, 0x0, 0x7f, 0xa0, 0x0, 0x0, 0x0,
    0x0, 0x0, 0x0, 0x4, 0xfd, 0x0, 0x1, 0x48,
    0x0, 0x0, 0x0, 0x0, 0x3f, 0xf9, 0xce, 0xff,
    0xf2, 0x0, 0x79, 0xbd, 0xff, 0xff, 0xff, 0xfe,
    0xb9, 0x20, 0xc, 0xff, 0xff, 0xde, 0xfa, 0x30,
    0x0, 0x0, 0x0, 0x68, 0x52, 0x0, 0x7f, 0x90,
    0x0, 0x0, 0x0, 0x0, 0x0, 0x0, 0x4, 0xfc,
    0x0, 0x0, 0x0, 0x10, 0x0, 0x0, 0x0, 0x1f,
    0xf1, 0x36, 0x8b, 0xec, 0x0, 0x0, 0x13, 0x68,
    0xff, 0xff, 0xff, 0xff, 0xe0, 0xac, 0xef, 0xff,
    0xff, 0xff, 0xc9, 0x74, 0x20, 0xc, 0xff, 0xeb,
    0x96, 0x9f, 0x90, 0x0, 0x0, 0x0, 0x44, 0x10,
    0x0, 0x4, 0xfc, 0x0, 0x0, 0x0, 0x0, 0x0,
    0x0, 0x0, 0x1f, 0xf0, 0x0, 0x0, 0x0, 0x0,
    0x0, 0x0, 0x0, 0xef, 0x20, 0x0, 0x0, 0x0,
    0x0, 0x0, 0x0, 0xc, 0xf7, 0x0, 0x0, 0x0,
    0x0, 0x0, 0x0, 0x0, 0x9d, 0x70, 0x0, 0x0,
    0x0, 0x0, 0x0, 0x0, 0x0, 0x0, 0x0, 0x0,
    0x0,

    /* U+30AE "ギ" */
    0x0, 0x0, 0x0, 0x0, 0x0, 0x0, 0x0, 0x0,
    0x0, 0x0, 0x0, 0x0, 0x0, 0x0, 0x0, 0x0,
    0x11, 0xac, 0x0, 0x0, 0x0, 0x0, 0x68, 0x10,
    0x0, 0xe, 0xa3, 0xf7, 0x0, 0x0, 0x0, 0xe,
    0xf4, 0x0, 0x0, 0x6f, 0x3a, 0xa0, 0x0, 0x0,
    0x0, 0xaf, 0x70, 0x0, 0x0, 0xd5, 0x0, 0x0,
    0x0, 0x0, 0x7, 0xfb, 0x57, 0xad, 0xfc, 0x0,
    0x0, 0x2, 0x46, 0x8a, 0xef, 0xff, 0xff, 0xff,
    0xd0, 0x0, 0x2, 0xff, 0xff, 0xff, 0xff, 0xa7,
    0x52, 0x0, 0x0, 0x0, 0xf, 0xc9, 0x74, 0x1d,
    0xf3, 0x0, 0x0, 0x0, 0x0, 0x0, 0x0, 0x0,
    0x0, 0xaf, 0x60, 0x0, 0x0, 0x0, 0x0, 0x0,
    0x0, 0x0, 0x7, 0xf9, 0x0, 0x14, 0x7a, 0x50,
    0x0, 0x0, 0x0, 0x1, 0x7f, 0xeb, 0xef, 0xff,
    0xf9, 0x0, 0x16, 0x7a, 0xce, 0xff, 0xff, 0xff,
    0xeb, 0x96, 0x30, 0x2, 0xff, 0xff, 0xfe, 0xbe,
    0xf5, 0x0, 0x0, 0x0, 0x0, 0xb, 0x96, 0x30,
    0x0, 0xbf, 0x60, 0x0, 0x0, 0x0, 0x0, 0x0,
    0x0, 0x0, 0x8, 0xf9, 0x0, 0x0, 0x0, 0x0,
    0x0, 0x0, 0x0, 0x0, 0x5f, 0xc0, 0x0, 0x0,
    0x0, 0x0, 0x0, 0x0, 0x0, 0x2, 0xff, 0x0,
    0x0, 0x0, 0x0, 0x0, 0x0, 0x0, 0x0, 0xf,
    0xf4, 0x0, 0x0, 0x0, 0x0, 0x0, 0x0, 0x0,
    0x0, 0x42, 0x0, 0x0, 0x0, 0x0,

    /* U+30AF "ク" */
    0x0, 0x0, 0x0, 0x0, 0x0, 0x0, 0x0, 0x0,
    0x0, 0x0, 0x0, 0x0, 0x7d, 0x80, 0x0, 0x0,
    0x0, 0x0, 0x0, 0x0, 0xe, 0xf8, 0x0, 0x0,
    0x0, 0x0, 0x0, 0x0, 0x7, 0xff, 0x10, 0x0,
    0x13, 0x10, 0x0, 0x0, 0x2, 0xff, 0xff, 0xff,
    0xff, 0xfe, 0x40, 0x0, 0x0, 0xdf, 0xdb, 0xbb,
    0xbb, 0xcf, 0xf5, 0x0, 0x0, 0xcf, 0xd1, 0x0,
    0x0, 0x6, 0xfe, 0x0, 0x1, 0xcf, 0xe1, 0x0,
    0x0, 0x0, 0xcf, 0x80, 0x4, 0xef, 0xe2, 0x0,
    0x0, 0x0, 0x3f, 0xf2, 0x0, 0xdf, 0xc1, 0x0,
    0x0, 0x0, 0xd, 0xfa, 0x0, 0x0, 0x70, 0x0,
    0x0, 0x0, 0x7, 0xff, 0x10, 0x0, 0x0, 0x0,
    0x0, 0x0, 0x3, 0xff, 0x60, 0x0, 0x0, 0x0,
    0x0, 0x0, 0x2, 0xef, 0xb0, 0x0, 0x0, 0x0,
    0x0, 0x0, 0x4, 0xef, 0xd1, 0x0, 0x0, 0x0,
    0x0, 0x0, 0x8, 0xff, 0xd1, 0x0, 0x0, 0x0,
    0x0, 0x0, 0x6e, 0xff, 0xa0, 0x0, 0x0, 0x0,
    0x0, 0xa, 0xff, 0xfe, 0x50, 0x0, 0x0, 0x0,
    0x0, 0x0, 0x5f, 0xe7, 0x0, 0x0, 0x0, 0x0,
    0x0, 0x0, 0x0, 0x20, 0x0, 0x0, 0x0, 0x0,
    0x0, 0x0,

    /* U+30B0 "グ" */
    0x0, 0x0, 0x0, 0x0, 0x0, 0x0, 0x0, 0x0,
    0x0, 0x0, 0x0, 0x0, 0x0, 0x0, 0x0, 0x0,
    0x0, 0x4d, 0x10, 0x0, 0x0, 0x0, 0x1a, 0x50,
    0x0, 0x9, 0xd1, 0xea, 0x0, 0x0, 0x0, 0x8,
    0xfe, 0x10, 0x0, 0x3f, 0x76, 0xf2, 0x0, 0x0,
    0x1, 0xff, 0x60, 0x0, 0x0, 0xab, 0x1, 0x0,
    0x0, 0x0, 0xaf, 0xfc, 0xcc, 0xcc, 0xee, 0x40,
    0x0, 0x0, 0x0, 0x6f, 0xff, 0xff, 0xff, 0xff,
    0xfb, 0x0, 0x0, 0x0, 0x4f, 0xf6, 0x0, 0x0,
    0x1, 0xff, 0x40, 0x0, 0x0, 0x4f, 0xf8, 0x0,
    0x0, 0x0, 0x6f, 0xe0, 0x0, 0x0, 0x7f, 0xf9,
    0x0, 0x0, 0x0, 0xd, 0xf8, 0x0, 0x0, 0xaf,
    0xf7, 0x0, 0x0, 0x0, 0x6, 0xff, 0x10, 0x0,
    0x1, 0xa4, 0x0, 0x0, 0x0, 0x1, 0xef, 0x70,
    0x0, 0x0, 0x0, 0x0, 0x0, 0x0, 0x0, 0xbf,
    0xd0, 0x0, 0x0, 0x0, 0x0, 0x0, 0x0, 0x0,
    0x8f, 0xf3, 0x0, 0x0, 0x0, 0x0, 0x0, 0x0,
    0x0, 0x9f, 0xf6, 0x0, 0x0, 0x0, 0x0, 0x0,
    0x0, 0x2, 0xcf, 0xf7, 0x0, 0x0, 0x0, 0x0,
    0x0, 0x0, 0x18, 0xff, 0xf5, 0x0, 0x0, 0x0,
    0x0, 0x0, 0x4, 0xaf, 0xff, 0xc2, 0x0, 0x0,
    0x0, 0x0, 0x0, 0x0, 0x5f, 0xfd, 0x50, 0x0,
    0x0, 0x0, 0x0, 0x0, 0x0, 0x0, 0x34, 0x0,
    0x0, 0x0, 0x0, 0x0, 0x0, 0x0,

    /* U+30B1 "ケ" */
    0x0, 0x0, 0xa, 0x83, 0x0, 0x0, 0x0, 0x0,
    0x0, 0x0, 0x0, 0x2f, 0xf3, 0x0, 0x0, 0x0,
    0x0, 0x0, 0x0, 0x0, 0x6f, 0xd0, 0x0, 0x0,
    0x0, 0x0, 0x0, 0x0, 0x0, 0xdf, 0x80, 0x0,
    0x0, 0x0, 0x1, 0x21, 0x0, 0x4, 0xff, 0xff,
    0xff, 0xff, 0xff, 0xff, 0xf5, 0x0, 0xd, 0xff,
    0xee, 0xee, 0xff, 0xfe, 0xee, 0xf5, 0x0, 0x8f,
    0xe1, 0x0, 0x0, 0xff, 0x20, 0x0, 0x0, 0x6,
    0xff, 0x50, 0x0, 0x2, 0xff, 0x0, 0x0, 0x0,
    0x6f, 0xf9, 0x0, 0x0, 0x4, 0xfd, 0x0, 0x0,
    0x0, 0x3c, 0xb0, 0x0, 0x0, 0x9, 0xfb, 0x0,
    0x0, 0x0, 0x0, 0x0, 0x0, 0x0, 0xe, 0xf5,
    0x0, 0x0, 0x0, 0x0, 0x0, 0x0, 0x0, 0x6f,
    0xe0, 0x0, 0x0, 0x0, 0x0, 0x0, 0x0, 0x2,
    0xff, 0x80, 0x0, 0x0, 0x0, 0x0, 0x0, 0x0,
    0x1c, 0xfd, 0x0, 0x0, 0x0, 0x0, 0x0, 0x0,
    0x2, 0xdf, 0xf3, 0x0, 0x0, 0x0, 0x0, 0x0,
    0x0, 0x6f, 0xff, 0x50, 0x0, 0x0, 0x0, 0x0,
    0x0, 0x0, 0x1a, 0xd2, 0x0, 0x0, 0x0, 0x0,
    0x0, 0x0, 0x0, 0x0, 0x0, 0x0, 0x0, 0x0,
    0x0, 0x0,

    /* U+30B3 "コ" */
    0x0, 0x0, 0x0, 0x0, 0x0, 0x0, 0x0, 0xb,
    0xff, 0xee, 0xee, 0xee, 0xee, 0xef, 0xf2, 0xbf,
    0xff, 0xff, 0xff, 0xff, 0xff, 0xff, 0x21, 0x11,
    0x11, 0x11, 0x11, 0x11, 0x1f, 0xf1, 0x0, 0x0,
    0x0, 0x0, 0x0, 0x0, 0xff, 0x10, 0x0, 0x0,
    0x0, 0x0, 0x0, 0xf, 0xf1, 0x0, 0x0, 0x0,
    0x0, 0x0, 0x0, 0xff, 0x10, 0x0, 0x0, 0x0,
    0x0, 0x0, 0xf, 0xf1, 0x0, 0x0, 0x0, 0x0,
    0x0, 0x0, 0xff, 0x10, 0x0, 0x0, 0x0, 0x0,
    0x0, 0xf, 0xf1, 0x0, 0x0, 0x0, 0x0, 0x0,
    0x0, 0xff, 0x10, 0x0, 0x0, 0x0, 0x0, 0x0,
    0xf, 0xf1, 0xee, 0xee, 0xee, 0xee, 0xee, 0xee,
    0xff, 0x1e, 0xff, 0xff, 0xff, 0xff, 0xff, 0xff,
    0xf2, 0x33, 0x22, 0x22, 0x22, 0x22, 0x23, 0xff,
    0x20, 0x0, 0x0, 0x0, 0x0, 0x0, 0x2, 0x20,

    /* U+30B7 "シ" */
    0x0, 0x0, 0x14, 0x0, 0x0, 0x0, 0x0, 0x0,
    0x0, 0x0, 0x0, 0xaf, 0xb1, 0x0, 0x0, 0x0,
    0x0, 0x0, 0x0, 0x0, 0x7f, 0xff, 0x60, 0x0,
    0x0, 0x0, 0x0, 0x0, 0x0, 0x2, 0xbf, 0xf4,
    0x0, 0x0, 0x0, 0x0, 0x0, 0x0, 0x0, 0x6,
    0xa0, 0x0, 0x0, 0x0, 0x0, 0x5, 0xc3, 0x0,
    0x0, 0x0, 0x0, 0x0, 0x2, 0x70, 0xd, 0xff,
    0x91, 0x0, 0x0, 0x0, 0x0, 0xc, 0xf1, 0x1,
    0xaf, 0xfe, 0x30, 0x0, 0x0, 0x0, 0x9f, 0xf2,
    0x0, 0x3, 0xde, 0x10, 0x0, 0x0, 0x8, 0xff,
    0x50, 0x0, 0x0, 0x3, 0x0, 0x0, 0x0, 0x8f,
    0xf8, 0x0, 0x0, 0x0, 0x0, 0x0, 0x0, 0xa,
    0xff, 0x80, 0x0, 0x0, 0x0, 0x0, 0x0, 0x3,
    0xdf, 0xf6, 0x0, 0x0, 0x0, 0x0, 0x0, 0x2,
    0x9f, 0xfd, 0x20, 0x0, 0x0, 0x0, 0x0, 0x4,
    0xbf, 0xff, 0x90, 0x0, 0x0, 0x0, 0x0, 0x7b,
    0xff, 0xff, 0xc4, 0x0, 0x0, 0x0, 0x0, 0x0,
    0xcf, 0xff, 0xa3, 0x0, 0x0, 0x0, 0x0, 0x0,
    0x0, 0x39, 0x51, 0x0, 0x0, 0x0, 0x0, 0x0,
    0x0,

    /* U+30B8 "ジ" */
    0x0, 0x0, 0x0, 0x0, 0x0, 0x0, 0x0, 0x0,
    0x0, 0x0, 0x0, 0x2, 0x10, 0x0, 0x0, 0x0,
    0x1, 0xd8, 0x0, 0x0, 0x0, 0xcf, 0x60, 0x0,
    0x0, 0x9c, 0xa, 0xf2, 0x0, 0x0, 0x1c, 0xff,
    0xc2, 0x0, 0x5, 0xf7, 0x1f, 0xb0, 0x0, 0x0,
    0x6, 0xef, 0xf1, 0x0, 0xc, 0xe1, 0x42, 0x0,
    0x0, 0x0, 0x1, 0xb8, 0x0, 0x0, 0x25, 0x0,
    0x0, 0x7, 0x70, 0x0, 0x0, 0x0, 0x0, 0x0,
    0x5, 0x20, 0x2, 0xff, 0xe5, 0x0, 0x0, 0x0,
    0x0, 0x1, 0xeb, 0x0, 0x4, 0xdf, 0xfa, 0x0,
    0x0, 0x0, 0x0, 0xbf, 0xd0, 0x0, 0x0, 0x8f,
    0xc0, 0x0, 0x0, 0x0, 0xaf, 0xf3, 0x0, 0x0,
    0x0, 0x32, 0x0, 0x0, 0x0, 0x9f, 0xf5, 0x0,
    0x0, 0x0, 0x0, 0x0, 0x0, 0x0, 0xbf, 0xf6,
    0x0, 0x0, 0x0, 0x0, 0x0, 0x0, 0x4, 0xef,
    0xf5, 0x0, 0x0, 0x0, 0x0, 0x0, 0x0, 0x2a,
    0xff, 0xc2, 0x0, 0x0, 0x0, 0x0, 0x0, 0x4,
    0xbf, 0xff, 0x80, 0x0, 0x0, 0x0, 0x0, 0x17,
    0xae, 0xff, 0xfc, 0x40, 0x0, 0x0, 0x0, 0x0,
    0x1, 0xff, 0xff, 0xb3, 0x0, 0x0, 0x0, 0x0,
    0x0, 0x0, 0x7, 0xa6, 0x10, 0x0, 0x0, 0x0,
    0x0, 0x0, 0x0,

    /* U+30B9 "ス" */
    0x0, 0x13, 0x22, 0x22, 0x22, 0x22, 0x24, 0x10,
    0x0, 0x0, 0x5f, 0xff, 0xff, 0xff, 0xff, 0xff,
    0xe1, 0x0, 0x0, 0x5e, 0xdd, 0xdd, 0xdd, 0xdd,
    0xff, 0xc0, 0x0, 0x0, 0x0, 0x0, 0x0, 0x0,
    0x1, 0xff, 0x40, 0x0, 0x0, 0x0, 0x0, 0x0,
    0x0, 0x8, 0xfc, 0x0, 0x0, 0x0, 0x0, 0x0,
    0x0, 0x0, 0x2f, 0xf4, 0x0, 0x0, 0x0, 0x0,
    0x0, 0x0, 0x0, 0xcf, 0xa0, 0x0, 0x0, 0x0,
    0x0, 0x0, 0x0, 0x8, 0xfe, 0x10, 0x0, 0x0,
    0x0, 0x0, 0x0, 0x0, 0x6f, 0xfb, 0x0, 0x0,
    0x0, 0x0, 0x0, 0x0, 0x6, 0xff, 0xff, 0xa0,
    0x0, 0x0, 0x0, 0x0, 0x0, 0x8f, 0xf7, 0x5f,
    0xfa, 0x0, 0x0, 0x0, 0x0, 0x1b, 0xff, 0x50,
    0x5, 0xff, 0xb0, 0x0, 0x0, 0x6, 0xef, 0xf4,
    0x0, 0x0, 0x5f, 0xfa, 0x0, 0x5, 0xdf, 0xfd,
    0x20, 0x0, 0x0, 0x7, 0xff, 0x80, 0xb, 0xff,
    0x80, 0x0, 0x0, 0x0, 0x0, 0xaf, 0xb0, 0x0,
    0x71, 0x0, 0x0, 0x0, 0x0, 0x0, 0x7, 0x0,

    /* U+30BB "セ" */
    0x0, 0x0, 0x15, 0x50, 0x0, 0x0, 0x0, 0x0,
    0x0, 0x0, 0x2, 0xff, 0x10, 0x0, 0x0, 0x0,
    0x0, 0x0, 0x0, 0x1f, 0xf0, 0x0, 0x0, 0x0,
    0x0, 0x0, 0x0, 0x1, 0xff, 0x0, 0x0, 0x0,
    0x1, 0x40, 0x0, 0x0, 0x1f, 0xf0, 0x0, 0x47,
    0xad, 0xff, 0x90, 0x0, 0x2, 0xff, 0xad, 0xff,
    0xff, 0xff, 0xf7, 0x59, 0xbe, 0xff, 0xff, 0xfe,
    0xb7, 0x47, 0xfd, 0xb, 0xff, 0xfe, 0xff, 0x41,
    0x0, 0x1, 0xef, 0x30, 0x68, 0x51, 0x1f, 0xf0,
    0x0, 0x0, 0xbf, 0x90, 0x0, 0x0, 0x1, 0xff,
    0x0, 0x0, 0xaf, 0xd0, 0x0, 0x0, 0x0, 0x1f,
    0xf0, 0x0, 0x3f, 0xe2, 0x0, 0x0, 0x0, 0x1,
    0xff, 0x0, 0x0, 0x13, 0x0, 0x0, 0x0, 0x0,
    0x1f, 0xf0, 0x0, 0x0, 0x0, 0x0, 0x0, 0x0,
    0x1, 0xff, 0x0, 0x0, 0x0, 0x0, 0x0, 0x0,
    0x0, 0xf, 0xfa, 0x43, 0x34, 0x56, 0x9b, 0x0,
    0x0, 0x0, 0x9f, 0xff, 0xff, 0xff, 0xff, 0xf0,
    0x0, 0x0, 0x0, 0x49, 0xbc, 0xcb, 0xa9, 0x86,
    0x0,

    /* U+30BE "ゾ" */
    0x0, 0x0, 0x0, 0x0, 0x0, 0x0, 0x0, 0x0,
    0x0, 0x0, 0x0, 0x0, 0x0, 0x0, 0x0, 0x0,
    0x61, 0x8e, 0x10, 0x0, 0x0, 0x0, 0x0, 0x0,
    0x0, 0x2f, 0x92, 0xf9, 0x0, 0x0, 0x0, 0x0,
    0x0, 0x0, 0x0, 0x8f, 0x28, 0xb0, 0x6, 0xe5,
    0x0, 0x0, 0x0, 0x0, 0x5, 0xa1, 0x0, 0x0,
    0xaf, 0xe0, 0x0, 0x0, 0x0, 0x0, 0xdf, 0x80,
    0x0, 0x1, 0xff, 0x80, 0x0, 0x0, 0x0, 0xf,
    0xf4, 0x0, 0x0, 0x7, 0xff, 0x20, 0x0, 0x0,
    0x4, 0xff, 0x0, 0x0, 0x0, 0xe, 0xfb, 0x0,
    0x0, 0x0, 0x9f, 0xb0, 0x0, 0x0, 0x0, 0x6f,
    0xf1, 0x0, 0x0, 0xe, 0xf6, 0x0, 0x0, 0x0,
    0x0, 0x81, 0x0, 0x0, 0x6, 0xfe, 0x0, 0x0,
    0x0, 0x0, 0x0, 0x0, 0x0, 0x0, 0xef, 0x70,
    0x0, 0x0, 0x0, 0x0, 0x0, 0x0, 0x0, 0xaf,
    0xe0, 0x0, 0x0, 0x0, 0x0, 0x0, 0x0, 0x0,
    0x6f, 0xf5, 0x0, 0x0, 0x0, 0x0, 0x0, 0x0,
    0x0, 0x6f, 0xf9, 0x0, 0x0, 0x0, 0x0, 0x0,
    0x0, 0x0, 0x9f, 0xfa, 0x0, 0x0, 0x0, 0x0,
    0x0, 0x0, 0x4, 0xdf, 0xfa, 0x0, 0x0, 0x0,
    0x0, 0x0, 0x0, 0xc, 0xff, 0xf6, 0x0, 0x0,
    0x0, 0x0, 0x0, 0x0, 0x0, 0x3e, 0xb2, 0x0,
    0x0, 0x0, 0x0, 0x0, 0x0, 0x0, 0x0, 0x0,
    0x0, 0x0, 0x0, 0x0, 0x0, 0x0,

    /* U+30BF "タ" */
    0x0, 0x0, 0x0, 0x4, 0x61, 0x0, 0x0, 0x0,
    0x0, 0x0, 0x0, 0x0, 0xbf, 0xb0, 0x0, 0x0,
    0x0, 0x0, 0x0, 0x0, 0x4f, 0xf2, 0x0, 0x0,
    0x0, 0x0, 0x0, 0x0, 0xd, 0xff, 0xbb, 0xbb,
    0xce, 0xb1, 0x0, 0x0, 0x9, 0xff, 0xff, 0xff,
    0xff, 0xff, 0x70, 0x0, 0x6, 0xff, 0x30, 0x0,
    0x0, 0x5f, 0xf1, 0x0, 0x6, 0xff, 0x50, 0x0,
    0x0, 0xb, 0xfa, 0x0, 0x7, 0xff, 0x70, 0x30,
    0x0, 0x1, 0xff, 0x30, 0x1b, 0xff, 0x60, 0x7f,
    0xb2, 0x0, 0xaf, 0xc0, 0x0, 0xbe, 0x40, 0x4,
    0xef, 0xf7, 0x4f, 0xf2, 0x0, 0x0, 0x10, 0x0,
    0x1, 0xaf, 0xff, 0xf8, 0x0, 0x0, 0x0, 0x0,
    0x0, 0x0, 0x6f, 0xff, 0x60, 0x0, 0x0, 0x0,
    0x0, 0x0, 0xc, 0xff, 0xff, 0x90, 0x0, 0x0,
    0x0, 0x0, 0x2d, 0xff, 0x3a, 0xfd, 0x10, 0x0,
    0x0, 0x0, 0x7f, 0xfe, 0x30, 0x7, 0x20, 0x0,
    0x0, 0x17, 0xef, 0xfb, 0x10, 0x0, 0x0, 0x0,
    0x0, 0x3f, 0xff, 0xe5, 0x0, 0x0, 0x0, 0x0,
    0x0, 0x0, 0x4c, 0x50, 0x0, 0x0, 0x0, 0x0,
    0x0,

    /* U+30C0 "ダ" */
    0x0, 0x0, 0x0, 0x0, 0x0, 0x0, 0x0, 0x0,
    0x0, 0x0, 0x0, 0x0, 0x0, 0x0, 0x0, 0x0,
    0x0, 0x4d, 0x10, 0x0, 0x0, 0x0, 0xc, 0x81,
    0x0, 0x9, 0xd1, 0xea, 0x0, 0x0, 0x0, 0x7,
    0xfe, 0x10, 0x0, 0x3f, 0x76, 0xf2, 0x0, 0x0,
    0x1, 0xef, 0x70, 0x0, 0x1, 0xbb, 0x1, 0x0,
    0x0, 0x0, 0xaf, 0xff, 0xff, 0xff, 0xff, 0x90,
    0x0, 0x0, 0x0, 0x6f, 0xfc, 0xcc, 0xcc, 0xcf,
    0xfc, 0x0, 0x0, 0x0, 0x4f, 0xf5, 0x0, 0x0,
    0x0, 0xff, 0x50, 0x0, 0x0, 0x4f, 0xf8, 0x0,
    0x0, 0x0, 0x6f, 0xe0, 0x0, 0x0, 0x6f, 0xf9,
    0x5, 0x40, 0x0, 0xc, 0xf8, 0x0, 0x0, 0x9f,
    0xf7, 0x3, 0xff, 0xa1, 0x6, 0xfe, 0x10, 0x0,
    0x2, 0xc5, 0x0, 0x6, 0xff, 0xe6, 0xef, 0x60,
    0x0, 0x0, 0x0, 0x0, 0x0, 0x1, 0xcf, 0xff,
    0xc0, 0x0, 0x0, 0x0, 0x0, 0x0, 0x0, 0x0,
    0xdf, 0xfe, 0x40, 0x0, 0x0, 0x0, 0x0, 0x0,
    0x0, 0xaf, 0xfe, 0xff, 0x60, 0x0, 0x0, 0x0,
    0x0, 0x2, 0xdf, 0xf5, 0x1c, 0xf2, 0x0, 0x0,
    0x0, 0x0, 0x18, 0xff, 0xe4, 0x0, 0x3, 0x0,
    0x0, 0x0, 0x3, 0x9e, 0xff, 0xb1, 0x0, 0x0,
    0x0, 0x0, 0x0, 0x0, 0x8f, 0xfd, 0x40, 0x0,
    0x0, 0x0, 0x0, 0x0, 0x0, 0x0, 0x64, 0x0,
    0x0, 0x0, 0x0, 0x0, 0x0, 0x0,

    /* U+30C1 "チ" */
    0x0, 0x0, 0x0, 0x0, 0x0, 0x0, 0x27, 0x0,
    0x0, 0x0, 0x11, 0x12, 0x35, 0x68, 0xbe, 0xff,
    0xa0, 0x0, 0x0, 0xdf, 0xff, 0xff, 0xff, 0xff,
    0xc9, 0x50, 0x0, 0x0, 0x7b, 0xaa, 0x98, 0xff,
    0x40, 0x0, 0x0, 0x0, 0x0, 0x0, 0x0, 0x0,
    0xef, 0x20, 0x0, 0x0, 0x0, 0x0, 0x0, 0x0,
    0x0, 0xef, 0x20, 0x0, 0x0, 0x0, 0x0, 0x0,
    0x0, 0x0, 0xef, 0x20, 0x0, 0x0, 0x10, 0x8f,
    0xff, 0xff, 0xff, 0xff, 0xff, 0xff, 0xff, 0xf2,
    0x7e, 0xed, 0xdd, 0xdd, 0xff, 0xed, 0xdd, 0xde,
    0xe2, 0x0, 0x0, 0x0, 0x1, 0xff, 0x0, 0x0,
    0x0, 0x0, 0x0, 0x0, 0x0, 0x5, 0xfd, 0x0,
    0x0, 0x0, 0x0, 0x0, 0x0, 0x0, 0xa, 0xf9,
    0x0, 0x0, 0x0, 0x0, 0x0, 0x0, 0x0, 0x2f,
    0xf3, 0x0, 0x0, 0x0, 0x0, 0x0, 0x0, 0x1,
    0xdf, 0xb0, 0x0, 0x0, 0x0, 0x0, 0x0, 0x0,
    0x2c, 0xfe, 0x10, 0x0, 0x0, 0x0, 0x0, 0x0,
    0x7, 0xff, 0xe3, 0x0, 0x0, 0x0, 0x0, 0x0,
    0x0, 0x2, 0xdc, 0x10, 0x0, 0x0, 0x0, 0x0,
    0x0, 0x0, 0x0, 0x0, 0x0, 0x0, 0x0, 0x0,
    0x0, 0x0,

    /* U+30C3 "ッ" */
    0x0, 0x0, 0x3, 0x80, 0x0, 0x0, 0x0, 0x0,
    0x63, 0x0, 0xcf, 0x50, 0x0, 0x2e, 0x90, 0x7f,
    0xb0, 0x6, 0xfb, 0x0, 0x5, 0xfd, 0x1, 0xff,
    0x20, 0xf, 0xf1, 0x0, 0x9f, 0x80, 0xa, 0xf8,
    0x0, 0xaf, 0x40, 0xe, 0xf3, 0x0, 0x3f, 0xe0,
    0x2, 0x0, 0x5, 0xfd, 0x0, 0x0, 0x61, 0x0,
    0x0, 0x0, 0xdf, 0x50, 0x0, 0x0, 0x0, 0x0,
    0x0, 0x8f, 0xc0, 0x0, 0x0, 0x0, 0x0, 0x0,
    0x7f, 0xf2, 0x0, 0x0, 0x0, 0x0, 0x0, 0x8f,
    0xf5, 0x0, 0x0, 0x0, 0x0, 0x3, 0xcf, 0xf6,
    0x0, 0x0, 0x0, 0x0, 0x5b, 0xff, 0xe4, 0x0,
    0x0, 0x0, 0x0, 0xb, 0xff, 0xa1, 0x0, 0x0,
    0x0, 0x0, 0x0, 0x7, 0x20, 0x0, 0x0, 0x0,
    0x0,

    /* U+30C6 "テ" */
    0x0, 0x0, 0x0, 0x0, 0x0, 0x0, 0x0, 0x0,
    0x0, 0x0, 0xe, 0xfe, 0xee, 0xee, 0xee, 0xee,
    0xf1, 0x0, 0x0, 0xe, 0xff, 0xff, 0xff, 0xff,
    0xff, 0xf1, 0x0, 0x0, 0x0, 0x0, 0x0, 0x0,
    0x0, 0x0, 0x0, 0x0, 0x0, 0x0, 0x0, 0x0,
    0x0, 0x0, 0x0, 0x0, 0x0, 0x0, 0x0, 0x0,
    0x0, 0x0, 0x0, 0x0, 0x0, 0x0, 0x2e, 0xed,
    0xdd, 0xdd, 0xdd, 0xdd, 0xdd, 0xde, 0xe6, 0x2f,
    0xff, 0xff, 0xff, 0xff, 0xff, 0xff, 0xff, 0xf6,
    0x0, 0x0, 0x0, 0x0, 0xbf, 0x60, 0x0, 0x0,
    0x0, 0x0, 0x0, 0x0, 0x0, 0xdf, 0x40, 0x0,
    0x0, 0x0, 0x0, 0x0, 0x0, 0x0, 0xff, 0x20,
    0x0, 0x0, 0x0, 0x0, 0x0, 0x0, 0x5, 0xfe,
    0x0, 0x0, 0x0, 0x0, 0x0, 0x0, 0x0, 0xc,
    0xf8, 0x0, 0x0, 0x0, 0x0, 0x0, 0x0, 0x0,
    0x8f, 0xf2, 0x0, 0x0, 0x0, 0x0, 0x0, 0x0,
    0x8, 0xff, 0x70, 0x0, 0x0, 0x0, 0x0, 0x0,
    0x3, 0xdf, 0xf7, 0x0, 0x0, 0x0, 0x0, 0x0,
    0x0, 0x0, 0x8d, 0x30, 0x0, 0x0, 0x0, 0x0,
    0x0, 0x0, 0x0, 0x0, 0x0, 0x0, 0x0, 0x0,
    0x0, 0x0,

    /* U+30C7 "デ" */
    0x0, 0x0, 0x0, 0x0, 0x0, 0x0, 0x0, 0x0,
    0x20, 0x0, 0x0, 0x0, 0x0, 0x0, 0x0, 0x0,
    0x5, 0x1f, 0x80, 0x0, 0x0, 0x0, 0x0, 0x0,
    0x0, 0x4, 0xf5, 0x7f, 0x20, 0x0, 0xee, 0xdd,
    0xdd, 0xdd, 0xde, 0x9a, 0xe1, 0xb4, 0x0, 0xf,
    0xff, 0xff, 0xff, 0xff, 0xfa, 0x29, 0x10, 0x0,
    0x0, 0x0, 0x0, 0x0, 0x0, 0x0, 0x0, 0x0,
    0x0, 0x0, 0x0, 0x0, 0x0, 0x0, 0x0, 0x0,
    0x0, 0x0, 0x0, 0x0, 0x0, 0x0, 0x0, 0x0,
    0x0, 0x0, 0x0, 0x0, 0x6e, 0xed, 0xdd, 0xdd,
    0xdd, 0xdd, 0xdd, 0xde, 0xe2, 0x6, 0xff, 0xff,
    0xff, 0xff, 0xff, 0xff, 0xff, 0xff, 0x20, 0x1,
    0x0, 0x0, 0x0, 0xef, 0x50, 0x0, 0x0, 0x10,
    0x0, 0x0, 0x0, 0x0, 0xf, 0xf2, 0x0, 0x0,
    0x0, 0x0, 0x0, 0x0, 0x0, 0x2, 0xff, 0x0,
    0x0, 0x0, 0x0, 0x0, 0x0, 0x0, 0x0, 0x8f,
    0xc0, 0x0, 0x0, 0x0, 0x0, 0x0, 0x0, 0x0,
    0xe, 0xf6, 0x0, 0x0, 0x0, 0x0, 0x0, 0x0,
    0x0, 0xa, 0xfe, 0x10, 0x0, 0x0, 0x0, 0x0,
    0x0, 0x0, 0x1a, 0xff, 0x40, 0x0, 0x0, 0x0,
    0x0, 0x0, 0x0, 0x4e, 0xff, 0x50, 0x0, 0x0,
    0x0, 0x0, 0x0, 0x0, 0x0, 0xac, 0x20, 0x0,
    0x0, 0x0, 0x0, 0x0, 0x0, 0x0, 0x0, 0x0,
    0x0, 0x0, 0x0, 0x0, 0x0, 0x0,

    /* U+30C8 "ト" */
    0x26, 0x60, 0x0, 0x0, 0x0, 0x0, 0x5f, 0xf0,
    0x0, 0x0, 0x0, 0x0, 0x4f, 0xe0, 0x0, 0x0,
    0x0, 0x0, 0x3f, 0xe0, 0x0, 0x0, 0x0, 0x0,
    0x3f, 0xe0, 0x0, 0x0, 0x0, 0x0, 0x3f, 0xe0,
    0x0, 0x0, 0x0, 0x0, 0x3f, 0xfd, 0x82, 0x0,
    0x0, 0x0, 0x3f, 0xff, 0xff, 0xd7, 0x10, 0x0,
    0x3f, 0xe6, 0xcf, 0xff, 0xfa, 0x30, 0x3f, 0xe0,
    0x2, 0x8e, 0xff, 0xf2, 0x3f, 0xe0, 0x0, 0x0,
    0x5d, 0xc0, 0x3f, 0xe0, 0x0, 0x0, 0x0, 0x10,
    0x3f, 0xe0, 0x0, 0x0, 0x0, 0x0, 0x3f, 0xe0,
    0x0, 0x0, 0x0, 0x0, 0x3f, 0xe0, 0x0, 0x0,
    0x0, 0x0, 0x4f, 0xf0, 0x0, 0x0, 0x0, 0x0,
    0x5e, 0xe0, 0x0, 0x0, 0x0, 0x0,

    /* U+30C9 "ド" */
    0x15, 0x51, 0x0, 0x0, 0x0, 0x71, 0x3, 0xff,
    0x20, 0x0, 0x34, 0x2f, 0xa0, 0x1f, 0xf1, 0x0,
    0xb, 0xf1, 0x8f, 0x41, 0xff, 0x0, 0x0, 0x2f,
    0xa0, 0xc5, 0x1f, 0xf0, 0x0, 0x0, 0x8b, 0x0,
    0x1, 0xff, 0x0, 0x0, 0x0, 0x0, 0x0, 0x1f,
    0xfd, 0x83, 0x0, 0x0, 0x0, 0x1, 0xff, 0xff,
    0xfd, 0x71, 0x0, 0x0, 0x1f, 0xf7, 0xcf, 0xff,
    0xfa, 0x30, 0x1, 0xff, 0x0, 0x28, 0xef, 0xff,
    0x50, 0x1f, 0xf0, 0x0, 0x0, 0x5d, 0xe0, 0x1,
    0xff, 0x0, 0x0, 0x0, 0x2, 0x0, 0x1f, 0xf0,
    0x0, 0x0, 0x0, 0x0, 0x1, 0xff, 0x0, 0x0,
    0x0, 0x0, 0x0, 0x1f, 0xf1, 0x0, 0x0, 0x0,
    0x0, 0x2, 0xff, 0x10, 0x0, 0x0, 0x0, 0x0,
    0x3f, 0xf2, 0x0, 0x0, 0x0, 0x0, 0x0,

    /* U+30CA "ナ" */
    0x0, 0x0, 0x0, 0x0, 0x8a, 0x50, 0x0, 0x0,
    0x0, 0x0, 0x0, 0x0, 0x0, 0xcf, 0x70, 0x0,
    0x0, 0x0, 0x0, 0x0, 0x0, 0x0, 0xbf, 0x70,
    0x0, 0x0, 0x0, 0x0, 0x0, 0x0, 0x0, 0xbf,
    0x70, 0x0, 0x0, 0x0, 0x1, 0x0, 0x0, 0x0,
    0xbf, 0x70, 0x0, 0x0, 0x0, 0x4f, 0xff, 0xff,
    0xff, 0xff, 0xff, 0xff, 0xff, 0xf5, 0x4f, 0xff,
    0xff, 0xff, 0xff, 0xff, 0xff, 0xff, 0xf5, 0x0,
    0x0, 0x0, 0x0, 0xcf, 0x60, 0x0, 0x0, 0x0,
    0x0, 0x0, 0x0, 0x0, 0xef, 0x40, 0x0, 0x0,
    0x0, 0x0, 0x0, 0x0, 0x1, 0xff, 0x20, 0x0,
    0x0, 0x0, 0x0, 0x0, 0x0, 0x6, 0xfe, 0x0,
    0x0, 0x0, 0x0, 0x0, 0x0, 0x0, 0xd, 0xf9,
    0x0, 0x0, 0x0, 0x0, 0x0, 0x0, 0x0, 0x7f,
    0xf3, 0x0, 0x0, 0x0, 0x0, 0x0, 0x0, 0x5,
    0xff, 0x80, 0x0, 0x0, 0x0, 0x0, 0x0, 0x0,
    0x9f, 0xfb, 0x0, 0x0, 0x0, 0x0, 0x0, 0x0,
    0xc, 0xff, 0xa0, 0x0, 0x0, 0x0, 0x0, 0x0,
    0x0, 0x0, 0xa6, 0x0, 0x0, 0x0, 0x0, 0x0,
    0x0,

    /* U+30CB "ニ" */
    0x0, 0x13, 0x22, 0x22, 0x22, 0x22, 0x22, 0x31,
    0x0, 0x6, 0xff, 0xff, 0xff, 0xff, 0xff, 0xff,
    0x30, 0x0, 0x6f, 0xff, 0xff, 0xff, 0xff, 0xff,
    0xf3, 0x0, 0x0, 0x0, 0x0, 0x0, 0x0, 0x0,
    0x0, 0x0, 0x0, 0x0, 0x0, 0x0, 0x0, 0x0,
    0x0, 0x0, 0x0, 0x0, 0x0, 0x0, 0x0, 0x0,
    0x0, 0x0, 0x0, 0x0, 0x0, 0x0, 0x0, 0x0,
    0x0, 0x0, 0x0, 0x0, 0x0, 0x0, 0x0, 0x0,
    0x0, 0x0, 0x0, 0x0, 0x0, 0x0, 0x0, 0x0,
    0x0, 0x0, 0x0, 0x0, 0x0, 0x0, 0x0, 0x0,
    0x0, 0x0, 0x0, 0x0, 0x0, 0x5, 0x44, 0x44,
    0x44, 0x44, 0x44, 0x44, 0x44, 0x51, 0xff, 0xff,
    0xff, 0xff, 0xff, 0xff, 0xff, 0xfe, 0x1f, 0xff,
    0xee, 0xee, 0xee, 0xee, 0xee, 0xff, 0xe0, 0x0,
    0x0, 0x0, 0x0, 0x0, 0x0, 0x0, 0x0,

    /* U+30CD "ネ" */
    0x0, 0x0, 0x0, 0x0, 0x0, 0x0, 0x0, 0x0,
    0x0, 0x0, 0x0, 0x0, 0x0, 0xff, 0x30, 0x0,
    0x0, 0x0, 0x0, 0x0, 0x0, 0x0, 0xef, 0x20,
    0x0, 0x0, 0x0, 0x0, 0x21, 0x0, 0x0, 0xef,
    0x20, 0x1, 0x10, 0x0, 0x1, 0xff, 0xff, 0xff,
    0xff, 0xff, 0xff, 0xf4, 0x0, 0x1, 0xed, 0xdd,
    0xdd, 0xdd, 0xdd, 0xff, 0xf6, 0x0, 0x0, 0x0,
    0x0, 0x0, 0x0, 0x4, 0xff, 0x70, 0x0, 0x0,
    0x0, 0x0, 0x0, 0x0, 0x5f, 0xf7, 0x0, 0x0,
    0x0, 0x0, 0x0, 0x0, 0x9, 0xff, 0x80, 0x0,
    0x0, 0x0, 0x0, 0x0, 0x3, 0xcf, 0xf5, 0x0,
    0x0, 0x0, 0x0, 0x0, 0x2, 0xaf, 0xff, 0x40,
    0x6a, 0x10, 0x0, 0x0, 0x5, 0xbf, 0xff, 0xff,
    0x11, 0xff, 0xf8, 0x0, 0x4b, 0xff, 0xff, 0x81,
    0xef, 0x10, 0x1a, 0xff, 0xd3, 0x1e, 0xfc, 0x61,
    0x0, 0xef, 0x10, 0x0, 0x4e, 0xf5, 0x3, 0x10,
    0x0, 0x0, 0xef, 0x10, 0x0, 0x1, 0x60, 0x0,
    0x0, 0x0, 0x0, 0xff, 0x10, 0x0, 0x0, 0x0,
    0x0, 0x0, 0x0, 0x0, 0xff, 0x10, 0x0, 0x0,
    0x0, 0x0, 0x0, 0x0, 0x0, 0xff, 0x20, 0x0,
    0x0, 0x0, 0x0, 0x0, 0x0, 0x0, 0x11, 0x0,
    0x0, 0x0, 0x0,

    /* U+30D0 "バ" */
    0x0, 0x0, 0x0, 0x0, 0x0, 0x0, 0x0, 0x1,
    0x60, 0x0, 0x0, 0x0, 0x0, 0x0, 0x0, 0x0,
    0x57, 0x3f, 0x60, 0x0, 0x0, 0x0, 0x0, 0x0,
    0x0, 0x7, 0xf3, 0xae, 0x10, 0x0, 0x0, 0x74,
    0x0, 0x4, 0x94, 0xd, 0xc1, 0x81, 0x0, 0x0,
    0x2f, 0xf2, 0x0, 0x9f, 0xd0, 0x33, 0x0, 0x0,
    0x0, 0x5, 0xfe, 0x0, 0x1, 0xff, 0x50, 0x0,
    0x0, 0x0, 0x0, 0x8f, 0xb0, 0x0, 0x9, 0xfc,
    0x0, 0x0, 0x0, 0x0, 0xc, 0xf7, 0x0, 0x0,
    0x2f, 0xf3, 0x0, 0x0, 0x0, 0x1, 0xff, 0x30,
    0x0, 0x0, 0xbf, 0xa0, 0x0, 0x0, 0x0, 0x6f,
    0xd0, 0x0, 0x0, 0x5, 0xff, 0x10, 0x0, 0x0,
    0xb, 0xf8, 0x0, 0x0, 0x0, 0xe, 0xf7, 0x0,
    0x0, 0x2, 0xff, 0x30, 0x0, 0x0, 0x0, 0x9f,
    0xc0, 0x0, 0x0, 0xaf, 0xc0, 0x0, 0x0, 0x0,
    0x3, 0xff, 0x20, 0x0, 0x2f, 0xf5, 0x0, 0x0,
    0x0, 0x0, 0xe, 0xf8, 0x0, 0xb, 0xfd, 0x0,
    0x0, 0x0, 0x0, 0x0, 0x9f, 0xd0, 0x6, 0xff,
    0x40, 0x0, 0x0, 0x0, 0x0, 0x4, 0xff, 0x20,
    0x8f, 0xb0, 0x0, 0x0, 0x0, 0x0, 0x0, 0xf,
    0xc3, 0x0, 0x1, 0x0, 0x0, 0x0, 0x0, 0x0,
    0x0, 0x10, 0x0,

    /* U+30D1 "パ" */
    0x0, 0x0, 0x0, 0x0, 0x0, 0x0, 0x0, 0x1,
    0x20, 0x0, 0x0, 0x0, 0x0, 0x0, 0x0, 0x0,
    0x9, 0xff, 0x90, 0x0, 0x0, 0x0, 0x0, 0x0,
    0x0, 0x2, 0xf1, 0x1e, 0x30, 0x0, 0x0, 0x74,
    0x0, 0x3, 0x94, 0x1f, 0x21, 0xf2, 0x0, 0x0,
    0x2f, 0xf2, 0x0, 0x9f, 0xc0, 0x7f, 0xf8, 0x0,
    0x0, 0x5, 0xfe, 0x0, 0x1, 0xff, 0x40, 0x1,
    0x0, 0x0, 0x0, 0x8f, 0xb0, 0x0, 0x9, 0xfb,
    0x0, 0x0, 0x0, 0x0, 0xb, 0xf7, 0x0, 0x0,
    0x2f, 0xf2, 0x0, 0x0, 0x0, 0x1, 0xff, 0x30,
    0x0, 0x0, 0xcf, 0x90, 0x0, 0x0, 0x0, 0x6f,
    0xd0, 0x0, 0x0, 0x5, 0xff, 0x0, 0x0, 0x0,
    0xb, 0xf8, 0x0, 0x0, 0x0, 0xe, 0xf5, 0x0,
    0x0, 0x2, 0xff, 0x30, 0x0, 0x0, 0x0, 0x9f,
    0xb0, 0x0, 0x0, 0xaf, 0xc0, 0x0, 0x0, 0x0,
    0x4, 0xff, 0x10, 0x0, 0x2f, 0xf5, 0x0, 0x0,
    0x0, 0x0, 0xe, 0xf6, 0x0, 0xb, 0xfd, 0x0,
    0x0, 0x0, 0x0, 0x0, 0x9f, 0xc0, 0x6, 0xff,
    0x40, 0x0, 0x0, 0x0, 0x0, 0x5, 0xff, 0x10,
    0x8f, 0xb0, 0x0, 0x0, 0x0, 0x0, 0x0, 0x1f,
    0xc2, 0x0, 0x1, 0x0, 0x0, 0x0, 0x0, 0x0,
    0x0, 0x10, 0x0,

    /* U+30D4 "ピ" */
    0x0, 0x0, 0x0, 0x0, 0x0, 0x0, 0x2, 0x0,
    0x0, 0x0, 0x0, 0x0, 0x0, 0x0, 0x2d, 0xff,
    0x50, 0x4f, 0xf0, 0x0, 0x0, 0x0, 0xa, 0x90,
    0x4f, 0x2, 0xff, 0x0, 0x0, 0x0, 0x0, 0xa9,
    0x4, 0xf0, 0x2f, 0xe0, 0x0, 0x0, 0x0, 0x6,
    0xef, 0xf5, 0x2, 0xfe, 0x0, 0x0, 0x0, 0x4c,
    0xf6, 0x20, 0x0, 0x2f, 0xe0, 0x0, 0x38, 0xef,
    0xff, 0x90, 0x0, 0x2, 0xfe, 0x49, 0xef, 0xff,
    0xe9, 0x20, 0x0, 0x0, 0x2f, 0xff, 0xff, 0xfa,
    0x40, 0x0, 0x0, 0x0, 0x2, 0xff, 0xd8, 0x40,
    0x0, 0x0, 0x0, 0x0, 0x0, 0x2f, 0xe0, 0x0,
    0x0, 0x0, 0x0, 0x0, 0x0, 0x2, 0xfe, 0x0,
    0x0, 0x0, 0x0, 0x0, 0x0, 0x0, 0x2f, 0xe0,
    0x0, 0x0, 0x0, 0x0, 0x0, 0x0, 0x2, 0xfe,
    0x0, 0x0, 0x0, 0x0, 0x0, 0x0, 0x0, 0x2f,
    0xf0, 0x0, 0x0, 0x0, 0x0, 0x0, 0x0, 0x0,
    0xff, 0xb5, 0x43, 0x34, 0x56, 0x8a, 0x80, 0x0,
    0x9, 0xff, 0xff, 0xff, 0xff, 0xff, 0xfa, 0x0,
    0x0, 0x5, 0x9b, 0xcc, 0xcc, 0xbb, 0xa8, 0x40,
    0x0,

    /* U+30D5 "フ" */
    0x2, 0x10, 0x0, 0x0, 0x0, 0x0, 0x12, 0x0,
    0x3f, 0xff, 0xff, 0xff, 0xff, 0xff, 0xff, 0xc2,
    0x3f, 0xfe, 0xee, 0xee, 0xee, 0xee, 0xff, 0xf3,
    0x0, 0x0, 0x0, 0x0, 0x0, 0x0, 0x6f, 0xf0,
    0x0, 0x0, 0x0, 0x0, 0x0, 0x0, 0xaf, 0xb0,
    0x0, 0x0, 0x0, 0x0, 0x0, 0x0, 0xef, 0x60,
    0x0, 0x0, 0x0, 0x0, 0x0, 0x5, 0xff, 0x10,
    0x0, 0x0, 0x0, 0x0, 0x0, 0xd, 0xfa, 0x0,
    0x0, 0x0, 0x0, 0x0, 0x0, 0x6f, 0xf3, 0x0,
    0x0, 0x0, 0x0, 0x0, 0x2, 0xff, 0x90, 0x0,
    0x0, 0x0, 0x0, 0x0, 0x2e, 0xfd, 0x10, 0x0,
    0x0, 0x0, 0x0, 0x5, 0xff, 0xe2, 0x0, 0x0,
    0x0, 0x0, 0x3, 0xcf, 0xfd, 0x20, 0x0, 0x0,
    0x0, 0x28, 0xdf, 0xff, 0xa1, 0x0, 0x0, 0x0,
    0x0, 0x1d, 0xff, 0xc3, 0x0, 0x0, 0x0, 0x0,
    0x0, 0x2, 0x93, 0x0, 0x0, 0x0, 0x0, 0x0,

    /* U+30D6 "ブ" */
    0x0, 0x0, 0x0, 0x0, 0x0, 0x0, 0x0, 0x1,
    0x0, 0x0, 0x0, 0x0, 0x0, 0x0, 0x0, 0x74,
    0x4f, 0x40, 0x0, 0x0, 0x0, 0x0, 0x0, 0x0,
    0xcd, 0xb, 0xe0, 0x0, 0x0, 0x0, 0x0, 0x0,
    0x0, 0x3f, 0x73, 0xc2, 0xaf, 0xff, 0xff, 0xff,
    0xff, 0xff, 0xff, 0x70, 0x0, 0xaf, 0xff, 0xff,
    0xff, 0xff, 0xff, 0xff, 0xe0, 0x0, 0x11, 0x10,
    0x0, 0x0, 0x0, 0x0, 0xcf, 0x90, 0x0, 0x0,
    0x0, 0x0, 0x0, 0x0, 0x0, 0xff, 0x50, 0x0,
    0x0, 0x0, 0x0, 0x0, 0x0, 0x4, 0xff, 0x10,
    0x0, 0x0, 0x0, 0x0, 0x0, 0x0, 0xa, 0xfb,
    0x0, 0x0, 0x0, 0x0, 0x0, 0x0, 0x0, 0x3f,
    0xf3, 0x0, 0x0, 0x0, 0x0, 0x0, 0x0, 0x0,
    0xcf, 0xb0, 0x0, 0x0, 0x0, 0x0, 0x0, 0x0,
    0x6, 0xff, 0x30, 0x0, 0x0, 0x0, 0x0, 0x0,
    0x0, 0x5f, 0xf9, 0x0, 0x0, 0x0, 0x0, 0x0,
    0x0, 0x8, 0xff, 0xb0, 0x0, 0x0, 0x0, 0x0,
    0x0, 0x4, 0xdf, 0xfa, 0x0, 0x0, 0x0, 0x0,
    0x0, 0x27, 0xdf, 0xff, 0x70, 0x0, 0x0, 0x0,
    0x0, 0x0, 0x7f, 0xff, 0xb2, 0x0, 0x0, 0x0,
    0x0, 0x0, 0x0, 0x8, 0x82, 0x0, 0x0, 0x0,
    0x0, 0x0, 0x0,

    /* U+30D7 "プ" */
    0x0, 0x0, 0x0, 0x0, 0x0, 0x0, 0x1, 0xac,
    0x80, 0x0, 0x0, 0x0, 0x0, 0x0, 0x0, 0xa,
    0xa4, 0xc7, 0x0, 0x0, 0x0, 0x0, 0x0, 0x0,
    0xe, 0x30, 0x6b, 0x9f, 0xff, 0xff, 0xff, 0xff,
    0xff, 0xff, 0xb6, 0xd7, 0x9f, 0xff, 0xff, 0xff,
    0xff, 0xff, 0xff, 0xfb, 0x70, 0x11, 0x10, 0x0,
    0x0, 0x0, 0x0, 0xcf, 0xb0, 0x0, 0x0, 0x0,
    0x0, 0x0, 0x0, 0x0, 0xff, 0x70, 0x0, 0x0,
    0x0, 0x0, 0x0, 0x0, 0x4, 0xff, 0x20, 0x0,
    0x0, 0x0, 0x0, 0x0, 0x0, 0xa, 0xfc, 0x0,
    0x0, 0x0, 0x0, 0x0, 0x0, 0x0, 0x3f, 0xf6,
    0x0, 0x0, 0x0, 0x0, 0x0, 0x0, 0x0, 0xbf,
    0xe0, 0x0, 0x0, 0x0, 0x0, 0x0, 0x0, 0x6,
    0xff, 0x50, 0x0, 0x0, 0x0, 0x0, 0x0, 0x0,
    0x5f, 0xfa, 0x0, 0x0, 0x0, 0x0, 0x0, 0x0,
    0x8, 0xff, 0xc0, 0x0, 0x0, 0x0, 0x0, 0x0,
    0x4, 0xdf, 0xfb, 0x10, 0x0, 0x0, 0x0, 0x0,
    0x27, 0xdf, 0xff, 0x80, 0x0, 0x0, 0x0, 0x0,
    0x0, 0x7f, 0xff, 0xb2, 0x0, 0x0, 0x0, 0x0,
    0x0, 0x0, 0x8, 0x82, 0x0, 0x0, 0x0, 0x0,
    0x0, 0x0,

    /* U+30D9 "ベ" */
    0x0, 0x0, 0x0, 0x0, 0x0, 0x0, 0x0, 0x3,
    0x80, 0x0, 0x0, 0x0, 0x0, 0x0, 0x0, 0x1,
    0x72, 0x6f, 0x60, 0x0, 0x0, 0x0, 0x6, 0x71,
    0x0, 0x1f, 0xb0, 0xdf, 0x10, 0x0, 0x0, 0xa,
    0xff, 0xe2, 0x0, 0x8f, 0x43, 0xd3, 0x0, 0x0,
    0x7, 0xff, 0xff, 0xe2, 0x0, 0xd8, 0x0, 0x0,
    0x0, 0x5, 0xff, 0x51, 0xcf, 0xe2, 0x0, 0x0,
    0x0, 0x0, 0x2, 0xff, 0x80, 0x0, 0xcf, 0xe2,
    0x0, 0x0, 0x0, 0x1, 0xef, 0xc0, 0x0, 0x1,
    0xdf, 0xe1, 0x0, 0x0, 0x1, 0xdf, 0xe1, 0x0,
    0x0, 0x1, 0xef, 0xd1, 0x0, 0x0, 0xdf, 0xf3,
    0x0, 0x0, 0x0, 0x2, 0xff, 0xc0, 0x0, 0x3,
    0xf7, 0x0, 0x0, 0x0, 0x0, 0x4, 0xff, 0xc0,
    0x0, 0x2, 0x0, 0x0, 0x0, 0x0, 0x0, 0x6,
    0xff, 0xb0, 0x0, 0x0, 0x0, 0x0, 0x0, 0x0,
    0x0, 0x9, 0xff, 0x90, 0x0, 0x0, 0x0, 0x0,
    0x0, 0x0, 0x0, 0xb, 0xf4, 0x0, 0x0, 0x0,
    0x0, 0x0, 0x0, 0x0, 0x0, 0x14, 0x0,

    /* U+30DA "ペ" */
    0x0, 0x0, 0x0, 0x0, 0x0, 0x0, 0x0, 0x8c,
    0x91, 0x0, 0x0, 0x0, 0x0, 0x0, 0x0, 0x0,
    0x8d, 0x6b, 0xc0, 0x0, 0x0, 0x0, 0x8, 0x92,
    0x0, 0xc, 0x50, 0x1f, 0x10, 0x0, 0x0, 0xb,
    0xff, 0xf4, 0x0, 0xb9, 0x6, 0xf0, 0x0, 0x0,
    0x9, 0xff, 0xdf, 0xf4, 0x2, 0xef, 0xf5, 0x0,
    0x0, 0x6, 0xff, 0x30, 0xaf, 0xf4, 0x0, 0x21,
    0x0, 0x0, 0x4, 0xff, 0x60, 0x0, 0xbf, 0xf3,
    0x0, 0x0, 0x0, 0x2, 0xff, 0xa0, 0x0, 0x0,
    0xcf, 0xf3, 0x0, 0x0, 0x3, 0xef, 0xd0, 0x0,
    0x0, 0x1, 0xdf, 0xe2, 0x0, 0x0, 0xdf, 0xf2,
    0x0, 0x0, 0x0, 0x1, 0xef, 0xe1, 0x0, 0x2,
    0xe6, 0x0, 0x0, 0x0, 0x0, 0x3, 0xff, 0xd1,
    0x0, 0x1, 0x0, 0x0, 0x0, 0x0, 0x0, 0x5,
    0xff, 0xc0, 0x0, 0x0, 0x0, 0x0, 0x0, 0x0,
    0x0, 0x7, 0xff, 0xa0, 0x0, 0x0, 0x0, 0x0,
    0x0, 0x0, 0x0, 0xa, 0xf3, 0x0, 0x0, 0x0,
    0x0, 0x0, 0x0, 0x0, 0x0, 0x3, 0x0,

    /* U+30DC "ボ" */
    0x0, 0x0, 0x0, 0x0, 0x0, 0x0, 0x0, 0x0,
    0x30, 0x0, 0x0, 0x0, 0x0, 0x16, 0x60, 0x0,
    0x85, 0x6f, 0x30, 0x0, 0x0, 0x0, 0x1, 0xff,
    0x0, 0xb, 0xe1, 0xdc, 0x0, 0x0, 0x0, 0x0,
    0x1f, 0xf0, 0x0, 0x2f, 0x74, 0x80, 0x1, 0x0,
    0x0, 0x1, 0xff, 0x0, 0x0, 0x31, 0x10, 0x3,
    0xff, 0xff, 0xff, 0xff, 0xff, 0xff, 0xff, 0xfc,
    0x0, 0x3f, 0xee, 0xee, 0xee, 0xff, 0xee, 0xee,
    0xee, 0xb0, 0x0, 0x0, 0x0, 0x0, 0xf, 0xf0,
    0x0, 0x0, 0x0, 0x0, 0x0, 0x0, 0x0, 0x0,
    0xff, 0x0, 0x0, 0x0, 0x0, 0x0, 0x0, 0x8a,
    0x20, 0xf, 0xf0, 0x2, 0xb7, 0x0, 0x0, 0x0,
    0x2f, 0xf3, 0x0, 0xff, 0x0, 0x3f, 0xf3, 0x0,
    0x0, 0xc, 0xf9, 0x0, 0xf, 0xf0, 0x0, 0x8f,
    0xd0, 0x0, 0x8, 0xfd, 0x0, 0x0, 0xff, 0x0,
    0x0, 0xdf, 0x80, 0x6, 0xff, 0x30, 0x0, 0xf,
    0xf0, 0x0, 0x4, 0xff, 0x20, 0x6f, 0x60, 0x0,
    0x0, 0xff, 0x0, 0x0, 0xb, 0xa2, 0x0, 0x10,
    0x0, 0x10, 0x2f, 0xf0, 0x0, 0x0, 0x0, 0x0,
    0x0, 0x0, 0xf, 0xff, 0xfe, 0x0, 0x0, 0x0,
    0x0, 0x0, 0x0, 0x0, 0xde, 0xfe, 0x60, 0x0,
    0x0, 0x0, 0x0,

    /* U+30DE "マ" */
    0x0, 0x0, 0x0, 0x0, 0x0, 0x0, 0x0, 0x0,
    0x0, 0xf, 0xfe, 0xee, 0xee, 0xee, 0xee, 0xee,
    0xef, 0xc1, 0xf, 0xff, 0xff, 0xff, 0xff, 0xff,
    0xff, 0xff, 0xf7, 0x1, 0x10, 0x0, 0x0, 0x0,
    0x0, 0x1, 0xef, 0xc0, 0x0, 0x0, 0x0, 0x0,
    0x0, 0x0, 0x9, 0xff, 0x20, 0x0, 0x0, 0x0,
    0x0, 0x0, 0x0, 0x6f, 0xf6, 0x0, 0x0, 0x0,
    0x22, 0x0, 0x0, 0x4, 0xff, 0x90, 0x0, 0x0,
    0x3, 0xef, 0x50, 0x0, 0x3f, 0xfb, 0x0, 0x0,
    0x0, 0x1, 0xbf, 0xf7, 0x4, 0xff, 0xb0, 0x0,
    0x0, 0x0, 0x0, 0x8, 0xff, 0xcf, 0xfb, 0x0,
    0x0, 0x0, 0x0, 0x0, 0x0, 0x7f, 0xff, 0x90,
    0x0, 0x0, 0x0, 0x0, 0x0, 0x0, 0x6, 0xff,
    0xb0, 0x0, 0x0, 0x0, 0x0, 0x0, 0x0, 0x0,
    0x6f, 0xfa, 0x0, 0x0, 0x0, 0x0, 0x0, 0x0,
    0x0, 0x7, 0xff, 0x90, 0x0, 0x0, 0x0, 0x0,
    0x0, 0x0, 0x0, 0x9f, 0xf2, 0x0, 0x0, 0x0,
    0x0, 0x0, 0x0, 0x0, 0xa, 0x30, 0x0, 0x0,

    /* U+30E0 "ム" */
    0x0, 0x0, 0x0, 0x5, 0x30, 0x0, 0x0, 0x0,
    0x0, 0x0, 0x0, 0x0, 0xf, 0xf8, 0x0, 0x0,
    0x0, 0x0, 0x0, 0x0, 0x0, 0x3f, 0xf2, 0x0,
    0x0, 0x0, 0x0, 0x0, 0x0, 0x0, 0x7f, 0xc0,
    0x0, 0x0, 0x0, 0x0, 0x0, 0x0, 0x0, 0xcf,
    0x70, 0x0, 0x0, 0x0, 0x0, 0x0, 0x0, 0x1,
    0xff, 0x20, 0x0, 0x0, 0x0, 0x0, 0x0, 0x0,
    0x6, 0xfd, 0x0, 0x0, 0x0, 0x0, 0x0, 0x0,
    0x0, 0xb, 0xf8, 0x0, 0x0, 0x2, 0x0, 0x0,
    0x0, 0x0, 0x1f, 0xf2, 0x0, 0x3, 0xfe, 0x10,
    0x0, 0x0, 0x0, 0x6f, 0xd0, 0x0, 0x0, 0xcf,
    0x90, 0x0, 0x0, 0x0, 0xbf, 0x80, 0x0, 0x0,
    0x3f, 0xf2, 0x0, 0x0, 0x1, 0xff, 0x20, 0x0,
    0x0, 0xa, 0xfb, 0x0, 0x0, 0x7, 0xfc, 0x0,
    0x2, 0x45, 0x7b, 0xff, 0x40, 0x47, 0x8e, 0xfe,
    0xdf, 0xff, 0xff, 0xff, 0xff, 0xc0, 0x7f, 0xff,
    0xff, 0xff, 0xfd, 0xca, 0x86, 0x6f, 0xf3, 0x4b,
    0x98, 0x64, 0x31, 0x0, 0x0, 0x0, 0xc, 0xfa,
    0x0, 0x0, 0x0, 0x0, 0x0, 0x0, 0x0, 0x5,
    0x60,

    /* U+30E1 "メ" */
    0x0, 0x0, 0x0, 0x0, 0x0, 0x0, 0x40, 0x0,
    0x0, 0x0, 0x0, 0x0, 0x0, 0x1, 0xff, 0x40,
    0x0, 0x0, 0x0, 0x0, 0x0, 0x6, 0xff, 0x0,
    0x0, 0x2, 0x0, 0x0, 0x0, 0xc, 0xf8, 0x0,
    0x0, 0x2e, 0xe4, 0x0, 0x0, 0x3f, 0xf1, 0x0,
    0x0, 0x3d, 0xff, 0x90, 0x0, 0xbf, 0xa0, 0x0,
    0x0, 0x0, 0x8f, 0xfd, 0x34, 0xff, 0x20, 0x0,
    0x0, 0x0, 0x4, 0xef, 0xfe, 0xf8, 0x0, 0x0,
    0x0, 0x0, 0x0, 0x1b, 0xff, 0xf1, 0x0, 0x0,
    0x0, 0x0, 0x0, 0x8, 0xff, 0xfb, 0x10, 0x0,
    0x0, 0x0, 0x0, 0x7f, 0xfb, 0xff, 0xd2, 0x0,
    0x0, 0x0, 0x7, 0xff, 0x90, 0x5f, 0xfe, 0x20,
    0x0, 0x0, 0x8f, 0xfa, 0x0, 0x5, 0xff, 0xe2,
    0x0, 0x2c, 0xff, 0x90, 0x0, 0x0, 0x5f, 0xf7,
    0x18, 0xff, 0xf6, 0x0, 0x0, 0x0, 0x5, 0x80,
    0x7f, 0xfc, 0x30, 0x0, 0x0, 0x0, 0x0, 0x0,
    0x6, 0x60, 0x0, 0x0, 0x0, 0x0, 0x0, 0x0,

    /* U+30E2 "モ" */
    0x1, 0x22, 0x11, 0x11, 0x11, 0x11, 0x12, 0x20,
    0x0, 0x7f, 0xff, 0xff, 0xff, 0xff, 0xff, 0xfa,
    0x0, 0x5, 0xcb, 0xbc, 0xff, 0xbb, 0xbb, 0xbc,
    0x80, 0x0, 0x0, 0x0, 0x2f, 0xf0, 0x0, 0x0,
    0x0, 0x0, 0x0, 0x0, 0x2, 0xff, 0x0, 0x0,
    0x0, 0x0, 0x0, 0x0, 0x0, 0x2f, 0xf0, 0x0,
    0x0, 0x0, 0x0, 0xbd, 0xdd, 0xdd, 0xff, 0xdd,
    0xdd, 0xdd, 0xdd, 0x2c, 0xff, 0xff, 0xff, 0xff,
    0xff, 0xff, 0xff, 0xf3, 0x11, 0x11, 0x13, 0xff,
    0x11, 0x11, 0x11, 0x11, 0x0, 0x0, 0x0, 0x2f,
    0xf0, 0x0, 0x0, 0x0, 0x0, 0x0, 0x0, 0x2,
    0xff, 0x0, 0x0, 0x0, 0x0, 0x0, 0x0, 0x0,
    0x2f, 0xf0, 0x0, 0x0, 0x0, 0x0, 0x0, 0x0,
    0x1, 0xff, 0x50, 0x0, 0x0, 0x0, 0x0, 0x0,
    0x0, 0xe, 0xff, 0xdc, 0xde, 0xef, 0x90, 0x0,
    0x0, 0x0, 0x3c, 0xff, 0xff, 0xff, 0xf8, 0x0,
    0x0, 0x0, 0x0, 0x1, 0x34, 0x33, 0x22, 0x0,

    /* U+30E3 "ャ" */
    0x0, 0x0, 0x14, 0x0, 0x0, 0x0, 0x0, 0x0,
    0x0, 0x1, 0xff, 0x0, 0x0, 0x0, 0x0, 0x0,
    0x0, 0x0, 0xcf, 0x40, 0x0, 0x0, 0x3, 0x30,
    0x0, 0x0, 0x7f, 0x80, 0x36, 0x9c, 0xff, 0xf3,
    0x0, 0x14, 0x9f, 0xff, 0xff, 0xfe, 0xef, 0xd0,
    0xf, 0xff, 0xff, 0xfc, 0x85, 0x20, 0xdf, 0x30,
    0xc, 0xc9, 0x5b, 0xf6, 0x0, 0xa, 0xf8, 0x0,
    0x0, 0x0, 0x5, 0xfa, 0x0, 0x8f, 0xc0, 0x0,
    0x0, 0x0, 0x1, 0xfe, 0x4, 0xfe, 0x10, 0x0,
    0x0, 0x0, 0x0, 0xdf, 0x30, 0x22, 0x0, 0x0,
    0x0, 0x0, 0x0, 0x9f, 0x80, 0x0, 0x0, 0x0,
    0x0, 0x0, 0x0, 0x4f, 0xc0, 0x0, 0x0, 0x0,
    0x0, 0x0, 0x0, 0xf, 0xf1, 0x0, 0x0, 0x0,
    0x0, 0x0, 0x0, 0xc, 0xf6, 0x0, 0x0, 0x0,
    0x0, 0x0, 0x0, 0x8, 0xa4, 0x0, 0x0, 0x0,

    /* U+30E5 "ュ" */
    0x0, 0x1, 0x0, 0x0, 0x0, 0x1, 0x0, 0x0,
    0x0, 0x3f, 0xff, 0xff, 0xff, 0xff, 0x90, 0x0,
    0x0, 0x3e, 0xee, 0xee, 0xee, 0xff, 0xb0, 0x0,
    0x0, 0x0, 0x0, 0x0, 0x0, 0x9f, 0x90, 0x0,
    0x0, 0x0, 0x0, 0x0, 0x0, 0xaf, 0x70, 0x0,
    0x0, 0x0, 0x0, 0x0, 0x0, 0xdf, 0x40, 0x0,
    0x0, 0x0, 0x0, 0x0, 0x0, 0xff, 0x20, 0x0,
    0x0, 0x0, 0x0, 0x0, 0x1, 0xff, 0x0, 0x0,
    0x0, 0x0, 0x0, 0x0, 0x4, 0xfd, 0x0, 0x0,
    0x1f, 0xee, 0xee, 0xee, 0xef, 0xff, 0xee, 0xf2,
    0x1f, 0xff, 0xff, 0xff, 0xff, 0xff, 0xff, 0xf2,
    0x0, 0x0, 0x0, 0x0, 0x0, 0x0, 0x0, 0x0,

    /* U+30E7 "ョ" */
    0x1, 0x0, 0x0, 0x0, 0x0, 0x0, 0x6f, 0xff,
    0xff, 0xff, 0xff, 0xfd, 0x5c, 0xcc, 0xcc, 0xcc,
    0xcc, 0xfd, 0x0, 0x0, 0x0, 0x0, 0x1, 0xfc,
    0x0, 0x0, 0x0, 0x0, 0x1, 0xfc, 0x2, 0x11,
    0x11, 0x11, 0x13, 0xfc, 0xe, 0xff, 0xff, 0xff,
    0xff, 0xfc, 0xa, 0xbb, 0xbb, 0xbb, 0xbb, 0xfc,
    0x0, 0x0, 0x0, 0x0, 0x1, 0xfc, 0x0, 0x0,
    0x0, 0x0, 0x1, 0xfc, 0x22, 0x22, 0x22, 0x22,
    0x23, 0xfc, 0xaf, 0xff, 0xff, 0xff, 0xff, 0xfc,
    0x7b, 0xbb, 0xbb, 0xbb, 0xbb, 0xfd, 0x0, 0x0,
    0x0, 0x0, 0x2, 0xfd,

    /* U+30E8 "ヨ" */
    0x11, 0x0, 0x0, 0x0, 0x0, 0x0, 0x1, 0x9f,
    0xff, 0xff, 0xff, 0xff, 0xff, 0xfe, 0x8e, 0xee,
    0xdd, 0xdd, 0xdd, 0xde, 0xfe, 0x0, 0x0, 0x0,
    0x0, 0x0, 0x3, 0xfe, 0x0, 0x0, 0x0, 0x0,
    0x0, 0x3, 0xfe, 0x0, 0x0, 0x0, 0x0, 0x0,
    0x3, 0xfe, 0x3, 0x22, 0x22, 0x22, 0x22, 0x25,
    0xfe, 0xf, 0xff, 0xff, 0xff, 0xff, 0xff, 0xfe,
    0xc, 0xbb, 0xbb, 0xbb, 0xbb, 0xbc, 0xfe, 0x0,
    0x0, 0x0, 0x0, 0x0, 0x3, 0xfe, 0x0, 0x0,
    0x0, 0x0, 0x0, 0x3, 0xfe, 0x0, 0x0, 0x0,
    0x0, 0x0, 0x3, 0xfe, 0x22, 0x22, 0x22, 0x22,
    0x22, 0x25, 0xfe, 0xdf, 0xff, 0xff, 0xff, 0xff,
    0xff, 0xfe, 0xbd, 0xdc, 0xcc, 0xcc, 0xcc, 0xcd,
    0xfe, 0x0, 0x0, 0x0, 0x0, 0x0, 0x2, 0xba,

    /* U+30E9 "ラ" */
    0x0, 0x0, 0x0, 0x0, 0x0, 0x0, 0x0, 0x0,
    0x0, 0x9f, 0xff, 0xff, 0xff, 0xff, 0xff, 0x10,
    0x0, 0x9f, 0xee, 0xee, 0xee, 0xee, 0xef, 0x10,
    0x0, 0x0, 0x0, 0x0, 0x0, 0x0, 0x0, 0x0,
    0x0, 0x0, 0x0, 0x0, 0x0, 0x0, 0x0, 0x0,
    0x12, 0x10, 0x0, 0x0, 0x0, 0x0, 0x1, 0x10,
    0x6f, 0xff, 0xff, 0xff, 0xff, 0xff, 0xff, 0xf5,
    0x5d, 0xcc, 0xcc, 0xcc, 0xcc, 0xcc, 0xdf, 0xf4,
    0x0, 0x0, 0x0, 0x0, 0x0, 0x0, 0x6f, 0xe0,
    0x0, 0x0, 0x0, 0x0, 0x0, 0x0, 0xcf, 0x80,
    0x0, 0x0, 0x0, 0x0, 0x0, 0x6, 0xff, 0x10,
    0x0, 0x0, 0x0, 0x0, 0x0, 0x2f, 0xf5, 0x0,
    0x0, 0x0, 0x0, 0x0, 0x3, 0xef, 0xb0, 0x0,
    0x0, 0x0, 0x0, 0x0, 0x8f, 0xfc, 0x0, 0x0,
    0x0, 0x0, 0x3, 0x9e, 0xff, 0xa0, 0x0, 0x0,
    0x0, 0x1, 0xdf, 0xff, 0xe5, 0x0, 0x0, 0x0,
    0x0, 0x0, 0x6f, 0xc6, 0x0, 0x0, 0x0, 0x0,
    0x0, 0x0, 0x1, 0x0, 0x0, 0x0, 0x0, 0x0,

    /* U+30EA "リ" */
    0x0, 0x0, 0x0, 0x0, 0x1, 0x10, 0xee, 0x40,
    0x0, 0x0, 0xf, 0xf5, 0xef, 0x40, 0x0, 0x0,
    0xe, 0xf5, 0xef, 0x30, 0x0, 0x0, 0xd, 0xf4,
    0xef, 0x30, 0x0, 0x0, 0xd, 0xf4, 0xef, 0x30,
    0x0, 0x0, 0xd, 0xf4, 0xef, 0x30, 0x0, 0x0,
    0xe, 0xf4, 0xef, 0x30, 0x0, 0x0, 0xe, 0xf4,
    0xef, 0x30, 0x0, 0x0, 0xf, 0xf3, 0xef, 0x40,
    0x0, 0x0, 0x1f, 0xf1, 0xcd, 0x40, 0x0, 0x0,
    0x4f, 0xe0, 0x0, 0x0, 0x0, 0x0, 0xaf, 0xb0,
    0x0, 0x0, 0x0, 0x4, 0xff, 0x40, 0x0, 0x0,
    0x0, 0x5f, 0xfb, 0x0, 0x0, 0x0, 0x2a, 0xff,
    0xc1, 0x0, 0x0, 0xb, 0xff, 0xf9, 0x0, 0x0,
    0x0, 0x3, 0xfb, 0x40, 0x0, 0x0, 0x0, 0x0,
    0x0, 0x0, 0x0, 0x0,

    /* U+30EB "ル" */
    0x0, 0x0, 0x11, 0x0, 0x1, 0x20, 0x0, 0x0,
    0x0, 0x0, 0x0, 0xff, 0x30, 0xd, 0xf5, 0x0,
    0x0, 0x0, 0x0, 0x0, 0xef, 0x30, 0xc, 0xf5,
    0x0, 0x0, 0x0, 0x0, 0x0, 0xef, 0x20, 0xc,
    0xf5, 0x0, 0x0, 0x0, 0x0, 0x0, 0xef, 0x20,
    0xc, 0xf5, 0x0, 0x0, 0x0, 0x0, 0x0, 0xef,
    0x10, 0xc, 0xf5, 0x0, 0x0, 0x0, 0x0, 0x0,
    0xff, 0x10, 0xc, 0xf5, 0x0, 0x0, 0x0, 0x0,
    0x0, 0xff, 0x0, 0xc, 0xf5, 0x0, 0x0, 0x0,
    0x0, 0x1, 0xff, 0x0, 0xc, 0xf5, 0x0, 0x0,
    0x0, 0x0, 0x4, 0xfd, 0x0, 0xc, 0xf5, 0x0,
    0x0, 0xb3, 0x0, 0x7, 0xfa, 0x0, 0xc, 0xf5,
    0x0, 0xb, 0xfc, 0x0, 0xe, 0xf5, 0x0, 0xc,
    0xf5, 0x0, 0xaf, 0xf4, 0x0, 0x6f, 0xe0, 0x0,
    0xc, 0xf5, 0x2c, 0xff, 0x50, 0x2, 0xef, 0x70,
    0x0, 0xc, 0xfc, 0xff, 0xe3, 0x0, 0x2e, 0xfd,
    0x0, 0x0, 0xc, 0xff, 0xfb, 0x10, 0x0, 0x8f,
    0xe1, 0x0, 0x0, 0xc, 0xfe, 0x60, 0x0, 0x0,
    0x5, 0x20, 0x0, 0x0, 0x1, 0x70, 0x0, 0x0,
    0x0,

    /* U+30EC "レ" */
    0x0, 0x0, 0x0, 0x0, 0x0, 0x0, 0x0, 0x0,
    0xe, 0xf7, 0x0, 0x0, 0x0, 0x0, 0x0, 0x0,
    0xd, 0xf6, 0x0, 0x0, 0x0, 0x0, 0x0, 0x0,
    0xc, 0xf5, 0x0, 0x0, 0x0, 0x0, 0x0, 0x0,
    0xc, 0xf5, 0x0, 0x0, 0x0, 0x0, 0x0, 0x0,
    0xc, 0xf5, 0x0, 0x0, 0x0, 0x0, 0x0, 0x0,
    0xc, 0xf5, 0x0, 0x0, 0x0, 0x0, 0x0, 0x0,
    0xc, 0xf5, 0x0, 0x0, 0x0, 0x0, 0x5, 0x30,
    0xc, 0xf5, 0x0, 0x0, 0x0, 0x0, 0x5f, 0xc0,
    0xc, 0xf5, 0x0, 0x0, 0x0, 0x5, 0xff, 0x90,
    0xc, 0xf5, 0x0, 0x0, 0x0, 0xaf, 0xf9, 0x0,
    0xc, 0xf5, 0x0, 0x0, 0x5d, 0xff, 0x80, 0x0,
    0xc, 0xf5, 0x0, 0x4c, 0xff, 0xe3, 0x0, 0x0,
    0xc, 0xf7, 0x7d, 0xff, 0xf8, 0x0, 0x0, 0x0,
    0xd, 0xff, 0xff, 0xf9, 0x10, 0x0, 0x0, 0x0,
    0xb, 0xff, 0xc6, 0x0, 0x0, 0x0, 0x0, 0x0,
    0x0, 0x62, 0x0, 0x0, 0x0, 0x0, 0x0, 0x0,

    /* U+30ED "ロ" */
    0x3f, 0xee, 0xee, 0xee, 0xee, 0xee, 0xee, 0xe3,
    0x2f, 0xff, 0xff, 0xff, 0xff, 0xff, 0xff, 0xf3,
    0x2f, 0xe1, 0x11, 0x11, 0x11, 0x11, 0x1e, 0xf3,
    0x2f, 0xe0, 0x0, 0x0, 0x0, 0x0, 0xe, 0xf3,
    0x2f, 0xe0, 0x0, 0x0, 0x0, 0x0, 0xe, 0xf3,
    0x2f, 0xe0, 0x0, 0x0, 0x0, 0x0, 0xe, 0xf3,
    0x2f, 0xe0, 0x0, 0x0, 0x0, 0x0, 0xe, 0xf3,
    0x2f, 0xe0, 0x0, 0x0, 0x0, 0x0, 0xe, 0xf3,
    0x2f, 0xe0, 0x0, 0x0, 0x0, 0x0, 0xe, 0xf3,
    0x2f, 0xe0, 0x0, 0x0, 0x0, 0x0, 0xe, 0xf3,
    0x2f, 0xe0, 0x0, 0x0, 0x0, 0x0, 0xe, 0xf3,
    0x2f, 0xff, 0xff, 0xff, 0xff, 0xff, 0xff, 0xf3,
    0x3f, 0xff, 0xff, 0xff, 0xff, 0xff, 0xff, 0xf3,
    0x3f, 0xe0, 0x0, 0x0, 0x0, 0x0, 0xe, 0xf3,
    0x2, 0x20, 0x0, 0x0, 0x0, 0x0, 0x2, 0x20,

    /* U+30EF "ワ" */
    0x1, 0x0, 0x0, 0x0, 0x0, 0x0, 0x1, 0x10,
    0x4f, 0xff, 0xff, 0xff, 0xff, 0xff, 0xff, 0xf7,
    0x3f, 0xfe, 0xee, 0xee, 0xee, 0xee, 0xef, 0xfc,
    0x3f, 0xe0, 0x0, 0x0, 0x0, 0x0, 0xc, 0xf8,
    0x3f, 0xe0, 0x0, 0x0, 0x0, 0x0, 0xf, 0xf5,
    0x3f, 0xe0, 0x0, 0x0, 0x0, 0x0, 0x2f, 0xf2,
    0x3f, 0xe0, 0x0, 0x0, 0x0, 0x0, 0x5f, 0xf0,
    0x4f, 0xf0, 0x0, 0x0, 0x0, 0x0, 0xcf, 0xa0,
    0x1, 0x10, 0x0, 0x0, 0x0, 0x3, 0xff, 0x40,
    0x0, 0x0, 0x0, 0x0, 0x0, 0xb, 0xfd, 0x0,
    0x0, 0x0, 0x0, 0x0, 0x0, 0x8f, 0xf4, 0x0,
    0x0, 0x0, 0x0, 0x0, 0x8, 0xff, 0x70, 0x0,
    0x0, 0x0, 0x0, 0x2, 0xcf, 0xf9, 0x0, 0x0,
    0x0, 0x0, 0x3, 0xaf, 0xff, 0x70, 0x0, 0x0,
    0x0, 0x0, 0x9f, 0xff, 0xc3, 0x0, 0x0, 0x0,
    0x0, 0x0, 0xb, 0xb5, 0x0, 0x0, 0x0, 0x0,
    0x0, 0x0, 0x0, 0x0, 0x0, 0x0, 0x0, 0x0,

    /* U+30F3 "ン" */
    0x0, 0xa4, 0x0, 0x0, 0x0, 0x0, 0x0, 0x0,
    0x0, 0x8f, 0xf8, 0x0, 0x0, 0x0, 0x0, 0x0,
    0x0, 0x0, 0xaf, 0xfb, 0x0, 0x0, 0x0, 0x0,
    0x0, 0x0, 0x0, 0x7f, 0xfd, 0x10, 0x0, 0x0,
    0x0, 0x60, 0x0, 0x0, 0x5f, 0xf7, 0x0, 0x0,
    0x0, 0x6f, 0x20, 0x0, 0x0, 0x48, 0x0, 0x0,
    0x0, 0x1e, 0xf7, 0x0, 0x0, 0x0, 0x0, 0x0,
    0x0, 0xc, 0xfd, 0x0, 0x0, 0x0, 0x0, 0x0,
    0x0, 0xa, 0xff, 0x30, 0x0, 0x0, 0x0, 0x0,
    0x0, 0xb, 0xff, 0x50, 0x0, 0x0, 0x0, 0x0,
    0x0, 0x2c, 0xff, 0x60, 0x0, 0x0, 0x0, 0x0,
    0x0, 0x5f, 0xff, 0x50, 0x0, 0x0, 0x0, 0x0,
    0x4, 0xcf, 0xfd, 0x30, 0x0, 0x0, 0x0, 0x2,
    0x7d, 0xff, 0xf9, 0x0, 0x0, 0x0, 0x2, 0xbe,
    0xff, 0xff, 0xa2, 0x0, 0x0, 0x0, 0x0, 0xb,
    0xff, 0xc8, 0x20, 0x0, 0x0, 0x0, 0x0, 0x0,
    0x26, 0x10, 0x0, 0x0, 0x0, 0x0, 0x0, 0x0,

    /* U+30FC "ー" */
    0x0, 0x0, 0x0, 0x0, 0x0, 0x0, 0x0, 0x0,
    0x0, 0xf, 0xee, 0xee, 0xee, 0xee, 0xee, 0xee,
    0xee, 0xf0, 0xf, 0xff, 0xff, 0xff, 0xff, 0xff,
    0xff, 0xff, 0xf0, 0x7, 0x65, 0x55, 0x55, 0x55,
    0x55, 0x55, 0x56, 0x60,

    /* U+4E0A "上" */
    0x0, 0x0, 0x0, 0x0, 0x47, 0x20, 0x0, 0x0,
    0x0, 0x0, 0x0, 0x0, 0x0, 0x0, 0xaf, 0x50,
    0x0, 0x0, 0x0, 0x0, 0x0, 0x0, 0x0, 0x0,
    0xaf, 0x50, 0x0, 0x0, 0x0, 0x0, 0x0, 0x0,
    0x0, 0x0, 0xaf, 0x50, 0x0, 0x0, 0x0, 0x0,
    0x0, 0x0, 0x0, 0x0, 0xaf, 0x50, 0x0, 0x0,
    0x0, 0x0, 0x0, 0x0, 0x0, 0x0, 0xaf, 0x50,
    0x0, 0x0, 0x0, 0x0, 0x0, 0x0, 0x0, 0x0,
    0xaf, 0xed, 0xdd, 0xdd, 0xd9, 0x0, 0x0, 0x0,
    0x0, 0x0, 0xaf, 0xff, 0xff, 0xff, 0xfa, 0x0,
    0x0, 0x0, 0x0, 0x0, 0xaf, 0x60, 0x0, 0x0,
    0x0, 0x0, 0x0, 0x0, 0x0, 0x0, 0xaf, 0x50,
    0x0, 0x0, 0x0, 0x0, 0x0, 0x0, 0x0, 0x0,
    0xaf, 0x50, 0x0, 0x0, 0x0, 0x0, 0x0, 0x0,
    0x0, 0x0, 0xaf, 0x50, 0x0, 0x0, 0x0, 0x0,
    0x0, 0x0, 0x0, 0x0, 0xaf, 0x50, 0x0, 0x0,
    0x0, 0x0, 0x0, 0x0, 0x0, 0x0, 0xaf, 0x50,
    0x0, 0x0, 0x0, 0x0, 0x0, 0x0, 0x0, 0x0,
    0xaf, 0x50, 0x0, 0x0, 0x0, 0x0, 0x0, 0x0,
    0x0, 0x0, 0xaf, 0x60, 0x0, 0x0, 0x0, 0x0,
    0xf, 0xff, 0xff, 0xff, 0xff, 0xff, 0xff, 0xff,
    0xff, 0xf0, 0xd, 0xdd, 0xdd, 0xdd, 0xdd, 0xdd,
    0xdd, 0xdd, 0xdd, 0xd0,

    /* U+4E0B "下" */
    0x23, 0x33, 0x33, 0x33, 0x33, 0x33, 0x33, 0x33,
    0x33, 0xef, 0xff, 0xff, 0xff, 0xff, 0xff, 0xff,
    0xff, 0xfe, 0xab, 0xbb, 0xbb, 0xbd, 0xfe, 0xbb,
    0xbb, 0xbb, 0xba, 0x0, 0x0, 0x0, 0x6, 0xf9,
    0x0, 0x0, 0x0, 0x0, 0x0, 0x0, 0x0, 0x6,
    0xf9, 0x0, 0x0, 0x0, 0x0, 0x0, 0x0, 0x0,
    0x6, 0xfa, 0x0, 0x0, 0x0, 0x0, 0x0, 0x0,
    0x0, 0x6, 0xff, 0xe6, 0x0, 0x0, 0x0, 0x0,
    0x0, 0x0, 0x6, 0xff, 0xff, 0xd5, 0x0, 0x0,
    0x0, 0x0, 0x0, 0x6, 0xf9, 0x4e, 0xff, 0xb2,
    0x0, 0x0, 0x0, 0x0, 0x6, 0xf9, 0x0, 0x8f,
    0xff, 0x60, 0x0, 0x0, 0x0, 0x6, 0xf9, 0x0,
    0x2, 0xdf, 0x80, 0x0, 0x0, 0x0, 0x6, 0xf9,
    0x0, 0x0, 0x7, 0x0, 0x0, 0x0, 0x0, 0x6,
    0xf9, 0x0, 0x0, 0x0, 0x0, 0x0, 0x0, 0x0,
    0x6, 0xf9, 0x0, 0x0, 0x0, 0x0, 0x0, 0x0,
    0x0, 0x6, 0xf9, 0x0, 0x0, 0x0, 0x0, 0x0,
    0x0, 0x0, 0x6, 0xf9, 0x0, 0x0, 0x0, 0x0,
    0x0, 0x0, 0x0, 0x6, 0xf9, 0x0, 0x0, 0x0,
    0x0, 0x0, 0x0, 0x0, 0x6, 0xf9, 0x0, 0x0,
    0x0, 0x0,

    /* U+4E0D "不" */
    0xa, 0xbb, 0xbb, 0xbb, 0xbb, 0xbb, 0xbb, 0xbb,
    0xbb, 0x50, 0xd, 0xff, 0xff, 0xff, 0xff, 0xff,
    0xff, 0xff, 0xff, 0x60, 0x2, 0x33, 0x33, 0x33,
    0x3b, 0xfe, 0x33, 0x33, 0x33, 0x10, 0x0, 0x0,
    0x0, 0x0, 0x3f, 0xf4, 0x0, 0x0, 0x0, 0x0,
    0x0, 0x0, 0x0, 0x0, 0xdf, 0xd0, 0x0, 0x0,
    0x0, 0x0, 0x0, 0x0, 0x0, 0xb, 0xff, 0xc1,
    0x60, 0x0, 0x0, 0x0, 0x0, 0x0, 0x0, 0xaf,
    0xff, 0xdc, 0xfb, 0x10, 0x0, 0x0, 0x0, 0x0,
    0x9, 0xff, 0x9f, 0xc3, 0xef, 0xe3, 0x0, 0x0,
    0x0, 0x1, 0xbf, 0xf4, 0x4f, 0xc0, 0x1b, 0xff,
    0x60, 0x0, 0x0, 0x4d, 0xff, 0x40, 0x4f, 0xc0,
    0x0, 0x9f, 0xf8, 0x0, 0x1a, 0xff, 0xd3, 0x0,
    0x4f, 0xc0, 0x0, 0x7, 0xff, 0x90, 0x1e, 0xf9,
    0x0, 0x0, 0x4f, 0xc0, 0x0, 0x0, 0x6f, 0x80,
    0x4, 0x30, 0x0, 0x0, 0x4f, 0xc0, 0x0, 0x0,
    0x3, 0x0, 0x0, 0x0, 0x0, 0x0, 0x4f, 0xc0,
    0x0, 0x0, 0x0, 0x0, 0x0, 0x0, 0x0, 0x0,
    0x4f, 0xc0, 0x0, 0x0, 0x0, 0x0, 0x0, 0x0,
    0x0, 0x0, 0x4f, 0xc0, 0x0, 0x0, 0x0, 0x0,
    0x0, 0x0, 0x0, 0x0, 0x4f, 0xc0, 0x0, 0x0,
    0x0, 0x0, 0x0, 0x0, 0x0, 0x0, 0x4f, 0xc0,
    0x0, 0x0, 0x0, 0x0,

    /* U+4E0E "与" */
    0x0, 0x0, 0x32, 0x0, 0x0, 0x0, 0x0, 0x0,
    0x0, 0x0, 0x0, 0xfe, 0x0, 0x0, 0x0, 0x0,
    0x0, 0x0, 0x0, 0x3, 0xfc, 0x0, 0x0, 0x0,
    0x0, 0x0, 0x0, 0x0, 0x6, 0xff, 0xff, 0xff,
    0xff, 0xff, 0xff, 0x90, 0x0, 0x9, 0xfd, 0xcc,
    0xcc, 0xcc, 0xcc, 0xcc, 0x70, 0x0, 0xc, 0xf2,
    0x0, 0x0, 0x0, 0x0, 0x0, 0x0, 0x0, 0xf,
    0xe0, 0x0, 0x0, 0x0, 0x0, 0x0, 0x0, 0x0,
    0x3f, 0xb0, 0x0, 0x0, 0x0, 0x0, 0x0, 0x0,
    0x0, 0x7f, 0xff, 0xff, 0xff, 0xff, 0xff, 0xff,
    0xf0, 0x0, 0x7b, 0xbb, 0xbb, 0xbb, 0xbb, 0xbb,
    0xbf, 0xd0, 0x0, 0x0, 0x0, 0x0, 0x0, 0x0,
    0x0, 0x2f, 0xc0, 0x0, 0x0, 0x0, 0x0, 0x0,
    0x0, 0x0, 0x4f, 0xa0, 0xef, 0xff, 0xff, 0xff,
    0xff, 0xff, 0x80, 0x6f, 0x80, 0xcd, 0xdd, 0xdd,
    0xdd, 0xdd, 0xdd, 0x70, 0x9f, 0x60, 0x0, 0x0,
    0x0, 0x0, 0x0, 0x0, 0x0, 0xbf, 0x30, 0x0,
    0x0, 0x0, 0x0, 0x0, 0x0, 0x0, 0xff, 0x0,
    0x0, 0x0, 0x0, 0x0, 0x0, 0x0, 0x6, 0xfb,
    0x0, 0x0, 0x0, 0x0, 0x0, 0x4e, 0xdc, 0xdf,
    0xf5, 0x0, 0x0, 0x0, 0x0, 0x0, 0xe, 0xff,
    0xfd, 0x60, 0x0, 0x0, 0x0, 0x0, 0x0, 0x0,
    0x0, 0x0, 0x0, 0x0,

    /* U+4E1C "东" */
    0x0, 0x0, 0x0, 0x19, 0x30, 0x0, 0x0, 0x0,
    0x0, 0x0, 0x0, 0x0, 0x8f, 0xd0, 0x0, 0x0,
    0x0, 0x0, 0x0, 0x0, 0x1, 0xef, 0x60, 0x0,
    0x0, 0x0, 0x0, 0xbf, 0xff, 0xff, 0xff, 0xff,
    0xff, 0xff, 0xff, 0xf3, 0x8c, 0xcc, 0xdf, 0xfc,
    0xcc, 0xcc, 0xcc, 0xcc, 0xc2, 0x0, 0x0, 0xaf,
    0x90, 0x0, 0x0, 0x0, 0x0, 0x0, 0x0, 0x6,
    0xfd, 0x0, 0x2b, 0x70, 0x0, 0x0, 0x0, 0x0,
    0x4f, 0xf2, 0x0, 0x3f, 0xa0, 0x0, 0x0, 0x0,
    0x3, 0xff, 0xeb, 0xbb, 0xcf, 0xeb, 0xbb, 0xbb,
    0x40, 0x1, 0xff, 0xff, 0xff, 0xff, 0xff, 0xff,
    0xff, 0x50, 0x0, 0x43, 0x22, 0x22, 0x5f, 0xb2,
    0x22, 0x22, 0x0, 0x0, 0x1, 0x0, 0x0, 0x3f,
    0xa0, 0x1, 0x0, 0x0, 0x0, 0xa, 0xf5, 0x0,
    0x3f, 0xa0, 0x8f, 0x50, 0x0, 0x0, 0x3f, 0xe0,
    0x0, 0x3f, 0xa0, 0x3f, 0xf2, 0x0, 0x0, 0xbf,
    0x70, 0x0, 0x3f, 0xa0, 0x6, 0xfd, 0x10, 0x7,
    0xfe, 0x0, 0x0, 0x3f, 0xa0, 0x0, 0x9f, 0xa0,
    0x5f, 0xf4, 0x0, 0x0, 0x3f, 0xa0, 0x0, 0xe,
    0xf4, 0x7f, 0x70, 0x0, 0xde, 0xff, 0x80, 0x0,
    0x5, 0xe5, 0x3, 0x0, 0x0, 0xaf, 0xea, 0x10,
    0x0, 0x0, 0x0, 0x0, 0x0, 0x0, 0x0, 0x0,
    0x0, 0x0, 0x0, 0x0,

    /* U+4E22 "丢" */
    0x0, 0x0, 0x0, 0x0, 0x0, 0x24, 0x69, 0xc7,
    0x0, 0x8, 0x9a, 0xbc, 0xde, 0xff, 0xff, 0xff,
    0xff, 0x30, 0xb, 0xff, 0xff, 0xff, 0xff, 0xa8,
    0x75, 0x20, 0x0, 0x1, 0x21, 0x10, 0x0, 0xfe,
    0x0, 0x0, 0x0, 0x0, 0x0, 0x0, 0x0, 0x0,
    0xfe, 0x0, 0x0, 0x0, 0x0, 0x3, 0xdd, 0xdd,
    0xdd, 0xff, 0xdd, 0xdd, 0xdd, 0x20, 0x4, 0xff,
    0xff, 0xff, 0xff, 0xff, 0xff, 0xff, 0x30, 0x0,
    0x0, 0x0, 0x0, 0xfe, 0x0, 0x0, 0x0, 0x0,
    0x0, 0x0, 0x0, 0x0, 0xfe, 0x0, 0x0, 0x0,
    0x0, 0xbc, 0xcc, 0xcc, 0xcc, 0xff, 0xcc, 0xcc,
    0xcc, 0xc9, 0xef, 0xff, 0xff, 0xff, 0xff, 0xff,
    0xff, 0xff, 0xfc, 0x0, 0x0, 0x4, 0xff, 0x30,
    0x0, 0x0, 0x0, 0x0, 0x0, 0x0, 0x1e, 0xf8,
    0x0, 0x3, 0xdb, 0x0, 0x0, 0x0, 0x0, 0xcf,
    0xa0, 0x0, 0x0, 0xcf, 0x80, 0x0, 0x0, 0xb,
    0xfb, 0x0, 0x0, 0x0, 0x1e, 0xf6, 0x0, 0x2,
    0xcf, 0xf7, 0x78, 0xab, 0xcd, 0xef, 0xff, 0x20,
    0xb, 0xff, 0xff, 0xff, 0xff, 0xfd, 0xcb, 0xcf,
    0xc0, 0x5, 0xb9, 0x75, 0x43, 0x10, 0x0, 0x0,
    0x1e, 0xf4, 0x0, 0x0, 0x0, 0x0, 0x0, 0x0,
    0x0, 0x4, 0x30,

    /* U+4E26 "並" */
    0x0, 0x4, 0xa1, 0x0, 0x0, 0x0, 0x1b, 0x70,
    0x0, 0x0, 0x6, 0xfb, 0x0, 0x0, 0x0, 0x7f,
    0xc0, 0x0, 0x0, 0x0, 0xcf, 0x40, 0x0, 0x1,
    0xef, 0x20, 0x0, 0x0, 0x0, 0x5f, 0x70, 0x0,
    0x9, 0xf8, 0x0, 0x0, 0x7f, 0xff, 0xff, 0xff,
    0xff, 0xff, 0xff, 0xff, 0xf8, 0x6c, 0xcc, 0xcd,
    0xff, 0xcc, 0xff, 0xdc, 0xcc, 0xc6, 0x0, 0x0,
    0x1, 0xfc, 0x0, 0xdf, 0x0, 0x0, 0x0, 0x0,
    0x41, 0x1, 0xfc, 0x0, 0xdf, 0x0, 0x27, 0x30,
    0x7, 0xf6, 0x1, 0xfc, 0x0, 0xdf, 0x0, 0x8f,
    0x90, 0x1, 0xfd, 0x1, 0xfc, 0x0, 0xdf, 0x0,
    0xcf, 0x40, 0x0, 0xbf, 0x31, 0xfc, 0x0, 0xdf,
    0x1, 0xfe, 0x0, 0x0, 0x6f, 0x71, 0xfc, 0x0,
    0xdf, 0x6, 0xf9, 0x0, 0x0, 0x3f, 0xb1, 0xfc,
    0x0, 0xdf, 0xb, 0xf3, 0x0, 0x0, 0xf, 0xd1,
    0xfc, 0x0, 0xdf, 0x2f, 0xc0, 0x0, 0x0, 0x2,
    0x1, 0xfc, 0x0, 0xdf, 0x0, 0x10, 0x0, 0x0,
    0x0, 0x2, 0xfc, 0x0, 0xdf, 0x10, 0x0, 0x0,
    0xff, 0xff, 0xff, 0xff, 0xff, 0xff, 0xff, 0xff,
    0xff, 0xde, 0xee, 0xee, 0xee, 0xee, 0xee, 0xee,
    0xee, 0xee,

    /* U+4E2A "个" */
    0x0, 0x0, 0x0, 0x0, 0x1, 0x50, 0x0, 0x0,
    0x0, 0x0, 0x0, 0x0, 0x0, 0x0, 0xb, 0xf7,
    0x0, 0x0, 0x0, 0x0, 0x0, 0x0, 0x0, 0x0,
    0x8f, 0xf8, 0x0, 0x0, 0x0, 0x0, 0x0, 0x0,
    0x0, 0x7, 0xff, 0xef, 0x80, 0x0, 0x0, 0x0,
    0x0, 0x0, 0x0, 0x8f, 0xe3, 0x3e, 0xf9, 0x0,
    0x0, 0x0, 0x0, 0x0, 0x1b, 0xfe, 0x30, 0x3,
    0xef, 0xc2, 0x0, 0x0, 0x0, 0x6, 0xff, 0xe2,
    0x6, 0x50, 0x2d, 0xff, 0x70, 0x0, 0x6, 0xdf,
    0xfc, 0x20, 0xf, 0xf0, 0x1, 0xbf, 0xfd, 0x50,
    0x2e, 0xff, 0x70, 0x0, 0xf, 0xf0, 0x0, 0x6,
    0xef, 0xf2, 0x4, 0x91, 0x0, 0x0, 0xf, 0xf0,
    0x0, 0x0, 0x19, 0x50, 0x0, 0x0, 0x0, 0x0,
    0xf, 0xf0, 0x0, 0x0, 0x0, 0x0, 0x0, 0x0,
    0x0, 0x0, 0xf, 0xf0, 0x0, 0x0, 0x0, 0x0,
    0x0, 0x0, 0x0, 0x0, 0xf, 0xf0, 0x0, 0x0,
    0x0, 0x0, 0x0, 0x0, 0x0, 0x0, 0xf, 0xf0,
    0x0, 0x0, 0x0, 0x0, 0x0, 0x0, 0x0, 0x0,
    0xf, 0xf0, 0x0, 0x0, 0x0, 0x0, 0x0, 0x0,
    0x0, 0x0, 0xf, 0xf0, 0x0, 0x0, 0x0, 0x0,
    0x0, 0x0, 0x0, 0x0, 0xf, 0xf0, 0x0, 0x0,
    0x0, 0x0, 0x0, 0x0, 0x0, 0x0, 0xf, 0xf0,
    0x0, 0x0, 0x0, 0x0, 0x0, 0x0, 0x0, 0x0,
    0xf, 0xf0, 0x0, 0x0, 0x0, 0x0,

    /* U+4E2D "中" */
    0x0, 0x0, 0x0, 0x0, 0x88, 0x0, 0x0, 0x0,
    0x0, 0x0, 0x0, 0x0, 0x0, 0xff, 0x0, 0x0,
    0x0, 0x0, 0x0, 0x0, 0x0, 0x0, 0xff, 0x0,
    0x0, 0x0, 0x0, 0x2, 0x22, 0x22, 0x22, 0xff,
    0x22, 0x22, 0x22, 0x20, 0x1f, 0xff, 0xff, 0xff,
    0xff, 0xff, 0xff, 0xff, 0xf1, 0x1f, 0xfb, 0xbb,
    0xbb, 0xff, 0xbb, 0xbb, 0xbf, 0xf1, 0x1f, 0xc0,
    0x0, 0x0, 0xff, 0x0, 0x0, 0xd, 0xf1, 0x1f,
    0xc0, 0x0, 0x0, 0xff, 0x0, 0x0, 0xd, 0xf1,
    0x1f, 0xc0, 0x0, 0x0, 0xff, 0x0, 0x0, 0xd,
    0xf1, 0x1f, 0xc0, 0x0, 0x0, 0xff, 0x0, 0x0,
    0xd, 0xf1, 0x1f, 0xfc, 0xcc, 0xcc, 0xff, 0xcc,
    0xcc, 0xcf, 0xf1, 0x1f, 0xff, 0xff, 0xff, 0xff,
    0xff, 0xff, 0xff, 0xf1, 0x1f, 0xc0, 0x0, 0x0,
    0xff, 0x0, 0x0, 0xe, 0xf1, 0xa, 0x80, 0x0,
    0x0, 0xff, 0x0, 0x0, 0x7, 0x80, 0x0, 0x0,
    0x0, 0x0, 0xff, 0x0, 0x0, 0x0, 0x0, 0x0,
    0x0, 0x0, 0x0, 0xff, 0x0, 0x0, 0x0, 0x0,
    0x0, 0x0, 0x0, 0x0, 0xff, 0x0, 0x0, 0x0,
    0x0, 0x0, 0x0, 0x0, 0x0, 0xff, 0x0, 0x0,
    0x0, 0x0, 0x0, 0x0, 0x0, 0x0, 0xff, 0x0,
    0x0, 0x0, 0x0,

    /* U+4E32 "串" */
    0x0, 0x0, 0x0, 0x0, 0x88, 0x0, 0x0, 0x0,
    0x0, 0x0, 0x0, 0x0, 0x1, 0xff, 0x0, 0x0,
    0x0, 0x0, 0x2, 0x99, 0x99, 0x9a, 0xff, 0x99,
    0x99, 0x99, 0x10, 0x3, 0xff, 0xff, 0xff, 0xff,
    0xff, 0xff, 0xff, 0x20, 0x3, 0xfb, 0x0, 0x1,
    0xff, 0x0, 0x0, 0xef, 0x20, 0x3, 0xfb, 0x0,
    0x1, 0xff, 0x0, 0x0, 0xef, 0x20, 0x3, 0xfe,
    0x99, 0x9a, 0xff, 0x99, 0x99, 0xff, 0x20, 0x3,
    0xff, 0xff, 0xff, 0xff, 0xff, 0xff, 0xff, 0x20,
    0x0, 0x0, 0x0, 0x1, 0xff, 0x0, 0x0, 0x0,
    0x0, 0xa, 0xaa, 0xaa, 0xab, 0xff, 0xaa, 0xaa,
    0xaa, 0xa0, 0xf, 0xff, 0xff, 0xff, 0xff, 0xff,
    0xff, 0xff, 0xf0, 0xf, 0xf0, 0x0, 0x2, 0xff,
    0x0, 0x0, 0x1f, 0xf0, 0xf, 0xe0, 0x0, 0x1,
    0xff, 0x0, 0x0, 0xf, 0xf0, 0xf, 0xf0, 0x0,
    0x1, 0xff, 0x0, 0x0, 0x1f, 0xf0, 0xf, 0xff,
    0xff, 0xff, 0xff, 0xff, 0xff, 0xff, 0xf0, 0xf,
    0xf9, 0x99, 0x9a, 0xff, 0x99, 0x99, 0xaf, 0xf0,
    0x0, 0x0, 0x0, 0x1, 0xff, 0x0, 0x0, 0x0,
    0x0, 0x0, 0x0, 0x0, 0x1, 0xff, 0x0, 0x0,
    0x0, 0x0, 0x0, 0x0, 0x0, 0x1, 0xff, 0x0,
    0x0, 0x0, 0x0,

    /* U+4E49 "义" */
    0x0, 0x0, 0x0, 0x0, 0x8c, 0x0, 0x0, 0x0,
    0x0, 0x0, 0x0, 0x0, 0x0, 0x0, 0x9f, 0x50,
    0x0, 0x2, 0x20, 0x0, 0x0, 0x1, 0x30, 0x0,
    0x2f, 0xd0, 0x0, 0x9, 0xf7, 0x0, 0x0, 0x1f,
    0xe0, 0x0, 0xb, 0xf3, 0x0, 0xf, 0xf2, 0x0,
    0x0, 0x9, 0xf7, 0x0, 0x5, 0xf9, 0x0, 0x5f,
    0xc0, 0x0, 0x0, 0x1, 0xfe, 0x0, 0x0, 0x50,
    0x0, 0xdf, 0x50, 0x0, 0x0, 0x0, 0x9f, 0x60,
    0x0, 0x0, 0x5, 0xfd, 0x0, 0x0, 0x0, 0x0,
    0x2f, 0xe1, 0x0, 0x0, 0xd, 0xf5, 0x0, 0x0,
    0x0, 0x0, 0x9, 0xfb, 0x0, 0x0, 0x8f, 0xb0,
    0x0, 0x0, 0x0, 0x0, 0x0, 0xdf, 0x80, 0x4,
    0xff, 0x20, 0x0, 0x0, 0x0, 0x0, 0x0, 0x2f,
    0xf4, 0x2e, 0xf6, 0x0, 0x0, 0x0, 0x0, 0x0,
    0x0, 0x5, 0xff, 0xdf, 0x90, 0x0, 0x0, 0x0,
    0x0, 0x0, 0x0, 0x0, 0xaf, 0xfc, 0x0, 0x0,
    0x0, 0x0, 0x0, 0x0, 0x0, 0x6, 0xff, 0xff,
    0x80, 0x0, 0x0, 0x0, 0x0, 0x0, 0x2, 0xbf,
    0xf7, 0x7f, 0xfd, 0x30, 0x0, 0x0, 0x0, 0x2,
    0x8f, 0xfd, 0x30, 0x3, 0xdf, 0xf9, 0x30, 0x0,
    0x4, 0xbf, 0xff, 0x80, 0x0, 0x0, 0x9, 0xff,
    0xfc, 0x60, 0x1f, 0xfe, 0x71, 0x0, 0x0, 0x0,
    0x0, 0x28, 0xef, 0xd1, 0x5, 0x50, 0x0, 0x0,
    0x0, 0x0, 0x0, 0x0, 0x6, 0x30,

    /* U+4E60 "习" */
    0x9, 0xcc, 0xcc, 0xcc, 0xcc, 0xcc, 0xcc, 0xcc,
    0xb0, 0xbf, 0xff, 0xff, 0xff, 0xff, 0xff, 0xff,
    0xfe, 0x0, 0x0, 0x0, 0x0, 0x0, 0x0, 0x0,
    0xf, 0xe0, 0x0, 0x3, 0x10, 0x0, 0x0, 0x0,
    0x0, 0xfe, 0x0, 0x3, 0xfe, 0x30, 0x0, 0x0,
    0x0, 0xf, 0xe0, 0x0, 0x9, 0xff, 0x70, 0x0,
    0x0, 0x0, 0xfd, 0x0, 0x0, 0x6, 0xff, 0xa0,
    0x0, 0x0, 0x1f, 0xd0, 0x0, 0x0, 0x3, 0xef,
    0xb0, 0x0, 0x1, 0xfd, 0x0, 0x0, 0x0, 0x2,
    0xd4, 0x0, 0x0, 0x2f, 0xc0, 0x0, 0x0, 0x0,
    0x0, 0x0, 0x27, 0x2, 0xfc, 0x0, 0x0, 0x0,
    0x0, 0x17, 0xdf, 0xf1, 0x3f, 0xb0, 0x0, 0x0,
    0x16, 0xbf, 0xff, 0xc6, 0x3, 0xfb, 0x0, 0x5,
    0xbf, 0xff, 0xe8, 0x20, 0x0, 0x4f, 0xa0, 0xaf,
    0xff, 0xfb, 0x50, 0x0, 0x0, 0x6, 0xf8, 0xb,
    0xfc, 0x61, 0x0, 0x0, 0x0, 0x0, 0x8f, 0x70,
    0x32, 0x0, 0x0, 0x0, 0x0, 0x0, 0xc, 0xf4,
    0x0, 0x0, 0x0, 0x0, 0x0, 0xbc, 0xce, 0xfe,
    0x0, 0x0, 0x0, 0x0, 0x0, 0x8, 0xff, 0xfc,
    0x30, 0x0, 0x0, 0x0, 0x0, 0x0, 0x0, 0x0,
    0x0, 0x0,

    /* U+4E86 "了" */
    0x2, 0x22, 0x22, 0x22, 0x22, 0x22, 0x22, 0x22,
    0x0, 0x1f, 0xff, 0xff, 0xff, 0xff, 0xff, 0xff,
    0xff, 0x90, 0xb, 0xbb, 0xbb, 0xbb, 0xbb, 0xbb,
    0xbf, 0xff, 0x50, 0x0, 0x0, 0x0, 0x0, 0x0,
    0x0, 0xaf, 0xf5, 0x0, 0x0, 0x0, 0x0, 0x0,
    0x0, 0x2d, 0xfe, 0x30, 0x0, 0x0, 0x0, 0x0,
    0x0, 0x7, 0xff, 0xa1, 0x0, 0x0, 0x0, 0x0,
    0x0, 0x0, 0xcf, 0xe5, 0x0, 0x0, 0x0, 0x0,
    0x0, 0x0, 0x0, 0xef, 0x20, 0x0, 0x0, 0x0,
    0x0, 0x0, 0x0, 0x0, 0xef, 0x10, 0x0, 0x0,
    0x0, 0x0, 0x0, 0x0, 0x0, 0xef, 0x10, 0x0,
    0x0, 0x0, 0x0, 0x0, 0x0, 0x0, 0xef, 0x10,
    0x0, 0x0, 0x0, 0x0, 0x0, 0x0, 0x0, 0xef,
    0x10, 0x0, 0x0, 0x0, 0x0, 0x0, 0x0, 0x0,
    0xef, 0x10, 0x0, 0x0, 0x0, 0x0, 0x0, 0x0,
    0x0, 0xef, 0x10, 0x0, 0x0, 0x0, 0x0, 0x0,
    0x0, 0x0, 0xef, 0x10, 0x0, 0x0, 0x0, 0x0,
    0x0, 0x0, 0x0, 0xef, 0x10, 0x0, 0x0, 0x0,
    0x0, 0x0, 0xde, 0xde, 0xfe, 0x0, 0x0, 0x0,
    0x0, 0x0, 0x0, 0x8f, 0xfe, 0xb4, 0x0, 0x0,
    0x0, 0x0,

    /* U+4E8E "于" */
    0x6, 0xbb, 0xbb, 0xbb, 0xbb, 0xbb, 0xbb, 0xbb,
    0x60, 0x8, 0xff, 0xff, 0xff, 0xff, 0xff, 0xff,
    0xff, 0x90, 0x1, 0x22, 0x22, 0x22, 0xdf, 0x52,
    0x22, 0x22, 0x10, 0x0, 0x0, 0x0, 0x0, 0xcf,
    0x30, 0x0, 0x0, 0x0, 0x0, 0x0, 0x0, 0x0,
    0xcf, 0x30, 0x0, 0x0, 0x0, 0x0, 0x0, 0x0,
    0x0, 0xcf, 0x30, 0x0, 0x0, 0x0, 0x0, 0x0,
    0x0, 0x0, 0xcf, 0x30, 0x0, 0x0, 0x0, 0xef,
    0xff, 0xff, 0xff, 0xff, 0xff, 0xff, 0xff, 0xff,
    0xdd, 0xdd, 0xdd, 0xdd, 0xff, 0xed, 0xdd, 0xdd,
    0xdd, 0x0, 0x0, 0x0, 0x0, 0xcf, 0x30, 0x0,
    0x0, 0x0, 0x0, 0x0, 0x0, 0x0, 0xcf, 0x30,
    0x0, 0x0, 0x0, 0x0, 0x0, 0x0, 0x0, 0xcf,
    0x30, 0x0, 0x0, 0x0, 0x0, 0x0, 0x0, 0x0,
    0xcf, 0x30, 0x0, 0x0, 0x0, 0x0, 0x0, 0x0,
    0x0, 0xcf, 0x30, 0x0, 0x0, 0x0, 0x0, 0x0,
    0x0, 0x0, 0xcf, 0x30, 0x0, 0x0, 0x0, 0x0,
    0x0, 0x0, 0x0, 0xdf, 0x20, 0x0, 0x0, 0x0,
    0x0, 0x0, 0xcf, 0xff, 0xff, 0x0, 0x0, 0x0,
    0x0, 0x0, 0x0, 0x6f, 0xfe, 0xb4, 0x0, 0x0,
    0x0, 0x0, 0x0, 0x0, 0x0, 0x0, 0x0, 0x0,
    0x0, 0x0, 0x0,

    /* U+4E91 "云" */
    0x0, 0x22, 0x22, 0x22, 0x22, 0x22, 0x22, 0x22,
    0x0, 0x0, 0xbf, 0xff, 0xff, 0xff, 0xff, 0xff,
    0xfe, 0x0, 0x0, 0x8c, 0xcc, 0xcc, 0xcc, 0xcc,
    0xcc, 0xcb, 0x0, 0x0, 0x0, 0x0, 0x0, 0x0,
    0x0, 0x0, 0x0, 0x0, 0x0, 0x0, 0x0, 0x0,
    0x0, 0x0, 0x0, 0x0, 0x0, 0x0, 0x0, 0x0,
    0x0, 0x0, 0x0, 0x0, 0x0, 0x0, 0xde, 0xee,
    0xee, 0xee, 0xee, 0xee, 0xee, 0xee, 0xee, 0xff,
    0xff, 0xff, 0xff, 0xff, 0xff, 0xff, 0xff, 0xff,
    0x0, 0x0, 0x5, 0xff, 0x50, 0x0, 0x0, 0x0,
    0x0, 0x0, 0x0, 0xd, 0xfb, 0x0, 0x0, 0x30,
    0x0, 0x0, 0x0, 0x0, 0x7f, 0xf2, 0x0, 0x7,
    0xfa, 0x0, 0x0, 0x0, 0x1, 0xff, 0x70, 0x0,
    0x2, 0xff, 0x50, 0x0, 0x0, 0xc, 0xfb, 0x0,
    0x0, 0x0, 0x6f, 0xe1, 0x0, 0x0, 0x8f, 0xe1,
    0x0, 0x0, 0x1, 0x3d, 0xfb, 0x0, 0x8, 0xff,
    0xdb, 0xcd, 0xef, 0xff, 0xff, 0xff, 0x60, 0xb,
    0xff, 0xff, 0xff, 0xff, 0xec, 0xba, 0xaf, 0xe1,
    0x4, 0xa8, 0x65, 0x32, 0x0, 0x0, 0x0, 0xd,
    0xf5, 0x0, 0x0, 0x0, 0x0, 0x0, 0x0, 0x0,
    0x4, 0x30,

    /* U+4E92 "互" */
    0x4d, 0xdd, 0xdd, 0xdd, 0xdd, 0xdd, 0xdd, 0xdd,
    0xd7, 0x5, 0xff, 0xff, 0xff, 0xff, 0xff, 0xff,
    0xff, 0xff, 0x70, 0x0, 0x0, 0x2f, 0xe0, 0x0,
    0x0, 0x0, 0x0, 0x0, 0x0, 0x0, 0x5, 0xfb,
    0x0, 0x0, 0x0, 0x0, 0x0, 0x0, 0x0, 0x0,
    0x9f, 0x80, 0x0, 0x0, 0x1, 0x0, 0x0, 0x0,
    0x0, 0xc, 0xff, 0xff, 0xff, 0xff, 0xf9, 0x0,
    0x0, 0x0, 0x0, 0xff, 0xbb, 0xbb, 0xbb, 0xdf,
    0x70, 0x0, 0x0, 0x0, 0x2f, 0xe0, 0x0, 0x0,
    0x9, 0xf6, 0x0, 0x0, 0x0, 0x6, 0xfa, 0x0,
    0x0, 0x0, 0xbf, 0x30, 0x0, 0x0, 0x0, 0x9f,
    0x70, 0x0, 0x0, 0xd, 0xf1, 0x0, 0x0, 0x0,
    0xd, 0xfc, 0xbb, 0xbb, 0xbb, 0xff, 0x0, 0x0,
    0x0, 0x2, 0xff, 0xff, 0xff, 0xff, 0xff, 0xd0,
    0x0, 0x0, 0x0, 0x0, 0x0, 0x0, 0x0, 0x4,
    0xfb, 0x0, 0x0, 0x0, 0x0, 0x0, 0x0, 0x0,
    0x0, 0x6f, 0x80, 0x0, 0x0, 0x0, 0x0, 0x0,
    0x0, 0x0, 0x8, 0xf6, 0x0, 0x0, 0xc, 0xcc,
    0xcc, 0xcc, 0xcc, 0xcc, 0xef, 0xdc, 0xcc, 0xc1,
    0xff, 0xff, 0xff, 0xff, 0xff, 0xff, 0xff, 0xff,
    0xff, 0x10, 0x0, 0x0, 0x0, 0x0, 0x0, 0x0,
    0x0, 0x0, 0x0,

    /* U+4EA4 "交" */
    0x0, 0x0, 0x0, 0x0, 0x6c, 0x10, 0x0, 0x0,
    0x0, 0x0, 0x0, 0x0, 0x0, 0x8, 0xfa, 0x0,
    0x0, 0x0, 0x0, 0x0, 0x0, 0x0, 0x0, 0x2f,
    0xf2, 0x0, 0x0, 0x0, 0x0, 0xef, 0xff, 0xff,
    0xff, 0xff, 0xff, 0xff, 0xff, 0xf8, 0xb, 0xcc,
    0xcc, 0xcc, 0xcc, 0xcc, 0xcc, 0xcc, 0xcc, 0x60,
    0x0, 0x0, 0x49, 0x20, 0x0, 0x2, 0xa1, 0x0,
    0x0, 0x0, 0x0, 0x5f, 0xf5, 0x0, 0x0, 0xaf,
    0xe4, 0x0, 0x0, 0x0, 0x6f, 0xf5, 0x0, 0x0,
    0x0, 0x7f, 0xf8, 0x0, 0x2, 0xbf, 0xf5, 0x10,
    0x0, 0x0, 0x21, 0x4e, 0xfa, 0x0, 0x9f, 0xd2,
    0x6f, 0x60, 0x0, 0xc, 0xf5, 0x2e, 0xf5, 0x0,
    0x60, 0x1, 0xfe, 0x0, 0x4, 0xfe, 0x0, 0x35,
    0x0, 0x0, 0x0, 0x8, 0xfa, 0x1, 0xdf, 0x50,
    0x0, 0x0, 0x0, 0x0, 0x0, 0xc, 0xf8, 0xbf,
    0xa0, 0x0, 0x0, 0x0, 0x0, 0x0, 0x0, 0x1e,
    0xff, 0xc0, 0x0, 0x0, 0x0, 0x0, 0x0, 0x0,
    0x5, 0xef, 0xfc, 0x30, 0x0, 0x0, 0x0, 0x0,
    0x0, 0x4d, 0xff, 0x9c, 0xff, 0xb2, 0x0, 0x0,
    0x0, 0x59, 0xef, 0xfb, 0x20, 0x5, 0xef, 0xfd,
    0x95, 0x10, 0xef, 0xff, 0xb4, 0x0, 0x0, 0x0,
    0x7c, 0xff, 0xfa, 0x5, 0xa5, 0x0, 0x0, 0x0,
    0x0, 0x0, 0x1, 0x59, 0x10,

    /* U+4EAC "京" */
    0x0, 0x0, 0x0, 0x0, 0x2, 0x0, 0x0, 0x0,
    0x0, 0x0, 0x0, 0x0, 0x0, 0xa, 0xf5, 0x0,
    0x0, 0x0, 0x0, 0x0, 0x0, 0x0, 0x0, 0x5f,
    0xe0, 0x0, 0x0, 0x0, 0x0, 0xab, 0xbb, 0xbb,
    0xbb, 0xff, 0xcb, 0xbb, 0xbb, 0xb7, 0xe, 0xff,
    0xff, 0xff, 0xff, 0xff, 0xff, 0xff, 0xff, 0xa0,
    0x22, 0x22, 0x22, 0x22, 0x22, 0x22, 0x22, 0x22,
    0x21, 0x0, 0x0, 0x0, 0x0, 0x0, 0x0, 0x0,
    0x0, 0x0, 0x0, 0x0, 0x8f, 0xff, 0xff, 0xff,
    0xff, 0xff, 0xf6, 0x0, 0x0, 0x8, 0xfb, 0x99,
    0x99, 0x99, 0x99, 0xdf, 0x60, 0x0, 0x0, 0x8f,
    0x50, 0x0, 0x0, 0x0, 0x9, 0xf6, 0x0, 0x0,
    0x8, 0xf5, 0x0, 0x0, 0x0, 0x0, 0x9f, 0x60,
    0x0, 0x0, 0x8f, 0xff, 0xff, 0xff, 0xff, 0xff,
    0xf6, 0x0, 0x0, 0x6, 0xaa, 0xaa, 0xbf, 0xfa,
    0xaa, 0xaa, 0x40, 0x0, 0x0, 0x0, 0x0, 0x0,
    0xfe, 0x0, 0x0, 0x0, 0x0, 0x0, 0x1, 0xd9,
    0x0, 0xf, 0xe0, 0x2, 0xd7, 0x0, 0x0, 0x0,
    0xbf, 0x80, 0x0, 0xfe, 0x0, 0x2e, 0xf5, 0x0,
    0x0, 0x8f, 0xc0, 0x0, 0xf, 0xe0, 0x0, 0x4f,
    0xf3, 0x0, 0x8f, 0xe1, 0x0, 0x1, 0xfe, 0x0,
    0x0, 0x6f, 0xe1, 0xc, 0xe2, 0x2, 0xcc, 0xdf,
    0xd0, 0x0, 0x0, 0xbf, 0x40, 0x2, 0x0, 0xd,
    0xfe, 0xc3, 0x0, 0x0, 0x1, 0x20,

    /* U+4EBA "人" */
    0x0, 0x0, 0x0, 0x0, 0x2d, 0xd0, 0x0, 0x0,
    0x0, 0x0, 0x0, 0x0, 0x0, 0x0, 0x3f, 0xe0,
    0x0, 0x0, 0x0, 0x0, 0x0, 0x0, 0x0, 0x0,
    0x4f, 0xe0, 0x0, 0x0, 0x0, 0x0, 0x0, 0x0,
    0x0, 0x0, 0x5f, 0xe0, 0x0, 0x0, 0x0, 0x0,
    0x0, 0x0, 0x0, 0x0, 0x6f, 0xf0, 0x0, 0x0,
    0x0, 0x0, 0x0, 0x0, 0x0, 0x0, 0x8f, 0xf3,
    0x0, 0x0, 0x0, 0x0, 0x0, 0x0, 0x0, 0x0,
    0xcf, 0xf7, 0x0, 0x0, 0x0, 0x0, 0x0, 0x0,
    0x0, 0x0, 0xff, 0xfb, 0x0, 0x0, 0x0, 0x0,
    0x0, 0x0, 0x0, 0x4, 0xfe, 0xef, 0x10, 0x0,
    0x0, 0x0, 0x0, 0x0, 0x0, 0xa, 0xf8, 0x8f,
    0x70, 0x0, 0x0, 0x0, 0x0, 0x0, 0x0, 0x1f,
    0xf3, 0x2f, 0xe0, 0x0, 0x0, 0x0, 0x0, 0x0,
    0x0, 0x9f, 0xc0, 0xb, 0xf7, 0x0, 0x0, 0x0,
    0x0, 0x0, 0x3, 0xff, 0x30, 0x2, 0xff, 0x30,
    0x0, 0x0, 0x0, 0x0, 0x1d, 0xfa, 0x0, 0x0,
    0x9f, 0xd1, 0x0, 0x0, 0x0, 0x0, 0xcf, 0xd1,
    0x0, 0x0, 0xc, 0xfd, 0x10, 0x0, 0x0, 0x2c,
    0xfe, 0x20, 0x0, 0x0, 0x1, 0xdf, 0xd3, 0x0,
    0x6, 0xff, 0xe3, 0x0, 0x0, 0x0, 0x0, 0x2d,
    0xff, 0xa1, 0xb, 0xfb, 0x10, 0x0, 0x0, 0x0,
    0x0, 0x0, 0x8f, 0xc0, 0x0, 0x60, 0x0, 0x0,
    0x0, 0x0, 0x0, 0x0, 0x3, 0x10,

    /* U+4EC5 "仅" */
    0x0, 0x0, 0x8, 0x60, 0x0, 0x0, 0x0, 0x0,
    0x0, 0x0, 0x0, 0x0, 0x2f, 0xe0, 0x0, 0x0,
    0x0, 0x0, 0x0, 0x0, 0x0, 0x0, 0x9f, 0x7a,
    0xbb, 0xbb, 0xbb, 0xbb, 0xba, 0x10, 0x0, 0x2,
    0xfe, 0xd, 0xff, 0xff, 0xff, 0xff, 0xff, 0x0,
    0x0, 0xb, 0xf7, 0x3, 0xfa, 0x0, 0x0, 0x1,
    0xfc, 0x0, 0x0, 0x6f, 0xf3, 0x0, 0xee, 0x0,
    0x0, 0x5, 0xf9, 0x0, 0x3, 0xff, 0xf3, 0x0,
    0x9f, 0x30, 0x0, 0xa, 0xf5, 0x0, 0x2e, 0xff,
    0xf3, 0x0, 0x4f, 0x80, 0x0, 0xf, 0xf0, 0x0,
    0xaf, 0xdb, 0xf3, 0x0, 0xf, 0xd0, 0x0, 0x5f,
    0xa0, 0x0, 0x2e, 0x1a, 0xf3, 0x0, 0xa, 0xf5,
    0x0, 0xdf, 0x40, 0x0, 0x1, 0xa, 0xf3, 0x0,
    0x2, 0xfd, 0x6, 0xfc, 0x0, 0x0, 0x0, 0xa,
    0xf3, 0x0, 0x0, 0x9f, 0x7e, 0xf4, 0x0, 0x0,
    0x0, 0xa, 0xf3, 0x0, 0x0, 0x1f, 0xff, 0xa0,
    0x0, 0x0, 0x0, 0xa, 0xf3, 0x0, 0x0, 0xb,
    0xff, 0x20, 0x0, 0x0, 0x0, 0xa, 0xf3, 0x0,
    0x0, 0x9f, 0xff, 0xc1, 0x0, 0x0, 0x0, 0xa,
    0xf3, 0x0, 0xb, 0xfe, 0x5c, 0xfd, 0x20, 0x0,
    0x0, 0xa, 0xf3, 0x7, 0xef, 0xd2, 0x0, 0xbf,
    0xf9, 0x10, 0x0, 0xa, 0xf3, 0xdf, 0xfa, 0x10,
    0x0, 0x7, 0xff, 0xe1, 0x0, 0xa, 0xf3, 0x6b,
    0x20, 0x0, 0x0, 0x0, 0x19, 0x50, 0x0, 0x0,
    0x0, 0x0, 0x0, 0x0, 0x0, 0x0, 0x0, 0x0,

    /* U+4ECA "今" */
    0x0, 0x0, 0x0, 0x0, 0x0, 0x0, 0x0, 0x0,
    0x0, 0x0, 0x0, 0x0, 0x0, 0x0, 0xa, 0xa2,
    0x0, 0x0, 0x0, 0x0, 0x0, 0x0, 0x0, 0x0,
    0x7f, 0xf7, 0x0, 0x0, 0x0, 0x0, 0x0, 0x0,
    0x0, 0x5, 0xff, 0xff, 0x50, 0x0, 0x0, 0x0,
    0x0, 0x0, 0x0, 0x6f, 0xf6, 0x3f, 0xf7, 0x0,
    0x0, 0x0, 0x0, 0x0, 0x9, 0xff, 0x50, 0x2,
    0xef, 0xb1, 0x0, 0x0, 0x0, 0x3, 0xdf, 0xf4,
    0x23, 0x0, 0x2d, 0xfe, 0x60, 0x0, 0x2, 0xaf,
    0xfd, 0x31, 0xef, 0x60, 0x1, 0xbf, 0xfc, 0x40,
    0x2f, 0xff, 0x80, 0x0, 0x4e, 0xfa, 0x0, 0x6,
    0xff, 0xe1, 0x5, 0xc2, 0x0, 0x0, 0x2, 0xdf,
    0x90, 0x0, 0x1a, 0x30, 0x0, 0x0, 0x0, 0x0,
    0x0, 0x1b, 0x20, 0x1, 0x0, 0x0, 0x0, 0xd,
    0xff, 0xff, 0xff, 0xff, 0xff, 0xff, 0xd2, 0x0,
    0x0, 0xb, 0xdd, 0xdd, 0xdd, 0xdd, 0xdd, 0xff,
    0xb0, 0x0, 0x0, 0x0, 0x0, 0x0, 0x0, 0x0,
    0x8, 0xfd, 0x10, 0x0, 0x0, 0x0, 0x0, 0x0,
    0x0, 0x0, 0x5f, 0xf3, 0x0, 0x0, 0x0, 0x0,
    0x0, 0x0, 0x0, 0x2, 0xff, 0x60, 0x0, 0x0,
    0x0, 0x0, 0x0, 0x0, 0x0, 0x1d, 0xfa, 0x0,
    0x0, 0x0, 0x0, 0x0, 0x0, 0x0, 0x0, 0xcf,
    0xc0, 0x0, 0x0, 0x0, 0x0, 0x0, 0x0, 0x0,
    0x9, 0xfe, 0x10, 0x0, 0x0, 0x0, 0x0, 0x0,
    0x0, 0x0, 0x2, 0x94, 0x0, 0x0, 0x0, 0x0,

    /* U+4ECE "从" */
    0x0, 0x0, 0x7, 0x70, 0x0, 0x0, 0x27, 0x50,
    0x0, 0x0, 0x0, 0x0, 0x1f, 0xf0, 0x0, 0x0,
    0x5f, 0xc0, 0x0, 0x0, 0x0, 0x0, 0x2f, 0xe0,
    0x0, 0x0, 0x6f, 0xb0, 0x0, 0x0, 0x0, 0x0,
    0x3f, 0xd0, 0x0, 0x0, 0x7f, 0x90, 0x0, 0x0,
    0x0, 0x0, 0x4f, 0xc0, 0x0, 0x0, 0x9f, 0x80,
    0x0, 0x0, 0x0, 0x0, 0x5f, 0xa0, 0x0, 0x0,
    0xaf, 0x60, 0x0, 0x0, 0x0, 0x0, 0x7f, 0x90,
    0x0, 0x0, 0xcf, 0x40, 0x0, 0x0, 0x0, 0x0,
    0x9f, 0xe1, 0x0, 0x0, 0xff, 0x50, 0x0, 0x0,
    0x0, 0x0, 0xcf, 0xfc, 0x0, 0x2, 0xff, 0x90,
    0x0, 0x0, 0x0, 0x0, 0xef, 0xdf, 0x90, 0x6,
    0xff, 0xd0, 0x0, 0x0, 0x0, 0x1, 0xff, 0x2f,
    0xf4, 0x9, 0xff, 0xf3, 0x0, 0x0, 0x0, 0x6,
    0xfc, 0x5, 0xfd, 0x1f, 0xf8, 0xf9, 0x0, 0x0,
    0x0, 0xc, 0xf7, 0x0, 0xcf, 0x9f, 0xd0, 0xdf,
    0x10, 0x0, 0x0, 0x1f, 0xf2, 0x0, 0x33, 0xcf,
    0x70, 0x6f, 0xa0, 0x0, 0x0, 0x7f, 0xd0, 0x0,
    0x4, 0xff, 0x10, 0xf, 0xf4, 0x0, 0x2, 0xff,
    0x60, 0x0, 0x1e, 0xf9, 0x0, 0x7, 0xff, 0x30,
    0xc, 0xfe, 0x0, 0x0, 0xcf, 0xe1, 0x0, 0x0,
    0xcf, 0xf2, 0x1d, 0xf4, 0x0, 0x3, 0xef, 0x40,
    0x0, 0x0, 0x1d, 0x90, 0x0, 0x50, 0x0, 0x0,
    0x14, 0x0, 0x0, 0x0, 0x1, 0x0,

    /* U+4ED8 "付" */
    0x0, 0x0, 0x6, 0xb4, 0x0, 0x0, 0x0, 0xd,
    0xd0, 0x0, 0x0, 0x0, 0xe, 0xf3, 0x0, 0x0,
    0x0, 0xf, 0xf0, 0x0, 0x0, 0x0, 0x6f, 0xc0,
    0x0, 0x0, 0x0, 0xf, 0xf0, 0x0, 0x0, 0x0,
    0xdf, 0x40, 0x0, 0x0, 0x0, 0xf, 0xf0, 0x0,
    0x0, 0x6, 0xfd, 0xa, 0xbb, 0xbb, 0xbb, 0xbf,
    0xfb, 0xb3, 0x0, 0x1f, 0xfa, 0xe, 0xff, 0xff,
    0xff, 0xff, 0xff, 0xf5, 0x0, 0xcf, 0xfa, 0x2,
    0x33, 0x33, 0x33, 0x3f, 0xf3, 0x31, 0xa, 0xff,
    0xfa, 0x0, 0x0, 0x0, 0x0, 0xf, 0xf0, 0x0,
    0xd, 0xf8, 0xfa, 0x0, 0x3b, 0x10, 0x0, 0xf,
    0xf0, 0x0, 0x4, 0x73, 0xfa, 0x0, 0x7f, 0xa0,
    0x0, 0xf, 0xf0, 0x0, 0x0, 0x3, 0xfa, 0x0,
    0xe, 0xf4, 0x0, 0xf, 0xf0, 0x0, 0x0, 0x3,
    0xfa, 0x0, 0x5, 0xfd, 0x0, 0xf, 0xf0, 0x0,
    0x0, 0x3, 0xfa, 0x0, 0x0, 0xcf, 0x60, 0xf,
    0xf0, 0x0, 0x0, 0x3, 0xfa, 0x0, 0x0, 0x5c,
    0x30, 0xf, 0xf0, 0x0, 0x0, 0x3, 0xfa, 0x0,
    0x0, 0x0, 0x0, 0xf, 0xf0, 0x0, 0x0, 0x3,
    0xfa, 0x0, 0x0, 0x0, 0x0, 0xf, 0xf0, 0x0,
    0x0, 0x3, 0xfa, 0x0, 0x0, 0x0, 0x0, 0xf,
    0xf0, 0x0, 0x0, 0x3, 0xfa, 0x0, 0x0, 0x4e,
    0xdd, 0xef, 0xd0, 0x0, 0x0, 0x3, 0xe9, 0x0,
    0x0, 0xe, 0xff, 0xeb, 0x20, 0x0,

    /* U+4EE5 "以" */
    0x0, 0x0, 0x0, 0x0, 0x0, 0x0, 0x0, 0x0,
    0x0, 0x0, 0x6, 0x60, 0x0, 0x0, 0x0, 0x0,
    0xf, 0xf0, 0x0, 0x0, 0xef, 0x10, 0x2a, 0x40,
    0x0, 0x0, 0xff, 0x0, 0x0, 0xe, 0xf1, 0x4,
    0xfe, 0x10, 0x0, 0x1f, 0xd0, 0x0, 0x0, 0xef,
    0x10, 0x9, 0xfb, 0x0, 0x3, 0xfc, 0x0, 0x0,
    0xe, 0xf1, 0x0, 0xd, 0xf4, 0x0, 0x5f, 0xa0,
    0x0, 0x0, 0xef, 0x10, 0x0, 0x5f, 0xc0, 0x7,
    0xf8, 0x0, 0x0, 0xe, 0xf1, 0x0, 0x0, 0x71,
    0x0, 0xaf, 0x50, 0x0, 0x0, 0xef, 0x10, 0x0,
    0x0, 0x0, 0xd, 0xf2, 0x0, 0x0, 0xe, 0xf1,
    0x0, 0x0, 0x0, 0x1, 0xfe, 0x0, 0x0, 0x0,
    0xef, 0x10, 0x0, 0x0, 0x0, 0x7f, 0xa0, 0x0,
    0x0, 0xe, 0xf1, 0x0, 0x66, 0x0, 0xd, 0xf4,
    0x0, 0x0, 0x0, 0xef, 0x27, 0xef, 0xb0, 0x6,
    0xff, 0x30, 0x0, 0x0, 0x1f, 0xff, 0xff, 0xa2,
    0x2, 0xef, 0xfe, 0x20, 0x0, 0x7, 0xff, 0xfa,
    0x20, 0x1, 0xdf, 0xa9, 0xfe, 0x20, 0x1, 0xff,
    0xb2, 0x0, 0x3, 0xef, 0xc0, 0xa, 0xfd, 0x10,
    0x6, 0x40, 0x0, 0x29, 0xff, 0xd1, 0x0, 0xc,
    0xfc, 0x0, 0x0, 0x0, 0xa, 0xff, 0x90, 0x0,
    0x0, 0x1e, 0xf3, 0x0, 0x0, 0x0, 0x9, 0x30,
    0x0, 0x0, 0x0, 0x42, 0x0,

    /* U+4EF6 "件" */
    0x0, 0x0, 0x5, 0x10, 0x0, 0x0, 0x53, 0x0,
    0x0, 0x0, 0x0, 0x0, 0x6f, 0x90, 0x56, 0x2,
    0xfb, 0x0, 0x0, 0x0, 0x0, 0x0, 0xef, 0x20,
    0xef, 0x2, 0xfb, 0x0, 0x0, 0x0, 0x0, 0x6,
    0xfa, 0x2, 0xfc, 0x2, 0xfb, 0x0, 0x0, 0x0,
    0x0, 0xd, 0xf3, 0x6, 0xff, 0xde, 0xff, 0xdd,
    0xdd, 0x20, 0x0, 0x8f, 0xf0, 0xc, 0xff, 0xff,
    0xff, 0xff, 0xff, 0x20, 0x3, 0xff, 0xe0, 0x3f,
    0xc0, 0x2, 0xfb, 0x0, 0x0, 0x0, 0x2e, 0xff,
    0xe0, 0xcf, 0x50, 0x2, 0xfb, 0x0, 0x0, 0x0,
    0x2f, 0xbe, 0xe0, 0x28, 0x0, 0x2, 0xfb, 0x0,
    0x0, 0x0, 0x7, 0xd, 0xe0, 0x0, 0x0, 0x3,
    0xfb, 0x0, 0x0, 0x0, 0x0, 0xd, 0xe0, 0xcf,
    0xff, 0xff, 0xff, 0xff, 0xff, 0xf1, 0x0, 0xd,
    0xe0, 0xac, 0xcc, 0xcd, 0xff, 0xcc, 0xcc, 0xc1,
    0x0, 0xd, 0xe0, 0x0, 0x0, 0x2, 0xfb, 0x0,
    0x0, 0x0, 0x0, 0xd, 0xe0, 0x0, 0x0, 0x2,
    0xfb, 0x0, 0x0, 0x0, 0x0, 0xd, 0xe0, 0x0,
    0x0, 0x2, 0xfb, 0x0, 0x0, 0x0, 0x0, 0xd,
    0xe0, 0x0, 0x0, 0x2, 0xfb, 0x0, 0x0, 0x0,
    0x0, 0xd, 0xe0, 0x0, 0x0, 0x2, 0xfb, 0x0,
    0x0, 0x0, 0x0, 0xd, 0xe0, 0x0, 0x0, 0x2,
    0xfb, 0x0, 0x0, 0x0, 0x0, 0xd, 0xe0, 0x0,
    0x0, 0x2, 0xfb, 0x0, 0x0, 0x0,

    /* U+4EFB "任" */
    0x0, 0x0, 0x0, 0x0, 0x0, 0x0, 0x0, 0x0,
    0x0, 0x0, 0x0, 0x0, 0xd, 0xb1, 0x0, 0x0,
    0x0, 0x4, 0x82, 0x0, 0x0, 0x0, 0x4f, 0xc0,
    0x0, 0x25, 0x8b, 0xff, 0xfe, 0x10, 0x0, 0x0,
    0xcf, 0x7a, 0xdf, 0xff, 0xff, 0xea, 0x72, 0x0,
    0x0, 0x6, 0xfc, 0xf, 0xec, 0x9a, 0xfa, 0x0,
    0x0, 0x0, 0x0, 0x1e, 0xf5, 0x0, 0x0, 0x4,
    0xfa, 0x0, 0x0, 0x0, 0x0, 0xbf, 0xf3, 0x0,
    0x0, 0x4, 0xfa, 0x0, 0x0, 0x0, 0x8, 0xff,
    0xf3, 0x0, 0x0, 0x4, 0xfa, 0x0, 0x0, 0x0,
    0x7f, 0xfe, 0xf3, 0x0, 0x0, 0x4, 0xfa, 0x0,
    0x0, 0x0, 0x7f, 0x7a, 0xf3, 0xaa, 0xaa, 0xab,
    0xfd, 0xaa, 0xaa, 0xa0, 0x7, 0xa, 0xf3, 0xff,
    0xff, 0xff, 0xff, 0xff, 0xff, 0xf0, 0x0, 0xa,
    0xf3, 0x33, 0x33, 0x36, 0xfb, 0x33, 0x33, 0x30,
    0x0, 0xa, 0xf3, 0x0, 0x0, 0x4, 0xfa, 0x0,
    0x0, 0x0, 0x0, 0xa, 0xf3, 0x0, 0x0, 0x4,
    0xfa, 0x0, 0x0, 0x0, 0x0, 0xa, 0xf3, 0x0,
    0x0, 0x4, 0xfa, 0x0, 0x0, 0x0, 0x0, 0xa,
    0xf3, 0x0, 0x0, 0x4, 0xfa, 0x0, 0x0, 0x0,
    0x0, 0xa, 0xf3, 0x0, 0x0, 0x4, 0xfa, 0x0,
    0x0, 0x0, 0x0, 0xa, 0xf3, 0x2d, 0xdd, 0xde,
    0xff, 0xdd, 0xdd, 0x90, 0x0, 0xa, 0xf3, 0x3f,
    0xff, 0xff, 0xff, 0xff, 0xff, 0xb0, 0x0, 0xa,
    0xf3, 0x0, 0x0, 0x0, 0x0, 0x0, 0x0, 0x0,

    /* U+4F11 "休" */
    0x0, 0x0, 0x4, 0x20, 0x0, 0x2, 0x41, 0x0,
    0x0, 0x0, 0x0, 0x0, 0x1f, 0xf1, 0x0, 0x8,
    0xf4, 0x0, 0x0, 0x0, 0x0, 0x0, 0x8f, 0x80,
    0x0, 0x8, 0xf4, 0x0, 0x0, 0x0, 0x0, 0x2,
    0xfe, 0x10, 0x0, 0x8, 0xf4, 0x0, 0x0, 0x0,
    0x0, 0xb, 0xf7, 0x0, 0x0, 0x8, 0xf4, 0x0,
    0x0, 0x0, 0x0, 0x7f, 0xf2, 0xdd, 0xdd, 0xdf,
    0xfe, 0xdd, 0xdd, 0xc0, 0x4, 0xff, 0xf2, 0xff,
    0xff, 0xff, 0xff, 0xff, 0xff, 0xd0, 0x4f, 0xff,
    0xf2, 0x0, 0x0, 0xaf, 0xff, 0x80, 0x0, 0x0,
    0xaf, 0xbb, 0xf2, 0x0, 0x1, 0xff, 0xff, 0xf1,
    0x0, 0x0, 0x2c, 0xb, 0xf2, 0x0, 0x9, 0xfe,
    0xfb, 0xf8, 0x0, 0x0, 0x0, 0xb, 0xf2, 0x0,
    0x2f, 0xd9, 0xf5, 0xdf, 0x10, 0x0, 0x0, 0xb,
    0xf2, 0x0, 0xbf, 0x48, 0xf4, 0x6f, 0x90, 0x0,
    0x0, 0xb, 0xf2, 0x7, 0xfb, 0x8, 0xf4, 0xd,
    0xf4, 0x0, 0x0, 0xb, 0xf2, 0x4f, 0xf2, 0x8,
    0xf4, 0x4, 0xfe, 0x20, 0x0, 0xb, 0xf6, 0xff,
    0x60, 0x8, 0xf4, 0x0, 0x9f, 0xe2, 0x0, 0xb,
    0xf8, 0xf9, 0x0, 0x8, 0xf4, 0x0, 0xc, 0xd1,
    0x0, 0xb, 0xf2, 0x40, 0x0, 0x8, 0xf4, 0x0,
    0x1, 0x10, 0x0, 0xb, 0xf2, 0x0, 0x0, 0x8,
    0xf4, 0x0, 0x0, 0x0, 0x0, 0xa, 0xf2, 0x0,
    0x0, 0x8, 0xf4, 0x0, 0x0, 0x0,

    /* U+4F1A "会" */
    0x0, 0x0, 0x0, 0x0, 0x3, 0xc5, 0x0, 0x0,
    0x0, 0x0, 0x0, 0x0, 0x0, 0x0, 0x2e, 0xf8,
    0x0, 0x0, 0x0, 0x0, 0x0, 0x0, 0x0, 0x3,
    0xef, 0xff, 0x40, 0x0, 0x0, 0x0, 0x0, 0x0,
    0x0, 0x6f, 0xf8, 0x3e, 0xf8, 0x0, 0x0, 0x0,
    0x0, 0x0, 0x2b, 0xff, 0x50, 0x2, 0xdf, 0xd4,
    0x0, 0x0, 0x0, 0x17, 0xff, 0xe3, 0x0, 0x0,
    0x9, 0xff, 0xc4, 0x0, 0x8, 0xff, 0xfe, 0xdc,
    0xcc, 0xcc, 0xcc, 0xed, 0xff, 0xd3, 0x7, 0xfc,
    0x38, 0xff, 0xff, 0xff, 0xff, 0xe0, 0x5d, 0xb0,
    0x0, 0x30, 0x0, 0x0, 0x0, 0x0, 0x0, 0x0,
    0x0, 0x0, 0x0, 0x0, 0x0, 0x0, 0x0, 0x0,
    0x0, 0x0, 0x0, 0x0, 0x1, 0xee, 0xee, 0xee,
    0xee, 0xee, 0xee, 0xee, 0xee, 0x70, 0x1, 0xff,
    0xff, 0xff, 0xff, 0xff, 0xff, 0xff, 0xff, 0x70,
    0x0, 0x0, 0x0, 0x3f, 0xf6, 0x0, 0x5, 0x20,
    0x0, 0x0, 0x0, 0x0, 0x1, 0xef, 0x70, 0x0,
    0x5f, 0xe1, 0x0, 0x0, 0x0, 0x0, 0x1d, 0xf8,
    0x0, 0x0, 0x7, 0xfd, 0x10, 0x0, 0x0, 0x2,
    0xdf, 0xa1, 0x23, 0x46, 0x78, 0xef, 0xd0, 0x0,
    0x0, 0x2f, 0xff, 0xff, 0xff, 0xff, 0xff, 0xff,
    0xfa, 0x0, 0x0, 0xe, 0xfe, 0xcb, 0xa8, 0x76,
    0x53, 0x22, 0xef, 0x30, 0x0, 0x2, 0x0, 0x0,
    0x0, 0x0, 0x0, 0x0, 0x43, 0x0,

    /* U+4F20 "传" */
    0x0, 0x0, 0x1b, 0x50, 0x0, 0x9, 0x90, 0x0,
    0x0, 0x0, 0x0, 0x0, 0x8f, 0x80, 0x0, 0xf,
    0xd0, 0x0, 0x0, 0x0, 0x0, 0x1, 0xff, 0x1b,
    0xbb, 0xcf, 0xeb, 0xbb, 0xbb, 0x20, 0x0, 0x8,
    0xf9, 0xf, 0xff, 0xff, 0xff, 0xff, 0xff, 0x30,
    0x0, 0x1e, 0xf1, 0x0, 0x0, 0xdf, 0x20, 0x0,
    0x0, 0x0, 0x0, 0xaf, 0xd0, 0x0, 0x1, 0xfd,
    0x0, 0x0, 0x0, 0x0, 0x6, 0xff, 0xd1, 0xcc,
    0xcd, 0xfe, 0xcc, 0xcc, 0xcc, 0xc1, 0x4f, 0xff,
    0xd2, 0xff, 0xff, 0xff, 0xff, 0xff, 0xff, 0xf2,
    0x6f, 0x8f, 0xd0, 0x0, 0xe, 0xf0, 0x0, 0x0,
    0x0, 0x0, 0x8, 0xf, 0xd0, 0x0, 0x3f, 0xb0,
    0x0, 0x0, 0x0, 0x0, 0x0, 0xf, 0xd0, 0x0,
    0x9f, 0xff, 0xff, 0xff, 0xfc, 0x10, 0x0, 0xf,
    0xd0, 0x0, 0xab, 0xbb, 0xbb, 0xcf, 0xf9, 0x0,
    0x0, 0xf, 0xd0, 0x0, 0x0, 0x0, 0x0, 0xaf,
    0xb0, 0x0, 0x0, 0xf, 0xd0, 0x0, 0x0, 0x40,
    0x9, 0xfd, 0x0, 0x0, 0x0, 0xf, 0xd0, 0x0,
    0x7, 0xfd, 0x8f, 0xe1, 0x0, 0x0, 0x0, 0xf,
    0xd0, 0x0, 0x0, 0xaf, 0xff, 0x20, 0x0, 0x0,
    0x0, 0xf, 0xd0, 0x0, 0x0, 0x6, 0xff, 0xb0,
    0x0, 0x0, 0x0, 0xf, 0xd0, 0x0, 0x0, 0x0,
    0x3e, 0xfa, 0x0, 0x0, 0x0, 0xf, 0xd0, 0x0,
    0x0, 0x0, 0x1, 0xc2, 0x0, 0x0, 0x0, 0x0,
    0x0, 0x0, 0x0, 0x0, 0x0, 0x0, 0x0, 0x0,

    /* U+4F26 "伦" */
    0x0, 0x0, 0x0, 0x0, 0x0, 0x0, 0x30, 0x0,
    0x0, 0x0, 0x0, 0x0, 0x4f, 0x80, 0x0, 0x6,
    0xfd, 0x0, 0x0, 0x0, 0x0, 0x0, 0xbf, 0x50,
    0x0, 0x1e, 0xfc, 0x0, 0x0, 0x0, 0x0, 0x3,
    0xfd, 0x0, 0x0, 0xbf, 0xef, 0x90, 0x0, 0x0,
    0x0, 0xa, 0xf6, 0x0, 0x8, 0xfd, 0xb, 0xf7,
    0x0, 0x0, 0x0, 0x3f, 0xe0, 0x0, 0x7f, 0xe2,
    0x1, 0xdf, 0x70, 0x0, 0x0, 0xdf, 0xd0, 0x8,
    0xfe, 0x30, 0x0, 0x2e, 0xf9, 0x0, 0x9, 0xff,
    0xd2, 0xcf, 0xe2, 0x0, 0x0, 0x2, 0xef, 0xd3,
    0x5f, 0xff, 0xd8, 0xfc, 0xbb, 0x0, 0x0, 0x0,
    0x1c, 0xe1, 0x1e, 0x5f, 0xd0, 0x60, 0xdf, 0x0,
    0x0, 0x2a, 0x10, 0x20, 0x2, 0xf, 0xd0, 0x0,
    0xdf, 0x0, 0x19, 0xff, 0xa0, 0x0, 0x0, 0xf,
    0xd0, 0x0, 0xdf, 0x29, 0xff, 0xe7, 0x0, 0x0,
    0x0, 0xf, 0xd0, 0x0, 0xdf, 0xff, 0xe8, 0x10,
    0x0, 0x0, 0x0, 0xf, 0xd0, 0x0, 0xdf, 0xc6,
    0x0, 0x0, 0x0, 0x0, 0x0, 0xf, 0xd0, 0x0,
    0xdf, 0x0, 0x0, 0x0, 0x22, 0x0, 0x0, 0xf,
    0xd0, 0x0, 0xdf, 0x0, 0x0, 0x0, 0x7f, 0x30,
    0x0, 0xf, 0xd0, 0x0, 0xdf, 0x10, 0x0, 0x0,
    0xaf, 0x20, 0x0, 0xf, 0xd0, 0x0, 0xbf, 0xdb,
    0xbb, 0xbc, 0xfe, 0x0, 0x0, 0xf, 0xd0, 0x0,
    0x2c, 0xff, 0xff, 0xff, 0xd4, 0x0,

    /* U+4F46 "但" */
    0x0, 0x0, 0x1d, 0x80, 0x0, 0x0, 0x0, 0x0,
    0x0, 0x0, 0x0, 0x0, 0x7f, 0x93, 0xbb, 0xbb,
    0xbb, 0xbb, 0xb7, 0x0, 0x0, 0x0, 0xef, 0x25,
    0xff, 0xff, 0xff, 0xff, 0xfa, 0x0, 0x0, 0x6,
    0xfb, 0x5, 0xfa, 0x0, 0x0, 0x6, 0xfa, 0x0,
    0x0, 0xe, 0xf4, 0x5, 0xf9, 0x0, 0x0, 0x6,
    0xfa, 0x0, 0x0, 0x8f, 0xf1, 0x5, 0xf9, 0x0,
    0x0, 0x6, 0xfa, 0x0, 0x4, 0xff, 0xf1, 0x5,
    0xfa, 0x0, 0x0, 0x6, 0xfa, 0x0, 0x2e, 0xff,
    0xf1, 0x5, 0xff, 0xff, 0xff, 0xff, 0xfa, 0x0,
    0x6f, 0xcd, 0xf1, 0x5, 0xfe, 0xbb, 0xbb, 0xbd,
    0xfa, 0x0, 0xb, 0x1c, 0xf1, 0x5, 0xf9, 0x0,
    0x0, 0x6, 0xfa, 0x0, 0x0, 0xc, 0xf1, 0x5,
    0xf9, 0x0, 0x0, 0x6, 0xfa, 0x0, 0x0, 0xc,
    0xf1, 0x5, 0xf9, 0x0, 0x0, 0x6, 0xfa, 0x0,
    0x0, 0xc, 0xf1, 0x5, 0xff, 0xff, 0xff, 0xff,
    0xfa, 0x0, 0x0, 0xc, 0xf1, 0x4, 0xcc, 0xcc,
    0xcc, 0xcc, 0xc8, 0x0, 0x0, 0xc, 0xf1, 0x0,
    0x0, 0x0, 0x0, 0x0, 0x0, 0x0, 0x0, 0xc,
    0xf1, 0x0, 0x0, 0x0, 0x0, 0x0, 0x0, 0x0,
    0x0, 0xc, 0xf1, 0xcd, 0xdd, 0xdd, 0xdd, 0xdd,
    0xdd, 0xd2, 0x0, 0xc, 0xf1, 0xef, 0xff, 0xff,
    0xff, 0xff, 0xff, 0xf3, 0x0, 0xc, 0xf1, 0x0,
    0x0, 0x0, 0x0, 0x0, 0x0, 0x0,

    /* U+4F47 "佇" */
    0x0, 0x0, 0x39, 0x30, 0x0, 0x8, 0xc0, 0x0,
    0x0, 0x0, 0x0, 0x0, 0xaf, 0x40, 0x0, 0x8,
    0xf6, 0x0, 0x0, 0x0, 0x0, 0x2, 0xfe, 0x0,
    0x0, 0x2, 0xe7, 0x0, 0x0, 0x0, 0x0, 0x9,
    0xf8, 0x5f, 0xff, 0xff, 0xff, 0xff, 0xff, 0xc0,
    0x0, 0x1f, 0xf1, 0x5f, 0xdb, 0xbb, 0xbb, 0xbb,
    0xbf, 0xc0, 0x0, 0xaf, 0xd0, 0x5f, 0x60, 0x0,
    0x0, 0x0, 0xf, 0xc0, 0x5, 0xff, 0xd0, 0x5f,
    0x60, 0x0, 0x0, 0x0, 0xf, 0xc0, 0x2f, 0xff,
    0xd0, 0x2, 0x10, 0x0, 0x0, 0x0, 0x0, 0x0,
    0x3f, 0xaf, 0xd0, 0x9f, 0xff, 0xff, 0xff, 0xff,
    0xff, 0xf1, 0x7, 0xf, 0xd0, 0x7b, 0xbb, 0xbc,
    0xfe, 0xbb, 0xbb, 0xb0, 0x0, 0xf, 0xd0, 0x0,
    0x0, 0x4, 0xfa, 0x0, 0x0, 0x0, 0x0, 0xf,
    0xd0, 0x0, 0x0, 0x4, 0xfa, 0x0, 0x0, 0x0,
    0x0, 0xf, 0xd0, 0x0, 0x0, 0x4, 0xfa, 0x0,
    0x0, 0x0, 0x0, 0xf, 0xd0, 0x0, 0x0, 0x4,
    0xfa, 0x0, 0x0, 0x0, 0x0, 0xf, 0xd0, 0x0,
    0x0, 0x4, 0xfa, 0x0, 0x0, 0x0, 0x0, 0xf,
    0xd0, 0x0, 0x0, 0x4, 0xfa, 0x0, 0x0, 0x0,
    0x0, 0xf, 0xd0, 0x0, 0x0, 0x4, 0xfa, 0x0,
    0x0, 0x0, 0x0, 0xf, 0xd0, 0x0, 0x6d, 0xde,
    0xf8, 0x0, 0x0, 0x0, 0x0, 0xf, 0xd0, 0x0,
    0x2f, 0xfe, 0xa1, 0x0, 0x0, 0x0, 0x0, 0x1,
    0x10, 0x0, 0x0, 0x0, 0x0, 0x0, 0x0, 0x0,

    /* U+4F4D "位" */
    0x0, 0x0, 0x6, 0x30, 0x0, 0x7, 0xc0, 0x0,
    0x0, 0x0, 0x0, 0x3, 0xfc, 0x0, 0x0, 0xaf,
    0x50, 0x0, 0x0, 0x0, 0x0, 0xbf, 0x50, 0x0,
    0x5, 0xfa, 0x0, 0x0, 0x0, 0x0, 0x3f, 0xd0,
    0x12, 0x22, 0x3c, 0x72, 0x22, 0x20, 0x0, 0xb,
    0xf6, 0xd, 0xff, 0xff, 0xff, 0xff, 0xff, 0x20,
    0x6, 0xff, 0x10, 0x9b, 0xbb, 0xbb, 0xbb, 0xbb,
    0xb1, 0x2, 0xff, 0xf1, 0x0, 0x3, 0x0, 0x0,
    0x5, 0x40, 0x1, 0xdf, 0xff, 0x10, 0x8, 0xf4,
    0x0, 0x0, 0xff, 0x0, 0x4f, 0xcd, 0xf1, 0x0,
    0x5f, 0x70, 0x0, 0x1f, 0xc0, 0x0, 0x91, 0xcf,
    0x10, 0x2, 0xfb, 0x0, 0x4, 0xf9, 0x0, 0x0,
    0xc, 0xf1, 0x0, 0xf, 0xe0, 0x0, 0x7f, 0x60,
    0x0, 0x0, 0xcf, 0x10, 0x0, 0xcf, 0x10, 0x9,
    0xf3, 0x0, 0x0, 0xc, 0xf1, 0x0, 0xa, 0xf3,
    0x0, 0xdf, 0x0, 0x0, 0x0, 0xcf, 0x10, 0x0,
    0x8f, 0x60, 0xf, 0xc0, 0x0, 0x0, 0xc, 0xf1,
    0x0, 0x6, 0xf7, 0x4, 0xf8, 0x0, 0x0, 0x0,
    0xcf, 0x10, 0x0, 0x11, 0x0, 0x8f, 0x40, 0x0,
    0x0, 0xc, 0xf1, 0xaf, 0xff, 0xff, 0xff, 0xff,
    0xff, 0xe0, 0x0, 0xcf, 0x19, 0xdd, 0xdd, 0xdd,
    0xdd, 0xdd, 0xdc, 0x0, 0xc, 0xf1, 0x0, 0x0,
    0x0, 0x0, 0x0, 0x0, 0x0,

    /* U+4F53 "体" */
    0x0, 0x0, 0x24, 0x0, 0x0, 0x3, 0x72, 0x0,
    0x0, 0x0, 0x0, 0x0, 0xbf, 0x50, 0x0, 0x8,
    0xf5, 0x0, 0x0, 0x0, 0x0, 0x2, 0xfd, 0x0,
    0x0, 0x8, 0xf5, 0x0, 0x0, 0x0, 0x0, 0x9,
    0xf6, 0x0, 0x0, 0x8, 0xf5, 0x0, 0x0, 0x0,
    0x0, 0x1f, 0xe0, 0xef, 0xff, 0xff, 0xff, 0xff,
    0xff, 0xf2, 0x0, 0xaf, 0xc0, 0xbc, 0xcc, 0xef,
    0xff, 0xec, 0xcc, 0xc1, 0x5, 0xff, 0xc0, 0x0,
    0x0, 0xdf, 0xff, 0xb0, 0x0, 0x0, 0x3f, 0xff,
    0xc0, 0x0, 0x4, 0xfe, 0xfd, 0xf2, 0x0, 0x0,
    0x3f, 0x9f, 0xc0, 0x0, 0xb, 0xe8, 0xf6, 0xf9,
    0x0, 0x0, 0x7, 0xf, 0xc0, 0x0, 0x4f, 0x78,
    0xf5, 0x9f, 0x20, 0x0, 0x0, 0xf, 0xc0, 0x0,
    0xde, 0x8, 0xf5, 0x2f, 0xb0, 0x0, 0x0, 0xf,
    0xc0, 0x8, 0xf8, 0x8, 0xf5, 0xa, 0xf6, 0x0,
    0x0, 0xf, 0xc0, 0x5f, 0xe0, 0x8, 0xf5, 0x2,
    0xff, 0x30, 0x0, 0xf, 0xc4, 0xff, 0x9a, 0xad,
    0xfc, 0xaa, 0xaf, 0xe3, 0x0, 0xf, 0xc6, 0xf7,
    0x8f, 0xff, 0xff, 0xff, 0x5b, 0xe2, 0x0, 0xf,
    0xc0, 0x40, 0x0, 0x8, 0xf5, 0x0, 0x0, 0x20,
    0x0, 0xf, 0xc0, 0x0, 0x0, 0x8, 0xf5, 0x0,
    0x0, 0x0, 0x0, 0xf, 0xc0, 0x0, 0x0, 0x8,
    0xf5, 0x0, 0x0, 0x0, 0x0, 0xf, 0xc0, 0x0,
    0x0, 0x7, 0xe4, 0x0, 0x0, 0x0,

    /* U+4F55 "何" */
    0x0, 0x0, 0x2b, 0x50, 0x0, 0x0, 0x0, 0x0,
    0x0, 0x0, 0x0, 0x0, 0x9f, 0x70, 0x0, 0x0,
    0x0, 0x0, 0x0, 0x0, 0x0, 0x1, 0xff, 0x4f,
    0xff, 0xff, 0xff, 0xff, 0xff, 0xf2, 0x0, 0x8,
    0xf8, 0x2c, 0xcc, 0xcc, 0xcc, 0xcc, 0xff, 0xc2,
    0x0, 0x1f, 0xf2, 0x0, 0x0, 0x0, 0x0, 0x0,
    0xfc, 0x0, 0x0, 0xbf, 0xf1, 0x0, 0x0, 0x0,
    0x0, 0x0, 0xfc, 0x0, 0x6, 0xff, 0xf1, 0x8,
    0xaa, 0xaa, 0xa7, 0x0, 0xfc, 0x0, 0x3f, 0xff,
    0xf1, 0xc, 0xff, 0xff, 0xfa, 0x0, 0xfc, 0x0,
    0x2f, 0x8d, 0xf1, 0xc, 0xf0, 0x1, 0xfa, 0x0,
    0xfc, 0x0, 0x6, 0xd, 0xf1, 0xc, 0xf0, 0x1,
    0xfa, 0x0, 0xfc, 0x0, 0x0, 0xd, 0xf1, 0xc,
    0xf0, 0x1, 0xfa, 0x0, 0xfc, 0x0, 0x0, 0xd,
    0xf1, 0xc, 0xf0, 0x2, 0xfa, 0x0, 0xfc, 0x0,
    0x0, 0xd, 0xf1, 0xc, 0xff, 0xff, 0xfa, 0x0,
    0xfc, 0x0, 0x0, 0xd, 0xf1, 0xc, 0xf9, 0x99,
    0x96, 0x0, 0xfc, 0x0, 0x0, 0xd, 0xf1, 0x9,
    0xb0, 0x0, 0x0, 0x0, 0xfc, 0x0, 0x0, 0xd,
    0xf1, 0x0, 0x0, 0x0, 0x0, 0x0, 0xfc, 0x0,
    0x0, 0xd, 0xf1, 0x0, 0x0, 0x0, 0x0, 0x1,
    0xfc, 0x0, 0x0, 0xd, 0xf1, 0x0, 0x0, 0x0,
    0xbe, 0xde, 0xfa, 0x0, 0x0, 0xd, 0xf1, 0x0,
    0x0, 0x0, 0x7f, 0xfe, 0xb2, 0x0, 0x0, 0x0,
    0x0, 0x0, 0x0, 0x0, 0x0, 0x0, 0x0, 0x0,

    /* U+4F5C "作" */
    0x0, 0x0, 0xd, 0x90, 0x0, 0xb7, 0x0, 0x0,
    0x0, 0x0, 0x0, 0x0, 0x7f, 0x90, 0x6, 0xfa,
    0x0, 0x0, 0x0, 0x0, 0x0, 0x0, 0xef, 0x20,
    0xc, 0xf3, 0x0, 0x0, 0x0, 0x0, 0x0, 0x6,
    0xfa, 0x0, 0x3f, 0xfc, 0xcc, 0xcc, 0xcc, 0xc0,
    0x0, 0xd, 0xf3, 0x0, 0xaf, 0xff, 0xff, 0xff,
    0xff, 0xf0, 0x0, 0x8f, 0xf1, 0x3, 0xfc, 0xd,
    0xf1, 0x0, 0x0, 0x0, 0x3, 0xff, 0xf1, 0xc,
    0xf3, 0xd, 0xf1, 0x0, 0x0, 0x0, 0x1e, 0xff,
    0xf1, 0x9f, 0xa0, 0xd, 0xf1, 0x0, 0x0, 0x0,
    0x5f, 0xce, 0xf1, 0xae, 0x10, 0xd, 0xff, 0xff,
    0xff, 0x90, 0xa, 0x1d, 0xf1, 0x2, 0x0, 0xd,
    0xfb, 0xaa, 0xaa, 0x60, 0x0, 0xd, 0xf1, 0x0,
    0x0, 0xd, 0xf1, 0x0, 0x0, 0x0, 0x0, 0xd,
    0xf1, 0x0, 0x0, 0xd, 0xf1, 0x0, 0x0, 0x0,
    0x0, 0xd, 0xf1, 0x0, 0x0, 0xd, 0xfd, 0xcc,
    0xcc, 0xa0, 0x0, 0xd, 0xf1, 0x0, 0x0, 0xd,
    0xff, 0xff, 0xff, 0xd0, 0x0, 0xd, 0xf1, 0x0,
    0x0, 0xd, 0xf1, 0x0, 0x0, 0x0, 0x0, 0xd,
    0xf1, 0x0, 0x0, 0xd, 0xf1, 0x0, 0x0, 0x0,
    0x0, 0xd, 0xf1, 0x0, 0x0, 0xd, 0xf1, 0x0,
    0x0, 0x0, 0x0, 0xd, 0xf1, 0x0, 0x0, 0xd,
    0xf1, 0x0, 0x0, 0x0, 0x0, 0xd, 0xf1, 0x0,
    0x0, 0xd, 0xf1, 0x0, 0x0, 0x0,

    /* U+4F7F "使" */
    0x0, 0x0, 0xa, 0x50, 0x0, 0x3, 0x94, 0x0,
    0x0, 0x0, 0x0, 0x0, 0x7f, 0x80, 0x0, 0x5,
    0xf7, 0x0, 0x0, 0x0, 0x0, 0x1, 0xff, 0xac,
    0xcc, 0xcd, 0xfe, 0xcc, 0xcc, 0xc0, 0x0, 0x8,
    0xf9, 0xaf, 0xff, 0xff, 0xff, 0xff, 0xff, 0xf1,
    0x0, 0x2f, 0xf2, 0x0, 0x0, 0x5, 0xf7, 0x0,
    0x0, 0x0, 0x0, 0xcf, 0xf1, 0x18, 0x88, 0x8b,
    0xfc, 0x88, 0x88, 0x40, 0x9, 0xff, 0xf1, 0x3f,
    0xff, 0xff, 0xff, 0xff, 0xff, 0x70, 0x7f, 0xed,
    0xf1, 0x3f, 0x80, 0x6, 0xf8, 0x0, 0x5f, 0x70,
    0x4f, 0x5b, 0xf1, 0x3f, 0x80, 0x5, 0xf7, 0x0,
    0x5f, 0x70, 0x7, 0xb, 0xf1, 0x3f, 0x80, 0x6,
    0xf8, 0x0, 0x5f, 0x70, 0x0, 0xb, 0xf1, 0x3f,
    0xff, 0xff, 0xff, 0xff, 0xff, 0x70, 0x0, 0xb,
    0xf1, 0x18, 0x98, 0x8c, 0xfa, 0x88, 0x88, 0x40,
    0x0, 0xb, 0xf1, 0xd, 0xc0, 0xb, 0xf2, 0x0,
    0x0, 0x0, 0x0, 0xb, 0xf1, 0x6, 0xfa, 0x1f,
    0xe0, 0x0, 0x0, 0x0, 0x0, 0xb, 0xf1, 0x0,
    0x9f, 0xef, 0x80, 0x0, 0x0, 0x0, 0x0, 0xb,
    0xf1, 0x0, 0xc, 0xff, 0xa3, 0x0, 0x0, 0x0,
    0x0, 0xb, 0xf1, 0x4, 0xcf, 0xed, 0xff, 0xd7,
    0x41, 0x0, 0x0, 0xb, 0xf3, 0xef, 0xfb, 0x10,
    0x4b, 0xff, 0xff, 0xe1, 0x0, 0xb, 0xf1, 0x99,
    0x30, 0x0, 0x0, 0x15, 0x8c, 0x70,

    /* U+4F8B "例" */
    0x0, 0x1, 0x30, 0x0, 0x0, 0x0, 0x0, 0x0,
    0x23, 0x0, 0x0, 0x8f, 0x67, 0x77, 0x77, 0x76,
    0x0, 0x9, 0xf2, 0x0, 0xd, 0xf2, 0xff, 0xff,
    0xff, 0xd3, 0x60, 0x9f, 0x20, 0x3, 0xf9, 0x2,
    0x7f, 0x82, 0x21, 0x8f, 0x9, 0xf2, 0x0, 0x9f,
    0x30, 0x9, 0xf3, 0x0, 0x8, 0xf0, 0x9f, 0x20,
    0x2f, 0xf1, 0x0, 0xef, 0x33, 0x30, 0x8f, 0x9,
    0xf2, 0xb, 0xff, 0x10, 0x2f, 0xff, 0xff, 0x78,
    0xf0, 0x9f, 0x26, 0xff, 0xf1, 0x7, 0xfb, 0x8b,
    0xf4, 0x8f, 0x9, 0xf2, 0x6f, 0xcf, 0x10, 0xef,
    0x10, 0x8f, 0x28, 0xf0, 0x9f, 0x20, 0x6a, 0xf1,
    0x6f, 0xa0, 0xc, 0xf0, 0x8f, 0x9, 0xf2, 0x0,
    0xaf, 0x3e, 0xf5, 0x50, 0xfc, 0x8, 0xf0, 0x9f,
    0x20, 0xa, 0xf2, 0x99, 0xbf, 0xbf, 0x70, 0x8f,
    0x9, 0xf2, 0x0, 0xaf, 0x10, 0x1, 0xdf, 0xf2,
    0x8, 0xf0, 0x9f, 0x20, 0xa, 0xf1, 0x0, 0x3,
    0xfd, 0x0, 0x7e, 0x9, 0xf2, 0x0, 0xaf, 0x10,
    0x0, 0xbf, 0x60, 0x0, 0x0, 0x9f, 0x20, 0xa,
    0xf1, 0x0, 0x4f, 0xd0, 0x0, 0x0, 0x9, 0xf2,
    0x0, 0xaf, 0x10, 0x3e, 0xf4, 0x0, 0x0, 0x0,
    0xaf, 0x20, 0xa, 0xf1, 0x2f, 0xf8, 0x0, 0x0,
    0x3c, 0xcf, 0xf0, 0x0, 0xaf, 0x10, 0xb8, 0x0,
    0x0, 0x0, 0xff, 0xd7, 0x0, 0x1, 0x10, 0x0,
    0x0, 0x0, 0x0, 0x0, 0x0, 0x0,

    /* U+4FDD "保" */
    0x0, 0x0, 0xa, 0x60, 0x0, 0x0, 0x0, 0x0,
    0x0, 0x0, 0x0, 0x0, 0x6f, 0xa6, 0xff, 0xff,
    0xff, 0xff, 0xff, 0x0, 0x0, 0x0, 0xef, 0x26,
    0xfc, 0xbb, 0xbb, 0xbb, 0xff, 0x0, 0x0, 0x6,
    0xfb, 0x6, 0xf5, 0x0, 0x0, 0x0, 0xdf, 0x0,
    0x0, 0xe, 0xf3, 0x6, 0xf5, 0x0, 0x0, 0x0,
    0xdf, 0x0, 0x0, 0x9f, 0xf1, 0x6, 0xf6, 0x0,
    0x0, 0x0, 0xdf, 0x0, 0x5, 0xff, 0xf1, 0x6,
    0xff, 0xff, 0xff, 0xff, 0xff, 0x0, 0x4f, 0xff,
    0xf1, 0x4, 0xaa, 0xab, 0xfe, 0xaa, 0xaa, 0x0,
    0x5f, 0x8b, 0xf1, 0x0, 0x0, 0x4, 0xfa, 0x0,
    0x0, 0x0, 0x8, 0xb, 0xf1, 0x0, 0x0, 0x4,
    0xfa, 0x0, 0x0, 0x0, 0x0, 0xb, 0xf1, 0xdf,
    0xff, 0xff, 0xff, 0xff, 0xff, 0xf1, 0x0, 0xb,
    0xf1, 0x9a, 0xaa, 0xcf, 0xff, 0xea, 0xaa, 0xa0,
    0x0, 0xb, 0xf1, 0x0, 0x1, 0xdf, 0xff, 0xf4,
    0x0, 0x0, 0x0, 0xb, 0xf1, 0x0, 0xc, 0xfb,
    0xfb, 0xef, 0x20, 0x0, 0x0, 0xb, 0xf1, 0x0,
    0xaf, 0xa4, 0xfa, 0x4f, 0xd1, 0x0, 0x0, 0xb,
    0xf1, 0x1b, 0xfd, 0x4, 0xfa, 0x8, 0xfd, 0x20,
    0x0, 0xb, 0xf4, 0xef, 0xc1, 0x4, 0xfa, 0x0,
    0x9f, 0xf4, 0x0, 0xb, 0xf1, 0xb9, 0x0, 0x4,
    0xfa, 0x0, 0x7, 0xd0, 0x0, 0xb, 0xe1, 0x0,
    0x0, 0x4, 0xfa, 0x0, 0x0, 0x0,

    /* U+4FE1 "信" */
    0x0, 0x0, 0x29, 0x30, 0x0, 0x8, 0x80, 0x0,
    0x0, 0x0, 0x0, 0x0, 0x9f, 0x40, 0x0, 0xd,
    0xf3, 0x0, 0x0, 0x0, 0x0, 0x1, 0xfd, 0x0,
    0x0, 0x4, 0xfa, 0x0, 0x0, 0x0, 0x0, 0x8,
    0xf7, 0x79, 0x99, 0x99, 0xea, 0x99, 0x99, 0x90,
    0x0, 0xe, 0xf1, 0xbf, 0xff, 0xff, 0xff, 0xff,
    0xff, 0xf0, 0x0, 0x8f, 0xf0, 0x0, 0x0, 0x0,
    0x0, 0x0, 0x0, 0x0, 0x3, 0xff, 0xf0, 0x3,
    0x88, 0x88, 0x88, 0x88, 0x84, 0x0, 0x1e, 0xff,
    0xf0, 0x5, 0xff, 0xff, 0xff, 0xff, 0xf8, 0x0,
    0x3f, 0x9b, 0xf0, 0x0, 0x0, 0x0, 0x0, 0x0,
    0x0, 0x0, 0x5, 0xb, 0xf0, 0x5, 0xff, 0xff,
    0xff, 0xff, 0xf8, 0x0, 0x0, 0xb, 0xf0, 0x3,
    0x88, 0x88, 0x88, 0x88, 0x84, 0x0, 0x0, 0xb,
    0xf0, 0x0, 0x0, 0x0, 0x0, 0x0, 0x0, 0x0,
    0x0, 0xb, 0xf0, 0x9, 0xff, 0xff, 0xff, 0xff,
    0xfb, 0x0, 0x0, 0xb, 0xf0, 0x9, 0xf9, 0x99,
    0x99, 0x99, 0xfc, 0x0, 0x0, 0xb, 0xf0, 0x9,
    0xf0, 0x0, 0x0, 0x0, 0xec, 0x0, 0x0, 0xb,
    0xf0, 0x9, 0xf0, 0x0, 0x0, 0x0, 0xec, 0x0,
    0x0, 0xb, 0xf0, 0x9, 0xf9, 0x99, 0x99, 0x99,
    0xfc, 0x0, 0x0, 0xb, 0xf0, 0x9, 0xff, 0xff,
    0xff, 0xff, 0xfc, 0x0, 0x0, 0xb, 0xf0, 0x9,
    0xf0, 0x0, 0x0, 0x0, 0xdb, 0x0, 0x0, 0x0,
    0x10, 0x0, 0x0, 0x0, 0x0, 0x0, 0x0, 0x0,

    /* U+500B "個" */
    0x0, 0x0, 0x67, 0x10, 0x0, 0x0, 0x0, 0x0,
    0x0, 0x0, 0x0, 0xe, 0xf2, 0xbb, 0xbb, 0xbb,
    0xbb, 0xbb, 0xb8, 0x0, 0x5, 0xf9, 0x1f, 0xff,
    0xff, 0xff, 0xff, 0xff, 0xb0, 0x0, 0xcf, 0x31,
    0xfa, 0x0, 0x8, 0x30, 0x1, 0xfb, 0x0, 0x4f,
    0xc0, 0x1f, 0xa0, 0x0, 0xf6, 0x0, 0x1f, 0xb0,
    0xd, 0xfb, 0x1, 0xfa, 0x45, 0x6f, 0xa5, 0x52,
    0xfb, 0x8, 0xff, 0xb0, 0x1f, 0xab, 0xff, 0xff,
    0xff, 0x5f, 0xb4, 0xff, 0xfb, 0x1, 0xfa, 0x0,
    0x1f, 0x70, 0x1, 0xfb, 0x7f, 0x7f, 0xb0, 0x1f,
    0xa0, 0x0, 0xf6, 0x0, 0x1f, 0xb0, 0x91, 0xfb,
    0x1, 0xfa, 0xf, 0xff, 0xff, 0x81, 0xfb, 0x0,
    0x1f, 0xb0, 0x1f, 0xa0, 0xf9, 0x55, 0xf8, 0x1f,
    0xb0, 0x1, 0xfb, 0x1, 0xfa, 0xf, 0x50, 0xe,
    0x81, 0xfb, 0x0, 0x1f, 0xb0, 0x1f, 0xa0, 0xf5,
    0x0, 0xe8, 0x1f, 0xb0, 0x1, 0xfb, 0x1, 0xfa,
    0xf, 0xff, 0xff, 0x81, 0xfb, 0x0, 0x1f, 0xb0,
    0x1f, 0xa0, 0x66, 0x66, 0x63, 0x1f, 0xb0, 0x1,
    0xfb, 0x1, 0xfa, 0x0, 0x0, 0x0, 0x1, 0xfb,
    0x0, 0x1f, 0xb0, 0x1f, 0xff, 0xff, 0xff, 0xff,
    0xff, 0xb0, 0x1, 0xfb, 0x1, 0xfe, 0x99, 0x99,
    0x99, 0x9a, 0xfb, 0x0, 0x1f, 0xb0, 0x1f, 0xa0,
    0x0, 0x0, 0x0, 0x1d, 0x90, 0x0, 0x0, 0x0,
    0x0, 0x0, 0x0, 0x0, 0x0, 0x0,

    /* U+5019 "候" */
    0x0, 0x0, 0x68, 0x10, 0x0, 0x0, 0x0, 0x0,
    0x0, 0x0, 0x0, 0x0, 0xdf, 0x10, 0x8, 0xff,
    0xff, 0xff, 0xf9, 0x0, 0x0, 0x3, 0xfb, 0x0,
    0x5, 0x99, 0x99, 0x9b, 0xf7, 0x0, 0x0, 0x9,
    0xf5, 0x0, 0x0, 0x0, 0x0, 0x6, 0xf5, 0x0,
    0x0, 0xf, 0xf0, 0x75, 0x11, 0x11, 0x11, 0x19,
    0xf5, 0x10, 0x0, 0x7f, 0xb0, 0xeb, 0x9f, 0xff,
    0xff, 0xff, 0xff, 0xf3, 0x1, 0xef, 0xb0, 0xeb,
    0x47, 0xbb, 0x77, 0x77, 0x77, 0x71, 0xa, 0xff,
    0xb0, 0xeb, 0x0, 0xdf, 0x10, 0x0, 0x0, 0x0,
    0x1f, 0xff, 0xb0, 0xeb, 0x3, 0xff, 0xbb, 0xbb,
    0xbb, 0x80, 0xb, 0x6f, 0xb0, 0xeb, 0xc, 0xfd,
    0xdf, 0xfd, 0xdd, 0x90, 0x1, 0x1f, 0xb0, 0xeb,
    0x8f, 0x90, 0xf, 0xd0, 0x0, 0x0, 0x0, 0x1f,
    0xb0, 0xeb, 0x2a, 0x0, 0xf, 0xd0, 0x0, 0x0,
    0x0, 0x1f, 0xb0, 0xeb, 0x7d, 0xdd, 0xdf, 0xfd,
    0xdd, 0xd4, 0x0, 0x1f, 0xb0, 0xeb, 0x6b, 0xbb,
    0xdf, 0xfc, 0xbb, 0xb3, 0x0, 0x1f, 0xb0, 0xeb,
    0x0, 0x0, 0xaf, 0xf7, 0x0, 0x0, 0x0, 0x1f,
    0xb0, 0x0, 0x0, 0x7, 0xfc, 0xdf, 0x40, 0x0,
    0x0, 0x1f, 0xb0, 0x0, 0x2, 0xbf, 0xd2, 0x2f,
    0xf9, 0x20, 0x0, 0x1f, 0xb0, 0x1, 0xbf, 0xfb,
    0x10, 0x3, 0xdf, 0xf5, 0x0, 0x1f, 0xb0, 0x0,
    0x8b, 0x40, 0x0, 0x0, 0x6, 0xa0,

    /* U+502B "倫" */
    0x0, 0x0, 0x0, 0x0, 0x0, 0x0, 0x0, 0x0,
    0x0, 0x0, 0x0, 0x0, 0x3d, 0x60, 0x0, 0x4,
    0xe4, 0x0, 0x0, 0x0, 0x0, 0x0, 0xaf, 0x60,
    0x0, 0x1e, 0xfa, 0x0, 0x0, 0x0, 0x0, 0x1,
    0xfe, 0x0, 0x1, 0xdf, 0xdf, 0x90, 0x0, 0x0,
    0x0, 0x8, 0xf7, 0x0, 0x3e, 0xf8, 0xb, 0xfb,
    0x0, 0x0, 0x0, 0x1f, 0xf0, 0x7, 0xff, 0x80,
    0x0, 0xbf, 0xe5, 0x0, 0x0, 0xaf, 0xb4, 0xdf,
    0xfe, 0x88, 0x88, 0x9f, 0xff, 0xd3, 0x4, 0xff,
    0xb1, 0xee, 0xbf, 0xff, 0xff, 0xff, 0xae, 0xc0,
    0x2f, 0xff, 0xb0, 0x20, 0x0, 0x0, 0x0, 0x0,
    0x0, 0x10, 0x3f, 0xcf, 0xb0, 0x0, 0x0, 0x0,
    0x0, 0x0, 0x0, 0x0, 0x9, 0x2f, 0xb0, 0x1f,
    0xff, 0xff, 0xff, 0xff, 0xff, 0x0, 0x0, 0x1f,
    0xb0, 0x1f, 0xd9, 0xfc, 0x9f, 0xc9, 0xdf, 0x0,
    0x0, 0x1f, 0xb0, 0x1f, 0xa0, 0xe8, 0xe, 0x80,
    0xbf, 0x0, 0x0, 0x1f, 0xb0, 0x1f, 0xa0, 0xe8,
    0xe, 0x90, 0xbf, 0x0, 0x0, 0x1f, 0xb0, 0x1f,
    0xff, 0xff, 0xff, 0xff, 0xff, 0x0, 0x0, 0x1f,
    0xb0, 0x1f, 0xd8, 0xfc, 0x8f, 0xc8, 0xdf, 0x0,
    0x0, 0x1f, 0xb0, 0x1f, 0xa0, 0xe8, 0xe, 0x80,
    0xbf, 0x0, 0x0, 0x1f, 0xb0, 0x1f, 0xa0, 0xe8,
    0xe, 0x80, 0xbf, 0x0, 0x0, 0x1f, 0xb0, 0x1f,
    0xa0, 0xe8, 0xe, 0x88, 0xef, 0x0, 0x0, 0x1f,
    0xb0, 0x1f, 0xa0, 0xe8, 0xe, 0x8b, 0xf9, 0x0,
    0x0, 0x0, 0x0, 0x0, 0x0, 0x0, 0x0, 0x0,
    0x0, 0x0,

    /* U+505C "停" */
    0x0, 0x0, 0x0, 0x0, 0x0, 0x0, 0x10, 0x0,
    0x0, 0x0, 0x0, 0x0, 0x4e, 0x50, 0x0, 0x6,
    0xf7, 0x0, 0x0, 0x0, 0x0, 0x0, 0xbf, 0x76,
    0x66, 0x67, 0xff, 0x66, 0x66, 0x61, 0x0, 0x2,
    0xfc, 0x8f, 0xff, 0xff, 0xff, 0xff, 0xff, 0xf4,
    0x0, 0x9, 0xf5, 0x12, 0x22, 0x22, 0x22, 0x22,
    0x22, 0x20, 0x0, 0x1f, 0xe0, 0x2, 0xee, 0xee,
    0xee, 0xee, 0xea, 0x0, 0x0, 0xaf, 0xb0, 0x2,
    0xfc, 0x66, 0x66, 0x67, 0xfb, 0x0, 0x5, 0xff,
    0xb0, 0x2, 0xfa, 0x0, 0x0, 0x1, 0xfb, 0x0,
    0x2f, 0xff, 0xb0, 0x2, 0xff, 0xff, 0xff, 0xff,
    0xfb, 0x0, 0x2f, 0xaf, 0xb0, 0x0, 0x55, 0x55,
    0x55, 0x55, 0x54, 0x0, 0x7, 0xf, 0xb0, 0x89,
    0x99, 0x99, 0x99, 0x99, 0x99, 0x93, 0x0, 0xf,
    0xb0, 0xef, 0xff, 0xff, 0xff, 0xff, 0xff, 0xf5,
    0x0, 0xf, 0xb0, 0xeb, 0x0, 0x0, 0x0, 0x0,
    0x5, 0xf5, 0x0, 0xf, 0xb0, 0xc9, 0xff, 0xff,
    0xff, 0xff, 0xfa, 0xd4, 0x0, 0xf, 0xb0, 0x0,
    0x88, 0x89, 0xfe, 0x88, 0x83, 0x0, 0x0, 0xf,
    0xb0, 0x0, 0x0, 0x1, 0xfc, 0x0, 0x0, 0x0,
    0x0, 0xf, 0xb0, 0x0, 0x0, 0x1, 0xfc, 0x0,
    0x0, 0x0, 0x0, 0xf, 0xb0, 0x0, 0x0, 0x1,
    0xfc, 0x0, 0x0, 0x0, 0x0, 0xf, 0xb0, 0x0,
    0x9, 0x9a, 0xfb, 0x0, 0x0, 0x0, 0x0, 0xf,
    0xb0, 0x0, 0xb, 0xff, 0xc3, 0x0, 0x0, 0x0,
    0x0, 0x0, 0x0, 0x0, 0x0, 0x0, 0x0, 0x0,
    0x0, 0x0,

    /* U+5075 "偵" */
    0x0, 0x0, 0x9, 0x40, 0x0, 0x9, 0xd3, 0x0,
    0x0, 0x0, 0x0, 0x0, 0x7f, 0x90, 0x0, 0xa,
    0xf4, 0x0, 0x0, 0x0, 0x0, 0x0, 0xef, 0x20,
    0x0, 0xa, 0xff, 0xff, 0xff, 0x90, 0x0, 0x7,
    0xfa, 0x0, 0x0, 0xa, 0xfa, 0x88, 0x88, 0x50,
    0x0, 0x1e, 0xf3, 0x2, 0x33, 0x3c, 0xf6, 0x33,
    0x32, 0x0, 0x0, 0xbf, 0xf1, 0xb, 0xff, 0xff,
    0xff, 0xff, 0xfe, 0x0, 0x7, 0xff, 0xf1, 0xb,
    0xf4, 0x33, 0x33, 0x33, 0xfe, 0x0, 0x6f, 0xfe,
    0xf1, 0xb, 0xf6, 0x55, 0x55, 0x55, 0xfe, 0x0,
    0x6f, 0x6b, 0xf1, 0xb, 0xff, 0xff, 0xff, 0xff,
    0xfe, 0x0, 0x7, 0xb, 0xf1, 0xb, 0xf1, 0x0,
    0x0, 0x0, 0xfe, 0x0, 0x0, 0xb, 0xf1, 0xb,
    0xf7, 0x66, 0x66, 0x66, 0xfe, 0x0, 0x0, 0xb,
    0xf1, 0xb, 0xff, 0xff, 0xff, 0xff, 0xfe, 0x0,
    0x0, 0xb, 0xf1, 0xb, 0xf1, 0x0, 0x0, 0x0,
    0xfe, 0x0, 0x0, 0xb, 0xf1, 0xb, 0xff, 0xff,
    0xff, 0xff, 0xfe, 0x0, 0x0, 0xb, 0xf1, 0x5,
    0x77, 0x77, 0x77, 0x78, 0x77, 0x0, 0x0, 0xb,
    0xf1, 0x0, 0x1c, 0xb3, 0x1, 0xae, 0x30, 0x0,
    0x0, 0xb, 0xf1, 0x4, 0xef, 0xa0, 0x0, 0x9f,
    0xf6, 0x0, 0x0, 0xb, 0xf2, 0xbf, 0xf9, 0x0,
    0x0, 0x5, 0xff, 0x80, 0x0, 0xb, 0xf1, 0x7e,
    0x50, 0x0, 0x0, 0x0, 0x3d, 0x60, 0x0, 0x0,
    0x0, 0x0, 0x0, 0x0, 0x0, 0x0, 0x0, 0x0,

    /* U+5099 "備" */
    0x0, 0x0, 0x99, 0x10, 0x8, 0xd2, 0x0, 0xbd,
    0x0, 0x0, 0x0, 0x1, 0xfe, 0x0, 0xa, 0xf3,
    0x0, 0xdf, 0x0, 0x0, 0x0, 0x6, 0xf8, 0x8f,
    0xff, 0xff, 0xff, 0xff, 0xff, 0x90, 0x0, 0xc,
    0xf2, 0x6b, 0xbe, 0xfc, 0xbb, 0xff, 0xbb, 0x60,
    0x0, 0x3f, 0xd0, 0x0, 0x9, 0xf3, 0x0, 0xdf,
    0x0, 0x0, 0x0, 0xbf, 0xb1, 0xaa, 0xae, 0xfc,
    0xaa, 0xff, 0xaa, 0xa0, 0x5, 0xff, 0xb2, 0xff,
    0xff, 0xff, 0xff, 0xff, 0xff, 0xf0, 0x1e, 0xff,
    0xb0, 0x2, 0xef, 0x30, 0x0, 0x0, 0x0, 0x0,
    0x3f, 0xbf, 0xb0, 0x1d, 0xfe, 0x88, 0x88, 0x88,
    0x88, 0x20, 0x9, 0x2f, 0xb4, 0xef, 0xff, 0xff,
    0xff, 0xff, 0xff, 0x40, 0x0, 0x1f, 0xce, 0xff,
    0xf4, 0x0, 0xfb, 0x0, 0x8f, 0x40, 0x0, 0x1f,
    0xb4, 0x79, 0xf9, 0x77, 0xfd, 0x77, 0xbf, 0x40,
    0x0, 0x1f, 0xb0, 0x8, 0xff, 0xff, 0xff, 0xff,
    0xff, 0x40, 0x0, 0x1f, 0xb0, 0x8, 0xf4, 0x0,
    0xfb, 0x0, 0x8f, 0x40, 0x0, 0x1f, 0xb0, 0x8,
    0xff, 0xff, 0xff, 0xff, 0xff, 0x40, 0x0, 0x1f,
    0xb0, 0x8, 0xf9, 0x77, 0xfd, 0x77, 0xbf, 0x40,
    0x0, 0x1f, 0xb0, 0x8, 0xf4, 0x0, 0xfb, 0x0,
    0x8f, 0x40, 0x0, 0x1f, 0xb0, 0x8, 0xf4, 0x0,
    0xfb, 0x8, 0xdf, 0x30, 0x0, 0x1f, 0xb0, 0x8,
    0xf4, 0x0, 0xfb, 0xb, 0xea, 0x0,

    /* U+50B3 "傳" */
    0x0, 0x0, 0x19, 0x30, 0x0, 0x1, 0x96, 0x0,
    0x0, 0x0, 0x0, 0x0, 0x8f, 0xc5, 0x55, 0x57,
    0xfc, 0x55, 0x55, 0x50, 0x0, 0x1, 0xff, 0xbf,
    0xff, 0xff, 0xff, 0xff, 0xff, 0xf1, 0x0, 0x9,
    0xf9, 0x0, 0x0, 0x3, 0xfa, 0x0, 0x0, 0x0,
    0x0, 0x2f, 0xf1, 0xc, 0xff, 0xff, 0xff, 0xff,
    0xff, 0x50, 0x0, 0xcf, 0xd0, 0xc, 0xf0, 0x3,
    0xfa, 0x0, 0x7f, 0x50, 0x9, 0xff, 0xd0, 0xc,
    0xfe, 0xef, 0xff, 0xee, 0xff, 0x50, 0x7f, 0xff,
    0xd0, 0xc, 0xf0, 0x3, 0xfa, 0x0, 0x7f, 0x50,
    0x5f, 0x5f, 0xd0, 0xc, 0xff, 0xff, 0xff, 0xff,
    0xff, 0x50, 0x6, 0xf, 0xd0, 0x1, 0x22, 0x25,
    0xfb, 0x29, 0xfa, 0x0, 0x0, 0xf, 0xd0, 0x46,
    0x67, 0x79, 0xfd, 0x89, 0xff, 0x70, 0x0, 0xf,
    0xd0, 0x9f, 0xff, 0xfe, 0xed, 0xef, 0xed, 0xf2,
    0x0, 0xf, 0xd0, 0x22, 0x22, 0x22, 0x22, 0x5f,
    0xa3, 0x60, 0x0, 0xf, 0xd1, 0xff, 0xff, 0xff,
    0xff, 0xff, 0xff, 0xf4, 0x0, 0xf, 0xd0, 0x45,
    0xad, 0x54, 0x44, 0x7f, 0xb4, 0x41, 0x0, 0xf,
    0xd0, 0x0, 0xbf, 0x90, 0x0, 0x3f, 0x90, 0x0,
    0x0, 0xf, 0xd0, 0x0, 0xc, 0xf6, 0x0, 0x3f,
    0x90, 0x0, 0x0, 0xf, 0xd0, 0x0, 0x2, 0xd4,
    0x88, 0xaf, 0x80, 0x0, 0x0, 0xf, 0xd0, 0x0,
    0x0, 0x0, 0xbf, 0xfc, 0x20, 0x0, 0x0, 0x0,
    0x0, 0x0, 0x0, 0x0, 0x0, 0x0, 0x0, 0x0,

    /* U+50C5 "僅" */
    0x0, 0x0, 0x39, 0x30, 0x1d, 0x90, 0x0, 0x6d,
    0x50, 0x0, 0x0, 0x0, 0xbf, 0x62, 0x3f, 0xb2,
    0x22, 0x8f, 0x72, 0x20, 0x0, 0x2, 0xfe, 0xaf,
    0xff, 0xff, 0xff, 0xff, 0xff, 0xf0, 0x0, 0xa,
    0xf7, 0x24, 0x5f, 0xc4, 0x44, 0x9f, 0x84, 0x40,
    0x0, 0x2f, 0xf1, 0x0, 0x1f, 0xd7, 0x77, 0xbf,
    0x60, 0x0, 0x0, 0xbf, 0xd0, 0x0, 0x1c, 0xcd,
    0xfe, 0xcc, 0x40, 0x0, 0x7, 0xff, 0xd0, 0x4,
    0x55, 0x58, 0xfa, 0x55, 0x55, 0x0, 0x4f, 0xff,
    0xd0, 0xd, 0xff, 0xff, 0xff, 0xff, 0xff, 0x20,
    0x7f, 0x8f, 0xd0, 0xd, 0xe0, 0x5, 0xf8, 0x0,
    0xaf, 0x20, 0xa, 0xf, 0xd0, 0xd, 0xe5, 0x58,
    0xfa, 0x55, 0xcf, 0x20, 0x0, 0xf, 0xd0, 0xc,
    0xff, 0xff, 0xff, 0xff, 0xff, 0x20, 0x0, 0xf,
    0xd0, 0x2, 0x22, 0x27, 0xf9, 0x22, 0x22, 0x10,
    0x0, 0xf, 0xd0, 0x1f, 0xff, 0xff, 0xff, 0xff,
    0xff, 0x60, 0x0, 0xf, 0xd0, 0x0, 0x0, 0x6,
    0xf8, 0x0, 0x0, 0x0, 0x0, 0xf, 0xd0, 0xa,
    0xee, 0xef, 0xff, 0xee, 0xee, 0x0, 0x0, 0xf,
    0xd0, 0x5, 0x77, 0x7a, 0xfb, 0x77, 0x77, 0x0,
    0x0, 0xf, 0xd0, 0x0, 0x0, 0x5, 0xf8, 0x0,
    0x0, 0x0, 0x0, 0xf, 0xd0, 0x66, 0x66, 0x69,
    0xfb, 0x66, 0x66, 0x60, 0x0, 0xf, 0xd0, 0xef,
    0xff, 0xff, 0xff, 0xff, 0xff, 0xf1,

    /* U+50CF "像" */
    0x0, 0x0, 0x3a, 0x30, 0x9, 0xb1, 0x0, 0x0,
    0x0, 0x0, 0x0, 0x0, 0xaf, 0x60, 0x3f, 0xe7,
    0x77, 0x60, 0x0, 0x0, 0x0, 0x1, 0xfe, 0x0,
    0xdf, 0xff, 0xff, 0xf5, 0x0, 0x0, 0x0, 0x8,
    0xf8, 0xb, 0xf5, 0x0, 0x3f, 0xb0, 0x0, 0x0,
    0x0, 0x1e, 0xf2, 0xaf, 0xe7, 0x66, 0xdf, 0x96,
    0x66, 0x0, 0x0, 0x9f, 0xda, 0xff, 0xff, 0xff,
    0xff, 0xff, 0xff, 0x0, 0x4, 0xff, 0xc1, 0x7e,
    0xc0, 0x4, 0xf4, 0x0, 0xaf, 0x0, 0x1e, 0xff,
    0xc0, 0xe, 0xd6, 0x6c, 0xf7, 0x66, 0xdf, 0x0,
    0x4f, 0xbf, 0xc0, 0xe, 0xff, 0xff, 0xff, 0xff,
    0xff, 0x0, 0xa, 0x1f, 0xc0, 0x0, 0x2c, 0xfe,
    0x0, 0x0, 0x1, 0x0, 0x0, 0xf, 0xc0, 0x3a,
    0xff, 0x8f, 0xb0, 0x4, 0xee, 0x10, 0x0, 0xf,
    0xc1, 0xee, 0x81, 0x4e, 0xf8, 0xaf, 0xe5, 0x0,
    0x0, 0xf, 0xc0, 0x10, 0x2a, 0xf8, 0xdf, 0xef,
    0x80, 0x0, 0x0, 0xf, 0xc0, 0x5b, 0xfd, 0x33,
    0xef, 0x2b, 0xf1, 0x0, 0x0, 0xf, 0xc0, 0xcd,
    0x50, 0x6f, 0xff, 0x53, 0xf9, 0x0, 0x0, 0xf,
    0xc0, 0x0, 0x5d, 0xf8, 0x6f, 0x50, 0xcf, 0x60,
    0x0, 0xf, 0xc1, 0x8e, 0xfd, 0x30, 0x8f, 0x40,
    0x2f, 0xf3, 0x0, 0xf, 0xc1, 0xed, 0x50, 0x9a,
    0xfe, 0x0, 0x3, 0x80, 0x0, 0xf, 0xc0, 0x10,
    0x0, 0xaf, 0xd4, 0x0, 0x0, 0x0,

    /* U+5132 "儲" */
    0x0, 0x2, 0x93, 0x5, 0x0, 0x0, 0x9, 0x80,
    0x0, 0x0, 0x0, 0x7, 0xf5, 0x1f, 0x90, 0x0,
    0xd, 0xb0, 0xb, 0xd0, 0x0, 0xd, 0xe0, 0x6,
    0xf1, 0x7, 0x9e, 0xe9, 0x6f, 0x80, 0x0, 0x3f,
    0x92, 0x45, 0x64, 0x4a, 0xef, 0xfe, 0xdf, 0x10,
    0x0, 0x9f, 0x39, 0xff, 0xff, 0xe0, 0xd, 0xb1,
    0xea, 0x0, 0x2, 0xff, 0x11, 0x22, 0x22, 0x20,
    0xd, 0xb8, 0xf3, 0x0, 0xa, 0xff, 0x10, 0x77,
    0x77, 0x4b, 0xbf, 0xef, 0xfb, 0xb3, 0x5f, 0xff,
    0x10, 0xff, 0xff, 0x8d, 0xde, 0xff, 0xdd, 0xd3,
    0x8f, 0xcf, 0x10, 0x0, 0x0, 0x0, 0xc, 0xf5,
    0x0, 0x0, 0x18, 0x8f, 0x10, 0xee, 0xee, 0x81,
    0xcf, 0xd7, 0x77, 0x40, 0x0, 0x8f, 0x10, 0x88,
    0x88, 0x9e, 0xff, 0xff, 0xff, 0x90, 0x0, 0x8f,
    0x10, 0x0, 0x0, 0x7f, 0xbf, 0x40, 0x1f, 0x90,
    0x0, 0x8f, 0x14, 0xff, 0xff, 0xc2, 0x5f, 0x40,
    0x1f, 0x90, 0x0, 0x8f, 0x14, 0xfa, 0x8e, 0xc0,
    0x5f, 0xff, 0xff, 0x90, 0x0, 0x8f, 0x14, 0xf2,
    0xc, 0xc0, 0x5f, 0x97, 0x7f, 0x90, 0x0, 0x8f,
    0x14, 0xf3, 0xc, 0xc0, 0x5f, 0x40, 0x1f, 0x90,
    0x0, 0x8f, 0x14, 0xff, 0xff, 0xc0, 0x5f, 0xb9,
    0xaf, 0x90, 0x0, 0x8f, 0x14, 0xf8, 0x6d, 0xc0,
    0x5f, 0xff, 0xff, 0x90, 0x0, 0x8f, 0x13, 0xc2,
    0x1, 0x10, 0x5f, 0x40, 0x1d, 0x80,

    /* U+5143 "元" */
    0x0, 0x2, 0x22, 0x22, 0x22, 0x22, 0x22, 0x22,
    0x20, 0x0, 0x0, 0x1f, 0xff, 0xff, 0xff, 0xff,
    0xff, 0xff, 0xf2, 0x0, 0x0, 0xa, 0xaa, 0xaa,
    0xaa, 0xaa, 0xaa, 0xaa, 0xa1, 0x0, 0x0, 0x0,
    0x0, 0x0, 0x0, 0x0, 0x0, 0x0, 0x0, 0x0,
    0x0, 0x0, 0x0, 0x0, 0x0, 0x0, 0x0, 0x0,
    0x0, 0x0, 0x0, 0x0, 0x0, 0x0, 0x0, 0x0,
    0x0, 0x0, 0x0, 0x0, 0xc, 0xdd, 0xdd, 0xdd,
    0xdd, 0xdd, 0xdd, 0xdd, 0xdd, 0xc0, 0xd, 0xff,
    0xff, 0xff, 0xff, 0xff, 0xff, 0xff, 0xff, 0xe0,
    0x0, 0x0, 0x1, 0xfe, 0x0, 0x8, 0xf6, 0x0,
    0x0, 0x0, 0x0, 0x0, 0x3, 0xfc, 0x0, 0x8,
    0xf6, 0x0, 0x0, 0x0, 0x0, 0x0, 0x5, 0xfa,
    0x0, 0x8, 0xf6, 0x0, 0x0, 0x0, 0x0, 0x0,
    0x9, 0xf7, 0x0, 0x8, 0xf6, 0x0, 0x0, 0x0,
    0x0, 0x0, 0xe, 0xf2, 0x0, 0x8, 0xf6, 0x0,
    0x4, 0x20, 0x0, 0x0, 0x5f, 0xd0, 0x0, 0x8,
    0xf6, 0x0, 0x8, 0xf2, 0x0, 0x2, 0xff, 0x50,
    0x0, 0x8, 0xf6, 0x0, 0x9, 0xf2, 0x0, 0x2d,
    0xfb, 0x0, 0x0, 0x8, 0xf7, 0x0, 0xc, 0xf0,
    0x9, 0xff, 0xb0, 0x0, 0x0, 0x6, 0xff, 0xcc,
    0xdf, 0xc0, 0x9, 0xf7, 0x0, 0x0, 0x0, 0x0,
    0xbf, 0xff, 0xfd, 0x30, 0x0, 0x10, 0x0, 0x0,
    0x0, 0x0, 0x0, 0x0, 0x0, 0x0,

    /* U+5148 "先" */
    0x0, 0x0, 0x25, 0x10, 0xc, 0xe0, 0x0, 0x0,
    0x0, 0x0, 0x0, 0x0, 0x9f, 0x70, 0xe, 0xf0,
    0x0, 0x0, 0x0, 0x0, 0x0, 0x0, 0xef, 0x20,
    0xe, 0xf0, 0x0, 0x0, 0x0, 0x0, 0x0, 0x4,
    0xff, 0xff, 0xff, 0xff, 0xff, 0xff, 0xf6, 0x0,
    0x0, 0xb, 0xfe, 0xdd, 0xdf, 0xfd, 0xdd, 0xdd,
    0xd5, 0x0, 0x0, 0x3f, 0xe0, 0x0, 0xe, 0xf0,
    0x0, 0x0, 0x0, 0x0, 0x0, 0xdf, 0x50, 0x0,
    0xe, 0xf0, 0x0, 0x0, 0x0, 0x0, 0x0, 0x16,
    0x0, 0x0, 0xe, 0xf0, 0x0, 0x0, 0x0, 0x0,
    0x8, 0xaa, 0xaa, 0xaa, 0xaf, 0xfa, 0xaa, 0xaa,
    0xaa, 0x90, 0xc, 0xff, 0xff, 0xff, 0xff, 0xff,
    0xff, 0xff, 0xff, 0xe0, 0x2, 0x22, 0x22, 0xdf,
    0x42, 0x27, 0xf9, 0x22, 0x22, 0x20, 0x0, 0x0,
    0x0, 0xff, 0x0, 0x5, 0xf8, 0x0, 0x0, 0x0,
    0x0, 0x0, 0x2, 0xfd, 0x0, 0x5, 0xf8, 0x0,
    0x0, 0x0, 0x0, 0x0, 0x8, 0xf9, 0x0, 0x5,
    0xf8, 0x0, 0x0, 0x0, 0x0, 0x0, 0xe, 0xf2,
    0x0, 0x5, 0xf8, 0x0, 0x9, 0x70, 0x0, 0x0,
    0xbf, 0xc0, 0x0, 0x5, 0xf8, 0x0, 0xa, 0xf1,
    0x0, 0xa, 0xfe, 0x10, 0x0, 0x5, 0xf8, 0x0,
    0xd, 0xf0, 0x7, 0xef, 0xf3, 0x0, 0x0, 0x3,
    0xff, 0xcc, 0xdf, 0xb0, 0x7, 0xfb, 0x20, 0x0,
    0x0, 0x0, 0x9e, 0xff, 0xfd, 0x30, 0x0, 0x30,
    0x0, 0x0, 0x0, 0x0, 0x0, 0x0, 0x0, 0x0,

    /* U+5165 "入" */
    0x0, 0x0, 0x0, 0x32, 0x0, 0x0, 0x0, 0x0,
    0x0, 0x0, 0x0, 0x0, 0x0, 0xde, 0x30, 0x0,
    0x0, 0x0, 0x0, 0x0, 0x0, 0x0, 0x0, 0xbf,
    0xf3, 0x0, 0x0, 0x0, 0x0, 0x0, 0x0, 0x0,
    0x0, 0x9, 0xfe, 0x10, 0x0, 0x0, 0x0, 0x0,
    0x0, 0x0, 0x0, 0x0, 0xbf, 0xb0, 0x0, 0x0,
    0x0, 0x0, 0x0, 0x0, 0x0, 0x0, 0x3f, 0xf4,
    0x0, 0x0, 0x0, 0x0, 0x0, 0x0, 0x0, 0x0,
    0x8f, 0xfd, 0x0, 0x0, 0x0, 0x0, 0x0, 0x0,
    0x0, 0x0, 0xdf, 0xff, 0x60, 0x0, 0x0, 0x0,
    0x0, 0x0, 0x0, 0x2, 0xff, 0x5f, 0xe1, 0x0,
    0x0, 0x0, 0x0, 0x0, 0x0, 0x8, 0xfb, 0xa,
    0xf9, 0x0, 0x0, 0x0, 0x0, 0x0, 0x0, 0x1f,
    0xf5, 0x2, 0xff, 0x30, 0x0, 0x0, 0x0, 0x0,
    0x0, 0x9f, 0xd0, 0x0, 0x9f, 0xc0, 0x0, 0x0,
    0x0, 0x0, 0x3, 0xff, 0x40, 0x0, 0x1f, 0xf6,
    0x0, 0x0, 0x0, 0x0, 0x1e, 0xfb, 0x0, 0x0,
    0x7, 0xff, 0x30, 0x0, 0x0, 0x0, 0xdf, 0xe1,
    0x0, 0x0, 0x0, 0xbf, 0xe2, 0x0, 0x0, 0x3d,
    0xfe, 0x20, 0x0, 0x0, 0x0, 0x1e, 0xff, 0x50,
    0x8, 0xff, 0xe3, 0x0, 0x0, 0x0, 0x0, 0x3,
    0xef, 0xf3, 0x9, 0xfb, 0x10, 0x0, 0x0, 0x0,
    0x0, 0x0, 0x1b, 0xd0, 0x0, 0x40, 0x0, 0x0,
    0x0, 0x0, 0x0, 0x0, 0x0, 0x30,

    /* U+5167 "內" */
    0x0, 0x0, 0x3, 0x0, 0x0, 0x0, 0x0, 0x0,
    0x0, 0x0, 0x8, 0xf7, 0x0, 0x0, 0x0, 0x0,
    0x0, 0x0, 0x0, 0x3e, 0xf5, 0x0, 0x0, 0x0,
    0x0, 0x0, 0x0, 0x0, 0x2f, 0xe0, 0x0, 0x0,
    0x0, 0x0, 0x23, 0x33, 0x33, 0xaf, 0x93, 0x33,
    0x33, 0x33, 0xe, 0xff, 0xff, 0xff, 0xff, 0xff,
    0xff, 0xff, 0xf0, 0xef, 0xaa, 0xaa, 0xcf, 0xfd,
    0xaa, 0xaa, 0xff, 0xe, 0xf0, 0x0, 0xa, 0xff,
    0xd0, 0x0, 0xd, 0xf0, 0xef, 0x0, 0x0, 0xfe,
    0xcf, 0x50, 0x0, 0xdf, 0xe, 0xf0, 0x0, 0x8f,
    0x85, 0xfd, 0x0, 0xd, 0xf0, 0xef, 0x0, 0x3f,
    0xf1, 0xd, 0xf8, 0x0, 0xdf, 0xe, 0xf0, 0x3f,
    0xf6, 0x0, 0x5f, 0xf8, 0xd, 0xf0, 0xef, 0x8f,
    0xf9, 0x0, 0x0, 0x8f, 0xfc, 0xef, 0xe, 0xf8,
    0xf7, 0x0, 0x0, 0x0, 0x6f, 0x6d, 0xf0, 0xef,
    0x2, 0x0, 0x0, 0x0, 0x0, 0x10, 0xdf, 0xe,
    0xf0, 0x0, 0x0, 0x0, 0x0, 0x0, 0xd, 0xf0,
    0xef, 0x0, 0x0, 0x0, 0x0, 0x0, 0x0, 0xef,
    0xe, 0xf0, 0x0, 0x0, 0x0, 0x1, 0xfe, 0xef,
    0xe0, 0xef, 0x0, 0x0, 0x0, 0x0, 0xc, 0xfe,
    0xc4, 0x0,

    /* U+5168 "全" */
    0x0, 0x0, 0x0, 0x0, 0x0, 0x0, 0x0, 0x0,
    0x0, 0x0, 0x0, 0x0, 0x0, 0x0, 0x9, 0xe4,
    0x0, 0x0, 0x0, 0x0, 0x0, 0x0, 0x0, 0x0,
    0x5f, 0xfa, 0x0, 0x0, 0x0, 0x0, 0x0, 0x0,
    0x0, 0x4, 0xff, 0xcf, 0xa0, 0x0, 0x0, 0x0,
    0x0, 0x0, 0x0, 0x5f, 0xf4, 0xb, 0xfb, 0x0,
    0x0, 0x0, 0x0, 0x0, 0x8, 0xff, 0x40, 0x0,
    0xbf, 0xd2, 0x0, 0x0, 0x0, 0x2, 0xcf, 0xe3,
    0x0, 0x0, 0x9, 0xff, 0x80, 0x0, 0x1, 0x9f,
    0xfb, 0x10, 0x0, 0x0, 0x0, 0x5f, 0xfe, 0x60,
    0x1f, 0xff, 0xea, 0xaa, 0xaa, 0xaa, 0xaa, 0xac,
    0xff, 0xf8, 0x6, 0x91, 0xdf, 0xff, 0xff, 0xff,
    0xff, 0xff, 0x66, 0xc0, 0x0, 0x0, 0x0, 0x0,
    0xc, 0xf4, 0x0, 0x0, 0x0, 0x0, 0x0, 0x0,
    0x0, 0x0, 0xc, 0xf3, 0x0, 0x0, 0x0, 0x0,
    0x0, 0x0, 0x0, 0x0, 0xc, 0xf4, 0x0, 0x0,
    0x0, 0x0, 0x0, 0x0, 0xaf, 0xff, 0xff, 0xff,
    0xff, 0xff, 0x50, 0x0, 0x0, 0x0, 0x69, 0x99,
    0x9e, 0xfb, 0x99, 0x99, 0x30, 0x0, 0x0, 0x0,
    0x0, 0x0, 0xc, 0xf3, 0x0, 0x0, 0x0, 0x0,
    0x0, 0x0, 0x0, 0x0, 0xc, 0xf3, 0x0, 0x0,
    0x0, 0x0, 0x0, 0x0, 0x0, 0x0, 0xc, 0xf3,
    0x0, 0x0, 0x0, 0x0, 0x2, 0xbb, 0xbb, 0xbb,
    0xbe, 0xfc, 0xbb, 0xbb, 0xbb, 0x90, 0x4, 0xff,
    0xff, 0xff, 0xff, 0xff, 0xff, 0xff, 0xff, 0xc0,

    /* U+5173 "关" */
    0x0, 0x0, 0x19, 0x50, 0x0, 0x0, 0x1, 0xc8,
    0x0, 0x0, 0x0, 0x0, 0x3f, 0xe1, 0x0, 0x0,
    0x7, 0xfc, 0x0, 0x0, 0x0, 0x0, 0x8, 0xf9,
    0x0, 0x0, 0x1e, 0xf2, 0x0, 0x0, 0x0, 0x0,
    0x0, 0xec, 0x0, 0x0, 0x9f, 0x80, 0x0, 0x0,
    0x0, 0x3d, 0xdd, 0xfd, 0xdd, 0xdd, 0xff, 0xdd,
    0xdb, 0x0, 0x0, 0x4f, 0xff, 0xff, 0xff, 0xff,
    0xff, 0xff, 0xfd, 0x0, 0x0, 0x0, 0x0, 0x0,
    0xd, 0xf5, 0x0, 0x0, 0x0, 0x0, 0x0, 0x0,
    0x0, 0x0, 0xd, 0xf5, 0x0, 0x0, 0x0, 0x0,
    0x0, 0x0, 0x0, 0x0, 0xd, 0xf5, 0x0, 0x0,
    0x0, 0x0, 0x7, 0xcc, 0xcc, 0xcc, 0xcf, 0xfd,
    0xcc, 0xcc, 0xcc, 0xb0, 0x8, 0xff, 0xff, 0xff,
    0xff, 0xff, 0xff, 0xff, 0xff, 0xe0, 0x0, 0x0,
    0x0, 0x0, 0x7f, 0xff, 0x20, 0x0, 0x0, 0x0,
    0x0, 0x0, 0x0, 0x1, 0xef, 0xdf, 0xc0, 0x0,
    0x0, 0x0, 0x0, 0x0, 0x0, 0x1d, 0xfd, 0xc,
    0xfb, 0x0, 0x0, 0x0, 0x0, 0x0, 0x4, 0xdf,
    0xe3, 0x1, 0xef, 0xc2, 0x0, 0x0, 0x0, 0x2,
    0xaf, 0xfe, 0x20, 0x0, 0x2d, 0xff, 0x92, 0x0,
    0x6, 0xcf, 0xff, 0x90, 0x0, 0x0, 0x1, 0xaf,
    0xff, 0xc2, 0x6, 0xff, 0x92, 0x0, 0x0, 0x0,
    0x0, 0x4, 0xbf, 0xb0, 0x0, 0x51, 0x0, 0x0,
    0x0, 0x0, 0x0, 0x0, 0x2, 0x10,

    /* U+5176 "其" */
    0x0, 0x0, 0x0, 0x0, 0x0, 0x0, 0x0, 0x0,
    0x0, 0x0, 0x0, 0x0, 0x5f, 0x70, 0x0, 0x0,
    0x8, 0xf5, 0x0, 0x0, 0x0, 0x0, 0x5f, 0x70,
    0x0, 0x0, 0x8, 0xf5, 0x0, 0x0, 0x4, 0xbb,
    0xdf, 0xdb, 0xbb, 0xbb, 0xbd, 0xfd, 0xbb, 0x50,
    0x5, 0xff, 0xff, 0xff, 0xff, 0xff, 0xff, 0xff,
    0xff, 0x70, 0x0, 0x0, 0x6f, 0x80, 0x0, 0x0,
    0x9, 0xf6, 0x0, 0x0, 0x0, 0x0, 0x5f, 0x80,
    0x0, 0x0, 0x9, 0xf5, 0x0, 0x0, 0x0, 0x0,
    0x5f, 0xff, 0xff, 0xff, 0xff, 0xf5, 0x0, 0x0,
    0x0, 0x0, 0x5f, 0xc8, 0x88, 0x88, 0x8c, 0xf5,
    0x0, 0x0, 0x0, 0x0, 0x5f, 0x70, 0x0, 0x0,
    0x8, 0xf5, 0x0, 0x0, 0x0, 0x0, 0x5f, 0xff,
    0xff, 0xff, 0xff, 0xf5, 0x0, 0x0, 0x0, 0x0,
    0x5f, 0xda, 0xaa, 0xaa, 0xad, 0xf5, 0x0, 0x0,
    0x0, 0x0, 0x5f, 0x70, 0x0, 0x0, 0x8, 0xf5,
    0x0, 0x0, 0x9, 0x99, 0xbf, 0xc9, 0x99, 0x99,
    0x9d, 0xfb, 0x99, 0x90, 0xf, 0xff, 0xff, 0xff,
    0xff, 0xff, 0xff, 0xff, 0xff, 0xf0, 0x2, 0x22,
    0x22, 0x78, 0x22, 0x22, 0x75, 0x22, 0x22, 0x20,
    0x0, 0x0, 0x5c, 0xff, 0x50, 0x5, 0xff, 0xc6,
    0x0, 0x0, 0x3, 0x9e, 0xff, 0xa3, 0x0, 0x0,
    0x29, 0xff, 0xf9, 0x10, 0xb, 0xfe, 0x82, 0x0,
    0x0, 0x0, 0x0, 0x7, 0xef, 0x80, 0x0, 0x40,
    0x0, 0x0, 0x0, 0x0, 0x0, 0x0, 0x2, 0x0,

    /* U+517C "兼" */
    0x0, 0x0, 0x4a, 0x10, 0x0, 0x0, 0x0, 0xa6,
    0x0, 0x0, 0x0, 0x0, 0x9f, 0xd1, 0x0, 0x0,
    0x9, 0xfb, 0x0, 0x0, 0x0, 0x0, 0xb, 0xf9,
    0x0, 0x0, 0x5f, 0xe1, 0x0, 0x0, 0xa, 0xff,
    0xff, 0xff, 0xff, 0xff, 0xff, 0xff, 0xff, 0xa0,
    0x5, 0x88, 0x88, 0x9f, 0xd8, 0x8f, 0xf8, 0x88,
    0x88, 0x60, 0x0, 0x1, 0x11, 0x3f, 0xb1, 0x1f,
    0xe1, 0x11, 0x10, 0x0, 0x0, 0x2f, 0xff, 0xff,
    0xff, 0xff, 0xff, 0xff, 0xf0, 0x0, 0x0, 0x16,
    0x66, 0x7f, 0xd6, 0x6f, 0xe6, 0x6e, 0xf0, 0x0,
    0x0, 0x0, 0x0, 0x2f, 0xb0, 0xf, 0xe0, 0xc,
    0xf1, 0x0, 0xf, 0xff, 0xff, 0xff, 0xff, 0xff,
    0xff, 0xff, 0xff, 0xf0, 0x8, 0x88, 0x88, 0x9f,
    0xd8, 0x8f, 0xf8, 0x8e, 0xf8, 0x80, 0x0, 0x0,
    0x0, 0x1f, 0xb0, 0xf, 0xd0, 0xc, 0xf0, 0x0,
    0x0, 0x5f, 0xff, 0xff, 0xff, 0xff, 0xff, 0xff,
    0xf0, 0x0, 0x0, 0x27, 0x7b, 0xff, 0xd7, 0x7f,
    0xff, 0x97, 0x70, 0x0, 0x0, 0x0, 0x4f, 0xff,
    0xb0, 0xf, 0xff, 0xe3, 0x0, 0x0, 0x0, 0x7,
    0xff, 0x6f, 0xb0, 0xf, 0xd4, 0xff, 0x70, 0x0,
    0x5, 0xdf, 0xe3, 0x1f, 0xb0, 0xf, 0xd0, 0x3e,
    0xfe, 0x70, 0x1e, 0xfb, 0x20, 0x1f, 0xb0, 0xf,
    0xd0, 0x1, 0xaf, 0xd0, 0x3, 0x50, 0x0, 0x1f,
    0xb0, 0xf, 0xd0, 0x0, 0x3, 0x20,

    /* U+5185 "内" */
    0x0, 0x0, 0x0, 0x0, 0x11, 0x0, 0x0, 0x0,
    0x0, 0x0, 0x0, 0x0, 0x0, 0xef, 0x0, 0x0,
    0x0, 0x0, 0x0, 0x0, 0x0, 0x0, 0xef, 0x0,
    0x0, 0x0, 0x0, 0x0, 0x0, 0x0, 0x0, 0xef,
    0x0, 0x0, 0x0, 0x0, 0xb, 0xbb, 0xbb, 0xbb,
    0xff, 0xbb, 0xbb, 0xbb, 0xb0, 0x1f, 0xff, 0xff,
    0xff, 0xff, 0xff, 0xff, 0xff, 0xf1, 0x1f, 0xd2,
    0x22, 0x22, 0xff, 0x22, 0x22, 0x2c, 0xf1, 0x1f,
    0xd0, 0x0, 0x1, 0xfd, 0x0, 0x0, 0xc, 0xf1,
    0x1f, 0xd0, 0x0, 0x4, 0xfc, 0x0, 0x0, 0xc,
    0xf1, 0x1f, 0xd0, 0x0, 0x9, 0xff, 0x70, 0x0,
    0xc, 0xf1, 0x1f, 0xd0, 0x0, 0x1e, 0xfe, 0xf7,
    0x0, 0xc, 0xf1, 0x1f, 0xd0, 0x0, 0xaf, 0xa2,
    0xef, 0x70, 0xc, 0xf1, 0x1f, 0xd0, 0x6, 0xff,
    0x10, 0x3f, 0xf6, 0xc, 0xf1, 0x1f, 0xd0, 0x8f,
    0xf4, 0x0, 0x4, 0xff, 0x4c, 0xf1, 0x1f, 0xd9,
    0xff, 0x50, 0x0, 0x0, 0x6f, 0x9c, 0xf1, 0x1f,
    0xd0, 0xa2, 0x0, 0x0, 0x0, 0x4, 0xc, 0xf1,
    0x1f, 0xd0, 0x0, 0x0, 0x0, 0x0, 0x0, 0xc,
    0xf1, 0x1f, 0xd0, 0x0, 0x0, 0x0, 0x0, 0x0,
    0xc, 0xf1, 0x1f, 0xd0, 0x0, 0x0, 0x0, 0x1,
    0xee, 0xef, 0xe0, 0x1f, 0xd0, 0x0, 0x0, 0x0,
    0x0, 0xcf, 0xeb, 0x40,

    /* U+518C "册" */
    0x0, 0xb, 0xbb, 0xbb, 0xa0, 0x2b, 0xbb, 0xbb,
    0xb2, 0x0, 0x0, 0xf, 0xff, 0xff, 0xf0, 0x3f,
    0xff, 0xff, 0xf3, 0x0, 0x0, 0xf, 0xc0, 0xe,
    0xf0, 0x3f, 0xa0, 0xb, 0xf3, 0x0, 0x0, 0xf,
    0xc0, 0xd, 0xf0, 0x3f, 0x90, 0xa, 0xf3, 0x0,
    0x0, 0xf, 0xc0, 0xd, 0xf0, 0x3f, 0x90, 0xa,
    0xf3, 0x0, 0x0, 0xf, 0xc0, 0xd, 0xf0, 0x3f,
    0x90, 0xa, 0xf3, 0x0, 0x0, 0xf, 0xc0, 0xd,
    0xf0, 0x3f, 0x90, 0xa, 0xf3, 0x0, 0x3f, 0xff,
    0xff, 0xff, 0xff, 0xff, 0xff, 0xff, 0xff, 0xf3,
    0x3c, 0xdf, 0xfc, 0xcf, 0xfc, 0xdf, 0xec, 0xcf,
    0xfd, 0xc3, 0x0, 0x2f, 0xa0, 0xd, 0xf0, 0x5f,
    0x70, 0xa, 0xf3, 0x0, 0x0, 0x4f, 0x80, 0xd,
    0xf0, 0x7f, 0x50, 0xa, 0xf3, 0x0, 0x0, 0x7f,
    0x60, 0xd, 0xf0, 0x8f, 0x30, 0xa, 0xf3, 0x0,
    0x0, 0x9f, 0x40, 0xd, 0xf0, 0xaf, 0x20, 0xa,
    0xf3, 0x0, 0x0, 0xcf, 0x10, 0xd, 0xf0, 0xdf,
    0x0, 0xa, 0xf3, 0x0, 0x1, 0xfc, 0x0, 0xd,
    0xf2, 0xfc, 0x0, 0xa, 0xf3, 0x0, 0x8, 0xf7,
    0x0, 0xe, 0xf8, 0xf7, 0x0, 0xb, 0xf3, 0x0,
    0x1f, 0xf1, 0x2a, 0xbf, 0xee, 0xf1, 0xa, 0xaf,
    0xf1, 0x0, 0xa, 0x70, 0xe, 0xfd, 0x47, 0x90,
    0xc, 0xff, 0x80, 0x0, 0x0, 0x0, 0x0, 0x0,
    0x0, 0x0, 0x0, 0x10, 0x0, 0x0,

    /* U+518D "再" */
    0x3, 0xbb, 0xbb, 0xbb, 0xbb, 0xbb, 0xbb, 0xbb,
    0xbb, 0x80, 0x4, 0xff, 0xff, 0xff, 0xff, 0xff,
    0xff, 0xff, 0xff, 0xb0, 0x0, 0x0, 0x0, 0x0,
    0xd, 0xf1, 0x0, 0x0, 0x0, 0x0, 0x0, 0x0,
    0x11, 0x11, 0x1d, 0xf2, 0x11, 0x11, 0x10, 0x0,
    0x0, 0xc, 0xff, 0xff, 0xff, 0xff, 0xff, 0xff,
    0xf2, 0x0, 0x0, 0xc, 0xfa, 0xaa, 0xaf, 0xfa,
    0xaa, 0xae, 0xf2, 0x0, 0x0, 0xc, 0xf1, 0x0,
    0xd, 0xf0, 0x0, 0xb, 0xf2, 0x0, 0x0, 0xc,
    0xfa, 0x99, 0x9e, 0xf9, 0x99, 0x9e, 0xf2, 0x0,
    0x0, 0xc, 0xff, 0xff, 0xff, 0xff, 0xff, 0xff,
    0xf2, 0x0, 0x0, 0xc, 0xf2, 0x0, 0xd, 0xf1,
    0x0, 0xc, 0xf2, 0x0, 0x0, 0xc, 0xf1, 0x0,
    0xd, 0xf0, 0x0, 0xb, 0xf2, 0x0, 0xc, 0xcf,
    0xfc, 0xcc, 0xcf, 0xfc, 0xcc, 0xcf, 0xfc, 0xc6,
    0x1f, 0xff, 0xff, 0xff, 0xff, 0xff, 0xff, 0xff,
    0xff, 0xf7, 0x0, 0xc, 0xf1, 0x0, 0x0, 0x0,
    0x0, 0xb, 0xf2, 0x0, 0x0, 0xc, 0xf1, 0x0,
    0x0, 0x0, 0x0, 0xb, 0xf2, 0x0, 0x0, 0xc,
    0xf1, 0x0, 0x0, 0x0, 0x0, 0xc, 0xf2, 0x0,
    0x0, 0xc, 0xf1, 0x0, 0x0, 0x0, 0xbc, 0xcf,
    0xf0, 0x0, 0x0, 0xc, 0xf1, 0x0, 0x0, 0x0,
    0x9f, 0xfc, 0x50, 0x0,

    /* U+5199 "写" */
    0x9c, 0xcc, 0xcc, 0xcc, 0xcc, 0xcc, 0xcc, 0xcc,
    0xc1, 0xcf, 0xff, 0xff, 0xff, 0xff, 0xff, 0xff,
    0xff, 0xf1, 0xcf, 0x10, 0x5a, 0x30, 0x0, 0x0,
    0x0, 0xd, 0xf1, 0xcf, 0x10, 0xaf, 0x30, 0x0,
    0x0, 0x0, 0xd, 0xf1, 0x45, 0x0, 0xdf, 0xba,
    0xaa, 0xaa, 0xaa, 0x54, 0x50, 0x0, 0x0, 0xff,
    0xff, 0xff, 0xff, 0xff, 0x80, 0x0, 0x0, 0x4,
    0xfa, 0x0, 0x0, 0x0, 0x0, 0x0, 0x0, 0x0,
    0x7, 0xf6, 0x0, 0x0, 0x0, 0x0, 0x0, 0x0,
    0x0, 0xb, 0xff, 0xff, 0xff, 0xff, 0xff, 0xf3,
    0x0, 0x0, 0xa, 0xbb, 0xbb, 0xbb, 0xbb, 0xbe,
    0xf2, 0x0, 0x0, 0x0, 0x0, 0x0, 0x0, 0x0,
    0xd, 0xf0, 0x0, 0x2, 0x22, 0x22, 0x22, 0x22,
    0x21, 0xe, 0xe0, 0x0, 0x6f, 0xff, 0xff, 0xff,
    0xff, 0xfa, 0xf, 0xd0, 0x0, 0x49, 0x99, 0x99,
    0x99, 0x99, 0x96, 0x3f, 0xa0, 0x0, 0x0, 0x0,
    0x0, 0x0, 0x0, 0x0, 0x6f, 0x80, 0x0, 0x0,
    0x0, 0x0, 0x0, 0x0, 0x0, 0xbf, 0x40, 0x0,
    0x0, 0x0, 0x0, 0x0, 0xbb, 0xbd, 0xfe, 0x0,
    0x0, 0x0, 0x0, 0x0, 0x0, 0x9f, 0xff, 0xc3,
    0x0, 0x0, 0x0, 0x0, 0x0, 0x0, 0x0, 0x0,
    0x0, 0x0, 0x0,

    /* U+51E0 "几" */
    0x0, 0x0, 0x1d, 0xdd, 0xdd, 0xdd, 0xdd, 0xc0,
    0x0, 0x0, 0x0, 0x0, 0x1f, 0xff, 0xff, 0xff,
    0xff, 0xe0, 0x0, 0x0, 0x0, 0x0, 0x1f, 0xe0,
    0x0, 0x0, 0x1f, 0xe0, 0x0, 0x0, 0x0, 0x0,
    0x1f, 0xe0, 0x0, 0x0, 0x1f, 0xe0, 0x0, 0x0,
    0x0, 0x0, 0x1f, 0xe0, 0x0, 0x0, 0x1f, 0xe0,
    0x0, 0x0, 0x0, 0x0, 0x1f, 0xe0, 0x0, 0x0,
    0x1f, 0xe0, 0x0, 0x0, 0x0, 0x0, 0x1f, 0xe0,
    0x0, 0x0, 0x1f, 0xe0, 0x0, 0x0, 0x0, 0x0,
    0x1f, 0xd0, 0x0, 0x0, 0x1f, 0xe0, 0x0, 0x0,
    0x0, 0x0, 0x2f, 0xd0, 0x0, 0x0, 0x1f, 0xe0,
    0x0, 0x0, 0x0, 0x0, 0x3f, 0xc0, 0x0, 0x0,
    0x1f, 0xe0, 0x0, 0x0, 0x0, 0x0, 0x6f, 0x90,
    0x0, 0x0, 0x1f, 0xe0, 0x0, 0x0, 0x0, 0x0,
    0xaf, 0x50, 0x0, 0x0, 0x1f, 0xe0, 0x0, 0x0,
    0x0, 0x0, 0xef, 0x20, 0x0, 0x0, 0x1f, 0xe0,
    0x5, 0x40, 0x0, 0x6, 0xfc, 0x0, 0x0, 0x0,
    0x1f, 0xe0, 0x8, 0xf4, 0x0, 0xd, 0xf5, 0x0,
    0x0, 0x0, 0x1f, 0xe0, 0x9, 0xf3, 0x0, 0x9f,
    0xd0, 0x0, 0x0, 0x0, 0xf, 0xe0, 0xb, 0xf1,
    0x9, 0xff, 0x30, 0x0, 0x0, 0x0, 0xe, 0xfe,
    0xdf, 0xd0, 0xa, 0xf5, 0x0, 0x0, 0x0, 0x0,
    0x6, 0xef, 0xfe, 0x40, 0x0, 0x30, 0x0, 0x0,
    0x0, 0x0, 0x0, 0x0, 0x0, 0x0,

    /* U+51E6 "処" */
    0x0, 0xa, 0xb1, 0x0, 0x0, 0x0, 0x0, 0x0,
    0x0, 0x0, 0x0, 0xf, 0xf0, 0x0, 0x0, 0x58,
    0x88, 0x88, 0x0, 0x0, 0x0, 0x2f, 0xd0, 0x0,
    0x0, 0xaf, 0xff, 0xff, 0x0, 0x0, 0x0, 0x5f,
    0xe9, 0x99, 0x60, 0xaf, 0x21, 0xbf, 0x0, 0x0,
    0x0, 0x8f, 0xff, 0xff, 0xb0, 0xaf, 0x10, 0xaf,
    0x0, 0x0, 0x0, 0xbf, 0x40, 0x3f, 0xa0, 0xaf,
    0x10, 0xaf, 0x0, 0x0, 0x0, 0xff, 0x0, 0x5f,
    0x80, 0xbf, 0x0, 0xaf, 0x0, 0x0, 0x5, 0xff,
    0x20, 0x7f, 0x50, 0xbf, 0x0, 0xaf, 0x0, 0x0,
    0xb, 0xff, 0x70, 0xbf, 0x20, 0xde, 0x0, 0xaf,
    0x0, 0x0, 0x4f, 0xdd, 0xc0, 0xfe, 0x0, 0xfc,
    0x0, 0xaf, 0x0, 0x0, 0x8f, 0x57, 0xf7, 0xfa,
    0x3, 0xf9, 0x0, 0xaf, 0x0, 0x0, 0x6, 0x1,
    0xff, 0xf4, 0x7, 0xf5, 0x0, 0xaf, 0x5, 0x30,
    0x0, 0x0, 0x9f, 0xe0, 0xe, 0xf1, 0x0, 0xaf,
    0xa, 0xb0, 0x0, 0x0, 0xaf, 0xe2, 0x6f, 0x90,
    0x0, 0x8f, 0xef, 0x80, 0x0, 0x3, 0xff, 0xfd,
    0x17, 0x10, 0x0, 0x6, 0x76, 0x0, 0x0, 0xd,
    0xf5, 0x7f, 0xd3, 0x0, 0x0, 0x0, 0x0, 0x0,
    0x0, 0xbf, 0xa0, 0x9, 0xff, 0xa5, 0x0, 0x0,
    0x0, 0x0, 0xc, 0xfd, 0x10, 0x0, 0x4d, 0xff,
    0xfe, 0xdc, 0xcc, 0xc1, 0xc, 0xd1, 0x0, 0x0,
    0x0, 0x59, 0xde, 0xff, 0xff, 0xc0, 0x2, 0x10,
    0x0, 0x0, 0x0, 0x0, 0x0, 0x0, 0x0, 0x0,

    /* U+51FA "出" */
    0x0, 0x0, 0x0, 0x0, 0xaa, 0x0, 0x0, 0x0,
    0x0, 0x1, 0x10, 0x0, 0x1f, 0xf0, 0x0, 0x1,
    0x10, 0x1, 0xfd, 0x0, 0x1, 0xff, 0x0, 0x0,
    0xef, 0x20, 0x1f, 0xd0, 0x0, 0x1f, 0xf0, 0x0,
    0xe, 0xf2, 0x1, 0xfd, 0x0, 0x1, 0xff, 0x0,
    0x0, 0xef, 0x20, 0x1f, 0xd0, 0x0, 0x1f, 0xf0,
    0x0, 0xe, 0xf2, 0x1, 0xfd, 0x0, 0x1, 0xff,
    0x0, 0x0, 0xef, 0x20, 0x1f, 0xfd, 0xdd, 0xef,
    0xfd, 0xdd, 0xdf, 0xf2, 0x1, 0xff, 0xff, 0xff,
    0xff, 0xff, 0xff, 0xff, 0x20, 0x0, 0x0, 0x0,
    0x1f, 0xf0, 0x0, 0x0, 0x0, 0x8, 0x80, 0x0,
    0x1, 0xff, 0x0, 0x0, 0x18, 0x81, 0xff, 0x0,
    0x0, 0x1f, 0xf0, 0x0, 0x2, 0xff, 0x1f, 0xf0,
    0x0, 0x1, 0xff, 0x0, 0x0, 0x2f, 0xf1, 0xff,
    0x0, 0x0, 0x1f, 0xf0, 0x0, 0x2, 0xff, 0x1f,
    0xf0, 0x0, 0x1, 0xff, 0x0, 0x0, 0x2f, 0xf1,
    0xff, 0x21, 0x11, 0x3f, 0xf1, 0x11, 0x13, 0xff,
    0x1f, 0xff, 0xff, 0xff, 0xff, 0xff, 0xff, 0xff,
    0xf0, 0xcc, 0xcc, 0xcc, 0xcc, 0xcc, 0xcc, 0xcc,
    0xff, 0x0, 0x0, 0x0, 0x0, 0x0, 0x0, 0x0,
    0x2f, 0xf0,

    /* U+51FB "击" */
    0x0, 0x0, 0x0, 0x0, 0x9b, 0x10, 0x0, 0x0,
    0x0, 0x0, 0x0, 0x0, 0x0, 0xdf, 0x10, 0x0,
    0x0, 0x0, 0x0, 0x0, 0x0, 0x0, 0xdf, 0x10,
    0x0, 0x0, 0x0, 0x4, 0xee, 0xee, 0xee, 0xff,
    0xee, 0xee, 0xee, 0x80, 0x4, 0xff, 0xff, 0xff,
    0xff, 0xff, 0xff, 0xff, 0x80, 0x0, 0x0, 0x0,
    0x0, 0xdf, 0x10, 0x0, 0x0, 0x0, 0x0, 0x0,
    0x0, 0x0, 0xdf, 0x10, 0x0, 0x0, 0x0, 0x0,
    0x0, 0x0, 0x0, 0xef, 0x20, 0x0, 0x0, 0x0,
    0xcf, 0xff, 0xff, 0xff, 0xff, 0xff, 0xff, 0xff,
    0xfe, 0xad, 0xdd, 0xdd, 0xdd, 0xff, 0xdd, 0xdd,
    0xdd, 0xdc, 0x0, 0x0, 0x0, 0x0, 0xdf, 0x10,
    0x0, 0x0, 0x0, 0x1, 0xa9, 0x0, 0x0, 0xdf,
    0x10, 0x0, 0x7a, 0x20, 0x1, 0xfe, 0x0, 0x0,
    0xdf, 0x10, 0x0, 0xbf, 0x30, 0x1, 0xfe, 0x0,
    0x0, 0xdf, 0x10, 0x0, 0xbf, 0x30, 0x1, 0xfe,
    0x0, 0x0, 0xdf, 0x10, 0x0, 0xbf, 0x30, 0x1,
    0xfe, 0x0, 0x0, 0xef, 0x20, 0x0, 0xbf, 0x30,
    0x1, 0xff, 0xff, 0xff, 0xff, 0xff, 0xff, 0xff,
    0x30, 0x1, 0xcc, 0xcc, 0xcc, 0xcc, 0xcc, 0xcc,
    0xff, 0x30, 0x0, 0x0, 0x0, 0x0, 0x0, 0x0,
    0x0, 0xbf, 0x30,

    /* U+5206 "分" */
    0x0, 0x0, 0x0, 0x20, 0x0, 0x0, 0x2, 0x0,
    0x0, 0x0, 0x0, 0x0, 0x1, 0xff, 0x20, 0x0,
    0xdf, 0x10, 0x0, 0x0, 0x0, 0x0, 0x8, 0xfb,
    0x0, 0x0, 0x7f, 0xa0, 0x0, 0x0, 0x0, 0x0,
    0x1f, 0xf3, 0x0, 0x0, 0xd, 0xf4, 0x0, 0x0,
    0x0, 0x0, 0xbf, 0xb0, 0x0, 0x0, 0x5, 0xfe,
    0x10, 0x0, 0x0, 0x7, 0xfe, 0x10, 0x0, 0x0,
    0x0, 0x9f, 0xd0, 0x0, 0x0, 0x5f, 0xf4, 0x0,
    0x0, 0x0, 0x0, 0xd, 0xfb, 0x0, 0x6, 0xff,
    0xb3, 0x33, 0x33, 0x33, 0x33, 0x35, 0xff, 0xc1,
    0xc, 0xfc, 0xff, 0xff, 0xff, 0xff, 0xff, 0xff,
    0x8f, 0xa0, 0x0, 0x72, 0xaa, 0xae, 0xfc, 0xaa,
    0xaa, 0xef, 0x43, 0x0, 0x0, 0x0, 0x0, 0xc,
    0xf3, 0x0, 0x0, 0xbf, 0x30, 0x0, 0x0, 0x0,
    0x0, 0xf, 0xf0, 0x0, 0x0, 0xcf, 0x20, 0x0,
    0x0, 0x0, 0x0, 0x4f, 0xc0, 0x0, 0x0, 0xdf,
    0x10, 0x0, 0x0, 0x0, 0x0, 0xcf, 0x60, 0x0,
    0x0, 0xff, 0x0, 0x0, 0x0, 0x0, 0x5, 0xfe,
    0x0, 0x0, 0x0, 0xff, 0x0, 0x0, 0x0, 0x0,
    0x4f, 0xf6, 0x0, 0x0, 0x3, 0xfd, 0x0, 0x0,
    0x0, 0x7, 0xff, 0xa0, 0x0, 0x0, 0x7, 0xfa,
    0x0, 0x0, 0x5, 0xef, 0xf8, 0x0, 0x1, 0xed,
    0xef, 0xf5, 0x0, 0x0, 0x1, 0xfc, 0x30, 0x0,
    0x0, 0xcf, 0xfe, 0x80, 0x0, 0x0, 0x0, 0x10,
    0x0, 0x0, 0x0, 0x0, 0x0, 0x0, 0x0, 0x0,

    /* U+5207 "切" */
    0x0, 0xe, 0xc0, 0x0, 0x0, 0x0, 0x0, 0x0,
    0x0, 0x0, 0x0, 0xfd, 0x0, 0xa, 0xff, 0xff,
    0xff, 0xff, 0xfd, 0x0, 0xf, 0xd0, 0x0, 0x8b,
    0xbe, 0xfd, 0xbb, 0xcf, 0xd0, 0x0, 0xfd, 0x0,
    0x0, 0x0, 0xaf, 0x30, 0x1, 0xfd, 0x0, 0xf,
    0xe6, 0xad, 0x70, 0xb, 0xf2, 0x0, 0x2f, 0xc3,
    0x9d, 0xff, 0xff, 0xf8, 0x0, 0xcf, 0x20, 0x2,
    0xfc, 0x5f, 0xff, 0xe6, 0x20, 0x0, 0xc, 0xf1,
    0x0, 0x2f, 0xb1, 0x30, 0xfd, 0x0, 0x0, 0x0,
    0xef, 0x0, 0x3, 0xfb, 0x0, 0xf, 0xd0, 0x0,
    0x0, 0xf, 0xd0, 0x0, 0x4f, 0xa0, 0x0, 0xfd,
    0x0, 0x0, 0x3, 0xfa, 0x0, 0x4, 0xf9, 0x0,
    0xf, 0xd0, 0x0, 0x10, 0x6f, 0x70, 0x0, 0x5f,
    0x90, 0x0, 0xfd, 0x17, 0xe9, 0xa, 0xf4, 0x0,
    0x6, 0xf8, 0x0, 0x1f, 0xff, 0xff, 0x71, 0xff,
    0x0, 0x0, 0x8f, 0x70, 0xa, 0xff, 0xe7, 0x0,
    0x9f, 0x90, 0x0, 0x9, 0xf5, 0x0, 0x8e, 0x60,
    0x0, 0x4f, 0xf1, 0x0, 0x0, 0xcf, 0x30, 0x1,
    0x10, 0x0, 0x3f, 0xf7, 0x0, 0x0, 0x1f, 0xf1,
    0x0, 0x0, 0x0, 0x6f, 0xfa, 0x0, 0x6e, 0xdf,
    0xfc, 0x0, 0x0, 0x0, 0x2, 0xe8, 0x0, 0x1,
    0xff, 0xfc, 0x10, 0x0, 0x0, 0x0, 0x1, 0x0,
    0x0, 0x0, 0x0, 0x0, 0x0,

    /* U+5217 "列" */
    0x0, 0x0, 0x0, 0x0, 0x0, 0x0, 0x0, 0x0,
    0x4, 0x40, 0x78, 0x88, 0x88, 0x88, 0x88, 0x30,
    0x0, 0x1, 0xfd, 0xe, 0xff, 0xff, 0xff, 0xff,
    0xf5, 0x16, 0x40, 0x1f, 0xd0, 0x22, 0x3f, 0xe2,
    0x22, 0x22, 0x3, 0xfa, 0x1, 0xfd, 0x0, 0x5,
    0xf9, 0x0, 0x0, 0x0, 0x3f, 0xa0, 0x1f, 0xd0,
    0x0, 0xaf, 0x73, 0x33, 0x30, 0x3, 0xfa, 0x1,
    0xfd, 0x0, 0xf, 0xff, 0xff, 0xff, 0xc0, 0x3f,
    0xa0, 0x1f, 0xd0, 0x5, 0xfc, 0x88, 0x8a, 0xf9,
    0x3, 0xfa, 0x1, 0xfd, 0x0, 0xdf, 0x30, 0x0,
    0x7f, 0x60, 0x3f, 0xa0, 0x1f, 0xd0, 0x7f, 0xb0,
    0x0, 0xb, 0xf2, 0x3, 0xfa, 0x1, 0xfd, 0xe,
    0xf3, 0xc6, 0x1, 0xfd, 0x0, 0x3f, 0xa0, 0x1f,
    0xd0, 0x26, 0x3f, 0xf9, 0x8f, 0x80, 0x3, 0xfa,
    0x1, 0xfd, 0x0, 0x0, 0x2d, 0xff, 0xf1, 0x0,
    0x3f, 0xa0, 0x1f, 0xd0, 0x0, 0x0, 0x1f, 0xf9,
    0x0, 0x2, 0xe9, 0x1, 0xfd, 0x0, 0x0, 0x8,
    0xfe, 0x10, 0x0, 0x0, 0x0, 0x1f, 0xd0, 0x0,
    0x7, 0xff, 0x30, 0x0, 0x0, 0x0, 0x1, 0xfd,
    0x0, 0x1a, 0xff, 0x40, 0x0, 0x0, 0x0, 0x0,
    0x1f, 0xd0, 0x4f, 0xfe, 0x40, 0x0, 0x0, 0x0,
    0xa, 0xcd, 0xfb, 0x1, 0xe9, 0x10, 0x0, 0x0,
    0x0, 0x0, 0x8f, 0xfc, 0x30, 0x1, 0x0, 0x0,
    0x0, 0x0, 0x0, 0x0, 0x0, 0x0,

    /* U+5220 "删" */
    0x0, 0x0, 0x0, 0x0, 0x0, 0x0, 0x0, 0x0,
    0x3, 0x20, 0xc, 0xee, 0xeb, 0xe, 0xee, 0xe8,
    0x0, 0x0, 0xfa, 0x0, 0xde, 0x9e, 0xc0, 0xfc,
    0x9f, 0x80, 0x75, 0xf, 0xa0, 0xd, 0xa0, 0xcc,
    0xf, 0x70, 0xf8, 0xd, 0xa0, 0xfa, 0x0, 0xda,
    0xc, 0xc0, 0xf7, 0xf, 0x80, 0xda, 0xf, 0xa0,
    0xd, 0xa0, 0xcc, 0xf, 0x70, 0xf8, 0xd, 0xa0,
    0xfa, 0x0, 0xda, 0xc, 0xc0, 0xf7, 0xf, 0x80,
    0xda, 0xf, 0xa0, 0xd, 0xa0, 0xcc, 0xf, 0x70,
    0xf8, 0xd, 0xa0, 0xfa, 0x1f, 0xff, 0xff, 0xff,
    0xff, 0xff, 0xf7, 0xda, 0xf, 0xa0, 0xbf, 0xeb,
    0xff, 0xcf, 0xdb, 0xfe, 0x5d, 0xa0, 0xfa, 0x0,
    0xea, 0xc, 0xc1, 0xf7, 0xf, 0x80, 0xda, 0xf,
    0xa0, 0xe, 0xa0, 0xcc, 0x2f, 0x60, 0xf8, 0xd,
    0xa0, 0xfa, 0x0, 0xf9, 0xc, 0xc2, 0xf5, 0xf,
    0x80, 0xda, 0xf, 0xa0, 0xf, 0x80, 0xcc, 0x3f,
    0x40, 0xf8, 0xd, 0x90, 0xfa, 0x1, 0xf7, 0xc,
    0xc5, 0xf3, 0xf, 0x80, 0x0, 0xf, 0xa0, 0x3f,
    0x50, 0xcc, 0x7f, 0x10, 0xf8, 0x0, 0x0, 0xfa,
    0x7, 0xf2, 0xc, 0xca, 0xe0, 0xf, 0x80, 0x0,
    0xf, 0xa0, 0xdd, 0x5d, 0xfb, 0xfa, 0x8d, 0xf7,
    0x3, 0x9a, 0xf9, 0xa, 0x62, 0xca, 0x3a, 0x55,
    0xc9, 0x0, 0x1f, 0xfc, 0x20, 0x0, 0x0, 0x0,
    0x0, 0x0, 0x0, 0x0, 0x0, 0x0,

    /* U+5229 "利" */
    0x0, 0x0, 0x0, 0x0, 0x51, 0x0, 0x0, 0x0,
    0x22, 0x0, 0x0, 0x3, 0x6b, 0xff, 0xd1, 0x0,
    0x0, 0xb, 0xf2, 0x1a, 0xdf, 0xff, 0xfc, 0x83,
    0x0, 0x43, 0x0, 0xbf, 0x20, 0xbb, 0x86, 0xfc,
    0x0, 0x0, 0x1f, 0xb0, 0xb, 0xf2, 0x0, 0x0,
    0xf, 0xc0, 0x0, 0x1, 0xfb, 0x0, 0xbf, 0x20,
    0x0, 0x0, 0xfc, 0x0, 0x0, 0x1f, 0xb0, 0xb,
    0xf2, 0xa, 0xaa, 0xbf, 0xfa, 0xaa, 0x51, 0xfb,
    0x0, 0xbf, 0x20, 0xff, 0xff, 0xff, 0xff, 0xf7,
    0x1f, 0xb0, 0xb, 0xf2, 0x1, 0x11, 0xaf, 0xd1,
    0x11, 0x1, 0xfb, 0x0, 0xbf, 0x20, 0x0, 0x2f,
    0xfe, 0x20, 0x0, 0x1f, 0xb0, 0xb, 0xf2, 0x0,
    0xa, 0xff, 0xfe, 0x40, 0x1, 0xfb, 0x0, 0xbf,
    0x20, 0x3, 0xfa, 0xfe, 0xef, 0x60, 0x1f, 0xb0,
    0xb, 0xf2, 0x0, 0xdf, 0x2f, 0xc2, 0xef, 0x41,
    0xfb, 0x0, 0xbf, 0x20, 0xaf, 0x80, 0xfc, 0x2,
    0xb0, 0x1d, 0x90, 0xb, 0xf2, 0x5f, 0xd0, 0xf,
    0xc0, 0x0, 0x0, 0x0, 0x0, 0xbf, 0x20, 0xd2,
    0x0, 0xfc, 0x0, 0x0, 0x0, 0x0, 0xb, 0xf2,
    0x1, 0x0, 0xf, 0xc0, 0x0, 0x0, 0x0, 0x0,
    0xbf, 0x20, 0x0, 0x0, 0xfc, 0x0, 0x0, 0x0,
    0xae, 0xef, 0xf0, 0x0, 0x0, 0xf, 0xc0, 0x0,
    0x0, 0x5, 0xff, 0xc5, 0x0, 0x0, 0x0, 0x0,
    0x0, 0x0, 0x0, 0x0, 0x0, 0x0,

    /* U+522A "刪" */
    0x0, 0x0, 0x0, 0x0, 0x0, 0x0, 0x0, 0x0,
    0x1, 0x10, 0x8, 0xaa, 0xaa, 0xaa, 0xaa, 0x80,
    0x0, 0x0, 0xfa, 0x0, 0xdf, 0xef, 0xef, 0xfe,
    0xfc, 0x2, 0x30, 0xf, 0xa0, 0xd, 0xb0, 0xf3,
    0x7c, 0xd, 0xc0, 0xaf, 0x0, 0xfa, 0x0, 0xdb,
    0xf, 0x37, 0xc0, 0xdc, 0xa, 0xf0, 0xf, 0xa0,
    0xd, 0xb0, 0xf3, 0x7c, 0xd, 0xc0, 0xaf, 0x0,
    0xfa, 0x0, 0xdb, 0xf, 0x37, 0xc0, 0xdc, 0xa,
    0xf0, 0xf, 0xa0, 0xd, 0xb0, 0xf3, 0x7c, 0xd,
    0xc0, 0xaf, 0x0, 0xfa, 0xa, 0xfe, 0xaf, 0xbd,
    0xea, 0xfe, 0x9a, 0xf0, 0xf, 0xa1, 0xff, 0xff,
    0xff, 0xff, 0xff, 0xfe, 0xaf, 0x0, 0xfa, 0x1,
    0xdb, 0x1f, 0x48, 0xd1, 0xec, 0x1a, 0xf0, 0xf,
    0xa0, 0xd, 0xb0, 0xf3, 0x7c, 0xd, 0xc0, 0xaf,
    0x0, 0xfa, 0x0, 0xdb, 0xf, 0x37, 0xc0, 0xdc,
    0xa, 0xf0, 0xf, 0xa0, 0xd, 0xb0, 0xf3, 0x7c,
    0xd, 0xc0, 0x9e, 0x0, 0xfa, 0x0, 0xdb, 0xf,
    0x37, 0xc0, 0xdc, 0x0, 0x0, 0xf, 0xa0, 0xd,
    0xb0, 0xf3, 0x7c, 0xd, 0xc0, 0x0, 0x0, 0xfa,
    0x0, 0xdb, 0xf, 0x37, 0xc0, 0xdc, 0x0, 0x0,
    0x1f, 0xa0, 0xd, 0xb0, 0xf3, 0x7e, 0x9f, 0xb0,
    0xa, 0xcd, 0xf8, 0x0, 0xdb, 0xf, 0x37, 0xbd,
    0xe5, 0x0, 0x8f, 0xeb, 0x10, 0x0, 0x0, 0x0,
    0x0, 0x0, 0x0, 0x0, 0x0, 0x0,

    /* U+522B "别" */
    0x0, 0x0, 0x0, 0x0, 0x0, 0x0, 0x0, 0x0,
    0x2, 0x20, 0xb, 0xbb, 0xbb, 0xbb, 0xb0, 0x0,
    0x0, 0x1, 0xfb, 0x1, 0xff, 0xee, 0xee, 0xff,
    0x0, 0x23, 0x0, 0x1f, 0xb0, 0x1f, 0xa0, 0x0,
    0xc, 0xf0, 0xc, 0xf1, 0x1, 0xfb, 0x1, 0xfa,
    0x0, 0x0, 0xcf, 0x0, 0xcf, 0x10, 0x1f, 0xb0,
    0x1f, 0xa0, 0x0, 0xc, 0xf0, 0xc, 0xf1, 0x1,
    0xfb, 0x1, 0xff, 0xdd, 0xdd, 0xff, 0x0, 0xcf,
    0x10, 0x1f, 0xb0, 0xc, 0xcc, 0xcc, 0xcc, 0xc0,
    0xc, 0xf1, 0x1, 0xfb, 0x0, 0x0, 0x5c, 0x40,
    0x0, 0x0, 0xcf, 0x10, 0x1f, 0xb0, 0x23, 0x39,
    0xf7, 0x33, 0x31, 0xc, 0xf1, 0x1, 0xfb, 0xe,
    0xff, 0xff, 0xff, 0xff, 0x60, 0xcf, 0x10, 0x1f,
    0xb0, 0x89, 0x9d, 0xfa, 0x9c, 0xf5, 0xc, 0xf1,
    0x1, 0xfb, 0x0, 0x0, 0xdf, 0x0, 0x8f, 0x40,
    0xcf, 0x10, 0x1f, 0xb0, 0x0, 0x1f, 0xc0, 0x9,
    0xf4, 0xb, 0xe1, 0x1, 0xfb, 0x0, 0x7, 0xf7,
    0x0, 0xaf, 0x20, 0x0, 0x0, 0x1f, 0xb0, 0x1,
    0xef, 0x10, 0xc, 0xf1, 0x0, 0x0, 0x1, 0xfb,
    0x1, 0xcf, 0x80, 0x1, 0xef, 0x0, 0x0, 0x0,
    0x2f, 0xb2, 0xef, 0xc0, 0x6f, 0xff, 0xb0, 0x0,
    0x9e, 0xef, 0xf9, 0x9, 0x90, 0x1, 0xcc, 0xa1,
    0x0, 0x5, 0xff, 0xea, 0x10, 0x0, 0x0, 0x0,
    0x0, 0x0, 0x0, 0x0, 0x0, 0x0,

    /* U+5230 "到" */
    0x25, 0x55, 0x55, 0x55, 0x55, 0x50, 0x11, 0x1,
    0xda, 0x6f, 0xff, 0xff, 0xff, 0xff, 0xe1, 0xfb,
    0x1, 0xfc, 0x0, 0xd, 0xf4, 0x5, 0x20, 0x1,
    0xfb, 0x1, 0xfc, 0x0, 0x5f, 0x90, 0x2f, 0xc0,
    0x1, 0xfb, 0x1, 0xfc, 0x0, 0xee, 0x10, 0x7,
    0xf8, 0x1, 0xfb, 0x1, 0xfc, 0xb, 0xfd, 0xbc,
    0xde, 0xff, 0x21, 0xfb, 0x1, 0xfc, 0xb, 0xff,
    0xed, 0xba, 0x9f, 0xa1, 0xfb, 0x1, 0xfc, 0x2,
    0x20, 0x7, 0x40, 0x5, 0x1, 0xfb, 0x1, 0xfc,
    0x0, 0x0, 0x1f, 0xa0, 0x0, 0x1, 0xfb, 0x1,
    0xfc, 0x7, 0x77, 0x8f, 0xd7, 0x77, 0x31, 0xfb,
    0x1, 0xfc, 0xe, 0xff, 0xff, 0xff, 0xff, 0x71,
    0xfb, 0x1, 0xfc, 0x2, 0x22, 0x4f, 0xb2, 0x22,
    0x11, 0xfb, 0x1, 0xfc, 0x0, 0x0, 0x1f, 0xa0,
    0x0, 0x1, 0xfb, 0x1, 0xfc, 0x0, 0x0, 0x1f,
    0xa0, 0x26, 0x70, 0x0, 0x1, 0xfc, 0x0, 0x1,
    0x5f, 0xee, 0xff, 0xc0, 0x0, 0x1, 0xfc, 0x5b,
    0xef, 0xff, 0xff, 0xeb, 0x70, 0x0, 0x1, 0xfc,
    0x6f, 0xff, 0xc8, 0x52, 0x0, 0x0, 0xc, 0xcd,
    0xfa, 0x25, 0x20, 0x0, 0x0, 0x0, 0x0, 0xa,
    0xff, 0xb2, 0x0, 0x0, 0x0, 0x0, 0x0, 0x0,
    0x0, 0x0, 0x0,

    /* U+5236 "制" */
    0x0, 0x10, 0x2, 0x62, 0x0, 0x0, 0x0, 0x0,
    0x4, 0x30, 0x9, 0xf3, 0x6f, 0x50, 0x0, 0x0,
    0x11, 0x1, 0xfb, 0x0, 0xef, 0x17, 0xf7, 0x11,
    0x10, 0xc, 0xf0, 0x1f, 0xb0, 0x3f, 0xff, 0xff,
    0xff, 0xff, 0x30, 0xcf, 0x1, 0xfb, 0xb, 0xfa,
    0x9c, 0xfc, 0x99, 0x92, 0xc, 0xf0, 0x1f, 0xb2,
    0xfc, 0x0, 0x6f, 0x50, 0x0, 0x0, 0xcf, 0x1,
    0xfb, 0x1b, 0xb8, 0x8b, 0xfb, 0x88, 0x88, 0xc,
    0xf0, 0x1f, 0xb2, 0xff, 0xff, 0xff, 0xff, 0xff,
    0xf0, 0xcf, 0x1, 0xfb, 0x3, 0x33, 0x38, 0xf8,
    0x33, 0x33, 0xc, 0xf0, 0x1f, 0xb0, 0x0, 0x0,
    0x7f, 0x60, 0x0, 0x0, 0xcf, 0x1, 0xfb, 0x5,
    0xff, 0xff, 0xff, 0xff, 0xf6, 0xc, 0xf0, 0x1f,
    0xb0, 0x5f, 0xca, 0xcf, 0xca, 0xcf, 0x60, 0xcf,
    0x1, 0xfb, 0x5, 0xf5, 0x6, 0xf5, 0x4, 0xf6,
    0xc, 0xf0, 0x1f, 0xb0, 0x5f, 0x50, 0x6f, 0x50,
    0x4f, 0x60, 0x0, 0x1, 0xfb, 0x5, 0xf5, 0x6,
    0xf5, 0x4, 0xf6, 0x0, 0x0, 0x1f, 0xb0, 0x5f,
    0x50, 0x6f, 0x67, 0xaf, 0x60, 0x0, 0x1, 0xfb,
    0x5, 0xf5, 0x6, 0xf5, 0xcf, 0xe2, 0x0, 0x0,
    0x1f, 0xb0, 0x0, 0x0, 0x6f, 0x51, 0x10, 0x0,
    0xe, 0xee, 0xf9, 0x0, 0x0, 0x6, 0xf5, 0x0,
    0x0, 0x0, 0xbf, 0xfb, 0x20, 0x0, 0x0, 0x0,
    0x0, 0x0, 0x0, 0x0, 0x0, 0x0,

    /* U+5237 "刷" */
    0x0, 0x0, 0x0, 0x0, 0x0, 0x0, 0x0, 0x0,
    0x2, 0x10, 0x9, 0x99, 0x99, 0x99, 0x99, 0x70,
    0x0, 0x1, 0xfb, 0x0, 0xfe, 0xcc, 0xcc, 0xcd,
    0xfb, 0x1f, 0xa0, 0x1f, 0xb0, 0xf, 0xa0, 0x0,
    0x0, 0x1f, 0xb1, 0xfb, 0x1, 0xfb, 0x0, 0xfa,
    0x0, 0x0, 0x1, 0xfb, 0x1f, 0xb0, 0x1f, 0xb0,
    0xf, 0xff, 0xff, 0xff, 0xff, 0xb1, 0xfb, 0x1,
    0xfb, 0x0, 0xfe, 0xaa, 0xaf, 0xda, 0xa7, 0x1f,
    0xb0, 0x1f, 0xb0, 0xf, 0xa0, 0x1, 0xf8, 0x0,
    0x1, 0xfb, 0x1, 0xfb, 0x0, 0xfb, 0x77, 0x7f,
    0xb7, 0x75, 0x1f, 0xb0, 0x1f, 0xb0, 0x1f, 0xcf,
    0xff, 0xff, 0xff, 0xc1, 0xfb, 0x1, 0xfb, 0x2,
    0xfb, 0xf6, 0x3f, 0x91, 0xcc, 0x1f, 0xb0, 0x1f,
    0xb0, 0x2f, 0xaf, 0x41, 0xf8, 0xb, 0xc1, 0xfb,
    0x1, 0xfb, 0x3, 0xf9, 0xf4, 0x1f, 0x80, 0xbc,
    0x1f, 0xb0, 0x1f, 0xb0, 0x5f, 0x7f, 0x41, 0xf8,
    0xb, 0xc0, 0x75, 0x1, 0xfb, 0x8, 0xf4, 0xf4,
    0x1f, 0x80, 0xcc, 0x0, 0x0, 0x1f, 0xb0, 0xcf,
    0x2f, 0x41, 0xf9, 0xff, 0xa0, 0x0, 0x1, 0xfb,
    0x1f, 0xb1, 0x92, 0x1f, 0x85, 0x50, 0x0, 0x0,
    0x1f, 0xb5, 0xf5, 0x0, 0x1, 0xf8, 0x0, 0x0,
    0xd, 0xee, 0xf9, 0x4, 0x0, 0x0, 0x1f, 0x80,
    0x0, 0x0, 0xaf, 0xeb, 0x10, 0x0, 0x0, 0x0,
    0x0, 0x0, 0x0, 0x0, 0x0, 0x0,

    /* U+523B "刻" */
    0x0, 0x0, 0x4, 0x70, 0x0, 0x0, 0x0, 0x0,
    0x3, 0x20, 0x0, 0x0, 0x9f, 0x80, 0x0, 0x0,
    0x0, 0x1, 0xfc, 0xa, 0xaa, 0xab, 0xff, 0xaa,
    0xaa, 0xa, 0xd0, 0x1f, 0xc0, 0xff, 0xff, 0xff,
    0xff, 0xff, 0xf0, 0xcf, 0x1, 0xfc, 0x0, 0x1,
    0xbf, 0x70, 0x0, 0x0, 0xc, 0xf0, 0x1f, 0xc0,
    0x0, 0x7f, 0x90, 0x3, 0xb4, 0x0, 0xcf, 0x1,
    0xfc, 0x0, 0x5f, 0xb0, 0x0, 0xdf, 0x30, 0xc,
    0xf0, 0x1f, 0xc0, 0x5f, 0xfd, 0xde, 0xff, 0x90,
    0x0, 0xcf, 0x1, 0xfc, 0x3, 0xfd, 0xcb, 0xef,
    0xd1, 0x0, 0xc, 0xf0, 0x1f, 0xc0, 0x0, 0x0,
    0x7f, 0xe2, 0x2e, 0x90, 0xcf, 0x1, 0xfc, 0x0,
    0x0, 0x9f, 0xf3, 0xb, 0xf5, 0xc, 0xf0, 0x1f,
    0xc0, 0x4, 0xdf, 0xe3, 0x6, 0xf9, 0x0, 0xcf,
    0x1, 0xfc, 0x8, 0xff, 0xc1, 0x4, 0xfc, 0x0,
    0xc, 0xf0, 0x1f, 0xc0, 0x2f, 0x70, 0x4, 0xff,
    0x50, 0x0, 0x45, 0x1, 0xfc, 0x0, 0x0, 0x6,
    0xff, 0xfe, 0x20, 0x0, 0x0, 0x1f, 0xc0, 0x0,
    0xa, 0xfe, 0x37, 0xfe, 0x20, 0x0, 0x1, 0xfc,
    0x0, 0x5e, 0xfd, 0x20, 0x8, 0xfd, 0x10, 0x0,
    0x1f, 0xc0, 0xbf, 0xf9, 0x0, 0x0, 0xa, 0xc0,
    0x3c, 0xbd, 0xfa, 0x4, 0xd4, 0x0, 0x0, 0x0,
    0x0, 0x0, 0xff, 0xfc, 0x20, 0x0, 0x0, 0x0,
    0x0, 0x0, 0x0, 0x0, 0x0, 0x0,

    /* U+524A "削" */
    0x0, 0x0, 0x9a, 0x0, 0x0, 0x0, 0x0, 0x0,
    0x22, 0x4a, 0x0, 0xdf, 0x0, 0xca, 0x0, 0x0,
    0x1, 0xfc, 0x7f, 0x50, 0xdf, 0x2, 0xfb, 0x2,
    0x30, 0x1, 0xfc, 0x1f, 0xb0, 0xdf, 0x8, 0xf4,
    0xc, 0xf1, 0x1, 0xfc, 0xb, 0xf0, 0xdf, 0xe,
    0xc0, 0xc, 0xf1, 0x1, 0xfc, 0x6, 0x52, 0xef,
    0x26, 0x50, 0xc, 0xf1, 0x1, 0xfc, 0x2f, 0xff,
    0xff, 0xff, 0xf2, 0xc, 0xf1, 0x1, 0xfc, 0x2f,
    0xe9, 0x99, 0x9d, 0xf2, 0xc, 0xf1, 0x1, 0xfc,
    0x2f, 0xa0, 0x0, 0xa, 0xf2, 0xc, 0xf1, 0x1,
    0xfc, 0x2f, 0xff, 0xff, 0xff, 0xf2, 0xc, 0xf1,
    0x1, 0xfc, 0x2f, 0xea, 0xaa, 0xae, 0xf2, 0xc,
    0xf1, 0x1, 0xfc, 0x2f, 0xa0, 0x0, 0xa, 0xf2,
    0xc, 0xf1, 0x1, 0xfc, 0x2f, 0xe9, 0x99, 0x9d,
    0xf2, 0xc, 0xf1, 0x1, 0xfc, 0x2f, 0xff, 0xff,
    0xff, 0xf2, 0x8, 0xa0, 0x1, 0xfc, 0x2f, 0xa0,
    0x0, 0xa, 0xf2, 0x0, 0x0, 0x1, 0xfc, 0x2f,
    0xa0, 0x0, 0xa, 0xf2, 0x0, 0x0, 0x1, 0xfc,
    0x2f, 0xa0, 0x0, 0xa, 0xf2, 0x0, 0x0, 0x1,
    0xfc, 0x2f, 0xa0, 0xc, 0xff, 0xf0, 0x0, 0xae,
    0xef, 0xfa, 0x1d, 0x80, 0x6, 0xba, 0x40, 0x0,
    0x6f, 0xfe, 0xa1, 0x0, 0x0, 0x0, 0x0, 0x0,
    0x0, 0x0, 0x0, 0x0,

    /* U+524D "前" */
    0x0, 0x6, 0xb1, 0x0, 0x0, 0x0, 0x1c, 0x80,
    0x0, 0x0, 0x0, 0x7f, 0xc0, 0x0, 0x0, 0x9,
    0xfb, 0x0, 0x0, 0x0, 0x0, 0xcf, 0x60, 0x0,
    0x2, 0xff, 0x10, 0x0, 0xc, 0xcc, 0xcd, 0xfc,
    0xcc, 0xcc, 0xef, 0xec, 0xcc, 0xc0, 0xff, 0xff,
    0xff, 0xff, 0xff, 0xff, 0xff, 0xff, 0xff, 0x0,
    0x0, 0x0, 0x0, 0x0, 0x0, 0x0, 0x0, 0x0,
    0x0, 0x4, 0x55, 0x55, 0x55, 0x40, 0x4, 0x20,
    0x7, 0x50, 0x0, 0xcf, 0xff, 0xff, 0xfc, 0x1,
    0xfa, 0x1, 0xfc, 0x0, 0xc, 0xf2, 0x22, 0x3f,
    0xc0, 0x1f, 0xa0, 0x1f, 0xc0, 0x0, 0xcf, 0x33,
    0x34, 0xfc, 0x1, 0xfa, 0x1, 0xfc, 0x0, 0xc,
    0xff, 0xff, 0xff, 0xc0, 0x1f, 0xa0, 0x1f, 0xc0,
    0x0, 0xcf, 0x33, 0x34, 0xfc, 0x1, 0xfa, 0x1,
    0xfc, 0x0, 0xc, 0xf0, 0x0, 0x1f, 0xc0, 0x1f,
    0xa0, 0x1f, 0xc0, 0x0, 0xcf, 0xff, 0xff, 0xfc,
    0x1, 0xfa, 0x1, 0xfc, 0x0, 0xc, 0xf5, 0x55,
    0x6f, 0xc0, 0x1f, 0x90, 0x1f, 0xc0, 0x0, 0xcf,
    0x0, 0x0, 0xfc, 0x0, 0x0, 0x1, 0xfc, 0x0,
    0xc, 0xf0, 0x0, 0xf, 0xc0, 0x0, 0x0, 0x1f,
    0xc0, 0x0, 0xcf, 0x3, 0x9a, 0xfb, 0x0, 0xa,
    0xbc, 0xfb, 0x0, 0xc, 0xf0, 0xf, 0xfd, 0x30,
    0x0, 0x8f, 0xfc, 0x30, 0x0, 0x0, 0x0, 0x0,
    0x0, 0x0, 0x0, 0x0, 0x0, 0x0,

    /* U+5272 "割" */
    0x0, 0x0, 0x27, 0x20, 0x0, 0x0, 0x0, 0x0,
    0x64, 0x0, 0x0, 0x4f, 0xb0, 0x0, 0x0, 0x0,
    0x0, 0xfc, 0xbf, 0xff, 0xff, 0xff, 0xff, 0xf3,
    0x12, 0x0, 0xfc, 0xbf, 0x55, 0x58, 0x75, 0x5a,
    0xf3, 0x9f, 0x10, 0xfc, 0xbe, 0x11, 0x1f, 0xb1,
    0x18, 0xf3, 0x9f, 0x10, 0xfc, 0x2b, 0xff, 0xff,
    0xff, 0xff, 0x20, 0x9f, 0x10, 0xfc, 0x1, 0x22,
    0x2f, 0xb2, 0x22, 0x0, 0x9f, 0x10, 0xfc, 0x2,
    0xee, 0xef, 0xfe, 0xe7, 0x0, 0x9f, 0x10, 0xfc,
    0x0, 0x66, 0x7f, 0xd6, 0x63, 0x0, 0x9f, 0x10,
    0xfc, 0x23, 0x33, 0x3f, 0xc3, 0x33, 0x30, 0x9f,
    0x10, 0xfc, 0xaf, 0xff, 0xff, 0xff, 0xff, 0xf0,
    0x9f, 0x10, 0xfc, 0x11, 0x11, 0x2f, 0xb1, 0x11,
    0x10, 0x9f, 0x10, 0xfc, 0x5, 0x99, 0x9f, 0xd9,
    0x99, 0x0, 0x9f, 0x10, 0xfc, 0x8, 0xff, 0xff,
    0xff, 0xff, 0x10, 0x7b, 0x0, 0xfc, 0x8, 0xf0,
    0x0, 0x0, 0x9f, 0x10, 0x0, 0x0, 0xfc, 0x8,
    0xf0, 0x0, 0x0, 0x9f, 0x10, 0x0, 0x0, 0xfc,
    0x8, 0xff, 0xff, 0xff, 0xff, 0x10, 0x0, 0x0,
    0xfc, 0x8, 0xf7, 0x77, 0x77, 0xcf, 0x10, 0xa,
    0xcc, 0xfa, 0x8, 0xf0, 0x0, 0x0, 0x8e, 0x10,
    0x9, 0xff, 0xb2, 0x0, 0x0, 0x0, 0x0, 0x0,
    0x0, 0x0, 0x0, 0x0,

    /* U+529B "力" */
    0x0, 0x0, 0x0, 0x0, 0x0, 0x0, 0x0, 0x0,
    0x0, 0x0, 0x0, 0x0, 0x0, 0xf, 0xf0, 0x0,
    0x0, 0x0, 0x0, 0x0, 0x0, 0x0, 0x0, 0xff,
    0x0, 0x0, 0x0, 0x0, 0x0, 0x0, 0x0, 0x0,
    0xf, 0xf0, 0x0, 0x0, 0x0, 0x0, 0x0, 0x0,
    0x0, 0x0, 0xff, 0x0, 0x0, 0x0, 0x0, 0x0,
    0x5c, 0xcc, 0xcc, 0xdf, 0xfc, 0xcc, 0xcc, 0xcc,
    0xc2, 0x6, 0xff, 0xff, 0xff, 0xff, 0xff, 0xff,
    0xff, 0xff, 0x20, 0x1, 0x11, 0x11, 0x4f, 0xd1,
    0x11, 0x11, 0x1d, 0xf1, 0x0, 0x0, 0x0, 0x5,
    0xfa, 0x0, 0x0, 0x0, 0xef, 0x0, 0x0, 0x0,
    0x0, 0x8f, 0x80, 0x0, 0x0, 0xf, 0xf0, 0x0,
    0x0, 0x0, 0xb, 0xf6, 0x0, 0x0, 0x0, 0xfe,
    0x0, 0x0, 0x0, 0x1, 0xff, 0x10, 0x0, 0x0,
    0x1f, 0xd0, 0x0, 0x0, 0x0, 0x7f, 0xb0, 0x0,
    0x0, 0x2, 0xfc, 0x0, 0x0, 0x0, 0xd, 0xf6,
    0x0, 0x0, 0x0, 0x4f, 0xa0, 0x0, 0x0, 0x8,
    0xfe, 0x0, 0x0, 0x0, 0x6, 0xf9, 0x0, 0x0,
    0x4, 0xff, 0x50, 0x0, 0x0, 0x0, 0x8f, 0x70,
    0x0, 0x3, 0xff, 0xa0, 0x0, 0x0, 0x0, 0xb,
    0xf4, 0x0, 0x5, 0xff, 0xc0, 0x0, 0x0, 0x0,
    0x2, 0xff, 0x10, 0x9, 0xff, 0xb0, 0x0, 0x0,
    0x1e, 0xee, 0xff, 0xa0, 0x0, 0x3f, 0x80, 0x0,
    0x0, 0x0, 0xbf, 0xff, 0xa1, 0x0, 0x0, 0x10,
    0x0, 0x0, 0x0, 0x0, 0x0, 0x0, 0x0, 0x0,

    /* U+529F "功" */
    0x0, 0x0, 0x0, 0x0, 0x0, 0x5, 0xc6, 0x0,
    0x0, 0x0, 0x0, 0x0, 0x0, 0x0, 0x0, 0x6f,
    0x80, 0x0, 0x0, 0x1d, 0xdd, 0xdd, 0xdd, 0x40,
    0x6, 0xf8, 0x0, 0x0, 0x1, 0xff, 0xff, 0xff,
    0xf5, 0x0, 0x6f, 0x70, 0x0, 0x0, 0x0, 0x4,
    0xf9, 0x0, 0x4a, 0xac, 0xfd, 0xaa, 0xaa, 0x80,
    0x0, 0x4f, 0x90, 0x6, 0xff, 0xff, 0xff, 0xff,
    0xfc, 0x0, 0x4, 0xf9, 0x0, 0x2, 0x29, 0xf6,
    0x22, 0x3f, 0xc0, 0x0, 0x4f, 0x90, 0x0, 0x0,
    0xaf, 0x30, 0x1, 0xfb, 0x0, 0x4, 0xf9, 0x0,
    0x0, 0xc, 0xf2, 0x0, 0x2f, 0xb0, 0x0, 0x4f,
    0x90, 0x0, 0x0, 0xef, 0x0, 0x3, 0xfa, 0x0,
    0x4, 0xf9, 0x0, 0x0, 0x1f, 0xd0, 0x0, 0x3f,
    0x90, 0x0, 0x4f, 0x92, 0x77, 0x6, 0xf9, 0x0,
    0x4, 0xf8, 0x0, 0x7, 0xff, 0xff, 0xc0, 0xaf,
    0x50, 0x0, 0x5f, 0x82, 0xcf, 0xff, 0xfe, 0x94,
    0x2f, 0xf1, 0x0, 0x7, 0xf6, 0x1f, 0xfd, 0x83,
    0x0, 0xb, 0xf9, 0x0, 0x0, 0x8f, 0x50, 0x61,
    0x0, 0x0, 0x5, 0xfe, 0x10, 0x0, 0xb, 0xf3,
    0x0, 0x0, 0x0, 0x4, 0xff, 0x60, 0x0, 0x1,
    0xff, 0x10, 0x0, 0x0, 0x7, 0xff, 0x90, 0x8,
    0xdc, 0xff, 0xc0, 0x0, 0x0, 0x0, 0x3e, 0x70,
    0x0, 0x4f, 0xff, 0xb1, 0x0, 0x0, 0x0, 0x0,
    0x0, 0x0, 0x0, 0x0, 0x0, 0x0,

    /* U+52A0 "加" */
    0x0, 0x1, 0x74, 0x0, 0x0, 0x0, 0x0, 0x0,
    0x0, 0x0, 0x0, 0x3f, 0xa0, 0x0, 0x0, 0x0,
    0x0, 0x0, 0x0, 0x0, 0x3, 0xfa, 0x0, 0x0,
    0x4, 0x55, 0x55, 0x55, 0x30, 0x0, 0x4f, 0xa0,
    0x0, 0x0, 0xbf, 0xff, 0xff, 0xfa, 0xd, 0xff,
    0xff, 0xff, 0xff, 0xb, 0xf8, 0x77, 0x9f, 0xa0,
    0xac, 0xdf, 0xec, 0xcf, 0xf0, 0xbf, 0x10, 0x3,
    0xfa, 0x0, 0x4, 0xf8, 0x0, 0xdf, 0xb, 0xf1,
    0x0, 0x3f, 0xa0, 0x0, 0x5f, 0x70, 0xd, 0xf0,
    0xbf, 0x10, 0x3, 0xfa, 0x0, 0x6, 0xf6, 0x0,
    0xee, 0xb, 0xf1, 0x0, 0x3f, 0xa0, 0x0, 0x8f,
    0x50, 0xe, 0xe0, 0xbf, 0x10, 0x3, 0xfa, 0x0,
    0xa, 0xf3, 0x0, 0xfe, 0xb, 0xf1, 0x0, 0x3f,
    0xa0, 0x0, 0xdf, 0x0, 0xf, 0xd0, 0xbf, 0x10,
    0x3, 0xfa, 0x0, 0xf, 0xe0, 0x0, 0xfd, 0xb,
    0xf1, 0x0, 0x3f, 0xa0, 0x4, 0xfb, 0x0, 0x1f,
    0xc0, 0xbf, 0x10, 0x3, 0xfa, 0x0, 0xaf, 0x60,
    0x2, 0xfb, 0xb, 0xf1, 0x0, 0x3f, 0xa0, 0x1f,
    0xf1, 0x0, 0x4f, 0xa0, 0xbf, 0xff, 0xff, 0xfa,
    0xb, 0xfb, 0x0, 0x8, 0xf8, 0xb, 0xfe, 0xdd,
    0xef, 0xa3, 0xff, 0x32, 0xed, 0xff, 0x40, 0xbf,
    0x10, 0x3, 0xfa, 0x8, 0x90, 0xd, 0xfe, 0x80,
    0xb, 0xf1, 0x0, 0x2d, 0x90, 0x0, 0x0, 0x0,
    0x0, 0x0, 0x0, 0x0, 0x0, 0x0,

    /* U+52A1 "务" */
    0x0, 0x0, 0x0, 0xc, 0xb1, 0x0, 0x0, 0x0,
    0x0, 0x0, 0x0, 0x0, 0x0, 0xaf, 0xa0, 0x0,
    0x0, 0x0, 0x0, 0x0, 0x0, 0x0, 0x9, 0xff,
    0xff, 0xff, 0xff, 0xff, 0xe3, 0x0, 0x0, 0x1,
    0xbf, 0xea, 0xaa, 0xaa, 0xaa, 0xef, 0xd0, 0x0,
    0x0, 0x5e, 0xff, 0xf5, 0x0, 0x0, 0x9, 0xfd,
    0x10, 0x0, 0x1, 0xef, 0x72, 0xcf, 0x91, 0x6,
    0xdf, 0xb1, 0x0, 0x0, 0x0, 0x32, 0x0, 0xa,
    0xff, 0xef, 0xe5, 0x0, 0x0, 0x0, 0x0, 0x0,
    0x36, 0xae, 0xff, 0xff, 0xeb, 0x85, 0x32, 0x0,
    0xb, 0xef, 0xff, 0xfc, 0x83, 0x27, 0xbf, 0xff,
    0xff, 0xe1, 0x8, 0xda, 0x75, 0x10, 0x37, 0x40,
    0x0, 0x35, 0x7a, 0x50, 0x0, 0x0, 0x0, 0x0,
    0x8f, 0x60, 0x0, 0x0, 0x0, 0x0, 0x0, 0x6a,
    0xaa, 0xaa, 0xef, 0xca, 0xaa, 0xaa, 0xa5, 0x0,
    0x0, 0x8f, 0xff, 0xff, 0xff, 0xff, 0xff, 0xff,
    0xf6, 0x0, 0x0, 0x0, 0x0, 0xa, 0xf6, 0x0,
    0x0, 0x9, 0xf4, 0x0, 0x0, 0x0, 0x0, 0x5f,
    0xd0, 0x0, 0x0, 0xb, 0xf2, 0x0, 0x0, 0x0,
    0x5, 0xff, 0x40, 0x0, 0x0, 0xe, 0xf0, 0x0,
    0x0, 0x2, 0xaf, 0xf5, 0x0, 0x0, 0x0, 0x3f,
    0xb0, 0x0, 0x6, 0xcf, 0xfc, 0x30, 0x0, 0x6a,
    0x99, 0xef, 0x50, 0x0, 0x4, 0xfb, 0x50, 0x0,
    0x0, 0x4f, 0xff, 0xe8, 0x0, 0x0, 0x0, 0x10,
    0x0, 0x0, 0x0, 0x0, 0x0, 0x0, 0x0, 0x0,

    /* U+52A8 "动" */
    0x0, 0x0, 0x0, 0x0, 0x0, 0x1, 0x85, 0x0,
    0x0, 0x0, 0x0, 0x0, 0x0, 0x0, 0x3, 0xfa,
    0x0, 0x0, 0x4f, 0xff, 0xff, 0xff, 0x70, 0x3,
    0xfa, 0x0, 0x0, 0x29, 0x99, 0x99, 0x99, 0x40,
    0x3, 0xf9, 0x0, 0x0, 0x0, 0x0, 0x0, 0x0,
    0x4, 0x47, 0xfb, 0x44, 0x44, 0x0, 0x0, 0x0,
    0x0, 0xd, 0xff, 0xff, 0xff, 0xff, 0xaa, 0xaa,
    0xaa, 0xaa, 0x94, 0x58, 0xfa, 0x55, 0xfe, 0xff,
    0xff, 0xff, 0xff, 0xd0, 0x6, 0xf6, 0x0, 0xfe,
    0x0, 0x7f, 0x80, 0x0, 0x0, 0x8, 0xf5, 0x0,
    0xfd, 0x0, 0xbf, 0x30, 0x11, 0x0, 0x9, 0xf4,
    0x0, 0xfd, 0x0, 0xef, 0x0, 0xfa, 0x0, 0xc,
    0xf2, 0x1, 0xfc, 0x3, 0xfa, 0x0, 0xaf, 0x10,
    0xf, 0xe0, 0x1, 0xfb, 0x8, 0xf4, 0x0, 0x5f,
    0x60, 0x2f, 0xb0, 0x2, 0xfa, 0xd, 0xe0, 0x37,
    0xbf, 0xc0, 0x7f, 0x80, 0x3, 0xf9, 0x5f, 0xff,
    0xff, 0xff, 0xf1, 0xdf, 0x20, 0x5, 0xf8, 0xaf,
    0xfd, 0x95, 0x27, 0xe7, 0xfc, 0x0, 0x7, 0xf7,
    0x37, 0x20, 0x0, 0x0, 0x1e, 0xf5, 0x0, 0xb,
    0xf4, 0x0, 0x0, 0x0, 0x0, 0xaf, 0xb0, 0xbc,
    0xdf, 0xf0, 0x0, 0x0, 0x0, 0x0, 0x3d, 0x10,
    0x9f, 0xfe, 0x50, 0x0, 0x0, 0x0, 0x0, 0x0,
    0x0, 0x0, 0x0, 0x0,

    /* U+52B9 "効" */
    0x0, 0x0, 0x48, 0x0, 0x0, 0x0, 0x5, 0x40,
    0x0, 0x0, 0x0, 0xa, 0xf5, 0x0, 0x0, 0x0,
    0xfc, 0x0, 0x0, 0x0, 0x0, 0x2f, 0xc0, 0x0,
    0x0, 0xf, 0xc0, 0x0, 0x0, 0xbc, 0xcc, 0xfd,
    0xcc, 0xc6, 0x0, 0xfc, 0x0, 0x0, 0xc, 0xdd,
    0xdd, 0xdd, 0xdd, 0x70, 0xf, 0xc0, 0x0, 0x0,
    0x0, 0x86, 0x0, 0x54, 0x2, 0xff, 0xff, 0xff,
    0xf9, 0x0, 0x4f, 0x90, 0xe, 0xe2, 0x2b, 0xbf,
    0xeb, 0xbf, 0x90, 0xd, 0xf1, 0x0, 0x3f, 0xc0,
    0x1, 0xf9, 0x2, 0xf8, 0xb, 0xf6, 0x0, 0x14,
    0x9f, 0x70, 0x3f, 0x80, 0x2f, 0x80, 0xea, 0x32,
    0x6, 0xf7, 0xe9, 0x4, 0xf6, 0x3, 0xf7, 0x3,
    0x1e, 0xe2, 0xcf, 0x11, 0x0, 0x6f, 0x40, 0x3f,
    0x70, 0x0, 0x4f, 0xef, 0xb0, 0x0, 0xa, 0xf1,
    0x4, 0xf6, 0x0, 0x0, 0x5f, 0xf5, 0x0, 0x0,
    0xde, 0x0, 0x5f, 0x60, 0x0, 0x4, 0xff, 0xb0,
    0x0, 0x2f, 0xa0, 0x5, 0xf5, 0x0, 0x1, 0xef,
    0xcf, 0x80, 0xa, 0xf4, 0x0, 0x7f, 0x40, 0x0,
    0xcf, 0x71, 0xef, 0x11, 0xfd, 0x0, 0x8, 0xf3,
    0x2, 0xdf, 0xa0, 0x4, 0x40, 0xcf, 0x60, 0x0,
    0xcf, 0x11, 0xff, 0x90, 0x0, 0x0, 0xbf, 0xa0,
    0x7b, 0xcf, 0xc0, 0x8, 0x60, 0x0, 0x0, 0x7,
    0xc0, 0x5, 0xff, 0xd3, 0x0, 0x0, 0x0, 0x0,
    0x0, 0x0, 0x0, 0x0, 0x0, 0x0,

    /* U+52D5 "動" */
    0x0, 0x0, 0x1, 0x35, 0x79, 0x0, 0x9, 0x80,
    0x0, 0x0, 0xad, 0xef, 0xff, 0xff, 0xe5, 0x0,
    0xfd, 0x0, 0x0, 0x6, 0x98, 0x7f, 0xe3, 0x0,
    0x0, 0xf, 0xd0, 0x0, 0x0, 0x77, 0x77, 0xfe,
    0x77, 0x76, 0x0, 0xfd, 0x0, 0x0, 0x1f, 0xff,
    0xff, 0xff, 0xff, 0xe4, 0x4f, 0xe4, 0x44, 0x40,
    0x0, 0x0, 0xed, 0x0, 0x2, 0xff, 0xff, 0xff,
    0xff, 0x8, 0xff, 0xff, 0xff, 0xff, 0xa7, 0x8f,
    0xd7, 0x7e, 0xf0, 0x8f, 0x33, 0xee, 0x33, 0xf9,
    0x1, 0xfa, 0x0, 0xee, 0x8, 0xf5, 0x5e, 0xe5,
    0x5f, 0x90, 0x3f, 0x90, 0xe, 0xe0, 0x8f, 0xdd,
    0xff, 0xdd, 0xf9, 0x4, 0xf7, 0x0, 0xfd, 0x8,
    0xf0, 0xe, 0xd0, 0xf, 0x90, 0x7f, 0x60, 0xf,
    0xd0, 0x8f, 0xff, 0xff, 0xff, 0xf9, 0xa, 0xf2,
    0x0, 0xfc, 0x0, 0x11, 0x1e, 0xd1, 0x11, 0x10,
    0xee, 0x0, 0xf, 0xc0, 0x8f, 0xff, 0xff, 0xff,
    0xf9, 0x3f, 0xb0, 0x1, 0xfb, 0x4, 0x66, 0x6f,
    0xe6, 0x66, 0x4b, 0xf5, 0x0, 0x3f, 0xa0, 0x0,
    0x0, 0xed, 0x1, 0x36, 0xfd, 0x0, 0x4, 0xf8,
    0x6, 0x89, 0xbf, 0xff, 0xff, 0xff, 0x60, 0x0,
    0x8f, 0x60, 0xff, 0xff, 0xec, 0xa9, 0xff, 0x90,
    0x5c, 0xcf, 0xf2, 0x4, 0x31, 0x0, 0x0, 0x7,
    0xa0, 0x2, 0xff, 0xe7, 0x0, 0x0, 0x0, 0x0,
    0x0, 0x0, 0x0, 0x0, 0x0, 0x0,

    /* U+52D9 "務" */
    0x0, 0x0, 0x0, 0x0, 0x0, 0x0, 0x0, 0x0,
    0x0, 0x0, 0x1, 0x11, 0x11, 0x11, 0x0, 0x2,
    0xe9, 0x0, 0x0, 0x0, 0xd, 0xff, 0xff, 0xff,
    0xd1, 0xb, 0xf5, 0x0, 0x0, 0x0, 0x7, 0x88,
    0x88, 0xdf, 0xa0, 0x5f, 0xff, 0xff, 0xff, 0x70,
    0x0, 0x1, 0x4, 0xfe, 0x15, 0xff, 0xb9, 0x99,
    0xef, 0x40, 0x0, 0x8f, 0x7e, 0xe3, 0x4f, 0xff,
    0xc0, 0x4, 0xfc, 0x0, 0x0, 0x1d, 0xff, 0x30,
    0x1a, 0x44, 0xfb, 0x3f, 0xe2, 0x0, 0x0, 0x1,
    0xef, 0x10, 0x0, 0x0, 0x6f, 0xff, 0x30, 0x0,
    0x2f, 0xff, 0xff, 0xff, 0xf5, 0x6, 0xcf, 0xff,
    0xb4, 0x0, 0x1b, 0xbd, 0xff, 0xbd, 0xfc, 0xff,
    0xf8, 0x2a, 0xff, 0xf5, 0x0, 0xb, 0xff, 0x9,
    0xfc, 0xd8, 0x78, 0x10, 0x28, 0xc0, 0x0, 0x2f,
    0xff, 0xd, 0xb0, 0x0, 0xbf, 0x10, 0x0, 0x0,
    0x0, 0xaf, 0xdf, 0x3f, 0x6a, 0xaa, 0xef, 0xaa,
    0xaa, 0x70, 0x5, 0xf9, 0xbf, 0x14, 0x1f, 0xff,
    0xff, 0xff, 0xff, 0x90, 0x2f, 0xf2, 0xbf, 0x0,
    0x0, 0x7, 0xf6, 0x0, 0x6f, 0x70, 0x1f, 0x70,
    0xbf, 0x0, 0x0, 0xe, 0xf1, 0x0, 0x8f, 0x50,
    0x6, 0x0, 0xbf, 0x0, 0x0, 0xaf, 0x80, 0x0,
    0xbf, 0x30, 0x0, 0x0, 0xbf, 0x0, 0x1b, 0xfc,
    0x0, 0x0, 0xff, 0x0, 0x0, 0x9c, 0xff, 0x6,
    0xff, 0xb0, 0x7, 0xbd, 0xfb, 0x0, 0x0, 0x8f,
    0xe6, 0x2, 0xc5, 0x0, 0x6, 0xff, 0xc2, 0x0,
    0x0, 0x0, 0x0, 0x0, 0x0, 0x0, 0x0, 0x0,
    0x0, 0x0,

    /* U+5305 "包" */
    0x0, 0x0, 0x3, 0xa4, 0x0, 0x0, 0x0, 0x0,
    0x0, 0x0, 0x0, 0x0, 0xb, 0xf7, 0x0, 0x0,
    0x0, 0x0, 0x0, 0x0, 0x0, 0x0, 0x5f, 0xf1,
    0x0, 0x0, 0x0, 0x0, 0x0, 0x0, 0x0, 0x1,
    0xef, 0xff, 0xff, 0xff, 0xff, 0xff, 0xfd, 0x0,
    0x0, 0xc, 0xfd, 0xbb, 0xbb, 0xbb, 0xbb, 0xbc,
    0xfc, 0x0, 0x0, 0xbf, 0xe1, 0x0, 0x0, 0x0,
    0x0, 0x2, 0xfb, 0x0, 0x1c, 0xff, 0xca, 0xaa,
    0xaa, 0xaa, 0x0, 0x3, 0xfb, 0x0, 0x9, 0xe4,
    0xff, 0xff, 0xff, 0xff, 0x10, 0x4, 0xfa, 0x0,
    0x0, 0x11, 0xfc, 0x0, 0x0, 0xcf, 0x10, 0x5,
    0xf9, 0x0, 0x0, 0x1, 0xfc, 0x0, 0x0, 0xcf,
    0x10, 0x6, 0xf8, 0x0, 0x0, 0x1, 0xfd, 0x22,
    0x22, 0xcf, 0x10, 0x8, 0xf7, 0x0, 0x0, 0x1,
    0xff, 0xff, 0xff, 0xff, 0x10, 0xb, 0xf4, 0x0,
    0x0, 0x1, 0xfe, 0x88, 0x88, 0x88, 0x6b, 0xcf,
    0xf1, 0x0, 0x0, 0x1, 0xfc, 0x0, 0x0, 0x0,
    0x3f, 0xff, 0x70, 0x0, 0x0, 0x1, 0xfc, 0x0,
    0x0, 0x0, 0x0, 0x0, 0x5, 0x81, 0x0, 0x1,
    0xfc, 0x0, 0x0, 0x0, 0x0, 0x0, 0x8, 0xf6,
    0x0, 0x0, 0xfe, 0x10, 0x0, 0x0, 0x0, 0x0,
    0xd, 0xf3, 0x0, 0x0, 0xbf, 0xfd, 0xcc, 0xcc,
    0xcc, 0xcc, 0xef, 0xd0, 0x0, 0x0, 0x19, 0xdf,
    0xff, 0xff, 0xff, 0xff, 0xeb, 0x20,

    /* U+5317 "北" */
    0x0, 0x0, 0x0, 0x0, 0x0, 0x0, 0x0, 0x0,
    0x0, 0x0, 0x0, 0x0, 0x0, 0xdf, 0x10, 0xe,
    0xf0, 0x0, 0x0, 0x0, 0x0, 0x0, 0x0, 0xdf,
    0x10, 0xe, 0xf0, 0x0, 0x0, 0x0, 0x0, 0x0,
    0x0, 0xdf, 0x10, 0xe, 0xf0, 0x0, 0x3, 0x0,
    0x0, 0x0, 0x0, 0xdf, 0x10, 0xe, 0xf0, 0x0,
    0xaf, 0x40, 0xc, 0xff, 0xff, 0xff, 0x10, 0xe,
    0xf0, 0x2d, 0xff, 0x60, 0xc, 0xee, 0xee, 0xff,
    0x10, 0xe, 0xf7, 0xff, 0xc2, 0x0, 0x0, 0x0,
    0x0, 0xdf, 0x10, 0xe, 0xff, 0xf7, 0x0, 0x0,
    0x0, 0x0, 0x0, 0xdf, 0x10, 0xe, 0xfb, 0x10,
    0x0, 0x0, 0x0, 0x0, 0x0, 0xdf, 0x10, 0xe,
    0xf0, 0x0, 0x0, 0x0, 0x0, 0x0, 0x0, 0xdf,
    0x10, 0xe, 0xf0, 0x0, 0x0, 0x0, 0x0, 0x0,
    0x0, 0xdf, 0x10, 0xe, 0xf0, 0x0, 0x0, 0x0,
    0x0, 0x0, 0x2, 0xef, 0x10, 0xe, 0xf0, 0x0,
    0x1, 0x0, 0x0, 0x5, 0xbf, 0xff, 0x10, 0xe,
    0xf0, 0x0, 0x8, 0xc2, 0x29, 0xef, 0xfe, 0xff,
    0x10, 0xe, 0xf0, 0x0, 0x9, 0xf4, 0x3f, 0xfe,
    0x70, 0xdf, 0x10, 0xe, 0xf0, 0x0, 0xa, 0xf2,
    0xa, 0x50, 0x0, 0xdf, 0x10, 0xe, 0xf1, 0x0,
    0xe, 0xf0, 0x0, 0x0, 0x0, 0xdf, 0x10, 0xb,
    0xff, 0xdd, 0xef, 0xb0, 0x0, 0x0, 0x0, 0xdf,
    0x10, 0x3, 0xdf, 0xff, 0xfc, 0x20,

    /* U+533A "区" */
    0x1d, 0xdd, 0xdd, 0xdd, 0xdd, 0xdd, 0xdd, 0xdd,
    0xd9, 0x1, 0xff, 0xff, 0xff, 0xff, 0xff, 0xff,
    0xff, 0xff, 0xa0, 0x1f, 0xc0, 0x0, 0x0, 0x0,
    0x0, 0x1, 0x0, 0x0, 0x1, 0xfc, 0x0, 0x40,
    0x0, 0x0, 0x0, 0xdd, 0x20, 0x0, 0x1f, 0xc0,
    0x6f, 0xc1, 0x0, 0x0, 0x8f, 0xb0, 0x0, 0x1,
    0xfc, 0x0, 0x9f, 0xe3, 0x0, 0x4f, 0xe1, 0x0,
    0x0, 0x1f, 0xc0, 0x0, 0x7f, 0xf5, 0x2e, 0xf4,
    0x0, 0x0, 0x1, 0xfc, 0x0, 0x0, 0x5f, 0xfe,
    0xf7, 0x0, 0x0, 0x0, 0x1f, 0xc0, 0x0, 0x0,
    0x4f, 0xfe, 0x0, 0x0, 0x0, 0x1, 0xfc, 0x0,
    0x0, 0x3e, 0xff, 0xfc, 0x0, 0x0, 0x0, 0x1f,
    0xc0, 0x0, 0x5f, 0xf9, 0x1d, 0xfc, 0x10, 0x0,
    0x1, 0xfc, 0x1, 0xaf, 0xf7, 0x0, 0x1d, 0xfd,
    0x10, 0x0, 0x1f, 0xc2, 0xef, 0xe5, 0x0, 0x0,
    0x1d, 0xfc, 0x0, 0x1, 0xfc, 0x7, 0xc1, 0x0,
    0x0, 0x0, 0x1c, 0x30, 0x0, 0x1f, 0xc0, 0x0,
    0x0, 0x0, 0x0, 0x0, 0x0, 0x0, 0x1, 0xff,
    0xcc, 0xcc, 0xcc, 0xcc, 0xcc, 0xcc, 0xcc, 0xc2,
    0x1f, 0xff, 0xff, 0xff, 0xff, 0xff, 0xff, 0xff,
    0xff, 0x30, 0x0, 0x0, 0x0, 0x0, 0x0, 0x0,
    0x0, 0x0, 0x0,

    /* U+5340 "區" */
    0x0, 0x0, 0x0, 0x0, 0x0, 0x0, 0x0, 0x0,
    0x0, 0x1f, 0xff, 0xff, 0xff, 0xff, 0xff, 0xff,
    0xff, 0xf2, 0x1f, 0xea, 0xaa, 0xaa, 0xaa, 0xaa,
    0xaa, 0xaa, 0xa1, 0x1f, 0xb0, 0x0, 0x23, 0x33,
    0x33, 0x33, 0x0, 0x0, 0x1f, 0xb0, 0x0, 0x8f,
    0xff, 0xff, 0xff, 0x30, 0x0, 0x1f, 0xb0, 0x0,
    0x8f, 0x30, 0x0, 0xbf, 0x30, 0x0, 0x1f, 0xb0,
    0x0, 0x8f, 0x20, 0x0, 0xbf, 0x30, 0x0, 0x1f,
    0xb0, 0x0, 0x8f, 0xff, 0xff, 0xff, 0x30, 0x0,
    0x1f, 0xb0, 0x0, 0x25, 0x55, 0x55, 0x55, 0x10,
    0x0, 0x1f, 0xb0, 0x45, 0x55, 0x53, 0x5, 0x55,
    0x55, 0x30, 0x1f, 0xb0, 0xaf, 0xff, 0xfa, 0x1f,
    0xff, 0xff, 0x80, 0x1f, 0xb0, 0xae, 0x0, 0xfa,
    0x1f, 0x70, 0x1f, 0x80, 0x1f, 0xb0, 0xae, 0x0,
    0xfa, 0x1f, 0x70, 0x1f, 0x80, 0x1f, 0xb0, 0xaf,
    0x55, 0xfa, 0x1f, 0xa5, 0x7f, 0x80, 0x1f, 0xb0,
    0xaf, 0xff, 0xf9, 0x1f, 0xff, 0xff, 0x80, 0x1f,
    0xb0, 0x0, 0x0, 0x0, 0x0, 0x0, 0x0, 0x0,
    0x1f, 0xff, 0xff, 0xff, 0xff, 0xff, 0xff, 0xff,
    0xff, 0xb, 0xbb, 0xbb, 0xbb, 0xbb, 0xbb, 0xbb,
    0xbb, 0xbb,

    /* U+534F "协" */
    0x0, 0x8, 0x60, 0x0, 0x0, 0x16, 0x30, 0x0,
    0x0, 0x0, 0x0, 0xf, 0xc0, 0x0, 0x0, 0x3f,
    0x80, 0x0, 0x0, 0x0, 0x0, 0xf, 0xc0, 0x0,
    0x0, 0x3f, 0x80, 0x0, 0x0, 0x0, 0x0, 0xf,
    0xc0, 0x0, 0x0, 0x3f, 0x80, 0x0, 0x0, 0x0,
    0x0, 0xf, 0xd0, 0x8, 0xee, 0xff, 0xfe, 0xee,
    0xb0, 0x0, 0x1f, 0xff, 0xff, 0xd7, 0xdd, 0xef,
    0xed, 0xdf, 0xb0, 0x0, 0x1b, 0xbf, 0xfb, 0x90,
    0x0, 0x5f, 0x70, 0x1f, 0xb0, 0x0, 0x0, 0xf,
    0xc0, 0x2, 0x10, 0x6f, 0x60, 0x2f, 0xa2, 0x0,
    0x0, 0xf, 0xc0, 0xb, 0xf1, 0x8f, 0x50, 0x2f,
    0xef, 0x50, 0x0, 0xf, 0xc0, 0xf, 0xc0, 0xbf,
    0x20, 0x3f, 0xaf, 0xa0, 0x0, 0xf, 0xc0, 0x4f,
    0x80, 0xee, 0x0, 0x3f, 0x9c, 0xe0, 0x0, 0xf,
    0xc0, 0xbf, 0x23, 0xfb, 0x0, 0x4f, 0x89, 0xf2,
    0x0, 0xf, 0xc2, 0xfa, 0x8, 0xf6, 0x0, 0x5f,
    0x86, 0xf5, 0x0, 0xf, 0xc0, 0x53, 0x1f, 0xe0,
    0x0, 0x5f, 0x73, 0xe5, 0x0, 0xf, 0xc0, 0x0,
    0x8f, 0x70, 0x0, 0x7f, 0x60, 0x0, 0x0, 0xf,
    0xc0, 0x3, 0xff, 0x0, 0x0, 0x8f, 0x40, 0x0,
    0x0, 0xf, 0xc0, 0x1e, 0xf5, 0x0, 0x0, 0xcf,
    0x20, 0x0, 0x0, 0xf, 0xc1, 0xdf, 0x90, 0xd,
    0xcd, 0xfd, 0x0, 0x0, 0x0, 0xf, 0xc0, 0x99,
    0x0, 0xb, 0xff, 0xd3, 0x0, 0x0, 0x0, 0x0,
    0x0, 0x0, 0x0, 0x0, 0x0, 0x0, 0x0, 0x0,

    /* U+5354 "協" */
    0x0, 0x8, 0x70, 0x0, 0x0, 0x1, 0x84, 0x0,
    0x0, 0x0, 0x0, 0xe, 0xd0, 0x0, 0x0, 0x4,
    0xf6, 0x0, 0x0, 0x0, 0x0, 0xe, 0xd0, 0x0,
    0xff, 0xff, 0xff, 0xff, 0xff, 0x30, 0x0, 0xe,
    0xd0, 0x0, 0x99, 0x9f, 0xf9, 0x99, 0xdf, 0x10,
    0x0, 0xe, 0xd0, 0x0, 0x0, 0x4f, 0x90, 0x0,
    0xbf, 0x0, 0x3c, 0xcf, 0xfc, 0xc1, 0x2, 0xee,
    0x10, 0x0, 0xed, 0x0, 0x4f, 0xff, 0xff, 0xf2,
    0x7f, 0xf4, 0x5, 0x68, 0xfa, 0x0, 0x0, 0xe,
    0xd0, 0xa, 0xfd, 0x30, 0x7, 0xff, 0xe3, 0x0,
    0x0, 0xe, 0xd0, 0x1, 0xb3, 0x0, 0x0, 0x68,
    0x0, 0x0, 0x0, 0xe, 0xd0, 0x1, 0xf8, 0x0,
    0x0, 0x9f, 0x0, 0x0, 0x0, 0xe, 0xd0, 0x67,
    0xfb, 0x66, 0x36, 0xcf, 0x66, 0x60, 0x0, 0xe,
    0xd0, 0xff, 0xff, 0xff, 0x7f, 0xff, 0xff, 0xf0,
    0x0, 0xe, 0xd0, 0x5, 0xf4, 0x6f, 0x30, 0xec,
    0xa, 0xf0, 0x0, 0xe, 0xd0, 0x8, 0xf0, 0x6f,
    0x21, 0xf8, 0xa, 0xe0, 0x0, 0xe, 0xd0, 0xb,
    0xc0, 0x6f, 0x14, 0xf4, 0xb, 0xe0, 0x0, 0xe,
    0xd0, 0xf, 0x90, 0x7f, 0x9, 0xf1, 0xc, 0xd0,
    0x0, 0xe, 0xd0, 0x7f, 0x30, 0x9f, 0x1f, 0xb0,
    0xd, 0xb0, 0x0, 0xe, 0xd3, 0xfb, 0x37, 0xec,
    0xcf, 0x37, 0x9f, 0x90, 0x0, 0xe, 0xd1, 0xb1,
    0x2f, 0xe5, 0x66, 0xa, 0xfd, 0x20, 0x0, 0x0,
    0x0, 0x0, 0x0, 0x0, 0x0, 0x0, 0x0, 0x0,

    /* U+5373 "即" */
    0xb, 0xbb, 0xbb, 0xbb, 0xb0, 0x29, 0x99, 0x99,
    0x91, 0xf, 0xff, 0xff, 0xff, 0xf0, 0x3f, 0xff,
    0xff, 0xf3, 0xf, 0xe0, 0x0, 0xd, 0xf0, 0x3f,
    0xb1, 0x1b, 0xf3, 0xf, 0xe0, 0x0, 0xd, 0xf0,
    0x3f, 0xa0, 0xa, 0xf3, 0xf, 0xff, 0xff, 0xff,
    0xf0, 0x3f, 0xa0, 0xa, 0xf3, 0xf, 0xfb, 0xbb,
    0xbf, 0xf0, 0x3f, 0xa0, 0xa, 0xf3, 0xf, 0xe0,
    0x0, 0xd, 0xf0, 0x3f, 0xa0, 0xa, 0xf3, 0xf,
    0xe0, 0x0, 0xd, 0xf0, 0x3f, 0xa0, 0xa, 0xf3,
    0xf, 0xff, 0xff, 0xff, 0xf0, 0x3f, 0xa0, 0xa,
    0xf3, 0xf, 0xfb, 0xbb, 0xbb, 0xb0, 0x3f, 0xa0,
    0xa, 0xf3, 0xf, 0xe0, 0x0, 0x40, 0x0, 0x3f,
    0xa0, 0xa, 0xf3, 0xf, 0xe0, 0x9, 0xf5, 0x0,
    0x3f, 0xa0, 0xa, 0xf3, 0xf, 0xe0, 0x3, 0xfe,
    0x0, 0x3f, 0xa7, 0xdf, 0xf1, 0xf, 0xe0, 0x27,
    0xff, 0x70, 0x3f, 0xa5, 0xed, 0x70, 0x2f, 0xfd,
    0xff, 0xff, 0xe0, 0x3f, 0xa0, 0x0, 0x0, 0xbf,
    0xff, 0xd7, 0x1b, 0xf6, 0x3f, 0xa0, 0x0, 0x0,
    0x6f, 0x93, 0x0, 0x5, 0x91, 0x3f, 0xa0, 0x0,
    0x0, 0x11, 0x0, 0x0, 0x0, 0x0, 0x3f, 0xa0,
    0x0, 0x0,

    /* U+539F "原" */
    0x0, 0xaf, 0xff, 0xff, 0xff, 0xff, 0xff, 0xff,
    0xff, 0xc0, 0xa, 0xfd, 0xcc, 0xcc, 0xcc, 0xcc,
    0xcc, 0xcc, 0xca, 0x0, 0xaf, 0x30, 0x0, 0x0,
    0xcf, 0x60, 0x0, 0x0, 0x0, 0xa, 0xf3, 0x5,
    0x55, 0x6f, 0xf6, 0x55, 0x55, 0x0, 0x0, 0xaf,
    0x31, 0xff, 0xff, 0xff, 0xff, 0xff, 0xf1, 0x0,
    0xa, 0xf3, 0x1f, 0xc1, 0x11, 0x11, 0x11, 0xdf,
    0x10, 0x0, 0xaf, 0x21, 0xfd, 0x44, 0x44, 0x44,
    0x4e, 0xf1, 0x0, 0xb, 0xf2, 0x1f, 0xff, 0xff,
    0xff, 0xff, 0xff, 0x10, 0x0, 0xbf, 0x21, 0xfc,
    0x11, 0x11, 0x11, 0x1d, 0xf1, 0x0, 0xc, 0xf0,
    0x1f, 0xd4, 0x44, 0x44, 0x44, 0xef, 0x10, 0x0,
    0xef, 0x1, 0xff, 0xff, 0xff, 0xff, 0xff, 0xf1,
    0x0, 0xf, 0xd0, 0x2, 0x22, 0x25, 0xfb, 0x22,
    0x22, 0x0, 0x3, 0xfb, 0x0, 0x1c, 0x70, 0x2f,
    0xa1, 0x97, 0x0, 0x0, 0x6f, 0x70, 0xb, 0xf8,
    0x2, 0xfa, 0xd, 0xf6, 0x0, 0xa, 0xf4, 0x8,
    0xfc, 0x0, 0x2f, 0xa0, 0x2e, 0xf4, 0x1, 0xfe,
    0x7, 0xfe, 0x20, 0x2, 0xfa, 0x0, 0x4f, 0xf3,
    0x5f, 0x80, 0x8f, 0x30, 0x9a, 0xbf, 0x90, 0x0,
    0x9f, 0x70, 0x32, 0x0, 0x0, 0x9, 0xff, 0xc2,
    0x0, 0x0, 0x10,

    /* U+53BB "去" */
    0x0, 0x0, 0x0, 0x0, 0x1, 0x10, 0x0, 0x0,
    0x0, 0x0, 0x0, 0x0, 0x0, 0x0, 0xf, 0xf0,
    0x0, 0x0, 0x0, 0x0, 0x0, 0x0, 0x0, 0x0,
    0xf, 0xf0, 0x0, 0x0, 0x0, 0x0, 0x0, 0x0,
    0x0, 0x0, 0xf, 0xf0, 0x0, 0x0, 0x0, 0x0,
    0x0, 0x6e, 0xee, 0xee, 0xef, 0xfe, 0xee, 0xee,
    0xe8, 0x0, 0x0, 0x7f, 0xff, 0xff, 0xff, 0xff,
    0xff, 0xff, 0xf9, 0x0, 0x0, 0x0, 0x0, 0x0,
    0xf, 0xf0, 0x0, 0x0, 0x0, 0x0, 0x0, 0x0,
    0x0, 0x0, 0xf, 0xf0, 0x0, 0x0, 0x0, 0x0,
    0x0, 0x0, 0x0, 0x0, 0xf, 0xf0, 0x0, 0x0,
    0x0, 0x0, 0xd, 0xdd, 0xdd, 0xdd, 0xdf, 0xfd,
    0xdd, 0xdd, 0xdd, 0xd1, 0xf, 0xff, 0xff, 0xff,
    0xff, 0xff, 0xff, 0xff, 0xff, 0xf1, 0x0, 0x0,
    0x0, 0x5f, 0xf2, 0x0, 0x0, 0x0, 0x0, 0x0,
    0x0, 0x0, 0x0, 0xef, 0x60, 0x0, 0x8e, 0x30,
    0x0, 0x0, 0x0, 0x0, 0x9, 0xfb, 0x0, 0x0,
    0x6f, 0xe1, 0x0, 0x0, 0x0, 0x0, 0x4f, 0xe1,
    0x0, 0x0, 0xa, 0xfc, 0x0, 0x0, 0x0, 0x2,
    0xef, 0x30, 0x0, 0x0, 0x1, 0xdf, 0x80, 0x0,
    0x0, 0x3e, 0xfc, 0x89, 0xbc, 0xde, 0xff, 0xff,
    0xf3, 0x0, 0x0, 0x9f, 0xff, 0xff, 0xff, 0xff,
    0xdc, 0xbc, 0xfc, 0x0, 0x0, 0x3b, 0x87, 0x54,
    0x21, 0x0, 0x0, 0x1, 0xec, 0x10, 0x0, 0x0,
    0x0, 0x0, 0x0, 0x0, 0x0, 0x0, 0x20, 0x0,

    /* U+53CC "双" */
    0x1, 0x22, 0x22, 0x22, 0x10, 0x22, 0x22, 0x22,
    0x22, 0x0, 0xc, 0xff, 0xff, 0xff, 0xf3, 0xff,
    0xff, 0xff, 0xff, 0x60, 0x8, 0xaa, 0xaa, 0xaf,
    0xe1, 0xef, 0xaa, 0xaa, 0xdf, 0x40, 0x0, 0x0,
    0x0, 0x1f, 0xc0, 0xaf, 0x10, 0x0, 0xcf, 0x20,
    0x0, 0x40, 0x0, 0x5f, 0x90, 0x7f, 0x50, 0x0,
    0xff, 0x0, 0x7, 0xf7, 0x0, 0x9f, 0x70, 0x4f,
    0x80, 0x3, 0xfb, 0x0, 0x1, 0xef, 0x40, 0xcf,
    0x30, 0xf, 0xb0, 0x7, 0xf7, 0x0, 0x0, 0x3f,
    0xf3, 0xfe, 0x0, 0xd, 0xf1, 0xd, 0xf3, 0x0,
    0x0, 0x6, 0xff, 0xfa, 0x0, 0x8, 0xf6, 0x4f,
    0xd0, 0x0, 0x0, 0x0, 0xbf, 0xf6, 0x0, 0x2,
    0xfb, 0xaf, 0x70, 0x0, 0x0, 0x0, 0x2f, 0xf6,
    0x0, 0x0, 0xcf, 0xff, 0x10, 0x0, 0x0, 0x0,
    0x9f, 0xff, 0x10, 0x0, 0x6f, 0xf7, 0x0, 0x0,
    0x0, 0x3, 0xff, 0xbf, 0xa0, 0x0, 0x8f, 0xf4,
    0x0, 0x0, 0x0, 0xb, 0xf8, 0x1f, 0xf3, 0x6,
    0xff, 0xfe, 0x10, 0x0, 0x0, 0x7f, 0xd0, 0x8,
    0xb1, 0x6f, 0xf6, 0xbf, 0xc1, 0x0, 0x6, 0xff,
    0x40, 0x0, 0x2b, 0xff, 0x60, 0x1d, 0xfe, 0x40,
    0x2f, 0xf5, 0x0, 0x0, 0xbf, 0xe5, 0x0, 0x2,
    0xdf, 0xe1, 0x6, 0x50, 0x0, 0x0, 0x19, 0x10,
    0x0, 0x0, 0x9, 0x40,

    /* U+53CD "反" */
    0x0, 0x0, 0x0, 0x0, 0x0, 0x0, 0x0, 0x37,
    0x30, 0x0, 0x0, 0x12, 0x34, 0x57, 0x89, 0xbe,
    0xff, 0xff, 0x30, 0x0, 0xc, 0xff, 0xff, 0xff,
    0xff, 0xec, 0x96, 0x20, 0x0, 0x0, 0xcf, 0x97,
    0x54, 0x32, 0x0, 0x0, 0x0, 0x0, 0x0, 0xc,
    0xf1, 0x0, 0x0, 0x0, 0x0, 0x0, 0x0, 0x0,
    0x0, 0xcf, 0x10, 0x0, 0x0, 0x0, 0x0, 0x0,
    0x0, 0x0, 0xc, 0xff, 0xff, 0xff, 0xff, 0xff,
    0xff, 0xd2, 0x0, 0x0, 0xdf, 0xef, 0xfe, 0xdd,
    0xdd, 0xde, 0xff, 0x0, 0x0, 0xd, 0xf1, 0x7f,
    0x70, 0x0, 0x0, 0x7f, 0xb0, 0x0, 0x0, 0xdf,
    0x0, 0xee, 0x0, 0x0, 0xe, 0xf4, 0x0, 0x0,
    0xf, 0xf0, 0x8, 0xf7, 0x0, 0x7, 0xfc, 0x0,
    0x0, 0x1, 0xfd, 0x0, 0x1e, 0xf4, 0x3, 0xff,
    0x20, 0x0, 0x0, 0x3f, 0xb0, 0x0, 0x4f, 0xe4,
    0xef, 0x50, 0x0, 0x0, 0x6, 0xf8, 0x0, 0x0,
    0x8f, 0xff, 0x90, 0x0, 0x0, 0x0, 0xaf, 0x40,
    0x0, 0x7, 0xff, 0xf7, 0x0, 0x0, 0x0, 0x1f,
    0xf0, 0x0, 0x4d, 0xff, 0xbf, 0xfd, 0x50, 0x0,
    0x8, 0xfa, 0x28, 0xef, 0xfc, 0x30, 0x2c, 0xff,
    0xfa, 0x40, 0xdf, 0x33, 0xff, 0xc5, 0x0, 0x0,
    0x5, 0xaf, 0xf5, 0x0, 0x60, 0x5, 0x20, 0x0,
    0x0, 0x0, 0x0, 0x14, 0x0,

    /* U+53D1 "发" */
    0x0, 0x0, 0x0, 0x0, 0x1, 0x0, 0x0, 0x0,
    0x0, 0x0, 0x0, 0x0, 0x66, 0x10, 0x2f, 0xe0,
    0x1, 0xa4, 0x0, 0x0, 0x0, 0x1, 0xff, 0x10,
    0x5f, 0xd0, 0x2, 0xff, 0x30, 0x0, 0x0, 0x6,
    0xf9, 0x0, 0x8f, 0xa0, 0x0, 0x4f, 0xe2, 0x0,
    0x0, 0xc, 0xf3, 0x0, 0xbf, 0x70, 0x0, 0x7,
    0x70, 0x0, 0x0, 0x7f, 0xfa, 0xaa, 0xff, 0xca,
    0xaa, 0xaa, 0xaa, 0x70, 0x0, 0x8f, 0xff, 0xff,
    0xff, 0xff, 0xff, 0xff, 0xff, 0xb0, 0x0, 0x24,
    0x21, 0x19, 0xfb, 0x11, 0x11, 0x11, 0x11, 0x10,
    0x0, 0x0, 0x0, 0xe, 0xf6, 0x0, 0x0, 0x0,
    0x0, 0x0, 0x0, 0x0, 0x0, 0x4f, 0xfd, 0xcc,
    0xcc, 0xcc, 0x90, 0x0, 0x0, 0x0, 0x0, 0xcf,
    0xff, 0xff, 0xff, 0xff, 0xd0, 0x0, 0x0, 0x0,
    0x6, 0xff, 0xf3, 0x0, 0x0, 0xbf, 0x60, 0x0,
    0x0, 0x0, 0x1e, 0xfb, 0xfc, 0x0, 0x5, 0xfe,
    0x0, 0x0, 0x0, 0x0, 0xcf, 0xc0, 0x7f, 0xa0,
    0x2e, 0xf5, 0x0, 0x0, 0x0, 0xb, 0xfe, 0x10,
    0xa, 0xfa, 0xef, 0x70, 0x0, 0x0, 0x2, 0xdf,
    0xf3, 0x0, 0x0, 0xef, 0xfa, 0x0, 0x0, 0x0,
    0x3f, 0xfd, 0x20, 0x0, 0x4d, 0xff, 0xff, 0xa3,
    0x0, 0x0, 0x9, 0x90, 0x3, 0x8d, 0xff, 0xb3,
    0x5e, 0xff, 0xc8, 0x40, 0x0, 0x0, 0xe, 0xff,
    0xb4, 0x0, 0x0, 0x7d, 0xff, 0xe1, 0x0, 0x0,
    0x4, 0x61, 0x0, 0x0, 0x0, 0x0, 0x27, 0x40,

    /* U+53D6 "取" */
    0xf, 0xff, 0xff, 0xff, 0xff, 0x0, 0x0, 0x0,
    0x0, 0x0, 0xb, 0xff, 0xbb, 0xbf, 0xeb, 0xab,
    0xbb, 0xbb, 0xbb, 0x60, 0x0, 0xdf, 0x0, 0x2f,
    0xb0, 0xdf, 0xff, 0xff, 0xff, 0x90, 0x0, 0xdf,
    0x0, 0x2f, 0xb0, 0xe, 0xc0, 0x0, 0x5f, 0x60,
    0x0, 0xdf, 0xff, 0xff, 0xb0, 0xa, 0xf0, 0x0,
    0x9f, 0x40, 0x0, 0xdf, 0xaa, 0xbf, 0xb0, 0x7,
    0xf3, 0x0, 0xcf, 0x10, 0x0, 0xdf, 0x0, 0x2f,
    0xb0, 0x4, 0xf6, 0x0, 0xfd, 0x0, 0x0, 0xdf,
    0x0, 0x2f, 0xb0, 0x0, 0xfb, 0x5, 0xf9, 0x0,
    0x0, 0xdf, 0x99, 0xaf, 0xb0, 0x0, 0xbf, 0x1b,
    0xf3, 0x0, 0x0, 0xdf, 0xff, 0xff, 0xb0, 0x0,
    0x6f, 0x8f, 0xe0, 0x0, 0x0, 0xdf, 0x0, 0x2f,
    0xb0, 0x0, 0xf, 0xff, 0x80, 0x0, 0x0, 0xdf,
    0x0, 0x2f, 0xb0, 0x0, 0xa, 0xff, 0x10, 0x0,
    0x0, 0xdf, 0x25, 0x8f, 0xff, 0x60, 0xa, 0xfd,
    0x0, 0x0, 0x2b, 0xff, 0xff, 0xff, 0xfb, 0x40,
    0x6f, 0xff, 0x90, 0x0, 0x1f, 0xfd, 0xa7, 0x6f,
    0xb0, 0x2, 0xff, 0x6f, 0xf5, 0x0, 0x3, 0x0,
    0x0, 0x2f, 0xb0, 0x3e, 0xf7, 0x5, 0xff, 0x70,
    0x0, 0x0, 0x0, 0x2f, 0xb3, 0xff, 0x90, 0x0,
    0x7f, 0xf3, 0x0, 0x0, 0x0, 0x2f, 0xb0, 0xa7,
    0x0, 0x0, 0x5, 0x70, 0x0, 0x0, 0x0, 0x0,
    0x0, 0x0, 0x0, 0x0, 0x0, 0x0,

    /* U+53D7 "受" */
    0x0, 0x0, 0x0, 0x0, 0x0, 0x24, 0x57, 0xad,
    0xd1, 0x0, 0x4, 0x9a, 0xbc, 0xde, 0xff, 0xff,
    0xff, 0xfe, 0xc6, 0x0, 0x3, 0xff, 0xed, 0xcb,
    0xab, 0xa7, 0x53, 0x13, 0x10, 0x0, 0x0, 0x6,
    0xd4, 0x0, 0x2f, 0xb0, 0x0, 0x2f, 0xf1, 0x0,
    0x0, 0x3, 0xfd, 0x0, 0xc, 0xf1, 0x0, 0x9f,
    0x70, 0x0, 0x0, 0x0, 0xbe, 0x20, 0x8, 0xc3,
    0x2, 0xfd, 0x10, 0x0, 0xb, 0xff, 0xff, 0xff,
    0xff, 0xff, 0xff, 0xff, 0xff, 0xc0, 0xb, 0xfa,
    0x99, 0x99, 0x99, 0x99, 0x99, 0x99, 0xaf, 0xc0,
    0xb, 0xf1, 0x0, 0x0, 0x0, 0x0, 0x0, 0x0,
    0x1f, 0xc0, 0xb, 0xf1, 0xab, 0xbb, 0xbb, 0xbb,
    0xbb, 0xb6, 0x1f, 0xc0, 0x1, 0x20, 0xef, 0xff,
    0xff, 0xff, 0xff, 0xff, 0x22, 0x10, 0x0, 0x0,
    0x2f, 0xe3, 0x0, 0x0, 0x1d, 0xf7, 0x0, 0x0,
    0x0, 0x0, 0x5, 0xfe, 0x20, 0x1, 0xcf, 0xc0,
    0x0, 0x0, 0x0, 0x0, 0x0, 0x7f, 0xf6, 0x4e,
    0xfb, 0x0, 0x0, 0x0, 0x0, 0x0, 0x0, 0x4,
    0xff, 0xff, 0x80, 0x0, 0x0, 0x0, 0x0, 0x0,
    0x3, 0x8d, 0xff, 0xff, 0xea, 0x50, 0x0, 0x0,
    0x6, 0x9c, 0xef, 0xff, 0xa4, 0x39, 0xff, 0xff,
    0xda, 0x80, 0x8, 0xff, 0xda, 0x50, 0x0, 0x0,
    0x5, 0xad, 0xff, 0x80, 0x0, 0x40, 0x0, 0x0,
    0x0, 0x0, 0x0, 0x0, 0x4, 0x0,

    /* U+53D8 "变" */
    0x0, 0x0, 0x0, 0x0, 0x0, 0x0, 0x0, 0x0,
    0x0, 0x0, 0x0, 0x0, 0x0, 0x7, 0xf6, 0x0,
    0x0, 0x0, 0x0, 0x0, 0x0, 0x0, 0x0, 0x2f,
    0xe1, 0x0, 0x0, 0x0, 0x0, 0xdf, 0xff, 0xff,
    0xff, 0xff, 0xff, 0xff, 0xff, 0xf6, 0xa, 0xbb,
    0xbb, 0xef, 0xdb, 0xbf, 0xfb, 0xbb, 0xbb, 0x40,
    0x0, 0x26, 0x28, 0xf5, 0x0, 0xdf, 0x4, 0x10,
    0x0, 0x0, 0xa, 0xf4, 0x8f, 0x50, 0xd, 0xf4,
    0xfd, 0x10, 0x0, 0x5, 0xfb, 0x8, 0xf5, 0x0,
    0xdf, 0x6, 0xfd, 0x10, 0x3, 0xfe, 0x20, 0x8f,
    0x50, 0xd, 0xf0, 0x6, 0xfc, 0x0, 0x3c, 0x40,
    0x8, 0xf5, 0x0, 0xdf, 0x0, 0x9, 0x90, 0x0,
    0x0, 0x0, 0x59, 0x30, 0x7, 0x90, 0x0, 0x0,
    0x0, 0x9, 0xff, 0xff, 0xff, 0xff, 0xff, 0xff,
    0xd2, 0x0, 0x0, 0x7b, 0xff, 0xcb, 0xbb, 0xbb,
    0xbd, 0xfd, 0x10, 0x0, 0x0, 0x6, 0xfc, 0x10,
    0x0, 0x4, 0xff, 0x20, 0x0, 0x0, 0x0, 0x8,
    0xfd, 0x30, 0x7, 0xff, 0x40, 0x0, 0x0, 0x0,
    0x0, 0x5, 0xff, 0xad, 0xfd, 0x20, 0x0, 0x0,
    0x0, 0x0, 0x0, 0x3a, 0xff, 0xff, 0x61, 0x0,
    0x0, 0x0, 0x25, 0x7a, 0xef, 0xfd, 0x8b, 0xff,
    0xfc, 0x96, 0x41, 0x1e, 0xff, 0xfd, 0x83, 0x0,
    0x1, 0x6c, 0xff, 0xff, 0x90, 0x57, 0x30, 0x0,
    0x0, 0x0, 0x0, 0x0, 0x25, 0x80,

    /* U+53E3 "口" */
    0xcd, 0xdd, 0xdd, 0xdd, 0xdd, 0xdd, 0xdd, 0xd3,
    0xdf, 0xff, 0xff, 0xff, 0xff, 0xff, 0xff, 0xf4,
    0xdf, 0x20, 0x0, 0x0, 0x0, 0x0, 0xc, 0xf4,
    0xdf, 0x10, 0x0, 0x0, 0x0, 0x0, 0xc, 0xf4,
    0xdf, 0x10, 0x0, 0x0, 0x0, 0x0, 0xc, 0xf4,
    0xdf, 0x10, 0x0, 0x0, 0x0, 0x0, 0xc, 0xf4,
    0xdf, 0x10, 0x0, 0x0, 0x0, 0x0, 0xc, 0xf4,
    0xdf, 0x10, 0x0, 0x0, 0x0, 0x0, 0xc, 0xf4,
    0xdf, 0x10, 0x0, 0x0, 0x0, 0x0, 0xc, 0xf4,
    0xdf, 0x10, 0x0, 0x0, 0x0, 0x0, 0xc, 0xf4,
    0xdf, 0x10, 0x0, 0x0, 0x0, 0x0, 0xc, 0xf4,
    0xdf, 0x10, 0x0, 0x0, 0x0, 0x0, 0xc, 0xf4,
    0xdf, 0x32, 0x22, 0x22, 0x22, 0x22, 0x2d, 0xf4,
    0xdf, 0xff, 0xff, 0xff, 0xff, 0xff, 0xff, 0xf4,
    0xdf, 0xcc, 0xcc, 0xcc, 0xcc, 0xcc, 0xcf, 0xf4,
    0xdf, 0x10, 0x0, 0x0, 0x0, 0x0, 0xc, 0xf4,
    0xdf, 0x10, 0x0, 0x0, 0x0, 0x0, 0xb, 0xe3,

    /* U+53EF "可" */
    0xab, 0xbb, 0xbb, 0xbb, 0xbb, 0xbb, 0xbb, 0xbb,
    0xbb, 0xf, 0xff, 0xff, 0xff, 0xff, 0xff, 0xff,
    0xff, 0xff, 0xf0, 0x22, 0x22, 0x22, 0x22, 0x22,
    0x22, 0x27, 0xfa, 0x22, 0x0, 0x0, 0x0, 0x0,
    0x0, 0x0, 0x0, 0x5f, 0x90, 0x0, 0x0, 0x0,
    0x0, 0x0, 0x0, 0x0, 0x5, 0xf9, 0x0, 0x0,
    0xe, 0xff, 0xff, 0xff, 0xf5, 0x0, 0x5f, 0x90,
    0x0, 0x0, 0xff, 0xdd, 0xdd, 0xef, 0x50, 0x5,
    0xf9, 0x0, 0x0, 0xf, 0xd0, 0x0, 0x8, 0xf5,
    0x0, 0x5f, 0x90, 0x0, 0x0, 0xfd, 0x0, 0x0,
    0x8f, 0x50, 0x5, 0xf9, 0x0, 0x0, 0xf, 0xd0,
    0x0, 0x8, 0xf5, 0x0, 0x5f, 0x90, 0x0, 0x0,
    0xfd, 0x0, 0x0, 0x8f, 0x50, 0x5, 0xf9, 0x0,
    0x0, 0xf, 0xff, 0xff, 0xff, 0xf5, 0x0, 0x5f,
    0x90, 0x0, 0x0, 0xff, 0xbb, 0xbb, 0xbb, 0x40,
    0x5, 0xf9, 0x0, 0x0, 0xf, 0xd0, 0x0, 0x0,
    0x0, 0x0, 0x5f, 0x90, 0x0, 0x0, 0x33, 0x0,
    0x0, 0x0, 0x0, 0x5, 0xf9, 0x0, 0x0, 0x0,
    0x0, 0x0, 0x0, 0x0, 0x0, 0x6f, 0x90, 0x0,
    0x0, 0x0, 0x0, 0x0, 0x7, 0xff, 0xff, 0xf6,
    0x0, 0x0, 0x0, 0x0, 0x0, 0x0, 0x1f, 0xff,
    0xd8, 0x0, 0x0, 0x0, 0x0, 0x0, 0x0, 0x0,
    0x0, 0x0, 0x0, 0x0, 0x0,

    /* U+53F0 "台" */
    0x0, 0x0, 0x0, 0x0, 0x0, 0x0, 0x0, 0x0,
    0x0, 0x0, 0x0, 0x0, 0x9a, 0x20, 0x0, 0x0,
    0x0, 0x0, 0x0, 0x0, 0x5, 0xff, 0x20, 0x0,
    0x0, 0x0, 0x0, 0x0, 0x0, 0x2f, 0xf4, 0x0,
    0x7, 0x30, 0x0, 0x0, 0x0, 0x0, 0xcf, 0x80,
    0x0, 0x3f, 0xf3, 0x0, 0x0, 0x0, 0xa, 0xfa,
    0x0, 0x0, 0x5, 0xff, 0x30, 0x0, 0x0, 0xaf,
    0xb0, 0x0, 0x0, 0x0, 0x6f, 0xf3, 0x0, 0x1b,
    0xff, 0xbb, 0xbc, 0xdd, 0xef, 0xff, 0xfe, 0x10,
    0x1f, 0xff, 0xff, 0xff, 0xfe, 0xdc, 0xba, 0xcf,
    0xb0, 0x6, 0x53, 0x21, 0x0, 0x0, 0x0, 0x0,
    0x1e, 0x90, 0x0, 0x0, 0x0, 0x0, 0x0, 0x0,
    0x0, 0x1, 0x0, 0x0, 0xcf, 0xff, 0xff, 0xff,
    0xff, 0xff, 0xf2, 0x0, 0x0, 0xcf, 0xed, 0xdd,
    0xdd, 0xdd, 0xdf, 0xf2, 0x0, 0x0, 0xcf, 0x20,
    0x0, 0x0, 0x0, 0xd, 0xf2, 0x0, 0x0, 0xcf,
    0x20, 0x0, 0x0, 0x0, 0xd, 0xf2, 0x0, 0x0,
    0xcf, 0x20, 0x0, 0x0, 0x0, 0xd, 0xf2, 0x0,
    0x0, 0xcf, 0x20, 0x0, 0x0, 0x0, 0xe, 0xf2,
    0x0, 0x0, 0xcf, 0xff, 0xff, 0xff, 0xff, 0xff,
    0xf2, 0x0, 0x0, 0xcf, 0xcc, 0xcc, 0xcc, 0xcc,
    0xcf, 0xf2, 0x0, 0x0, 0xcf, 0x20, 0x0, 0x0,
    0x0, 0xd, 0xf2, 0x0,

    /* U+53F7 "号" */
    0x0, 0x0, 0x0, 0x0, 0x0, 0x0, 0x0, 0x0,
    0x0, 0x0, 0x7f, 0xff, 0xff, 0xff, 0xff, 0xff,
    0xf4, 0x0, 0x0, 0x7f, 0xc9, 0x99, 0x99, 0x99,
    0x9e, 0xf4, 0x0, 0x0, 0x7f, 0x60, 0x0, 0x0,
    0x0, 0xa, 0xf4, 0x0, 0x0, 0x7f, 0x60, 0x0,
    0x0, 0x0, 0xb, 0xf4, 0x0, 0x0, 0x7f, 0xff,
    0xff, 0xff, 0xff, 0xff, 0xf4, 0x0, 0x0, 0x49,
    0x99, 0x99, 0x99, 0x99, 0x99, 0x93, 0x0, 0x0,
    0x0, 0x0, 0x0, 0x0, 0x0, 0x0, 0x0, 0x0,
    0xef, 0xff, 0xff, 0xff, 0xff, 0xff, 0xff, 0xff,
    0xfa, 0xbc, 0xcc, 0xff, 0xcc, 0xcc, 0xcc, 0xcc,
    0xcc, 0xc8, 0x0, 0x3, 0xff, 0x0, 0x0, 0x0,
    0x0, 0x0, 0x0, 0x0, 0x8, 0xfa, 0x0, 0x0,
    0x0, 0x0, 0x0, 0x0, 0x0, 0xd, 0xff, 0xff,
    0xff, 0xff, 0xff, 0xf4, 0x0, 0x0, 0x1a, 0xaa,
    0xaa, 0xaa, 0xaa, 0xaf, 0xf2, 0x0, 0x0, 0x0,
    0x0, 0x0, 0x0, 0x0, 0xf, 0xf0, 0x0, 0x0,
    0x0, 0x0, 0x0, 0x0, 0x0, 0x4f, 0xc0, 0x0,
    0x0, 0x0, 0x0, 0x0, 0x0, 0x0, 0xaf, 0x80,
    0x0, 0x0, 0x0, 0x0, 0x2, 0xcb, 0xbc, 0xff,
    0x20, 0x0, 0x0, 0x0, 0x0, 0x0, 0xdf, 0xff,
    0xd5, 0x0, 0x0, 0x0, 0x0, 0x0, 0x0, 0x0,
    0x0, 0x0, 0x0, 0x0,

    /* U+5408 "合" */
    0x0, 0x0, 0x0, 0x0, 0x0, 0x0, 0x0, 0x0,
    0x0, 0x0, 0x0, 0x0, 0x0, 0x0, 0x2, 0xea,
    0x0, 0x0, 0x0, 0x0, 0x0, 0x0, 0x0, 0x0,
    0xd, 0xfc, 0x0, 0x0, 0x0, 0x0, 0x0, 0x0,
    0x0, 0x1, 0xcf, 0xff, 0x90, 0x0, 0x0, 0x0,
    0x0, 0x0, 0x0, 0x3e, 0xfa, 0x2d, 0xfb, 0x10,
    0x0, 0x0, 0x0, 0x0, 0x7, 0xff, 0x80, 0x1,
    0xcf, 0xe5, 0x0, 0x0, 0x0, 0x4, 0xdf, 0xf5,
    0x0, 0x0, 0x8, 0xff, 0xd5, 0x0, 0x5, 0xcf,
    0xff, 0xc9, 0x99, 0x99, 0x99, 0xdf, 0xff, 0xd5,
    0xc, 0xff, 0x7e, 0xff, 0xff, 0xff, 0xff, 0xf6,
    0x6e, 0xf3, 0x1, 0x81, 0x2, 0x22, 0x22, 0x22,
    0x22, 0x20, 0x0, 0x30, 0x0, 0x0, 0x0, 0x0,
    0x0, 0x0, 0x0, 0x0, 0x0, 0x0, 0x0, 0x0,
    0xaa, 0xaa, 0xaa, 0xaa, 0xaa, 0xaa, 0x80, 0x0,
    0x0, 0x1, 0xff, 0xff, 0xff, 0xff, 0xff, 0xff,
    0xd0, 0x0, 0x0, 0x1, 0xfe, 0x0, 0x0, 0x0,
    0x0, 0x3f, 0xd0, 0x0, 0x0, 0x1, 0xfd, 0x0,
    0x0, 0x0, 0x0, 0x2f, 0xd0, 0x0, 0x0, 0x1,
    0xfd, 0x0, 0x0, 0x0, 0x0, 0x2f, 0xd0, 0x0,
    0x0, 0x1, 0xfe, 0x0, 0x0, 0x0, 0x0, 0x3f,
    0xd0, 0x0, 0x0, 0x1, 0xff, 0xff, 0xff, 0xff,
    0xff, 0xff, 0xd0, 0x0, 0x0, 0x1, 0xff, 0xbb,
    0xbb, 0xbb, 0xbb, 0xcf, 0xd0, 0x0, 0x0, 0x1,
    0xfd, 0x0, 0x0, 0x0, 0x0, 0x2e, 0xc0, 0x0,

    /* U+540D "名" */
    0x0, 0x0, 0x0, 0x7, 0xe9, 0x0, 0x0, 0x0,
    0x0, 0x0, 0x0, 0x0, 0x4f, 0xf4, 0x0, 0x0,
    0x0, 0x0, 0x0, 0x0, 0x4, 0xff, 0xff, 0xff,
    0xff, 0xff, 0x80, 0x0, 0x0, 0x7f, 0xfc, 0xcc,
    0xcc, 0xcc, 0xff, 0x80, 0x0, 0x3c, 0xff, 0x40,
    0x0, 0x0, 0x7, 0xfd, 0x0, 0x7, 0xff, 0xc2,
    0x40, 0x0, 0x0, 0x6f, 0xf3, 0x0, 0x1, 0xc6,
    0xa, 0xfb, 0x0, 0x7, 0xff, 0x40, 0x0, 0x0,
    0x0, 0x1, 0xcf, 0xd4, 0xbf, 0xe3, 0x0, 0x0,
    0x0, 0x0, 0x0, 0xa, 0xff, 0xfb, 0x10, 0x0,
    0x0, 0x0, 0x0, 0x1, 0x8e, 0xff, 0x70, 0x0,
    0x0, 0x0, 0x0, 0x15, 0xaf, 0xff, 0xff, 0xff,
    0xff, 0xff, 0xf0, 0xc, 0xff, 0xff, 0xfb, 0xbb,
    0xbb, 0xbb, 0xbf, 0xf0, 0x9, 0xe9, 0x6f, 0xc0,
    0x0, 0x0, 0x0, 0xd, 0xf0, 0x0, 0x0, 0x1f,
    0xc0, 0x0, 0x0, 0x0, 0xd, 0xf0, 0x0, 0x0,
    0x1f, 0xc0, 0x0, 0x0, 0x0, 0xd, 0xf0, 0x0,
    0x0, 0x1f, 0xc0, 0x0, 0x0, 0x0, 0xe, 0xf0,
    0x0, 0x0, 0x1f, 0xff, 0xff, 0xff, 0xff, 0xff,
    0xf0, 0x0, 0x0, 0x1f, 0xfb, 0xbb, 0xbb, 0xbb,
    0xbf, 0xf0, 0x0, 0x0, 0x1f, 0xc0, 0x0, 0x0,
    0x0, 0xd, 0xf0, 0x0, 0x0, 0x0, 0x0, 0x0,
    0x0, 0x0, 0x0, 0x0,

    /* U+540E "后" */
    0x0, 0x0, 0x0, 0x0, 0x0, 0x0, 0x0, 0x37,
    0x70, 0x0, 0x0, 0x0, 0x23, 0x46, 0x78, 0xac,
    0xef, 0xff, 0xf8, 0x0, 0x0, 0xf, 0xff, 0xff,
    0xff, 0xff, 0xdb, 0x96, 0x30, 0x0, 0x0, 0xf,
    0xf8, 0x65, 0x42, 0x10, 0x0, 0x0, 0x0, 0x0,
    0x0, 0xf, 0xe0, 0x0, 0x0, 0x0, 0x0, 0x0,
    0x0, 0x0, 0x0, 0xf, 0xf2, 0x22, 0x22, 0x22,
    0x22, 0x22, 0x22, 0x20, 0x0, 0xf, 0xff, 0xff,
    0xff, 0xff, 0xff, 0xff, 0xff, 0xf4, 0x0, 0xf,
    0xfa, 0xaa, 0xaa, 0xaa, 0xaa, 0xaa, 0xaa, 0xa3,
    0x0, 0xf, 0xe0, 0x0, 0x0, 0x0, 0x0, 0x0,
    0x0, 0x0, 0x0, 0x1f, 0xd0, 0x0, 0x0, 0x0,
    0x0, 0x0, 0x0, 0x0, 0x0, 0x2f, 0xc0, 0xcf,
    0xff, 0xff, 0xff, 0xff, 0xfe, 0x0, 0x0, 0x4f,
    0xa0, 0xdf, 0xdc, 0xcc, 0xcc, 0xcd, 0xfe, 0x0,
    0x0, 0x6f, 0x80, 0xdf, 0x10, 0x0, 0x0, 0x1,
    0xfe, 0x0, 0x0, 0xaf, 0x60, 0xdf, 0x10, 0x0,
    0x0, 0x1, 0xfe, 0x0, 0x0, 0xff, 0x20, 0xdf,
    0x10, 0x0, 0x0, 0x1, 0xfe, 0x0, 0x5, 0xfd,
    0x0, 0xdf, 0x10, 0x0, 0x0, 0x1, 0xfe, 0x0,
    0xd, 0xf8, 0x0, 0xdf, 0xff, 0xff, 0xff, 0xff,
    0xfe, 0x0, 0x2f, 0xf1, 0x0, 0xdf, 0xcb, 0xbb,
    0xbb, 0xbc, 0xfe, 0x0, 0x4, 0x70, 0x0, 0xdf,
    0x10, 0x0, 0x0, 0x1, 0xfe, 0x0, 0x0, 0x0,
    0x0, 0x0, 0x0, 0x0, 0x0, 0x0, 0x0, 0x0,

    /* U+5411 "向" */
    0x0, 0x0, 0x0, 0x0, 0x0, 0x0, 0x0, 0x0,
    0x0, 0x0, 0x0, 0x0, 0xa, 0xfb, 0x0, 0x0,
    0x0, 0x0, 0x0, 0x0, 0x0, 0xf, 0xf6, 0x0,
    0x0, 0x0, 0x0, 0x0, 0x0, 0x0, 0x5f, 0xe0,
    0x0, 0x0, 0x0, 0x0, 0xb, 0xbb, 0xbb, 0xdf,
    0xeb, 0xbb, 0xbb, 0xbb, 0xb0, 0x1f, 0xff, 0xff,
    0xff, 0xff, 0xff, 0xff, 0xff, 0xf1, 0x1f, 0xd2,
    0x22, 0x22, 0x22, 0x22, 0x22, 0x2d, 0xf1, 0x1f,
    0xc0, 0x0, 0x0, 0x0, 0x0, 0x0, 0xc, 0xf1,
    0x1f, 0xc0, 0x0, 0x0, 0x0, 0x0, 0x0, 0xc,
    0xf1, 0x1f, 0xc0, 0xe, 0xff, 0xff, 0xff, 0xf0,
    0xc, 0xf1, 0x1f, 0xc0, 0xe, 0xe9, 0x99, 0x9e,
    0xf0, 0xc, 0xf1, 0x1f, 0xc0, 0xe, 0xc0, 0x0,
    0xb, 0xf0, 0xc, 0xf1, 0x1f, 0xc0, 0xe, 0xc0,
    0x0, 0xb, 0xf0, 0xc, 0xf1, 0x1f, 0xc0, 0xe,
    0xc0, 0x0, 0xc, 0xf0, 0xc, 0xf1, 0x1f, 0xc0,
    0xe, 0xff, 0xff, 0xff, 0xf0, 0xc, 0xf1, 0x1f,
    0xc0, 0xe, 0xe9, 0x99, 0x99, 0x90, 0xc, 0xf1,
    0x1f, 0xc0, 0xe, 0xc0, 0x0, 0x0, 0x0, 0xc,
    0xf1, 0x1f, 0xc0, 0x1, 0x10, 0x0, 0x0, 0x0,
    0xd, 0xf1, 0x1f, 0xc0, 0x0, 0x0, 0x0, 0x1,
    0xee, 0xef, 0xe0, 0x1f, 0xc0, 0x0, 0x0, 0x0,
    0x0, 0xbf, 0xfc, 0x40, 0x0, 0x0, 0x0, 0x0,
    0x0, 0x0, 0x0, 0x0, 0x0,

    /* U+5417 "吗" */
    0x0, 0x0, 0x0, 0x9, 0xcc, 0xcc, 0xcc, 0xcc,
    0x20, 0xaf, 0xff, 0xfe, 0xb, 0xff, 0xff, 0xff,
    0xff, 0x20, 0xaf, 0xbb, 0xee, 0x0, 0x0, 0x0,
    0x0, 0xcf, 0x0, 0xaf, 0x10, 0xce, 0x0, 0xbc,
    0x0, 0x0, 0xdf, 0x0, 0xaf, 0x10, 0xce, 0x0,
    0xed, 0x0, 0x0, 0xfd, 0x0, 0xaf, 0x10, 0xce,
    0x0, 0xfc, 0x0, 0x1, 0xfb, 0x0, 0xaf, 0x10,
    0xce, 0x1, 0xfa, 0x0, 0x2, 0xf9, 0x0, 0xaf,
    0x10, 0xce, 0x3, 0xf9, 0x0, 0x5, 0xf8, 0x0,
    0xaf, 0x10, 0xce, 0x5, 0xff, 0xff, 0xff, 0xff,
    0xfc, 0xaf, 0x10, 0xce, 0x4, 0x88, 0x88, 0x88,
    0x89, 0xfb, 0xaf, 0x43, 0xde, 0x0, 0x0, 0x0,
    0x0, 0x2, 0xf9, 0xaf, 0xff, 0xfe, 0x0, 0x0,
    0x0, 0x0, 0x4, 0xf8, 0xaf, 0x98, 0x88, 0x4f,
    0xff, 0xff, 0xff, 0x86, 0xf6, 0xaf, 0x10, 0x0,
    0x3a, 0xaa, 0xaa, 0xaa, 0x58, 0xf4, 0x24, 0x0,
    0x0, 0x0, 0x0, 0x0, 0x0, 0xb, 0xf1, 0x0,
    0x0, 0x0, 0x0, 0x0, 0x0, 0x0, 0x1f, 0xe0,
    0x0, 0x0, 0x0, 0x0, 0x0, 0x1, 0xba, 0xdf,
    0x90, 0x0, 0x0, 0x0, 0x0, 0x0, 0x0, 0xdf,
    0xfb, 0x10, 0x0, 0x0, 0x0, 0x0, 0x0, 0x0,
    0x0, 0x0, 0x0,

    /* U+542F "启" */
    0x0, 0x0, 0x0, 0x0, 0x19, 0xa0, 0x0, 0x0,
    0x0, 0x0, 0x0, 0x0, 0x0, 0x0, 0xef, 0x40,
    0x0, 0x0, 0x0, 0x0, 0x0, 0x0, 0x0, 0x8,
    0xfb, 0x0, 0x0, 0x0, 0x0, 0x0, 0xff, 0xff,
    0xff, 0xff, 0xff, 0xff, 0xff, 0xc0, 0x0, 0xf,
    0xfb, 0xbb, 0xbb, 0xbb, 0xbb, 0xbc, 0xfc, 0x0,
    0x0, 0xff, 0x0, 0x0, 0x0, 0x0, 0x0, 0x1f,
    0xc0, 0x0, 0xf, 0xf0, 0x0, 0x0, 0x0, 0x0,
    0x1, 0xfc, 0x0, 0x0, 0xff, 0xff, 0xff, 0xff,
    0xff, 0xff, 0xff, 0xc0, 0x0, 0xf, 0xfc, 0xcc,
    0xcc, 0xcc, 0xcc, 0xcc, 0xca, 0x0, 0x0, 0xfe,
    0x0, 0x0, 0x0, 0x0, 0x0, 0x0, 0x0, 0x0,
    0x1f, 0xd0, 0x11, 0x11, 0x11, 0x11, 0x11, 0x11,
    0x0, 0x3, 0xfc, 0x5f, 0xff, 0xff, 0xff, 0xff,
    0xff, 0xf2, 0x0, 0x4f, 0x95, 0xfd, 0xaa, 0xaa,
    0xaa, 0xaa, 0xef, 0x20, 0x8, 0xf7, 0x5f, 0x80,
    0x0, 0x0, 0x0, 0xb, 0xf2, 0x0, 0xdf, 0x35,
    0xf8, 0x0, 0x0, 0x0, 0x0, 0xbf, 0x20, 0x2f,
    0xe0, 0x5f, 0x91, 0x11, 0x11, 0x11, 0x1c, 0xf2,
    0xa, 0xfa, 0x5, 0xff, 0xff, 0xff, 0xff, 0xff,
    0xff, 0x22, 0xff, 0x20, 0x5f, 0xda, 0xaa, 0xaa,
    0xaa, 0xae, 0xf2, 0x6, 0x90, 0x5, 0xf8, 0x0,
    0x0, 0x0, 0x0, 0xbf, 0x20, 0x0, 0x0, 0x0,
    0x0, 0x0, 0x0, 0x0, 0x0, 0x0,

    /* U+548C "和" */
    0x0, 0x0, 0x0, 0x15, 0x80, 0x0, 0x0, 0x0,
    0x0, 0x0, 0x13, 0x69, 0xcf, 0xff, 0x70, 0x0,
    0x0, 0x0, 0x0, 0xb, 0xff, 0xff, 0xd7, 0x20,
    0x8f, 0xff, 0xff, 0xff, 0x10, 0x35, 0x35, 0xf9,
    0x0, 0x8, 0xfd, 0xcc, 0xcf, 0xf1, 0x0, 0x0,
    0x4f, 0x90, 0x0, 0x8f, 0x40, 0x0, 0xdf, 0x10,
    0x0, 0x4, 0xf9, 0x0, 0x8, 0xf4, 0x0, 0xd,
    0xf1, 0xf, 0xff, 0xff, 0xff, 0xfd, 0x8f, 0x40,
    0x0, 0xdf, 0x10, 0xcc, 0xcf, 0xfe, 0xcc, 0xa8,
    0xf4, 0x0, 0xd, 0xf1, 0x0, 0x1, 0xff, 0xd0,
    0x0, 0x8f, 0x40, 0x0, 0xdf, 0x10, 0x0, 0x8f,
    0xff, 0xb0, 0x8, 0xf4, 0x0, 0xd, 0xf1, 0x0,
    0x1f, 0xef, 0xdf, 0xa0, 0x8f, 0x40, 0x0, 0xdf,
    0x10, 0x8, 0xf7, 0xf9, 0x9f, 0x88, 0xf4, 0x0,
    0xd, 0xf1, 0x3, 0xfb, 0x4f, 0x90, 0xd6, 0x8f,
    0x40, 0x0, 0xdf, 0x11, 0xdf, 0x34, 0xf9, 0x2,
    0x8, 0xf4, 0x0, 0xd, 0xf1, 0x4f, 0x80, 0x4f,
    0x90, 0x0, 0x8f, 0xdc, 0xcc, 0xff, 0x10, 0x80,
    0x4, 0xf9, 0x0, 0x8, 0xff, 0xff, 0xff, 0xf1,
    0x0, 0x0, 0x4f, 0x90, 0x0, 0x8f, 0x50, 0x0,
    0xdf, 0x10, 0x0, 0x4, 0xf9, 0x0, 0x6, 0xc3,
    0x0, 0x8, 0x90, 0x0, 0x0, 0x4f, 0x90, 0x0,
    0x0, 0x0, 0x0, 0x0, 0x0,

    /* U+54CD "响" */
    0x0, 0x0, 0x0, 0x0, 0x0, 0xd, 0xa1, 0x0,
    0x0, 0x1, 0x11, 0x10, 0x0, 0x0, 0x3f, 0xd0,
    0x0, 0x0, 0x9f, 0xff, 0xf9, 0x0, 0x0, 0x8f,
    0x60, 0x0, 0x0, 0x9f, 0xaa, 0xf9, 0x9, 0x99,
    0xef, 0xa9, 0x99, 0x97, 0x9f, 0x0, 0xf9, 0x1f,
    0xff, 0xff, 0xff, 0xff, 0xfc, 0x9f, 0x0, 0xf9,
    0x1f, 0xb0, 0x0, 0x0, 0x1, 0xfc, 0x9f, 0x0,
    0xf9, 0x1f, 0xb0, 0x0, 0x0, 0x0, 0xfc, 0x9f,
    0x0, 0xf9, 0x1f, 0xb0, 0xef, 0xff, 0x50, 0xfc,
    0x9f, 0x0, 0xf9, 0x1f, 0xb0, 0xea, 0x6f, 0x50,
    0xfc, 0x9f, 0x0, 0xf9, 0x1f, 0xb0, 0xe6, 0xe,
    0x50, 0xfc, 0x9f, 0x0, 0xf9, 0x1f, 0xb0, 0xe6,
    0xe, 0x50, 0xfc, 0x9f, 0x54, 0xf9, 0x1f, 0xb0,
    0xe6, 0xe, 0x50, 0xfc, 0x9f, 0xff, 0xf9, 0x1f,
    0xb0, 0xea, 0x6f, 0x50, 0xfc, 0x9f, 0x87, 0x74,
    0x1f, 0xb0, 0xef, 0xff, 0x50, 0xfc, 0x9f, 0x0,
    0x0, 0x1f, 0xb0, 0xe6, 0x0, 0x0, 0xfc, 0x24,
    0x0, 0x0, 0x1f, 0xb0, 0x0, 0x0, 0x0, 0xfc,
    0x0, 0x0, 0x0, 0x1f, 0xb0, 0x0, 0x0, 0x0,
    0xfc, 0x0, 0x0, 0x0, 0x1f, 0xb0, 0x0, 0x3,
    0x9b, 0xfb, 0x0, 0x0, 0x0, 0x1f, 0xb0, 0x0,
    0x1, 0xff, 0xd4, 0x0, 0x0, 0x0, 0x0, 0x0,
    0x0, 0x0, 0x10, 0x0,

    /* U+5546 "商" */
    0x0, 0x0, 0x0, 0x0, 0x0, 0x0, 0x0, 0x0,
    0x0, 0x0, 0x0, 0x0, 0x1, 0xcd, 0x0, 0x0,
    0x0, 0x0, 0x0, 0x0, 0x0, 0x0, 0xdf, 0x40,
    0x0, 0x0, 0x0, 0xcf, 0xff, 0xff, 0xff, 0xff,
    0xff, 0xff, 0xff, 0xfe, 0x8a, 0xaa, 0xae, 0xca,
    0xaa, 0xab, 0xda, 0xaa, 0xa9, 0x0, 0x0, 0x6f,
    0xa0, 0x0, 0x6, 0xfb, 0x0, 0x0, 0x0, 0x0,
    0xe, 0xf2, 0x0, 0xe, 0xf2, 0x0, 0x0, 0x6,
    0x88, 0x8c, 0xb8, 0x88, 0xaf, 0xd8, 0x88, 0x70,
    0xb, 0xff, 0xff, 0xff, 0xff, 0xff, 0xff, 0xff,
    0xe0, 0xb, 0xf1, 0x0, 0x68, 0x10, 0x5b, 0x10,
    0xd, 0xe0, 0xb, 0xf1, 0x8, 0xfb, 0x0, 0x7f,
    0xe3, 0xd, 0xe0, 0xb, 0xf3, 0xcf, 0xa0, 0x0,
    0x4, 0xff, 0x6d, 0xe0, 0xb, 0xf4, 0xfd, 0x66,
    0x66, 0x66, 0x7d, 0xbd, 0xe0, 0xb, 0xf1, 0x2c,
    0xff, 0xff, 0xff, 0xc1, 0xd, 0xe0, 0xb, 0xf1,
    0xc, 0xd0, 0x0, 0xc, 0xc0, 0xd, 0xe0, 0xb,
    0xf1, 0xc, 0xd2, 0x22, 0x2d, 0xc0, 0xd, 0xe0,
    0xb, 0xf1, 0xc, 0xff, 0xff, 0xff, 0xc0, 0xd,
    0xe0, 0xb, 0xf1, 0xc, 0xd2, 0x22, 0x22, 0x10,
    0xd, 0xe0, 0xb, 0xf1, 0x2, 0x20, 0x0, 0x0,
    0x67, 0x7f, 0xd0, 0xb, 0xf1, 0x0, 0x0, 0x0,
    0x0, 0x8e, 0xec, 0x40,

    /* U+555F "啟" */
    0x0, 0x0, 0x2a, 0x40, 0x0, 0x0, 0xa, 0x90,
    0x0, 0x0, 0x0, 0x0, 0x1f, 0xb0, 0x0, 0x0,
    0xf, 0xd0, 0x0, 0x0, 0x0, 0x22, 0x2c, 0xf4,
    0x22, 0x0, 0x4f, 0xa0, 0x0, 0x0, 0x0, 0xef,
    0xff, 0xff, 0xff, 0x10, 0x7f, 0x70, 0x0, 0x0,
    0x0, 0xee, 0x77, 0x77, 0xcf, 0x10, 0xbf, 0xff,
    0xff, 0xf2, 0x0, 0xec, 0x0, 0x0, 0x9f, 0x11,
    0xff, 0xbb, 0xdf, 0xc2, 0x0, 0xec, 0x0, 0x0,
    0x9f, 0x17, 0xfc, 0x0, 0xaf, 0x10, 0x0, 0xff,
    0xff, 0xff, 0xff, 0x2e, 0xff, 0x0, 0xde, 0x0,
    0x0, 0xff, 0xbb, 0xbb, 0xbb, 0x8f, 0xdf, 0x30,
    0xfb, 0x0, 0x0, 0xfb, 0x0, 0x0, 0x0, 0xa,
    0x2f, 0x73, 0xf8, 0x0, 0x0, 0xfa, 0x0, 0x0,
    0x0, 0x0, 0xd, 0xc8, 0xf4, 0x0, 0x1, 0xf9,
    0xff, 0xff, 0xff, 0x50, 0x8, 0xfe, 0xe0, 0x0,
    0x3, 0xf8, 0xfc, 0x77, 0xaf, 0x50, 0x2, 0xff,
    0x80, 0x0, 0x6, 0xf7, 0xf8, 0x0, 0x5f, 0x50,
    0x0, 0xef, 0x30, 0x0, 0xa, 0xf3, 0xf8, 0x0,
    0x5f, 0x50, 0x8, 0xff, 0xc0, 0x0, 0xf, 0xf1,
    0xfc, 0x77, 0xaf, 0x50, 0x6f, 0xeb, 0xf9, 0x0,
    0x5f, 0xa0, 0xff, 0xff, 0xff, 0x6a, 0xff, 0x41,
    0xff, 0xb1, 0xb, 0x40, 0xf9, 0x0, 0x5f, 0x8f,
    0xf8, 0x0, 0x5f, 0xf3, 0x0, 0x0, 0xf8, 0x0,
    0x13, 0x1b, 0x80, 0x0, 0x6, 0x90, 0x0, 0x0,
    0x0, 0x0, 0x0, 0x1, 0x0, 0x0, 0x0, 0x0,

    /* U+55CE "嗎" */
    0x0, 0x0, 0x0, 0x0, 0x0, 0x0, 0x0, 0x0,
    0x0, 0x0, 0x0, 0x0, 0xc, 0xff, 0xff, 0xff,
    0xff, 0xf5, 0xaf, 0xff, 0xfe, 0xc, 0xf9, 0x9a,
    0xfd, 0x99, 0x93, 0xaf, 0xa9, 0xee, 0xc, 0xf0,
    0x1, 0xf9, 0x0, 0x0, 0xaf, 0x0, 0xce, 0xc,
    0xff, 0xff, 0xff, 0xff, 0xd0, 0xaf, 0x0, 0xce,
    0xc, 0xf8, 0x89, 0xfd, 0x88, 0x70, 0xaf, 0x0,
    0xce, 0xc, 0xf0, 0x1, 0xf9, 0x0, 0x0, 0xaf,
    0x0, 0xce, 0xc, 0xff, 0xff, 0xff, 0xff, 0xd0,
    0xaf, 0x0, 0xce, 0xc, 0xf8, 0x89, 0xfd, 0x88,
    0x70, 0xaf, 0x0, 0xce, 0xc, 0xf0, 0x1, 0xf9,
    0x0, 0x0, 0xaf, 0x0, 0xce, 0xc, 0xfb, 0xbc,
    0xfe, 0xbb, 0xbb, 0xaf, 0xbb, 0xfe, 0xb, 0xee,
    0xee, 0xee, 0xee, 0xfe, 0xaf, 0xff, 0xfe, 0x0,
    0x0, 0x1, 0x23, 0x60, 0xed, 0xaf, 0x10, 0x0,
    0x6f, 0x1f, 0x58, 0xc3, 0xf1, 0xfc, 0x8d, 0x0,
    0x0, 0x9e, 0xe, 0x83, 0xf2, 0xb7, 0xfb, 0x0,
    0x0, 0x0, 0xdb, 0xc, 0xa0, 0xf6, 0x33, 0xf9,
    0x0, 0x0, 0x4, 0xf5, 0xb, 0xb0, 0x73, 0x4,
    0xf7, 0x0, 0x0, 0x8, 0xe0, 0x4, 0x30, 0x6,
    0x9d, 0xf4, 0x0, 0x0, 0x0, 0x10, 0x0, 0x0,
    0x5, 0xff, 0xa0,

    /* U+5668 "器" */
    0x0, 0x0, 0x0, 0x0, 0x0, 0x0, 0x0, 0x0,
    0x0, 0x0, 0x0, 0x7f, 0xff, 0xff, 0xe0, 0xf,
    0xff, 0xff, 0xf9, 0x0, 0x0, 0x7f, 0xa9, 0x9f,
    0xe0, 0xf, 0xd9, 0x9a, 0xf9, 0x0, 0x0, 0x7f,
    0x30, 0xe, 0xe0, 0xf, 0xa0, 0x3, 0xf9, 0x0,
    0x0, 0x7f, 0x30, 0xe, 0xe0, 0xf, 0xb0, 0x4,
    0xf9, 0x0, 0x0, 0x7f, 0xff, 0xff, 0xe0, 0xf,
    0xff, 0xff, 0xf9, 0x0, 0x0, 0x49, 0x99, 0x99,
    0xd7, 0x29, 0xaf, 0xa9, 0x95, 0x0, 0x0, 0x0,
    0x0, 0x4, 0xfd, 0x0, 0x5d, 0xf9, 0x0, 0x0,
    0xa, 0xaa, 0xaa, 0xae, 0xfc, 0xaa, 0xaa, 0xee,
    0xaa, 0xa0, 0xf, 0xff, 0xff, 0xff, 0xff, 0xff,
    0xff, 0xff, 0xff, 0xf0, 0x0, 0x0, 0x4e, 0xf7,
    0x0, 0x2, 0xdf, 0xa1, 0x0, 0x0, 0x0, 0x8,
    0xff, 0x50, 0x0, 0x0, 0xb, 0xfe, 0x50, 0x0,
    0x18, 0xff, 0xfd, 0x99, 0x80, 0x9, 0x99, 0xff,
    0xfe, 0x82, 0x2f, 0xff, 0xff, 0xff, 0xe0, 0xf,
    0xff, 0xff, 0xff, 0xe1, 0x4, 0x9f, 0x40, 0xf,
    0xe0, 0xf, 0xb0, 0x4, 0xfb, 0x30, 0x0, 0x7f,
    0x30, 0xe, 0xe0, 0xf, 0xb0, 0x3, 0xf9, 0x0,
    0x0, 0x7f, 0x30, 0xe, 0xe0, 0xf, 0xb0, 0x3,
    0xf9, 0x0, 0x0, 0x7f, 0xba, 0xaf, 0xe0, 0xf,
    0xea, 0xab, 0xf9, 0x0, 0x0, 0x7f, 0xff, 0xfe,
    0xc0, 0xf, 0xff, 0xff, 0xd8, 0x0,

    /* U+56DE "回" */
    0x0, 0x0, 0x0, 0x0, 0x0, 0x0, 0x0, 0x0,
    0x0, 0x3f, 0xff, 0xff, 0xff, 0xff, 0xff, 0xff,
    0xff, 0xfe, 0x3f, 0xfe, 0xee, 0xee, 0xee, 0xee,
    0xee, 0xee, 0xfe, 0x3f, 0xb0, 0x0, 0x0, 0x0,
    0x0, 0x0, 0x2, 0xfe, 0x3f, 0xb0, 0x0, 0x0,
    0x0, 0x0, 0x0, 0x2, 0xfe, 0x3f, 0xb0, 0x8,
    0xaa, 0xaa, 0xaa, 0xa0, 0x2, 0xfe, 0x3f, 0xb0,
    0xd, 0xff, 0xff, 0xff, 0xf1, 0x2, 0xfe, 0x3f,
    0xb0, 0xd, 0xf0, 0x0, 0xc, 0xf1, 0x2, 0xfe,
    0x3f, 0xb0, 0xd, 0xf0, 0x0, 0xc, 0xf1, 0x2,
    0xfe, 0x3f, 0xb0, 0xd, 0xf0, 0x0, 0xc, 0xf1,
    0x2, 0xfe, 0x3f, 0xb0, 0xd, 0xf0, 0x0, 0xc,
    0xf1, 0x2, 0xfe, 0x3f, 0xb0, 0xd, 0xfa, 0xaa,
    0xae, 0xf1, 0x2, 0xfe, 0x3f, 0xb0, 0xd, 0xff,
    0xff, 0xff, 0xf1, 0x2, 0xfe, 0x3f, 0xb0, 0x0,
    0x0, 0x0, 0x0, 0x0, 0x2, 0xfe, 0x3f, 0xb0,
    0x0, 0x0, 0x0, 0x0, 0x0, 0x2, 0xfe, 0x3f,
    0xb0, 0x0, 0x0, 0x0, 0x0, 0x0, 0x2, 0xfe,
    0x3f, 0xff, 0xff, 0xff, 0xff, 0xff, 0xff, 0xff,
    0xfe, 0x3f, 0xeb, 0xbb, 0xbb, 0xbb, 0xbb, 0xbb,
    0xbc, 0xfe, 0x3f, 0xb0, 0x0, 0x0, 0x0, 0x0,
    0x0, 0x2, 0xfe,

    /* U+56FD "国" */
    0x0, 0x0, 0x0, 0x0, 0x0, 0x0, 0x0, 0x0,
    0x0, 0x2f, 0xff, 0xff, 0xff, 0xff, 0xff, 0xff,
    0xff, 0xfc, 0x2f, 0xfb, 0xbb, 0xbb, 0xbb, 0xbb,
    0xbb, 0xbc, 0xfc, 0x2f, 0xc0, 0x0, 0x0, 0x0,
    0x0, 0x0, 0x3, 0xfc, 0x2f, 0xc0, 0xef, 0xff,
    0xff, 0xff, 0xff, 0x23, 0xfc, 0x2f, 0xc0, 0xab,
    0xbb, 0xff, 0xbb, 0xbb, 0x13, 0xfc, 0x2f, 0xc0,
    0x0, 0x0, 0xdf, 0x0, 0x0, 0x3, 0xfc, 0x2f,
    0xc0, 0x0, 0x0, 0xdf, 0x0, 0x0, 0x3, 0xfc,
    0x2f, 0xc0, 0x4a, 0xaa, 0xff, 0xaa, 0xa7, 0x3,
    0xfc, 0x2f, 0xc0, 0x5f, 0xff, 0xff, 0xff, 0xfa,
    0x3, 0xfc, 0x2f, 0xc0, 0x0, 0x0, 0xdf, 0x8,
    0x80, 0x3, 0xfc, 0x2f, 0xc0, 0x0, 0x0, 0xdf,
    0x6, 0xf7, 0x3, 0xfc, 0x2f, 0xc0, 0x0, 0x0,
    0xdf, 0x0, 0x98, 0x3, 0xfc, 0x2f, 0xc2, 0xff,
    0xff, 0xff, 0xff, 0xff, 0x93, 0xfc, 0x2f, 0xc1,
    0x88, 0x88, 0x88, 0x88, 0x88, 0x53, 0xfc, 0x2f,
    0xc0, 0x0, 0x0, 0x0, 0x0, 0x0, 0x4, 0xfc,
    0x2f, 0xff, 0xff, 0xff, 0xff, 0xff, 0xff, 0xff,
    0xfc, 0x2f, 0xfb, 0xbb, 0xbb, 0xbb, 0xbb, 0xbb,
    0xbc, 0xfc, 0x2f, 0xc0, 0x0, 0x0, 0x0, 0x0,
    0x0, 0x3, 0xfc,

    /* U+56FE "图" */
    0x0, 0x0, 0x0, 0x0, 0x0, 0x0, 0x0, 0x0,
    0x0, 0xaf, 0xff, 0xff, 0xff, 0xff, 0xff, 0xff,
    0xff, 0xf1, 0xaf, 0xba, 0xaa, 0xaa, 0xaa, 0xaa,
    0xaa, 0xae, 0xf1, 0xaf, 0x20, 0x0, 0x8e, 0x30,
    0x0, 0x0, 0xc, 0xf1, 0xaf, 0x20, 0x6, 0xff,
    0x77, 0x77, 0x72, 0xc, 0xf1, 0xaf, 0x20, 0x6f,
    0xff, 0xff, 0xff, 0xf7, 0xc, 0xf1, 0xaf, 0x4a,
    0xff, 0xe4, 0x0, 0x8f, 0xa0, 0xc, 0xf1, 0xaf,
    0x3b, 0xa2, 0xcf, 0x9c, 0xf9, 0x0, 0xc, 0xf1,
    0xaf, 0x20, 0x0, 0x5f, 0xff, 0xc2, 0x0, 0xc,
    0xf1, 0xaf, 0x45, 0x9e, 0xff, 0x8a, 0xff, 0xc8,
    0x4c, 0xf1, 0xaf, 0x9f, 0xfc, 0x96, 0x10, 0x28,
    0xdf, 0x9c, 0xf1, 0xaf, 0x36, 0x10, 0x8f, 0xfd,
    0x71, 0x1, 0xc, 0xf1, 0xaf, 0x20, 0x0, 0x0,
    0x49, 0xf5, 0x0, 0xc, 0xf1, 0xaf, 0x20, 0x5f,
    0xeb, 0x85, 0x20, 0x0, 0xc, 0xf1, 0xaf, 0x20,
    0x25, 0x8b, 0xef, 0xfe, 0x80, 0xc, 0xf1, 0xaf,
    0x20, 0x0, 0x0, 0x2, 0x6b, 0x80, 0xc, 0xf1,
    0xaf, 0xcb, 0xbb, 0xbb, 0xbb, 0xbb, 0xbb, 0xbf,
    0xf1, 0xaf, 0xff, 0xff, 0xff, 0xff, 0xff, 0xff,
    0xff, 0xf1, 0xaf, 0x20, 0x0, 0x0, 0x0, 0x0,
    0x0, 0xc, 0xf1,

    /* U+5716 "圖" */
    0x34, 0x44, 0x44, 0x44, 0x44, 0x44, 0x44, 0x44,
    0x41, 0xaf, 0xff, 0xff, 0xff, 0xff, 0xff, 0xff,
    0xff, 0xf4, 0xaf, 0x54, 0x44, 0x44, 0x44, 0x44,
    0x44, 0x4a, 0xf4, 0xaf, 0x10, 0xaf, 0xff, 0xff,
    0xff, 0xf1, 0x8, 0xf4, 0xaf, 0x10, 0xae, 0x11,
    0x11, 0x18, 0xf1, 0x8, 0xf4, 0xaf, 0x10, 0xaf,
    0xcc, 0xcc, 0xce, 0xf1, 0x8, 0xf4, 0xaf, 0x10,
    0x23, 0x34, 0xf9, 0x33, 0x30, 0x8, 0xf4, 0xaf,
    0x2f, 0xff, 0xff, 0xff, 0xff, 0xff, 0xa8, 0xf4,
    0xaf, 0x12, 0x22, 0x23, 0xf8, 0x22, 0x22, 0x18,
    0xf4, 0xaf, 0x13, 0xff, 0xff, 0xff, 0xff, 0xfb,
    0x8, 0xf4, 0xaf, 0x13, 0xf5, 0x22, 0x22, 0x22,
    0xdb, 0x8, 0xf4, 0xaf, 0x13, 0xf3, 0x6f, 0xde,
    0xe0, 0xcb, 0x8, 0xf4, 0xaf, 0x13, 0xf3, 0x6a,
    0x15, 0xe0, 0xcb, 0x8, 0xf4, 0xaf, 0x13, 0xf3,
    0x5c, 0xcc, 0xb0, 0xcb, 0x8, 0xf4, 0xaf, 0x13,
    0xf9, 0x88, 0x88, 0x88, 0xeb, 0x8, 0xf4, 0xaf,
    0x12, 0x88, 0x88, 0x88, 0x88, 0x86, 0x8, 0xf4,
    0xaf, 0xa9, 0x99, 0x99, 0x99, 0x99, 0x99, 0x9d,
    0xf4, 0xaf, 0xff, 0xff, 0xff, 0xff, 0xff, 0xff,
    0xff, 0xf4, 0xaf, 0x10, 0x0, 0x0, 0x0, 0x0,
    0x0, 0x8, 0xf4,

    /* U+5728 "在" */
    0x0, 0x0, 0x0, 0x6, 0xb5, 0x0, 0x0, 0x0,
    0x0, 0x0, 0x0, 0x0, 0x0, 0xbf, 0x50, 0x0,
    0x0, 0x0, 0x0, 0x0, 0x0, 0x0, 0x1f, 0xf0,
    0x0, 0x0, 0x0, 0x0, 0x0, 0xbf, 0xff, 0xff,
    0xff, 0xff, 0xff, 0xff, 0xff, 0xfe, 0xa, 0xdd,
    0xde, 0xff, 0xed, 0xdd, 0xdd, 0xdd, 0xdd, 0xc0,
    0x0, 0x0, 0x8f, 0xa0, 0x0, 0x0, 0x0, 0x0,
    0x0, 0x0, 0x0, 0x3f, 0xf1, 0x0, 0x0, 0x54,
    0x0, 0x0, 0x0, 0x0, 0xd, 0xf7, 0x0, 0x0,
    0xf, 0xd0, 0x0, 0x0, 0x0, 0x9, 0xfe, 0x0,
    0x0, 0x0, 0xfd, 0x0, 0x0, 0x0, 0xa, 0xff,
    0xa0, 0x4a, 0xaa, 0xbf, 0xfa, 0xaa, 0xa1, 0xc,
    0xff, 0xfa, 0x6, 0xff, 0xff, 0xff, 0xff, 0xff,
    0x11, 0xff, 0x7f, 0xa0, 0x0, 0x0, 0x1f, 0xd0,
    0x0, 0x0, 0x8, 0x43, 0xfa, 0x0, 0x0, 0x0,
    0xfd, 0x0, 0x0, 0x0, 0x0, 0x3f, 0xa0, 0x0,
    0x0, 0xf, 0xd0, 0x0, 0x0, 0x0, 0x3, 0xfa,
    0x0, 0x0, 0x0, 0xfd, 0x0, 0x0, 0x0, 0x0,
    0x3f, 0xa0, 0x0, 0x0, 0xf, 0xd0, 0x0, 0x0,
    0x0, 0x3, 0xfa, 0x0, 0x0, 0x0, 0xfd, 0x0,
    0x0, 0x0, 0x0, 0x3f, 0xa2, 0xcc, 0xcc, 0xcf,
    0xfc, 0xcc, 0xcb, 0x0, 0x3, 0xfa, 0x2f, 0xff,
    0xff, 0xff, 0xff, 0xff, 0xe0,

    /* U+5730 "地" */
    0x0, 0x8, 0xb0, 0x0, 0x0, 0x0, 0xaf, 0x10,
    0x0, 0x0, 0x0, 0xc, 0xf0, 0x0, 0x0, 0x0,
    0xaf, 0x10, 0x0, 0x0, 0x0, 0xc, 0xf0, 0x0,
    0x23, 0x0, 0xaf, 0x10, 0x0, 0x0, 0x0, 0xc,
    0xf0, 0x0, 0xbf, 0x10, 0xaf, 0x10, 0x0, 0x0,
    0x0, 0xc, 0xf0, 0x0, 0xbf, 0x10, 0xaf, 0x10,
    0x6c, 0x50, 0x29, 0x9e, 0xf9, 0x92, 0xbf, 0x10,
    0xaf, 0xbf, 0xff, 0x90, 0x3f, 0xff, 0xff, 0xf3,
    0xbf, 0x37, 0xef, 0xfc, 0x9f, 0x90, 0x0, 0xc,
    0xf1, 0x0, 0xcf, 0xff, 0xff, 0x30, 0x3f, 0x90,
    0x0, 0xc, 0xf0, 0x4d, 0xff, 0xb4, 0xaf, 0x10,
    0x3f, 0x90, 0x0, 0xc, 0xf0, 0x2e, 0xef, 0x10,
    0xaf, 0x10, 0x3f, 0x80, 0x0, 0xc, 0xf0, 0x0,
    0xbf, 0x10, 0xaf, 0x10, 0x4f, 0x80, 0x0, 0xc,
    0xf2, 0x82, 0xbf, 0x10, 0xaf, 0x23, 0x8f, 0x60,
    0x0, 0xd, 0xff, 0xf5, 0xbf, 0x10, 0xaf, 0x3f,
    0xfe, 0x10, 0x17, 0xef, 0xfd, 0x50, 0xbf, 0x10,
    0xaf, 0x13, 0x20, 0x0, 0x3f, 0xfe, 0x60, 0x0,
    0xbf, 0x10, 0x0, 0x0, 0x3, 0xd4, 0xd, 0x70,
    0x0, 0x0, 0xbf, 0x10, 0x0, 0x0, 0x4, 0xf6,
    0x0, 0x0, 0x0, 0x0, 0xaf, 0x20, 0x0, 0x0,
    0x8, 0xf4, 0x0, 0x0, 0x0, 0x0, 0x7f, 0xeb,
    0xbb, 0xbb, 0xcf, 0xe0, 0x0, 0x0, 0x0, 0x0,
    0x9, 0xef, 0xff, 0xff, 0xfd, 0x30,

    /* U+5740 "址" */
    0x0, 0x4, 0x93, 0x0, 0x0, 0x0, 0xa, 0xb0,
    0x0, 0x0, 0x0, 0x7, 0xf5, 0x0, 0x0, 0x0,
    0xe, 0xf0, 0x0, 0x0, 0x0, 0x7, 0xf5, 0x0,
    0x0, 0x0, 0xe, 0xf0, 0x0, 0x0, 0x0, 0x7,
    0xf5, 0x0, 0x0, 0x0, 0xe, 0xf0, 0x0, 0x0,
    0x2, 0x28, 0xf6, 0x21, 0x27, 0x30, 0xe, 0xf0,
    0x0, 0x0, 0x1f, 0xff, 0xff, 0xfc, 0x5f, 0x70,
    0xe, 0xf0, 0x0, 0x0, 0xa, 0xac, 0xfc, 0xa8,
    0x5f, 0x70, 0xe, 0xf0, 0x0, 0x0, 0x0, 0x7,
    0xf5, 0x0, 0x5f, 0x70, 0xe, 0xff, 0xff, 0xf1,
    0x0, 0x7, 0xf5, 0x0, 0x5f, 0x70, 0xe, 0xfc,
    0xcc, 0xc1, 0x0, 0x7, 0xf5, 0x0, 0x5f, 0x70,
    0xe, 0xf0, 0x0, 0x0, 0x0, 0x7, 0xf5, 0x0,
    0x5f, 0x70, 0xe, 0xf0, 0x0, 0x0, 0x0, 0x7,
    0xf7, 0x8a, 0x5f, 0x70, 0xe, 0xf0, 0x0, 0x0,
    0x0, 0x1a, 0xff, 0xfc, 0x5f, 0x70, 0xe, 0xf0,
    0x0, 0x0, 0x1b, 0xff, 0xfb, 0x40, 0x5f, 0x70,
    0xe, 0xf0, 0x0, 0x0, 0xe, 0xe8, 0x10, 0x0,
    0x5f, 0x70, 0xe, 0xf0, 0x0, 0x0, 0x2, 0x0,
    0x0, 0x0, 0x5f, 0x70, 0xe, 0xf0, 0x0, 0x0,
    0x0, 0x0, 0x0, 0x9d, 0xef, 0xed, 0xdf, 0xfd,
    0xdd, 0xd6, 0x0, 0x0, 0x0, 0xaf, 0xff, 0xff,
    0xff, 0xff, 0xff, 0xf7,

    /* U+574F "坏" */
    0x0, 0x8, 0xb0, 0x0, 0x0, 0x0, 0x0, 0x0,
    0x0, 0x0, 0x0, 0xb, 0xf1, 0xb, 0xbb, 0xbb,
    0xbb, 0xbb, 0xbb, 0xb2, 0x0, 0xb, 0xf1, 0xf,
    0xff, 0xff, 0xff, 0xff, 0xff, 0xf2, 0x0, 0xb,
    0xf1, 0x0, 0x0, 0x0, 0x5f, 0xd1, 0x0, 0x0,
    0x0, 0xb, 0xf1, 0x0, 0x0, 0x0, 0xdf, 0x50,
    0x0, 0x0, 0xf, 0xff, 0xff, 0xf1, 0x0, 0x9,
    0xfd, 0x0, 0x0, 0x0, 0xc, 0xcf, 0xfc, 0xc1,
    0x0, 0x6f, 0xfc, 0x74, 0x0, 0x0, 0x0, 0xb,
    0xf1, 0x0, 0x6, 0xff, 0xfe, 0xff, 0x70, 0x0,
    0x0, 0xb, 0xf1, 0x0, 0x8f, 0xf8, 0xfc, 0x2e,
    0xfa, 0x0, 0x0, 0xb, 0xf1, 0x2c, 0xff, 0x61,
    0xfc, 0x1, 0xdf, 0xb0, 0x0, 0xb, 0xf1, 0x7f,
    0xe4, 0x1, 0xfc, 0x0, 0x1c, 0xf4, 0x0, 0xb,
    0xf1, 0x8, 0x10, 0x1, 0xfc, 0x0, 0x1, 0x50,
    0x0, 0xb, 0xfb, 0xf7, 0x0, 0x1, 0xfc, 0x0,
    0x0, 0x0, 0x4, 0x9f, 0xff, 0xe5, 0x0, 0x1,
    0xfc, 0x0, 0x0, 0x0, 0x4f, 0xff, 0xb5, 0x0,
    0x0, 0x1, 0xfc, 0x0, 0x0, 0x0, 0xd, 0x82,
    0x0, 0x0, 0x0, 0x1, 0xfc, 0x0, 0x0, 0x0,
    0x0, 0x0, 0x0, 0x0, 0x0, 0x1, 0xfc, 0x0,
    0x0, 0x0, 0x0, 0x0, 0x0, 0x0, 0x0, 0x1,
    0xfc, 0x0, 0x0, 0x0, 0x0, 0x0, 0x0, 0x0,
    0x0, 0x1, 0xfc, 0x0, 0x0, 0x0,

    /* U+5757 "块" */
    0x0, 0x6, 0x80, 0x0, 0x0, 0x6, 0x81, 0x0,
    0x0, 0x0, 0x0, 0xb, 0xf0, 0x0, 0x0, 0xb,
    0xf1, 0x0, 0x0, 0x0, 0x0, 0xb, 0xf0, 0x0,
    0x0, 0xb, 0xf1, 0x0, 0x0, 0x0, 0x0, 0xb,
    0xf0, 0x0, 0x77, 0x7d, 0xf8, 0x77, 0x75, 0x0,
    0x0, 0xb, 0xf1, 0x0, 0xff, 0xff, 0xff, 0xff,
    0xfa, 0x0, 0xf, 0xff, 0xff, 0xf2, 0x44, 0x4c,
    0xf5, 0x45, 0xfa, 0x0, 0xb, 0xbe, 0xfb, 0xb1,
    0x0, 0xb, 0xf1, 0x1, 0xfa, 0x0, 0x0, 0xb,
    0xf0, 0x0, 0x0, 0xb, 0xf1, 0x1, 0xfa, 0x0,
    0x0, 0xb, 0xf0, 0x0, 0x0, 0xc, 0xf1, 0x1,
    0xfa, 0x0, 0x0, 0xb, 0xf0, 0x6, 0xcc, 0xcf,
    0xfc, 0xcc, 0xfe, 0xc0, 0x0, 0xb, 0xf0, 0x8,
    0xff, 0xff, 0xff, 0xff, 0xff, 0xf0, 0x0, 0xb,
    0xf7, 0xd3, 0x0, 0x4f, 0xff, 0x60, 0x0, 0x0,
    0x0, 0x3d, 0xff, 0xf4, 0x0, 0x8f, 0x8f, 0xc0,
    0x0, 0x0, 0x2c, 0xff, 0xf8, 0x10, 0x1, 0xff,
    0x1a, 0xf5, 0x0, 0x0, 0xe, 0xe7, 0x0, 0x0,
    0xb, 0xf9, 0x3, 0xfe, 0x20, 0x0, 0x3, 0x0,
    0x0, 0x0, 0xbf, 0xe0, 0x0, 0x8f, 0xe2, 0x0,
    0x0, 0x0, 0x0, 0x4d, 0xfe, 0x20, 0x0, 0xb,
    0xff, 0x70, 0x0, 0x0, 0x2, 0xff, 0xb1, 0x0,
    0x0, 0x0, 0xbf, 0xe1, 0x0, 0x0, 0x0, 0x45,
    0x0, 0x0, 0x0, 0x0, 0x5, 0x40,

    /* U+578B "型" */
    0x0, 0x11, 0x11, 0x11, 0x11, 0x10, 0x0, 0x0,
    0x9b, 0x0, 0x1, 0xff, 0xff, 0xff, 0xff, 0xf0,
    0x5b, 0x20, 0xcf, 0x0, 0x0, 0x8b, 0xfb, 0x8c,
    0xfb, 0x80, 0x7f, 0x30, 0xcf, 0x0, 0x0, 0x5,
    0xf6, 0x6, 0xf5, 0x0, 0x7f, 0x30, 0xcf, 0x0,
    0x0, 0x5, 0xf6, 0x6, 0xf5, 0x0, 0x7f, 0x30,
    0xcf, 0x0, 0xc, 0xff, 0xff, 0xff, 0xff, 0xf6,
    0x7f, 0x30, 0xcf, 0x0, 0x8, 0xbd, 0xfc, 0xbd,
    0xfc, 0xb4, 0x7f, 0x30, 0xcf, 0x0, 0x0, 0xd,
    0xf1, 0x6, 0xf5, 0x0, 0x7f, 0x30, 0xcf, 0x0,
    0x0, 0x5f, 0xb0, 0x6, 0xf5, 0x0, 0x0, 0x0,
    0xcf, 0x0, 0x6, 0xff, 0x30, 0x6, 0xf5, 0x0,
    0x4, 0x99, 0xfe, 0x0, 0x8, 0xf4, 0x0, 0x5,
    0xcb, 0x90, 0x1, 0xff, 0xe6, 0x0, 0x0, 0x10,
    0x0, 0x0, 0xe, 0xf0, 0x0, 0x0, 0x0, 0x0,
    0x0, 0xa, 0xaa, 0xaa, 0xaf, 0xfa, 0xaa, 0xaa,
    0xa0, 0x0, 0x0, 0xf, 0xff, 0xff, 0xff, 0xff,
    0xff, 0xff, 0xf0, 0x0, 0x0, 0x0, 0x0, 0x0,
    0xe, 0xf0, 0x0, 0x0, 0x0, 0x0, 0x0, 0x0,
    0x0, 0x0, 0xe, 0xf0, 0x0, 0x0, 0x0, 0x0,
    0xb, 0xbb, 0xbb, 0xbb, 0xbf, 0xfc, 0xbb, 0xbb,
    0xbb, 0xb0, 0xf, 0xff, 0xff, 0xff, 0xff, 0xff,
    0xff, 0xff, 0xff, 0xf0,

    /* U+57F7 "執" */
    0x0, 0x0, 0x6d, 0x40, 0x0, 0x0, 0xca, 0x0,
    0x0, 0x0, 0x0, 0x0, 0x6f, 0x50, 0x0, 0x0,
    0xed, 0x0, 0x0, 0x0, 0x5, 0xff, 0xff, 0xff,
    0xf1, 0x0, 0xed, 0x0, 0x0, 0x0, 0x3, 0xaa,
    0xcf, 0xca, 0xa1, 0x0, 0xed, 0x0, 0x0, 0x0,
    0x0, 0x0, 0x6f, 0x50, 0x0, 0xef, 0xff, 0xff,
    0xf9, 0x0, 0xa, 0xaa, 0xdf, 0xca, 0xa7, 0xbc,
    0xff, 0xcd, 0xf9, 0x0, 0xf, 0xff, 0xff, 0xff,
    0xfa, 0x0, 0xfd, 0x3, 0xf8, 0x0, 0x0, 0x9c,
    0x0, 0x1d, 0x60, 0x0, 0xfc, 0x3, 0xf8, 0x0,
    0x0, 0x5f, 0x30, 0x5f, 0x40, 0x50, 0xfb, 0x3,
    0xf8, 0x0, 0x0, 0x1e, 0x50, 0xae, 0x16, 0xfc,
    0xfa, 0x3, 0xf8, 0x0, 0x7, 0xff, 0xff, 0xff,
    0xf5, 0xaf, 0xf9, 0x3, 0xf8, 0x0, 0x4, 0x99,
    0xbf, 0xb9, 0x92, 0x9, 0xff, 0x72, 0xf9, 0x0,
    0x0, 0x0, 0x5f, 0x60, 0x0, 0xa, 0xff, 0xf9,
    0xf9, 0x0, 0x1f, 0xff, 0xff, 0xff, 0xfc, 0xf,
    0xe3, 0xf5, 0xfa, 0x0, 0xa, 0xaa, 0xcf, 0xca,
    0xa8, 0x5f, 0x80, 0x10, 0xfb, 0x65, 0x0, 0x0,
    0x5f, 0x60, 0x0, 0xdf, 0x20, 0x0, 0xce, 0x7a,
    0x0, 0x0, 0x5f, 0x60, 0x8, 0xfb, 0x0, 0x0,
    0x8f, 0xd9, 0x0, 0x0, 0x5f, 0x60, 0x5f, 0xf2,
    0x0, 0x0, 0x2f, 0xf4, 0x0, 0x0, 0x5f, 0x60,
    0x1c, 0x40, 0x0, 0x0, 0x2, 0x50, 0x0, 0x0,
    0x0, 0x0, 0x0, 0x0, 0x0, 0x0, 0x0, 0x0,

    /* U+5834 "場" */
    0x0, 0x8, 0xa0, 0x0, 0x34, 0x44, 0x44, 0x44,
    0x44, 0x0, 0x0, 0xc, 0xf0, 0x0, 0x9f, 0xff,
    0xff, 0xff, 0xfe, 0x0, 0x0, 0xc, 0xf0, 0x0,
    0x9f, 0x10, 0x0, 0x0, 0xde, 0x0, 0x0, 0xc,
    0xf0, 0x0, 0x9f, 0xed, 0xdd, 0xdd, 0xfe, 0x0,
    0xc, 0xcf, 0xfc, 0xc0, 0x9f, 0x76, 0x66, 0x66,
    0xee, 0x0, 0xf, 0xff, 0xff, 0xf0, 0x9f, 0x20,
    0x0, 0x0, 0xde, 0x0, 0x3, 0x3d, 0xf3, 0x30,
    0x9f, 0xff, 0xff, 0xff, 0xfe, 0x0, 0x0, 0xc,
    0xf0, 0x0, 0x24, 0x44, 0x44, 0x44, 0x44, 0x0,
    0x0, 0xc, 0xf0, 0x3a, 0xaa, 0xaa, 0xaa, 0xaa,
    0xaa, 0xa3, 0x0, 0xc, 0xf0, 0x4f, 0xff, 0xff,
    0xff, 0xff, 0xff, 0xf5, 0x0, 0xc, 0xf0, 0x20,
    0x5f, 0x90, 0x0, 0x0, 0x0, 0x0, 0x0, 0xc,
    0xfd, 0xf3, 0xff, 0xff, 0xff, 0xff, 0xff, 0xd0,
    0x1, 0x8f, 0xff, 0xde, 0xe9, 0xbf, 0xb9, 0xfd,
    0x9f, 0xc0, 0x3f, 0xff, 0xa6, 0xfe, 0x21, 0xee,
    0x5, 0xf5, 0xf, 0xb0, 0xf, 0xc3, 0x0, 0x92,
    0xb, 0xf5, 0xd, 0xd0, 0x2f, 0x90, 0x2, 0x0,
    0x0, 0x0, 0x8f, 0x90, 0x7f, 0x60, 0x4f, 0x70,
    0x0, 0x0, 0x0, 0xa, 0xfa, 0x3, 0xfd, 0x0,
    0x8f, 0x50, 0x0, 0x0, 0x0, 0x2e, 0x90, 0x3e,
    0xf2, 0x78, 0xef, 0x10, 0x0, 0x0, 0x0, 0x0,
    0x0, 0x4e, 0x40, 0xbf, 0xe6, 0x0, 0x0, 0x0,
    0x0, 0x0, 0x0, 0x0, 0x0, 0x0, 0x0, 0x0,

    /* U+58DE "壞" */
    0x0, 0x29, 0x50, 0x0, 0x0, 0x5, 0xd6, 0x0,
    0x0, 0x0, 0x4, 0xf8, 0x4, 0x88, 0x88, 0xbf,
    0xd8, 0x88, 0x86, 0x0, 0x4f, 0x80, 0x8f, 0xff,
    0xff, 0xff, 0xff, 0xff, 0xc0, 0x4, 0xf8, 0x0,
    0x11, 0x11, 0x11, 0x11, 0x11, 0x10, 0x0, 0x4f,
    0x80, 0xa, 0xff, 0xff, 0xff, 0xff, 0xff, 0x10,
    0xff, 0xff, 0xf3, 0xaf, 0x17, 0xe1, 0x7f, 0x1a,
    0xf1, 0xb, 0xcf, 0xdb, 0x2a, 0xf3, 0x9f, 0x39,
    0xf3, 0xbf, 0x10, 0x4, 0xf8, 0x0, 0x7b, 0xbb,
    0xbb, 0xbb, 0xbb, 0xd1, 0x0, 0x4f, 0x80, 0xd,
    0xd9, 0x52, 0xe8, 0x39, 0xdf, 0x0, 0x4, 0xf8,
    0x0, 0x15, 0x9b, 0x2f, 0x84, 0x86, 0x20, 0x0,
    0x4f, 0x80, 0x0, 0x38, 0xd2, 0xf8, 0x7d, 0x93,
    0x0, 0x4, 0xfb, 0xa3, 0xef, 0xb6, 0x4b, 0x50,
    0x5b, 0xf2, 0x1, 0x8f, 0xff, 0x45, 0x11, 0x8f,
    0xfb, 0x0, 0x2d, 0x23, 0xff, 0xfa, 0x21, 0x5a,
    0xff, 0x98, 0xf5, 0x4e, 0xe4, 0xe, 0x92, 0x2,
    0xff, 0xff, 0x70, 0xe, 0xff, 0xb1, 0x0, 0x0,
    0x0, 0x4, 0x34, 0xf6, 0x16, 0x4f, 0xf7, 0x0,
    0x0, 0x0, 0x0, 0x0, 0x7f, 0xef, 0xf3, 0x3d,
    0xfe, 0x80, 0x0, 0x0, 0x0, 0xa, 0xfc, 0x61,
    0x0, 0x8, 0xe5, 0x0, 0x0, 0x0, 0x0, 0x22,
    0x0, 0x0, 0x0, 0x0, 0x0,

    /* U+5904 "处" */
    0x0, 0x0, 0xa8, 0x10, 0x0, 0x0, 0xcd, 0x10,
    0x0, 0x0, 0x0, 0x1, 0xff, 0x0, 0x0, 0x0,
    0xef, 0x10, 0x0, 0x0, 0x0, 0x5, 0xfc, 0x0,
    0x0, 0x0, 0xef, 0x10, 0x0, 0x0, 0x0, 0x8,
    0xfe, 0xbb, 0xba, 0x20, 0xef, 0x10, 0x0, 0x0,
    0x0, 0xc, 0xff, 0xff, 0xff, 0x30, 0xef, 0x10,
    0x0, 0x0, 0x0, 0xf, 0xf1, 0x0, 0xdf, 0x10,
    0xef, 0xe3, 0x0, 0x0, 0x0, 0x5f, 0xb0, 0x1,
    0xff, 0x0, 0xef, 0xfe, 0x10, 0x0, 0x0, 0xbf,
    0xe0, 0x4, 0xfb, 0x0, 0xef, 0x9f, 0xc0, 0x0,
    0x3, 0xff, 0xf3, 0x7, 0xf7, 0x0, 0xef, 0x1b,
    0xfa, 0x0, 0xc, 0xf8, 0xf9, 0xd, 0xf3, 0x0,
    0xef, 0x11, 0xef, 0x50, 0x6, 0xc0, 0xcf, 0x4f,
    0xe0, 0x0, 0xef, 0x10, 0x5f, 0x70, 0x0, 0x0,
    0x5f, 0xef, 0x80, 0x0, 0xef, 0x10, 0x1, 0x0,
    0x0, 0x0, 0xd, 0xff, 0x10, 0x0, 0xef, 0x10,
    0x0, 0x0, 0x0, 0x0, 0xc, 0xfe, 0x20, 0x0,
    0xef, 0x10, 0x0, 0x0, 0x0, 0x0, 0x8f, 0xff,
    0xd1, 0x0, 0xef, 0x10, 0x0, 0x0, 0x0, 0x4,
    0xff, 0x3a, 0xfd, 0x40, 0x0, 0x0, 0x0, 0x0,
    0x0, 0x5f, 0xf7, 0x0, 0xbf, 0xfb, 0x62, 0x0,
    0x0, 0x0, 0x9, 0xff, 0xa0, 0x0, 0x6, 0xef,
    0xff, 0xff, 0xff, 0xf3, 0x1d, 0xf7, 0x0, 0x0,
    0x0, 0x16, 0xad, 0xef, 0xff, 0xd0, 0x1, 0x40,
    0x0, 0x0, 0x0, 0x0, 0x0, 0x0, 0x0, 0x0,

    /* U+5907 "备" */
    0x0, 0x0, 0x0, 0x1a, 0x81, 0x0, 0x0, 0x0,
    0x0, 0x0, 0x0, 0x0, 0x0, 0xbf, 0xa0, 0x0,
    0x0, 0x0, 0x0, 0x0, 0x0, 0x0, 0xa, 0xff,
    0xff, 0xff, 0xff, 0xfe, 0x30, 0x0, 0x0, 0x2,
    0xcf, 0xe9, 0x99, 0x99, 0x9f, 0xfb, 0x0, 0x0,
    0x1, 0x8f, 0xff, 0xf8, 0x0, 0x1, 0xbf, 0xd1,
    0x0, 0x0, 0x5, 0xfe, 0x52, 0xcf, 0xd5, 0x7e,
    0xfa, 0x0, 0x0, 0x0, 0x0, 0x40, 0x0, 0xa,
    0xff, 0xff, 0x80, 0x0, 0x0, 0x0, 0x0, 0x0,
    0x38, 0xdf, 0xfe, 0xff, 0xfe, 0xa5, 0x30, 0x0,
    0x4b, 0xdf, 0xff, 0xfa, 0x40, 0x5, 0xaf, 0xff,
    0xff, 0xe6, 0x1f, 0xfc, 0x96, 0x10, 0x0, 0x0,
    0x1, 0x47, 0xac, 0xd0, 0x2, 0xe, 0xff, 0xff,
    0xff, 0xff, 0xff, 0xff, 0xc0, 0x0, 0x0, 0xe,
    0xfa, 0x99, 0xaf, 0xf9, 0x99, 0xbf, 0xc0, 0x0,
    0x0, 0xe, 0xf1, 0x0, 0x1f, 0xe0, 0x0, 0x4f,
    0xc0, 0x0, 0x0, 0xe, 0xff, 0xff, 0xff, 0xff,
    0xff, 0xff, 0xc0, 0x0, 0x0, 0xe, 0xf9, 0x88,
    0x9f, 0xf8, 0x88, 0xaf, 0xc0, 0x0, 0x0, 0xe,
    0xf1, 0x0, 0x1f, 0xe0, 0x0, 0x4f, 0xc0, 0x0,
    0x0, 0xe, 0xfa, 0x99, 0xaf, 0xf9, 0x99, 0xbf,
    0xc0, 0x0, 0x0, 0xe, 0xff, 0xff, 0xff, 0xff,
    0xff, 0xff, 0xc0, 0x0, 0x0, 0xe, 0xf1, 0x0,
    0x0, 0x0, 0x0, 0x4f, 0xc0, 0x0,

    /* U+5909 "変" */
    0x0, 0x0, 0x0, 0x0, 0x0, 0x0, 0x0, 0x0,
    0x0, 0x0, 0x0, 0x0, 0x0, 0x0, 0x6d, 0x50,
    0x0, 0x0, 0x0, 0x0, 0x0, 0x0, 0x0, 0x0,
    0x3f, 0xe1, 0x0, 0x0, 0x0, 0x0, 0xd, 0xff,
    0xff, 0xff, 0xff, 0xff, 0xff, 0xff, 0xff, 0x60,
    0x8, 0x99, 0x99, 0xcf, 0xc9, 0x9f, 0xfa, 0x99,
    0x99, 0x40, 0x0, 0x0, 0x20, 0x8f, 0x60, 0xd,
    0xf1, 0x20, 0x0, 0x0, 0x0, 0x7, 0xf7, 0x8f,
    0x60, 0xd, 0xf4, 0xfc, 0x10, 0x0, 0x0, 0x2f,
    0xe0, 0x8f, 0x60, 0xd, 0xf1, 0x7f, 0xd1, 0x0,
    0x2, 0xef, 0x40, 0x8f, 0x60, 0xd, 0xf1, 0x7,
    0xfd, 0x10, 0x6, 0xf6, 0x0, 0x8f, 0x60, 0xd,
    0xf1, 0x0, 0x9c, 0x20, 0x0, 0x10, 0x0, 0x3d,
    0xa1, 0x4, 0x50, 0x0, 0x0, 0x0, 0x0, 0x0,
    0x0, 0xaf, 0xe7, 0x77, 0x77, 0x71, 0x0, 0x0,
    0x0, 0x0, 0x3d, 0xff, 0xff, 0xff, 0xff, 0xfa,
    0x0, 0x0, 0x0, 0x2a, 0xff, 0xf6, 0x0, 0x0,
    0x7f, 0xe1, 0x0, 0x0, 0x8, 0xff, 0x93, 0xdf,
    0x70, 0x8, 0xfe, 0x30, 0x0, 0x0, 0x1, 0x92,
    0x0, 0x1c, 0xfc, 0xdf, 0xc2, 0x0, 0x0, 0x0,
    0x0, 0x0, 0x0, 0x49, 0xff, 0xff, 0x72, 0x0,
    0x0, 0x0, 0x14, 0x68, 0xbf, 0xff, 0xd8, 0xbf,
    0xff, 0xeb, 0x97, 0x50, 0x1f, 0xff, 0xfd, 0x83,
    0x0, 0x1, 0x6b, 0xff, 0xff, 0xa0, 0x5, 0x63,
    0x0, 0x0, 0x0, 0x0, 0x0, 0x1, 0x47, 0x10,

    /* U+590D "复" */
    0x0, 0x0, 0x2b, 0x60, 0x0, 0x0, 0x0, 0x0,
    0x0, 0x0, 0x0, 0x0, 0xcf, 0x60, 0x0, 0x0,
    0x0, 0x0, 0x0, 0x0, 0x0, 0x7, 0xff, 0xff,
    0xff, 0xff, 0xff, 0xff, 0xff, 0x40, 0x0, 0x6f,
    0xe8, 0x88, 0x88, 0x88, 0x88, 0x88, 0x88, 0x20,
    0x8, 0xff, 0x75, 0x55, 0x55, 0x55, 0x55, 0x55,
    0x40, 0x0, 0xb, 0xe3, 0xdf, 0xff, 0xff, 0xff,
    0xff, 0xff, 0xe0, 0x0, 0x0, 0x20, 0xdf, 0x0,
    0x0, 0x0, 0x0, 0x1f, 0xe0, 0x0, 0x0, 0x0,
    0xdf, 0xff, 0xff, 0xff, 0xff, 0xff, 0xe0, 0x0,
    0x0, 0x0, 0xdf, 0x44, 0x44, 0x44, 0x44, 0x5f,
    0xe0, 0x0, 0x0, 0x0, 0xdf, 0x65, 0x55, 0x55,
    0x55, 0x6f, 0xe0, 0x0, 0x0, 0x0, 0xce, 0xff,
    0xfe, 0xee, 0xee, 0xee, 0xd0, 0x0, 0x0, 0x0,
    0x5, 0xfe, 0x43, 0x33, 0x33, 0x32, 0x0, 0x0,
    0x0, 0x0, 0x6f, 0xff, 0xff, 0xff, 0xff, 0xff,
    0x60, 0x0, 0x0, 0x2c, 0xff, 0xf6, 0x33, 0x33,
    0x4d, 0xfa, 0x0, 0x0, 0x0, 0xdf, 0x71, 0xbf,
    0x91, 0x6, 0xef, 0x90, 0x0, 0x0, 0x0, 0x13,
    0x0, 0x7, 0xff, 0xff, 0xd4, 0x0, 0x0, 0x0,
    0x1, 0x34, 0x69, 0xdf, 0xff, 0xff, 0xfe, 0xb8,
    0x64, 0x30, 0x3f, 0xff, 0xff, 0xe9, 0x51, 0x3,
    0x8c, 0xff, 0xff, 0xe1, 0x8, 0x86, 0x31, 0x0,
    0x0, 0x0, 0x0, 0x2, 0x46, 0x40,

    /* U+591A "多" */
    0x0, 0x0, 0x0, 0x5, 0xa6, 0x0, 0x0, 0x0,
    0x0, 0x0, 0x0, 0x0, 0x5f, 0xf4, 0x0, 0x1,
    0x0, 0x0, 0x0, 0x0, 0x8, 0xff, 0xff, 0xff,
    0xff, 0xc0, 0x0, 0x0, 0x4, 0xdf, 0xd9, 0x99,
    0x9a, 0xff, 0x80, 0x0, 0x4, 0xcf, 0xf8, 0x10,
    0x0, 0xb, 0xfb, 0x0, 0x0, 0x6, 0xfa, 0x2b,
    0xe4, 0x3, 0xdf, 0xb0, 0x0, 0x0, 0x0, 0x10,
    0x3, 0xef, 0xcf, 0xf6, 0x0, 0x0, 0x0, 0x0,
    0x0, 0x5, 0xbf, 0xfc, 0x4b, 0x81, 0x0, 0x0,
    0x3, 0x6a, 0xff, 0xfb, 0x42, 0xef, 0x80, 0x0,
    0x0, 0x5f, 0xff, 0xd9, 0x20, 0x4e, 0xff, 0xff,
    0xff, 0xf8, 0x8, 0x62, 0x0, 0x19, 0xff, 0xbb,
    0xbb, 0xbf, 0xf8, 0x0, 0x0, 0x17, 0xff, 0xb2,
    0x0, 0x0, 0x9f, 0xe0, 0x0, 0xa, 0xff, 0xe6,
    0x76, 0x0, 0x8, 0xff, 0x20, 0x0, 0x6, 0xd5,
    0x2, 0xef, 0x92, 0xcf, 0xf3, 0x0, 0x0, 0x0,
    0x0, 0x0, 0x1d, 0xff, 0xfd, 0x20, 0x0, 0x0,
    0x0, 0x0, 0x27, 0xcf, 0xff, 0x70, 0x0, 0x0,
    0x14, 0x68, 0xad, 0xff, 0xfc, 0x61, 0x0, 0x0,
    0x0, 0x6f, 0xff, 0xff, 0xc7, 0x10, 0x0, 0x0,
    0x0, 0x0, 0xa, 0x75, 0x20, 0x0, 0x0, 0x0,
    0x0, 0x0, 0x0,

    /* U+592A "太" */
    0x0, 0x0, 0x0, 0x0, 0x0, 0x0, 0x0, 0x0,
    0x0, 0x0, 0x0, 0x0, 0x0, 0x0, 0x1f, 0xf0,
    0x0, 0x0, 0x0, 0x0, 0x0, 0x0, 0x0, 0x0,
    0x1f, 0xe0, 0x0, 0x0, 0x0, 0x0, 0x0, 0x0,
    0x0, 0x0, 0x1f, 0xe0, 0x0, 0x0, 0x0, 0x0,
    0x0, 0x0, 0x0, 0x0, 0x2f, 0xd0, 0x0, 0x0,
    0x0, 0x0, 0x0, 0x0, 0x0, 0x0, 0x3f, 0xc0,
    0x0, 0x0, 0x0, 0x0, 0xb, 0xee, 0xee, 0xee,
    0xef, 0xfe, 0xee, 0xee, 0xee, 0xd0, 0xc, 0xff,
    0xff, 0xff, 0xff, 0xff, 0xff, 0xff, 0xff, 0xf0,
    0x0, 0x0, 0x0, 0x0, 0xaf, 0xfd, 0x0, 0x0,
    0x0, 0x0, 0x0, 0x0, 0x0, 0x0, 0xef, 0xef,
    0x40, 0x0, 0x0, 0x0, 0x0, 0x0, 0x0, 0x3,
    0xfe, 0x6f, 0xa0, 0x0, 0x0, 0x0, 0x0, 0x0,
    0x0, 0xa, 0xf8, 0xf, 0xf2, 0x0, 0x0, 0x0,
    0x0, 0x0, 0x0, 0x3f, 0xf2, 0x9, 0xfb, 0x0,
    0x0, 0x0, 0x0, 0x0, 0x0, 0xcf, 0x90, 0x1,
    0xef, 0x50, 0x0, 0x0, 0x0, 0x0, 0xa, 0xff,
    0x80, 0x0, 0x6f, 0xf3, 0x0, 0x0, 0x0, 0x0,
    0x9f, 0xfe, 0xfa, 0x0, 0xb, 0xff, 0x30, 0x0,
    0x0, 0x1b, 0xff, 0x51, 0xdf, 0xc0, 0x0, 0xcf,
    0xf6, 0x0, 0x8, 0xff, 0xf5, 0x0, 0x1e, 0xfb,
    0x0, 0x1c, 0xff, 0xc2, 0xb, 0xfa, 0x10, 0x0,
    0x3, 0xfa, 0x0, 0x0, 0x8f, 0xc0, 0x1, 0x40,
    0x0, 0x0, 0x0, 0x20, 0x0, 0x0, 0x2, 0x10,

    /* U+592E "央" */
    0x0, 0x0, 0x0, 0x0, 0xb, 0x90, 0x0, 0x0,
    0x0, 0x0, 0x0, 0x0, 0x0, 0x0, 0x1f, 0xd0,
    0x0, 0x0, 0x0, 0x0, 0x0, 0x0, 0x0, 0x0,
    0x1f, 0xd0, 0x0, 0x0, 0x0, 0x0, 0x0, 0xd,
    0xff, 0xff, 0xff, 0xff, 0xff, 0xff, 0xf0, 0x0,
    0x0, 0xd, 0xfc, 0xcc, 0xdf, 0xfc, 0xcc, 0xcf,
    0xf0, 0x0, 0x0, 0xd, 0xf0, 0x0, 0x1f, 0xd0,
    0x0, 0xf, 0xf0, 0x0, 0x0, 0xd, 0xf0, 0x0,
    0x1f, 0xd0, 0x0, 0xf, 0xf0, 0x0, 0x0, 0xd,
    0xf0, 0x0, 0x2f, 0xc0, 0x0, 0xf, 0xf0, 0x0,
    0x0, 0xd, 0xf0, 0x0, 0x3f, 0xb0, 0x0, 0xf,
    0xf0, 0x0, 0xc, 0xcf, 0xfc, 0xcc, 0xdf, 0xec,
    0xcc, 0xcf, 0xfc, 0xc0, 0xf, 0xff, 0xff, 0xff,
    0xff, 0xff, 0xff, 0xff, 0xff, 0xf0, 0x0, 0x0,
    0x0, 0x2, 0xff, 0xfe, 0x20, 0x0, 0x0, 0x0,
    0x0, 0x0, 0x0, 0xa, 0xfa, 0x7f, 0x90, 0x0,
    0x0, 0x0, 0x0, 0x0, 0x0, 0x7f, 0xf2, 0xd,
    0xf7, 0x0, 0x0, 0x0, 0x0, 0x0, 0x8, 0xff,
    0x50, 0x3, 0xff, 0x80, 0x0, 0x0, 0x0, 0x4,
    0xdf, 0xf6, 0x0, 0x0, 0x3f, 0xfd, 0x50, 0x0,
    0x7, 0xdf, 0xfc, 0x20, 0x0, 0x0, 0x2, 0xcf,
    0xfe, 0xa3, 0xb, 0xfc, 0x50, 0x0, 0x0, 0x0,
    0x0, 0x5, 0xcf, 0xe1, 0x2, 0x20, 0x0, 0x0,
    0x0, 0x0, 0x0, 0x0, 0x1, 0x20,

    /* U+5931 "失" */
    0x0, 0x0, 0x0, 0x0, 0x1, 0x10, 0x0, 0x0,
    0x0, 0x0, 0x0, 0x0, 0x89, 0x20, 0x1f, 0xe0,
    0x0, 0x0, 0x0, 0x0, 0x0, 0x1, 0xff, 0x20,
    0x1f, 0xe0, 0x0, 0x0, 0x0, 0x0, 0x0, 0x6,
    0xfc, 0x0, 0x1f, 0xe0, 0x0, 0x0, 0x0, 0x0,
    0x0, 0xc, 0xfe, 0xbb, 0xcf, 0xfb, 0xbb, 0xbb,
    0xb3, 0x0, 0x0, 0x3f, 0xff, 0xff, 0xff, 0xff,
    0xff, 0xff, 0xf4, 0x0, 0x0, 0xbf, 0x82, 0x22,
    0x4f, 0xe2, 0x22, 0x22, 0x20, 0x0, 0x7, 0xfe,
    0x0, 0x0, 0x1f, 0xe0, 0x0, 0x0, 0x0, 0x0,
    0x6, 0xf5, 0x0, 0x0, 0x2f, 0xd0, 0x0, 0x0,
    0x0, 0x0, 0x0, 0x10, 0x0, 0x0, 0x3f, 0xc0,
    0x0, 0x0, 0x0, 0x0, 0xf, 0xff, 0xff, 0xff,
    0xff, 0xff, 0xff, 0xff, 0xff, 0xf0, 0xe, 0xee,
    0xee, 0xee, 0xff, 0xff, 0xee, 0xee, 0xee, 0xe0,
    0x0, 0x0, 0x0, 0x1, 0xff, 0xfe, 0x0, 0x0,
    0x0, 0x0, 0x0, 0x0, 0x0, 0x9, 0xfc, 0x9f,
    0x80, 0x0, 0x0, 0x0, 0x0, 0x0, 0x0, 0x6f,
    0xf4, 0x1e, 0xf5, 0x0, 0x0, 0x0, 0x0, 0x0,
    0x6, 0xff, 0x80, 0x5, 0xff, 0x50, 0x0, 0x0,
    0x0, 0x2, 0xbf, 0xf9, 0x0, 0x0, 0x6f, 0xfb,
    0x20, 0x0, 0x4, 0xbf, 0xff, 0x50, 0x0, 0x0,
    0x5, 0xef, 0xfb, 0x61, 0xd, 0xff, 0x91, 0x0,
    0x0, 0x0, 0x0, 0x1a, 0xff, 0xf2, 0x3, 0x71,
    0x0, 0x0, 0x0, 0x0, 0x0, 0x0, 0x16, 0x50,

    /* U+5934 "头" */
    0x0, 0x0, 0x0, 0x0, 0x0, 0x6b, 0x40, 0x0,
    0x0, 0x0, 0x0, 0x0, 0xcc, 0x50, 0x0, 0x9f,
    0x50, 0x0, 0x0, 0x0, 0x0, 0x1, 0xaf, 0xfe,
    0x50, 0x9f, 0x50, 0x0, 0x0, 0x0, 0x0, 0x0,
    0x1, 0x9f, 0xf1, 0x9f, 0x50, 0x0, 0x0, 0x0,
    0x0, 0x12, 0x0, 0x3, 0x50, 0xaf, 0x40, 0x0,
    0x0, 0x0, 0x0, 0xcf, 0xa3, 0x0, 0x0, 0xaf,
    0x40, 0x0, 0x0, 0x0, 0x0, 0x4c, 0xff, 0xa1,
    0x0, 0xcf, 0x20, 0x0, 0x0, 0x0, 0x0, 0x0,
    0x4d, 0xf4, 0x0, 0xef, 0x0, 0x0, 0x0, 0x0,
    0x0, 0x0, 0x0, 0x40, 0x0, 0xff, 0x0, 0x0,
    0x0, 0x0, 0xc, 0xcc, 0xcc, 0xcc, 0xcd, 0xff,
    0xcc, 0xcc, 0xcc, 0xc0, 0xe, 0xff, 0xff, 0xff,
    0xff, 0xff, 0xff, 0xff, 0xff, 0xf0, 0x0, 0x0,
    0x0, 0x0, 0xd, 0xf3, 0x0, 0x0, 0x0, 0x0,
    0x0, 0x0, 0x0, 0x0, 0x7f, 0xb1, 0x0, 0x0,
    0x0, 0x0, 0x0, 0x0, 0x0, 0x4, 0xff, 0x4d,
    0xe7, 0x0, 0x0, 0x0, 0x0, 0x0, 0x0, 0x5f,
    0xf6, 0x6, 0xef, 0xe6, 0x0, 0x0, 0x0, 0x0,
    0x2b, 0xff, 0x70, 0x0, 0x7, 0xff, 0xc3, 0x0,
    0x2, 0x7c, 0xff, 0xd3, 0x0, 0x0, 0x0, 0x1b,
    0xff, 0x60, 0xb, 0xff, 0xd6, 0x0, 0x0, 0x0,
    0x0, 0x0, 0x6f, 0x80, 0x1, 0x73, 0x0, 0x0,
    0x0, 0x0, 0x0, 0x0, 0x2, 0x0,

    /* U+5957 "套" */
    0x0, 0x0, 0x0, 0x0, 0x8b, 0x40, 0x0, 0x0,
    0x0, 0x0, 0x0, 0x0, 0x0, 0x2, 0xff, 0x10,
    0x0, 0x0, 0x0, 0x0, 0x9, 0xff, 0xff, 0xff,
    0xff, 0xff, 0xff, 0xff, 0xff, 0xe0, 0x5, 0x99,
    0x99, 0xff, 0xc9, 0x99, 0xff, 0xa9, 0x99, 0x80,
    0x0, 0x0, 0xb, 0xfc, 0x0, 0x0, 0x7f, 0xd2,
    0x0, 0x0, 0x0, 0x2, 0xcf, 0xf9, 0x77, 0x77,
    0x7e, 0xff, 0x60, 0x0, 0x0, 0x8f, 0xff, 0xff,
    0xff, 0xff, 0xff, 0xef, 0xfd, 0x40, 0xe, 0xfd,
    0x5e, 0xf1, 0x11, 0x11, 0x11, 0x11, 0x9f, 0xf3,
    0x5, 0x60, 0xe, 0xff, 0xff, 0xff, 0xff, 0xe0,
    0x2, 0x40, 0x0, 0x0, 0xe, 0xf1, 0x11, 0x11,
    0x11, 0x10, 0x0, 0x0, 0x0, 0x0, 0xe, 0xfe,
    0xee, 0xee, 0xee, 0xd0, 0x0, 0x0, 0x0, 0x0,
    0xe, 0xf5, 0x55, 0x55, 0x55, 0x50, 0x0, 0x0,
    0x0, 0x0, 0xe, 0xf0, 0x0, 0x0, 0x0, 0x0,
    0x0, 0x0, 0xa, 0xff, 0xff, 0xff, 0xff, 0xff,
    0xff, 0xff, 0xff, 0xe0, 0x5, 0x88, 0x8b, 0xff,
    0x98, 0x88, 0x9e, 0xc8, 0x88, 0x70, 0x0, 0x0,
    0x8f, 0xc2, 0x0, 0x0, 0x2c, 0xf7, 0x0, 0x0,
    0x0, 0x1f, 0xff, 0xdd, 0xef, 0xff, 0xff, 0xff,
    0x90, 0x0, 0x0, 0xc, 0xdc, 0xba, 0x98, 0x76,
    0x65, 0x4c, 0xf6, 0x0, 0x0, 0x0, 0x0, 0x0,
    0x0, 0x0, 0x0, 0x1, 0x30, 0x0,

    /* U+59CB "始" */
    0x0, 0x7, 0xb1, 0x0, 0x0, 0x0, 0xb8, 0x0,
    0x0, 0x0, 0x0, 0xc, 0xf0, 0x0, 0x0, 0x5,
    0xfc, 0x0, 0x0, 0x0, 0x0, 0xe, 0xd0, 0x0,
    0x0, 0xc, 0xf5, 0x0, 0x0, 0x0, 0x0, 0xf,
    0xa0, 0x0, 0x0, 0x3f, 0xd0, 0x1a, 0x60, 0x0,
    0x1c, 0xdf, 0xec, 0xda, 0x0, 0xcf, 0x40, 0xd,
    0xf2, 0x0, 0x1f, 0xff, 0xff, 0xfd, 0x6, 0xfa,
    0x0, 0x3, 0xfc, 0x0, 0x0, 0x9f, 0x10, 0xfb,
    0x3f, 0xf6, 0x67, 0x89, 0xef, 0x50, 0x0, 0xde,
    0x1, 0xf9, 0xcf, 0xff, 0xff, 0xff, 0xff, 0xd0,
    0x1, 0xfa, 0x4, 0xf7, 0x7c, 0x98, 0x65, 0x32,
    0x9, 0xf3, 0x5, 0xf6, 0x7, 0xf4, 0x0, 0x0,
    0x0, 0x0, 0x1, 0x10, 0x9, 0xf7, 0xc, 0xf0,
    0x7, 0xaa, 0xaa, 0xaa, 0xaa, 0x10, 0x3, 0xef,
    0xaf, 0xb0, 0xb, 0xff, 0xff, 0xff, 0xff, 0x10,
    0x0, 0x1c, 0xff, 0x70, 0xb, 0xf0, 0x0, 0x0,
    0xbf, 0x10, 0x0, 0x1, 0xff, 0xd1, 0xb, 0xf0,
    0x0, 0x0, 0xaf, 0x10, 0x0, 0x9, 0xfe, 0xfc,
    0xb, 0xf0, 0x0, 0x0, 0xaf, 0x10, 0x0, 0x5f,
    0xe1, 0xbe, 0x1b, 0xf0, 0x0, 0x0, 0xaf, 0x10,
    0x7, 0xff, 0x50, 0x3, 0xb, 0xff, 0xff, 0xff,
    0xff, 0x10, 0xd, 0xf9, 0x0, 0x0, 0xb, 0xfb,
    0xbb, 0xbb, 0xef, 0x10, 0x4, 0x70, 0x0, 0x0,
    0xb, 0xf0, 0x0, 0x0, 0xaf, 0x10,

    /* U+5B57 "字" */
    0x0, 0x0, 0x0, 0x0, 0x0, 0x0, 0x0, 0x0,
    0x0, 0x0, 0x0, 0x0, 0x5, 0xd6, 0x0, 0x0,
    0x0, 0x0, 0x0, 0x0, 0x0, 0x3, 0xfe, 0x0,
    0x0, 0x0, 0x0, 0x9d, 0xdd, 0xdd, 0xdd, 0xff,
    0xed, 0xdd, 0xdd, 0xd3, 0xbf, 0xff, 0xff, 0xff,
    0xff, 0xff, 0xff, 0xff, 0xf4, 0xbf, 0x40, 0x0,
    0x0, 0x0, 0x0, 0x0, 0xa, 0xf4, 0xbf, 0x40,
    0x0, 0x0, 0x0, 0x0, 0x0, 0xa, 0xf4, 0x57,
    0x24, 0xff, 0xff, 0xff, 0xff, 0xfd, 0x24, 0x72,
    0x0, 0x3, 0xbb, 0xbb, 0xbb, 0xcf, 0xfa, 0x0,
    0x0, 0x0, 0x0, 0x0, 0x0, 0x3, 0xef, 0x90,
    0x0, 0x0, 0x0, 0x0, 0x0, 0x0, 0x9f, 0xe4,
    0x0, 0x0, 0x0, 0x0, 0x0, 0x0, 0x1, 0xff,
    0x10, 0x0, 0x0, 0x0, 0xef, 0xff, 0xff, 0xff,
    0xff, 0xff, 0xff, 0xff, 0xf6, 0xab, 0xbb, 0xbb,
    0xbc, 0xff, 0xbb, 0xbb, 0xbb, 0xb5, 0x0, 0x0,
    0x0, 0x1, 0xfe, 0x0, 0x0, 0x0, 0x0, 0x0,
    0x0, 0x0, 0x1, 0xfe, 0x0, 0x0, 0x0, 0x0,
    0x0, 0x0, 0x0, 0x1, 0xfe, 0x0, 0x0, 0x0,
    0x0, 0x0, 0x0, 0x0, 0x1, 0xfe, 0x0, 0x0,
    0x0, 0x0, 0x0, 0x0, 0x5d, 0xde, 0xfc, 0x0,
    0x0, 0x0, 0x0, 0x0, 0x0, 0xe, 0xfe, 0xb2,
    0x0, 0x0, 0x0, 0x0,

    /* U+5B58 "存" */
    0x0, 0x0, 0x0, 0x4, 0x72, 0x0, 0x0, 0x0,
    0x0, 0x0, 0x0, 0x0, 0x0, 0xb, 0xf5, 0x0,
    0x0, 0x0, 0x0, 0x0, 0x0, 0x0, 0x0, 0x1f,
    0xf1, 0x0, 0x0, 0x0, 0x0, 0x0, 0xb, 0xff,
    0xff, 0xff, 0xff, 0xff, 0xff, 0xff, 0xff, 0xe0,
    0x8, 0xcc, 0xcc, 0xff, 0xcc, 0xcc, 0xcc, 0xcc,
    0xcc, 0xb0, 0x0, 0x0, 0x7, 0xfa, 0x0, 0x0,
    0x0, 0x0, 0x0, 0x0, 0x0, 0x0, 0x2f, 0xe1,
    0x4a, 0xaa, 0xaa, 0xaa, 0xb4, 0x0, 0x0, 0x0,
    0xdf, 0x50, 0x7f, 0xff, 0xff, 0xff, 0xfb, 0x0,
    0x0, 0xa, 0xfb, 0x0, 0x0, 0x0, 0x2, 0xcf,
    0xa0, 0x0, 0x0, 0xbf, 0xf9, 0x0, 0x0, 0x0,
    0x4e, 0xf7, 0x0, 0x0, 0x1d, 0xff, 0xf9, 0x0,
    0x0, 0x0, 0xbf, 0x40, 0x0, 0x0, 0x2f, 0xd7,
    0xf9, 0x9, 0x99, 0x99, 0xef, 0xa9, 0x99, 0x92,
    0x5, 0x4, 0xf9, 0x1f, 0xff, 0xff, 0xff, 0xff,
    0xff, 0xf4, 0x0, 0x4, 0xf9, 0x2, 0x22, 0x22,
    0xcf, 0x42, 0x22, 0x20, 0x0, 0x4, 0xf9, 0x0,
    0x0, 0x0, 0xbf, 0x20, 0x0, 0x0, 0x0, 0x4,
    0xf9, 0x0, 0x0, 0x0, 0xbf, 0x20, 0x0, 0x0,
    0x0, 0x4, 0xf9, 0x0, 0x0, 0x0, 0xbf, 0x20,
    0x0, 0x0, 0x0, 0x4, 0xf9, 0x0, 0x9, 0xcc,
    0xff, 0x0, 0x0, 0x0, 0x0, 0x4, 0xf8, 0x0,
    0x7, 0xff, 0xd6, 0x0, 0x0, 0x0,

    /* U+5B66 "学" */
    0x0, 0x0, 0x0, 0x0, 0x0, 0x0, 0x0, 0x0,
    0x0, 0x0, 0x28, 0x0, 0x5, 0xe5, 0x0, 0x0,
    0x96, 0x10, 0x0, 0x9f, 0xa0, 0x2, 0xfe, 0x0,
    0x5, 0xfd, 0x0, 0x0, 0xd, 0xf4, 0x0, 0x9f,
    0x60, 0xe, 0xf2, 0x0, 0x5a, 0xac, 0xfb, 0xaa,
    0xbf, 0xaa, 0xcf, 0xda, 0xa6, 0x8f, 0xff, 0xff,
    0xff, 0xff, 0xff, 0xff, 0xff, 0xfa, 0x8f, 0x50,
    0x0, 0x0, 0x0, 0x0, 0x0, 0x4, 0xfa, 0x8f,
    0x40, 0x0, 0x0, 0x0, 0x0, 0x0, 0x3, 0xfa,
    0x48, 0x26, 0xff, 0xff, 0xff, 0xff, 0xff, 0x51,
    0x85, 0x0, 0x3, 0x99, 0x99, 0x99, 0xcf, 0xfa,
    0x0, 0x0, 0x0, 0x0, 0x0, 0x0, 0x3b, 0xfd,
    0x50, 0x0, 0x0, 0x0, 0x0, 0x0, 0x0, 0xff,
    0x60, 0x0, 0x0, 0x0, 0x9b, 0xbb, 0xbb, 0xbb,
    0xff, 0xbb, 0xbb, 0xbb, 0xba, 0xdf, 0xff, 0xff,
    0xff, 0xff, 0xff, 0xff, 0xff, 0xfe, 0x0, 0x0,
    0x0, 0x1, 0xfe, 0x0, 0x0, 0x0, 0x0, 0x0,
    0x0, 0x0, 0x0, 0xfe, 0x0, 0x0, 0x0, 0x0,
    0x0, 0x0, 0x0, 0x0, 0xfe, 0x0, 0x0, 0x0,
    0x0, 0x0, 0x0, 0x0, 0x0, 0xfe, 0x0, 0x0,
    0x0, 0x0, 0x0, 0x0, 0x7c, 0xcd, 0xfc, 0x0,
    0x0, 0x0, 0x0, 0x0, 0x0, 0x3f, 0xfe, 0xb2,
    0x0, 0x0, 0x0, 0x0,

    /* U+5B78 "學" */
    0x0, 0x2, 0x68, 0x4, 0x15, 0x81, 0x22, 0x22,
    0x10, 0x4, 0xef, 0xd9, 0x2a, 0xff, 0x64, 0xff,
    0xff, 0x80, 0x5, 0xf8, 0x0, 0x3c, 0xed, 0xd1,
    0x11, 0x5f, 0x70, 0x4, 0xff, 0xff, 0x49, 0x12,
    0x82, 0xff, 0xff, 0x60, 0x3, 0xfa, 0x22, 0x1e,
    0xbd, 0xa0, 0x22, 0x8f, 0x50, 0x2, 0xff, 0xff,
    0x48, 0xff, 0x83, 0xff, 0xff, 0x40, 0x1, 0xfc,
    0x44, 0x9f, 0x76, 0xf3, 0x44, 0xbf, 0x30, 0x48,
    0xfd, 0x77, 0x8c, 0x77, 0x97, 0x77, 0xdf, 0x95,
    0x9f, 0xfe, 0xee, 0xee, 0xee, 0xee, 0xee, 0xef,
    0xfa, 0x9f, 0x30, 0x22, 0x22, 0x22, 0x22, 0x21,
    0x3, 0xfa, 0x9f, 0x33, 0xff, 0xff, 0xff, 0xff,
    0xff, 0x23, 0xfa, 0x12, 0x0, 0x33, 0x33, 0x34,
    0xbf, 0xe5, 0x0, 0x21, 0x0, 0x0, 0x0, 0x0,
    0x6e, 0xf8, 0x10, 0x0, 0x0, 0x99, 0x99, 0x99,
    0x99, 0xef, 0xb9, 0x99, 0x99, 0x99, 0xff, 0xff,
    0xff, 0xff, 0xff, 0xff, 0xff, 0xff, 0xff, 0x0,
    0x0, 0x0, 0x0, 0xbf, 0x20, 0x0, 0x0, 0x0,
    0x0, 0x0, 0x0, 0x0, 0xbf, 0x20, 0x0, 0x0,
    0x0, 0x0, 0x0, 0x5, 0x99, 0xef, 0x0, 0x0,
    0x0, 0x0, 0x0, 0x0, 0x5, 0xff, 0xd7, 0x0,
    0x0, 0x0, 0x0,

    /* U+5B89 "安" */
    0x0, 0x0, 0x0, 0x0, 0x0, 0x0, 0x0, 0x0,
    0x0, 0x0, 0x0, 0x0, 0x7, 0xd6, 0x0, 0x0,
    0x0, 0x0, 0x0, 0x0, 0x0, 0x4, 0xfe, 0x0,
    0x0, 0x0, 0x0, 0x1b, 0xbb, 0xbb, 0xbb, 0xff,
    0xcb, 0xbb, 0xbb, 0xb5, 0x2f, 0xff, 0xff, 0xff,
    0xff, 0xff, 0xff, 0xff, 0xf6, 0x2f, 0xc0, 0x0,
    0x3, 0x10, 0x0, 0x0, 0x9, 0xf6, 0x2f, 0xc0,
    0x0, 0xf, 0xf3, 0x0, 0x0, 0x8, 0xf6, 0x18,
    0x60, 0x0, 0x7f, 0xd0, 0x0, 0x0, 0x4, 0x83,
    0x0, 0x0, 0x1, 0xef, 0x60, 0x0, 0x0, 0x0,
    0x0, 0x9f, 0xff, 0xff, 0xff, 0xff, 0xff, 0xff,
    0xff, 0xfe, 0x6b, 0xbb, 0xcf, 0xfc, 0xbb, 0xbc,
    0xff, 0xcb, 0xba, 0x0, 0x0, 0xaf, 0xa0, 0x0,
    0x6, 0xfc, 0x0, 0x0, 0x0, 0x5, 0xff, 0x10,
    0x0, 0xe, 0xf4, 0x0, 0x0, 0x0, 0xd, 0xff,
    0xd8, 0x20, 0xbf, 0xa0, 0x0, 0x0, 0x0, 0x0,
    0x5b, 0xff, 0xfe, 0xfd, 0x0, 0x0, 0x0, 0x0,
    0x0, 0x0, 0x1b, 0xff, 0xfe, 0x81, 0x0, 0x0,
    0x0, 0x0, 0x5, 0xdf, 0xfa, 0xbf, 0xff, 0xa2,
    0x0, 0x4, 0x7b, 0xff, 0xfb, 0x30, 0x3, 0xaf,
    0xff, 0x91, 0x1e, 0xff, 0xe9, 0x40, 0x0, 0x0,
    0x2, 0xbf, 0xf3, 0x4, 0x72, 0x0, 0x0, 0x0,
    0x0, 0x0, 0x4, 0x40,

    /* U+5B8C "完" */
    0x0, 0x0, 0x0, 0x0, 0x0, 0x0, 0x0, 0x0,
    0x0, 0x0, 0x0, 0x0, 0x0, 0x0, 0x6e, 0x80,
    0x0, 0x0, 0x0, 0x0, 0x0, 0x0, 0x0, 0x0,
    0x3f, 0xf1, 0x0, 0x0, 0x0, 0x0, 0x5, 0xcc,
    0xcc, 0xcc, 0xcf, 0xfd, 0xcc, 0xcc, 0xcc, 0x50,
    0x7, 0xff, 0xff, 0xff, 0xff, 0xff, 0xff, 0xff,
    0xff, 0x60, 0x7, 0xf7, 0x0, 0x0, 0x0, 0x0,
    0x0, 0x0, 0x9f, 0x60, 0x7, 0xf6, 0x0, 0x0,
    0x0, 0x0, 0x0, 0x0, 0x8f, 0x60, 0x6, 0xe6,
    0x5f, 0xff, 0xff, 0xff, 0xff, 0xf4, 0x8e, 0x60,
    0x0, 0x0, 0x4b, 0xbb, 0xbb, 0xbb, 0xbb, 0xb3,
    0x0, 0x0, 0x0, 0x0, 0x0, 0x0, 0x0, 0x0,
    0x0, 0x0, 0x0, 0x0, 0x1, 0x11, 0x11, 0x11,
    0x11, 0x11, 0x11, 0x11, 0x11, 0x10, 0xe, 0xff,
    0xff, 0xff, 0xff, 0xff, 0xff, 0xff, 0xff, 0xe0,
    0x9, 0xaa, 0xaa, 0xef, 0xba, 0xad, 0xfc, 0xaa,
    0xaa, 0x90, 0x0, 0x0, 0x0, 0xdf, 0x10, 0x9,
    0xf4, 0x0, 0x0, 0x0, 0x0, 0x0, 0x0, 0xff,
    0x0, 0x9, 0xf4, 0x0, 0x0, 0x0, 0x0, 0x0,
    0x4, 0xfc, 0x0, 0x9, 0xf4, 0x0, 0x3, 0x10,
    0x0, 0x0, 0xc, 0xf5, 0x0, 0x9, 0xf4, 0x0,
    0x8, 0xf2, 0x0, 0x2, 0xcf, 0xd0, 0x0, 0x9,
    0xf5, 0x0, 0xa, 0xf1, 0x7, 0xbf, 0xfd, 0x20,
    0x0, 0x7, 0xfe, 0xbb, 0xbf, 0xd0, 0xa, 0xfd,
    0x60, 0x0, 0x0, 0x1, 0xcf, 0xff, 0xfe, 0x40,
    0x1, 0x20, 0x0, 0x0, 0x0, 0x0, 0x0, 0x0,
    0x0, 0x0,

    /* U+5B9A "定" */
    0x0, 0x0, 0x0, 0x0, 0x0, 0x0, 0x0, 0x0,
    0x0, 0x0, 0x0, 0x0, 0x0, 0x8, 0xf4, 0x0,
    0x0, 0x0, 0x0, 0x0, 0x0, 0x0, 0x0, 0x6f,
    0xc0, 0x0, 0x0, 0x0, 0x0, 0x8b, 0xbb, 0xbb,
    0xbc, 0xff, 0xcb, 0xbb, 0xbb, 0xb0, 0xa, 0xff,
    0xff, 0xff, 0xff, 0xff, 0xff, 0xff, 0xff, 0x10,
    0xaf, 0x30, 0x0, 0x0, 0x0, 0x0, 0x0, 0xd,
    0xf1, 0xa, 0xf2, 0x0, 0x0, 0x0, 0x0, 0x0,
    0x0, 0xdf, 0x10, 0xae, 0x2b, 0xbb, 0xbb, 0xbb,
    0xbb, 0xbb, 0x5c, 0xe1, 0x0, 0x0, 0xef, 0xff,
    0xff, 0xff, 0xff, 0xf7, 0x0, 0x0, 0x0, 0x0,
    0x0, 0x4, 0xfb, 0x0, 0x0, 0x0, 0x0, 0x0,
    0x0, 0x86, 0x0, 0x3f, 0xb0, 0x0, 0x0, 0x0,
    0x0, 0x0, 0x1f, 0xd0, 0x3, 0xfb, 0x0, 0x0,
    0x0, 0x0, 0x0, 0x4, 0xfa, 0x0, 0x3f, 0xff,
    0xff, 0xff, 0xb0, 0x0, 0x0, 0x7f, 0xa0, 0x3,
    0xfe, 0xcc, 0xcc, 0xc8, 0x0, 0x0, 0xc, 0xff,
    0x10, 0x3f, 0xb0, 0x0, 0x0, 0x0, 0x0, 0x1,
    0xff, 0xfa, 0x3, 0xfb, 0x0, 0x0, 0x0, 0x0,
    0x0, 0x9f, 0x7b, 0xfa, 0x4f, 0xb0, 0x0, 0x0,
    0x0, 0x0, 0x3f, 0xe0, 0x1e, 0xff, 0xfb, 0x0,
    0x0, 0x0, 0x0, 0x2e, 0xf6, 0x0, 0x1a, 0xff,
    0xff, 0xfe, 0xee, 0xee, 0xa2, 0xda, 0x0, 0x0,
    0x3, 0x8c, 0xef, 0xff, 0xff, 0xf5, 0x1, 0x0,
    0x0, 0x0, 0x0, 0x0, 0x0, 0x0, 0x0, 0x0,

    /* U+5B9E "实" */
    0x0, 0x0, 0x0, 0x0, 0x0, 0x0, 0x0, 0x0,
    0x0, 0x0, 0x0, 0x0, 0x2, 0xcc, 0x0, 0x0,
    0x0, 0x0, 0x0, 0x0, 0x0, 0x0, 0xdf, 0x50,
    0x0, 0x0, 0x0, 0x1c, 0xcc, 0xcc, 0xcc, 0xef,
    0xec, 0xcc, 0xcc, 0xc7, 0x1f, 0xff, 0xff, 0xff,
    0xff, 0xff, 0xff, 0xff, 0xf8, 0x1f, 0xc0, 0x0,
    0x0, 0x0, 0x0, 0x0, 0x6, 0xf8, 0x1f, 0xc0,
    0x7d, 0x30, 0xc, 0xd0, 0x0, 0x6, 0xf8, 0x8,
    0x60, 0x7f, 0xf8, 0xf, 0xf0, 0x0, 0x3, 0x84,
    0x0, 0x0, 0x3, 0xe8, 0xf, 0xf0, 0x0, 0x0,
    0x0, 0x0, 0x8d, 0x40, 0x10, 0x1f, 0xe0, 0x0,
    0x0, 0x0, 0x0, 0x8f, 0xf8, 0x0, 0x3f, 0xc0,
    0x0, 0x0, 0x0, 0x0, 0x3, 0xeb, 0x0, 0x6f,
    0x90, 0x0, 0x0, 0x0, 0x0, 0x0, 0x32, 0x0,
    0xaf, 0x70, 0x0, 0x0, 0x0, 0x6f, 0xff, 0xff,
    0xff, 0xff, 0xff, 0xff, 0xff, 0xfe, 0x38, 0x88,
    0x88, 0x8d, 0xfd, 0x88, 0x88, 0x88, 0x88, 0x0,
    0x0, 0x0, 0x5f, 0xf2, 0x8a, 0x40, 0x0, 0x0,
    0x0, 0x0, 0x19, 0xff, 0x60, 0xaf, 0xfe, 0x71,
    0x0, 0x0, 0x39, 0xff, 0xf5, 0x0, 0x1, 0x8e,
    0xff, 0x80, 0xe, 0xff, 0xf8, 0x10, 0x0, 0x0,
    0x0, 0x7e, 0xf9, 0x5, 0xa5, 0x0, 0x0, 0x0,
    0x0, 0x0, 0x1, 0x91,

    /* U+5B9F "実" */
    0x0, 0x0, 0x0, 0x2, 0xba, 0x0, 0x0, 0x0,
    0x0, 0x0, 0x0, 0x0, 0x0, 0xe, 0xf2, 0x0,
    0x0, 0x0, 0x0, 0x6f, 0xff, 0xff, 0xff, 0xff,
    0xff, 0xff, 0xff, 0xf8, 0x6, 0xfc, 0xaa, 0xaa,
    0xaa, 0xaa, 0xaa, 0xaa, 0xcf, 0x80, 0x6f, 0x60,
    0x0, 0x0, 0xaa, 0x0, 0x0, 0x6, 0xf8, 0x6,
    0xf7, 0x0, 0x0, 0xf, 0xf0, 0x0, 0x0, 0x6f,
    0x80, 0x0, 0xbf, 0xff, 0xff, 0xff, 0xff, 0xff,
    0xff, 0x0, 0x0, 0x5, 0x77, 0x77, 0x7f, 0xf7,
    0x77, 0x77, 0x70, 0x0, 0x0, 0x0, 0x0, 0x0,
    0xff, 0x0, 0x0, 0x0, 0x0, 0x0, 0x6, 0xff,
    0xff, 0xff, 0xff, 0xff, 0xff, 0xa0, 0x0, 0x0,
    0x27, 0x77, 0x77, 0xfe, 0x77, 0x77, 0x74, 0x0,
    0x0, 0x0, 0x0, 0x0, 0x3f, 0xc0, 0x0, 0x0,
    0x0, 0x0, 0xaf, 0xff, 0xff, 0xff, 0xff, 0xff,
    0xff, 0xff, 0xfe, 0x6, 0x88, 0x88, 0x8b, 0xff,
    0xff, 0x98, 0x88, 0x88, 0x80, 0x0, 0x0, 0x2,
    0xef, 0x67, 0xfb, 0x0, 0x0, 0x0, 0x0, 0x0,
    0x7, 0xff, 0x80, 0xb, 0xfd, 0x40, 0x0, 0x0,
    0x3, 0x9f, 0xfe, 0x50, 0x0, 0x9, 0xff, 0xc7,
    0x30, 0x9, 0xff, 0xe7, 0x0, 0x0, 0x0, 0x3,
    0xbf, 0xff, 0xc0, 0x9, 0x40, 0x0, 0x0, 0x0,
    0x0, 0x0, 0x26, 0xa3, 0x0,

    /* U+5BA4 "室" */
    0x0, 0x0, 0x0, 0x2, 0xb9, 0x0, 0x0, 0x0,
    0x0, 0x0, 0x0, 0x0, 0x1, 0xff, 0x20, 0x0,
    0x0, 0x0, 0xaf, 0xff, 0xff, 0xff, 0xff, 0xff,
    0xff, 0xff, 0xfb, 0xaf, 0xba, 0xaa, 0xaa, 0xaa,
    0xaa, 0xaa, 0xac, 0xfb, 0xaf, 0x20, 0x0, 0x0,
    0x0, 0x0, 0x0, 0x3, 0xfb, 0x7a, 0xaf, 0xff,
    0xff, 0xff, 0xff, 0xff, 0xfc, 0xa7, 0x0, 0x6a,
    0xab, 0xff, 0xca, 0xab, 0xda, 0xa7, 0x0, 0x0,
    0x0, 0x1c, 0xf7, 0x0, 0x9, 0xf5, 0x0, 0x0,
    0x0, 0x2, 0xde, 0x41, 0x23, 0x46, 0xef, 0x50,
    0x0, 0x0, 0x6f, 0xff, 0xff, 0xff, 0xff, 0xff,
    0xf4, 0x0, 0x0, 0x6e, 0xdc, 0xbb, 0xa9, 0x99,
    0x88, 0xee, 0x10, 0x0, 0x0, 0x0, 0x0, 0x66,
    0x0, 0x0, 0x2, 0x0, 0x0, 0x99, 0x99, 0x99,
    0xff, 0x99, 0x99, 0x99, 0x20, 0x0, 0xff, 0xff,
    0xff, 0xff, 0xff, 0xff, 0xff, 0x30, 0x0, 0x0,
    0x0, 0x0, 0xff, 0x0, 0x0, 0x0, 0x0, 0x0,
    0x0, 0x0, 0x0, 0xfe, 0x0, 0x0, 0x0, 0x0,
    0x0, 0x0, 0x0, 0x0, 0xfe, 0x0, 0x0, 0x0,
    0x0, 0x9a, 0xaa, 0xaa, 0xaa, 0xff, 0xaa, 0xaa,
    0xaa, 0xaa, 0xdf, 0xff, 0xff, 0xff, 0xff, 0xff,
    0xff, 0xff, 0xfe,

    /* U+5BB9 "容" */
    0x0, 0x0, 0x0, 0x0, 0x5c, 0x80, 0x0, 0x0,
    0x0, 0x0, 0x0, 0x0, 0x0, 0x0, 0x3f, 0xf2,
    0x0, 0x0, 0x0, 0x0, 0xa, 0xff, 0xff, 0xff,
    0xff, 0xff, 0xff, 0xff, 0xff, 0x70, 0xa, 0xfb,
    0xaa, 0xaa, 0xaa, 0xaa, 0xaa, 0xaa, 0xdf, 0x70,
    0xa, 0xf2, 0x0, 0x73, 0x0, 0x0, 0x52, 0x0,
    0x7f, 0x70, 0x9, 0xe2, 0x1c, 0xf9, 0x0, 0x3,
    0xff, 0x70, 0x6e, 0x60, 0x0, 0x2, 0xdf, 0xa0,
    0x8, 0x70, 0x3d, 0xfc, 0x20, 0x0, 0x0, 0x8f,
    0xf9, 0x0, 0x6f, 0xf3, 0x0, 0x9f, 0xf4, 0x0,
    0x1, 0xde, 0x50, 0x5, 0xfe, 0xfe, 0x30, 0x6,
    0xf8, 0x0, 0x0, 0x21, 0x0, 0x7f, 0xd2, 0x4f,
    0xf6, 0x0, 0x20, 0x0, 0x0, 0x0, 0x2b, 0xfc,
    0x10, 0x3, 0xdf, 0xb3, 0x0, 0x0, 0x0, 0x7,
    0xff, 0xb1, 0x0, 0x0, 0x1a, 0xff, 0xb4, 0x0,
    0x29, 0xff, 0xff, 0xff, 0xff, 0xff, 0xff, 0xff,
    0xff, 0xc1, 0x2e, 0xe8, 0xef, 0xaa, 0xaa, 0xaa,
    0xab, 0xfc, 0x6d, 0x90, 0x2, 0x0, 0xee, 0x0,
    0x0, 0x0, 0x3, 0xfb, 0x0, 0x0, 0x0, 0x0,
    0xee, 0x0, 0x0, 0x0, 0x3, 0xfb, 0x0, 0x0,
    0x0, 0x0, 0xef, 0xaa, 0xaa, 0xaa, 0xab, 0xfb,
    0x0, 0x0, 0x0, 0x0, 0xef, 0xff, 0xff, 0xff,
    0xff, 0xfb, 0x0, 0x0, 0x0, 0x0, 0xef, 0x0,
    0x0, 0x0, 0x3, 0xeb, 0x0, 0x0,

    /* U+5BC6 "密" */
    0x0, 0x0, 0x0, 0x0, 0x3c, 0x70, 0x0, 0x0,
    0x0, 0x0, 0x0, 0x0, 0x0, 0x0, 0x2f, 0xd0,
    0x0, 0x0, 0x0, 0x0, 0xb, 0xff, 0xff, 0xff,
    0xff, 0xff, 0xff, 0xff, 0xff, 0x50, 0xb, 0xfa,
    0xaa, 0xab, 0xaa, 0xaa, 0xaa, 0xaa, 0xdf, 0x50,
    0xb, 0xf1, 0x0, 0xd, 0xe7, 0x0, 0x7, 0x10,
    0x8f, 0x50, 0xb, 0xf1, 0x0, 0x23, 0xaf, 0xc1,
    0xbf, 0x90, 0x8f, 0x50, 0x0, 0xc, 0x61, 0xf9,
    0x4, 0x9c, 0xf9, 0x19, 0x20, 0x0, 0x0, 0x8f,
    0x71, 0xf9, 0x6, 0xef, 0x70, 0x4f, 0xe2, 0x0,
    0x6, 0xfc, 0x1, 0xfc, 0xcf, 0xd3, 0x4, 0xb6,
    0xfe, 0x20, 0x1d, 0xd1, 0x16, 0xff, 0xf7, 0x10,
    0x19, 0xf1, 0x5f, 0xb0, 0x3, 0x8c, 0xff, 0xff,
    0xff, 0xff, 0xff, 0xc0, 0x6, 0x10, 0x4f, 0xff,
    0xc5, 0x25, 0x77, 0x77, 0x75, 0x0, 0x0, 0x0,
    0xb, 0xa3, 0x0, 0x0, 0xc, 0xa0, 0x0, 0x0,
    0x0, 0x0, 0x0, 0x8, 0x70, 0x0, 0x1f, 0xd0,
    0x0, 0xc, 0xa0, 0x0, 0x0, 0x1f, 0xe0, 0x0,
    0x1f, 0xd0, 0x0, 0x1f, 0xc0, 0x0, 0x0, 0x1f,
    0xe0, 0x0, 0x1f, 0xd0, 0x0, 0x1f, 0xc0, 0x0,
    0x0, 0x1f, 0xf8, 0x88, 0x9f, 0xe8, 0x88, 0x9f,
    0xc0, 0x0, 0x0, 0x1f, 0xff, 0xff, 0xff, 0xff,
    0xff, 0xff, 0xc0, 0x0, 0x0, 0x3, 0x33, 0x33,
    0x33, 0x33, 0x33, 0x4f, 0xc0, 0x0,

    /* U+5BEB "寫" */
    0x0, 0x0, 0x0, 0x0, 0x0, 0x0, 0x0, 0x0,
    0x0, 0x0, 0x0, 0x0, 0x0, 0x7, 0xf9, 0x0,
    0x0, 0x0, 0x0, 0x6, 0x99, 0x99, 0x99, 0xbf,
    0xf9, 0x99, 0x99, 0x99, 0x40, 0xaf, 0xff, 0xff,
    0xff, 0xff, 0xff, 0xff, 0xff, 0xf7, 0xa, 0xf1,
    0x0, 0x3, 0x40, 0x0, 0x0, 0x0, 0x5f, 0x70,
    0xaf, 0x14, 0x8c, 0xff, 0x33, 0x55, 0x55, 0x54,
    0xf7, 0x2, 0x34, 0xff, 0xb7, 0x20, 0x9f, 0xff,
    0xff, 0x23, 0x10, 0x0, 0x4f, 0x60, 0x0, 0x0,
    0x0, 0xa, 0xf1, 0x0, 0x0, 0x4, 0xff, 0xff,
    0xf1, 0x3f, 0xff, 0xff, 0x10, 0x0, 0x0, 0x4f,
    0xa5, 0x55, 0x1, 0x55, 0x5c, 0xf1, 0x0, 0x0,
    0x4, 0xfa, 0x55, 0x55, 0x55, 0x55, 0xcf, 0x10,
    0x0, 0x0, 0x4f, 0xff, 0xff, 0xff, 0xff, 0xff,
    0xf1, 0x0, 0x0, 0x0, 0xa, 0xf9, 0x0, 0x0,
    0x0, 0x0, 0x0, 0x0, 0x0, 0x1c, 0xff, 0xff,
    0xff, 0xff, 0xff, 0xff, 0xe0, 0x1, 0x8f, 0xf9,
    0x77, 0x77, 0x77, 0x88, 0x78, 0xfd, 0x1, 0xef,
    0xe7, 0xb2, 0x87, 0x2c, 0x29, 0xd0, 0x1f, 0xc0,
    0x7, 0x91, 0x8f, 0x3a, 0xe0, 0xe9, 0x2f, 0x92,
    0xfb, 0x0, 0x0, 0x1e, 0xd0, 0x7f, 0x18, 0xe0,
    0x64, 0x5f, 0x90, 0x0, 0x8, 0xf5, 0x5, 0xf2,
    0x49, 0x39, 0x9d, 0xf5, 0x0, 0x0, 0x5, 0x0,
    0x12, 0x0, 0x0, 0xff, 0xfa, 0x0, 0x0, 0x0,
    0x0, 0x0, 0x0, 0x0, 0x0, 0x0, 0x0, 0x0,

    /* U+5BF9 "对" */
    0x0, 0x0, 0x0, 0x0, 0x0, 0x0, 0x0, 0x8,
    0x60, 0x0, 0x0, 0x0, 0x0, 0x0, 0x0, 0x0,
    0x0, 0x1f, 0xc0, 0x0, 0x0, 0x11, 0x11, 0x11,
    0x0, 0x0, 0x0, 0x1f, 0xc0, 0x0, 0xa, 0xff,
    0xff, 0xff, 0xf1, 0x0, 0x0, 0x1f, 0xc0, 0x0,
    0x6, 0xaa, 0xaa, 0xaf, 0xf0, 0x0, 0x0, 0x1f,
    0xc0, 0x0, 0x0, 0x0, 0x0, 0x1f, 0xc7, 0xff,
    0xff, 0xff, 0xff, 0xf1, 0x0, 0x0, 0x0, 0x4f,
    0xa5, 0xcc, 0xcc, 0xcf, 0xfc, 0xc0, 0x0, 0x96,
    0x0, 0x8f, 0x70, 0x0, 0x0, 0x1f, 0xc0, 0x0,
    0x2, 0xff, 0x60, 0xcf, 0x30, 0x1, 0x0, 0x1f,
    0xc0, 0x0, 0x0, 0x4f, 0xf7, 0xfe, 0x1, 0xeb,
    0x0, 0x1f, 0xc0, 0x0, 0x0, 0x4, 0xff, 0xf9,
    0x0, 0xbf, 0x40, 0x1f, 0xc0, 0x0, 0x0, 0x0,
    0x4f, 0xf7, 0x0, 0x2f, 0xc0, 0x1f, 0xc0, 0x0,
    0x0, 0x0, 0x3f, 0xff, 0x20, 0xb, 0xf3, 0x1f,
    0xc0, 0x0, 0x0, 0x0, 0xdf, 0xdf, 0xd0, 0x5,
    0x91, 0x1f, 0xc0, 0x0, 0x0, 0x6, 0xfd, 0xc,
    0xf8, 0x0, 0x0, 0x1f, 0xc0, 0x0, 0x0, 0x2f,
    0xf3, 0x2, 0xf7, 0x0, 0x0, 0x1f, 0xc0, 0x0,
    0x2, 0xef, 0x90, 0x0, 0x30, 0x0, 0x0, 0x1f,
    0xc0, 0x0, 0xe, 0xfa, 0x0, 0x0, 0x0, 0x0,
    0xff, 0xff, 0xa0, 0x0, 0x5, 0x90, 0x0, 0x0,
    0x0, 0x0, 0xbf, 0xeb, 0x20, 0x0, 0x0, 0x0,
    0x0, 0x0, 0x0, 0x0, 0x0, 0x0, 0x0, 0x0,

    /* U+5BFE "対" */
    0x0, 0x0, 0x0, 0x0, 0x0, 0x0, 0x0, 0x4,
    0x50, 0x0, 0x0, 0x1, 0xec, 0x0, 0x0, 0x0,
    0x0, 0xc, 0xf1, 0x0, 0x0, 0x0, 0x8f, 0x90,
    0x0, 0x0, 0x0, 0xc, 0xf1, 0x0, 0x4, 0x44,
    0x5e, 0xb5, 0x43, 0x0, 0x0, 0xc, 0xf1, 0x0,
    0x1f, 0xff, 0xff, 0xff, 0xfa, 0x0, 0x0, 0xc,
    0xf1, 0x0, 0x5, 0x55, 0x55, 0x6c, 0x96, 0xff,
    0xff, 0xff, 0xff, 0xf3, 0x0, 0x0, 0x0, 0x3f,
    0xb1, 0xcc, 0xcc, 0xcf, 0xfc, 0xc2, 0x0, 0x95,
    0x0, 0x7f, 0x70, 0x0, 0x0, 0xc, 0xf1, 0x0,
    0x2, 0xff, 0x30, 0xbf, 0x40, 0x14, 0x0, 0xc,
    0xf1, 0x0, 0x0, 0x5f, 0xe2, 0xef, 0x0, 0xdf,
    0x10, 0xc, 0xf1, 0x0, 0x0, 0x8, 0xfe, 0xfb,
    0x0, 0x5f, 0xa0, 0xc, 0xf1, 0x0, 0x0, 0x0,
    0xbf, 0xf5, 0x0, 0xd, 0xf1, 0xc, 0xf1, 0x0,
    0x0, 0x0, 0x2f, 0xf6, 0x0, 0x6, 0xf8, 0xc,
    0xf1, 0x0, 0x0, 0x0, 0xbf, 0xff, 0x20, 0x1,
    0xa2, 0xc, 0xf1, 0x0, 0x0, 0x5, 0xfd, 0x9f,
    0xb0, 0x0, 0x0, 0xc, 0xf1, 0x0, 0x0, 0x3e,
    0xf3, 0xe, 0xf4, 0x0, 0x0, 0xc, 0xf1, 0x0,
    0x5, 0xff, 0x70, 0x6, 0xb0, 0x0, 0x0, 0xd,
    0xf0, 0x0, 0x2f, 0xf7, 0x0, 0x0, 0x0, 0x0,
    0xbf, 0xff, 0xe0, 0x0, 0x7, 0x50, 0x0, 0x0,
    0x0, 0x0, 0x7f, 0xfc, 0x40, 0x0, 0x0, 0x0,
    0x0, 0x0, 0x0, 0x0, 0x0, 0x0, 0x0, 0x0,

    /* U+5C06 "将" */
    0x0, 0x0, 0x68, 0x0, 0x0, 0x1, 0xa6, 0x0,
    0x0, 0x0, 0x0, 0x0, 0xcf, 0x10, 0x0, 0x1c,
    0xfd, 0x77, 0x77, 0x10, 0x1, 0x0, 0xcf, 0x10,
    0x4, 0xef, 0xff, 0xff, 0xff, 0x90, 0x2d, 0xa0,
    0xcf, 0x13, 0xbf, 0xe3, 0x0, 0x3, 0xfe, 0x10,
    0xd, 0xf7, 0xcf, 0x1c, 0xfb, 0x7a, 0x0, 0x1e,
    0xf4, 0x0, 0x2, 0xef, 0xef, 0x11, 0x40, 0x9f,
    0xb3, 0xef, 0x60, 0x0, 0x0, 0x6f, 0xef, 0x10,
    0x0, 0xc, 0xff, 0xe4, 0x0, 0x0, 0x0, 0x3,
    0xcf, 0x10, 0x3, 0x9f, 0xf9, 0x10, 0x0, 0x0,
    0x0, 0x0, 0xcf, 0x19, 0xef, 0xf9, 0x20, 0x1f,
    0xc0, 0x0, 0x0, 0x0, 0xcf, 0x15, 0xa5, 0x10,
    0x0, 0x1f, 0xc0, 0x0, 0x0, 0x8, 0xff, 0x2f,
    0xff, 0xff, 0xff, 0xff, 0xff, 0xf1, 0x0, 0xbf,
    0xff, 0x2b, 0xbb, 0xbb, 0xbb, 0xbf, 0xfb, 0xb1,
    0x2d, 0xfb, 0xcf, 0x10, 0x3c, 0x30, 0x0, 0x1f,
    0xc0, 0x0, 0x1f, 0xa0, 0xcf, 0x10, 0x4f, 0xe1,
    0x0, 0x1f, 0xc0, 0x0, 0x3, 0x0, 0xcf, 0x10,
    0x8, 0xfa, 0x0, 0x1f, 0xc0, 0x0, 0x0, 0x0,
    0xcf, 0x10, 0x0, 0xef, 0x30, 0x1f, 0xc0, 0x0,
    0x0, 0x0, 0xcf, 0x10, 0x0, 0x43, 0x0, 0x1f,
    0xc0, 0x0, 0x0, 0x0, 0xcf, 0x10, 0x0, 0x0,
    0xbb, 0xcf, 0xa0, 0x0, 0x0, 0x0, 0xcf, 0x10,
    0x0, 0x0, 0xbf, 0xec, 0x20, 0x0,

    /* U+5C07 "將" */
    0x0, 0x0, 0x7, 0x80, 0x0, 0x0, 0x57, 0x20,
    0x0, 0x0, 0x6, 0xd1, 0xc, 0xe0, 0x0, 0x3,
    0xff, 0x53, 0x33, 0x0, 0x8, 0xf2, 0xc, 0xe0,
    0x0, 0x4f, 0xff, 0xff, 0xff, 0x60, 0x8, 0xf2,
    0xc, 0xe0, 0x9, 0xfc, 0x41, 0x12, 0xee, 0x0,
    0x8, 0xf2, 0xc, 0xe5, 0xef, 0xa1, 0xec, 0x1b,
    0xf5, 0x0, 0x8, 0xf2, 0xd, 0xe6, 0xe5, 0x70,
    0x2d, 0xff, 0x90, 0x0, 0x8, 0xff, 0xff, 0xe0,
    0x2, 0xed, 0x3b, 0xf8, 0x0, 0x0, 0x5, 0x99,
    0x9e, 0xe0, 0x0, 0x3f, 0xff, 0x60, 0x0, 0x0,
    0x0, 0x0, 0xc, 0xe0, 0x28, 0xef, 0xa1, 0xb,
    0x80, 0x0, 0x0, 0x0, 0xc, 0xe2, 0xfe, 0x83,
    0x0, 0x1f, 0xb0, 0x0, 0x4d, 0xdd, 0xdf, 0xe4,
    0xca, 0xaa, 0xaa, 0xaf, 0xea, 0xa1, 0x4d, 0xfd,
    0xbf, 0xe6, 0xff, 0xff, 0xff, 0xff, 0xff, 0xf2,
    0x5, 0xf5, 0xc, 0xe0, 0x3, 0x60, 0x0, 0x1f,
    0xc0, 0x0, 0x5, 0xf4, 0xc, 0xe0, 0xd, 0xf5,
    0x0, 0x1f, 0xb0, 0x0, 0x7, 0xf2, 0xc, 0xe0,
    0x3, 0xff, 0x10, 0x1f, 0xb0, 0x0, 0x9, 0xf0,
    0xc, 0xe0, 0x0, 0x8f, 0xa0, 0x1f, 0xb0, 0x0,
    0xd, 0xd0, 0xc, 0xe0, 0x0, 0xb, 0x20, 0x1f,
    0xb0, 0x0, 0x3f, 0x80, 0xc, 0xe0, 0x0, 0x0,
    0xac, 0xdf, 0xa0, 0x0, 0x3d, 0x10, 0xc, 0xe0,
    0x0, 0x0, 0x8f, 0xfb, 0x20, 0x0, 0x0, 0x0,
    0x0, 0x0, 0x0, 0x0, 0x0, 0x0, 0x0, 0x0,

    /* U+5C0D "對" */
    0x0, 0x2, 0xd4, 0x6d, 0x10, 0x0, 0x0, 0x9,
    0xd1, 0x0, 0xac, 0x3f, 0x46, 0xf2, 0xda, 0x0,
    0x0, 0xbf, 0x10, 0x3, 0xfc, 0xf4, 0x6f, 0xbf,
    0x50, 0x0, 0xb, 0xf1, 0x0, 0x8, 0xbf, 0x46,
    0xfe, 0x60, 0x0, 0x0, 0xbf, 0x10, 0x1a, 0xab,
    0xfc, 0xcf, 0xba, 0x90, 0x0, 0xb, 0xf1, 0x1,
    0xee, 0xfe, 0xee, 0xee, 0xee, 0xbb, 0xbb, 0xef,
    0xca, 0x0, 0x3f, 0x50, 0x6, 0xe4, 0x1f, 0xff,
    0xff, 0xff, 0xd0, 0x0, 0xde, 0x10, 0xcf, 0x10,
    0x0, 0x0, 0xbf, 0x20, 0x0, 0x5, 0xc2, 0x3f,
    0x90, 0x0, 0x30, 0xb, 0xf1, 0x0, 0x7f, 0xff,
    0xff, 0xff, 0xf5, 0x8f, 0x30, 0xbf, 0x10, 0x4,
    0x88, 0x8f, 0xe8, 0x88, 0x32, 0xfa, 0xb, 0xf1,
    0x0, 0x0, 0x0, 0xed, 0x0, 0x0, 0xb, 0xf0,
    0xbf, 0x10, 0x0, 0xff, 0xff, 0xff, 0xff, 0x0,
    0x7f, 0x5b, 0xf1, 0x0, 0x9, 0x99, 0xff, 0x99,
    0x90, 0x2, 0x50, 0xbf, 0x10, 0x0, 0x0, 0xe,
    0xd0, 0x0, 0x0, 0x0, 0xb, 0xf1, 0x0, 0x0,
    0x1, 0xfe, 0x79, 0xbd, 0x0, 0x0, 0xbf, 0x10,
    0x1b, 0xdf, 0xff, 0xff, 0xff, 0xe0, 0x0, 0xb,
    0xf1, 0x0, 0xff, 0xec, 0xa8, 0x63, 0x10, 0x4,
    0xcc, 0xff, 0x0, 0x2, 0x0, 0x0, 0x0, 0x0,
    0x0, 0x1f, 0xfd, 0x50, 0x0, 0x0, 0x0, 0x0,
    0x0, 0x0, 0x0, 0x0, 0x0, 0x0,

    /* U+5C11 "少" */
    0x0, 0x0, 0x0, 0x0, 0x1f, 0xc0, 0x0, 0x0,
    0x0, 0x0, 0x0, 0x0, 0x0, 0x0, 0x1f, 0xc0,
    0x0, 0x0, 0x0, 0x0, 0x0, 0x0, 0x0, 0x0,
    0x1f, 0xc0, 0x0, 0x0, 0x0, 0x0, 0x0, 0x0,
    0x8a, 0x20, 0x1f, 0xc0, 0x0, 0x6b, 0x0, 0x0,
    0x0, 0x1, 0xfe, 0x0, 0x1f, 0xc0, 0x0, 0x9f,
    0x70, 0x0, 0x0, 0x8, 0xf7, 0x0, 0x1f, 0xc0,
    0x0, 0x1e, 0xf2, 0x0, 0x0, 0xe, 0xf1, 0x0,
    0x1f, 0xc0, 0x0, 0x6, 0xfb, 0x0, 0x0, 0x8f,
    0x80, 0x0, 0x1f, 0xc0, 0x0, 0x0, 0xcf, 0x40,
    0x3, 0xfe, 0x0, 0x0, 0x1f, 0xc0, 0x0, 0x0,
    0x3f, 0xd0, 0x9, 0xf5, 0x0, 0x0, 0x1f, 0xc0,
    0x0, 0x0, 0xb, 0xc1, 0x0, 0x30, 0x0, 0x0,
    0x1f, 0xc0, 0x0, 0x16, 0x1, 0x0, 0x0, 0x0,
    0x0, 0x0, 0x1f, 0xc0, 0x0, 0xcf, 0x80, 0x0,
    0x0, 0x0, 0x0, 0x0, 0x7, 0x50, 0xb, 0xfb,
    0x0, 0x0, 0x0, 0x0, 0x0, 0x0, 0x0, 0x4,
    0xdf, 0xc0, 0x0, 0x0, 0x0, 0x0, 0x0, 0x0,
    0x3, 0xbf, 0xf9, 0x10, 0x0, 0x0, 0x0, 0x0,
    0x0, 0x49, 0xdf, 0xfd, 0x30, 0x0, 0x0, 0x0,
    0x15, 0x8a, 0xcf, 0xff, 0xfb, 0x50, 0x0, 0x0,
    0x0, 0x0, 0xe, 0xff, 0xfe, 0xb6, 0x10, 0x0,
    0x0, 0x0, 0x0, 0x0, 0x4, 0x63, 0x0, 0x0,
    0x0, 0x0, 0x0, 0x0, 0x0, 0x0,

    /* U+5C1A "尚" */
    0x1, 0x0, 0x0, 0x1d, 0xb0, 0x0, 0x1, 0x20,
    0x8f, 0x60, 0x0, 0x1f, 0xd0, 0x0, 0x9, 0xf8,
    0x2f, 0xf2, 0x0, 0x1f, 0xd0, 0x0, 0x2f, 0xe1,
    0x6, 0xfb, 0x0, 0x1f, 0xd0, 0x0, 0xcf, 0x50,
    0x0, 0xdf, 0x30, 0x1f, 0xd0, 0x7, 0xf9, 0x0,
    0x0, 0x42, 0x0, 0x1f, 0xd0, 0x1, 0x61, 0x0,
    0xcf, 0xff, 0xff, 0xff, 0xff, 0xff, 0xff, 0xfc,
    0xcf, 0xcb, 0xbb, 0xbb, 0xbb, 0xbb, 0xbc, 0xfc,
    0xcf, 0x10, 0x0, 0x0, 0x0, 0x0, 0x1, 0xfc,
    0xcf, 0x10, 0x79, 0x99, 0x99, 0x96, 0x1, 0xfc,
    0xcf, 0x10, 0xcf, 0xff, 0xff, 0xfa, 0x1, 0xfc,
    0xcf, 0x10, 0xce, 0x0, 0x1, 0xfa, 0x1, 0xfc,
    0xcf, 0x10, 0xce, 0x0, 0x1, 0xfa, 0x1, 0xfc,
    0xcf, 0x10, 0xcf, 0x88, 0x89, 0xfa, 0x1, 0xfc,
    0xcf, 0x10, 0xcf, 0xff, 0xff, 0xfa, 0x1, 0xfc,
    0xcf, 0x10, 0xce, 0x0, 0x0, 0x0, 0x1, 0xfc,
    0xcf, 0x10, 0x78, 0x0, 0x0, 0x0, 0x1, 0xfc,
    0xcf, 0x10, 0x0, 0x0, 0x0, 0xc, 0xde, 0xfa,
    0xcf, 0x10, 0x0, 0x0, 0x0, 0x9, 0xed, 0xa1,

    /* U+5C31 "就" */
    0x0, 0x0, 0x6d, 0x20, 0x0, 0x0, 0xc, 0xb0,
    0x0, 0x0, 0x0, 0x0, 0x5f, 0x90, 0x0, 0x0,
    0xf, 0xd5, 0xe2, 0x0, 0x9, 0x99, 0xaf, 0xf9,
    0x99, 0x10, 0xf, 0xc1, 0xed, 0x0, 0xf, 0xff,
    0xff, 0xff, 0xff, 0x20, 0xf, 0xc0, 0x5f, 0x70,
    0x0, 0x0, 0x0, 0x0, 0x0, 0x0, 0xf, 0xb0,
    0x7, 0x0, 0x0, 0x77, 0x77, 0x77, 0x73, 0x7c,
    0xcf, 0xec, 0xcc, 0xc1, 0x0, 0xff, 0xff, 0xff,
    0xf6, 0x9f, 0xff, 0xff, 0xff, 0xf2, 0x0, 0xfa,
    0x0, 0x5, 0xf6, 0x0, 0x3f, 0x80, 0x0, 0x0,
    0x0, 0xfa, 0x0, 0x5, 0xf6, 0x0, 0x5f, 0x70,
    0x0, 0x0, 0x0, 0xff, 0xff, 0xff, 0xf6, 0x0,
    0x7f, 0xef, 0x0, 0x0, 0x0, 0x88, 0x9f, 0xd8,
    0x83, 0x0, 0x9f, 0xbf, 0x0, 0x0, 0x0, 0x34,
    0x1f, 0xa3, 0x70, 0x0, 0xde, 0xaf, 0x0, 0x0,
    0x0, 0xaf, 0x1f, 0xa8, 0xf2, 0x1, 0xfa, 0xaf,
    0x0, 0x0, 0x0, 0xea, 0xf, 0xa2, 0xf8, 0x6,
    0xf5, 0xaf, 0x0, 0x0, 0x3, 0xf6, 0xf, 0xa0,
    0xcd, 0xd, 0xf0, 0xaf, 0x0, 0x60, 0xb, 0xf1,
    0xf, 0xa0, 0x78, 0x5f, 0x80, 0xaf, 0x0, 0xf7,
    0xf, 0x90, 0xf, 0xa0, 0x1, 0xef, 0x10, 0xaf,
    0x0, 0xf7, 0x2, 0x17, 0xaf, 0x90, 0xc, 0xf6,
    0x0, 0x9f, 0x89, 0xf5, 0x0, 0x8, 0xfd, 0x30,
    0xb, 0x90, 0x0, 0x2c, 0xff, 0xa0, 0x0, 0x0,
    0x0, 0x0, 0x0, 0x0, 0x0, 0x0, 0x0, 0x0,

    /* U+5C4F "屏" */
    0x0, 0xaf, 0xff, 0xff, 0xff, 0xff, 0xff, 0xff,
    0xfb, 0x0, 0xa, 0xfb, 0xaa, 0xaa, 0xaa, 0xaa,
    0xaa, 0xbf, 0xc0, 0x0, 0xaf, 0x40, 0x0, 0x0,
    0x0, 0x0, 0x3, 0xfc, 0x0, 0xa, 0xfb, 0x99,
    0x99, 0x99, 0x99, 0x99, 0xbf, 0xc0, 0x0, 0xaf,
    0xff, 0xff, 0xff, 0xff, 0xff, 0xff, 0xfc, 0x0,
    0xa, 0xf4, 0x0, 0x9b, 0x0, 0x0, 0xc, 0x90,
    0x0, 0x0, 0xaf, 0x40, 0xa, 0xf6, 0x0, 0x6,
    0xfa, 0x0, 0x0, 0xa, 0xf4, 0x88, 0xac, 0x88,
    0x88, 0xef, 0x98, 0x81, 0x0, 0xbf, 0x3f, 0xff,
    0xff, 0xff, 0xff, 0xff, 0xff, 0x20, 0xb, 0xf3,
    0x0, 0x1f, 0xc0, 0x0, 0xdf, 0x10, 0x0, 0x0,
    0xcf, 0x10, 0x1, 0xfc, 0x0, 0xc, 0xf1, 0x0,
    0x0, 0xe, 0xf4, 0x88, 0x9f, 0xe8, 0x88, 0xef,
    0x98, 0x86, 0x1, 0xfe, 0x8f, 0xff, 0xff, 0xff,
    0xff, 0xff, 0xff, 0xb0, 0x4f, 0xa0, 0x0, 0x9f,
    0x70, 0x0, 0xdf, 0x10, 0x0, 0x8, 0xf6, 0x0,
    0x2f, 0xf2, 0x0, 0xc, 0xf1, 0x0, 0x0, 0xef,
    0x20, 0x3e, 0xf9, 0x0, 0x0, 0xcf, 0x10, 0x0,
    0x7f, 0xb0, 0x6f, 0xfb, 0x0, 0x0, 0xc, 0xf1,
    0x0, 0x1, 0xa4, 0x0, 0xc7, 0x0, 0x0, 0x0,
    0xcf, 0x10, 0x0, 0x0, 0x0, 0x0, 0x0, 0x0,
    0x0, 0x0, 0x0, 0x0, 0x0,

    /* U+5C71 "山" */
    0x0, 0x0, 0x0, 0xc, 0xc0, 0x0, 0x0, 0x0,
    0x0, 0x0, 0x0, 0x0, 0xff, 0x0, 0x0, 0x0,
    0x0, 0x0, 0x0, 0x0, 0xf, 0xf0, 0x0, 0x0,
    0x0, 0x0, 0x0, 0x0, 0x0, 0xff, 0x0, 0x0,
    0x0, 0x0, 0x44, 0x0, 0x0, 0xf, 0xf0, 0x0,
    0x0, 0x45, 0xf, 0xf0, 0x0, 0x0, 0xff, 0x0,
    0x0, 0xe, 0xf0, 0xff, 0x0, 0x0, 0xf, 0xf0,
    0x0, 0x0, 0xef, 0xf, 0xf0, 0x0, 0x0, 0xff,
    0x0, 0x0, 0xe, 0xf0, 0xff, 0x0, 0x0, 0xf,
    0xf0, 0x0, 0x0, 0xef, 0xf, 0xf0, 0x0, 0x0,
    0xff, 0x0, 0x0, 0xe, 0xf0, 0xff, 0x0, 0x0,
    0xf, 0xf0, 0x0, 0x0, 0xef, 0xf, 0xf0, 0x0,
    0x0, 0xff, 0x0, 0x0, 0xe, 0xf0, 0xff, 0x0,
    0x0, 0xf, 0xf0, 0x0, 0x0, 0xef, 0xf, 0xf0,
    0x0, 0x0, 0xff, 0x0, 0x0, 0xe, 0xf0, 0xff,
    0x0, 0x0, 0xf, 0xf0, 0x0, 0x0, 0xef, 0xf,
    0xfd, 0xdd, 0xde, 0xff, 0xdd, 0xdd, 0xdf, 0xf0,
    0xff, 0xff, 0xff, 0xff, 0xff, 0xff, 0xff, 0xff,
    0x0, 0x0, 0x0, 0x0, 0x0, 0x0, 0x0, 0xf,
    0xf0, 0x0, 0x0, 0x0, 0x0, 0x0, 0x0, 0x0,
    0xef, 0x0,

    /* U+5DE5 "工" */
    0x0, 0xee, 0xee, 0xee, 0xee, 0xee, 0xee, 0xee,
    0xee, 0x0, 0x0, 0xff, 0xff, 0xff, 0xff, 0xff,
    0xff, 0xff, 0xff, 0x0, 0x0, 0x0, 0x0, 0x0,
    0x2f, 0xf0, 0x0, 0x0, 0x0, 0x0, 0x0, 0x0,
    0x0, 0x0, 0x1f, 0xf0, 0x0, 0x0, 0x0, 0x0,
    0x0, 0x0, 0x0, 0x0, 0x1f, 0xf0, 0x0, 0x0,
    0x0, 0x0, 0x0, 0x0, 0x0, 0x0, 0x1f, 0xf0,
    0x0, 0x0, 0x0, 0x0, 0x0, 0x0, 0x0, 0x0,
    0x1f, 0xf0, 0x0, 0x0, 0x0, 0x0, 0x0, 0x0,
    0x0, 0x0, 0x1f, 0xf0, 0x0, 0x0, 0x0, 0x0,
    0x0, 0x0, 0x0, 0x0, 0x1f, 0xf0, 0x0, 0x0,
    0x0, 0x0, 0x0, 0x0, 0x0, 0x0, 0x1f, 0xf0,
    0x0, 0x0, 0x0, 0x0, 0x0, 0x0, 0x0, 0x0,
    0x1f, 0xf0, 0x0, 0x0, 0x0, 0x0, 0x0, 0x0,
    0x0, 0x0, 0x1f, 0xf0, 0x0, 0x0, 0x0, 0x0,
    0x0, 0x0, 0x0, 0x0, 0x1f, 0xf0, 0x0, 0x0,
    0x0, 0x0, 0xd, 0xdd, 0xdd, 0xdd, 0xef, 0xfd,
    0xdd, 0xdd, 0xdd, 0xd1, 0xf, 0xff, 0xff, 0xff,
    0xff, 0xff, 0xff, 0xff, 0xff, 0xf1, 0x0, 0x0,
    0x0, 0x0, 0x0, 0x0, 0x0, 0x0, 0x0, 0x0,

    /* U+5DF2 "已" */
    0xbd, 0xdd, 0xdd, 0xdd, 0xdd, 0xdd, 0xdd, 0xb0,
    0x0, 0xdf, 0xff, 0xff, 0xff, 0xff, 0xff, 0xff,
    0xe0, 0x0, 0x0, 0x0, 0x0, 0x0, 0x0, 0x0,
    0x1f, 0xe0, 0x0, 0x0, 0x0, 0x0, 0x0, 0x0,
    0x0, 0x1f, 0xe0, 0x0, 0x2, 0x10, 0x0, 0x0,
    0x0, 0x0, 0x1f, 0xe0, 0x0, 0x1f, 0xd0, 0x0,
    0x0, 0x0, 0x0, 0x1f, 0xe0, 0x0, 0x1f, 0xd0,
    0x0, 0x0, 0x0, 0x0, 0x1f, 0xe0, 0x0, 0x1f,
    0xff, 0xff, 0xff, 0xff, 0xff, 0xff, 0xe0, 0x0,
    0x1f, 0xfd, 0xdd, 0xdd, 0xdd, 0xdd, 0xef, 0xe0,
    0x0, 0x1f, 0xd0, 0x0, 0x0, 0x0, 0x0, 0xb,
    0xa0, 0x0, 0x1f, 0xd0, 0x0, 0x0, 0x0, 0x0,
    0x0, 0x0, 0x0, 0x1f, 0xd0, 0x0, 0x0, 0x0,
    0x0, 0x0, 0x1, 0x0, 0x1f, 0xd0, 0x0, 0x0,
    0x0, 0x0, 0x0, 0x8, 0xc3, 0x1f, 0xd0, 0x0,
    0x0, 0x0, 0x0, 0x0, 0xa, 0xf5, 0x1f, 0xe0,
    0x0, 0x0, 0x0, 0x0, 0x0, 0xd, 0xf3, 0xf,
    0xf3, 0x0, 0x0, 0x0, 0x0, 0x0, 0x6f, 0xe0,
    0xa, 0xff, 0xfe, 0xee, 0xee, 0xee, 0xef, 0xff,
    0x70, 0x1, 0x8d, 0xef, 0xff, 0xff, 0xff, 0xfe,
    0xc6, 0x0,

    /* U+5E27 "帧" */
    0x0, 0x8, 0x60, 0x0, 0x0, 0x0, 0x86, 0x0,
    0x0, 0x0, 0x0, 0xea, 0x0, 0x0, 0x0, 0x1f,
    0xb0, 0x0, 0x0, 0x0, 0xe, 0xa0, 0x0, 0x0,
    0x1, 0xff, 0xff, 0xff, 0x10, 0x0, 0xea, 0x0,
    0x0, 0x0, 0x1f, 0xea, 0xaa, 0xa0, 0x7f, 0xff,
    0xff, 0xf8, 0x0, 0x1, 0xfb, 0x0, 0x0, 0x7,
    0xf8, 0xfd, 0x8f, 0x81, 0xff, 0xff, 0xff, 0xff,
    0x10, 0x7e, 0xe, 0xa0, 0xe8, 0x1f, 0xda, 0xaa,
    0xae, 0xf1, 0x7, 0xe0, 0xea, 0xe, 0x81, 0xf8,
    0x0, 0x0, 0xaf, 0x10, 0x7e, 0xe, 0xa0, 0xe8,
    0x1f, 0x80, 0xed, 0xa, 0xf1, 0x7, 0xe0, 0xea,
    0xe, 0x81, 0xf8, 0xe, 0xd0, 0xaf, 0x10, 0x7e,
    0xe, 0xa0, 0xe8, 0x1f, 0x80, 0xed, 0xa, 0xf1,
    0x7, 0xe0, 0xea, 0xe, 0x81, 0xf8, 0xf, 0xd0,
    0xaf, 0x10, 0x7e, 0xe, 0xa0, 0xe8, 0x1f, 0x80,
    0xfc, 0xa, 0xf1, 0x7, 0xe0, 0xea, 0xaf, 0x61,
    0xf8, 0x3f, 0xa0, 0xaf, 0x10, 0x6b, 0xe, 0xa3,
    0x80, 0xc, 0x6a, 0xf4, 0x7, 0xb0, 0x0, 0x0,
    0xea, 0x0, 0x0, 0x7, 0xfd, 0x4c, 0x30, 0x0,
    0x0, 0xe, 0xa0, 0x0, 0x2b, 0xfe, 0x26, 0xff,
    0xa1, 0x0, 0x0, 0xea, 0x0, 0xcf, 0xfc, 0x10,
    0x1, 0xaf, 0xe2, 0x0, 0xe, 0xa0, 0x6, 0xc5,
    0x0, 0x0, 0x0, 0x6a, 0x0, 0x0, 0x0, 0x0,
    0x0, 0x0, 0x0, 0x0, 0x0, 0x0,

    /* U+5E38 "常" */
    0x0, 0x48, 0x0, 0x2, 0xec, 0x0, 0x6, 0x71,
    0x0, 0x0, 0xbf, 0x60, 0x2, 0xfd, 0x0, 0x2f,
    0xf2, 0x0, 0x0, 0x2f, 0xb0, 0x2, 0xfd, 0x0,
    0x8f, 0x40, 0x0, 0x9f, 0xff, 0xff, 0xff, 0xff,
    0xff, 0xff, 0xff, 0xf1, 0xaf, 0xba, 0xaa, 0xaa,
    0xaa, 0xaa, 0xaa, 0xae, 0xf1, 0xaf, 0x20, 0x11,
    0x11, 0x11, 0x11, 0x11, 0xc, 0xf1, 0xaf, 0x2b,
    0xff, 0xff, 0xff, 0xff, 0xff, 0x1c, 0xf1, 0x59,
    0x1b, 0xf6, 0x44, 0x44, 0x44, 0xef, 0x17, 0x91,
    0x0, 0xb, 0xf2, 0x0, 0x0, 0x0, 0xdf, 0x10,
    0x0, 0x0, 0xb, 0xff, 0xff, 0xff, 0xff, 0xff,
    0x10, 0x0, 0x0, 0x3, 0x55, 0x55, 0xff, 0x55,
    0x55, 0x0, 0x0, 0x0, 0x0, 0x0, 0x0, 0xff,
    0x0, 0x0, 0x0, 0x0, 0x4, 0xff, 0xff, 0xff,
    0xff, 0xff, 0xff, 0xfe, 0x0, 0x4, 0xfc, 0xaa,
    0xaa, 0xff, 0xaa, 0xaa, 0xfe, 0x0, 0x4, 0xf5,
    0x0, 0x0, 0xff, 0x0, 0x0, 0xee, 0x0, 0x4,
    0xf5, 0x0, 0x0, 0xff, 0x0, 0x0, 0xee, 0x0,
    0x4, 0xf5, 0x0, 0x0, 0xff, 0x7, 0xff, 0xfc,
    0x0, 0x2, 0x93, 0x0, 0x0, 0xff, 0x2, 0xbb,
    0x92, 0x0, 0x0, 0x0, 0x0, 0x0, 0xff, 0x0,
    0x0, 0x0, 0x0,

    /* U+5E40 "幀" */
    0x0, 0x8, 0x40, 0x0, 0x0, 0x6, 0x80, 0x0,
    0x0, 0x0, 0x1f, 0x80, 0x0, 0x0, 0xa, 0xf8,
    0x77, 0x75, 0x0, 0x1f, 0x80, 0x0, 0x0, 0xa,
    0xff, 0xff, 0xfb, 0x44, 0x6f, 0xa4, 0x40, 0x0,
    0xa, 0xf1, 0x0, 0x0, 0xef, 0xff, 0xff, 0xf0,
    0x68, 0x8d, 0xf8, 0x88, 0x80, 0xeb, 0x7f, 0xba,
    0xf0, 0xbf, 0xff, 0xff, 0xff, 0xf1, 0xe7, 0x1f,
    0x86, 0xf0, 0xbf, 0x0, 0x0, 0xb, 0xf1, 0xe7,
    0x1f, 0x86, 0xf0, 0xbf, 0x44, 0x44, 0x4c, 0xf1,
    0xe7, 0x1f, 0x86, 0xf0, 0xbf, 0xff, 0xff, 0xff,
    0xf1, 0xe7, 0x1f, 0x86, 0xf0, 0xbf, 0x0, 0x0,
    0xa, 0xf1, 0xe7, 0x1f, 0x86, 0xf0, 0xbf, 0x55,
    0x55, 0x5c, 0xf1, 0xe7, 0x1f, 0x86, 0xf0, 0xbf,
    0xff, 0xff, 0xff, 0xf1, 0xe7, 0x1f, 0x98, 0xf0,
    0xbf, 0x0, 0x0, 0xa, 0xf1, 0xe7, 0x1f, 0xcf,
    0xc0, 0xbf, 0x99, 0x99, 0x9d, 0xf1, 0x73, 0x1f,
    0x94, 0x0, 0xbf, 0xff, 0xff, 0xff, 0xf1, 0x0,
    0x1f, 0x80, 0x0, 0x8, 0x80, 0x1, 0xb3, 0x0,
    0x0, 0x1f, 0x80, 0x1, 0xbf, 0xd2, 0x3, 0xff,
    0x50, 0x0, 0x1f, 0x80, 0x5f, 0xfc, 0x10, 0x0,
    0x3e, 0xf5, 0x0, 0x1f, 0x80, 0x1c, 0x50, 0x0,
    0x0, 0x3, 0xc4,

    /* U+5E55 "幕" */
    0x0, 0x0, 0x4, 0xf8, 0x0, 0x0, 0xaf, 0x20,
    0x0, 0x0, 0x9, 0xcc, 0xcd, 0xfe, 0xcc, 0xcc,
    0xff, 0xdc, 0xcc, 0x90, 0x8, 0xbb, 0xbc, 0xfe,
    0xbb, 0xbb, 0xef, 0xcb, 0xbb, 0x80, 0x0, 0x1,
    0x14, 0xa7, 0x11, 0x11, 0x7a, 0x31, 0x10, 0x0,
    0x0, 0xc, 0xff, 0xff, 0xff, 0xff, 0xff, 0xff,
    0xe0, 0x0, 0x0, 0xc, 0xf1, 0x0, 0x0, 0x0,
    0x0, 0xf, 0xe0, 0x0, 0x0, 0xc, 0xff, 0xff,
    0xff, 0xff, 0xff, 0xff, 0xe0, 0x0, 0x0, 0xc,
    0xf3, 0x22, 0x22, 0x22, 0x22, 0x2f, 0xe0, 0x0,
    0x0, 0xc, 0xfb, 0xaa, 0xaa, 0xaa, 0xaa, 0xaf,
    0xe0, 0x0, 0x0, 0x6, 0x88, 0xbf, 0xd8, 0x88,
    0x88, 0x88, 0x80, 0x0, 0x7, 0x77, 0x77, 0xdf,
    0xa7, 0x77, 0x77, 0x77, 0x77, 0x60, 0xf, 0xff,
    0xff, 0xff, 0xff, 0xff, 0xff, 0xff, 0xff, 0xf0,
    0x0, 0x2, 0xdf, 0xb0, 0xf, 0xd0, 0x9, 0xfb,
    0x10, 0x0, 0x0, 0x6e, 0xff, 0x98, 0x8f, 0xe8,
    0x89, 0xff, 0xe6, 0x10, 0x2e, 0xfe, 0xff, 0xff,
    0xff, 0xff, 0xff, 0xff, 0xef, 0xf2, 0x9, 0x70,
    0xdf, 0x0, 0xf, 0xd0, 0x0, 0xcf, 0x15, 0x60,
    0x0, 0x0, 0xdf, 0x0, 0xf, 0xd0, 0x46, 0xef,
    0x0, 0x0, 0x0, 0x0, 0xdf, 0x0, 0xf, 0xd0,
    0x6e, 0xd8, 0x0, 0x0, 0x0, 0x0, 0x0, 0x0,
    0xf, 0xd0, 0x0, 0x0, 0x0, 0x0,

    /* U+5E73 "平" */
    0x0, 0xcc, 0xcc, 0xcc, 0xcc, 0xcc, 0xcc, 0xcc,
    0xcb, 0x0, 0x0, 0xff, 0xff, 0xff, 0xff, 0xff,
    0xff, 0xff, 0xfe, 0x0, 0x0, 0x11, 0x11, 0x11,
    0x1f, 0xf1, 0x11, 0x11, 0x11, 0x0, 0x0, 0x5,
    0xe5, 0x0, 0xf, 0xf0, 0x0, 0x5f, 0x90, 0x0,
    0x0, 0x3, 0xfc, 0x0, 0xf, 0xf0, 0x0, 0xbf,
    0x60, 0x0, 0x0, 0x0, 0xcf, 0x30, 0xf, 0xf0,
    0x2, 0xfe, 0x0, 0x0, 0x0, 0x0, 0x6f, 0x80,
    0xf, 0xf0, 0x9, 0xf6, 0x0, 0x0, 0x0, 0x0,
    0x2e, 0x70, 0xf, 0xf0, 0xb, 0xd0, 0x0, 0x0,
    0x0, 0x0, 0x0, 0x0, 0xf, 0xf0, 0x0, 0x10,
    0x0, 0x0, 0xf, 0xff, 0xff, 0xff, 0xff, 0xff,
    0xff, 0xff, 0xff, 0xf0, 0xd, 0xdd, 0xdd, 0xdd,
    0xdf, 0xfd, 0xdd, 0xdd, 0xdd, 0xd0, 0x0, 0x0,
    0x0, 0x0, 0xf, 0xf0, 0x0, 0x0, 0x0, 0x0,
    0x0, 0x0, 0x0, 0x0, 0xf, 0xf0, 0x0, 0x0,
    0x0, 0x0, 0x0, 0x0, 0x0, 0x0, 0xf, 0xf0,
    0x0, 0x0, 0x0, 0x0, 0x0, 0x0, 0x0, 0x0,
    0xf, 0xf0, 0x0, 0x0, 0x0, 0x0, 0x0, 0x0,
    0x0, 0x0, 0xf, 0xf0, 0x0, 0x0, 0x0, 0x0,
    0x0, 0x0, 0x0, 0x0, 0xf, 0xf0, 0x0, 0x0,
    0x0, 0x0, 0x0, 0x0, 0x0, 0x0, 0xf, 0xf0,
    0x0, 0x0, 0x0, 0x0,

    /* U+5E76 "并" */
    0x0, 0x0, 0x4b, 0x50, 0x0, 0x0, 0x5, 0xc7,
    0x0, 0x0, 0x0, 0x0, 0x4f, 0xe1, 0x0, 0x0,
    0xb, 0xf9, 0x0, 0x0, 0x0, 0x0, 0xa, 0xf9,
    0x0, 0x0, 0x2f, 0xf1, 0x0, 0x0, 0x0, 0x0,
    0x2, 0xfb, 0x0, 0x0, 0x9f, 0x80, 0x0, 0x0,
    0x3, 0xcc, 0xcc, 0xec, 0xcc, 0xcc, 0xff, 0xdc,
    0xcc, 0x50, 0x4, 0xff, 0xff, 0xff, 0xff, 0xff,
    0xff, 0xff, 0xff, 0x60, 0x0, 0x0, 0x7, 0xf8,
    0x0, 0x0, 0x7f, 0x90, 0x0, 0x0, 0x0, 0x0,
    0x7, 0xf7, 0x0, 0x0, 0x6f, 0x80, 0x0, 0x0,
    0x0, 0x0, 0x7, 0xf7, 0x0, 0x0, 0x6f, 0x80,
    0x0, 0x0, 0x0, 0x0, 0x7, 0xf8, 0x0, 0x0,
    0x7f, 0x90, 0x0, 0x0, 0xf, 0xff, 0xff, 0xff,
    0xff, 0xff, 0xff, 0xff, 0xff, 0xf0, 0xc, 0xcc,
    0xce, 0xfd, 0xcc, 0xcc, 0xef, 0xec, 0xcc, 0xc0,
    0x0, 0x0, 0xc, 0xf3, 0x0, 0x0, 0x6f, 0x80,
    0x0, 0x0, 0x0, 0x0, 0x1f, 0xf0, 0x0, 0x0,
    0x6f, 0x80, 0x0, 0x0, 0x0, 0x0, 0x9f, 0xa0,
    0x0, 0x0, 0x6f, 0x80, 0x0, 0x0, 0x0, 0x5,
    0xff, 0x30, 0x0, 0x0, 0x6f, 0x80, 0x0, 0x0,
    0x0, 0x6f, 0xf8, 0x0, 0x0, 0x0, 0x6f, 0x80,
    0x0, 0x0, 0x9, 0xff, 0xa0, 0x0, 0x0, 0x0,
    0x6f, 0x80, 0x0, 0x0, 0x2, 0xe6, 0x0, 0x0,
    0x0, 0x0, 0x6f, 0x80, 0x0, 0x0, 0x0, 0x0,
    0x0, 0x0, 0x0, 0x0, 0x0, 0x0, 0x0, 0x0,

    /* U+5E7E "幾" */
    0x0, 0x0, 0xa4, 0x0, 0x4f, 0x80, 0x1, 0xc3,
    0x0, 0x0, 0x0, 0x6, 0xf2, 0x0, 0x4f, 0x90,
    0x9, 0xe0, 0x0, 0x0, 0x0, 0xe, 0x90, 0x71,
    0x2f, 0xa0, 0x2f, 0x41, 0xe8, 0x0, 0x0, 0xad,
    0x7, 0xf5, 0x1f, 0xb0, 0xcb, 0x2a, 0xf2, 0x0,
    0x7, 0xfb, 0xaf, 0x80, 0xf, 0xc7, 0xff, 0xff,
    0x40, 0x0, 0x7, 0xdc, 0xfa, 0x34, 0xf, 0xd1,
    0x57, 0xf6, 0xb8, 0x0, 0x0, 0x1d, 0xb0, 0x9e,
    0xc, 0xf1, 0x5f, 0x93, 0xbf, 0x20, 0x3, 0xef,
    0xab, 0xdf, 0x69, 0xf7, 0xff, 0xff, 0xff, 0x90,
    0x5, 0xfd, 0xdc, 0x8c, 0xb6, 0xf7, 0x8a, 0xf6,
    0x8, 0x70, 0x0, 0x0, 0xcf, 0x11, 0x3, 0xfa,
    0x1, 0xaf, 0x40, 0x0, 0xf, 0xff, 0xff, 0xff,
    0xff, 0xff, 0xff, 0xff, 0xff, 0xf0, 0xa, 0xaa,
    0xff, 0xaa, 0xaa, 0xdf, 0xca, 0xab, 0xaa, 0xa0,
    0x0, 0x1, 0xfb, 0x0, 0x0, 0x5f, 0xa0, 0x6f,
    0x70, 0x0, 0x0, 0x5, 0xff, 0x90, 0x0, 0xf,
    0xf4, 0xff, 0x20, 0x0, 0x0, 0xa, 0xfd, 0xfd,
    0x10, 0x9, 0xff, 0xf6, 0x1, 0x20, 0x0, 0x2f,
    0xd0, 0x9f, 0xa0, 0x6, 0xff, 0x90, 0x3, 0xf3,
    0x0, 0xbf, 0x50, 0x6, 0x3, 0xbf, 0xff, 0xe3,
    0x7, 0xf2, 0xb, 0xfb, 0x0, 0x5, 0xcf, 0xfb,
    0x28, 0xff, 0xef, 0xd0, 0x9, 0xa0, 0x0, 0x3,
    0xea, 0x30, 0x0, 0x5c, 0xfd, 0x30, 0x0, 0x0,
    0x0, 0x0, 0x0, 0x0, 0x0, 0x0, 0x0, 0x0,

    /* U+5E8F "序" */
    0x0, 0x0, 0x0, 0x0, 0x3, 0xc9, 0x0, 0x0,
    0x0, 0x0, 0x0, 0x0, 0x0, 0x0, 0x1, 0xff,
    0x20, 0x0, 0x0, 0x0, 0x0, 0x8b, 0xbb, 0xbb,
    0xbb, 0xef, 0xdb, 0xbb, 0xbb, 0xb0, 0x0, 0xbf,
    0xff, 0xff, 0xff, 0xff, 0xff, 0xff, 0xff, 0xf1,
    0x0, 0xbf, 0x30, 0x0, 0x0, 0x0, 0x0, 0x0,
    0x0, 0x0, 0x0, 0xbf, 0x20, 0x99, 0x99, 0x99,
    0x99, 0x99, 0x60, 0x0, 0x0, 0xbf, 0x21, 0xff,
    0xff, 0xff, 0xff, 0xff, 0xe2, 0x0, 0x0, 0xbf,
    0x20, 0x0, 0x31, 0x0, 0x8, 0xfd, 0x20, 0x0,
    0x0, 0xbf, 0x20, 0x1, 0xef, 0xa5, 0xdf, 0x91,
    0x0, 0x0, 0x0, 0xbf, 0x10, 0x0, 0x17, 0xef,
    0xf9, 0x0, 0x0, 0x0, 0x0, 0xcf, 0x2a, 0xaa,
    0xaa, 0xbf, 0xff, 0xba, 0xaa, 0x60, 0x0, 0xdf,
    0x2f, 0xff, 0xff, 0xff, 0xff, 0xff, 0xff, 0x90,
    0x0, 0xfe, 0x0, 0x0, 0x0, 0x1f, 0xc0, 0x1,
    0xee, 0x10, 0x1, 0xfc, 0x0, 0x0, 0x0, 0x1f,
    0xc0, 0xa, 0xf5, 0x0, 0x4, 0xf9, 0x0, 0x0,
    0x0, 0x1f, 0xc0, 0x1b, 0x90, 0x0, 0x8, 0xf5,
    0x0, 0x0, 0x0, 0x1f, 0xc0, 0x0, 0x0, 0x0,
    0xd, 0xf1, 0x0, 0x0, 0x0, 0x1f, 0xc0, 0x0,
    0x0, 0x0, 0x4f, 0xb0, 0x0, 0x8, 0xbb, 0xcf,
    0xb0, 0x0, 0x0, 0x0, 0x19, 0x50, 0x0, 0x5,
    0xff, 0xeb, 0x20, 0x0, 0x0, 0x0, 0x0, 0x0,
    0x0, 0x0, 0x0, 0x0, 0x0, 0x0, 0x0, 0x0,

    /* U+5E93 "库" */
    0x0, 0x0, 0x0, 0x0, 0x6, 0xc5, 0x0, 0x0,
    0x0, 0x0, 0x0, 0x0, 0x0, 0x0, 0x4f, 0xd0,
    0x0, 0x0, 0x0, 0x0, 0xaf, 0xff, 0xff, 0xff,
    0xff, 0xff, 0xff, 0xff, 0xe0, 0xa, 0xfd, 0xcc,
    0xcc, 0xcc, 0xcc, 0xcc, 0xcc, 0xcc, 0x0, 0xaf,
    0x30, 0x0, 0xc, 0x91, 0x0, 0x0, 0x0, 0x0,
    0xa, 0xf3, 0x0, 0x3, 0xfe, 0x10, 0x0, 0x0,
    0x0, 0x0, 0xaf, 0x3e, 0xff, 0xff, 0xff, 0xff,
    0xff, 0xff, 0x20, 0xb, 0xf3, 0x9a, 0xcf, 0xea,
    0xaa, 0xaa, 0xaa, 0xa1, 0x0, 0xbf, 0x20, 0xa,
    0xf5, 0x1, 0x21, 0x0, 0x0, 0x0, 0xb, 0xf2,
    0x4, 0xfb, 0x0, 0x6f, 0x80, 0x0, 0x0, 0x0,
    0xcf, 0x22, 0xef, 0xca, 0xac, 0xfd, 0xaa, 0xa8,
    0x0, 0xd, 0xf0, 0xe, 0xff, 0xff, 0xff, 0xff,
    0xff, 0xc0, 0x0, 0xef, 0x0, 0x21, 0x0, 0x6,
    0xf8, 0x0, 0x0, 0x0, 0x1f, 0xd0, 0x0, 0x0,
    0x0, 0x6f, 0x80, 0x0, 0x0, 0x4, 0xfa, 0x5f,
    0xff, 0xff, 0xff, 0xff, 0xff, 0xff, 0xe0, 0x8f,
    0x64, 0xcc, 0xcc, 0xcc, 0xef, 0xec, 0xcc, 0xcb,
    0xe, 0xf3, 0x0, 0x0, 0x0, 0x6, 0xf8, 0x0,
    0x0, 0x4, 0xfc, 0x0, 0x0, 0x0, 0x0, 0x6f,
    0x80, 0x0, 0x0, 0x8, 0x60, 0x0, 0x0, 0x0,
    0x6, 0xf8, 0x0, 0x0, 0x0, 0x0, 0x0, 0x0,
    0x0, 0x0, 0x0, 0x0, 0x0, 0x0,

    /* U+5E94 "应" */
    0x0, 0x0, 0x0, 0x0, 0x0, 0x20, 0x0, 0x0,
    0x0, 0x0, 0x0, 0x0, 0x0, 0x0, 0x8, 0xf7,
    0x0, 0x0, 0x0, 0x0, 0x0, 0x0, 0x0, 0x0,
    0x3, 0xfe, 0x0, 0x0, 0x0, 0x0, 0x0, 0x7a,
    0xaa, 0xaa, 0xaa, 0xff, 0xba, 0xaa, 0xaa, 0x90,
    0x0, 0xbf, 0xff, 0xff, 0xff, 0xff, 0xff, 0xff,
    0xff, 0xe0, 0x0, 0xbf, 0x52, 0x22, 0x22, 0x22,
    0x22, 0x22, 0x22, 0x20, 0x0, 0xbf, 0x30, 0x0,
    0x2, 0x72, 0x0, 0x0, 0x94, 0x0, 0x0, 0xbf,
    0x31, 0x70, 0x7, 0xf6, 0x0, 0x3, 0xff, 0x0,
    0x0, 0xbf, 0x39, 0xf4, 0x2, 0xfb, 0x0, 0x8,
    0xfa, 0x0, 0x0, 0xbf, 0x34, 0xfa, 0x0, 0xef,
    0x0, 0xc, 0xf4, 0x0, 0x0, 0xbf, 0x20, 0xef,
    0x0, 0xaf, 0x30, 0x1f, 0xe0, 0x0, 0x0, 0xcf,
    0x20, 0x9f, 0x50, 0x6f, 0x70, 0x6f, 0x90, 0x0,
    0x0, 0xdf, 0x0, 0x4f, 0xa0, 0x3f, 0xb0, 0xcf,
    0x20, 0x0, 0x0, 0xef, 0x0, 0xf, 0xe0, 0xb,
    0x63, 0xfa, 0x0, 0x0, 0x1, 0xfd, 0x0, 0xb,
    0x90, 0x0, 0xa, 0xf2, 0x0, 0x0, 0x4, 0xfa,
    0x0, 0x0, 0x0, 0x0, 0x3f, 0xa0, 0x0, 0x0,
    0x8, 0xf7, 0x0, 0x0, 0x0, 0x0, 0xcf, 0x30,
    0x0, 0x0, 0xd, 0xf3, 0xcf, 0xff, 0xff, 0xff,
    0xff, 0xff, 0xff, 0xf2, 0x3f, 0xd0, 0x9c, 0xcc,
    0xcc, 0xcc, 0xcc, 0xcc, 0xcc, 0xc2, 0x4, 0x50,
    0x0, 0x0, 0x0, 0x0, 0x0, 0x0, 0x0, 0x0,

    /* U+5EA6 "度" */
    0x0, 0x0, 0x0, 0x0, 0x3, 0xc9, 0x0, 0x0,
    0x0, 0x0, 0x0, 0x0, 0x0, 0x0, 0x1, 0xff,
    0x10, 0x0, 0x0, 0x0, 0x0, 0xaf, 0xff, 0xff,
    0xff, 0xff, 0xff, 0xff, 0xff, 0xf1, 0x0, 0xaf,
    0xdc, 0xcc, 0xcc, 0xcc, 0xcc, 0xcc, 0xcc, 0xc0,
    0x0, 0xaf, 0x30, 0x1, 0xb7, 0x0, 0x0, 0xb9,
    0x0, 0x0, 0x0, 0xaf, 0x30, 0x2, 0xfa, 0x0,
    0x1, 0xfc, 0x0, 0x0, 0x0, 0xaf, 0x8f, 0xff,
    0xff, 0xff, 0xff, 0xff, 0xff, 0xd0, 0x0, 0xaf,
    0x57, 0x78, 0xfd, 0x77, 0x78, 0xfe, 0x77, 0x60,
    0x0, 0xaf, 0x20, 0x1, 0xfa, 0x0, 0x1, 0xfc,
    0x0, 0x0, 0x0, 0xbf, 0x20, 0x1, 0xff, 0xdd,
    0xdd, 0xfc, 0x0, 0x0, 0x0, 0xcf, 0x10, 0x1,
    0x88, 0x88, 0x88, 0x86, 0x0, 0x0, 0x0, 0xdf,
    0x7, 0x77, 0x77, 0x77, 0x77, 0x77, 0x71, 0x0,
    0x0, 0xfe, 0x1f, 0xff, 0xff, 0xff, 0xff, 0xff,
    0xf5, 0x0, 0x2, 0xfc, 0x0, 0x1e, 0xf4, 0x0,
    0x1, 0xbf, 0x90, 0x0, 0x5, 0xf9, 0x0, 0x3,
    0xff, 0x80, 0x4d, 0xfa, 0x0, 0x0, 0x9, 0xf5,
    0x0, 0x0, 0x2c, 0xff, 0xff, 0x60, 0x0, 0x0,
    0xe, 0xf1, 0x35, 0x7a, 0xdf, 0xff, 0xff, 0xea,
    0x74, 0x20, 0x4f, 0xa0, 0xbf, 0xff, 0xd8, 0x40,
    0x38, 0xef, 0xff, 0xe1, 0x2, 0x20, 0x25, 0x20,
    0x0, 0x0, 0x0, 0x1, 0x47, 0x40,

    /* U+5EFA "建" */
    0x0, 0x0, 0x0, 0x0, 0x0, 0x7, 0xf4, 0x0,
    0x0, 0x0, 0x9, 0xcc, 0xce, 0xa0, 0x55, 0x5b,
    0xf8, 0x55, 0x54, 0x0, 0xb, 0xee, 0xff, 0xa2,
    0xff, 0xff, 0xff, 0xff, 0xfd, 0x0, 0x0, 0x0,
    0xcf, 0x20, 0x11, 0x19, 0xf6, 0x11, 0xed, 0x0,
    0x0, 0x4, 0xfa, 0x1a, 0xaa, 0xad, 0xfb, 0xaa,
    0xff, 0xa1, 0x0, 0xc, 0xf2, 0x2d, 0xdd, 0xde,
    0xfe, 0xdd, 0xff, 0xd1, 0x0, 0x7f, 0x81, 0x0,
    0x0, 0x8, 0xf4, 0x0, 0xdd, 0x0, 0x5, 0xff,
    0xff, 0xe4, 0xdd, 0xde, 0xfe, 0xdd, 0xfd, 0x0,
    0x8, 0xc9, 0x9f, 0xc2, 0x99, 0x9c, 0xfb, 0x99,
    0x98, 0x0, 0x0, 0x0, 0x1f, 0x90, 0x11, 0x18,
    0xf5, 0x11, 0x11, 0x0, 0x5, 0xc0, 0x4f, 0x76,
    0xff, 0xff, 0xff, 0xff, 0xff, 0x30, 0x4, 0xf6,
    0x8f, 0x31, 0x44, 0x4a, 0xf7, 0x44, 0x44, 0x0,
    0x0, 0xdd, 0xee, 0x6, 0x66, 0x6b, 0xf9, 0x66,
    0x66, 0x50, 0x0, 0x5f, 0xf8, 0xf, 0xff, 0xff,
    0xff, 0xff, 0xff, 0xe0, 0x0, 0xe, 0xf9, 0x1,
    0x11, 0x18, 0xf5, 0x11, 0x11, 0x10, 0x0, 0x5f,
    0xff, 0x90, 0x0, 0x6, 0xc3, 0x0, 0x0, 0x0,
    0x0, 0xdf, 0x3b, 0xfe, 0x61, 0x0, 0x0, 0x0,
    0x0, 0x0, 0xb, 0xf9, 0x0, 0x8f, 0xff, 0xec,
    0xbb, 0xaa, 0xbb, 0xb3, 0x1d, 0xc0, 0x0, 0x1,
    0x6a, 0xde, 0xff, 0xff, 0xff, 0xf0, 0x1, 0x10,
    0x0, 0x0, 0x0, 0x0, 0x0, 0x0, 0x0, 0x0,

    /* U+5F00 "开" */
    0x3, 0xbb, 0xbb, 0xbb, 0xbb, 0xbb, 0xbb, 0xbb,
    0xbb, 0x50, 0x4, 0xff, 0xff, 0xff, 0xff, 0xff,
    0xff, 0xff, 0xff, 0x60, 0x0, 0x0, 0x5, 0xfa,
    0x0, 0x0, 0x4f, 0xc0, 0x0, 0x0, 0x0, 0x0,
    0x4, 0xf9, 0x0, 0x0, 0x3f, 0xb0, 0x0, 0x0,
    0x0, 0x0, 0x4, 0xf9, 0x0, 0x0, 0x3f, 0xb0,
    0x0, 0x0, 0x0, 0x0, 0x4, 0xf9, 0x0, 0x0,
    0x3f, 0xb0, 0x0, 0x0, 0x0, 0x0, 0x4, 0xf9,
    0x0, 0x0, 0x3f, 0xb0, 0x0, 0x0, 0xb, 0xbb,
    0xbc, 0xfe, 0xbb, 0xbb, 0xcf, 0xeb, 0xbb, 0xb0,
    0xf, 0xff, 0xff, 0xff, 0xff, 0xff, 0xff, 0xff,
    0xff, 0xf0, 0x1, 0x11, 0x19, 0xf8, 0x11, 0x11,
    0x4f, 0xc1, 0x11, 0x10, 0x0, 0x0, 0xb, 0xf4,
    0x0, 0x0, 0x3f, 0xb0, 0x0, 0x0, 0x0, 0x0,
    0xf, 0xf1, 0x0, 0x0, 0x3f, 0xb0, 0x0, 0x0,
    0x0, 0x0, 0x6f, 0xc0, 0x0, 0x0, 0x3f, 0xb0,
    0x0, 0x0, 0x0, 0x1, 0xef, 0x60, 0x0, 0x0,
    0x3f, 0xb0, 0x0, 0x0, 0x0, 0xb, 0xfd, 0x0,
    0x0, 0x0, 0x3f, 0xb0, 0x0, 0x0, 0x0, 0xaf,
    0xf3, 0x0, 0x0, 0x0, 0x3f, 0xb0, 0x0, 0x0,
    0xb, 0xff, 0x50, 0x0, 0x0, 0x0, 0x3f, 0xb0,
    0x0, 0x0, 0x1, 0xc3, 0x0, 0x0, 0x0, 0x0,
    0x3f, 0xb0, 0x0, 0x0, 0x0, 0x0, 0x0, 0x0,
    0x0, 0x0, 0x0, 0x0, 0x0, 0x0,

    /* U+5F0F "式" */
    0x0, 0x0, 0x0, 0x0, 0x0, 0x89, 0x10, 0x60,
    0x0, 0x0, 0x0, 0x0, 0x0, 0x0, 0xe, 0xf2,
    0x7f, 0xc1, 0x0, 0x0, 0x0, 0x0, 0x0, 0x0,
    0xdf, 0x20, 0x7f, 0xe1, 0x1, 0x11, 0x11, 0x11,
    0x11, 0x1d, 0xf3, 0x11, 0x88, 0x10, 0xef, 0xff,
    0xff, 0xff, 0xff, 0xff, 0xff, 0xff, 0xff, 0xb,
    0xcc, 0xcc, 0xcc, 0xcc, 0xce, 0xfd, 0xcc, 0xcc,
    0xc0, 0x0, 0x0, 0x0, 0x0, 0x0, 0x9f, 0x60,
    0x0, 0x0, 0x0, 0x0, 0x0, 0x0, 0x0, 0x8,
    0xf7, 0x0, 0x0, 0x0, 0x2c, 0xcc, 0xcc, 0xcc,
    0xc6, 0x6f, 0x90, 0x0, 0x0, 0x3, 0xff, 0xff,
    0xff, 0xff, 0x84, 0xfb, 0x0, 0x0, 0x0, 0x0,
    0x0, 0xdf, 0x0, 0x0, 0x2f, 0xd0, 0x0, 0x0,
    0x0, 0x0, 0xd, 0xf0, 0x0, 0x0, 0xff, 0x0,
    0x0, 0x0, 0x0, 0x0, 0xdf, 0x0, 0x0, 0xc,
    0xf4, 0x0, 0x0, 0x0, 0x0, 0xd, 0xf0, 0x0,
    0x0, 0x8f, 0x80, 0x3, 0x40, 0x0, 0x0, 0xdf,
    0x0, 0x36, 0x3, 0xfd, 0x0, 0x5f, 0x50, 0x0,
    0x2e, 0xfc, 0xff, 0xf2, 0xd, 0xf4, 0x6, 0xf4,
    0x7c, 0xff, 0xff, 0xfd, 0xa6, 0x0, 0x6f, 0xe2,
    0xaf, 0x19, 0xff, 0xc8, 0x51, 0x0, 0x0, 0x0,
    0xcf, 0xff, 0xc0, 0x23, 0x0, 0x0, 0x0, 0x0,
    0x0, 0x0, 0x9e, 0xd3, 0x0,

    /* U+5F53 "当" */
    0x0, 0x0, 0x0, 0xd, 0xd0, 0x0, 0x0, 0x10,
    0x3, 0xc8, 0x0, 0x0, 0xff, 0x0, 0x0, 0x6f,
    0xa0, 0x1e, 0xf2, 0x0, 0xf, 0xf0, 0x0, 0xd,
    0xf7, 0x0, 0x6f, 0xc0, 0x0, 0xff, 0x0, 0x4,
    0xfe, 0x0, 0x0, 0xdf, 0x30, 0xf, 0xf0, 0x0,
    0xdf, 0x50, 0x0, 0x6, 0xf6, 0x0, 0xff, 0x0,
    0x4f, 0xb0, 0x0, 0x0, 0x1, 0x0, 0xf, 0xf0,
    0x0, 0x21, 0x0, 0x1, 0xdd, 0xdd, 0xde, 0xff,
    0xed, 0xdd, 0xdd, 0xa0, 0x2f, 0xff, 0xff, 0xff,
    0xff, 0xff, 0xff, 0xfc, 0x0, 0x0, 0x0, 0x0,
    0x0, 0x0, 0x0, 0x4f, 0xc0, 0x0, 0x0, 0x0,
    0x0, 0x0, 0x0, 0x4, 0xfc, 0x0, 0x5c, 0xcc,
    0xcc, 0xcc, 0xcc, 0xcc, 0xdf, 0xc0, 0x7, 0xff,
    0xff, 0xff, 0xff, 0xff, 0xff, 0xfc, 0x0, 0x0,
    0x0, 0x0, 0x0, 0x0, 0x0, 0x4f, 0xc0, 0x0,
    0x0, 0x0, 0x0, 0x0, 0x0, 0x4, 0xfc, 0x0,
    0x0, 0x0, 0x0, 0x0, 0x0, 0x0, 0x4f, 0xc0,
    0x8f, 0xff, 0xff, 0xff, 0xff, 0xff, 0xff, 0xfc,
    0x7, 0xdd, 0xdd, 0xdd, 0xdd, 0xdd, 0xdd, 0xef,
    0xc0, 0x0, 0x0, 0x0, 0x0, 0x0, 0x0, 0x4,
    0xfc, 0x0,

    /* U+5F55 "录" */
    0x5, 0xcc, 0xcc, 0xcc, 0xcc, 0xcc, 0xcd, 0xd8,
    0x0, 0x0, 0x6f, 0xff, 0xff, 0xff, 0xff, 0xff,
    0xff, 0xa0, 0x0, 0x0, 0x0, 0x0, 0x0, 0x0,
    0x0, 0x7, 0xf9, 0x0, 0x0, 0x8, 0xaa, 0xaa,
    0xaa, 0xaa, 0xaa, 0xdf, 0x80, 0x0, 0x0, 0xcf,
    0xff, 0xff, 0xff, 0xff, 0xff, 0xf7, 0x0, 0x0,
    0x0, 0x0, 0x0, 0x0, 0x0, 0x0, 0xaf, 0x60,
    0x0, 0x59, 0x99, 0x99, 0x99, 0x99, 0x99, 0x9d,
    0xfb, 0x98, 0x9, 0xff, 0xff, 0xff, 0xff, 0xff,
    0xff, 0xff, 0xff, 0xe0, 0x1, 0x43, 0x11, 0x11,
    0xff, 0x11, 0x11, 0x37, 0x11, 0x0, 0x2f, 0xf7,
    0x0, 0xf, 0xf8, 0x0, 0x2e, 0xf6, 0x0, 0x0,
    0x6f, 0xfb, 0x0, 0xff, 0xf2, 0x4f, 0xf9, 0x0,
    0x0, 0x0, 0x2d, 0xf3, 0x1f, 0xff, 0xef, 0xf5,
    0x0, 0x0, 0x0, 0x0, 0x6, 0x9f, 0xff, 0x8f,
    0xf3, 0x0, 0x0, 0x0, 0x0, 0x5c, 0xff, 0xdf,
    0xf0, 0xbf, 0xe4, 0x0, 0x0, 0x28, 0xef, 0xfc,
    0x50, 0xff, 0x0, 0xaf, 0xfa, 0x30, 0x5, 0xff,
    0xb4, 0x0, 0xf, 0xf0, 0x0, 0x6f, 0xff, 0xc0,
    0x8, 0x20, 0x8, 0x9a, 0xfd, 0x0, 0x0, 0x19,
    0xf6, 0x0, 0x0, 0x0, 0x7f, 0xfc, 0x50, 0x0,
    0x0, 0x0, 0x0,

    /* U+5F71 "影" */
    0x2, 0x22, 0x22, 0x22, 0x22, 0x0, 0x0, 0x4,
    0x20, 0x0, 0xff, 0xff, 0xff, 0xff, 0xf4, 0x0,
    0x4, 0xfe, 0x10, 0xf, 0xc0, 0x0, 0x0, 0x9f,
    0x40, 0x5, 0xff, 0x30, 0x0, 0xff, 0xff, 0xff,
    0xff, 0xf4, 0xa, 0xff, 0x30, 0x0, 0xf, 0xd1,
    0x11, 0x11, 0x9f, 0x5e, 0xfc, 0x20, 0x0, 0x0,
    0xff, 0xff, 0xff, 0xff, 0xf4, 0x58, 0x0, 0x1,
    0x0, 0x4, 0x44, 0x8e, 0x74, 0x44, 0x10, 0x0,
    0x6, 0xf8, 0x8, 0x88, 0x8c, 0xfd, 0x88, 0x88,
    0x0, 0x5, 0xfe, 0x10, 0xef, 0xff, 0xff, 0xff,
    0xff, 0xf0, 0x8, 0xfe, 0x20, 0x0, 0x11, 0x11,
    0x11, 0x11, 0x10, 0x2c, 0xfe, 0x20, 0x0, 0xc,
    0xff, 0xff, 0xff, 0xff, 0x1e, 0xfa, 0x10, 0x0,
    0x0, 0xcf, 0x22, 0x22, 0x2d, 0xf0, 0x36, 0x0,
    0x1, 0x0, 0xc, 0xf5, 0x55, 0x55, 0xdf, 0x0,
    0x0, 0x1, 0xee, 0x10, 0xbf, 0xff, 0xff, 0xff,
    0xf0, 0x0, 0x0, 0xbf, 0x80, 0x2, 0x82, 0x5f,
    0x73, 0x80, 0x0, 0x0, 0xaf, 0xc0, 0x0, 0xbf,
    0x25, 0xf7, 0x7f, 0x50, 0x1, 0xbf, 0xd1, 0x0,
    0x5f, 0x90, 0x5f, 0x70, 0xdd, 0x4, 0xef, 0xc1,
    0x0, 0xa, 0xd2, 0x8b, 0xf6, 0x6, 0xe9, 0xff,
    0xa0, 0x0, 0x0, 0x1, 0xd, 0xfc, 0x10, 0x0,
    0xa, 0x50, 0x0, 0x0, 0x0,

    /* U+5F85 "待" */
    0x0, 0x0, 0x0, 0x0, 0x0, 0x0, 0x0, 0x0,
    0x0, 0x0, 0x0, 0x0, 0xab, 0x20, 0x0, 0x3,
    0xfa, 0x0, 0x0, 0x0, 0x0, 0x8, 0xfc, 0x0,
    0x0, 0x3, 0xfa, 0x0, 0x0, 0x0, 0x0, 0x9f,
    0xd1, 0x5, 0xaa, 0xab, 0xfe, 0xaa, 0xaa, 0x10,
    0x1c, 0xfd, 0x20, 0x8, 0xff, 0xff, 0xff, 0xff,
    0xff, 0x10, 0x2f, 0xb1, 0x17, 0x10, 0x11, 0x14,
    0xfa, 0x11, 0x11, 0x0, 0x4, 0x0, 0xaf, 0x70,
    0x0, 0x3, 0xfa, 0x0, 0x0, 0x0, 0x0, 0x6,
    0xfc, 0x7a, 0xaa, 0xac, 0xfe, 0xaa, 0xaa, 0xa1,
    0x0, 0x3f, 0xf3, 0xaf, 0xff, 0xff, 0xff, 0xff,
    0xff, 0xf1, 0x4, 0xff, 0xf1, 0x0, 0x0, 0x0,
    0x0, 0x7f, 0x70, 0x0, 0x5f, 0xff, 0xf1, 0x0,
    0x0, 0x0, 0x0, 0x7f, 0x60, 0x0, 0x6f, 0x9a,
    0xf1, 0x5c, 0xcc, 0xcc, 0xcc, 0xef, 0xec, 0xc0,
    0x7, 0xa, 0xf1, 0x6f, 0xff, 0xff, 0xff, 0xff,
    0xff, 0xe0, 0x0, 0xa, 0xf1, 0x0, 0x26, 0x0,
    0x0, 0x7f, 0x60, 0x0, 0x0, 0xa, 0xf1, 0x0,
    0xdf, 0x50, 0x0, 0x7f, 0x60, 0x0, 0x0, 0xa,
    0xf1, 0x0, 0x3f, 0xe1, 0x0, 0x7f, 0x60, 0x0,
    0x0, 0xa, 0xf1, 0x0, 0x9, 0xf9, 0x0, 0x7f,
    0x60, 0x0, 0x0, 0xa, 0xf1, 0x0, 0x1, 0xb3,
    0x0, 0x7f, 0x60, 0x0, 0x0, 0xa, 0xf1, 0x0,
    0x0, 0x3, 0xcb, 0xef, 0x40, 0x0, 0x0, 0xa,
    0xf1, 0x0, 0x0, 0x0, 0xff, 0xe9, 0x0, 0x0,
    0x0, 0x0, 0x0, 0x0, 0x0, 0x0, 0x0, 0x0,
    0x0, 0x0,

    /* U+5F8C "後" */
    0x0, 0x0, 0x99, 0x10, 0x0, 0x1a, 0x50, 0x0,
    0x0, 0x0, 0x0, 0x7, 0xfb, 0x0, 0x0, 0xcf,
    0x80, 0x0, 0x0, 0x0, 0x0, 0x6f, 0xd0, 0x0,
    0xb, 0xf7, 0x0, 0x3d, 0x60, 0x0, 0x8, 0xfe,
    0x20, 0x3, 0xdf, 0x50, 0x6, 0xff, 0x40, 0x0,
    0x1f, 0xd1, 0x29, 0x3e, 0xff, 0xef, 0xff, 0xd2,
    0x0, 0x0, 0x4, 0x10, 0xcf, 0x57, 0xa8, 0xbf,
    0xfa, 0x2a, 0x60, 0x0, 0x0, 0x7, 0xfc, 0x0,
    0x8, 0xfe, 0x40, 0xd, 0xf3, 0x0, 0x0, 0x3f,
    0xf3, 0x5, 0xdf, 0xd6, 0x66, 0x7b, 0xfe, 0x0,
    0x4, 0xff, 0xf1, 0x5f, 0xff, 0xff, 0xff, 0xfe,
    0xdf, 0x90, 0x3f, 0xff, 0xf1, 0x8, 0x66, 0xff,
    0x30, 0x0, 0xd, 0xd0, 0x1e, 0x8b, 0xf1, 0x0,
    0xc, 0xfc, 0x77, 0x77, 0x62, 0x0, 0x2, 0xb,
    0xf1, 0x1, 0xcf, 0xff, 0xff, 0xff, 0xf3, 0x0,
    0x0, 0xb, 0xf1, 0x5f, 0xff, 0xb0, 0x0, 0x7f,
    0xa0, 0x0, 0x0, 0xb, 0xf1, 0xcf, 0x77, 0xf9,
    0x5, 0xfe, 0x10, 0x0, 0x0, 0xb, 0xf1, 0x13,
    0x0, 0x9f, 0xcf, 0xf3, 0x0, 0x0, 0x0, 0xb,
    0xf1, 0x0, 0x0, 0x4f, 0xff, 0x90, 0x0, 0x0,
    0x0, 0xb, 0xf1, 0x1, 0x6d, 0xff, 0xbf, 0xfe,
    0x83, 0x0, 0x0, 0xb, 0xf2, 0xdf, 0xff, 0xb3,
    0x1, 0x9f, 0xff, 0xf3, 0x0, 0xb, 0xf1, 0x9c,
    0x72, 0x0, 0x0, 0x1, 0x6b, 0xa0, 0x0, 0x0,
    0x0, 0x0, 0x0, 0x0, 0x0, 0x0, 0x0, 0x0,

    /* U+5FA9 "復" */
    0x0, 0x0, 0xa8, 0x0, 0x1c, 0x80, 0x0, 0x0,
    0x0, 0x0, 0x0, 0x8, 0xfa, 0x0, 0x8f, 0x90,
    0x0, 0x0, 0x0, 0x0, 0x0, 0x7f, 0xc0, 0x0,
    0xef, 0xff, 0xff, 0xff, 0xff, 0xe0, 0x9, 0xfd,
    0x10, 0x9, 0xfc, 0x99, 0x99, 0x99, 0x99, 0x90,
    0x3f, 0xb1, 0x28, 0x6f, 0xf4, 0x33, 0x33, 0x33,
    0x32, 0x0, 0x5, 0x0, 0xcf, 0xdf, 0xdf, 0xff,
    0xff, 0xff, 0xfb, 0x0, 0x0, 0x7, 0xfa, 0x3,
    0x9f, 0x10, 0x0, 0x1, 0xfb, 0x0, 0x0, 0x4f,
    0xf1, 0x0, 0x9f, 0xff, 0xff, 0xff, 0xfb, 0x0,
    0x4, 0xff, 0xf1, 0x0, 0x9f, 0x43, 0x33, 0x34,
    0xfb, 0x0, 0x4f, 0xff, 0xf1, 0x0, 0x9f, 0x54,
    0x44, 0x45, 0xfb, 0x0, 0x4f, 0x7b, 0xf1, 0x0,
    0x9f, 0xff, 0xff, 0xff, 0xfa, 0x0, 0x3, 0xb,
    0xf1, 0x0, 0x3, 0xfd, 0x10, 0x0, 0x0, 0x0,
    0x0, 0xb, 0xf1, 0x0, 0x2e, 0xff, 0xff, 0xff,
    0xf8, 0x0, 0x0, 0xb, 0xf1, 0x6, 0xff, 0xf6,
    0x44, 0x5f, 0xf2, 0x0, 0x0, 0xb, 0xf1, 0x8f,
    0xd6, 0xfe, 0x32, 0xdf, 0x60, 0x0, 0x0, 0xb,
    0xf1, 0x7, 0x0, 0x4f, 0xff, 0xf5, 0x0, 0x0,
    0x0, 0xb, 0xf1, 0x0, 0x16, 0xbf, 0xff, 0xfa,
    0x51, 0x0, 0x0, 0xb, 0xf1, 0x9e, 0xff, 0xfa,
    0x45, 0xdf, 0xff, 0xe2, 0x0, 0xb, 0xf1, 0x5c,
    0x95, 0x10, 0x0, 0x3, 0x7b, 0x90,

    /* U+5FC5 "必" */
    0x0, 0x0, 0x0, 0x2, 0x0, 0x0, 0x0, 0x0,
    0x0, 0x0, 0x0, 0x0, 0x0, 0x6f, 0x80, 0x0,
    0x0, 0x0, 0x0, 0x0, 0x0, 0x0, 0x0, 0x4e,
    0xfd, 0x20, 0x0, 0xc, 0xd3, 0x0, 0x0, 0x0,
    0x0, 0x1, 0xbf, 0xf5, 0x0, 0x5f, 0xe0, 0x0,
    0x0, 0x0, 0x0, 0x0, 0x8, 0xfe, 0x10, 0xdf,
    0x50, 0x0, 0x0, 0x0, 0x0, 0xaa, 0x0, 0x54,
    0x9, 0xfc, 0x0, 0x0, 0x0, 0x26, 0x20, 0xff,
    0x0, 0x0, 0x4f, 0xf2, 0x0, 0x0, 0x0, 0x8f,
    0x60, 0xff, 0x0, 0x1, 0xef, 0x54, 0x40, 0x0,
    0x0, 0xbf, 0x20, 0xff, 0x0, 0xd, 0xf9, 0x3f,
    0xe0, 0x0, 0x0, 0xfe, 0x0, 0xff, 0x0, 0xbf,
    0xb0, 0xa, 0xf8, 0x0, 0x4, 0xfb, 0x0, 0xff,
    0xb, 0xfc, 0x0, 0x2, 0xff, 0x20, 0xa, 0xf5,
    0x0, 0xff, 0xbf, 0xd1, 0x0, 0x0, 0x9f, 0x90,
    0x2f, 0xe0, 0x0, 0xff, 0xfc, 0x10, 0x0, 0x0,
    0x2f, 0xf0, 0x6, 0x60, 0x4, 0xff, 0xb0, 0x0,
    0x0, 0x40, 0xb, 0xf4, 0x0, 0x0, 0x9f, 0xff,
    0x0, 0x0, 0x0, 0xde, 0x2, 0x10, 0x0, 0x6e,
    0xfe, 0xff, 0x0, 0x0, 0x0, 0xfe, 0x0, 0x0,
    0x2d, 0xff, 0x80, 0xff, 0x10, 0x0, 0x4, 0xfc,
    0x0, 0x0, 0xa, 0xb2, 0x0, 0xcf, 0xfe, 0xee,
    0xef, 0xf6, 0x0, 0x0, 0x0, 0x0, 0x0, 0x3c,
    0xff, 0xff, 0xfe, 0x90, 0x0, 0x0,

    /* U+5FD7 "志" */
    0x0, 0x0, 0x0, 0x0, 0xa, 0xa0, 0x0, 0x0,
    0x0, 0x0, 0x0, 0x0, 0x0, 0x0, 0xf, 0xf0,
    0x0, 0x0, 0x0, 0x0, 0x0, 0x0, 0x0, 0x0,
    0x1f, 0xf0, 0x0, 0x0, 0x0, 0x0, 0xe, 0xff,
    0xff, 0xff, 0xff, 0xff, 0xff, 0xff, 0xff, 0xf0,
    0xb, 0xcc, 0xcc, 0xcc, 0xcf, 0xfc, 0xcc, 0xcc,
    0xcc, 0xb0, 0x0, 0x0, 0x0, 0x0, 0xf, 0xf0,
    0x0, 0x0, 0x0, 0x0, 0x0, 0x0, 0x0, 0x0,
    0xf, 0xf0, 0x0, 0x0, 0x0, 0x0, 0x0, 0x12,
    0x22, 0x22, 0x2f, 0xf2, 0x22, 0x22, 0x21, 0x0,
    0x0, 0x9f, 0xff, 0xff, 0xff, 0xff, 0xff, 0xff,
    0xfb, 0x0, 0x0, 0x6a, 0xaa, 0xaa, 0xaa, 0xaa,
    0xaa, 0xaa, 0xa7, 0x0, 0x0, 0x0, 0x0, 0x1,
    0xd9, 0x0, 0x0, 0x0, 0x0, 0x0, 0x0, 0x0,
    0x0, 0x2, 0xcf, 0xd3, 0x0, 0x0, 0x0, 0x0,
    0x0, 0x12, 0x6, 0x91, 0x9, 0xff, 0x40, 0x4,
    0x50, 0x0, 0x0, 0x8f, 0x5a, 0xf2, 0x0, 0x6f,
    0xf1, 0x1f, 0xf1, 0x0, 0x0, 0xcf, 0x1a, 0xf2,
    0x0, 0x5, 0x40, 0x8, 0xf9, 0x0, 0x3, 0xfc,
    0xa, 0xf2, 0x0, 0x0, 0x2, 0xc5, 0xef, 0x10,
    0xa, 0xf6, 0xa, 0xf3, 0x0, 0x0, 0x5, 0xf7,
    0x8f, 0x80, 0xa, 0xe0, 0x8, 0xfd, 0xbb, 0xbb,
    0xbe, 0xf3, 0x2f, 0xb0, 0x0, 0x10, 0x1, 0xbe,
    0xff, 0xff, 0xfe, 0x80, 0x2, 0x0,

    /* U+5FD8 "忘" */
    0x0, 0x0, 0x0, 0x0, 0x0, 0x0, 0x0, 0x0,
    0x0, 0x0, 0x0, 0x0, 0x0, 0x0, 0x4d, 0x70,
    0x0, 0x0, 0x0, 0x0, 0x0, 0x0, 0x0, 0x0,
    0x1f, 0xe0, 0x0, 0x0, 0x0, 0x0, 0xa, 0xaa,
    0xaa, 0xaa, 0xae, 0xfc, 0xaa, 0xaa, 0xaa, 0x50,
    0xe, 0xff, 0xff, 0xff, 0xff, 0xff, 0xff, 0xff,
    0xff, 0x70, 0x0, 0x5, 0xf9, 0x0, 0x0, 0x0,
    0x0, 0x0, 0x0, 0x0, 0x0, 0x4, 0xf8, 0x0,
    0x0, 0x0, 0x0, 0x0, 0x0, 0x0, 0x0, 0x4,
    0xf8, 0x0, 0x0, 0x0, 0x0, 0x0, 0x0, 0x0,
    0x0, 0x4, 0xfd, 0x99, 0x99, 0x99, 0x99, 0x99,
    0x96, 0x0, 0x0, 0x4, 0xff, 0xff, 0xff, 0xff,
    0xff, 0xff, 0xfa, 0x0, 0x0, 0x0, 0x22, 0x22,
    0x23, 0x22, 0x22, 0x22, 0x21, 0x0, 0x0, 0x0,
    0x0, 0x0, 0x7f, 0x30, 0x0, 0x0, 0x0, 0x0,
    0x0, 0x0, 0x0, 0x0, 0x5f, 0xd1, 0x0, 0x0,
    0x0, 0x0, 0x0, 0x0, 0x2, 0x30, 0x9, 0xf9,
    0x0, 0x3, 0x90, 0x0, 0x0, 0x8d, 0x2b, 0xf2,
    0x0, 0xef, 0x20, 0x7, 0xf7, 0x0, 0x0, 0xef,
    0x1b, 0xf2, 0x0, 0x5d, 0x30, 0x0, 0xef, 0x10,
    0x5, 0xfa, 0xb, 0xf2, 0x0, 0x0, 0x0, 0xb4,
    0x7f, 0x60, 0xd, 0xf3, 0xb, 0xf3, 0x0, 0x0,
    0x3, 0xfa, 0x1f, 0xc0, 0x2d, 0xb0, 0x9, 0xfd,
    0xbb, 0xbb, 0xbe, 0xf6, 0xa, 0x70, 0x0, 0x10,
    0x2, 0xbe, 0xff, 0xff, 0xfe, 0xa0, 0x0, 0x0,

    /* U+5FD9 "忙" */
    0x0, 0x5, 0x80, 0x0, 0x0, 0x1, 0x60, 0x0,
    0x0, 0x0, 0x0, 0xa, 0xf0, 0x0, 0x0, 0x8,
    0xfb, 0x0, 0x0, 0x0, 0x0, 0xa, 0xf0, 0x0,
    0x0, 0x0, 0xbf, 0x80, 0x0, 0x0, 0x0, 0xa,
    0xf4, 0x10, 0x0, 0x0, 0x1c, 0x50, 0x0, 0x0,
    0x9, 0xba, 0xfd, 0x89, 0xcc, 0xcc, 0xcc, 0xcc,
    0xcc, 0xc0, 0xb, 0xba, 0xf8, 0xec, 0xff, 0xff,
    0xff, 0xff, 0xff, 0xf1, 0xd, 0x9a, 0xf2, 0xf4,
    0xe, 0xf1, 0x0, 0x0, 0x0, 0x0, 0x1f, 0x6a,
    0xf0, 0xa2, 0xd, 0xf0, 0x0, 0x0, 0x0, 0x0,
    0x5f, 0x3a, 0xf0, 0x0, 0xd, 0xf0, 0x0, 0x0,
    0x0, 0x0, 0x29, 0xa, 0xf0, 0x0, 0xd, 0xf0,
    0x0, 0x0, 0x0, 0x0, 0x0, 0xa, 0xf0, 0x0,
    0xd, 0xf0, 0x0, 0x0, 0x0, 0x0, 0x0, 0xa,
    0xf0, 0x0, 0xd, 0xf0, 0x0, 0x0, 0x0, 0x0,
    0x0, 0xa, 0xf0, 0x0, 0xd, 0xf0, 0x0, 0x0,
    0x0, 0x0, 0x0, 0xa, 0xf0, 0x0, 0xd, 0xf0,
    0x0, 0x0, 0x0, 0x0, 0x0, 0xa, 0xf0, 0x0,
    0xd, 0xf0, 0x0, 0x0, 0x0, 0x0, 0x0, 0xa,
    0xf0, 0x0, 0xd, 0xf1, 0x0, 0x0, 0x0, 0x0,
    0x0, 0xa, 0xf0, 0x0, 0xd, 0xff, 0xff, 0xff,
    0xff, 0xc0, 0x0, 0xa, 0xf0, 0x0, 0x8, 0x99,
    0x99, 0x99, 0x99, 0x70, 0x0, 0xa, 0xf0, 0x0,
    0x0, 0x0, 0x0, 0x0, 0x0, 0x0,

    /* U+5FDC "応" */
    0x0, 0x0, 0x0, 0x0, 0x0, 0x0, 0x0, 0x0,
    0x0, 0x0, 0x0, 0x0, 0x0, 0x0, 0xb, 0xe1,
    0x0, 0x0, 0x0, 0x0, 0x0, 0x0, 0x0, 0x0,
    0x8, 0xfb, 0x0, 0x0, 0x0, 0x0, 0x0, 0x69,
    0x99, 0x99, 0x9a, 0xff, 0xa9, 0x99, 0x99, 0x90,
    0x0, 0xaf, 0xff, 0xff, 0xff, 0xff, 0xff, 0xff,
    0xff, 0xf1, 0x0, 0xaf, 0x52, 0x22, 0x24, 0x32,
    0x22, 0x22, 0x22, 0x20, 0x0, 0xaf, 0x30, 0x0,
    0x1d, 0xd3, 0x0, 0x0, 0x0, 0x0, 0x0, 0xaf,
    0x30, 0x0, 0x2d, 0xff, 0x80, 0x0, 0x0, 0x0,
    0x0, 0xbf, 0x30, 0x0, 0x0, 0x8f, 0xfc, 0x10,
    0x0, 0x0, 0x0, 0xbf, 0x30, 0x0, 0x0, 0x4,
    0xef, 0x80, 0x0, 0x0, 0x0, 0xbf, 0x20, 0x0,
    0xaf, 0x20, 0x28, 0x0, 0x0, 0x0, 0x0, 0xcf,
    0x21, 0x10, 0xbf, 0x20, 0x0, 0x5, 0x90, 0x0,
    0x0, 0xdf, 0x8, 0xf2, 0xbf, 0x20, 0x0, 0xb,
    0xf5, 0x0, 0x0, 0xef, 0xa, 0xf0, 0xbf, 0x20,
    0x0, 0x3, 0xfd, 0x0, 0x0, 0xfd, 0xd, 0xd0,
    0xbf, 0x20, 0x0, 0x0, 0xbf, 0x60, 0x3, 0xfa,
    0x1f, 0xb0, 0xbf, 0x20, 0x0, 0xa7, 0x4f, 0xc0,
    0x6, 0xf7, 0x5f, 0x70, 0xbf, 0x20, 0x0, 0xce,
    0xe, 0xf2, 0xc, 0xf3, 0xbf, 0x20, 0xbf, 0x20,
    0x0, 0xec, 0x9, 0xf5, 0x2f, 0xe0, 0x5, 0x0,
    0x9f, 0xdb, 0xbc, 0xf8, 0x3, 0x30, 0x2d, 0x70,
    0x0, 0x0, 0x2c, 0xff, 0xff, 0xc1, 0x0, 0x0,
    0x0, 0x10, 0x0, 0x0, 0x0, 0x0, 0x0, 0x0,
    0x0, 0x0,

    /* U+6001 "态" */
    0x0, 0x0, 0x0, 0x0, 0x4, 0x40, 0x0, 0x0,
    0x0, 0x0, 0x0, 0x0, 0x0, 0x0, 0xf, 0xf0,
    0x0, 0x0, 0x0, 0x0, 0x0, 0x0, 0x0, 0x0,
    0x4f, 0xc0, 0x0, 0x0, 0x0, 0x0, 0xf, 0xff,
    0xff, 0xff, 0xff, 0xff, 0xff, 0xff, 0xff, 0xf0,
    0xa, 0xbb, 0xbb, 0xbb, 0xff, 0xff, 0xcb, 0xbb,
    0xbb, 0xb0, 0x0, 0x0, 0x0, 0x3, 0xfe, 0x8f,
    0x90, 0x0, 0x0, 0x0, 0x0, 0x0, 0x0, 0xb,
    0xf7, 0xe, 0xf3, 0x0, 0x0, 0x0, 0x0, 0x0,
    0x0, 0x8f, 0xe1, 0x6, 0xff, 0x30, 0x0, 0x0,
    0x0, 0x0, 0x9, 0xff, 0x66, 0x0, 0x9f, 0xf6,
    0x0, 0x0, 0x0, 0x5, 0xef, 0xf7, 0xef, 0xb1,
    0xa, 0xff, 0xc4, 0x0, 0x9, 0xff, 0xfc, 0x20,
    0x2c, 0xfe, 0x20, 0x6f, 0xff, 0xe1, 0x9, 0xfc,
    0x50, 0x0, 0x5, 0xba, 0x0, 0x2, 0x8e, 0x70,
    0x1, 0x30, 0x1, 0x10, 0x8f, 0x80, 0x0, 0x1,
    0x40, 0x0, 0x0, 0x5f, 0x5a, 0xf3, 0xc, 0xf8,
    0x0, 0xd, 0xf1, 0x0, 0x0, 0x9f, 0x3a, 0xf3,
    0x1, 0xef, 0x50, 0x6, 0xf9, 0x0, 0x0, 0xef,
    0xa, 0xf3, 0x0, 0x3b, 0x20, 0xd5, 0xef, 0x10,
    0x6, 0xf9, 0xa, 0xf3, 0x0, 0x0, 0x3, 0xf9,
    0x7f, 0x70, 0xd, 0xf3, 0x8, 0xfd, 0xbb, 0xbb,
    0xbe, 0xf5, 0x2f, 0xd0, 0x1, 0x60, 0x1, 0xbe,
    0xff, 0xff, 0xfe, 0x90, 0x5, 0x10,

    /* U+610F "意" */
    0x0, 0x0, 0x0, 0x0, 0x0, 0x0, 0x0, 0x0,
    0x0, 0x0, 0x0, 0x0, 0x0, 0xbe, 0x10, 0x0,
    0x0, 0x0, 0x3, 0x88, 0x88, 0x88, 0xdf, 0xb8,
    0x88, 0x88, 0x70, 0x6, 0xff, 0xff, 0xff, 0xff,
    0xff, 0xff, 0xff, 0xd0, 0x0, 0x0, 0x4f, 0x70,
    0x0, 0x1, 0xfd, 0x0, 0x0, 0x14, 0x44, 0x5f,
    0xe4, 0x44, 0x49, 0xfa, 0x44, 0x44, 0x5f, 0xff,
    0xff, 0xff, 0xff, 0xff, 0xff, 0xff, 0xfe, 0x12,
    0x22, 0x22, 0x22, 0x22, 0x22, 0x22, 0x22, 0x22,
    0x0, 0xf, 0xff, 0xff, 0xff, 0xff, 0xff, 0xfa,
    0x0, 0x0, 0xf, 0xc4, 0x44, 0x44, 0x44, 0x47,
    0xfa, 0x0, 0x0, 0xf, 0xd5, 0x55, 0x55, 0x55,
    0x57, 0xfa, 0x0, 0x0, 0xf, 0xfd, 0xdd, 0xdd,
    0xdd, 0xde, 0xfa, 0x0, 0x0, 0xf, 0xc3, 0x33,
    0x33, 0x33, 0x36, 0xfa, 0x0, 0x0, 0xf, 0xff,
    0xff, 0xff, 0xff, 0xff, 0xfa, 0x0, 0x0, 0x0,
    0x0, 0x5, 0xf9, 0x0, 0x0, 0x0, 0x0, 0x0,
    0x55, 0x7, 0x74, 0xdf, 0xc0, 0x0, 0x9d, 0x10,
    0x1, 0xee, 0xe, 0xe0, 0xa, 0xf4, 0x30, 0x6f,
    0xb0, 0xa, 0xf7, 0xe, 0xe0, 0x0, 0x20, 0xcc,
    0xa, 0xf5, 0x7f, 0xb0, 0xd, 0xf9, 0x88, 0x8a,
    0xfa, 0x1, 0xfb, 0x7, 0x10, 0x5, 0xdf, 0xff,
    0xff, 0xd2, 0x0, 0x20,

    /* U+614B "態" */
    0x0, 0x0, 0x0, 0x0, 0x0, 0x0, 0x0, 0x0,
    0x0, 0x0, 0x0, 0xc, 0xc2, 0x0, 0x0, 0x9a,
    0x0, 0x2, 0x0, 0x0, 0xb, 0xf6, 0x2c, 0x60,
    0xd, 0xe1, 0x6c, 0xfc, 0x0, 0x3d, 0xf6, 0x12,
    0xcf, 0x50, 0xdf, 0xff, 0xb6, 0x10, 0xe, 0xff,
    0xff, 0xff, 0xff, 0x3d, 0xf3, 0x0, 0xc, 0x30,
    0x56, 0x54, 0x32, 0x12, 0xb3, 0xcf, 0x54, 0x47,
    0xf6, 0x0, 0xde, 0xee, 0xee, 0xe8, 0x8, 0xff,
    0xff, 0xfe, 0x10, 0xe, 0xd5, 0x55, 0x7f, 0x90,
    0x25, 0x33, 0x33, 0x0, 0x0, 0xed, 0x44, 0x45,
    0xf9, 0xd, 0xe0, 0x0, 0x22, 0x0, 0xe, 0xfc,
    0xcc, 0xdf, 0x90, 0xde, 0x26, 0xcf, 0xe2, 0x0,
    0xec, 0x33, 0x35, 0xf9, 0xd, 0xff, 0xfc, 0x71,
    0x0, 0xe, 0xfe, 0xee, 0xef, 0x90, 0xdf, 0x51,
    0x0, 0xa3, 0x0, 0xeb, 0x0, 0x24, 0xf8, 0xc,
    0xf4, 0x44, 0x6f, 0x80, 0xe, 0xb0, 0xd, 0xff,
    0x50, 0x8f, 0xff, 0xff, 0xf3, 0x0, 0x43, 0x0,
    0x12, 0x2d, 0x80, 0x24, 0x44, 0x53, 0x0, 0x7,
    0x50, 0x68, 0x0, 0xbf, 0x40, 0x0, 0x3f, 0xa0,
    0x1, 0xfd, 0xc, 0xf0, 0x1, 0xfb, 0x6, 0x20,
    0xef, 0x10, 0xaf, 0x60, 0xcf, 0x0, 0x3, 0x0,
    0xeb, 0x8, 0xf8, 0x2f, 0xd0, 0xb, 0xfa, 0x88,
    0x88, 0xaf, 0x80, 0x2f, 0xc0, 0x22, 0x0, 0x3c,
    0xff, 0xff, 0xff, 0xc1, 0x0, 0x40,

    /* U+6167 "慧" */
    0x0, 0x8, 0xe2, 0x0, 0x0, 0x0, 0xdb, 0x0,
    0x0, 0xa, 0xff, 0xff, 0xff, 0xe0, 0xef, 0xff,
    0xff, 0xff, 0x0, 0x23, 0x3a, 0xf6, 0x33, 0x3,
    0x33, 0xfd, 0x33, 0x30, 0x3, 0xff, 0xff, 0xff,
    0xa0, 0x8f, 0xff, 0xff, 0xfb, 0x0, 0x3, 0x3a,
    0xf5, 0x32, 0x1, 0x33, 0xfd, 0x33, 0x20, 0xe,
    0xff, 0xff, 0xff, 0xf4, 0xee, 0xef, 0xfe, 0xee,
    0x60, 0x33, 0x3a, 0xf5, 0x33, 0x13, 0x33, 0xfd,
    0x33, 0x31, 0x0, 0x15, 0x8a, 0x65, 0x55, 0x55,
    0x5a, 0x95, 0x40, 0x0, 0x5, 0xee, 0xee, 0xee,
    0xee, 0xee, 0xef, 0xfc, 0x0, 0x0, 0x2, 0x33,
    0x33, 0x33, 0x33, 0x33, 0x4f, 0xc0, 0x0, 0x0,
    0xaf, 0xff, 0xff, 0xff, 0xff, 0xff, 0xfc, 0x0,
    0x0, 0x12, 0x22, 0x22, 0x22, 0x22, 0x22, 0x3f,
    0xc0, 0x0, 0x7, 0xff, 0xff, 0xff, 0xff, 0xff,
    0xff, 0xfc, 0x0, 0x0, 0x1, 0x11, 0x11, 0x1d,
    0x51, 0x11, 0x11, 0x10, 0x0, 0x2, 0x20, 0x68,
    0x15, 0xff, 0x30, 0x0, 0x39, 0x20, 0x0, 0xaf,
    0x3a, 0xf2, 0x5, 0xfd, 0x2, 0x15, 0xfb, 0x0,
    0x2f, 0xd0, 0xaf, 0x30, 0x4, 0x30, 0x9f, 0x1c,
    0xf4, 0xb, 0xf6, 0x9, 0xfc, 0x99, 0x99, 0xaf,
    0xe0, 0x5f, 0xb0, 0x29, 0x0, 0x2c, 0xff, 0xff,
    0xff, 0xe5, 0x0, 0x95, 0x0,

    /* U+61C9 "應" */
    0x0, 0x0, 0x0, 0x0, 0x0, 0x40, 0x0, 0x0,
    0x0, 0x0, 0x0, 0x0, 0x0, 0x0, 0x7, 0xf6,
    0x0, 0x0, 0x0, 0x0, 0x0, 0x88, 0x88, 0x88,
    0x89, 0xfe, 0x88, 0x88, 0x88, 0x80, 0x0, 0xef,
    0xff, 0xff, 0xff, 0xff, 0xff, 0xff, 0xff, 0xf1,
    0x0, 0xed, 0x0, 0x2d, 0x60, 0xc9, 0x1c, 0x80,
    0x0, 0x0, 0x0, 0xec, 0x0, 0xbf, 0x35, 0xf7,
    0x9, 0xf2, 0x0, 0x0, 0x0, 0xec, 0x5, 0xfb,
    0xd, 0xff, 0xff, 0xff, 0xff, 0x70, 0x0, 0xec,
    0x4f, 0xf8, 0xbf, 0xe2, 0x29, 0xf3, 0x22, 0x10,
    0x0, 0xee, 0xff, 0xfe, 0xff, 0xfe, 0xef, 0xff,
    0xee, 0x0, 0x0, 0xed, 0xc5, 0xf9, 0x7a, 0xe0,
    0x8, 0xf2, 0x0, 0x0, 0x0, 0xfc, 0x1, 0xf8,
    0xa, 0xff, 0xff, 0xff, 0xff, 0x10, 0x0, 0xfb,
    0x1, 0xf8, 0xa, 0xe0, 0x8, 0xf1, 0x0, 0x0,
    0x0, 0xfa, 0x1, 0xf8, 0xa, 0xff, 0xff, 0xff,
    0xff, 0xe0, 0x2, 0xf8, 0x0, 0xb6, 0x7, 0xcb,
    0x33, 0x33, 0x33, 0x30, 0x4, 0xf7, 0x0, 0x0,
    0x0, 0xaf, 0xc1, 0x0, 0x0, 0x0, 0x7, 0xf4,
    0x4, 0x71, 0x69, 0x8, 0xfd, 0xa, 0xc0, 0x0,
    0xa, 0xf1, 0xc, 0xf1, 0xaf, 0x0, 0x68, 0x5,
    0xfa, 0x0, 0xe, 0xe0, 0x6f, 0xa0, 0xaf, 0x0,
    0x0, 0xe6, 0x8f, 0x50, 0x5f, 0x83, 0xfe, 0x10,
    0x9f, 0xa8, 0x8a, 0xf7, 0xe, 0xe0, 0x1b, 0x20,
    0x63, 0x0, 0x3d, 0xff, 0xff, 0xc1, 0x4, 0x40,
    0x0, 0x0, 0x0, 0x0, 0x0, 0x0, 0x0, 0x0,
    0x0, 0x0,

    /* U+6210 "成" */
    0x0, 0x0, 0x0, 0x0, 0x0, 0x0, 0x0, 0x0,
    0x0, 0x0, 0x0, 0x0, 0x0, 0x0, 0x0, 0xcf,
    0x27, 0xd5, 0x0, 0x0, 0x0, 0x0, 0x0, 0x0,
    0x0, 0xcf, 0x26, 0xef, 0xb1, 0x0, 0x0, 0x0,
    0x0, 0x0, 0x0, 0xcf, 0x30, 0x1a, 0xf6, 0x0,
    0x0, 0xac, 0xcc, 0xcc, 0xcc, 0xff, 0xdc, 0xcd,
    0xfc, 0xb0, 0x0, 0xdf, 0xff, 0xff, 0xff, 0xff,
    0xff, 0xff, 0xff, 0xd0, 0x0, 0xdf, 0x20, 0x0,
    0x0, 0x9f, 0x70, 0x0, 0x0, 0x0, 0x0, 0xdf,
    0x20, 0x0, 0x0, 0x7f, 0x80, 0x3, 0x72, 0x0,
    0x0, 0xdf, 0xa9, 0x99, 0x92, 0x5f, 0xa0, 0xb,
    0xf6, 0x0, 0x0, 0xdf, 0xff, 0xff, 0xf3, 0x3f,
    0xc0, 0x1f, 0xf0, 0x0, 0x0, 0xdf, 0x32, 0x2b,
    0xf2, 0x1f, 0xf0, 0x9f, 0x90, 0x0, 0x0, 0xef,
    0x10, 0xa, 0xf2, 0xd, 0xf4, 0xff, 0x20, 0x0,
    0x0, 0xff, 0x0, 0xb, 0xf1, 0xa, 0xfe, 0xf8,
    0x0, 0x0, 0x0, 0xff, 0x0, 0xc, 0xf0, 0x6,
    0xff, 0xe0, 0x0, 0x0, 0x1, 0xfd, 0x0, 0xe,
    0xf0, 0x4, 0xff, 0x50, 0x9, 0x50, 0x4, 0xfa,
    0x7f, 0xff, 0xc0, 0x2e, 0xff, 0x50, 0xb, 0xf0,
    0x8, 0xf7, 0x2c, 0xca, 0x21, 0xdf, 0xdf, 0xc0,
    0xd, 0xe0, 0xe, 0xf3, 0x0, 0x0, 0x3e, 0xfb,
    0xd, 0xf8, 0x1f, 0xb0, 0x5f, 0xd0, 0x0, 0x1,
    0xff, 0xc0, 0x3, 0xff, 0xff, 0x50, 0x2c, 0x60,
    0x0, 0x0, 0x6a, 0x0, 0x0, 0x4c, 0xfa, 0x0,
    0x0, 0x0, 0x0, 0x0, 0x0, 0x0, 0x0, 0x0,
    0x0, 0x0,

    /* U+6211 "我" */
    0x0, 0x0, 0x0, 0x3, 0x83, 0xa, 0xb0, 0x2,
    0x0, 0x0, 0x0, 0x25, 0x8b, 0xff, 0xfe, 0x1d,
    0xf1, 0x8f, 0x60, 0x0, 0xc, 0xff, 0xff, 0xfa,
    0x62, 0xd, 0xf2, 0x2e, 0xf6, 0x0, 0x5, 0x86,
    0x4e, 0xf0, 0x0, 0xc, 0xf2, 0x2, 0xff, 0x40,
    0x0, 0x0, 0xd, 0xf0, 0x0, 0xb, 0xf3, 0x0,
    0x5b, 0x10, 0x0, 0x0, 0xd, 0xf1, 0x0, 0xb,
    0xf4, 0x0, 0x0, 0x0, 0xe, 0xff, 0xff, 0xff,
    0xff, 0xff, 0xff, 0xff, 0xff, 0xf0, 0xb, 0xbb,
    0xbf, 0xfb, 0xbb, 0xbd, 0xfd, 0xbb, 0xbb, 0xb0,
    0x0, 0x0, 0xd, 0xf0, 0x0, 0x6, 0xf9, 0x0,
    0x30, 0x0, 0x0, 0x0, 0xd, 0xf0, 0x0, 0x3,
    0xfb, 0x2, 0xfd, 0x0, 0x0, 0x0, 0xd, 0xf7,
    0xad, 0x71, 0xfe, 0xc, 0xf6, 0x0, 0x4, 0x7a,
    0xdf, 0xff, 0xff, 0x60, 0xef, 0x9f, 0xc0, 0x0,
    0x1f, 0xff, 0xff, 0xf7, 0x30, 0x0, 0xaf, 0xfe,
    0x10, 0x0, 0xa, 0x85, 0x1d, 0xf0, 0x0, 0x0,
    0x9f, 0xf3, 0x1, 0x10, 0x0, 0x0, 0xd, 0xf0,
    0x0, 0x9, 0xff, 0xe0, 0x3, 0xe3, 0x0, 0x0,
    0xd, 0xf0, 0x2, 0xcf, 0xed, 0xf5, 0x5, 0xf4,
    0x0, 0x0, 0xe, 0xf0, 0x8f, 0xfb, 0x15, 0xfe,
    0x18, 0xf2, 0x0, 0xce, 0xef, 0xe0, 0x7f, 0x60,
    0x0, 0xbf, 0xff, 0xd0, 0x0, 0x9f, 0xfc, 0x40,
    0x1, 0x0, 0x0, 0xa, 0xfe, 0x40, 0x0, 0x0,
    0x0, 0x0, 0x0, 0x0, 0x0, 0x0, 0x0, 0x0,

    /* U+6216 "或" */
    0x0, 0x0, 0x0, 0x0, 0x1, 0xdc, 0x4, 0xa2,
    0x0, 0x0, 0x0, 0x0, 0x0, 0x0, 0xf, 0xf0,
    0x8f, 0xf8, 0x0, 0x0, 0x0, 0x0, 0x0, 0x0,
    0xff, 0x0, 0x2d, 0xe2, 0x8, 0xcc, 0xcc, 0xcc,
    0xcc, 0xdf, 0xfc, 0xcc, 0xde, 0xb0, 0xaf, 0xff,
    0xff, 0xff, 0xff, 0xff, 0xff, 0xff, 0xfe, 0x0,
    0x0, 0x0, 0x0, 0x0, 0xd, 0xf2, 0x0, 0x0,
    0x0, 0x5, 0x88, 0x88, 0x88, 0x50, 0xbf, 0x40,
    0xa, 0x90, 0x0, 0x9f, 0xff, 0xff, 0xf8, 0x9,
    0xf5, 0x2, 0xfd, 0x0, 0x9, 0xf2, 0x0, 0x5f,
    0x80, 0x8f, 0x70, 0x8f, 0x70, 0x0, 0x9f, 0x10,
    0x4, 0xf8, 0x6, 0xfa, 0xe, 0xf1, 0x0, 0x9,
    0xf1, 0x0, 0x4f, 0x80, 0x2f, 0xd6, 0xfa, 0x0,
    0x0, 0x9f, 0xba, 0xac, 0xf8, 0x0, 0xff, 0xef,
    0x20, 0x0, 0x9, 0xff, 0xff, 0xff, 0x80, 0xb,
    0xff, 0x90, 0x0, 0x0, 0x0, 0x0, 0x0, 0x0,
    0x0, 0x9f, 0xe1, 0x3, 0x40, 0x0, 0x0, 0x15,
    0x8c, 0xf2, 0x4f, 0xfe, 0x0, 0x5f, 0x44, 0x8b,
    0xef, 0xff, 0xff, 0x6f, 0xff, 0xf5, 0x6, 0xf3,
    0xaf, 0xff, 0xda, 0x63, 0x7f, 0xf8, 0x6f, 0xe2,
    0xbf, 0x15, 0x84, 0x10, 0x0, 0x9f, 0xf5, 0x0,
    0xbf, 0xff, 0xc0, 0x0, 0x0, 0x0, 0x1, 0xc3,
    0x0, 0x0, 0x9f, 0xd3, 0x0, 0x0, 0x0, 0x0,
    0x0, 0x0, 0x0, 0x0, 0x0, 0x0,

    /* U+622A "截" */
    0x0, 0x0, 0x8, 0xd2, 0x0, 0x3, 0xc8, 0x3,
    0x0, 0x0, 0x0, 0x0, 0xa, 0xf4, 0x0, 0x3,
    0xfa, 0x4f, 0xc1, 0x0, 0x2, 0xff, 0xff, 0xff,
    0xff, 0x93, 0xfa, 0x7, 0xfc, 0x0, 0x1, 0x88,
    0x8d, 0xf9, 0x88, 0x52, 0xfa, 0x0, 0x9f, 0x40,
    0x0, 0x0, 0xa, 0xf4, 0x0, 0x3, 0xfb, 0x0,
    0x13, 0x0, 0xf, 0xff, 0xff, 0xff, 0xff, 0xff,
    0xff, 0xff, 0xff, 0xf0, 0x8, 0x8a, 0xa8, 0x8a,
    0x88, 0x88, 0xfe, 0x88, 0x88, 0x80, 0x0, 0xb,
    0xf1, 0x9f, 0x10, 0x0, 0xfe, 0x0, 0x32, 0x0,
    0x0, 0x4f, 0xd6, 0x9f, 0xb6, 0x60, 0xdf, 0x0,
    0xef, 0x0, 0x1, 0xef, 0xff, 0xff, 0xff, 0xf0,
    0xbf, 0x15, 0xfa, 0x0, 0x1d, 0xff, 0x30, 0x4f,
    0x40, 0x0, 0xaf, 0x4c, 0xf4, 0x0, 0x1c, 0xcf,
    0xff, 0xff, 0xff, 0xa0, 0x7f, 0xaf, 0xe0, 0x0,
    0x0, 0x6f, 0x63, 0x6f, 0x73, 0x20, 0x4f, 0xff,
    0x60, 0x0, 0x0, 0x6f, 0x75, 0x8f, 0x85, 0x30,
    0xf, 0xfd, 0x0, 0x0, 0x0, 0x6f, 0xed, 0xef,
    0xed, 0x90, 0xe, 0xf5, 0x4, 0xb1, 0x0, 0x6f,
    0x40, 0x4f, 0x50, 0x0, 0xaf, 0xf7, 0x5, 0xf2,
    0x0, 0x6f, 0xff, 0xff, 0xff, 0xf7, 0xfe, 0xfe,
    0x7, 0xf0, 0x0, 0x6f, 0x97, 0x77, 0x77, 0xff,
    0xe2, 0x9f, 0xde, 0xc0, 0x0, 0x6f, 0x30, 0x0,
    0x0, 0x6e, 0x20, 0xb, 0xff, 0x40, 0x0, 0x0,
    0x0, 0x0, 0x0, 0x1, 0x0, 0x0, 0x21, 0x0,

    /* U+623B "戻" */
    0x0, 0x0, 0x0, 0x0, 0x6b, 0x0, 0x0, 0x0,
    0x0, 0x0, 0x0, 0x0, 0x0, 0x9, 0xf7, 0x0,
    0x0, 0x0, 0x0, 0x0, 0x12, 0x22, 0x22, 0x3f,
    0xe2, 0x22, 0x22, 0x20, 0x0, 0xa, 0xff, 0xff,
    0xff, 0xff, 0xff, 0xff, 0xff, 0x10, 0x0, 0xaf,
    0x74, 0x44, 0x44, 0x44, 0x44, 0x4d, 0xf1, 0x0,
    0xa, 0xf3, 0x0, 0x0, 0x0, 0x0, 0x0, 0xbf,
    0x10, 0x0, 0xaf, 0x63, 0x33, 0x33, 0x33, 0x33,
    0x3c, 0xf1, 0x0, 0xa, 0xff, 0xff, 0xff, 0xff,
    0xff, 0xff, 0xff, 0x10, 0x0, 0xbf, 0x64, 0x44,
    0x44, 0x78, 0x44, 0x44, 0x40, 0x0, 0xb, 0xf1,
    0x0, 0x0, 0xd, 0xf0, 0x0, 0x0, 0x0, 0x0,
    0xdf, 0x10, 0x0, 0x0, 0xfe, 0x0, 0x0, 0x0,
    0x0, 0xe, 0xf6, 0xff, 0xff, 0xff, 0xff, 0xff,
    0xff, 0x90, 0x1, 0xfc, 0x39, 0x99, 0x9d, 0xff,
    0xa9, 0x99, 0x95, 0x0, 0x4f, 0xa0, 0x0, 0x0,
    0xef, 0xfb, 0x0, 0x0, 0x0, 0x8, 0xf6, 0x0,
    0x0, 0xbf, 0x9a, 0xfa, 0x0, 0x0, 0x0, 0xef,
    0x10, 0x3, 0xcf, 0xc0, 0xc, 0xfd, 0x40, 0x0,
    0x6f, 0xb1, 0x6b, 0xff, 0xa0, 0x0, 0xa, 0xff,
    0xc7, 0x23, 0xc4, 0x4f, 0xfb, 0x40, 0x0, 0x0,
    0x4, 0xcf, 0xf3, 0x0, 0x0, 0x41, 0x0, 0x0,
    0x0, 0x0, 0x0, 0x24, 0x0,

    /* U+6240 "所" */
    0x0, 0x0, 0x0, 0x0, 0x30, 0x0, 0x0, 0x0,
    0x16, 0x0, 0x0, 0x2, 0x47, 0xae, 0xf9, 0x0,
    0x25, 0x8c, 0xff, 0xa0, 0x0, 0xff, 0xff, 0xfe,
    0xa6, 0xf, 0xff, 0xff, 0xe9, 0x40, 0x0, 0xfe,
    0x64, 0x20, 0x0, 0xf, 0xf7, 0x41, 0x0, 0x0,
    0x0, 0xfd, 0x0, 0x0, 0x0, 0xf, 0xe0, 0x0,
    0x0, 0x0, 0x0, 0xff, 0xcc, 0xcc, 0xc0, 0xf,
    0xe0, 0x0, 0x0, 0x0, 0x0, 0xff, 0xee, 0xef,
    0xf1, 0xf, 0xf0, 0x0, 0x0, 0x0, 0x0, 0xfd,
    0x0, 0xb, 0xf1, 0xf, 0xff, 0xff, 0xff, 0xf9,
    0x0, 0xfd, 0x0, 0xb, 0xf1, 0xf, 0xfc, 0xcf,
    0xfc, 0xc7, 0x0, 0xfd, 0x0, 0xc, 0xf1, 0xf,
    0xe0, 0xc, 0xf1, 0x0, 0x1, 0xff, 0xff, 0xff,
    0xf1, 0x1f, 0xd0, 0xc, 0xf1, 0x0, 0x1, 0xfe,
    0xaa, 0xaa, 0xa0, 0x2f, 0xc0, 0xc, 0xf1, 0x0,
    0x2, 0xfa, 0x0, 0x0, 0x0, 0x5f, 0x90, 0xc,
    0xf1, 0x0, 0x3, 0xf9, 0x0, 0x0, 0x0, 0x8f,
    0x60, 0xc, 0xf1, 0x0, 0x6, 0xf7, 0x0, 0x0,
    0x0, 0xef, 0x20, 0xc, 0xf1, 0x0, 0x9, 0xf5,
    0x0, 0x0, 0x4, 0xfc, 0x0, 0xc, 0xf1, 0x0,
    0xd, 0xf1, 0x0, 0x0, 0x1e, 0xf6, 0x0, 0xc,
    0xf1, 0x0, 0x4f, 0xd0, 0x0, 0x0, 0xbf, 0xb0,
    0x0, 0xc, 0xf1, 0x0, 0x9, 0x60, 0x0, 0x0,
    0x4d, 0x10, 0x0, 0xc, 0xf1, 0x0, 0x0, 0x0,
    0x0, 0x0, 0x0, 0x0, 0x0, 0x0, 0x0, 0x0,

    /* U+624B "手" */
    0x0, 0x0, 0x0, 0x0, 0x0, 0x0, 0x3, 0x69,
    0x10, 0x0, 0x0, 0x12, 0x34, 0x67, 0x89, 0xbe,
    0xff, 0xff, 0xd0, 0x0, 0x0, 0xaf, 0xff, 0xff,
    0xff, 0xfe, 0xc9, 0x73, 0x0, 0x0, 0x0, 0x48,
    0x76, 0x54, 0x3f, 0xf0, 0x0, 0x0, 0x0, 0x0,
    0x0, 0x0, 0x0, 0x0, 0xf, 0xf0, 0x0, 0x0,
    0x0, 0x0, 0x0, 0x0, 0x0, 0x0, 0xf, 0xf1,
    0x0, 0x0, 0x0, 0x0, 0x0, 0xbf, 0xff, 0xff,
    0xff, 0xff, 0xff, 0xff, 0xff, 0x0, 0x0, 0x8b,
    0xbb, 0xbb, 0xbf, 0xfc, 0xbb, 0xbb, 0xbb, 0x0,
    0x0, 0x0, 0x0, 0x0, 0xf, 0xf0, 0x0, 0x0,
    0x0, 0x0, 0x0, 0x0, 0x0, 0x0, 0xf, 0xf0,
    0x0, 0x0, 0x0, 0x0, 0xc, 0xcc, 0xcc, 0xcc,
    0xcf, 0xfc, 0xcc, 0xcc, 0xcc, 0xc1, 0x1f, 0xff,
    0xff, 0xff, 0xff, 0xff, 0xff, 0xff, 0xff, 0xf1,
    0x1, 0x11, 0x11, 0x11, 0x1f, 0xf1, 0x11, 0x11,
    0x11, 0x10, 0x0, 0x0, 0x0, 0x0, 0xf, 0xf0,
    0x0, 0x0, 0x0, 0x0, 0x0, 0x0, 0x0, 0x0,
    0xf, 0xf0, 0x0, 0x0, 0x0, 0x0, 0x0, 0x0,
    0x0, 0x0, 0xf, 0xf0, 0x0, 0x0, 0x0, 0x0,
    0x0, 0x0, 0x0, 0x0, 0xf, 0xf0, 0x0, 0x0,
    0x0, 0x0, 0x0, 0x0, 0x1d, 0xdd, 0xef, 0xe0,
    0x0, 0x0, 0x0, 0x0, 0x0, 0x0, 0xa, 0xff,
    0xeb, 0x20, 0x0, 0x0, 0x0, 0x0, 0x0, 0x0,
    0x0, 0x0, 0x0, 0x0, 0x0, 0x0, 0x0, 0x0,

    /* U+6253 "打" */
    0x0, 0x3, 0xe9, 0x0, 0x0, 0x0, 0x0, 0x0,
    0x0, 0x0, 0x0, 0x3, 0xfa, 0x0, 0x24, 0x44,
    0x44, 0x44, 0x44, 0x41, 0x0, 0x3, 0xfa, 0x0,
    0x9f, 0xff, 0xff, 0xff, 0xff, 0xf5, 0x0, 0x3,
    0xfa, 0x0, 0x59, 0x99, 0x9a, 0xff, 0x99, 0x93,
    0x1f, 0xff, 0xff, 0xff, 0x30, 0x0, 0x1, 0xfe,
    0x0, 0x0, 0x1d, 0xde, 0xff, 0xdd, 0x20, 0x0,
    0x1, 0xfe, 0x0, 0x0, 0x0, 0x3, 0xfa, 0x0,
    0x0, 0x0, 0x1, 0xfe, 0x0, 0x0, 0x0, 0x3,
    0xfa, 0x0, 0x0, 0x0, 0x1, 0xfe, 0x0, 0x0,
    0x0, 0x3, 0xfa, 0x1, 0x10, 0x0, 0x1, 0xfe,
    0x0, 0x0, 0x0, 0x3, 0xfe, 0xdf, 0x50, 0x0,
    0x1, 0xfe, 0x0, 0x0, 0x17, 0xbf, 0xff, 0xfd,
    0x40, 0x0, 0x1, 0xfe, 0x0, 0x0, 0x1f, 0xff,
    0xfc, 0x20, 0x0, 0x0, 0x1, 0xfe, 0x0, 0x0,
    0x8, 0x54, 0xfa, 0x0, 0x0, 0x0, 0x1, 0xfe,
    0x0, 0x0, 0x0, 0x3, 0xfa, 0x0, 0x0, 0x0,
    0x1, 0xfe, 0x0, 0x0, 0x0, 0x3, 0xfa, 0x0,
    0x0, 0x0, 0x1, 0xfe, 0x0, 0x0, 0x0, 0x3,
    0xfa, 0x0, 0x0, 0x0, 0x1, 0xfe, 0x0, 0x0,
    0x0, 0x3, 0xfa, 0x0, 0x0, 0x0, 0x2, 0xfe,
    0x0, 0x0, 0x6, 0xce, 0xf8, 0x0, 0x0, 0xbe,
    0xef, 0xfb, 0x0, 0x0, 0x3, 0xff, 0xb1, 0x0,
    0x0, 0x6f, 0xff, 0xc2, 0x0, 0x0, 0x0, 0x0,
    0x0, 0x0, 0x0, 0x1, 0x0, 0x0, 0x0, 0x0,

    /* U+6267 "执" */
    0x0, 0x9, 0xd1, 0x0, 0x0, 0x9d, 0x10, 0x0,
    0x0, 0x0, 0x0, 0xb, 0xf1, 0x0, 0x0, 0xbf,
    0x20, 0x0, 0x0, 0x0, 0x0, 0xb, 0xf1, 0x0,
    0x0, 0xaf, 0x20, 0x0, 0x0, 0x0, 0x0, 0xb,
    0xf1, 0x0, 0x0, 0xaf, 0x20, 0x0, 0x0, 0x0,
    0x1c, 0xcf, 0xfd, 0xc5, 0xbb, 0xef, 0xbb, 0xbb,
    0x80, 0x0, 0x1f, 0xff, 0xff, 0xf7, 0xff, 0xff,
    0xff, 0xff, 0xb0, 0x0, 0x0, 0xb, 0xf1, 0x0,
    0x0, 0xcf, 0x0, 0x3f, 0xa0, 0x0, 0x0, 0xb,
    0xf1, 0x0, 0x0, 0xdf, 0x0, 0x3f, 0xa0, 0x0,
    0x0, 0xb, 0xf1, 0x10, 0x50, 0xed, 0x0, 0x3f,
    0x90, 0x0, 0x0, 0xb, 0xfc, 0xf9, 0xfe, 0xfc,
    0x0, 0x3f, 0x90, 0x0, 0x18, 0xcf, 0xff, 0xd3,
    0x7f, 0xfd, 0x20, 0x3f, 0x90, 0x0, 0x3f, 0xff,
    0xf3, 0x0, 0x7, 0xff, 0xf7, 0x4f, 0x90, 0x0,
    0x7, 0x2b, 0xf1, 0x0, 0xb, 0xf9, 0xff, 0xdf,
    0x90, 0x0, 0x0, 0xb, 0xf1, 0x0, 0x1f, 0xe0,
    0x2c, 0x4f, 0x90, 0x0, 0x0, 0xb, 0xf1, 0x0,
    0x9f, 0x80, 0x0, 0x1f, 0x90, 0x20, 0x0, 0xb,
    0xf1, 0x4, 0xff, 0x10, 0x0, 0xf, 0xb2, 0xf4,
    0x0, 0xb, 0xf1, 0x3f, 0xf6, 0x0, 0x0, 0xd,
    0xd4, 0xf4, 0x9, 0xcf, 0xf3, 0xff, 0x90, 0x0,
    0x0, 0x8, 0xfe, 0xf1, 0x7, 0xfd, 0x60, 0xa8,
    0x0, 0x0, 0x0, 0x0, 0xbf, 0x80, 0x0, 0x0,
    0x0, 0x0, 0x0, 0x0, 0x0, 0x0, 0x0, 0x0,

    /* U+626B "扫" */
    0x0, 0x1, 0x53, 0x0, 0x0, 0x0, 0x0, 0x0,
    0x0, 0x0, 0x0, 0x3f, 0x90, 0x0, 0x0, 0x0,
    0x0, 0x0, 0x0, 0x0, 0x3, 0xf9, 0x0, 0x9c,
    0xcc, 0xcc, 0xcc, 0xcc, 0x0, 0x0, 0x4f, 0xa0,
    0x8, 0xbb, 0xbb, 0xbb, 0xbe, 0xf1, 0x1f, 0xff,
    0xff, 0xff, 0x0, 0x0, 0x0, 0x0, 0xbf, 0x10,
    0xbb, 0xcf, 0xeb, 0xb0, 0x0, 0x0, 0x0, 0xb,
    0xf1, 0x0, 0x3, 0xf9, 0x0, 0x0, 0x0, 0x0,
    0x0, 0xbf, 0x10, 0x0, 0x3f, 0x90, 0x0, 0x0,
    0x0, 0x0, 0xb, 0xf1, 0x0, 0x3, 0xf9, 0x4,
    0x3c, 0xcc, 0xcc, 0xcc, 0xff, 0x10, 0x1, 0x7f,
    0xff, 0xf5, 0xff, 0xff, 0xff, 0xff, 0xf1, 0x2d,
    0xff, 0xff, 0xc8, 0x10, 0x0, 0x0, 0x0, 0xbf,
    0x10, 0xfc, 0xaf, 0x90, 0x0, 0x0, 0x0, 0x0,
    0xb, 0xf1, 0x0, 0x3, 0xf9, 0x0, 0x0, 0x0,
    0x0, 0x0, 0xbf, 0x10, 0x0, 0x3f, 0x90, 0x0,
    0x0, 0x0, 0x0, 0xb, 0xf1, 0x0, 0x3, 0xf9,
    0x0, 0x0, 0x0, 0x0, 0x0, 0xbf, 0x10, 0x0,
    0x3f, 0x90, 0xa, 0xbb, 0xbb, 0xbb, 0xbe, 0xf1,
    0x0, 0x3, 0xf9, 0x0, 0xdf, 0xff, 0xff, 0xff,
    0xff, 0x10, 0x5a, 0xdf, 0x70, 0x0, 0x0, 0x0,
    0x0, 0xb, 0xf1, 0x3, 0xff, 0xb1, 0x0, 0x0,
    0x0, 0x0, 0x0, 0xbf, 0x10, 0x0, 0x0, 0x0,
    0x0, 0x0, 0x0, 0x0, 0x0, 0x0,

    /* U+629E "択" */
    0x0, 0x2, 0x84, 0x0, 0x0, 0x0, 0x0, 0x0,
    0x0, 0x0, 0x0, 0x4, 0xf8, 0x0, 0xb, 0xcc,
    0xcc, 0xcc, 0xcc, 0x90, 0x0, 0x4, 0xf8, 0x0,
    0xe, 0xff, 0xff, 0xff, 0xff, 0xc0, 0x0, 0x4,
    0xf8, 0x0, 0xe, 0xf0, 0x0, 0x0, 0x1f, 0xc0,
    0x2f, 0xff, 0xff, 0xff, 0x1e, 0xf0, 0x0, 0x0,
    0x1f, 0xc0, 0x1c, 0xcd, 0xfe, 0xcc, 0x1e, 0xf0,
    0x0, 0x0, 0x1f, 0xc0, 0x0, 0x4, 0xf8, 0x0,
    0xe, 0xf0, 0x0, 0x0, 0x1f, 0xc0, 0x0, 0x4,
    0xf8, 0x0, 0xe, 0xf0, 0x0, 0x0, 0x1f, 0xc0,
    0x0, 0x4, 0xf8, 0x0, 0xf, 0xff, 0xff, 0xff,
    0xff, 0xc0, 0x0, 0x4, 0xfb, 0x9d, 0x2f, 0xfb,
    0xbf, 0xfc, 0xbb, 0x90, 0x28, 0xbf, 0xff, 0xff,
    0x3f, 0xe0, 0xa, 0xf4, 0x0, 0x0, 0x3f, 0xff,
    0xfb, 0x30, 0x2f, 0xc0, 0x6, 0xf8, 0x0, 0x0,
    0x6, 0x34, 0xf8, 0x0, 0x4f, 0xa0, 0x2, 0xfd,
    0x0, 0x0, 0x0, 0x4, 0xf8, 0x0, 0x8f, 0x70,
    0x0, 0xcf, 0x50, 0x0, 0x0, 0x4, 0xf8, 0x0,
    0xdf, 0x30, 0x0, 0x5f, 0xd0, 0x0, 0x0, 0x4,
    0xf8, 0x3, 0xfd, 0x0, 0x0, 0xd, 0xf9, 0x0,
    0x0, 0x4, 0xf8, 0xd, 0xf7, 0x0, 0x0, 0x3,
    0xff, 0x90, 0x9, 0xbd, 0xf6, 0x7f, 0xd0, 0x0,
    0x0, 0x0, 0x6f, 0xf9, 0x9, 0xfe, 0xa1, 0xb,
    0x30, 0x0, 0x0, 0x0, 0x4, 0xc1, 0x0, 0x0,
    0x0, 0x0, 0x0, 0x0, 0x0, 0x0, 0x0, 0x0,

    /* U+62BC "押" */
    0x0, 0xa, 0xd1, 0x0, 0x0, 0x0, 0x0, 0x0,
    0x0, 0x0, 0x0, 0xbf, 0x10, 0xb, 0xbb, 0xbb,
    0xbb, 0xbb, 0xb9, 0x0, 0xb, 0xf1, 0x0, 0xff,
    0xff, 0xff, 0xff, 0xff, 0xd0, 0x0, 0xbf, 0x10,
    0xf, 0xc0, 0xb, 0xf1, 0x1, 0xfd, 0x1d, 0xdf,
    0xfd, 0xd3, 0xfc, 0x0, 0xbf, 0x10, 0x1f, 0xd1,
    0xff, 0xff, 0xff, 0x3f, 0xc1, 0x1b, 0xf3, 0x13,
    0xfd, 0x0, 0xb, 0xf2, 0x0, 0xff, 0xff, 0xff,
    0xff, 0xff, 0xd0, 0x0, 0xbf, 0x10, 0xf, 0xe9,
    0x9e, 0xfa, 0x9a, 0xfd, 0x0, 0xb, 0xf1, 0x0,
    0xfc, 0x0, 0xbf, 0x10, 0x1f, 0xd0, 0x0, 0xbf,
    0xbe, 0x2f, 0xc0, 0xb, 0xf1, 0x1, 0xfd, 0x2b,
    0xff, 0xff, 0xc2, 0xff, 0xff, 0xff, 0xff, 0xff,
    0xd0, 0xfe, 0xef, 0x20, 0xf, 0xfc, 0xce, 0xfc,
    0xcc, 0xfd, 0x2, 0xb, 0xf1, 0x0, 0xda, 0x0,
    0xbf, 0x10, 0xc, 0xa0, 0x0, 0xbf, 0x10, 0x0,
    0x0, 0xb, 0xf1, 0x0, 0x0, 0x0, 0xb, 0xf1,
    0x0, 0x0, 0x0, 0xbf, 0x10, 0x0, 0x0, 0x0,
    0xbf, 0x10, 0x0, 0x0, 0xb, 0xf1, 0x0, 0x0,
    0x0, 0xb, 0xf1, 0x0, 0x0, 0x0, 0xbf, 0x10,
    0x0, 0x0, 0x9c, 0xff, 0x0, 0x0, 0x0, 0xb,
    0xf1, 0x0, 0x0, 0x6, 0xdc, 0x50, 0x0, 0x0,
    0x0, 0xbf, 0x10, 0x0, 0x0,

    /* U+62E9 "择" */
    0x0, 0x4, 0x71, 0x0, 0x0, 0x0, 0x0, 0x0,
    0x0, 0x0, 0x0, 0x9, 0xf3, 0x0, 0xff, 0xff,
    0xff, 0xff, 0xfd, 0x10, 0x0, 0x9, 0xf3, 0x0,
    0xbe, 0xfc, 0xbb, 0xbd, 0xfa, 0x0, 0x0, 0x9,
    0xf3, 0x0, 0x3, 0xfb, 0x0, 0x3e, 0xe1, 0x0,
    0x1f, 0xff, 0xff, 0xf7, 0x0, 0x6f, 0xa3, 0xff,
    0x40, 0x0, 0xc, 0xce, 0xfd, 0xc6, 0x0, 0xa,
    0xff, 0xf4, 0x0, 0x0, 0x0, 0x9, 0xf3, 0x0,
    0x0, 0x3c, 0xff, 0xe7, 0x0, 0x0, 0x0, 0x9,
    0xf3, 0x0, 0x4b, 0xff, 0x97, 0xef, 0xe7, 0x20,
    0x0, 0x9, 0xf3, 0xa, 0xff, 0xa2, 0x0, 0x19,
    0xff, 0xf3, 0x0, 0xa, 0xfc, 0xe6, 0x71, 0x0,
    0xdf, 0x10, 0x5, 0x60, 0x2c, 0xff, 0xfe, 0x92,
    0x69, 0x99, 0xef, 0xa9, 0x97, 0x0, 0xf, 0xdd,
    0xf3, 0x0, 0xaf, 0xff, 0xff, 0xff, 0xfc, 0x0,
    0x1, 0x9, 0xf3, 0x0, 0x0, 0x0, 0xdf, 0x10,
    0x0, 0x0, 0x0, 0x9, 0xf3, 0x0, 0x0, 0x0,
    0xdf, 0x10, 0x0, 0x0, 0x0, 0x9, 0xf3, 0xa,
    0xff, 0xff, 0xff, 0xff, 0xff, 0xf2, 0x0, 0x9,
    0xf3, 0x6, 0xaa, 0xaa, 0xff, 0xaa, 0xaa, 0xa1,
    0x0, 0x9, 0xf3, 0x0, 0x0, 0x0, 0xdf, 0x10,
    0x0, 0x0, 0x7, 0xbf, 0xf1, 0x0, 0x0, 0x0,
    0xdf, 0x10, 0x0, 0x0, 0x5, 0xfe, 0x80, 0x0,
    0x0, 0x0, 0xdf, 0x10, 0x0, 0x0, 0x0, 0x0,
    0x0, 0x0, 0x0, 0x0, 0x0, 0x0, 0x0, 0x0,

    /* U+6301 "持" */
    0x0, 0x0, 0x0, 0x0, 0x0, 0x0, 0x0, 0x0,
    0x0, 0x0, 0x0, 0xc, 0xf0, 0x0, 0x0, 0x0,
    0xbf, 0x10, 0x0, 0x0, 0x0, 0xc, 0xf0, 0x0,
    0x0, 0x0, 0xbf, 0x10, 0x0, 0x0, 0x0, 0xc,
    0xf0, 0x0, 0x9a, 0xaa, 0xef, 0xaa, 0xaa, 0x20,
    0x2, 0x2c, 0xf2, 0x20, 0xef, 0xff, 0xff, 0xff,
    0xff, 0x30, 0x3f, 0xff, 0xff, 0xe0, 0x11, 0x11,
    0xbf, 0x21, 0x11, 0x0, 0x19, 0x9e, 0xf9, 0x80,
    0x0, 0x0, 0xbf, 0x10, 0x0, 0x0, 0x0, 0xc,
    0xf0, 0x8, 0xaa, 0xaa, 0xef, 0xba, 0xaa, 0xa2,
    0x0, 0xc, 0xf0, 0xc, 0xff, 0xff, 0xff, 0xff,
    0xff, 0xf2, 0x0, 0xc, 0xf0, 0x30, 0x0, 0x0,
    0x0, 0x2f, 0xb0, 0x0, 0x0, 0xc, 0xfe, 0xe0,
    0x0, 0x0, 0x0, 0x1f, 0xa0, 0x0, 0x3b, 0xff,
    0xff, 0xb7, 0xcc, 0xcc, 0xcc, 0xdf, 0xec, 0xc0,
    0x4f, 0xef, 0xf0, 0x8, 0xff, 0xff, 0xff, 0xff,
    0xff, 0xf0, 0x4, 0xc, 0xf0, 0x0, 0x4, 0x40,
    0x0, 0x1f, 0xa0, 0x0, 0x0, 0xc, 0xf0, 0x0,
    0x2f, 0xe1, 0x0, 0x1f, 0xa0, 0x0, 0x0, 0xc,
    0xf0, 0x0, 0x7, 0xfa, 0x0, 0x1f, 0xa0, 0x0,
    0x0, 0xc, 0xf0, 0x0, 0x0, 0xef, 0x20, 0x1f,
    0xa0, 0x0, 0x0, 0xc, 0xf0, 0x0, 0x0, 0x68,
    0x0, 0x2f, 0xa0, 0x0, 0xa, 0xdf, 0xd0, 0x0,
    0x0, 0x0, 0x9c, 0xdf, 0x90, 0x0, 0x7, 0xec,
    0x40, 0x0, 0x0, 0x0, 0x7f, 0xeb, 0x20, 0x0,

    /* U+6309 "按" */
    0x0, 0x5, 0x81, 0x0, 0x0, 0x1, 0x77, 0x0,
    0x0, 0x0, 0x0, 0xa, 0xf2, 0x0, 0x0, 0x0,
    0xff, 0x0, 0x0, 0x0, 0x0, 0xa, 0xf2, 0x1,
    0x44, 0x44, 0xcf, 0x74, 0x44, 0x40, 0x0, 0xa,
    0xf2, 0x5, 0xff, 0xff, 0xff, 0xff, 0xff, 0xf0,
    0x3f, 0xff, 0xff, 0xf8, 0xf9, 0x34, 0x33, 0x33,
    0x3e, 0xf0, 0x2c, 0xce, 0xfd, 0xc8, 0xf6, 0xa,
    0xe4, 0x0, 0xd, 0xf0, 0x0, 0xa, 0xf2, 0x3,
    0x94, 0xf, 0xf1, 0x0, 0x8, 0x90, 0x0, 0xa,
    0xf2, 0x0, 0x0, 0x5f, 0xb0, 0x0, 0x0, 0x0,
    0x0, 0xa, 0xf2, 0xe, 0xff, 0xff, 0xff, 0xff,
    0xff, 0xf4, 0x0, 0xa, 0xf4, 0x6c, 0xab, 0xfe,
    0xaa, 0xae, 0xfb, 0xa2, 0x0, 0x3c, 0xff, 0xf7,
    0x8, 0xf8, 0x0, 0xf, 0xf1, 0x0, 0x5f, 0xff,
    0xfc, 0x71, 0xe, 0xf1, 0x0, 0x4f, 0xc0, 0x0,
    0x3f, 0xbd, 0xf2, 0x0, 0x7f, 0xe2, 0x0, 0xaf,
    0x70, 0x0, 0x1, 0xa, 0xf2, 0x0, 0x3c, 0xff,
    0x95, 0xfe, 0x0, 0x0, 0x0, 0xa, 0xf2, 0x0,
    0x0, 0x5e, 0xff, 0xf6, 0x0, 0x0, 0x0, 0xa,
    0xf2, 0x0, 0x0, 0x5, 0xff, 0xfd, 0x30, 0x0,
    0x0, 0xa, 0xf2, 0x0, 0x4, 0xbf, 0xf9, 0xbf,
    0xf9, 0x0, 0x9, 0xae, 0xf1, 0x9, 0xff, 0xfd,
    0x30, 0x6, 0xff, 0xd0, 0x9, 0xfe, 0x80, 0x5,
    0xe8, 0x30, 0x0, 0x0, 0x2c, 0x60, 0x0, 0x0,
    0x0, 0x0, 0x0, 0x0, 0x0, 0x0, 0x0, 0x0,

    /* U+636E "据" */
    0x0, 0xc, 0xb0, 0x0, 0x0, 0x0, 0x0, 0x0,
    0x0, 0x0, 0x0, 0xe, 0xd0, 0x2, 0xff, 0xff,
    0xff, 0xff, 0xff, 0x80, 0x0, 0xe, 0xd0, 0x2,
    0xfe, 0x99, 0x99, 0x99, 0xbf, 0x80, 0x0, 0xe,
    0xd0, 0x2, 0xfd, 0x0, 0x0, 0x0, 0x3f, 0x80,
    0x2d, 0xdf, 0xfd, 0xd2, 0xfd, 0x0, 0x0, 0x0,
    0x4f, 0x80, 0x3f, 0xff, 0xff, 0xf2, 0xff, 0xff,
    0xff, 0xff, 0xff, 0x80, 0x0, 0xe, 0xd0, 0x2,
    0xfe, 0x99, 0x9f, 0xf9, 0x99, 0x50, 0x0, 0xe,
    0xd0, 0x2, 0xfd, 0x0, 0xe, 0xe0, 0x0, 0x0,
    0x0, 0xe, 0xd0, 0x13, 0xfe, 0x88, 0x8f, 0xf8,
    0x88, 0x81, 0x0, 0xe, 0xfd, 0xe3, 0xff, 0xff,
    0xff, 0xff, 0xff, 0xf2, 0x3b, 0xff, 0xff, 0xa5,
    0xfa, 0x0, 0xe, 0xe0, 0x0, 0x0, 0x4f, 0xef,
    0xe0, 0x6, 0xf7, 0x0, 0xe, 0xe0, 0x0, 0x0,
    0x4, 0xe, 0xd0, 0x8, 0xf6, 0x99, 0x9f, 0xf9,
    0x99, 0x60, 0x0, 0xe, 0xd0, 0xc, 0xf4, 0xff,
    0xff, 0xff, 0xff, 0xa0, 0x0, 0xe, 0xd0, 0xf,
    0xf2, 0xf8, 0x0, 0x0, 0x1f, 0xa0, 0x0, 0xe,
    0xd0, 0x5f, 0xb1, 0xf8, 0x0, 0x0, 0x1f, 0xa0,
    0x0, 0xe, 0xd0, 0xdf, 0x61, 0xfd, 0x99, 0x99,
    0x9f, 0xa0, 0xc, 0xef, 0xb4, 0xfe, 0x1, 0xff,
    0xff, 0xff, 0xff, 0xa0, 0x7, 0xc9, 0x20, 0x66,
    0x1, 0xf8, 0x0, 0x0, 0x1f, 0x90, 0x0, 0x0,
    0x0, 0x0, 0x0, 0x0, 0x0, 0x0, 0x0, 0x0,

    /* U+6383 "掃" */
    0x0, 0xc, 0xb0, 0x0, 0x34, 0x44, 0x44, 0x44,
    0x43, 0x0, 0x0, 0xed, 0x0, 0xc, 0xff, 0xff,
    0xff, 0xff, 0xb0, 0x0, 0xe, 0xd0, 0x0, 0x12,
    0x22, 0x22, 0x23, 0xfb, 0x0, 0x0, 0xed, 0x0,
    0x5, 0xbb, 0xbb, 0xbb, 0xcf, 0xb0, 0x3f, 0xff,
    0xff, 0xe0, 0x38, 0x88, 0x88, 0x89, 0xfb, 0x3,
    0xcc, 0xff, 0xcb, 0x5, 0x55, 0x55, 0x55, 0x6f,
    0xb0, 0x0, 0xe, 0xd0, 0x0, 0xff, 0xff, 0xff,
    0xff, 0xfb, 0x0, 0x0, 0xed, 0x0, 0x1, 0x11,
    0x11, 0x11, 0x11, 0x10, 0x0, 0xe, 0xd1, 0x4f,
    0xff, 0xff, 0xff, 0xff, 0xff, 0xf0, 0x3, 0xff,
    0xfe, 0xfc, 0x88, 0x8f, 0xd8, 0x88, 0xdf, 0x5f,
    0xff, 0xf9, 0x6f, 0x90, 0x0, 0xfa, 0x0, 0xb,
    0xf4, 0xe9, 0xfd, 0x1, 0xdf, 0xff, 0xff, 0xff,
    0xff, 0xfd, 0x0, 0xe, 0xd0, 0x0, 0xbf, 0x88,
    0xfd, 0x88, 0xfc, 0x0, 0x0, 0xed, 0x0, 0xb,
    0xe0, 0xf, 0xa0, 0xd, 0xc0, 0x0, 0xe, 0xd0,
    0x0, 0xbe, 0x0, 0xfa, 0x0, 0xdc, 0x0, 0x0,
    0xed, 0x0, 0xb, 0xe0, 0xf, 0xa1, 0x2e, 0xc0,
    0x0, 0xe, 0xd0, 0x0, 0xbe, 0x0, 0xfa, 0x8f,
    0xf9, 0x0, 0xbc, 0xfb, 0x0, 0x3, 0x30, 0xf,
    0xa1, 0x53, 0x0, 0xa, 0xfc, 0x30, 0x0, 0x0,
    0x0, 0xfa, 0x0, 0x0, 0x0,

    /* U+63A5 "接" */
    0x0, 0xb, 0xc0, 0x0, 0x0, 0x3, 0x94, 0x0,
    0x0, 0x0, 0x0, 0xd, 0xe0, 0x0, 0x0, 0x1,
    0xfd, 0x0, 0x0, 0x0, 0x0, 0xd, 0xe0, 0x2,
    0xee, 0xee, 0xff, 0xee, 0xee, 0xb0, 0x0, 0xd,
    0xe0, 0x2, 0xbb, 0xcb, 0xbb, 0xbc, 0xbb, 0x80,
    0x1f, 0xff, 0xff, 0xb0, 0x8, 0xf2, 0x0, 0xf,
    0xc0, 0x0, 0xc, 0xcf, 0xfc, 0x90, 0x2, 0xfa,
    0x0, 0x7f, 0x60, 0x0, 0x0, 0xd, 0xe0, 0x0,
    0x0, 0xb9, 0x11, 0xee, 0x10, 0x0, 0x0, 0xd,
    0xe0, 0xd, 0xff, 0xff, 0xff, 0xff, 0xff, 0xf3,
    0x0, 0xd, 0xe0, 0x7, 0x99, 0x9c, 0xd9, 0x99,
    0x99, 0x92, 0x0, 0xd, 0xfa, 0x90, 0x0, 0xe,
    0xe0, 0x0, 0x0, 0x0, 0x2a, 0xef, 0xff, 0x9a,
    0xaa, 0xcf, 0xda, 0xaa, 0xaa, 0xa4, 0x2f, 0xef,
    0xe0, 0x2f, 0xff, 0xff, 0xff, 0xff, 0xff, 0xf6,
    0x3, 0xd, 0xe0, 0x0, 0xa, 0xf4, 0x0, 0xf,
    0xe0, 0x0, 0x0, 0xd, 0xe0, 0x0, 0x5f, 0xd0,
    0x0, 0x7f, 0x80, 0x0, 0x0, 0xd, 0xe0, 0x0,
    0xaf, 0xff, 0x95, 0xff, 0x10, 0x0, 0x0, 0xd,
    0xe0, 0x0, 0x2, 0x8e, 0xff, 0xf9, 0x0, 0x0,
    0x0, 0xd, 0xe0, 0x0, 0x1, 0x6c, 0xff, 0xff,
    0xc3, 0x0, 0x9, 0xcf, 0xc0, 0x3b, 0xef, 0xff,
    0x92, 0x4c, 0xff, 0x80, 0x7, 0xfc, 0x40, 0xe,
    0xc9, 0x51, 0x0, 0x0, 0x5d, 0x40, 0x0, 0x0,
    0x0, 0x0, 0x0, 0x0, 0x0, 0x0, 0x0, 0x0,

    /* U+63A8 "推" */
    0x0, 0xb, 0xd0, 0x0, 0x0, 0x95, 0x6, 0x50,
    0x0, 0x0, 0x0, 0xd, 0xf0, 0x0, 0x5, 0xf9,
    0x1e, 0xf1, 0x0, 0x0, 0x0, 0xd, 0xf0, 0x0,
    0xc, 0xf4, 0x8, 0xf8, 0x0, 0x0, 0x0, 0xd,
    0xf0, 0x0, 0x3f, 0xf5, 0x57, 0xf9, 0x55, 0x50,
    0x4f, 0xff, 0xff, 0xf2, 0xbf, 0xff, 0xff, 0xff,
    0xff, 0xf0, 0x3b, 0xbf, 0xfb, 0xb7, 0xff, 0xc5,
    0x5d, 0xf6, 0x55, 0x50, 0x0, 0xd, 0xf0, 0x3f,
    0xff, 0xa0, 0xb, 0xf1, 0x0, 0x0, 0x0, 0xd,
    0xf0, 0xef, 0xbf, 0xd9, 0x9e, 0xfa, 0x99, 0x60,
    0x0, 0xd, 0xf1, 0xba, 0x2f, 0xff, 0xff, 0xff,
    0xff, 0xb0, 0x0, 0x3e, 0xff, 0xf0, 0x2f, 0xb1,
    0x1b, 0xf2, 0x11, 0x0, 0x4e, 0xff, 0xfc, 0x70,
    0x2f, 0xa0, 0xb, 0xf1, 0x0, 0x0, 0x2f, 0xbe,
    0xf0, 0x0, 0x2f, 0xea, 0xae, 0xfa, 0xaa, 0x60,
    0x0, 0xd, 0xf0, 0x0, 0x2f, 0xff, 0xff, 0xff,
    0xff, 0xa0, 0x0, 0xd, 0xf0, 0x0, 0x2f, 0xa0,
    0xb, 0xf1, 0x0, 0x0, 0x0, 0xd, 0xf0, 0x0,
    0x2f, 0xa0, 0xb, 0xf1, 0x0, 0x0, 0x0, 0xd,
    0xf0, 0x0, 0x2f, 0xd9, 0x9d, 0xf9, 0x99, 0x93,
    0x0, 0xd, 0xf0, 0x0, 0x2f, 0xff, 0xff, 0xff,
    0xff, 0xf6, 0xb, 0xdf, 0xe0, 0x0, 0x2f, 0xb2,
    0x22, 0x22, 0x22, 0x20, 0x8, 0xfd, 0x40, 0x0,
    0x2f, 0xa0, 0x0, 0x0, 0x0, 0x0, 0x0, 0x0,
    0x0, 0x0, 0x0, 0x0, 0x0, 0x0, 0x0, 0x0,

    /* U+63CF "描" */
    0x0, 0xa, 0xb0, 0x0, 0x1, 0xc8, 0x0, 0xc,
    0xb0, 0x0, 0x0, 0xc, 0xe0, 0x0, 0x1, 0xfa,
    0x0, 0x1f, 0xe0, 0x0, 0x0, 0xc, 0xe0, 0x0,
    0x2, 0xfa, 0x0, 0x1f, 0xe0, 0x0, 0x0, 0xc,
    0xe0, 0xb, 0xff, 0xff, 0xff, 0xff, 0xff, 0xf6,
    0x1e, 0xef, 0xfe, 0xd7, 0xab, 0xfe, 0xaa, 0xbf,
    0xfa, 0xa4, 0x1e, 0xef, 0xfe, 0xd0, 0x1, 0xfa,
    0x0, 0x1f, 0xe0, 0x0, 0x0, 0xc, 0xe0, 0x0,
    0x1, 0xfa, 0x0, 0x1f, 0xe0, 0x0, 0x0, 0xc,
    0xe0, 0x0, 0x1, 0x32, 0x0, 0x3, 0x30, 0x0,
    0x0, 0xc, 0xe0, 0x0, 0xef, 0xff, 0xff, 0xff,
    0xff, 0xb0, 0x0, 0xd, 0xfa, 0xd0, 0xee, 0x99,
    0xdf, 0xa9, 0xaf, 0xb0, 0x29, 0xdf, 0xff, 0xc0,
    0xec, 0x0, 0x9f, 0x10, 0x1f, 0xb0, 0x2f, 0xff,
    0xf1, 0x0, 0xed, 0x0, 0xaf, 0x10, 0x1f, 0xb0,
    0x4, 0xc, 0xe0, 0x0, 0xef, 0xff, 0xff, 0xff,
    0xff, 0xb0, 0x0, 0xc, 0xe0, 0x0, 0xee, 0x99,
    0xdf, 0x99, 0x9f, 0xb0, 0x0, 0xc, 0xe0, 0x0,
    0xec, 0x0, 0x9f, 0x10, 0x1f, 0xb0, 0x0, 0xc,
    0xe0, 0x0, 0xed, 0x0, 0xaf, 0x10, 0x1f, 0xb0,
    0x0, 0xd, 0xe0, 0x0, 0xef, 0xff, 0xff, 0xff,
    0xff, 0xb0, 0xb, 0xdf, 0xc0, 0x0, 0xee, 0x99,
    0x99, 0x99, 0xaf, 0xb0, 0x7, 0xdb, 0x30, 0x0,
    0xec, 0x0, 0x0, 0x0, 0x1e, 0xa0,

    /* U+63DB "換" */
    0x0, 0xe, 0xb0, 0x0, 0x0, 0x9d, 0x10, 0x0,
    0x0, 0x0, 0x0, 0xe, 0xb0, 0x0, 0x1, 0xfe,
    0x77, 0x72, 0x0, 0x0, 0x0, 0xe, 0xb0, 0x0,
    0x9, 0xff, 0xff, 0xfc, 0x0, 0x0, 0x0, 0xf,
    0xb0, 0x0, 0x5f, 0xb0, 0x9, 0xf4, 0x0, 0x0,
    0x1f, 0xff, 0xff, 0x73, 0xff, 0x30, 0x2f, 0xb0,
    0x0, 0x0, 0x1c, 0xcf, 0xfc, 0x6e, 0xff, 0xff,
    0xff, 0xff, 0xff, 0x10, 0x0, 0xe, 0xb0, 0x7,
    0xef, 0x77, 0x77, 0x77, 0xbf, 0x10, 0x0, 0xe,
    0xb0, 0x0, 0x9e, 0x8, 0x75, 0xb0, 0x7f, 0x10,
    0x0, 0xe, 0xb0, 0x0, 0x9e, 0xe, 0x51, 0xf5,
    0x7f, 0x10, 0x0, 0xf, 0xee, 0x60, 0x9e, 0x7e,
    0x0, 0x8d, 0x7f, 0x10, 0x2b, 0xff, 0xfd, 0x40,
    0x9e, 0xd5, 0x45, 0x2e, 0x9f, 0x10, 0x1f, 0xef,
    0xb0, 0x0, 0x9e, 0x0, 0xed, 0x0, 0x7f, 0x10,
    0x3, 0xe, 0xb0, 0x28, 0xcf, 0x88, 0xfe, 0x88,
    0xcf, 0x92, 0x0, 0xe, 0xb0, 0x4f, 0xff, 0xff,
    0xff, 0xff, 0xff, 0xf4, 0x0, 0xe, 0xb0, 0x0,
    0x0, 0xa, 0xff, 0x70, 0x0, 0x0, 0x0, 0xe,
    0xb0, 0x0, 0x0, 0x5f, 0xa9, 0xf4, 0x0, 0x0,
    0x0, 0xf, 0xb0, 0x0, 0x8, 0xfe, 0x11, 0xdf,
    0x81, 0x0, 0x9, 0xcf, 0x90, 0x49, 0xef, 0xc1,
    0x0, 0x1b, 0xff, 0xb3, 0x8, 0xfc, 0x20, 0x7f,
    0xb5, 0x0, 0x0, 0x0, 0x4a, 0xd0, 0x0, 0x0,
    0x0, 0x0, 0x0, 0x0, 0x0, 0x0, 0x0, 0x0,

    /* U+63F4 "援" */
    0x0, 0xb, 0xc0, 0x0, 0x0, 0x0, 0x13, 0x57,
    0xa6, 0x0, 0x0, 0xd, 0xe0, 0x9, 0xde, 0xff,
    0xff, 0xff, 0xfc, 0x10, 0x0, 0xd, 0xe0, 0x5,
    0x9a, 0x78, 0xc6, 0x31, 0x96, 0x0, 0x0, 0xd,
    0xe0, 0x0, 0xcd, 0x4, 0xf5, 0x4, 0xfa, 0x0,
    0x2f, 0xff, 0xff, 0xe0, 0x7f, 0x31, 0xf9, 0xc,
    0xe1, 0x0, 0x1c, 0xcf, 0xfc, 0xb3, 0x9e, 0x97,
    0xc8, 0x9f, 0xb7, 0x30, 0x0, 0xd, 0xe0, 0x7,
    0xff, 0xff, 0xff, 0xff, 0xff, 0x80, 0x0, 0xd,
    0xe0, 0x0, 0x1, 0xfc, 0x0, 0x0, 0x0, 0x0,
    0x0, 0xd, 0xe0, 0x9, 0x9a, 0xfe, 0x99, 0x99,
    0x99, 0x91, 0x0, 0xd, 0xe5, 0x8d, 0xff, 0xff,
    0xff, 0xff, 0xff, 0xf1, 0x3, 0x7f, 0xff, 0xf0,
    0x6, 0xf6, 0x0, 0x0, 0x0, 0x0, 0x4f, 0xff,
    0xf7, 0x20, 0xa, 0xff, 0xff, 0xff, 0xf9, 0x0,
    0x2b, 0x6e, 0xe0, 0x0, 0xe, 0xfd, 0x77, 0x7a,
    0xf7, 0x0, 0x0, 0xd, 0xe0, 0x0, 0x5f, 0xff,
    0x30, 0xd, 0xf1, 0x0, 0x0, 0xd, 0xe0, 0x0,
    0xcf, 0x3e, 0xf4, 0x9f, 0x70, 0x0, 0x0, 0xd,
    0xe0, 0x7, 0xf9, 0x2, 0xff, 0xfb, 0x0, 0x0,
    0x0, 0xd, 0xe0, 0x6f, 0xe1, 0x5, 0xdf, 0xfe,
    0x71, 0x0, 0xa, 0xcf, 0xd5, 0xfe, 0x39, 0xef,
    0xe7, 0x9f, 0xff, 0xd3, 0x9, 0xfd, 0x40, 0xa2,
    0x9, 0xc7, 0x10, 0x1, 0x7b, 0xb0, 0x0, 0x0,
    0x0, 0x0, 0x0, 0x0, 0x0, 0x0, 0x0, 0x0,

    /* U+6444 "摄" */
    0x0, 0xd, 0xa0, 0x0, 0x0, 0x0, 0x0, 0x0,
    0x0, 0x0, 0x0, 0xf, 0xb0, 0x8f, 0xff, 0xff,
    0xff, 0xff, 0xff, 0xe0, 0x0, 0xf, 0xb0, 0x36,
    0xfb, 0x55, 0x55, 0x5a, 0xf7, 0x40, 0x0, 0xf,
    0xb0, 0x1, 0xfb, 0x55, 0x55, 0x5a, 0xf3, 0x0,
    0x2f, 0xff, 0xff, 0x71, 0xfe, 0xdd, 0xdd, 0xde,
    0xf3, 0x0, 0x1a, 0xaf, 0xea, 0x41, 0xf9, 0x0,
    0x0, 0x7, 0xf3, 0x0, 0x0, 0xf, 0xb0, 0x1,
    0xff, 0xff, 0xff, 0xff, 0xf3, 0x0, 0x0, 0xf,
    0xb0, 0x1, 0xf9, 0x0, 0x0, 0x7, 0xf4, 0x20,
    0x0, 0xf, 0xc7, 0x5c, 0xfe, 0xdd, 0xef, 0xff,
    0xff, 0xf1, 0x1, 0x6f, 0xff, 0x7b, 0xaa, 0x98,
    0x77, 0x6a, 0xf6, 0x30, 0x4f, 0xff, 0xd1, 0x67,
    0x77, 0x75, 0x67, 0x78, 0x98, 0x40, 0xb, 0x5f,
    0xb0, 0xdf, 0xff, 0xfd, 0xef, 0xff, 0xff, 0x80,
    0x0, 0xf, 0xb0, 0x12, 0x3, 0xf8, 0x3f, 0x50,
    0x7f, 0x30, 0x0, 0xf, 0xb0, 0xbe, 0x4a, 0xf2,
    0xb, 0xc1, 0xed, 0x0, 0x0, 0xf, 0xb0, 0x2d,
    0xff, 0x90, 0x4, 0xfc, 0xf3, 0x0, 0x0, 0xf,
    0xb0, 0x3, 0xff, 0xb0, 0x0, 0xef, 0xa0, 0x0,
    0x0, 0xf, 0xb0, 0x2e, 0xfa, 0xf8, 0x1a, 0xff,
    0xf5, 0x0, 0xa, 0xcf, 0xa7, 0xff, 0x40, 0x69,
    0xff, 0x95, 0xff, 0xc2, 0x9, 0xfc, 0x24, 0xc2,
    0x0, 0x9, 0xb3, 0x0, 0x2a, 0xb0, 0x0, 0x0,
    0x0, 0x0, 0x0, 0x0, 0x0, 0x0, 0x0, 0x0,

    /* U+64A4 "撤" */
    0x0, 0x3d, 0x50, 0x0, 0x7b, 0x0, 0x0, 0xbc,
    0x0, 0x0, 0x0, 0x3f, 0x60, 0x0, 0x6f, 0x20,
    0x0, 0xec, 0x0, 0x0, 0x0, 0x3f, 0x60, 0xbd,
    0xef, 0xed, 0xd2, 0xfa, 0x0, 0x0, 0x0, 0x3f,
    0x60, 0x8a, 0xfd, 0xaa, 0xa4, 0xfc, 0x77, 0x72,
    0x1f, 0xff, 0xff, 0x17, 0xf2, 0x86, 0x6, 0xff,
    0xff, 0xf5, 0x1c, 0xdf, 0xec, 0x3f, 0x92, 0xbe,
    0xb, 0xf2, 0x4f, 0x80, 0x0, 0x3f, 0x60, 0xbf,
    0xff, 0xff, 0x7f, 0xf0, 0x4f, 0x50, 0x0, 0x3f,
    0x60, 0x46, 0x41, 0x6, 0xaf, 0xf1, 0x6f, 0x20,
    0x0, 0x3f, 0x60, 0x5f, 0xff, 0xff, 0xbe, 0xf4,
    0x8f, 0x0, 0x0, 0x4f, 0xef, 0x7f, 0x87, 0xbf,
    0x24, 0xd7, 0xcd, 0x0, 0x3c, 0xff, 0xfe, 0x8f,
    0x20, 0x7f, 0x10, 0x9b, 0xf9, 0x0, 0x2f, 0xff,
    0x80, 0x5f, 0xff, 0xff, 0x10, 0x6f, 0xf4, 0x0,
    0x3, 0x3f, 0x60, 0x5f, 0x65, 0xaf, 0x10, 0x2f,
    0xf0, 0x0, 0x0, 0x3f, 0x60, 0x5f, 0x75, 0xaf,
    0x10, 0x1f, 0xc0, 0x0, 0x0, 0x3f, 0x60, 0x5f,
    0xff, 0xff, 0x10, 0x8f, 0xf2, 0x0, 0x0, 0x3f,
    0x60, 0x5f, 0x20, 0x7f, 0x11, 0xfd, 0xfa, 0x0,
    0x0, 0x3f, 0x60, 0x5f, 0x20, 0x7f, 0x2c, 0xf3,
    0x9f, 0x60, 0x8, 0xcf, 0x50, 0x5f, 0x28, 0xdf,
    0xbf, 0x80, 0x1e, 0xf2, 0x8, 0xfb, 0x0, 0x5f,
    0x29, 0xd7, 0x5a, 0x0, 0x4, 0x90, 0x0, 0x0,
    0x0, 0x0, 0x0, 0x0, 0x0, 0x0, 0x0, 0x0,

    /* U+64C7 "擇" */
    0x0, 0x8, 0x70, 0x1, 0x22, 0x22, 0x22, 0x22,
    0x22, 0x10, 0x0, 0xe, 0xd0, 0x5, 0xff, 0xff,
    0xff, 0xff, 0xff, 0x80, 0x0, 0xe, 0xd0, 0x5,
    0xf3, 0x5f, 0x44, 0xf6, 0x1f, 0x80, 0x0, 0xe,
    0xd0, 0x5, 0xf4, 0x6f, 0x55, 0xf7, 0x2f, 0x80,
    0x2f, 0xff, 0xff, 0xb5, 0xff, 0xff, 0xff, 0xff,
    0xff, 0x80, 0x1a, 0xaf, 0xfa, 0x70, 0x11, 0x11,
    0xfd, 0x11, 0x11, 0x0, 0x0, 0xe, 0xd0, 0x1,
    0xff, 0xff, 0xff, 0xff, 0xff, 0x30, 0x0, 0xe,
    0xd0, 0x0, 0x66, 0x66, 0xfe, 0x66, 0x66, 0x10,
    0x0, 0xe, 0xd1, 0x33, 0x33, 0x33, 0xfd, 0x33,
    0x33, 0x20, 0x0, 0x3f, 0xff, 0xaf, 0xff, 0xff,
    0xff, 0xff, 0xff, 0xd0, 0x4e, 0xff, 0xfb, 0x53,
    0x38, 0xf4, 0x33, 0x4f, 0xb3, 0x30, 0x2f, 0xaf,
    0xd0, 0x0, 0x5, 0xf6, 0x0, 0x5f, 0x70, 0x0,
    0x0, 0xe, 0xd0, 0x8, 0xff, 0xff, 0xff, 0xff,
    0xff, 0x60, 0x0, 0xe, 0xd0, 0x3, 0x66, 0x66,
    0xfe, 0x66, 0x66, 0x20, 0x0, 0xe, 0xd0, 0x15,
    0x55, 0x55, 0xfe, 0x55, 0x55, 0x50, 0x0, 0xe,
    0xd0, 0x4f, 0xff, 0xff, 0xff, 0xff, 0xff, 0xf1,
    0x0, 0xe, 0xd0, 0x0, 0x0, 0x0, 0xfd, 0x0,
    0x0, 0x0, 0xc, 0xdf, 0xb0, 0x0, 0x0, 0x0,
    0xfd, 0x0, 0x0, 0x0, 0xa, 0xeb, 0x30, 0x0,
    0x0, 0x0, 0xfd, 0x0, 0x0, 0x0,

    /* U+64CA "擊" */
    0x0, 0x0, 0x3d, 0x30, 0x0, 0x3, 0x44, 0x44,
    0x30, 0x0, 0xb, 0xff, 0xff, 0xff, 0xfd, 0xc,
    0xff, 0xff, 0xa0, 0x0, 0x1, 0x66, 0x8f, 0x86,
    0x62, 0xf, 0xc0, 0xf, 0xa0, 0x0, 0x2, 0xf7,
    0x9f, 0x86, 0xf8, 0xcf, 0x60, 0xd, 0xfc, 0xd2,
    0x2, 0xfc, 0xcf, 0xcb, 0xfd, 0xf7, 0x0, 0x3,
    0x89, 0x81, 0x2, 0xf9, 0xaf, 0xa8, 0xf5, 0x3f,
    0xff, 0xff, 0xf9, 0x0, 0x2, 0x55, 0x8f, 0x85,
    0x52, 0x1b, 0xe7, 0x6c, 0xf3, 0x0, 0x2e, 0xfe,
    0xff, 0xfe, 0xff, 0x3, 0xec, 0x8f, 0x60, 0x0,
    0x2, 0xf1, 0x3f, 0x30, 0xf5, 0x37, 0xcf, 0xfe,
    0x85, 0x10, 0x2, 0xff, 0xff, 0xff, 0xfa, 0xff,
    0xc6, 0x4b, 0xff, 0xf3, 0x1, 0x55, 0x66, 0x66,
    0x66, 0xa8, 0x89, 0xac, 0xc6, 0x50, 0x1, 0xdd,
    0xdd, 0xdc, 0xcf, 0xfa, 0x98, 0x75, 0x31, 0x0,
    0x0, 0x35, 0x55, 0x55, 0x5f, 0xf5, 0x55, 0x55,
    0x51, 0x0, 0x0, 0x7d, 0xdd, 0xdd, 0xdf, 0xfd,
    0xdd, 0xdd, 0xd2, 0x0, 0x14, 0x44, 0x44, 0x44,
    0x4f, 0xf4, 0x44, 0x44, 0x44, 0x41, 0x4f, 0xff,
    0xff, 0xff, 0xff, 0xff, 0xff, 0xff, 0xff, 0xf5,
    0x0, 0x0, 0x0, 0x0, 0xe, 0xf0, 0x0, 0x0,
    0x0, 0x0, 0x0, 0x0, 0x0, 0x56, 0x6f, 0xe0,
    0x0, 0x0, 0x0, 0x0, 0x0, 0x0, 0x0, 0x8f,
    0xfd, 0x50, 0x0, 0x0, 0x0, 0x0,

    /* U+64CD "操" */
    0x0, 0xd, 0xb0, 0x0, 0x1, 0x11, 0x11, 0x11,
    0x10, 0x0, 0x0, 0xf, 0xc0, 0x0, 0xb, 0xff,
    0xff, 0xff, 0xc0, 0x0, 0x0, 0xf, 0xc0, 0x0,
    0xb, 0xf4, 0x44, 0x4f, 0xc0, 0x0, 0x0, 0xf,
    0xd0, 0x0, 0xb, 0xe0, 0x0, 0xf, 0xc0, 0x0,
    0x1f, 0xff, 0xff, 0x90, 0xb, 0xff, 0xff, 0xff,
    0xc0, 0x0, 0xa, 0xaf, 0xea, 0x60, 0x3, 0x44,
    0x44, 0x44, 0x30, 0x0, 0x0, 0xf, 0xc0, 0xa,
    0xff, 0xff, 0x78, 0xff, 0xff, 0xb0, 0x0, 0xf,
    0xc0, 0xa, 0xd5, 0x5f, 0x78, 0xf5, 0x5d, 0xc0,
    0x0, 0xf, 0xc0, 0x1a, 0xc0, 0xf, 0x78, 0xe0,
    0xc, 0xc0, 0x0, 0xf, 0xfe, 0x8a, 0xd5, 0x5f,
    0x78, 0xf5, 0x5d, 0xc0, 0x7, 0xcf, 0xff, 0x7a,
    0xff, 0xff, 0x78, 0xff, 0xff, 0xb0, 0x1f, 0xdf,
    0xd0, 0x0, 0x0, 0x0, 0xed, 0x0, 0x0, 0x0,
    0x1, 0xf, 0xc0, 0xf, 0xff, 0xff, 0xff, 0xff,
    0xff, 0xf2, 0x0, 0xf, 0xc0, 0x9, 0x99, 0xaf,
    0xff, 0xfa, 0x99, 0x91, 0x0, 0xf, 0xc0, 0x0,
    0x1, 0xcf, 0xff, 0xfb, 0x0, 0x0, 0x0, 0xf,
    0xc0, 0x0, 0x2e, 0xf8, 0xfd, 0x9f, 0xb1, 0x0,
    0x0, 0xf, 0xc0, 0x2a, 0xff, 0x70, 0xed, 0x9,
    0xfe, 0x60, 0x5, 0xbf, 0xb2, 0xff, 0xd4, 0x0,
    0xed, 0x0, 0x6f, 0xf3, 0x4, 0xfd, 0x40, 0x66,
    0x0, 0x0, 0xed, 0x0, 0x2, 0x40,

    /* U+651D "攝" */
    0x0, 0xd, 0x80, 0x13, 0x33, 0x33, 0x33, 0x33,
    0x33, 0x10, 0x0, 0xf, 0x90, 0x5f, 0xff, 0xff,
    0xff, 0xff, 0xff, 0x50, 0x0, 0xf, 0x90, 0x1,
    0x9f, 0x52, 0x22, 0x9f, 0x41, 0x0, 0x0, 0xf,
    0x90, 0x0, 0x8f, 0xfe, 0xee, 0xff, 0x30, 0x0,
    0x1f, 0xff, 0xff, 0x20, 0x8f, 0x63, 0x33, 0xaf,
    0x30, 0x0, 0x1c, 0xcf, 0xec, 0x10, 0x8f, 0xdc,
    0xcc, 0xef, 0x30, 0x0, 0x0, 0xf, 0x90, 0x12,
    0xaf, 0x75, 0x56, 0xbf, 0xa8, 0x30, 0x0, 0xf,
    0x90, 0x7f, 0xff, 0xff, 0xfe, 0xff, 0xdc, 0x50,
    0x0, 0xf, 0xed, 0x11, 0x10, 0x0, 0x0, 0x7d,
    0x30, 0x0, 0x0, 0x7f, 0xff, 0xcc, 0xcc, 0xcc,
    0xac, 0xcc, 0xcc, 0xc0, 0x2e, 0xff, 0xa3, 0xbf,
    0x66, 0xfa, 0x5f, 0xa6, 0xaf, 0x60, 0xd, 0x7f,
    0x90, 0x8f, 0xcc, 0xf7, 0xf, 0xec, 0xef, 0x0,
    0x0, 0xf, 0x90, 0x8f, 0x45, 0xf7, 0xf, 0x94,
    0x9f, 0x0, 0x0, 0xf, 0x90, 0x8f, 0xaa, 0xf7,
    0xf, 0xda, 0xdf, 0x0, 0x0, 0xf, 0x90, 0x8f,
    0x89, 0xf7, 0xf, 0xc8, 0xcf, 0x0, 0x0, 0xf,
    0x92, 0xaf, 0x68, 0xfd, 0x3f, 0xa6, 0xbf, 0x90,
    0x0, 0xf, 0x98, 0xff, 0xfc, 0xfc, 0xaf, 0xfe,
    0xef, 0xb0, 0x9, 0xbf, 0x83, 0x52, 0x0, 0xf7,
    0x0, 0x0, 0x7f, 0x0, 0xa, 0xfc, 0x10, 0x0,
    0x0, 0xf7, 0x0, 0x0, 0x7f, 0x0, 0x0, 0x0,
    0x0, 0x0, 0x0, 0x21, 0x0, 0x0, 0x12, 0x0,

    /* U+652F "支" */
    0x0, 0x0, 0x0, 0x0, 0x2a, 0x70, 0x0, 0x0,
    0x0, 0x0, 0x0, 0x0, 0x0, 0x0, 0x4f, 0xa0,
    0x0, 0x0, 0x0, 0x0, 0x0, 0x0, 0x0, 0x0,
    0x4f, 0xb0, 0x0, 0x0, 0x0, 0x0, 0xc, 0xff,
    0xff, 0xff, 0xff, 0xff, 0xff, 0xff, 0xff, 0x30,
    0xa, 0xdd, 0xdd, 0xdd, 0xef, 0xfd, 0xdd, 0xdd,
    0xdd, 0x30, 0x0, 0x0, 0x0, 0x0, 0x4f, 0xa0,
    0x0, 0x0, 0x0, 0x0, 0x0, 0x0, 0x0, 0x0,
    0x4f, 0xa0, 0x0, 0x0, 0x0, 0x0, 0x0, 0x22,
    0x22, 0x22, 0x6f, 0xb2, 0x22, 0x21, 0x0, 0x0,
    0x0, 0xcf, 0xff, 0xff, 0xff, 0xff, 0xff, 0xff,
    0x70, 0x0, 0x0, 0x9b, 0xff, 0xbb, 0xbb, 0xbb,
    0xbb, 0xff, 0x30, 0x0, 0x0, 0x0, 0xcf, 0x60,
    0x0, 0x0, 0x9, 0xf9, 0x0, 0x0, 0x0, 0x0,
    0x2f, 0xf2, 0x0, 0x0, 0x5f, 0xf1, 0x0, 0x0,
    0x0, 0x0, 0x7, 0xfe, 0x30, 0x5, 0xff, 0x50,
    0x0, 0x0, 0x0, 0x0, 0x0, 0x8f, 0xf5, 0x8f,
    0xf4, 0x0, 0x0, 0x0, 0x0, 0x0, 0x0, 0x8,
    0xff, 0xff, 0x30, 0x0, 0x0, 0x0, 0x0, 0x0,
    0x2, 0x7d, 0xff, 0xff, 0xc6, 0x0, 0x0, 0x0,
    0x2, 0x58, 0xcf, 0xff, 0xb4, 0x7e, 0xff, 0xfb,
    0x85, 0x20, 0x5f, 0xff, 0xfe, 0x82, 0x0, 0x0,
    0x5c, 0xff, 0xff, 0xc0, 0xb, 0xa6, 0x20, 0x0,
    0x0, 0x0, 0x0, 0x3, 0x7a, 0x20,

    /* U+6536 "收" */
    0x0, 0x0, 0x3, 0x40, 0x0, 0x66, 0x10, 0x0,
    0x0, 0x0, 0x0, 0x0, 0xcf, 0x10, 0xd, 0xf2,
    0x0, 0x0, 0x0, 0x8, 0x60, 0xc, 0xf1, 0x1,
    0xfe, 0x0, 0x0, 0x0, 0x1, 0xfc, 0x0, 0xcf,
    0x10, 0x5f, 0xb0, 0x0, 0x0, 0x0, 0x1f, 0xc0,
    0xc, 0xf1, 0x9, 0xff, 0xff, 0xff, 0xff, 0x11,
    0xfc, 0x0, 0xcf, 0x10, 0xef, 0xbb, 0xbc, 0xfe,
    0xb1, 0x1f, 0xc0, 0xc, 0xf1, 0x6f, 0xf0, 0x0,
    0x4f, 0x90, 0x1, 0xfc, 0x0, 0xcf, 0x2d, 0xff,
    0x40, 0x8, 0xf5, 0x0, 0x1f, 0xc0, 0xc, 0xfb,
    0xfd, 0xf9, 0x0, 0xbf, 0x10, 0x1, 0xfc, 0x0,
    0xcf, 0x6f, 0x2c, 0xe0, 0x1f, 0xd0, 0x0, 0x1f,
    0xc0, 0xc, 0xf1, 0x20, 0x7f, 0x66, 0xf8, 0x0,
    0x1, 0xfc, 0x1, 0xdf, 0x10, 0x1, 0xfd, 0xdf,
    0x10, 0x0, 0x2f, 0xeb, 0xff, 0xf1, 0x0, 0x8,
    0xff, 0xa0, 0x0, 0x8, 0xff, 0xfc, 0xef, 0x10,
    0x0, 0x2f, 0xf4, 0x0, 0x0, 0x6f, 0x92, 0xc,
    0xf1, 0x0, 0xb, 0xff, 0xd1, 0x0, 0x0, 0x10,
    0x0, 0xcf, 0x10, 0xa, 0xfd, 0xcf, 0xc0, 0x0,
    0x0, 0x0, 0xc, 0xf1, 0x3c, 0xfd, 0x11, 0xdf,
    0xd3, 0x0, 0x0, 0x0, 0xcf, 0x4f, 0xfc, 0x10,
    0x1, 0xcf, 0xe1, 0x0, 0x0, 0xc, 0xf1, 0x97,
    0x0, 0x0, 0x0, 0x84, 0x0, 0x0, 0x0, 0x0,
    0x0, 0x0, 0x0, 0x0, 0x0, 0x0,

    /* U+6539 "改" */
    0x0, 0x0, 0x0, 0x0, 0x0, 0xa, 0x60, 0x0,
    0x0, 0x2, 0x55, 0x55, 0x55, 0x50, 0x4, 0xfb,
    0x0, 0x0, 0x0, 0x5f, 0xff, 0xff, 0xfe, 0x0,
    0x8f, 0x70, 0x0, 0x0, 0x2, 0x77, 0x77, 0x7f,
    0xe0, 0xd, 0xf3, 0x0, 0x0, 0x0, 0x0, 0x0,
    0x0, 0xfe, 0x1, 0xff, 0xff, 0xff, 0xff, 0x40,
    0x0, 0x0, 0xf, 0xe0, 0x7f, 0xdb, 0xbb, 0xff,
    0xb3, 0x0, 0x0, 0x0, 0xfe, 0xe, 0xf9, 0x0,
    0xf, 0xf0, 0x1, 0xcc, 0xcc, 0xcf, 0xe7, 0xff,
    0xd0, 0x3, 0xfc, 0x0, 0x1f, 0xff, 0xff, 0xff,
    0xff, 0xcf, 0x20, 0x6f, 0x80, 0x1, 0xfc, 0x0,
    0x0, 0xa, 0x84, 0xf7, 0xb, 0xf4, 0x0, 0x1f,
    0xc0, 0x0, 0x0, 0x0, 0xf, 0xe2, 0xfe, 0x0,
    0x1, 0xfc, 0x0, 0x0, 0x0, 0x0, 0x9f, 0xdf,
    0x70, 0x0, 0x1f, 0xc0, 0x0, 0x0, 0x0, 0x2,
    0xff, 0xf1, 0x0, 0x1, 0xfc, 0x0, 0x17, 0xb0,
    0x0, 0xd, 0xfb, 0x0, 0x0, 0x2f, 0xd6, 0xbf,
    0xff, 0x0, 0xb, 0xff, 0xf7, 0x0, 0x6, 0xff,
    0xff, 0xd7, 0x10, 0x1b, 0xfe, 0x6f, 0xf7, 0x0,
    0x9f, 0xfa, 0x30, 0x0, 0x7f, 0xfe, 0x20, 0x5f,
    0xfc, 0x23, 0x81, 0x0, 0x0, 0x1e, 0xfa, 0x10,
    0x0, 0x4e, 0xf3, 0x0, 0x0, 0x0, 0x0, 0x54,
    0x0, 0x0, 0x0, 0x14, 0x0,

    /* U+6548 "效" */
    0x0, 0x0, 0x57, 0x0, 0x0, 0x0, 0x39, 0x30,
    0x0, 0x0, 0x0, 0x0, 0xbf, 0x50, 0x0, 0x0,
    0x7f, 0x50, 0x0, 0x0, 0x0, 0x0, 0x2f, 0xb0,
    0x0, 0x0, 0xbf, 0x20, 0x0, 0x0, 0xc, 0xdd,
    0xdf, 0xdd, 0xdd, 0x40, 0xef, 0x11, 0x11, 0x10,
    0xd, 0xdd, 0xdd, 0xdd, 0xdd, 0x52, 0xff, 0xff,
    0xff, 0xf1, 0x0, 0xa, 0x50, 0x1a, 0x40, 0x7,
    0xfc, 0xaa, 0xef, 0xa1, 0x0, 0x7f, 0x60, 0x1e,
    0xe1, 0xc, 0xf1, 0x0, 0xee, 0x0, 0x0, 0xee,
    0x0, 0x5, 0xf9, 0x3f, 0xf0, 0x1, 0xfa, 0x0,
    0xa, 0xf6, 0x0, 0x46, 0xdf, 0xdf, 0xf4, 0x5,
    0xf7, 0x0, 0x3f, 0xb7, 0x60, 0xcf, 0x46, 0xfc,
    0xf9, 0x9, 0xf3, 0x0, 0x6, 0x3e, 0xf7, 0xfb,
    0x0, 0x82, 0xbf, 0x1e, 0xe0, 0x0, 0x0, 0x2,
    0xef, 0xf5, 0x0, 0x0, 0x5f, 0xbf, 0x80, 0x0,
    0x0, 0x0, 0x4f, 0xf3, 0x0, 0x0, 0xe, 0xff,
    0x10, 0x0, 0x0, 0x0, 0xbf, 0xfe, 0x10, 0x0,
    0x9, 0xfb, 0x0, 0x0, 0x0, 0x7, 0xfb, 0x9f,
    0xb0, 0x0, 0x4f, 0xff, 0x40, 0x0, 0x0, 0x6f,
    0xe1, 0xd, 0xf4, 0x3, 0xff, 0x9f, 0xe2, 0x0,
    0x9, 0xff, 0x30, 0x3, 0x70, 0x8f, 0xf6, 0x8,
    0xfe, 0x40, 0x1d, 0xe2, 0x0, 0x0, 0x1d, 0xfe,
    0x50, 0x0, 0xaf, 0xf2, 0x1, 0x10, 0x0, 0x0,
    0x6, 0xa1, 0x0, 0x0, 0x6, 0x70,

    /* U+6557 "敗" */
    0x0, 0x0, 0x0, 0x0, 0x0, 0x3, 0xc7, 0x0,
    0x0, 0x0, 0x1, 0xff, 0xff, 0xff, 0xf1, 0x7,
    0xf9, 0x0, 0x0, 0x0, 0x1, 0xfd, 0x77, 0x7e,
    0xf1, 0xb, 0xf5, 0x0, 0x0, 0x0, 0x1, 0xfb,
    0x0, 0xc, 0xf1, 0xf, 0xf4, 0x33, 0x33, 0x31,
    0x1, 0xfd, 0x55, 0x5e, 0xf1, 0x4f, 0xff, 0xff,
    0xff, 0xf6, 0x1, 0xff, 0xff, 0xff, 0xf1, 0xaf,
    0xc8, 0x8a, 0xfe, 0x83, 0x1, 0xfb, 0x11, 0x1d,
    0xf3, 0xff, 0xa0, 0x4, 0xfa, 0x0, 0x1, 0xfb,
    0x0, 0xc, 0xfc, 0xff, 0xe0, 0x8, 0xf7, 0x0,
    0x1, 0xfd, 0x77, 0x7e, 0xff, 0xfd, 0xf2, 0xb,
    0xf3, 0x0, 0x1, 0xff, 0xff, 0xff, 0xfc, 0x67,
    0xf8, 0x1f, 0xf0, 0x0, 0x1, 0xfb, 0x0, 0xc,
    0xf1, 0x2, 0xfe, 0x6f, 0x90, 0x0, 0x1, 0xfb,
    0x0, 0xd, 0xf1, 0x0, 0xbf, 0xef, 0x30, 0x0,
    0x1, 0xff, 0xff, 0xff, 0xf1, 0x0, 0x4f, 0xfc,
    0x0, 0x0, 0x0, 0x89, 0x88, 0x89, 0x80, 0x0,
    0x2f, 0xf9, 0x0, 0x0, 0x0, 0x2f, 0xb0, 0xbe,
    0x10, 0x1, 0xdf, 0xff, 0x60, 0x0, 0x0, 0xaf,
    0x50, 0x5f, 0xb0, 0x3d, 0xfc, 0x7f, 0xf6, 0x0,
    0x5, 0xfd, 0x0, 0xb, 0xfa, 0xff, 0xc1, 0x8,
    0xff, 0xb2, 0x1f, 0xf3, 0x0, 0x2, 0x6e, 0xf9,
    0x0, 0x0, 0x7f, 0xf4, 0x3, 0x50, 0x0, 0x0,
    0x4, 0x40, 0x0, 0x0, 0x2, 0x50,

    /* U+6566 "敦" */
    0x0, 0x0, 0x5d, 0x50, 0x0, 0x0, 0x5b, 0x40,
    0x0, 0x0, 0x0, 0x0, 0x2f, 0xb0, 0x0, 0x0,
    0xaf, 0x40, 0x0, 0x0, 0x9, 0x99, 0x9f, 0xfa,
    0x99, 0x70, 0xef, 0x0, 0x0, 0x0, 0xe, 0xff,
    0xff, 0xff, 0xff, 0xc2, 0xfc, 0x0, 0x0, 0x0,
    0x0, 0x12, 0x22, 0x22, 0x21, 0x7, 0xfe, 0xcc,
    0xcc, 0xc1, 0x0, 0xdf, 0xff, 0xff, 0xf9, 0xd,
    0xff, 0xff, 0xff, 0xf1, 0x0, 0xdb, 0x22, 0x23,
    0xf9, 0x4f, 0xf1, 0x2, 0xfa, 0x0, 0x0, 0xdd,
    0x66, 0x67, 0xf9, 0xdf, 0xf5, 0x5, 0xf7, 0x0,
    0x0, 0xcd, 0xdd, 0xdd, 0xdd, 0xfc, 0xf8, 0x8,
    0xf3, 0x0, 0x1, 0x22, 0x22, 0x22, 0x31, 0xc2,
    0xcd, 0xc, 0xf0, 0x0, 0x5, 0xff, 0xff, 0xff,
    0xfd, 0x10, 0x8f, 0x5f, 0xc0, 0x0, 0x1, 0x33,
    0x33, 0xaf, 0xe3, 0x0, 0x3f, 0xef, 0x60, 0x0,
    0x0, 0x0, 0xa, 0xfa, 0x10, 0x0, 0xd, 0xff,
    0x0, 0x0, 0x0, 0x2, 0x3d, 0xf9, 0xbd, 0x80,
    0x9, 0xfb, 0x0, 0x0, 0x4e, 0xff, 0xff, 0xff,
    0xec, 0x60, 0x3f, 0xff, 0x40, 0x0, 0x2d, 0xb9,
    0x7e, 0xe1, 0x0, 0x1, 0xef, 0xbf, 0xe1, 0x0,
    0x0, 0x0, 0xc, 0xe0, 0x0, 0x3d, 0xf9, 0xa,
    0xfe, 0x30, 0x0, 0x28, 0x8f, 0xd0, 0x6, 0xff,
    0xa0, 0x0, 0xbf, 0xf3, 0x0, 0xf, 0xfd, 0x50,
    0x2, 0xe6, 0x0, 0x0, 0x8, 0xa0, 0x0, 0x0,
    0x0, 0x0, 0x0, 0x0, 0x0, 0x0, 0x0, 0x0,

    /* U+6570 "数" */
    0x0, 0x40, 0x1e, 0x90, 0x33, 0x0, 0x79, 0x0,
    0x0, 0x0, 0x3, 0xf8, 0x1f, 0xa0, 0xde, 0x10,
    0xdf, 0x0, 0x0, 0x0, 0x0, 0xbe, 0x1f, 0xa7,
    0xf4, 0x0, 0xfc, 0x0, 0x0, 0x0, 0x3, 0x8a,
    0x5f, 0xc6, 0x93, 0x24, 0xf9, 0x11, 0x11, 0x10,
    0xf, 0xff, 0xff, 0xff, 0xff, 0xa7, 0xff, 0xff,
    0xff, 0xf0, 0x4, 0x45, 0xff, 0xfc, 0x44, 0x2b,
    0xfb, 0xaa, 0xfe, 0xa0, 0x0, 0x2d, 0xff, 0xdf,
    0xe4, 0x1f, 0xf6, 0x2, 0xf9, 0x0, 0x7, 0xff,
    0x5f, 0xa2, 0xdb, 0x8f, 0xfb, 0x5, 0xf5, 0x0,
    0x1e, 0xd3, 0x1f, 0xa0, 0x13, 0xfe, 0xdf, 0x8,
    0xf2, 0x0, 0x3, 0x0, 0x89, 0x0, 0x3, 0xe6,
    0x7f, 0x4d, 0xf0, 0x0, 0x6, 0x89, 0xfe, 0x88,
    0x96, 0x20, 0x2f, 0xaf, 0xa0, 0x0, 0xa, 0xff,
    0xff, 0xff, 0xfb, 0x0, 0xc, 0xff, 0x30, 0x0,
    0x0, 0x2f, 0xb0, 0x7, 0xf4, 0x0, 0x7, 0xfd,
    0x0, 0x0, 0x0, 0xcf, 0x91, 0x3f, 0xc0, 0x0,
    0xa, 0xfe, 0x10, 0x0, 0x0, 0x3b, 0xff, 0xef,
    0x20, 0x0, 0x7f, 0xff, 0xb0, 0x0, 0x0, 0x0,
    0x9f, 0xff, 0x60, 0x6, 0xfe, 0x2c, 0xf8, 0x0,
    0x1, 0x6d, 0xfc, 0x6d, 0xc2, 0xbf, 0xe2, 0x1,
    0xef, 0xb1, 0x1f, 0xfd, 0x60, 0x0, 0x1c, 0xfc,
    0x20, 0x0, 0x2d, 0xf2, 0x4, 0x30, 0x0, 0x0,
    0x2, 0x70, 0x0, 0x0, 0x0, 0x30,

    /* U+6574 "整" */
    0x0, 0x0, 0x0, 0x0, 0x0, 0x0, 0x0, 0x0,
    0x0, 0x0, 0x0, 0x0, 0x1f, 0x90, 0x0, 0x0,
    0x9d, 0x20, 0x0, 0x0, 0xd, 0xff, 0xff, 0xff,
    0xff, 0x40, 0xee, 0x0, 0x0, 0x0, 0x6, 0x66,
    0x7f, 0xc6, 0x66, 0x15, 0xff, 0xee, 0xee, 0xe0,
    0x1, 0x44, 0x5f, 0xb4, 0x44, 0x1e, 0xff, 0xff,
    0xff, 0xf0, 0x5, 0xfe, 0xef, 0xfd, 0xfd, 0xaf,
    0xf5, 0x5, 0xf9, 0x0, 0x5, 0xf3, 0x2f, 0xa0,
    0xce, 0xcd, 0xce, 0x1d, 0xf2, 0x0, 0x5, 0xff,
    0xff, 0xff, 0xfd, 0x1, 0x2f, 0xef, 0x80, 0x0,
    0x0, 0x15, 0xff, 0xde, 0x51, 0x0, 0xb, 0xff,
    0x20, 0x0, 0x0, 0x7f, 0xcf, 0xba, 0xf7, 0x4,
    0xcf, 0xdf, 0xf7, 0x10, 0x1d, 0xf9, 0x1f, 0x90,
    0x53, 0xcf, 0xf7, 0x4, 0xef, 0xf1, 0x5, 0x50,
    0x18, 0x50, 0x0, 0x49, 0x20, 0x0, 0x17, 0x70,
    0x0, 0xcf, 0xff, 0xff, 0xff, 0xff, 0xff, 0xff,
    0xfd, 0x0, 0x0, 0x67, 0x77, 0x77, 0x7f, 0xf7,
    0x77, 0x77, 0x76, 0x0, 0x0, 0x0, 0x0, 0x0,
    0xf, 0xe3, 0x33, 0x33, 0x10, 0x0, 0x0, 0x0,
    0xba, 0x0, 0xf, 0xff, 0xff, 0xff, 0x60, 0x0,
    0x0, 0x0, 0xed, 0x0, 0xf, 0xe3, 0x33, 0x33,
    0x10, 0x0, 0x0, 0x0, 0xed, 0x0, 0xf, 0xe0,
    0x0, 0x0, 0x0, 0x0, 0x9, 0x99, 0xff, 0x99,
    0x9f, 0xf9, 0x99, 0x99, 0x99, 0x91, 0x1f, 0xff,
    0xff, 0xff, 0xff, 0xff, 0xff, 0xff, 0xff, 0xf1,

    /* U+6587 "文" */
    0x0, 0x0, 0x0, 0x0, 0x0, 0x10, 0x0, 0x0,
    0x0, 0x0, 0x0, 0x0, 0x0, 0x0, 0x6f, 0xc0,
    0x0, 0x0, 0x0, 0x0, 0x0, 0x0, 0x0, 0x0,
    0x1f, 0xf4, 0x0, 0x0, 0x0, 0x0, 0x0, 0x0,
    0x0, 0x0, 0x9, 0xfa, 0x0, 0x0, 0x0, 0x0,
    0xa, 0xaa, 0xaa, 0xaa, 0xac, 0xda, 0xaa, 0xaa,
    0xaa, 0xa1, 0xf, 0xff, 0xff, 0xff, 0xff, 0xff,
    0xff, 0xff, 0xff, 0xf2, 0x3, 0x33, 0xcf, 0x63,
    0x33, 0x33, 0x37, 0xfd, 0x33, 0x30, 0x0, 0x0,
    0x4f, 0xb0, 0x0, 0x0, 0xc, 0xf6, 0x0, 0x0,
    0x0, 0x0, 0xc, 0xf3, 0x0, 0x0, 0x3f, 0xe0,
    0x0, 0x0, 0x0, 0x0, 0x5, 0xfc, 0x0, 0x0,
    0xbf, 0x70, 0x0, 0x0, 0x0, 0x0, 0x0, 0xcf,
    0x80, 0x6, 0xfe, 0x0, 0x0, 0x0, 0x0, 0x0,
    0x0, 0x1e, 0xf5, 0x3f, 0xf3, 0x0, 0x0, 0x0,
    0x0, 0x0, 0x0, 0x4, 0xff, 0xef, 0x70, 0x0,
    0x0, 0x0, 0x0, 0x0, 0x0, 0x0, 0x9f, 0xfc,
    0x0, 0x0, 0x0, 0x0, 0x0, 0x0, 0x0, 0x8,
    0xff, 0xff, 0xa1, 0x0, 0x0, 0x0, 0x0, 0x0,
    0x4, 0xdf, 0xf7, 0x6f, 0xfe, 0x50, 0x0, 0x0,
    0x0, 0x16, 0xcf, 0xfc, 0x20, 0x2, 0xcf, 0xfd,
    0x72, 0x0, 0x1a, 0xff, 0xfe, 0x70, 0x0, 0x0,
    0x7, 0xef, 0xff, 0xc2, 0xc, 0xfb, 0x50, 0x0,
    0x0, 0x0, 0x0, 0x4, 0xaf, 0xb0, 0x2, 0x20,
    0x0, 0x0, 0x0, 0x0, 0x0, 0x0, 0x1, 0x10,

    /* U+6599 "料" */
    0x0, 0x0, 0x65, 0x0, 0x0, 0x0, 0x0, 0x7,
    0x70, 0x0, 0x1, 0x10, 0xfc, 0x3, 0x20, 0x1,
    0x0, 0xd, 0xe0, 0x0, 0xe, 0x80, 0xfc, 0xc,
    0xe0, 0x6f, 0x60, 0xd, 0xe0, 0x0, 0xa, 0xd0,
    0xfc, 0xf, 0x90, 0x2d, 0xfa, 0xd, 0xe0, 0x0,
    0x6, 0xf1, 0xfc, 0x4f, 0x30, 0x0, 0xae, 0x1d,
    0xe0, 0x0, 0x3, 0xf4, 0xfc, 0x9d, 0x0, 0x0,
    0x2, 0xd, 0xe0, 0x0, 0x1, 0x51, 0xfc, 0x23,
    0x0, 0x30, 0x0, 0xd, 0xe0, 0x0, 0x1f, 0xff,
    0xff, 0xff, 0xe7, 0xfa, 0x10, 0xd, 0xe0, 0x0,
    0x1b, 0xbe, 0xff, 0xbb, 0xa1, 0xbf, 0xe3, 0xd,
    0xe0, 0x0, 0x0, 0xd, 0xff, 0x30, 0x0, 0x7,
    0xf2, 0xd, 0xe0, 0x0, 0x0, 0x4f, 0xff, 0xe1,
    0x0, 0x0, 0x10, 0xd, 0xe0, 0x0, 0x0, 0xad,
    0xfd, 0xec, 0x0, 0x0, 0x0, 0xe, 0xf9, 0xc3,
    0x2, 0xf7, 0xfc, 0x6f, 0x81, 0x47, 0xad, 0xff,
    0xff, 0xf5, 0xb, 0xf1, 0xfc, 0xc, 0x3f, 0xff,
    0xff, 0xcf, 0xf4, 0x10, 0x4f, 0x90, 0xfc, 0x0,
    0xa, 0x85, 0x20, 0xd, 0xe0, 0x0, 0x1e, 0x10,
    0xfc, 0x0, 0x0, 0x0, 0x0, 0xd, 0xe0, 0x0,
    0x2, 0x0, 0xfc, 0x0, 0x0, 0x0, 0x0, 0xd,
    0xe0, 0x0, 0x0, 0x0, 0xfc, 0x0, 0x0, 0x0,
    0x0, 0xd, 0xe0, 0x0, 0x0, 0x0, 0xfc, 0x0,
    0x0, 0x0, 0x0, 0xd, 0xe0, 0x0, 0x0, 0x0,
    0x0, 0x0, 0x0, 0x0, 0x0, 0x0, 0x0, 0x0,

    /* U+65AD "断" */
    0x23, 0x0, 0x9, 0xd0, 0x0, 0x0, 0x0, 0x18,
    0xd2, 0x9, 0xf1, 0x40, 0xae, 0x5, 0x10, 0x27,
    0xbf, 0xff, 0xa0, 0x9f, 0x2f, 0x5a, 0xe1, 0xf5,
    0xaf, 0xff, 0xc7, 0x10, 0x9, 0xf1, 0xb9, 0xae,
    0x5f, 0xb, 0xf5, 0x10, 0x0, 0x0, 0x9f, 0x18,
    0xca, 0xeb, 0x90, 0xbf, 0x0, 0x0, 0x0, 0x9,
    0xf1, 0x33, 0xae, 0x42, 0xb, 0xf0, 0x0, 0x0,
    0x0, 0x9f, 0x6d, 0xdf, 0xfd, 0xd7, 0xbf, 0x10,
    0x0, 0x0, 0x9, 0xf6, 0xcc, 0xff, 0xcc, 0x7b,
    0xff, 0xff, 0xff, 0xf2, 0x9f, 0x10, 0x3f, 0xf6,
    0x0, 0xcf, 0xbb, 0xef, 0xbb, 0x19, 0xf1, 0xc,
    0xff, 0xf4, 0xc, 0xf0, 0xb, 0xf1, 0x0, 0x9f,
    0x17, 0xfd, 0xe9, 0xf3, 0xde, 0x0, 0xbf, 0x10,
    0x9, 0xf7, 0xf9, 0xae, 0xc, 0x2e, 0xd0, 0xb,
    0xf1, 0x0, 0x9f, 0xad, 0xa, 0xe0, 0x0, 0xfc,
    0x0, 0xbf, 0x10, 0x9, 0xf2, 0x10, 0xae, 0x0,
    0x1f, 0xb0, 0xb, 0xf1, 0x0, 0x9f, 0x10, 0x5,
    0x70, 0x4, 0xf9, 0x0, 0xbf, 0x10, 0x9, 0xff,
    0xff, 0xff, 0xff, 0x7f, 0x60, 0xb, 0xf1, 0x0,
    0x6b, 0xbb, 0xbb, 0xbb, 0xbd, 0xf2, 0x0, 0xbf,
    0x10, 0x0, 0x0, 0x0, 0x0, 0x2, 0xfc, 0x0,
    0xb, 0xf1, 0x0, 0x0, 0x0, 0x0, 0x0, 0x8,
    0x60, 0x0, 0xbf, 0x10, 0x0, 0x0, 0x0, 0x0,
    0x0, 0x0, 0x0, 0x0, 0x0, 0x0,

    /* U+65B0 "新" */
    0x0, 0x0, 0x0, 0x0, 0x0, 0x0, 0x0, 0x0,
    0x0, 0x0, 0x0, 0x0, 0x8f, 0x20, 0x0, 0x0,
    0x0, 0x2, 0x75, 0x0, 0x0, 0x0, 0x4f, 0x90,
    0x0, 0x2, 0x69, 0xdf, 0xff, 0x40, 0xb, 0xff,
    0xff, 0xff, 0xff, 0x2e, 0xff, 0xd9, 0x50, 0x0,
    0x7, 0x9d, 0x99, 0x9c, 0xb9, 0x1e, 0xc0, 0x0,
    0x0, 0x0, 0x0, 0x7f, 0x30, 0xd, 0xe0, 0xe,
    0xc0, 0x0, 0x0, 0x0, 0x0, 0x3f, 0x80, 0x3f,
    0x90, 0xe, 0xc0, 0x0, 0x0, 0x0, 0x2, 0x2f,
    0x92, 0x8f, 0x62, 0x1e, 0xc0, 0x0, 0x0, 0x0,
    0x1f, 0xff, 0xff, 0xff, 0xff, 0x7e, 0xff, 0xff,
    0xff, 0xf3, 0x6, 0x66, 0x7f, 0xc6, 0x66, 0x3e,
    0xeb, 0xbe, 0xfb, 0xb2, 0x0, 0x0, 0x1f, 0x90,
    0x0, 0xf, 0xc0, 0xc, 0xf1, 0x0, 0xf, 0xff,
    0xff, 0xff, 0xff, 0x2f, 0xb0, 0xc, 0xf1, 0x0,
    0xa, 0xaa, 0xbf, 0xda, 0xaa, 0x3f, 0xb0, 0xc,
    0xf1, 0x0, 0x0, 0x34, 0x1f, 0x92, 0x60, 0x2f,
    0x90, 0xc, 0xf1, 0x0, 0x0, 0xcd, 0x1f, 0x99,
    0xf2, 0x3f, 0x70, 0xc, 0xf1, 0x0, 0x3, 0xf7,
    0x1f, 0x91, 0xf9, 0x5f, 0x50, 0xc, 0xf1, 0x0,
    0xd, 0xe1, 0x1f, 0x90, 0xaf, 0xaf, 0x10, 0xc,
    0xf1, 0x0, 0xb, 0x60, 0x1f, 0x90, 0x34, 0xed,
    0x0, 0xc, 0xf1, 0x0, 0x0, 0x6, 0xaf, 0x80,
    0x6, 0xf7, 0x0, 0xc, 0xf1, 0x0, 0x0, 0x8,
    0xfd, 0x20, 0x2, 0xb1, 0x0, 0xc, 0xf1, 0x0,
    0x0, 0x0, 0x0, 0x0, 0x0, 0x0, 0x0, 0x0,
    0x0, 0x0,

    /* U+65B7 "斷" */
    0x1, 0x0, 0x60, 0x0, 0x70, 0x0, 0x0, 0x5,
    0x80, 0xa, 0xf0, 0x7c, 0x0, 0x5d, 0x0, 0x3,
    0x8e, 0xfe, 0x40, 0xaf, 0x1e, 0x4e, 0x2e, 0x5c,
    0x38, 0xfe, 0xa5, 0x0, 0xa, 0xfa, 0xff, 0x79,
    0xff, 0xa0, 0x8f, 0x0, 0x0, 0x0, 0xaf, 0x28,
    0xb4, 0x17, 0xc7, 0x18, 0xf0, 0x0, 0x0, 0xa,
    0xf6, 0xfa, 0xe7, 0xfc, 0xe6, 0x8f, 0x0, 0x0,
    0x0, 0xaf, 0x57, 0x49, 0x56, 0x35, 0x78, 0xfa,
    0xaa, 0xaa, 0x2a, 0xff, 0xff, 0xff, 0xff, 0xfa,
    0x8f, 0xee, 0xff, 0xd3, 0xaf, 0x77, 0x87, 0x77,
    0x97, 0x48, 0xf0, 0xf, 0x90, 0xa, 0xf0, 0x4e,
    0x0, 0x4e, 0x0, 0x9f, 0x0, 0xf9, 0x0, 0xaf,
    0xc, 0x67, 0x1b, 0x68, 0x2a, 0xf0, 0xf, 0x90,
    0xa, 0xf7, 0xf9, 0xe7, 0xfa, 0xe1, 0xae, 0x0,
    0xf9, 0x0, 0xaf, 0x9c, 0xf4, 0x6b, 0xf4, 0xb,
    0xd0, 0xf, 0x90, 0xa, 0xf0, 0xa9, 0x70, 0xa9,
    0xb0, 0xcb, 0x0, 0xf9, 0x0, 0xaf, 0x9f, 0xcf,
    0x8f, 0xdf, 0x2f, 0x90, 0xf, 0x90, 0xa, 0xf5,
    0x64, 0x96, 0x63, 0x86, 0xf6, 0x0, 0xf9, 0x0,
    0xaf, 0xff, 0xff, 0xff, 0xfd, 0x8f, 0x20, 0xf,
    0x90, 0x4, 0x77, 0x77, 0x77, 0x77, 0x6d, 0xd0,
    0x0, 0xf9, 0x0, 0x0, 0x0, 0x0, 0x0, 0x0,
    0x25, 0x0, 0xf, 0x90, 0x0,

    /* U+65B9 "方" */
    0x0, 0x0, 0x0, 0x0, 0x0, 0x10, 0x0, 0x0,
    0x0, 0x0, 0x0, 0x0, 0x0, 0x2, 0xed, 0x0,
    0x0, 0x0, 0x0, 0x0, 0x0, 0x0, 0x0, 0xd,
    0xf6, 0x0, 0x0, 0x0, 0x0, 0x0, 0x0, 0x0,
    0x0, 0x6f, 0xa0, 0x0, 0x0, 0x0, 0x8, 0xbb,
    0xbb, 0xbb, 0xbc, 0xfb, 0xbb, 0xbb, 0xbb, 0xa0,
    0xbf, 0xff, 0xff, 0xff, 0xff, 0xff, 0xff, 0xff,
    0xfe, 0x0, 0x11, 0x11, 0x8f, 0xa1, 0x11, 0x11,
    0x11, 0x11, 0x10, 0x0, 0x0, 0x8, 0xf8, 0x0,
    0x0, 0x0, 0x0, 0x0, 0x0, 0x0, 0x0, 0xaf,
    0x70, 0x0, 0x0, 0x0, 0x0, 0x0, 0x0, 0x0,
    0xb, 0xfe, 0xcc, 0xcc, 0xcc, 0xcc, 0x0, 0x0,
    0x0, 0x0, 0xef, 0xff, 0xff, 0xff, 0xff, 0xd0,
    0x0, 0x0, 0x0, 0x1f, 0xf0, 0x0, 0x0, 0x2,
    0xfc, 0x0, 0x0, 0x0, 0x5, 0xfc, 0x0, 0x0,
    0x0, 0x3f, 0xb0, 0x0, 0x0, 0x0, 0xaf, 0x70,
    0x0, 0x0, 0x5, 0xfa, 0x0, 0x0, 0x0, 0x1f,
    0xf1, 0x0, 0x0, 0x0, 0x6f, 0x80, 0x0, 0x0,
    0xa, 0xfa, 0x0, 0x0, 0x0, 0x9, 0xf6, 0x0,
    0x0, 0x6, 0xff, 0x20, 0x0, 0x0, 0x0, 0xcf,
    0x30, 0x0, 0x6, 0xff, 0x50, 0x0, 0x0, 0x0,
    0x1f, 0xf0, 0x0, 0xa, 0xff, 0x80, 0x0, 0x6,
    0xdc, 0xcf, 0xfa, 0x0, 0x0, 0x5e, 0x50, 0x0,
    0x0, 0x1f, 0xff, 0xea, 0x10, 0x0, 0x0, 0x10,
    0x0, 0x0, 0x0, 0x0, 0x0, 0x0, 0x0, 0x0,

    /* U+65BC "於" */
    0x0, 0x0, 0x0, 0x0, 0x0, 0x0, 0x0, 0x0,
    0x0, 0x0, 0x0, 0x4, 0xc5, 0x0, 0x0, 0x0,
    0xb, 0xb1, 0x0, 0x0, 0x0, 0x2, 0xfe, 0x10,
    0x0, 0x0, 0x2f, 0xe0, 0x0, 0x0, 0x0, 0x0,
    0x8f, 0x60, 0x0, 0x0, 0x9f, 0xf4, 0x0, 0x0,
    0xa, 0xaa, 0xce, 0xba, 0xa2, 0x2, 0xff, 0xee,
    0x10, 0x0, 0xf, 0xff, 0xff, 0xff, 0xf4, 0xd,
    0xf5, 0x5f, 0xc0, 0x0, 0x0, 0x3f, 0xa0, 0x0,
    0x0, 0xbf, 0xb0, 0xa, 0xfb, 0x0, 0x0, 0x3f,
    0x90, 0x0, 0x2c, 0xfd, 0x10, 0x0, 0xcf, 0xd3,
    0x0, 0x3f, 0xd9, 0x99, 0x8e, 0xc0, 0x11, 0x0,
    0xa, 0xd1, 0x0, 0x4f, 0xff, 0xff, 0x92, 0x0,
    0xde, 0x40, 0x0, 0x10, 0x0, 0x5f, 0x81, 0x5f,
    0x80, 0x0, 0x9f, 0xf6, 0x0, 0x0, 0x0, 0x6f,
    0x60, 0x4f, 0x80, 0x0, 0x6, 0xff, 0x30, 0x0,
    0x0, 0x7f, 0x50, 0x4f, 0x70, 0x0, 0x0, 0x59,
    0x0, 0x0, 0x0, 0x9f, 0x30, 0x5f, 0x70, 0x0,
    0x0, 0x0, 0x0, 0x0, 0x0, 0xcf, 0x0, 0x6f,
    0x60, 0x3, 0x0, 0x0, 0x0, 0x0, 0x0, 0xfd,
    0x0, 0x7f, 0x50, 0x2f, 0xe5, 0x0, 0x0, 0x0,
    0x4, 0xf9, 0x0, 0x9f, 0x40, 0x1b, 0xff, 0xb1,
    0x0, 0x0, 0xb, 0xf4, 0x0, 0xbf, 0x20, 0x0,
    0x5e, 0xfe, 0x40, 0x0, 0x3f, 0xe0, 0x9b, 0xfe,
    0x0, 0x0, 0x1, 0xbf, 0xf1, 0x0, 0xb, 0x50,
    0x9f, 0xe5, 0x0, 0x0, 0x0, 0x9, 0x60, 0x0,
    0x0, 0x0, 0x0, 0x0, 0x0, 0x0, 0x0, 0x0,
    0x0, 0x0,

    /* U+65E0 "无" */
    0x0, 0x9c, 0xcc, 0xcc, 0xcc, 0xcc, 0xcc, 0xcc,
    0xcc, 0x0, 0x0, 0xcf, 0xff, 0xff, 0xff, 0xff,
    0xff, 0xff, 0xff, 0x0, 0x0, 0x0, 0x0, 0x0,
    0x6f, 0x90, 0x0, 0x0, 0x0, 0x0, 0x0, 0x0,
    0x0, 0x0, 0x6f, 0x80, 0x0, 0x0, 0x0, 0x0,
    0x0, 0x0, 0x0, 0x0, 0x7f, 0x70, 0x0, 0x0,
    0x0, 0x0, 0x0, 0x0, 0x0, 0x0, 0x8f, 0x50,
    0x0, 0x0, 0x0, 0x0, 0xc, 0xcc, 0xcc, 0xcc,
    0xef, 0xec, 0xcc, 0xcc, 0xcc, 0xc1, 0xf, 0xff,
    0xff, 0xff, 0xff, 0xff, 0xff, 0xff, 0xff, 0xf1,
    0x0, 0x0, 0x0, 0x2, 0xfd, 0xdf, 0x20, 0x0,
    0x0, 0x0, 0x0, 0x0, 0x0, 0x6, 0xf9, 0xdf,
    0x20, 0x0, 0x0, 0x0, 0x0, 0x0, 0x0, 0xc,
    0xf4, 0xdf, 0x20, 0x0, 0x0, 0x0, 0x0, 0x0,
    0x0, 0x4f, 0xe0, 0xdf, 0x20, 0x0, 0x0, 0x0,
    0x0, 0x0, 0x0, 0xdf, 0x60, 0xdf, 0x20, 0x0,
    0x1, 0x0, 0x0, 0x0, 0x9, 0xfd, 0x0, 0xdf,
    0x20, 0x0, 0x9, 0xb2, 0x0, 0x0, 0x9f, 0xf3,
    0x0, 0xdf, 0x20, 0x0, 0xa, 0xf2, 0x0, 0x2b,
    0xff, 0x30, 0x0, 0xcf, 0x30, 0x0, 0xd, 0xf0,
    0x8, 0xff, 0xe4, 0x0, 0x0, 0xaf, 0xfd, 0xdd,
    0xef, 0xc0, 0xc, 0xfb, 0x10, 0x0, 0x0, 0x2c,
    0xff, 0xff, 0xfc, 0x20, 0x1, 0x30, 0x0, 0x0,
    0x0, 0x0, 0x0, 0x0, 0x0, 0x0,

    /* U+65E5 "日" */
    0xbc, 0xcc, 0xcc, 0xcc, 0xcc, 0xcc, 0xca, 0xdf,
    0xff, 0xff, 0xff, 0xff, 0xff, 0xfd, 0xdf, 0x21,
    0x11, 0x11, 0x11, 0x14, 0xfd, 0xdf, 0x10, 0x0,
    0x0, 0x0, 0x3, 0xfd, 0xdf, 0x10, 0x0, 0x0,
    0x0, 0x3, 0xfd, 0xdf, 0x10, 0x0, 0x0, 0x0,
    0x3, 0xfd, 0xdf, 0x10, 0x0, 0x0, 0x0, 0x3,
    0xfd, 0xdf, 0xdd, 0xdd, 0xdd, 0xdd, 0xde, 0xfd,
    0xdf, 0xff, 0xff, 0xff, 0xff, 0xff, 0xfd, 0xdf,
    0x10, 0x0, 0x0, 0x0, 0x3, 0xfd, 0xdf, 0x10,
    0x0, 0x0, 0x0, 0x3, 0xfd, 0xdf, 0x10, 0x0,
    0x0, 0x0, 0x3, 0xfd, 0xdf, 0x10, 0x0, 0x0,
    0x0, 0x3, 0xfd, 0xdf, 0x10, 0x0, 0x0, 0x0,
    0x3, 0xfd, 0xdf, 0xdd, 0xdd, 0xdd, 0xdd, 0xde,
    0xfd, 0xdf, 0xff, 0xff, 0xff, 0xff, 0xff, 0xfd,
    0xdf, 0x10, 0x0, 0x0, 0x0, 0x3, 0xfd, 0xdf,
    0x10, 0x0, 0x0, 0x0, 0x2, 0xec,

    /* U+65F6 "时" */
    0x0, 0x0, 0x0, 0x0, 0x0, 0x0, 0x0, 0xca,
    0x0, 0x2, 0x44, 0x44, 0x43, 0x0, 0x0, 0x0,
    0xf, 0xd0, 0x0, 0xbf, 0xff, 0xff, 0xd0, 0x0,
    0x0, 0x0, 0xfd, 0x0, 0xb, 0xf7, 0x66, 0xfd,
    0x0, 0x0, 0x0, 0x1f, 0xd0, 0x0, 0xbf, 0x10,
    0xe, 0xd5, 0xff, 0xff, 0xff, 0xff, 0xff, 0x1b,
    0xf1, 0x0, 0xed, 0x4d, 0xdd, 0xdd, 0xdf, 0xfd,
    0xd1, 0xbf, 0x10, 0xe, 0xd0, 0x0, 0x0, 0x0,
    0xfd, 0x0, 0xb, 0xfa, 0x99, 0xfd, 0x1, 0x80,
    0x0, 0xf, 0xd0, 0x0, 0xbf, 0xff, 0xff, 0xd0,
    0x9f, 0x80, 0x0, 0xfd, 0x0, 0xb, 0xf1, 0x0,
    0xfd, 0x1, 0xef, 0x30, 0xf, 0xd0, 0x0, 0xbf,
    0x10, 0xe, 0xd0, 0x5, 0xfd, 0x0, 0xfd, 0x0,
    0xb, 0xf1, 0x0, 0xed, 0x0, 0xb, 0xf7, 0xf,
    0xd0, 0x0, 0xbf, 0x10, 0xe, 0xd0, 0x0, 0x2b,
    0x20, 0xfd, 0x0, 0xb, 0xfb, 0xbb, 0xfd, 0x0,
    0x0, 0x0, 0xf, 0xd0, 0x0, 0xbf, 0xff, 0xff,
    0xd0, 0x0, 0x0, 0x0, 0xfd, 0x0, 0xb, 0xf1,
    0x0, 0x0, 0x0, 0x0, 0x0, 0xf, 0xd0, 0x0,
    0x69, 0x0, 0x0, 0x0, 0x0, 0x0, 0x1, 0xfd,
    0x0, 0x0, 0x0, 0x0, 0x0, 0x0, 0xc, 0xdd,
    0xef, 0xb0, 0x0, 0x0, 0x0, 0x0, 0x0, 0x0,
    0x9f, 0xfe, 0xa1, 0x0, 0x0, 0x0, 0x0, 0x0,
    0x0, 0x0, 0x0, 0x0, 0x0, 0x0,

    /* U+6620 "映" */
    0x0, 0x0, 0x0, 0x0, 0x0, 0x8, 0xb0, 0x0,
    0x0, 0x4, 0x77, 0x77, 0x70, 0x0, 0x0, 0xaf,
    0x10, 0x0, 0x0, 0xaf, 0xff, 0xfe, 0x0, 0x0,
    0xa, 0xf1, 0x0, 0x0, 0xa, 0xf4, 0x3d, 0xe0,
    0x7c, 0xcc, 0xef, 0xcc, 0xcc, 0x0, 0xaf, 0x10,
    0xce, 0x9, 0xff, 0xff, 0xff, 0xff, 0xf1, 0xa,
    0xf1, 0xc, 0xe0, 0x9f, 0x10, 0xaf, 0x10, 0xaf,
    0x10, 0xaf, 0x10, 0xce, 0x9, 0xf1, 0xa, 0xf1,
    0xa, 0xf1, 0xa, 0xfb, 0xbf, 0xe0, 0x9f, 0x10,
    0xaf, 0x10, 0xaf, 0x10, 0xaf, 0xff, 0xfe, 0x9,
    0xf1, 0xb, 0xf0, 0xa, 0xf1, 0xa, 0xf1, 0xc,
    0xe0, 0x9f, 0x20, 0xcf, 0x10, 0xaf, 0x10, 0xaf,
    0x10, 0xce, 0x9f, 0xff, 0xff, 0xff, 0xff, 0xff,
    0x2a, 0xf1, 0xc, 0xe6, 0xaa, 0xab, 0xff, 0xea,
    0xaa, 0xa1, 0xaf, 0x10, 0xce, 0x0, 0x0, 0x5f,
    0xfe, 0x0, 0x0, 0xa, 0xfc, 0xbf, 0xe0, 0x0,
    0xc, 0xfa, 0xf6, 0x0, 0x0, 0xaf, 0xff, 0xfe,
    0x0, 0x8, 0xfb, 0xe, 0xe1, 0x0, 0xa, 0xf1,
    0x0, 0x0, 0x9, 0xfe, 0x10, 0x6f, 0xc1, 0x0,
    0x59, 0x0, 0x0, 0x5d, 0xfd, 0x20, 0x0, 0xaf,
    0xd3, 0x0, 0x0, 0x0, 0x4f, 0xfa, 0x0, 0x0,
    0x0, 0xaf, 0xe1, 0x0, 0x0, 0x0, 0x62, 0x0,
    0x0, 0x0, 0x0, 0x64, 0x0,

    /* U+663E "显" */
    0x0, 0x7, 0xff, 0xff, 0xff, 0xff, 0xff, 0xff,
    0xe0, 0x0, 0x0, 0x7, 0xfb, 0x88, 0x88, 0x88,
    0x88, 0x8f, 0xe0, 0x0, 0x0, 0x7, 0xf5, 0x0,
    0x0, 0x0, 0x0, 0xf, 0xe0, 0x0, 0x0, 0x7,
    0xff, 0xee, 0xee, 0xee, 0xee, 0xef, 0xe0, 0x0,
    0x0, 0x7, 0xfa, 0x77, 0x77, 0x77, 0x77, 0x7f,
    0xe0, 0x0, 0x0, 0x7, 0xf5, 0x0, 0x0, 0x0,
    0x0, 0xf, 0xe0, 0x0, 0x0, 0x7, 0xfb, 0x88,
    0x88, 0x88, 0x88, 0x8f, 0xe0, 0x0, 0x0, 0x7,
    0xff, 0xff, 0xff, 0xff, 0xff, 0xff, 0xe0, 0x0,
    0x0, 0x0, 0x0, 0x4, 0x40, 0x2, 0x41, 0x0,
    0x0, 0x0, 0x0, 0x6, 0x10, 0xf, 0xd0, 0x8,
    0xf4, 0x0, 0x74, 0x0, 0x0, 0x3f, 0x90, 0xf,
    0xd0, 0x8, 0xf4, 0x4, 0xfb, 0x0, 0x0, 0xb,
    0xf3, 0xf, 0xd0, 0x8, 0xf4, 0xd, 0xf2, 0x0,
    0x0, 0x2, 0xfb, 0xf, 0xd0, 0x8, 0xf4, 0x9f,
    0x60, 0x0, 0x0, 0x0, 0xa9, 0xf, 0xd0, 0x8,
    0xf4, 0x89, 0x0, 0x0, 0x0, 0x0, 0x0, 0xf,
    0xd0, 0x8, 0xf5, 0x0, 0x0, 0x0, 0x1f, 0xff,
    0xff, 0xff, 0xff, 0xff, 0xff, 0xff, 0xff, 0xf7,
    0xc, 0xcc, 0xcc, 0xcc, 0xcc, 0xcc, 0xcc, 0xcc,
    0xcc, 0xc5,

    /* U+6642 "時" */
    0x0, 0x0, 0x0, 0x0, 0x0, 0xa, 0xe1, 0x0,
    0x0, 0x6, 0x99, 0x99, 0x90, 0x0, 0x0, 0xbf,
    0x10, 0x0, 0x0, 0xaf, 0xff, 0xff, 0x17, 0x99,
    0x9e, 0xfa, 0x99, 0x92, 0xa, 0xf2, 0x1b, 0xf1,
    0xcf, 0xff, 0xff, 0xff, 0xff, 0x40, 0xaf, 0x10,
    0xaf, 0x10, 0x0, 0xc, 0xf2, 0x0, 0x0, 0xa,
    0xf1, 0xa, 0xf1, 0x0, 0x0, 0xbf, 0x10, 0x0,
    0x0, 0xaf, 0x10, 0xaf, 0x8c, 0xcc, 0xcf, 0xfd,
    0xcc, 0xcc, 0xa, 0xff, 0xff, 0xf8, 0xdd, 0xdd,
    0xdd, 0xdf, 0xfd, 0xd0, 0xaf, 0xbb, 0xef, 0x10,
    0x0, 0x0, 0x2, 0xfa, 0x0, 0xa, 0xf1, 0xa,
    0xf1, 0x0, 0x0, 0x0, 0x3f, 0xa0, 0x0, 0xaf,
    0x10, 0xaf, 0x9f, 0xff, 0xff, 0xff, 0xff, 0xfd,
    0xa, 0xf1, 0xa, 0xf6, 0x99, 0x99, 0x99, 0xaf,
    0xe9, 0x80, 0xaf, 0x10, 0xaf, 0x11, 0x86, 0x0,
    0x2, 0xfa, 0x0, 0xa, 0xff, 0xff, 0xf1, 0x2e,
    0xf4, 0x0, 0x2f, 0xa0, 0x0, 0xaf, 0xcb, 0xbb,
    0x0, 0x4f, 0xe1, 0x2, 0xfa, 0x0, 0xa, 0xf1,
    0x0, 0x0, 0x0, 0x9f, 0x50, 0x2f, 0xa0, 0x0,
    0x57, 0x0, 0x0, 0x0, 0x1, 0x20, 0x2, 0xfa,
    0x0, 0x0, 0x0, 0x0, 0x0, 0x0, 0x0, 0xbb,
    0xcf, 0x90, 0x0, 0x0, 0x0, 0x0, 0x0, 0x0,
    0xb, 0xfe, 0xb1, 0x0, 0x0, 0x0, 0x0, 0x0,
    0x0, 0x0, 0x0, 0x0, 0x0, 0x0,

    /* U+667A "智" */
    0x0, 0x1a, 0x50, 0x0, 0x0, 0x0, 0x0, 0x0,
    0x0, 0x0, 0x7f, 0x81, 0x11, 0x10, 0x1, 0x11,
    0x11, 0x11, 0x0, 0xdf, 0xff, 0xff, 0xf8, 0x3f,
    0xff, 0xff, 0xfe, 0xa, 0xf9, 0x7f, 0xd6, 0x63,
    0x3f, 0xc9, 0x99, 0xfe, 0x8, 0xb0, 0x1f, 0xb0,
    0x0, 0x3f, 0x70, 0x0, 0xfe, 0x1f, 0xff, 0xff,
    0xff, 0xff, 0x4f, 0x70, 0x0, 0xfe, 0x6, 0x66,
    0xcf, 0xc6, 0x66, 0x3f, 0x70, 0x0, 0xfe, 0x0,
    0x2, 0xff, 0xfc, 0x30, 0x3f, 0xdb, 0xbb, 0xfe,
    0x0, 0x4e, 0xf3, 0x5e, 0xf9, 0x3f, 0xff, 0xff,
    0xfd, 0x1b, 0xff, 0x40, 0x1, 0xb3, 0x0, 0x0,
    0x0, 0x0, 0x7, 0xa4, 0x99, 0x99, 0x99, 0x99,
    0x99, 0x99, 0x10, 0x0, 0x3, 0xff, 0xff, 0xff,
    0xff, 0xff, 0xff, 0x20, 0x0, 0x3, 0xf9, 0x0,
    0x0, 0x0, 0x0, 0xcf, 0x20, 0x0, 0x3, 0xfc,
    0x77, 0x77, 0x77, 0x77, 0xdf, 0x20, 0x0, 0x3,
    0xff, 0xff, 0xff, 0xff, 0xff, 0xff, 0x20, 0x0,
    0x3, 0xf9, 0x0, 0x0, 0x0, 0x0, 0xcf, 0x20,
    0x0, 0x3, 0xfd, 0x88, 0x88, 0x88, 0x88, 0xef,
    0x20, 0x0, 0x3, 0xff, 0xff, 0xff, 0xff, 0xff,
    0xff, 0x20, 0x0, 0x3, 0xf9, 0x0, 0x0, 0x0,
    0x0, 0xbf, 0x20,

    /* U+6682 "暂" */
    0x0, 0x7, 0x81, 0x0, 0x0, 0x0, 0x0, 0x2,
    0x60, 0x7, 0x78, 0xff, 0x87, 0x77, 0x25, 0x8a,
    0xcf, 0xff, 0x60, 0xff, 0xff, 0xff, 0xff, 0xf5,
    0xbf, 0xca, 0x96, 0x20, 0x0, 0x6f, 0x72, 0x63,
    0x0, 0xb, 0xf0, 0x0, 0x0, 0x0, 0x5f, 0xd4,
    0x8f, 0x94, 0x42, 0xbf, 0x77, 0x77, 0x77, 0x9,
    0xff, 0xff, 0xff, 0xff, 0x6c, 0xff, 0xff, 0xff,
    0xf1, 0x24, 0x32, 0x7f, 0x82, 0x21, 0xed, 0x0,
    0xcf, 0x0, 0x1, 0x23, 0x49, 0xfc, 0xab, 0x4f,
    0xa0, 0xb, 0xf0, 0x0, 0xef, 0xff, 0xff, 0xeb,
    0xa9, 0xf6, 0x0, 0xbf, 0x0, 0x6, 0x64, 0x25,
    0xf6, 0x0, 0xee, 0x0, 0xb, 0xf0, 0x0, 0x0,
    0x0, 0x39, 0x40, 0x3, 0x40, 0x0, 0x79, 0x0,
    0x0, 0x9, 0xff, 0xff, 0xff, 0xff, 0xff, 0xff,
    0xc0, 0x0, 0x0, 0x9f, 0x97, 0x77, 0x77, 0x77,
    0x78, 0xfc, 0x0, 0x0, 0x9, 0xf4, 0x11, 0x11,
    0x11, 0x11, 0x3f, 0xc0, 0x0, 0x0, 0x9f, 0xff,
    0xff, 0xff, 0xff, 0xff, 0xfc, 0x0, 0x0, 0x9,
    0xf5, 0x22, 0x22, 0x22, 0x22, 0x4f, 0xc0, 0x0,
    0x0, 0x9f, 0x87, 0x77, 0x77, 0x77, 0x77, 0xfc,
    0x0, 0x0, 0x9, 0xff, 0xff, 0xff, 0xff, 0xff,
    0xff, 0xc0, 0x0, 0x0, 0x9f, 0x20, 0x0, 0x0,
    0x0, 0x1, 0xfc, 0x0, 0x0,

    /* U+66F4 "更" */
    0x8f, 0xff, 0xff, 0xff, 0xff, 0xff, 0xff, 0xff,
    0xfe, 0x6, 0xbb, 0xbb, 0xbb, 0xbe, 0xfd, 0xbb,
    0xbb, 0xbb, 0xa0, 0x0, 0x0, 0x0, 0x0, 0xaf,
    0x40, 0x0, 0x0, 0x0, 0x0, 0x7, 0x99, 0x99,
    0x9d, 0xfb, 0x99, 0x99, 0x96, 0x0, 0x0, 0xcf,
    0xff, 0xff, 0xff, 0xff, 0xff, 0xff, 0xa0, 0x0,
    0xc, 0xf0, 0x0, 0xa, 0xf4, 0x0, 0x3, 0xfa,
    0x0, 0x0, 0xcf, 0x77, 0x77, 0xdf, 0xa7, 0x77,
    0x9f, 0xa0, 0x0, 0xc, 0xff, 0xff, 0xff, 0xff,
    0xff, 0xff, 0xfa, 0x0, 0x0, 0xcf, 0x0, 0x0,
    0xaf, 0x40, 0x0, 0x3f, 0xa0, 0x0, 0xc, 0xf8,
    0x88, 0x8d, 0xfa, 0x88, 0x89, 0xfa, 0x0, 0x0,
    0xcf, 0xff, 0xff, 0xff, 0xff, 0xff, 0xff, 0xa0,
    0x0, 0x1, 0x89, 0x0, 0x2f, 0xe0, 0x0, 0x0,
    0x0, 0x0, 0x0, 0xd, 0xf8, 0x9, 0xf9, 0x0,
    0x0, 0x0, 0x0, 0x0, 0x0, 0x3f, 0xf9, 0xff,
    0x20, 0x0, 0x0, 0x0, 0x0, 0x0, 0x0, 0x5f,
    0xff, 0xa0, 0x0, 0x0, 0x0, 0x0, 0x0, 0x1,
    0x7d, 0xff, 0xff, 0xd8, 0x52, 0x0, 0x0, 0x0,
    0x7d, 0xff, 0xfc, 0x56, 0xcf, 0xff, 0xff, 0xfe,
    0xdc, 0x54, 0xfd, 0x94, 0x0, 0x0, 0x15, 0x8a,
    0xce, 0xff, 0xf0, 0x1, 0x0, 0x0, 0x0, 0x0,
    0x0, 0x0, 0x0, 0x0, 0x0,

    /* U+66F8 "書" */
    0x0, 0x0, 0x0, 0x0, 0x11, 0x0, 0x0, 0x0,
    0x0, 0x0, 0x0, 0x0, 0x0, 0xfd, 0x0, 0x0,
    0x0, 0x0, 0x0, 0x45, 0x55, 0x56, 0xfe, 0x55,
    0x55, 0x53, 0x0, 0x0, 0xac, 0xcc, 0xcd, 0xff,
    0xcc, 0xcd, 0xf8, 0x0, 0x66, 0x66, 0x66, 0x66,
    0xfe, 0x66, 0x69, 0xfb, 0x66, 0xef, 0xff, 0xff,
    0xff, 0xff, 0xff, 0xff, 0xff, 0xfe, 0x0, 0x11,
    0x11, 0x11, 0xfe, 0x11, 0x16, 0xf8, 0x0, 0x1,
    0xff, 0xff, 0xff, 0xff, 0xff, 0xff, 0xf8, 0x0,
    0x0, 0x11, 0x11, 0x12, 0xfe, 0x11, 0x11, 0x11,
    0x0, 0x9, 0xff, 0xff, 0xff, 0xff, 0xff, 0xff,
    0xff, 0x80, 0x1, 0x11, 0x11, 0x12, 0xfe, 0x11,
    0x11, 0x11, 0x10, 0xef, 0xff, 0xff, 0xff, 0xff,
    0xff, 0xff, 0xff, 0xfe, 0x66, 0x66, 0x66, 0x66,
    0x66, 0x66, 0x66, 0x66, 0x66, 0x0, 0x26, 0x66,
    0x66, 0x66, 0x66, 0x66, 0x64, 0x0, 0x0, 0x6f,
    0xed, 0xdd, 0xdd, 0xdd, 0xde, 0xfa, 0x0, 0x0,
    0x6f, 0x83, 0x33, 0x33, 0x33, 0x36, 0xfa, 0x0,
    0x0, 0x6f, 0xff, 0xff, 0xff, 0xff, 0xff, 0xfa,
    0x0, 0x0, 0x6f, 0x60, 0x0, 0x0, 0x0, 0x3,
    0xfa, 0x0, 0x0, 0x6f, 0x94, 0x44, 0x44, 0x44,
    0x47, 0xfa, 0x0, 0x0, 0x6f, 0xff, 0xff, 0xff,
    0xff, 0xff, 0xfa, 0x0,

    /* U+6703 "會" */
    0x0, 0x0, 0x0, 0x0, 0x2d, 0x90, 0x0, 0x0,
    0x0, 0x0, 0x0, 0x0, 0x0, 0x2, 0xef, 0xf8,
    0x0, 0x0, 0x0, 0x0, 0x0, 0x0, 0x0, 0x7f,
    0xe4, 0x8f, 0xc4, 0x0, 0x0, 0x0, 0x0, 0x0,
    0x6d, 0xff, 0x64, 0x49, 0xff, 0xb5, 0x0, 0x0,
    0x3, 0x9e, 0xfd, 0xef, 0xff, 0xff, 0xfa, 0xef,
    0xe9, 0x51, 0x2f, 0xfe, 0x72, 0x11, 0x11, 0x11,
    0x11, 0x27, 0xef, 0xe1, 0x4, 0x3e, 0xff, 0xff,
    0xff, 0xff, 0xff, 0xff, 0xc2, 0x20, 0x0, 0xe,
    0xb4, 0xb2, 0x3f, 0x71, 0xaa, 0x1e, 0xc0, 0x0,
    0x0, 0xe, 0xa2, 0xf6, 0x2f, 0x62, 0xf9, 0xe,
    0xc0, 0x0, 0x0, 0xe, 0xb1, 0xb8, 0x3f, 0x76,
    0xd2, 0x1e, 0xc0, 0x0, 0x0, 0xe, 0xff, 0xff,
    0xff, 0xff, 0xff, 0xff, 0xc0, 0x0, 0x0, 0x1,
    0x33, 0x33, 0x33, 0x33, 0x33, 0x33, 0x10, 0x0,
    0x0, 0x0, 0xbf, 0xff, 0xff, 0xff, 0xff, 0xfc,
    0x0, 0x0, 0x0, 0x0, 0xbe, 0x11, 0x11, 0x11,
    0x16, 0xfc, 0x0, 0x0, 0x0, 0x0, 0xbf, 0xdd,
    0xdd, 0xdd, 0xde, 0xfc, 0x0, 0x0, 0x0, 0x0,
    0xbf, 0x66, 0x66, 0x66, 0x69, 0xfc, 0x0, 0x0,
    0x0, 0x0, 0xbf, 0x33, 0x33, 0x33, 0x37, 0xfc,
    0x0, 0x0, 0x0, 0x0, 0xbf, 0xff, 0xff, 0xff,
    0xff, 0xfc, 0x0, 0x0, 0x0, 0x0, 0xbe, 0x0,
    0x0, 0x0, 0x5, 0xeb, 0x0, 0x0,

    /* U+6709 "有" */
    0x0, 0x0, 0x0, 0x4, 0x72, 0x0, 0x0, 0x0,
    0x0, 0x0, 0x0, 0x0, 0x0, 0xcf, 0x50, 0x0,
    0x0, 0x0, 0x0, 0x1, 0x22, 0x22, 0x3f, 0xf2,
    0x22, 0x22, 0x22, 0x22, 0x20, 0xbf, 0xff, 0xff,
    0xff, 0xff, 0xff, 0xff, 0xff, 0xfe, 0x7, 0xaa,
    0xaa, 0xff, 0xaa, 0xaa, 0xaa, 0xaa, 0xaa, 0x90,
    0x0, 0x0, 0x8f, 0x90, 0x0, 0x0, 0x0, 0x0,
    0x0, 0x0, 0x0, 0x3f, 0xfb, 0x99, 0x99, 0x99,
    0x99, 0x60, 0x0, 0x0, 0xd, 0xff, 0xff, 0xff,
    0xff, 0xff, 0xf9, 0x0, 0x0, 0xa, 0xff, 0xd0,
    0x0, 0x0, 0x0, 0x4f, 0x90, 0x0, 0xb, 0xfd,
    0xfd, 0x0, 0x0, 0x0, 0x4, 0xf9, 0x0, 0xc,
    0xfc, 0x1f, 0xff, 0xff, 0xff, 0xff, 0xff, 0x90,
    0x0, 0xbb, 0x0, 0xff, 0x88, 0x88, 0x88, 0x8a,
    0xf9, 0x0, 0x0, 0x0, 0xf, 0xd0, 0x0, 0x0,
    0x0, 0x3f, 0x90, 0x0, 0x0, 0x0, 0xff, 0xff,
    0xff, 0xff, 0xff, 0xf9, 0x0, 0x0, 0x0, 0xf,
    0xfa, 0xaa, 0xaa, 0xaa, 0xbf, 0x90, 0x0, 0x0,
    0x0, 0xfd, 0x0, 0x0, 0x0, 0x3, 0xf9, 0x0,
    0x0, 0x0, 0xf, 0xd0, 0x0, 0x0, 0x0, 0x3f,
    0x90, 0x0, 0x0, 0x0, 0xfd, 0x0, 0x0, 0x4c,
    0xce, 0xf7, 0x0, 0x0, 0x0, 0xf, 0xd0, 0x0,
    0x0, 0xff, 0xeb, 0x10, 0x0,

    /* U+671F "期" */
    0x0, 0x38, 0x20, 0x4, 0x81, 0x0, 0x0, 0x0,
    0x0, 0x0, 0x6, 0xf4, 0x0, 0x8f, 0x30, 0x7e,
    0xee, 0xee, 0xeb, 0x9, 0xcf, 0xb9, 0x9d, 0xfa,
    0x58, 0xfb, 0x88, 0x9f, 0xc0, 0xff, 0xff, 0xff,
    0xff, 0xf9, 0x8f, 0x40, 0x1, 0xfc, 0x1, 0x7f,
    0x51, 0x19, 0xf4, 0x8, 0xf4, 0x0, 0x1f, 0xc0,
    0x6, 0xf9, 0x66, 0xbf, 0x30, 0x8f, 0xb9, 0x9a,
    0xfc, 0x0, 0x6f, 0xff, 0xff, 0xf3, 0x8, 0xff,
    0xff, 0xff, 0xc0, 0x6, 0xf5, 0x11, 0x9f, 0x30,
    0x8f, 0x51, 0x12, 0xfc, 0x0, 0x6f, 0x50, 0x9,
    0xf3, 0x8, 0xf4, 0x0, 0x1f, 0xc0, 0x6, 0xff,
    0xff, 0xff, 0x30, 0x9f, 0x40, 0x1, 0xfc, 0x0,
    0x6f, 0x97, 0x7c, 0xf3, 0xa, 0xfd, 0xbb, 0xcf,
    0xc0, 0x6, 0xf4, 0x0, 0x8f, 0x30, 0xbf, 0xff,
    0xff, 0xfc, 0x3b, 0xdf, 0xcb, 0xbd, 0xfc, 0x6b,
    0xf2, 0x0, 0x2f, 0xc4, 0xff, 0xff, 0xff, 0xff,
    0xf8, 0xde, 0x0, 0x1, 0xfc, 0x0, 0x7, 0x50,
    0x18, 0x0, 0xf, 0xc0, 0x0, 0x1f, 0xc0, 0x5,
    0xfc, 0x6, 0xfa, 0x3, 0xf9, 0x0, 0x1, 0xfc,
    0x1, 0xef, 0x20, 0xb, 0xf5, 0x9f, 0x40, 0x0,
    0x1f, 0xc1, 0xdf, 0x70, 0x0, 0x2f, 0xaf, 0xe0,
    0x8, 0xcd, 0xfa, 0x9, 0xa0, 0x0, 0x0, 0x20,
    0x88, 0x0, 0x5f, 0xfc, 0x20, 0x0, 0x0, 0x0,
    0x0, 0x0, 0x0, 0x0, 0x0, 0x0,

    /* U+672A "未" */
    0x0, 0x0, 0x0, 0x0, 0x8, 0x80, 0x0, 0x0,
    0x0, 0x0, 0x0, 0x0, 0x0, 0x0, 0xf, 0xf0,
    0x0, 0x0, 0x0, 0x0, 0x0, 0x0, 0x0, 0x0,
    0xf, 0xf0, 0x0, 0x0, 0x0, 0x0, 0x0, 0x5d,
    0xdd, 0xdd, 0xdf, 0xfd, 0xdd, 0xdd, 0xd6, 0x0,
    0x0, 0x6f, 0xff, 0xff, 0xff, 0xff, 0xff, 0xff,
    0xf7, 0x0, 0x0, 0x0, 0x0, 0x0, 0xf, 0xf0,
    0x0, 0x0, 0x0, 0x0, 0x0, 0x0, 0x0, 0x0,
    0xf, 0xf0, 0x0, 0x0, 0x0, 0x0, 0x0, 0x0,
    0x0, 0x0, 0xf, 0xf0, 0x0, 0x0, 0x0, 0x0,
    0xb, 0xdd, 0xdd, 0xdd, 0xdf, 0xfd, 0xdd, 0xdd,
    0xdd, 0xc0, 0xd, 0xff, 0xff, 0xff, 0xff, 0xff,
    0xff, 0xff, 0xff, 0xe0, 0x0, 0x0, 0x0, 0x6,
    0xff, 0xff, 0x60, 0x0, 0x0, 0x0, 0x0, 0x0,
    0x0, 0x3f, 0xff, 0xff, 0xf3, 0x0, 0x0, 0x0,
    0x0, 0x0, 0x3, 0xef, 0x5f, 0xf4, 0xfe, 0x30,
    0x0, 0x0, 0x0, 0x0, 0x4f, 0xf5, 0xf, 0xf0,
    0x5f, 0xf4, 0x0, 0x0, 0x0, 0x8, 0xff, 0x60,
    0xf, 0xf0, 0x6, 0xff, 0x70, 0x0, 0x4, 0xcf,
    0xf7, 0x0, 0xf, 0xf0, 0x0, 0x7f, 0xfc, 0x30,
    0x2f, 0xfe, 0x40, 0x0, 0xf, 0xf0, 0x0, 0x4,
    0xef, 0xf2, 0x6, 0x91, 0x0, 0x0, 0xf, 0xf0,
    0x0, 0x0, 0x19, 0x50, 0x0, 0x0, 0x0, 0x0,
    0xf, 0xf0, 0x0, 0x0, 0x0, 0x0,

    /* U+672C "本" */
    0x0, 0x0, 0x0, 0x0, 0x8, 0x80, 0x0, 0x0,
    0x0, 0x0, 0x0, 0x0, 0x0, 0x0, 0xe, 0xf1,
    0x0, 0x0, 0x0, 0x0, 0x0, 0x0, 0x0, 0x0,
    0xe, 0xf1, 0x0, 0x0, 0x0, 0x0, 0x0, 0x0,
    0x0, 0x0, 0xe, 0xf1, 0x0, 0x0, 0x0, 0x0,
    0x9, 0xee, 0xee, 0xee, 0xef, 0xfe, 0xee, 0xee,
    0xee, 0xd0, 0xa, 0xff, 0xff, 0xff, 0xff, 0xff,
    0xff, 0xff, 0xff, 0xe0, 0x0, 0x0, 0x0, 0x5f,
    0xae, 0xf9, 0xf7, 0x0, 0x0, 0x0, 0x0, 0x0,
    0x0, 0xcf, 0x2e, 0xf2, 0xfe, 0x0, 0x0, 0x0,
    0x0, 0x0, 0x5, 0xfa, 0xe, 0xf1, 0x8f, 0x70,
    0x0, 0x0, 0x0, 0x0, 0x1e, 0xf3, 0xe, 0xf1,
    0x1f, 0xf3, 0x0, 0x0, 0x0, 0x0, 0xaf, 0x90,
    0xe, 0xf1, 0x7, 0xfd, 0x0, 0x0, 0x0, 0x7,
    0xfd, 0x0, 0xe, 0xf1, 0x0, 0xbf, 0xb0, 0x0,
    0x0, 0x6f, 0xf3, 0x0, 0xe, 0xf1, 0x0, 0x1e,
    0xfb, 0x0, 0x9, 0xff, 0xad, 0xdd, 0xdf, 0xfd,
    0xdd, 0xdb, 0xff, 0xd2, 0xc, 0xf5, 0x5f, 0xff,
    0xff, 0xff, 0xff, 0xf8, 0x3e, 0xd0, 0x1, 0x30,
    0x0, 0x0, 0xe, 0xf2, 0x0, 0x0, 0x2, 0x10,
    0x0, 0x0, 0x0, 0x0, 0xe, 0xf1, 0x0, 0x0,
    0x0, 0x0, 0x0, 0x0, 0x0, 0x0, 0xe, 0xf1,
    0x0, 0x0, 0x0, 0x0, 0x0, 0x0, 0x0, 0x0,
    0xe, 0xf1, 0x0, 0x0, 0x0, 0x0,

    /* U+673A "机" */
    0x0, 0x0, 0x78, 0x0, 0x0, 0x0, 0x0, 0x0,
    0x0, 0x0, 0x0, 0x0, 0xdf, 0x0, 0x1, 0xbb,
    0xbb, 0xbb, 0x90, 0x0, 0x0, 0x0, 0xdf, 0x0,
    0x1, 0xff, 0xff, 0xff, 0xc0, 0x0, 0x0, 0x0,
    0xdf, 0x0, 0x1, 0xfb, 0x0, 0x1f, 0xc0, 0x0,
    0xb, 0xbb, 0xff, 0xbb, 0x91, 0xfb, 0x0, 0x1f,
    0xc0, 0x0, 0xf, 0xff, 0xff, 0xff, 0xc1, 0xfb,
    0x0, 0x1f, 0xc0, 0x0, 0x0, 0x4, 0xff, 0x0,
    0x1, 0xfb, 0x0, 0x1f, 0xc0, 0x0, 0x0, 0x9,
    0xff, 0x0, 0x2, 0xfb, 0x0, 0x1f, 0xc0, 0x0,
    0x0, 0xe, 0xff, 0xb0, 0x2, 0xfa, 0x0, 0x1f,
    0xc0, 0x0, 0x0, 0x4f, 0xff, 0xf8, 0x2, 0xfa,
    0x0, 0x1f, 0xc0, 0x0, 0x0, 0xad, 0xdf, 0xaf,
    0x63, 0xf9, 0x0, 0x1f, 0xc0, 0x0, 0x3, 0xf7,
    0xdf, 0x1e, 0xb5, 0xf7, 0x0, 0x1f, 0xc0, 0x0,
    0xb, 0xf1, 0xdf, 0x5, 0x18, 0xf4, 0x0, 0x1f,
    0xc0, 0x0, 0x5f, 0x90, 0xdf, 0x0, 0xb, 0xf1,
    0x0, 0x1f, 0xc0, 0x40, 0x1e, 0x10, 0xdf, 0x0,
    0x1f, 0xc0, 0x0, 0x1f, 0xc0, 0xc9, 0x2, 0x0,
    0xdf, 0x0, 0x7f, 0x70, 0x0, 0x1f, 0xc0, 0xc9,
    0x0, 0x0, 0xdf, 0x1, 0xff, 0x10, 0x0, 0x1f,
    0xd0, 0xd9, 0x0, 0x0, 0xdf, 0xb, 0xf6, 0x0,
    0x0, 0xf, 0xfc, 0xf7, 0x0, 0x0, 0xdf, 0x5,
    0xa0, 0x0, 0x0, 0x7, 0xff, 0xc1,

    /* U+675F "束" */
    0x0, 0x0, 0x0, 0x0, 0x7, 0x81, 0x0, 0x0,
    0x0, 0x0, 0x0, 0x0, 0x0, 0x0, 0xc, 0xf2,
    0x0, 0x0, 0x0, 0x0, 0x3, 0xcc, 0xcc, 0xcc,
    0xcf, 0xfd, 0xcc, 0xcc, 0xcc, 0x90, 0x4, 0xff,
    0xff, 0xff, 0xff, 0xff, 0xff, 0xff, 0xff, 0xc0,
    0x0, 0x0, 0x0, 0x0, 0xc, 0xf2, 0x0, 0x0,
    0x0, 0x0, 0x0, 0x0, 0x0, 0x0, 0xc, 0xf3,
    0x0, 0x0, 0x0, 0x0, 0x0, 0xf, 0xff, 0xff,
    0xff, 0xff, 0xff, 0xff, 0xf8, 0x0, 0x0, 0xf,
    0xf9, 0x99, 0x9e, 0xfb, 0x99, 0x9c, 0xf8, 0x0,
    0x0, 0xf, 0xd0, 0x0, 0xc, 0xf2, 0x0, 0x6,
    0xf8, 0x0, 0x0, 0xf, 0xd0, 0x0, 0xc, 0xf2,
    0x0, 0x6, 0xf8, 0x0, 0x0, 0xf, 0xfb, 0xbb,
    0xbf, 0xfc, 0xbb, 0xbd, 0xf8, 0x0, 0x0, 0xe,
    0xff, 0xff, 0xff, 0xff, 0xff, 0xff, 0xf7, 0x0,
    0x0, 0x0, 0x0, 0x5, 0xff, 0xff, 0xc0, 0x0,
    0x0, 0x0, 0x0, 0x0, 0x0, 0x7f, 0xee, 0xfb,
    0xfc, 0x10, 0x0, 0x0, 0x0, 0x0, 0x1b, 0xfd,
    0x2c, 0xf2, 0x8f, 0xe5, 0x0, 0x0, 0x0, 0x6,
    0xef, 0xc1, 0xc, 0xf2, 0x6, 0xff, 0xb3, 0x0,
    0x7, 0xef, 0xf9, 0x0, 0xc, 0xf2, 0x0, 0x4e,
    0xff, 0xb3, 0x7, 0xfb, 0x20, 0x0, 0xc, 0xf2,
    0x0, 0x1, 0x9f, 0xd1, 0x0, 0x30, 0x0, 0x0,
    0xc, 0xf2, 0x0, 0x0, 0x1, 0x20,

    /* U+6761 "条" */
    0x0, 0x0, 0x0, 0xa, 0x92, 0x0, 0x0, 0x0,
    0x0, 0x0, 0x0, 0x0, 0x0, 0x8f, 0xd1, 0x0,
    0x0, 0x0, 0x0, 0x0, 0x0, 0x0, 0x6, 0xff,
    0xff, 0xff, 0xff, 0xf9, 0x0, 0x0, 0x0, 0x0,
    0x8f, 0xfa, 0x99, 0x99, 0xaf, 0xf5, 0x0, 0x0,
    0x0, 0x2c, 0xff, 0xfd, 0x10, 0x1, 0xcf, 0xa0,
    0x0, 0x0, 0x4, 0xff, 0xb1, 0x6f, 0xe4, 0x3d,
    0xfb, 0x0, 0x0, 0x0, 0x0, 0x96, 0x0, 0x5,
    0xff, 0xff, 0x90, 0x0, 0x0, 0x0, 0x0, 0x0,
    0x0, 0x5b, 0xff, 0xff, 0xb6, 0x10, 0x0, 0x0,
    0x0, 0x36, 0xae, 0xff, 0xc6, 0x5b, 0xff, 0xfc,
    0x85, 0x30, 0x1f, 0xff, 0xfb, 0x71, 0x5, 0x50,
    0x16, 0xbe, 0xff, 0xd1, 0x5, 0x52, 0x0, 0x0,
    0xf, 0xe0, 0x0, 0x0, 0x14, 0x20, 0x0, 0x1f,
    0xff, 0xff, 0xff, 0xff, 0xff, 0xff, 0xf3, 0x0,
    0x0, 0x1a, 0xaa, 0xaa, 0xaf, 0xfa, 0xaa, 0xaa,
    0xa2, 0x0, 0x0, 0x0, 0x5, 0x30, 0xf, 0xe0,
    0x5, 0x20, 0x0, 0x0, 0x0, 0x0, 0x5f, 0xd0,
    0xf, 0xe0, 0x2f, 0xe2, 0x0, 0x0, 0x0, 0x6,
    0xfe, 0x20, 0xf, 0xe0, 0x5, 0xfe, 0x20, 0x0,
    0x0, 0xaf, 0xe3, 0x0, 0xf, 0xe0, 0x0, 0x5f,
    0xe1, 0x0, 0x0, 0xcd, 0x20, 0xa, 0xaf, 0xd0,
    0x0, 0x8, 0xf5, 0x0, 0x0, 0x10, 0x0, 0xb,
    0xfd, 0x50, 0x0, 0x0, 0x30, 0x0,

    /* U+676F "杯" */
    0x0, 0x0, 0x86, 0x0, 0x0, 0x0, 0x0, 0x0,
    0x0, 0x0, 0x0, 0x1, 0xfb, 0x0, 0x11, 0x11,
    0x11, 0x11, 0x11, 0x10, 0x0, 0x1, 0xfb, 0x0,
    0xff, 0xff, 0xff, 0xff, 0xff, 0xf0, 0x0, 0x1,
    0xfb, 0x0, 0x88, 0x88, 0x8f, 0xf9, 0x88, 0x80,
    0xb, 0xbc, 0xfe, 0xbb, 0x30, 0x0, 0x4f, 0xc0,
    0x0, 0x0, 0xf, 0xff, 0xff, 0xff, 0x40, 0x0,
    0xcf, 0x40, 0x0, 0x0, 0x0, 0x7, 0xfd, 0x10,
    0x0, 0x7, 0xff, 0x76, 0x0, 0x0, 0x0, 0xc,
    0xff, 0xa0, 0x0, 0x3f, 0xff, 0xff, 0x70, 0x0,
    0x0, 0x1f, 0xff, 0xf9, 0x2, 0xef, 0xef, 0x4e,
    0xf8, 0x0, 0x0, 0x7f, 0xfb, 0x9e, 0x4e, 0xf8,
    0xbf, 0x22, 0xef, 0x60, 0x0, 0xdc, 0xfb, 0xb,
    0xff, 0xa0, 0xbf, 0x20, 0x3f, 0xf2, 0x5, 0xf5,
    0xfb, 0x8, 0xf8, 0x0, 0xbf, 0x20, 0x6, 0x90,
    0xd, 0xe1, 0xfb, 0x0, 0x40, 0x0, 0xbf, 0x20,
    0x0, 0x0, 0x5f, 0x61, 0xfb, 0x0, 0x0, 0x0,
    0xbf, 0x20, 0x0, 0x0, 0xc, 0x1, 0xfb, 0x0,
    0x0, 0x0, 0xbf, 0x20, 0x0, 0x0, 0x0, 0x1,
    0xfb, 0x0, 0x0, 0x0, 0xbf, 0x20, 0x0, 0x0,
    0x0, 0x1, 0xfb, 0x0, 0x0, 0x0, 0xbf, 0x20,
    0x0, 0x0, 0x0, 0x1, 0xfb, 0x0, 0x0, 0x0,
    0xbf, 0x20, 0x0, 0x0, 0x0, 0x1, 0xfb, 0x0,
    0x0, 0x0, 0xbf, 0x20, 0x0, 0x0,

    /* U+6771 "東" */
    0x0, 0x0, 0x0, 0x0, 0x8, 0x80, 0x0, 0x0,
    0x0, 0x0, 0x0, 0x0, 0x0, 0x0, 0xf, 0xf0,
    0x0, 0x0, 0x0, 0x0, 0xb, 0xff, 0xff, 0xff,
    0xff, 0xff, 0xff, 0xff, 0xff, 0xe0, 0x8, 0xbb,
    0xbb, 0xbb, 0xbf, 0xfb, 0xbb, 0xbb, 0xbb, 0xa0,
    0x0, 0x0, 0x0, 0x0, 0xf, 0xf0, 0x0, 0x0,
    0x0, 0x0, 0x0, 0xf, 0xff, 0xff, 0xff, 0xff,
    0xff, 0xff, 0xf4, 0x0, 0x0, 0xf, 0xe7, 0x77,
    0x7f, 0xf7, 0x77, 0x7c, 0xf4, 0x0, 0x0, 0xf,
    0xd0, 0x0, 0xf, 0xf0, 0x0, 0x9, 0xf4, 0x0,
    0x0, 0xf, 0xff, 0xff, 0xff, 0xff, 0xff, 0xff,
    0xf4, 0x0, 0x0, 0xf, 0xe6, 0x66, 0x6f, 0xf6,
    0x66, 0x6c, 0xf4, 0x0, 0x0, 0xf, 0xd0, 0x0,
    0xf, 0xf0, 0x0, 0x9, 0xf4, 0x0, 0x0, 0xf,
    0xff, 0xff, 0xff, 0xff, 0xff, 0xff, 0xf4, 0x0,
    0x0, 0x7, 0x77, 0x8e, 0xff, 0xff, 0xe8, 0x77,
    0x72, 0x0, 0x0, 0x0, 0x0, 0xaf, 0xdf, 0xfc,
    0xf9, 0x0, 0x0, 0x0, 0x0, 0x0, 0x1c, 0xfd,
    0x1f, 0xf1, 0xcf, 0xb1, 0x0, 0x0, 0x0, 0x5,
    0xef, 0xc1, 0xf, 0xf0, 0xb, 0xfe, 0x60, 0x0,
    0x5, 0xcf, 0xfa, 0x0, 0xf, 0xf0, 0x0, 0x9f,
    0xfd, 0x60, 0xc, 0xfe, 0x50, 0x0, 0xf, 0xf0,
    0x0, 0x4, 0xef, 0xe1, 0x2, 0x70, 0x0, 0x0,
    0xf, 0xf0, 0x0, 0x0, 0x7, 0x40,

    /* U+677F "板" */
    0x0, 0x0, 0x85, 0x0, 0x0, 0x0, 0x0, 0x0,
    0x16, 0x10, 0x0, 0x1, 0xfa, 0x0, 0x1, 0x34,
    0x68, 0xad, 0xff, 0xc0, 0x0, 0x1, 0xfa, 0x0,
    0xf, 0xff, 0xff, 0xfe, 0xb8, 0x30, 0x0, 0x1,
    0xfa, 0x0, 0xf, 0xe6, 0x42, 0x10, 0x0, 0x0,
    0xb, 0xff, 0xff, 0xff, 0xf, 0xc0, 0x0, 0x0,
    0x0, 0x0, 0x8, 0xcd, 0xfe, 0xcb, 0xf, 0xc0,
    0x0, 0x0, 0x0, 0x0, 0x0, 0x6, 0xfd, 0x0,
    0x1f, 0xff, 0xff, 0xff, 0xff, 0xa0, 0x0, 0xb,
    0xff, 0x80, 0x1f, 0xef, 0xfa, 0xaa, 0xcf, 0x80,
    0x0, 0x1f, 0xff, 0xf2, 0x1f, 0xba, 0xf1, 0x0,
    0x8f, 0x50, 0x0, 0x5f, 0xfb, 0xec, 0x2f, 0xa5,
    0xf5, 0x0, 0xdf, 0x10, 0x0, 0xca, 0xfa, 0x79,
    0x3f, 0x91, 0xfb, 0x3, 0xfc, 0x0, 0x3, 0xf5,
    0xfa, 0x0, 0x5f, 0x70, 0xbf, 0x2a, 0xf5, 0x0,
    0xc, 0xe1, 0xfa, 0x0, 0x8f, 0x40, 0x4f, 0xcf,
    0xd0, 0x0, 0x1f, 0x61, 0xfa, 0x0, 0xcf, 0x20,
    0xc, 0xff, 0x50, 0x0, 0x8, 0x1, 0xfa, 0x0,
    0xfd, 0x0, 0xb, 0xff, 0x20, 0x0, 0x0, 0x1,
    0xfa, 0x6, 0xf8, 0x0, 0xaf, 0xff, 0xe2, 0x0,
    0x0, 0x1, 0xfa, 0xe, 0xf3, 0x3c, 0xfd, 0x2b,
    0xfe, 0x50, 0x0, 0x1, 0xfa, 0x7f, 0xb5, 0xff,
    0xc1, 0x0, 0xbf, 0xf9, 0x0, 0x1, 0xfa, 0x2c,
    0x20, 0xc6, 0x0, 0x0, 0x5, 0xd1, 0x0, 0x0,
    0x0, 0x0, 0x0, 0x0, 0x0, 0x0, 0x0, 0x0,

    /* U+679C "果" */
    0x0, 0xc, 0xff, 0xff, 0xff, 0xff, 0xff, 0xff,
    0xf1, 0x0, 0x0, 0xd, 0xfb, 0xaa, 0xaf, 0xfa,
    0xaa, 0xaf, 0xf1, 0x0, 0x0, 0xd, 0xf2, 0x0,
    0xe, 0xf1, 0x0, 0xf, 0xf1, 0x0, 0x0, 0xd,
    0xf9, 0x88, 0x8f, 0xf9, 0x88, 0x8f, 0xf1, 0x0,
    0x0, 0xd, 0xff, 0xff, 0xff, 0xff, 0xff, 0xff,
    0xf1, 0x0, 0x0, 0xd, 0xf2, 0x0, 0xe, 0xf1,
    0x0, 0xf, 0xf1, 0x0, 0x0, 0xd, 0xf9, 0x88,
    0x8f, 0xf9, 0x88, 0x8f, 0xf1, 0x0, 0x0, 0xd,
    0xff, 0xff, 0xff, 0xff, 0xff, 0xff, 0xf1, 0x0,
    0x0, 0x0, 0x0, 0x0, 0xe, 0xf1, 0x0, 0x0,
    0x0, 0x0, 0x0, 0x11, 0x11, 0x11, 0x1e, 0xf2,
    0x11, 0x11, 0x11, 0x10, 0xc, 0xff, 0xff, 0xff,
    0xff, 0xff, 0xff, 0xff, 0xff, 0xe0, 0x8, 0xaa,
    0xaa, 0xad, 0xff, 0xff, 0xea, 0xaa, 0xaa, 0x90,
    0x0, 0x0, 0x0, 0x5f, 0xef, 0xfd, 0xf9, 0x0,
    0x0, 0x0, 0x0, 0x0, 0x9, 0xfd, 0x2e, 0xf1,
    0xaf, 0xc3, 0x0, 0x0, 0x0, 0x17, 0xef, 0xb1,
    0xe, 0xf1, 0x7, 0xff, 0xa3, 0x0, 0x19, 0xff,
    0xf8, 0x0, 0xe, 0xf1, 0x0, 0x4d, 0xff, 0xc2,
    0xb, 0xfa, 0x20, 0x0, 0xe, 0xf1, 0x0, 0x0,
    0x7e, 0xc0, 0x1, 0x20, 0x0, 0x0, 0xe, 0xf1,
    0x0, 0x0, 0x0, 0x10,

    /* U+67E5 "查" */
    0x0, 0x0, 0x0, 0x0, 0x0, 0x0, 0x0, 0x0,
    0x0, 0x0, 0x0, 0x0, 0x0, 0x0, 0xf, 0xd0,
    0x0, 0x0, 0x0, 0x0, 0x0, 0x0, 0x0, 0x0,
    0xf, 0xd0, 0x0, 0x0, 0x0, 0x0, 0x9, 0x99,
    0x99, 0x99, 0x9f, 0xf9, 0x99, 0x99, 0x99, 0x90,
    0xe, 0xff, 0xff, 0xff, 0xff, 0xff, 0xff, 0xff,
    0xff, 0xe0, 0x0, 0x0, 0x0, 0x8f, 0xcf, 0xed,
    0xf5, 0x0, 0x0, 0x0, 0x0, 0x0, 0xa, 0xfd,
    0x1f, 0xd2, 0xef, 0x70, 0x0, 0x0, 0x0, 0x2,
    0xcf, 0xc1, 0xf, 0xd0, 0x2d, 0xfc, 0x40, 0x0,
    0x2, 0x9f, 0xfa, 0x0, 0xf, 0xd0, 0x0, 0xaf,
    0xfd, 0x50, 0x1f, 0xfe, 0x84, 0x44, 0x45, 0x54,
    0x44, 0x47, 0xdf, 0xe1, 0x5, 0x70, 0xbf, 0xff,
    0xff, 0xff, 0xff, 0xfa, 0x4, 0x30, 0x0, 0x0,
    0xbf, 0x20, 0x0, 0x0, 0x5, 0xfa, 0x0, 0x0,
    0x0, 0x0, 0xbf, 0xed, 0xdd, 0xdd, 0xde, 0xfa,
    0x0, 0x0, 0x0, 0x0, 0xbf, 0x76, 0x66, 0x66,
    0x69, 0xfa, 0x0, 0x0, 0x0, 0x0, 0xbf, 0x20,
    0x0, 0x0, 0x5, 0xfa, 0x0, 0x0, 0x0, 0x0,
    0xbf, 0xff, 0xff, 0xff, 0xff, 0xfa, 0x0, 0x0,
    0x0, 0x0, 0x34, 0x44, 0x44, 0x44, 0x44, 0x43,
    0x0, 0x0, 0x6, 0x99, 0x99, 0x99, 0x99, 0x99,
    0x99, 0x99, 0x99, 0x70, 0xa, 0xff, 0xff, 0xff,
    0xff, 0xff, 0xff, 0xff, 0xff, 0xb0, 0x0, 0x0,
    0x0, 0x0, 0x0, 0x0, 0x0, 0x0, 0x0, 0x0,

    /* U+6807 "标" */
    0x0, 0x0, 0x86, 0x0, 0x0, 0x0, 0x0, 0x0,
    0x0, 0x0, 0x0, 0x1, 0xfc, 0x0, 0x8, 0xbb,
    0xbb, 0xbb, 0xbb, 0x0, 0x0, 0x1, 0xfc, 0x0,
    0xc, 0xff, 0xff, 0xff, 0xff, 0x0, 0x0, 0x1,
    0xfc, 0x0, 0x0, 0x0, 0x0, 0x0, 0x0, 0x0,
    0xe, 0xef, 0xff, 0xee, 0x40, 0x0, 0x0, 0x0,
    0x0, 0x0, 0xf, 0xff, 0xff, 0xff, 0x40, 0x0,
    0x0, 0x0, 0x0, 0x0, 0x0, 0xa, 0xfd, 0x0,
    0x7b, 0xbb, 0xbb, 0xbb, 0xbb, 0xb1, 0x0, 0xf,
    0xff, 0x90, 0xaf, 0xff, 0xff, 0xff, 0xff, 0xf1,
    0x0, 0x5f, 0xff, 0xf5, 0x0, 0x0, 0x8f, 0x60,
    0x0, 0x0, 0x0, 0xae, 0xfc, 0xbf, 0x10, 0x0,
    0x8f, 0x60, 0x0, 0x0, 0x2, 0xf9, 0xfc, 0x2d,
    0x5, 0x80, 0x8f, 0x63, 0xa2, 0x0, 0xa, 0xf3,
    0xfc, 0x1, 0xc, 0xe0, 0x8f, 0x64, 0xf8, 0x0,
    0x3f, 0xb1, 0xfc, 0x0, 0x1f, 0x90, 0x8f, 0x60,
    0xee, 0x0, 0x2f, 0x31, 0xfc, 0x0, 0x6f, 0x40,
    0x8f, 0x60, 0x8f, 0x50, 0x4, 0x1, 0xfc, 0x0,
    0xde, 0x0, 0x8f, 0x60, 0x3f, 0xa0, 0x0, 0x1,
    0xfc, 0x5, 0xf7, 0x0, 0x8f, 0x60, 0xe, 0xe0,
    0x0, 0x1, 0xfc, 0x5, 0xd0, 0x0, 0x9f, 0x60,
    0xa, 0xe1, 0x0, 0x1, 0xfc, 0x0, 0x0, 0xce,
    0xff, 0x40, 0x1, 0x0, 0x0, 0x1, 0xfc, 0x0,
    0x0, 0x9f, 0xe9, 0x0, 0x0, 0x0,

    /* U+6821 "校" */
    0x0, 0x1, 0x85, 0x0, 0x0, 0x1, 0x74, 0x0,
    0x0, 0x0, 0x0, 0x1, 0xf9, 0x0, 0x0, 0x2,
    0xfe, 0x10, 0x0, 0x0, 0x0, 0x1, 0xf9, 0x0,
    0x0, 0x0, 0x7f, 0x60, 0x0, 0x0, 0x0, 0x1,
    0xf9, 0x0, 0xde, 0xee, 0xef, 0xee, 0xee, 0xe1,
    0x8, 0xcc, 0xfe, 0xc9, 0xab, 0xbb, 0xbb, 0xbc,
    0xbb, 0xb1, 0xa, 0xff, 0xff, 0xfc, 0x0, 0xa8,
    0x0, 0x3d, 0x30, 0x0, 0x0, 0x9, 0xfa, 0x0,
    0x4, 0xfc, 0x0, 0x3f, 0xf3, 0x0, 0x0, 0xd,
    0xff, 0x10, 0x1e, 0xe1, 0x0, 0x4, 0xfe, 0x10,
    0x0, 0x2f, 0xff, 0xa1, 0xdf, 0x60, 0x0, 0x2,
    0x7f, 0xc0, 0x0, 0x7f, 0xfe, 0xf7, 0xfb, 0xf7,
    0x0, 0x3f, 0xbb, 0x90, 0x0, 0xcb, 0xfa, 0xcb,
    0x20, 0xee, 0x0, 0x9f, 0x60, 0x0, 0x3, 0xf6,
    0xf9, 0x67, 0x0, 0x8f, 0x71, 0xff, 0x0, 0x0,
    0xb, 0xf2, 0xf9, 0x0, 0x0, 0x1e, 0xfb, 0xf8,
    0x0, 0x0, 0x2f, 0x91, 0xf9, 0x0, 0x0, 0x5,
    0xff, 0xe0, 0x0, 0x0, 0xc, 0x21, 0xf9, 0x0,
    0x0, 0x5, 0xff, 0xd2, 0x0, 0x0, 0x1, 0x1,
    0xf9, 0x0, 0x0, 0x6f, 0xfd, 0xfe, 0x40, 0x0,
    0x0, 0x1, 0xf9, 0x0, 0x2a, 0xff, 0x50, 0xaf,
    0xfb, 0x40, 0x0, 0x1, 0xf9, 0x5, 0xff, 0xd3,
    0x0, 0x7, 0xff, 0xf2, 0x0, 0x1, 0xf9, 0x1,
    0xd6, 0x0, 0x0, 0x0, 0x18, 0x60, 0x0, 0x0,
    0x0, 0x0, 0x0, 0x0, 0x0, 0x0, 0x0, 0x0,

    /* U+683C "格" */
    0x0, 0x0, 0x86, 0x0, 0x0, 0x4, 0x51, 0x0,
    0x0, 0x0, 0x0, 0x1, 0xfb, 0x0, 0x0, 0xe,
    0xf2, 0x0, 0x0, 0x0, 0x0, 0x1, 0xfb, 0x0,
    0x0, 0x7f, 0xe9, 0x99, 0x96, 0x0, 0x0, 0x1,
    0xfb, 0x0, 0x3, 0xff, 0xdd, 0xde, 0xfc, 0x0,
    0xa, 0xbb, 0xfe, 0xbb, 0x4e, 0xfc, 0x0, 0xb,
    0xf4, 0x0, 0xe, 0xff, 0xff, 0xff, 0xff, 0xdf,
    0x70, 0x7f, 0xc0, 0x0, 0x0, 0x6, 0xfc, 0x4,
    0xfa, 0xc, 0xf7, 0xff, 0x20, 0x0, 0x0, 0xb,
    0xff, 0x50, 0x20, 0x1, 0xef, 0xf5, 0x0, 0x0,
    0x0, 0x1f, 0xff, 0xf3, 0x0, 0x5, 0xff, 0xf8,
    0x0, 0x0, 0x0, 0x6f, 0xfc, 0xee, 0x1, 0xaf,
    0xf7, 0xdf, 0xd5, 0x0, 0x0, 0xcc, 0xfb, 0x5d,
    0x9f, 0xfc, 0x20, 0x9, 0xff, 0xe5, 0x4, 0xf6,
    0xfb, 0xc, 0xff, 0xfa, 0xaa, 0xaa, 0xdf, 0xe1,
    0xc, 0xe1, 0xfb, 0x2, 0x6b, 0xff, 0xff, 0xff,
    0xfd, 0x10, 0x3f, 0x61, 0xfb, 0x0, 0xa, 0xf0,
    0x0, 0x0, 0xfd, 0x0, 0x9, 0x1, 0xfb, 0x0,
    0xa, 0xf0, 0x0, 0x0, 0xfd, 0x0, 0x0, 0x1,
    0xfb, 0x0, 0xa, 0xf0, 0x0, 0x0, 0xfd, 0x0,
    0x0, 0x1, 0xfb, 0x0, 0xa, 0xfb, 0xaa, 0xaa,
    0xfd, 0x0, 0x0, 0x1, 0xfb, 0x0, 0xa, 0xff,
    0xff, 0xff, 0xfd, 0x0, 0x0, 0x1, 0xfb, 0x0,
    0xa, 0xf0, 0x0, 0x0, 0xed, 0x0, 0x0, 0x0,
    0x0, 0x0, 0x0, 0x0, 0x0, 0x0, 0x0, 0x0,

    /* U+6848 "案" */
    0x0, 0x0, 0x0, 0x0, 0x0, 0x0, 0x0, 0x0,
    0x0, 0x0, 0x0, 0x0, 0x0, 0x0, 0x4e, 0x50,
    0x0, 0x0, 0x0, 0x0, 0x3, 0x88, 0x88, 0x88,
    0x9f, 0xe8, 0x88, 0x88, 0x88, 0x40, 0x7, 0xff,
    0xff, 0xff, 0xff, 0xff, 0xff, 0xff, 0xff, 0x80,
    0x7, 0xf5, 0x0, 0x2, 0xc8, 0x0, 0x0, 0x0,
    0x5f, 0x80, 0x3, 0x72, 0x0, 0xb, 0xf6, 0x0,
    0x0, 0x0, 0x27, 0x40, 0xc, 0xff, 0xff, 0xff,
    0xff, 0xff, 0xff, 0xff, 0xff, 0xd0, 0x5, 0x77,
    0x7c, 0xfa, 0x77, 0x77, 0xaf, 0xe7, 0x77, 0x60,
    0x0, 0x0, 0x5f, 0xe4, 0x10, 0x4, 0xff, 0x30,
    0x0, 0x0, 0x0, 0x1, 0xad, 0xff, 0xfe, 0xcf,
    0xf4, 0x0, 0x0, 0x0, 0x0, 0x1, 0x24, 0x8d,
    0xff, 0xff, 0xff, 0xb7, 0x20, 0x0, 0x9, 0xff,
    0xff, 0xfe, 0xb6, 0x1, 0x6a, 0xef, 0xfc, 0x10,
    0x3, 0xb9, 0x75, 0x20, 0xd, 0xc0, 0x0, 0x5,
    0xa4, 0x0, 0x9, 0x99, 0x99, 0x99, 0x9f, 0xf9,
    0x99, 0x99, 0x99, 0x90, 0xf, 0xff, 0xff, 0xff,
    0xff, 0xff, 0xff, 0xff, 0xff, 0xf0, 0x0, 0x0,
    0x0, 0x4e, 0xff, 0xff, 0xe4, 0x0, 0x0, 0x0,
    0x0, 0x0, 0x2b, 0xfe, 0x3f, 0xe3, 0xef, 0xb3,
    0x0, 0x0, 0x2, 0x7d, 0xff, 0xa1, 0xf, 0xe0,
    0x19, 0xff, 0xe9, 0x30, 0x2f, 0xff, 0xb4, 0x0,
    0xf, 0xe0, 0x0, 0x3b, 0xff, 0xf3, 0x6, 0x82,
    0x0, 0x0, 0xf, 0xe0, 0x0, 0x0, 0x28, 0x70,

    /* U+684C "桌" */
    0x0, 0x0, 0x0, 0x0, 0x3f, 0xb0, 0x0, 0x0,
    0x0, 0x0, 0x0, 0x0, 0x0, 0x0, 0x3f, 0xe8,
    0x88, 0x88, 0x88, 0x0, 0x0, 0x0, 0x0, 0x0,
    0x3f, 0xff, 0xff, 0xff, 0xff, 0x10, 0x0, 0x0,
    0x0, 0x0, 0x3f, 0xc0, 0x0, 0x0, 0x0, 0x0,
    0x0, 0xd, 0xff, 0xff, 0xff, 0xff, 0xff, 0xff,
    0xd0, 0x0, 0x0, 0xd, 0xf7, 0x77, 0x77, 0x77,
    0x77, 0x7f, 0xe0, 0x0, 0x0, 0xd, 0xf3, 0x33,
    0x33, 0x33, 0x33, 0x4f, 0xe0, 0x0, 0x0, 0xd,
    0xff, 0xff, 0xff, 0xff, 0xff, 0xff, 0xe0, 0x0,
    0x0, 0xd, 0xf1, 0x11, 0x11, 0x11, 0x11, 0x2f,
    0xe0, 0x0, 0x0, 0xd, 0xf6, 0x66, 0x66, 0x66,
    0x66, 0x7f, 0xe0, 0x0, 0x0, 0xd, 0xff, 0xff,
    0xff, 0xff, 0xff, 0xff, 0xd0, 0x0, 0x0, 0x0,
    0x0, 0x0, 0xf, 0xe0, 0x0, 0x0, 0x0, 0x0,
    0xf, 0xff, 0xff, 0xff, 0xff, 0xff, 0xff, 0xff,
    0xff, 0xf0, 0x8, 0x99, 0x99, 0x9e, 0xff, 0xff,
    0xd9, 0x99, 0x99, 0x90, 0x0, 0x0, 0x0, 0x9f,
    0xaf, 0xea, 0xf9, 0x0, 0x0, 0x0, 0x0, 0x0,
    0x5e, 0xf8, 0xf, 0xe0, 0x9f, 0xe6, 0x0, 0x0,
    0x2, 0x8e, 0xfe, 0x40, 0xf, 0xe0, 0x5, 0xff,
    0xf9, 0x40, 0x1f, 0xff, 0x80, 0x0, 0xf, 0xe0,
    0x0, 0x19, 0xff, 0xe1, 0x5, 0x81, 0x0, 0x0,
    0xf, 0xe0, 0x0, 0x0, 0x17, 0x40,

    /* U+689D "條" */
    0x0, 0x0, 0x89, 0x10, 0x0, 0x1, 0xb8, 0x0,
    0x0, 0x0, 0x0, 0x0, 0xfe, 0x0, 0x0, 0xa,
    0xf9, 0x11, 0x10, 0x0, 0x0, 0x6, 0xf8, 0x11,
    0x0, 0x4f, 0xff, 0xff, 0xff, 0x30, 0x0, 0xc,
    0xf3, 0xeb, 0x5, 0xff, 0x76, 0x68, 0xfd, 0x0,
    0x0, 0x2f, 0xd0, 0xeb, 0x7f, 0xff, 0x90, 0xb,
    0xf5, 0x0, 0x0, 0xaf, 0xb0, 0xeb, 0x4e, 0x49,
    0xf7, 0xaf, 0x90, 0x0, 0x2, 0xff, 0xb0, 0xeb,
    0x0, 0x0, 0xcf, 0xfb, 0x0, 0x0, 0xc, 0xff,
    0xb0, 0xeb, 0x0, 0x7, 0xff, 0xfd, 0x50, 0x0,
    0x4f, 0xdf, 0xb0, 0xeb, 0x49, 0xef, 0xd5, 0x7f,
    0xfe, 0x93, 0xd, 0x4f, 0xb0, 0xeb, 0xaf, 0xc6,
    0x1b, 0x81, 0x8d, 0xf2, 0x1, 0x1f, 0xb0, 0xeb,
    0x12, 0x0, 0x1f, 0xb0, 0x0, 0x10, 0x0, 0x1f,
    0xb0, 0xeb, 0x4d, 0xdd, 0xdf, 0xfd, 0xdd, 0xc0,
    0x0, 0x1f, 0xb0, 0xeb, 0x3b, 0xbb, 0xcf, 0xeb,
    0xbb, 0xb0, 0x0, 0x1f, 0xb0, 0xeb, 0x1, 0x83,
    0x1f, 0xb0, 0x62, 0x0, 0x0, 0x1f, 0xb0, 0xeb,
    0xb, 0xf4, 0x1f, 0xb2, 0xfd, 0x0, 0x0, 0x1f,
    0xb0, 0x43, 0x6f, 0xa0, 0x1f, 0xb0, 0x5f, 0x90,
    0x0, 0x1f, 0xb0, 0x5, 0xfd, 0x10, 0x1f, 0xb0,
    0xb, 0xf3, 0x0, 0x1f, 0xb0, 0x2, 0xb2, 0xd,
    0xef, 0x90, 0x2, 0x70, 0x0, 0x1f, 0xb0, 0x0,
    0x0, 0xa, 0xda, 0x10, 0x0, 0x0,

    /* U+68C0 "检" */
    0x0, 0x5, 0x80, 0x0, 0x0, 0x0, 0x84, 0x0,
    0x0, 0x0, 0x0, 0xa, 0xf1, 0x0, 0x0, 0x6,
    0xfc, 0x0, 0x0, 0x0, 0x0, 0xa, 0xf1, 0x0,
    0x0, 0x2f, 0xff, 0x70, 0x0, 0x0, 0x0, 0xa,
    0xf1, 0x0, 0x1, 0xee, 0x2a, 0xf8, 0x0, 0x0,
    0x2f, 0xff, 0xff, 0xf0, 0x2d, 0xf3, 0x0, 0xbf,
    0xb1, 0x0, 0x1a, 0xaf, 0xfa, 0xa3, 0xef, 0x40,
    0x0, 0xa, 0xff, 0x60, 0x0, 0xf, 0xf3, 0x7f,
    0xfc, 0xaa, 0xaa, 0xaa, 0xbf, 0xf4, 0x0, 0x5f,
    0xfd, 0x6e, 0x3a, 0xff, 0xff, 0xff, 0x44, 0xb0,
    0x0, 0x9f, 0xff, 0x81, 0x0, 0x0, 0x0, 0x0,
    0x0, 0x0, 0x0, 0xef, 0xf9, 0xf2, 0x22, 0x1,
    0xa3, 0x0, 0x59, 0x20, 0x5, 0xfc, 0xf2, 0xc0,
    0xea, 0x0, 0xf8, 0x0, 0xcf, 0x0, 0xd, 0xca,
    0xf1, 0x0, 0xaf, 0x0, 0xdb, 0x2, 0xf9, 0x0,
    0x4f, 0x6a, 0xf1, 0x0, 0x5f, 0x30, 0xae, 0x7,
    0xf2, 0x0, 0xc, 0xa, 0xf1, 0x0, 0x2f, 0x70,
    0x8f, 0x1e, 0xa0, 0x0, 0x1, 0xa, 0xf1, 0x0,
    0x9, 0x40, 0x0, 0x6f, 0x20, 0x0, 0x0, 0xa,
    0xf1, 0x0, 0x0, 0x0, 0x0, 0xda, 0x0, 0x0,
    0x0, 0xa, 0xf1, 0x1f, 0xff, 0xff, 0xff, 0xff,
    0xff, 0xc0, 0x0, 0xa, 0xf1, 0xb, 0xbb, 0xbb,
    0xbb, 0xbb, 0xbb, 0x90, 0x0, 0xa, 0xf1, 0x0,
    0x0, 0x0, 0x0, 0x0, 0x0, 0x0,

    /* U+691C "検" */
    0x0, 0x1, 0x85, 0x0, 0x0, 0x0, 0x78, 0x20,
    0x0, 0x0, 0x0, 0x2, 0xf9, 0x0, 0x0, 0x7,
    0xff, 0xe2, 0x0, 0x0, 0x0, 0x2, 0xf9, 0x0,
    0x0, 0x5f, 0xd4, 0xfe, 0x20, 0x0, 0x0, 0x2,
    0xf9, 0x0, 0x9, 0xfe, 0x20, 0x4f, 0xf6, 0x0,
    0x6, 0x78, 0xfc, 0x77, 0xdf, 0xe2, 0x0, 0x4,
    0xef, 0xc4, 0xc, 0xff, 0xff, 0xff, 0xfd, 0xff,
    0xff, 0xff, 0xfc, 0xf8, 0x3, 0x38, 0xfb, 0x33,
    0x42, 0x88, 0xdf, 0x88, 0x81, 0x40, 0x0, 0xa,
    0xfb, 0x0, 0x0, 0x0, 0xaf, 0x10, 0x0, 0x0,
    0x0, 0xf, 0xff, 0x60, 0xaf, 0xff, 0xff, 0xff,
    0xff, 0xa0, 0x0, 0x4f, 0xff, 0xf2, 0xaf, 0x66,
    0xcf, 0x76, 0x7f, 0xa0, 0x0, 0xae, 0xfa, 0xeb,
    0xaf, 0x0, 0xaf, 0x10, 0xf, 0xa0, 0x2, 0xf8,
    0xf9, 0x69, 0xaf, 0x0, 0xaf, 0x10, 0x1f, 0xa0,
    0xa, 0xf3, 0xf9, 0x0, 0xaf, 0xff, 0xff, 0xff,
    0xff, 0xa0, 0x1f, 0x92, 0xf9, 0x0, 0x47, 0x78,
    0xff, 0xf7, 0x77, 0x40, 0xa, 0x12, 0xf9, 0x0,
    0x0, 0x7, 0xfe, 0xf6, 0x0, 0x0, 0x0, 0x2,
    0xf9, 0x0, 0x0, 0x4f, 0xe2, 0xff, 0x40, 0x0,
    0x0, 0x2, 0xf9, 0x0, 0x8, 0xff, 0x30, 0x5f,
    0xf9, 0x20, 0x0, 0x2, 0xf9, 0x8, 0xff, 0xd3,
    0x0, 0x4, 0xef, 0xf7, 0x0, 0x2, 0xf9, 0x7,
    0xe7, 0x0, 0x0, 0x0, 0x7, 0xe1, 0x0, 0x0,
    0x0, 0x0, 0x0, 0x0, 0x0, 0x0, 0x0, 0x0,

    /* U+696D "業" */
    0x0, 0x8, 0x90, 0xb, 0xf1, 0xe, 0xd0, 0x5,
    0x93, 0x0, 0x0, 0xa, 0xf5, 0xb, 0xf1, 0xe,
    0xd0, 0xd, 0xf2, 0x0, 0x0, 0x2, 0xfd, 0xb,
    0xf1, 0xe, 0xd0, 0x5f, 0x80, 0x0, 0x5, 0x88,
    0xed, 0x8d, 0xf9, 0x8f, 0xe8, 0xcf, 0x98, 0x70,
    0xa, 0xff, 0xff, 0xff, 0xff, 0xff, 0xff, 0xff,
    0xff, 0xd0, 0x0, 0x0, 0x6, 0xf9, 0x0, 0x0,
    0x6f, 0xa0, 0x0, 0x0, 0x0, 0x0, 0x0, 0xef,
    0x10, 0x0, 0xdf, 0x20, 0x0, 0x0, 0x0, 0xdf,
    0xff, 0xff, 0xff, 0xff, 0xff, 0xff, 0xff, 0x10,
    0x0, 0x78, 0x88, 0x88, 0x8f, 0xf8, 0x88, 0x88,
    0x88, 0x10, 0x0, 0x3, 0x33, 0x33, 0x3e, 0xf3,
    0x33, 0x33, 0x30, 0x0, 0x0, 0xd, 0xff, 0xff,
    0xff, 0xff, 0xff, 0xff, 0xf2, 0x0, 0x0, 0x2,
    0x22, 0x22, 0x2e, 0xf2, 0x22, 0x22, 0x20, 0x0,
    0x6, 0x99, 0x99, 0x99, 0x9f, 0xf9, 0x99, 0x99,
    0x99, 0x80, 0xb, 0xff, 0xff, 0xff, 0xff, 0xff,
    0xff, 0xff, 0xff, 0xe0, 0x0, 0x0, 0x0, 0x6e,
    0xff, 0xff, 0xf6, 0x0, 0x0, 0x0, 0x0, 0x0,
    0x5d, 0xfd, 0x3e, 0xf2, 0xcf, 0xd5, 0x0, 0x0,
    0x4, 0x9e, 0xff, 0x90, 0xe, 0xf0, 0x8, 0xff,
    0xfa, 0x50, 0xd, 0xff, 0xa3, 0x0, 0xe, 0xf0,
    0x0, 0x3a, 0xff, 0xe1, 0x3, 0x71, 0x0, 0x0,
    0xe, 0xf0, 0x0, 0x0, 0x17, 0x40,

    /* U+69FD "槽" */
    0x0, 0x6, 0x90, 0x0, 0x0, 0x39, 0x31, 0x95,
    0x0, 0x0, 0x0, 0xa, 0xf1, 0x2, 0x33, 0x7f,
    0x75, 0xfa, 0x33, 0x30, 0x0, 0xa, 0xf1, 0xe,
    0xff, 0xff, 0xff, 0xff, 0xff, 0xf2, 0x0, 0xa,
    0xf1, 0x1, 0x11, 0x6f, 0x63, 0xf9, 0x11, 0x10,
    0x2d, 0xdf, 0xfd, 0xd5, 0xee, 0xff, 0xff, 0xff,
    0xee, 0x80, 0x2f, 0xff, 0xff, 0xf5, 0xf8, 0x6f,
    0x86, 0xf8, 0x6f, 0x90, 0x0, 0xe, 0xf1, 0x3,
    0xf6, 0x3f, 0x63, 0xf6, 0x2f, 0x90, 0x0, 0x3f,
    0xf2, 0x3, 0xff, 0xff, 0xff, 0xff, 0xff, 0x90,
    0x0, 0x8f, 0xfc, 0x3, 0xf5, 0x2f, 0x52, 0xf5,
    0x1f, 0x90, 0x0, 0xdf, 0xff, 0x63, 0xfc, 0xaf,
    0xba, 0xfb, 0xaf, 0x90, 0x2, 0xfe, 0xf9, 0xf4,
    0xbb, 0xbb, 0xbb, 0xbb, 0xbb, 0x60, 0x9, 0xea,
    0xf2, 0xd1, 0x37, 0x77, 0x77, 0x77, 0x76, 0x0,
    0x2f, 0x8a, 0xf1, 0x10, 0x6f, 0xff, 0xff, 0xff,
    0xfc, 0x0, 0x7f, 0x1a, 0xf1, 0x0, 0x6f, 0x50,
    0x0, 0x0, 0xfc, 0x0, 0x7, 0xa, 0xf1, 0x0,
    0x6f, 0xff, 0xff, 0xff, 0xfc, 0x0, 0x0, 0xa,
    0xf1, 0x0, 0x6f, 0x95, 0x55, 0x56, 0xfc, 0x0,
    0x0, 0xa, 0xf1, 0x0, 0x6f, 0x84, 0x44, 0x45,
    0xfc, 0x0, 0x0, 0xa, 0xf1, 0x0, 0x6f, 0xff,
    0xff, 0xff, 0xfc, 0x0, 0x0, 0x9, 0xe1, 0x0,
    0x6f, 0x61, 0x11, 0x12, 0xfc, 0x0,

    /* U+6A19 "標" */
    0x0, 0x5, 0x81, 0x0, 0x0, 0x0, 0x0, 0x0,
    0x0, 0x0, 0x0, 0x9, 0xf1, 0x9, 0xff, 0xff,
    0xff, 0xff, 0xff, 0xf0, 0x0, 0x9, 0xf1, 0x4,
    0x77, 0x8f, 0xb8, 0xfb, 0x77, 0x70, 0x0, 0x9,
    0xf1, 0x0, 0x55, 0x6f, 0x96, 0xfa, 0x55, 0x30,
    0x2b, 0xbe, 0xfc, 0xb3, 0xff, 0xff, 0xff, 0xff,
    0xff, 0x80, 0x3f, 0xff, 0xff, 0xf4, 0xf9, 0xe,
    0x61, 0xf4, 0x2f, 0x80, 0x0, 0xe, 0xf2, 0x0,
    0xf9, 0xe, 0x60, 0xf4, 0x1f, 0x80, 0x0, 0x3f,
    0xf4, 0x0, 0xff, 0xdf, 0xed, 0xfe, 0xdf, 0x80,
    0x0, 0x8f, 0xfe, 0x0, 0x99, 0x99, 0x99, 0x99,
    0x99, 0x50, 0x0, 0xdf, 0xff, 0x90, 0x25, 0x55,
    0x55, 0x55, 0x55, 0x0, 0x3, 0xfd, 0xf7, 0xf4,
    0x6f, 0xff, 0xff, 0xff, 0xff, 0x0, 0xb, 0xd9,
    0xf2, 0xb1, 0x0, 0x0, 0x0, 0x0, 0x0, 0x0,
    0x4f, 0x79, 0xf1, 0xa, 0xff, 0xff, 0xff, 0xff,
    0xff, 0xf0, 0x7e, 0x19, 0xf1, 0x6, 0x99, 0x99,
    0xef, 0x99, 0x99, 0x90, 0x16, 0x9, 0xf1, 0x0,
    0xb, 0x60, 0xbf, 0x4, 0xc1, 0x0, 0x0, 0x9,
    0xf1, 0x0, 0xaf, 0x70, 0xbf, 0x6, 0xfc, 0x0,
    0x0, 0x9, 0xf1, 0xa, 0xfb, 0x0, 0xbf, 0x0,
    0x9f, 0x80, 0x0, 0x9, 0xf1, 0x2f, 0xb0, 0x58,
    0xef, 0x0, 0xd, 0xd0, 0x0, 0x9, 0xf1, 0x2,
    0x0, 0x6f, 0xe7, 0x0, 0x2, 0x0,

    /* U+6A21 "模" */
    0x0, 0x6, 0x80, 0x0, 0x0, 0x86, 0x0, 0x38,
    0x30, 0x0, 0x0, 0xb, 0xf1, 0x1, 0x11, 0xfc,
    0x11, 0x8f, 0x71, 0x10, 0x0, 0xb, 0xf1, 0xa,
    0xff, 0xff, 0xff, 0xff, 0xff, 0xe0, 0x0, 0xb,
    0xf1, 0x3, 0x55, 0xfd, 0x55, 0xaf, 0x95, 0x50,
    0xf, 0xff, 0xff, 0xf0, 0x0, 0xa8, 0x0, 0x5a,
    0x40, 0x0, 0xa, 0xae, 0xfb, 0xa0, 0xff, 0xff,
    0xff, 0xff, 0xfe, 0x0, 0x0, 0xe, 0xf2, 0x0,
    0xfd, 0x44, 0x44, 0x44, 0xee, 0x0, 0x0, 0x3f,
    0xfc, 0x0, 0xfd, 0x55, 0x55, 0x55, 0xee, 0x0,
    0x0, 0x7f, 0xff, 0x60, 0xff, 0xff, 0xff, 0xff,
    0xfe, 0x0, 0x0, 0xcf, 0xfc, 0xf1, 0xfc, 0x0,
    0x0, 0x0, 0xee, 0x0, 0x2, 0xff, 0xf4, 0xf4,
    0xff, 0xff, 0xff, 0xff, 0xfe, 0x0, 0x9, 0xfc,
    0xf1, 0x40, 0x44, 0x45, 0xfd, 0x44, 0x44, 0x0,
    0x2f, 0xab, 0xf1, 0x0, 0x0, 0x3, 0xfb, 0x0,
    0x0, 0x0, 0x4f, 0x3b, 0xf1, 0x1f, 0xff, 0xff,
    0xff, 0xff, 0xff, 0xe0, 0x8, 0xb, 0xf1, 0x8,
    0x88, 0x8f, 0xff, 0xf9, 0x88, 0x70, 0x0, 0xb,
    0xf1, 0x0, 0x0, 0x9f, 0xb6, 0xfc, 0x10, 0x0,
    0x0, 0xb, 0xf1, 0x0, 0x3b, 0xfe, 0x10, 0xbf,
    0xd6, 0x0, 0x0, 0xb, 0xf1, 0x5e, 0xff, 0xb1,
    0x0, 0x9, 0xff, 0xf2, 0x0, 0xb, 0xf1, 0x1e,
    0xa4, 0x0, 0x0, 0x0, 0x4b, 0x90, 0x0, 0x0,
    0x0, 0x0, 0x0, 0x0, 0x0, 0x0, 0x0, 0x0,

    /* U+6A5F "機" */
    0x0, 0x8, 0x40, 0x0, 0x0, 0x3, 0x60, 0x0,
    0x0, 0x0, 0x0, 0xf, 0x80, 0x0, 0x9c, 0x7,
    0xf1, 0x9, 0xc0, 0x0, 0x0, 0xf, 0x80, 0x1,
    0xf4, 0x6, 0xf2, 0x1f, 0x42, 0x0, 0x0, 0xf,
    0x80, 0x9, 0xa2, 0xd8, 0xf3, 0x9b, 0x4f, 0x50,
    0x1f, 0xff, 0xff, 0x7f, 0xce, 0xc5, 0xf8, 0xff,
    0xfc, 0x0, 0xb, 0xcf, 0xdb, 0x5a, 0xbf, 0x24,
    0xf5, 0x57, 0xf3, 0x0, 0x0, 0x6f, 0x80, 0x1,
    0xe8, 0xb3, 0xf6, 0x1e, 0x6c, 0x60, 0x0, 0xaf,
    0xe1, 0xb, 0xd5, 0xf6, 0xf8, 0xcf, 0xae, 0xc0,
    0x0, 0xef, 0xf9, 0x4f, 0xfd, 0xea, 0xe9, 0xcd,
    0xa8, 0xf0, 0x3, 0xff, 0xcf, 0x33, 0xa5, 0x22,
    0xcc, 0xc, 0xf5, 0x0, 0x9, 0xbf, 0x8a, 0x58,
    0xfc, 0x88, 0xdf, 0x89, 0xfc, 0x80, 0xf, 0x6f,
    0x80, 0x6f, 0xff, 0xff, 0xff, 0xff, 0xff, 0xe0,
    0x7f, 0x1f, 0x80, 0x2, 0xf9, 0x0, 0x4f, 0x60,
    0xc9, 0x0, 0x3b, 0xf, 0x80, 0x5, 0xff, 0x90,
    0xf, 0xb7, 0xf9, 0x0, 0x2, 0xf, 0x80, 0xa,
    0xfa, 0xfa, 0xb, 0xff, 0xd1, 0x0, 0x0, 0xf,
    0x80, 0x2f, 0xa0, 0x9b, 0x8, 0xff, 0x20, 0xb2,
    0x0, 0xf, 0x80, 0xcf, 0x30, 0x1, 0x9f, 0xff,
    0x62, 0xf5, 0x0, 0xf, 0x8c, 0xf8, 0x0, 0x7f,
    0xf9, 0x3e, 0xff, 0xf1, 0x0, 0xf, 0x85, 0x90,
    0x0, 0x4b, 0x20, 0x2, 0x9d, 0x60,

    /* U+6A94 "檔" */
    0x0, 0x5, 0x80, 0x0, 0x2, 0x0, 0x86, 0x0,
    0x40, 0x0, 0x0, 0xaf, 0x10, 0xb, 0xf1, 0xf,
    0xc0, 0x3f, 0xa0, 0x0, 0xa, 0xf1, 0x0, 0x3f,
    0x90, 0xfc, 0xb, 0xf2, 0x0, 0x0, 0xaf, 0x10,
    0x68, 0xea, 0x8f, 0xe8, 0xcd, 0x86, 0x17, 0x7c,
    0xf8, 0x7b, 0xff, 0xff, 0xff, 0xff, 0xff, 0xc2,
    0xff, 0xff, 0xff, 0xbe, 0x0, 0x0, 0x0, 0x0,
    0xfc, 0x2, 0x2e, 0xf3, 0x29, 0xce, 0xff, 0xff,
    0xff, 0xfd, 0xa0, 0x3, 0xff, 0x20, 0x0, 0xec,
    0x44, 0x44, 0xcf, 0x10, 0x0, 0x7f, 0xfc, 0x0,
    0xe, 0xc2, 0x22, 0x2b, 0xf1, 0x0, 0xc, 0xff,
    0xf7, 0x0, 0xef, 0xff, 0xff, 0xff, 0x10, 0x2,
    0xfe, 0xf8, 0xf2, 0x1, 0x11, 0x11, 0x11, 0x10,
    0x0, 0x9e, 0xaf, 0x1c, 0x4f, 0xff, 0xff, 0xff,
    0xff, 0xf3, 0x2f, 0x8a, 0xf1, 0x3, 0xfb, 0x77,
    0xfd, 0x77, 0xcf, 0x37, 0xf1, 0xaf, 0x10, 0x3f,
    0x82, 0x2e, 0xc2, 0x29, 0xf3, 0x7, 0xa, 0xf1,
    0x3, 0xff, 0xff, 0xff, 0xff, 0xff, 0x30, 0x0,
    0xaf, 0x10, 0x3f, 0x83, 0x3f, 0xc3, 0x3a, 0xf3,
    0x0, 0xa, 0xf1, 0x3, 0xfa, 0x66, 0xfd, 0x66,
    0xbf, 0x30, 0x0, 0xaf, 0x10, 0x3f, 0xff, 0xff,
    0xff, 0xff, 0xf3, 0x0, 0xa, 0xf1, 0x3, 0xf6,
    0x0, 0x0, 0x0, 0x8f, 0x30, 0x0, 0x0, 0x0,
    0x0, 0x0, 0x0, 0x0, 0x0, 0x0,

    /* U+6AA2 "檢" */
    0x0, 0x5, 0x70, 0x0, 0x0, 0x4, 0x93, 0x0,
    0x0, 0x0, 0x0, 0x9, 0xe0, 0x0, 0x0, 0x2e,
    0xf9, 0x0, 0x0, 0x0, 0x0, 0x9, 0xe0, 0x0,
    0x2, 0xef, 0xcf, 0xb2, 0x0, 0x0, 0x0, 0x9,
    0xe0, 0x0, 0x6f, 0xf7, 0x4, 0xef, 0xa4, 0x0,
    0xd, 0xff, 0xff, 0xbb, 0xff, 0xa5, 0x55, 0x6d,
    0xff, 0xd3, 0x9, 0xaf, 0xfa, 0x9e, 0xb6, 0xff,
    0xff, 0xf9, 0x2a, 0xe0, 0x0, 0x1f, 0xe0, 0x1,
    0x0, 0x11, 0x11, 0x10, 0x0, 0x10, 0x0, 0x5f,
    0xf5, 0x3, 0x66, 0x66, 0x16, 0x66, 0x66, 0x0,
    0x0, 0x9f, 0xfe, 0x17, 0xfe, 0xef, 0x3e, 0xfe,
    0xff, 0x0, 0x0, 0xef, 0xed, 0x97, 0xe0, 0x4f,
    0x3e, 0x70, 0x6f, 0x0, 0x4, 0xfb, 0xe4, 0xb7,
    0xf0, 0x5f, 0x3e, 0x80, 0x7f, 0x0, 0xb, 0xc9,
    0xe0, 0x17, 0xff, 0xff, 0x3e, 0xff, 0xff, 0x0,
    0x2f, 0x79, 0xe0, 0x2, 0x48, 0x54, 0x4, 0x68,
    0x54, 0x0, 0xd, 0x9, 0xe0, 0x0, 0x2f, 0xa0,
    0x0, 0x8f, 0x40, 0x0, 0x2, 0x9, 0xe0, 0x0,
    0x9f, 0x90, 0x0, 0xef, 0x10, 0x0, 0x0, 0x9,
    0xe0, 0x3, 0xff, 0xfa, 0x5, 0xff, 0xd3, 0x0,
    0x0, 0x9, 0xe0, 0x3f, 0xf2, 0x8f, 0x5f, 0xe8,
    0xff, 0x50, 0x0, 0x9, 0xe3, 0xff, 0x50, 0x4,
    0xef, 0x50, 0x4e, 0xf1, 0x0, 0x9, 0xe1, 0xc5,
    0x0, 0x0, 0xa6, 0x0, 0x2, 0x50, 0x0, 0x0,
    0x0, 0x0, 0x0, 0x0, 0x0, 0x0, 0x0, 0x0,

    /* U+6B21 "次" */
    0x0, 0x0, 0x0, 0x0, 0x0, 0x0, 0x0, 0x0,
    0x0, 0x0, 0x0, 0x0, 0x0, 0x0, 0x5f, 0x90,
    0x0, 0x0, 0x0, 0x0, 0x3, 0x70, 0x0, 0x0,
    0xaf, 0x80, 0x0, 0x0, 0x0, 0x0, 0xd, 0xfd,
    0x30, 0x0, 0xef, 0x40, 0x0, 0x0, 0x0, 0x0,
    0x1, 0xbf, 0xf7, 0x3, 0xff, 0xdc, 0xcc, 0xcc,
    0xdc, 0x30, 0x0, 0x6, 0xf8, 0x8, 0xff, 0xff,
    0xff, 0xff, 0xff, 0x70, 0x0, 0x0, 0x30, 0xe,
    0xf4, 0x3, 0x31, 0x0, 0xdf, 0x20, 0x0, 0x0,
    0x0, 0x7f, 0xc0, 0xe, 0xf1, 0x2, 0xfd, 0x0,
    0x0, 0x0, 0x2, 0xff, 0x50, 0xf, 0xf1, 0x8,
    0xf7, 0x0, 0x0, 0x0, 0x2, 0xcb, 0x0, 0xf,
    0xf1, 0xd, 0xf1, 0x0, 0x0, 0x0, 0x84, 0x1,
    0x0, 0x2f, 0xf5, 0x0, 0x40, 0x0, 0x0, 0x3,
    0xfe, 0x0, 0x0, 0x6f, 0xfa, 0x0, 0x0, 0x0,
    0x0, 0xd, 0xf7, 0x0, 0x0, 0xbf, 0xff, 0x10,
    0x0, 0x0, 0x0, 0x7f, 0xd0, 0x0, 0x2, 0xff,
    0x9f, 0x90, 0x0, 0x0, 0x2, 0xff, 0x40, 0x0,
    0xc, 0xfa, 0xe, 0xf3, 0x0, 0x0, 0xd, 0xfa,
    0x0, 0x0, 0xaf, 0xe1, 0x6, 0xfe, 0x20, 0x0,
    0x2d, 0xe1, 0x0, 0x1b, 0xff, 0x40, 0x0, 0xbf,
    0xe4, 0x0, 0x0, 0x30, 0x6, 0xef, 0xf4, 0x0,
    0x0, 0xb, 0xff, 0xc0, 0x0, 0x0, 0x1c, 0xfb,
    0x20, 0x0, 0x0, 0x0, 0x8f, 0x80, 0x0, 0x0,
    0x1, 0x50, 0x0, 0x0, 0x0, 0x0, 0x1, 0x0,

    /* U+6B27 "欧" */
    0x0, 0x0, 0x0, 0x0, 0x0, 0x2c, 0x60, 0x0,
    0x0, 0x4, 0x66, 0x66, 0x66, 0x66, 0x6, 0xf6,
    0x0, 0x0, 0x0, 0xbf, 0xff, 0xff, 0xff, 0xf0,
    0xaf, 0x30, 0x0, 0x0, 0xb, 0xf5, 0x44, 0x44,
    0x44, 0xd, 0xfc, 0xcc, 0xcc, 0xb1, 0xbf, 0x21,
    0x0, 0x3d, 0x51, 0xff, 0xff, 0xff, 0xff, 0xb,
    0xff, 0xb0, 0x9, 0xf3, 0x7f, 0x60, 0x0, 0xf,
    0xb0, 0xbf, 0x9f, 0x60, 0xed, 0xe, 0xf0, 0xec,
    0x3, 0xf7, 0xb, 0xf1, 0xdf, 0x6f, 0x77, 0xf8,
    0xe, 0xd0, 0x8f, 0x20, 0xbf, 0x13, 0xff, 0xf1,
    0x19, 0x10, 0xfc, 0x7, 0xb0, 0xb, 0xf1, 0x8,
    0xfc, 0x0, 0x0, 0xf, 0xe0, 0x0, 0x0, 0xbf,
    0x10, 0x8f, 0xf1, 0x0, 0x2, 0xff, 0x20, 0x0,
    0xb, 0xf1, 0x2f, 0xff, 0x90, 0x0, 0x5f, 0xf6,
    0x0, 0x0, 0xbf, 0x1b, 0xf4, 0xdf, 0x20, 0x8,
    0xff, 0xc0, 0x0, 0xb, 0xf8, 0xfa, 0x5, 0xf9,
    0x0, 0xee, 0xbf, 0x20, 0x0, 0xbf, 0xfe, 0x10,
    0xc, 0x50, 0x5f, 0x92, 0xfb, 0x0, 0xb, 0xf3,
    0x30, 0x0, 0x0, 0xe, 0xf2, 0xa, 0xf7, 0x0,
    0xbf, 0xcc, 0xcc, 0xcc, 0xb9, 0xfa, 0x0, 0x1e,
    0xf6, 0xb, 0xff, 0xff, 0xff, 0xff, 0xfe, 0x10,
    0x0, 0x3f, 0xc0, 0x0, 0x0, 0x0, 0x0, 0x6,
    0x20, 0x0, 0x0, 0x41, 0x0,

    /* U+6B50 "歐" */
    0x0, 0x0, 0x0, 0x0, 0x0, 0xb, 0xc1, 0x0,
    0x0, 0x9, 0xff, 0xff, 0xff, 0xff, 0xa0, 0xff,
    0x0, 0x0, 0x0, 0x9f, 0xaa, 0xaa, 0xaa, 0xa7,
    0x3f, 0xc0, 0x0, 0x0, 0x9, 0xf0, 0x12, 0x22,
    0x20, 0x6, 0xfe, 0xaa, 0xab, 0x70, 0x9f, 0x7,
    0xff, 0xff, 0x40, 0xbf, 0xff, 0xff, 0xfb, 0x9,
    0xf0, 0x7e, 0x3, 0xf4, 0x1f, 0xf1, 0x0, 0x4f,
    0x70, 0x9f, 0x7, 0xe0, 0x2f, 0x48, 0xfa, 0x25,
    0x17, 0xf3, 0x9, 0xf0, 0x7f, 0xff, 0xf5, 0xef,
    0x48, 0xf3, 0xad, 0x0, 0x9f, 0x1, 0x33, 0x33,
    0x11, 0x80, 0x8f, 0x20, 0x0, 0x9, 0xf1, 0x33,
    0x12, 0x22, 0x0, 0xa, 0xf2, 0x0, 0x0, 0x9f,
    0x5f, 0xf9, 0xdf, 0xf4, 0x0, 0xcf, 0x70, 0x0,
    0x9, 0xf5, 0xb4, 0x9d, 0x1c, 0x40, 0xe, 0xfd,
    0x0, 0x0, 0x9f, 0x5b, 0x49, 0xd1, 0xc4, 0x1,
    0xff, 0xf3, 0x0, 0x9, 0xf5, 0xc7, 0x9d, 0x5d,
    0x40, 0x6f, 0xdf, 0x90, 0x0, 0x9f, 0x4e, 0xe8,
    0xdf, 0xf4, 0xc, 0xf2, 0xef, 0x10, 0x9, 0xf0,
    0x0, 0x0, 0x0, 0x5, 0xfa, 0x6, 0xfb, 0x0,
    0x9f, 0xff, 0xff, 0xff, 0xfe, 0xef, 0x30, 0xc,
    0xf9, 0x5, 0x99, 0x99, 0x99, 0x99, 0xdf, 0x80,
    0x0, 0x1e, 0xd1, 0x0, 0x0, 0x0, 0x0, 0x1,
    0x60, 0x0, 0x0, 0x22, 0x0,

    /* U+6B63 "正" */
    0x3, 0xbb, 0xbb, 0xbb, 0xbb, 0xbb, 0xbb, 0xbb,
    0xbb, 0x50, 0x4, 0xff, 0xff, 0xff, 0xff, 0xff,
    0xff, 0xff, 0xff, 0x70, 0x0, 0x22, 0x22, 0x22,
    0x28, 0xf9, 0x22, 0x22, 0x22, 0x10, 0x0, 0x0,
    0x0, 0x0, 0x6, 0xf8, 0x0, 0x0, 0x0, 0x0,
    0x0, 0x0, 0x0, 0x0, 0x6, 0xf8, 0x0, 0x0,
    0x0, 0x0, 0x0, 0x1, 0x31, 0x0, 0x6, 0xf8,
    0x0, 0x0, 0x0, 0x0, 0x0, 0x6, 0xf8, 0x0,
    0x6, 0xf8, 0x0, 0x0, 0x0, 0x0, 0x0, 0x6,
    0xf8, 0x0, 0x6, 0xfe, 0xcc, 0xcc, 0xc7, 0x0,
    0x0, 0x6, 0xf8, 0x0, 0x6, 0xff, 0xff, 0xff,
    0xf8, 0x0, 0x0, 0x6, 0xf8, 0x0, 0x6, 0xf9,
    0x0, 0x0, 0x0, 0x0, 0x0, 0x6, 0xf8, 0x0,
    0x6, 0xf8, 0x0, 0x0, 0x0, 0x0, 0x0, 0x6,
    0xf8, 0x0, 0x6, 0xf8, 0x0, 0x0, 0x0, 0x0,
    0x0, 0x6, 0xf8, 0x0, 0x6, 0xf8, 0x0, 0x0,
    0x0, 0x0, 0x0, 0x6, 0xf8, 0x0, 0x6, 0xf8,
    0x0, 0x0, 0x0, 0x0, 0x0, 0x6, 0xf8, 0x0,
    0x6, 0xf8, 0x0, 0x0, 0x0, 0x0, 0xf, 0xff,
    0xff, 0xff, 0xff, 0xff, 0xff, 0xff, 0xff, 0xf1,
    0xd, 0xdd, 0xdd, 0xdd, 0xdd, 0xdd, 0xdd, 0xdd,
    0xdd, 0xd1,

    /* U+6B64 "此" */
    0x0, 0x0, 0x0, 0x0, 0x0, 0x0, 0x0, 0x0,
    0x0, 0x0, 0x0, 0x0, 0x0, 0xfe, 0x0, 0xc,
    0xf2, 0x0, 0x0, 0x0, 0x0, 0x0, 0x0, 0xfe,
    0x0, 0xc, 0xf2, 0x0, 0x0, 0x0, 0x0, 0x0,
    0x0, 0xfe, 0x0, 0xc, 0xf2, 0x0, 0x0, 0x0,
    0x0, 0x67, 0x0, 0xfe, 0x0, 0xc, 0xf2, 0x0,
    0x1, 0x0, 0x0, 0xcf, 0x10, 0xfe, 0x0, 0xc,
    0xf2, 0x2, 0xce, 0x30, 0x0, 0xcf, 0x10, 0xff,
    0xcc, 0x6c, 0xf3, 0x8f, 0xfd, 0x30, 0x0, 0xcf,
    0x10, 0xff, 0xff, 0x8c, 0xff, 0xff, 0x70, 0x0,
    0x0, 0xcf, 0x10, 0xfe, 0x0, 0xc, 0xff, 0x81,
    0x0, 0x0, 0x0, 0xcf, 0x10, 0xfe, 0x0, 0xc,
    0xf3, 0x0, 0x0, 0x0, 0x0, 0xcf, 0x10, 0xfe,
    0x0, 0xc, 0xf2, 0x0, 0x0, 0x0, 0x0, 0xcf,
    0x10, 0xfe, 0x0, 0xc, 0xf2, 0x0, 0x0, 0x0,
    0x0, 0xcf, 0x10, 0xfe, 0x0, 0xc, 0xf2, 0x0,
    0x0, 0x0, 0x0, 0xcf, 0x10, 0xfe, 0x0, 0xc,
    0xf2, 0x0, 0x4, 0x20, 0x0, 0xcf, 0x10, 0xfe,
    0x0, 0xc, 0xf2, 0x0, 0x8, 0xf3, 0x0, 0xcf,
    0x10, 0xfe, 0x14, 0x3c, 0xf2, 0x0, 0x9, 0xf3,
    0x0, 0xcf, 0x57, 0xff, 0xff, 0x8b, 0xf3, 0x0,
    0xc, 0xf1, 0x3c, 0xff, 0xff, 0xff, 0xfc, 0x59,
    0xff, 0xdd, 0xef, 0xc0, 0x2f, 0xfe, 0xb8, 0x52,
    0x0, 0x2, 0xcf, 0xff, 0xfd, 0x20, 0x4, 0x10,
    0x0, 0x0, 0x0, 0x0, 0x0, 0x0, 0x0, 0x0,

    /* U+6BB5 "段" */
    0x0, 0x0, 0x1, 0x8c, 0x10, 0x0, 0x0, 0x0,
    0x0, 0x0, 0x0, 0x5, 0xbf, 0xff, 0x70, 0x9f,
    0xff, 0xff, 0xa0, 0x0, 0x0, 0xcf, 0xfb, 0x61,
    0x0, 0x9f, 0xa9, 0x9f, 0xa0, 0x0, 0x0, 0xcf,
    0x10, 0x0, 0x0, 0x9f, 0x20, 0x1f, 0xa0, 0x0,
    0x0, 0xcf, 0x10, 0x0, 0x0, 0xbf, 0x0, 0x1f,
    0xa0, 0x0, 0x0, 0xcf, 0xff, 0xff, 0x30, 0xed,
    0x0, 0x1f, 0xb0, 0x0, 0x0, 0xcf, 0x99, 0x99,
    0x27, 0xf8, 0x0, 0xf, 0xe7, 0x81, 0x0, 0xcf,
    0x0, 0x0, 0x6f, 0xe0, 0x0, 0x8, 0xff, 0xf3,
    0x0, 0xcf, 0x21, 0x11, 0x1a, 0x10, 0x0, 0x0,
    0x0, 0x0, 0x0, 0xcf, 0xff, 0xff, 0x2d, 0xff,
    0xff, 0xff, 0xfc, 0x0, 0x0, 0xcf, 0x98, 0x88,
    0x1a, 0xfc, 0xaa, 0xab, 0xfb, 0x0, 0x0, 0xcf,
    0x0, 0x0, 0x0, 0xfc, 0x0, 0x8, 0xf6, 0x0,
    0x0, 0xcf, 0x0, 0x3, 0x20, 0x9f, 0x40, 0x1f,
    0xf1, 0x0, 0x14, 0xdf, 0xbe, 0xff, 0x80, 0x2f,
    0xe2, 0xbf, 0x80, 0x0, 0x5f, 0xff, 0xff, 0xc9,
    0x40, 0x7, 0xff, 0xfd, 0x0, 0x0, 0x2b, 0xef,
    0x30, 0x0, 0x0, 0x1, 0xff, 0xf7, 0x0, 0x0,
    0x0, 0xcf, 0x0, 0x0, 0x0, 0x6f, 0xff, 0xff,
    0xa2, 0x0, 0x0, 0xcf, 0x0, 0x1, 0x9e, 0xff,
    0xa1, 0x6f, 0xff, 0xc2, 0x0, 0xcf, 0x0, 0x0,
    0xcf, 0xb4, 0x0, 0x2, 0x9f, 0xb0, 0x0, 0x0,
    0x0, 0x0, 0x21, 0x0, 0x0, 0x0, 0x0, 0x10,

    /* U+6C38 "永" */
    0x0, 0x0, 0x0, 0xa8, 0x30, 0x0, 0x0, 0x0,
    0x0, 0x0, 0x0, 0x0, 0x4, 0xff, 0xfe, 0xa4,
    0x0, 0x0, 0x0, 0x0, 0x0, 0x0, 0x0, 0x15,
    0xaf, 0xff, 0xe5, 0x0, 0x0, 0x0, 0x0, 0x0,
    0x0, 0x0, 0x0, 0x6d, 0xf5, 0x0, 0x0, 0x0,
    0x0, 0x3, 0xcc, 0xcc, 0xcc, 0xc1, 0x40, 0x0,
    0x0, 0x0, 0x0, 0x4, 0xff, 0xff, 0xff, 0xf1,
    0x0, 0x0, 0x0, 0x0, 0x0, 0x0, 0x0, 0x0,
    0xf, 0xf5, 0x0, 0x0, 0xbd, 0x30, 0x0, 0x0,
    0x0, 0x0, 0xe, 0xfc, 0x0, 0xb, 0xfe, 0x30,
    0xc, 0xdd, 0xdd, 0xd7, 0xe, 0xff, 0x21, 0xcf,
    0xd2, 0x0, 0xe, 0xff, 0xff, 0xf9, 0xe, 0xff,
    0xbd, 0xfb, 0x10, 0x0, 0x0, 0x0, 0xc, 0xf4,
    0xe, 0xfe, 0xff, 0x80, 0x0, 0x0, 0x0, 0x0,
    0x3f, 0xe0, 0xe, 0xf6, 0xfd, 0x0, 0x0, 0x0,
    0x0, 0x0, 0xbf, 0x70, 0xe, 0xf1, 0xcf, 0xa0,
    0x0, 0x0, 0x0, 0x6, 0xfe, 0x0, 0xe, 0xf1,
    0x2e, 0xf9, 0x0, 0x0, 0x0, 0x4f, 0xf5, 0x0,
    0xe, 0xf1, 0x4, 0xff, 0x90, 0x0, 0x5, 0xff,
    0x80, 0x0, 0xe, 0xf1, 0x0, 0x4f, 0xfd, 0x50,
    0x1e, 0xfa, 0x0, 0x0, 0xf, 0xf1, 0x0, 0x3,
    0xdf, 0xe1, 0x3, 0x70, 0x0, 0xcd, 0xdf, 0xf0,
    0x0, 0x0, 0x7, 0x40, 0x0, 0x0, 0x0, 0x9f,
    0xfc, 0x50, 0x0, 0x0, 0x0, 0x0, 0x0, 0x0,
    0x0, 0x0, 0x0, 0x0, 0x0, 0x0, 0x0, 0x0,

    /* U+6C42 "求" */
    0x0, 0x0, 0x0, 0x0, 0x8, 0x80, 0x4, 0x30,
    0x0, 0x0, 0x0, 0x0, 0x0, 0x0, 0xe, 0xf0,
    0x1e, 0xfb, 0x20, 0x0, 0x0, 0x0, 0x0, 0x0,
    0xe, 0xf0, 0x0, 0x7f, 0xf2, 0x0, 0x8, 0xcc,
    0xcc, 0xcc, 0xcf, 0xfc, 0xcc, 0xcd, 0xfc, 0xb0,
    0xa, 0xff, 0xff, 0xff, 0xff, 0xff, 0xff, 0xff,
    0xff, 0xe0, 0x0, 0x0, 0x0, 0x0, 0xf, 0xf2,
    0x0, 0x0, 0x10, 0x0, 0x0, 0x2b, 0x20, 0x0,
    0xe, 0xf8, 0x0, 0x1, 0xd7, 0x0, 0x0, 0x6f,
    0xe2, 0x0, 0xe, 0xfe, 0x0, 0xb, 0xfb, 0x0,
    0x0, 0x7, 0xfd, 0x10, 0xe, 0xff, 0x70, 0xaf,
    0xc0, 0x0, 0x0, 0x0, 0xaf, 0xb0, 0xe, 0xfe,
    0xea, 0xfd, 0x10, 0x0, 0x0, 0x0, 0x1c, 0x40,
    0x3f, 0xf6, 0xff, 0xd1, 0x0, 0x0, 0x0, 0x0,
    0x0, 0x19, 0xff, 0xf0, 0xcf, 0x70, 0x0, 0x0,
    0x0, 0x0, 0x6, 0xef, 0xdf, 0xf0, 0x2f, 0xf6,
    0x0, 0x0, 0x0, 0x4, 0xdf, 0xf8, 0xe, 0xf0,
    0x5, 0xff, 0x60, 0x0, 0x2, 0xbf, 0xfc, 0x30,
    0xe, 0xf0, 0x0, 0x7f, 0xfb, 0x10, 0xe, 0xff,
    0x70, 0x0, 0xe, 0xf0, 0x0, 0x6, 0xff, 0xf3,
    0x5, 0xa1, 0x0, 0x0, 0xf, 0xf0, 0x0, 0x0,
    0x3d, 0xa0, 0x0, 0x0, 0x4, 0xff, 0xff, 0xd0,
    0x0, 0x0, 0x0, 0x0, 0x0, 0x0, 0x0, 0xef,
    0xeb, 0x30, 0x0, 0x0, 0x0, 0x0, 0x0, 0x0,
    0x0, 0x0, 0x0, 0x0, 0x0, 0x0, 0x0, 0x0,

    /* U+6C92 "沒" */
    0x0, 0x46, 0x0, 0x0, 0x5, 0xc5, 0x0, 0x0,
    0x0, 0x0, 0x0, 0xef, 0xe4, 0x0, 0x9, 0xf7,
    0x0, 0x0, 0x0, 0x0, 0x0, 0x19, 0xff, 0x40,
    0xc, 0xff, 0xff, 0xff, 0xff, 0x10, 0x0, 0x0,
    0x4a, 0x0, 0x1f, 0xfa, 0xaa, 0xaa, 0xff, 0x0,
    0x0, 0x0, 0x0, 0x0, 0x6f, 0x90, 0x0, 0x0,
    0xfe, 0x0, 0x2, 0x10, 0x0, 0x0, 0xef, 0x20,
    0x0, 0x1, 0xfc, 0x0, 0x1e, 0xf9, 0x10, 0x9,
    0xfb, 0x0, 0x11, 0x7, 0xfa, 0x0, 0x6, 0xef,
    0xe3, 0x8f, 0xe1, 0x0, 0x5f, 0xff, 0xf4, 0x0,
    0x0, 0x8, 0xc0, 0x2c, 0x30, 0x0, 0x9, 0x98,
    0x40, 0x0, 0x0, 0x0, 0x0, 0x6, 0xaa, 0xaa,
    0xaa, 0xaa, 0xa7, 0x0, 0x0, 0x0, 0x0, 0xa,
    0xff, 0xff, 0xff, 0xff, 0xfc, 0x0, 0x0, 0x0,
    0x7c, 0x10, 0x3e, 0xb0, 0x0, 0xc, 0xf4, 0x0,
    0x0, 0x1, 0xff, 0x10, 0xb, 0xf6, 0x0, 0x7f,
    0xc0, 0x0, 0x0, 0x8, 0xf8, 0x0, 0x1, 0xef,
    0x67, 0xfe, 0x10, 0x0, 0x0, 0x2f, 0xf1, 0x0,
    0x0, 0x2e, 0xff, 0xe2, 0x0, 0x0, 0x0, 0xaf,
    0x80, 0x0, 0x2, 0x9f, 0xff, 0xe7, 0x10, 0x0,
    0x4, 0xfe, 0x0, 0x48, 0xcf, 0xfe, 0x79, 0xff,
    0xfb, 0x61, 0x3, 0xe6, 0x0, 0xbf, 0xfc, 0x60,
    0x0, 0x2a, 0xff, 0xe1, 0x0, 0x10, 0x0, 0x26,
    0x10, 0x0, 0x0, 0x0, 0x5, 0x30,

    /* U+6CA1 "没" */
    0x0, 0x21, 0x0, 0x0, 0x0, 0x0, 0x0, 0x0,
    0x0, 0x0, 0x1, 0xef, 0x70, 0x0, 0x1f, 0xff,
    0xff, 0xff, 0x0, 0x0, 0x0, 0x6e, 0xfd, 0x20,
    0x1f, 0xeb, 0xbb, 0xff, 0x0, 0x0, 0x0, 0x1,
    0xad, 0x0, 0x1f, 0xb0, 0x0, 0xcf, 0x0, 0x0,
    0x0, 0x0, 0x0, 0x0, 0x4f, 0x90, 0x0, 0xcf,
    0x0, 0x0, 0x0, 0x0, 0x0, 0x0, 0xbf, 0x40,
    0x0, 0xcf, 0x20, 0x10, 0xb, 0xa2, 0x0, 0x9,
    0xfc, 0x0, 0x0, 0xaf, 0xff, 0xf3, 0x1c, 0xff,
    0x91, 0xcf, 0xd1, 0x0, 0x0, 0x2a, 0xcc, 0xb3,
    0x0, 0x4d, 0xe1, 0x28, 0x10, 0x0, 0x0, 0x0,
    0x0, 0x0, 0x0, 0x0, 0x30, 0xf, 0xff, 0xff,
    0xff, 0xff, 0xfb, 0x0, 0x0, 0x0, 0x0, 0xb,
    0xfe, 0xbb, 0xbb, 0xbe, 0xf7, 0x0, 0x0, 0x0,
    0x6a, 0x1, 0xef, 0x20, 0x0, 0x2f, 0xf1, 0x0,
    0x0, 0x0, 0xef, 0x10, 0x5f, 0xc0, 0x0, 0xcf,
    0x70, 0x0, 0x0, 0x7, 0xf9, 0x0, 0xa, 0xfc,
    0x2c, 0xfa, 0x0, 0x0, 0x0, 0x1e, 0xf1, 0x0,
    0x0, 0xbf, 0xff, 0xb0, 0x0, 0x0, 0x0, 0x9f,
    0x90, 0x0, 0x3, 0xbf, 0xff, 0xb3, 0x0, 0x0,
    0x3, 0xff, 0x10, 0x37, 0xcf, 0xfd, 0x8e, 0xff,
    0xc8, 0x40, 0x5, 0xf7, 0x3, 0xff, 0xfd, 0x50,
    0x0, 0x7e, 0xff, 0xf2, 0x0, 0x20, 0x0, 0x86,
    0x20, 0x0, 0x0, 0x0, 0x38, 0x60,

    /* U+6CD5 "法" */
    0x0, 0x0, 0x0, 0x0, 0x0, 0x0, 0x0, 0x0,
    0x0, 0x0, 0x0, 0x39, 0x20, 0x0, 0x0, 0x1,
    0xfd, 0x0, 0x0, 0x0, 0x0, 0xaf, 0xf9, 0x10,
    0x0, 0x1, 0xfd, 0x0, 0x0, 0x0, 0x0, 0x5,
    0xef, 0xa0, 0x0, 0x1, 0xfd, 0x0, 0x0, 0x0,
    0x0, 0x0, 0x19, 0x12, 0xbb, 0xbc, 0xff, 0xbb,
    0xbb, 0x10, 0x0, 0x0, 0x0, 0x3, 0xff, 0xff,
    0xff, 0xff, 0xff, 0x10, 0x1, 0x20, 0x0, 0x0,
    0x0, 0x1, 0xfd, 0x0, 0x0, 0x0, 0xb, 0xfa,
    0x20, 0x0, 0x0, 0x1, 0xfd, 0x0, 0x0, 0x0,
    0x4, 0xcf, 0xf5, 0x0, 0x0, 0x1, 0xfd, 0x0,
    0x0, 0x0, 0x0, 0x6, 0xe1, 0xb, 0xbb, 0xbc,
    0xff, 0xbb, 0xbb, 0xa0, 0x0, 0x0, 0x0, 0x1f,
    0xff, 0xff, 0xff, 0xff, 0xff, 0xe0, 0x0, 0x0,
    0x2, 0x0, 0x0, 0x3f, 0xf2, 0x0, 0x0, 0x0,
    0x0, 0x0, 0x1f, 0x60, 0x0, 0xaf, 0x90, 0x0,
    0x0, 0x0, 0x0, 0x0, 0xaf, 0x70, 0x2, 0xff,
    0x10, 0x6d, 0x20, 0x0, 0x0, 0x3, 0xfe, 0x0,
    0xa, 0xf7, 0x0, 0x4f, 0xc0, 0x0, 0x0, 0xc,
    0xf6, 0x0, 0x4f, 0xd0, 0x0, 0xa, 0xf7, 0x0,
    0x0, 0x6f, 0xd0, 0x2, 0xef, 0x97, 0x9b, 0xde,
    0xff, 0x10, 0x2, 0xff, 0x30, 0x8, 0xff, 0xff,
    0xff, 0xec, 0xcf, 0x90, 0x1, 0xba, 0x0, 0x2,
    0xc8, 0x64, 0x20, 0x0, 0xf, 0xe0, 0x0, 0x0,
    0x0, 0x0, 0x0, 0x0, 0x0, 0x0, 0x4, 0x0,

    /* U+6CE2 "波" */
    0x0, 0x34, 0x0, 0x0, 0x0, 0x1, 0xca, 0x0,
    0x0, 0x0, 0x0, 0xef, 0xc2, 0x0, 0x0, 0x1,
    0xfc, 0x0, 0x0, 0x0, 0x0, 0x2b, 0xff, 0x20,
    0x0, 0x1, 0xfc, 0x0, 0x0, 0x0, 0x0, 0x0,
    0x69, 0xf, 0xff, 0xff, 0xff, 0xff, 0xff, 0xf3,
    0x0, 0x0, 0x0, 0xf, 0xfb, 0xbb, 0xfe, 0xbb,
    0xbf, 0xe0, 0x1, 0x0, 0x0, 0xf, 0xd0, 0x1,
    0xfc, 0x0, 0x5f, 0x90, 0xd, 0xd5, 0x0, 0xf,
    0xd0, 0x1, 0xfc, 0x0, 0xbf, 0x20, 0x19, 0xff,
    0xc1, 0xf, 0xd0, 0x1, 0xfc, 0x0, 0x24, 0x0,
    0x0, 0x2c, 0xc0, 0xf, 0xff, 0xff, 0xff, 0xff,
    0xfc, 0x0, 0x0, 0x0, 0x10, 0xf, 0xff, 0xfa,
    0xaa, 0xac, 0xf9, 0x0, 0x0, 0x0, 0x0, 0xf,
    0xc8, 0xf5, 0x0, 0xa, 0xf3, 0x0, 0x0, 0x0,
    0xb3, 0x2f, 0xb1, 0xfe, 0x0, 0x2f, 0xd0, 0x0,
    0x0, 0x5, 0xfa, 0x4f, 0x80, 0x8f, 0xa0, 0xcf,
    0x50, 0x0, 0x0, 0xc, 0xf3, 0x7f, 0x60, 0xc,
    0xfc, 0xfa, 0x0, 0x0, 0x0, 0x4f, 0xc0, 0xbf,
    0x20, 0x2, 0xff, 0xf1, 0x0, 0x0, 0x0, 0xcf,
    0x51, 0xfd, 0x0, 0x2c, 0xff, 0xfb, 0x20, 0x0,
    0x5, 0xfd, 0x8, 0xf8, 0x29, 0xff, 0xc4, 0xcf,
    0xf9, 0x30, 0x8, 0xf5, 0x1f, 0xf3, 0xff, 0xf7,
    0x0, 0x8, 0xff, 0xf3, 0x0, 0x40, 0x3, 0x50,
    0x67, 0x10, 0x0, 0x0, 0x7, 0x60,

    /* U+6D0B "洋" */
    0x0, 0x20, 0x0, 0x0, 0x49, 0x0, 0x0, 0x7,
    0x71, 0x0, 0x3, 0xfc, 0x30, 0x0, 0xaf, 0x80,
    0x0, 0x1f, 0xe0, 0x0, 0x1, 0xaf, 0xf7, 0x0,
    0x1f, 0xf1, 0x0, 0x7f, 0x70, 0x0, 0x0, 0x5,
    0xee, 0x10, 0x9, 0xe4, 0x1, 0xfe, 0x10, 0x0,
    0x0, 0x0, 0x22, 0x2f, 0xff, 0xff, 0xff, 0xff,
    0xff, 0xa0, 0x0, 0x0, 0x0, 0x1b, 0xbb, 0xbd,
    0xfe, 0xbb, 0xbb, 0x70, 0x1e, 0xb3, 0x0, 0x0,
    0x0, 0x5, 0xf9, 0x0, 0x0, 0x0, 0x1a, 0xff,
    0xa1, 0x0, 0x0, 0x5, 0xf9, 0x0, 0x0, 0x0,
    0x0, 0x3d, 0xe1, 0x7, 0xff, 0xff, 0xff, 0xff,
    0xfe, 0x0, 0x0, 0x0, 0x20, 0x6, 0xcc, 0xce,
    0xfe, 0xcc, 0xcc, 0x0, 0x0, 0x0, 0x40, 0x0,
    0x0, 0x5, 0xf9, 0x0, 0x0, 0x0, 0x0, 0x3,
    0xf7, 0x0, 0x0, 0x5, 0xf9, 0x0, 0x0, 0x0,
    0x0, 0xb, 0xf5, 0x9c, 0xcc, 0xcd, 0xfe, 0xcc,
    0xcc, 0xc0, 0x0, 0x2f, 0xe0, 0xcf, 0xff, 0xff,
    0xff, 0xff, 0xff, 0xf1, 0x0, 0xaf, 0x70, 0x0,
    0x0, 0x5, 0xf9, 0x0, 0x0, 0x0, 0x2, 0xff,
    0x10, 0x0, 0x0, 0x5, 0xf9, 0x0, 0x0, 0x0,
    0xa, 0xf8, 0x0, 0x0, 0x0, 0x5, 0xf9, 0x0,
    0x0, 0x0, 0xa, 0xf1, 0x0, 0x0, 0x0, 0x5,
    0xf9, 0x0, 0x0, 0x0, 0x0, 0x20, 0x0, 0x0,
    0x0, 0x5, 0xf9, 0x0, 0x0, 0x0,

    /* U+6D3E "派" */
    0x0, 0x52, 0x0, 0x0, 0x0, 0x0, 0x0, 0x37,
    0xb1, 0x0, 0x2, 0xff, 0x80, 0x0, 0x13, 0x68,
    0xbf, 0xff, 0xfb, 0x0, 0x0, 0x4e, 0xfc, 0xc,
    0xff, 0xff, 0xfd, 0xa6, 0x20, 0x0, 0x0, 0x0,
    0xa7, 0xd, 0xf8, 0x52, 0x0, 0x0, 0x0, 0x0,
    0x0, 0x0, 0x0, 0xd, 0xe0, 0x0, 0x2, 0x6b,
    0xc1, 0x0, 0x1, 0x0, 0x0, 0xd, 0xe0, 0x5b,
    0xff, 0xff, 0xc5, 0x0, 0xe, 0xb3, 0x0, 0xd,
    0xe0, 0x9f, 0xce, 0xe1, 0x0, 0x0, 0x1b, 0xff,
    0x80, 0xd, 0xe0, 0x9f, 0x19, 0xf1, 0x0, 0x0,
    0x0, 0x4e, 0x80, 0xd, 0xe0, 0x9f, 0x16, 0xf4,
    0x7, 0x20, 0x0, 0x1, 0x0, 0xe, 0xd0, 0x9f,
    0x13, 0xf7, 0x8f, 0xc0, 0x0, 0x0, 0x0, 0xf,
    0xc0, 0x9f, 0x10, 0xff, 0xfc, 0x10, 0x0, 0x1,
    0xe2, 0x1f, 0xa0, 0x9f, 0x10, 0xcf, 0x80, 0x0,
    0x0, 0x8, 0xf4, 0x2f, 0x80, 0x9f, 0x10, 0x7f,
    0x50, 0x0, 0x0, 0x1f, 0xd0, 0x6f, 0x50, 0x9f,
    0x10, 0x2f, 0xd0, 0x0, 0x0, 0x8f, 0x60, 0xaf,
    0x10, 0x9f, 0x10, 0x2b, 0xf5, 0x0, 0x1, 0xfe,
    0x0, 0xed, 0x0, 0x9f, 0x7d, 0xf4, 0xff, 0x30,
    0x9, 0xf6, 0x6, 0xf8, 0x0, 0xdf, 0xfe, 0x70,
    0xaf, 0xe1, 0x7, 0xe0, 0xd, 0xf1, 0x0, 0xfd,
    0x50, 0x0, 0xc, 0x80, 0x0, 0x10, 0x2, 0x60,
    0x0, 0x30, 0x0, 0x0, 0x1, 0x0,

    /* U+6D4B "测" */
    0x0, 0x10, 0x0, 0x0, 0x0, 0x0, 0x0, 0x0,
    0x2, 0x10, 0x3f, 0xd5, 0x8, 0x99, 0x99, 0x99,
    0x0, 0x0, 0xf9, 0x1, 0x8f, 0xf8, 0xed, 0x99,
    0x9d, 0xf0, 0x8e, 0xf, 0x90, 0x0, 0x2a, 0x1e,
    0x80, 0x10, 0x8f, 0x8, 0xe0, 0xf9, 0x0, 0x0,
    0x0, 0xe8, 0x4f, 0x18, 0xf0, 0x8e, 0xf, 0x90,
    0x10, 0x0, 0xe, 0x84, 0xf1, 0x8f, 0x8, 0xe0,
    0xf9, 0x1e, 0xd4, 0x0, 0xe8, 0x4f, 0x18, 0xf0,
    0x8e, 0xf, 0x91, 0x9f, 0xf9, 0xe, 0x84, 0xf1,
    0x8f, 0x8, 0xe0, 0xf9, 0x0, 0x3d, 0x50, 0xe8,
    0x4f, 0x18, 0xf0, 0x8e, 0xf, 0x90, 0x0, 0x0,
    0xe, 0x84, 0xf1, 0x8f, 0x8, 0xe0, 0xf9, 0x0,
    0x0, 0x0, 0xe8, 0x4f, 0x18, 0xf0, 0x8e, 0xf,
    0x90, 0x0, 0x75, 0xe, 0x84, 0xf1, 0x8f, 0x8,
    0xe0, 0xf9, 0x0, 0xe, 0xf0, 0xe8, 0x5f, 0x8,
    0xf0, 0x8e, 0xf, 0x90, 0x4, 0xf9, 0xe, 0x87,
    0xf0, 0x8f, 0x8, 0xe0, 0xf9, 0x0, 0xaf, 0x40,
    0x0, 0xbb, 0x20, 0x0, 0x0, 0xf, 0x90, 0x1f,
    0xe0, 0x0, 0x3f, 0x9f, 0x70, 0x0, 0x0, 0xf9,
    0x7, 0xf8, 0x0, 0x1d, 0xc0, 0x8f, 0x40, 0x0,
    0xf, 0x90, 0xef, 0x20, 0x4e, 0xe2, 0x0, 0xce,
    0x13, 0x89, 0xf8, 0x2, 0x80, 0x7, 0xb2, 0x0,
    0x2, 0xb2, 0x1f, 0xfc, 0x20, 0x0, 0x0, 0x0,
    0x0, 0x0, 0x0, 0x0, 0x0, 0x0,

    /* U+6D88 "消" */
    0x0, 0x40, 0x0, 0x0, 0x0, 0x0, 0xb9, 0x0,
    0x1, 0x0, 0x4, 0xfe, 0x50, 0x1b, 0xb0, 0x1,
    0xfd, 0x0, 0x1f, 0xc0, 0x0, 0x7f, 0xf9, 0xb,
    0xf6, 0x1, 0xfd, 0x0, 0x8f, 0xa0, 0x0, 0x2,
    0xd7, 0x2, 0xfe, 0x1, 0xfd, 0x1, 0xff, 0x20,
    0x0, 0x0, 0x0, 0x0, 0xbf, 0x41, 0xfd, 0x6,
    0xf8, 0x0, 0x0, 0x0, 0x0, 0x0, 0x21, 0x1,
    0xfd, 0x0, 0x21, 0x0, 0x2e, 0xa2, 0x0, 0xa,
    0xff, 0xff, 0xff, 0xff, 0xff, 0x50, 0x1a, 0xff,
    0x60, 0xa, 0xfc, 0xbb, 0xbb, 0xbb, 0xdf, 0x50,
    0x0, 0x4e, 0xb0, 0xa, 0xf2, 0x0, 0x0, 0x0,
    0x7f, 0x50, 0x0, 0x1, 0x10, 0xa, 0xfb, 0x99,
    0x99, 0x99, 0xcf, 0x50, 0x0, 0x0, 0x0, 0xa,
    0xff, 0xff, 0xff, 0xff, 0xff, 0x50, 0x0, 0x0,
    0xc4, 0xa, 0xf2, 0x0, 0x0, 0x0, 0x7f, 0x50,
    0x0, 0x4, 0xfa, 0xa, 0xf3, 0x0, 0x0, 0x0,
    0x8f, 0x50, 0x0, 0xc, 0xf3, 0xa, 0xff, 0xff,
    0xff, 0xff, 0xff, 0x50, 0x0, 0x4f, 0xc0, 0xa,
    0xfa, 0x99, 0x99, 0x99, 0xcf, 0x50, 0x0, 0xcf,
    0x50, 0xa, 0xf2, 0x0, 0x0, 0x0, 0x7f, 0x50,
    0x5, 0xfd, 0x0, 0xa, 0xf2, 0x0, 0x0, 0x0,
    0x7f, 0x50, 0xb, 0xf5, 0x0, 0xa, 0xf2, 0x0,
    0x6, 0xdc, 0xff, 0x30, 0x0, 0x90, 0x0, 0xa,
    0xf2, 0x0, 0x2, 0xee, 0xc8, 0x0,

    /* U+6DFB "添" */
    0x0, 0x64, 0x0, 0x0, 0x0, 0x0, 0x0, 0x0,
    0x0, 0x0, 0x2, 0xff, 0xb1, 0x4c, 0xcc, 0xcc,
    0xcc, 0xcc, 0xcc, 0x60, 0x0, 0x2c, 0xfb, 0x5f,
    0xff, 0xff, 0xff, 0xff, 0xff, 0x70, 0x0, 0x0,
    0x82, 0x0, 0x0, 0x6f, 0xa0, 0x0, 0x0, 0x0,
    0x0, 0x0, 0x0, 0x0, 0x0, 0xbf, 0x50, 0x0,
    0x0, 0x0, 0x1, 0x0, 0x3, 0xbb, 0xbb, 0xff,
    0xcb, 0xbb, 0xbb, 0xb2, 0xd, 0xe6, 0x4, 0xff,
    0xff, 0xff, 0xff, 0xff, 0xff, 0xf2, 0x1a, 0xff,
    0xc0, 0x0, 0x4f, 0xe1, 0x3, 0xfd, 0x10, 0x0,
    0x0, 0x4e, 0x80, 0x1, 0xef, 0x40, 0x0, 0x7f,
    0xb0, 0x0, 0x0, 0x1, 0x0, 0x2d, 0xf9, 0x38,
    0x20, 0xb, 0xfc, 0x20, 0x0, 0x0, 0x6, 0xff,
    0x90, 0x6f, 0x40, 0x0, 0xbf, 0xf4, 0x0, 0x1,
    0x27, 0xf6, 0x30, 0x6f, 0x40, 0x3, 0xb8, 0xb0,
    0x0, 0x8, 0xf3, 0x25, 0xf5, 0x6f, 0x6d, 0x65,
    0xf9, 0x0, 0x0, 0xe, 0xf1, 0xc, 0xe0, 0x6f,
    0x5d, 0xc0, 0xbf, 0x30, 0x0, 0x5f, 0xa0, 0x7f,
    0x80, 0x6f, 0x47, 0xf2, 0x2f, 0xb0, 0x0, 0xcf,
    0x33, 0xfd, 0x0, 0x6f, 0x43, 0xf6, 0xb, 0xf3,
    0x4, 0xfc, 0x0, 0x72, 0x0, 0x6f, 0x40, 0x71,
    0x3, 0x81, 0xb, 0xf5, 0x0, 0x0, 0x7b, 0xef,
    0x30, 0x0, 0x0, 0x0, 0x1, 0x80, 0x0, 0x0,
    0x6f, 0xea, 0x0, 0x0, 0x0, 0x0,

    /* U+6E05 "清" */
    0x0, 0x31, 0x0, 0x0, 0x0, 0x9, 0xd3, 0x0,
    0x0, 0x0, 0x2, 0xff, 0x70, 0x36, 0x66, 0x6c,
    0xf8, 0x66, 0x66, 0x20, 0x0, 0x5e, 0xf9, 0x9f,
    0xff, 0xff, 0xff, 0xff, 0xff, 0x40, 0x0, 0x1,
    0xb2, 0x0, 0x0, 0xa, 0xf3, 0x0, 0x0, 0x0,
    0x0, 0x0, 0x0, 0x1f, 0xff, 0xff, 0xff, 0xff,
    0xfc, 0x0, 0x1, 0x0, 0x0, 0x5, 0x55, 0x5c,
    0xf7, 0x55, 0x54, 0x0, 0x1e, 0xd4, 0x2, 0x66,
    0x66, 0x6d, 0xf8, 0x66, 0x66, 0x60, 0x8, 0xff,
    0x95, 0xff, 0xff, 0xff, 0xff, 0xff, 0xff, 0xf1,
    0x0, 0x3e, 0x90, 0x0, 0x0, 0x0, 0x0, 0x0,
    0x0, 0x0, 0x0, 0x1, 0x0, 0xc, 0xff, 0xff,
    0xff, 0xff, 0xf6, 0x0, 0x0, 0x0, 0x0, 0xc,
    0xf5, 0x55, 0x55, 0x59, 0xf6, 0x0, 0x0, 0x0,
    0xe4, 0xc, 0xf6, 0x66, 0x66, 0x69, 0xf6, 0x0,
    0x0, 0x6, 0xf9, 0xc, 0xff, 0xff, 0xff, 0xff,
    0xf6, 0x0, 0x0, 0xd, 0xf3, 0xc, 0xe0, 0x0,
    0x0, 0x5, 0xf6, 0x0, 0x0, 0x4f, 0xc0, 0xc,
    0xff, 0xff, 0xff, 0xff, 0xf6, 0x0, 0x0, 0xbf,
    0x60, 0xc, 0xf7, 0x77, 0x77, 0x7a, 0xf6, 0x0,
    0x3, 0xfe, 0x0, 0xc, 0xe0, 0x0, 0x0, 0x5,
    0xf6, 0x0, 0x7, 0xf7, 0x0, 0xc, 0xe0, 0x0,
    0x8, 0xac, 0xf5, 0x0, 0x0, 0x51, 0x0, 0xc,
    0xe0, 0x0, 0x7, 0xee, 0xa0, 0x0,

    /* U+6E08 "済" */
    0x0, 0x0, 0x0, 0x0, 0x0, 0x0, 0x0, 0x0,
    0x0, 0x0, 0x0, 0x41, 0x0, 0x0, 0x0, 0x2d,
    0x70, 0x0, 0x0, 0x0, 0x1, 0xfe, 0x40, 0x0,
    0x0, 0xd, 0xf1, 0x0, 0x0, 0x0, 0x0, 0x6f,
    0xf4, 0xcf, 0xff, 0xff, 0xff, 0xff, 0xff, 0xf1,
    0x0, 0x3, 0xe2, 0x9b, 0xed, 0xaa, 0xaa, 0xbf,
    0xfb, 0xa0, 0x0, 0x0, 0x0, 0x1, 0xee, 0x20,
    0x0, 0x9f, 0x80, 0x0, 0x0, 0x0, 0x0, 0x0,
    0x3f, 0xe6, 0x9, 0xfb, 0x0, 0x0, 0xa, 0x50,
    0x0, 0x0, 0x3, 0xef, 0xff, 0xa0, 0x0, 0x0,
    0x2f, 0xf9, 0x0, 0x3, 0x6a, 0xef, 0xff, 0xfb,
    0x74, 0x20, 0x2, 0xdf, 0x62, 0xff, 0xff, 0xb5,
    0x27, 0xdf, 0xff, 0xf2, 0x0, 0x1a, 0x0, 0xa9,
    0x61, 0x0, 0x0, 0x3, 0x68, 0x70, 0x0, 0x0,
    0x0, 0x2, 0xfb, 0x44, 0x44, 0x4e, 0xf0, 0x0,
    0x0, 0x1, 0xc0, 0x2, 0xff, 0xff, 0xff, 0xff,
    0xf0, 0x0, 0x0, 0x7, 0xf4, 0x3, 0xf9, 0x22,
    0x22, 0x2d, 0xf0, 0x0, 0x0, 0xe, 0xd0, 0x5,
    0xfa, 0x77, 0x77, 0x7e, 0xf0, 0x0, 0x0, 0x6f,
    0x70, 0x9, 0xff, 0xff, 0xff, 0xff, 0xf0, 0x0,
    0x0, 0xdf, 0x10, 0xe, 0xc0, 0x0, 0x0, 0xd,
    0xf0, 0x0, 0x5, 0xf9, 0x0, 0x8f, 0x50, 0x0,
    0x0, 0xd, 0xf0, 0x0, 0xa, 0xf2, 0x6, 0xfd,
    0x0, 0x0, 0x0, 0xd, 0xf0, 0x0, 0x0, 0x70,
    0x4, 0xe2, 0x0, 0x0, 0x0, 0xd, 0xf0, 0x0,
    0x0, 0x0, 0x0, 0x0, 0x0, 0x0, 0x0, 0x0,
    0x0, 0x0,

    /* U+6E09 "渉" */
    0x0, 0x67, 0x0, 0x0, 0x0, 0x0, 0xfc, 0x0,
    0x0, 0x0, 0x0, 0xef, 0xe4, 0x0, 0x43, 0x0,
    0xfc, 0x0, 0x0, 0x0, 0x0, 0x19, 0xff, 0x30,
    0xed, 0x0, 0xff, 0xbb, 0xbb, 0x40, 0x0, 0x0,
    0x49, 0x0, 0xed, 0x0, 0xff, 0xff, 0xff, 0x50,
    0x0, 0x0, 0x0, 0x0, 0xed, 0x0, 0xfc, 0x0,
    0x0, 0x0, 0x1, 0x0, 0x0, 0x0, 0xed, 0x1,
    0xfd, 0x0, 0x0, 0x0, 0xd, 0xe7, 0x0, 0xff,
    0xff, 0xff, 0xff, 0xff, 0xff, 0xf4, 0x7, 0xef,
    0xe2, 0xbb, 0xbb, 0xbb, 0xff, 0xbb, 0xbb, 0xb3,
    0x0, 0x1a, 0xc0, 0x0, 0x36, 0x10, 0xfc, 0x2,
    0x80, 0x0, 0x0, 0x0, 0x0, 0x0, 0xdf, 0x20,
    0xfc, 0x8, 0xfa, 0x0, 0x0, 0x0, 0x0, 0x8,
    0xf8, 0x0, 0xfc, 0x0, 0xbf, 0x70, 0x0, 0x0,
    0xd7, 0x7f, 0xd0, 0x0, 0xfc, 0x1, 0x3e, 0xf2,
    0x0, 0x6, 0xfa, 0x5d, 0x13, 0x9a, 0xfb, 0xb,
    0xf9, 0x50, 0x0, 0xd, 0xf2, 0x0, 0x1, 0xff,
    0xe5, 0x7f, 0xc0, 0x0, 0x0, 0x6f, 0xb0, 0x0,
    0x0, 0x11, 0x9, 0xff, 0x20, 0x0, 0x0, 0xef,
    0x30, 0x0, 0x0, 0x16, 0xdf, 0xd2, 0x0, 0x0,
    0x8, 0xfa, 0x0, 0x14, 0x7a, 0xff, 0xf9, 0x0,
    0x0, 0x0, 0x7, 0xf2, 0x0, 0x3f, 0xff, 0xd7,
    0x10, 0x0, 0x0, 0x0, 0x0, 0x10, 0x0, 0x6,
    0x51, 0x0, 0x0, 0x0, 0x0, 0x0,

    /* U+6E2C "測" */
    0x0, 0x21, 0x0, 0x0, 0x0, 0x0, 0x0, 0x0,
    0x8, 0x50, 0x2e, 0xf8, 0xa, 0xff, 0xff, 0xf1,
    0x0, 0x0, 0xfa, 0x0, 0x6e, 0xfa, 0xaf, 0x99,
    0xdf, 0x17, 0xc1, 0xf, 0xa0, 0x0, 0x1a, 0x1a,
    0xe0, 0x9, 0xf1, 0x8f, 0x10, 0xfa, 0x0, 0x0,
    0x0, 0xae, 0x0, 0xaf, 0x18, 0xf1, 0xf, 0xa0,
    0x0, 0x0, 0xa, 0xff, 0xff, 0xf1, 0x8f, 0x10,
    0xfa, 0xa, 0xd6, 0x0, 0xaf, 0x77, 0xcf, 0x18,
    0xf1, 0xf, 0xa0, 0x8f, 0xfb, 0xa, 0xe0, 0x9,
    0xf1, 0x8f, 0x10, 0xfa, 0x0, 0x1a, 0x60, 0xaf,
    0x88, 0xdf, 0x18, 0xf1, 0xf, 0xa0, 0x0, 0x0,
    0xa, 0xff, 0xff, 0xf1, 0x8f, 0x10, 0xfa, 0x0,
    0x0, 0x0, 0xae, 0x0, 0x9f, 0x18, 0xf1, 0xf,
    0xa0, 0x0, 0x49, 0x1a, 0xe0, 0x9, 0xf1, 0x8f,
    0x10, 0xfa, 0x0, 0xb, 0xf3, 0xaf, 0xff, 0xff,
    0x18, 0xf1, 0xf, 0xa0, 0x1, 0xfd, 0x7, 0xaa,
    0xab, 0xb0, 0x59, 0x0, 0xfa, 0x0, 0x7f, 0x80,
    0x3b, 0x41, 0xb7, 0x0, 0x0, 0xf, 0xa0, 0xd,
    0xf2, 0xb, 0xf3, 0xd, 0xf2, 0x0, 0x0, 0xfa,
    0x4, 0xfc, 0x5, 0xfb, 0x0, 0x4f, 0xc0, 0x0,
    0xf, 0xa0, 0xaf, 0x52, 0xff, 0x20, 0x0, 0xbd,
    0x1b, 0xcd, 0xf8, 0x0, 0x80, 0x2c, 0x60, 0x0,
    0x1, 0x0, 0xaf, 0xfb, 0x10, 0x0, 0x0, 0x0,
    0x0, 0x0, 0x0, 0x0, 0x0, 0x0,

    /* U+6E80 "満" */
    0x0, 0x0, 0x0, 0x0, 0x0, 0x0, 0x0, 0x0,
    0x0, 0x0, 0x0, 0x95, 0x0, 0x0, 0x1f, 0xb0,
    0x1, 0xfb, 0x0, 0x0, 0x3, 0xff, 0xb1, 0x0,
    0x1f, 0xb0, 0x1, 0xfb, 0x0, 0x0, 0x0, 0x2c,
    0xfc, 0xdf, 0xff, 0xff, 0xff, 0xff, 0xff, 0x80,
    0x0, 0x0, 0x93, 0x8a, 0xaf, 0xea, 0xab, 0xfe,
    0xaa, 0x50, 0x0, 0x0, 0x0, 0x0, 0x1f, 0xb0,
    0x1, 0xfb, 0x0, 0x0, 0x3, 0x0, 0x4, 0x99,
    0xaf, 0xe9, 0x9a, 0xfe, 0x99, 0x90, 0x1f, 0xe8,
    0x7, 0xff, 0xff, 0xff, 0xff, 0xff, 0xff, 0xf1,
    0x2b, 0xff, 0xd0, 0x0, 0x0, 0xa, 0xf3, 0x0,
    0x0, 0x0, 0x0, 0x4e, 0x90, 0x0, 0x0, 0xa,
    0xf3, 0x0, 0x0, 0x0, 0x0, 0x1, 0x10, 0xbf,
    0xff, 0xff, 0xff, 0xff, 0xff, 0x80, 0x0, 0x0,
    0x0, 0xbf, 0x99, 0x9c, 0xf9, 0x99, 0xbf, 0x80,
    0x0, 0x0, 0xa1, 0xbf, 0x6, 0x16, 0xf0, 0x43,
    0x4f, 0x80, 0x0, 0x6, 0xf9, 0xbf, 0xe, 0x36,
    0xf0, 0xa8, 0x4f, 0x80, 0x0, 0xd, 0xf3, 0xbf,
    0xe, 0x36, 0xf0, 0xa8, 0x4f, 0x80, 0x0, 0x5f,
    0xc0, 0xbf, 0xe, 0xcd, 0xfb, 0xe8, 0x4f, 0x80,
    0x0, 0xdf, 0x40, 0xbf, 0xe, 0xcb, 0xbb, 0xe8,
    0x4f, 0x80, 0x5, 0xfd, 0x0, 0xbf, 0xd, 0x30,
    0x0, 0x54, 0x4f, 0x80, 0xc, 0xf5, 0x0, 0xbf,
    0x0, 0x0, 0x0, 0x59, 0xbf, 0x70, 0x1, 0x80,
    0x0, 0xbf, 0x0, 0x0, 0x0, 0x5f, 0xeb, 0x10,

    /* U+6E90 "源" */
    0x0, 0x83, 0x0, 0x0, 0x0, 0x0, 0x0, 0x0,
    0x0, 0x0, 0x4, 0xff, 0x90, 0x7f, 0xff, 0xff,
    0xff, 0xff, 0xff, 0xd0, 0x0, 0x4e, 0xf9, 0x8f,
    0xdc, 0xcc, 0xcc, 0xcc, 0xcc, 0xa0, 0x0, 0x1,
    0x91, 0x8f, 0x50, 0x0, 0x4f, 0xa0, 0x0, 0x0,
    0x0, 0x0, 0x0, 0x8f, 0x51, 0x11, 0x9f, 0x81,
    0x11, 0x0, 0x1, 0x0, 0x0, 0x8f, 0x5b, 0xff,
    0xff, 0xff, 0xff, 0x10, 0x2f, 0xc3, 0x0, 0x8f,
    0x5b, 0xf4, 0x44, 0x44, 0xcf, 0x10, 0x1a, 0xff,
    0x80, 0x8f, 0x4b, 0xf4, 0x44, 0x44, 0xcf, 0x10,
    0x0, 0x4e, 0x40, 0x9f, 0x4b, 0xff, 0xff, 0xff,
    0xff, 0x10, 0x0, 0x0, 0x0, 0x9f, 0x3b, 0xf0,
    0x0, 0x0, 0xbf, 0x10, 0x0, 0x0, 0x0, 0xbf,
    0x2b, 0xf7, 0x77, 0x77, 0xdf, 0x10, 0x0, 0x8,
    0x90, 0xdf, 0xa, 0xff, 0xff, 0xff, 0xff, 0x10,
    0x0, 0xe, 0xf1, 0xfe, 0x0, 0x0, 0x1f, 0xb0,
    0x0, 0x0, 0x0, 0x5f, 0xa3, 0xfb, 0x6, 0xd4,
    0x1f, 0xb5, 0xf7, 0x0, 0x0, 0xbf, 0x47, 0xf6,
    0xd, 0xf1, 0x1f, 0xb1, 0xff, 0x10, 0x2, 0xfe,
    0xc, 0xf2, 0x7f, 0x80, 0x1f, 0xb0, 0x9f, 0x90,
    0xa, 0xf7, 0x4f, 0xd2, 0xfe, 0x0, 0x1f, 0xb0,
    0x1f, 0xf1, 0xf, 0xf1, 0xcf, 0x50, 0x74, 0x49,
    0xaf, 0xa0, 0x6, 0x30, 0x2, 0x60, 0x3a, 0x0,
    0x0, 0x3f, 0xfc, 0x30, 0x0, 0x0,

    /* U+6E96 "準" */
    0x0, 0x0, 0x0, 0x0, 0x0, 0x0, 0x0, 0x0,
    0x0, 0x0, 0x0, 0x3d, 0x60, 0x0, 0xbe, 0x32,
    0xb9, 0x0, 0x0, 0x0, 0x0, 0x5e, 0xfe, 0x15,
    0xfd, 0x0, 0xef, 0x20, 0x0, 0x0, 0x0, 0x0,
    0x7a, 0xd, 0xff, 0xff, 0xff, 0xff, 0xff, 0x40,
    0x4, 0x30, 0x0, 0xbf, 0xf8, 0x88, 0xef, 0x88,
    0x88, 0x20, 0x1f, 0xfb, 0x3a, 0xff, 0xf1, 0x11,
    0xdf, 0x11, 0x10, 0x0, 0x3, 0xbf, 0x9d, 0xef,
    0xff, 0xff, 0xff, 0xff, 0xf8, 0x0, 0x0, 0x4,
    0x0, 0x2e, 0xf2, 0x22, 0xdf, 0x22, 0x21, 0x0,
    0x0, 0x0, 0x49, 0xe, 0xf6, 0x66, 0xef, 0x66,
    0x63, 0x0, 0x0, 0x4, 0xfe, 0x1e, 0xfd, 0xdd,
    0xff, 0xdd, 0xd7, 0x0, 0x0, 0x4f, 0xf3, 0xe,
    0xf0, 0x0, 0xcf, 0x0, 0x0, 0x0, 0x4, 0xff,
    0x40, 0xe, 0xff, 0xff, 0xff, 0xff, 0xff, 0x90,
    0x5, 0xf5, 0x0, 0xe, 0xf8, 0x87, 0x77, 0x77,
    0x77, 0x40, 0x0, 0x20, 0x0, 0x3, 0x4f, 0xe0,
    0x0, 0x0, 0x0, 0x0, 0xb, 0xbb, 0xbb, 0xbb,
    0xbf, 0xfb, 0xbb, 0xbb, 0xbb, 0xb1, 0xf, 0xff,
    0xff, 0xff, 0xff, 0xff, 0xff, 0xff, 0xff, 0xf1,
    0x0, 0x0, 0x0, 0x0, 0xf, 0xe0, 0x0, 0x0,
    0x0, 0x0, 0x0, 0x0, 0x0, 0x0, 0xf, 0xe0,
    0x0, 0x0, 0x0, 0x0, 0x0, 0x0, 0x0, 0x0,
    0xf, 0xe0, 0x0, 0x0, 0x0, 0x0, 0x0, 0x0,
    0x0, 0x0, 0xf, 0xe0, 0x0, 0x0, 0x0, 0x0,

    /* U+6ED1 "滑" */
    0x0, 0x15, 0x0, 0x0, 0x22, 0x22, 0x22, 0x22,
    0x20, 0x0, 0x0, 0xcf, 0xa0, 0x1, 0xff, 0xff,
    0xff, 0xff, 0xf0, 0x0, 0x0, 0x2d, 0xfd, 0x21,
    0xfc, 0x44, 0x44, 0x4d, 0xf0, 0x0, 0x0, 0x0,
    0xbf, 0x31, 0xfb, 0x44, 0x42, 0xc, 0xf0, 0x0,
    0x0, 0x0, 0x3, 0x1, 0xff, 0xee, 0xf8, 0xc,
    0xf0, 0x0, 0x0, 0x0, 0x0, 0x1, 0xfa, 0x0,
    0xf8, 0xc, 0xf0, 0x0, 0x8, 0xd5, 0x1, 0xff,
    0xff, 0xff, 0xff, 0xff, 0xff, 0xf0, 0x8, 0xff,
    0xb2, 0xfd, 0x88, 0x88, 0x88, 0x88, 0x8e, 0xf0,
    0x0, 0x2c, 0xe2, 0xfa, 0x11, 0x11, 0x11, 0x11,
    0x1c, 0xf0, 0x0, 0x0, 0x20, 0x99, 0xff, 0xff,
    0xff, 0xff, 0xf8, 0x90, 0x0, 0x0, 0x0, 0x3,
    0xfb, 0x55, 0x55, 0x5d, 0xf1, 0x0, 0x0, 0x0,
    0x77, 0x3, 0xfb, 0x66, 0x66, 0x6d, 0xf1, 0x0,
    0x0, 0x0, 0xef, 0x13, 0xff, 0xff, 0xff, 0xff,
    0xf1, 0x0, 0x0, 0x6, 0xfa, 0x3, 0xf8, 0x0,
    0x0, 0xb, 0xf1, 0x0, 0x0, 0xd, 0xf3, 0x3,
    0xff, 0xff, 0xff, 0xff, 0xf1, 0x0, 0x0, 0x6f,
    0xc0, 0x3, 0xfb, 0x66, 0x66, 0x6d, 0xf1, 0x0,
    0x0, 0xef, 0x40, 0x3, 0xf8, 0x0, 0x0, 0xb,
    0xf1, 0x0, 0x3, 0xfc, 0x0, 0x3, 0xf8, 0x0,
    0x7, 0x7e, 0xf0, 0x0, 0x0, 0x23, 0x0, 0x3,
    0xf8, 0x0, 0xa, 0xfe, 0x80, 0x0, 0x0, 0x0,
    0x0, 0x0, 0x0, 0x0, 0x0, 0x0, 0x0, 0x0,

    /* U+6EE1 "满" */
    0x0, 0x10, 0x0, 0x0, 0xa, 0xa0, 0x0, 0xb8,
    0x0, 0x0, 0x0, 0xcd, 0x40, 0x33, 0x3e, 0xe3,
    0x33, 0xfd, 0x33, 0x30, 0x0, 0x8f, 0xf8, 0xff,
    0xff, 0xff, 0xff, 0xff, 0xff, 0xe0, 0x0, 0x4,
    0xe6, 0x66, 0x6e, 0xf6, 0x66, 0xfd, 0x66, 0x60,
    0x0, 0x0, 0x10, 0x0, 0xa, 0xb0, 0x0, 0xc9,
    0x0, 0x0, 0x0, 0x0, 0x1, 0xaa, 0xaa, 0xaa,
    0xaa, 0xaa, 0xaa, 0xa1, 0x7, 0x70, 0x2, 0xff,
    0xff, 0xff, 0xff, 0xff, 0xff, 0xf1, 0x1d, 0xfe,
    0x40, 0x0, 0x0, 0xe9, 0x5, 0xf2, 0x0, 0x0,
    0x0, 0x7f, 0x90, 0x7a, 0xaa, 0xfd, 0xac, 0xfa,
    0xaa, 0x60, 0x0, 0x3, 0x0, 0xbf, 0xff, 0xff,
    0xff, 0xff, 0xff, 0x90, 0x0, 0x0, 0x0, 0xbf,
    0x12, 0xf6, 0x9, 0xf0, 0x1f, 0x90, 0x0, 0x0,
    0xd3, 0xbf, 0x14, 0xf6, 0xc, 0xf0, 0x1f, 0x90,
    0x0, 0x6, 0xfa, 0xbf, 0x17, 0xff, 0x2e, 0xf9,
    0x1f, 0x90, 0x0, 0xd, 0xf3, 0xbf, 0x2d, 0xde,
    0xcf, 0xef, 0x5f, 0x90, 0x0, 0x5f, 0xc0, 0xbf,
    0x9f, 0x72, 0xcf, 0x2f, 0xbf, 0x90, 0x0, 0xdf,
    0x50, 0xbf, 0xad, 0x3, 0xfa, 0x5, 0x2f, 0x90,
    0x6, 0xfd, 0x0, 0xbf, 0x11, 0x0, 0x71, 0x0,
    0x1f, 0x90, 0x9, 0xf5, 0x0, 0xbf, 0x10, 0x0,
    0x0, 0x14, 0x6f, 0x90, 0x0, 0x50, 0x0, 0xbf,
    0x10, 0x0, 0x0, 0xe, 0xfc, 0x30,

    /* U+6EFF "滿" */
    0x0, 0x50, 0x0, 0x0, 0x7d, 0x30, 0x0, 0xbd,
    0x0, 0x0, 0x8, 0xfc, 0x20, 0x0, 0x8f, 0x40,
    0x0, 0xcf, 0x10, 0x0, 0x1, 0xaf, 0xf8, 0xff,
    0xff, 0xff, 0xff, 0xff, 0xff, 0xf1, 0x0, 0x6,
    0xa4, 0x99, 0xcf, 0xb9, 0x99, 0xef, 0xa9, 0x90,
    0x0, 0x0, 0x0, 0x0, 0x8f, 0x40, 0x0, 0xcf,
    0x0, 0x0, 0x0, 0x0, 0x0, 0x0, 0x8f, 0xff,
    0xff, 0xff, 0x0, 0x0, 0x2f, 0x70, 0x0, 0x0,
    0x48, 0x8d, 0xf8, 0x88, 0x0, 0x0, 0x4e, 0xfc,
    0x20, 0x0, 0x0, 0xa, 0xf0, 0x0, 0x0, 0x0,
    0x1, 0xaf, 0x20, 0xff, 0xff, 0xff, 0xff, 0xff,
    0xff, 0x80, 0x0, 0x3, 0x0, 0xfd, 0x88, 0x8d,
    0xf8, 0x88, 0x9f, 0x80, 0x0, 0x0, 0x0, 0xf9,
    0x55, 0xa, 0xf1, 0xa0, 0x1f, 0x80, 0x0, 0x2,
    0x90, 0xf9, 0x5d, 0xa, 0xf0, 0xd5, 0x1f, 0x80,
    0x0, 0x9, 0xf2, 0xf9, 0xf, 0x4a, 0xf0, 0xac,
    0x1f, 0x80, 0x0, 0x1f, 0xb0, 0xf9, 0x5f, 0xaa,
    0xf1, 0xff, 0x4f, 0x80, 0x0, 0x8f, 0x40, 0xf9,
    0xd9, 0xfb, 0xf9, 0xbb, 0x9f, 0x80, 0x1, 0xfd,
    0x0, 0xfe, 0xc0, 0xfe, 0xfe, 0x26, 0xdf, 0x80,
    0x9, 0xf5, 0x0, 0xf9, 0x20, 0x2a, 0xf1, 0x0,
    0x2f, 0x80, 0xd, 0xd0, 0x0, 0xf9, 0x0, 0xa,
    0xf0, 0x6, 0x8f, 0x80, 0x1, 0x40, 0x0, 0xf9,
    0x0, 0x9, 0xd0, 0xd, 0xfd, 0x30,

    /* U+70B9 "点" */
    0x0, 0x0, 0x0, 0x0, 0xc, 0xa0, 0x0, 0x0,
    0x0, 0x0, 0x0, 0x0, 0x0, 0x0, 0x1f, 0xd0,
    0x0, 0x0, 0x0, 0x0, 0x0, 0x0, 0x0, 0x0,
    0x1f, 0xff, 0xff, 0xff, 0xff, 0x40, 0x0, 0x0,
    0x0, 0x0, 0x1f, 0xfd, 0xdd, 0xdd, 0xdd, 0x30,
    0x0, 0x0, 0x0, 0x0, 0x1f, 0xd0, 0x0, 0x0,
    0x0, 0x0, 0x0, 0x0, 0x0, 0x0, 0x1f, 0xd0,
    0x0, 0x0, 0x0, 0x0, 0x0, 0xa, 0xcc, 0xcc,
    0xdf, 0xfc, 0xcc, 0xcc, 0xa0, 0x0, 0x0, 0xc,
    0xff, 0xff, 0xff, 0xff, 0xff, 0xff, 0xd0, 0x0,
    0x0, 0xc, 0xf0, 0x0, 0x0, 0x0, 0x0, 0x1f,
    0xd0, 0x0, 0x0, 0xc, 0xf0, 0x0, 0x0, 0x0,
    0x0, 0x1f, 0xd0, 0x0, 0x0, 0xc, 0xf0, 0x0,
    0x0, 0x0, 0x0, 0x1f, 0xd0, 0x0, 0x0, 0xc,
    0xff, 0xff, 0xff, 0xff, 0xff, 0xff, 0xd0, 0x0,
    0x0, 0x9, 0xcc, 0xcc, 0xcc, 0xcc, 0xcc, 0xcc,
    0xa0, 0x0, 0x0, 0x1, 0x0, 0x0, 0x0, 0x0,
    0x0, 0x0, 0x20, 0x0, 0x0, 0x1e, 0xd0, 0x3a,
    0x50, 0x1b, 0x90, 0xd, 0xf2, 0x0, 0x0, 0x8f,
    0x80, 0x3f, 0xa0, 0xd, 0xf1, 0x5, 0xfc, 0x0,
    0x3, 0xff, 0x10, 0x1f, 0xc0, 0x7, 0xf7, 0x0,
    0xbf, 0x60, 0x1e, 0xf5, 0x0, 0xf, 0xe0, 0x2,
    0xfd, 0x0, 0x3f, 0xe0, 0x2, 0x60, 0x0, 0x7,
    0x50, 0x0, 0x51, 0x0, 0x5, 0x10,

    /* U+70E7 "烧" */
    0x0, 0x2, 0x83, 0x0, 0x0, 0x49, 0x20, 0x0,
    0x0, 0x0, 0x0, 0x4, 0xf5, 0x0, 0x0, 0x5f,
    0x50, 0x0, 0x0, 0x0, 0x0, 0x4, 0xf5, 0x0,
    0x0, 0x5f, 0xa6, 0x8a, 0xbd, 0x80, 0x0, 0x4,
    0xf5, 0x10, 0xcf, 0xff, 0xff, 0xff, 0xdc, 0x70,
    0x2, 0x85, 0xf5, 0x9d, 0x79, 0x7c, 0xf4, 0x10,
    0x8b, 0x30, 0x4, 0xf6, 0xf5, 0xc9, 0x0, 0x5,
    0xf8, 0x1a, 0xfc, 0x0, 0x6, 0xf4, 0xf6, 0xf4,
    0x0, 0x0, 0xef, 0xef, 0xa0, 0x0, 0x9, 0xe4,
    0xfa, 0xd0, 0x0, 0x49, 0xff, 0xf5, 0x4, 0xb0,
    0xe, 0x95, 0xf4, 0x20, 0xaf, 0xff, 0xca, 0xfd,
    0x7b, 0xf0, 0x8, 0x45, 0xf3, 0x0, 0x6c, 0x71,
    0x0, 0x6f, 0xff, 0x90, 0x0, 0x6, 0xf2, 0x0,
    0x0, 0x0, 0x0, 0x1, 0x44, 0x0, 0x0, 0x9,
    0xf2, 0x5, 0xff, 0xff, 0xff, 0xff, 0xff, 0xe0,
    0x0, 0xb, 0xfb, 0x3, 0x88, 0xdf, 0xa9, 0xfe,
    0x88, 0x80, 0x0, 0xf, 0xef, 0x80, 0x0, 0xcf,
    0x12, 0xfb, 0x0, 0x0, 0x0, 0x5f, 0x6a, 0xf5,
    0x0, 0xfe, 0x2, 0xfb, 0x0, 0x0, 0x0, 0xbf,
    0x1, 0xfa, 0x6, 0xf9, 0x2, 0xfb, 0x1, 0x50,
    0x6, 0xf9, 0x0, 0x40, 0x4f, 0xf3, 0x2, 0xfc,
    0x3, 0xf6, 0x1f, 0xe1, 0x0, 0x1a, 0xff, 0x70,
    0x1, 0xfe, 0x8a, 0xf3, 0xa, 0x40, 0x0, 0xc,
    0xe6, 0x0, 0x0, 0x9f, 0xff, 0xb0, 0x0, 0x0,
    0x0, 0x1, 0x0, 0x0, 0x0, 0x0, 0x0, 0x0,

    /* U+7121 "無" */
    0x0, 0x0, 0x4b, 0x50, 0x0, 0x0, 0x0, 0x0,
    0x0, 0x0, 0x0, 0x1, 0xef, 0x40, 0x0, 0x0,
    0x0, 0x0, 0x0, 0x0, 0x0, 0x9, 0xff, 0xaa,
    0xaa, 0xaa, 0xaa, 0xaa, 0xaa, 0x30, 0x0, 0x8f,
    0xff, 0xff, 0xff, 0xff, 0xff, 0xff, 0xff, 0x50,
    0x9, 0xff, 0xf7, 0xa, 0xf0, 0x1f, 0x80, 0x7f,
    0x40, 0x0, 0x1b, 0xf7, 0xf7, 0xa, 0xf0, 0x1f,
    0x80, 0x7f, 0x40, 0x0, 0x0, 0x23, 0xf7, 0xa,
    0xf0, 0x1f, 0x80, 0x7f, 0x40, 0x0, 0x5, 0xff,
    0xff, 0xff, 0xff, 0xff, 0xff, 0xff, 0xff, 0x50,
    0x4, 0xbc, 0xfd, 0xbe, 0xfb, 0xcf, 0xdb, 0xdf,
    0xcb, 0x30, 0x0, 0x3, 0xf7, 0xa, 0xf0, 0x1f,
    0x80, 0x7f, 0x40, 0x0, 0x0, 0x3, 0xf7, 0xa,
    0xf0, 0x1f, 0x80, 0x7f, 0x40, 0x0, 0x0, 0x3,
    0xf7, 0xa, 0xf0, 0x1f, 0x80, 0x8f, 0x40, 0x0,
    0xe, 0xff, 0xff, 0xff, 0xff, 0xff, 0xff, 0xff,
    0xff, 0xe0, 0x9, 0xaa, 0xaa, 0xaa, 0xaa, 0xaa,
    0xaa, 0xaa, 0xaa, 0x90, 0x0, 0x8, 0x50, 0x2,
    0x20, 0x2, 0x30, 0x6, 0x90, 0x0, 0x0, 0x5f,
    0xb0, 0x2f, 0xa0, 0xf, 0xe0, 0xa, 0xf9, 0x0,
    0x0, 0xdf, 0x40, 0xf, 0xd0, 0xa, 0xf4, 0x1,
    0xef, 0x40, 0xa, 0xfa, 0x0, 0xe, 0xf0, 0x5,
    0xf9, 0x0, 0x5f, 0xd0, 0x6, 0xb1, 0x0, 0x8,
    0x70, 0x1, 0x95, 0x0, 0xb, 0x81,

    /* U+7136 "然" */
    0x0, 0x0, 0x0, 0x0, 0x0, 0x0, 0x0, 0x0,
    0x0, 0x0, 0x0, 0x0, 0x2f, 0x80, 0x0, 0x0,
    0x8, 0x90, 0x50, 0x0, 0x0, 0x0, 0x9f, 0x72,
    0x22, 0x0, 0xd, 0xe6, 0xf9, 0x0, 0x0, 0x1,
    0xff, 0xff, 0xff, 0x70, 0xd, 0xe0, 0xaf, 0x50,
    0x0, 0x9, 0xf8, 0x55, 0xcf, 0x30, 0xd, 0xe0,
    0x1b, 0x30, 0x0, 0x4f, 0xc5, 0x20, 0xee, 0xac,
    0xcf, 0xfc, 0xcc, 0xb0, 0x2, 0xef, 0x3d, 0xfb,
    0xfa, 0xdf, 0xff, 0xff, 0xff, 0xe0, 0x1d, 0xf5,
    0x0, 0x7f, 0xf4, 0x0, 0x1f, 0xf2, 0x0, 0x0,
    0x1c, 0x7a, 0xb1, 0x5f, 0xb0, 0x0, 0x5f, 0xf7,
    0x0, 0x0, 0x0, 0x5, 0xfe, 0xef, 0x20, 0x0,
    0xcf, 0xfe, 0x0, 0x0, 0x0, 0x0, 0x3f, 0xf7,
    0x0, 0x5, 0xfd, 0x7f, 0x70, 0x0, 0x0, 0x3,
    0xef, 0x80, 0x0, 0x4f, 0xf4, 0xe, 0xf4, 0x0,
    0x1, 0x9f, 0xf9, 0x0, 0x6, 0xff, 0x70, 0x5,
    0xff, 0x50, 0x8, 0xfe, 0x50, 0x0, 0xbf, 0xf6,
    0x0, 0x0, 0x6f, 0xe1, 0x0, 0x60, 0x0, 0x0,
    0x3b, 0x20, 0x0, 0x0, 0x4, 0x30, 0x0, 0xc,
    0x80, 0x5, 0x30, 0x6, 0x60, 0x8, 0xe1, 0x0,
    0x0, 0x8f, 0x80, 0x2f, 0xa0, 0xd, 0xf0, 0x7,
    0xfc, 0x0, 0x3, 0xfe, 0x0, 0xf, 0xc0, 0x8,
    0xf6, 0x0, 0xcf, 0x60, 0xd, 0xf5, 0x0, 0xe,
    0xe0, 0x4, 0xfa, 0x0, 0x2f, 0xf1, 0x5, 0x70,
    0x0, 0x6, 0x50, 0x0, 0x62, 0x0, 0x7, 0x40,

    /* U+7167 "照" */
    0x0, 0x0, 0x0, 0x0, 0x1, 0x11, 0x11, 0x11,
    0x11, 0x0, 0x1, 0xff, 0xff, 0xff, 0x4f, 0xff,
    0xff, 0xff, 0xff, 0xa0, 0x1, 0xfe, 0xaa, 0xef,
    0x29, 0x9b, 0xfc, 0x99, 0xaf, 0x90, 0x1, 0xfb,
    0x0, 0xbf, 0x0, 0x8, 0xf5, 0x0, 0x5f, 0x70,
    0x1, 0xfb, 0x0, 0xbf, 0x0, 0x3f, 0xe0, 0x0,
    0x8f, 0x50, 0x1, 0xfc, 0x44, 0xdf, 0x28, 0xff,
    0x40, 0xcc, 0xff, 0x10, 0x1, 0xff, 0xff, 0xff,
    0x9f, 0xc3, 0x0, 0x8a, 0xa4, 0x0, 0x1, 0xfd,
    0x66, 0xdf, 0x9, 0x88, 0x88, 0x88, 0x88, 0x0,
    0x1, 0xfb, 0x0, 0xbf, 0xb, 0xff, 0xff, 0xff,
    0xff, 0x10, 0x1, 0xfb, 0x0, 0xbf, 0xb, 0xf1,
    0x0, 0x0, 0xcf, 0x10, 0x1, 0xfc, 0x44, 0xdf,
    0xb, 0xf1, 0x0, 0x0, 0xcf, 0x10, 0x1, 0xff,
    0xff, 0xff, 0xb, 0xf8, 0x77, 0x77, 0xef, 0x10,
    0x1, 0xfd, 0x55, 0x55, 0xb, 0xff, 0xff, 0xff,
    0xff, 0x10, 0x0, 0x86, 0x0, 0x0, 0x0, 0x0,
    0x0, 0x0, 0x20, 0x0, 0x0, 0xc, 0xd2, 0x8,
    0x60, 0x8, 0xb0, 0x9, 0xf4, 0x0, 0x0, 0x5f,
    0xc0, 0xf, 0xc0, 0x9, 0xf4, 0x4, 0xfd, 0x0,
    0x1, 0xef, 0x30, 0xe, 0xe0, 0x4, 0xf9, 0x0,
    0xaf, 0x70, 0xa, 0xfa, 0x0, 0xc, 0xf0, 0x1,
    0xfd, 0x0, 0x2f, 0xf1, 0x3, 0xa1, 0x0, 0x6,
    0x60, 0x0, 0x64, 0x0, 0x7, 0x30,

    /* U+71D2 "燒" */
    0x0, 0x4, 0x80, 0x0, 0x0, 0x0, 0x9b, 0x0,
    0x0, 0x0, 0x0, 0x9, 0xf0, 0x0, 0x13, 0x33,
    0xdf, 0x33, 0x32, 0x0, 0x0, 0x9, 0xf0, 0x0,
    0x5f, 0xff, 0xff, 0xff, 0xfb, 0x0, 0x0, 0x9,
    0xf0, 0x40, 0x13, 0x33, 0xdf, 0x33, 0x32, 0x0,
    0x3, 0x69, 0xf1, 0xfa, 0x77, 0x77, 0xef, 0x77,
    0x77, 0x60, 0x7, 0xd9, 0xf5, 0xf7, 0xff, 0xff,
    0xff, 0xff, 0xff, 0xe0, 0x9, 0xc9, 0xfb, 0xa0,
    0xb, 0xc0, 0x0, 0xf, 0x80, 0x0, 0xd, 0x99,
    0xfc, 0x35, 0xdf, 0xfd, 0x48, 0xef, 0xfd, 0x50,
    0x3f, 0x4a, 0xe0, 0x2, 0x6d, 0xe6, 0x24, 0x6f,
    0xc6, 0x20, 0x8, 0xa, 0xd0, 0x0, 0x1c, 0xd6,
    0x43, 0x3f, 0xa3, 0x30, 0x0, 0xb, 0xd0, 0xc,
    0xff, 0xff, 0x9f, 0xff, 0xff, 0xe0, 0x0, 0xd,
    0xd0, 0x5, 0x53, 0x10, 0x2, 0x22, 0x22, 0x20,
    0x0, 0xf, 0xf8, 0xb, 0xff, 0xff, 0xff, 0xff,
    0xff, 0xf1, 0x0, 0x3f, 0xdf, 0x47, 0x99, 0xfe,
    0x9b, 0xfc, 0x99, 0x90, 0x0, 0x8f, 0x2e, 0xe1,
    0x2, 0xf9, 0x5, 0xf6, 0x0, 0x0, 0x0, 0xdc,
    0x6, 0xc0, 0x8, 0xf6, 0x5, 0xf6, 0x3, 0x50,
    0x7, 0xf7, 0x0, 0x10, 0x5f, 0xe0, 0x5, 0xf6,
    0x5, 0xf2, 0x1f, 0xd0, 0x0, 0x4b, 0xfe, 0x30,
    0x4, 0xfc, 0x8c, 0xf0, 0xb, 0x50, 0x0, 0x4f,
    0x92, 0x0, 0x0, 0xcf, 0xff, 0x80, 0x0, 0x0,
    0x0, 0x0, 0x0, 0x0, 0x0, 0x0, 0x0, 0x0,

    /* U+7247 "片" */
    0x0, 0x0, 0x0, 0x0, 0x0, 0x0, 0x0, 0x0,
    0x0, 0x0, 0x5, 0x61, 0x0, 0x0, 0x3f, 0xc0,
    0x0, 0x0, 0x0, 0xc, 0xf3, 0x0, 0x0, 0x3f,
    0xc0, 0x0, 0x0, 0x0, 0xc, 0xf3, 0x0, 0x0,
    0x3f, 0xc0, 0x0, 0x0, 0x0, 0xc, 0xf3, 0x0,
    0x0, 0x3f, 0xc0, 0x0, 0x0, 0x0, 0xc, 0xf3,
    0x0, 0x0, 0x3f, 0xc0, 0x0, 0x0, 0x0, 0xc,
    0xff, 0xff, 0xff, 0xff, 0xff, 0xff, 0xfc, 0x0,
    0xc, 0xff, 0xff, 0xff, 0xff, 0xff, 0xff, 0xfd,
    0x0, 0xc, 0xf3, 0x0, 0x0, 0x0, 0x0, 0x0,
    0x0, 0x0, 0xd, 0xf2, 0x0, 0x0, 0x0, 0x0,
    0x0, 0x0, 0x0, 0xd, 0xf2, 0x0, 0x0, 0x0,
    0x0, 0x0, 0x0, 0x0, 0xe, 0xfe, 0xee, 0xee,
    0xee, 0xee, 0xe2, 0x0, 0x0, 0x1f, 0xff, 0xff,
    0xff, 0xff, 0xff, 0xf2, 0x0, 0x0, 0x3f, 0xc0,
    0x0, 0x0, 0x0, 0xd, 0xf2, 0x0, 0x0, 0x8f,
    0x80, 0x0, 0x0, 0x0, 0xc, 0xf2, 0x0, 0x0,
    0xdf, 0x30, 0x0, 0x0, 0x0, 0xc, 0xf2, 0x0,
    0x4, 0xff, 0x0, 0x0, 0x0, 0x0, 0xc, 0xf2,
    0x0, 0xe, 0xf8, 0x0, 0x0, 0x0, 0x0, 0xc,
    0xf2, 0x0, 0x5f, 0xe1, 0x0, 0x0, 0x0, 0x0,
    0xc, 0xf2, 0x0, 0x9, 0x50, 0x0, 0x0, 0x0,
    0x0, 0xc, 0xf2, 0x0, 0x0, 0x0, 0x0, 0x0,
    0x0, 0x0, 0x0, 0x0, 0x0,

    /* U+7248 "版" */
    0x0, 0x43, 0x9, 0xe1, 0x0, 0x0, 0x0, 0x3,
    0x69, 0x0, 0x0, 0xfb, 0xa, 0xf1, 0x4, 0x9b,
    0xce, 0xff, 0xff, 0x90, 0x0, 0xfb, 0xa, 0xf1,
    0x9, 0xff, 0xec, 0xb9, 0x63, 0x0, 0x0, 0xfb,
    0xa, 0xf1, 0x9, 0xf4, 0x0, 0x0, 0x0, 0x0,
    0x0, 0xfb, 0xa, 0xf1, 0x9, 0xf3, 0x0, 0x0,
    0x0, 0x0, 0x0, 0xfd, 0x5c, 0xf6, 0x49, 0xf4,
    0x0, 0x0, 0x0, 0x0, 0x0, 0xff, 0xff, 0xff,
    0xe9, 0xff, 0xff, 0xff, 0xff, 0x70, 0x0, 0xfd,
    0x55, 0x55, 0x59, 0xff, 0xfa, 0xaa, 0xdf, 0x60,
    0x0, 0xfb, 0x0, 0x0, 0x9, 0xfa, 0xf1, 0x0,
    0x9f, 0x30, 0x0, 0xfc, 0x0, 0x0, 0x9, 0xf5,
    0xf5, 0x0, 0xdf, 0x0, 0x1, 0xff, 0xff, 0xf9,
    0x9, 0xf1, 0xeb, 0x2, 0xfb, 0x0, 0x2, 0xfd,
    0x9b, 0xf9, 0xa, 0xf0, 0x9f, 0x29, 0xf5, 0x0,
    0x3, 0xf9, 0x2, 0xf9, 0xc, 0xf0, 0x2f, 0xaf,
    0xd0, 0x0, 0x4, 0xf7, 0x2, 0xf9, 0xd, 0xf0,
    0xb, 0xff, 0x60, 0x0, 0x6, 0xf5, 0x2, 0xf9,
    0xf, 0xc0, 0x6, 0xff, 0x0, 0x0, 0x9, 0xf2,
    0x2, 0xf9, 0x3f, 0x90, 0x3f, 0xff, 0x90, 0x0,
    0xe, 0xd0, 0x2, 0xf9, 0x8f, 0x55, 0xef, 0x8e,
    0xfa, 0x0, 0x4f, 0x80, 0x2, 0xfa, 0xef, 0x8f,
    0xf8, 0x2, 0xef, 0xd0, 0xb, 0x20, 0x2, 0xfa,
    0x99, 0x2d, 0x40, 0x0, 0x1c, 0x60, 0x0, 0x0,
    0x0, 0x0, 0x0, 0x0, 0x0, 0x0, 0x0, 0x0,

    /* U+724C "牌" */
    0x0, 0x0, 0x0, 0x0, 0x0, 0x0, 0x0, 0x0,
    0x0, 0x0, 0x0, 0x42, 0xa, 0xe0, 0x0, 0x0,
    0x7d, 0x60, 0x0, 0x0, 0x0, 0xfa, 0xa, 0xf0,
    0x0, 0x0, 0xcf, 0x40, 0x0, 0x0, 0x0, 0xfa,
    0xa, 0xf0, 0x1f, 0xff, 0xff, 0xff, 0xff, 0xc0,
    0x0, 0xfa, 0xa, 0xf0, 0x1f, 0xc7, 0x7f, 0xc7,
    0x7f, 0xc0, 0x0, 0xfa, 0xa, 0xf0, 0x1f, 0x80,
    0xf, 0x90, 0xf, 0xc0, 0x0, 0xfd, 0x9d, 0xf9,
    0x6f, 0xed, 0xdf, 0xfd, 0xdf, 0xc0, 0x0, 0xff,
    0xff, 0xff, 0x9f, 0xc7, 0x8f, 0xc7, 0x7f, 0xc0,
    0x0, 0xfa, 0x0, 0x0, 0x2f, 0x80, 0x2f, 0x70,
    0xf, 0xc0, 0x0, 0xfa, 0x0, 0x0, 0x1f, 0xd9,
    0xbf, 0xb9, 0x9f, 0xc0, 0x0, 0xfa, 0x0, 0x0,
    0x1f, 0xff, 0xff, 0xff, 0xff, 0xc0, 0x0, 0xff,
    0xff, 0xf7, 0x0, 0x1b, 0xf6, 0x26, 0x20, 0x0,
    0x1, 0xfc, 0x8a, 0xf7, 0x4, 0xdf, 0x80, 0x6f,
    0x60, 0x0, 0x2, 0xf7, 0x2, 0xf7, 0xa, 0xc4,
    0x0, 0x6f, 0x60, 0x0, 0x3, 0xf6, 0x2, 0xf7,
    0xef, 0xff, 0xff, 0xff, 0xff, 0xf4, 0x5, 0xf4,
    0x2, 0xf7, 0x89, 0x99, 0x99, 0xcf, 0xc9, 0x92,
    0x8, 0xf2, 0x2, 0xf7, 0x0, 0x0, 0x0, 0x6f,
    0x60, 0x0, 0xb, 0xe0, 0x2, 0xf7, 0x0, 0x0,
    0x0, 0x6f, 0x60, 0x0, 0xf, 0xb0, 0x2, 0xf7,
    0x0, 0x0, 0x0, 0x6f, 0x60, 0x0, 0x1b, 0x70,
    0x2, 0xf7, 0x0, 0x0, 0x0, 0x6f, 0x60, 0x0,
    0x0, 0x0, 0x0, 0x0, 0x0, 0x0, 0x0, 0x0,
    0x0, 0x0,

    /* U+7269 "物" */
    0x0, 0x0, 0x68, 0x0, 0x0, 0x46, 0x0, 0x0,
    0x0, 0x0, 0x2, 0x61, 0xbf, 0x0, 0x0, 0xdf,
    0x0, 0x0, 0x0, 0x0, 0x5, 0xf3, 0xbf, 0x0,
    0x2, 0xfb, 0x0, 0x0, 0x0, 0x0, 0x7, 0xf1,
    0xbf, 0x0, 0x7, 0xfc, 0x88, 0x88, 0x88, 0x81,
    0xa, 0xfd, 0xff, 0xdc, 0xc, 0xff, 0xff, 0xff,
    0xff, 0xf1, 0xc, 0xff, 0xff, 0xfe, 0x4f, 0x92,
    0xfa, 0x2f, 0xac, 0xf1, 0xf, 0x80, 0xbf, 0x0,
    0xdf, 0x14, 0xf5, 0x4f, 0x6c, 0xf0, 0x5f, 0x30,
    0xbf, 0x9, 0xf8, 0xa, 0xf0, 0x8f, 0x2d, 0xf0,
    0x19, 0x0, 0xbf, 0x3, 0xb0, 0x2f, 0xa0, 0xce,
    0xe, 0xe0, 0x0, 0x0, 0xbf, 0x59, 0x20, 0x9f,
    0x31, 0xf9, 0xf, 0xd0, 0x0, 0x16, 0xef, 0xff,
    0x53, 0xfb, 0x8, 0xf3, 0xf, 0xc0, 0x2d, 0xff,
    0xff, 0x93, 0xc, 0xf3, 0xe, 0xe0, 0x1f, 0xb0,
    0x1f, 0xd8, 0xcf, 0x0, 0xaf, 0x90, 0x5f, 0x80,
    0x2f, 0xa0, 0x2, 0x0, 0xbf, 0x3, 0xfc, 0x0,
    0xef, 0x10, 0x4f, 0x80, 0x0, 0x0, 0xbf, 0x0,
    0x31, 0x8, 0xf7, 0x0, 0x6f, 0x60, 0x0, 0x0,
    0xbf, 0x0, 0x0, 0x3f, 0xe0, 0x0, 0x9f, 0x40,
    0x0, 0x0, 0xbf, 0x0, 0x3, 0xef, 0x40, 0x0,
    0xef, 0x10, 0x0, 0x0, 0xbf, 0x0, 0x1e, 0xf6,
    0x9, 0xde, 0xfb, 0x0, 0x0, 0x0, 0xbf, 0x0,
    0x4, 0x70, 0x6, 0xff, 0xc1, 0x0, 0x0, 0x0,
    0x0, 0x0, 0x0, 0x0, 0x0, 0x0, 0x0, 0x0,

    /* U+7279 "特" */
    0x0, 0x0, 0x78, 0x0, 0x0, 0x0, 0x29, 0x50,
    0x0, 0x0, 0x1, 0x30, 0xde, 0x0, 0x0, 0x0,
    0x4f, 0x80, 0x0, 0x0, 0x5, 0xf3, 0xde, 0x0,
    0xe, 0xff, 0xff, 0xff, 0xff, 0x50, 0x7, 0xf1,
    0xde, 0x0, 0xb, 0xcc, 0xdf, 0xec, 0xcc, 0x40,
    0x8, 0xfe, 0xff, 0xe9, 0x0, 0x0, 0x4f, 0x80,
    0x0, 0x0, 0xb, 0xfe, 0xff, 0xea, 0x0, 0x0,
    0x4f, 0x80, 0x0, 0x0, 0xe, 0xa0, 0xde, 0x1,
    0xff, 0xff, 0xff, 0xff, 0xff, 0xf3, 0x1f, 0x70,
    0xde, 0x1, 0xcc, 0xcc, 0xcc, 0xcf, 0xfc, 0xc2,
    0x2d, 0x30, 0xde, 0x0, 0x0, 0x0, 0x0, 0xe,
    0xe0, 0x0, 0x0, 0x0, 0xde, 0x13, 0x0, 0x0,
    0x0, 0xe, 0xf0, 0x0, 0x0, 0x3, 0xef, 0xfc,
    0xcf, 0xff, 0xff, 0xff, 0xff, 0xf1, 0xa, 0xef,
    0xff, 0xc6, 0x8b, 0xbb, 0xbb, 0xbf, 0xfb, 0xb1,
    0xe, 0xfc, 0xfe, 0x0, 0x4, 0xb0, 0x0, 0xe,
    0xe0, 0x0, 0x4, 0x10, 0xde, 0x0, 0x7, 0xfb,
    0x0, 0xe, 0xe0, 0x0, 0x0, 0x0, 0xde, 0x0,
    0x0, 0xaf, 0x60, 0xe, 0xe0, 0x0, 0x0, 0x0,
    0xde, 0x0, 0x0, 0x1f, 0x90, 0xe, 0xe0, 0x0,
    0x0, 0x0, 0xde, 0x0, 0x0, 0x2, 0x0, 0xe,
    0xe0, 0x0, 0x0, 0x0, 0xde, 0x0, 0x0, 0x0,
    0x9d, 0xdf, 0xd0, 0x0, 0x0, 0x0, 0xde, 0x0,
    0x0, 0x0, 0x5f, 0xfc, 0x40, 0x0,

    /* U+72B6 "状" */
    0x0, 0x0, 0x8, 0x70, 0x0, 0x0, 0x76, 0x0,
    0x0, 0x0, 0x0, 0x0, 0x1f, 0xc0, 0x0, 0x1,
    0xfc, 0x6, 0xc0, 0x0, 0x0, 0x0, 0x1f, 0xc0,
    0x0, 0x1, 0xfc, 0x6, 0xfa, 0x0, 0x7, 0xd1,
    0x1f, 0xc0, 0x0, 0x1, 0xfc, 0x0, 0xbf, 0x50,
    0x7, 0xfb, 0x1f, 0xc0, 0x0, 0x1, 0xfc, 0x0,
    0x1e, 0x70, 0x0, 0xbf, 0x7f, 0xc0, 0x0, 0x1,
    0xfc, 0x0, 0x1, 0x0, 0x0, 0x2f, 0xcf, 0xc9,
    0xff, 0xff, 0xff, 0xff, 0xff, 0xf5, 0x0, 0x3,
    0x1f, 0xc7, 0xdd, 0xdd, 0xff, 0xdd, 0xdd, 0xd4,
    0x0, 0x0, 0x1f, 0xc0, 0x0, 0x5, 0xff, 0x30,
    0x0, 0x0, 0x0, 0x0, 0x3f, 0xc0, 0x0, 0x7,
    0xff, 0x80, 0x0, 0x0, 0x0, 0x4, 0xef, 0xc0,
    0x0, 0xb, 0xff, 0xd0, 0x0, 0x0, 0x0, 0x5f,
    0xff, 0xc0, 0x0, 0x1f, 0xfa, 0xf3, 0x0, 0x0,
    0x8, 0xff, 0x5f, 0xc0, 0x0, 0x6f, 0xb3, 0xfb,
    0x0, 0x0, 0xe, 0xe3, 0x1f, 0xc0, 0x0, 0xdf,
    0x50, 0xdf, 0x30, 0x0, 0x4, 0x20, 0x1f, 0xc0,
    0x7, 0xfd, 0x0, 0x4f, 0xd0, 0x0, 0x0, 0x0,
    0x1f, 0xc0, 0x3f, 0xf4, 0x0, 0xc, 0xfa, 0x0,
    0x0, 0x0, 0x1f, 0xc2, 0xef, 0x90, 0x0, 0x1,
    0xef, 0xb0, 0x0, 0x0, 0x1f, 0xde, 0xfb, 0x0,
    0x0, 0x0, 0x4f, 0xf9, 0x0, 0x0, 0x1f, 0xc6,
    0xb0, 0x0, 0x0, 0x0, 0x3, 0xb0, 0x0, 0x0,
    0x0, 0x0, 0x0, 0x0, 0x0, 0x0, 0x0, 0x0,

    /* U+72C0 "狀" */
    0x0, 0x0, 0x5, 0x80, 0x0, 0x0, 0x77, 0x0,
    0x0, 0x0, 0xa, 0xf1, 0xb, 0xf1, 0x0, 0x0,
    0xee, 0x1d, 0xb0, 0x0, 0xa, 0xf1, 0xb, 0xf1,
    0x0, 0x0, 0xee, 0x9, 0xf8, 0x0, 0xa, 0xf1,
    0xb, 0xf1, 0x0, 0x0, 0xee, 0x0, 0xdf, 0x30,
    0xa, 0xf1, 0xb, 0xf1, 0x0, 0x0, 0xee, 0x0,
    0x4e, 0x40, 0xa, 0xf3, 0x1b, 0xf1, 0x0, 0x0,
    0xee, 0x0, 0x0, 0x0, 0xa, 0xff, 0xff, 0xf2,
    0xff, 0xff, 0xff, 0xff, 0xff, 0xf0, 0x6, 0x99,
    0x9d, 0xf2, 0xee, 0xee, 0xff, 0xee, 0xee, 0xe0,
    0x0, 0x0, 0xb, 0xf1, 0x0, 0x1, 0xff, 0x60,
    0x0, 0x0, 0x0, 0x0, 0xb, 0xf1, 0x0, 0x3,
    0xff, 0x90, 0x0, 0x0, 0x9f, 0xff, 0xff, 0xf1,
    0x0, 0x5, 0xff, 0xc0, 0x0, 0x0, 0x7c, 0xfe,
    0xce, 0xf1, 0x0, 0xa, 0xff, 0xf1, 0x0, 0x0,
    0x0, 0xfa, 0xb, 0xf1, 0x0, 0xf, 0xf8, 0xf6,
    0x0, 0x0, 0x1, 0xf9, 0xb, 0xf1, 0x0, 0x8f,
    0xa2, 0xfd, 0x0, 0x0, 0x3, 0xf7, 0xb, 0xf1,
    0x2, 0xff, 0x20, 0xbf, 0x70, 0x0, 0x8, 0xf4,
    0xb, 0xf1, 0x1c, 0xfa, 0x0, 0x3f, 0xf4, 0x0,
    0x1e, 0xf0, 0xb, 0xf2, 0xdf, 0xd0, 0x0, 0x8,
    0xff, 0x50, 0x8f, 0x80, 0xb, 0xfd, 0xfe, 0x20,
    0x0, 0x0, 0xbf, 0xf1, 0x5, 0x0, 0xb, 0xf4,
    0xc2, 0x0, 0x0, 0x0, 0x9, 0x40, 0x0, 0x0,
    0x0, 0x0, 0x0, 0x0, 0x0, 0x0, 0x0, 0x0,

    /* U+7387 "率" */
    0x0, 0x0, 0x0, 0x0, 0x3a, 0x80, 0x0, 0x0,
    0x0, 0x0, 0x0, 0x0, 0x0, 0x0, 0x1e, 0xf4,
    0x0, 0x0, 0x0, 0x0, 0x9, 0xff, 0xff, 0xff,
    0xff, 0xff, 0xff, 0xff, 0xff, 0xd0, 0x6, 0xbb,
    0xbb, 0xbb, 0xef, 0xcb, 0xbb, 0xbb, 0xbb, 0x90,
    0x0, 0x63, 0x0, 0x2, 0xfc, 0x1, 0xc4, 0x0,
    0x93, 0x0, 0x2, 0xef, 0x90, 0x2d, 0xf6, 0x5d,
    0xf4, 0xb, 0xfa, 0x0, 0x0, 0x1b, 0xf9, 0x8f,
    0xff, 0xff, 0x60, 0xdf, 0x90, 0x0, 0x0, 0x0,
    0x70, 0x28, 0x6d, 0xf7, 0x10, 0x46, 0x0, 0x0,
    0x0, 0x0, 0x3b, 0x0, 0xaf, 0x6b, 0xd1, 0x96,
    0x0, 0x0, 0x0, 0x5c, 0xff, 0x4c, 0xf8, 0x49,
    0xfc, 0xdf, 0xc1, 0x0, 0xc, 0xff, 0x91, 0xef,
    0xff, 0xff, 0xff, 0x28, 0xfe, 0x40, 0x5, 0x91,
    0x0, 0x89, 0x79, 0x72, 0x2d, 0x50, 0x4d, 0x30,
    0x0, 0x0, 0x0, 0x0, 0xf, 0xf0, 0x0, 0x0,
    0x0, 0x0, 0xf, 0xff, 0xff, 0xff, 0xff, 0xff,
    0xff, 0xff, 0xff, 0xf0, 0xb, 0xbb, 0xbb, 0xbb,
    0xbf, 0xfb, 0xbb, 0xbb, 0xbb, 0xb0, 0x0, 0x0,
    0x0, 0x0, 0xf, 0xf0, 0x0, 0x0, 0x0, 0x0,
    0x0, 0x0, 0x0, 0x0, 0xf, 0xf0, 0x0, 0x0,
    0x0, 0x0, 0x0, 0x0, 0x0, 0x0, 0xf, 0xf0,
    0x0, 0x0, 0x0, 0x0, 0x0, 0x0, 0x0, 0x0,
    0xf, 0xf0, 0x0, 0x0, 0x0, 0x0,

    /* U+73AF "环" */
    0x2a, 0xaa, 0xaa, 0xa2, 0xcc, 0xcc, 0xcc, 0xcc,
    0xcc, 0xc0, 0x3f, 0xff, 0xff, 0xe2, 0xff, 0xff,
    0xff, 0xff, 0xff, 0xf0, 0x0, 0xf, 0xc0, 0x0,
    0x0, 0x0, 0x8f, 0x90, 0x0, 0x0, 0x0, 0xf,
    0xc0, 0x0, 0x0, 0x1, 0xff, 0x30, 0x0, 0x0,
    0x0, 0xf, 0xc0, 0x0, 0x0, 0x7, 0xfd, 0x0,
    0x0, 0x0, 0x0, 0xf, 0xc0, 0x0, 0x0, 0xe,
    0xfc, 0x42, 0x0, 0x0, 0xb, 0xcf, 0xfc, 0x60,
    0x0, 0x7f, 0xfe, 0xfd, 0x10, 0x0, 0xe, 0xff,
    0xff, 0x70, 0x2, 0xff, 0xfc, 0x9f, 0xb0, 0x0,
    0x0, 0xf, 0xc0, 0x0, 0xd, 0xfa, 0xfc, 0xc,
    0xf8, 0x0, 0x0, 0xf, 0xc0, 0x0, 0xbf, 0xd1,
    0xfc, 0x1, 0xff, 0x40, 0x0, 0xf, 0xc0, 0xa,
    0xff, 0x21, 0xfc, 0x0, 0x5f, 0xd0, 0x0, 0xf,
    0xc0, 0x3, 0xe3, 0x1, 0xfc, 0x0, 0xa, 0x30,
    0x0, 0xf, 0xea, 0xc0, 0x0, 0x1, 0xfc, 0x0,
    0x0, 0x0, 0x4, 0x9f, 0xff, 0xd0, 0x0, 0x1,
    0xfc, 0x0, 0x0, 0x0, 0x3f, 0xfe, 0x93, 0x0,
    0x0, 0x1, 0xfc, 0x0, 0x0, 0x0, 0xa, 0x40,
    0x0, 0x0, 0x0, 0x1, 0xfc, 0x0, 0x0, 0x0,
    0x0, 0x0, 0x0, 0x0, 0x0, 0x1, 0xfc, 0x0,
    0x0, 0x0, 0x0, 0x0, 0x0, 0x0, 0x0, 0x1,
    0xfc, 0x0, 0x0, 0x0,

    /* U+73B0 "现" */
    0x0, 0x0, 0x0, 0x0, 0x0, 0x0, 0x0, 0x0,
    0x0, 0x0, 0xb, 0xbb, 0xbb, 0xb9, 0x6f, 0xff,
    0xff, 0xff, 0xfe, 0x0, 0xf, 0xff, 0xff, 0xfc,
    0x6f, 0xc9, 0x99, 0x99, 0xfe, 0x0, 0x0, 0x7,
    0xf6, 0x0, 0x6f, 0x60, 0x0, 0x0, 0xfe, 0x0,
    0x0, 0x6, 0xf5, 0x0, 0x6f, 0x60, 0x0, 0x0,
    0xfe, 0x0, 0x0, 0x6, 0xf5, 0x0, 0x6f, 0x60,
    0xbf, 0x0, 0xfe, 0x0, 0x0, 0x6, 0xf5, 0x0,
    0x6f, 0x60, 0xbf, 0x0, 0xfe, 0x0, 0x9, 0xce,
    0xfd, 0xc4, 0x6f, 0x60, 0xbf, 0x0, 0xfe, 0x0,
    0xa, 0xff, 0xff, 0xf5, 0x6f, 0x60, 0xbf, 0x0,
    0xfe, 0x0, 0x0, 0x6, 0xf5, 0x0, 0x6f, 0x60,
    0xcf, 0x0, 0xfe, 0x0, 0x0, 0x6, 0xf5, 0x0,
    0x6f, 0x60, 0xdf, 0x0, 0xfe, 0x0, 0x0, 0x6,
    0xf5, 0x0, 0x4b, 0x40, 0xfc, 0x0, 0xaa, 0x0,
    0x0, 0x6, 0xf5, 0x0, 0x0, 0x5, 0xfe, 0xa0,
    0x0, 0x0, 0x0, 0x6, 0xf8, 0x8c, 0x0, 0xa,
    0xfe, 0xe0, 0x0, 0x0, 0x0, 0x4b, 0xff, 0xff,
    0x0, 0x3f, 0x9d, 0xe0, 0x4, 0xc1, 0x3f, 0xff,
    0xfe, 0x93, 0x1, 0xde, 0x1d, 0xe0, 0x5, 0xf2,
    0x1f, 0xe8, 0x30, 0x0, 0x2d, 0xf4, 0xd, 0xe0,
    0x6, 0xf1, 0x3, 0x0, 0x0, 0x6, 0xef, 0x60,
    0xc, 0xf7, 0x6c, 0xd0, 0x0, 0x0, 0x0, 0x2e,
    0xe5, 0x0, 0x5, 0xef, 0xfe, 0x50, 0x0, 0x0,
    0x0, 0x3, 0x10, 0x0, 0x0, 0x0, 0x0, 0x0,

    /* U+73FE "現" */
    0x0, 0x0, 0x0, 0x0, 0x0, 0x0, 0x0, 0x0,
    0x0, 0x0, 0xc, 0xcc, 0xcc, 0xca, 0x1f, 0xff,
    0xff, 0xff, 0xff, 0x40, 0x1f, 0xff, 0xff, 0xfd,
    0x1f, 0xd8, 0x88, 0x88, 0xcf, 0x40, 0x0, 0x7,
    0xf5, 0x0, 0x1f, 0xb0, 0x0, 0x0, 0x7f, 0x40,
    0x0, 0x7, 0xf5, 0x0, 0x1f, 0xff, 0xff, 0xff,
    0xff, 0x40, 0x0, 0x7, 0xf5, 0x0, 0x1f, 0xd8,
    0x88, 0x88, 0xcf, 0x40, 0x1, 0x18, 0xf6, 0x10,
    0x1f, 0xb0, 0x0, 0x0, 0x7f, 0x40, 0xd, 0xff,
    0xff, 0xfa, 0x1f, 0xd7, 0x77, 0x77, 0xbf, 0x40,
    0xa, 0xbd, 0xfd, 0xb7, 0x1f, 0xff, 0xff, 0xff,
    0xff, 0x40, 0x0, 0x7, 0xf5, 0x0, 0x1f, 0xb0,
    0x0, 0x0, 0x7f, 0x40, 0x0, 0x7, 0xf5, 0x0,
    0x1f, 0xd8, 0x88, 0x88, 0xcf, 0x40, 0x0, 0x7,
    0xf5, 0x0, 0x1f, 0xff, 0xff, 0xff, 0xff, 0x40,
    0x0, 0x7, 0xfa, 0xbf, 0x20, 0x8f, 0x41, 0xfc,
    0x0, 0x0, 0x3, 0x8d, 0xff, 0xfe, 0x30, 0xbf,
    0x11, 0xfb, 0x0, 0x0, 0x6f, 0xff, 0xe9, 0x40,
    0x1, 0xfd, 0x1, 0xfb, 0x0, 0x0, 0x2d, 0x83,
    0x0, 0x0, 0xa, 0xf6, 0x1, 0xfb, 0x0, 0xd4,
    0x0, 0x0, 0x0, 0x0, 0xaf, 0xd0, 0x1, 0xfc,
    0x1, 0xf7, 0x0, 0x0, 0x1, 0x9e, 0xfd, 0x10,
    0x0, 0xff, 0xab, 0xf4, 0x0, 0x0, 0x0, 0xce,
    0x80, 0x0, 0x0, 0x8f, 0xff, 0xb0, 0x0, 0x0,
    0x0, 0x10, 0x0, 0x0, 0x0, 0x0, 0x0, 0x0,

    /* U+7406 "理" */
    0x0, 0x0, 0x0, 0x0, 0x11, 0x11, 0x11, 0x11,
    0x11, 0x10, 0x2b, 0xbb, 0xbb, 0xb2, 0xef, 0xff,
    0xff, 0xff, 0xff, 0xb0, 0x2f, 0xff, 0xff, 0xf3,
    0xee, 0x88, 0xcf, 0x98, 0x9f, 0xb0, 0x0, 0xd,
    0xf0, 0x0, 0xed, 0x0, 0x8f, 0x10, 0x1f, 0xb0,
    0x0, 0xc, 0xf0, 0x0, 0xed, 0x0, 0x8f, 0x10,
    0x2f, 0xb0, 0x0, 0xc, 0xf0, 0x0, 0xef, 0xff,
    0xff, 0xff, 0xff, 0xb0, 0x0, 0xc, 0xf0, 0x0,
    0xee, 0x77, 0xcf, 0x87, 0x8f, 0xb0, 0xc, 0xcf,
    0xfc, 0xb0, 0xed, 0x0, 0x8f, 0x10, 0x1f, 0xb0,
    0xc, 0xcf, 0xfc, 0xb0, 0xee, 0x99, 0xcf, 0x99,
    0x9f, 0xb0, 0x0, 0xc, 0xf0, 0x0, 0xef, 0xff,
    0xff, 0xff, 0xff, 0xb0, 0x0, 0xc, 0xf0, 0x0,
    0x0, 0x0, 0xbf, 0x40, 0x0, 0x0, 0x0, 0xc,
    0xf0, 0x0, 0x0, 0x0, 0xbf, 0x30, 0x0, 0x0,
    0x0, 0xc, 0xf0, 0x1, 0xcc, 0xcc, 0xef, 0xdc,
    0xcc, 0xb0, 0x0, 0xc, 0xfa, 0xf4, 0xff, 0xff,
    0xff, 0xff, 0xff, 0xe0, 0x17, 0xcf, 0xff, 0xe3,
    0x0, 0x0, 0xbf, 0x30, 0x0, 0x0, 0x3f, 0xfe,
    0x93, 0x0, 0x0, 0x0, 0xbf, 0x30, 0x0, 0x0,
    0x8, 0x30, 0x0, 0x6b, 0xbb, 0xbb, 0xef, 0xcb,
    0xbb, 0xb7, 0x0, 0x0, 0x0, 0x8f, 0xff, 0xff,
    0xff, 0xff, 0xff, 0xf9, 0x0, 0x0, 0x0, 0x0,
    0x0, 0x0, 0x0, 0x0, 0x0, 0x0,

    /* U+751F "生" */
    0x0, 0x0, 0x55, 0x10, 0xd, 0xe0, 0x0, 0x0,
    0x0, 0x0, 0x0, 0x0, 0xef, 0x30, 0xe, 0xf0,
    0x0, 0x0, 0x0, 0x0, 0x0, 0x4, 0xfe, 0x0,
    0xe, 0xf0, 0x0, 0x0, 0x0, 0x0, 0x0, 0x9,
    0xf9, 0x0, 0xf, 0xf0, 0x0, 0x0, 0x0, 0x0,
    0x0, 0xf, 0xff, 0xff, 0xff, 0xff, 0xff, 0xff,
    0xff, 0x0, 0x0, 0x8f, 0xec, 0xcc, 0xcf, 0xfc,
    0xcc, 0xcc, 0xcc, 0x0, 0x2, 0xff, 0x20, 0x0,
    0xe, 0xf0, 0x0, 0x0, 0x0, 0x0, 0xd, 0xf9,
    0x0, 0x0, 0xe, 0xf0, 0x0, 0x0, 0x0, 0x0,
    0x4, 0xc0, 0x0, 0x0, 0xe, 0xf0, 0x0, 0x0,
    0x0, 0x0, 0x0, 0x0, 0x0, 0x0, 0xf, 0xf0,
    0x0, 0x0, 0x0, 0x0, 0x0, 0xb, 0xff, 0xff,
    0xff, 0xff, 0xff, 0xff, 0xf4, 0x0, 0x0, 0x8,
    0xcc, 0xcc, 0xcf, 0xfc, 0xcc, 0xcc, 0xc3, 0x0,
    0x0, 0x0, 0x0, 0x0, 0xe, 0xf0, 0x0, 0x0,
    0x0, 0x0, 0x0, 0x0, 0x0, 0x0, 0xe, 0xf0,
    0x0, 0x0, 0x0, 0x0, 0x0, 0x0, 0x0, 0x0,
    0xe, 0xf0, 0x0, 0x0, 0x0, 0x0, 0x0, 0x0,
    0x0, 0x0, 0xe, 0xf0, 0x0, 0x0, 0x0, 0x0,
    0xb, 0xcc, 0xcc, 0xcc, 0xcf, 0xfc, 0xcc, 0xcc,
    0xcc, 0xc0, 0xe, 0xff, 0xff, 0xff, 0xff, 0xff,
    0xff, 0xff, 0xff, 0xf0, 0x0, 0x0, 0x0, 0x0,
    0x0, 0x0, 0x0, 0x0, 0x0, 0x0,

    /* U+7528 "用" */
    0x0, 0xb, 0xbb, 0xbb, 0xbb, 0xbb, 0xbb, 0xbb,
    0xba, 0x0, 0xf, 0xff, 0xff, 0xff, 0xff, 0xff,
    0xff, 0xfe, 0x0, 0xf, 0xe1, 0x11, 0x1d, 0xf2,
    0x11, 0x11, 0xfe, 0x0, 0xf, 0xe0, 0x0, 0xc,
    0xf1, 0x0, 0x0, 0xfe, 0x0, 0xf, 0xe0, 0x0,
    0xc, 0xf1, 0x0, 0x0, 0xfe, 0x0, 0xf, 0xfc,
    0xcc, 0xcf, 0xfd, 0xcc, 0xcc, 0xfe, 0x0, 0xf,
    0xff, 0xff, 0xff, 0xff, 0xff, 0xff, 0xfe, 0x0,
    0xf, 0xe0, 0x0, 0xc, 0xf1, 0x0, 0x0, 0xfe,
    0x0, 0xf, 0xe0, 0x0, 0xc, 0xf1, 0x0, 0x0,
    0xfe, 0x0, 0xf, 0xd0, 0x0, 0xd, 0xf1, 0x0,
    0x0, 0xfe, 0x0, 0x1f, 0xff, 0xff, 0xff, 0xff,
    0xff, 0xff, 0xfe, 0x0, 0x3f, 0xec, 0xcc, 0xcf,
    0xfc, 0xcc, 0xcc, 0xfe, 0x0, 0x5f, 0x70, 0x0,
    0xc, 0xf1, 0x0, 0x0, 0xfe, 0x0, 0xaf, 0x30,
    0x0, 0xc, 0xf1, 0x0, 0x0, 0xfe, 0x0, 0xef,
    0x0, 0x0, 0xc, 0xf1, 0x0, 0x0, 0xfe, 0x6,
    0xfa, 0x0, 0x0, 0xc, 0xf1, 0x0, 0x0, 0xfe,
    0x1e, 0xf3, 0x0, 0x0, 0xc, 0xf1, 0x4b, 0xbb,
    0xfc, 0x1b, 0xa0, 0x0, 0x0, 0xc, 0xf1, 0x1f,
    0xff, 0xd4, 0x0, 0x0, 0x0, 0x0, 0x0, 0x0,
    0x1, 0x0, 0x0,

    /* U+7535 "电" */
    0x0, 0x0, 0x0, 0x2, 0x20, 0x0, 0x0, 0x0,
    0x0, 0x0, 0x0, 0x0, 0x2f, 0xd0, 0x0, 0x0,
    0x0, 0x0, 0x0, 0x0, 0x0, 0x2f, 0xd0, 0x0,
    0x0, 0x0, 0x0, 0xdf, 0xff, 0xff, 0xff, 0xff,
    0xff, 0xff, 0xf1, 0x0, 0xdf, 0xed, 0xdd, 0xef,
    0xfd, 0xdd, 0xdf, 0xf1, 0x0, 0xdf, 0x10, 0x0,
    0x2f, 0xd0, 0x0, 0xd, 0xf1, 0x0, 0xdf, 0x10,
    0x0, 0x2f, 0xd0, 0x0, 0xd, 0xf1, 0x0, 0xdf,
    0xcb, 0xbb, 0xcf, 0xfb, 0xbb, 0xbf, 0xf1, 0x0,
    0xdf, 0xff, 0xff, 0xff, 0xff, 0xff, 0xff, 0xf1,
    0x0, 0xdf, 0x20, 0x0, 0x3f, 0xd0, 0x0, 0xe,
    0xf1, 0x0, 0xdf, 0x10, 0x0, 0x2f, 0xd0, 0x0,
    0xd, 0xf1, 0x0, 0xdf, 0xbb, 0xbb, 0xbf, 0xfb,
    0xbb, 0xbf, 0xf1, 0x0, 0xdf, 0xff, 0xff, 0xff,
    0xff, 0xff, 0xff, 0xf1, 0x0, 0xdf, 0x32, 0x22,
    0x4f, 0xe2, 0x22, 0x22, 0x29, 0x20, 0x78, 0x10,
    0x0, 0x2f, 0xd0, 0x0, 0x0, 0xf, 0xf0, 0x0,
    0x0, 0x0, 0x2f, 0xd0, 0x0, 0x0, 0x1f, 0xd0,
    0x0, 0x0, 0x0, 0xf, 0xf1, 0x0, 0x0, 0x5f,
    0xa0, 0x0, 0x0, 0x0, 0xc, 0xff, 0xee, 0xee,
    0xff, 0x50, 0x0, 0x0, 0x0, 0x3, 0xcf, 0xff,
    0xff, 0xe8, 0x0,

    /* U+753B "画" */
    0x2b, 0xbb, 0xbb, 0xbb, 0xbb, 0xbb, 0xbb, 0xbb,
    0xb8, 0x3f, 0xff, 0xff, 0xff, 0xff, 0xff, 0xff,
    0xff, 0xfb, 0x0, 0x0, 0x0, 0x0, 0x0, 0x0,
    0x0, 0x0, 0x0, 0x0, 0x0, 0x0, 0x0, 0x0,
    0x0, 0x0, 0x0, 0x0, 0x0, 0x0, 0x9f, 0xff,
    0xff, 0xff, 0xfd, 0x0, 0x0, 0x2, 0x20, 0xaf,
    0x99, 0xef, 0x99, 0xed, 0x2, 0x42, 0x1f, 0xc0,
    0xae, 0x0, 0xbe, 0x0, 0xbd, 0x7, 0xf6, 0x1f,
    0xc0, 0xae, 0x11, 0xce, 0x11, 0xcd, 0x7, 0xf6,
    0x1f, 0xc0, 0xaf, 0xff, 0xff, 0xff, 0xfd, 0x7,
    0xf6, 0x1f, 0xc0, 0xaf, 0x55, 0xde, 0x55, 0xdd,
    0x7, 0xf6, 0x1f, 0xc0, 0xae, 0x0, 0xbe, 0x0,
    0xbd, 0x7, 0xf6, 0x1f, 0xc0, 0xaf, 0x88, 0xef,
    0x88, 0xed, 0x7, 0xf6, 0x1f, 0xc0, 0xaf, 0xff,
    0xff, 0xff, 0xfd, 0x7, 0xf6, 0x1f, 0xc0, 0x0,
    0x0, 0x0, 0x0, 0x0, 0x7, 0xf6, 0x1f, 0xc0,
    0x0, 0x0, 0x0, 0x0, 0x0, 0x7, 0xf6, 0x1f,
    0xff, 0xff, 0xff, 0xff, 0xff, 0xff, 0xff, 0xf6,
    0x1b, 0xbb, 0xbb, 0xbb, 0xbb, 0xbb, 0xbb, 0xbd,
    0xf6, 0x0, 0x0, 0x0, 0x0, 0x0, 0x0, 0x0,
    0x7, 0xf6,

    /* U+7559 "留" */
    0x0, 0x0, 0x0, 0x0, 0x0, 0x0, 0x0, 0x0,
    0x0, 0x0, 0x0, 0x27, 0xd5, 0x0, 0x0, 0x0,
    0x0, 0x0, 0x5, 0xae, 0xff, 0xe8, 0xf, 0xff,
    0xff, 0xff, 0xf7, 0xc, 0xfb, 0x63, 0x0, 0xb,
    0xbf, 0xfb, 0xbd, 0xf6, 0xc, 0xf1, 0x2, 0x40,
    0x0, 0xf, 0xc0, 0x7, 0xf5, 0xc, 0xf1, 0xd,
    0xf1, 0x0, 0x4f, 0x90, 0x8, 0xf4, 0xc, 0xf1,
    0x5, 0xf9, 0x0, 0x8f, 0x40, 0x9, 0xf3, 0xe,
    0xf7, 0xad, 0xff, 0x12, 0xfe, 0x0, 0xb, 0xf1,
    0x5f, 0xff, 0xfd, 0xbf, 0xae, 0xf4, 0x38, 0x9f,
    0xe0, 0x1e, 0xb6, 0x20, 0x7, 0xef, 0x50, 0x2f,
    0xff, 0x60, 0x0, 0x0, 0x0, 0x0, 0x31, 0x0,
    0x1, 0x10, 0x0, 0x0, 0xaf, 0xff, 0xff, 0xff,
    0xff, 0xff, 0xfe, 0x0, 0x0, 0xbf, 0xa8, 0x88,
    0xef, 0x88, 0x89, 0xff, 0x0, 0x0, 0xbf, 0x30,
    0x0, 0xdf, 0x0, 0x0, 0xff, 0x0, 0x0, 0xbf,
    0x97, 0x77, 0xef, 0x77, 0x78, 0xff, 0x0, 0x0,
    0xbf, 0xfe, 0xee, 0xff, 0xee, 0xef, 0xff, 0x0,
    0x0, 0xbf, 0x30, 0x0, 0xdf, 0x0, 0x0, 0xff,
    0x0, 0x0, 0xbf, 0xa8, 0x88, 0xef, 0x88, 0x89,
    0xff, 0x0, 0x0, 0xbf, 0xff, 0xff, 0xff, 0xff,
    0xff, 0xff, 0x0, 0x0, 0xbf, 0x30, 0x0, 0x0,
    0x0, 0x0, 0xed, 0x0,

    /* U+756B "畫" */
    0x0, 0x0, 0x0, 0x0, 0x1e, 0xc0, 0x0, 0x0,
    0x0, 0x0, 0x0, 0xa, 0xcc, 0xcc, 0xcf, 0xfc,
    0xcc, 0xcc, 0xa0, 0x0, 0x0, 0x3, 0x33, 0x33,
    0x4f, 0xe3, 0x33, 0x3f, 0xd0, 0x0, 0xe, 0xee,
    0xee, 0xee, 0xff, 0xfe, 0xee, 0xff, 0xfe, 0xe0,
    0x2, 0x22, 0x22, 0x22, 0x3f, 0xe2, 0x22, 0x2f,
    0xe2, 0x20, 0x0, 0xe, 0xee, 0xee, 0xef, 0xfe,
    0xee, 0xef, 0xd0, 0x0, 0x0, 0x2, 0x22, 0x22,
    0x3f, 0xe2, 0x22, 0x22, 0x20, 0x0, 0x0, 0x8f,
    0xff, 0xff, 0xff, 0xff, 0xff, 0xff, 0xfa, 0x0,
    0x0, 0x12, 0x22, 0x22, 0x3f, 0xe2, 0x22, 0x22,
    0x21, 0x0, 0xf, 0xff, 0xff, 0xff, 0xff, 0xff,
    0xff, 0xff, 0xff, 0xf1, 0x4, 0x44, 0x44, 0x44,
    0x44, 0x44, 0x44, 0x44, 0x44, 0x40, 0x0, 0xb,
    0xff, 0xff, 0xff, 0xff, 0xff, 0xff, 0xe0, 0x0,
    0x0, 0xb, 0xf2, 0x0, 0xf, 0xd0, 0x0, 0xf,
    0xe0, 0x0, 0x0, 0xb, 0xff, 0xff, 0xff, 0xff,
    0xff, 0xff, 0xe0, 0x0, 0x0, 0xb, 0xf2, 0x0,
    0xf, 0xd0, 0x0, 0xf, 0xe0, 0x0, 0x0, 0xb,
    0xff, 0xff, 0xff, 0xff, 0xff, 0xff, 0xe0, 0x0,
    0x0, 0x0, 0x0, 0x0, 0x0, 0x0, 0x0, 0x0,
    0x0, 0x0, 0x4, 0x44, 0x44, 0x44, 0x44, 0x44,
    0x44, 0x44, 0x44, 0x40, 0xf, 0xff, 0xff, 0xff,
    0xff, 0xff, 0xff, 0xff, 0xff, 0xf1,

    /* U+767C "發" */
    0x0, 0x0, 0x0, 0x0, 0x0, 0x69, 0x0, 0x17,
    0x0, 0x0, 0x0, 0x1f, 0xff, 0xff, 0xf7, 0x6f,
    0x62, 0xdf, 0x40, 0x0, 0x0, 0x9, 0x77, 0x7f,
    0xf2, 0xc, 0xee, 0xe3, 0x6, 0x30, 0x0, 0x6f,
    0x91, 0xbf, 0x60, 0x2, 0xff, 0x40, 0x8f, 0xb0,
    0x0, 0x7, 0xff, 0xf9, 0x0, 0x0, 0x3e, 0xfc,
    0xf7, 0x0, 0x0, 0x6, 0xef, 0x70, 0x0, 0x0,
    0x2, 0xdf, 0xd5, 0x0, 0x17, 0xdf, 0xff, 0xdd,
    0x80, 0xaf, 0xff, 0xff, 0xff, 0xe5, 0xc, 0xd8,
    0x99, 0xaf, 0x90, 0xbf, 0x88, 0xde, 0x28, 0xc0,
    0x1, 0x0, 0x0, 0x1f, 0x90, 0xdd, 0x0, 0xae,
    0x0, 0x0, 0x0, 0x8, 0x88, 0x9f, 0x95, 0xf8,
    0x0, 0x9f, 0x33, 0x20, 0x0, 0xf, 0xfe, 0xee,
    0xbf, 0xe1, 0x0, 0x5f, 0xff, 0x90, 0x0, 0x2f,
    0x60, 0x0, 0x6, 0x31, 0x11, 0x12, 0x32, 0x0,
    0x0, 0x5f, 0x84, 0x44, 0x37, 0xff, 0xff, 0xff,
    0xf6, 0x0, 0x0, 0x8f, 0xff, 0xff, 0x93, 0xd6,
    0x33, 0x4e, 0xf1, 0x0, 0x0, 0x1, 0x11, 0x4f,
    0x74, 0xff, 0x80, 0x9f, 0x80, 0x0, 0x0, 0x0,
    0x0, 0x5f, 0x60, 0x1b, 0xfe, 0xfc, 0x0, 0x0,
    0x0, 0x0, 0x0, 0x8f, 0x30, 0x3, 0xef, 0xfa,
    0x0, 0x0, 0x0, 0x9, 0x99, 0xef, 0x27, 0xcf,
    0xf9, 0xbf, 0xe3, 0x0, 0x0, 0xa, 0xff, 0xe6,
    0x2f, 0xd8, 0x10, 0x5, 0xe6, 0x0, 0x0, 0x0,
    0x0, 0x0, 0x1, 0x0, 0x0, 0x0, 0x0, 0x0,

    /* U+767E "百" */
    0x8d, 0xdd, 0xdd, 0xdd, 0xdd, 0xdd, 0xdd, 0xdd,
    0xdc, 0x9f, 0xff, 0xff, 0xff, 0xff, 0xff, 0xff,
    0xff, 0xfe, 0x0, 0x0, 0x0, 0x3, 0xff, 0x0,
    0x0, 0x0, 0x0, 0x0, 0x0, 0x0, 0x5, 0xfb,
    0x0, 0x0, 0x0, 0x0, 0x0, 0x1, 0x11, 0x19,
    0xf8, 0x11, 0x11, 0x11, 0x0, 0x0, 0x7f, 0xff,
    0xff, 0xff, 0xff, 0xff, 0xff, 0x0, 0x0, 0x7f,
    0xda, 0xaa, 0xaa, 0xaa, 0xaa, 0xff, 0x0, 0x0,
    0x7f, 0x60, 0x0, 0x0, 0x0, 0x0, 0xff, 0x0,
    0x0, 0x7f, 0x60, 0x0, 0x0, 0x0, 0x0, 0xff,
    0x0, 0x0, 0x7f, 0x81, 0x11, 0x11, 0x11, 0x11,
    0xff, 0x0, 0x0, 0x7f, 0xff, 0xff, 0xff, 0xff,
    0xff, 0xff, 0x0, 0x0, 0x7f, 0xc9, 0x99, 0x99,
    0x99, 0x99, 0xff, 0x0, 0x0, 0x7f, 0x60, 0x0,
    0x0, 0x0, 0x0, 0xff, 0x0, 0x0, 0x7f, 0x60,
    0x0, 0x0, 0x0, 0x0, 0xff, 0x0, 0x0, 0x7f,
    0x71, 0x11, 0x11, 0x11, 0x11, 0xff, 0x0, 0x0,
    0x7f, 0xff, 0xff, 0xff, 0xff, 0xff, 0xff, 0x0,
    0x0, 0x7f, 0xca, 0xaa, 0xaa, 0xaa, 0xaa, 0xff,
    0x0, 0x0, 0x7f, 0x60, 0x0, 0x0, 0x0, 0x0,
    0xff, 0x0,

    /* U+7684 "的" */
    0x0, 0xa, 0xb3, 0x0, 0x0, 0x7b, 0x30, 0x0,
    0x0, 0x0, 0xe, 0xf1, 0x0, 0x0, 0xdf, 0x10,
    0x0, 0x0, 0x0, 0x2f, 0xb0, 0x0, 0x2, 0xfd,
    0x0, 0x0, 0x0, 0x6a, 0xcf, 0xca, 0xa7, 0x7,
    0xfe, 0xcc, 0xcc, 0xc4, 0x9f, 0xff, 0xff, 0xfa,
    0xd, 0xff, 0xff, 0xff, 0xf6, 0x9f, 0x20, 0x1,
    0xfa, 0x4f, 0xb0, 0x0, 0x6, 0xf5, 0x9f, 0x20,
    0x1, 0xfb, 0xdf, 0x30, 0x0, 0x7, 0xf4, 0x9f,
    0x20, 0x1, 0xfd, 0xeb, 0x0, 0x0, 0x7, 0xf4,
    0x9f, 0x20, 0x1, 0xfa, 0x13, 0xa8, 0x0, 0x8,
    0xf3, 0x9f, 0xff, 0xff, 0xfa, 0x0, 0xdf, 0x30,
    0x9, 0xf3, 0x9f, 0xa9, 0x9a, 0xfa, 0x0, 0x3f,
    0xe0, 0xa, 0xf2, 0x9f, 0x20, 0x1, 0xfa, 0x0,
    0x8, 0xf8, 0xa, 0xf1, 0x9f, 0x20, 0x1, 0xfa,
    0x0, 0x0, 0xed, 0xc, 0xf0, 0x9f, 0x20, 0x1,
    0xfa, 0x0, 0x0, 0x20, 0xd, 0xf0, 0x9f, 0x20,
    0x1, 0xfa, 0x0, 0x0, 0x0, 0xe, 0xd0, 0x9f,
    0xff, 0xff, 0xfa, 0x0, 0x0, 0x0, 0x1f, 0xc0,
    0x9f, 0xba, 0xaa, 0xa6, 0x0, 0x12, 0x0, 0x5f,
    0x90, 0x9f, 0x20, 0x0, 0x0, 0x0, 0x1f, 0xdc,
    0xff, 0x40, 0x9f, 0x20, 0x0, 0x0, 0x0, 0xc,
    0xff, 0xe7, 0x0, 0x0, 0x0, 0x0, 0x0, 0x0,
    0x0, 0x0, 0x0, 0x0,

    /* U+76D1 "监" */
    0x0, 0x24, 0x0, 0xbf, 0x10, 0x0, 0xd9, 0x0,
    0x0, 0x0, 0x0, 0xaf, 0x20, 0xbf, 0x10, 0x5,
    0xfa, 0x0, 0x0, 0x0, 0x0, 0xaf, 0x20, 0xbf,
    0x10, 0xb, 0xf8, 0x33, 0x33, 0x30, 0x0, 0xaf,
    0x20, 0xbf, 0x10, 0x1f, 0xff, 0xff, 0xff, 0xe0,
    0x0, 0xaf, 0x20, 0xbf, 0x10, 0x7f, 0xb7, 0x77,
    0x77, 0x70, 0x0, 0xaf, 0x20, 0xbf, 0x11, 0xff,
    0x12, 0x30, 0x0, 0x0, 0x0, 0xaf, 0x20, 0xbf,
    0x2b, 0xf8, 0x1e, 0xf7, 0x0, 0x0, 0x0, 0xaf,
    0x20, 0xbf, 0x4f, 0xd0, 0x3, 0xef, 0x90, 0x0,
    0x0, 0xaf, 0x20, 0xbf, 0x12, 0x20, 0x0, 0x1d,
    0xf9, 0x0, 0x0, 0x1, 0x0, 0x8a, 0x10, 0x0,
    0x0, 0x1, 0xa2, 0x0, 0x0, 0x0, 0x0, 0x0,
    0x0, 0x0, 0x0, 0x0, 0x0, 0x0, 0x0, 0xe,
    0xff, 0xff, 0xff, 0xff, 0xff, 0xff, 0xf1, 0x0,
    0x0, 0xe, 0xe8, 0x8e, 0xf8, 0x8e, 0xf8, 0x8e,
    0xf1, 0x0, 0x0, 0xe, 0xd0, 0xd, 0xd0, 0xc,
    0xe0, 0xb, 0xf1, 0x0, 0x0, 0xe, 0xd0, 0xd,
    0xd0, 0xc, 0xe0, 0xb, 0xf1, 0x0, 0x0, 0xe,
    0xd0, 0xd, 0xd0, 0xc, 0xe0, 0xb, 0xf1, 0x0,
    0x0, 0xe, 0xd0, 0xd, 0xd0, 0xc, 0xe0, 0xb,
    0xf1, 0x0, 0x1b, 0xbf, 0xfb, 0xbf, 0xfb, 0xbf,
    0xfb, 0xbe, 0xfb, 0xb1, 0x1f, 0xff, 0xff, 0xff,
    0xff, 0xff, 0xff, 0xff, 0xff, 0xf2,

    /* U+76E3 "監" */
    0x1, 0x22, 0x22, 0x22, 0x22, 0x0, 0x7a, 0x10,
    0x0, 0x0, 0x7, 0xff, 0xff, 0xff, 0xff, 0x30,
    0xde, 0x0, 0x0, 0x0, 0x7, 0xf7, 0x4c, 0xe4,
    0x44, 0x12, 0xfa, 0x0, 0x0, 0x0, 0x7, 0xf7,
    0x4c, 0xe4, 0x43, 0x8, 0xff, 0xff, 0xff, 0xf1,
    0x7, 0xff, 0xff, 0xff, 0xfb, 0x1f, 0xea, 0xaa,
    0xaa, 0xa1, 0x7, 0xf3, 0x0, 0x0, 0xeb, 0xaf,
    0x50, 0x10, 0x0, 0x0, 0x7, 0xfe, 0xee, 0xee,
    0xfb, 0xab, 0xc, 0xe3, 0x0, 0x0, 0x7, 0xf8,
    0x5c, 0xe5, 0x54, 0x0, 0x3, 0xef, 0x50, 0x0,
    0x7, 0xf4, 0xb, 0xd0, 0x0, 0x0, 0x0, 0x2e,
    0xf4, 0x0, 0x7, 0xff, 0xff, 0xff, 0xff, 0x60,
    0x0, 0x3, 0xd3, 0x0, 0x3, 0x66, 0x66, 0x66,
    0x66, 0x20, 0x0, 0x0, 0x0, 0x0, 0x0, 0x5,
    0x77, 0x77, 0x77, 0x77, 0x77, 0x77, 0x50, 0x0,
    0x0, 0xc, 0xff, 0xff, 0xff, 0xff, 0xff, 0xff,
    0xb0, 0x0, 0x0, 0xc, 0xf0, 0xe, 0xd0, 0xf,
    0xb0, 0x2f, 0xb0, 0x0, 0x0, 0xc, 0xf0, 0xe,
    0xd0, 0xf, 0xb0, 0x2f, 0xb0, 0x0, 0x0, 0xc,
    0xf0, 0xe, 0xd0, 0xf, 0xb0, 0x2f, 0xb0, 0x0,
    0x0, 0xc, 0xf0, 0xe, 0xd0, 0xf, 0xb0, 0x2f,
    0xb0, 0x0, 0x1a, 0xae, 0xfa, 0xaf, 0xfa, 0xaf,
    0xea, 0xbf, 0xea, 0xa1, 0x1f, 0xff, 0xff, 0xff,
    0xff, 0xff, 0xff, 0xff, 0xff, 0xf2,

    /* U+76EE "目" */
    0xcc, 0xcc, 0xcc, 0xcc, 0xcc, 0xcc, 0xcb, 0xff,
    0xff, 0xff, 0xff, 0xff, 0xff, 0xfe, 0xfe, 0x0,
    0x0, 0x0, 0x0, 0x1, 0xfe, 0xfe, 0x0, 0x0,
    0x0, 0x0, 0x1, 0xfe, 0xfe, 0x0, 0x0, 0x0,
    0x0, 0x1, 0xfe, 0xff, 0xff, 0xff, 0xff, 0xff,
    0xff, 0xfe, 0xff, 0xcc, 0xcc, 0xcc, 0xcc, 0xcc,
    0xfe, 0xfe, 0x0, 0x0, 0x0, 0x0, 0x1, 0xfe,
    0xfe, 0x0, 0x0, 0x0, 0x0, 0x1, 0xfe, 0xfe,
    0x11, 0x11, 0x11, 0x11, 0x13, 0xfe, 0xff, 0xff,
    0xff, 0xff, 0xff, 0xff, 0xfe, 0xff, 0xaa, 0xaa,
    0xaa, 0xaa, 0xab, 0xfe, 0xfe, 0x0, 0x0, 0x0,
    0x0, 0x1, 0xfe, 0xfe, 0x0, 0x0, 0x0, 0x0,
    0x1, 0xfe, 0xff, 0xcc, 0xcc, 0xcc, 0xcc, 0xcd,
    0xfe, 0xff, 0xff, 0xff, 0xff, 0xff, 0xff, 0xfe,
    0xfe, 0x0, 0x0, 0x0, 0x0, 0x1, 0xfe, 0xfe,
    0x0, 0x0, 0x0, 0x0, 0x1, 0xfe,

    /* U+76F8 "相" */
    0x0, 0x0, 0x65, 0x0, 0x0, 0x0, 0x0, 0x0,
    0x0, 0x0, 0x0, 0xe, 0xd0, 0x0, 0x7c, 0xcc,
    0xcc, 0xcc, 0xc9, 0x0, 0x0, 0xed, 0x0, 0x9,
    0xff, 0xff, 0xff, 0xff, 0xc0, 0x0, 0xe, 0xd0,
    0x0, 0x9f, 0x50, 0x0, 0x1, 0xfc, 0xa, 0xaa,
    0xff, 0xaa, 0x69, 0xf4, 0x0, 0x0, 0x1f, 0xc0,
    0xff, 0xff, 0xff, 0xf9, 0x9f, 0x40, 0x0, 0x1,
    0xfc, 0x2, 0x26, 0xfe, 0x22, 0x19, 0xff, 0xff,
    0xff, 0xff, 0xc0, 0x0, 0xaf, 0xe0, 0x0, 0x9f,
    0xdb, 0xbb, 0xbc, 0xfc, 0x0, 0xf, 0xff, 0x90,
    0x9, 0xf4, 0x0, 0x0, 0x1f, 0xc0, 0x5, 0xff,
    0xff, 0x60, 0x9f, 0x40, 0x0, 0x1, 0xfc, 0x0,
    0xcc, 0xfe, 0xbf, 0x39, 0xf5, 0x0, 0x0, 0x1f,
    0xc0, 0x4f, 0x5e, 0xd1, 0xf8, 0x9f, 0xff, 0xff,
    0xff, 0xfc, 0xd, 0xe0, 0xed, 0x5, 0x9, 0xfc,
    0xaa, 0xaa, 0xbf, 0xc5, 0xf5, 0xe, 0xd0, 0x0,
    0x9f, 0x40, 0x0, 0x1, 0xfc, 0x8, 0x0, 0xed,
    0x0, 0x9, 0xf4, 0x0, 0x0, 0x1f, 0xc0, 0x0,
    0xe, 0xd0, 0x0, 0x9f, 0xb9, 0x99, 0x9a, 0xfc,
    0x0, 0x0, 0xed, 0x0, 0x9, 0xff, 0xff, 0xff,
    0xff, 0xc0, 0x0, 0xe, 0xd0, 0x0, 0x9f, 0x61,
    0x11, 0x13, 0xfc, 0x0, 0x0, 0xed, 0x0, 0x9,
    0xf4, 0x0, 0x0, 0x1e, 0xb0, 0x0, 0x1, 0x10,
    0x0, 0x0, 0x0, 0x0, 0x0, 0x0,

    /* U+771F "真" */
    0x0, 0x0, 0x0, 0x0, 0x10, 0x0, 0x0, 0x0,
    0x0, 0x0, 0x0, 0x0, 0x0, 0xc, 0xf2, 0x0,
    0x0, 0x0, 0x0, 0x28, 0x88, 0x88, 0x88, 0xef,
    0x98, 0x88, 0x88, 0x83, 0x5, 0xff, 0xff, 0xff,
    0xff, 0xff, 0xff, 0xff, 0xff, 0x60, 0x0, 0x0,
    0x0, 0x3, 0xfa, 0x0, 0x0, 0x0, 0x0, 0x0,
    0x1, 0xdd, 0xdd, 0xef, 0xed, 0xdd, 0xdd, 0x20,
    0x0, 0x0, 0x1f, 0xd5, 0x55, 0x55, 0x55, 0x5d,
    0xf3, 0x0, 0x0, 0x1, 0xfc, 0x22, 0x22, 0x22,
    0x22, 0xcf, 0x30, 0x0, 0x0, 0x1f, 0xff, 0xff,
    0xff, 0xff, 0xff, 0xf3, 0x0, 0x0, 0x1, 0xfc,
    0x22, 0x22, 0x22, 0x22, 0xbf, 0x30, 0x0, 0x0,
    0x1f, 0xff, 0xff, 0xff, 0xff, 0xff, 0xf3, 0x0,
    0x0, 0x1, 0xfb, 0x0, 0x0, 0x0, 0x0, 0xbf,
    0x30, 0x0, 0x0, 0x1f, 0xff, 0xff, 0xff, 0xff,
    0xff, 0xf3, 0x0, 0x0, 0x1, 0xfc, 0x22, 0x22,
    0x22, 0x22, 0xbf, 0x30, 0x0, 0x89, 0xaf, 0xe9,
    0x99, 0x99, 0x99, 0x9e, 0xfb, 0x99, 0xd, 0xff,
    0xff, 0xff, 0xff, 0xff, 0xff, 0xff, 0xff, 0xe0,
    0x0, 0x0, 0x2a, 0x60, 0x0, 0x9, 0xb6, 0x10,
    0x0, 0x0, 0x15, 0xbf, 0xfb, 0x10, 0x1, 0x9e,
    0xff, 0xb4, 0x0, 0x8f, 0xff, 0xa3, 0x0, 0x0,
    0x0, 0x5, 0xbf, 0xfa, 0x1, 0x95, 0x0, 0x0,
    0x0, 0x0, 0x0, 0x0, 0x38, 0x0,

    /* U+7720 "眠" */
    0x0, 0x0, 0x0, 0x0, 0x0, 0x0, 0x0, 0x0,
    0x0, 0x7, 0xbb, 0xbb, 0xb0, 0xbf, 0xff, 0xff,
    0xff, 0xff, 0x10, 0xaf, 0xff, 0xff, 0x1b, 0xfb,
    0xbb, 0xbb, 0xbe, 0xf1, 0xa, 0xf1, 0xb, 0xf1,
    0xbf, 0x10, 0x0, 0x0, 0xcf, 0x10, 0xaf, 0x10,
    0xbf, 0x1b, 0xf1, 0x0, 0x0, 0xc, 0xf1, 0xa,
    0xf9, 0x9d, 0xf1, 0xbf, 0xdc, 0xcc, 0xcc, 0xff,
    0x10, 0xaf, 0xff, 0xff, 0x1b, 0xfe, 0xee, 0xff,
    0xee, 0xe1, 0xa, 0xf1, 0xb, 0xf1, 0xbf, 0x10,
    0xe, 0xe0, 0x0, 0x0, 0xaf, 0x10, 0xbf, 0x1b,
    0xf1, 0x0, 0xef, 0x0, 0x0, 0xa, 0xf9, 0x8d,
    0xf1, 0xbf, 0x98, 0x8f, 0xf8, 0x88, 0x80, 0xaf,
    0xff, 0xff, 0x1b, 0xff, 0xff, 0xff, 0xff, 0xfe,
    0xa, 0xf1, 0xb, 0xf1, 0xbf, 0x43, 0x3b, 0xf5,
    0x33, 0x30, 0xaf, 0x10, 0xbf, 0x1b, 0xf1, 0x0,
    0x8f, 0x50, 0x0, 0xa, 0xf1, 0xb, 0xf1, 0xbf,
    0x10, 0x5, 0xf7, 0x0, 0x0, 0xaf, 0xff, 0xff,
    0x1b, 0xf1, 0x0, 0x2f, 0xb0, 0x25, 0xa, 0xfa,
    0x99, 0x90, 0xcf, 0x10, 0x11, 0xdf, 0x4, 0xf3,
    0xaf, 0x10, 0x0, 0x1f, 0xf9, 0xdf, 0x78, 0xf6,
    0x6f, 0x11, 0x10, 0x0, 0x9, 0xff, 0xfc, 0x82,
    0x1e, 0xff, 0xd0, 0x0, 0x0, 0x0, 0x2a, 0x51,
    0x0, 0x0, 0x3d, 0xe5, 0x0,

    /* U+7801 "码" */
    0xe, 0xee, 0xee, 0xed, 0x2c, 0xcc, 0xcc, 0xcc,
    0xc3, 0x0, 0xdd, 0xff, 0xdd, 0xc2, 0xff, 0xff,
    0xff, 0xff, 0x30, 0x0, 0xe, 0xd0, 0x0, 0x0,
    0x0, 0x0, 0xb, 0xf1, 0x0, 0x3, 0xf9, 0x0,
    0x0, 0x3d, 0x60, 0x0, 0xcf, 0x0, 0x0, 0x7f,
    0x50, 0x0, 0x5, 0xf6, 0x0, 0xe, 0xe0, 0x0,
    0xb, 0xf1, 0x0, 0x0, 0x7f, 0x50, 0x0, 0xfc,
    0x0, 0x1, 0xff, 0x99, 0x94, 0x8, 0xf3, 0x0,
    0x1f, 0xa0, 0x0, 0x8f, 0xff, 0xff, 0x70, 0xaf,
    0x20, 0x4, 0xf9, 0x0, 0x2f, 0xfd, 0x14, 0xf7,
    0xc, 0xff, 0xff, 0xff, 0xff, 0xd5, 0xff, 0xd0,
    0x3f, 0x70, 0x78, 0x88, 0x88, 0x89, 0xfc, 0xc,
    0xdd, 0x3, 0xf7, 0x0, 0x0, 0x0, 0x0, 0x1f,
    0xa0, 0xc, 0xd0, 0x3f, 0x72, 0x33, 0x33, 0x33,
    0x23, 0xf9, 0x0, 0xcd, 0x3, 0xf7, 0xbf, 0xff,
    0xff, 0xfb, 0x5f, 0x70, 0xc, 0xfa, 0xbf, 0x73,
    0x55, 0x55, 0x55, 0x37, 0xf5, 0x0, 0xcf, 0xff,
    0xf7, 0x0, 0x0, 0x0, 0x0, 0xaf, 0x20, 0xc,
    0xd0, 0x0, 0x0, 0x0, 0x0, 0x0, 0xe, 0xe0,
    0x0, 0x9a, 0x0, 0x0, 0x0, 0x0, 0xb, 0xad,
    0xfa, 0x0, 0x0, 0x0, 0x0, 0x0, 0x0, 0x0,
    0xcf, 0xfb, 0x10, 0x0, 0x0, 0x0, 0x0, 0x0,
    0x0, 0x0, 0x0, 0x0, 0x0,

    /* U+7834 "破" */
    0x0, 0x0, 0x0, 0x0, 0x0, 0x0, 0x1d, 0x80,
    0x0, 0x0, 0xe, 0xee, 0xee, 0xeb, 0x0, 0x0,
    0x1f, 0x90, 0x0, 0x0, 0xb, 0xbe, 0xfc, 0xb9,
    0x0, 0x0, 0x1f, 0x90, 0x0, 0x0, 0x0, 0xe,
    0xe0, 0x0, 0x3f, 0xff, 0xff, 0xff, 0xff, 0xd0,
    0x0, 0x2f, 0xa0, 0x0, 0x3f, 0xdb, 0xbf, 0xeb,
    0xbf, 0xc0, 0x0, 0x7f, 0x60, 0x0, 0x3f, 0x70,
    0x1f, 0x90, 0x1f, 0x90, 0x0, 0xbf, 0x20, 0x0,
    0x3f, 0x70, 0x1f, 0x90, 0x5f, 0x40, 0x1, 0xff,
    0xaa, 0xa4, 0x3f, 0x70, 0x1f, 0xa0, 0x26, 0x0,
    0x8, 0xff, 0xff, 0xf5, 0x4f, 0xff, 0xff, 0xff,
    0xff, 0x50, 0x2f, 0xfd, 0x4, 0xf5, 0x4f, 0xff,
    0x99, 0x99, 0xdf, 0x10, 0x5f, 0xfd, 0x4, 0xf5,
    0x4f, 0xef, 0x40, 0x0, 0xec, 0x0, 0xb, 0xcd,
    0x4, 0xf5, 0x6f, 0x5f, 0xc0, 0x6, 0xf6, 0x0,
    0x0, 0xcd, 0x4, 0xf5, 0x8f, 0x27, 0xf8, 0x1e,
    0xd0, 0x0, 0x0, 0xcd, 0x4, 0xf5, 0xaf, 0x0,
    0xcf, 0xdf, 0x30, 0x0, 0x0, 0xcf, 0xab, 0xf6,
    0xed, 0x0, 0x2f, 0xfa, 0x0, 0x0, 0x0, 0xcf,
    0xff, 0xf8, 0xf9, 0x1, 0xcf, 0xff, 0x80, 0x0,
    0x0, 0xcd, 0x0, 0xa, 0xf5, 0x7e, 0xf9, 0x3e,
    0xfd, 0x60, 0x0, 0x9a, 0x0, 0xf, 0xd6, 0xfe,
    0x60, 0x1, 0xbf, 0xf2, 0x0, 0x0, 0x0, 0x2,
    0x30, 0x61, 0x0, 0x0, 0x3, 0x40,

    /* U+786E "确" */
    0x0, 0x0, 0x0, 0x0, 0x0, 0x39, 0x30, 0x0,
    0x0, 0x0, 0xbb, 0xbb, 0xbb, 0xa0, 0xb, 0xf5,
    0x0, 0x0, 0x0, 0xf, 0xff, 0xff, 0xfe, 0x3,
    0xff, 0xff, 0xff, 0xb0, 0x0, 0x0, 0xde, 0x0,
    0x0, 0xcf, 0x98, 0x8c, 0xf9, 0x0, 0x0, 0x1f,
    0xa0, 0x0, 0x8f, 0x90, 0x1, 0xed, 0x0, 0x0,
    0x5, 0xf6, 0x0, 0x6f, 0xfb, 0xaa, 0xdf, 0xda,
    0xa7, 0x0, 0x9f, 0x20, 0xd, 0xff, 0xff, 0xff,
    0xff, 0xff, 0xb0, 0xe, 0xfa, 0x99, 0x65, 0xfa,
    0x1, 0xf9, 0x1, 0xfb, 0x6, 0xff, 0xff, 0xf5,
    0x2f, 0xb4, 0x5f, 0xb4, 0x5f, 0xb1, 0xef, 0xe0,
    0x3f, 0x52, 0xff, 0xff, 0xff, 0xff, 0xfb, 0x3f,
    0xfe, 0x3, 0xf5, 0x2f, 0xb3, 0x4f, 0xa3, 0x4f,
    0xb0, 0xbb, 0xe0, 0x3f, 0x53, 0xf9, 0x1, 0xf9,
    0x1, 0xfb, 0x0, 0xae, 0x3, 0xf5, 0x4f, 0xed,
    0xdf, 0xed, 0xdf, 0xb0, 0xa, 0xe0, 0x3f, 0x56,
    0xfd, 0xbc, 0xfe, 0xbc, 0xfb, 0x0, 0xaf, 0xab,
    0xf5, 0x9f, 0x20, 0x1f, 0x90, 0x1f, 0xb0, 0xa,
    0xff, 0xff, 0x5e, 0xe0, 0x1, 0xf9, 0x1, 0xfb,
    0x0, 0xae, 0x0, 0x6, 0xfa, 0x0, 0x1f, 0x90,
    0x1f, 0xb0, 0x9, 0xc0, 0x1, 0xef, 0x20, 0x1,
    0xf9, 0x8b, 0xfa, 0x0, 0x0, 0x0, 0x7, 0x90,
    0x0, 0x0, 0xa, 0xfd, 0x30, 0x0, 0x0, 0x0,
    0x0, 0x0, 0x0, 0x0, 0x0, 0x0,

    /* U+788C "碌" */
    0x0, 0x0, 0x0, 0x0, 0x3, 0x33, 0x33, 0x33,
    0x32, 0x0, 0x2f, 0xff, 0xff, 0xff, 0x3f, 0xff,
    0xff, 0xff, 0xfe, 0x0, 0x1c, 0xcf, 0xfc, 0xcc,
    0x16, 0x66, 0x66, 0x66, 0xfe, 0x0, 0x0, 0x1f,
    0xb0, 0x0, 0x1, 0x11, 0x11, 0x11, 0xfd, 0x0,
    0x0, 0x4f, 0x80, 0x0, 0xc, 0xff, 0xff, 0xff,
    0xfd, 0x0, 0x0, 0x8f, 0x50, 0x0, 0x4, 0x55,
    0x55, 0x56, 0xfc, 0x0, 0x0, 0xbf, 0x20, 0x0,
    0x0, 0x0, 0x0, 0x1, 0xfb, 0x0, 0x0, 0xef,
    0xff, 0xf6, 0xdf, 0xff, 0xff, 0xff, 0xff, 0xf4,
    0x3, 0xff, 0xab, 0xf6, 0x8a, 0xaa, 0xaf, 0xda,
    0xaa, 0xa2, 0x9, 0xfe, 0x2, 0xf6, 0x7, 0x0,
    0x1f, 0x90, 0x5, 0x10, 0x1f, 0xfe, 0x2, 0xf6,
    0x5f, 0xc1, 0x1f, 0x90, 0x7f, 0xb0, 0x6f, 0xfe,
    0x2, 0xf6, 0x6, 0xfc, 0x2f, 0xd8, 0xf9, 0x0,
    0xb, 0xae, 0x2, 0xf6, 0x0, 0x74, 0xaf, 0xff,
    0x60, 0x0, 0x0, 0xae, 0x2, 0xf6, 0x0, 0x6e,
    0xff, 0xff, 0x50, 0x0, 0x0, 0xaf, 0xab, 0xf6,
    0x3c, 0xfd, 0x5f, 0xab, 0xf7, 0x0, 0x0, 0xaf,
    0xff, 0xfb, 0xff, 0xa1, 0x1f, 0x91, 0xef, 0xd3,
    0x0, 0xae, 0x0, 0x0, 0xe7, 0x0, 0x1f, 0x90,
    0x1b, 0xe1, 0x0, 0x57, 0x0, 0x0, 0x0, 0x29,
    0xbf, 0x80, 0x0, 0x20, 0x0, 0x0, 0x0, 0x0,
    0x0, 0xe, 0xfc, 0x20, 0x0, 0x0, 0x0, 0x0,
    0x0, 0x0, 0x0, 0x0, 0x0, 0x0, 0x0, 0x0,

    /* U+78BA "確" */
    0x0, 0x0, 0x0, 0x0, 0x0, 0x0, 0x5d, 0x60,
    0x0, 0x0, 0x88, 0x88, 0x88, 0x50, 0x0, 0xa,
    0xf5, 0x0, 0x0, 0xf, 0xff, 0xff, 0xfa, 0xff,
    0xff, 0xff, 0xff, 0xff, 0xb0, 0x22, 0xef, 0x32,
    0x2f, 0xca, 0xef, 0xca, 0xaa, 0xfc, 0x0, 0x1f,
    0xb0, 0x0, 0xf6, 0x2f, 0xe3, 0x82, 0xe, 0xc0,
    0x4, 0xf8, 0x0, 0x8, 0x3c, 0xf6, 0x4f, 0xa0,
    0x76, 0x0, 0x8f, 0x40, 0x0, 0x7, 0xff, 0x88,
    0xff, 0x88, 0x40, 0xc, 0xfa, 0x99, 0x37, 0xff,
    0xff, 0xff, 0xff, 0xf8, 0x2, 0xff, 0xff, 0xfd,
    0xff, 0xf1, 0x1, 0xfb, 0x0, 0x0, 0x8f, 0xf0,
    0x4f, 0xbe, 0xdf, 0x43, 0x3f, 0xc3, 0x30, 0x1f,
    0xff, 0x3, 0xf6, 0x1b, 0xff, 0xff, 0xff, 0xff,
    0x16, 0xff, 0xf0, 0x3f, 0x60, 0xbf, 0x43, 0x4f,
    0xc3, 0x30, 0xa, 0xaf, 0x3, 0xf6, 0xb, 0xf1,
    0x0, 0xfb, 0x0, 0x0, 0xa, 0xf0, 0x3f, 0x60,
    0xbf, 0xff, 0xff, 0xff, 0xf1, 0x0, 0xaf, 0x79,
    0xf6, 0xb, 0xf7, 0x77, 0xfd, 0x77, 0x0, 0xa,
    0xff, 0xff, 0x60, 0xbf, 0x10, 0xf, 0xb0, 0x0,
    0x0, 0xaf, 0x0, 0x0, 0xb, 0xff, 0xef, 0xff,
    0xee, 0xd0, 0x5, 0x70, 0x0, 0x0, 0xbf, 0xaa,
    0xaa, 0xaa, 0xa9, 0x0, 0x0, 0x0, 0x0, 0xb,
    0xf1, 0x0, 0x0, 0x0, 0x0,

    /* U+78BC "碼" */
    0x0, 0x0, 0x0, 0x0, 0x1, 0x11, 0x11, 0x11,
    0x11, 0x1, 0xff, 0xff, 0xff, 0xf5, 0xdf, 0xff,
    0xff, 0xff, 0xf9, 0x1b, 0xbf, 0xfb, 0xbb, 0x4d,
    0xe8, 0x8e, 0xf8, 0x88, 0x50, 0x0, 0xfb, 0x0,
    0x0, 0xdd, 0x0, 0xbe, 0x0, 0x0, 0x0, 0x4f,
    0x80, 0x0, 0xd, 0xff, 0xff, 0xff, 0xff, 0x10,
    0x7, 0xf5, 0x0, 0x0, 0xde, 0x88, 0xef, 0x88,
    0x80, 0x0, 0xaf, 0x20, 0x0, 0xd, 0xd0, 0xb,
    0xe0, 0x0, 0x0, 0xd, 0xfb, 0xaa, 0x70, 0xdf,
    0xdd, 0xff, 0xdd, 0xd1, 0x3, 0xff, 0xff, 0xfa,
    0xd, 0xfa, 0xae, 0xfa, 0xaa, 0x0, 0x9f, 0xe0,
    0xf, 0xa0, 0xdd, 0x0, 0xbe, 0x0, 0x0, 0x2f,
    0xfe, 0x0, 0xfa, 0xd, 0xfb, 0xbe, 0xfb, 0xbb,
    0xb7, 0xff, 0xe0, 0xf, 0xa0, 0xdf, 0xff, 0xff,
    0xff, 0xff, 0xa, 0xce, 0x0, 0xfa, 0x2, 0x0,
    0x0, 0x5, 0xd, 0xe0, 0xb, 0xe0, 0xf, 0xa5,
    0xf4, 0xb1, 0xe4, 0xb8, 0xed, 0x0, 0xbf, 0x99,
    0xfa, 0x7f, 0x1f, 0x3b, 0xa2, 0xdf, 0xc0, 0xb,
    0xff, 0xff, 0xab, 0xc0, 0xf5, 0x7d, 0x1, 0xfa,
    0x0, 0xbe, 0x0, 0x3, 0xf5, 0xf, 0x61, 0x0,
    0x3f, 0x80, 0x9, 0xb0, 0x0, 0x39, 0x0, 0x40,
    0x8, 0x9d, 0xf5, 0x0, 0x0, 0x0, 0x0, 0x0,
    0x0, 0x0, 0x9f, 0xfa, 0x0, 0x0, 0x0, 0x0,
    0x0, 0x0, 0x0, 0x0, 0x0, 0x0,

    /* U+793A "示" */
    0x0, 0xb, 0xbb, 0xbb, 0xbb, 0xbb, 0xbb, 0xbb,
    0xb1, 0x0, 0x0, 0xff, 0xff, 0xff, 0xff, 0xff,
    0xff, 0xff, 0x10, 0x0, 0x2, 0x22, 0x22, 0x22,
    0x22, 0x22, 0x22, 0x20, 0x0, 0x0, 0x0, 0x0,
    0x0, 0x0, 0x0, 0x0, 0x0, 0x0, 0x0, 0x0,
    0x0, 0x0, 0x0, 0x0, 0x0, 0x0, 0x0, 0x0,
    0xad, 0xdd, 0xdd, 0xdd, 0xdd, 0xdd, 0xdd, 0xdd,
    0xdc, 0xc, 0xff, 0xff, 0xff, 0xff, 0xff, 0xff,
    0xff, 0xff, 0xe0, 0x0, 0x0, 0x0, 0x0, 0xff,
    0x20, 0x0, 0x0, 0x0, 0x0, 0x0, 0x0, 0x0,
    0xe, 0xf1, 0x0, 0x0, 0x0, 0x0, 0x0, 0xd,
    0xc2, 0x0, 0xef, 0x10, 0x1b, 0xc0, 0x0, 0x0,
    0x5, 0xfd, 0x0, 0xe, 0xf1, 0x0, 0xdf, 0x60,
    0x0, 0x0, 0xdf, 0x60, 0x0, 0xef, 0x10, 0x4,
    0xfe, 0x10, 0x0, 0x5f, 0xe0, 0x0, 0xe, 0xf1,
    0x0, 0xb, 0xf9, 0x0, 0x2f, 0xf6, 0x0, 0x0,
    0xef, 0x10, 0x0, 0x2f, 0xf1, 0x1d, 0xfb, 0x0,
    0x0, 0xe, 0xf1, 0x0, 0x0, 0xbf, 0x80, 0x8d,
    0x10, 0x0, 0x0, 0xff, 0x10, 0x0, 0x4, 0xe7,
    0x0, 0x0, 0x4, 0xfe, 0xff, 0xf0, 0x0, 0x0,
    0x0, 0x0, 0x0, 0x0, 0xe, 0xff, 0xc4, 0x0,
    0x0, 0x0, 0x0, 0x0, 0x0, 0x0, 0x0, 0x0,
    0x0, 0x0, 0x0, 0x0, 0x0,

    /* U+79D2 "秒" */
    0x0, 0x0, 0x0, 0x57, 0x0, 0x0, 0x1f, 0xa0,
    0x0, 0x0, 0x2, 0x59, 0xcf, 0xff, 0x40, 0x0,
    0x1f, 0xb0, 0x0, 0x0, 0xb, 0xff, 0xff, 0x62,
    0x0, 0x0, 0x1f, 0xb0, 0x0, 0x0, 0x2, 0x31,
    0xdf, 0x0, 0x1, 0x73, 0x1f, 0xb1, 0x98, 0x0,
    0x0, 0x0, 0xdf, 0x0, 0x4, 0xf9, 0x1f, 0xb0,
    0xdf, 0x10, 0x5, 0x55, 0xef, 0x55, 0x37, 0xf6,
    0x1f, 0xb0, 0x6f, 0x80, 0x1f, 0xff, 0xff, 0xff,
    0xaa, 0xf3, 0x1f, 0xb0, 0xf, 0xe0, 0x6, 0x69,
    0xff, 0x76, 0x4e, 0xf0, 0x1f, 0xb0, 0xa, 0xf3,
    0x0, 0x9, 0xff, 0x90, 0x4f, 0xb0, 0x1f, 0xb0,
    0x5, 0xe5, 0x0, 0x1f, 0xff, 0xf6, 0x4d, 0x50,
    0x1f, 0xb0, 0x0, 0x0, 0x0, 0x7f, 0xff, 0x9f,
    0x40, 0x0, 0x1f, 0xb0, 0x5f, 0x70, 0x1, 0xfa,
    0xdf, 0x1e, 0x20, 0x0, 0x1f, 0xb0, 0xdf, 0x30,
    0xa, 0xf3, 0xdf, 0x1, 0x0, 0x0, 0x6, 0x46,
    0xfb, 0x0, 0x3f, 0xb0, 0xdf, 0x0, 0x0, 0x0,
    0x0, 0x5f, 0xf3, 0x0, 0xc, 0x10, 0xdf, 0x0,
    0x0, 0x0, 0x6, 0xff, 0x50, 0x0, 0x0, 0x0,
    0xdf, 0x0, 0x0, 0x4, 0xcf, 0xf6, 0x0, 0x0,
    0x0, 0x0, 0xdf, 0x0, 0x37, 0xcf, 0xfd, 0x30,
    0x0, 0x0, 0x0, 0x0, 0xdf, 0x7, 0xff, 0xfe,
    0x60, 0x0, 0x0, 0x0, 0x0, 0x0, 0xdf, 0x0,
    0xc9, 0x30, 0x0, 0x0, 0x0, 0x0,

    /* U+79F0 "称" */
    0x0, 0x0, 0x0, 0x43, 0x0, 0x56, 0x10, 0x0,
    0x0, 0x0, 0x0, 0x36, 0xae, 0xfe, 0x10, 0xcf,
    0x20, 0x0, 0x0, 0x0, 0xc, 0xff, 0xfe, 0x83,
    0x0, 0xff, 0x11, 0x11, 0x11, 0x10, 0x4, 0x64,
    0xfa, 0x0, 0x5, 0xff, 0xff, 0xff, 0xff, 0xf2,
    0x0, 0x1, 0xfa, 0x0, 0xb, 0xfb, 0xaf, 0xea,
    0xaf, 0xc0, 0x0, 0x1, 0xfa, 0x0, 0x3f, 0xd0,
    0x1f, 0xc0, 0x6f, 0x50, 0xf, 0xff, 0xff, 0xff,
    0xdf, 0x60, 0x1f, 0xc0, 0x9e, 0x0, 0xb, 0xbd,
    0xfe, 0xbb, 0xbd, 0x0, 0x1f, 0xc0, 0x0, 0x0,
    0x0, 0xa, 0xfc, 0x0, 0x3, 0xb6, 0x1f, 0xc2,
    0xc7, 0x0, 0x0, 0x1f, 0xff, 0xb0, 0x5, 0xf7,
    0x1f, 0xc1, 0xfc, 0x0, 0x0, 0x8f, 0xfd, 0xfa,
    0x9, 0xf3, 0x1f, 0xc0, 0xbf, 0x20, 0x1, 0xe9,
    0xfa, 0x8e, 0x1d, 0xf0, 0x1f, 0xc0, 0x6f, 0x70,
    0x9, 0xf3, 0xfa, 0x4, 0x2f, 0xb0, 0x1f, 0xc0,
    0x1f, 0xb0, 0x3f, 0x91, 0xfa, 0x0, 0x9f, 0x50,
    0x1f, 0xc0, 0xe, 0xe0, 0x1e, 0x11, 0xfa, 0x1,
    0xfd, 0x0, 0x1f, 0xc0, 0xa, 0xf2, 0x1, 0x1,
    0xfa, 0x0, 0x44, 0x0, 0x1f, 0xc0, 0x4, 0x40,
    0x0, 0x1, 0xfa, 0x0, 0x0, 0x0, 0x1f, 0xc0,
    0x0, 0x0, 0x0, 0x1, 0xfa, 0x0, 0x0, 0x4d,
    0xef, 0xa0, 0x0, 0x0, 0x0, 0x1, 0xfa, 0x0,
    0x0, 0xd, 0xdb, 0x20, 0x0, 0x0,

    /* U+79FB "移" */
    0x0, 0x0, 0x4, 0x91, 0x0, 0x0, 0x9b, 0x30,
    0x0, 0x0, 0x3, 0x7a, 0xef, 0xf9, 0x0, 0x7,
    0xfc, 0x0, 0x0, 0x0, 0xb, 0xff, 0xfc, 0x30,
    0x0, 0x8f, 0xff, 0xff, 0xfd, 0x10, 0x2, 0x23,
    0xf8, 0x0, 0x2b, 0xfc, 0x88, 0x8c, 0xfa, 0x0,
    0x0, 0x3, 0xf8, 0x3, 0xff, 0x85, 0x0, 0x4f,
    0xe1, 0x0, 0x0, 0x3, 0xf9, 0x0, 0x74, 0x7f,
    0xc6, 0xff, 0x50, 0x0, 0x2f, 0xff, 0xff, 0xfe,
    0x0, 0x8, 0xff, 0xe3, 0x0, 0x0, 0x1b, 0xbe,
    0xfe, 0xba, 0x3, 0x9f, 0xfe, 0x61, 0x0, 0x0,
    0x0, 0xe, 0xfd, 0x1, 0xef, 0xfc, 0x5c, 0xf5,
    0x0, 0x0, 0x0, 0x5f, 0xff, 0xb0, 0x78, 0x20,
    0xaf, 0xfa, 0xaa, 0x80, 0x0, 0xbf, 0xfc, 0xf8,
    0x0, 0xa, 0xff, 0xff, 0xff, 0xe0, 0x2, 0xf9,
    0xf8, 0xab, 0x3, 0xdf, 0xa0, 0x0, 0x8f, 0x70,
    0xa, 0xf4, 0xf8, 0x21, 0xaf, 0xf8, 0x50, 0x2,
    0xfe, 0x0, 0x4f, 0x83, 0xf8, 0x0, 0x8c, 0x28,
    0xfc, 0x3e, 0xf6, 0x0, 0x1e, 0x13, 0xf8, 0x0,
    0x0, 0x0, 0x8f, 0xff, 0x70, 0x0, 0x2, 0x3,
    0xf8, 0x0, 0x0, 0x1, 0x8f, 0xf7, 0x0, 0x0,
    0x0, 0x3, 0xf8, 0x0, 0x2, 0x7e, 0xfd, 0x40,
    0x0, 0x0, 0x0, 0x3, 0xf8, 0x5, 0xdf, 0xff,
    0x70, 0x0, 0x0, 0x0, 0x0, 0x3, 0xf8, 0x2,
    0xea, 0x50, 0x0, 0x0, 0x0, 0x0, 0x0, 0x0,
    0x0, 0x0, 0x0, 0x0, 0x0, 0x0, 0x0, 0x0,

    /* U+7A0B "程" */
    0x0, 0x0, 0x0, 0x63, 0x0, 0x0, 0x0, 0x0,
    0x0, 0x0, 0x1, 0x58, 0xcf, 0xfe, 0x1b, 0xff,
    0xff, 0xff, 0xff, 0x70, 0x1f, 0xff, 0xff, 0x61,
    0xb, 0xf8, 0x88, 0x88, 0xbf, 0x70, 0x6, 0x52,
    0xfd, 0x0, 0xb, 0xf0, 0x0, 0x0, 0x6f, 0x70,
    0x0, 0x0, 0xfd, 0x0, 0xb, 0xf0, 0x0, 0x0,
    0x6f, 0x70, 0x1, 0x11, 0xfd, 0x11, 0xb, 0xf1,
    0x0, 0x0, 0x7f, 0x70, 0x1f, 0xff, 0xff, 0xff,
    0x3b, 0xff, 0xff, 0xff, 0xff, 0x70, 0xa, 0xac,
    0xff, 0xaa, 0x26, 0x88, 0x88, 0x88, 0x88, 0x40,
    0x0, 0xa, 0xfe, 0x0, 0x0, 0x0, 0x0, 0x0,
    0x0, 0x0, 0x0, 0x2f, 0xff, 0xc1, 0x7f, 0xff,
    0xff, 0xff, 0xff, 0xf1, 0x0, 0x9f, 0xfe, 0xed,
    0x59, 0x99, 0xaf, 0xe9, 0x99, 0x90, 0x3, 0xf8,
    0xfd, 0x3f, 0x30, 0x0, 0x2f, 0xb0, 0x0, 0x0,
    0x1d, 0xf1, 0xfd, 0x2, 0x8, 0x88, 0xaf, 0xe8,
    0x88, 0x50, 0x5f, 0x90, 0xfd, 0x0, 0xf, 0xff,
    0xff, 0xff, 0xff, 0x90, 0xd, 0x10, 0xfd, 0x0,
    0x0, 0x0, 0x3f, 0xb0, 0x0, 0x0, 0x1, 0x0,
    0xfd, 0x0, 0x0, 0x0, 0x2f, 0xb0, 0x0, 0x0,
    0x0, 0x0, 0xfd, 0x0, 0x0, 0x0, 0x2f, 0xb0,
    0x0, 0x0, 0x0, 0x0, 0xfd, 0x1, 0xaa, 0xaa,
    0xbf, 0xea, 0xaa, 0xa5, 0x0, 0x0, 0xfd, 0x1,
    0xff, 0xff, 0xff, 0xff, 0xff, 0xf8,

    /* U+7A0D "稍" */
    0x0, 0x0, 0x3, 0x60, 0x0, 0x0, 0xb, 0x80,
    0x0, 0x0, 0x1, 0x58, 0xdf, 0xf4, 0x4e, 0x40,
    0x1f, 0xb0, 0xa, 0xd2, 0xb, 0xff, 0xfc, 0x40,
    0x1f, 0xd0, 0x1f, 0xb0, 0x2f, 0xd0, 0x3, 0x44,
    0xf8, 0x0, 0x8, 0xf6, 0x1f, 0xb0, 0xaf, 0x40,
    0x0, 0x2, 0xf8, 0x0, 0x1, 0xf9, 0x1f, 0xb1,
    0xeb, 0x0, 0x0, 0x3, 0xf8, 0x0, 0x1, 0x31,
    0x2f, 0xb1, 0x12, 0x0, 0x1f, 0xff, 0xff, 0xfd,
    0x1f, 0xff, 0xff, 0xff, 0xff, 0xa0, 0xb, 0xbe,
    0xfd, 0xb9, 0x1f, 0xea, 0xaa, 0xaa, 0xbf, 0xa0,
    0x0, 0xe, 0xfc, 0x0, 0x1f, 0x90, 0x0, 0x0,
    0x1f, 0xa0, 0x0, 0x4f, 0xff, 0xa0, 0x1f, 0xd9,
    0x99, 0x99, 0xaf, 0xa0, 0x0, 0xbf, 0xfb, 0xf8,
    0x1f, 0xff, 0xff, 0xff, 0xff, 0xa0, 0x2, 0xf9,
    0xf8, 0x85, 0x1f, 0x90, 0x0, 0x0, 0x1f, 0xa0,
    0xb, 0xf4, 0xf8, 0x0, 0x1f, 0xa0, 0x0, 0x0,
    0x1f, 0xa0, 0x1f, 0xa2, 0xf8, 0x0, 0x1f, 0xff,
    0xff, 0xff, 0xff, 0xa0, 0xa, 0x22, 0xf8, 0x0,
    0x1f, 0xd9, 0x99, 0x99, 0x9f, 0xa0, 0x0, 0x2,
    0xf8, 0x0, 0x1f, 0x90, 0x0, 0x0, 0x1f, 0xa0,
    0x0, 0x2, 0xf8, 0x0, 0x1f, 0x90, 0x0, 0x0,
    0x1f, 0xa0, 0x0, 0x2, 0xf8, 0x0, 0x1f, 0x90,
    0x0, 0x9d, 0xef, 0x80, 0x0, 0x2, 0xf8, 0x0,
    0x1f, 0x90, 0x0, 0x5d, 0xda, 0x10,

    /* U+7A31 "稱" */
    0x0, 0x0, 0x0, 0x30, 0x0, 0x0, 0x0, 0x0,
    0x37, 0x10, 0x0, 0x26, 0xae, 0xf9, 0x2, 0x46,
    0x8a, 0xdf, 0xff, 0xa0, 0xe, 0xff, 0xfe, 0x72,
    0x9f, 0xff, 0xed, 0xb8, 0x56, 0x10, 0x5, 0x55,
    0xf9, 0x0, 0x29, 0x60, 0x4b, 0x10, 0x2f, 0xc0,
    0x0, 0x2, 0xf9, 0x0, 0xe, 0xe1, 0x4f, 0x90,
    0xcf, 0x30, 0x0, 0x3, 0xfa, 0x0, 0x5, 0xf9,
    0xd, 0xb8, 0xf7, 0x0, 0xf, 0xff, 0xff, 0xff,
    0x10, 0x61, 0x1b, 0x60, 0x40, 0x0, 0x6, 0x6c,
    0xfc, 0x66, 0x3f, 0xff, 0xff, 0xff, 0xff, 0xc0,
    0x0, 0xd, 0xfd, 0x10, 0x2f, 0xc8, 0x9f, 0xc8,
    0x8f, 0xc0, 0x0, 0x3f, 0xff, 0xd1, 0x2f, 0x90,
    0x2f, 0x90, 0xf, 0xc0, 0x0, 0x9f, 0xfb, 0xed,
    0x3f, 0xff, 0xff, 0xff, 0xff, 0xc0, 0x1, 0xfa,
    0xf9, 0x5b, 0x2f, 0xc7, 0x8f, 0xc7, 0x7f, 0xc0,
    0x8, 0xf4, 0xf9, 0x1, 0x2f, 0x90, 0x2f, 0x90,
    0xf, 0xc0, 0x1f, 0xa2, 0xf9, 0x3, 0xaf, 0xd9,
    0xaf, 0xd9, 0x9f, 0xe8, 0xc, 0x22, 0xf9, 0x5,
    0xff, 0xff, 0xff, 0xff, 0xff, 0xfd, 0x1, 0x2,
    0xf9, 0x0, 0x2f, 0x90, 0x0, 0x0, 0xf, 0xc0,
    0x0, 0x2, 0xf9, 0x0, 0x2f, 0x90, 0x0, 0x0,
    0xf, 0xc0, 0x0, 0x2, 0xf9, 0x0, 0x2f, 0x90,
    0x0, 0x29, 0xaf, 0xb0, 0x0, 0x2, 0xf9, 0x0,
    0x2f, 0x90, 0x0, 0xe, 0xfc, 0x30, 0x0, 0x0,
    0x0, 0x0, 0x0, 0x0, 0x0, 0x0, 0x0, 0x0,

    /* U+7A7A "空" */
    0x0, 0x0, 0x0, 0x0, 0x0, 0x0, 0x0, 0x0,
    0x0, 0x0, 0x0, 0x0, 0x7, 0xf9, 0x0, 0x0,
    0x0, 0x0, 0x0, 0x0, 0x0, 0x4, 0xff, 0x10,
    0x0, 0x0, 0x0, 0x8a, 0xaa, 0xaa, 0xaa, 0xff,
    0xca, 0xaa, 0xaa, 0xa2, 0xcf, 0xff, 0xff, 0xff,
    0xff, 0xff, 0xff, 0xff, 0xf3, 0xcf, 0x10, 0x0,
    0x0, 0x0, 0x0, 0x0, 0xb, 0xf3, 0xcf, 0x10,
    0x3, 0xb2, 0x0, 0x4b, 0x30, 0xb, 0xf3, 0xcf,
    0x10, 0x9f, 0xf7, 0x0, 0xaf, 0xfa, 0x26, 0x82,
    0x1, 0x7e, 0xfe, 0x40, 0x0, 0x4, 0xdf, 0xf8,
    0x0, 0x5f, 0xff, 0xa1, 0x0, 0x0, 0x0, 0x7,
    0xff, 0xc0, 0x1e, 0xb2, 0x0, 0x0, 0x0, 0x0,
    0x0, 0x2c, 0x40, 0x1, 0x7f, 0xff, 0xff, 0xff,
    0xff, 0xff, 0xf0, 0x0, 0x0, 0x5b, 0xbb, 0xbb,
    0xff, 0xbb, 0xbb, 0xb0, 0x0, 0x0, 0x0, 0x0,
    0x1, 0xfe, 0x0, 0x0, 0x0, 0x0, 0x0, 0x0,
    0x0, 0x1, 0xfe, 0x0, 0x0, 0x0, 0x0, 0x0,
    0x0, 0x0, 0x1, 0xfe, 0x0, 0x0, 0x0, 0x0,
    0x0, 0x0, 0x0, 0x1, 0xfe, 0x0, 0x0, 0x0,
    0x0, 0x8b, 0xbb, 0xbb, 0xbb, 0xff, 0xbb, 0xbb,
    0xbb, 0xb2, 0xbf, 0xff, 0xff, 0xff, 0xff, 0xff,
    0xff, 0xff, 0xf2,

    /* U+7ACB "立" */
    0x0, 0x0, 0x0, 0x4, 0xb5, 0x0, 0x0, 0x0,
    0x0, 0x0, 0x0, 0x0, 0x0, 0x5f, 0xb0, 0x0,
    0x0, 0x0, 0x0, 0x0, 0x0, 0x0, 0x0, 0xff,
    0x10, 0x0, 0x0, 0x0, 0x0, 0x0, 0x0, 0x0,
    0xa, 0x92, 0x0, 0x0, 0x0, 0x0, 0x2f, 0xff,
    0xff, 0xff, 0xff, 0xff, 0xff, 0xff, 0xf3, 0x1,
    0xdd, 0xdd, 0xdd, 0xdd, 0xdd, 0xdd, 0xdd, 0xdd,
    0x20, 0x0, 0x0, 0x11, 0x0, 0x0, 0x0, 0x11,
    0x0, 0x0, 0x0, 0x0, 0x5f, 0xa0, 0x0, 0x0,
    0x9, 0xf9, 0x0, 0x0, 0x0, 0x2, 0xfe, 0x0,
    0x0, 0x0, 0xdf, 0x50, 0x0, 0x0, 0x0, 0xd,
    0xf2, 0x0, 0x0, 0x1f, 0xf0, 0x0, 0x0, 0x0,
    0x0, 0x9f, 0x70, 0x0, 0x6, 0xfb, 0x0, 0x0,
    0x0, 0x0, 0x5, 0xfa, 0x0, 0x0, 0xaf, 0x60,
    0x0, 0x0, 0x0, 0x0, 0x2f, 0xe0, 0x0, 0xf,
    0xf1, 0x0, 0x0, 0x0, 0x0, 0x0, 0xff, 0x10,
    0x4, 0xfc, 0x0, 0x0, 0x0, 0x0, 0x0, 0xc,
    0xf3, 0x0, 0xaf, 0x60, 0x0, 0x0, 0x0, 0x0,
    0x0, 0x21, 0x0, 0x1f, 0xf1, 0x0, 0x0, 0x0,
    0xff, 0xff, 0xff, 0xff, 0xff, 0xff, 0xff, 0xff,
    0xff, 0xd, 0xdd, 0xdd, 0xdd, 0xdd, 0xdd, 0xdd,
    0xdd, 0xdd, 0xd0,

    /* U+7AEF "端" */
    0x0, 0x6, 0x60, 0x0, 0x0, 0x0, 0x9d, 0x10,
    0x0, 0x0, 0x0, 0xc, 0xf1, 0x0, 0xad, 0x0,
    0xbf, 0x10, 0x1e, 0xa0, 0x0, 0x5, 0xf7, 0x0,
    0xbf, 0x0, 0xbf, 0x10, 0x1f, 0xb0, 0x3, 0x34,
    0xd7, 0x32, 0xbf, 0x0, 0xbf, 0x10, 0x1f, 0xb0,
    0x1f, 0xff, 0xff, 0xfa, 0xbf, 0x99, 0xef, 0xa9,
    0xaf, 0xb0, 0x8, 0x88, 0x88, 0x85, 0xbf, 0xff,
    0xff, 0xff, 0xff, 0xb0, 0x3, 0x80, 0x6, 0x90,
    0x0, 0x0, 0x0, 0x0, 0x0, 0x0, 0x6, 0xf1,
    0x9, 0xf6, 0xbb, 0xbb, 0xbb, 0xbb, 0xbb, 0xb4,
    0x3, 0xf3, 0xb, 0xd8, 0xff, 0xff, 0xff, 0xff,
    0xff, 0xf6, 0x1, 0xf6, 0xd, 0xa0, 0x0, 0x0,
    0xff, 0x0, 0x0, 0x0, 0x0, 0xf7, 0xe, 0x70,
    0x88, 0x8a, 0xfe, 0x88, 0x88, 0x80, 0x0, 0xe9,
    0x1f, 0x40, 0xff, 0xff, 0xff, 0xff, 0xff, 0xf0,
    0x0, 0xda, 0x3f, 0x20, 0xfa, 0xe, 0x80, 0xe9,
    0xb, 0xf0, 0x0, 0x64, 0x6f, 0x55, 0xfa, 0xe,
    0x80, 0xe8, 0xb, 0xf0, 0x0, 0x37, 0xdf, 0xfb,
    0xfa, 0xe, 0x80, 0xe8, 0xb, 0xf0, 0x2f, 0xff,
    0xfe, 0x94, 0xfa, 0xe, 0x80, 0xe8, 0xb, 0xf0,
    0xe, 0xb6, 0x20, 0x0, 0xfa, 0xe, 0x80, 0xe8,
    0xb, 0xf0, 0x0, 0x0, 0x0, 0x0, 0xfa, 0xe,
    0x80, 0xe9, 0x6d, 0xe0, 0x0, 0x0, 0x0, 0x0,
    0xfa, 0xc, 0x70, 0xb7, 0xdf, 0x80, 0x0, 0x0,
    0x0, 0x0, 0x0, 0x0, 0x0, 0x0, 0x0, 0x0,

    /* U+7B26 "符" */
    0x0, 0x6, 0xb4, 0x0, 0x0, 0x6, 0xc4, 0x0,
    0x0, 0x0, 0x0, 0xd, 0xf3, 0x0, 0x0, 0xd,
    0xf3, 0x0, 0x0, 0x0, 0x0, 0x4f, 0xff, 0xff,
    0xfb, 0x4f, 0xff, 0xff, 0xff, 0xf0, 0x0, 0xcf,
    0x9f, 0xf9, 0x87, 0xdf, 0x9c, 0xfc, 0x88, 0x80,
    0x8, 0xfb, 0xa, 0xf4, 0xa, 0xfa, 0x2, 0xfd,
    0x0, 0x0, 0xe, 0xf2, 0x3, 0xfa, 0x1d, 0xe1,
    0x0, 0x9d, 0x20, 0x0, 0x1, 0x50, 0x9, 0xb1,
    0x1, 0x30, 0x0, 0x38, 0x40, 0x0, 0x0, 0x0,
    0x8f, 0xa0, 0x0, 0x0, 0x0, 0x4f, 0x80, 0x0,
    0x0, 0x3, 0xfe, 0x1b, 0xcc, 0xcc, 0xcc, 0xdf,
    0xec, 0xc0, 0x0, 0x1d, 0xfb, 0xd, 0xff, 0xff,
    0xff, 0xff, 0xff, 0xf0, 0x1, 0xdf, 0xfb, 0x0,
    0x0, 0x0, 0x0, 0x4f, 0x80, 0x0, 0xc, 0xfd,
    0xfb, 0x0, 0x7d, 0x0, 0x0, 0x4f, 0x80, 0x0,
    0x8, 0xd2, 0xfb, 0x0, 0x8f, 0x90, 0x0, 0x4f,
    0x80, 0x0, 0x0, 0x11, 0xfb, 0x0, 0xd, 0xf4,
    0x0, 0x4f, 0x80, 0x0, 0x0, 0x1, 0xfb, 0x0,
    0x4, 0xfd, 0x0, 0x4f, 0x80, 0x0, 0x0, 0x1,
    0xfb, 0x0, 0x0, 0x94, 0x0, 0x4f, 0x80, 0x0,
    0x0, 0x1, 0xfb, 0x0, 0x0, 0x0, 0x0, 0x5f,
    0x80, 0x0, 0x0, 0x1, 0xfb, 0x0, 0x0, 0x9,
    0xcc, 0xef, 0x60, 0x0, 0x0, 0x1, 0xfb, 0x0,
    0x0, 0x6, 0xff, 0xea, 0x0, 0x0, 0x0, 0x0,
    0x0, 0x0, 0x0, 0x0, 0x0, 0x0, 0x0, 0x0,

    /* U+7B49 "等" */
    0x0, 0x1, 0x0, 0x0, 0x0, 0x1, 0x0, 0x0,
    0x0, 0x0, 0x0, 0xb, 0xf3, 0x0, 0x0, 0xb,
    0xf3, 0x0, 0x0, 0x0, 0x0, 0x3f, 0xf8, 0x88,
    0x86, 0x3f, 0xf8, 0x88, 0x88, 0x80, 0x0, 0xcf,
    0xff, 0xff, 0xfd, 0xdf, 0xff, 0xff, 0xff, 0xf0,
    0x9, 0xfa, 0x4f, 0x90, 0xb, 0xfb, 0xa, 0xf6,
    0x0, 0x0, 0x3f, 0xe1, 0xd, 0xe0, 0x1e, 0xf1,
    0x1, 0xfd, 0x0, 0x0, 0x3, 0x30, 0x4, 0x10,
    0xf, 0xf0, 0x0, 0x51, 0x0, 0x0, 0x0, 0x1f,
    0xff, 0xff, 0xff, 0xff, 0xff, 0xff, 0xf4, 0x0,
    0x0, 0x8, 0x88, 0x88, 0x8f, 0xf8, 0x88, 0x88,
    0x82, 0x0, 0x0, 0x0, 0x0, 0x0, 0xf, 0xf0,
    0x0, 0x0, 0x0, 0x0, 0x1f, 0xff, 0xff, 0xff,
    0xff, 0xff, 0xff, 0xff, 0xff, 0xf2, 0xa, 0xaa,
    0xaa, 0xaa, 0xaa, 0xaa, 0xaf, 0xfa, 0xaa, 0xa1,
    0x0, 0x0, 0x0, 0x0, 0x0, 0x0, 0xf, 0xf0,
    0x0, 0x0, 0x4, 0xaa, 0xaa, 0xaa, 0xaa, 0xaa,
    0xaf, 0xfa, 0xaa, 0x60, 0x5, 0xff, 0xff, 0xff,
    0xff, 0xff, 0xff, 0xff, 0xff, 0x80, 0x0, 0x0,
    0x3e, 0xa0, 0x0, 0x0, 0xf, 0xf0, 0x0, 0x0,
    0x0, 0x0, 0x1c, 0xfc, 0x0, 0x0, 0xf, 0xf0,
    0x0, 0x0, 0x0, 0x0, 0x0, 0xbf, 0xb0, 0x0,
    0xf, 0xf0, 0x0, 0x0, 0x0, 0x0, 0x0, 0xc,
    0x50, 0xbb, 0xcf, 0xd0, 0x0, 0x0, 0x0, 0x0,
    0x0, 0x0, 0x0, 0xaf, 0xfc, 0x40, 0x0, 0x0,
    0x0, 0x0, 0x0, 0x0, 0x0, 0x0, 0x0, 0x0,
    0x0, 0x0,

    /* U+7B54 "答" */
    0x0, 0x5, 0xb4, 0x0, 0x0, 0x4, 0xb4, 0x0,
    0x0, 0x0, 0x0, 0xd, 0xf4, 0x0, 0x0, 0xb,
    0xf4, 0x0, 0x0, 0x0, 0x0, 0x5f, 0xff, 0xff,
    0xfc, 0x3f, 0xff, 0xff, 0xff, 0xe0, 0x2, 0xef,
    0x9f, 0xf8, 0x87, 0xdf, 0xac, 0xfd, 0x99, 0x80,
    0xd, 0xf8, 0x9, 0xf4, 0x3, 0xe9, 0x1, 0xef,
    0x10, 0x0, 0x19, 0xb0, 0x2, 0xe6, 0x1c, 0xc2,
    0x0, 0x6c, 0x40, 0x0, 0x0, 0x0, 0x0, 0x1,
    0xcf, 0xf8, 0x0, 0x0, 0x0, 0x0, 0x0, 0x0,
    0x0, 0x4e, 0xfa, 0xbf, 0xd5, 0x0, 0x0, 0x0,
    0x0, 0x0, 0x2a, 0xff, 0x70, 0x6, 0xef, 0xd6,
    0x10, 0x0, 0x0, 0x39, 0xff, 0xfd, 0x99, 0x99,
    0xbf, 0xff, 0xfa, 0x40, 0x1c, 0xff, 0xd6, 0xff,
    0xff, 0xff, 0xff, 0x48, 0xef, 0xf3, 0x8, 0xb4,
    0x0, 0x0, 0x0, 0x0, 0x0, 0x0, 0x6, 0x50,
    0x0, 0x0, 0x9a, 0xaa, 0xaa, 0xaa, 0xaa, 0xaa,
    0x0, 0x0, 0x0, 0x0, 0xdf, 0xff, 0xff, 0xff,
    0xff, 0xfe, 0x0, 0x0, 0x0, 0x0, 0xdf, 0x0,
    0x0, 0x0, 0x0, 0xee, 0x0, 0x0, 0x0, 0x0,
    0xdf, 0x0, 0x0, 0x0, 0x0, 0xee, 0x0, 0x0,
    0x0, 0x0, 0xdf, 0xaa, 0xaa, 0xaa, 0xaa, 0xfe,
    0x0, 0x0, 0x0, 0x0, 0xdf, 0xff, 0xff, 0xff,
    0xff, 0xfe, 0x0, 0x0, 0x0, 0x0, 0xdf, 0x0,
    0x0, 0x0, 0x0, 0xdd, 0x0, 0x0,

    /* U+7B7E "签" */
    0x0, 0x5, 0xa3, 0x0, 0x0, 0x6, 0xa2, 0x0,
    0x0, 0x0, 0x0, 0xd, 0xf3, 0x0, 0x0, 0xe,
    0xf1, 0x0, 0x0, 0x0, 0x0, 0x4f, 0xff, 0xff,
    0xfb, 0x9f, 0xff, 0xff, 0xff, 0xe0, 0x0, 0xdf,
    0x9f, 0xe7, 0x7b, 0xfd, 0x7a, 0xfc, 0x77, 0x70,
    0x9, 0xf9, 0xa, 0xf2, 0x5, 0xf3, 0x0, 0xdf,
    0x10, 0x0, 0xc, 0xe1, 0x3, 0xd5, 0x4f, 0xf7,
    0x0, 0x5d, 0x60, 0x0, 0x0, 0x10, 0x0, 0x8,
    0xfd, 0xbf, 0x90, 0x0, 0x0, 0x0, 0x0, 0x0,
    0x5, 0xef, 0x80, 0x8, 0xfe, 0x70, 0x0, 0x0,
    0x0, 0x17, 0xef, 0xe4, 0x0, 0x0, 0x3d, 0xff,
    0x94, 0x0, 0xb, 0xff, 0xd7, 0xff, 0xff, 0xff,
    0xff, 0x7c, 0xff, 0xf2, 0x8, 0xc5, 0x0, 0x88,
    0x88, 0x88, 0x88, 0x10, 0x39, 0x80, 0x0, 0x0,
    0x21, 0x0, 0x2a, 0x20, 0x0, 0x8, 0x30, 0x0,
    0x0, 0x3, 0xf9, 0x0, 0x2f, 0x90, 0x0, 0x6f,
    0x80, 0x0, 0x0, 0x0, 0xdf, 0x20, 0xc, 0xf1,
    0x0, 0xdf, 0x10, 0x0, 0x0, 0x0, 0x4f, 0xa0,
    0x5, 0xf6, 0x4, 0xfa, 0x0, 0x0, 0x0, 0x0,
    0xd, 0xe0, 0x1, 0xf7, 0xc, 0xf3, 0x0, 0x0,
    0x0, 0x0, 0x3, 0x10, 0x0, 0x0, 0x5f, 0xb0,
    0x0, 0x0, 0x6, 0xaa, 0xaa, 0xaa, 0xaa, 0xaa,
    0xef, 0xda, 0xaa, 0x90, 0x9, 0xff, 0xff, 0xff,
    0xff, 0xff, 0xff, 0xff, 0xff, 0xd0,

    /* U+7B80 "简" */
    0x0, 0x2, 0xa4, 0x0, 0x0, 0x3, 0x93, 0x0,
    0x0, 0x0, 0x0, 0xaf, 0x60, 0x0, 0x0, 0xaf,
    0x60, 0x0, 0x0, 0x0, 0x3f, 0xff, 0xff, 0xfe,
    0x1f, 0xff, 0xff, 0xff, 0xc0, 0x1d, 0xf9, 0xcf,
    0xb7, 0x7c, 0xfa, 0x9f, 0xf8, 0x86, 0xc, 0xf7,
    0x2, 0xfc, 0x5, 0xfa, 0x0, 0x9f, 0x60, 0x0,
    0x48, 0x26, 0x7, 0x50, 0x3, 0x0, 0x1, 0x93,
    0x0, 0x0, 0xc, 0xf8, 0xe, 0xff, 0xff, 0xff,
    0xff, 0xff, 0x0, 0x0, 0x1d, 0xf4, 0xab, 0xbb,
    0xbb, 0xbb, 0xbf, 0xf0, 0x0, 0xa8, 0x28, 0x0,
    0x0, 0x0, 0x0, 0x0, 0xcf, 0x0, 0xf, 0xc0,
    0x9, 0xff, 0xff, 0xff, 0xb0, 0xc, 0xf0, 0x0,
    0xfc, 0x0, 0x9f, 0x77, 0x77, 0xfc, 0x0, 0xcf,
    0x0, 0xf, 0xc0, 0x9, 0xf0, 0x0, 0xe, 0xc0,
    0xc, 0xf0, 0x0, 0xfc, 0x0, 0x9f, 0xff, 0xff,
    0xfc, 0x0, 0xcf, 0x0, 0xf, 0xc0, 0x9, 0xf5,
    0x55, 0x5f, 0xc0, 0xc, 0xf0, 0x0, 0xfc, 0x0,
    0x9f, 0x11, 0x11, 0xec, 0x0, 0xcf, 0x0, 0xf,
    0xc0, 0x9, 0xff, 0xff, 0xff, 0xc0, 0xc, 0xf0,
    0x0, 0xfc, 0x0, 0x34, 0x44, 0x44, 0x43, 0x0,
    0xcf, 0x0, 0xf, 0xc0, 0x0, 0x0, 0x0, 0x0,
    0x59, 0x9f, 0xf0, 0x0, 0xfc, 0x0, 0x0, 0x0,
    0x0, 0x3, 0xff, 0xd6, 0x0,

    /* U+7BC4 "範" */
    0x0, 0x0, 0x0, 0x0, 0x0, 0x0, 0x0, 0x0,
    0x0, 0x0, 0x0, 0xc, 0xe2, 0x0, 0x0, 0xc,
    0xe1, 0x0, 0x0, 0x0, 0x0, 0x4f, 0xf8, 0x88,
    0x86, 0x5f, 0xe8, 0x88, 0x88, 0x70, 0x0, 0xdf,
    0xff, 0xff, 0xfd, 0xef, 0xff, 0xff, 0xff, 0xd0,
    0xb, 0xf8, 0x5f, 0x80, 0x1d, 0xf6, 0xb, 0xf4,
    0x0, 0x0, 0x2d, 0xc0, 0xf, 0xa0, 0x2d, 0xa0,
    0x2, 0xfb, 0x0, 0x0, 0x1, 0x20, 0x2d, 0x40,
    0x0, 0x12, 0x22, 0x84, 0x22, 0x0, 0xd, 0xee,
    0xff, 0xfe, 0xee, 0x4f, 0xff, 0xff, 0xff, 0x20,
    0x3, 0x33, 0x6f, 0x83, 0x33, 0x3f, 0xa3, 0x33,
    0xcf, 0x20, 0x6, 0xee, 0xff, 0xfe, 0xe9, 0x2f,
    0x90, 0x0, 0xaf, 0x20, 0x6, 0xf5, 0x6f, 0x84,
    0xea, 0x2f, 0x90, 0x0, 0xaf, 0x20, 0x6, 0xf4,
    0x5f, 0x83, 0xea, 0x2f, 0x90, 0x0, 0xaf, 0x20,
    0x6, 0xfe, 0xff, 0xfe, 0xfa, 0x2f, 0x90, 0x0,
    0xbf, 0x20, 0x6, 0xf4, 0x5f, 0x82, 0xea, 0x2f,
    0x90, 0xdf, 0xfe, 0x0, 0x6, 0xff, 0xff, 0xff,
    0xfa, 0x2f, 0x90, 0x48, 0x61, 0x0, 0x0, 0x0,
    0x3f, 0x60, 0x0, 0x2f, 0x90, 0x0, 0x5, 0x60,
    0x1f, 0xff, 0xff, 0xff, 0xff, 0x7f, 0x90, 0x0,
    0x8, 0xf2, 0x7, 0x77, 0x9f, 0xa7, 0x77, 0x4f,
    0xa0, 0x0, 0xa, 0xf0, 0x0, 0x0, 0x3f, 0x60,
    0x0, 0xf, 0xfc, 0xbb, 0xbf, 0xb0, 0x0, 0x0,
    0x3f, 0x60, 0x0, 0x6, 0xef, 0xff, 0xfd, 0x30,

    /* U+7C3F "簿" */
    0x0, 0x7, 0xb3, 0x0, 0x0, 0xa, 0xa0, 0x0,
    0x0, 0x0, 0x0, 0x1f, 0xf6, 0x44, 0x43, 0x4f,
    0xe5, 0x44, 0x44, 0x40, 0x0, 0x9f, 0xff, 0xff,
    0xfc, 0xdf, 0xff, 0xff, 0xff, 0xf0, 0x7, 0xfc,
    0x1e, 0xc1, 0x1c, 0xf8, 0x1e, 0xd1, 0x0, 0x0,
    0x1e, 0xe1, 0x6, 0xf4, 0x3e, 0xb1, 0x27, 0xe8,
    0xc4, 0x0, 0x1, 0x40, 0x0, 0x64, 0x46, 0x58,
    0xf9, 0x56, 0xef, 0x40, 0x0, 0xcd, 0x60, 0x9e,
    0xee, 0xef, 0xff, 0xee, 0xee, 0xc0, 0x0, 0x5d,
    0xfb, 0x3, 0x44, 0x48, 0xf8, 0x44, 0x44, 0x0,
    0x0, 0x0, 0x65, 0xd, 0xfd, 0xde, 0xfe, 0xdd,
    0xff, 0x20, 0x4, 0x50, 0x0, 0xd, 0xf6, 0x6a,
    0xfa, 0x66, 0xcf, 0x20, 0xc, 0xff, 0x90, 0xd,
    0xf5, 0x59, 0xf9, 0x55, 0xcf, 0x20, 0x0, 0x4c,
    0xa0, 0xd, 0xfe, 0xef, 0xff, 0xee, 0xff, 0x20,
    0x0, 0x0, 0x29, 0xd, 0xe0, 0x5, 0xf5, 0x0,
    0x9f, 0x20, 0x0, 0x0, 0xbf, 0x38, 0x80, 0x3,
    0x83, 0x5b, 0x98, 0x10, 0x0, 0x5, 0xfb, 0xff,
    0xff, 0xff, 0xff, 0xff, 0xff, 0xf1, 0x0, 0x1e,
    0xf2, 0x55, 0xed, 0x55, 0x55, 0xaf, 0x85, 0x50,
    0x0, 0xcf, 0x60, 0x0, 0xbf, 0x70, 0x0, 0x7f,
    0x50, 0x0, 0x5, 0xfb, 0x0, 0x0, 0xd, 0xe0,
    0x45, 0xbf, 0x40, 0x0, 0x0, 0x71, 0x0, 0x0,
    0x2, 0x10, 0x8f, 0xeb, 0x0, 0x0,

    /* U+7C64 "籤" */
    0x0, 0x0, 0x0, 0x0, 0x0, 0x0, 0x0, 0x0,
    0x0, 0x0, 0x0, 0x5, 0xe6, 0x0, 0x0, 0x5,
    0xe7, 0x0, 0x0, 0x0, 0x0, 0xd, 0xf8, 0x55,
    0x55, 0xd, 0xf9, 0x55, 0x55, 0x50, 0x0, 0x8f,
    0xff, 0xff, 0xfe, 0x7f, 0xff, 0xff, 0xff, 0xe0,
    0x7, 0xfc, 0xa, 0xf3, 0x4, 0xfe, 0x10, 0xdf,
    0x20, 0x0, 0x1d, 0xd3, 0xb6, 0x92, 0x1a, 0xb3,
    0x35, 0x48, 0x50, 0x0, 0x0, 0x1a, 0xf7, 0x0,
    0x9f, 0x50, 0x9f, 0x29, 0xf4, 0x0, 0x1, 0xbf,
    0xaf, 0x78, 0xfd, 0xf5, 0x8f, 0x30, 0xcf, 0x10,
    0x3, 0xd6, 0x29, 0x7c, 0xa2, 0xc9, 0x9f, 0x52,
    0x45, 0x20, 0x1f, 0xff, 0xff, 0xff, 0xff, 0xff,
    0xff, 0xff, 0xff, 0xf1, 0x2, 0x22, 0xae, 0x28,
    0xf3, 0x22, 0x6f, 0x82, 0x57, 0x30, 0x2, 0xdd,
    0xee, 0x7, 0xfd, 0xd9, 0x2f, 0x80, 0x9f, 0x10,
    0x0, 0x33, 0xae, 0x7, 0xf3, 0x32, 0xf, 0xb1,
    0xfa, 0x0, 0x0, 0xdd, 0xfe, 0x7, 0xfe, 0xd6,
    0xd, 0xe9, 0xf3, 0x0, 0x0, 0x22, 0xae, 0x7,
    0xf3, 0x21, 0x9, 0xff, 0x90, 0x0, 0x6, 0xdd,
    0xfe, 0x7, 0xff, 0xeb, 0x5, 0xfe, 0x10, 0x0,
    0x1, 0x33, 0xae, 0x7, 0xf2, 0x21, 0x1d, 0xfd,
    0x3, 0xc1, 0x4, 0x56, 0xcf, 0x8c, 0xfd, 0xeb,
    0xcf, 0xdf, 0x45, 0xf1, 0xe, 0xff, 0xfe, 0xdc,
    0xbb, 0xdf, 0xf6, 0x1e, 0xfe, 0xd0, 0x1, 0x10,
    0x0, 0x0, 0x0, 0x2e, 0x40, 0x3, 0xde, 0x50,
    0x0, 0x0, 0x0, 0x0, 0x0, 0x0, 0x0, 0x0,
    0x0, 0x0,

    /* U+7C73 "米" */
    0x0, 0x0, 0x0, 0x0, 0x8, 0x80, 0x0, 0x0,
    0x0, 0x0, 0x0, 0x5, 0x0, 0x0, 0xf, 0xf0,
    0x0, 0x1, 0x71, 0x0, 0x0, 0x9f, 0x90, 0x0,
    0xf, 0xf0, 0x0, 0x9, 0xfd, 0x0, 0x0, 0x1e,
    0xf4, 0x0, 0xf, 0xf0, 0x0, 0x1f, 0xf4, 0x0,
    0x0, 0x6, 0xfd, 0x0, 0xf, 0xf0, 0x0, 0xaf,
    0xa0, 0x0, 0x0, 0x0, 0xdf, 0x50, 0xf, 0xf0,
    0x5, 0xfe, 0x10, 0x0, 0x0, 0x0, 0x69, 0x20,
    0xf, 0xf0, 0x5, 0xd3, 0x0, 0x0, 0x0, 0x0,
    0x0, 0x0, 0x1f, 0xf0, 0x0, 0x10, 0x0, 0x0,
    0xe, 0xff, 0xff, 0xff, 0xff, 0xff, 0xff, 0xff,
    0xff, 0xe0, 0xc, 0xdd, 0xdd, 0xde, 0xff, 0xff,
    0xed, 0xdd, 0xdd, 0xc0, 0x0, 0x0, 0x0, 0xd,
    0xff, 0xff, 0xd0, 0x0, 0x0, 0x0, 0x0, 0x0,
    0x0, 0x9f, 0x9f, 0xf8, 0xfa, 0x0, 0x0, 0x0,
    0x0, 0x0, 0x7, 0xfb, 0xf, 0xf0, 0xbf, 0x80,
    0x0, 0x0, 0x0, 0x0, 0x6f, 0xe1, 0xf, 0xf0,
    0x1d, 0xf8, 0x0, 0x0, 0x0, 0x8, 0xff, 0x30,
    0xf, 0xf0, 0x2, 0xff, 0xa0, 0x0, 0x1, 0xaf,
    0xf5, 0x0, 0xf, 0xf0, 0x0, 0x3e, 0xfd, 0x30,
    0x2e, 0xff, 0x40, 0x0, 0xf, 0xf0, 0x0, 0x2,
    0xef, 0xf2, 0x9, 0xc2, 0x0, 0x0, 0xf, 0xf0,
    0x0, 0x0, 0x1b, 0x70, 0x0, 0x0, 0x0, 0x0,
    0xf, 0xf0, 0x0, 0x0, 0x0, 0x0,

    /* U+7C7B "类" */
    0x0, 0x3, 0x40, 0x0, 0xbf, 0x20, 0x2, 0x73,
    0x0, 0x0, 0x1, 0xef, 0x40, 0xc, 0xf2, 0x0,
    0xcf, 0x80, 0x0, 0x0, 0x3, 0xfe, 0x10, 0xcf,
    0x20, 0x7f, 0xb0, 0x0, 0x0, 0x22, 0x2a, 0xb3,
    0x2c, 0xf4, 0x28, 0xc2, 0x22, 0x20, 0x6f, 0xff,
    0xff, 0xff, 0xff, 0xff, 0xff, 0xff, 0xfe, 0x4,
    0x99, 0x99, 0x9c, 0xff, 0xff, 0xe9, 0x99, 0x99,
    0x80, 0x0, 0x0, 0x6, 0xfe, 0xef, 0xff, 0xd5,
    0x0, 0x0, 0x0, 0x0, 0x4c, 0xfd, 0x2c, 0xf3,
    0x8f, 0xfd, 0x60, 0x0, 0x39, 0xef, 0xf9, 0x0,
    0xcf, 0x20, 0x18, 0xff, 0xd5, 0x6, 0xff, 0xb3,
    0x0, 0x6, 0x81, 0x0, 0x1, 0x9f, 0x80, 0x5,
    0x10, 0x0, 0x0, 0xdf, 0x20, 0x0, 0x0, 0x31,
    0x0, 0x0, 0x0, 0x0, 0x1f, 0xf1, 0x0, 0x0,
    0x0, 0x0, 0x8f, 0xff, 0xff, 0xff, 0xff, 0xff,
    0xff, 0xff, 0xff, 0x6, 0xbb, 0xbb, 0xbb, 0xff,
    0xff, 0xcb, 0xbb, 0xbb, 0xb0, 0x0, 0x0, 0x0,
    0x7f, 0xe9, 0xfb, 0x0, 0x0, 0x0, 0x0, 0x0,
    0x2, 0xaf, 0xf4, 0xb, 0xfd, 0x50, 0x0, 0x0,
    0x3, 0x7c, 0xff, 0xe4, 0x0, 0x9, 0xff, 0xd8,
    0x41, 0xb, 0xff, 0xfe, 0x71, 0x0, 0x0, 0x4,
    0xbf, 0xff, 0xf3, 0x2b, 0x73, 0x0, 0x0, 0x0,
    0x0, 0x0, 0x16, 0x97, 0x0,

    /* U+7CFB "系" */
    0x0, 0x0, 0x0, 0x0, 0x1, 0x35, 0x8b, 0xe5,
    0x0, 0x7, 0x89, 0xbc, 0xde, 0xff, 0xff, 0xff,
    0xfb, 0x0, 0xb, 0xff, 0xff, 0xff, 0xfb, 0x97,
    0x42, 0x0, 0x0, 0x1, 0x21, 0x2, 0xef, 0x50,
    0x0, 0x31, 0x0, 0x0, 0x0, 0x0, 0x3e, 0xe4,
    0x0, 0x6, 0xfd, 0x0, 0x0, 0x0, 0x6, 0xfe,
    0x20, 0x1, 0x9f, 0xf6, 0x0, 0x0, 0x0, 0xaf,
    0xfe, 0xef, 0xff, 0xfd, 0x30, 0x0, 0x0, 0x0,
    0x8d, 0xba, 0x9f, 0xff, 0xa0, 0x16, 0x0, 0x0,
    0x0, 0x0, 0x3, 0xdf, 0xe5, 0x0, 0xaf, 0x70,
    0x0, 0x0, 0x1, 0x9f, 0xf9, 0x0, 0x0, 0x1e,
    0xf6, 0x0, 0x1, 0x8f, 0xff, 0xa8, 0x9a, 0xbc,
    0xdf, 0xff, 0x30, 0xc, 0xff, 0xff, 0xff, 0xff,
    0xdb, 0xa9, 0x9f, 0xe0, 0x5, 0x86, 0x43, 0x10,
    0xdf, 0x10, 0x0, 0x8, 0xe3, 0x0, 0x2, 0xc8,
    0x0, 0xdf, 0x11, 0xaa, 0x0, 0x10, 0x0, 0x1e,
    0xf8, 0x0, 0xdf, 0x11, 0xbf, 0xd2, 0x0, 0x3,
    0xef, 0xa0, 0x0, 0xdf, 0x10, 0x8, 0xff, 0x40,
    0x7f, 0xf9, 0x0, 0x0, 0xdf, 0x10, 0x0, 0x6f,
    0xf5, 0x1c, 0x70, 0x9, 0xdc, 0xff, 0x0, 0x0,
    0x6, 0xc2, 0x0, 0x0, 0x5, 0xff, 0xd6, 0x0,
    0x0, 0x0, 0x0,

    /* U+7D42 "終" */
    0x0, 0x0, 0x0, 0x0, 0x0, 0x0, 0x0, 0x0,
    0x0, 0x0, 0x0, 0x0, 0xd8, 0x0, 0x0, 0x9,
    0xd3, 0x0, 0x0, 0x0, 0x0, 0x6, 0xf8, 0x0,
    0x0, 0x2f, 0xe0, 0x0, 0x0, 0x0, 0x0, 0xd,
    0xf1, 0x0, 0x0, 0xaf, 0xff, 0xff, 0xfc, 0x0,
    0x0, 0x6f, 0x71, 0xc4, 0x4, 0xfe, 0xaa, 0xac,
    0xfb, 0x0, 0x1, 0xed, 0x9, 0xf8, 0x2e, 0xff,
    0x20, 0xd, 0xf3, 0x0, 0xb, 0xf6, 0x4f, 0xd2,
    0xef, 0x8f, 0xd0, 0x9f, 0xa0, 0x0, 0x3f, 0xff,
    0xff, 0x40, 0xa6, 0x6, 0xfd, 0xfc, 0x0, 0x0,
    0x9, 0x7b, 0xf9, 0x20, 0x0, 0x0, 0xdf, 0xf2,
    0x0, 0x0, 0x0, 0x3f, 0xc8, 0xf0, 0x0, 0x2c,
    0xff, 0xfe, 0x40, 0x0, 0x1, 0xee, 0x14, 0xf4,
    0x19, 0xff, 0xa1, 0x7f, 0xfa, 0x20, 0x1d, 0xfe,
    0xef, 0xf9, 0xcf, 0xe6, 0x20, 0x4, 0xdf, 0xf3,
    0xe, 0xfc, 0x96, 0xcd, 0x27, 0x5, 0xfd, 0x50,
    0x6, 0x70, 0x2, 0x0, 0x0, 0x83, 0x0, 0x0,
    0x7e, 0xfb, 0x20, 0x0, 0x7, 0xc2, 0xd3, 0xf7,
    0x0, 0x0, 0x0, 0x9d, 0x10, 0x0, 0xa, 0xe1,
    0xf5, 0xad, 0x1, 0xa5, 0x0, 0x0, 0x0, 0x0,
    0xc, 0xb0, 0xe7, 0x5f, 0x27, 0xff, 0xfa, 0x40,
    0x0, 0x0, 0x1f, 0x80, 0xd9, 0x16, 0x0, 0x16,
    0xbf, 0xfd, 0x60, 0x0, 0x3f, 0x40, 0x74, 0x0,
    0x0, 0x0, 0x2, 0x9f, 0xfa, 0x0, 0x0, 0x0,
    0x0, 0x0, 0x0, 0x0, 0x0, 0x1, 0x81, 0x0,

    /* U+7D44 "組" */
    0x0, 0x0, 0x87, 0x0, 0x0, 0x0, 0x0, 0x0,
    0x0, 0x0, 0x0, 0x2, 0xfd, 0x0, 0x4, 0xcc,
    0xcc, 0xcc, 0xcb, 0x0, 0x0, 0x9, 0xf5, 0x0,
    0x5, 0xff, 0xff, 0xff, 0xff, 0x0, 0x0, 0x2f,
    0xc0, 0x74, 0x5, 0xf6, 0x0, 0x0, 0xdf, 0x0,
    0x0, 0xcf, 0x22, 0xfe, 0x5, 0xf6, 0x0, 0x0,
    0xdf, 0x0, 0x8, 0xf8, 0x3c, 0xf5, 0x5, 0xf6,
    0x0, 0x0, 0xdf, 0x0, 0x3f, 0xff, 0xff, 0xa0,
    0x5, 0xfd, 0xbb, 0xbb, 0xff, 0x0, 0xa, 0x89,
    0xfd, 0x11, 0x5, 0xff, 0xff, 0xff, 0xff, 0x0,
    0x0, 0x1d, 0xf2, 0xbc, 0x5, 0xf6, 0x0, 0x0,
    0xdf, 0x0, 0x0, 0xcf, 0x40, 0x8f, 0x25, 0xf6,
    0x0, 0x0, 0xdf, 0x0, 0x1c, 0xff, 0xdf, 0xff,
    0x65, 0xf6, 0x0, 0x0, 0xdf, 0x0, 0xe, 0xfe,
    0xb8, 0x6e, 0xb5, 0xfc, 0xaa, 0xaa, 0xff, 0x0,
    0x2, 0x0, 0x0, 0x18, 0x5, 0xff, 0xff, 0xff,
    0xff, 0x0, 0x5, 0xa1, 0xa7, 0x8f, 0x5, 0xf6,
    0x0, 0x0, 0xdf, 0x0, 0x9, 0xf0, 0xdb, 0x4f,
    0x45, 0xf6, 0x0, 0x0, 0xdf, 0x0, 0xa, 0xe0,
    0xbd, 0xf, 0x85, 0xf6, 0x0, 0x0, 0xdf, 0x0,
    0xd, 0xc0, 0x9e, 0xb, 0x55, 0xf6, 0x0, 0x0,
    0xdf, 0x0, 0x1f, 0x80, 0x8f, 0x0, 0xbc, 0xfd,
    0xbb, 0xbb, 0xff, 0xb3, 0x2b, 0x50, 0x23, 0x0,
    0xff, 0xff, 0xff, 0xff, 0xff, 0xf4,

    /* U+7D50 "結" */
    0x0, 0x0, 0xb7, 0x0, 0x0, 0x0, 0x5e, 0x80,
    0x0, 0x0, 0x0, 0x4, 0xfb, 0x0, 0x0, 0x0,
    0x5f, 0x80, 0x0, 0x0, 0x0, 0xc, 0xf3, 0x0,
    0x1, 0x11, 0x6f, 0x91, 0x11, 0x10, 0x0, 0x4f,
    0xa0, 0x60, 0x9f, 0xff, 0xff, 0xff, 0xff, 0xf0,
    0x0, 0xde, 0x14, 0xfb, 0x6a, 0xaa, 0xcf, 0xda,
    0xaa, 0xa0, 0x9, 0xf6, 0x2d, 0xf3, 0x0, 0x0,
    0x5f, 0x80, 0x0, 0x0, 0x3f, 0xff, 0xff, 0x80,
    0x0, 0x0, 0x5f, 0x80, 0x0, 0x0, 0xa, 0x8a,
    0xfd, 0x10, 0xc, 0xcc, 0xdf, 0xec, 0xcc, 0x70,
    0x0, 0x1e, 0xe3, 0xf6, 0xf, 0xff, 0xff, 0xff,
    0xff, 0x80, 0x0, 0xcf, 0x40, 0xcb, 0x0, 0x0,
    0x0, 0x0, 0x0, 0x0, 0x1b, 0xfe, 0xce, 0xff,
    0x10, 0x0, 0x0, 0x0, 0x0, 0x0, 0xf, 0xff,
    0xdb, 0xaf, 0x4a, 0xff, 0xff, 0xff, 0xff, 0x0,
    0x4, 0x30, 0x0, 0x27, 0x1a, 0xfb, 0xaa, 0xaa,
    0xff, 0x0, 0x5, 0x91, 0xa3, 0xe7, 0xa, 0xf1,
    0x0, 0x0, 0xcf, 0x0, 0xa, 0xe0, 0xf6, 0x9d,
    0xa, 0xf1, 0x0, 0x0, 0xcf, 0x0, 0xc, 0xc0,
    0xe9, 0x5f, 0x2a, 0xf1, 0x0, 0x0, 0xcf, 0x0,
    0xf, 0x90, 0xcb, 0x1b, 0x2a, 0xff, 0xff, 0xff,
    0xff, 0x0, 0x4f, 0x60, 0x98, 0x0, 0xa, 0xfc,
    0xbb, 0xbb, 0xff, 0x0, 0x4, 0x10, 0x0, 0x0,
    0xa, 0xf1, 0x0, 0x0, 0xbe, 0x0,

    /* U+7D71 "統" */
    0x0, 0x0, 0x0, 0x0, 0x0, 0x0, 0x0, 0x0,
    0x0, 0x0, 0x0, 0x1, 0xe9, 0x0, 0x0, 0x1,
    0xeb, 0x0, 0x0, 0x0, 0x0, 0x7, 0xf8, 0x0,
    0x0, 0x0, 0xcf, 0x20, 0x0, 0x0, 0x0, 0xd,
    0xf1, 0x0, 0x79, 0x99, 0xcf, 0xc9, 0x99, 0x80,
    0x0, 0x5f, 0x81, 0xd4, 0xcf, 0xff, 0xff, 0xff,
    0xff, 0xe0, 0x0, 0xde, 0x8, 0xf8, 0x11, 0x1b,
    0xf7, 0x12, 0x21, 0x10, 0x8, 0xf7, 0x3f, 0xe0,
    0x0, 0x3f, 0xd0, 0x1e, 0xa0, 0x0, 0x3f, 0xff,
    0xff, 0x60, 0x0, 0xcf, 0x40, 0xa, 0xf4, 0x0,
    0xf, 0xdc, 0xfd, 0x0, 0x8, 0xfb, 0x24, 0x59,
    0xfd, 0x0, 0x0, 0xb, 0xf5, 0xa3, 0x9f, 0xff,
    0xff, 0xff, 0xff, 0x50, 0x0, 0x6f, 0x81, 0xf8,
    0x7f, 0xfd, 0xb9, 0x75, 0x4f, 0xd0, 0x3, 0xfd,
    0x13, 0xed, 0x12, 0x23, 0x0, 0x32, 0x8, 0x40,
    0x1f, 0xff, 0xff, 0xff, 0x10, 0xcf, 0x1, 0xfa,
    0x0, 0x0, 0xe, 0xda, 0x75, 0x6e, 0x30, 0xdf,
    0x1, 0xfa, 0x0, 0x0, 0x0, 0x0, 0x1, 0x80,
    0x0, 0xfd, 0x1, 0xfa, 0x0, 0x0, 0x8, 0xd4,
    0xf3, 0xf4, 0x2, 0xfa, 0x1, 0xfa, 0x2, 0x20,
    0xa, 0xc2, 0xf3, 0xd9, 0x7, 0xf6, 0x1, 0xfa,
    0x4, 0xf3, 0xd, 0xa0, 0xf5, 0x9a, 0x2f, 0xf1,
    0x1, 0xfa, 0x5, 0xf2, 0x1f, 0x70, 0xf7, 0x5,
    0xef, 0x60, 0x1, 0xfe, 0xad, 0xf0, 0x3e, 0x30,
    0x73, 0xd, 0xf9, 0x0, 0x0, 0x9f, 0xff, 0x80,
    0x0, 0x0, 0x0, 0x2, 0x30, 0x0, 0x0, 0x0,
    0x0, 0x0,

    /* U+7D75 "絵" */
    0x0, 0x0, 0x84, 0x0, 0x0, 0x0, 0x9, 0x50,
    0x0, 0x0, 0x0, 0x3, 0xfc, 0x0, 0x0, 0x0,
    0x6f, 0xb0, 0x0, 0x0, 0x0, 0xb, 0xf3, 0x0,
    0x0, 0x1, 0xef, 0xf4, 0x0, 0x0, 0x0, 0x2f,
    0xb0, 0x71, 0x0, 0xb, 0xf8, 0xfe, 0x20, 0x0,
    0x0, 0xcf, 0x25, 0xfd, 0x0, 0x9f, 0x90, 0x4f,
    0xd1, 0x0, 0x7, 0xf7, 0xd, 0xf3, 0x8, 0xfc,
    0x0, 0x6, 0xfe, 0x20, 0x3f, 0xff, 0xff, 0x80,
    0xaf, 0xf3, 0x0, 0x0, 0x9f, 0xf5, 0xe, 0xbc,
    0xfd, 0x1, 0xfe, 0xef, 0xff, 0xff, 0xfb, 0xf5,
    0x0, 0x1d, 0xe4, 0xd4, 0x62, 0x89, 0x99, 0x99,
    0x92, 0x50, 0x0, 0xcf, 0x30, 0xeb, 0x0, 0x0,
    0x0, 0x0, 0x0, 0x0, 0x1c, 0xfe, 0xce, 0xff,
    0x3b, 0xbb, 0xbb, 0xbb, 0xbb, 0xa0, 0xf, 0xff,
    0xca, 0x9f, 0x8f, 0xff, 0xff, 0xff, 0xff, 0xd0,
    0x4, 0x10, 0x0, 0x35, 0x0, 0x9, 0xf6, 0x0,
    0x0, 0x0, 0x6, 0xa3, 0xb3, 0xf7, 0x0, 0x2f,
    0xd0, 0x7, 0x60, 0x0, 0x9, 0xf2, 0xf4, 0xbd,
    0x0, 0xbf, 0x40, 0xb, 0xf2, 0x0, 0xc, 0xc0,
    0xf7, 0x7f, 0x15, 0xfb, 0x0, 0x2, 0xfc, 0x0,
    0xf, 0x90, 0xe9, 0x12, 0x8f, 0xfb, 0xab, 0xcd,
    0xff, 0x50, 0x3f, 0x50, 0xb6, 0x0, 0xdf, 0xff,
    0xec, 0xba, 0x8e, 0xd0, 0x4, 0x10, 0x0, 0x0,
    0x33, 0x10, 0x0, 0x0, 0x6, 0x50,

    /* U+7D93 "經" */
    0x0, 0x0, 0xb6, 0x0, 0x0, 0x0, 0x0, 0x0,
    0x0, 0x0, 0x0, 0x6, 0xf8, 0x0, 0xdf, 0xff,
    0xff, 0xff, 0xff, 0xd0, 0x0, 0xd, 0xf1, 0x0,
    0xab, 0xbb, 0xbb, 0xbb, 0xbb, 0xa0, 0x0, 0x5f,
    0x81, 0xa1, 0x2, 0x93, 0x8, 0x70, 0x49, 0x20,
    0x0, 0xdd, 0x9, 0xf5, 0xa, 0xf2, 0x4f, 0x80,
    0xde, 0x10, 0x9, 0xf7, 0x5f, 0xc0, 0x3f, 0x80,
    0xdd, 0x7, 0xf5, 0x0, 0x3f, 0xff, 0xff, 0x20,
    0xdd, 0x8, 0xf4, 0x2f, 0xb0, 0x0, 0xa, 0x7b,
    0xf8, 0x20, 0xaf, 0x24, 0xf8, 0xd, 0xe1, 0x0,
    0x0, 0x2f, 0xc4, 0xf2, 0x1e, 0xc0, 0x9f, 0x42,
    0xfb, 0x0, 0x1, 0xde, 0x10, 0xf7, 0x6, 0xf6,
    0xe, 0xd0, 0x7f, 0x60, 0x1d, 0xfe, 0xef, 0xfc,
    0x0, 0xa4, 0x5, 0x70, 0xa, 0x40, 0xe, 0xfc,
    0xa7, 0xaf, 0x49, 0x99, 0x99, 0x99, 0x99, 0x20,
    0x2, 0x0, 0x0, 0x71, 0x6f, 0xff, 0xff, 0xff,
    0xff, 0x40, 0x6, 0xb3, 0xc6, 0xf3, 0x0, 0x0,
    0x9f, 0x50, 0x0, 0x0, 0x9, 0xf2, 0xf5, 0xf7,
    0x0, 0x0, 0x8f, 0x50, 0x0, 0x0, 0xb, 0xd0,
    0xf6, 0xbb, 0x0, 0x0, 0x8f, 0x50, 0x0, 0x0,
    0xe, 0xb0, 0xf8, 0x78, 0x0, 0x0, 0x8f, 0x50,
    0x0, 0x0, 0x1f, 0x80, 0xd9, 0x4, 0xbb, 0xbb,
    0xef, 0xdb, 0xbb, 0xb0, 0x3f, 0x40, 0x31, 0x6,
    0xff, 0xff, 0xff, 0xff, 0xff, 0xf1, 0x0, 0x0,
    0x0, 0x0, 0x0, 0x0, 0x0, 0x0, 0x0, 0x0,

    /* U+7D9A "続" */
    0x0, 0x2, 0x91, 0x0, 0x0, 0x0, 0x1c, 0x80,
    0x0, 0x0, 0x0, 0x8, 0xf5, 0x0, 0x0, 0x0,
    0x2f, 0xa0, 0x0, 0x0, 0x0, 0xe, 0xd0, 0x0,
    0xbf, 0xff, 0xff, 0xff, 0xff, 0xf0, 0x0, 0x6f,
    0x60, 0x70, 0x68, 0x88, 0x9f, 0xd8, 0x88, 0x80,
    0x0, 0xec, 0x8, 0xf6, 0x0, 0x0, 0x2f, 0xa0,
    0x0, 0x0, 0x9, 0xf4, 0x2f, 0xd0, 0xf, 0xff,
    0xff, 0xff, 0xff, 0x50, 0x4f, 0xff, 0xff, 0x40,
    0x7, 0x77, 0x77, 0x77, 0x77, 0x20, 0xa, 0x8a,
    0xfb, 0x0, 0x47, 0x77, 0x77, 0x77, 0x77, 0x70,
    0x0, 0x1e, 0xf8, 0xc0, 0xaf, 0xff, 0xff, 0xff,
    0xff, 0xf0, 0x0, 0xaf, 0x54, 0xf3, 0xae, 0x0,
    0x0, 0x0, 0xa, 0xf0, 0x7, 0xfc, 0x6a, 0xf8,
    0xae, 0x1, 0x0, 0x0, 0xa, 0xf0, 0x1f, 0xfd,
    0x96, 0xcb, 0x34, 0xf, 0xb0, 0x9f, 0x23, 0x40,
    0x4, 0x10, 0x0, 0x51, 0x0, 0xf, 0xb0, 0x9f,
    0x20, 0x0, 0x2, 0x82, 0x93, 0xf4, 0x0, 0x2f,
    0xa0, 0x9f, 0x20, 0x0, 0x6, 0xf3, 0xf4, 0xc9,
    0x0, 0x6f, 0x70, 0x9f, 0x20, 0x20, 0x9, 0xe0,
    0xf6, 0x8e, 0x0, 0xdf, 0x20, 0x9f, 0x20, 0xf6,
    0xc, 0xb0, 0xe7, 0x4f, 0x19, 0xfa, 0x0, 0x9f,
    0x20, 0xf7, 0x1f, 0x70, 0xd9, 0x2, 0xbf, 0xe1,
    0x0, 0x8f, 0xba, 0xf4, 0x1a, 0x30, 0x20, 0x4,
    0xfd, 0x20, 0x0, 0x3e, 0xff, 0xc0, 0x0, 0x0,
    0x0, 0x0, 0x30, 0x0, 0x0, 0x0, 0x0, 0x0,

    /* U+7DB2 "網" */
    0x0, 0x0, 0xb5, 0x0, 0x0, 0x0, 0x0, 0x0,
    0x0, 0x0, 0x0, 0x6f, 0x70, 0xb, 0xff, 0xff,
    0xff, 0xff, 0xfc, 0x0, 0xd, 0xe0, 0x0, 0xbf,
    0xaa, 0xaa, 0xaa, 0xaf, 0xc0, 0x5, 0xf7, 0x2a,
    0x1b, 0xf0, 0x83, 0x3, 0x90, 0xec, 0x0, 0xdd,
    0xa, 0xf5, 0xbf, 0xa, 0xa0, 0x7e, 0xe, 0xc0,
    0x8f, 0x64, 0xfb, 0xb, 0xf0, 0x5f, 0xc, 0x80,
    0xec, 0x3f, 0xff, 0xff, 0x20, 0xbf, 0x48, 0xb8,
    0xfa, 0x4e, 0xc0, 0xb9, 0xbf, 0x70, 0xb, 0xf7,
    0xff, 0xff, 0xf9, 0xec, 0x0, 0x1e, 0xb4, 0xf1,
    0xbf, 0x0, 0x6f, 0x10, 0xe, 0xc0, 0xc, 0xe1,
    0x1f, 0x5b, 0xf1, 0x35, 0xf6, 0x31, 0xec, 0x1b,
    0xfe, 0xdf, 0xfa, 0xbf, 0x5f, 0xff, 0xff, 0x6e,
    0xc0, 0xef, 0xda, 0x8b, 0xdb, 0xf1, 0xcd, 0x33,
    0x31, 0xec, 0x2, 0x0, 0x0, 0x63, 0xbf, 0xa,
    0xc0, 0x0, 0xe, 0xc0, 0x6a, 0x4c, 0x5f, 0xb,
    0xf0, 0xae, 0x77, 0x72, 0xec, 0x9, 0xd4, 0xf2,
    0xf4, 0xbf, 0xa, 0xff, 0xff, 0x5e, 0xc0, 0xcb,
    0x2f, 0x3d, 0x8b, 0xf0, 0x0, 0x0, 0x0, 0xec,
    0xf, 0x81, 0xf4, 0x87, 0xbf, 0x0, 0x0, 0x0,
    0xe, 0xc3, 0xf4, 0xf, 0x50, 0xb, 0xf0, 0x0,
    0x0, 0xab, 0xfb, 0x17, 0x10, 0x0, 0x0, 0xbf,
    0x0, 0x0, 0xa, 0xec, 0x30,

    /* U+7DD2 "緒" */
    0x0, 0x1, 0xc5, 0x0, 0x0, 0x1, 0xda, 0x0,
    0x0, 0x0, 0x0, 0x8, 0xf7, 0x0, 0x0, 0x2,
    0xfc, 0x0, 0xa, 0x90, 0x0, 0xe, 0xe0, 0x0,
    0x9, 0x9a, 0xfe, 0x99, 0x5f, 0xb0, 0x0, 0x6f,
    0x71, 0xb3, 0xf, 0xff, 0xff, 0xff, 0xdf, 0x30,
    0x1, 0xed, 0x9, 0xf7, 0x0, 0x2, 0xfc, 0x7,
    0xfa, 0x0, 0xa, 0xf6, 0x5f, 0xd0, 0x0, 0x2,
    0xfc, 0x3f, 0xe1, 0x0, 0x4f, 0xff, 0xff, 0x40,
    0xbb, 0xbc, 0xfe, 0xef, 0xeb, 0xb4, 0xa, 0x7b,
    0xfa, 0x0, 0xff, 0xff, 0xff, 0xff, 0xff, 0xf6,
    0x0, 0x1f, 0xe5, 0xf1, 0x0, 0x5, 0xff, 0x80,
    0x0, 0x0, 0x0, 0xcf, 0x31, 0xf5, 0x1, 0x9f,
    0xf9, 0x10, 0x0, 0x0, 0x1b, 0xfd, 0xac, 0xfa,
    0x7e, 0xff, 0xff, 0xff, 0xff, 0x50, 0x1f, 0xff,
    0xeb, 0xde, 0xef, 0xff, 0x88, 0x88, 0xcf, 0x50,
    0x5, 0x30, 0x0, 0x76, 0x42, 0xdf, 0x0, 0x0,
    0x9f, 0x50, 0x6, 0xb2, 0xc4, 0xf7, 0x0, 0xdf,
    0xff, 0xff, 0xff, 0x50, 0xa, 0xf2, 0xf6, 0xbc,
    0x0, 0xdf, 0x77, 0x77, 0xcf, 0x50, 0xc, 0xc0,
    0xf8, 0x6f, 0x10, 0xdf, 0x0, 0x0, 0x9f, 0x50,
    0xf, 0xa0, 0xe9, 0x3c, 0x20, 0xdf, 0x99, 0x99,
    0xdf, 0x50, 0x3f, 0x60, 0xb7, 0x0, 0x0, 0xdf,
    0xff, 0xff, 0xff, 0x50, 0x6, 0x20, 0x0, 0x0,
    0x0, 0xdf, 0x0, 0x0, 0x8e, 0x40,

    /* U+7DDA "線" */
    0x0, 0x0, 0x0, 0x0, 0x0, 0x0, 0x0, 0x0,
    0x0, 0x0, 0x0, 0x2, 0xe7, 0x0, 0x0, 0x0,
    0x8e, 0x70, 0x0, 0x0, 0x0, 0x9, 0xf6, 0x0,
    0x0, 0x0, 0xdf, 0x20, 0x0, 0x0, 0x0, 0xf,
    0xe0, 0x0, 0xf, 0xff, 0xff, 0xff, 0xff, 0x20,
    0x0, 0x7f, 0x62, 0xe5, 0xf, 0xe8, 0x88, 0x88,
    0xdf, 0x20, 0x1, 0xfc, 0xa, 0xf7, 0xf, 0xc0,
    0x0, 0x0, 0xbf, 0x20, 0xb, 0xf7, 0x6f, 0xd0,
    0xf, 0xff, 0xff, 0xff, 0xff, 0x20, 0x3f, 0xff,
    0xff, 0x40, 0xf, 0xd6, 0x66, 0x66, 0xdf, 0x20,
    0xa, 0x7b, 0xf9, 0x10, 0xf, 0xc0, 0x0, 0x0,
    0xbf, 0x20, 0x0, 0x2f, 0xd8, 0xf0, 0xf, 0xff,
    0xff, 0xff, 0xff, 0x20, 0x1, 0xdf, 0x24, 0xf4,
    0x6, 0x66, 0x7f, 0xd6, 0x66, 0x0, 0x1d, 0xfe,
    0xdf, 0xf8, 0x0, 0x0, 0xf, 0xd0, 0x2c, 0x20,
    0xf, 0xfe, 0xb9, 0xeb, 0xbf, 0xff, 0x8f, 0xf5,
    0xdf, 0x50, 0x3, 0x10, 0x0, 0x82, 0x57, 0xcf,
    0x5f, 0xff, 0xe4, 0x0, 0x5, 0x93, 0xb5, 0xf1,
    0x1, 0xfe, 0x1f, 0xff, 0x40, 0x0, 0x9, 0xe4,
    0xf3, 0xf6, 0x9, 0xf6, 0xf, 0xce, 0xd0, 0x0,
    0xb, 0xb2, 0xf4, 0xc9, 0x7f, 0xc0, 0xf, 0xb5,
    0xfb, 0x0, 0xf, 0x91, 0xf5, 0x18, 0xfe, 0x10,
    0x1f, 0xb0, 0xbf, 0xd0, 0x3f, 0x50, 0xd4, 0x2,
    0xb1, 0x2b, 0xcf, 0xa0, 0xb, 0x70, 0x17, 0x10,
    0x0, 0x0, 0x0, 0xe, 0xfc, 0x30, 0x0, 0x0,

    /* U+7DE8 "編" */
    0x0, 0x0, 0x0, 0x0, 0x0, 0x0, 0x0, 0x0,
    0x0, 0x0, 0x0, 0x5d, 0x40, 0x0, 0x0, 0x7,
    0xf2, 0x0, 0x0, 0x0, 0xb, 0xf2, 0x0, 0x0,
    0x0, 0x2f, 0x80, 0x0, 0x0, 0x2, 0xfa, 0x0,
    0xd, 0xff, 0xff, 0xff, 0xff, 0xf4, 0x0, 0x8f,
    0x35, 0xd2, 0xde, 0x88, 0x88, 0x88, 0xaf, 0x40,
    0x1f, 0xa0, 0xdf, 0x1d, 0xc0, 0x0, 0x0, 0x4,
    0xf4, 0xa, 0xf4, 0x6f, 0x70, 0xdc, 0x22, 0x22,
    0x22, 0x6f, 0x43, 0xff, 0xff, 0xe0, 0xd, 0xff,
    0xff, 0xff, 0xff, 0xf4, 0xa, 0x8c, 0xf5, 0x0,
    0xdd, 0x44, 0x44, 0x44, 0x44, 0x10, 0x2, 0xfa,
    0x9b, 0xd, 0xb0, 0x0, 0x0, 0x0, 0x0, 0x0,
    0xde, 0x6, 0xf0, 0xef, 0xff, 0xff, 0xff, 0xff,
    0xe1, 0xcf, 0xdd, 0xff, 0x4e, 0xff, 0x68, 0xe5,
    0xf8, 0xae, 0xe, 0xfd, 0xb8, 0xf8, 0xff, 0xf1,
    0x4d, 0xe, 0x36, 0xe0, 0x30, 0x0, 0x27, 0x2f,
    0xff, 0x14, 0xd0, 0xe3, 0x6e, 0x7, 0xb5, 0xb9,
    0xa3, 0xfc, 0xff, 0xff, 0xff, 0xff, 0xe0, 0xad,
    0x5e, 0x5e, 0x5f, 0xaf, 0x9a, 0xf8, 0xfa, 0xbe,
    0xc, 0xb4, 0xf3, 0xfa, 0xf8, 0xf1, 0x4d, 0xe,
    0x36, 0xe0, 0xf8, 0x2f, 0x27, 0xec, 0x6f, 0x14,
    0xd0, 0xe3, 0x6e, 0x3f, 0x51, 0xc2, 0x1f, 0x76,
    0xf1, 0x3a, 0xa, 0x38, 0xe0, 0xa1, 0x0, 0x0,
    0x42, 0x6f, 0x10, 0x0, 0x4, 0xfa, 0x0, 0x0,
    0x0, 0x0, 0x0, 0x0, 0x0, 0x0, 0x0, 0x0,

    /* U+7E41 "繁" */
    0x0, 0x1d, 0x80, 0x0, 0x0, 0x0, 0x7b, 0x10,
    0x0, 0x0, 0x0, 0x9f, 0xff, 0xff, 0xff, 0x60,
    0xef, 0x66, 0x66, 0x60, 0x8, 0xfa, 0x44, 0x44,
    0x44, 0x16, 0xff, 0xff, 0xff, 0xf0, 0x1c, 0xdf,
    0xff, 0xff, 0xfa, 0x3f, 0xf5, 0x2, 0xf8, 0x0,
    0x0, 0x6f, 0xb, 0x60, 0xe9, 0xbf, 0xde, 0xb,
    0xf2, 0x0, 0x5, 0xaf, 0x35, 0xd4, 0xfa, 0x55,
    0x3f, 0xbf, 0x90, 0x0, 0xc, 0xef, 0xbe, 0xab,
    0xfd, 0xa0, 0xa, 0xff, 0x10, 0x0, 0x0, 0xbb,
    0x7, 0xa3, 0xf4, 0x3, 0xaf, 0xdf, 0xd5, 0x0,
    0x0, 0xef, 0xff, 0xff, 0xff, 0x9f, 0xd4, 0x3,
    0xdf, 0xf3, 0x0, 0x11, 0x11, 0x5d, 0xf4, 0x4,
    0x52, 0x0, 0x5, 0x70, 0x0, 0x1, 0x6c, 0xfe,
    0x86, 0x6c, 0xfc, 0x0, 0x0, 0x0, 0x0, 0x2,
    0xff, 0xfe, 0xff, 0xfc, 0x54, 0xb2, 0x0, 0x0,
    0x0, 0x0, 0x24, 0x9f, 0xfa, 0x30, 0x6, 0xff,
    0x70, 0x0, 0x0, 0x5a, 0xef, 0xff, 0xed, 0xef,
    0xff, 0xff, 0xfb, 0x0, 0x0, 0x8f, 0xec, 0xba,
    0x9c, 0xf9, 0x43, 0x21, 0x8e, 0x30, 0x0, 0x10,
    0x19, 0x81, 0x8, 0xf5, 0x9, 0xb4, 0x1, 0x0,
    0x0, 0x18, 0xff, 0x80, 0x8, 0xf5, 0x7, 0xef,
    0xc4, 0x0, 0x8, 0xff, 0xc3, 0x18, 0x8d, 0xf4,
    0x0, 0x7, 0xef, 0x80, 0x1, 0x93, 0x0, 0xc,
    0xfe, 0xa0, 0x0, 0x0, 0x17, 0x0,

    /* U+7EBF "线" */
    0x0, 0x1, 0x20, 0x0, 0x0, 0x19, 0x60, 0x10,
    0x0, 0x0, 0x0, 0x8f, 0x60, 0x0, 0x2, 0xfa,
    0x5f, 0x91, 0x0, 0x0, 0xf, 0xf1, 0x0, 0x0,
    0x2f, 0xb0, 0x8f, 0xd0, 0x0, 0x6, 0xf9, 0x0,
    0x0, 0x1, 0xfb, 0x0, 0x45, 0x10, 0x0, 0xdf,
    0x11, 0x10, 0x0, 0x4f, 0xea, 0xcf, 0xf7, 0x0,
    0x7f, 0x60, 0x9e, 0x4e, 0xff, 0xff, 0xfe, 0xc9,
    0x40, 0x2f, 0xc1, 0x4f, 0xd0, 0xcb, 0x8f, 0xe1,
    0x0, 0x0, 0xc, 0xff, 0xff, 0xf3, 0x0, 0x0,
    0xef, 0x0, 0x2, 0x50, 0x7c, 0x9c, 0xf9, 0x0,
    0x0, 0x1d, 0xfa, 0xcf, 0xff, 0x0, 0x3, 0xfc,
    0x0, 0x4b, 0xef, 0xff, 0xfe, 0xb8, 0x50, 0x1,
    0xee, 0x20, 0x25, 0xfe, 0xac, 0xf6, 0x0, 0x44,
    0x1, 0xcf, 0xdc, 0xff, 0x1, 0x0, 0x5f, 0x90,
    0x2f, 0xe1, 0x9f, 0xff, 0xda, 0x70, 0x0, 0x2,
    0xfc, 0x2e, 0xf3, 0x4, 0x84, 0x10, 0x0, 0x0,
    0x0, 0xe, 0xfe, 0xf5, 0x0, 0x0, 0x0, 0x15,
    0x90, 0x0, 0x0, 0xcf, 0xf4, 0x0, 0x0, 0x37,
    0xcf, 0xff, 0x20, 0x5, 0xef, 0xfc, 0x0, 0x91,
    0xaf, 0xff, 0xb5, 0x11, 0x7d, 0xff, 0x8d, 0xf6,
    0xf, 0x76, 0xa5, 0x0, 0x0, 0xef, 0xfa, 0x20,
    0x4f, 0xfe, 0xf3, 0x0, 0x0, 0x0, 0x3, 0x71,
    0x0, 0x0, 0x4d, 0xf9, 0x0,

    /* U+7ECF "经" */
    0x0, 0x0, 0xa3, 0x0, 0x0, 0x0, 0x0, 0x0,
    0x0, 0x0, 0x0, 0x5, 0xfb, 0x0, 0x9c, 0xcc,
    0xcc, 0xcc, 0xc5, 0x0, 0x0, 0xc, 0xf3, 0x0,
    0xbf, 0xff, 0xff, 0xff, 0xf7, 0x0, 0x0, 0x4f,
    0xb0, 0x0, 0x0, 0x0, 0x0, 0x8f, 0xd0, 0x0,
    0x0, 0xcf, 0x20, 0x71, 0x0, 0x0, 0x8, 0xfe,
    0x20, 0x0, 0x6, 0xf8, 0x4, 0xfd, 0x0, 0x1,
    0xaf, 0xf3, 0x0, 0x0, 0x4f, 0xf7, 0x8e, 0xf4,
    0x0, 0x5e, 0xff, 0xf9, 0x20, 0x0, 0x7f, 0xff,
    0xff, 0x90, 0x6d, 0xff, 0x96, 0xdf, 0xfa, 0x10,
    0x17, 0x47, 0xfd, 0xc, 0xff, 0xc3, 0x0, 0x5,
    0xdf, 0xe0, 0x0, 0x2f, 0xe2, 0x3, 0x93, 0x0,
    0x0, 0x0, 0x7, 0x50, 0x2, 0xef, 0x65, 0x84,
    0x6a, 0xaa, 0xaa, 0xaa, 0xaa, 0x10, 0x3e, 0xff,
    0xff, 0xf6, 0x9f, 0xff, 0xff, 0xff, 0xff, 0x10,
    0x4f, 0xff, 0xc8, 0x51, 0x0, 0x0, 0xcf, 0x20,
    0x0, 0x0, 0x8, 0x40, 0x0, 0x0, 0x0, 0x0,
    0xcf, 0x10, 0x0, 0x0, 0x0, 0x0, 0x0, 0x42,
    0x0, 0x0, 0xcf, 0x10, 0x0, 0x0, 0x0, 0x37,
    0xbf, 0xf5, 0x0, 0x0, 0xcf, 0x10, 0x0, 0x0,
    0x5f, 0xff, 0xff, 0xc3, 0x0, 0x0, 0xcf, 0x10,
    0x0, 0x0, 0x4f, 0xea, 0x51, 0x9, 0xcc, 0xcc,
    0xff, 0xcc, 0xcc, 0xc0, 0x13, 0x0, 0x0, 0xc,
    0xff, 0xff, 0xff, 0xff, 0xff, 0xf1,

    /* U+7ED3 "结" */
    0x0, 0x0, 0x94, 0x0, 0x0, 0x0, 0x5e, 0x80,
    0x0, 0x0, 0x0, 0x4f, 0xe0, 0x0, 0x0, 0x5,
    0xf9, 0x0, 0x0, 0x0, 0xb, 0xf7, 0x0, 0x11,
    0x11, 0x6f, 0xa1, 0x11, 0x10, 0x3, 0xfe, 0x0,
    0xc, 0xff, 0xff, 0xff, 0xff, 0xff, 0x0, 0xbf,
    0x60, 0x41, 0x9b, 0xbb, 0xdf, 0xeb, 0xbb, 0xb0,
    0x5f, 0xb0, 0x2f, 0xe1, 0x0, 0x5, 0xf9, 0x0,
    0x0, 0x3f, 0xfa, 0x9d, 0xf8, 0x0, 0x0, 0x5f,
    0x90, 0x0, 0x3, 0xff, 0xff, 0xfd, 0x3, 0xcc,
    0xcd, 0xfe, 0xcc, 0xc7, 0x6, 0x35, 0xff, 0x30,
    0x4f, 0xff, 0xff, 0xff, 0xff, 0x90, 0x1, 0xdf,
    0x50, 0x0, 0x0, 0x0, 0x0, 0x0, 0x0, 0x0,
    0xcf, 0x82, 0x57, 0x0, 0x0, 0x0, 0x0, 0x0,
    0x1, 0xcf, 0xff, 0xff, 0xf1, 0xcf, 0xff, 0xff,
    0xff, 0xf2, 0x1f, 0xfe, 0xb8, 0x53, 0xc, 0xfb,
    0xaa, 0xaa, 0xef, 0x20, 0x52, 0x0, 0x0, 0x0,
    0xcf, 0x0, 0x0, 0xc, 0xf2, 0x0, 0x0, 0x1,
    0x47, 0x1c, 0xf0, 0x0, 0x0, 0xcf, 0x21, 0x58,
    0xbe, 0xff, 0xf3, 0xcf, 0x0, 0x0, 0xc, 0xf2,
    0x4f, 0xff, 0xea, 0x73, 0xc, 0xff, 0xff, 0xff,
    0xff, 0x21, 0x85, 0x10, 0x0, 0x0, 0xcf, 0xcb,
    0xbb, 0xbf, 0xf2, 0x0, 0x0, 0x0, 0x0, 0xc,
    0xf0, 0x0, 0x0, 0xbe, 0x20,

    /* U+7EDC "络" */
    0x0, 0x0, 0x0, 0x0, 0x0, 0x0, 0x0, 0x0,
    0x0, 0x0, 0x0, 0x0, 0x85, 0x0, 0x0, 0x1f,
    0xb0, 0x0, 0x0, 0x0, 0x0, 0x2, 0xff, 0x10,
    0x0, 0x8f, 0x70, 0x0, 0x0, 0x0, 0x0, 0x8,
    0xf8, 0x0, 0x1, 0xff, 0xff, 0xff, 0xff, 0x40,
    0x0, 0x1f, 0xf1, 0x0, 0xc, 0xfc, 0xbb, 0xbb,
    0xff, 0x20, 0x0, 0x8f, 0x60, 0x50, 0xaf, 0xfa,
    0x0, 0x8, 0xf8, 0x0, 0x2, 0xfc, 0x3, 0xfe,
    0xfe, 0xaf, 0x60, 0x5f, 0xd0, 0x0, 0x2d, 0xfa,
    0x8d, 0xf5, 0xc2, 0xc, 0xfa, 0xfe, 0x10, 0x0,
    0x2f, 0xff, 0xff, 0x90, 0x0, 0x3, 0xff, 0xf3,
    0x0, 0x0, 0x6, 0x45, 0xfd, 0x0, 0x1, 0x8f,
    0xfe, 0xff, 0x81, 0x0, 0x0, 0x1d, 0xf2, 0x4,
    0xcf, 0xfe, 0x50, 0x5e, 0xff, 0xc2, 0x0, 0xcf,
    0xa7, 0xa9, 0xfd, 0x70, 0x0, 0x0, 0x6d, 0xf0,
    0x1c, 0xff, 0xff, 0xf6, 0x3c, 0xff, 0xff, 0xff,
    0xfd, 0x10, 0xe, 0xfc, 0x84, 0x0, 0xc, 0xfb,
    0xbb, 0xbb, 0xfe, 0x0, 0x4, 0x10, 0x0, 0x0,
    0xc, 0xe0, 0x0, 0x0, 0xee, 0x0, 0x0, 0x0,
    0x27, 0xca, 0xc, 0xe0, 0x0, 0x0, 0xee, 0x0,
    0x3, 0x8d, 0xff, 0xf9, 0xc, 0xe0, 0x0, 0x0,
    0xee, 0x0, 0x1f, 0xff, 0xc6, 0x10, 0xc, 0xff,
    0xff, 0xff, 0xfe, 0x0, 0xb, 0x72, 0x0, 0x0,
    0xc, 0xfa, 0xaa, 0xaa, 0xfe, 0x0, 0x0, 0x0,
    0x0, 0x0, 0xc, 0xe0, 0x0, 0x0, 0xed, 0x0,

    /* U+7EDF "统" */
    0x0, 0x0, 0xb6, 0x0, 0x0, 0x1, 0xaa, 0x0,
    0x0, 0x0, 0x0, 0x3, 0xff, 0x10, 0x0, 0x0,
    0xdf, 0x30, 0x0, 0x0, 0x0, 0xa, 0xf8, 0x0,
    0x0, 0x0, 0x7e, 0x60, 0x0, 0x0, 0x0, 0x1f,
    0xf1, 0x0, 0xef, 0xff, 0xff, 0xff, 0xff, 0xf0,
    0x0, 0x8f, 0x80, 0x71, 0x9a, 0xae, 0xfd, 0xaa,
    0xaa, 0xa0, 0x1, 0xfd, 0x5, 0xfc, 0x0, 0x2f,
    0xf2, 0x3, 0x30, 0x0, 0xc, 0xf8, 0x5d, 0xf4,
    0x0, 0xcf, 0x60, 0x1f, 0xe0, 0x0, 0x5f, 0xff,
    0xff, 0xb0, 0x8, 0xfc, 0x0, 0x7, 0xf8, 0x0,
    0xe, 0xca, 0xff, 0x21, 0x8f, 0xfa, 0x9b, 0xce,
    0xff, 0x20, 0x0, 0xa, 0xf7, 0x2, 0xff, 0xff,
    0xff, 0xfd, 0xcf, 0xa0, 0x0, 0x6f, 0xc0, 0x0,
    0xb9, 0xa8, 0x32, 0x43, 0xd, 0xb0, 0x3, 0xff,
    0xab, 0xf6, 0x0, 0xfd, 0x2, 0xfa, 0x1, 0x0,
    0x2f, 0xff, 0xff, 0xb4, 0x1, 0xfc, 0x2, 0xfa,
    0x0, 0x0, 0xd, 0xb7, 0x30, 0x0, 0x3, 0xfb,
    0x2, 0xfa, 0x0, 0x0, 0x0, 0x0, 0x0, 0x43,
    0x7, 0xf7, 0x2, 0xfa, 0x2, 0x20, 0x0, 0x5,
    0xaf, 0xf9, 0xd, 0xf3, 0x2, 0xfa, 0x5, 0xf3,
    0x1b, 0xff, 0xfd, 0x72, 0x9f, 0xc0, 0x2, 0xfb,
    0x6, 0xf2, 0xf, 0xe8, 0x30, 0x3d, 0xff, 0x20,
    0x2, 0xfe, 0x9d, 0xf0, 0x3, 0x0, 0x0, 0x2f,
    0xd3, 0x0, 0x0, 0xaf, 0xff, 0x70, 0x0, 0x0,
    0x0, 0x2, 0x0, 0x0, 0x0, 0x0, 0x0, 0x0,

    /* U+7EEA "绪" */
    0x0, 0x1, 0xa3, 0x0, 0x0, 0x7, 0xd3, 0x0,
    0x0, 0x0, 0x0, 0x7, 0xf8, 0x0, 0x0, 0x8,
    0xf3, 0x0, 0x3b, 0x40, 0x0, 0xd, 0xf1, 0x0,
    0x69, 0x9d, 0xfb, 0x97, 0xcf, 0x40, 0x0, 0x4f,
    0x90, 0x0, 0xaf, 0xff, 0xff, 0xff, 0xfb, 0x0,
    0x0, 0xbf, 0x10, 0x60, 0x0, 0x9, 0xf4, 0x2e,
    0xf2, 0x0, 0x4, 0xf7, 0x6, 0xf8, 0x0, 0x8,
    0xf4, 0xcf, 0x60, 0x0, 0x2e, 0xe5, 0x7e, 0xe8,
    0xbb, 0xbe, 0xfd, 0xff, 0xbb, 0xb0, 0x5f, 0xff,
    0xff, 0x5a, 0xff, 0xff, 0xff, 0xff, 0xff, 0xf1,
    0x7, 0x46, 0xfb, 0x0, 0x0, 0x1b, 0xfd, 0x10,
    0x0, 0x0, 0x0, 0x1e, 0xe1, 0x0, 0x3, 0xef,
    0xe2, 0x0, 0x0, 0x0, 0x0, 0xbf, 0x40, 0x21,
    0x9f, 0xff, 0xff, 0xff, 0xff, 0x0, 0x9, 0xff,
    0xdf, 0xee, 0xff, 0xfb, 0x88, 0x88, 0xef, 0x0,
    0x3f, 0xfd, 0xa7, 0x44, 0x76, 0xf6, 0x0, 0x0,
    0xdf, 0x0, 0x4, 0x10, 0x0, 0x0, 0x5, 0xff,
    0xff, 0xff, 0xff, 0x0, 0x0, 0x0, 0x4, 0x86,
    0x5, 0xfb, 0x88, 0x88, 0xef, 0x0, 0x15, 0x9c,
    0xff, 0xfa, 0x5, 0xf6, 0x0, 0x0, 0xdf, 0x0,
    0x4f, 0xff, 0xc8, 0x30, 0x5, 0xfc, 0x99, 0x99,
    0xff, 0x0, 0x19, 0x40, 0x0, 0x0, 0x5, 0xff,
    0xff, 0xff, 0xff, 0x0, 0x0, 0x0, 0x0, 0x0,
    0x5, 0xf6, 0x0, 0x0, 0xce, 0x0,

    /* U+7F16 "编" */
    0x0, 0x1, 0x93, 0x0, 0x0, 0x0, 0x5b, 0x20,
    0x0, 0x0, 0x0, 0x6f, 0x80, 0x0, 0x0, 0x7,
    0xf9, 0x0, 0x0, 0x0, 0xc, 0xf1, 0x0, 0x79,
    0x99, 0xaf, 0xf9, 0x99, 0x60, 0x2, 0xfa, 0x0,
    0xc, 0xff, 0xff, 0xff, 0xff, 0xfa, 0x0, 0xaf,
    0x13, 0x60, 0xce, 0x0, 0x0, 0x0, 0x1f, 0xa0,
    0x3f, 0x70, 0xbf, 0x2c, 0xf8, 0x88, 0x88, 0x88,
    0xfa, 0x1d, 0xf9, 0xaf, 0x80, 0xdf, 0xff, 0xff,
    0xff, 0xff, 0xa2, 0xff, 0xff, 0xe1, 0xd, 0xe0,
    0x0, 0x0, 0x0, 0x0, 0x5, 0x28, 0xf6, 0x0,
    0xde, 0x77, 0x77, 0x77, 0x77, 0x70, 0x2, 0xfb,
    0x0, 0xe, 0xff, 0xff, 0xff, 0xff, 0xfe, 0x0,
    0xcf, 0x56, 0x70, 0xff, 0xf4, 0x5e, 0xe, 0x48,
    0xe0, 0xbf, 0xff, 0xfc, 0x1f, 0xdf, 0x44, 0xe0,
    0xe4, 0x8e, 0xe, 0xfc, 0x73, 0x3, 0xfb, 0xf6,
    0x6f, 0x3f, 0x6a, 0xe0, 0x30, 0x0, 0x3, 0x6f,
    0x8f, 0xff, 0xff, 0xff, 0xfe, 0x0, 0x2, 0x9f,
    0xca, 0xf5, 0xf7, 0x7f, 0x4f, 0x7a, 0xe0, 0x6c,
    0xff, 0xc5, 0xec, 0x4f, 0x44, 0xe0, 0xe4, 0x8e,
    0x2f, 0xfb, 0x40, 0x5f, 0x64, 0xf4, 0x4e, 0xe,
    0x48, 0xe0, 0x82, 0x0, 0xb, 0xf0, 0x4f, 0x44,
    0xd0, 0xc6, 0xbe, 0x0, 0x0, 0x0, 0x5, 0x4,
    0xf4, 0x0, 0x0, 0x4e, 0x80, 0x0, 0x0, 0x0,
    0x0, 0x0, 0x0, 0x0, 0x0, 0x0,

    /* U+7F3A "缺" */
    0x0, 0x0, 0x0, 0x0, 0x0, 0x0, 0x0, 0x0,
    0x0, 0x0, 0x0, 0xad, 0x0, 0x0, 0x0, 0x0,
    0xaf, 0x20, 0x0, 0x0, 0x0, 0xec, 0x0, 0x0,
    0x0, 0x0, 0xaf, 0x20, 0x0, 0x0, 0x2, 0xfe,
    0xcc, 0xcc, 0x80, 0x0, 0xaf, 0x20, 0x0, 0x0,
    0x7, 0xfd, 0xff, 0xdd, 0x91, 0xbb, 0xef, 0xcb,
    0xbb, 0x0, 0xe, 0xd0, 0xdd, 0x0, 0x1, 0xff,
    0xff, 0xff, 0xfe, 0x0, 0x4f, 0x60, 0xdd, 0x0,
    0x0, 0x0, 0xaf, 0x30, 0xde, 0x0, 0x4, 0x0,
    0xdd, 0x0, 0x0, 0x0, 0xaf, 0x20, 0xde, 0x0,
    0x1a, 0xaa, 0xff, 0xaa, 0xa0, 0x0, 0xaf, 0x20,
    0xde, 0x0, 0x2f, 0xff, 0xff, 0xff, 0xf0, 0x0,
    0xaf, 0x20, 0xde, 0x0, 0x0, 0x0, 0xde, 0x0,
    0x7, 0xcc, 0xef, 0xdc, 0xff, 0xc0, 0x9, 0xc0,
    0xdd, 0xb, 0xa7, 0xcc, 0xff, 0xfd, 0xcc, 0xc0,
    0x9, 0xd0, 0xdd, 0xc, 0xb0, 0x0, 0xff, 0xf7,
    0x0, 0x0, 0x9, 0xd0, 0xdd, 0xc, 0xb0, 0x3,
    0xfd, 0xfe, 0x0, 0x0, 0x9, 0xd0, 0xdd, 0xc,
    0xb0, 0x9, 0xf6, 0xaf, 0x70, 0x0, 0x9, 0xd0,
    0xde, 0x4d, 0xb0, 0x1f, 0xf1, 0x2f, 0xe1, 0x0,
    0x9, 0xff, 0xff, 0xff, 0xb0, 0xaf, 0x90, 0xa,
    0xfc, 0x0, 0x8, 0xb9, 0x64, 0x1c, 0xb8, 0xfe,
    0x10, 0x1, 0xdf, 0xd2, 0x0, 0x0, 0x0, 0x0,
    0x1b, 0xf3, 0x0, 0x0, 0x2d, 0xd1, 0x0, 0x0,
    0x0, 0x0, 0x0, 0x20, 0x0, 0x0, 0x0, 0x20,

    /* U+7F51 "网" */
    0x1b, 0xbb, 0xbb, 0xbb, 0xbb, 0xbb, 0xbb, 0xbb,
    0xb9, 0x1f, 0xff, 0xff, 0xff, 0xff, 0xff, 0xff,
    0xff, 0xfd, 0x1f, 0xc0, 0x0, 0x0, 0x0, 0x0,
    0x0, 0x1, 0xfd, 0x1f, 0xc0, 0x0, 0xb, 0x80,
    0x0, 0x2a, 0x41, 0xfd, 0x1f, 0xc0, 0x20, 0x1f,
    0xa0, 0x10, 0x6f, 0x51, 0xfd, 0x1f, 0xca, 0xe1,
    0x4f, 0x6c, 0xb0, 0x9f, 0x31, 0xfd, 0x1f, 0xc4,
    0xfc, 0x8f, 0x38, 0xf8, 0xcf, 0x1, 0xfd, 0x1f,
    0xc0, 0x8f, 0xff, 0x0, 0xbf, 0xfc, 0x1, 0xfd,
    0x1f, 0xc0, 0xb, 0xfc, 0x0, 0x1e, 0xf8, 0x1,
    0xfd, 0x1f, 0xc0, 0x5, 0xff, 0x20, 0xa, 0xfb,
    0x1, 0xfd, 0x1f, 0xc0, 0xc, 0xff, 0xc0, 0x1f,
    0xff, 0x51, 0xfd, 0x1f, 0xc0, 0x3f, 0xb9, 0xf6,
    0x7f, 0x8f, 0xe1, 0xfd, 0x1f, 0xc0, 0xcf, 0x31,
    0xc3, 0xee, 0x7, 0xf5, 0xfd, 0x1f, 0xc8, 0xfa,
    0x0, 0xc, 0xf6, 0x0, 0x51, 0xfd, 0x1f, 0xdf,
    0xe1, 0x0, 0x7f, 0xb0, 0x0, 0x1, 0xfd, 0x1f,
    0xc2, 0x30, 0x0, 0x7, 0x10, 0x0, 0x1, 0xfd,
    0x1f, 0xc0, 0x0, 0x0, 0x0, 0x0, 0x8d, 0xde,
    0xfa, 0x1f, 0xc0, 0x0, 0x0, 0x0, 0x0, 0x3f,
    0xfe, 0xb1,

    /* U+7F6E "置" */
    0x1, 0x22, 0x22, 0x22, 0x22, 0x22, 0x22, 0x22,
    0x20, 0xc, 0xff, 0xff, 0xff, 0xff, 0xff, 0xff,
    0xff, 0xf0, 0xc, 0xf3, 0x25, 0xfa, 0x22, 0xaf,
    0x42, 0x2f, 0xf0, 0xc, 0xf5, 0x47, 0xfb, 0x44,
    0xbf, 0x64, 0x4f, 0xf0, 0xc, 0xff, 0xff, 0xff,
    0xff, 0xff, 0xff, 0xff, 0xf0, 0x0, 0x0, 0x0,
    0x2, 0xfc, 0x0, 0x0, 0x0, 0x0, 0xaf, 0xff,
    0xff, 0xff, 0xff, 0xff, 0xff, 0xff, 0xf7, 0x46,
    0x66, 0x66, 0x6b, 0xfa, 0x66, 0x66, 0x66, 0x63,
    0x0, 0x15, 0x55, 0x5b, 0xf7, 0x55, 0x55, 0x51,
    0x0, 0x0, 0x5f, 0xed, 0xdd, 0xdd, 0xdd, 0xdf,
    0xf5, 0x0, 0x0, 0x5f, 0x72, 0x22, 0x22, 0x22,
    0x29, 0xf5, 0x0, 0x0, 0x5f, 0xed, 0xdd, 0xdd,
    0xdd, 0xdf, 0xf5, 0x0, 0x0, 0x5f, 0x72, 0x22,
    0x22, 0x22, 0x29, 0xf5, 0x0, 0x0, 0x5f, 0xed,
    0xdd, 0xdd, 0xdd, 0xdf, 0xf5, 0x0, 0x0, 0x5f,
    0x71, 0x11, 0x11, 0x11, 0x18, 0xf5, 0x0, 0x0,
    0x5f, 0xfe, 0xee, 0xee, 0xee, 0xef, 0xf5, 0x0,
    0x0, 0x5f, 0x60, 0x0, 0x0, 0x0, 0x8, 0xf5,
    0x0, 0x56, 0x9f, 0xa6, 0x66, 0x66, 0x66, 0x6b,
    0xf9, 0x66, 0xef, 0xff, 0xff, 0xff, 0xff, 0xff,
    0xff, 0xff, 0xff,

    /* U+7F8E "美" */
    0x0, 0x0, 0x28, 0x50, 0x0, 0x0, 0x7, 0x82,
    0x0, 0x0, 0x0, 0x0, 0x2f, 0xf2, 0x0, 0x0,
    0x2f, 0xf2, 0x0, 0x0, 0x0, 0x0, 0x8, 0xf8,
    0x0, 0x0, 0xbf, 0x70, 0x0, 0x0, 0x1, 0xff,
    0xff, 0xff, 0xff, 0xff, 0xff, 0xff, 0xff, 0x10,
    0x0, 0x99, 0x99, 0x99, 0xaf, 0xf9, 0x99, 0x99,
    0x99, 0x0, 0x0, 0x0, 0x0, 0x0, 0xf, 0xf0,
    0x0, 0x0, 0x0, 0x0, 0x0, 0x1f, 0xff, 0xff,
    0xff, 0xff, 0xff, 0xff, 0xf3, 0x0, 0x0, 0x18,
    0x88, 0x88, 0x9f, 0xf8, 0x88, 0x88, 0x82, 0x0,
    0x0, 0x0, 0x0, 0x0, 0xf, 0xf0, 0x0, 0x0,
    0x0, 0x0, 0xe, 0xff, 0xff, 0xff, 0xff, 0xff,
    0xff, 0xff, 0xff, 0xf1, 0x9, 0x99, 0x99, 0x99,
    0xbf, 0xe9, 0x99, 0x99, 0x99, 0x90, 0x0, 0x0,
    0x0, 0x0, 0x6f, 0xa0, 0x0, 0x0, 0x0, 0x0,
    0x5, 0xff, 0xff, 0xff, 0xff, 0xff, 0xff, 0xff,
    0xff, 0xc0, 0x3, 0xaa, 0xaa, 0xab, 0xff, 0xff,
    0xaa, 0xaa, 0xaa, 0x80, 0x0, 0x0, 0x0, 0xb,
    0xf9, 0x9f, 0xa0, 0x0, 0x0, 0x0, 0x0, 0x0,
    0x3, 0xdf, 0xe1, 0xc, 0xfd, 0x40, 0x0, 0x0,
    0x1, 0x48, 0xdf, 0xfc, 0x10, 0x0, 0xaf, 0xfd,
    0x84, 0x10, 0x1f, 0xff, 0xfc, 0x40, 0x0, 0x0,
    0x4, 0xbf, 0xff, 0xe1, 0x6, 0x96, 0x10, 0x0,
    0x0, 0x0, 0x0, 0x2, 0x69, 0x40,

    /* U+7FD2 "習" */
    0x0, 0x0, 0x0, 0x0, 0x0, 0x0, 0x0, 0x0,
    0x0, 0xc, 0xff, 0xff, 0xff, 0xac, 0xff, 0xff,
    0xff, 0xf1, 0x7, 0x88, 0x88, 0x9f, 0xa7, 0x99,
    0x99, 0x9d, 0xf1, 0x0, 0xb8, 0x20, 0x1f, 0xa0,
    0x89, 0x40, 0x9, 0xf1, 0x1, 0x9f, 0xf4, 0x1f,
    0xa0, 0x9e, 0xfd, 0xa, 0xf1, 0x0, 0x1, 0x74,
    0xaf, 0xa0, 0x0, 0x6b, 0xaf, 0xf1, 0x0, 0x17,
    0xdf, 0xdf, 0xa0, 0x17, 0xdf, 0xdd, 0xf1, 0xa,
    0xff, 0xb4, 0x1f, 0xa7, 0xff, 0xd5, 0x9, 0xf1,
    0x9, 0x92, 0x0, 0x1f, 0xd7, 0xb4, 0x0, 0x9,
    0xf1, 0x0, 0x0, 0x0, 0x0, 0xeb, 0x0, 0x0,
    0x2, 0x30, 0x0, 0x18, 0x88, 0x89, 0xfa, 0x88,
    0x88, 0x87, 0x0, 0x0, 0x3f, 0xff, 0xff, 0xff,
    0xff, 0xff, 0xfd, 0x0, 0x0, 0x3f, 0xa0, 0x0,
    0x0, 0x0, 0x1, 0xfd, 0x0, 0x0, 0x3f, 0xd7,
    0x77, 0x77, 0x77, 0x78, 0xfd, 0x0, 0x0, 0x3f,
    0xff, 0xff, 0xff, 0xff, 0xff, 0xfd, 0x0, 0x0,
    0x3f, 0xa0, 0x0, 0x0, 0x0, 0x1, 0xfd, 0x0,
    0x0, 0x3f, 0xd7, 0x77, 0x77, 0x77, 0x78, 0xfd,
    0x0, 0x0, 0x3f, 0xff, 0xff, 0xff, 0xff, 0xff,
    0xfd, 0x0, 0x0, 0x3f, 0xa0, 0x0, 0x0, 0x0,
    0x1, 0xfd, 0x0,

    /* U+80CC "背" */
    0x0, 0x0, 0x6, 0xe6, 0x0, 0xed, 0x0, 0x0,
    0x0, 0x1, 0x33, 0x33, 0x9f, 0x70, 0xf, 0xe0,
    0x5, 0xbd, 0x10, 0x6f, 0xff, 0xff, 0xf7, 0x0,
    0xff, 0xbf, 0xff, 0xa3, 0x1, 0x33, 0x33, 0x9f,
    0x70, 0xf, 0xfc, 0x84, 0x0, 0x0, 0x0, 0x0,
    0x18, 0xf7, 0x0, 0xfe, 0x0, 0x0, 0x37, 0x17,
    0xac, 0xff, 0xff, 0x70, 0xe, 0xf4, 0x33, 0x3a,
    0xf4, 0xbd, 0xa7, 0x58, 0xf7, 0x0, 0xaf, 0xff,
    0xff, 0xfd, 0x0, 0x0, 0x0, 0x38, 0x30, 0x0,
    0x35, 0x55, 0x54, 0x0, 0x0, 0x1f, 0xff, 0xff,
    0xff, 0xff, 0xff, 0xfb, 0x0, 0x0, 0x1, 0xfe,
    0x77, 0x77, 0x77, 0x77, 0x8f, 0xc0, 0x0, 0x0,
    0x1f, 0xd0, 0x0, 0x0, 0x0, 0x2, 0xfc, 0x0,
    0x0, 0x1, 0xff, 0xff, 0xff, 0xff, 0xff, 0xff,
    0xc0, 0x0, 0x0, 0x1f, 0xe6, 0x66, 0x66, 0x66,
    0x67, 0xfc, 0x0, 0x0, 0x1, 0xfd, 0x11, 0x11,
    0x11, 0x11, 0x3f, 0xc0, 0x0, 0x0, 0x1f, 0xff,
    0xff, 0xff, 0xff, 0xff, 0xfc, 0x0, 0x0, 0x1,
    0xfe, 0x44, 0x44, 0x44, 0x44, 0x6f, 0xc0, 0x0,
    0x0, 0x1f, 0xd0, 0x0, 0x0, 0x0, 0x2, 0xfc,
    0x0, 0x0, 0x1, 0xfd, 0x0, 0x0, 0x3, 0xaa,
    0xbf, 0xa0, 0x0, 0x0, 0x1f, 0xd0, 0x0, 0x0,
    0xf, 0xfe, 0xb2, 0x0, 0x0,

    /* U+80FD "能" */
    0x0, 0x3b, 0x50, 0x0, 0x0, 0xba, 0x0, 0x0,
    0x0, 0x0, 0xb, 0xf6, 0x26, 0x0, 0xf, 0xd0,
    0x0, 0x21, 0x0, 0x4, 0xfc, 0xa, 0xf4, 0x0,
    0xfd, 0x3, 0xaf, 0xc0, 0x1, 0xdf, 0x20, 0x1f,
    0xe0, 0xf, 0xed, 0xff, 0xb4, 0x0, 0xbf, 0xec,
    0xde, 0xff, 0x70, 0xff, 0xb6, 0x10, 0x0, 0x8,
    0xfd, 0xca, 0x98, 0xfe, 0xf, 0xd0, 0x0, 0x5,
    0x50, 0x0, 0x0, 0x0, 0x4, 0x10, 0xfd, 0x0,
    0x0, 0x9f, 0x10, 0x99, 0x99, 0x99, 0x90, 0xe,
    0xfa, 0x99, 0xaf, 0xe0, 0x1f, 0xff, 0xff, 0xff,
    0x10, 0x6f, 0xff, 0xff, 0xf5, 0x1, 0xfa, 0x0,
    0xc, 0xf1, 0x2, 0x20, 0x11, 0x10, 0x0, 0x1f,
    0xd7, 0x77, 0xef, 0x10, 0xfd, 0x0, 0x0, 0x20,
    0x1, 0xff, 0xff, 0xff, 0xf1, 0xf, 0xd0, 0x17,
    0xee, 0x20, 0x1f, 0xa0, 0x0, 0xcf, 0x10, 0xfe,
    0xbf, 0xfc, 0x61, 0x1, 0xff, 0xff, 0xff, 0xf1,
    0xf, 0xfa, 0x62, 0x0, 0x0, 0x1f, 0xd7, 0x77,
    0xef, 0x10, 0xfd, 0x0, 0x0, 0x48, 0x11, 0xfa,
    0x0, 0xc, 0xf1, 0xf, 0xd0, 0x0, 0x5, 0xf4,
    0x1f, 0xa0, 0x0, 0xcf, 0x10, 0xfe, 0x0, 0x0,
    0x8f, 0x21, 0xfa, 0x9, 0xbf, 0xf0, 0xd, 0xfe,
    0xcc, 0xcf, 0xe0, 0x1f, 0xa0, 0x8f, 0xd6, 0x0,
    0x3b, 0xdd, 0xdd, 0xc3, 0x0,

    /* U+8138 "脸" */
    0x0, 0x0, 0x0, 0x0, 0x0, 0x0, 0x0, 0x0,
    0x0, 0x0, 0x0, 0x0, 0x0, 0x0, 0x0, 0x0,
    0xda, 0x0, 0x0, 0x0, 0x4, 0xff, 0xff, 0xf1,
    0x0, 0x7, 0xfe, 0x10, 0x0, 0x0, 0x4, 0xfd,
    0xbe, 0xf1, 0x0, 0x2f, 0xef, 0xc0, 0x0, 0x0,
    0x4, 0xf5, 0x9, 0xf1, 0x1, 0xde, 0x27, 0xfc,
    0x0, 0x0, 0x4, 0xf5, 0x9, 0xf1, 0x1c, 0xf4,
    0x0, 0x8f, 0xd2, 0x0, 0x4, 0xf9, 0x5b, 0xf3,
    0xdf, 0x60, 0x0, 0x9, 0xfe, 0x50, 0x4, 0xff,
    0xff, 0xff, 0xfe, 0xaa, 0xaa, 0xaa, 0x9f, 0xf3,
    0x4, 0xf9, 0x6c, 0xfd, 0x6a, 0xff, 0xff, 0xff,
    0x33, 0xa0, 0x4, 0xf5, 0x9, 0xf1, 0x0, 0x0,
    0x0, 0x0, 0x0, 0x0, 0x4, 0xf5, 0x9, 0xf1,
    0x24, 0x0, 0xb6, 0x0, 0x5a, 0x20, 0x4, 0xfc,
    0xbe, 0xf1, 0xbe, 0x0, 0xdb, 0x0, 0xce, 0x0,
    0x5, 0xff, 0xff, 0xf1, 0x6f, 0x30, 0xae, 0x2,
    0xf8, 0x0, 0x6, 0xf3, 0xa, 0xf1, 0x1f, 0x70,
    0x7f, 0x18, 0xf2, 0x0, 0x8, 0xf1, 0x9, 0xf1,
    0xe, 0xb0, 0x5f, 0x3e, 0xa0, 0x0, 0xa, 0xf0,
    0x9, 0xf1, 0x7, 0x50, 0x0, 0x6f, 0x20, 0x0,
    0xd, 0xd0, 0x9, 0xf1, 0x0, 0x0, 0x0, 0xea,
    0x0, 0x0, 0x1f, 0xa0, 0x9, 0xf9, 0xff, 0xff,
    0xff, 0xff, 0xff, 0xd0, 0x6f, 0x53, 0xbe, 0xf6,
    0xbb, 0xbb, 0xbb, 0xbb, 0xbb, 0x90, 0xb, 0x10,
    0xfe, 0x70, 0x0, 0x0, 0x0, 0x0, 0x0, 0x0,
    0x0, 0x0, 0x0, 0x0, 0x0, 0x0, 0x0, 0x0,
    0x0, 0x0,

    /* U+81C9 "臉" */
    0x0, 0x0, 0x0, 0x0, 0x0, 0x0, 0x0, 0x0,
    0x0, 0x0, 0x0, 0x0, 0x0, 0x0, 0x0, 0x0,
    0xab, 0x20, 0x0, 0x0, 0x2, 0xff, 0xff, 0xf0,
    0x0, 0x6, 0xff, 0x50, 0x0, 0x0, 0x2, 0xfd,
    0xae, 0xf0, 0x0, 0x6f, 0xed, 0xf9, 0x0, 0x0,
    0x2, 0xf7, 0xb, 0xf0, 0xa, 0xfe, 0x20, 0xaf,
    0xd6, 0x0, 0x2, 0xf7, 0xb, 0xf3, 0xdf, 0xf7,
    0x55, 0x6c, 0xff, 0xe0, 0x2, 0xfb, 0x8d, 0xf5,
    0xf9, 0xef, 0xff, 0xff, 0x2a, 0xa0, 0x2, 0xff,
    0xff, 0xf0, 0x10, 0x11, 0x11, 0x11, 0x0, 0x0,
    0x2, 0xf9, 0x4c, 0xf0, 0x67, 0x77, 0x32, 0x77,
    0x77, 0x0, 0x2, 0xf7, 0xb, 0xf0, 0xef, 0xff,
    0x65, 0xff, 0xff, 0x10, 0x2, 0xf6, 0xb, 0xf0,
    0xe6, 0xf, 0x65, 0xf0, 0x4f, 0x10, 0x2, 0xfd,
    0xbe, 0xf0, 0xe7, 0x1f, 0x65, 0xf1, 0x5f, 0x10,
    0x3, 0xff, 0xff, 0xf0, 0xef, 0xff, 0x65, 0xff,
    0xff, 0x10, 0x4, 0xf4, 0xb, 0xf0, 0x45, 0x54,
    0x21, 0x48, 0x64, 0x0, 0x5, 0xf2, 0xb, 0xf0,
    0x8, 0xf2, 0x0, 0x2f, 0xb0, 0x0, 0x8, 0xf0,
    0xb, 0xf0, 0xe, 0xf0, 0x0, 0x7f, 0x70, 0x0,
    0xa, 0xf0, 0xb, 0xf0, 0x5f, 0xfc, 0x10, 0xdf,
    0xe3, 0x0, 0xd, 0xb0, 0xb, 0xf1, 0xef, 0x8f,
    0x96, 0xfc, 0xff, 0x40, 0x2f, 0x76, 0xaf, 0xec,
    0xf6, 0x6, 0x7f, 0xe1, 0x3e, 0xf2, 0x3d, 0x36,
    0xfe, 0x8e, 0x90, 0x0, 0x6e, 0x30, 0x3, 0x80,
    0x0, 0x0, 0x0, 0x1, 0x0, 0x0, 0x0, 0x0,
    0x0, 0x0,

    /* U+81EA "自" */
    0x0, 0x0, 0x3, 0xa8, 0x0, 0x0, 0x0, 0x0,
    0x0, 0x0, 0x7f, 0xa0, 0x0, 0x0, 0x0, 0x0,
    0x0, 0xb, 0xf4, 0x0, 0x0, 0x0, 0xe, 0xff,
    0xff, 0xff, 0xff, 0xff, 0xff, 0xf1, 0xef, 0xcc,
    0xcc, 0xcc, 0xcc, 0xcc, 0xff, 0x1e, 0xf0, 0x0,
    0x0, 0x0, 0x0, 0xe, 0xf1, 0xef, 0x0, 0x0,
    0x0, 0x0, 0x0, 0xef, 0x1e, 0xfc, 0xcc, 0xcc,
    0xcc, 0xcc, 0xcf, 0xf1, 0xef, 0xff, 0xff, 0xff,
    0xff, 0xff, 0xff, 0x1e, 0xf0, 0x0, 0x0, 0x0,
    0x0, 0xe, 0xf1, 0xef, 0x0, 0x0, 0x0, 0x0,
    0x0, 0xef, 0x1e, 0xfb, 0xbb, 0xbb, 0xbb, 0xbb,
    0xbf, 0xf1, 0xef, 0xff, 0xff, 0xff, 0xff, 0xff,
    0xff, 0x1e, 0xf0, 0x0, 0x0, 0x0, 0x0, 0xe,
    0xf1, 0xef, 0x0, 0x0, 0x0, 0x0, 0x0, 0xef,
    0x1e, 0xf0, 0x0, 0x0, 0x0, 0x0, 0xe, 0xf1,
    0xef, 0xff, 0xff, 0xff, 0xff, 0xff, 0xff, 0x1e,
    0xfb, 0xbb, 0xbb, 0xbb, 0xbb, 0xbf, 0xf1, 0xef,
    0x0, 0x0, 0x0, 0x0, 0x0, 0xde, 0x10,

    /* U+81F3 "至" */
    0x6c, 0xcc, 0xcc, 0xcc, 0xcc, 0xcc, 0xcc, 0xcc,
    0xc5, 0x7, 0xff, 0xff, 0xff, 0xff, 0xff, 0xff,
    0xff, 0xff, 0x50, 0x0, 0x0, 0x2e, 0xf6, 0x0,
    0x1, 0x40, 0x0, 0x0, 0x0, 0x0, 0x1d, 0xf7,
    0x0, 0x0, 0xdf, 0x90, 0x0, 0x0, 0x0, 0x1d,
    0xf8, 0x0, 0x0, 0x1, 0xcf, 0xc1, 0x0, 0x0,
    0x4e, 0xfe, 0x89, 0x9a, 0xab, 0xbc, 0xff, 0xd2,
    0x0, 0x6, 0xff, 0xff, 0xff, 0xff, 0xfe, 0xdd,
    0xdf, 0xd1, 0x0, 0x17, 0x53, 0x32, 0x14, 0x30,
    0x0, 0x0, 0xdb, 0x10, 0x0, 0x0, 0x0, 0x0,
    0xfe, 0x0, 0x0, 0x1, 0x0, 0x0, 0x0, 0x0,
    0x0, 0xf, 0xe0, 0x0, 0x0, 0x0, 0x0, 0x2,
    0xcc, 0xcc, 0xcc, 0xff, 0xcc, 0xcc, 0xcc, 0x30,
    0x0, 0x2f, 0xff, 0xff, 0xff, 0xff, 0xff, 0xff,
    0xf4, 0x0, 0x0, 0x0, 0x0, 0x0, 0xfe, 0x0,
    0x0, 0x0, 0x0, 0x0, 0x0, 0x0, 0x0, 0xf,
    0xe0, 0x0, 0x0, 0x0, 0x0, 0x0, 0x0, 0x0,
    0x0, 0xfe, 0x0, 0x0, 0x0, 0x0, 0xc, 0xcc,
    0xcc, 0xcc, 0xcf, 0xfc, 0xcc, 0xcc, 0xcc, 0xc0,
    0xff, 0xff, 0xff, 0xff, 0xff, 0xff, 0xff, 0xff,
    0xff, 0x0,

    /* U+8207 "與" */
    0x0, 0x0, 0x17, 0x53, 0xb4, 0x0, 0x0, 0x0,
    0x0, 0x0, 0x0, 0x3b, 0xff, 0xc4, 0xf5, 0x0,
    0xc, 0xff, 0xf9, 0x0, 0x0, 0x8f, 0x93, 0x4,
    0xff, 0xff, 0x97, 0x9a, 0xf9, 0x0, 0x0, 0x8f,
    0x30, 0x4, 0xfc, 0x99, 0x50, 0x2, 0xf8, 0x0,
    0x0, 0x7f, 0x63, 0x24, 0xf5, 0x0, 0x1, 0x24,
    0xf8, 0x0, 0x0, 0x6f, 0xff, 0xc4, 0xf9, 0x55,
    0x29, 0xff, 0xf8, 0x0, 0x0, 0x6f, 0x96, 0x54,
    0xff, 0xff, 0x74, 0x79, 0xf8, 0x0, 0x0, 0x5f,
    0x50, 0x0, 0x11, 0x3f, 0x70, 0x4, 0xf7, 0x0,
    0x0, 0x5f, 0xc9, 0x84, 0xe3, 0x2f, 0x76, 0x8a,
    0xf7, 0x0, 0x0, 0x4f, 0xff, 0xd4, 0xf4, 0x2f,
    0x7b, 0xff, 0xf6, 0x0, 0x0, 0x4f, 0x70, 0x4,
    0xf4, 0x2f, 0x70, 0x6, 0xf6, 0x0, 0x0, 0x3f,
    0x70, 0x4, 0xf4, 0x2f, 0x70, 0x7, 0xf5, 0x0,
    0x1b, 0xcf, 0xdb, 0xbc, 0xfc, 0xcf, 0xdb, 0xbd,
    0xfd, 0xb1, 0x1f, 0xff, 0xff, 0xff, 0xff, 0xff,
    0xff, 0xff, 0xff, 0xf2, 0x0, 0x0, 0x2, 0xb4,
    0x0, 0x0, 0x8a, 0x20, 0x0, 0x0, 0x0, 0x0,
    0x7f, 0xfb, 0x0, 0x0, 0xbf, 0xfa, 0x20, 0x0,
    0x0, 0x7e, 0xfe, 0x50, 0x0, 0x0, 0x4, 0xcf,
    0xf8, 0x0, 0xa, 0xfe, 0x81, 0x0, 0x0, 0x0,
    0x0, 0x5, 0xef, 0x50, 0x1, 0x70, 0x0, 0x0,
    0x0, 0x0, 0x0, 0x0, 0x15, 0x0,

    /* U+8282 "节" */
    0x0, 0x0, 0x6f, 0x70, 0x0, 0x7, 0xf7, 0x0,
    0x0, 0x0, 0x0, 0x6f, 0x70, 0x0, 0x7, 0xf8,
    0x0, 0x0, 0xcc, 0xcc, 0xef, 0xec, 0xcc, 0xce,
    0xfe, 0xcc, 0xcc, 0xef, 0xff, 0xff, 0xff, 0xff,
    0xff, 0xff, 0xff, 0xff, 0x0, 0x0, 0x6f, 0x70,
    0x0, 0x7, 0xf8, 0x0, 0x0, 0x0, 0x0, 0x6f,
    0x70, 0x0, 0x7, 0xf8, 0x0, 0x0, 0x0, 0x0,
    0x1, 0x0, 0x0, 0x0, 0x11, 0x0, 0x0, 0xc,
    0xcc, 0xcc, 0xcc, 0xcc, 0xcc, 0xcc, 0xcc, 0x20,
    0xf, 0xff, 0xff, 0xff, 0xff, 0xff, 0xff, 0xff,
    0x20, 0x0, 0x0, 0x1, 0xff, 0x0, 0x0, 0x0,
    0xcf, 0x20, 0x0, 0x0, 0x0, 0xff, 0x0, 0x0,
    0x0, 0xcf, 0x20, 0x0, 0x0, 0x0, 0xff, 0x0,
    0x0, 0x0, 0xcf, 0x20, 0x0, 0x0, 0x0, 0xff,
    0x0, 0x0, 0x0, 0xcf, 0x20, 0x0, 0x0, 0x0,
    0xff, 0x0, 0x0, 0x0, 0xcf, 0x20, 0x0, 0x0,
    0x0, 0xff, 0x0, 0x4e, 0xee, 0xff, 0x0, 0x0,
    0x0, 0x0, 0xff, 0x0, 0xf, 0xff, 0xd6, 0x0,
    0x0, 0x0, 0x0, 0xff, 0x0, 0x0, 0x0, 0x0,
    0x0, 0x0, 0x0, 0x0, 0xff, 0x0, 0x0, 0x0,
    0x0, 0x0, 0x0, 0x0, 0x0, 0xff, 0x0, 0x0,
    0x0, 0x0, 0x0,

    /* U+8655 "處" */
    0x0, 0x0, 0x0, 0x0, 0x1d, 0xb0, 0x0, 0x0,
    0x0, 0x0, 0x0, 0x0, 0x0, 0x0, 0x1f, 0xfe,
    0xee, 0xee, 0xe7, 0x0, 0x0, 0x0, 0x0, 0x0,
    0x1f, 0xe7, 0x77, 0x77, 0x73, 0x0, 0x0, 0x23,
    0x33, 0x33, 0x4f, 0xd3, 0x33, 0x33, 0x33, 0x10,
    0x0, 0xaf, 0xff, 0xff, 0xff, 0xff, 0xff, 0xff,
    0xff, 0xb0, 0x0, 0xaf, 0x53, 0x33, 0x4f, 0xc3,
    0x33, 0x33, 0x9f, 0x60, 0x0, 0xaf, 0x13, 0x44,
    0x6f, 0xd9, 0xab, 0xc5, 0xcf, 0x10, 0x0, 0xaf,
    0x1e, 0xfe, 0xdf, 0xea, 0x98, 0x73, 0x5a, 0x0,
    0x0, 0xaf, 0x10, 0x0, 0xf, 0xe5, 0x44, 0x44,
    0x8f, 0x50, 0x0, 0xbf, 0x10, 0x78, 0x6, 0xde,
    0xee, 0xee, 0xea, 0x0, 0x0, 0xbf, 0x11, 0xfc,
    0x45, 0x21, 0x44, 0x44, 0x20, 0x0, 0x0, 0xcf,
    0x9, 0xff, 0xff, 0x84, 0xff, 0xff, 0x80, 0x0,
    0x0, 0xde, 0x6f, 0xc0, 0x5f, 0x45, 0xf3, 0x2f,
    0x80, 0x0, 0x0, 0xfe, 0xfe, 0xf3, 0xde, 0x8,
    0xf0, 0x1f, 0x84, 0xd0, 0x2, 0xfa, 0xa1, 0xde,
    0xf6, 0x1e, 0xc0, 0xf, 0xb9, 0xe0, 0x6, 0xf5,
    0x0, 0x7f, 0xf0, 0x8f, 0x40, 0xb, 0xff, 0x80,
    0xb, 0xf1, 0x5, 0xff, 0xfc, 0x34, 0x0, 0x0,
    0x0, 0x0, 0x2f, 0xc2, 0xaf, 0xf6, 0xbf, 0xfd,
    0xb9, 0x88, 0x99, 0x91, 0x1c, 0x55, 0xfa, 0x20,
    0x4, 0xac, 0xdf, 0xff, 0xff, 0xe0, 0x0, 0x0,
    0x10, 0x0, 0x0, 0x0, 0x0, 0x0, 0x0, 0x0,

    /* U+865F "號" */
    0x0, 0x0, 0x0, 0x0, 0x0, 0x0, 0x1d, 0x90,
    0x0, 0x0, 0x5, 0xff, 0xff, 0xf9, 0x0, 0x0,
    0x1f, 0xd8, 0x88, 0x50, 0x5, 0xf6, 0x55, 0xe9,
    0x0, 0x0, 0x1f, 0xff, 0xff, 0xa0, 0x5, 0xf0,
    0x0, 0xd9, 0x0, 0x0, 0x1f, 0xb0, 0x0, 0x0,
    0x5, 0xf0, 0x0, 0xd9, 0x2e, 0xee, 0xef, 0xfe,
    0xee, 0xe4, 0x5, 0xff, 0xff, 0xf9, 0x2f, 0xc8,
    0x9f, 0xc8, 0x8c, 0xf3, 0x2, 0x66, 0x66, 0x64,
    0x2f, 0x70, 0x2f, 0x82, 0x28, 0xf0, 0x0, 0x0,
    0x0, 0x0, 0x2f, 0x8b, 0xdf, 0xff, 0xc8, 0xd0,
    0x4f, 0xff, 0xff, 0xff, 0x3f, 0x8b, 0xaf, 0xb4,
    0x25, 0x20, 0x29, 0xef, 0x99, 0x99, 0x3f, 0x70,
    0x1f, 0xc6, 0x6e, 0xb0, 0x0, 0xdc, 0x0, 0x0,
    0x3f, 0x70, 0x7, 0xbb, 0xb9, 0x20, 0x1, 0xff,
    0xee, 0xe4, 0x4f, 0x61, 0x77, 0x77, 0x30, 0x0,
    0x2, 0x88, 0x8b, 0xf3, 0x5f, 0x54, 0xff, 0xff,
    0x70, 0x0, 0x0, 0x0, 0x7, 0xf2, 0x6f, 0x35,
    0xf6, 0x1f, 0x70, 0x0, 0x0, 0x0, 0x8, 0xf1,
    0x9f, 0x17, 0xf3, 0xf, 0x70, 0x50, 0x0, 0x0,
    0xa, 0xf0, 0xdd, 0xb, 0xf0, 0xf, 0x70, 0xe6,
    0x0, 0x0, 0xd, 0xd1, 0xf9, 0x2f, 0xb0, 0xf,
    0x70, 0xf6, 0x0, 0x48, 0xaf, 0x98, 0xf5, 0xdf,
    0x20, 0xf, 0xeb, 0xf4, 0x0, 0x3f, 0xfc, 0x18,
    0xc2, 0xe6, 0x0, 0x9, 0xff, 0xb0, 0x0, 0x0,
    0x0, 0x0, 0x0, 0x0, 0x0, 0x0, 0x0, 0x0,

    /* U+87A2 "螢" */
    0x0, 0x0, 0x2d, 0x60, 0x0, 0x0, 0xa, 0xe0,
    0x0, 0x0, 0x9, 0x84, 0xf6, 0x2b, 0x43, 0xd1,
    0xde, 0x7, 0xa1, 0x3, 0xf6, 0x7f, 0x3b, 0xe2,
    0xbd, 0x1f, 0xb2, 0xfa, 0x0, 0xba, 0xd, 0xf4,
    0xa3, 0x3e, 0x38, 0xfb, 0x5a, 0x0, 0x0, 0x1b,
    0xff, 0xf9, 0x0, 0x17, 0xff, 0xfd, 0x40, 0x1,
    0x9f, 0xf8, 0x1a, 0xfc, 0x5e, 0xfd, 0x15, 0xef,
    0x90, 0xb, 0xa4, 0x0, 0x6, 0x31, 0xb6, 0x0,
    0x2, 0xca, 0x0, 0xaf, 0xff, 0xff, 0xff, 0xff,
    0xff, 0xff, 0xff, 0xf1, 0xa, 0xfa, 0x88, 0x88,
    0x9d, 0xc8, 0x88, 0x88, 0xef, 0x10, 0xaf, 0x20,
    0x0, 0x1, 0xfc, 0x0, 0x0, 0xd, 0xf1, 0x5,
    0x97, 0xff, 0xff, 0xff, 0xff, 0xff, 0xfe, 0x79,
    0x0, 0x0, 0x5f, 0xa7, 0x77, 0xfe, 0x77, 0x7e,
    0xe0, 0x0, 0x0, 0x5, 0xf6, 0x0, 0x1f, 0xc0,
    0x0, 0xce, 0x0, 0x0, 0x0, 0x5f, 0xfe, 0xef,
    0xff, 0xee, 0xef, 0xe0, 0x0, 0x0, 0x2, 0x77,
    0x77, 0x8f, 0xe7, 0x78, 0xeb, 0x0, 0x0, 0x0,
    0x0, 0x0, 0x1, 0xfc, 0x0, 0x3f, 0xf5, 0x0,
    0x2, 0x77, 0x77, 0x78, 0x9f, 0xe9, 0x9a, 0xcf,
    0xf5, 0x0, 0x5f, 0xff, 0xff, 0xff, 0xff, 0xff,
    0xed, 0xdf, 0xf3, 0x1, 0x33, 0x32, 0x21, 0x10,
    0x0, 0x0, 0x0, 0x59, 0x10,

    /* U+884C "行" */
    0x0, 0x0, 0x1c, 0x70, 0x0, 0x0, 0x0, 0x0,
    0x0, 0x0, 0x0, 0x0, 0xcf, 0x90, 0xb, 0xbb,
    0xbb, 0xbb, 0xbb, 0x80, 0x0, 0x1b, 0xfb, 0x0,
    0xf, 0xff, 0xff, 0xff, 0xff, 0xb0, 0x2, 0xdf,
    0xc0, 0x0, 0x0, 0x0, 0x0, 0x0, 0x0, 0x0,
    0xe, 0xfb, 0x0, 0x60, 0x0, 0x0, 0x0, 0x0,
    0x0, 0x0, 0x7, 0x90, 0x8, 0xfa, 0x0, 0x0,
    0x0, 0x0, 0x0, 0x0, 0x0, 0x0, 0x3f, 0xe1,
    0x0, 0x0, 0x0, 0x0, 0x0, 0x0, 0x0, 0x1,
    0xef, 0x50, 0xef, 0xff, 0xff, 0xff, 0xff, 0xf4,
    0x0, 0x1d, 0xfd, 0x0, 0xbc, 0xcc, 0xcc, 0xef,
    0xdc, 0xc3, 0x2, 0xdf, 0xfd, 0x0, 0x0, 0x0,
    0x0, 0x8f, 0x50, 0x0, 0x2e, 0xfd, 0xfd, 0x0,
    0x0, 0x0, 0x0, 0x8f, 0x50, 0x0, 0xb, 0xc2,
    0xfd, 0x0, 0x0, 0x0, 0x0, 0x8f, 0x50, 0x0,
    0x1, 0x1, 0xfd, 0x0, 0x0, 0x0, 0x0, 0x8f,
    0x50, 0x0, 0x0, 0x1, 0xfd, 0x0, 0x0, 0x0,
    0x0, 0x8f, 0x50, 0x0, 0x0, 0x1, 0xfd, 0x0,
    0x0, 0x0, 0x0, 0x8f, 0x50, 0x0, 0x0, 0x1,
    0xfd, 0x0, 0x0, 0x0, 0x0, 0x8f, 0x50, 0x0,
    0x0, 0x1, 0xfd, 0x0, 0x0, 0x0, 0x0, 0x8f,
    0x50, 0x0, 0x0, 0x1, 0xfd, 0x0, 0x0, 0xc,
    0xdd, 0xff, 0x30, 0x0, 0x0, 0x1, 0xfd, 0x0,
    0x0, 0xa, 0xff, 0xd8, 0x0, 0x0, 0x0, 0x0,
    0x11, 0x0, 0x0, 0x0, 0x0, 0x0, 0x0, 0x0,

    /* U+8861 "衡" */
    0x0, 0x4, 0xb3, 0x1, 0xb6, 0x0, 0x0, 0x0,
    0x0, 0x0, 0x0, 0xe, 0xf2, 0x6, 0xf9, 0x44,
    0x0, 0x18, 0x88, 0x80, 0x0, 0xaf, 0x70, 0xc,
    0xff, 0xff, 0xc0, 0x2f, 0xff, 0xf0, 0x9, 0xfb,
    0x0, 0x6f, 0x93, 0x7f, 0x70, 0x2, 0x22, 0x20,
    0xd, 0xc0, 0x96, 0xef, 0x43, 0xbf, 0x42, 0x0,
    0x0, 0x0, 0x2, 0x6, 0xff, 0xff, 0xff, 0xff,
    0xfd, 0x0, 0x0, 0x0, 0x0, 0xe, 0xf4, 0xde,
    0x19, 0xe1, 0xad, 0x59, 0x99, 0x94, 0x0, 0x9f,
    0xb0, 0x8e, 0x4a, 0xe4, 0xbd, 0x9f, 0xff, 0xf6,
    0x6, 0xff, 0xa0, 0x8f, 0xff, 0xff, 0xfd, 0x23,
    0xdf, 0x31, 0x2f, 0xff, 0xa0, 0x8d, 0x8, 0xd0,
    0xad, 0x0, 0xce, 0x0, 0xc, 0x6f, 0xa0, 0x8f,
    0xef, 0xfe, 0xfd, 0x0, 0xce, 0x0, 0x0, 0x1f,
    0xa0, 0x35, 0x58, 0x95, 0x54, 0x0, 0xce, 0x0,
    0x0, 0x1f, 0xa0, 0x0, 0xc, 0xe0, 0x0, 0x0,
    0xce, 0x0, 0x0, 0x1f, 0xa2, 0xff, 0xff, 0xff,
    0xff, 0x40, 0xce, 0x0, 0x0, 0x1f, 0xa1, 0x77,
    0xaf, 0xfb, 0x77, 0x10, 0xce, 0x0, 0x0, 0x1f,
    0xa0, 0x0, 0xcf, 0xef, 0x50, 0x0, 0xce, 0x0,
    0x0, 0x1f, 0xa0, 0x8, 0xf8, 0x1d, 0xf5, 0x0,
    0xce, 0x0, 0x0, 0x1f, 0xa2, 0xdf, 0xb0, 0x1,
    0xd8, 0x7c, 0xfd, 0x0, 0x0, 0x1f, 0xa0, 0xa6,
    0x0, 0x0, 0x10, 0x4e, 0xc4, 0x0,

    /* U+8868 "表" */
    0x0, 0x0, 0x0, 0x0, 0x1a, 0x70, 0x0, 0x0,
    0x0, 0x0, 0x0, 0x0, 0x0, 0x0, 0x2f, 0xc0,
    0x0, 0x0, 0x0, 0x0, 0x1, 0xff, 0xff, 0xff,
    0xff, 0xff, 0xff, 0xff, 0xff, 0x0, 0x0, 0x99,
    0x99, 0x99, 0xaf, 0xe9, 0x99, 0x99, 0x99, 0x0,
    0x0, 0x0, 0x0, 0x0, 0x2f, 0xc0, 0x0, 0x0,
    0x0, 0x0, 0x0, 0x1f, 0xff, 0xff, 0xff, 0xff,
    0xff, 0xff, 0xf1, 0x0, 0x0, 0x7, 0x77, 0x77,
    0x8f, 0xd7, 0x77, 0x77, 0x70, 0x0, 0x0, 0x0,
    0x0, 0x0, 0x2f, 0xc0, 0x0, 0x0, 0x0, 0x0,
    0xe, 0xff, 0xff, 0xff, 0xff, 0xff, 0xff, 0xff,
    0xff, 0x90, 0x8, 0x99, 0x99, 0x9f, 0xfe, 0xfd,
    0x99, 0x99, 0x99, 0x50, 0x0, 0x0, 0x3, 0xdf,
    0xa1, 0xef, 0x10, 0x0, 0x93, 0x0, 0x0, 0x0,
    0x8f, 0xf8, 0x0, 0x7f, 0xa0, 0x1c, 0xfc, 0x0,
    0x2, 0x9f, 0xff, 0xc0, 0x0, 0xe, 0xf7, 0xef,
    0x70, 0x0, 0x4f, 0xfe, 0xaf, 0xc0, 0x0, 0x4,
    0xff, 0xd3, 0x0, 0x0, 0x8, 0x70, 0x2f, 0xc0,
    0x0, 0x1, 0x8f, 0xe5, 0x0, 0x0, 0x0, 0x0,
    0x3f, 0xc1, 0x5a, 0xf8, 0x8, 0xff, 0x92, 0x0,
    0x0, 0x0, 0x7f, 0xff, 0xff, 0xd6, 0x0, 0x5f,
    0xff, 0xb1, 0x0, 0x0, 0xdf, 0xfc, 0x72, 0x0,
    0x0, 0x1, 0x8e, 0x90, 0x0, 0x0, 0x57, 0x10,
    0x0, 0x0, 0x0, 0x0, 0x0, 0x0,

    /* U+88C5 "装" */
    0x0, 0x0, 0x1, 0x10, 0x0, 0x0, 0x11, 0x0,
    0x0, 0x0, 0x0, 0x0, 0xc, 0xf0, 0x0, 0x0,
    0xaf, 0x30, 0x0, 0x0, 0x5, 0xd3, 0xc, 0xf0,
    0x0, 0x0, 0xaf, 0x30, 0x0, 0x0, 0x4, 0xef,
    0x5c, 0xf1, 0x88, 0x88, 0xdf, 0xa8, 0x88, 0x60,
    0x0, 0x2d, 0x4c, 0xf3, 0xff, 0xff, 0xff, 0xff,
    0xff, 0xc0, 0x0, 0x0, 0xc, 0xf0, 0x11, 0x11,
    0xbf, 0x41, 0x11, 0x10, 0x0, 0x3, 0xaf, 0xf0,
    0x0, 0x0, 0xaf, 0x30, 0x0, 0x0, 0x6, 0xcf,
    0xff, 0xf0, 0x0, 0x0, 0xaf, 0x30, 0x0, 0x0,
    0x2f, 0xf8, 0x1c, 0xf0, 0x9f, 0xff, 0xff, 0xff,
    0xff, 0x60, 0x5, 0x10, 0xc, 0xf0, 0x7a, 0xba,
    0xaa, 0xaa, 0xaa, 0x40, 0x0, 0x0, 0x6, 0x70,
    0x2d, 0xb0, 0x0, 0x0, 0x0, 0x0, 0x7, 0x77,
    0x77, 0x77, 0x7f, 0xf8, 0x77, 0x77, 0x77, 0x70,
    0xf, 0xff, 0xff, 0xff, 0xff, 0xff, 0xff, 0xff,
    0xff, 0xf0, 0x0, 0x0, 0x1, 0x8e, 0xf6, 0xde,
    0x20, 0x2, 0xa4, 0x0, 0x0, 0x2, 0x8e, 0xfb,
    0x20, 0x3f, 0xd1, 0x6e, 0xf7, 0x0, 0x19, 0xef,
    0xff, 0xe0, 0x0, 0x8, 0xff, 0xfa, 0x10, 0x0,
    0xa, 0xb6, 0x2f, 0xe0, 0x2, 0x54, 0x8f, 0xf7,
    0x0, 0x0, 0x0, 0x0, 0x4f, 0xfb, 0xef, 0xf7,
    0x5, 0xef, 0xea, 0x50, 0x0, 0x0, 0xef, 0xfd,
    0x96, 0x20, 0x0, 0x7, 0xdf, 0xd0, 0x0, 0x0,
    0x54, 0x0, 0x0, 0x0, 0x0, 0x0, 0x2, 0x20,

    /* U+88DD "裝" */
    0x0, 0x63, 0x0, 0xa8, 0x0, 0x0, 0x3a, 0x60,
    0x0, 0x0, 0x1, 0xf8, 0x0, 0xfc, 0x0, 0x0,
    0x4f, 0x80, 0x0, 0x0, 0x1, 0xf8, 0x11, 0xfc,
    0x0, 0x0, 0x5f, 0x90, 0x0, 0x0, 0x1, 0xff,
    0xff, 0xfc, 0x7f, 0xff, 0xff, 0xff, 0xff, 0xd0,
    0x0, 0x77, 0x77, 0xfc, 0x48, 0x88, 0xbf, 0xc8,
    0x88, 0x70, 0x8, 0x88, 0x88, 0xfc, 0x0, 0x0,
    0x4f, 0x80, 0x0, 0x0, 0xd, 0xff, 0xed, 0xfc,
    0x0, 0x0, 0x4f, 0x80, 0x0, 0x0, 0x0, 0xde,
    0x0, 0xfc, 0xa, 0xaa, 0xcf, 0xda, 0xaa, 0x40,
    0x7, 0xf9, 0x0, 0xfc, 0xf, 0xff, 0xff, 0xff,
    0xff, 0x60, 0x2f, 0xd1, 0x0, 0xfc, 0x29, 0x80,
    0x0, 0x0, 0x0, 0x0, 0x6, 0x33, 0x33, 0x33,
    0x4f, 0xf4, 0x33, 0x33, 0x33, 0x30, 0xf, 0xff,
    0xff, 0xff, 0xff, 0xff, 0xff, 0xff, 0xff, 0xf0,
    0x3, 0x33, 0x34, 0xaf, 0xf7, 0xef, 0x43, 0x34,
    0xa5, 0x30, 0x0, 0x4, 0x9f, 0xfb, 0x10, 0x5f,
    0xb0, 0x3c, 0xfa, 0x0, 0x1c, 0xff, 0xff, 0xf0,
    0x0, 0xa, 0xfd, 0xfd, 0x40, 0x0, 0x7, 0x84,
    0xd, 0xf0, 0x0, 0x11, 0xaf, 0xf4, 0x0, 0x0,
    0x0, 0x0, 0x1f, 0xf8, 0xbe, 0xf5, 0x8, 0xff,
    0xc6, 0x20, 0x0, 0x0, 0xaf, 0xff, 0xd9, 0x61,
    0x0, 0x2a, 0xff, 0xf2, 0x0, 0x0, 0x49, 0x40,
    0x0, 0x0, 0x0, 0x0, 0x16, 0x50,

    /* U+88FD "製" */
    0x0, 0x6b, 0x9, 0xf0, 0x0, 0x0, 0x0, 0x0,
    0x8c, 0x0, 0x0, 0xdf, 0x9d, 0xf9, 0x99, 0x40,
    0x9f, 0x10, 0xbf, 0x0, 0x7, 0xfb, 0xae, 0xfa,
    0xaa, 0x40, 0x9f, 0x10, 0xbf, 0x0, 0x8, 0xc4,
    0x4b, 0xf4, 0x44, 0x40, 0x9f, 0x10, 0xbf, 0x0,
    0xf, 0xff, 0xff, 0xff, 0xff, 0xf0, 0x9f, 0x10,
    0xbf, 0x0, 0x0, 0x11, 0x1a, 0xf1, 0x11, 0x10,
    0x9f, 0x10, 0xbf, 0x0, 0x1, 0xff, 0xff, 0xff,
    0xff, 0xa0, 0x9f, 0x10, 0xbf, 0x0, 0x1, 0xf7,
    0x2b, 0xf2, 0x2e, 0xa0, 0x6a, 0x0, 0xbf, 0x0,
    0x1, 0xf6, 0xa, 0xf1, 0x4f, 0x90, 0x0, 0x11,
    0xcf, 0x0, 0x1, 0xf5, 0xa, 0xf1, 0xdf, 0x90,
    0x2, 0xff, 0xfb, 0x0, 0x0, 0x0, 0x4, 0x60,
    0xd, 0xf2, 0x0, 0x55, 0x30, 0x0, 0xf, 0xff,
    0xff, 0xff, 0xff, 0xff, 0xff, 0xff, 0xff, 0xf0,
    0x7, 0x88, 0x88, 0x9e, 0xfe, 0xff, 0x88, 0x88,
    0xc9, 0x70, 0x0, 0x0, 0x39, 0xff, 0x91, 0x7f,
    0x80, 0x1a, 0xfb, 0x0, 0x17, 0xbe, 0xff, 0xe2,
    0x0, 0xc, 0xfb, 0xfe, 0x60, 0x0, 0xb, 0xe9,
    0x5f, 0xc0, 0x0, 0x20, 0xcf, 0xf4, 0x0, 0x0,
    0x0, 0x0, 0x2f, 0xd8, 0xcf, 0xf0, 0x9, 0xff,
    0xc7, 0x40, 0x0, 0x0, 0xaf, 0xfe, 0xb7, 0x30,
    0x0, 0x2a, 0xef, 0xd0, 0x0, 0x0, 0x37, 0x20,
    0x0, 0x0, 0x0, 0x0, 0x3, 0x20,

    /* U+8907 "複" */
    0x0, 0x1a, 0x40, 0x0, 0x0, 0xc9, 0x0, 0x0,
    0x0, 0x0, 0x0, 0xe, 0xe0, 0x0, 0x6, 0xfc,
    0x0, 0x0, 0x0, 0x0, 0x0, 0x5, 0xf6, 0x0,
    0xe, 0xff, 0xff, 0xff, 0xff, 0xf0, 0x16, 0x66,
    0xb6, 0x50, 0x9f, 0xda, 0xaa, 0xaa, 0xaa, 0xa0,
    0x2f, 0xff, 0xff, 0xfa, 0xff, 0x64, 0x44, 0x44,
    0x44, 0x0, 0x4, 0x44, 0x5f, 0xdc, 0xff, 0xff,
    0xff, 0xff, 0xff, 0x0, 0x0, 0x0, 0x8f, 0x40,
    0x5f, 0xa0, 0x0, 0x0, 0xdf, 0x0, 0x0, 0x2,
    0xfc, 0x13, 0x1f, 0xff, 0xff, 0xff, 0xff, 0x0,
    0x0, 0xc, 0xf3, 0xae, 0x1f, 0xc3, 0x33, 0x33,
    0xef, 0x0, 0x0, 0x8f, 0xfb, 0xf5, 0x1f, 0xd6,
    0x66, 0x66, 0xef, 0x0, 0x7, 0xff, 0xff, 0x90,
    0x1d, 0xdf, 0xfd, 0xdd, 0xdd, 0x0, 0x5f, 0xec,
    0xf9, 0xf6, 0x0, 0x6f, 0xe4, 0x44, 0x42, 0x0,
    0x1e, 0x2a, 0xf0, 0xd7, 0x6, 0xff, 0xff, 0xff,
    0xfe, 0x0, 0x0, 0xa, 0xf0, 0x21, 0xaf, 0xfc,
    0x21, 0x3d, 0xf5, 0x0, 0x0, 0xa, 0xf0, 0xd,
    0xfc, 0xaf, 0xb2, 0xdf, 0x90, 0x0, 0x0, 0xa,
    0xf0, 0x1, 0x70, 0xb, 0xff, 0xf8, 0x0, 0x0,
    0x0, 0xa, 0xf0, 0x0, 0x3, 0x9e, 0xff, 0xfc,
    0x61, 0x0, 0x0, 0xa, 0xf0, 0x1b, 0xff, 0xfd,
    0x64, 0xbf, 0xff, 0xe3, 0x0, 0xa, 0xf0, 0xb,
    0xc8, 0x40, 0x0, 0x2, 0x7c, 0xb0, 0x0, 0x0,
    0x0, 0x0, 0x0, 0x0, 0x0, 0x0, 0x0, 0x0,

    /* U+8981 "要" */
    0x0, 0x0, 0x0, 0x0, 0x0, 0x0, 0x0, 0x0,
    0x0, 0xb, 0xff, 0xff, 0xff, 0xff, 0xff, 0xff,
    0xff, 0xff, 0xa0, 0x69, 0x99, 0x9b, 0xfc, 0x99,
    0xef, 0xa9, 0x99, 0x96, 0x0, 0x0, 0x0, 0x5f,
    0x70, 0xb, 0xf1, 0x0, 0x0, 0x0, 0xb, 0xff,
    0xff, 0xff, 0xff, 0xff, 0xff, 0xff, 0xe0, 0x0,
    0xbf, 0x98, 0xbf, 0xc8, 0x8d, 0xf9, 0x88, 0xfe,
    0x0, 0xb, 0xf0, 0x5, 0xf7, 0x0, 0xbf, 0x10,
    0xf, 0xe0, 0x0, 0xbf, 0x10, 0x5f, 0x80, 0xb,
    0xf1, 0x0, 0xfe, 0x0, 0xb, 0xff, 0xff, 0xff,
    0xff, 0xff, 0xff, 0xff, 0xe0, 0x0, 0x57, 0x77,
    0x7d, 0xfa, 0x77, 0x77, 0x77, 0x76, 0x0, 0x0,
    0x0, 0x2, 0xff, 0x20, 0x0, 0x0, 0x0, 0x0,
    0xf, 0xff, 0xff, 0xff, 0xff, 0xff, 0xff, 0xff,
    0xff, 0xf0, 0x99, 0x99, 0xdf, 0xd9, 0x99, 0x9a,
    0xff, 0xa9, 0x99, 0x0, 0x0, 0x3f, 0xf2, 0x0,
    0x0, 0x9f, 0xa0, 0x0, 0x0, 0x0, 0x1e, 0xff,
    0xc8, 0x52, 0xaf, 0xd1, 0x0, 0x0, 0x0, 0x0,
    0x36, 0xad, 0xff, 0xff, 0xf6, 0x0, 0x0, 0x0,
    0x0, 0x13, 0x58, 0xcf, 0xfe, 0xef, 0xff, 0xb6,
    0x10, 0x9, 0xff, 0xff, 0xfe, 0xa5, 0x0, 0x38,
    0xdf, 0xff, 0x30, 0x2a, 0x97, 0x42, 0x0, 0x0,
    0x0, 0x0, 0x28, 0x40, 0x0,

    /* U+8996 "視" */
    0x0, 0x2, 0x90, 0x0, 0x0, 0x0, 0x0, 0x0,
    0x0, 0x0, 0x0, 0x7, 0xfa, 0x0, 0xa, 0xff,
    0xff, 0xff, 0xff, 0x50, 0x0, 0x0, 0xbf, 0x30,
    0xa, 0xf8, 0x77, 0x77, 0xbf, 0x50, 0x7, 0x88,
    0xad, 0x87, 0xa, 0xf1, 0x0, 0x0, 0x7f, 0x50,
    0xd, 0xff, 0xff, 0xff, 0x2a, 0xff, 0xff, 0xff,
    0xff, 0x50, 0x1, 0x22, 0x24, 0xfb, 0xa, 0xf8,
    0x88, 0x88, 0xcf, 0x50, 0x0, 0x0, 0xb, 0xf3,
    0xa, 0xf1, 0x0, 0x0, 0x7f, 0x50, 0x0, 0x0,
    0x8f, 0xa0, 0xa, 0xf8, 0x88, 0x88, 0xcf, 0x50,
    0x0, 0x5, 0xff, 0x30, 0xa, 0xff, 0xff, 0xff,
    0xff, 0x50, 0x0, 0x6f, 0xff, 0xd1, 0xa, 0xf1,
    0x0, 0x0, 0x7f, 0x50, 0x9, 0xff, 0xfe, 0xfe,
    0x2a, 0xf9, 0x88, 0x88, 0xcf, 0x50, 0x3f, 0xe4,
    0xfc, 0x6f, 0x5a, 0xff, 0xff, 0xff, 0xff, 0x50,
    0x9, 0x11, 0xfc, 0x5, 0x0, 0x2f, 0xa0, 0xaf,
    0x10, 0x0, 0x0, 0x1, 0xfc, 0x0, 0x0, 0x4f,
    0x80, 0xaf, 0x10, 0x0, 0x0, 0x1, 0xfc, 0x0,
    0x0, 0x8f, 0x50, 0xaf, 0x10, 0x0, 0x0, 0x1,
    0xfc, 0x0, 0x1, 0xee, 0x0, 0xaf, 0x10, 0xe5,
    0x0, 0x1, 0xfc, 0x0, 0x1c, 0xf7, 0x0, 0xaf,
    0x10, 0xf8, 0x0, 0x1, 0xfc, 0x7, 0xef, 0x90,
    0x0, 0x9f, 0xbb, 0xf5, 0x0, 0x1, 0xfc, 0x8,
    0xd5, 0x0, 0x0, 0x3e, 0xff, 0xc0, 0x0, 0x0,
    0x10, 0x0, 0x0, 0x0, 0x0, 0x0, 0x0, 0x0,

    /* U+89C6 "视" */
    0x0, 0x0, 0x0, 0x0, 0x0, 0x0, 0x0, 0x0,
    0x0, 0x0, 0x0, 0x1a, 0x90, 0x0, 0x1, 0x11,
    0x11, 0x11, 0x11, 0x0, 0x0, 0xc, 0xf6, 0x0,
    0x2f, 0xff, 0xff, 0xff, 0xff, 0x10, 0x0, 0x2,
    0xfc, 0x0, 0x2f, 0xd8, 0x88, 0x88, 0xef, 0x10,
    0x8, 0xaa, 0xda, 0xa2, 0x2f, 0xa0, 0x0, 0x0,
    0xdf, 0x10, 0xc, 0xff, 0xff, 0xfc, 0x2f, 0xa0,
    0x35, 0x0, 0xdf, 0x10, 0x0, 0x0, 0xb, 0xf9,
    0x2f, 0xa0, 0xbf, 0x10, 0xdf, 0x10, 0x0, 0x0,
    0x3f, 0xf1, 0x2f, 0xa0, 0xbf, 0x10, 0xdf, 0x10,
    0x0, 0x0, 0xcf, 0x70, 0x2f, 0xa0, 0xbf, 0x10,
    0xdf, 0x10, 0x0, 0x5, 0xfd, 0x0, 0x2f, 0xa0,
    0xcf, 0x10, 0xdf, 0x10, 0x0, 0x1e, 0xff, 0x30,
    0x2f, 0xa0, 0xdf, 0x0, 0xdf, 0x10, 0x0, 0xcf,
    0xff, 0xe2, 0x2f, 0xa0, 0xee, 0x0, 0xdf, 0x10,
    0x1c, 0xff, 0xf7, 0xfd, 0x2b, 0x72, 0xfb, 0x0,
    0x9b, 0x0, 0xe, 0x9a, 0xf2, 0x77, 0x0, 0x6,
    0xff, 0xb0, 0x0, 0x0, 0x2, 0xa, 0xf2, 0x0,
    0x0, 0xc, 0xff, 0xc0, 0x0, 0x0, 0x0, 0xa,
    0xf2, 0x0, 0x0, 0x5f, 0x8f, 0xc0, 0x6, 0x90,
    0x0, 0xa, 0xf2, 0x0, 0x2, 0xfd, 0xf, 0xc0,
    0x7, 0xf0, 0x0, 0xa, 0xf2, 0x0, 0x3e, 0xf3,
    0xf, 0xc0, 0x8, 0xf0, 0x0, 0xa, 0xf2, 0x8,
    0xff, 0x30, 0xe, 0xf6, 0x6d, 0xb0, 0x0, 0xa,
    0xf2, 0x7, 0xc2, 0x0, 0x7, 0xff, 0xfd, 0x30,
    0x0, 0x0, 0x0, 0x0, 0x0, 0x0, 0x0, 0x0,
    0x0, 0x0,

    /* U+89E3 "解" */
    0x0, 0x8, 0xb1, 0x0, 0x0, 0x0, 0x0, 0x0,
    0x0, 0x0, 0x0, 0xe, 0xe1, 0x1, 0x0, 0xbd,
    0xdd, 0xdd, 0xdd, 0xa0, 0x0, 0x4f, 0xff, 0xff,
    0x70, 0x9b, 0xcf, 0xcb, 0xbf, 0xa0, 0x0, 0xaf,
    0x76, 0xbf, 0x50, 0x0, 0x8f, 0x30, 0xf, 0xa0,
    0x2, 0xfc, 0x0, 0xdd, 0x0, 0x0, 0xee, 0x0,
    0x2f, 0x80, 0xc, 0xfe, 0xcc, 0xfe, 0xc6, 0x9,
    0xf8, 0x0, 0x5f, 0x60, 0x3f, 0xfe, 0xaf, 0xca,
    0xfa, 0xcf, 0xd0, 0x7f, 0xff, 0x20, 0x3, 0xfa,
    0xe, 0x60, 0xf9, 0xdc, 0x10, 0x27, 0x73, 0x0,
    0x0, 0xeb, 0x2e, 0x73, 0xf8, 0x19, 0xb0, 0xad,
    0x0, 0x0, 0x0, 0xef, 0xff, 0xff, 0xf8, 0xe,
    0xe9, 0xef, 0x99, 0x70, 0x0, 0xea, 0xe, 0x60,
    0xf8, 0x4f, 0xff, 0xff, 0xff, 0xc0, 0x0, 0xf9,
    0xe, 0x60, 0xf9, 0xde, 0x10, 0xcf, 0x0, 0x0,
    0x0, 0xfc, 0x8f, 0xb8, 0xf9, 0x86, 0x0, 0xcf,
    0x0, 0x0, 0x1, 0xff, 0xff, 0xff, 0xf8, 0x79,
    0x99, 0xef, 0x99, 0x92, 0x3, 0xf5, 0xe, 0x60,
    0xf8, 0xbf, 0xff, 0xff, 0xff, 0xf4, 0x6, 0xf2,
    0xe, 0x60, 0xf8, 0x0, 0x0, 0xcf, 0x0, 0x0,
    0xb, 0xf0, 0xe, 0x60, 0xf8, 0x0, 0x0, 0xcf,
    0x0, 0x0, 0x2f, 0xa0, 0x8, 0x89, 0xf7, 0x0,
    0x0, 0xcf, 0x0, 0x0, 0x1b, 0x30, 0x0, 0x4f,
    0xd2, 0x0, 0x0, 0xcf, 0x0, 0x0, 0x0, 0x0,
    0x0, 0x0, 0x0, 0x0, 0x0, 0x0, 0x0, 0x0,

    /* U+8A00 "言" */
    0x0, 0x0, 0x0, 0x7, 0xd4, 0x0, 0x0, 0x0,
    0x0, 0x0, 0x0, 0x0, 0x0, 0x5f, 0xe1, 0x0,
    0x0, 0x0, 0x0, 0x0, 0x0, 0x0, 0x0, 0xaf,
    0x90, 0x0, 0x0, 0x0, 0xf, 0xff, 0xff, 0xff,
    0xff, 0xff, 0xff, 0xff, 0xff, 0xf1, 0x99, 0x99,
    0x99, 0x99, 0x99, 0x99, 0x99, 0x99, 0x99, 0x0,
    0x0, 0x0, 0x0, 0x0, 0x0, 0x0, 0x0, 0x0,
    0x0, 0x0, 0x2f, 0xff, 0xff, 0xff, 0xff, 0xff,
    0xf3, 0x0, 0x0, 0x1, 0x88, 0x88, 0x88, 0x88,
    0x88, 0x88, 0x20, 0x0, 0x0, 0x0, 0x0, 0x0,
    0x0, 0x0, 0x0, 0x0, 0x0, 0x0, 0x2, 0xff,
    0xff, 0xff, 0xff, 0xff, 0xff, 0x30, 0x0, 0x0,
    0x19, 0x99, 0x99, 0x99, 0x99, 0x99, 0x92, 0x0,
    0x0, 0x0, 0x0, 0x0, 0x0, 0x0, 0x0, 0x0,
    0x0, 0x0, 0x0, 0x3a, 0xaa, 0xaa, 0xaa, 0xaa,
    0xaa, 0xa4, 0x0, 0x0, 0x5, 0xff, 0xff, 0xff,
    0xff, 0xff, 0xff, 0x70, 0x0, 0x0, 0x5f, 0x80,
    0x0, 0x0, 0x0, 0x7, 0xf7, 0x0, 0x0, 0x5,
    0xf8, 0x0, 0x0, 0x0, 0x0, 0x7f, 0x70, 0x0,
    0x0, 0x5f, 0xd9, 0x99, 0x99, 0x99, 0x9c, 0xf7,
    0x0, 0x0, 0x5, 0xff, 0xff, 0xff, 0xff, 0xff,
    0xff, 0x70, 0x0, 0x0, 0x5f, 0x80, 0x0, 0x0,
    0x0, 0x7, 0xe6, 0x0, 0x0,

    /* U+8A18 "記" */
    0x0, 0x0, 0x0, 0x0, 0x0, 0x0, 0x0, 0x0,
    0x0, 0x0, 0x0, 0x9, 0xe1, 0x0, 0x0, 0x0,
    0x0, 0x0, 0x0, 0x0, 0x0, 0x5, 0xfb, 0x0,
    0x5, 0xff, 0xff, 0xff, 0xff, 0x10, 0x0, 0x0,
    0xca, 0x0, 0x4, 0xdd, 0xdd, 0xdd, 0xff, 0x10,
    0x4f, 0xff, 0xff, 0xff, 0xe0, 0x0, 0x0, 0x0,
    0xcf, 0x10, 0x29, 0x99, 0x99, 0x99, 0x80, 0x0,
    0x0, 0x0, 0xcf, 0x10, 0x0, 0x0, 0x0, 0x0,
    0x0, 0x0, 0x0, 0x0, 0xcf, 0x10, 0x4, 0xff,
    0xff, 0xfd, 0x0, 0x0, 0x0, 0x0, 0xcf, 0x10,
    0x2, 0x77, 0x77, 0x77, 0x0, 0x44, 0x44, 0x44,
    0xdf, 0x10, 0x1, 0x11, 0x11, 0x11, 0x2, 0xff,
    0xff, 0xff, 0xff, 0x10, 0xa, 0xff, 0xff, 0xff,
    0x42, 0xfd, 0x77, 0x77, 0xef, 0x10, 0x4, 0x55,
    0x55, 0x55, 0x12, 0xfb, 0x0, 0x0, 0x78, 0x0,
    0x2, 0x77, 0x77, 0x77, 0x2, 0xfb, 0x0, 0x0,
    0x0, 0x0, 0x6, 0xff, 0xff, 0xfe, 0x2, 0xfb,
    0x0, 0x0, 0x0, 0x0, 0x6, 0xf5, 0x0, 0xbe,
    0x2, 0xfb, 0x0, 0x0, 0x5, 0x50, 0x6, 0xf4,
    0x0, 0xbe, 0x2, 0xfb, 0x0, 0x0, 0x8, 0xf3,
    0x6, 0xf4, 0x0, 0xbe, 0x2, 0xfb, 0x0, 0x0,
    0xa, 0xf1, 0x6, 0xff, 0xff, 0xfe, 0x2, 0xfd,
    0x0, 0x0, 0xd, 0xf0, 0x6, 0xfb, 0x99, 0x99,
    0x0, 0xff, 0xdc, 0xcc, 0xdf, 0xa0, 0x6, 0xf4,
    0x0, 0x0, 0x0, 0x5d, 0xff, 0xff, 0xfc, 0x10,
    0x1, 0x20, 0x0, 0x0, 0x0, 0x0, 0x0, 0x0,
    0x0, 0x0,

    /* U+8A2D "設" */
    0x0, 0x7, 0xb0, 0x0, 0x0, 0x23, 0x33, 0x33,
    0x20, 0x0, 0x0, 0x8, 0xf6, 0x0, 0x0, 0xcf,
    0xff, 0xff, 0xa0, 0x0, 0x0, 0x0, 0xec, 0x0,
    0x0, 0xcf, 0x88, 0x9f, 0xa0, 0x0, 0x8, 0x88,
    0xc8, 0x88, 0x50, 0xde, 0x0, 0x1f, 0xa0, 0x0,
    0x1f, 0xff, 0xff, 0xff, 0xa0, 0xfc, 0x0, 0x1f,
    0xa0, 0x0, 0x0, 0x0, 0x0, 0x0, 0x8, 0xf8,
    0x0, 0xf, 0xb0, 0x0, 0x3, 0xdd, 0xdd, 0xdb,
    0x7f, 0xe1, 0x0, 0xe, 0xfe, 0xe0, 0x2, 0x99,
    0x99, 0x98, 0xce, 0x40, 0x0, 0x4, 0xaa, 0x90,
    0x0, 0x22, 0x22, 0x21, 0x24, 0x11, 0x11, 0x11,
    0x21, 0x0, 0x3, 0xff, 0xff, 0xfd, 0x9f, 0xff,
    0xff, 0xff, 0xff, 0x30, 0x1, 0x44, 0x44, 0x44,
    0x6c, 0xfa, 0xaa, 0xaa, 0xfe, 0x0, 0x1, 0x77,
    0x77, 0x76, 0x9, 0xf5, 0x0, 0x7, 0xf7, 0x0,
    0x3, 0xff, 0xff, 0xfc, 0x1, 0xfe, 0x10, 0x2f,
    0xf1, 0x0, 0x3, 0xf6, 0x0, 0xdc, 0x0, 0x6f,
    0xd3, 0xef, 0x40, 0x0, 0x3, 0xf6, 0x0, 0xdc,
    0x0, 0x9, 0xff, 0xf8, 0x0, 0x0, 0x3, 0xf6,
    0x0, 0xdc, 0x0, 0x19, 0xff, 0xf9, 0x20, 0x0,
    0x3, 0xff, 0xff, 0xfd, 0x4a, 0xff, 0xf9, 0xff,
    0xfb, 0x61, 0x3, 0xfb, 0x88, 0x88, 0xff, 0xfc,
    0x20, 0x3d, 0xff, 0xf2, 0x3, 0xf6, 0x0, 0x0,
    0xbd, 0x50, 0x0, 0x0, 0x6d, 0xa0, 0x0, 0x0,
    0x0, 0x0, 0x10, 0x0, 0x0, 0x0, 0x0, 0x0,

    /* U+8A3C "証" */
    0x0, 0x7, 0x40, 0x0, 0x0, 0x0, 0x0, 0x0,
    0x0, 0x0, 0x0, 0xd, 0xd0, 0x0, 0x39, 0x99,
    0x99, 0x99, 0x99, 0x90, 0x0, 0x7, 0xf3, 0x0,
    0x5f, 0xff, 0xff, 0xff, 0xff, 0xe0, 0x29, 0x9a,
    0xd9, 0x99, 0x12, 0x22, 0x2f, 0xe2, 0x22, 0x20,
    0x4f, 0xff, 0xff, 0xff, 0x0, 0x0, 0xf, 0xe0,
    0x0, 0x0, 0x0, 0x0, 0x0, 0x0, 0x0, 0x0,
    0xf, 0xe0, 0x0, 0x0, 0x5, 0xff, 0xff, 0xf5,
    0xa, 0xf0, 0xf, 0xe0, 0x0, 0x0, 0x2, 0x77,
    0x77, 0x72, 0xb, 0xf0, 0xf, 0xe0, 0x0, 0x0,
    0x0, 0x0, 0x0, 0x0, 0xb, 0xf0, 0xf, 0xfe,
    0xee, 0xa0, 0x9, 0xff, 0xff, 0xf7, 0xb, 0xf0,
    0xf, 0xfe, 0xee, 0xa0, 0x4, 0x77, 0x77, 0x73,
    0xb, 0xf0, 0xf, 0xe0, 0x0, 0x0, 0x0, 0x0,
    0x0, 0x0, 0xb, 0xf0, 0xf, 0xe0, 0x0, 0x0,
    0x6, 0xff, 0xff, 0xf7, 0xb, 0xf0, 0xf, 0xe0,
    0x0, 0x0, 0x6, 0xf9, 0x79, 0xf7, 0xb, 0xf0,
    0xf, 0xe0, 0x0, 0x0, 0x6, 0xf3, 0x2, 0xf7,
    0xb, 0xf0, 0xf, 0xe0, 0x0, 0x0, 0x6, 0xf3,
    0x2, 0xf7, 0xb, 0xf0, 0xf, 0xe0, 0x0, 0x0,
    0x6, 0xfc, 0xbc, 0xf7, 0xdf, 0xfd, 0xdf, 0xfd,
    0xdd, 0xd4, 0x6, 0xfd, 0xcc, 0xc6, 0xff, 0xff,
    0xff, 0xff, 0xff, 0xf5, 0x6, 0xf3, 0x0, 0x0,
    0x0, 0x0, 0x0, 0x0, 0x0, 0x0,

    /* U+8A66 "試" */
    0x0, 0x1a, 0x70, 0x0, 0x0, 0x0, 0x2, 0xd8,
    0x23, 0x0, 0x0, 0xd, 0xf2, 0x0, 0x0, 0x0,
    0x3, 0xfa, 0xce, 0x10, 0x0, 0x4, 0xf7, 0x0,
    0x0, 0x0, 0x2, 0xfa, 0x2f, 0xb0, 0x8, 0x88,
    0xc8, 0x84, 0x11, 0x11, 0x13, 0xfa, 0x18, 0x50,
    0x1f, 0xff, 0xff, 0xf8, 0xef, 0xff, 0xff, 0xff,
    0xff, 0xf5, 0x0, 0x0, 0x0, 0x0, 0x99, 0x99,
    0x9a, 0xfe, 0x99, 0x93, 0x3, 0xff, 0xff, 0xf3,
    0x0, 0x0, 0x1, 0xfc, 0x0, 0x0, 0x1, 0x88,
    0x88, 0x81, 0x0, 0x0, 0x0, 0xfc, 0x0, 0x0,
    0x0, 0x22, 0x22, 0x21, 0xcc, 0xcc, 0xc6, 0xfd,
    0x0, 0x0, 0x3, 0xff, 0xff, 0xf5, 0xff, 0xff,
    0xf7, 0xee, 0x0, 0x0, 0x1, 0x44, 0x44, 0x41,
    0x3, 0xf8, 0x0, 0xdf, 0x0, 0x0, 0x1, 0x77,
    0x77, 0x72, 0x3, 0xf8, 0x0, 0xbf, 0x10, 0x0,
    0x3, 0xff, 0xff, 0xf4, 0x3, 0xf8, 0x0, 0x9f,
    0x30, 0x0, 0x3, 0xf6, 0x6, 0xf4, 0x3, 0xf8,
    0x0, 0x7f, 0x50, 0x10, 0x3, 0xf5, 0x5, 0xf4,
    0x4, 0xfd, 0xcf, 0x6f, 0x80, 0xd3, 0x3, 0xf6,
    0x6, 0xf9, 0xdf, 0xff, 0xfb, 0x2f, 0xb0, 0xf6,
    0x3, 0xff, 0xff, 0xf7, 0xfe, 0x94, 0x0, 0xc,
    0xf3, 0xf4, 0x3, 0xfb, 0x88, 0x82, 0x30, 0x0,
    0x0, 0x5, 0xff, 0xf0, 0x3, 0xf5, 0x0, 0x0,
    0x0, 0x0, 0x0, 0x0, 0x9e, 0x70,

    /* U+8A72 "該" */
    0x0, 0x7, 0xa0, 0x0, 0x0, 0x0, 0x1a, 0x80,
    0x0, 0x0, 0x0, 0x8, 0xf5, 0x0, 0x0, 0x0,
    0xe, 0xf1, 0x0, 0x0, 0x0, 0x0, 0xeb, 0x0,
    0x4, 0x44, 0x4b, 0xf8, 0x44, 0x41, 0x8, 0x88,
    0xc8, 0x88, 0x6f, 0xff, 0xff, 0xff, 0xff, 0xf4,
    0x1f, 0xff, 0xff, 0xff, 0x96, 0x67, 0xfe, 0x66,
    0x66, 0x62, 0x0, 0x0, 0x0, 0x0, 0x0, 0x7,
    0xf6, 0x0, 0x0, 0x0, 0x3, 0xff, 0xff, 0xfa,
    0x0, 0x1f, 0xc0, 0x8, 0xf4, 0x0, 0x2, 0x88,
    0x88, 0x85, 0x0, 0xbf, 0x64, 0x6f, 0xc0, 0x0,
    0x0, 0x22, 0x22, 0x21, 0xd, 0xff, 0xff, 0xff,
    0x20, 0x0, 0x3, 0xff, 0xff, 0xfb, 0x8, 0x98,
    0x7f, 0xf4, 0x4, 0x0, 0x1, 0x44, 0x44, 0x43,
    0x0, 0x2, 0xdf, 0x60, 0x7f, 0xb0, 0x1, 0x77,
    0x77, 0x75, 0x0, 0x6e, 0xf5, 0x2, 0xff, 0x20,
    0x3, 0xff, 0xff, 0xfb, 0x2c, 0xfd, 0x30, 0x1d,
    0xf6, 0x0, 0x3, 0xf5, 0x0, 0xdb, 0x1d, 0x70,
    0x2, 0xdf, 0x70, 0x0, 0x3, 0xf5, 0x0, 0xdb,
    0x0, 0x0, 0x5e, 0xff, 0x60, 0x0, 0x3, 0xf5,
    0x0, 0xdb, 0x0, 0x1a, 0xff, 0x8f, 0xf7, 0x0,
    0x3, 0xff, 0xff, 0xfb, 0x3a, 0xff, 0xe3, 0x4,
    0xff, 0x70, 0x3, 0xfa, 0x88, 0x89, 0xff, 0xfa,
    0x10, 0x0, 0x6f, 0xf2, 0x3, 0xf5, 0x0, 0x0,
    0xeb, 0x30, 0x0, 0x0, 0xa, 0x90, 0x0, 0x0,
    0x0, 0x0, 0x10, 0x0, 0x0, 0x0, 0x0, 0x0,

    /* U+8A8C "誌" */
    0x0, 0x0, 0x0, 0x0, 0x0, 0x0, 0x0, 0x0,
    0x0, 0x0, 0x0, 0x1a, 0x80, 0x0, 0x0, 0x0,
    0x5d, 0x50, 0x0, 0x0, 0x0, 0xc, 0xf4, 0x0,
    0x0, 0x0, 0x6f, 0x50, 0x0, 0x0, 0x0, 0x2,
    0xfb, 0x0, 0x0, 0x0, 0x7f, 0x60, 0x0, 0x0,
    0x8, 0x88, 0xc8, 0x85, 0xcf, 0xff, 0xff, 0xff,
    0xff, 0xf2, 0x1f, 0xff, 0xff, 0xfa, 0x8a, 0xaa,
    0xcf, 0xca, 0xaa, 0xa1, 0x0, 0x0, 0x0, 0x0,
    0x0, 0x0, 0x6f, 0x50, 0x0, 0x0, 0x4, 0xff,
    0xff, 0xf0, 0x0, 0x0, 0x6f, 0x50, 0x0, 0x0,
    0x2, 0x88, 0x88, 0x80, 0x4c, 0xcc, 0xef, 0xdc,
    0xcc, 0x90, 0x0, 0x22, 0x22, 0x20, 0x6f, 0xff,
    0xff, 0xff, 0xff, 0xc0, 0x4, 0xff, 0xff, 0xf0,
    0x0, 0x1, 0xcd, 0x20, 0x0, 0x0, 0x1, 0x44,
    0x44, 0x40, 0x0, 0x0, 0x6f, 0xe2, 0x0, 0x0,
    0x2, 0x77, 0x77, 0x71, 0x13, 0x1f, 0xa4, 0xfa,
    0x25, 0x0, 0x4, 0xff, 0xff, 0xf2, 0x7f, 0x4f,
    0xa0, 0x30, 0xbf, 0x20, 0x4, 0xf3, 0x5, 0xf2,
    0xaf, 0x1f, 0xa0, 0x0, 0x3f, 0xa0, 0x4, 0xf2,
    0x5, 0xf2, 0xed, 0x1f, 0xa0, 0xd, 0x7b, 0xf0,
    0x4, 0xf3, 0x5, 0xf7, 0xf7, 0x1f, 0xa0, 0xf,
    0x96, 0xf5, 0x4, 0xff, 0xff, 0xf4, 0xb1, 0xf,
    0xe9, 0xaf, 0x61, 0x92, 0x4, 0xf9, 0x88, 0x81,
    0x0, 0x9, 0xff, 0xfd, 0x10, 0x0, 0x4, 0xf2,
    0x0, 0x0, 0x0, 0x0, 0x0, 0x0, 0x0, 0x0,

    /* U+8A8D "認" */
    0x0, 0x1a, 0x40, 0x0, 0x0, 0x0, 0x0, 0x0,
    0x0, 0x0, 0x0, 0x1e, 0xe1, 0x0, 0xf, 0xff,
    0xff, 0xff, 0xff, 0xb0, 0x0, 0x5, 0xf7, 0x0,
    0x8, 0x88, 0xaf, 0xc8, 0x9f, 0xa0, 0x28, 0x88,
    0xd8, 0x88, 0x7, 0xc0, 0x6f, 0x50, 0x2f, 0xa0,
    0x4f, 0xff, 0xff, 0xff, 0x1e, 0x90, 0xaf, 0x20,
    0x3f, 0x90, 0x0, 0x0, 0x0, 0x0, 0x9f, 0x21,
    0xfc, 0x0, 0x4f, 0x70, 0x7, 0xff, 0xff, 0xf5,
    0x36, 0x9, 0xf6, 0x0, 0x6f, 0x60, 0x3, 0x88,
    0x88, 0x82, 0x0, 0x7f, 0xc0, 0x77, 0xdf, 0x30,
    0x1, 0x22, 0x22, 0x20, 0x1b, 0xfe, 0x10, 0xdf,
    0xfc, 0x0, 0x7, 0xff, 0xff, 0xf5, 0x1e, 0xa1,
    0x0, 0x24, 0x30, 0x0, 0x2, 0x44, 0x44, 0x41,
    0x1, 0x0, 0xdb, 0x0, 0x0, 0x0, 0x3, 0x77,
    0x77, 0x73, 0x24, 0x5a, 0x7f, 0x60, 0x66, 0x0,
    0x7, 0xff, 0xff, 0xf7, 0x6f, 0x8f, 0x1c, 0xe1,
    0xbe, 0x0, 0x7, 0xf1, 0x2, 0xf7, 0x9d, 0x8f,
    0x13, 0xb1, 0x4f, 0x70, 0x7, 0xf1, 0x1, 0xf7,
    0xca, 0x8f, 0x10, 0x1, 0x4d, 0xe0, 0x7, 0xf1,
    0x2, 0xf9, 0xf7, 0x8f, 0x10, 0x3, 0xfb, 0xf4,
    0x7, 0xff, 0xff, 0xfd, 0xf2, 0x8f, 0x10, 0x4,
    0xf4, 0xd2, 0x7, 0xf8, 0x88, 0x83, 0x30, 0x7f,
    0xca, 0xad, 0xe0, 0x0, 0x7, 0xe1, 0x0, 0x0,
    0x0, 0x1c, 0xff, 0xff, 0x60, 0x0,

    /* U+8A9E "語" */
    0x0, 0x6, 0xc0, 0x0, 0x1, 0x11, 0x11, 0x11,
    0x11, 0x10, 0x0, 0x7, 0xf8, 0x0, 0x4f, 0xff,
    0xff, 0xff, 0xff, 0xf0, 0x0, 0x0, 0xee, 0x0,
    0x27, 0x79, 0xfd, 0x77, 0x77, 0x70, 0x8, 0x88,
    0xb9, 0x88, 0x30, 0x5, 0xf8, 0x0, 0x0, 0x0,
    0x1f, 0xff, 0xff, 0xff, 0x69, 0xbd, 0xfd, 0xbb,
    0xb7, 0x0, 0x0, 0x0, 0x0, 0x0, 0x9, 0xce,
    0xfc, 0xcc, 0xfa, 0x0, 0x3, 0xff, 0xff, 0xfb,
    0x0, 0xd, 0xf0, 0x1, 0xfa, 0x0, 0x1, 0x88,
    0x88, 0x86, 0x0, 0xf, 0xc0, 0x1, 0xfa, 0x0,
    0x0, 0x22, 0x22, 0x21, 0x68, 0x9f, 0xd8, 0x88,
    0xfd, 0x83, 0x3, 0xff, 0xff, 0xfc, 0xdf, 0xff,
    0xff, 0xff, 0xff, 0xf7, 0x1, 0x44, 0x44, 0x43,
    0x11, 0x11, 0x11, 0x11, 0x11, 0x10, 0x2, 0x77,
    0x77, 0x76, 0x8, 0xbb, 0xbb, 0xbb, 0xbb, 0x30,
    0x4, 0xff, 0xff, 0xfd, 0xb, 0xfe, 0xee, 0xee,
    0xff, 0x40, 0x4, 0xf6, 0x0, 0xcd, 0xb, 0xf0,
    0x0, 0x0, 0x8f, 0x40, 0x4, 0xf5, 0x0, 0xcd,
    0xb, 0xf0, 0x0, 0x0, 0x8f, 0x40, 0x4, 0xf5,
    0x0, 0xcd, 0xb, 0xf0, 0x0, 0x0, 0x8f, 0x40,
    0x4, 0xff, 0xff, 0xfd, 0xb, 0xfb, 0xaa, 0xaa,
    0xdf, 0x40, 0x4, 0xfb, 0x99, 0x98, 0xb, 0xff,
    0xff, 0xff, 0xff, 0x40, 0x4, 0xf5, 0x0, 0x0,
    0xb, 0xf0, 0x0, 0x0, 0x7e, 0x40,

    /* U+8AA4 "誤" */
    0x0, 0x8, 0x90, 0x0, 0x0, 0x0, 0x0, 0x0,
    0x0, 0x0, 0x0, 0xa, 0xf3, 0x0, 0xc, 0xff,
    0xff, 0xff, 0xff, 0x10, 0x0, 0x2, 0xf9, 0x0,
    0xc, 0xfa, 0xaa, 0xaa, 0xef, 0x10, 0x28, 0x88,
    0xc8, 0x88, 0xc, 0xe0, 0x0, 0x0, 0xbf, 0x10,
    0x4f, 0xff, 0xff, 0xff, 0x1c, 0xe0, 0x0, 0x0,
    0xbf, 0x10, 0x0, 0x0, 0x0, 0x0, 0xc, 0xfb,
    0xbb, 0xbb, 0xef, 0x10, 0x6, 0xff, 0xff, 0xf5,
    0xa, 0xcc, 0xcc, 0xcc, 0xcc, 0x0, 0x3, 0x88,
    0x88, 0x83, 0x0, 0x0, 0x0, 0x0, 0x0, 0x0,
    0x0, 0x22, 0x22, 0x20, 0x2c, 0xcc, 0xcc, 0xcc,
    0xcc, 0x60, 0x6, 0xff, 0xff, 0xf6, 0x3f, 0xff,
    0xff, 0xff, 0xff, 0x70, 0x2, 0x44, 0x44, 0x41,
    0x0, 0x0, 0x3f, 0x80, 0x0, 0x0, 0x2, 0x44,
    0x44, 0x42, 0x0, 0x0, 0x5f, 0x70, 0x0, 0x0,
    0x7, 0xff, 0xff, 0xf8, 0xdf, 0xff, 0xff, 0xff,
    0xff, 0xf1, 0x7, 0xf6, 0x45, 0xf8, 0x89, 0x99,
    0xff, 0xe9, 0x99, 0x91, 0x7, 0xf2, 0x1, 0xf8,
    0x0, 0x3, 0xff, 0xf4, 0x0, 0x0, 0x7, 0xf2,
    0x2, 0xf8, 0x0, 0x3e, 0xf5, 0xef, 0x30, 0x0,
    0x7, 0xff, 0xff, 0xf8, 0x28, 0xff, 0x90, 0x4f,
    0xfb, 0x30, 0x7, 0xf9, 0x88, 0x85, 0xef, 0xfa,
    0x0, 0x7, 0xff, 0xf1, 0x7, 0xf2, 0x0, 0x0,
    0x7d, 0x50, 0x0, 0x0, 0x3d, 0x70, 0x0, 0x0,
    0x0, 0x0, 0x0, 0x0, 0x0, 0x0, 0x0, 0x0,

    /* U+8AAD "読" */
    0x0, 0x0, 0x0, 0x0, 0x0, 0x0, 0x0, 0x0,
    0x0, 0x0, 0x0, 0xa, 0x80, 0x0, 0x0, 0x0,
    0x1e, 0xa0, 0x0, 0x0, 0x0, 0xc, 0xf2, 0x0,
    0x0, 0x0, 0x2f, 0xb0, 0x0, 0x0, 0x0, 0x4,
    0xf8, 0x0, 0x9f, 0xff, 0xff, 0xff, 0xff, 0xf2,
    0x5, 0x55, 0xb6, 0x54, 0x58, 0x88, 0x9f, 0xe8,
    0x88, 0x81, 0x1f, 0xff, 0xff, 0xfc, 0x1, 0x11,
    0x3f, 0xc1, 0x11, 0x0, 0x0, 0x0, 0x0, 0x0,
    0xe, 0xff, 0xff, 0xff, 0xff, 0x70, 0x4, 0xff,
    0xff, 0xf2, 0x3, 0x44, 0x44, 0x44, 0x44, 0x10,
    0x2, 0x99, 0x99, 0x91, 0x59, 0x99, 0x99, 0x99,
    0x99, 0x92, 0x0, 0x0, 0x0, 0x0, 0x9f, 0xff,
    0xff, 0xff, 0xff, 0xf3, 0x4, 0xff, 0xff, 0xf2,
    0x9f, 0x33, 0x33, 0x33, 0x39, 0xf3, 0x2, 0x77,
    0x77, 0x71, 0x9f, 0x1, 0x10, 0x0, 0x6, 0xf3,
    0x2, 0x77, 0x77, 0x72, 0x34, 0xd, 0xd0, 0x8f,
    0x22, 0x41, 0x4, 0xff, 0xff, 0xf5, 0x0, 0xe,
    0xc0, 0x8f, 0x20, 0x0, 0x4, 0xf5, 0x5, 0xf5,
    0x0, 0xf, 0xb0, 0x8f, 0x20, 0x0, 0x4, 0xf4,
    0x4, 0xf5, 0x0, 0x5f, 0x90, 0x8f, 0x20, 0x81,
    0x4, 0xf5, 0x5, 0xf5, 0x1, 0xef, 0x40, 0x8f,
    0x20, 0xf8, 0x4, 0xff, 0xff, 0xf5, 0x2d, 0xfb,
    0x0, 0x8f, 0x30, 0xf7, 0x4, 0xfa, 0x88, 0x86,
    0xff, 0xf2, 0x0, 0x7f, 0xba, 0xf4, 0x4, 0xf4,
    0x0, 0x0, 0xdd, 0x20, 0x0, 0x2d, 0xff, 0xb0,
    0x0, 0x0, 0x0, 0x0, 0x10, 0x0, 0x0, 0x0,
    0x0, 0x0,

    /* U+8ABF "調" */
    0x0, 0x7, 0x80, 0x0, 0x0, 0x0, 0x0, 0x0,
    0x0, 0x0, 0x0, 0x9f, 0x30, 0x2, 0xff, 0xff,
    0xff, 0xff, 0xfd, 0x0, 0x1, 0xf9, 0x0, 0x2f,
    0xb9, 0x99, 0x99, 0x9e, 0xd0, 0x88, 0x8c, 0x88,
    0x62, 0xf5, 0x0, 0xc6, 0x0, 0xbd, 0x1f, 0xff,
    0xff, 0xfd, 0x2f, 0x54, 0x5f, 0xa5, 0x1b, 0xd0,
    0x0, 0x0, 0x0, 0x2, 0xf5, 0xae, 0xff, 0xe4,
    0xbd, 0x4, 0xff, 0xff, 0xf3, 0x2f, 0x50, 0xe,
    0x70, 0xb, 0xd0, 0x28, 0x88, 0x88, 0x12, 0xf6,
    0x55, 0xfa, 0x53, 0xbd, 0x0, 0x22, 0x22, 0x20,
    0x2f, 0x6f, 0xff, 0xff, 0xab, 0xd0, 0x4f, 0xff,
    0xff, 0x33, 0xf5, 0x22, 0x22, 0x21, 0xbd, 0x1,
    0x44, 0x44, 0x41, 0x4f, 0x55, 0x66, 0x66, 0x1b,
    0xd0, 0x27, 0x77, 0x77, 0x24, 0xf4, 0xcf, 0xef,
    0xf3, 0xbd, 0x4, 0xff, 0xff, 0xf4, 0x5f, 0x2c,
    0x80, 0x1f, 0x3b, 0xd0, 0x4f, 0x30, 0x4f, 0x47,
    0xf0, 0xc8, 0x1, 0xf3, 0xbd, 0x4, 0xf2, 0x3,
    0xf4, 0xae, 0xc, 0xff, 0xff, 0x3b, 0xd0, 0x4f,
    0x30, 0x4f, 0x4e, 0xa0, 0xcb, 0x66, 0x61, 0xbd,
    0x4, 0xff, 0xff, 0xf9, 0xf5, 0x3, 0x20, 0x0,
    0xb, 0xd0, 0x4f, 0x98, 0x89, 0xfe, 0x0, 0x0,
    0x0, 0x88, 0xec, 0x4, 0xf2, 0x0, 0x8, 0x70,
    0x0, 0x0, 0xc, 0xff, 0x60, 0x0, 0x0, 0x0,
    0x0, 0x0, 0x0, 0x0, 0x12, 0x0,

    /* U+8ACB "請" */
    0x0, 0x8, 0x80, 0x0, 0x0, 0x0, 0x4d, 0x60,
    0x0, 0x0, 0x0, 0xb, 0xf2, 0x0, 0x26, 0x66,
    0x9f, 0xa6, 0x66, 0x40, 0x0, 0x2, 0xf9, 0x0,
    0x5f, 0xff, 0xff, 0xff, 0xff, 0xa0, 0x17, 0x77,
    0xc8, 0x77, 0x3, 0x44, 0x8f, 0x94, 0x44, 0x10,
    0x4f, 0xff, 0xff, 0xff, 0xe, 0xff, 0xff, 0xff,
    0xff, 0x50, 0x0, 0x0, 0x0, 0x0, 0x0, 0x0,
    0x6f, 0x70, 0x0, 0x0, 0x5, 0xcc, 0xcc, 0xc4,
    0xad, 0xdd, 0xef, 0xed, 0xdd, 0xd1, 0x4, 0xaa,
    0xaa, 0xa3, 0x79, 0x99, 0x99, 0x99, 0x99, 0x90,
    0x0, 0x11, 0x11, 0x10, 0x3, 0x66, 0x66, 0x66,
    0x66, 0x0, 0x6, 0xff, 0xff, 0xf5, 0x7, 0xff,
    0xff, 0xff, 0xfe, 0x0, 0x2, 0x44, 0x44, 0x41,
    0x7, 0xf3, 0x0, 0x0, 0xde, 0x0, 0x3, 0x88,
    0x88, 0x83, 0x7, 0xff, 0xff, 0xff, 0xfe, 0x0,
    0x7, 0xff, 0xff, 0xf7, 0x7, 0xf8, 0x55, 0x55,
    0xee, 0x0, 0x7, 0xf2, 0x12, 0xf7, 0x7, 0xf7,
    0x55, 0x55, 0xee, 0x0, 0x7, 0xf1, 0x1, 0xf7,
    0x7, 0xff, 0xff, 0xff, 0xfe, 0x0, 0x7, 0xf2,
    0x2, 0xf7, 0x7, 0xf3, 0x0, 0x0, 0xde, 0x0,
    0x7, 0xff, 0xff, 0xf7, 0x7, 0xf3, 0x0, 0x0,
    0xde, 0x0, 0x7, 0xf8, 0x88, 0x83, 0x7, 0xf3,
    0x0, 0x89, 0xfd, 0x0, 0x5, 0xc1, 0x0, 0x0,
    0x7, 0xf3, 0x0, 0xbf, 0xd5, 0x0,

    /* U+8AD6 "論" */
    0x0, 0x3c, 0x30, 0x0, 0x0, 0x0, 0x96, 0x0,
    0x0, 0x0, 0x0, 0x2f, 0xc0, 0x0, 0x0, 0x4,
    0xfe, 0x0, 0x0, 0x0, 0x0, 0x9, 0xf3, 0x0,
    0x0, 0x3f, 0xff, 0x70, 0x0, 0x0, 0x28, 0x8a,
    0xa8, 0x80, 0x3, 0xef, 0x5c, 0xf8, 0x0, 0x0,
    0x4f, 0xff, 0xff, 0xf0, 0x5f, 0xf5, 0x1, 0xdf,
    0xb2, 0x0, 0x0, 0x0, 0x0, 0x2b, 0xff, 0xb6,
    0x66, 0x8f, 0xff, 0x90, 0x8, 0xff, 0xff, 0xaf,
    0xdc, 0xff, 0xff, 0xff, 0xaf, 0xa0, 0x4, 0x88,
    0x88, 0x35, 0x1, 0x22, 0x22, 0x22, 0x2, 0x0,
    0x1, 0x22, 0x22, 0x10, 0x44, 0x44, 0x44, 0x44,
    0x43, 0x0, 0x8, 0xff, 0xff, 0x72, 0xff, 0xff,
    0xff, 0xff, 0xfd, 0x0, 0x2, 0x44, 0x44, 0x22,
    0xf7, 0x8f, 0x4a, 0xd4, 0xcd, 0x0, 0x6, 0x88,
    0x88, 0x52, 0xf3, 0x4f, 0x8, 0xc0, 0xbd, 0x0,
    0xa, 0xfe, 0xef, 0x92, 0xfa, 0xaf, 0x8c, 0xe8,
    0xdd, 0x0, 0xa, 0xe0, 0xf, 0x92, 0xff, 0xff,
    0xff, 0xff, 0xfd, 0x0, 0xa, 0xe0, 0xf, 0x92,
    0xf4, 0x5f, 0x8, 0xc0, 0xbd, 0x0, 0xa, 0xe0,
    0xf, 0x92, 0xf3, 0x4f, 0x8, 0xc0, 0xbd, 0x0,
    0xa, 0xff, 0xff, 0x92, 0xf3, 0x4f, 0x8, 0xc0,
    0xbd, 0x0, 0xa, 0xf8, 0x88, 0x52, 0xf3, 0x4f,
    0x8, 0xc8, 0xfc, 0x0, 0xa, 0xe0, 0x0, 0x2,
    0xf3, 0x4f, 0x8, 0xc7, 0xc4, 0x0, 0x2, 0x30,
    0x0, 0x0, 0x0, 0x0, 0x0, 0x0, 0x0, 0x0,

    /* U+8B49 "證" */
    0x0, 0x8, 0x60, 0x0, 0x0, 0x0, 0x1, 0x73,
    0x1, 0x0, 0x0, 0xc, 0xf1, 0x0, 0x7f, 0xff,
    0xf3, 0xfa, 0xbd, 0x0, 0x0, 0x2, 0xf8, 0x0,
    0x37, 0x7f, 0xe0, 0xcf, 0xe4, 0x0, 0x8, 0x88,
    0xc8, 0x86, 0x78, 0x5f, 0x90, 0x5f, 0x76, 0xd2,
    0x1f, 0xff, 0xff, 0xfc, 0xaf, 0xff, 0x10, 0xd,
    0xff, 0x80, 0x0, 0x0, 0x0, 0x0, 0xa, 0xfc,
    0x55, 0x59, 0xfc, 0x0, 0x4, 0xff, 0xff, 0xf2,
    0x5f, 0xdf, 0xff, 0xff, 0xbf, 0xc1, 0x2, 0x88,
    0x88, 0x84, 0xfe, 0x21, 0x11, 0x11, 0xb, 0xf7,
    0x0, 0x22, 0x22, 0x20, 0x98, 0xaa, 0xaa, 0xaa,
    0xa7, 0x60, 0x4, 0xff, 0xff, 0xf2, 0x8, 0xfe,
    0xdd, 0xde, 0xfa, 0x0, 0x1, 0x44, 0x44, 0x40,
    0x8, 0xf1, 0x0, 0x1, 0xfa, 0x0, 0x2, 0x77,
    0x77, 0x71, 0x8, 0xf3, 0x11, 0x13, 0xfa, 0x0,
    0x5, 0xff, 0xff, 0xf3, 0x8, 0xff, 0xff, 0xff,
    0xfa, 0x0, 0x5, 0xf3, 0x15, 0xf3, 0x3, 0x8a,
    0x55, 0x5b, 0xb4, 0x0, 0x5, 0xf1, 0x3, 0xf3,
    0x0, 0xcf, 0x20, 0xe, 0xf1, 0x0, 0x5, 0xf2,
    0x4, 0xf3, 0x0, 0x6f, 0x80, 0x4f, 0x90, 0x0,
    0x5, 0xff, 0xff, 0xf3, 0x0, 0x2f, 0xa0, 0x9f,
    0x30, 0x0, 0x5, 0xf9, 0x88, 0x82, 0x88, 0x8e,
    0x88, 0xff, 0x88, 0x82, 0x5, 0xf1, 0x0, 0x1,
    0xff, 0xff, 0xff, 0xff, 0xff, 0xf5, 0x1, 0x30,
    0x0, 0x0, 0x0, 0x0, 0x0, 0x0, 0x0, 0x0,

    /* U+8B58 "識" */
    0x0, 0x0, 0x0, 0x0, 0x0, 0x0, 0x0, 0x0,
    0x0, 0x0, 0x0, 0x5c, 0x0, 0x0, 0xa, 0x90,
    0x2, 0xf8, 0x0, 0x0, 0x0, 0x3f, 0x70, 0x0,
    0x9, 0xf2, 0x1, 0xf8, 0x77, 0x0, 0x0, 0xb,
    0xd0, 0xc, 0xef, 0xff, 0xe6, 0xf9, 0xbf, 0x10,
    0x7, 0x7a, 0x87, 0x59, 0xcb, 0xad, 0xb4, 0xf9,
    0x3f, 0x70, 0xf, 0xff, 0xff, 0xb1, 0xf5, 0xe,
    0xa0, 0xfa, 0xd, 0xb0, 0x0, 0x0, 0x0, 0x0,
    0xd9, 0x2f, 0x50, 0xfa, 0x2, 0x0, 0x5, 0xff,
    0xff, 0x7f, 0xff, 0xff, 0xff, 0xff, 0xff, 0xf3,
    0x2, 0x77, 0x77, 0x49, 0x99, 0x99, 0x99, 0xfe,
    0x99, 0x92, 0x0, 0x11, 0x11, 0x2, 0x55, 0x55,
    0x50, 0xcd, 0x2, 0x0, 0x5, 0xff, 0xff, 0x47,
    0xff, 0xff, 0xf2, 0xbe, 0xd, 0xc0, 0x2, 0x55,
    0x55, 0x17, 0xf2, 0x7, 0xf2, 0xaf, 0x4f, 0x80,
    0x1, 0x55, 0x55, 0x17, 0xf7, 0x5a, 0xf2, 0x8f,
    0xcf, 0x20, 0x5, 0xff, 0xff, 0x47, 0xff, 0xff,
    0xf2, 0x5f, 0xfa, 0x0, 0x5, 0xf2, 0x3f, 0x47,
    0xf1, 0x6, 0xf2, 0x3f, 0xf2, 0x0, 0x5, 0xf0,
    0x1f, 0x47, 0xf8, 0x7b, 0xf2, 0x8f, 0xa0, 0x91,
    0x5, 0xf0, 0x1f, 0x47, 0xfd, 0xde, 0xf9, 0xff,
    0xd0, 0xf4, 0x5, 0xff, 0xff, 0x47, 0xf1, 0x2,
    0xbf, 0xc8, 0xf7, 0xf1, 0x5, 0xf8, 0x88, 0x21,
    0x40, 0x6, 0xfd, 0x11, 0xff, 0xd0, 0x5, 0xd0,
    0x0, 0x0, 0x0, 0x0, 0xa1, 0x0, 0x6e, 0x50,

    /* U+8B70 "議" */
    0x0, 0x29, 0x10, 0x0, 0x5, 0xb1, 0x0, 0x8,
    0xa1, 0x0, 0x0, 0x1f, 0x80, 0x0, 0x2, 0xf9,
    0x0, 0x1f, 0xa0, 0x0, 0x0, 0xb, 0xe0, 0x1,
    0xff, 0xff, 0xff, 0xff, 0xff, 0xa0, 0x27, 0x7a,
    0x97, 0x71, 0x55, 0x55, 0xdf, 0x65, 0x55, 0x30,
    0x4f, 0xff, 0xff, 0xf1, 0x49, 0x99, 0xef, 0x99,
    0x99, 0x0, 0x0, 0x0, 0x0, 0x0, 0x49, 0x99,
    0xef, 0x99, 0x99, 0x0, 0x8, 0xff, 0xff, 0xa4,
    0x55, 0x55, 0xdf, 0x65, 0x55, 0x50, 0x4, 0x77,
    0x77, 0x5c, 0xff, 0xff, 0xff, 0xff, 0xff, 0xf0,
    0x0, 0x11, 0x11, 0x11, 0x11, 0x36, 0x74, 0x72,
    0x42, 0x10, 0x8, 0xff, 0xff, 0xa5, 0xce, 0xff,
    0xc7, 0xf4, 0xed, 0x10, 0x3, 0x55, 0x55, 0x32,
    0x66, 0xf8, 0x4, 0xf4, 0x1d, 0x90, 0x3, 0x55,
    0x55, 0x37, 0x9a, 0xfc, 0x9b, 0xfb, 0x9a, 0x90,
    0x9, 0xff, 0xff, 0xaa, 0xdd, 0xfe, 0xdd, 0xfe,
    0xdd, 0xd1, 0x9, 0xc1, 0x1c, 0xa0, 0x2, 0xf8,
    0x22, 0xf9, 0x48, 0x0, 0x9, 0xb0, 0xc, 0xa8,
    0xbd, 0xff, 0xf7, 0xbd, 0xeb, 0x0, 0x9, 0xb0,
    0xc, 0xaa, 0xba, 0xfa, 0x20, 0x8f, 0xd0, 0x20,
    0x9, 0xff, 0xff, 0xa0, 0x2, 0xf8, 0x7, 0xff,
    0x80, 0xd3, 0x9, 0xe8, 0x88, 0x51, 0x58, 0xf7,
    0xcf, 0xbd, 0xf8, 0xf2, 0x7, 0x80, 0x0, 0x0,
    0xef, 0xc2, 0x55, 0x1, 0xcf, 0xa0, 0x0, 0x0,
    0x0, 0x0, 0x0, 0x0, 0x0, 0x0, 0x0, 0x0,

    /* U+8B77 "護" */
    0x0, 0x8, 0x90, 0x0, 0x0, 0x3d, 0x40, 0x1d,
    0x80, 0x0, 0x0, 0xa, 0xf3, 0x1, 0xbb, 0xcf,
    0xdb, 0xcf, 0xeb, 0xb3, 0x0, 0x2, 0xf9, 0x1,
    0xbb, 0xcf, 0xcb, 0xcf, 0xeb, 0xb3, 0x28, 0x88,
    0xc8, 0x88, 0x1, 0x9c, 0x58, 0x2b, 0x70, 0x0,
    0x4f, 0xff, 0xff, 0xff, 0x9, 0xf3, 0x1e, 0x90,
    0x0, 0x0, 0x0, 0x0, 0x0, 0x0, 0x2f, 0xff,
    0xff, 0xff, 0xff, 0xa0, 0x6, 0xff, 0xff, 0xf5,
    0xdf, 0xe2, 0x29, 0xf4, 0x22, 0x0, 0x3, 0x88,
    0x88, 0x87, 0xff, 0xfd, 0xde, 0xfe, 0xdd, 0x20,
    0x0, 0x22, 0x22, 0x20, 0x7a, 0xe2, 0x29, 0xf3,
    0x22, 0x0, 0x6, 0xff, 0xff, 0xf4, 0xa, 0xfd,
    0xde, 0xfd, 0xdd, 0x20, 0x2, 0x44, 0x44, 0x41,
    0xa, 0xf3, 0x39, 0xf4, 0x33, 0x30, 0x3, 0x66,
    0x66, 0x62, 0xa, 0xff, 0xff, 0xff, 0xff, 0xf0,
    0x7, 0xff, 0xff, 0xf5, 0x28, 0xa4, 0x44, 0x44,
    0x43, 0x0, 0x7, 0xf3, 0x14, 0xf5, 0x8f, 0xff,
    0xff, 0xff, 0xff, 0x20, 0x7, 0xf1, 0x3, 0xf5,
    0x0, 0x9f, 0x60, 0x3c, 0xf6, 0x0, 0x7, 0xf2,
    0x4, 0xf5, 0x0, 0xb, 0xfb, 0xff, 0x50, 0x0,
    0x7, 0xff, 0xff, 0xf5, 0x3, 0x7a, 0xff, 0xfd,
    0x74, 0x10, 0x7, 0xf9, 0x88, 0x85, 0xff, 0xff,
    0xc5, 0xbf, 0xff, 0xf5, 0x7, 0xf1, 0x0, 0x0,
    0xcf, 0xa4, 0x0, 0x3, 0xae, 0xd0, 0x0, 0x0,
    0x0, 0x0, 0x20, 0x0, 0x0, 0x0, 0x0, 0x10,

    /* U+8B80 "讀" */
    0x0, 0x49, 0x10, 0x0, 0x0, 0x0, 0xdb, 0x0,
    0x0, 0x0, 0x6, 0xfb, 0x0, 0x6f, 0xff, 0xff,
    0xff, 0xff, 0xf9, 0x0, 0xb, 0xf4, 0x1, 0x44,
    0x44, 0xfe, 0x44, 0x44, 0x24, 0x88, 0xbd, 0x98,
    0xa, 0xcc, 0xcf, 0xfc, 0xcc, 0xc0, 0x6f, 0xff,
    0xff, 0xf1, 0x45, 0x55, 0x55, 0x55, 0x55, 0x0,
    0x0, 0x0, 0x0, 0x4e, 0xee, 0xee, 0xee, 0xee,
    0xe7, 0x9, 0xff, 0xff, 0x85, 0xf1, 0x2f, 0x0,
    0xf2, 0x1f, 0x70, 0x57, 0x77, 0x74, 0x5f, 0x12,
    0xf0, 0xf, 0x21, 0xf7, 0x1, 0x11, 0x11, 0x15,
    0xfe, 0xef, 0xee, 0xfe, 0xef, 0x70, 0xcf, 0xff,
    0xfb, 0x14, 0x44, 0x44, 0x44, 0x44, 0x41, 0x5,
    0x77, 0x77, 0x50, 0xcf, 0xff, 0xff, 0xff, 0xff,
    0x0, 0x34, 0x44, 0x42, 0xc, 0xf5, 0x55, 0x55,
    0x5d, 0xf0, 0xa, 0xff, 0xff, 0x80, 0xcf, 0x66,
    0x66, 0x66, 0xef, 0x0, 0xad, 0x22, 0xf8, 0xc,
    0xfc, 0xcc, 0xcc, 0xcf, 0xf0, 0xa, 0xd0, 0xf,
    0x80, 0xce, 0x44, 0x44, 0x44, 0xdf, 0x0, 0xad,
    0x0, 0xf8, 0x9, 0xce, 0xcc, 0xce, 0xdc, 0xb0,
    0xa, 0xff, 0xff, 0x80, 0x2a, 0xfc, 0x0, 0xdf,
    0xa3, 0x0, 0xae, 0x88, 0x87, 0xcf, 0xfc, 0x10,
    0x4, 0xdf, 0xfa, 0xa, 0xd0, 0x0, 0xc, 0xd6,
    0x0, 0x0, 0x0, 0x6e, 0x60, 0x0, 0x0, 0x0,
    0x10, 0x0, 0x0, 0x0, 0x0, 0x10,

    /* U+8B8A "變" */
    0x0, 0x8, 0x70, 0x0, 0xa, 0x60, 0x0, 0x7,
    0x70, 0x0, 0x0, 0x2f, 0x60, 0x1, 0x1c, 0xe2,
    0x10, 0x1f, 0x70, 0x0, 0x0, 0xbc, 0xb, 0x6f,
    0xff, 0xff, 0xf2, 0xad, 0xb, 0x50, 0x9, 0xf7,
    0x9e, 0x21, 0x11, 0x11, 0x18, 0xf7, 0x9e, 0x10,
    0xb, 0xee, 0xf4, 0xa, 0xee, 0xee, 0xba, 0xee,
    0xf3, 0x0, 0x0, 0x4e, 0x5a, 0x44, 0x66, 0x66,
    0x40, 0x4f, 0x4a, 0x80, 0x8, 0xfd, 0xae, 0xc5,
    0x77, 0x77, 0x57, 0xfe, 0xce, 0xe0, 0x7, 0x86,
    0x33, 0x97, 0xcc, 0xcc, 0x85, 0x75, 0x21, 0xa1,
    0x7, 0x68, 0x6b, 0x59, 0xb4, 0x4b, 0xa7, 0x96,
    0x98, 0x90, 0xc, 0x79, 0x99, 0x99, 0xa2, 0x2a,
    0xaa, 0x95, 0xd4, 0xe0, 0xf, 0x47, 0xb4, 0x98,
    0xee, 0xee, 0x9c, 0x64, 0xe0, 0xd1, 0x7, 0x1,
    0x5, 0xf9, 0x0, 0x0, 0x2, 0x10, 0x0, 0x0,
    0x0, 0x0, 0x7f, 0xff, 0xff, 0xff, 0xff, 0xff,
    0xff, 0x80, 0x0, 0x4c, 0xff, 0xe8, 0x77, 0x77,
    0x7e, 0xfc, 0x77, 0x30, 0xa, 0xff, 0x87, 0xfe,
    0x60, 0x3, 0xcf, 0xb0, 0x0, 0x0, 0x3, 0xa1,
    0x0, 0x1a, 0xfe, 0xcf, 0xe5, 0x0, 0x0, 0x0,
    0x0, 0x13, 0x58, 0xbe, 0xff, 0xff, 0xfd, 0xa7,
    0x53, 0x10, 0xe, 0xff, 0xff, 0xd9, 0x51, 0x3,
    0x7b, 0xff, 0xff, 0xf2, 0x4, 0x75, 0x30, 0x0,
    0x0, 0x0, 0x0, 0x1, 0x35, 0x40,

    /* U+8BA4 "认" */
    0x0, 0x5, 0x20, 0x0, 0x0, 0x0, 0xbf, 0x20,
    0x0, 0x0, 0x0, 0x2f, 0xf4, 0x0, 0x0, 0x0,
    0xcf, 0x20, 0x0, 0x0, 0x0, 0x5, 0xff, 0x50,
    0x0, 0x0, 0xcf, 0x10, 0x0, 0x0, 0x0, 0x0,
    0x5f, 0xb0, 0x0, 0x0, 0xcf, 0x10, 0x0, 0x0,
    0x0, 0x0, 0x4, 0x0, 0x0, 0x0, 0xcf, 0x0,
    0x0, 0x0, 0x0, 0x0, 0x0, 0x0, 0x0, 0x0,
    0xdf, 0x0, 0x0, 0x0, 0x1c, 0xcc, 0xcb, 0x0,
    0x0, 0x0, 0xff, 0x10, 0x0, 0x0, 0x2f, 0xff,
    0xfe, 0x0, 0x0, 0x1, 0xff, 0x30, 0x0, 0x0,
    0x0, 0x0, 0xee, 0x0, 0x0, 0x3, 0xff, 0x70,
    0x0, 0x0, 0x0, 0x0, 0xee, 0x0, 0x0, 0x5,
    0xff, 0xb0, 0x0, 0x0, 0x0, 0x0, 0xee, 0x0,
    0x0, 0x8, 0xff, 0xf0, 0x0, 0x0, 0x0, 0x0,
    0xee, 0x0, 0x0, 0xc, 0xfa, 0xf5, 0x0, 0x0,
    0x0, 0x0, 0xee, 0x0, 0x0, 0x2f, 0xd2, 0xfd,
    0x0, 0x0, 0x0, 0x0, 0xee, 0x2d, 0x50, 0x9f,
    0x80, 0xbf, 0x50, 0x0, 0x0, 0x0, 0xff, 0xff,
    0x53, 0xff, 0x10, 0x4f, 0xd0, 0x0, 0x0, 0x3,
    0xff, 0xd3, 0x1d, 0xf8, 0x0, 0xb, 0xfa, 0x0,
    0x0, 0xd, 0xfa, 0x1, 0xdf, 0xc0, 0x0, 0x1,
    0xef, 0xa0, 0x0, 0x6, 0x60, 0x5, 0xfc, 0x10,
    0x0, 0x0, 0x2e, 0xe2, 0x0, 0x0, 0x0, 0x0,
    0x40, 0x0, 0x0, 0x0, 0x2, 0x30,

    /* U+8BAE "议" */
    0x0, 0x13, 0x0, 0x0, 0x0, 0x17, 0x30, 0x0,
    0x0, 0x0, 0x0, 0xde, 0x20, 0x3, 0x60, 0x4f,
    0xb0, 0x0, 0x87, 0x0, 0x0, 0x5f, 0xd0, 0xc,
    0xf1, 0xc, 0xf3, 0x1, 0xfe, 0x0, 0x0, 0x9,
    0xf7, 0x8, 0xf5, 0x5, 0xf9, 0x4, 0xfb, 0x0,
    0x0, 0x0, 0x70, 0x5, 0xf9, 0x0, 0xfb, 0x8,
    0xf8, 0x0, 0x0, 0x0, 0x0, 0x1, 0xfd, 0x0,
    0x10, 0xc, 0xf4, 0x0, 0x4c, 0xcc, 0xc1, 0x0,
    0xcf, 0x10, 0x0, 0xf, 0xf0, 0x0, 0x5f, 0xff,
    0xf1, 0x0, 0x8f, 0x60, 0x0, 0x4f, 0xb0, 0x0,
    0x0, 0xb, 0xf1, 0x0, 0x2f, 0xd0, 0x0, 0xbf,
    0x50, 0x0, 0x0, 0xb, 0xf1, 0x0, 0xc, 0xf3,
    0x1, 0xfe, 0x0, 0x0, 0x0, 0xb, 0xf1, 0x0,
    0x5, 0xfc, 0xa, 0xf8, 0x0, 0x0, 0x0, 0xb,
    0xf1, 0x0, 0x0, 0xdf, 0x9f, 0xe0, 0x0, 0x0,
    0x0, 0xb, 0xf1, 0x0, 0x0, 0x3f, 0xff, 0x50,
    0x0, 0x0, 0x0, 0xb, 0xf1, 0x68, 0x0, 0xd,
    0xff, 0x20, 0x0, 0x0, 0x0, 0xb, 0xfc, 0xfc,
    0x1, 0xcf, 0xff, 0xe3, 0x0, 0x0, 0x0, 0xe,
    0xff, 0xa1, 0x3d, 0xfc, 0x2b, 0xff, 0x70, 0x0,
    0x0, 0x6f, 0xf6, 0x1a, 0xff, 0xb0, 0x0, 0x9f,
    0xfe, 0x70, 0x0, 0x2d, 0x20, 0xbf, 0xe6, 0x0,
    0x0, 0x5, 0xdf, 0xe1, 0x0, 0x0, 0x0, 0x18,
    0x0, 0x0, 0x0, 0x0, 0x5, 0x30,

    /* U+8BB0 "记" */
    0x0, 0x7, 0x0, 0x0, 0x0, 0x0, 0x0, 0x0,
    0x0, 0x0, 0x0, 0x7f, 0xc1, 0x0, 0x7b, 0xbb,
    0xbb, 0xbb, 0xbb, 0x0, 0x0, 0xa, 0xfd, 0x10,
    0xaf, 0xff, 0xff, 0xff, 0xff, 0x0, 0x0, 0x0,
    0xbf, 0x90, 0x12, 0x22, 0x22, 0x22, 0xef, 0x0,
    0x0, 0x0, 0x9, 0x0, 0x0, 0x0, 0x0, 0x0,
    0xef, 0x0, 0x0, 0x0, 0x0, 0x0, 0x0, 0x0,
    0x0, 0x0, 0xef, 0x0, 0x1b, 0xbb, 0xb9, 0x0,
    0x0, 0x0, 0x0, 0x0, 0xef, 0x0, 0x2f, 0xff,
    0xfc, 0x0, 0x0, 0x0, 0x0, 0x0, 0xef, 0x0,
    0x2, 0x23, 0xfc, 0x0, 0x1f, 0xff, 0xff, 0xff,
    0xff, 0x0, 0x0, 0x1, 0xfc, 0x0, 0x1f, 0xfc,
    0xcc, 0xcc, 0xff, 0x0, 0x0, 0x1, 0xfc, 0x0,
    0x1f, 0xe0, 0x0, 0x0, 0x89, 0x0, 0x0, 0x1,
    0xfc, 0x0, 0x1f, 0xe0, 0x0, 0x0, 0x0, 0x0,
    0x0, 0x1, 0xfc, 0x0, 0x1f, 0xe0, 0x0, 0x0,
    0x0, 0x0, 0x0, 0x1, 0xfc, 0x2, 0x1f, 0xe0,
    0x0, 0x0, 0x3, 0x0, 0x0, 0x1, 0xfc, 0x8e,
    0x1f, 0xe0, 0x0, 0x0, 0x8, 0xe3, 0x0, 0x2,
    0xff, 0xfe, 0x2f, 0xe0, 0x0, 0x0, 0xa, 0xf3,
    0x0, 0x5, 0xff, 0xc1, 0xf, 0xf0, 0x0, 0x0,
    0xd, 0xf1, 0x0, 0xd, 0xf9, 0x0, 0xd, 0xfe,
    0xdc, 0xcc, 0xef, 0xb0, 0x0, 0x5, 0x70, 0x0,
    0x3, 0xcf, 0xff, 0xff, 0xfc, 0x20,

    /* U+8BBE "设" */
    0x0, 0x2, 0x0, 0x0, 0x0, 0x0, 0x0, 0x0,
    0x0, 0x0, 0x0, 0xaf, 0x50, 0x0, 0xa, 0xff,
    0xff, 0xff, 0x10, 0x0, 0x0, 0x2e, 0xf6, 0x0,
    0xa, 0xfb, 0xbb, 0xef, 0x10, 0x0, 0x0, 0x2,
    0xef, 0x20, 0xb, 0xf0, 0x0, 0xbf, 0x10, 0x0,
    0x0, 0x0, 0x36, 0x0, 0xe, 0xe0, 0x0, 0xbf,
    0x10, 0x0, 0x0, 0x0, 0x0, 0x0, 0x7f, 0xa0,
    0x0, 0xbf, 0x10, 0x0, 0x4b, 0xbb, 0xb0, 0x9,
    0xff, 0x20, 0x0, 0x9f, 0xff, 0xb0, 0x6f, 0xff,
    0xf1, 0x3f, 0xe4, 0x0, 0x0, 0x18, 0xaa, 0x70,
    0x2, 0x2c, 0xf1, 0x4, 0x20, 0x0, 0x0, 0x0,
    0x0, 0x0, 0x0, 0xc, 0xf1, 0x9, 0xff, 0xff,
    0xff, 0xff, 0xf9, 0x0, 0x0, 0xc, 0xf1, 0x7,
    0xff, 0xbb, 0xbb, 0xbe, 0xf5, 0x0, 0x0, 0xc,
    0xf1, 0x0, 0x9f, 0x40, 0x0, 0x1e, 0xe0, 0x0,
    0x0, 0xc, 0xf1, 0x0, 0x1f, 0xe1, 0x0, 0xaf,
    0x60, 0x0, 0x0, 0xc, 0xf1, 0x83, 0x6, 0xfd,
    0x19, 0xfa, 0x0, 0x0, 0x0, 0xc, 0xfc, 0xf8,
    0x0, 0x8f, 0xff, 0xc0, 0x0, 0x0, 0x0, 0xe,
    0xff, 0x90, 0x0, 0x6f, 0xff, 0xa1, 0x0, 0x0,
    0x0, 0x7f, 0xf6, 0x3, 0x8e, 0xff, 0x9e, 0xff,
    0xa5, 0x0, 0x0, 0x4e, 0x40, 0x6f, 0xff, 0x91,
    0x1, 0x8f, 0xff, 0xc0, 0x0, 0x2, 0x0, 0x9,
    0x50, 0x0, 0x0, 0x0, 0x5a, 0x20,

    /* U+8BC1 "证" */
    0x0, 0x42, 0x0, 0x0, 0x0, 0x0, 0x0, 0x0,
    0x0, 0x0, 0x1, 0xff, 0x40, 0x5, 0xbb, 0xbb,
    0xbb, 0xbb, 0xbb, 0x80, 0x0, 0x5f, 0xf4, 0x8,
    0xff, 0xff, 0xff, 0xff, 0xff, 0xc0, 0x0, 0x5,
    0xfc, 0x0, 0x11, 0x11, 0x4f, 0xc1, 0x11, 0x0,
    0x0, 0x0, 0x61, 0x0, 0x0, 0x0, 0x2f, 0xc0,
    0x0, 0x0, 0x0, 0x0, 0x0, 0x0, 0x0, 0x0,
    0x2f, 0xc0, 0x0, 0x0, 0x3a, 0xaa, 0xa1, 0x0,
    0x13, 0x10, 0x2f, 0xc0, 0x0, 0x0, 0x4f, 0xff,
    0xf2, 0x0, 0x8f, 0x60, 0x2f, 0xc0, 0x0, 0x0,
    0x2, 0x2b, 0xf2, 0x0, 0x8f, 0x60, 0x2f, 0xfc,
    0xcc, 0x60, 0x0, 0xb, 0xf2, 0x0, 0x8f, 0x60,
    0x2f, 0xff, 0xff, 0x80, 0x0, 0xb, 0xf2, 0x0,
    0x8f, 0x60, 0x2f, 0xc0, 0x0, 0x0, 0x0, 0xb,
    0xf2, 0x0, 0x8f, 0x60, 0x2f, 0xc0, 0x0, 0x0,
    0x0, 0xb, 0xf2, 0x0, 0x8f, 0x60, 0x2f, 0xc0,
    0x0, 0x0, 0x0, 0xb, 0xf4, 0xc4, 0x8f, 0x60,
    0x2f, 0xc0, 0x0, 0x0, 0x0, 0xb, 0xff, 0xf7,
    0x8f, 0x60, 0x2f, 0xc0, 0x0, 0x0, 0x0, 0xe,
    0xff, 0x70, 0x8f, 0x60, 0x2f, 0xc0, 0x0, 0x0,
    0x0, 0x7f, 0xf4, 0x1c, 0xef, 0xec, 0xdf, 0xfc,
    0xcc, 0xc1, 0x0, 0x6e, 0x20, 0x2f, 0xff, 0xff,
    0xff, 0xff, 0xff, 0xf1, 0x0, 0x1, 0x0, 0x0,
    0x0, 0x0, 0x0, 0x0, 0x0, 0x0,

    /* U+8BC6 "识" */
    0x0, 0x42, 0x0, 0x0, 0x0, 0x0, 0x0, 0x0,
    0x0, 0x0, 0x1f, 0xf4, 0x0, 0x8, 0xcc, 0xcc,
    0xcc, 0xcc, 0xa0, 0x0, 0x5f, 0xf4, 0x0, 0xbf,
    0xff, 0xff, 0xff, 0xfd, 0x0, 0x0, 0x5f, 0xb0,
    0xb, 0xf3, 0x0, 0x0, 0x2f, 0xd0, 0x0, 0x0,
    0x51, 0x0, 0xbf, 0x20, 0x0, 0x1, 0xfd, 0x0,
    0x0, 0x0, 0x0, 0xb, 0xf2, 0x0, 0x0, 0x1f,
    0xd0, 0x3a, 0xaa, 0xa1, 0x0, 0xbf, 0x20, 0x0,
    0x1, 0xfd, 0x4, 0xff, 0xff, 0x20, 0xb, 0xf2,
    0x0, 0x0, 0x1f, 0xd0, 0x13, 0x3c, 0xf2, 0x0,
    0xbf, 0x20, 0x0, 0x1, 0xfd, 0x0, 0x0, 0xbf,
    0x20, 0xb, 0xff, 0xff, 0xff, 0xff, 0xd0, 0x0,
    0xb, 0xf2, 0x0, 0x9c, 0xcc, 0xcc, 0xcc, 0xca,
    0x0, 0x0, 0xbf, 0x20, 0x0, 0x0, 0x0, 0x0,
    0x0, 0x0, 0x0, 0xb, 0xf2, 0x0, 0x2, 0x30,
    0x0, 0x3, 0x20, 0x0, 0x0, 0xbf, 0x3b, 0x30,
    0xaf, 0x60, 0x5, 0xfc, 0x0, 0x0, 0xb, 0xfe,
    0xf7, 0x1f, 0xf0, 0x0, 0xd, 0xf5, 0x0, 0x0,
    0xef, 0xf7, 0x9, 0xf8, 0x0, 0x0, 0x4f, 0xd0,
    0x0, 0x6f, 0xf5, 0x5, 0xfe, 0x10, 0x0, 0x0,
    0xdf, 0x50, 0x7, 0xe3, 0x0, 0xef, 0x40, 0x0,
    0x0, 0x6, 0xfb, 0x0, 0x1, 0x0, 0x3, 0x70,
    0x0, 0x0, 0x0, 0x18, 0x10,

    /* U+8BD5 "试" */
    0x0, 0x14, 0x0, 0x0, 0x0, 0x0, 0xb, 0xc0,
    0x70, 0x0, 0x0, 0xbf, 0x60, 0x0, 0x0, 0x0,
    0xe, 0xf5, 0xfa, 0x0, 0x0, 0x2e, 0xf7, 0x0,
    0x0, 0x0, 0xe, 0xf0, 0x8f, 0x60, 0x0, 0x2,
    0xee, 0x10, 0x0, 0x0, 0xd, 0xf0, 0xb, 0x40,
    0x0, 0x0, 0x33, 0x3d, 0xdd, 0xdd, 0xdf, 0xfd,
    0xdd, 0xd0, 0x0, 0x0, 0x0, 0x4f, 0xff, 0xff,
    0xff, 0xff, 0xff, 0xf0, 0x2b, 0xbb, 0xb1, 0x0,
    0x0, 0x0, 0xb, 0xf2, 0x0, 0x0, 0x3f, 0xff,
    0xf2, 0x0, 0x0, 0x0, 0xa, 0xf3, 0x0, 0x0,
    0x0, 0xa, 0xf2, 0x6, 0x99, 0x99, 0x79, 0xf4,
    0x0, 0x0, 0x0, 0xa, 0xf2, 0xa, 0xff, 0xff,
    0xb8, 0xf6, 0x0, 0x0, 0x0, 0xa, 0xf2, 0x1,
    0x1c, 0xf1, 0x16, 0xf7, 0x0, 0x0, 0x0, 0xa,
    0xf2, 0x0, 0xb, 0xf0, 0x5, 0xf9, 0x0, 0x0,
    0x0, 0xa, 0xf2, 0x0, 0xb, 0xf0, 0x2, 0xfb,
    0x0, 0x0, 0x0, 0xa, 0xf2, 0x1, 0xb, 0xf0,
    0x0, 0xfd, 0x3, 0x20, 0x0, 0xa, 0xf5, 0xd6,
    0xb, 0xf4, 0x92, 0xdf, 0x15, 0xf1, 0x0, 0xb,
    0xff, 0xf9, 0x6e, 0xff, 0xf5, 0x9f, 0x58, 0xf0,
    0x0, 0x3f, 0xfe, 0x4d, 0xff, 0xe9, 0x40, 0x4f,
    0xed, 0xd0, 0x0, 0x6f, 0xa1, 0x7, 0x83, 0x0,
    0x0, 0xd, 0xff, 0x70, 0x0, 0x5, 0x0, 0x0,
    0x0, 0x0, 0x0, 0x3, 0xdd, 0x10, 0x0, 0x0,
    0x0, 0x0, 0x0, 0x0, 0x0, 0x0, 0x0, 0x0,

    /* U+8BDD "话" */
    0x0, 0x21, 0x0, 0x0, 0x0, 0x0, 0x0, 0x26,
    0xa3, 0x0, 0x1, 0xed, 0x20, 0x2, 0x46, 0x8a,
    0xdf, 0xff, 0xfc, 0x0, 0x0, 0x7f, 0xe2, 0xa,
    0xff, 0xff, 0xff, 0x96, 0x20, 0x0, 0x0, 0x7,
    0xfb, 0x2, 0x53, 0x20, 0xef, 0x0, 0x0, 0x0,
    0x0, 0x0, 0x71, 0x0, 0x0, 0x0, 0xef, 0x0,
    0x0, 0x0, 0x0, 0x0, 0x0, 0x0, 0x0, 0x0,
    0xef, 0x0, 0x0, 0x0, 0x2a, 0xaa, 0xa0, 0xb,
    0xcc, 0xcc, 0xff, 0xcc, 0xcc, 0xc1, 0x4f, 0xff,
    0xf1, 0xe, 0xff, 0xff, 0xff, 0xff, 0xff, 0xf1,
    0x2, 0x2b, 0xf1, 0x0, 0x0, 0x0, 0xef, 0x0,
    0x0, 0x0, 0x0, 0xb, 0xf1, 0x0, 0x0, 0x0,
    0xef, 0x0, 0x0, 0x0, 0x0, 0xb, 0xf1, 0x0,
    0x0, 0x0, 0xef, 0x0, 0x0, 0x0, 0x0, 0xb,
    0xf1, 0x0, 0xcf, 0xff, 0xff, 0xff, 0xff, 0x0,
    0x0, 0xb, 0xf1, 0x10, 0xdf, 0xcc, 0xcc, 0xcc,
    0xff, 0x0, 0x0, 0xb, 0xf3, 0xd3, 0xdf, 0x0,
    0x0, 0x0, 0xef, 0x0, 0x0, 0xb, 0xff, 0xf6,
    0xdf, 0x0, 0x0, 0x0, 0xef, 0x0, 0x0, 0xe,
    0xff, 0x60, 0xdf, 0x0, 0x0, 0x0, 0xef, 0x0,
    0x0, 0x8f, 0xf4, 0x0, 0xdf, 0xcc, 0xcc, 0xcc,
    0xff, 0x0, 0x0, 0x4e, 0x30, 0x0, 0xdf, 0xff,
    0xff, 0xff, 0xff, 0x0, 0x0, 0x1, 0x0, 0x0,
    0xdf, 0x0, 0x0, 0x0, 0xde, 0x0,

    /* U+8BE5 "该" */
    0x0, 0x0, 0x0, 0x0, 0x0, 0x0, 0x1, 0x0,
    0x0, 0x0, 0x0, 0x3b, 0x0, 0x0, 0x0, 0x1,
    0xee, 0x0, 0x0, 0x0, 0x0, 0x8f, 0xb0, 0x0,
    0x0, 0x0, 0xbf, 0x50, 0x0, 0x0, 0x0, 0xb,
    0xf8, 0x8, 0xaa, 0xaa, 0xdf, 0xea, 0xaa, 0xa0,
    0x0, 0x1, 0xee, 0x1c, 0xff, 0xff, 0xff, 0xff,
    0xff, 0xf0, 0x0, 0x0, 0x42, 0x0, 0x0, 0x2e,
    0xf3, 0x0, 0x0, 0x0, 0x0, 0x0, 0x0, 0x0,
    0x0, 0xaf, 0x70, 0x3, 0x20, 0x0, 0x1c, 0xcc,
    0xc9, 0x0, 0x6, 0xfc, 0x0, 0xe, 0xf4, 0x0,
    0x1f, 0xff, 0xfb, 0x1, 0xaf, 0xfa, 0x89, 0xcf,
    0x90, 0x0, 0x0, 0x1, 0xfb, 0x2, 0xff, 0xff,
    0xff, 0xfd, 0x0, 0x0, 0x0, 0x1, 0xfb, 0x0,
    0x65, 0x32, 0xaf, 0xd1, 0x27, 0x10, 0x0, 0x1,
    0xfb, 0x0, 0x0, 0x1c, 0xfd, 0x10, 0xcf, 0xa0,
    0x0, 0x1, 0xfb, 0x0, 0x7, 0xef, 0xa1, 0x9,
    0xfd, 0x10, 0x0, 0x1, 0xfb, 0x5, 0xef, 0xf7,
    0x0, 0x9f, 0xe2, 0x0, 0x0, 0x1, 0xfb, 0x6,
    0xf9, 0x10, 0xb, 0xfe, 0x20, 0x0, 0x0, 0x1,
    0xfd, 0xcc, 0x0, 0x5, 0xef, 0xfc, 0x10, 0x0,
    0x0, 0x3, 0xff, 0xf9, 0x3, 0xbf, 0xfa, 0x9f,
    0xe3, 0x0, 0x0, 0xa, 0xfe, 0x55, 0xcf, 0xfd,
    0x30, 0x7, 0xff, 0x50, 0x0, 0xb, 0xd2, 0x4f,
    0xfd, 0x60, 0x0, 0x0, 0x6f, 0x90, 0x0, 0x1,
    0x0, 0x6, 0x40, 0x0, 0x0, 0x0, 0x2, 0x0,

    /* U+8BED "语" */
    0x0, 0x10, 0x0, 0x0, 0x0, 0x0, 0x0, 0x0,
    0x0, 0x0, 0x1, 0xdb, 0x0, 0x1f, 0xff, 0xff,
    0xff, 0xff, 0xff, 0x60, 0x0, 0x9f, 0xc1, 0x1a,
    0xaa, 0xbf, 0xda, 0xaa, 0xaa, 0x40, 0x0, 0x8,
    0xfb, 0x0, 0x0, 0x6f, 0x70, 0x0, 0x0, 0x0,
    0x0, 0x0, 0x93, 0x4, 0x99, 0xdf, 0xb9, 0x99,
    0xa0, 0x0, 0x0, 0x0, 0x0, 0x6, 0xff, 0xff,
    0xff, 0xff, 0xf0, 0x0, 0x3a, 0xaa, 0xa0, 0x0,
    0x2, 0xfd, 0x0, 0xd, 0xf0, 0x0, 0x4f, 0xff,
    0xf1, 0x0, 0x5, 0xf9, 0x0, 0xe, 0xd0, 0x0,
    0x1, 0x1b, 0xf1, 0x8a, 0xad, 0xfd, 0xaa, 0xaf,
    0xfa, 0xa0, 0x0, 0xa, 0xf1, 0xdf, 0xff, 0xff,
    0xff, 0xff, 0xff, 0xf1, 0x0, 0xa, 0xf1, 0x0,
    0x0, 0x0, 0x0, 0x0, 0x0, 0x0, 0x0, 0xa,
    0xf1, 0x2, 0x99, 0x99, 0x99, 0x99, 0x97, 0x0,
    0x0, 0xa, 0xf1, 0x3, 0xff, 0xff, 0xff, 0xff,
    0xfb, 0x0, 0x0, 0xa, 0xf1, 0x37, 0xf9, 0x0,
    0x0, 0x2, 0xfb, 0x0, 0x0, 0xb, 0xf8, 0xfc,
    0xf8, 0x0, 0x0, 0x1, 0xfb, 0x0, 0x0, 0xd,
    0xff, 0xc6, 0xf8, 0x0, 0x0, 0x1, 0xfb, 0x0,
    0x0, 0x4f, 0xf8, 0x3, 0xfd, 0xaa, 0xaa, 0xab,
    0xfb, 0x0, 0x0, 0x1d, 0x40, 0x3, 0xff, 0xff,
    0xff, 0xff, 0xfb, 0x0, 0x0, 0x0, 0x0, 0x3,
    0xf8, 0x0, 0x0, 0x1, 0xeb, 0x0,

    /* U+8BEF "误" */
    0x0, 0x21, 0x0, 0x0, 0x0, 0x0, 0x0, 0x0,
    0x0, 0x0, 0x1, 0xed, 0x20, 0x0, 0xdf, 0xff,
    0xff, 0xff, 0xfc, 0x0, 0x0, 0x7f, 0xe2, 0x0,
    0xdf, 0xaa, 0xaa, 0xaa, 0xfc, 0x0, 0x0, 0x7,
    0xfd, 0x0, 0xde, 0x0, 0x0, 0x0, 0xfc, 0x0,
    0x0, 0x0, 0x83, 0x0, 0xde, 0x0, 0x0, 0x0,
    0xfc, 0x0, 0x0, 0x0, 0x0, 0x0, 0xdf, 0xff,
    0xff, 0xff, 0xfc, 0x0, 0x5b, 0xbb, 0xb1, 0x0,
    0x8a, 0xaa, 0xaa, 0xaa, 0xa8, 0x0, 0x6f, 0xff,
    0xf1, 0x0, 0x0, 0x0, 0x0, 0x0, 0x0, 0x0,
    0x12, 0x2c, 0xf1, 0x3, 0xbb, 0xbb, 0xbb, 0xbb,
    0xbb, 0x30, 0x0, 0xb, 0xf1, 0x4, 0xff, 0xff,
    0xff, 0xff, 0xff, 0x40, 0x0, 0xb, 0xf1, 0x0,
    0x0, 0x0, 0xfb, 0x0, 0x0, 0x0, 0x0, 0xb,
    0xf1, 0x0, 0x0, 0x3, 0xfa, 0x0, 0x0, 0x0,
    0x0, 0xb, 0xf1, 0xe, 0xff, 0xff, 0xff, 0xff,
    0xff, 0xf1, 0x0, 0xb, 0xf1, 0x9, 0x99, 0x9e,
    0xff, 0xb9, 0x99, 0x90, 0x0, 0xb, 0xf5, 0xd3,
    0x0, 0x1f, 0xff, 0xb0, 0x0, 0x0, 0x0, 0xd,
    0xff, 0xf4, 0x1, 0xdf, 0x68, 0xfa, 0x0, 0x0,
    0x0, 0x4f, 0xfc, 0x20, 0x6e, 0xfa, 0x0, 0xbf,
    0xd5, 0x0, 0x0, 0x1f, 0x80, 0x3f, 0xff, 0x80,
    0x0, 0xa, 0xff, 0xd0, 0x0, 0x2, 0x0, 0x9,
    0x82, 0x0, 0x0, 0x0, 0x4b, 0x40,

    /* U+8BF7 "请" */
    0x0, 0x21, 0x0, 0x0, 0x0, 0x1, 0xda, 0x0,
    0x0, 0x0, 0x1, 0xfd, 0x20, 0x3, 0x66, 0x67,
    0xfd, 0x66, 0x66, 0x20, 0x0, 0x6f, 0xe2, 0x9,
    0xff, 0xff, 0xff, 0xff, 0xff, 0x70, 0x0, 0x6,
    0xfc, 0x0, 0x0, 0x1, 0xfc, 0x0, 0x0, 0x0,
    0x0, 0x0, 0x72, 0x1, 0xff, 0xff, 0xff, 0xff,
    0xfc, 0x0, 0x0, 0x0, 0x0, 0x0, 0x55, 0x56,
    0xfd, 0x55, 0x54, 0x0, 0x4a, 0xaa, 0xa1, 0x17,
    0x77, 0x78, 0xfe, 0x77, 0x77, 0x70, 0x7f, 0xff,
    0xf1, 0x3e, 0xee, 0xee, 0xee, 0xee, 0xee, 0xe0,
    0x12, 0x2b, 0xf1, 0x0, 0x0, 0x0, 0x0, 0x0,
    0x0, 0x0, 0x0, 0xb, 0xf1, 0x0, 0xdf, 0xff,
    0xff, 0xff, 0xf8, 0x0, 0x0, 0xb, 0xf1, 0x0,
    0xdf, 0x55, 0x55, 0x58, 0xf8, 0x0, 0x0, 0xb,
    0xf1, 0x0, 0xdf, 0x44, 0x44, 0x47, 0xf8, 0x0,
    0x0, 0xb, 0xf1, 0x0, 0xdf, 0xff, 0xff, 0xff,
    0xf8, 0x0, 0x0, 0xb, 0xf1, 0x52, 0xdf, 0x0,
    0x0, 0x3, 0xf8, 0x0, 0x0, 0xb, 0xf9, 0xf7,
    0xdf, 0x66, 0x66, 0x69, 0xf8, 0x0, 0x0, 0xc,
    0xff, 0xd2, 0xdf, 0xdd, 0xdd, 0xde, 0xf8, 0x0,
    0x0, 0x2f, 0xfb, 0x10, 0xdf, 0x0, 0x0, 0x3,
    0xf8, 0x0, 0x0, 0x6f, 0x80, 0x0, 0xdf, 0x0,
    0x7, 0xac, 0xf7, 0x0, 0x0, 0x5, 0x0, 0x0,
    0xdf, 0x0, 0x6, 0xee, 0xa1, 0x0,

    /* U+8BFB "读" */
    0x0, 0x21, 0x0, 0x0, 0x0, 0x0, 0xdc, 0x0,
    0x0, 0x0, 0x0, 0xee, 0x30, 0x0, 0x0, 0x0,
    0xfd, 0x0, 0x0, 0x0, 0x0, 0x6f, 0xf4, 0x0,
    0xff, 0xff, 0xff, 0xff, 0xfe, 0x0, 0x0, 0x5,
    0xff, 0x10, 0x88, 0x88, 0xfe, 0x88, 0x88, 0x0,
    0x0, 0x0, 0x54, 0x0, 0x0, 0x0, 0xfd, 0x0,
    0x0, 0x0, 0x0, 0x0, 0x0, 0xc, 0xff, 0xff,
    0xff, 0xff, 0xff, 0xa0, 0x4c, 0xcc, 0xc0, 0x6,
    0x88, 0x88, 0x88, 0x88, 0xbf, 0x70, 0x6f, 0xff,
    0xf1, 0x0, 0x8, 0x30, 0x48, 0x30, 0x9f, 0x20,
    0x0, 0xa, 0xf1, 0x0, 0x19, 0xfa, 0x8f, 0x50,
    0xdb, 0x0, 0x0, 0xa, 0xf1, 0x7, 0xd4, 0x4d,
    0x9f, 0x50, 0x1, 0x0, 0x0, 0xa, 0xf1, 0x1,
    0xbf, 0x70, 0x9f, 0x40, 0x0, 0x0, 0x0, 0xa,
    0xf1, 0x0, 0x8, 0xb0, 0xbf, 0x30, 0x0, 0x0,
    0x0, 0xa, 0xf1, 0x2f, 0xff, 0xff, 0xff, 0xff,
    0xff, 0xe0, 0x0, 0xa, 0xf1, 0x79, 0x99, 0x9d,
    0xfd, 0x99, 0x99, 0x80, 0x0, 0xa, 0xfc, 0xf4,
    0x0, 0x2e, 0xf3, 0x95, 0x0, 0x0, 0x0, 0xc,
    0xff, 0xb0, 0x2, 0xef, 0x81, 0xdf, 0x90, 0x0,
    0x0, 0x1f, 0xf8, 0x0, 0x7f, 0xf9, 0x0, 0x9,
    0xfd, 0x20, 0x0, 0x6f, 0x60, 0x3e, 0xff, 0x60,
    0x0, 0x0, 0x6f, 0xe1, 0x0, 0x3, 0x0, 0xa,
    0x81, 0x0, 0x0, 0x0, 0x5, 0x70,

    /* U+8C03 "调" */
    0x0, 0x21, 0x0, 0x0, 0x0, 0x0, 0x0, 0x0,
    0x0, 0x0, 0x1e, 0xe2, 0x0, 0x9f, 0xff, 0xff,
    0xff, 0xff, 0xf6, 0x0, 0x6f, 0xe2, 0x9, 0xfa,
    0x99, 0x99, 0x99, 0xbf, 0x60, 0x0, 0x5f, 0xd0,
    0x9f, 0x10, 0xc, 0x80, 0x4, 0xf6, 0x0, 0x0,
    0x63, 0x9, 0xf1, 0x45, 0xfb, 0x53, 0x4f, 0x60,
    0x0, 0x0, 0x0, 0x9f, 0x1c, 0xff, 0xff, 0x94,
    0xf6, 0x3a, 0xaa, 0xa0, 0x9, 0xf1, 0x0, 0xe9,
    0x0, 0x4f, 0x65, 0xff, 0xff, 0x10, 0x9f, 0x23,
    0x3f, 0xa3, 0x34, 0xf6, 0x2, 0x2c, 0xf1, 0x9,
    0xf4, 0xff, 0xff, 0xff, 0x5f, 0x60, 0x0, 0xbf,
    0x10, 0xaf, 0x12, 0x22, 0x22, 0x24, 0xf6, 0x0,
    0xb, 0xf1, 0xa, 0xf0, 0x56, 0x66, 0x63, 0x4f,
    0x60, 0x0, 0xbf, 0x10, 0xbf, 0xe, 0xff, 0xff,
    0x74, 0xf6, 0x0, 0xb, 0xf1, 0xd, 0xd0, 0xe7,
    0x0, 0xe7, 0x4f, 0x60, 0x0, 0xbf, 0x35, 0xfb,
    0xe, 0x70, 0xe, 0x74, 0xf6, 0x0, 0xb, 0xff,
    0xff, 0x90, 0xef, 0xff, 0xf7, 0x4f, 0x60, 0x0,
    0xef, 0xfd, 0xf4, 0xe, 0xb6, 0x66, 0x34, 0xf6,
    0x0, 0x4f, 0xf4, 0xef, 0x10, 0x42, 0x0, 0x0,
    0x4f, 0x60, 0xa, 0xf4, 0x4f, 0x90, 0x0, 0x0,
    0x7, 0xac, 0xf5, 0x0, 0x3, 0x1, 0xb2, 0x0,
    0x0, 0x0, 0x6f, 0xea, 0x0, 0x0, 0x0, 0x0,
    0x0, 0x0, 0x0, 0x0, 0x0, 0x0,

    /* U+8CC7 "資" */
    0x0, 0x41, 0x0, 0x0, 0x9, 0xb1, 0x0, 0x0,
    0x0, 0x0, 0x2f, 0xfc, 0x60, 0x4, 0xfe, 0x66,
    0x66, 0x66, 0x73, 0x0, 0x27, 0xdf, 0x54, 0xff,
    0xff, 0xff, 0xff, 0xff, 0x60, 0x0, 0x0, 0x43,
    0xfe, 0x30, 0x7e, 0x50, 0x2f, 0xb0, 0x0, 0x3,
    0x7b, 0x54, 0x20, 0x7f, 0xfe, 0x53, 0x81, 0x2,
    0xbe, 0xff, 0xc4, 0x48, 0xef, 0x80, 0x8f, 0xd8,
    0x40, 0xd, 0xb6, 0x10, 0x1e, 0xd8, 0x20, 0x0,
    0x29, 0xff, 0x50, 0x0, 0xae, 0xee, 0xff, 0xee,
    0xee, 0xee, 0xeb, 0x30, 0x0, 0xa, 0xf5, 0x44,
    0x44, 0x44, 0x44, 0x6f, 0xb0, 0x0, 0x0, 0xaf,
    0x53, 0x33, 0x33, 0x33, 0x35, 0xfb, 0x0, 0x0,
    0xa, 0xff, 0xff, 0xff, 0xff, 0xff, 0xff, 0xb0,
    0x0, 0x0, 0xaf, 0x31, 0x11, 0x11, 0x11, 0x13,
    0xfb, 0x0, 0x0, 0xa, 0xff, 0xff, 0xff, 0xff,
    0xff, 0xff, 0xb0, 0x0, 0x0, 0xaf, 0x20, 0x0,
    0x0, 0x0, 0x3, 0xfb, 0x0, 0x0, 0xa, 0xff,
    0xff, 0xff, 0xff, 0xff, 0xff, 0xb0, 0x0, 0x0,
    0x24, 0x7e, 0xa4, 0x33, 0x4a, 0xe8, 0x42, 0x0,
    0x1, 0x59, 0xdf, 0xf8, 0x0, 0x0, 0x7d, 0xfe,
    0x92, 0x0, 0xcf, 0xfc, 0x60, 0x0, 0x0, 0x0,
    0x4, 0xbf, 0xf6, 0x1, 0x61, 0x0, 0x0, 0x0,
    0x0, 0x0, 0x0, 0x24, 0x0,

    /* U+8D25 "败" */
    0x0, 0x0, 0x0, 0x0, 0x0, 0x0, 0x96, 0x0,
    0x0, 0x0, 0x6, 0xff, 0xff, 0xff, 0xe0, 0x2,
    0xfa, 0x0, 0x0, 0x0, 0x7, 0xfc, 0xbb, 0xbe,
    0xf0, 0x6, 0xf7, 0x0, 0x0, 0x0, 0x7, 0xf1,
    0x0, 0xa, 0xf0, 0xb, 0xf5, 0x11, 0x11, 0x10,
    0x7, 0xf1, 0x7c, 0xa, 0xf0, 0xf, 0xff, 0xff,
    0xff, 0xd0, 0x7, 0xf1, 0x9f, 0xa, 0xf0, 0x5f,
    0xc9, 0x99, 0xfc, 0x70, 0x7, 0xf1, 0x9f, 0xa,
    0xf0, 0xcf, 0x20, 0x3, 0xf6, 0x0, 0x7, 0xf1,
    0x9f, 0xa, 0xf5, 0xff, 0x0, 0x6, 0xf4, 0x0,
    0x7, 0xf1, 0x9f, 0xa, 0xfc, 0xff, 0x60, 0x9,
    0xf1, 0x0, 0x7, 0xf1, 0x9f, 0xa, 0xf3, 0x8e,
    0xb0, 0xc, 0xd0, 0x0, 0x7, 0xf1, 0xaf, 0xa,
    0xf0, 0x8, 0xf3, 0x2f, 0x80, 0x0, 0x7, 0xf1,
    0xbe, 0xa, 0xf0, 0x2, 0xfb, 0x8f, 0x20, 0x0,
    0x7, 0xf1, 0xec, 0xa, 0xf0, 0x0, 0x9f, 0xfb,
    0x0, 0x0, 0x2, 0x42, 0xf8, 0x12, 0x30, 0x0,
    0x1f, 0xf5, 0x0, 0x0, 0x0, 0xa, 0xf5, 0xe8,
    0x0, 0x0, 0x4f, 0xfc, 0x0, 0x0, 0x0, 0x3f,
    0xa0, 0xbf, 0x40, 0x3, 0xff, 0xbf, 0xb0, 0x0,
    0x3, 0xef, 0x10, 0x1e, 0xd0, 0x7f, 0xf4, 0xa,
    0xfe, 0x40, 0x2f, 0xf3, 0x0, 0x6, 0xc6, 0xfe,
    0x40, 0x0, 0x8f, 0xe0, 0x5, 0x20, 0x0, 0x0,
    0x0, 0x51, 0x0, 0x0, 0x4, 0x20,

    /* U+8D77 "起" */
    0x0, 0x0, 0x4b, 0x40, 0x0, 0x0, 0x0, 0x0,
    0x0, 0x0, 0x0, 0x0, 0x5f, 0x60, 0x0, 0x3e,
    0xee, 0xee, 0xee, 0x10, 0x5, 0xbb, 0xcf, 0xdb,
    0xb6, 0x2b, 0xbb, 0xbb, 0xef, 0x10, 0x8, 0xff,
    0xff, 0xff, 0xf8, 0x0, 0x0, 0x0, 0xbf, 0x10,
    0x0, 0x0, 0x5f, 0x60, 0x0, 0x0, 0x0, 0x0,
    0xbf, 0x10, 0x0, 0x0, 0x5f, 0x60, 0x0, 0x0,
    0x0, 0x0, 0xbf, 0x10, 0xb, 0xbb, 0xdf, 0xdb,
    0xbb, 0x18, 0x88, 0x88, 0xef, 0x10, 0x1f, 0xff,
    0xff, 0xff, 0xff, 0x2f, 0xff, 0xff, 0xff, 0x10,
    0x0, 0x0, 0xe, 0xc0, 0x0, 0xf, 0xc1, 0x11,
    0x78, 0x0, 0x2, 0xb5, 0xe, 0xc0, 0x0, 0xf,
    0xb0, 0x0, 0x0, 0x0, 0x3, 0xf8, 0xe, 0xe9,
    0x98, 0xf, 0xb0, 0x0, 0x1, 0x0, 0x4, 0xf7,
    0xe, 0xff, 0xfd, 0xf, 0xb0, 0x0, 0x8, 0xd1,
    0x5, 0xfa, 0xe, 0xc0, 0x0, 0xf, 0xc0, 0x0,
    0x9, 0xf1, 0x6, 0xff, 0x2e, 0xc0, 0x0, 0xf,
    0xfa, 0xaa, 0xaf, 0xd0, 0x7, 0xff, 0xdf, 0xc0,
    0x0, 0x7, 0xff, 0xff, 0xfe, 0x40, 0xa, 0xf8,
    0xff, 0xc0, 0x0, 0x0, 0x0, 0x0, 0x0, 0x0,
    0xc, 0xd0, 0xdf, 0xe7, 0x10, 0x0, 0x0, 0x0,
    0x0, 0x0, 0x1f, 0xa0, 0x1b, 0xff, 0xff, 0xdd,
    0xdd, 0xdd, 0xdd, 0xd2, 0x6f, 0x60, 0x0, 0x49,
    0xde, 0xff, 0xff, 0xff, 0xff, 0xc0, 0x6, 0x10,
    0x0, 0x0, 0x0, 0x0, 0x0, 0x0, 0x0, 0x0,

    /* U+8D85 "超" */
    0x0, 0x0, 0x6d, 0x20, 0x0, 0x0, 0x0, 0x0,
    0x0, 0x0, 0x0, 0x0, 0x8f, 0x30, 0x2, 0xff,
    0xff, 0xff, 0xff, 0x80, 0x6, 0xaa, 0xdf, 0xba,
    0xa3, 0x88, 0xef, 0x88, 0xaf, 0x70, 0x9, 0xff,
    0xff, 0xff, 0xf4, 0x1, 0xfc, 0x0, 0x6f, 0x60,
    0x0, 0x0, 0x8f, 0x30, 0x0, 0x6, 0xf8, 0x0,
    0x7f, 0x50, 0x0, 0x0, 0x8f, 0x30, 0x0, 0xd,
    0xf1, 0x0, 0xaf, 0x30, 0xb, 0xbb, 0xdf, 0xcb,
    0xb8, 0xbf, 0x71, 0xdd, 0xff, 0x0, 0xf, 0xff,
    0xff, 0xff, 0xfe, 0xf8, 0x0, 0x9b, 0xa4, 0x0,
    0x0, 0x0, 0x3f, 0x70, 0x0, 0x65, 0x55, 0x55,
    0x55, 0x0, 0x3, 0xc5, 0x3f, 0x70, 0x0, 0xbf,
    0xff, 0xff, 0xff, 0x10, 0x4, 0xf6, 0x3f, 0xc9,
    0x94, 0xbf, 0x21, 0x11, 0xdf, 0x10, 0x5, 0xf5,
    0x3f, 0xff, 0xf6, 0xbf, 0x10, 0x0, 0xcf, 0x10,
    0x6, 0xf8, 0x3f, 0x80, 0x0, 0xbf, 0x10, 0x0,
    0xcf, 0x10, 0x7, 0xfe, 0x3f, 0x70, 0x0, 0xbf,
    0x99, 0x99, 0xef, 0x10, 0x8, 0xff, 0xcf, 0x70,
    0x0, 0xaf, 0xff, 0xff, 0xff, 0x10, 0xa, 0xfc,
    0xff, 0x70, 0x0, 0x0, 0x0, 0x0, 0x0, 0x0,
    0xd, 0xc2, 0xff, 0xc4, 0x0, 0x0, 0x0, 0x0,
    0x0, 0x0, 0x2f, 0x90, 0x3d, 0xff, 0xfe, 0xdd,
    0xdd, 0xdd, 0xdd, 0xd1, 0x5f, 0x40, 0x0, 0x6a,
    0xde, 0xff, 0xff, 0xff, 0xff, 0xb0, 0x3, 0x0,
    0x0, 0x0, 0x0, 0x0, 0x0, 0x0, 0x0, 0x0,

    /* U+8DB3 "足" */
    0x0, 0xc, 0xff, 0xff, 0xff, 0xff, 0xff, 0xff,
    0xf1, 0x0, 0x0, 0xc, 0xfd, 0xdd, 0xdd, 0xdd,
    0xdd, 0xdf, 0xf1, 0x0, 0x0, 0xc, 0xf1, 0x0,
    0x0, 0x0, 0x0, 0xe, 0xf1, 0x0, 0x0, 0xc,
    0xf1, 0x0, 0x0, 0x0, 0x0, 0xe, 0xf1, 0x0,
    0x0, 0xc, 0xf1, 0x0, 0x0, 0x0, 0x0, 0xe,
    0xf1, 0x0, 0x0, 0xc, 0xfc, 0xbb, 0xbb, 0xbb,
    0xbb, 0xbf, 0xf1, 0x0, 0x0, 0xc, 0xff, 0xff,
    0xff, 0xff, 0xff, 0xff, 0xf1, 0x0, 0x0, 0x0,
    0x0, 0x0, 0xe, 0xf0, 0x0, 0x0, 0x0, 0x0,
    0x0, 0x0, 0x66, 0x0, 0xe, 0xf0, 0x0, 0x0,
    0x0, 0x0, 0x0, 0x0, 0xef, 0x0, 0xe, 0xf0,
    0x0, 0x0, 0x0, 0x0, 0x0, 0x1, 0xfd, 0x0,
    0xe, 0xff, 0xff, 0xff, 0xfb, 0x0, 0x0, 0x5,
    0xfc, 0x0, 0xe, 0xfb, 0xbb, 0xbb, 0xb7, 0x0,
    0x0, 0x9, 0xff, 0x30, 0xe, 0xf0, 0x0, 0x0,
    0x0, 0x0, 0x0, 0xe, 0xff, 0xd1, 0xe, 0xf0,
    0x0, 0x0, 0x0, 0x0, 0x0, 0x7f, 0x95, 0xfd,
    0x3e, 0xf0, 0x0, 0x0, 0x0, 0x0, 0x2, 0xef,
    0x10, 0x9f, 0xff, 0xf1, 0x0, 0x0, 0x0, 0x0,
    0x1d, 0xf7, 0x0, 0x5, 0xef, 0xff, 0xfe, 0xdc,
    0xdd, 0xd1, 0xa, 0xa0, 0x0, 0x0, 0x5, 0x9d,
    0xef, 0xff, 0xff, 0xc0, 0x0, 0x0, 0x0, 0x0,
    0x0, 0x0, 0x0, 0x0, 0x0, 0x0,

    /* U+8DEF "路" */
    0x0, 0x11, 0x11, 0x11, 0x10, 0x1, 0xd7, 0x0,
    0x0, 0x0, 0x1, 0xff, 0xff, 0xff, 0xa0, 0x8,
    0xf7, 0x0, 0x0, 0x0, 0x1, 0xfc, 0x77, 0x8f,
    0xa0, 0xe, 0xff, 0xff, 0xfc, 0x0, 0x1, 0xf9,
    0x0, 0x1f, 0xa0, 0x8f, 0xda, 0xac, 0xfb, 0x0,
    0x1, 0xf9, 0x0, 0x1f, 0xa4, 0xff, 0xb0, 0xb,
    0xf4, 0x0, 0x1, 0xfd, 0x99, 0x9f, 0xce, 0xfb,
    0xf6, 0x5f, 0xc0, 0x0, 0x1, 0xff, 0xff, 0xff,
    0xcd, 0x80, 0xcf, 0xef, 0x20, 0x0, 0x0, 0x0,
    0x4f, 0x80, 0x0, 0x0, 0x3f, 0xf8, 0x0, 0x0,
    0x0, 0x21, 0x3f, 0x70, 0x0, 0x1, 0xcf, 0xfe,
    0x40, 0x0, 0x2, 0xf6, 0x3f, 0x81, 0x10, 0x3d,
    0xf9, 0x6f, 0xf8, 0x10, 0x2, 0xf6, 0x3f, 0xff,
    0xe9, 0xff, 0x70, 0x4, 0xef, 0xf5, 0x2, 0xf6,
    0x3f, 0xc9, 0xaf, 0xfd, 0xaa, 0xaa, 0xcf, 0xd0,
    0x2, 0xf6, 0x3f, 0x70, 0x3, 0xcf, 0xff, 0xff,
    0xff, 0x20, 0x2, 0xf6, 0x3f, 0x70, 0x0, 0xce,
    0x0, 0x0, 0xbf, 0x10, 0x2, 0xf6, 0x3f, 0x96,
    0xa0, 0xce, 0x0, 0x0, 0xbf, 0x10, 0x3, 0xfc,
    0xcf, 0xff, 0xf1, 0xce, 0x0, 0x0, 0xbf, 0x10,
    0xf, 0xff, 0xfc, 0x95, 0x10, 0xcf, 0xaa, 0xaa,
    0xef, 0x10, 0xa, 0x84, 0x0, 0x0, 0x0, 0xcf,
    0xff, 0xff, 0xff, 0x10, 0x0, 0x0, 0x0, 0x0,
    0x0, 0xce, 0x0, 0x0, 0xbe, 0x10,

    /* U+8ECA "車" */
    0x0, 0x0, 0x0, 0x0, 0x9, 0x80, 0x0, 0x0,
    0x0, 0x0, 0x0, 0x0, 0x0, 0x0, 0x1f, 0xe0,
    0x0, 0x0, 0x0, 0x0, 0x7, 0xff, 0xff, 0xff,
    0xff, 0xff, 0xff, 0xff, 0xff, 0x60, 0x4, 0xaa,
    0xaa, 0xaa, 0xaf, 0xfa, 0xaa, 0xaa, 0xaa, 0x40,
    0x0, 0x0, 0x0, 0x0, 0x1f, 0xe0, 0x0, 0x0,
    0x0, 0x0, 0x0, 0xf, 0xff, 0xff, 0xff, 0xff,
    0xff, 0xff, 0xf0, 0x0, 0x0, 0xf, 0xe7, 0x77,
    0x8f, 0xf7, 0x77, 0x7f, 0xf0, 0x0, 0x0, 0xf,
    0xd0, 0x0, 0xf, 0xe0, 0x0, 0xe, 0xf0, 0x0,
    0x0, 0xf, 0xff, 0xff, 0xff, 0xff, 0xff, 0xff,
    0xf0, 0x0, 0x0, 0xf, 0xe7, 0x77, 0x8f, 0xf7,
    0x77, 0x7f, 0xf0, 0x0, 0x0, 0xf, 0xd0, 0x0,
    0xf, 0xe0, 0x0, 0xe, 0xf0, 0x0, 0x0, 0xf,
    0xff, 0xff, 0xff, 0xff, 0xff, 0xff, 0xf0, 0x0,
    0x0, 0x9, 0x99, 0x99, 0x9f, 0xf9, 0x99, 0x99,
    0x90, 0x0, 0x0, 0x0, 0x0, 0x0, 0xf, 0xe0,
    0x0, 0x0, 0x0, 0x0, 0xc, 0xcc, 0xcc, 0xcc,
    0xcf, 0xfc, 0xcc, 0xcc, 0xcc, 0xc1, 0xf, 0xff,
    0xff, 0xff, 0xff, 0xff, 0xff, 0xff, 0xff, 0xf1,
    0x0, 0x0, 0x0, 0x0, 0xf, 0xe0, 0x0, 0x0,
    0x0, 0x0, 0x0, 0x0, 0x0, 0x0, 0xf, 0xe0,
    0x0, 0x0, 0x0, 0x0, 0x0, 0x0, 0x0, 0x0,
    0xf, 0xe0, 0x0, 0x0, 0x0, 0x0,

    /* U+8EE2 "転" */
    0x0, 0x0, 0x6f, 0x50, 0x0, 0x0, 0x0, 0x0,
    0x0, 0x0, 0x0, 0x0, 0x6f, 0x50, 0x0, 0x17,
    0x77, 0x77, 0x77, 0x50, 0xb, 0xff, 0xff, 0xff,
    0xfa, 0x2f, 0xff, 0xff, 0xff, 0xb0, 0x8, 0xbb,
    0xdf, 0xcb, 0xb8, 0x4, 0x44, 0x44, 0x44, 0x30,
    0x0, 0x0, 0x6f, 0x50, 0x0, 0x0, 0x0, 0x0,
    0x0, 0x0, 0x5, 0xff, 0xff, 0xff, 0xf5, 0x0,
    0x0, 0x0, 0x0, 0x0, 0x5, 0xf7, 0x8f, 0x77,
    0xf5, 0x0, 0x0, 0x0, 0x0, 0x0, 0x5, 0xf1,
    0x3f, 0x22, 0xf5, 0xbb, 0xbb, 0xbb, 0xbb, 0xb5,
    0x5, 0xff, 0xff, 0xff, 0xf5, 0xff, 0xff, 0xff,
    0xff, 0xf6, 0x5, 0xf6, 0x7f, 0x66, 0xf5, 0x11,
    0x3f, 0xf3, 0x11, 0x10, 0x5, 0xf3, 0x5f, 0x33,
    0xf5, 0x0, 0x7f, 0xb0, 0x0, 0x0, 0x5, 0xff,
    0xff, 0xff, 0xf5, 0x0, 0xdf, 0x40, 0x10, 0x0,
    0x1, 0x33, 0x8f, 0x73, 0x31, 0x3, 0xfe, 0x5,
    0xf6, 0x0, 0x1, 0x11, 0x7f, 0x61, 0x11, 0xa,
    0xf6, 0x1, 0xfd, 0x0, 0x1f, 0xff, 0xff, 0xff,
    0xfc, 0x2f, 0xe0, 0x0, 0xaf, 0x40, 0x8, 0x88,
    0xbf, 0xb8, 0x86, 0xbf, 0x71, 0x34, 0x9f, 0xa0,
    0x0, 0x0, 0x6f, 0x50, 0x6, 0xff, 0xff, 0xff,
    0xff, 0xf0, 0x0, 0x0, 0x6f, 0x50, 0x2, 0xff,
    0xdb, 0x98, 0x6a, 0xf5, 0x0, 0x0, 0x6f, 0x50,
    0x0, 0x20, 0x0, 0x0, 0x4, 0xb3,

    /* U+8F09 "載" */
    0x0, 0x0, 0x8d, 0x20, 0x0, 0x4d, 0x70, 0x63,
    0x0, 0x0, 0x55, 0x5c, 0xf7, 0x55, 0x34, 0xf9,
    0x2e, 0xf4, 0x0, 0x1f, 0xff, 0xff, 0xff, 0xf9,
    0x4f, 0x90, 0x2e, 0xf3, 0x0, 0x11, 0x1a, 0xf4,
    0x11, 0x4, 0xf9, 0x0, 0x4d, 0x20, 0x88, 0x88,
    0xdf, 0xa8, 0x88, 0xaf, 0xd8, 0x88, 0x88, 0xf,
    0xff, 0xff, 0xff, 0xff, 0xff, 0xff, 0xff, 0xff,
    0xf0, 0x0, 0x0, 0x9f, 0x20, 0x0, 0x2f, 0xc0,
    0x1, 0x0, 0x6, 0xff, 0xff, 0xff, 0xff, 0xf0,
    0xfd, 0x0, 0x9d, 0x10, 0x26, 0x66, 0xcf, 0x76,
    0x66, 0xe, 0xe0, 0xe, 0xd0, 0x0, 0x44, 0x4b,
    0xf5, 0x44, 0x20, 0xdf, 0x5, 0xf7, 0x0, 0xf,
    0xdb, 0xdf, 0xbb, 0xf9, 0xb, 0xf3, 0xdf, 0x10,
    0x0, 0xfa, 0x7b, 0xf7, 0x7e, 0x90, 0x7f, 0xaf,
    0x80, 0x0, 0xf, 0x95, 0xaf, 0x55, 0xe9, 0x4,
    0xff, 0xe0, 0x0, 0x0, 0xfe, 0xce, 0xfc, 0xcf,
    0x90, 0x1f, 0xf5, 0x2, 0x40, 0x3, 0x33, 0xaf,
    0x43, 0x32, 0xa, 0xff, 0x20, 0x4f, 0x45, 0x77,
    0x7c, 0xf8, 0x77, 0x77, 0xff, 0xf8, 0x5, 0xf3,
    0xbf, 0xff, 0xff, 0xff, 0xff, 0xff, 0x6f, 0xf2,
    0x8f, 0x0, 0x0, 0x9, 0xf1, 0x8, 0xfe, 0x30,
    0x8f, 0xff, 0xc0, 0x0, 0x0, 0x9f, 0x10, 0x1b,
    0x20, 0x0, 0x8e, 0xd3, 0x0,

    /* U+8F2F "輯" */
    0x0, 0x0, 0x8f, 0x20, 0x0, 0x14, 0x44, 0x44,
    0x44, 0x30, 0x0, 0x0, 0x8f, 0x20, 0x0, 0x4f,
    0xff, 0xff, 0xff, 0xb0, 0x9, 0xbb, 0xdf, 0xbb,
    0xb4, 0x4f, 0xa3, 0x33, 0x5f, 0xb0, 0xd, 0xff,
    0xff, 0xff, 0xf6, 0x4f, 0x91, 0x11, 0x3f, 0xb0,
    0x0, 0x0, 0x8f, 0x20, 0x0, 0x4f, 0xff, 0xff,
    0xff, 0xb0, 0x5, 0xff, 0xff, 0xff, 0xf1, 0x0,
    0x0, 0x0, 0x0, 0x0, 0x5, 0xf6, 0x9f, 0x69,
    0xf8, 0xee, 0xee, 0xee, 0xee, 0xea, 0x5, 0xf0,
    0x5f, 0x5, 0xf6, 0xbf, 0xda, 0xaa, 0xbf, 0xe8,
    0x5, 0xff, 0xff, 0xff, 0xf1, 0x2f, 0x90, 0x0,
    0x1f, 0xa0, 0x5, 0xf5, 0x8f, 0x48, 0xf1, 0x2f,
    0xfd, 0xdd, 0xef, 0xa0, 0x5, 0xf2, 0x7f, 0x26,
    0xf1, 0x2f, 0xc7, 0x77, 0x8f, 0xa0, 0x5, 0xff,
    0xff, 0xff, 0xf1, 0x2f, 0x90, 0x0, 0x2f, 0xa0,
    0x1, 0x33, 0xaf, 0x53, 0x30, 0x2f, 0xff, 0xff,
    0xff, 0xa0, 0x8, 0x88, 0xcf, 0xa8, 0x86, 0x2f,
    0xa2, 0x22, 0x4f, 0xa0, 0x1f, 0xff, 0xff, 0xff,
    0xfa, 0x3f, 0xa3, 0x45, 0x7f, 0xd7, 0x1, 0x11,
    0x9f, 0x31, 0x1e, 0xff, 0xff, 0xff, 0xff, 0xfb,
    0x0, 0x0, 0x8f, 0x20, 0xb, 0xec, 0xb9, 0x86,
    0x6f, 0xa0, 0x0, 0x0, 0x8f, 0x20, 0x0, 0x0,
    0x0, 0x0, 0x1f, 0xa0, 0x0, 0x0, 0x8f, 0x20,
    0x0, 0x0, 0x0, 0x0, 0x1f, 0xa0,

    /* U+8F38 "輸" */
    0x0, 0x0, 0x0, 0x0, 0x0, 0x0, 0x0, 0x0,
    0x0, 0x0, 0x0, 0x0, 0xf9, 0x0, 0x0, 0x0,
    0xc, 0x90, 0x0, 0x0, 0x0, 0x0, 0xf9, 0x0,
    0x0, 0x0, 0x9f, 0xf3, 0x0, 0x0, 0xd, 0xff,
    0xff, 0xff, 0x70, 0x8, 0xf7, 0xcf, 0x40, 0x0,
    0x9, 0xaa, 0xfd, 0xaa, 0x51, 0xbf, 0x50, 0x1d,
    0xf8, 0x0, 0x0, 0x0, 0xf9, 0x0, 0x6e, 0xf5,
    0x0, 0x0, 0xaf, 0xe4, 0x7, 0xde, 0xff, 0xdd,
    0x7c, 0xff, 0xff, 0xff, 0xfc, 0xd1, 0x8, 0xe7,
    0xfb, 0xaf, 0x20, 0x88, 0x88, 0x88, 0x84, 0x0,
    0x8, 0xd0, 0xe7, 0x4f, 0x22, 0x22, 0x21, 0x0,
    0x2, 0x30, 0x8, 0xfe, 0xff, 0xef, 0x2e, 0xff,
    0xfd, 0x3f, 0x1a, 0xc0, 0x8, 0xe6, 0xea, 0x9f,
    0x2e, 0x70, 0x9d, 0x3f, 0x1a, 0xc0, 0x8, 0xd0,
    0xe7, 0x4f, 0x2e, 0xda, 0xdd, 0x3f, 0x1a, 0xc0,
    0x8, 0xff, 0xff, 0xff, 0x2e, 0xc9, 0xdd, 0x3f,
    0x1a, 0xc0, 0x3, 0x66, 0xfc, 0x66, 0x1e, 0x70,
    0x9d, 0x3f, 0x1a, 0xc0, 0x3, 0x33, 0xfb, 0x33,
    0x1e, 0xfe, 0xfd, 0x3f, 0x1a, 0xc0, 0x1f, 0xff,
    0xff, 0xff, 0x7e, 0xb7, 0xcd, 0x3f, 0x1a, 0xc0,
    0x6, 0x67, 0xfc, 0x66, 0x3e, 0x70, 0x9d, 0x16,
    0xa, 0xc0, 0x0, 0x0, 0xf9, 0x0, 0xe, 0x70,
    0x9d, 0x0, 0xa, 0xc0, 0x0, 0x0, 0xf9, 0x0,
    0xe, 0x74, 0xcc, 0x3, 0x6d, 0xc0, 0x0, 0x0,
    0xf9, 0x0, 0xe, 0x77, 0xe6, 0x5, 0xfe, 0x60,
    0x0, 0x0, 0x21, 0x0, 0x2, 0x10, 0x0, 0x0,
    0x0, 0x0,

    /* U+8F66 "车" */
    0x0, 0x0, 0x0, 0x0, 0x0, 0x0, 0x0, 0x0,
    0x0, 0x0, 0x0, 0x0, 0xab, 0x40, 0x0, 0x0,
    0x0, 0x0, 0x0, 0x0, 0x1, 0xff, 0x40, 0x0,
    0x0, 0x0, 0x0, 0x0, 0x0, 0x7, 0xfd, 0x0,
    0x0, 0x0, 0x0, 0x0, 0x8f, 0xff, 0xff, 0xff,
    0xff, 0xff, 0xff, 0xff, 0xf8, 0x6c, 0xcc, 0xef,
    0xec, 0xcc, 0xcc, 0xcc, 0xcc, 0xc7, 0x0, 0x0,
    0xdf, 0x40, 0x0, 0x0, 0x0, 0x0, 0x0, 0x0,
    0x6, 0xfb, 0x0, 0xd, 0xd0, 0x0, 0x0, 0x0,
    0x0, 0x1e, 0xf2, 0x0, 0xf, 0xf0, 0x0, 0x0,
    0x0, 0x0, 0xaf, 0xa1, 0x11, 0x1f, 0xf1, 0x11,
    0x11, 0x0, 0x3, 0xff, 0xff, 0xff, 0xff, 0xff,
    0xff, 0xff, 0x30, 0x0, 0xcc, 0xbb, 0xbb, 0xbf,
    0xfb, 0xbb, 0xbb, 0x20, 0x0, 0x0, 0x0, 0x0,
    0xf, 0xf0, 0x0, 0x0, 0x0, 0x0, 0x0, 0x0,
    0x0, 0xf, 0xf0, 0x0, 0x0, 0x0, 0xbc, 0xcc,
    0xcc, 0xcc, 0xcf, 0xfd, 0xcc, 0xcc, 0xcc, 0xdf,
    0xff, 0xff, 0xff, 0xff, 0xff, 0xff, 0xff, 0xfe,
    0x0, 0x0, 0x0, 0x0, 0xf, 0xf1, 0x0, 0x0,
    0x0, 0x0, 0x0, 0x0, 0x0, 0xf, 0xf0, 0x0,
    0x0, 0x0, 0x0, 0x0, 0x0, 0x0, 0xf, 0xf0,
    0x0, 0x0, 0x0, 0x0, 0x0, 0x0, 0x0, 0xf,
    0xf0, 0x0, 0x0, 0x0,

    /* U+8F7D "载" */
    0x0, 0x0, 0x5e, 0x60, 0x0, 0xd, 0xc0, 0x33,
    0x0, 0x0, 0x55, 0x59, 0xfa, 0x55, 0x50, 0xfe,
    0x1e, 0xf4, 0x0, 0xf, 0xff, 0xff, 0xff, 0xfd,
    0xe, 0xe0, 0x2f, 0xe2, 0x0, 0x11, 0x16, 0xf7,
    0x11, 0x10, 0xee, 0x0, 0x5b, 0x20, 0x77, 0x77,
    0xaf, 0xb7, 0x77, 0x7e, 0xf7, 0x77, 0x77, 0xf,
    0xff, 0xff, 0xff, 0xff, 0xff, 0xff, 0xff, 0xff,
    0xf0, 0x0, 0x7, 0xd5, 0x0, 0x0, 0xc, 0xf1,
    0x0, 0x0, 0x0, 0x0, 0xcf, 0x30, 0x0, 0x0,
    0xaf, 0x20, 0x7a, 0x10, 0xbf, 0xff, 0xff, 0xff,
    0xff, 0x89, 0xf3, 0xe, 0xf0, 0x5, 0x7e, 0xf7,
    0x77, 0x77, 0x73, 0x7f, 0x55, 0xfa, 0x0, 0x4,
    0xf9, 0x6, 0xa2, 0x0, 0x6, 0xf7, 0xbf, 0x40,
    0x1, 0xef, 0xa9, 0xdf, 0xb9, 0x92, 0x3f, 0xbf,
    0xd0, 0x0, 0xf, 0xff, 0xff, 0xff, 0xff, 0x30,
    0xff, 0xf5, 0x0, 0x0, 0x10, 0x0, 0x8f, 0x30,
    0x0, 0xd, 0xfd, 0x0, 0x0, 0x0, 0x0, 0x9,
    0xf7, 0x68, 0x50, 0xdf, 0x60, 0x2b, 0x19, 0xce,
    0xff, 0xff, 0xff, 0xf9, 0x8f, 0xfa, 0x3, 0xf3,
    0xbf, 0xfe, 0xcd, 0xf8, 0x53, 0x7f, 0xee, 0xf3,
    0x6f, 0x12, 0x10, 0x0, 0x8f, 0x30, 0x6f, 0xe2,
    0x6f, 0xff, 0xd0, 0x0, 0x0, 0x8, 0xf3, 0x6,
    0xe2, 0x0, 0x7e, 0xe4, 0x0, 0x0, 0x0, 0x0,
    0x0, 0x0, 0x0, 0x0, 0x0, 0x0,

    /* U+8F91 "辑" */
    0x0, 0x0, 0x0, 0x0, 0x0, 0x0, 0x0, 0x0,
    0x0, 0x0, 0x0, 0x5, 0xe6, 0x0, 0x4, 0x66,
    0x66, 0x66, 0x66, 0x0, 0x0, 0x8, 0xf5, 0x0,
    0xa, 0xff, 0xee, 0xee, 0xfe, 0x0, 0x1b, 0xbe,
    0xfc, 0xbb, 0x3a, 0xf1, 0x0, 0x0, 0xee, 0x0,
    0x2f, 0xff, 0xff, 0xff, 0x4a, 0xf6, 0x55, 0x55,
    0xfe, 0x0, 0x0, 0x4f, 0x80, 0x0, 0xa, 0xff,
    0xff, 0xff, 0xfe, 0x0, 0x0, 0x7f, 0x20, 0x0,
    0x3, 0x55, 0x55, 0x55, 0x55, 0x0, 0x0, 0xdd,
    0x3f, 0x70, 0xaf, 0xff, 0xff, 0xff, 0xff, 0xf1,
    0x3, 0xf7, 0x3f, 0x70, 0x6c, 0xfa, 0x99, 0x99,
    0xfe, 0x90, 0xb, 0xfa, 0xbf, 0xc9, 0x8, 0xf3,
    0x0, 0x0, 0xfb, 0x0, 0xb, 0xff, 0xff, 0xff,
    0x8, 0xff, 0xff, 0xff, 0xfb, 0x0, 0x2, 0x21,
    0x5f, 0x81, 0x8, 0xf8, 0x66, 0x66, 0xfb, 0x0,
    0x0, 0x0, 0x3f, 0x70, 0x8, 0xf3, 0x0, 0x0,
    0xfb, 0x0, 0x0, 0x0, 0x4f, 0xb9, 0x48, 0xff,
    0xff, 0xff, 0xfb, 0x0, 0x29, 0xce, 0xff, 0xff,
    0x68, 0xf8, 0x66, 0x66, 0xfb, 0x0, 0x1f, 0xff,
    0xdf, 0xa2, 0x8, 0xf3, 0x0, 0x2, 0xfc, 0x51,
    0x6, 0x30, 0x3f, 0x70, 0x9d, 0xfd, 0xef, 0xff,
    0xff, 0xf3, 0x0, 0x0, 0x3f, 0x70, 0xef, 0xff,
    0xdc, 0xb9, 0xfd, 0x51, 0x0, 0x0, 0x3f, 0x70,
    0x21, 0x0, 0x0, 0x0, 0xfb, 0x0, 0x0, 0x0,
    0x3f, 0x70, 0x0, 0x0, 0x0, 0x0, 0xfb, 0x0,
    0x0, 0x0, 0x0, 0x0, 0x0, 0x0, 0x0, 0x0,
    0x0, 0x0,

    /* U+8F93 "输" */
    0x0, 0xb, 0x80, 0x0, 0x0, 0x0, 0x4c, 0x40,
    0x0, 0x0, 0x0, 0xf, 0xa0, 0x0, 0x0, 0x2,
    0xef, 0x80, 0x0, 0x0, 0x18, 0xaf, 0xc8, 0x83,
    0x0, 0x3e, 0xfc, 0xfa, 0x0, 0x0, 0x2f, 0xff,
    0xff, 0xf5, 0x7, 0xfe, 0x30, 0x9f, 0xc3, 0x0,
    0x2, 0xaf, 0x22, 0x25, 0xcf, 0xe3, 0x0, 0x7,
    0xff, 0xb2, 0x0, 0xcc, 0x0, 0xc, 0xff, 0xff,
    0xff, 0xff, 0xff, 0xf2, 0x1, 0xf7, 0xbd, 0x1,
    0x55, 0x77, 0x77, 0x77, 0x71, 0x30, 0x5, 0xf2,
    0xcd, 0x0, 0x0, 0x0, 0x0, 0x0, 0x2, 0x10,
    0xc, 0xf6, 0xde, 0x62, 0xcf, 0xff, 0xf9, 0x6f,
    0xe, 0x90, 0xf, 0xff, 0xff, 0xf4, 0xcb, 0x0,
    0xe9, 0x6f, 0xe, 0x90, 0x5, 0x44, 0xde, 0x41,
    0xce, 0x99, 0xf9, 0x6f, 0xe, 0x90, 0x0, 0x0,
    0xcd, 0x0, 0xcf, 0xcc, 0xf9, 0x6f, 0xe, 0x90,
    0x0, 0x1, 0xdf, 0xb4, 0xcb, 0x0, 0xe9, 0x6f,
    0xe, 0x90, 0x1a, 0xef, 0xff, 0xe4, 0xcf, 0xdd,
    0xf9, 0x6f, 0xe, 0x90, 0xf, 0xea, 0xed, 0x0,
    0xcd, 0x88, 0xf9, 0x6f, 0xe, 0x90, 0x1, 0x0,
    0xcd, 0x0, 0xcb, 0x0, 0xe9, 0x25, 0xe, 0x90,
    0x0, 0x0, 0xcd, 0x0, 0xcb, 0x0, 0xe9, 0x0,
    0xe, 0x90, 0x0, 0x0, 0xcd, 0x0, 0xcb, 0x26,
    0xf9, 0x7, 0x8f, 0x80, 0x0, 0x0, 0xcd, 0x0,
    0xca, 0x1f, 0xf4, 0xd, 0xfd, 0x30, 0x0, 0x0,
    0x0, 0x0, 0x0, 0x0, 0x0, 0x0, 0x0, 0x0,

    /* U+8FA8 "辨" */
    0x0, 0x0, 0x0, 0x0, 0x0, 0x0, 0x0, 0x0,
    0x0, 0x0, 0x0, 0x2b, 0x50, 0x0, 0x0, 0xad,
    0x0, 0x7e, 0x10, 0x0, 0x0, 0x1f, 0xd0, 0x0,
    0x0, 0xae, 0x0, 0x4f, 0x80, 0x0, 0x8, 0x8d,
    0xf9, 0x81, 0x0, 0xae, 0x48, 0x8f, 0xf8, 0x80,
    0xf, 0xff, 0xff, 0xf3, 0x10, 0xae, 0x7f, 0xff,
    0xff, 0xf0, 0x3, 0xb1, 0x8, 0x80, 0xf6, 0xae,
    0x7, 0x60, 0xc, 0x50, 0x2, 0xf4, 0xd, 0xa0,
    0xf6, 0xae, 0xa, 0xc0, 0x3f, 0x50, 0x0, 0xe8,
    0x1f, 0x60, 0xf5, 0xae, 0x7, 0xf0, 0x6f, 0x10,
    0x0, 0xc8, 0x5f, 0x11, 0xf5, 0xae, 0x5, 0xe1,
    0xac, 0x0, 0x2f, 0xff, 0xff, 0xf9, 0xf3, 0xbe,
    0xae, 0xee, 0xff, 0xe3, 0x19, 0x9e, 0xf9, 0x9a,
    0xf1, 0xbd, 0x7a, 0xbf, 0xea, 0xa2, 0x0, 0xb,
    0xf0, 0x4, 0xa0, 0xcc, 0x0, 0xf, 0xb0, 0x0,
    0x2, 0x2c, 0xf2, 0x20, 0x0, 0xfb, 0x0, 0xf,
    0xb0, 0x0, 0xe, 0xff, 0xff, 0xf3, 0x2, 0xf8,
    0x4a, 0xaf, 0xea, 0xa0, 0x6, 0x7e, 0xf7, 0x71,
    0x6, 0xf5, 0x6f, 0xff, 0xff, 0xf0, 0x0, 0x1f,
    0xc0, 0x0, 0xd, 0xe0, 0x0, 0xf, 0xb0, 0x0,
    0x0, 0x5f, 0x80, 0x0, 0x5f, 0x80, 0x0, 0xf,
    0xb0, 0x0, 0x0, 0xdf, 0x20, 0x2, 0xff, 0x10,
    0x0, 0xf, 0xb0, 0x0, 0xb, 0xf8, 0x0, 0x1e,
    0xf4, 0x0, 0x0, 0xf, 0xb0, 0x0, 0x5, 0xa0,
    0x0, 0x9, 0x50, 0x0, 0x0, 0xf, 0xb0, 0x0,
    0x0, 0x0, 0x0, 0x0, 0x0, 0x0, 0x0, 0x0,
    0x0, 0x0,

    /* U+8FBC "込" */
    0x0, 0x50, 0x0, 0x0, 0x1, 0x0, 0x0, 0x0,
    0x0, 0x0, 0x7, 0xfb, 0x0, 0x0, 0xc, 0xc1,
    0x0, 0x0, 0x0, 0x0, 0x0, 0xaf, 0xb0, 0x0,
    0x9, 0xfd, 0x0, 0x0, 0x0, 0x0, 0x0, 0xc,
    0xf7, 0x0, 0x0, 0x9f, 0x80, 0x0, 0x0, 0x0,
    0x0, 0x1, 0x90, 0x0, 0x0, 0xf, 0xf1, 0x0,
    0x0, 0x0, 0x0, 0x0, 0x0, 0x0, 0x0, 0x2f,
    0xf7, 0x0, 0x0, 0x0, 0x0, 0x0, 0x0, 0x0,
    0x0, 0x5f, 0xfe, 0x0, 0x0, 0x0, 0x0, 0x0,
    0x0, 0x0, 0x0, 0xaf, 0xdf, 0x50, 0x0, 0x0,
    0x4f, 0xff, 0xf2, 0x0, 0x1, 0xff, 0x3f, 0xb0,
    0x0, 0x0, 0x3b, 0xbe, 0xf2, 0x0, 0x7, 0xfa,
    0xd, 0xf2, 0x0, 0x0, 0x0, 0xb, 0xf2, 0x0,
    0x1f, 0xf2, 0x6, 0xfa, 0x0, 0x0, 0x0, 0xb,
    0xf2, 0x0, 0xcf, 0x90, 0x0, 0xef, 0x60, 0x0,
    0x0, 0xb, 0xf2, 0xa, 0xfd, 0x0, 0x0, 0x5f,
    0xf7, 0x0, 0x0, 0xb, 0xf2, 0xcf, 0xe2, 0x0,
    0x0, 0x8, 0xff, 0x90, 0x0, 0x1d, 0xf3, 0x3c,
    0x20, 0x0, 0x0, 0x0, 0x6e, 0x20, 0x4, 0xef,
    0xff, 0x82, 0x0, 0x0, 0x0, 0x0, 0x0, 0x0,
    0x4f, 0xf4, 0x1a, 0xff, 0xeb, 0xba, 0xaa, 0xbb,
    0xcd, 0xd0, 0xd, 0x50, 0x0, 0x28, 0xdf, 0xff,
    0xff, 0xff, 0xfe, 0xa0, 0x1, 0x0, 0x0, 0x0,
    0x0, 0x0, 0x0, 0x0, 0x0, 0x0,

    /* U+8FC7 "过" */
    0x0, 0x20, 0x0, 0x0, 0x0, 0x0, 0x0, 0xad,
    0x30, 0x0, 0x7, 0xf6, 0x0, 0x0, 0x0, 0x0,
    0x0, 0xbf, 0x30, 0x0, 0x3, 0xff, 0x50, 0x0,
    0x0, 0x0, 0x0, 0xbf, 0x30, 0x0, 0x0, 0x4f,
    0xf3, 0x2, 0x22, 0x22, 0x22, 0xcf, 0x52, 0x10,
    0x0, 0x8, 0xf6, 0x5f, 0xff, 0xff, 0xff, 0xff,
    0xff, 0xd0, 0x0, 0x0, 0x20, 0x3a, 0xaa, 0xaa,
    0xaa, 0xef, 0xba, 0x80, 0x0, 0x0, 0x0, 0x0,
    0x10, 0x0, 0x0, 0xbf, 0x30, 0x0, 0x2a, 0xaa,
    0xa1, 0x4, 0xfa, 0x0, 0x0, 0xbf, 0x30, 0x0,
    0x4f, 0xff, 0xf2, 0x0, 0xcf, 0x70, 0x0, 0xbf,
    0x30, 0x0, 0x1, 0x1b, 0xf2, 0x0, 0x1e, 0xf3,
    0x0, 0xbf, 0x30, 0x0, 0x0, 0xb, 0xf2, 0x0,
    0x5, 0xf8, 0x0, 0xbf, 0x30, 0x0, 0x0, 0xb,
    0xf2, 0x0, 0x0, 0x30, 0x0, 0xbf, 0x30, 0x0,
    0x0, 0xb, 0xf2, 0x0, 0x0, 0x0, 0x0, 0xbf,
    0x30, 0x0, 0x0, 0xb, 0xf2, 0x0, 0x0, 0x4d,
    0xdd, 0xff, 0x10, 0x0, 0x0, 0x5e, 0xf7, 0x0,
    0x0, 0xf, 0xff, 0xd6, 0x0, 0x0, 0x9, 0xfe,
    0xcf, 0xc6, 0x10, 0x0, 0x0, 0x0, 0x1, 0x41,
    0x6f, 0xe1, 0x6, 0xff, 0xfe, 0xdc, 0xcd, 0xde,
    0xff, 0xf1, 0xd, 0x40, 0x0, 0x6, 0xce, 0xff,
    0xff, 0xff, 0xfe, 0xc0, 0x1, 0x0, 0x0, 0x0,
    0x0, 0x0, 0x0, 0x0, 0x0, 0x0,

    /* U+8FD0 "运" */
    0x3, 0xb2, 0x0, 0x6, 0xbb, 0xbb, 0xbb, 0xbb,
    0xb7, 0x0, 0x8, 0xff, 0x60, 0x8, 0xff, 0xff,
    0xff, 0xff, 0xf9, 0x0, 0x0, 0x5f, 0xf9, 0x0,
    0x0, 0x0, 0x0, 0x0, 0x0, 0x0, 0x0, 0x2,
    0xc2, 0x0, 0x0, 0x0, 0x0, 0x0, 0x0, 0x0,
    0x0, 0x0, 0x0, 0x33, 0x33, 0x33, 0x33, 0x33,
    0x33, 0x30, 0x0, 0x0, 0x0, 0xef, 0xff, 0xff,
    0xff, 0xff, 0xff, 0xf0, 0x5f, 0xff, 0xf1, 0x78,
    0x89, 0xff, 0x98, 0x88, 0x88, 0x80, 0x4c, 0xcf,
    0xf1, 0x0, 0x7, 0xfb, 0x0, 0x73, 0x0, 0x0,
    0x0, 0xb, 0xf1, 0x0, 0xe, 0xf3, 0x2, 0xfd,
    0x0, 0x0, 0x0, 0xb, 0xf1, 0x0, 0x7f, 0xa0,
    0x0, 0x9f, 0x70, 0x0, 0x0, 0xb, 0xf1, 0x1,
    0xef, 0x10, 0x0, 0x1e, 0xf1, 0x0, 0x0, 0xb,
    0xf1, 0x1c, 0xfd, 0xab, 0xcd, 0xef, 0xfa, 0x0,
    0x0, 0xb, 0xf1, 0xf, 0xff, 0xff, 0xfe, 0xcb,
    0xef, 0x30, 0x0, 0xc, 0xf1, 0x6, 0x64, 0x21,
    0x0, 0x0, 0x5d, 0x40, 0x0, 0x8f, 0xfd, 0x20,
    0x0, 0x0, 0x0, 0x0, 0x0, 0x0, 0x9, 0xfd,
    0x7f, 0xf6, 0x10, 0x0, 0x0, 0x0, 0x13, 0x82,
    0x4f, 0xe1, 0x2, 0xdf, 0xfe, 0xdc, 0xcd, 0xde,
    0xff, 0xf0, 0xd, 0x60, 0x0, 0x6, 0xcf, 0xff,
    0xff, 0xff, 0xff, 0xb0, 0x1, 0x0, 0x0, 0x0,
    0x0, 0x1, 0x11, 0x0, 0x0, 0x0,

    /* U+8FD4 "返" */
    0x0, 0x10, 0x0, 0x0, 0x0, 0x0, 0x0, 0x25,
    0x82, 0x0, 0x6f, 0x60, 0x0, 0x59, 0xab, 0xce,
    0xff, 0xff, 0xe2, 0x2, 0xef, 0x50, 0xb, 0xff,
    0xfe, 0xdb, 0xa7, 0x51, 0x0, 0x3, 0xff, 0x30,
    0xbf, 0x30, 0x0, 0x0, 0x0, 0x0, 0x0, 0x6,
    0x80, 0xb, 0xf2, 0x0, 0x0, 0x0, 0x0, 0x0,
    0x0, 0x0, 0x0, 0xbf, 0xff, 0xff, 0xff, 0xff,
    0x80, 0x0, 0x0, 0x0, 0xc, 0xfa, 0xaa, 0xaa,
    0xad, 0xf5, 0x2, 0xbb, 0xbb, 0x0, 0xdf, 0x13,
    0x0, 0x0, 0xef, 0x0, 0x3f, 0xff, 0xf1, 0xe,
    0xf5, 0xfb, 0x10, 0x6f, 0x90, 0x0, 0x0, 0xdf,
    0x10, 0xfd, 0xa, 0xfd, 0x4f, 0xe1, 0x0, 0x0,
    0xd, 0xf1, 0x3f, 0xb0, 0x7, 0xff, 0xf5, 0x0,
    0x0, 0x0, 0xdf, 0x17, 0xf6, 0x0, 0x2e, 0xff,
    0x60, 0x0, 0x0, 0xd, 0xf1, 0xef, 0x10, 0x6f,
    0xfb, 0xff, 0x80, 0x0, 0x0, 0xdf, 0x8f, 0xa5,
    0xef, 0xf6, 0x3, 0xef, 0x90, 0x0, 0x1e, 0xf3,
    0x91, 0x2f, 0x92, 0x0, 0x3, 0xe4, 0x0, 0x2e,
    0xff, 0xd1, 0x0, 0x0, 0x0, 0x0, 0x0, 0x0,
    0xc, 0xf4, 0x4f, 0xe5, 0x0, 0x0, 0x0, 0x0,
    0x37, 0xb6, 0xfa, 0x0, 0x3e, 0xff, 0xdc, 0xbc,
    0xde, 0xff, 0xf9, 0xd, 0x20, 0x0, 0x7, 0xce,
    0xff, 0xff, 0xff, 0xfe, 0x60, 0x10, 0x0, 0x0,
    0x0, 0x0, 0x11, 0x10, 0x0, 0x0,

    /* U+8FDB "进" */
    0x0, 0x70, 0x0, 0x0, 0x5, 0xa3, 0x0, 0x79,
    0x0, 0x0, 0x7, 0xfc, 0x10, 0x0, 0x8, 0xf5,
    0x0, 0xcf, 0x0, 0x0, 0x0, 0xaf, 0xd1, 0x0,
    0x8, 0xf5, 0x0, 0xcf, 0x0, 0x0, 0x0, 0xb,
    0xf9, 0x18, 0x8c, 0xfb, 0x88, 0xef, 0x98, 0x40,
    0x0, 0x0, 0x70, 0x3f, 0xff, 0xff, 0xff, 0xff,
    0xff, 0x80, 0x0, 0x0, 0x0, 0x4, 0x4a, 0xf8,
    0x44, 0xdf, 0x44, 0x20, 0x0, 0x0, 0x0, 0x0,
    0x8, 0xf5, 0x0, 0xcf, 0x0, 0x0, 0x3d, 0xdd,
    0xd1, 0x0, 0x8, 0xf5, 0x0, 0xcf, 0x0, 0x0,
    0x4e, 0xef, 0xf2, 0x27, 0x7c, 0xfa, 0x77, 0xef,
    0x87, 0x70, 0x0, 0xb, 0xf2, 0x5f, 0xff, 0xff,
    0xff, 0xff, 0xff, 0xe0, 0x0, 0xb, 0xf2, 0x14,
    0x5f, 0xf5, 0x44, 0xdf, 0x54, 0x40, 0x0, 0xb,
    0xf2, 0x0, 0x4f, 0xb0, 0x0, 0xcf, 0x0, 0x0,
    0x0, 0xb, 0xf2, 0x0, 0xcf, 0x60, 0x0, 0xcf,
    0x0, 0x0, 0x0, 0xb, 0xf2, 0xa, 0xfe, 0x0,
    0x0, 0xcf, 0x0, 0x0, 0x0, 0x1e, 0xf4, 0x8,
    0xf4, 0x0, 0x0, 0xcf, 0x0, 0x0, 0x1, 0xef,
    0xff, 0x30, 0x20, 0x0, 0x0, 0x12, 0x0, 0x0,
    0xc, 0xf7, 0x2d, 0xf7, 0x10, 0x0, 0x0, 0x0,
    0x3, 0x82, 0x6f, 0xb0, 0x1, 0xcf, 0xfd, 0xcb,
    0xbc, 0xcd, 0xff, 0xf0, 0x1d, 0x20, 0x0, 0x6,
    0xbe, 0xff, 0xff, 0xff, 0xff, 0xc0, 0x1, 0x0,
    0x0, 0x0, 0x0, 0x1, 0x11, 0x0, 0x0, 0x0,

    /* U+8FDE "连" */
    0x0, 0x62, 0x0, 0x0, 0x0, 0xb8, 0x0, 0x0,
    0x0, 0x0, 0x3, 0xfe, 0x10, 0x0, 0x3, 0xfd,
    0x0, 0x0, 0x0, 0x0, 0x0, 0x7f, 0xc0, 0x7d,
    0xde, 0xff, 0xdd, 0xdd, 0xdd, 0x60, 0x0, 0xb,
    0xf7, 0x7c, 0xdf, 0xfc, 0xcc, 0xcc, 0xcc, 0x60,
    0x0, 0x1, 0xb1, 0x0, 0x5f, 0x90, 0x34, 0x0,
    0x0, 0x0, 0x0, 0x0, 0x0, 0x0, 0xdf, 0x20,
    0xbf, 0x30, 0x0, 0x0, 0x2, 0x22, 0x20, 0x7,
    0xfa, 0x0, 0xcf, 0x40, 0x0, 0x0, 0x3f, 0xff,
    0xf1, 0xf, 0xff, 0xff, 0xff, 0xff, 0xfe, 0x0,
    0x29, 0x9e, 0xf1, 0xa, 0xcb, 0xbb, 0xef, 0xcb,
    0xba, 0x0, 0x0, 0xb, 0xf1, 0x0, 0x0, 0x0,
    0xbf, 0x30, 0x0, 0x0, 0x0, 0xb, 0xf1, 0x0,
    0x0, 0x0, 0xbf, 0x30, 0x0, 0x0, 0x0, 0xb,
    0xf1, 0xbf, 0xff, 0xff, 0xff, 0xff, 0xff, 0xc0,
    0x0, 0xb, 0xf1, 0x9c, 0xcc, 0xcc, 0xff, 0xdc,
    0xcc, 0xa0, 0x0, 0xb, 0xf1, 0x0, 0x0, 0x0,
    0xbf, 0x30, 0x0, 0x0, 0x0, 0xd, 0xf2, 0x0,
    0x0, 0x0, 0xbf, 0x30, 0x0, 0x0, 0x1, 0xdf,
    0xfd, 0x10, 0x0, 0x0, 0xbf, 0x30, 0x0, 0x0,
    0xc, 0xf9, 0x6f, 0xf7, 0x10, 0x0, 0x11, 0x0,
    0x13, 0x84, 0x6f, 0xc0, 0x3, 0xef, 0xff, 0xed,
    0xcd, 0xef, 0xff, 0xf2, 0xd, 0x40, 0x0, 0x7,
    0xcf, 0xff, 0xff, 0xff, 0xff, 0xe0, 0x1, 0x0,
    0x0, 0x0, 0x0, 0x11, 0x11, 0x10, 0x0, 0x0,

    /* U+8FF4 "迴" */
    0x0, 0x62, 0x0, 0x0, 0x0, 0x0, 0x0, 0x0,
    0x0, 0x0, 0x3, 0xfe, 0x20, 0xe, 0xff, 0xff,
    0xff, 0xff, 0xff, 0x10, 0x0, 0x7f, 0xe1, 0xf,
    0xea, 0xaa, 0xaa, 0xaa, 0xef, 0x10, 0x0, 0x9,
    0xfb, 0xf, 0xa0, 0x0, 0x0, 0x0, 0x9f, 0x10,
    0x0, 0x0, 0xa2, 0xf, 0xa0, 0x56, 0x66, 0x60,
    0x9f, 0x10, 0x0, 0x0, 0x0, 0xf, 0xa0, 0xef,
    0xff, 0xf0, 0x9f, 0x10, 0x0, 0x0, 0x0, 0xf,
    0xa0, 0xe6, 0x6, 0xf0, 0x9f, 0x10, 0x3f, 0xff,
    0xf1, 0xf, 0xa0, 0xe6, 0x6, 0xf0, 0x9f, 0x10,
    0x2a, 0xae, 0xf1, 0xf, 0xa0, 0xe6, 0x6, 0xf0,
    0x9f, 0x10, 0x0, 0xb, 0xf1, 0xf, 0xa0, 0xe8,
    0x28, 0xf0, 0x9f, 0x10, 0x0, 0xb, 0xf1, 0xf,
    0xa0, 0xef, 0xff, 0xf0, 0x9f, 0x10, 0x0, 0xb,
    0xf1, 0xf, 0xa0, 0x11, 0x11, 0x10, 0x9f, 0x10,
    0x0, 0xb, 0xf1, 0xf, 0xa0, 0x0, 0x0, 0x0,
    0x9f, 0x10, 0x0, 0xb, 0xf1, 0xf, 0xff, 0xff,
    0xff, 0xff, 0xff, 0x10, 0x0, 0x2d, 0xf1, 0xa,
    0xbb, 0xbb, 0xbb, 0xbb, 0xbb, 0x10, 0x2, 0xef,
    0xfa, 0x0, 0x0, 0x0, 0x0, 0x0, 0x0, 0x0,
    0xd, 0xf6, 0xaf, 0xc4, 0x0, 0x0, 0x0, 0x0,
    0x13, 0x72, 0x8f, 0x90, 0x8, 0xff, 0xfe, 0xdc,
    0xcd, 0xef, 0xff, 0xf0, 0x1d, 0x10, 0x0, 0x29,
    0xdf, 0xff, 0xff, 0xff, 0xed, 0xa0, 0x1, 0x0,
    0x0, 0x0, 0x0, 0x0, 0x0, 0x0, 0x0, 0x0,

    /* U+8FFD "追" */
    0x0, 0x0, 0x0, 0x0, 0x0, 0x0, 0x0, 0x0,
    0x0, 0x0, 0x11, 0x0, 0x0, 0x0, 0x4, 0xfd,
    0x0, 0x0, 0x0, 0x2e, 0xd1, 0x0, 0x0, 0x0,
    0x9f, 0x80, 0x0, 0x0, 0x0, 0x9f, 0xd1, 0x0,
    0xff, 0xff, 0xff, 0xff, 0xfa, 0x0, 0x0, 0xaf,
    0xb0, 0xf, 0xe9, 0x99, 0x99, 0xaf, 0xa0, 0x0,
    0x0, 0xa2, 0x0, 0xfc, 0x0, 0x0, 0x2, 0xfa,
    0x0, 0x0, 0x0, 0x0, 0xf, 0xc0, 0x0, 0x0,
    0x2f, 0xa0, 0x0, 0x0, 0x0, 0x0, 0xff, 0xff,
    0xff, 0xff, 0xfa, 0x0, 0xcd, 0xdd, 0x90, 0xf,
    0xe9, 0x99, 0x99, 0x99, 0x60, 0xe, 0xff, 0xfa,
    0x0, 0xfc, 0x0, 0x0, 0x0, 0x0, 0x0, 0x0,
    0x2f, 0xa0, 0xf, 0xe9, 0x99, 0x99, 0x99, 0x93,
    0x0, 0x2, 0xfa, 0x0, 0xff, 0xff, 0xff, 0xff,
    0xff, 0x60, 0x0, 0x2f, 0xa0, 0xf, 0xc0, 0x0,
    0x0, 0x6, 0xf6, 0x0, 0x2, 0xfa, 0x0, 0xfc,
    0x0, 0x0, 0x0, 0x6f, 0x60, 0x0, 0x2f, 0xa0,
    0xf, 0xe8, 0x88, 0x88, 0x8b, 0xf6, 0x0, 0x2,
    0xfa, 0x0, 0xff, 0xff, 0xff, 0xff, 0xff, 0x60,
    0x1, 0xcf, 0xe3, 0x0, 0x0, 0x0, 0x0, 0x0,
    0x0, 0x1, 0xdf, 0xad, 0xe5, 0x0, 0x0, 0x0,
    0x0, 0x0, 0x48, 0xaf, 0x80, 0xb, 0xfe, 0xba,
    0x99, 0x9a, 0xbd, 0xff, 0xa5, 0xc0, 0x0, 0x5,
    0xbf, 0xff, 0xff, 0xff, 0xff, 0xf6, 0x1, 0x0,
    0x0, 0x0, 0x0, 0x11, 0x11, 0x0, 0x0, 0x0,

    /* U+9000 "退" */
    0x0, 0x0, 0x0, 0x0, 0x0, 0x0, 0x0, 0x0,
    0x0, 0x0, 0x5, 0xe4, 0x0, 0xa, 0xff, 0xff,
    0xff, 0xff, 0xf0, 0x0, 0x4, 0xff, 0x40, 0xa,
    0xf9, 0x77, 0x77, 0x7e, 0xf0, 0x0, 0x0, 0x4f,
    0xf2, 0xa, 0xf3, 0x0, 0x0, 0xd, 0xf0, 0x0,
    0x0, 0x6, 0xd2, 0xa, 0xff, 0xff, 0xff, 0xff,
    0xf0, 0x0, 0x0, 0x0, 0x0, 0xa, 0xf8, 0x66,
    0x66, 0x6e, 0xf0, 0x0, 0x0, 0x0, 0x0, 0xa,
    0xf3, 0x0, 0x0, 0xd, 0xf0, 0x0, 0x3b, 0xbb,
    0xb1, 0xa, 0xff, 0xee, 0xee, 0xef, 0xf0, 0x0,
    0x4f, 0xff, 0xf1, 0xa, 0xfb, 0x99, 0x99, 0x99,
    0xb4, 0x0, 0x0, 0xb, 0xf1, 0xa, 0xf3, 0x8,
    0x90, 0x4, 0xef, 0x30, 0x0, 0xb, 0xf1, 0xa,
    0xf3, 0x9, 0xfd, 0xaf, 0xd4, 0x0, 0x0, 0xb,
    0xf1, 0xa, 0xf3, 0x0, 0x5f, 0xfc, 0x0, 0x0,
    0x0, 0xb, 0xf1, 0xb, 0xf5, 0x59, 0x52, 0xdf,
    0x80, 0x0, 0x0, 0xb, 0xf1, 0x3f, 0xff, 0xff,
    0x70, 0x1d, 0xf8, 0x0, 0x0, 0xb, 0xf2, 0x2f,
    0xe9, 0x51, 0x0, 0x1, 0xdb, 0x0, 0x0, 0x7f,
    0xfd, 0x12, 0x0, 0x0, 0x0, 0x0, 0x10, 0x0,
    0x8, 0xfb, 0x5d, 0xe6, 0x0, 0x0, 0x0, 0x0,
    0x3, 0x90, 0x5f, 0xd0, 0x0, 0xbf, 0xfc, 0xba,
    0xab, 0xcd, 0xff, 0xd0, 0x1e, 0x20, 0x0, 0x4,
    0xad, 0xef, 0xff, 0xff, 0xfe, 0x90, 0x1, 0x0,
    0x0, 0x0, 0x0, 0x0, 0x0, 0x0, 0x0, 0x0,

    /* U+9001 "送" */
    0x0, 0x30, 0x0, 0x0, 0x27, 0x0, 0x0, 0x6,
    0x61, 0x0, 0x5, 0xfb, 0x0, 0x0, 0x9f, 0x60,
    0x0, 0xe, 0xf2, 0x0, 0x0, 0xbf, 0x90, 0x0,
    0x1f, 0xe1, 0x0, 0x7f, 0x80, 0x0, 0x0, 0x1e,
    0xf5, 0x0, 0x8, 0xd3, 0x2, 0xfe, 0x10, 0x0,
    0x0, 0x4, 0xe5, 0xf, 0xff, 0xff, 0xff, 0xff,
    0xff, 0x40, 0x0, 0x0, 0x0, 0xa, 0xaa, 0xad,
    0xfc, 0xaa, 0xaa, 0x30, 0x0, 0x0, 0x0, 0x0,
    0x0, 0x8, 0xf6, 0x0, 0x0, 0x0, 0x2f, 0xff,
    0xf1, 0x0, 0x0, 0x8, 0xf6, 0x0, 0x0, 0x0,
    0x19, 0x9e, 0xf1, 0xaf, 0xff, 0xff, 0xff, 0xff,
    0xff, 0xe0, 0x0, 0xb, 0xf1, 0x8c, 0xcc, 0xcf,
    0xfe, 0xcc, 0xcc, 0xb0, 0x0, 0xb, 0xf1, 0x0,
    0x0, 0x1f, 0xff, 0x40, 0x0, 0x0, 0x0, 0xb,
    0xf1, 0x0, 0x0, 0x9f, 0xbe, 0xf5, 0x0, 0x0,
    0x0, 0xb, 0xf1, 0x0, 0x8, 0xfe, 0x13, 0xef,
    0x60, 0x0, 0x0, 0xb, 0xf1, 0x2, 0xbf, 0xf3,
    0x0, 0x2e, 0xf7, 0x0, 0x0, 0xd, 0xf1, 0x4f,
    0xfc, 0x20, 0x0, 0x2, 0xee, 0x0, 0x2, 0xdf,
    0xfc, 0x18, 0x50, 0x0, 0x0, 0x0, 0x32, 0x0,
    0xd, 0xf7, 0x7f, 0xe5, 0x0, 0x0, 0x0, 0x0,
    0x13, 0x84, 0x8f, 0xa0, 0x4, 0xef, 0xfe, 0xdc,
    0xcd, 0xef, 0xff, 0xf2, 0x1e, 0x20, 0x0, 0x18,
    0xcf, 0xff, 0xff, 0xff, 0xff, 0xd0, 0x1, 0x0,
    0x0, 0x0, 0x0, 0x1, 0x11, 0x0, 0x0, 0x0,

    /* U+9009 "选" */
    0x0, 0x0, 0x0, 0x0, 0x0, 0x1, 0x97, 0x0,
    0x0, 0x0, 0x6, 0xd2, 0x0, 0x0, 0xae, 0x32,
    0xfb, 0x0, 0x0, 0x0, 0x8, 0xfe, 0x30, 0x0,
    0xff, 0x13, 0xfb, 0x0, 0x0, 0x0, 0x0, 0x7f,
    0xe1, 0x7, 0xff, 0xff, 0xff, 0xff, 0xff, 0x20,
    0x0, 0xa, 0xd2, 0x2f, 0xf8, 0x89, 0xfd, 0x88,
    0x88, 0x10, 0x0, 0x0, 0x0, 0x8f, 0x70, 0x2,
    0xfb, 0x0, 0x0, 0x0, 0x0, 0x0, 0x0, 0x4,
    0x0, 0x2, 0xfb, 0x0, 0x0, 0x0, 0x0, 0x0,
    0x0, 0x9c, 0xcc, 0xcd, 0xff, 0xcc, 0xcc, 0xb0,
    0x1f, 0xff, 0xf1, 0xad, 0xde, 0xff, 0xdf, 0xfe,
    0xdd, 0xd0, 0x1b, 0xbe, 0xf1, 0x0, 0x6, 0xf7,
    0xa, 0xf3, 0x0, 0x0, 0x0, 0xb, 0xf1, 0x0,
    0xb, 0xf4, 0xa, 0xf3, 0x0, 0x0, 0x0, 0xb,
    0xf1, 0x0, 0x3f, 0xe0, 0xa, 0xf3, 0x5, 0x40,
    0x0, 0xb, 0xf1, 0x3, 0xef, 0x70, 0xa, 0xf3,
    0x9, 0xf1, 0x0, 0xb, 0xf2, 0xbf, 0xf9, 0x0,
    0x9, 0xfd, 0xbe, 0xe0, 0x0, 0xb, 0xf3, 0xae,
    0x60, 0x0, 0x3, 0xef, 0xff, 0x70, 0x0, 0x4f,
    0xff, 0x60, 0x0, 0x0, 0x0, 0x0, 0x0, 0x0,
    0x4, 0xff, 0xce, 0xf8, 0x10, 0x0, 0x0, 0x0,
    0x1, 0x51, 0x1f, 0xf7, 0x0, 0xaf, 0xfd, 0xcb,
    0xbb, 0xcd, 0xff, 0xf0, 0xb, 0xa0, 0x0, 0x3,
    0xae, 0xff, 0xff, 0xff, 0xff, 0xb0, 0x1, 0x0,
    0x0, 0x0, 0x0, 0x1, 0x11, 0x0, 0x0, 0x0,

    /* U+901A "通" */
    0x0, 0x0, 0x0, 0x2, 0x33, 0x33, 0x33, 0x33,
    0x30, 0x0, 0x7, 0xd2, 0x0, 0xe, 0xff, 0xff,
    0xff, 0xff, 0xfb, 0x0, 0x7, 0xfe, 0x30, 0x4,
    0x46, 0x74, 0x44, 0xaf, 0xd2, 0x0, 0x0, 0x6f,
    0xf3, 0x0, 0x1d, 0xfd, 0x7b, 0xfa, 0x10, 0x0,
    0x0, 0x6, 0xf4, 0x0, 0x0, 0x5b, 0xff, 0xc1,
    0x0, 0x0, 0x0, 0x0, 0x10, 0xf, 0xff, 0xff,
    0xff, 0xff, 0xff, 0x10, 0x0, 0x0, 0x0, 0xf,
    0xe7, 0x77, 0xfc, 0x77, 0xdf, 0x10, 0x1, 0x11,
    0x10, 0xf, 0xc0, 0x1, 0xf9, 0x0, 0xbf, 0x10,
    0x6f, 0xff, 0xf1, 0xf, 0xfb, 0xbc, 0xfe, 0xbb,
    0xef, 0x10, 0x4a, 0xae, 0xf1, 0xf, 0xe9, 0x9a,
    0xfd, 0x99, 0xef, 0x10, 0x0, 0xb, 0xf1, 0xf,
    0xc1, 0x12, 0xfa, 0x11, 0xcf, 0x10, 0x0, 0xb,
    0xf1, 0xf, 0xff, 0xff, 0xff, 0xff, 0xff, 0x10,
    0x0, 0xb, 0xf1, 0xf, 0xd4, 0x45, 0xfb, 0x44,
    0xdf, 0x10, 0x0, 0xb, 0xf1, 0xf, 0xc0, 0x1,
    0xf9, 0x0, 0xcf, 0x10, 0x0, 0xc, 0xf1, 0xf,
    0xc0, 0x1, 0xf9, 0x7f, 0xfe, 0x0, 0x0, 0x9f,
    0xfb, 0x7, 0x60, 0x0, 0x64, 0x28, 0x72, 0x0,
    0x8, 0xfb, 0x7f, 0xc2, 0x0, 0x0, 0x0, 0x0,
    0x0, 0x30, 0x4f, 0xd0, 0x3, 0xef, 0xca, 0x98,
    0x89, 0xab, 0xdf, 0xd0, 0x1e, 0x30, 0x0, 0x18,
    0xdf, 0xff, 0xff, 0xff, 0xff, 0x90, 0x1, 0x0,
    0x0, 0x0, 0x0, 0x1, 0x11, 0x0, 0x0, 0x0,

    /* U+901F "速" */
    0x0, 0x10, 0x0, 0x0, 0x0, 0x1, 0xfb, 0x0,
    0x0, 0x0, 0x4, 0xe9, 0x0, 0x0, 0x0, 0x1,
    0xfc, 0x0, 0x0, 0x0, 0x1, 0xdf, 0x90, 0x6f,
    0xff, 0xff, 0xff, 0xff, 0xff, 0xe0, 0x0, 0x1d,
    0xf8, 0x38, 0x88, 0x89, 0xfe, 0x88, 0x88, 0x80,
    0x0, 0x2, 0xe7, 0x0, 0x0, 0x1, 0xfc, 0x0,
    0x0, 0x0, 0x0, 0x0, 0x0, 0xb, 0xff, 0xff,
    0xff, 0xff, 0xff, 0x10, 0x0, 0x0, 0x0, 0xb,
    0xf7, 0x67, 0xfd, 0x66, 0xdf, 0x10, 0xb, 0xcc,
    0xc8, 0xb, 0xf0, 0x1, 0xfc, 0x0, 0xbf, 0x10,
    0xd, 0xef, 0xfa, 0xb, 0xf6, 0x56, 0xfd, 0x55,
    0xdf, 0x10, 0x0, 0x2, 0xfa, 0xb, 0xff, 0xff,
    0xff, 0xff, 0xff, 0x10, 0x0, 0x2, 0xfa, 0x1,
    0x11, 0x7f, 0xff, 0xd3, 0x11, 0x0, 0x0, 0x2,
    0xfa, 0x0, 0x5, 0xfe, 0xfe, 0xfe, 0x40, 0x0,
    0x0, 0x2, 0xfa, 0x0, 0x8f, 0xd2, 0xfc, 0x3e,
    0xf7, 0x0, 0x0, 0x2, 0xfa, 0x4d, 0xfd, 0x11,
    0xfc, 0x1, 0xdf, 0x70, 0x0, 0x2, 0xfa, 0x3f,
    0x90, 0x1, 0xfc, 0x0, 0x1a, 0x10, 0x0, 0x2d,
    0xff, 0x71, 0x0, 0x0, 0xb8, 0x0, 0x0, 0x0,
    0x2, 0xef, 0x7b, 0xfb, 0x20, 0x0, 0x0, 0x0,
    0x2, 0x72, 0xd, 0xf5, 0x0, 0x7f, 0xfe, 0xcb,
    0xab, 0xcd, 0xff, 0xf0, 0x8, 0xa0, 0x0, 0x2,
    0x8c, 0xef, 0xff, 0xff, 0xee, 0xb0, 0x0, 0x0,
    0x0, 0x0, 0x0, 0x0, 0x0, 0x0, 0x0, 0x0,

    /* U+9023 "連" */
    0x0, 0x62, 0x0, 0x0, 0x0, 0x9, 0xd1, 0x0,
    0x0, 0x0, 0x4, 0xfd, 0x10, 0x33, 0x33, 0x3c,
    0xf5, 0x33, 0x33, 0x20, 0x0, 0x8f, 0xc0, 0xef,
    0xff, 0xff, 0xff, 0xff, 0xff, 0xa0, 0x0, 0xb,
    0xf8, 0x55, 0x55, 0x5c, 0xf6, 0x55, 0x55, 0x30,
    0x0, 0x1, 0xa1, 0x8, 0x88, 0x8d, 0xf9, 0x88,
    0x86, 0x0, 0x0, 0x0, 0x0, 0xf, 0xec, 0xcf,
    0xfd, 0xcd, 0xfa, 0x0, 0x2, 0x22, 0x20, 0xf,
    0xa0, 0xb, 0xf2, 0x2, 0xfa, 0x0, 0x3f, 0xff,
    0xf1, 0xf, 0xfd, 0xdf, 0xfe, 0xde, 0xfa, 0x0,
    0x29, 0x9e, 0xf1, 0xf, 0xc6, 0x6d, 0xf8, 0x68,
    0xfa, 0x0, 0x0, 0xb, 0xf1, 0xf, 0xb3, 0x3c,
    0xf5, 0x35, 0xfa, 0x0, 0x0, 0xb, 0xf1, 0xf,
    0xff, 0xff, 0xff, 0xff, 0xfa, 0x0, 0x0, 0xb,
    0xf1, 0x1, 0x11, 0x1b, 0xf3, 0x11, 0x11, 0x0,
    0x0, 0xb, 0xf3, 0xbb, 0xbb, 0xbe, 0xfb, 0xbb,
    0xbb, 0xa0, 0x0, 0xb, 0xf4, 0xdd, 0xdd, 0xdf,
    0xfe, 0xdd, 0xdd, 0xc0, 0x0, 0x1d, 0xf1, 0x0,
    0x0, 0xb, 0xf2, 0x0, 0x0, 0x0, 0x1, 0xef,
    0xfa, 0x0, 0x0, 0xa, 0xf2, 0x0, 0x0, 0x0,
    0xc, 0xf5, 0x8f, 0xc4, 0x0, 0x0, 0x0, 0x0,
    0x2, 0x63, 0x6f, 0x90, 0x6, 0xff, 0xfe, 0xdc,
    0xcd, 0xde, 0xff, 0xf3, 0xd, 0x10, 0x0, 0x28,
    0xdf, 0xff, 0xff, 0xff, 0xee, 0xd0, 0x1, 0x0,
    0x0, 0x0, 0x0, 0x0, 0x0, 0x0, 0x0, 0x0,

    /* U+9032 "進" */
    0x0, 0x20, 0x0, 0x0, 0x36, 0x10, 0x22, 0x0,
    0x0, 0x0, 0xb, 0xf5, 0x0, 0x0, 0xbf, 0x23,
    0xfc, 0x0, 0x0, 0x0, 0x5, 0xff, 0x60, 0x3,
    0xfc, 0x0, 0xcf, 0x40, 0x0, 0x0, 0x0, 0x5f,
    0xf3, 0xa, 0xfd, 0xaa, 0xdf, 0xda, 0xaa, 0x40,
    0x0, 0x8, 0xa0, 0x4f, 0xff, 0xff, 0xff, 0xff,
    0xff, 0x50, 0x0, 0x0, 0x1, 0xef, 0xf1, 0x0,
    0xbf, 0x10, 0x0, 0x0, 0x0, 0x0, 0xc, 0xff,
    0xf7, 0x66, 0xdf, 0x76, 0x64, 0x0, 0x3, 0x33,
    0x38, 0xac, 0xff, 0xff, 0xff, 0xff, 0xfa, 0x0,
    0xf, 0xff, 0xf1, 0xb, 0xf2, 0x0, 0xbf, 0x20,
    0x0, 0x0, 0xa, 0xaf, 0xf1, 0xb, 0xf4, 0x33,
    0xcf, 0x43, 0x31, 0x0, 0x0, 0xd, 0xf1, 0xb,
    0xff, 0xff, 0xff, 0xff, 0xf9, 0x0, 0x0, 0xd,
    0xf1, 0xb, 0xf5, 0x44, 0xcf, 0x54, 0x42, 0x0,
    0x0, 0xd, 0xf1, 0xb, 0xf1, 0x0, 0xbf, 0x10,
    0x0, 0x0, 0x0, 0xd, 0xf1, 0xb, 0xff, 0xff,
    0xff, 0xff, 0xff, 0xb0, 0x0, 0xd, 0xf2, 0x7,
    0xaa, 0xaa, 0xaa, 0xaa, 0xaa, 0x70, 0x0, 0xaf,
    0xfe, 0x40, 0x0, 0x0, 0x0, 0x0, 0x0, 0x0,
    0xa, 0xfd, 0x7e, 0xf9, 0x30, 0x0, 0x0, 0x0,
    0x25, 0xa0, 0x4f, 0xf2, 0x1, 0xbf, 0xff, 0xed,
    0xdd, 0xef, 0xff, 0xb0, 0xa, 0x80, 0x0, 0x3,
    0xad, 0xff, 0xff, 0xff, 0xff, 0x80, 0x0, 0x0,
    0x0, 0x0, 0x0, 0x0, 0x11, 0x0, 0x0, 0x0,

    /* U+903E "逾" */
    0x0, 0x0, 0x0, 0x0, 0x0, 0x2, 0xb2, 0x0,
    0x0, 0x0, 0x3, 0xd6, 0x0, 0x0, 0x0, 0x2e,
    0xf7, 0x0, 0x0, 0x0, 0x4, 0xef, 0xb1, 0x0,
    0x4, 0xed, 0x9f, 0x90, 0x0, 0x0, 0x0, 0x1b,
    0xf8, 0x0, 0x8f, 0xc1, 0x6, 0xfd, 0x30, 0x0,
    0x0, 0x0, 0x60, 0x6e, 0xfe, 0x77, 0x77, 0xbf,
    0xfb, 0x40, 0x0, 0x0, 0xb, 0xfc, 0x3e, 0xff,
    0xff, 0xf5, 0x8f, 0xf2, 0x0, 0x0, 0x2, 0x50,
    0x0, 0x0, 0x0, 0x0, 0x2, 0x40, 0x2f, 0xff,
    0xf1, 0x5f, 0xff, 0xff, 0x44, 0xa0, 0x7f, 0x0,
    0x2c, 0xce, 0xf1, 0x5f, 0x64, 0x7f, 0x46, 0xf0,
    0x7f, 0x0, 0x0, 0xb, 0xf1, 0x5f, 0x87, 0x9f,
    0x46, 0xf0, 0x7f, 0x0, 0x0, 0xb, 0xf1, 0x5f,
    0xa9, 0xaf, 0x46, 0xf0, 0x7f, 0x0, 0x0, 0xb,
    0xf1, 0x5f, 0x31, 0x4f, 0x46, 0xf0, 0x7f, 0x0,
    0x0, 0xb, 0xf1, 0x5f, 0xff, 0xff, 0x46, 0xf0,
    0x7f, 0x0, 0x0, 0xb, 0xf1, 0x5f, 0x20, 0x3f,
    0x40, 0x0, 0x7f, 0x0, 0x0, 0xb, 0xf1, 0x5f,
    0x24, 0x9f, 0x30, 0x27, 0xcf, 0x0, 0x0, 0x4f,
    0xfb, 0x5b, 0x15, 0xc9, 0x0, 0x2d, 0xc7, 0x0,
    0x4, 0xfc, 0x5d, 0xd3, 0x0, 0x0, 0x0, 0x0,
    0x0, 0x30, 0x1e, 0xf1, 0x1, 0xcf, 0xdb, 0x98,
    0x89, 0xab, 0xdf, 0xf0, 0xc, 0x60, 0x0, 0x6,
    0xbf, 0xff, 0xff, 0xff, 0xff, 0xb0, 0x1, 0x0,
    0x0, 0x0, 0x0, 0x1, 0x11, 0x10, 0x0, 0x0,

    /* U+904B "運" */
    0x0, 0x0, 0x0, 0x33, 0x33, 0x33, 0x33, 0x33,
    0x33, 0x20, 0x6, 0xd2, 0x0, 0xef, 0xff, 0xff,
    0xff, 0xff, 0xff, 0xa0, 0x6, 0xfe, 0x10, 0xec,
    0x22, 0x24, 0x43, 0x22, 0x4f, 0xa0, 0x0, 0x9f,
    0xb0, 0xec, 0x22, 0x2c, 0xf3, 0x22, 0x3f, 0xa0,
    0x0, 0xd, 0xe2, 0x8c, 0xff, 0xff, 0xff, 0xff,
    0xd9, 0x60, 0x0, 0x2, 0x0, 0x1, 0x33, 0x3c,
    0xf4, 0x33, 0x20, 0x0, 0x0, 0x0, 0x0, 0xb,
    0xcc, 0xcf, 0xfd, 0xcc, 0xc7, 0x0, 0x0, 0x0,
    0x0, 0xe, 0xd6, 0x6d, 0xf7, 0x67, 0xf9, 0x0,
    0x3f, 0xff, 0xf1, 0xe, 0xd7, 0x7d, 0xf8, 0x78,
    0xf9, 0x0, 0x2b, 0xbe, 0xf1, 0xe, 0xea, 0xae,
    0xfa, 0xaa, 0xf9, 0x0, 0x0, 0xb, 0xf1, 0xe,
    0xc3, 0x3c, 0xf4, 0x34, 0xf9, 0x0, 0x0, 0xb,
    0xf1, 0xe, 0xff, 0xff, 0xff, 0xff, 0xf9, 0x0,
    0x0, 0xb, 0xf1, 0x0, 0x0, 0xc, 0xf1, 0x0,
    0x0, 0x0, 0x0, 0xb, 0xf1, 0xef, 0xff, 0xff,
    0xff, 0xff, 0xff, 0xb0, 0x0, 0x2d, 0xf3, 0x56,
    0x66, 0x6d, 0xf7, 0x66, 0x66, 0x40, 0x4, 0xff,
    0xff, 0x93, 0x0, 0x9, 0xc1, 0x0, 0x0, 0x0,
    0x2f, 0xf3, 0x9, 0xff, 0xdb, 0xa9, 0x9a, 0xab,
    0xcd, 0xe2, 0xc, 0x60, 0x0, 0x17, 0xcf, 0xff,
    0xff, 0xff, 0xfe, 0xd0, 0x1, 0x0, 0x0, 0x0,
    0x0, 0x0, 0x0, 0x0, 0x0, 0x0,

    /* U+904E "過" */
    0x0, 0x73, 0x0, 0x0, 0x23, 0x33, 0x33, 0x33,
    0x20, 0x0, 0x3, 0xfe, 0x30, 0x0, 0x8f, 0xff,
    0xff, 0xff, 0x80, 0x0, 0x0, 0x6f, 0xe2, 0x0,
    0x8f, 0x33, 0x33, 0x3f, 0x80, 0x0, 0x0, 0x8,
    0xfc, 0x0, 0x8f, 0x44, 0x41, 0xf, 0x80, 0x0,
    0x0, 0x0, 0x81, 0x0, 0x8f, 0xff, 0xf4, 0xf,
    0x80, 0x0, 0x0, 0x0, 0x0, 0x0, 0x8e, 0x0,
    0xf4, 0xf, 0x80, 0x0, 0x0, 0x0, 0x0, 0x0,
    0x8e, 0x0, 0xf4, 0xf, 0x80, 0x0, 0x3f, 0xff,
    0xf1, 0x1f, 0xff, 0xff, 0xff, 0xff, 0xff, 0x10,
    0x2a, 0xae, 0xf1, 0x1f, 0xc8, 0x88, 0x88, 0x88,
    0xdf, 0x10, 0x0, 0xb, 0xf1, 0x1f, 0x91, 0x44,
    0x44, 0x40, 0xaf, 0x10, 0x0, 0xb, 0xf1, 0x1f,
    0x93, 0xff, 0xff, 0xf0, 0xaf, 0x10, 0x0, 0xb,
    0xf1, 0x1f, 0x93, 0xf3, 0x6, 0xf0, 0xaf, 0x10,
    0x0, 0xb, 0xf1, 0x1f, 0x93, 0xf8, 0x5a, 0xf0,
    0xaf, 0x10, 0x0, 0xb, 0xf1, 0x1f, 0x93, 0xfd,
    0xcc, 0xc0, 0xaf, 0x10, 0x0, 0xd, 0xf1, 0x1f,
    0x92, 0xb2, 0x0, 0x4d, 0xff, 0x0, 0x1, 0xcf,
    0xf8, 0x9, 0x50, 0x0, 0x0, 0x9, 0x83, 0x0,
    0xc, 0xf6, 0x9f, 0xc3, 0x0, 0x0, 0x0, 0x0,
    0x3, 0x72, 0x7f, 0x90, 0x7, 0xff, 0xfe, 0xdc,
    0xcd, 0xef, 0xff, 0xf1, 0x1d, 0x10, 0x0, 0x29,
    0xdf, 0xff, 0xff, 0xff, 0xed, 0xb0, 0x1, 0x0,
    0x0, 0x0, 0x0, 0x0, 0x0, 0x0, 0x0, 0x0,

    /* U+9055 "違" */
    0x0, 0x0, 0x0, 0x0, 0x0, 0x6a, 0x20, 0x0,
    0x0, 0x0, 0x8e, 0x30, 0x0, 0x45, 0x5c, 0xf6,
    0x55, 0x51, 0x0, 0x6, 0xff, 0x30, 0xd, 0xff,
    0xff, 0xff, 0xff, 0x50, 0x0, 0x5, 0xfe, 0x20,
    0x0, 0x6f, 0x60, 0x5, 0xf5, 0x0, 0x0, 0x8,
    0xb7, 0xff, 0xff, 0xff, 0xff, 0xff, 0xff, 0xa0,
    0x0, 0x0, 0x24, 0x44, 0x44, 0x44, 0x44, 0x44,
    0x43, 0x0, 0x0, 0x0, 0x7, 0xdd, 0xdd, 0xdd,
    0xdd, 0xd0, 0x0, 0x0, 0x0, 0x0, 0x8f, 0x65,
    0x55, 0x55, 0xdf, 0x0, 0x1f, 0xff, 0xf1, 0x8,
    0xf6, 0x55, 0x55, 0x5d, 0xf0, 0x1, 0xbb, 0xef,
    0x10, 0x7c, 0xcc, 0xce, 0xfd, 0xcc, 0x0, 0x0,
    0xb, 0xf1, 0x55, 0x55, 0x55, 0xbf, 0x85, 0x55,
    0x10, 0x0, 0xbf, 0x1d, 0xff, 0xff, 0xff, 0xff,
    0xff, 0xf4, 0x0, 0xb, 0xf1, 0xb, 0xf0, 0x0,
    0x8f, 0x30, 0x0, 0x0, 0x0, 0xbf, 0x13, 0xff,
    0xee, 0xef, 0xff, 0xee, 0xe2, 0x0, 0xc, 0xf2,
    0x35, 0x55, 0x55, 0xbf, 0x85, 0x55, 0x0, 0x8,
    0xff, 0xe2, 0x0, 0x0, 0x8, 0xf3, 0x0, 0x0,
    0x9, 0xfd, 0x7e, 0xf6, 0x0, 0x0, 0x11, 0x0,
    0x2, 0x56, 0xfe, 0x10, 0x1b, 0xff, 0xcb, 0x99,
    0xab, 0xce, 0xf9, 0x2e, 0x40, 0x0, 0x3, 0xad,
    0xff, 0xff, 0xff, 0xff, 0x60, 0x10, 0x0, 0x0,
    0x0, 0x0, 0x1, 0x0, 0x0, 0x0,

    /* U+9069 "適" */
    0x0, 0x0, 0x0, 0x0, 0x0, 0x0, 0x0, 0x0,
    0x0, 0x0, 0x0, 0x40, 0x0, 0x0, 0x0, 0xd,
    0xb0, 0x0, 0x0, 0x0, 0xb, 0xf8, 0x0, 0x67,
    0x77, 0x7c, 0xf9, 0x77, 0x77, 0x70, 0x2, 0xef,
    0x80, 0xef, 0xff, 0xff, 0xff, 0xff, 0xff, 0xf0,
    0x0, 0x2f, 0xf4, 0x0, 0x4f, 0x80, 0x0, 0xbf,
    0x30, 0x0, 0x0, 0x5, 0x80, 0x0, 0x1e, 0xd0,
    0x2, 0xfb, 0x0, 0x0, 0x0, 0x0, 0x0, 0x4f,
    0xff, 0xff, 0xff, 0xff, 0xff, 0x50, 0x0, 0x0,
    0x0, 0x4f, 0xa6, 0x68, 0xf7, 0x66, 0xaf, 0x50,
    0x0, 0x0, 0x0, 0x4f, 0x64, 0x47, 0xf5, 0x43,
    0x5f, 0x50, 0x2e, 0xee, 0xe1, 0x4f, 0x6e, 0xff,
    0xff, 0xfd, 0x5f, 0x50, 0x1a, 0xae, 0xf1, 0x4f,
    0x60, 0x3, 0xf2, 0x0, 0x5f, 0x50, 0x0, 0xb,
    0xf1, 0x4f, 0x63, 0xff, 0xff, 0xf3, 0x5f, 0x50,
    0x0, 0xb, 0xf1, 0x4f, 0x63, 0xf4, 0x24, 0xf3,
    0x5f, 0x50, 0x0, 0xb, 0xf1, 0x4f, 0x63, 0xf8,
    0x79, 0xf3, 0x5f, 0x50, 0x0, 0xb, 0xf1, 0x4f,
    0x63, 0xfb, 0xaa, 0xc4, 0x8f, 0x50, 0x0, 0x1d,
    0xf3, 0x4f, 0x61, 0x60, 0x0, 0x4f, 0xff, 0x20,
    0x3, 0xef, 0xff, 0xa7, 0x20, 0x0, 0x0, 0x6,
    0x52, 0x0, 0x1e, 0xf3, 0x9, 0xff, 0xdb, 0xa9,
    0x99, 0xaa, 0xbc, 0xe4, 0xb, 0x80, 0x0, 0x28,
    0xdf, 0xff, 0xff, 0xff, 0xff, 0xe0, 0x1, 0x0,
    0x0, 0x0, 0x0, 0x11, 0x11, 0x10, 0x0, 0x0,

    /* U+9078 "選" */
    0x0, 0x40, 0x0, 0x34, 0x44, 0x44, 0x4, 0x44,
    0x44, 0x20, 0xb, 0xf7, 0x0, 0x9f, 0xee, 0xfd,
    0x1f, 0xfe, 0xef, 0x70, 0x3, 0xff, 0x80, 0x9e,
    0x0, 0xdd, 0x1f, 0x60, 0x1f, 0x70, 0x0, 0x3f,
    0xf4, 0x9f, 0xff, 0xfd, 0x1f, 0xff, 0xff, 0x70,
    0x0, 0x6, 0xa0, 0x9f, 0x44, 0x46, 0x1f, 0x94,
    0x45, 0x40, 0x0, 0x0, 0x0, 0x9f, 0x54, 0x5f,
    0x6f, 0xa4, 0x48, 0xf1, 0x0, 0x0, 0x0, 0x3e,
    0xff, 0xfc, 0x2a, 0xff, 0xff, 0xb0, 0x3, 0x33,
    0x30, 0x0, 0xa, 0x90, 0x2, 0xb6, 0x0, 0x0,
    0x1f, 0xff, 0xf1, 0x27, 0x7f, 0xe7, 0x78, 0xfc,
    0x77, 0x20, 0x8, 0x8e, 0xf1, 0x5f, 0xff, 0xff,
    0xff, 0xff, 0xff, 0x40, 0x0, 0xb, 0xf1, 0x0,
    0xe, 0xc0, 0x2, 0xf8, 0x0, 0x0, 0x0, 0xb,
    0xf2, 0x66, 0x6f, 0xe6, 0x68, 0xfc, 0x66, 0x60,
    0x0, 0xb, 0xf3, 0xff, 0xff, 0xff, 0xff, 0xff,
    0xff, 0xf0, 0x0, 0xb, 0xf1, 0x0, 0x2b, 0xd3,
    0x4, 0xf9, 0x10, 0x0, 0x0, 0xb, 0xf1, 0x19,
    0xff, 0x60, 0x0, 0x7e, 0xf7, 0x0, 0x0, 0x4f,
    0xfe, 0x5c, 0xa2, 0x0, 0x0, 0x1, 0xbc, 0x30,
    0x4, 0xff, 0x7b, 0xf9, 0x20, 0x0, 0x0, 0x0,
    0x0, 0x42, 0x2f, 0xf4, 0x0, 0x8f, 0xfd, 0xba,
    0x9a, 0xab, 0xdf, 0xf1, 0xc, 0x80, 0x0, 0x1,
    0x7c, 0xef, 0xff, 0xff, 0xff, 0xe0, 0x1, 0x0,
    0x0, 0x0, 0x0, 0x0, 0x11, 0x0, 0x0, 0x0,

    /* U+907A "遺" */
    0x0, 0x84, 0x0, 0x0, 0x0, 0xb, 0xf0, 0x0,
    0x0, 0x0, 0x3, 0xff, 0x30, 0xf, 0xff, 0xff,
    0xff, 0xff, 0xf2, 0x0, 0x0, 0x4f, 0xf2, 0xf,
    0xc1, 0x1c, 0xf2, 0x1b, 0xf2, 0x0, 0x0, 0x7,
    0xfb, 0xf, 0xfd, 0xdf, 0xfd, 0xdf, 0xf2, 0x0,
    0x0, 0x0, 0x60, 0x3, 0x33, 0x3d, 0xf3, 0x33,
    0x30, 0x0, 0x0, 0x0, 0x7, 0xff, 0xff, 0xff,
    0xff, 0xff, 0xff, 0xb0, 0x3, 0x33, 0x32, 0x44,
    0x44, 0x44, 0x44, 0x44, 0x44, 0x30, 0x3f, 0xff,
    0xf1, 0xa, 0xdd, 0xdd, 0xdd, 0xdd, 0xd0, 0x0,
    0x18, 0x8e, 0xf1, 0xc, 0xf1, 0x11, 0x11, 0x1d,
    0xf0, 0x0, 0x0, 0xb, 0xf1, 0xc, 0xff, 0xff,
    0xff, 0xff, 0xf0, 0x0, 0x0, 0xb, 0xf1, 0xc,
    0xf0, 0x0, 0x0, 0xc, 0xf0, 0x0, 0x0, 0xb,
    0xf1, 0xc, 0xff, 0xff, 0xff, 0xff, 0xf0, 0x0,
    0x0, 0xb, 0xf1, 0xc, 0xf1, 0x11, 0x11, 0x1d,
    0xf0, 0x0, 0x0, 0xb, 0xf1, 0xa, 0xde, 0xed,
    0xde, 0xed, 0xd0, 0x0, 0x0, 0xd, 0xf1, 0x3,
    0x8f, 0xe2, 0xc, 0xfa, 0x40, 0x0, 0x1, 0xcf,
    0xfa, 0x7f, 0xf9, 0x10, 0x0, 0x6e, 0xfa, 0x0,
    0xc, 0xf5, 0x8f, 0xfe, 0x40, 0x0, 0x0, 0x0,
    0x87, 0x82, 0x7f, 0x80, 0x7, 0xff, 0xfe, 0xcc,
    0xcd, 0xef, 0xff, 0xf0, 0x1d, 0x10, 0x0, 0x28,
    0xdf, 0xff, 0xff, 0xff, 0xed, 0xa0, 0x1, 0x0,
    0x0, 0x0, 0x0, 0x0, 0x0, 0x0, 0x0, 0x0,

    /* U+90E8 "部" */
    0x0, 0x0, 0x0, 0x0, 0x0, 0x0, 0x0, 0x0,
    0x0, 0x0, 0x0, 0x0, 0x1c, 0xb0, 0x0, 0x0,
    0x0, 0x0, 0x0, 0x0, 0x0, 0x0, 0xd, 0xf2,
    0x0, 0x0, 0x9e, 0xee, 0xef, 0x90, 0x5, 0xaa,
    0xad, 0xfc, 0xaa, 0xa0, 0x9f, 0xcc, 0xcf, 0xe0,
    0x7, 0xff, 0xff, 0xff, 0xff, 0xf0, 0x9f, 0x0,
    0x6f, 0x80, 0x0, 0x3b, 0x70, 0x0, 0xcb, 0x10,
    0x9f, 0x0, 0xbf, 0x20, 0x0, 0xf, 0xd0, 0x1,
    0xfd, 0x0, 0x9f, 0x1, 0xfc, 0x0, 0x0, 0x9,
    0xf3, 0x6, 0xf6, 0x0, 0x9f, 0x6, 0xf5, 0x0,
    0x0, 0x6, 0xe5, 0xc, 0xf1, 0x0, 0x9f, 0xc,
    0xe0, 0x0, 0xf, 0xff, 0xff, 0xff, 0xff, 0xf7,
    0x9f, 0x1c, 0xf2, 0x0, 0xa, 0xaa, 0xaa, 0xaa,
    0xaa, 0xa5, 0x9f, 0x1, 0xed, 0x0, 0x0, 0x0,
    0x0, 0x0, 0x0, 0x0, 0x9f, 0x0, 0x6f, 0x60,
    0x0, 0xbb, 0xbb, 0xbb, 0xbb, 0x70, 0x9f, 0x0,
    0x1f, 0xb0, 0x0, 0xff, 0xff, 0xff, 0xff, 0xa0,
    0x9f, 0x0, 0xe, 0xd0, 0x0, 0xfc, 0x0, 0x0,
    0x3f, 0xa0, 0x9f, 0x0, 0x1f, 0xb0, 0x0, 0xfc,
    0x0, 0x0, 0x3f, 0xa0, 0x9f, 0x6d, 0xff, 0x70,
    0x0, 0xfc, 0x0, 0x0, 0x3f, 0xa0, 0x9f, 0x3d,
    0xd8, 0x0, 0x0, 0xff, 0xff, 0xff, 0xff, 0xa0,
    0x9f, 0x0, 0x0, 0x0, 0x0, 0xfe, 0xaa, 0xaa,
    0xbf, 0xa0, 0x9f, 0x0, 0x0, 0x0, 0x0, 0xfc,
    0x0, 0x0, 0x3d, 0x80, 0x9f, 0x0, 0x0, 0x0,

    /* U+914D "配" */
    0x11, 0x11, 0x11, 0x11, 0x10, 0x0, 0x0, 0x0,
    0x0, 0xf, 0xff, 0xff, 0xff, 0xff, 0x1f, 0xff,
    0xff, 0xff, 0xc0, 0x88, 0xaf, 0x9f, 0xc8, 0x81,
    0xdd, 0xdd, 0xdd, 0xfc, 0x0, 0x2, 0xf1, 0xd6,
    0x0, 0x0, 0x0, 0x0, 0x1f, 0xc0, 0x48, 0xaf,
    0x9f, 0xb8, 0x50, 0x0, 0x0, 0x1, 0xfc, 0x8,
    0xff, 0xff, 0xff, 0xfa, 0x0, 0x0, 0x0, 0x1f,
    0xc0, 0x8f, 0xe, 0x1f, 0xe, 0xa0, 0x0, 0x0,
    0x1, 0xfc, 0x8, 0xe0, 0xe1, 0xe0, 0xea, 0xd,
    0xdd, 0xdd, 0xdf, 0xc0, 0x8e, 0xe, 0xe, 0xe,
    0xa0, 0xff, 0xff, 0xff, 0xfc, 0x8, 0xe3, 0xc0,
    0xf0, 0xea, 0xf, 0xe0, 0x0, 0x1f, 0xc0, 0x8f,
    0xb6, 0xc, 0xff, 0xa0, 0xfe, 0x0, 0x0, 0x54,
    0x8, 0xf5, 0x0, 0x0, 0xea, 0xf, 0xe0, 0x0,
    0x0, 0x0, 0x8f, 0x55, 0x55, 0x5f, 0xa0, 0xfe,
    0x0, 0x0, 0x0, 0x8, 0xff, 0xff, 0xff, 0xfa,
    0xf, 0xe0, 0x0, 0x1, 0x40, 0x8e, 0x0, 0x0,
    0xe, 0xa0, 0xfe, 0x0, 0x0, 0x3f, 0x78, 0xf0,
    0x0, 0x0, 0xea, 0xf, 0xe0, 0x0, 0x5, 0xf6,
    0x8f, 0xff, 0xff, 0xff, 0xa0, 0xff, 0x0, 0x0,
    0x8f, 0x48, 0xf7, 0x77, 0x77, 0xfa, 0xd, 0xfd,
    0xcc, 0xcf, 0xf0, 0x8e, 0x0, 0x0, 0xc, 0x80,
    0x4d, 0xff, 0xff, 0xe5, 0x1, 0x10, 0x0, 0x0,
    0x0, 0x0, 0x0, 0x0, 0x0, 0x0,

    /* U+91CD "重" */
    0x0, 0x0, 0x0, 0x0, 0x1, 0x24, 0x57, 0x9b,
    0x40, 0x0, 0x0, 0x3d, 0xde, 0xff, 0xff, 0xff,
    0xff, 0xfd, 0x90, 0x0, 0x0, 0x1a, 0xa9, 0x98,
    0x8f, 0xe4, 0x31, 0x0, 0x0, 0x0, 0x5, 0x66,
    0x66, 0x66, 0x6f, 0xe6, 0x66, 0x66, 0x66, 0x50,
    0xe, 0xff, 0xff, 0xff, 0xff, 0xff, 0xff, 0xff,
    0xff, 0xe0, 0x0, 0x0, 0x0, 0x0, 0x1f, 0xd0,
    0x0, 0x0, 0x0, 0x0, 0x0, 0xd, 0xff, 0xff,
    0xff, 0xff, 0xff, 0xff, 0xf0, 0x0, 0x0, 0xd,
    0xf5, 0x55, 0x5f, 0xe5, 0x55, 0x5e, 0xf0, 0x0,
    0x0, 0xd, 0xf3, 0x33, 0x4f, 0xe3, 0x33, 0x3e,
    0xf0, 0x0, 0x0, 0xd, 0xff, 0xff, 0xff, 0xff,
    0xff, 0xff, 0xf0, 0x0, 0x0, 0xd, 0xf0, 0x0,
    0xf, 0xd0, 0x0, 0xe, 0xf0, 0x0, 0x0, 0xd,
    0xff, 0xff, 0xff, 0xff, 0xff, 0xff, 0xf0, 0x0,
    0x0, 0x4, 0x55, 0x55, 0x5f, 0xe5, 0x55, 0x55,
    0x50, 0x0, 0x0, 0x25, 0x55, 0x55, 0x5f, 0xe5,
    0x55, 0x55, 0x54, 0x0, 0x0, 0x8f, 0xff, 0xff,
    0xff, 0xff, 0xff, 0xff, 0xfc, 0x0, 0x0, 0x11,
    0x11, 0x11, 0x2f, 0xe1, 0x11, 0x11, 0x11, 0x0,
    0x7, 0x77, 0x77, 0x77, 0x7f, 0xe7, 0x77, 0x77,
    0x77, 0x70, 0xf, 0xff, 0xff, 0xff, 0xff, 0xff,
    0xff, 0xff, 0xff, 0xf0, 0x0, 0x0, 0x0, 0x0,
    0x0, 0x0, 0x0, 0x0, 0x0, 0x0,

    /* U+91CF "量" */
    0x0, 0x0, 0x11, 0x11, 0x11, 0x11, 0x11, 0x11,
    0x0, 0x0, 0x0, 0x7, 0xff, 0xff, 0xff, 0xff,
    0xff, 0xff, 0x70, 0x0, 0x0, 0x7, 0xf6, 0x11,
    0x11, 0x11, 0x11, 0x7f, 0x70, 0x0, 0x0, 0x7,
    0xfe, 0xee, 0xee, 0xee, 0xee, 0xff, 0x70, 0x0,
    0x0, 0x7, 0xf7, 0x22, 0x22, 0x22, 0x22, 0x8f,
    0x70, 0x0, 0x0, 0x6, 0xdd, 0xdd, 0xdd, 0xdd,
    0xdd, 0xdd, 0x60, 0x0, 0x6, 0x66, 0x66, 0x66,
    0x66, 0x66, 0x66, 0x66, 0x66, 0x60, 0xf, 0xff,
    0xff, 0xff, 0xff, 0xff, 0xff, 0xff, 0xff, 0xf0,
    0x0, 0x3, 0x33, 0x33, 0x33, 0x33, 0x33, 0x33,
    0x30, 0x0, 0x0, 0xd, 0xfd, 0xdd, 0xdf, 0xfd,
    0xdd, 0xdf, 0xf0, 0x0, 0x0, 0xd, 0xf3, 0x33,
    0x3f, 0xe3, 0x33, 0x3e, 0xf0, 0x0, 0x0, 0xd,
    0xfc, 0xcc, 0xcf, 0xfc, 0xcc, 0xcf, 0xf0, 0x0,
    0x0, 0xd, 0xf3, 0x33, 0x3f, 0xe3, 0x33, 0x3e,
    0xf0, 0x0, 0x0, 0xb, 0xdd, 0xdd, 0xdf, 0xfd,
    0xdd, 0xdd, 0xd0, 0x0, 0x0, 0x14, 0x44, 0x44,
    0x4f, 0xe4, 0x44, 0x44, 0x42, 0x0, 0x0, 0x5f,
    0xff, 0xff, 0xff, 0xff, 0xff, 0xff, 0xf6, 0x0,
    0x0, 0x0, 0x0, 0x0, 0xe, 0xe0, 0x0, 0x0,
    0x0, 0x0, 0x6, 0x66, 0x66, 0x66, 0x6f, 0xf6,
    0x66, 0x66, 0x66, 0x60, 0x1f, 0xff, 0xff, 0xff,
    0xff, 0xff, 0xff, 0xff, 0xff, 0xf2,

    /* U+9304 "錄" */
    0x0, 0x0, 0xb7, 0x0, 0x0, 0xc, 0x50, 0x0,
    0x0, 0x0, 0x0, 0x6, 0xfc, 0x0, 0x0, 0x4f,
    0xb8, 0x88, 0x84, 0x0, 0x0, 0x1f, 0xff, 0xd2,
    0x0, 0x9f, 0xff, 0xff, 0xf8, 0x0, 0x1, 0xdf,
    0x37, 0xfe, 0x30, 0xdc, 0x0, 0x4, 0xf4, 0x0,
    0x1d, 0xf7, 0x0, 0x4f, 0x62, 0xf8, 0x11, 0x17,
    0xf1, 0x0, 0x3f, 0xfa, 0xaa, 0xa7, 0x7, 0xff,
    0xff, 0xff, 0xd0, 0x0, 0x9, 0xcf, 0xff, 0xf6,
    0x4, 0x77, 0x77, 0x7f, 0x90, 0x0, 0x0, 0x0,
    0xf7, 0x0, 0x47, 0x77, 0x77, 0x8f, 0xa7, 0x71,
    0x7, 0x88, 0xfc, 0x88, 0xaf, 0xff, 0xff, 0xff,
    0xff, 0xf3, 0xd, 0xff, 0xff, 0xff, 0x5, 0x30,
    0x3f, 0x90, 0x7, 0x30, 0x1, 0x12, 0xf8, 0x11,
    0xd, 0xe1, 0x3f, 0xf1, 0x6f, 0x90, 0x5, 0x90,
    0xf7, 0x7c, 0x2, 0xf9, 0x3f, 0xfc, 0xfa, 0x0,
    0x5, 0xe1, 0xf7, 0xaa, 0x0, 0x85, 0x4f, 0xef,
    0x90, 0x0, 0x2, 0xf3, 0xf7, 0xe5, 0x0, 0x8,
    0xff, 0x6f, 0xc0, 0x0, 0x0, 0xf5, 0xf8, 0xe1,
    0x4, 0xdf, 0xcf, 0x47, 0xf8, 0x0, 0x0, 0x21,
    0xfa, 0x8c, 0x9f, 0xe5, 0x3f, 0x40, 0xcf, 0x90,
    0x8, 0xbe, 0xff, 0xfe, 0x7b, 0x10, 0x3f, 0x40,
    0x1d, 0xf3, 0xe, 0xfd, 0x95, 0x20, 0x0, 0x7b,
    0xcf, 0x30, 0x1, 0x60, 0x3, 0x10, 0x0, 0x0,
    0x0, 0x5f, 0xe9, 0x0, 0x0, 0x0,

    /* U+932F "錯" */
    0x0, 0x0, 0x10, 0x0, 0x0, 0x1, 0x0, 0x1,
    0x10, 0x0, 0x0, 0x0, 0xdb, 0x0, 0x0, 0x1f,
    0x90, 0xc, 0xe0, 0x0, 0x0, 0x9, 0xfd, 0x20,
    0x0, 0x1f, 0x90, 0xc, 0xe0, 0x0, 0x0, 0x4f,
    0xdf, 0xf6, 0x9, 0xaf, 0xd9, 0x9e, 0xf9, 0x60,
    0x5, 0xfe, 0x22, 0xdf, 0x8f, 0xff, 0xff, 0xff,
    0xff, 0xa0, 0x4f, 0xf5, 0x0, 0x1c, 0x50, 0x2f,
    0x90, 0xc, 0xe0, 0x0, 0x2f, 0xff, 0xff, 0xf8,
    0x0, 0x1f, 0x90, 0xc, 0xe0, 0x0, 0x3, 0x69,
    0xfc, 0x94, 0x49, 0xaf, 0xd9, 0x9e, 0xf9, 0x92,
    0x0, 0x0, 0xf8, 0x0, 0x6f, 0xff, 0xff, 0xff,
    0xff, 0xf3, 0x8, 0x88, 0xfc, 0x88, 0x11, 0x11,
    0x11, 0x11, 0x11, 0x10, 0xe, 0xff, 0xff, 0xff,
    0x10, 0x88, 0x88, 0x88, 0x88, 0x0, 0x1, 0x11,
    0xf9, 0x21, 0x1, 0xff, 0xff, 0xff, 0xff, 0x10,
    0x6, 0xa0, 0xf8, 0x6e, 0x1, 0xfa, 0x0, 0x0,
    0xaf, 0x10, 0x5, 0xf0, 0xf8, 0x9b, 0x1, 0xf9,
    0x0, 0x0, 0xaf, 0x10, 0x2, 0xf2, 0xf8, 0xd6,
    0x1, 0xff, 0xff, 0xff, 0xff, 0x10, 0x0, 0xf4,
    0xf8, 0xb2, 0x1, 0xfd, 0x88, 0x88, 0xdf, 0x10,
    0x0, 0x10, 0xfc, 0xae, 0x11, 0xf9, 0x0, 0x0,
    0xaf, 0x10, 0x1a, 0xdf, 0xff, 0xfb, 0x11, 0xfd,
    0x99, 0x99, 0xdf, 0x10, 0xf, 0xea, 0x73, 0x0,
    0x1, 0xff, 0xff, 0xff, 0xff, 0x10, 0x1, 0x0,
    0x0, 0x0, 0x1, 0xf9, 0x0, 0x0, 0xaf, 0x10,

    /* U+9396 "鎖" */
    0x0, 0x0, 0x8b, 0x10, 0x0, 0x0, 0x8d, 0x10,
    0x0, 0x0, 0x0, 0x4, 0xff, 0x20, 0x3f, 0x60,
    0x9f, 0x10, 0x9e, 0x10, 0x0, 0x1e, 0xff, 0xf5,
    0xd, 0xe0, 0x9f, 0x11, 0xfc, 0x0, 0x3, 0xef,
    0x62, 0xdf, 0x76, 0xf4, 0x9f, 0x1a, 0xf5, 0x0,
    0x4f, 0xf8, 0x0, 0xb, 0xc1, 0xb4, 0x9f, 0x18,
    0xc0, 0x0, 0x6f, 0xfc, 0xcc, 0xcc, 0x2e, 0xff,
    0xff, 0xff, 0xfe, 0x0, 0x6, 0x6c, 0xff, 0xcb,
    0xe, 0xe6, 0x66, 0x66, 0xee, 0x0, 0x0, 0x0,
    0xbe, 0x0, 0xe, 0xd3, 0x33, 0x33, 0xde, 0x0,
    0x4, 0x44, 0xde, 0x44, 0x1e, 0xff, 0xff, 0xff,
    0xfe, 0x0, 0xe, 0xff, 0xff, 0xff, 0x4e, 0xc2,
    0x22, 0x22, 0xde, 0x0, 0x5, 0x66, 0xdf, 0x66,
    0x2e, 0xd6, 0x66, 0x66, 0xee, 0x0, 0x3, 0x70,
    0xbe, 0xc, 0x2e, 0xff, 0xff, 0xff, 0xfe, 0x0,
    0x5, 0xf1, 0xbe, 0x4f, 0x1e, 0xc0, 0x0, 0x0,
    0xce, 0x0, 0x1, 0xf5, 0xbe, 0x8c, 0xe, 0xff,
    0xff, 0xff, 0xfe, 0x0, 0x0, 0xd5, 0xbe, 0x57,
    0x17, 0x79, 0x77, 0x79, 0x77, 0x0, 0x0, 0x14,
    0xdf, 0xef, 0x50, 0x6f, 0x80, 0x9f, 0x60, 0x0,
    0xe, 0xff, 0xfe, 0xa6, 0x29, 0xfb, 0x0, 0xa,
    0xfb, 0x0, 0xa, 0x95, 0x10, 0x0, 0xef, 0x80,
    0x0, 0x0, 0x8f, 0xc0, 0x0, 0x0, 0x0, 0x0,
    0x33, 0x0, 0x0, 0x0, 0x4, 0x10,

    /* U+93E1 "鏡" */
    0x0, 0x0, 0x0, 0x0, 0x0, 0x0, 0x0, 0x0,
    0x0, 0x0, 0x0, 0x0, 0xc8, 0x0, 0x0, 0x0,
    0x6e, 0x30, 0x0, 0x0, 0x0, 0x7, 0xfc, 0x0,
    0x17, 0x77, 0xaf, 0xd7, 0x77, 0x60, 0x0, 0x3f,
    0xff, 0xe4, 0x3f, 0xff, 0xff, 0xff, 0xff, 0xc0,
    0x3, 0xff, 0x35, 0xef, 0x70, 0x5e, 0x20, 0xa,
    0xc0, 0x0, 0x4f, 0xf5, 0x0, 0x2d, 0x80, 0x2f,
    0x80, 0x1f, 0xa0, 0x0, 0x4f, 0xff, 0xff, 0xfd,
    0xcf, 0xff, 0xff, 0xff, 0xff, 0xf3, 0x6, 0x89,
    0xfe, 0x97, 0x68, 0x88, 0x88, 0x88, 0x88, 0x81,
    0x0, 0x0, 0xfa, 0x0, 0x3, 0x44, 0x44, 0x44,
    0x44, 0x10, 0x3, 0x44, 0xfc, 0x44, 0x1b, 0xff,
    0xff, 0xff, 0xff, 0x50, 0xe, 0xff, 0xff, 0xff,
    0x6b, 0xe1, 0x11, 0x11, 0x7f, 0x50, 0x2, 0x22,
    0xfb, 0x22, 0x1b, 0xff, 0xff, 0xff, 0xff, 0x50,
    0x5, 0xa0, 0xfa, 0x2f, 0x3b, 0xe0, 0x0, 0x0,
    0x6f, 0x50, 0x5, 0xf0, 0xfa, 0x5f, 0xb, 0xff,
    0xff, 0xff, 0xff, 0x50, 0x1, 0xf3, 0xfa, 0x9b,
    0x3, 0x4f, 0xd4, 0xcf, 0x54, 0x10, 0x0, 0xf5,
    0xfa, 0x65, 0x0, 0x2f, 0x90, 0xbf, 0x10, 0x0,
    0x0, 0x0, 0xfc, 0x6a, 0x80, 0x8f, 0x60, 0xbf,
    0x11, 0x91, 0x6, 0x9c, 0xff, 0xff, 0xa6, 0xfe,
    0x0, 0xbf, 0x11, 0xf6, 0xf, 0xff, 0xd9, 0x69,
    0xdf, 0xe3, 0x0, 0xaf, 0x9a, 0xf4, 0x6, 0x40,
    0x0, 0x6, 0xe8, 0x10, 0x0, 0x3e, 0xff, 0xa0,
    0x0, 0x0, 0x0, 0x0, 0x0, 0x0, 0x0, 0x0,
    0x0, 0x0,

    /* U+9418 "鐘" */
    0x0, 0x1, 0xc4, 0x0, 0x0, 0x0, 0x5d, 0x40,
    0x0, 0x0, 0x0, 0x9, 0xf8, 0x0, 0x1, 0x11,
    0x4f, 0xc1, 0x11, 0x10, 0x0, 0x3f, 0xff, 0x90,
    0x6f, 0xff, 0xff, 0xff, 0xff, 0xf0, 0x2, 0xee,
    0x2a, 0xfb, 0x35, 0xae, 0x55, 0x5a, 0xe8, 0x50,
    0x1d, 0xf5, 0x0, 0xaf, 0x10, 0x7f, 0x30, 0xb,
    0xf2, 0x0, 0x4f, 0xf9, 0x99, 0x95, 0x78, 0xaf,
    0xc8, 0x8f, 0xe8, 0x84, 0xa, 0xef, 0xff, 0xf0,
    0xef, 0xff, 0xff, 0xff, 0xff, 0xf8, 0x0, 0x3,
    0xf3, 0x0, 0x3, 0x33, 0x33, 0x33, 0x33, 0x10,
    0x1, 0x15, 0xf4, 0x11, 0xd, 0xff, 0xff, 0xff,
    0xff, 0x80, 0xe, 0xff, 0xff, 0xf9, 0xd, 0xc2,
    0x2f, 0x92, 0x4f, 0x80, 0x4, 0x47, 0xf7, 0x42,
    0xd, 0xff, 0xff, 0xff, 0xff, 0x80, 0x5, 0x73,
    0xf3, 0xb5, 0xd, 0xc0, 0xf, 0x80, 0x2f, 0x80,
    0x6, 0xc3, 0xf3, 0xf4, 0xd, 0xff, 0xff, 0xff,
    0xff, 0x80, 0x3, 0xf4, 0xf7, 0xe0, 0x2, 0x22,
    0x4f, 0xb2, 0x22, 0x10, 0x1, 0xc5, 0xf6, 0x71,
    0x1e, 0xee, 0xff, 0xfe, 0xee, 0xb0, 0x0, 0x5,
    0xfd, 0xf9, 0x6, 0x66, 0x7f, 0xc6, 0x66, 0x40,
    0x7, 0xdf, 0xff, 0xfa, 0x0, 0x0, 0x1f, 0xa0,
    0x0, 0x0, 0xf, 0xff, 0xe9, 0x40, 0x66, 0x66,
    0x7f, 0xc6, 0x66, 0x62, 0xa, 0x73, 0x0, 0x0,
    0xff, 0xff, 0xff, 0xff, 0xff, 0xf7,

    /* U+949F "钟" */
    0x0, 0x6, 0x40, 0x0, 0x0, 0x0, 0x8, 0x60,
    0x0, 0x0, 0x2, 0xfc, 0x0, 0x0, 0x0, 0x1,
    0xfc, 0x0, 0x0, 0x0, 0x9f, 0xdb, 0xbb, 0x20,
    0x0, 0x1f, 0xc0, 0x0, 0x0, 0x4f, 0xff, 0xff,
    0xf3, 0x0, 0x1, 0xfc, 0x0, 0x0, 0x2f, 0xf3,
    0x0, 0x0, 0x2b, 0xbb, 0xcf, 0xfb, 0xbb, 0x92,
    0xf8, 0x0, 0x0, 0x2, 0xff, 0xff, 0xff, 0xff,
    0xfc, 0x6, 0xcf, 0xff, 0xfd, 0x2f, 0x91, 0x2f,
    0xc1, 0x1f, 0xc0, 0x8, 0xbf, 0xea, 0x82, 0xf9,
    0x1, 0xfc, 0x0, 0xfc, 0x0, 0x2, 0xfa, 0x0,
    0x2f, 0x90, 0x1f, 0xc0, 0xf, 0xc0, 0x22, 0x4f,
    0xb2, 0x23, 0xf9, 0x1, 0xfc, 0x0, 0xfc, 0xe,
    0xff, 0xff, 0xff, 0x7f, 0xec, 0xdf, 0xfc, 0xcf,
    0xc0, 0x77, 0x9f, 0xd7, 0x74, 0xff, 0xff, 0xff,
    0xff, 0xfc, 0x0, 0x2, 0xfa, 0x0, 0x2f, 0x90,
    0x1f, 0xc0, 0xf, 0xc0, 0x0, 0x2f, 0xa0, 0x1,
    0x64, 0x1, 0xfc, 0x0, 0x43, 0x0, 0x2, 0xfa,
    0x5, 0x20, 0x0, 0x1f, 0xc0, 0x0, 0x0, 0x0,
    0x3f, 0xdd, 0xf6, 0x0, 0x1, 0xfc, 0x0, 0x0,
    0x0, 0x8, 0xff, 0xf9, 0x10, 0x0, 0x1f, 0xc0,
    0x0, 0x0, 0x1, 0xff, 0xb2, 0x0, 0x0, 0x1,
    0xfc, 0x0, 0x0, 0x0, 0x7, 0x40, 0x0, 0x0,
    0x0, 0x1f, 0xc0, 0x0, 0x0,

    /* U+9500 "销" */
    0x0, 0x9, 0x60, 0x0, 0x0, 0x0, 0x1d, 0x90,
    0x2, 0x10, 0x0, 0x4f, 0x90, 0x0, 0x2e, 0x80,
    0x1f, 0xa0, 0xd, 0xf1, 0x0, 0xcf, 0xcb, 0xbb,
    0x1d, 0xf2, 0x1f, 0xa0, 0x5f, 0x90, 0x7, 0xff,
    0xff, 0xff, 0x14, 0xfa, 0x1f, 0xa0, 0xef, 0x10,
    0x4f, 0xe1, 0x0, 0x0, 0x0, 0xd7, 0x1f, 0xa2,
    0xc7, 0x0, 0x2f, 0x60, 0x0, 0x0, 0x2, 0x32,
    0x3f, 0xb2, 0x22, 0x10, 0x4, 0xff, 0xff, 0xfc,
    0x2f, 0xff, 0xff, 0xff, 0xff, 0x90, 0x0, 0xab,
    0xfd, 0xa7, 0x2f, 0xd9, 0x99, 0x99, 0xaf, 0x90,
    0x0, 0x3, 0xf8, 0x0, 0x2f, 0x90, 0x0, 0x0,
    0x1f, 0x90, 0x0, 0x3, 0xf8, 0x0, 0x2f, 0xd9,
    0x99, 0x99, 0xaf, 0x90, 0xe, 0xff, 0xff, 0xff,
    0x5f, 0xff, 0xff, 0xff, 0xff, 0x90, 0xa, 0xac,
    0xfd, 0xaa, 0x4f, 0x90, 0x0, 0x0, 0x1f, 0x90,
    0x0, 0x3, 0xf8, 0x0, 0x2f, 0x90, 0x0, 0x0,
    0x1f, 0x90, 0x0, 0x3, 0xf8, 0x0, 0x2f, 0xff,
    0xff, 0xff, 0xff, 0x90, 0x0, 0x3, 0xf8, 0x5,
    0x2f, 0xd9, 0x99, 0x99, 0x9f, 0x90, 0x0, 0x3,
    0xfc, 0xee, 0x2f, 0x90, 0x0, 0x0, 0x1f, 0x90,
    0x0, 0x9, 0xff, 0xf7, 0x2f, 0x90, 0x0, 0x0,
    0x1f, 0x90, 0x0, 0xf, 0xf9, 0x10, 0x2f, 0x90,
    0x0, 0x9d, 0xef, 0x80, 0x0, 0x6, 0x30, 0x0,
    0x2f, 0x90, 0x0, 0x6d, 0xc9, 0x0,

    /* U+9501 "锁" */
    0x0, 0xa, 0x60, 0x0, 0x1, 0x0, 0x9f, 0x20,
    0x0, 0x0, 0x0, 0x5f, 0x80, 0x0, 0x3f, 0x50,
    0xaf, 0x20, 0x7f, 0x40, 0x0, 0xdf, 0xcb, 0xbb,
    0x1d, 0xe0, 0xaf, 0x20, 0xee, 0x0, 0x8, 0xff,
    0xff, 0xff, 0x14, 0xf6, 0xaf, 0x28, 0xf5, 0x0,
    0x4f, 0xd0, 0x0, 0x0, 0x0, 0xb4, 0xaf, 0x28,
    0x90, 0x0, 0x5f, 0x30, 0x0, 0x0, 0xa, 0xaa,
    0xdf, 0xba, 0xaa, 0x0, 0x4, 0xff, 0xff, 0xfb,
    0xf, 0xff, 0xff, 0xff, 0xff, 0x0, 0x0, 0xac,
    0xfc, 0xa7, 0xf, 0xb1, 0x11, 0x11, 0xdf, 0x0,
    0x0, 0x5, 0xf5, 0x0, 0xf, 0xa0, 0xae, 0x10,
    0xcf, 0x0, 0x0, 0x5, 0xf5, 0x0, 0xf, 0xa0,
    0xbf, 0x10, 0xcf, 0x0, 0xe, 0xff, 0xff, 0xff,
    0xf, 0xa0, 0xbf, 0x10, 0xcf, 0x0, 0xa, 0xac,
    0xfc, 0xaa, 0xf, 0xa0, 0xbf, 0x10, 0xcf, 0x0,
    0x0, 0x5, 0xf5, 0x0, 0xf, 0xa0, 0xdf, 0x0,
    0xcf, 0x0, 0x0, 0x5, 0xf5, 0x0, 0xf, 0xa2,
    0xfd, 0x0, 0xcf, 0x0, 0x0, 0x5, 0xf5, 0x27,
    0xc, 0x89, 0xf7, 0x10, 0x9b, 0x0, 0x0, 0x8,
    0xfc, 0xff, 0x0, 0x7f, 0xe8, 0xfa, 0x20, 0x0,
    0x0, 0xd, 0xff, 0xa2, 0x3c, 0xfe, 0x22, 0xaf,
    0xfa, 0x20, 0x0, 0x6f, 0xc3, 0x8, 0xff, 0xa1,
    0x0, 0x2, 0xbf, 0xe0, 0x0, 0x5, 0x0, 0x0,
    0x82, 0x0, 0x0, 0x0, 0x5, 0x30,

    /* U+9519 "错" */
    0x0, 0x0, 0x0, 0x0, 0x0, 0x1, 0x0, 0x1,
    0x0, 0x0, 0x0, 0xd, 0x90, 0x0, 0x0, 0x7f,
    0x40, 0x1f, 0xa0, 0x0, 0x0, 0x5f, 0x80, 0x0,
    0x0, 0x7f, 0x40, 0x1f, 0xa0, 0x0, 0x0, 0xdf,
    0xcb, 0xbb, 0x28, 0xcf, 0xa8, 0x9f, 0xd8, 0x70,
    0x9, 0xff, 0xff, 0xfe, 0x5f, 0xff, 0xff, 0xff,
    0xff, 0xd0, 0x4f, 0xd1, 0x0, 0x0, 0x1, 0x8f,
    0x61, 0x2f, 0xb1, 0x10, 0x1e, 0x84, 0x44, 0x43,
    0x0, 0x7f, 0x40, 0x1f, 0xa0, 0x0, 0x1, 0xff,
    0xff, 0xfa, 0x79, 0xcf, 0xb9, 0xaf, 0xd9, 0x93,
    0x0, 0x58, 0xfa, 0x53, 0xbf, 0xff, 0xff, 0xff,
    0xff, 0xf5, 0x0, 0x4, 0xf7, 0x0, 0x1, 0x11,
    0x11, 0x11, 0x11, 0x10, 0x0, 0x4, 0xf7, 0x0,
    0x3, 0x55, 0x55, 0x55, 0x55, 0x0, 0xe, 0xff,
    0xff, 0xff, 0x1a, 0xff, 0xff, 0xff, 0xff, 0x10,
    0xa, 0xac, 0xfd, 0xaa, 0xa, 0xf5, 0x44, 0x44,
    0xcf, 0x10, 0x0, 0x4, 0xf7, 0x0, 0xa, 0xf1,
    0x0, 0x0, 0xaf, 0x10, 0x0, 0x4, 0xf7, 0x0,
    0xa, 0xff, 0xff, 0xff, 0xff, 0x10, 0x0, 0x4,
    0xf7, 0x16, 0xa, 0xf9, 0x88, 0x88, 0xdf, 0x10,
    0x0, 0x5, 0xfd, 0xfe, 0xa, 0xf1, 0x0, 0x0,
    0xaf, 0x10, 0x0, 0xc, 0xff, 0xd4, 0xa, 0xfa,
    0x99, 0x99, 0xdf, 0x10, 0x0, 0x1e, 0xf7, 0x0,
    0xa, 0xff, 0xff, 0xff, 0xff, 0x10, 0x0, 0x6,
    0x20, 0x0, 0xa, 0xf1, 0x0, 0x0, 0xae, 0x10,

    /* U+9589 "閉" */
    0x0, 0x0, 0x0, 0x0, 0x0, 0x0, 0x0, 0x0,
    0x0, 0x1f, 0xff, 0xff, 0xff, 0x32, 0xff, 0xff,
    0xff, 0xfd, 0x1f, 0xd5, 0x55, 0xbf, 0x32, 0xfc,
    0x55, 0x56, 0xfd, 0x1f, 0xd4, 0x44, 0xaf, 0x32,
    0xfb, 0x44, 0x45, 0xfd, 0x1f, 0xff, 0xff, 0xff,
    0x32, 0xff, 0xff, 0xff, 0xfd, 0x1f, 0xd1, 0x11,
    0x9f, 0x32, 0xfa, 0x11, 0x12, 0xfd, 0x1f, 0xe6,
    0x66, 0xbf, 0x32, 0xfc, 0x55, 0x56, 0xfd, 0x1f,
    0xff, 0xff, 0xff, 0x32, 0xff, 0xff, 0xff, 0xfd,
    0x1f, 0xc0, 0x0, 0x0, 0x0, 0x0, 0x0, 0x1,
    0xfd, 0x1f, 0xc0, 0x0, 0x0, 0x6, 0xc2, 0x0,
    0x1, 0xfd, 0x1f, 0xc0, 0xef, 0xff, 0xff, 0xff,
    0xff, 0x11, 0xfd, 0x1f, 0xc0, 0x89, 0x99, 0xcf,
    0xfa, 0x99, 0x11, 0xfd, 0x1f, 0xc0, 0x0, 0x2,
    0xef, 0xf3, 0x0, 0x1, 0xfd, 0x1f, 0xc0, 0x0,
    0x1e, 0xfb, 0xf3, 0x0, 0x1, 0xfd, 0x1f, 0xc0,
    0x2, 0xdf, 0x47, 0xf3, 0x0, 0x1, 0xfd, 0x1f,
    0xc0, 0x5e, 0xf4, 0x7, 0xf3, 0x0, 0x1, 0xfd,
    0x1f, 0xc2, 0xfc, 0x20, 0x7, 0xf3, 0x0, 0x1,
    0xfd, 0x1f, 0xc0, 0x20, 0x4, 0x8d, 0xf2, 0xbe,
    0xde, 0xfa, 0x1f, 0xc0, 0x0, 0x3, 0xfe, 0x90,
    0x6f, 0xfe, 0xb2, 0x0, 0x0, 0x0, 0x0, 0x0,
    0x0, 0x0, 0x0, 0x0,

    /* U+958B "開" */
    0x0, 0x0, 0x0, 0x0, 0x0, 0x0, 0x0, 0x0,
    0x0, 0x1f, 0xff, 0xff, 0xff, 0x50, 0xff, 0xff,
    0xff, 0xfc, 0x1f, 0xd4, 0x44, 0x9f, 0x50, 0xfd,
    0x44, 0x45, 0xfc, 0x1f, 0xd4, 0x44, 0x9f, 0x50,
    0xfd, 0x44, 0x45, 0xfc, 0x1f, 0xff, 0xff, 0xff,
    0x50, 0xff, 0xff, 0xff, 0xfc, 0x1f, 0xc0, 0x0,
    0x6f, 0x50, 0xfb, 0x0, 0x1, 0xfc, 0x1f, 0xe7,
    0x77, 0xbf, 0x50, 0xfd, 0x66, 0x67, 0xfc, 0x1f,
    0xfe, 0xee, 0xee, 0x50, 0xff, 0xff, 0xff, 0xfc,
    0x1f, 0xc0, 0x0, 0x0, 0x0, 0x0, 0x0, 0x1,
    0xfc, 0x1f, 0xc0, 0xbf, 0xff, 0xff, 0xff, 0xff,
    0x11, 0xfc, 0x1f, 0xc0, 0x68, 0xdf, 0x88, 0xdf,
    0x88, 0x1, 0xfc, 0x1f, 0xc0, 0x0, 0xbe, 0x0,
    0xbf, 0x0, 0x1, 0xfc, 0x1f, 0xc0, 0x99, 0xef,
    0x99, 0xef, 0x99, 0x41, 0xfc, 0x1f, 0xc1, 0xff,
    0xff, 0xff, 0xff, 0xff, 0x71, 0xfc, 0x1f, 0xc0,
    0x0, 0xeb, 0x0, 0xbf, 0x0, 0x1, 0xfc, 0x1f,
    0xc0, 0x3, 0xf8, 0x0, 0xbf, 0x0, 0x1, 0xfc,
    0x1f, 0xc0, 0xa, 0xf2, 0x0, 0xbf, 0x0, 0x1,
    0xfc, 0x1f, 0xc0, 0x7f, 0x80, 0x0, 0xbf, 0xc,
    0xde, 0xfa, 0x1f, 0xc0, 0x7a, 0x0, 0x0, 0xbf,
    0xa, 0xfe, 0xb2, 0x1, 0x0, 0x0, 0x0, 0x0,
    0x0, 0x0, 0x0, 0x0,

    /* U+9593 "間" */
    0x0, 0x0, 0x0, 0x0, 0x0, 0x0, 0x0, 0x0,
    0x0, 0x1f, 0xff, 0xff, 0xff, 0x50, 0xff, 0xff,
    0xff, 0xfd, 0x1f, 0xd5, 0x55, 0xaf, 0x50, 0xfd,
    0x55, 0x56, 0xfd, 0x1f, 0xd4, 0x44, 0x9f, 0x50,
    0xfd, 0x44, 0x45, 0xfd, 0x1f, 0xff, 0xff, 0xff,
    0x50, 0xff, 0xff, 0xff, 0xfd, 0x1f, 0xd1, 0x11,
    0x7f, 0x50, 0xfd, 0x11, 0x12, 0xfd, 0x1f, 0xe6,
    0x66, 0xaf, 0x50, 0xfd, 0x55, 0x56, 0xfd, 0x1f,
    0xff, 0xff, 0xff, 0x50, 0xff, 0xff, 0xff, 0xfd,
    0x1f, 0xc0, 0x0, 0x0, 0x0, 0x0, 0x0, 0x1,
    0xfd, 0x1f, 0xc0, 0x4, 0x77, 0x77, 0x77, 0x70,
    0x1, 0xfd, 0x1f, 0xc0, 0xa, 0xff, 0xff, 0xff,
    0xf0, 0x1, 0xfd, 0x1f, 0xc0, 0xa, 0xf1, 0x0,
    0xc, 0xf0, 0x1, 0xfd, 0x1f, 0xc0, 0xa, 0xf7,
    0x66, 0x6d, 0xf0, 0x1, 0xfd, 0x1f, 0xc0, 0xa,
    0xff, 0xff, 0xff, 0xf0, 0x1, 0xfd, 0x1f, 0xc0,
    0xa, 0xf1, 0x0, 0xc, 0xf0, 0x1, 0xfd, 0x1f,
    0xc0, 0xa, 0xf8, 0x77, 0x7e, 0xf0, 0x1, 0xfd,
    0x1f, 0xc0, 0xa, 0xff, 0xff, 0xff, 0xf0, 0x1,
    0xfd, 0x1f, 0xc0, 0xa, 0xf1, 0x0, 0x0, 0x3e,
    0xde, 0xfb, 0x1f, 0xc0, 0x0, 0x0, 0x0, 0x0,
    0xe, 0xff, 0xb2, 0x0, 0x0, 0x0, 0x0, 0x0,
    0x0, 0x0, 0x0, 0x0,

    /* U+95DC "關" */
    0x0, 0x0, 0x0, 0x0, 0x0, 0x0, 0x0, 0x0,
    0x0, 0x1f, 0xff, 0xff, 0xff, 0x30, 0xff, 0xff,
    0xff, 0xfb, 0x1f, 0xc4, 0x44, 0x9f, 0x30, 0xfd,
    0x44, 0x45, 0xfb, 0x1f, 0xc4, 0x44, 0x9f, 0x30,
    0xfd, 0x44, 0x45, 0xfb, 0x1f, 0xfe, 0xee, 0xff,
    0x30, 0xff, 0xee, 0xef, 0xfb, 0x1f, 0xb1, 0x11,
    0x7f, 0x30, 0xfc, 0x11, 0x12, 0xfb, 0x1f, 0xff,
    0xff, 0xff, 0x30, 0xff, 0xff, 0xff, 0xfb, 0x1f,
    0xc3, 0x37, 0xc3, 0x0, 0x4e, 0x63, 0x34, 0xfb,
    0x1f, 0xb0, 0xd, 0x65, 0x0, 0xac, 0x15, 0x1,
    0xfb, 0x1f, 0xb0, 0xcf, 0x9f, 0x39, 0xf9, 0xcb,
    0x1, 0xfb, 0x1f, 0xb0, 0x8a, 0xf7, 0x6, 0xaf,
    0xc2, 0x1, 0xfb, 0x1f, 0xb0, 0x2d, 0x7d, 0x51,
    0xbc, 0x5e, 0x1, 0xfb, 0x1f, 0xb0, 0xff, 0xfe,
    0xcc, 0xff, 0xef, 0x51, 0xfb, 0x1f, 0xb0, 0x9f,
    0x9, 0x85, 0xc1, 0x4f, 0x11, 0xfb, 0x1f, 0xb0,
    0x5e, 0x2e, 0x64, 0xf3, 0x6f, 0x1, 0xfb, 0x1f,
    0xb0, 0x5f, 0xff, 0x64, 0xff, 0xff, 0x1, 0xfb,
    0x1f, 0xb0, 0x0, 0x7f, 0x44, 0xf1, 0x28, 0x1,
    0xfb, 0x1f, 0xb0, 0x6, 0xfc, 0x4, 0xf1, 0x3,
    0xef, 0xfa, 0x1f, 0xb0, 0x8, 0xa1, 0x4, 0xf1,
    0x0, 0xdd, 0xa2,

    /* U+95ED "闭" */
    0x1, 0x80, 0x0, 0x0, 0x0, 0x0, 0x0, 0x0,
    0x0, 0x9, 0xfb, 0x0, 0xdd, 0xdd, 0xdd, 0xdd,
    0xdd, 0xd9, 0x0, 0xcf, 0x70, 0xff, 0xff, 0xff,
    0xff, 0xff, 0xfb, 0x0, 0x1e, 0xa0, 0x0, 0x0,
    0x0, 0x0, 0x2, 0xfb, 0x0, 0x2, 0x0, 0x0,
    0x0, 0xce, 0x20, 0x2, 0xfb, 0x2e, 0xa0, 0x0,
    0x0, 0x0, 0xcf, 0x20, 0x2, 0xfb, 0x3f, 0xb0,
    0x11, 0x11, 0x11, 0xdf, 0x31, 0x12, 0xfb, 0x3f,
    0xb0, 0xff, 0xff, 0xff, 0xff, 0xff, 0xd2, 0xfb,
    0x3f, 0xb0, 0xaa, 0xaa, 0xbf, 0xff, 0xba, 0x92,
    0xfb, 0x3f, 0xb0, 0x0, 0x0, 0x9f, 0xff, 0x20,
    0x2, 0xfb, 0x3f, 0xb0, 0x0, 0x7, 0xfc, 0xdf,
    0x20, 0x2, 0xfb, 0x3f, 0xb0, 0x0, 0x9f, 0xc1,
    0xcf, 0x20, 0x2, 0xfb, 0x3f, 0xb0, 0x3d, 0xfd,
    0x10, 0xcf, 0x20, 0x2, 0xfb, 0x3f, 0xb7, 0xff,
    0x90, 0x0, 0xcf, 0x20, 0x2, 0xfb, 0x3f, 0xb3,
    0xd4, 0x0, 0x0, 0xdf, 0x20, 0x2, 0xfb, 0x3f,
    0xb0, 0x0, 0xa, 0xdd, 0xff, 0x0, 0x2, 0xfb,
    0x3f, 0xb0, 0x0, 0x7, 0xfe, 0xc6, 0x0, 0x2,
    0xfb, 0x3f, 0xb0, 0x0, 0x0, 0x0, 0x0, 0x6,
    0xbc, 0xf9, 0x3f, 0xb0, 0x0, 0x0, 0x0, 0x0,
    0x4, 0xff, 0xc2, 0x0, 0x0, 0x0, 0x0, 0x0,
    0x0, 0x0, 0x0, 0x0,

    /* U+95EE "问" */
    0x1, 0x60, 0x0, 0x0, 0x0, 0x0, 0x0, 0x0,
    0x0, 0xa, 0xf8, 0x0, 0x6c, 0xcc, 0xcc, 0xcc,
    0xcc, 0xc9, 0x1, 0xdf, 0x50, 0x8f, 0xff, 0xff,
    0xff, 0xff, 0xfb, 0x0, 0x2f, 0xf1, 0x0, 0x0,
    0x0, 0x0, 0x2, 0xfb, 0x0, 0x5, 0x70, 0x0,
    0x0, 0x0, 0x0, 0x2, 0xfb, 0x1e, 0xb0, 0x0,
    0x0, 0x0, 0x0, 0x0, 0x2, 0xfb, 0x1f, 0xc0,
    0x7, 0xbb, 0xbb, 0xbb, 0x90, 0x2, 0xfb, 0x1f,
    0xc0, 0xa, 0xff, 0xff, 0xff, 0xc0, 0x2, 0xfb,
    0x1f, 0xc0, 0xa, 0xf1, 0x0, 0xf, 0xc0, 0x2,
    0xfb, 0x1f, 0xc0, 0xa, 0xf1, 0x0, 0xf, 0xc0,
    0x2, 0xfb, 0x1f, 0xc0, 0xa, 0xf1, 0x0, 0xf,
    0xc0, 0x2, 0xfb, 0x1f, 0xc0, 0xa, 0xf1, 0x0,
    0xf, 0xc0, 0x2, 0xfb, 0x1f, 0xc0, 0xa, 0xff,
    0xff, 0xff, 0xc0, 0x2, 0xfb, 0x1f, 0xc0, 0xa,
    0xfb, 0xbb, 0xbb, 0x80, 0x2, 0xfb, 0x1f, 0xc0,
    0xa, 0xf1, 0x0, 0x0, 0x0, 0x2, 0xfb, 0x1f,
    0xc0, 0x0, 0x0, 0x0, 0x0, 0x0, 0x2, 0xfb,
    0x1f, 0xc0, 0x0, 0x0, 0x0, 0x0, 0x0, 0x2,
    0xfb, 0x1f, 0xc0, 0x0, 0x0, 0x0, 0x0, 0x5d,
    0xde, 0xf9, 0x1f, 0xc0, 0x0, 0x0, 0x0, 0x0,
    0x1f, 0xfe, 0xb1, 0x0, 0x0, 0x0, 0x0, 0x0,
    0x0, 0x0, 0x0, 0x0,

    /* U+95F4 "间" */
    0x0, 0x70, 0x0, 0x0, 0x0, 0x0, 0x0, 0x0,
    0x0, 0x9, 0xfb, 0x0, 0x8c, 0xcc, 0xcc, 0xcc,
    0xcc, 0xcb, 0x0, 0xcf, 0x80, 0xaf, 0xff, 0xff,
    0xff, 0xff, 0xfe, 0x0, 0x2f, 0xb0, 0x0, 0x0,
    0x0, 0x0, 0x1, 0xfe, 0x0, 0x3, 0x0, 0x0,
    0x0, 0x0, 0x0, 0x1, 0xfe, 0x2e, 0xb0, 0x0,
    0x0, 0x0, 0x0, 0x0, 0x1, 0xfe, 0x2f, 0xc0,
    0xa, 0xff, 0xff, 0xff, 0xf1, 0x1, 0xfe, 0x2f,
    0xc0, 0xa, 0xf8, 0x77, 0x7d, 0xf1, 0x1, 0xfe,
    0x2f, 0xc0, 0xa, 0xf0, 0x0, 0xa, 0xf1, 0x1,
    0xfe, 0x2f, 0xc0, 0xa, 0xf8, 0x88, 0x8d, 0xf1,
    0x1, 0xfe, 0x2f, 0xc0, 0xa, 0xff, 0xff, 0xff,
    0xf1, 0x1, 0xfe, 0x2f, 0xc0, 0xa, 0xf0, 0x0,
    0xa, 0xf1, 0x1, 0xfe, 0x2f, 0xc0, 0xa, 0xf0,
    0x0, 0xa, 0xf1, 0x1, 0xfe, 0x2f, 0xc0, 0xa,
    0xf8, 0x77, 0x7d, 0xf1, 0x1, 0xfe, 0x2f, 0xc0,
    0xa, 0xff, 0xff, 0xff, 0xf1, 0x1, 0xfe, 0x2f,
    0xc0, 0x0, 0x0, 0x0, 0x0, 0x0, 0x1, 0xfe,
    0x2f, 0xc0, 0x0, 0x0, 0x0, 0x0, 0x0, 0x1,
    0xfe, 0x2f, 0xc0, 0x0, 0x0, 0x0, 0x0, 0x3,
    0xbc, 0xfc, 0x2f, 0xc0, 0x0, 0x0, 0x0, 0x0,
    0x0, 0xef, 0xd4,

    /* U+961F "队" */
    0x0, 0x0, 0x0, 0x0, 0x0, 0x9, 0xc3, 0x0,
    0x0, 0x1, 0xff, 0xff, 0xff, 0x70, 0x0, 0xbf,
    0x30, 0x0, 0x0, 0x1f, 0xea, 0xad, 0xf7, 0x0,
    0xb, 0xf2, 0x0, 0x0, 0x1, 0xfb, 0x0, 0xdf,
    0x10, 0x0, 0xcf, 0x20, 0x0, 0x0, 0x1f, 0xb0,
    0x2f, 0xa0, 0x0, 0xc, 0xf1, 0x0, 0x0, 0x1,
    0xfb, 0x8, 0xf4, 0x0, 0x0, 0xdf, 0x10, 0x0,
    0x0, 0x1f, 0xb0, 0xee, 0x0, 0x0, 0xe, 0xf1,
    0x0, 0x0, 0x1, 0xfb, 0xa, 0xf4, 0x0, 0x0,
    0xff, 0x40, 0x0, 0x0, 0x1f, 0xb0, 0xe, 0xe0,
    0x0, 0x2f, 0xf7, 0x0, 0x0, 0x1, 0xfb, 0x0,
    0x8f, 0x40, 0x4, 0xff, 0xb0, 0x0, 0x0, 0x1f,
    0xb0, 0x5, 0xf7, 0x0, 0x7f, 0xff, 0x0, 0x0,
    0x1, 0xfb, 0x0, 0x5f, 0x80, 0xc, 0xfb, 0xf4,
    0x0, 0x0, 0x1f, 0xb4, 0xbf, 0xf5, 0x2, 0xfe,
    0x2f, 0xc0, 0x0, 0x1, 0xfb, 0x1f, 0xf9, 0x0,
    0x9f, 0x80, 0xcf, 0x40, 0x0, 0x1f, 0xb0, 0x0,
    0x0, 0x2f, 0xf1, 0x5, 0xfc, 0x0, 0x1, 0xfb,
    0x0, 0x0, 0xd, 0xf8, 0x0, 0xd, 0xf7, 0x0,
    0x1f, 0xb0, 0x0, 0x1c, 0xfc, 0x0, 0x0, 0x3f,
    0xf6, 0x1, 0xfb, 0x0, 0xd, 0xfe, 0x20, 0x0,
    0x0, 0x6f, 0xf5, 0x1f, 0xb0, 0x0, 0x3c, 0x10,
    0x0, 0x0, 0x0, 0x69, 0x0, 0x0, 0x0, 0x0,
    0x0, 0x0, 0x0, 0x0, 0x0, 0x0,

    /* U+9650 "限" */
    0x0, 0x0, 0x0, 0x0, 0x0, 0x0, 0x0, 0x0,
    0x0, 0x1, 0xff, 0xff, 0xfc, 0x1f, 0xff, 0xff,
    0xff, 0xff, 0x0, 0x1f, 0xda, 0xaf, 0xe0, 0xfe,
    0xaa, 0xaa, 0xaf, 0xf0, 0x1, 0xf9, 0x4, 0xf8,
    0xf, 0xc0, 0x0, 0x0, 0xdf, 0x0, 0x1f, 0x90,
    0xaf, 0x20, 0xfe, 0x88, 0x88, 0x8e, 0xf0, 0x1,
    0xf9, 0xf, 0xc0, 0xf, 0xff, 0xff, 0xff, 0xff,
    0x0, 0x1f, 0x95, 0xf7, 0x0, 0xfc, 0x0, 0x0,
    0xd, 0xf0, 0x1, 0xf9, 0x1e, 0xd0, 0xf, 0xc0,
    0x0, 0x0, 0xdf, 0x0, 0x1f, 0x90, 0x5f, 0x60,
    0xfe, 0xaa, 0xaa, 0xaf, 0xf0, 0x1, 0xf9, 0x0,
    0xfb, 0xf, 0xff, 0xff, 0xff, 0xff, 0x0, 0x1f,
    0x90, 0xc, 0xe0, 0xfc, 0x7, 0xf2, 0x0, 0x32,
    0x1, 0xf9, 0x0, 0xce, 0xf, 0xc0, 0x2f, 0x90,
    0x6f, 0xd0, 0x1f, 0x98, 0xbf, 0xb0, 0xfc, 0x0,
    0xdf, 0xbf, 0xd3, 0x1, 0xf9, 0x9f, 0xc2, 0xf,
    0xc0, 0x6, 0xff, 0x90, 0x0, 0x1f, 0x90, 0x0,
    0x0, 0xfc, 0x0, 0xe, 0xf7, 0x0, 0x1, 0xf9,
    0x0, 0x0, 0xf, 0xc0, 0x15, 0x5f, 0xf5, 0x0,
    0x1f, 0x90, 0x0, 0x2, 0xff, 0xdf, 0xe0, 0x8f,
    0xf8, 0x1, 0xf9, 0x0, 0x0, 0x9f, 0xff, 0xc7,
    0x0, 0x9f, 0xf5, 0x1f, 0x90, 0x0, 0x3, 0xb5,
    0x0, 0x0, 0x0, 0x58, 0x0,

    /* U+9664 "除" */
    0x0, 0x0, 0x0, 0x0, 0x0, 0x0, 0x0, 0x0,
    0x0, 0x0, 0x0, 0x0, 0x0, 0x0, 0x0, 0x5d,
    0x30, 0x0, 0x0, 0x9f, 0xff, 0xfd, 0x20, 0x0,
    0x1e, 0xf5, 0x0, 0x0, 0x9, 0xfa, 0xaf, 0xf0,
    0x0, 0x1d, 0xfe, 0xf3, 0x0, 0x0, 0x9f, 0x11,
    0xfa, 0x0, 0x1c, 0xf6, 0x2e, 0xf5, 0x0, 0x9,
    0xf1, 0x5f, 0x40, 0x3e, 0xf8, 0x0, 0x3f, 0xf9,
    0x10, 0x9f, 0x1a, 0xe0, 0x8f, 0xf6, 0x0, 0x0,
    0x2d, 0xfe, 0x29, 0xf1, 0xf9, 0xb, 0xed, 0xbb,
    0xbb, 0xbb, 0xcb, 0xb0, 0x9f, 0x1c, 0xd0, 0x0,
    0xdf, 0xff, 0xff, 0xff, 0x10, 0x9, 0xf1, 0x3f,
    0x70, 0x0, 0x0, 0x9f, 0x30, 0x0, 0x0, 0x9f,
    0x10, 0xdd, 0x0, 0x0, 0x9, 0xf3, 0x0, 0x0,
    0x9, 0xf1, 0xa, 0xf9, 0xff, 0xff, 0xff, 0xff,
    0xff, 0xf0, 0x9f, 0x10, 0xaf, 0x7b, 0xbb, 0xbe,
    0xfc, 0xbb, 0xbb, 0x9, 0xf6, 0xbf, 0xd0, 0x4,
    0x0, 0x9f, 0x31, 0x50, 0x0, 0x9f, 0x5f, 0xd4,
    0x4, 0xf9, 0x9, 0xf3, 0xaf, 0x40, 0x9, 0xf1,
    0x0, 0x0, 0xcf, 0x10, 0x9f, 0x31, 0xee, 0x10,
    0x9f, 0x10, 0x0, 0x7f, 0x90, 0x9, 0xf3, 0x5,
    0xf9, 0x9, 0xf1, 0x0, 0x2f, 0xd0, 0x0, 0x9f,
    0x30, 0xc, 0xf2, 0x9f, 0x10, 0x0, 0x83, 0xa,
    0xae, 0xf2, 0x0, 0x34, 0x9, 0xf1, 0x0, 0x0,
    0x0, 0xcf, 0xe8, 0x0, 0x0, 0x0, 0x0, 0x0,
    0x0, 0x0, 0x0, 0x0, 0x0, 0x0, 0x0, 0x0,

    /* U+968E "階" */
    0x1, 0x11, 0x20, 0xa, 0x70, 0x0, 0x8a, 0x0,
    0x0, 0x7, 0xff, 0xff, 0xe3, 0xfb, 0x0, 0xb,
    0xf1, 0x4, 0x20, 0x7f, 0x76, 0xee, 0x1f, 0xd8,
    0x86, 0xbf, 0x29, 0xfd, 0x7, 0xf1, 0x1f, 0x91,
    0xff, 0xff, 0xcb, 0xff, 0xfa, 0x10, 0x7f, 0x16,
    0xf4, 0x1f, 0xb0, 0x0, 0xbf, 0xb3, 0x0, 0x7,
    0xf1, 0xbe, 0x1, 0xfb, 0x0, 0xb, 0xf1, 0x3,
    0x50, 0x7f, 0x1f, 0x90, 0x2f, 0xb3, 0x77, 0xbf,
    0x10, 0x6f, 0x37, 0xf1, 0xbe, 0x1a, 0xff, 0xff,
    0xca, 0xfb, 0x9d, 0xf0, 0x7f, 0x12, 0xf7, 0x7f,
    0xc8, 0x58, 0x8e, 0xff, 0xf7, 0x7, 0xf1, 0xc,
    0xc1, 0x10, 0x5, 0xfb, 0x0, 0x0, 0x0, 0x7f,
    0x10, 0x9f, 0x7, 0x88, 0xcf, 0xb8, 0x88, 0x80,
    0x7, 0xf1, 0x9, 0xf0, 0xcf, 0xff, 0xff, 0xff,
    0xff, 0x0, 0x7f, 0x48, 0xee, 0xc, 0xf0, 0x0,
    0x0, 0xd, 0xf0, 0x7, 0xf5, 0xff, 0x50, 0xcf,
    0x77, 0x77, 0x77, 0xef, 0x0, 0x7f, 0x11, 0x0,
    0xc, 0xff, 0xff, 0xff, 0xff, 0xf0, 0x7, 0xf1,
    0x0, 0x0, 0xcf, 0x0, 0x0, 0x0, 0xdf, 0x0,
    0x7f, 0x10, 0x0, 0xc, 0xf7, 0x77, 0x77, 0x7e,
    0xf0, 0x7, 0xf1, 0x0, 0x0, 0xcf, 0xff, 0xff,
    0xff, 0xff, 0x0, 0x7f, 0x10, 0x0, 0xc, 0xf0,
    0x0, 0x0, 0xd, 0xf0, 0x0, 0x0, 0x0, 0x0,
    0x11, 0x0, 0x0, 0x0, 0x0, 0x0,

    /* U+96C6 "集" */
    0x0, 0x0, 0x0, 0x0, 0x0, 0x0, 0x0, 0x0,
    0x0, 0x0, 0x0, 0x0, 0x1e, 0xc0, 0x6, 0xe5,
    0x0, 0x0, 0x0, 0x0, 0x0, 0x0, 0xaf, 0x70,
    0x2, 0xfd, 0x0, 0x0, 0x0, 0x0, 0x0, 0x6,
    0xff, 0xff, 0xff, 0xff, 0xff, 0xff, 0xfd, 0x0,
    0x0, 0x6f, 0xfa, 0x88, 0x8a, 0xfc, 0x88, 0x88,
    0x87, 0x0, 0x6, 0xff, 0xf7, 0x55, 0x58, 0xfb,
    0x55, 0x55, 0x50, 0x0, 0x3f, 0xfd, 0xff, 0xff,
    0xff, 0xff, 0xff, 0xff, 0xf0, 0x0, 0x6, 0x3a,
    0xf3, 0x0, 0x4, 0xf8, 0x0, 0x0, 0x0, 0x0,
    0x0, 0xa, 0xff, 0xff, 0xff, 0xff, 0xff, 0xff,
    0xf0, 0x0, 0x0, 0xa, 0xf7, 0x55, 0x58, 0xfb,
    0x55, 0x55, 0x50, 0x0, 0x0, 0xa, 0xf8, 0x66,
    0x69, 0xfb, 0x66, 0x66, 0x66, 0x20, 0x0, 0xa,
    0xff, 0xff, 0xff, 0xff, 0xff, 0xff, 0xff, 0x60,
    0x0, 0x9, 0xe3, 0x11, 0x17, 0x61, 0x11, 0x11,
    0x11, 0x0, 0x8, 0x88, 0x88, 0x88, 0x8f, 0xf8,
    0x88, 0x88, 0x88, 0x80, 0xf, 0xff, 0xff, 0xff,
    0xff, 0xff, 0xff, 0xff, 0xff, 0xf0, 0x0, 0x0,
    0x0, 0x7f, 0xff, 0xff, 0xf8, 0x0, 0x0, 0x0,
    0x0, 0x0, 0x5e, 0xfc, 0x2f, 0xe2, 0xcf, 0xe6,
    0x0, 0x0, 0x3, 0x9e, 0xff, 0x80, 0xf, 0xe0,
    0x7, 0xff, 0xf9, 0x40, 0x4f, 0xff, 0x92, 0x0,
    0xf, 0xe0, 0x0, 0x28, 0xef, 0xf2, 0x7, 0x71,
    0x0, 0x0, 0xf, 0xe0, 0x0, 0x0, 0x6, 0x50,

    /* U+96D9 "雙" */
    0x0, 0x0, 0x0, 0x0, 0x0, 0x0, 0x0, 0x0,
    0x0, 0x0, 0x0, 0xb, 0xb3, 0xd5, 0x0, 0x2,
    0xf5, 0x7c, 0x0, 0x0, 0x0, 0x2f, 0x80, 0xec,
    0x0, 0x8, 0xf2, 0x6f, 0x50, 0x0, 0x0, 0x9f,
    0xee, 0xff, 0xeb, 0xe, 0xfe, 0xef, 0xfe, 0x90,
    0x3, 0xff, 0x65, 0xfb, 0x54, 0x9f, 0xc5, 0xaf,
    0x65, 0x30, 0xd, 0xff, 0x43, 0xfa, 0x35, 0xff,
    0xc3, 0x9f, 0x43, 0x0, 0x2f, 0xef, 0xff, 0xff,
    0xee, 0xef, 0xfe, 0xff, 0xfe, 0x30, 0x2, 0x8f,
    0x43, 0xfa, 0x32, 0x2e, 0xc3, 0x9f, 0x43, 0x0,
    0x0, 0x8f, 0xff, 0xff, 0xf5, 0xe, 0xff, 0xff,
    0xff, 0x30, 0x0, 0x8f, 0x21, 0xf9, 0x11, 0xe,
    0xb1, 0x8f, 0x21, 0x10, 0x0, 0x8f, 0xff, 0xff,
    0xff, 0xe, 0xff, 0xff, 0xff, 0xf0, 0x0, 0x1,
    0x11, 0x11, 0x11, 0x1, 0x11, 0x11, 0x11, 0x10,
    0x0, 0xff, 0xff, 0xff, 0xff, 0xff, 0xff, 0xff,
    0x80, 0x0, 0x0, 0x99, 0xcf, 0xe9, 0x99, 0x99,
    0x9c, 0xff, 0x50, 0x0, 0x0, 0x0, 0x2e, 0xfb,
    0x10, 0x0, 0x5f, 0xf7, 0x0, 0x0, 0x0, 0x0,
    0x1, 0xcf, 0xf9, 0x4c, 0xfe, 0x50, 0x0, 0x0,
    0x0, 0x0, 0x0, 0xa, 0xff, 0xff, 0xf5, 0x0,
    0x0, 0x0, 0x3, 0x56, 0x9c, 0xff, 0xfe, 0xcf,
    0xff, 0xfd, 0xa8, 0x60, 0xd, 0xff, 0xff, 0xc7,
    0x30, 0x1, 0x6b, 0xef, 0xff, 0x70, 0x4, 0x74,
    0x20, 0x0, 0x0, 0x0, 0x0, 0x0, 0x35, 0x0,

    /* U+96F2 "雲" */
    0x0, 0x22, 0x22, 0x22, 0x22, 0x22, 0x22, 0x22,
    0x0, 0x0, 0x6f, 0xff, 0xff, 0xff, 0xff, 0xff,
    0xff, 0xf5, 0x0, 0x2, 0x55, 0x55, 0x55, 0xfe,
    0x55, 0x55, 0x55, 0x20, 0x4, 0x77, 0x77, 0x77,
    0x7f, 0xe7, 0x77, 0x77, 0x77, 0x50, 0x9f, 0xff,
    0xff, 0xff, 0xff, 0xff, 0xff, 0xff, 0xfa, 0x9,
    0xf1, 0x0, 0x0, 0xf, 0xd0, 0x0, 0x0, 0x1f,
    0xa0, 0x9f, 0x1f, 0xff, 0xf1, 0xfd, 0x3f, 0xff,
    0xe1, 0xfa, 0x9, 0xe1, 0x33, 0x33, 0xf, 0xd0,
    0x33, 0x33, 0x1e, 0x90, 0x0, 0x6f, 0xff, 0xf1,
    0xfd, 0x3f, 0xff, 0xf6, 0x0, 0x0, 0x2, 0x44,
    0x44, 0xd, 0xc1, 0x44, 0x44, 0x20, 0x0, 0x0,
    0x46, 0x66, 0x66, 0x66, 0x66, 0x66, 0x64, 0x0,
    0x0, 0xa, 0xff, 0xff, 0xff, 0xff, 0xff, 0xff,
    0xb0, 0x0, 0x0, 0x0, 0x0, 0x0, 0x0, 0x0,
    0x0, 0x0, 0x0, 0xf, 0xff, 0xff, 0xff, 0xff,
    0xff, 0xff, 0xff, 0xff, 0xf0, 0x88, 0x88, 0xdf,
    0xf8, 0x88, 0x8b, 0xfd, 0x88, 0x88, 0x0, 0x0,
    0x5f, 0xe3, 0x0, 0x0, 0x3e, 0xf8, 0x0, 0x0,
    0x0, 0x9f, 0xf9, 0x67, 0x78, 0x89, 0xbf, 0xfa,
    0x0, 0x0, 0xc, 0xff, 0xff, 0xff, 0xfe, 0xed,
    0xce, 0xfa, 0x0, 0x0, 0x34, 0x32, 0x11, 0x0,
    0x0, 0x0, 0x19, 0x30, 0x0,

    /* U+96FB "電" */
    0x0, 0x11, 0x11, 0x11, 0x11, 0x11, 0x11, 0x11,
    0x0, 0x0, 0x5f, 0xff, 0xff, 0xff, 0xff, 0xff,
    0xff, 0xf7, 0x0, 0x2, 0x55, 0x55, 0x55, 0xfe,
    0x55, 0x55, 0x55, 0x20, 0x4, 0x66, 0x66, 0x66,
    0x6f, 0xe6, 0x66, 0x66, 0x66, 0x50, 0x9f, 0xee,
    0xee, 0xee, 0xff, 0xee, 0xee, 0xee, 0xfc, 0x9,
    0xf1, 0x33, 0x33, 0xf, 0xd0, 0x33, 0x33, 0xf,
    0xc0, 0x9f, 0x1e, 0xee, 0xe1, 0xfd, 0x1e, 0xee,
    0xe0, 0xfc, 0x5, 0x81, 0x22, 0x22, 0xf, 0xd0,
    0x22, 0x22, 0x18, 0x70, 0x0, 0x5e, 0xee, 0xe1,
    0xfd, 0x1e, 0xee, 0xe8, 0x0, 0x0, 0x3, 0x44,
    0x44, 0x45, 0x54, 0x44, 0x44, 0x40, 0x0, 0x0,
    0xdf, 0xff, 0xff, 0xff, 0xff, 0xff, 0xff, 0x0,
    0x0, 0xd, 0xf0, 0x0, 0x1f, 0xb0, 0x0, 0xd,
    0xf0, 0x0, 0x0, 0xdf, 0xff, 0xff, 0xff, 0xff,
    0xff, 0xff, 0x0, 0x0, 0xd, 0xf3, 0x33, 0x4f,
    0xc3, 0x33, 0x3e, 0xf0, 0x0, 0x0, 0xdf, 0x55,
    0x56, 0xfd, 0x55, 0x55, 0xef, 0x0, 0x0, 0xd,
    0xff, 0xff, 0xff, 0xff, 0xff, 0xff, 0xf2, 0xc3,
    0x0, 0xbc, 0x0, 0x0, 0xfc, 0x0, 0x0, 0x0,
    0x4f, 0x50, 0x0, 0x0, 0x0, 0xe, 0xf8, 0x77,
    0x77, 0x7d, 0xf1, 0x0, 0x0, 0x0, 0x0, 0x4d,
    0xff, 0xff, 0xff, 0xe6, 0x0,

    /* U+9700 "需" */
    0x1, 0x55, 0x55, 0x55, 0x55, 0x55, 0x55, 0x55,
    0x20, 0x4, 0xff, 0xff, 0xff, 0xff, 0xff, 0xff,
    0xff, 0x60, 0x0, 0x11, 0x11, 0x11, 0xef, 0x11,
    0x11, 0x11, 0x0, 0x8e, 0xee, 0xee, 0xee, 0xff,
    0xee, 0xee, 0xee, 0xea, 0x8f, 0x76, 0x66, 0x66,
    0xef, 0x66, 0x66, 0x66, 0xfb, 0x8f, 0x23, 0x33,
    0x30, 0xde, 0x3, 0x33, 0x30, 0xfb, 0x8f, 0x2e,
    0xee, 0xe3, 0xde, 0x2e, 0xee, 0xe2, 0xfb, 0x0,
    0x13, 0x33, 0x30, 0xde, 0x3, 0x33, 0x32, 0x0,
    0x0, 0x6f, 0xff, 0xf3, 0xde, 0x2f, 0xff, 0xf9,
    0x0, 0x0, 0x0, 0x0, 0x0, 0x33, 0x0, 0x0,
    0x0, 0x0, 0xbf, 0xff, 0xff, 0xff, 0xff, 0xff,
    0xff, 0xff, 0xfe, 0x57, 0x77, 0x77, 0x78, 0xfe,
    0x77, 0x77, 0x77, 0x76, 0x1, 0x77, 0x77, 0x7a,
    0xfc, 0x77, 0x77, 0x77, 0x60, 0x2, 0xff, 0xff,
    0xff, 0xff, 0xff, 0xff, 0xff, 0xd0, 0x2, 0xf9,
    0x0, 0xde, 0x0, 0x7f, 0x40, 0xf, 0xd0, 0x2,
    0xf9, 0x0, 0xde, 0x0, 0x7f, 0x40, 0xf, 0xd0,
    0x2, 0xf9, 0x0, 0xde, 0x0, 0x7f, 0x40, 0xf,
    0xd0, 0x2, 0xf9, 0x0, 0xde, 0x0, 0x7f, 0x46,
    0x8f, 0xc0, 0x2, 0xf9, 0x0, 0xbc, 0x0, 0x6d,
    0x37, 0xfe, 0x50, 0x0, 0x0, 0x0, 0x0, 0x0,
    0x0, 0x0, 0x0, 0x0,

    /* U+975E "非" */
    0x0, 0x0, 0x0, 0x76, 0x0, 0x17, 0x50, 0x0,
    0x0, 0x0, 0x0, 0x0, 0x1f, 0xe0, 0x3, 0xfb,
    0x0, 0x0, 0x0, 0x0, 0x0, 0x1, 0xfe, 0x0,
    0x3f, 0xb0, 0x0, 0x0, 0x6, 0xff, 0xff, 0xff,
    0xe0, 0x3, 0xff, 0xff, 0xff, 0xf3, 0x5d, 0xdd,
    0xdd, 0xfe, 0x0, 0x3f, 0xfd, 0xdd, 0xdd, 0x30,
    0x0, 0x0, 0x1f, 0xe0, 0x3, 0xfb, 0x0, 0x0,
    0x0, 0x0, 0x0, 0x1, 0xfe, 0x0, 0x3f, 0xb0,
    0x0, 0x0, 0x1, 0xaa, 0xaa, 0xaf, 0xe0, 0x3,
    0xfe, 0xaa, 0xaa, 0x80, 0x1f, 0xff, 0xff, 0xfe,
    0x0, 0x3f, 0xff, 0xff, 0xfc, 0x0, 0x22, 0x22,
    0x3f, 0xe0, 0x3, 0xfc, 0x22, 0x22, 0x10, 0x0,
    0x0, 0x1, 0xfe, 0x0, 0x3f, 0xb0, 0x0, 0x0,
    0x0, 0x0, 0x0, 0x1f, 0xe0, 0x3, 0xfb, 0x0,
    0x0, 0x0, 0xbc, 0xcc, 0xcd, 0xfe, 0x0, 0x3f,
    0xfd, 0xdd, 0xdd, 0x7d, 0xff, 0xff, 0xff, 0xe0,
    0x3, 0xff, 0xff, 0xff, 0xf9, 0x0, 0x0, 0x1,
    0xfe, 0x0, 0x3f, 0xb0, 0x0, 0x0, 0x0, 0x0,
    0x0, 0x1f, 0xe0, 0x3, 0xfb, 0x0, 0x0, 0x0,
    0x0, 0x0, 0x1, 0xfe, 0x0, 0x3f, 0xb0, 0x0,
    0x0, 0x0, 0x0, 0x0, 0x1f, 0xe0, 0x3, 0xfb,
    0x0, 0x0, 0x0, 0x0, 0x0, 0x1, 0xfd, 0x0,
    0x3f, 0xb0, 0x0, 0x0, 0x0,

    /* U+9762 "面" */
    0xab, 0xbb, 0xbb, 0xbb, 0xbb, 0xbb, 0xbb, 0xbb,
    0xbb, 0xef, 0xff, 0xff, 0xff, 0xff, 0xff, 0xff,
    0xff, 0xff, 0x0, 0x0, 0x0, 0x7, 0xfb, 0x0,
    0x0, 0x0, 0x0, 0x0, 0x0, 0x0, 0xa, 0xf6,
    0x0, 0x0, 0x0, 0x0, 0xb, 0xbb, 0xbb, 0xbf,
    0xfc, 0xbb, 0xbb, 0xbb, 0xb0, 0xf, 0xff, 0xff,
    0xff, 0xff, 0xff, 0xff, 0xff, 0xf0, 0xf, 0xc0,
    0xb, 0xf0, 0x0, 0x4f, 0x70, 0xe, 0xf0, 0xf,
    0xc0, 0xb, 0xf0, 0x0, 0x4f, 0x70, 0xe, 0xf0,
    0xf, 0xc0, 0xb, 0xff, 0xff, 0xff, 0x70, 0xe,
    0xf0, 0xf, 0xc0, 0xb, 0xf7, 0x77, 0x9f, 0x70,
    0xe, 0xf0, 0xf, 0xc0, 0xb, 0xf0, 0x0, 0x4f,
    0x70, 0xe, 0xf0, 0xf, 0xc0, 0xb, 0xf8, 0x88,
    0xaf, 0x70, 0xe, 0xf0, 0xf, 0xc0, 0xb, 0xff,
    0xff, 0xff, 0x70, 0xe, 0xf0, 0xf, 0xc0, 0xb,
    0xf0, 0x0, 0x4f, 0x70, 0xe, 0xf0, 0xf, 0xc0,
    0xb, 0xf0, 0x0, 0x4f, 0x70, 0xe, 0xf0, 0xf,
    0xff, 0xff, 0xff, 0xff, 0xff, 0xff, 0xff, 0xf0,
    0xf, 0xea, 0xaa, 0xaa, 0xaa, 0xaa, 0xaa, 0xaf,
    0xf0, 0xf, 0xc0, 0x0, 0x0, 0x0, 0x0, 0x0,
    0xe, 0xf0,

    /* U+9805 "項" */
    0x0, 0x0, 0x0, 0x3, 0xff, 0xff, 0xff, 0xff,
    0xff, 0xf1, 0x2a, 0xaa, 0xaa, 0xa8, 0x99, 0x99,
    0xef, 0xc9, 0x99, 0x90, 0x3f, 0xff, 0xff, 0xf9,
    0x0, 0x0, 0xef, 0x20, 0x0, 0x0, 0x14, 0x4d,
    0xf5, 0x42, 0x27, 0x77, 0xff, 0x77, 0x77, 0x20,
    0x0, 0xc, 0xf1, 0x0, 0x4f, 0xff, 0xff, 0xff,
    0xff, 0x50, 0x0, 0xc, 0xf1, 0x0, 0x4f, 0x60,
    0x0, 0x0, 0x7f, 0x50, 0x0, 0xc, 0xf1, 0x0,
    0x4f, 0xa5, 0x55, 0x55, 0xaf, 0x50, 0x0, 0xc,
    0xf1, 0x0, 0x4f, 0xff, 0xff, 0xff, 0xff, 0x50,
    0x0, 0xc, 0xf1, 0x0, 0x4f, 0x60, 0x0, 0x0,
    0x7f, 0x50, 0x0, 0xc, 0xf1, 0x0, 0x4f, 0xa5,
    0x55, 0x55, 0xaf, 0x50, 0x0, 0xc, 0xf5, 0x9d,
    0x5f, 0xff, 0xff, 0xff, 0xff, 0x50, 0x1, 0x5e,
    0xff, 0xfd, 0x6f, 0x60, 0x0, 0x0, 0x7f, 0x50,
    0x7f, 0xff, 0xe8, 0x20, 0x4f, 0xb7, 0x77, 0x77,
    0xbf, 0x50, 0x3e, 0x93, 0x0, 0x0, 0x4f, 0xff,
    0xff, 0xff, 0xff, 0x50, 0x0, 0x0, 0x0, 0x0,
    0x1, 0xa6, 0x0, 0x2a, 0x30, 0x0, 0x0, 0x0,
    0x0, 0x1, 0x8f, 0xfb, 0x10, 0x7f, 0xf9, 0x10,
    0x0, 0x0, 0x0, 0x8f, 0xfd, 0x50, 0x0, 0x2,
    0xbf, 0xe2, 0x0, 0x0, 0x0, 0x1a, 0x40, 0x0,
    0x0, 0x0, 0x7, 0x60,

    /* U+9810 "預" */
    0x0, 0x0, 0x0, 0x0, 0x0, 0x0, 0x0, 0x0,
    0x0, 0x0, 0xc, 0xff, 0xff, 0xff, 0x9f, 0xff,
    0xff, 0xff, 0xff, 0xf3, 0x8, 0xaa, 0xaa, 0xff,
    0x79, 0x99, 0x9f, 0xfa, 0x99, 0x92, 0x0, 0x31,
    0x7, 0xfb, 0x0, 0x0, 0x1f, 0xd0, 0x0, 0x0,
    0x1, 0xff, 0xaf, 0xc0, 0x3, 0xff, 0xff, 0xff,
    0xff, 0x90, 0x0, 0x4d, 0xff, 0x30, 0x3, 0xfc,
    0x77, 0x77, 0x9f, 0x90, 0x0, 0x0, 0x9f, 0xf2,
    0x3, 0xf8, 0x0, 0x0, 0x3f, 0x90, 0x39, 0x99,
    0x9e, 0xfa, 0x96, 0xfe, 0xbb, 0xbb, 0xcf, 0x90,
    0x5f, 0xff, 0xff, 0xff, 0xf7, 0xfd, 0x99, 0x99,
    0xbf, 0x90, 0x0, 0x1, 0xfc, 0xb, 0xe3, 0xf8,
    0x0, 0x0, 0x3f, 0x90, 0x0, 0x1, 0xfb, 0xe,
    0xa3, 0xfb, 0x66, 0x66, 0x9f, 0x90, 0x0, 0x1,
    0xfb, 0x4f, 0x43, 0xff, 0xee, 0xee, 0xef, 0x90,
    0x0, 0x1, 0xfb, 0x4, 0x3, 0xf8, 0x0, 0x0,
    0x3f, 0x90, 0x0, 0x1, 0xfb, 0x0, 0x3, 0xfc,
    0x77, 0x77, 0x9f, 0x90, 0x0, 0x1, 0xfb, 0x0,
    0x3, 0xff, 0xff, 0xff, 0xff, 0x90, 0x0, 0x1,
    0xfb, 0x0, 0x0, 0x7, 0x30, 0x3, 0x70, 0x0,
    0x0, 0x1, 0xfb, 0x0, 0x2, 0xbf, 0xd1, 0xd,
    0xfb, 0x10, 0x6, 0xcd, 0xfa, 0x1, 0x9f, 0xfa,
    0x10, 0x0, 0x9f, 0xe2, 0x3, 0xff, 0xc2, 0x0,
    0xcc, 0x40, 0x0, 0x0, 0x7, 0xd3, 0x0, 0x0,
    0x0, 0x0, 0x0, 0x0, 0x0, 0x0, 0x0, 0x0,

    /* U+982D "頭" */
    0xc, 0xcc, 0xcc, 0xcc, 0xb7, 0xee, 0xee, 0xee,
    0xee, 0xe4, 0xf, 0xff, 0xff, 0xff, 0xe5, 0xaa,
    0xaf, 0xfc, 0xaa, 0xa3, 0x0, 0x0, 0x0, 0x0,
    0x0, 0x0, 0x1f, 0xf0, 0x0, 0x0, 0x3, 0x77,
    0x77, 0x77, 0x30, 0xbb, 0xcf, 0xfb, 0xbb, 0x80,
    0x7, 0xff, 0xff, 0xff, 0x70, 0xfe, 0xaa, 0xaa,
    0xaf, 0xb0, 0x7, 0xf3, 0x0, 0x3f, 0x70, 0xfc,
    0x0, 0x0, 0x1f, 0xb0, 0x7, 0xf2, 0x0, 0x3f,
    0x70, 0xfd, 0x66, 0x66, 0x7f, 0xb0, 0x7, 0xf5,
    0x33, 0x6f, 0x70, 0xff, 0xee, 0xee, 0xef, 0xb0,
    0x7, 0xff, 0xff, 0xff, 0x70, 0xfc, 0x0, 0x0,
    0x1f, 0xb0, 0x2, 0x44, 0x44, 0x64, 0x20, 0xfd,
    0x66, 0x66, 0x7f, 0xb0, 0x0, 0xd9, 0x0, 0xee,
    0x0, 0xff, 0xee, 0xee, 0xef, 0xb0, 0x0, 0xce,
    0x1, 0xfa, 0x0, 0xfc, 0x0, 0x0, 0x1f, 0xb0,
    0x0, 0x8f, 0x14, 0xf5, 0x0, 0xfe, 0x77, 0x77,
    0x8f, 0xb0, 0x0, 0x5a, 0x16, 0xf6, 0x81, 0xff,
    0xff, 0xff, 0xff, 0xb0, 0x1, 0x47, 0xae, 0xff,
    0xf2, 0x6, 0x70, 0x1, 0x70, 0x0, 0x3f, 0xff,
    0xfd, 0x96, 0x22, 0xaf, 0xe3, 0x9, 0xfd, 0x30,
    0xb, 0x84, 0x10, 0x0, 0xaf, 0xfa, 0x10, 0x0,
    0x6f, 0xf5, 0x0, 0x0, 0x0, 0x0, 0x4a, 0x30,
    0x0, 0x0, 0x3, 0xa1,

    /* U+9854 "顔" */
    0x0, 0x0, 0x7e, 0x20, 0x0, 0x0, 0x0, 0x0,
    0x0, 0x0, 0x0, 0x0, 0x5f, 0x90, 0x0, 0xff,
    0xff, 0xff, 0xff, 0xf1, 0xd, 0xee, 0xef, 0xfe,
    0xec, 0x99, 0x9c, 0xfc, 0x99, 0x90, 0x7, 0xae,
    0x98, 0x8f, 0xc6, 0x0, 0x9, 0xf3, 0x0, 0x0,
    0x0, 0x4f, 0x60, 0x3f, 0x80, 0x6f, 0xff, 0xff,
    0xff, 0xa0, 0x0, 0x1f, 0xa0, 0x9f, 0x20, 0x6f,
    0x97, 0x77, 0x7f, 0xb0, 0x6, 0xcf, 0xcc, 0xff,
    0xcb, 0x6f, 0x30, 0x0, 0xf, 0xb0, 0x8, 0xff,
    0xff, 0xff, 0xfe, 0x6f, 0x97, 0x77, 0x7f, 0xb0,
    0x8, 0xf3, 0x11, 0x4a, 0x41, 0x6f, 0xee, 0xee,
    0xef, 0xb0, 0x8, 0xf2, 0x29, 0xfc, 0x20, 0x6f,
    0x30, 0x0, 0xf, 0xb0, 0x8, 0xf8, 0xfe, 0x70,
    0x0, 0x6f, 0x86, 0x66, 0x6f, 0xb0, 0x8, 0xf2,
    0x40, 0x1b, 0xa0, 0x6f, 0xfe, 0xee, 0xef, 0xb0,
    0x9, 0xf0, 0x7, 0xee, 0x30, 0x6f, 0x30, 0x0,
    0xf, 0xb0, 0xa, 0xf5, 0xff, 0x91, 0x20, 0x6f,
    0x97, 0x77, 0x7f, 0xb0, 0xc, 0xe0, 0x71, 0x5,
    0xf9, 0x6f, 0xff, 0xff, 0xff, 0xa0, 0xf, 0xb0,
    0x0, 0x7f, 0xd1, 0x2, 0xb3, 0x2, 0x91, 0x0,
    0x5f, 0x70, 0x7e, 0xfb, 0x0, 0x6f, 0xf6, 0x6,
    0xfe, 0x30, 0x3e, 0x1c, 0xfc, 0x40, 0x2d, 0xfe,
    0x40, 0x0, 0x4f, 0xf4, 0x1, 0x2, 0x40, 0x0,
    0x9, 0x70, 0x0, 0x0, 0x3, 0x90,

    /* U+985E "類" */
    0x1, 0x40, 0x7c, 0x3, 0x51, 0x22, 0x22, 0x22,
    0x22, 0x20, 0x7, 0xf2, 0x9f, 0x1a, 0xf6, 0xff,
    0xff, 0xff, 0xff, 0xf5, 0x0, 0xf8, 0x9f, 0x2f,
    0x72, 0x77, 0x7d, 0xfa, 0x77, 0x72, 0x6, 0x96,
    0xcf, 0x79, 0x73, 0x0, 0xe, 0xf0, 0x0, 0x0,
    0xf, 0xff, 0xff, 0xff, 0xf7, 0x9d, 0xdf, 0xfd,
    0xdd, 0x90, 0x1, 0x1b, 0xff, 0x91, 0x10, 0xbf,
    0x99, 0x99, 0x9f, 0xb0, 0x0, 0x8f, 0xef, 0xfd,
    0x40, 0xbf, 0x0, 0x0, 0x1f, 0xb0, 0x1b, 0xf8,
    0x9f, 0x3d, 0xf5, 0xbf, 0xcc, 0xcc, 0xdf, 0xb0,
    0x1e, 0x90, 0x9f, 0x10, 0x80, 0xbf, 0x98, 0x88,
    0x9f, 0xb0, 0x1, 0x0, 0x35, 0x3d, 0x30, 0xbf,
    0x0, 0x0, 0x1f, 0xb0, 0x0, 0x0, 0x9f, 0x2c,
    0xe2, 0xbf, 0x77, 0x77, 0x8f, 0xb0, 0x5, 0x55,
    0xcf, 0x66, 0xd3, 0xbf, 0xee, 0xee, 0xef, 0xb0,
    0xf, 0xff, 0xff, 0xff, 0xf8, 0xbf, 0x0, 0x0,
    0x1f, 0xb0, 0x2, 0x22, 0xdf, 0x32, 0x21, 0xbf,
    0x87, 0x77, 0x8f, 0xb0, 0x0, 0x3, 0xff, 0xd3,
    0x0, 0xaf, 0xff, 0xff, 0xff, 0xa0, 0x0, 0x1d,
    0xf9, 0xff, 0x60, 0x4, 0x91, 0x2, 0x81, 0x0,
    0x5, 0xef, 0x90, 0x2e, 0xe3, 0x9f, 0xf4, 0x8,
    0xfe, 0x30, 0x2f, 0xf7, 0x0, 0x1, 0x9f, 0xfc,
    0x20, 0x0, 0x4f, 0xf5, 0x4, 0x20, 0x0, 0x0,
    0x1b, 0x50, 0x0, 0x0, 0x2, 0xa1,

    /* U+986F "顯" */
    0x0, 0x0, 0x0, 0x0, 0x0, 0x0, 0x0, 0x0,
    0x0, 0x0, 0x8, 0xff, 0xff, 0xff, 0xff, 0x3f,
    0xff, 0xff, 0xff, 0xd0, 0x8, 0xf4, 0x22, 0x22,
    0xaf, 0x29, 0x9a, 0xfd, 0x99, 0x80, 0x8, 0xfb,
    0xbb, 0xbb, 0xdf, 0x10, 0x4, 0xf7, 0x0, 0x0,
    0x8, 0xf6, 0x55, 0x55, 0xbf, 0x18, 0xff, 0xff,
    0xff, 0x70, 0x8, 0xf7, 0x66, 0x66, 0xbf, 0x19,
    0xf8, 0x88, 0x8f, 0x70, 0x6, 0xec, 0xbb, 0xbe,
    0xcb, 0x9, 0xe0, 0x0, 0x1f, 0x70, 0x1, 0xf7,
    0x0, 0x1f, 0x80, 0x9, 0xfe, 0xee, 0xff, 0x70,
    0x8, 0xe2, 0xc3, 0x8e, 0x2c, 0x59, 0xf6, 0x66,
    0x7f, 0x70, 0x3f, 0xdd, 0xe5, 0xfe, 0xef, 0x29,
    0xe0, 0x0, 0x1f, 0x70, 0xb, 0xcf, 0x50, 0xac,
    0xf6, 0x9, 0xfe, 0xee, 0xef, 0x70, 0x1, 0xea,
    0xd1, 0x2f, 0x9c, 0x69, 0xf6, 0x66, 0x7f, 0x70,
    0x1c, 0xf7, 0xe8, 0xdf, 0xae, 0xd9, 0xe0, 0x0,
    0x1f, 0x70, 0x3f, 0xff, 0xec, 0xff, 0xdc, 0xfc,
    0xf7, 0x77, 0x8f, 0x70, 0x4, 0x10, 0x23, 0x30,
    0x76, 0x6a, 0xff, 0xff, 0xff, 0x70, 0x7, 0xf3,
    0xe3, 0xf6, 0x8e, 0x10, 0x36, 0x0, 0x61, 0x0,
    0xc, 0xd1, 0xf5, 0xbb, 0x1f, 0x64, 0xff, 0x33,
    0xfd, 0x20, 0x4f, 0x70, 0xf7, 0x7c, 0x3, 0xaf,
    0xe3, 0x0, 0x4f, 0xd1, 0x2a, 0x0, 0x73, 0x0,
    0x0, 0x6a, 0x10, 0x0, 0x5, 0x80,

    /* U+9879 "项" */
    0x0, 0x0, 0x0, 0x0, 0x0, 0x0, 0x0, 0x0,
    0x0, 0x0, 0x0, 0x0, 0x0, 0x7, 0xff, 0xff,
    0xff, 0xff, 0xff, 0xf1, 0x29, 0x99, 0x99, 0x97,
    0xaa, 0xab, 0xff, 0xaa, 0xaa, 0xa0, 0x3f, 0xff,
    0xff, 0xf3, 0x0, 0x7, 0xfa, 0x0, 0x0, 0x0,
    0x0, 0xc, 0xf2, 0x0, 0x8a, 0xae, 0xfb, 0xaa,
    0xa9, 0x0, 0x0, 0xc, 0xf1, 0x0, 0xdf, 0xff,
    0xff, 0xff, 0xfe, 0x0, 0x0, 0xc, 0xf1, 0x0,
    0xdf, 0x0, 0x0, 0x0, 0xfe, 0x0, 0x0, 0xc,
    0xf1, 0x0, 0xdf, 0x0, 0xef, 0x0, 0xfe, 0x0,
    0x0, 0xc, 0xf1, 0x0, 0xdf, 0x0, 0xef, 0x0,
    0xfe, 0x0, 0x0, 0xc, 0xf1, 0x0, 0xdf, 0x0,
    0xef, 0x0, 0xfe, 0x0, 0x0, 0xc, 0xf1, 0x0,
    0xdf, 0x0, 0xef, 0x0, 0xfe, 0x0, 0x0, 0xc,
    0xf8, 0xb5, 0xdf, 0x0, 0xff, 0x0, 0xfe, 0x0,
    0x15, 0x9f, 0xff, 0xf5, 0xdf, 0x1, 0xfd, 0x0,
    0xfe, 0x0, 0x6f, 0xff, 0xb5, 0x0, 0xac, 0x7,
    0xf9, 0x0, 0xba, 0x0, 0x2b, 0x61, 0x0, 0x0,
    0x0, 0x2e, 0xf2, 0x98, 0x0, 0x0, 0x0, 0x0,
    0x0, 0x0, 0x4, 0xef, 0x71, 0xcf, 0xd3, 0x0,
    0x0, 0x0, 0x0, 0x5, 0xcf, 0xf7, 0x0, 0x7,
    0xff, 0x60, 0x0, 0x0, 0x0, 0x8f, 0xfa, 0x20,
    0x0, 0x0, 0x3e, 0xd0, 0x0, 0x0, 0x0, 0x6,
    0x10, 0x0, 0x0, 0x0, 0x2, 0x10,

    /* U+9891 "频" */
    0x0, 0x0, 0xb, 0xb0, 0x0, 0x0, 0x0, 0x0,
    0x0, 0x0, 0x0, 0x10, 0xd, 0xd0, 0x0, 0x7a,
    0xaa, 0xaa, 0xaa, 0xa0, 0x0, 0xe9, 0xd, 0xe8,
    0x85, 0x9e, 0xee, 0xff, 0xee, 0xe1, 0x0, 0xe9,
    0xd, 0xff, 0xf9, 0x0, 0x3, 0xf9, 0x0, 0x0,
    0x0, 0xe9, 0xd, 0xd0, 0x0, 0x1, 0x19, 0xf5,
    0x11, 0x10, 0x0, 0xe9, 0xd, 0xd0, 0x0, 0x3f,
    0xff, 0xff, 0xff, 0x90, 0x3b, 0xfe, 0xbf, 0xfb,
    0xbb, 0x3f, 0x95, 0x55, 0x6f, 0x90, 0x4f, 0xff,
    0xff, 0xff, 0xff, 0x4f, 0x51, 0xc5, 0x1f, 0x90,
    0x0, 0x0, 0x4f, 0x70, 0x0, 0x3f, 0x51, 0xf6,
    0x1f, 0x90, 0x0, 0xaa, 0x4f, 0x70, 0x76, 0x3f,
    0x52, 0xf6, 0x1f, 0x90, 0x1, 0xf9, 0x4f, 0x70,
    0xfb, 0x3f, 0x52, 0xf5, 0x1f, 0x90, 0x8, 0xf3,
    0x4f, 0x75, 0xf5, 0x3f, 0x53, 0xf4, 0x1f, 0x90,
    0x2f, 0xb0, 0x4f, 0x8d, 0xf0, 0x3f, 0x55, 0xf3,
    0x1f, 0x90, 0x8, 0x20, 0x4f, 0xef, 0x70, 0x3f,
    0x58, 0xf0, 0x1f, 0x90, 0x0, 0x0, 0x6, 0xfc,
    0x0, 0x4, 0x2d, 0xc5, 0x3, 0x20, 0x0, 0x0,
    0x8f, 0xe2, 0x0, 0x0, 0x8f, 0x9f, 0xd2, 0x0,
    0x1, 0x7d, 0xfc, 0x10, 0x0, 0x2a, 0xfb, 0x4,
    0xef, 0x40, 0xe, 0xfe, 0x70, 0x0, 0xa, 0xff,
    0x90, 0x0, 0x2d, 0xf3, 0x5, 0x60, 0x0, 0x0,
    0x5, 0x82, 0x0, 0x0, 0x1, 0x60,

    /* U+99D5 "駕" */
    0x0, 0x0, 0xcb, 0x0, 0x0, 0x0, 0x0, 0x0,
    0x0, 0x0, 0x67, 0x7f, 0xe7, 0x77, 0x70, 0xde,
    0xee, 0xee, 0xe1, 0xd, 0xff, 0xff, 0xff, 0xff,
    0xe, 0xe8, 0x88, 0xef, 0x10, 0x0, 0xaf, 0x30,
    0xe, 0xe0, 0xec, 0x0, 0xc, 0xf1, 0x0, 0x4f,
    0xc0, 0x2, 0xfc, 0xe, 0xd5, 0x55, 0xdf, 0x10,
    0x7f, 0xe2, 0x2f, 0xff, 0x60, 0xef, 0xff, 0xff,
    0xf1, 0x2f, 0xc2, 0x1, 0x67, 0x40, 0x2, 0x22,
    0x22, 0x22, 0x0, 0x10, 0xcf, 0xff, 0xff, 0xff,
    0xff, 0xff, 0xff, 0x40, 0x0, 0xc, 0xf2, 0x11,
    0x16, 0xf8, 0x11, 0x11, 0x10, 0x0, 0x0, 0xcf,
    0xff, 0xff, 0xff, 0xff, 0xff, 0xf6, 0x0, 0x0,
    0xc, 0xf2, 0x11, 0x16, 0xf8, 0x11, 0x11, 0x0,
    0x0, 0x0, 0xcf, 0xfe, 0xee, 0xff, 0xfe, 0xee,
    0xe6, 0x0, 0x0, 0xc, 0xf2, 0x11, 0x16, 0xf8,
    0x11, 0x11, 0x0, 0x0, 0x0, 0xcf, 0xee, 0xee,
    0xef, 0xfe, 0xee, 0xee, 0xe5, 0x0, 0x5, 0x66,
    0x66, 0x66, 0x66, 0x79, 0x66, 0xdf, 0x40, 0x9,
    0xe2, 0x5c, 0x10, 0xc8, 0xc, 0xe1, 0xd, 0xf3,
    0x3, 0xfb, 0x6, 0xf5, 0xb, 0xe0, 0x3f, 0x90,
    0xff, 0x1, 0xef, 0x20, 0x3f, 0x80, 0x5f, 0x40,
    0x78, 0x9f, 0xc0, 0x8, 0x60, 0x1, 0x94, 0x0,
    0x40, 0x0, 0xff, 0xe4, 0x0, 0x0, 0x0, 0x0,
    0x0, 0x0, 0x0, 0x0, 0x0, 0x0,

    /* U+99DB "駛" */
    0x0, 0x0, 0x0, 0x0, 0x0, 0x0, 0x9, 0xa0,
    0x0, 0x0, 0x8, 0xff, 0xff, 0xff, 0xc0, 0x0,
    0xd, 0xe0, 0x0, 0x0, 0x8, 0xf8, 0x9f, 0xa7,
    0x60, 0x0, 0xd, 0xe0, 0x0, 0x0, 0x8, 0xf1,
    0x3f, 0x50, 0x6, 0xbb, 0xbf, 0xfb, 0xbb, 0x80,
    0x8, 0xff, 0xff, 0xff, 0x69, 0xfd, 0xdf, 0xfd,
    0xdf, 0xc0, 0x8, 0xf7, 0x8f, 0x96, 0x29, 0xf1,
    0xd, 0xe0, 0xf, 0xc0, 0x8, 0xf1, 0x3f, 0x50,
    0x9, 0xf1, 0xd, 0xe0, 0xf, 0xc0, 0x8, 0xff,
    0xff, 0xff, 0x59, 0xf1, 0xd, 0xe0, 0xf, 0xc0,
    0x8, 0xf8, 0x9f, 0xa7, 0x39, 0xf8, 0x7e, 0xf7,
    0x7f, 0xc0, 0x8, 0xf1, 0x3f, 0x50, 0x9, 0xff,
    0xff, 0xff, 0xff, 0xc0, 0x8, 0xff, 0xff, 0xff,
    0xf0, 0x31, 0xe, 0xd0, 0x0, 0x0, 0x4, 0x88,
    0x88, 0x8d, 0xf4, 0xf8, 0xf, 0xb0, 0x0, 0x0,
    0x2, 0x1, 0x34, 0x6a, 0xe0, 0xef, 0x3f, 0xa0,
    0x0, 0x0, 0xc, 0x7d, 0x96, 0xdb, 0xd0, 0x7f,
    0xdf, 0x60, 0x0, 0x0, 0xe, 0x3e, 0x59, 0xaf,
    0xc0, 0xc, 0xff, 0x10, 0x0, 0x0, 0x1f, 0x1e,
    0x3b, 0x1e, 0xa0, 0x8, 0xff, 0x91, 0x0, 0x0,
    0x5d, 0xd, 0x2, 0xf, 0x90, 0x7f, 0xee, 0xfe,
    0x72, 0x0, 0x38, 0x0, 0x37, 0xaf, 0x8d, 0xfe,
    0x30, 0x9f, 0xff, 0xd1, 0x0, 0x0, 0x3f, 0xfb,
    0xb, 0x91, 0x0, 0x2, 0x7d, 0xa0, 0x0, 0x0,
    0x0, 0x0, 0x0, 0x0, 0x0, 0x0, 0x0, 0x0,

    /* U+9A13 "験" */
    0x0, 0x0, 0x0, 0x0, 0x0, 0x0, 0xc, 0xd5,
    0x0, 0x0, 0x1, 0xff, 0xff, 0xff, 0xf0, 0x0,
    0x8f, 0xff, 0x20, 0x0, 0x1, 0xfb, 0x8f, 0xc8,
    0x80, 0x6, 0xfb, 0x3f, 0xd1, 0x0, 0x1, 0xf7,
    0x1f, 0x91, 0x0, 0x6f, 0xe1, 0x6, 0xfd, 0x20,
    0x1, 0xff, 0xff, 0xff, 0x89, 0xfe, 0x20, 0x0,
    0x6f, 0xf6, 0x1, 0xfa, 0x5f, 0xb5, 0x6f, 0xdd,
    0xff, 0xff, 0xfb, 0xf7, 0x1, 0xf7, 0x1f, 0x91,
    0x5, 0x6, 0x8c, 0xf9, 0x83, 0x20, 0x1, 0xff,
    0xff, 0xff, 0x70, 0x0, 0x8, 0xf3, 0x0, 0x0,
    0x1, 0xfa, 0x6f, 0xb6, 0x31, 0xff, 0xff, 0xff,
    0xff, 0xe0, 0x1, 0xf6, 0xf, 0x80, 0x1, 0xfa,
    0x5b, 0xf7, 0x5d, 0xe0, 0x1, 0xff, 0xff, 0xff,
    0xf6, 0xf7, 0x9, 0xf2, 0xb, 0xe0, 0x0, 0x77,
    0x77, 0x7b, 0xf5, 0xfa, 0x5c, 0xf6, 0x5d, 0xe0,
    0x2, 0x31, 0x23, 0x87, 0xf4, 0xff, 0xff, 0xff,
    0xff, 0xe0, 0x6, 0xcd, 0x78, 0xd9, 0xf2, 0x11,
    0x4f, 0xff, 0x21, 0x10, 0x7, 0xab, 0x5c, 0x7f,
    0xf1, 0x0, 0xaf, 0xaf, 0x90, 0x0, 0xa, 0x8a,
    0x3e, 0x1b, 0xf0, 0x7, 0xfd, 0xb, 0xf3, 0x0,
    0xf, 0x59, 0x22, 0xd, 0xd0, 0x8f, 0xf2, 0x2,
    0xff, 0x40, 0x1a, 0x0, 0x6, 0x8f, 0xdd, 0xfe,
    0x30, 0x0, 0x6f, 0xf7, 0x0, 0x0, 0xb, 0xfd,
    0x3a, 0xa1, 0x0, 0x0, 0x4, 0xc1, 0x0, 0x0,
    0x0, 0x0, 0x0, 0x0, 0x0, 0x0, 0x0, 0x0,

    /* U+9A57 "驗" */
    0x0, 0x0, 0x0, 0x0, 0x0, 0x0, 0x0, 0x0,
    0x0, 0x0, 0x0, 0x0, 0x0, 0x0, 0x0, 0x0,
    0x2e, 0xa0, 0x0, 0x0, 0x6, 0xff, 0xff, 0xff,
    0x50, 0x0, 0xcf, 0xe3, 0x0, 0x0, 0x6, 0xf8,
    0xbf, 0x88, 0x30, 0xb, 0xf9, 0xdf, 0x50, 0x0,
    0x6, 0xf1, 0x5f, 0x10, 0x3, 0xdf, 0x70, 0x1c,
    0xfb, 0x20, 0x6, 0xfd, 0xef, 0xdd, 0x7f, 0xfc,
    0x66, 0x67, 0xef, 0xf2, 0x6, 0xf9, 0xbf, 0x99,
    0x8d, 0x8f, 0xff, 0xff, 0xb5, 0xb0, 0x6, 0xf1,
    0x5f, 0x10, 0x0, 0x0, 0x0, 0x0, 0x0, 0x0,
    0x6, 0xfb, 0xdf, 0xbb, 0x15, 0x55, 0x51, 0x55,
    0x55, 0x20, 0x6, 0xfc, 0xdf, 0xcc, 0x1e, 0xed,
    0xf4, 0xde, 0xdf, 0x60, 0x6, 0xf1, 0x5f, 0x10,
    0xe, 0x50, 0xf4, 0xd6, 0xf, 0x60, 0x6, 0xfc,
    0xdf, 0xcc, 0x5e, 0x61, 0xf4, 0xd7, 0x1f, 0x60,
    0x4, 0xbb, 0xbb, 0xbf, 0x7e, 0xff, 0xf4, 0xdf,
    0xff, 0x60, 0x2, 0x0, 0x38, 0x1f, 0x62, 0x44,
    0x20, 0x25, 0x52, 0x0, 0xb, 0x9a, 0xd9, 0x7f,
    0x60, 0xaf, 0x10, 0xb, 0xf1, 0x0, 0xd, 0x6b,
    0xb5, 0xdf, 0x50, 0xfd, 0x0, 0xf, 0xd0, 0x0,
    0x1f, 0x3c, 0x85, 0x5f, 0x45, 0xff, 0xb0, 0x4f,
    0xd1, 0x0, 0x4d, 0x1b, 0x21, 0x4f, 0x3d, 0xe8,
    0xfa, 0xdf, 0xfe, 0x30, 0x26, 0x0, 0x16, 0xbf,
    0xaf, 0x60, 0x6a, 0xf9, 0x5f, 0xe0, 0x0, 0x0,
    0xf, 0xe8, 0x7a, 0x0, 0x4, 0xc0, 0x4, 0x40,
    0x0, 0x0, 0x0, 0x0, 0x0, 0x0, 0x0, 0x0,
    0x0, 0x0,

    /* U+9A76 "驶" */
    0x0, 0x0, 0x0, 0x0, 0x0, 0x0, 0xa, 0x70,
    0x0, 0x0, 0x7, 0xcc, 0xcc, 0xc9, 0x0, 0x0,
    0xf, 0xb0, 0x0, 0x0, 0x9, 0xee, 0xee, 0xfb,
    0x0, 0x0, 0xf, 0xb0, 0x0, 0x0, 0x0, 0x0,
    0x1, 0xfa, 0x9, 0xaa, 0xaf, 0xea, 0xaa, 0x70,
    0x1, 0xf8, 0x2, 0xf9, 0xe, 0xff, 0xff, 0xff,
    0xff, 0xa0, 0x2, 0xf7, 0x3, 0xf7, 0xe, 0xb0,
    0xf, 0xb0, 0x1f, 0xa0, 0x3, 0xf5, 0x5, 0xf6,
    0xe, 0xb0, 0xf, 0xb0, 0x1f, 0xa0, 0x4, 0xf3,
    0x6, 0xf4, 0xe, 0xb0, 0xf, 0xb0, 0x1f, 0xa0,
    0x6, 0xf2, 0x8, 0xf3, 0xe, 0xd6, 0x7f, 0xd6,
    0x7f, 0xa0, 0x7, 0xf9, 0x8d, 0xf9, 0x4e, 0xff,
    0xff, 0xff, 0xff, 0xa0, 0x9, 0xff, 0xff, 0xff,
    0x72, 0x42, 0x4f, 0xa2, 0x22, 0x10, 0x0, 0x0,
    0x0, 0x4f, 0x6a, 0xf2, 0x4f, 0x70, 0x0, 0x0,
    0x0, 0x0, 0x0, 0x5f, 0x42, 0xfc, 0x8f, 0x40,
    0x0, 0x0, 0x0, 0x47, 0xbf, 0x8f, 0x30, 0x7f,
    0xff, 0x0, 0x0, 0x0, 0x3f, 0xff, 0xfb, 0xaf,
    0x10, 0xc, 0xfd, 0x0, 0x0, 0x0, 0x1c, 0x84,
    0x0, 0xbf, 0x0, 0x3f, 0xff, 0xd4, 0x0, 0x0,
    0x0, 0x0, 0x0, 0xfc, 0x4, 0xef, 0x69, 0xff,
    0xa4, 0x0, 0x0, 0x8, 0x8c, 0xf7, 0xbf, 0xf5,
    0x0, 0x4e, 0xff, 0xe1, 0x0, 0xa, 0xff, 0xb0,
    0x7b, 0x20, 0x0, 0x0, 0x4b, 0x80, 0x0, 0x0,
    0x0, 0x0, 0x0, 0x0, 0x0, 0x0, 0x0, 0x0,

    /* U+9A7E "驾" */
    0x0, 0x0, 0x7d, 0x20, 0x0, 0x0, 0x0, 0x0,
    0x0, 0x0, 0x34, 0x4c, 0xf5, 0x44, 0x40, 0xbc,
    0xcc, 0xcc, 0xc0, 0xb, 0xff, 0xff, 0xff, 0xff,
    0xe, 0xe9, 0x99, 0xef, 0x0, 0x22, 0x7f, 0xb2,
    0x2d, 0xf0, 0xec, 0x0, 0xb, 0xf0, 0x0, 0xd,
    0xf4, 0x0, 0xfc, 0xe, 0xc0, 0x0, 0xbf, 0x0,
    0x2c, 0xfb, 0x3a, 0xbf, 0x90, 0xef, 0xdd, 0xdf,
    0xf0, 0x1f, 0xfc, 0x1, 0xbc, 0x81, 0x7, 0x88,
    0x88, 0x88, 0x0, 0x76, 0x0, 0x0, 0x0, 0x0,
    0x0, 0x1, 0x0, 0x0, 0x0, 0x8, 0xff, 0xff,
    0xff, 0xff, 0xff, 0xfd, 0x0, 0x0, 0x0, 0x5a,
    0xaa, 0xaa, 0xaa, 0xaa, 0xcf, 0xa0, 0x0, 0x0,
    0x0, 0x2f, 0xb0, 0x0, 0x0, 0x8, 0xf6, 0x0,
    0x0, 0x0, 0x6, 0xf8, 0x0, 0x0, 0x0, 0xcf,
    0x30, 0x0, 0x0, 0x0, 0xaf, 0xff, 0xff, 0xff,
    0xff, 0xff, 0xff, 0x70, 0x0, 0x6, 0x66, 0x66,
    0x66, 0x66, 0x66, 0x6b, 0xf6, 0x3, 0x77, 0x77,
    0x77, 0x77, 0x77, 0x77, 0x30, 0x9f, 0x40, 0x7f,
    0xff, 0xff, 0xff, 0xff, 0xff, 0xf7, 0xb, 0xf2,
    0x0, 0x0, 0x0, 0x0, 0x0, 0x0, 0x0, 0x0,
    0xef, 0x0, 0x0, 0x0, 0x0, 0x0, 0x0, 0x0,
    0x88, 0xaf, 0xb0, 0x0, 0x0, 0x0, 0x0, 0x0,
    0x0, 0xa, 0xff, 0xc2, 0x0, 0x0, 0x0, 0x0,
    0x0, 0x0, 0x0, 0x0, 0x0, 0x0,

    /* U+9A8C "验" */
    0x0, 0x0, 0x0, 0x0, 0x0, 0x0, 0x0, 0x0,
    0x0, 0x0, 0x0, 0x0, 0x0, 0x0, 0x0, 0x0,
    0x2e, 0x70, 0x0, 0x0, 0xd, 0xff, 0xff, 0xf7,
    0x0, 0x0, 0xaf, 0x90, 0x0, 0x0, 0x7, 0x99,
    0x9a, 0xf6, 0x0, 0x5, 0xff, 0xf5, 0x0, 0x0,
    0x0, 0x0, 0x3, 0xf5, 0x0, 0x2f, 0xe3, 0xef,
    0x40, 0x0, 0x1, 0xf7, 0x4, 0xf4, 0x2, 0xef,
    0x30, 0x3f, 0xf5, 0x0, 0x2, 0xf7, 0x6, 0xf3,
    0x3e, 0xf5, 0x0, 0x3, 0xff, 0x80, 0x3, 0xf5,
    0x7, 0xf6, 0xff, 0x9a, 0xaa, 0xaa, 0xbf, 0xf5,
    0x4, 0xf4, 0x9, 0xf1, 0xc3, 0x5f, 0xff, 0xff,
    0xa2, 0xb0, 0x5, 0xf3, 0xa, 0xf0, 0x0, 0x0,
    0x0, 0x0, 0x0, 0x0, 0x7, 0xf9, 0x8e, 0xf8,
    0x32, 0x50, 0x1b, 0x40, 0x7, 0x50, 0x8, 0xff,
    0xff, 0xff, 0x58, 0xf1, 0xf, 0x80, 0x2f, 0xa0,
    0x0, 0x0, 0x0, 0x5f, 0x43, 0xf6, 0xc, 0xc0,
    0x7f, 0x30, 0x0, 0x0, 0x13, 0x6f, 0x30, 0xfa,
    0xa, 0xe0, 0xdd, 0x0, 0x15, 0x9d, 0xfe, 0x7f,
    0x20, 0xbd, 0x7, 0xe4, 0xf6, 0x0, 0x4f, 0xeb,
    0x62, 0x9f, 0x0, 0x55, 0x0, 0xa, 0xe0, 0x0,
    0x3, 0x0, 0x0, 0xbe, 0x0, 0x0, 0x0, 0x1f,
    0x70, 0x0, 0x0, 0x0, 0x0, 0xec, 0x4f, 0xff,
    0xff, 0xff, 0xff, 0xf0, 0x0, 0x9, 0x8a, 0xf8,
    0x2a, 0xaa, 0xaa, 0xaa, 0xaa, 0xa0, 0x0, 0xc,
    0xff, 0xb1, 0x0, 0x0, 0x0, 0x0, 0x0, 0x0,
    0x0, 0x0, 0x0, 0x0, 0x0, 0x0, 0x0, 0x0,
    0x0, 0x0,

    /* U+9AD4 "體" */
    0x4, 0x44, 0x44, 0x40, 0x0, 0x2d, 0x37, 0xd0,
    0x0, 0x0, 0xff, 0xff, 0xff, 0x5, 0x79, 0xfa,
    0xcf, 0x77, 0x40, 0xf, 0xb2, 0x27, 0xf0, 0xbe,
    0xbf, 0xcd, 0xeb, 0xf8, 0x0, 0xff, 0xec, 0x6f,
    0xb, 0xc1, 0xe5, 0x7c, 0x1e, 0x80, 0xf, 0xc7,
    0xd6, 0xf0, 0xbf, 0xff, 0xff, 0xff, 0xf8, 0x0,
    0xfa, 0x3d, 0x6f, 0xb, 0xc3, 0xe7, 0x8d, 0x3f,
    0x80, 0xdf, 0xfe, 0xfe, 0xfd, 0xcd, 0x6f, 0x9a,
    0xd6, 0xf8, 0xe, 0xc6, 0x66, 0x6b, 0xfb, 0xdd,
    0xdd, 0xdd, 0xdd, 0x70, 0xec, 0x66, 0x66, 0xbe,
    0x43, 0x33, 0x33, 0x33, 0x33, 0x0, 0xdf, 0xee,
    0xfe, 0x1f, 0xff, 0xff, 0xff, 0xff, 0xf0, 0xd,
    0xd0, 0x7, 0xe0, 0x13, 0x33, 0x33, 0x33, 0x30,
    0x0, 0xdf, 0xff, 0xfe, 0x3, 0xff, 0xff, 0xff,
    0xff, 0x10, 0xd, 0xe5, 0x5a, 0xe0, 0x3f, 0x80,
    0x0, 0x9, 0xf1, 0x0, 0xde, 0x33, 0x9e, 0x3,
    0xfb, 0x66, 0x66, 0xcf, 0x10, 0xd, 0xff, 0xff,
    0xe0, 0x2c, 0xcd, 0xcc, 0xdd, 0xc1, 0x0, 0xdd,
    0x11, 0x8e, 0x0, 0x1e, 0x60, 0x8, 0xf2, 0x0,
    0xd, 0xd0, 0x7, 0xe0, 0x0, 0xeb, 0x0, 0xdd,
    0x0, 0x0, 0xdd, 0x5, 0xbd, 0x26, 0x6c, 0xf6,
    0x7f, 0xb6, 0x61, 0xd, 0xd0, 0x8b, 0x45, 0xff,
    0xff, 0xff, 0xff, 0xff, 0x20,

    /* U+9AD8 "高" */
    0x0, 0x0, 0x0, 0x3, 0xc9, 0x0, 0x0, 0x0,
    0x0, 0x0, 0x0, 0x0, 0x1, 0xff, 0x0, 0x0,
    0x0, 0x0, 0xde, 0xee, 0xee, 0xee, 0xff, 0xee,
    0xee, 0xee, 0xea, 0xab, 0xbb, 0xbb, 0xbb, 0xbb,
    0xbb, 0xbb, 0xbb, 0xb8, 0x0, 0x4, 0x44, 0x44,
    0x44, 0x44, 0x44, 0x40, 0x0, 0x0, 0xf, 0xff,
    0xff, 0xff, 0xff, 0xff, 0xf1, 0x0, 0x0, 0xf,
    0xd0, 0x0, 0x0, 0x0, 0xe, 0xf1, 0x0, 0x0,
    0xf, 0xe5, 0x55, 0x55, 0x55, 0x5e, 0xf1, 0x0,
    0x0, 0xf, 0xff, 0xff, 0xff, 0xff, 0xff, 0xf1,
    0x0, 0x0, 0x0, 0x0, 0x0, 0x0, 0x0, 0x0,
    0x0, 0x0, 0x4f, 0xff, 0xff, 0xff, 0xff, 0xff,
    0xff, 0xff, 0xf2, 0x4f, 0xc8, 0x88, 0x88, 0x88,
    0x88, 0x88, 0x8d, 0xf2, 0x4f, 0x90, 0x36, 0x66,
    0x66, 0x66, 0x60, 0xb, 0xf2, 0x4f, 0x90, 0x7f,
    0xfe, 0xee, 0xef, 0xf1, 0xb, 0xf2, 0x4f, 0x90,
    0x7f, 0x40, 0x0, 0x8, 0xf1, 0xb, 0xf2, 0x4f,
    0x90, 0x7f, 0xfe, 0xee, 0xef, 0xf1, 0xb, 0xf2,
    0x4f, 0x90, 0x7f, 0x96, 0x66, 0x66, 0x60, 0xb,
    0xf2, 0x4f, 0x90, 0x6c, 0x30, 0x0, 0x0, 0x8,
    0x8f, 0xf1, 0x4f, 0x90, 0x0, 0x0, 0x0, 0x0,
    0xa, 0xdb, 0x60,

    /* U+9ED8 "默" */
    0x0, 0x33, 0x33, 0x33, 0x33, 0x0, 0x1, 0xd7,
    0x0, 0x0, 0x1, 0xff, 0xff, 0xff, 0xff, 0x0,
    0x1, 0xfb, 0xb2, 0x0, 0x1, 0xf4, 0x1c, 0x72,
    0x8f, 0x0, 0x1, 0xf9, 0xdd, 0x0, 0x1, 0xfc,
    0x5b, 0x6b, 0xdf, 0x0, 0x1, 0xf8, 0x3f, 0x80,
    0x1, 0xf8, 0xab, 0x7e, 0x8f, 0x0, 0x1, 0xf8,
    0x9, 0x80, 0x1, 0xf5, 0xbb, 0xb9, 0x7f, 0x13,
    0x34, 0xfa, 0x33, 0x31, 0x1, 0xf5, 0x3c, 0x94,
    0x9f, 0x7f, 0xff, 0xff, 0xff, 0xf6, 0x1, 0xff,
    0xff, 0xff, 0xff, 0x49, 0x9b, 0xfd, 0x99, 0x93,
    0x0, 0x11, 0x1f, 0xb1, 0x11, 0x0, 0x5, 0xfc,
    0x0, 0x0, 0x1, 0x88, 0x8f, 0xd8, 0x88, 0x0,
    0x7, 0xff, 0x0, 0x0, 0x2, 0xff, 0xff, 0xff,
    0xfe, 0x0, 0xa, 0xff, 0x30, 0x0, 0x0, 0x0,
    0xf, 0xb2, 0x23, 0x10, 0xf, 0xef, 0x90, 0x0,
    0x8, 0xef, 0xff, 0xff, 0xff, 0x30, 0x4f, 0x8a,
    0xe0, 0x0, 0x6, 0xba, 0x98, 0x76, 0x54, 0x0,
    0xbf, 0x24, 0xf6, 0x0, 0x0, 0xb3, 0x82, 0x83,
    0xa7, 0x3, 0xfc, 0x0, 0xde, 0x0, 0x2, 0xf3,
    0xe5, 0xb8, 0x7e, 0xd, 0xf4, 0x0, 0x7f, 0xa0,
    0x9, 0xd0, 0xc7, 0x7b, 0x29, 0xbf, 0xa0, 0x0,
    0xd, 0xf9, 0xe, 0x70, 0xb6, 0x36, 0x1, 0xdd,
    0x10, 0x0, 0x2, 0xe7, 0x0, 0x0, 0x0, 0x0,
    0x0, 0x1, 0x0, 0x0, 0x0, 0x10,

    /* U+9EDE "點" */
    0x1, 0x33, 0x33, 0x33, 0x32, 0x0, 0x9, 0xd2,
    0x0, 0x0, 0x5, 0xff, 0xff, 0xff, 0xfd, 0x0,
    0xa, 0xf2, 0x0, 0x0, 0x5, 0xf3, 0x3f, 0x43,
    0xbd, 0x0, 0xa, 0xf2, 0x0, 0x0, 0x5, 0xfd,
    0x3f, 0x3f, 0xcd, 0x0, 0xa, 0xf2, 0x0, 0x0,
    0x5, 0xf9, 0x7f, 0x7b, 0xbd, 0x0, 0xa, 0xfc,
    0xbb, 0xb3, 0x5, 0xf6, 0x8f, 0xa4, 0xbd, 0x0,
    0xa, 0xff, 0xff, 0xf4, 0x5, 0xf6, 0x7f, 0x76,
    0xdd, 0x0, 0xa, 0xf3, 0x0, 0x0, 0x5, 0xee,
    0xef, 0xfe, 0xec, 0x0, 0xa, 0xf2, 0x0, 0x0,
    0x0, 0x0, 0x5f, 0x60, 0x0, 0x0, 0xa, 0xf2,
    0x0, 0x0, 0x6, 0xff, 0xff, 0xff, 0xfd, 0x49,
    0x9d, 0xfa, 0x99, 0x70, 0x3, 0x88, 0xaf, 0xb8,
    0x87, 0x7f, 0xff, 0xff, 0xff, 0xc0, 0x0, 0x0,
    0x5f, 0x72, 0x34, 0x7f, 0x73, 0x33, 0x4f, 0xc0,
    0xc, 0xff, 0xff, 0xff, 0xff, 0x7f, 0x40, 0x0,
    0xf, 0xc0, 0x9, 0xa9, 0x87, 0x65, 0x63, 0x7f,
    0x40, 0x0, 0xf, 0xc0, 0x0, 0x73, 0x92, 0xc2,
    0xf4, 0x7f, 0x40, 0x0, 0xf, 0xc0, 0x3, 0xf4,
    0xf1, 0xe5, 0x8d, 0x7f, 0x40, 0x0, 0xf, 0xc0,
    0x7, 0xf0, 0xf3, 0xaa, 0x1f, 0x9f, 0xff, 0xff,
    0xff, 0xc0, 0xe, 0xa0, 0xf4, 0x46, 0x1, 0x7f,
    0xdc, 0xcc, 0xcf, 0xc0, 0xa, 0x30, 0x0, 0x0,
    0x0, 0x7f, 0x40, 0x0, 0xe, 0xb0, 0x0, 0x0,
    0x0, 0x0, 0x0, 0x0, 0x0, 0x0, 0x0, 0x0,

    /* U+FF08 "（" */
    0x0, 0x0, 0x0, 0x0, 0x0, 0xc, 0xc0, 0x0,
    0xa, 0xf7, 0x0, 0x4, 0xfb, 0x0, 0x0, 0xdf,
    0x20, 0x0, 0x4f, 0x90, 0x0, 0x9, 0xf3, 0x0,
    0x0, 0xee, 0x0, 0x0, 0xf, 0xc0, 0x0, 0x2,
    0xfa, 0x0, 0x0, 0x3f, 0x90, 0x0, 0x1, 0xfa,
    0x0, 0x0, 0xf, 0xc0, 0x0, 0x0, 0xdf, 0x0,
    0x0, 0x8, 0xf4, 0x0, 0x0, 0x3f, 0xa0, 0x0,
    0x0, 0xbf, 0x30, 0x0, 0x3, 0xfc, 0x0, 0x0,
    0x7, 0xfa, 0x0, 0x0, 0xa, 0x90,

    /* U+FF09 "）" */
    0x0, 0x0, 0x0, 0x0, 0xcc, 0x0, 0x0, 0x7,
    0xfa, 0x0, 0x0, 0xb, 0xf4, 0x0, 0x0, 0x2f,
    0xd0, 0x0, 0x0, 0x9f, 0x40, 0x0, 0x4, 0xf9,
    0x0, 0x0, 0xe, 0xe0, 0x0, 0x0, 0xcf, 0x0,
    0x0, 0xa, 0xf2, 0x0, 0x0, 0x9f, 0x30, 0x0,
    0xa, 0xf1, 0x0, 0x0, 0xcf, 0x0, 0x0, 0xf,
    0xd0, 0x0, 0x5, 0xf8, 0x0, 0x0, 0xbf, 0x30,
    0x0, 0x3f, 0xb0, 0x0, 0xc, 0xf2, 0x0, 0xa,
    0xf7, 0x0, 0x0, 0x9a, 0x0, 0x0,

    /* U+FF0C "，" */
    0x1, 0x9c, 0x40, 0x6, 0xff, 0xe0, 0x4, 0xff,
    0xf1, 0x0, 0x1b, 0xf0, 0x0, 0x1e, 0xb0, 0x4,
    0xdf, 0x20, 0xd, 0xd2, 0x0, 0x1, 0x0, 0x0,

    /* U+FF1A "：" */
    0x2b, 0xa1, 0xaf, 0xf7, 0x7f, 0xf4, 0x4, 0x30,
    0x0, 0x0, 0x0, 0x0, 0x0, 0x0, 0x0, 0x0,
    0x0, 0x0, 0x1, 0x0, 0x5f, 0xf3, 0xaf, 0xf8,
    0x4e, 0xe2, 0x0, 0x0,

    /* U+FF1F "？" */
    0x0, 0x0, 0x11, 0x0, 0x0, 0x0, 0x6d, 0xff,
    0xe7, 0x0, 0xa, 0xff, 0xde, 0xff, 0x90, 0x1c,
    0xc2, 0x0, 0x7f, 0xf0, 0x0, 0x0, 0x0, 0xf,
    0xf3, 0x0, 0x0, 0x0, 0x2f, 0xf1, 0x0, 0x0,
    0x0, 0xcf, 0x90, 0x0, 0x0, 0xb, 0xfb, 0x0,
    0x0, 0x0, 0x9f, 0xc0, 0x0, 0x0, 0x2, 0xff,
    0x10, 0x0, 0x0, 0x5, 0xfc, 0x0, 0x0, 0x0,
    0x0, 0x11, 0x0, 0x0, 0x0, 0x0, 0x0, 0x0,
    0x0, 0x0, 0x3, 0xc8, 0x0, 0x0, 0x0, 0xa,
    0xff, 0x20, 0x0, 0x0, 0x5, 0xfc, 0x0, 0x0,
    0x0, 0x0, 0x0, 0x0, 0x0
};


/*---------------------
 *  GLYPH DESCRIPTION
 *--------------------*/

static const lv_font_fmt_txt_glyph_dsc_t glyph_dsc[] = {
    {.bitmap_index = 0, .adv_w = 0, .box_w = 0, .box_h = 0, .ofs_x = 0, .ofs_y = 0} /* id = 0 reserved */,
    {.bitmap_index = 0, .adv_w = 72, .box_w = 0, .box_h = 0, .ofs_x = 0, .ofs_y = 0},
    {.bitmap_index = 0, .adv_w = 110, .box_w = 4, .box_h = 14, .ofs_x = 1, .ofs_y = 0},
    {.bitmap_index = 28, .adv_w = 166, .box_w = 8, .box_h = 7, .ofs_x = 1, .ofs_y = 8},
    {.bitmap_index = 56, .adv_w = 182, .box_w = 11, .box_h = 14, .ofs_x = 0, .ofs_y = 0},
    {.bitmap_index = 133, .adv_w = 182, .box_w = 10, .box_h = 19, .ofs_x = 1, .ofs_y = -2},
    {.bitmap_index = 228, .adv_w = 300, .box_w = 19, .box_h = 14, .ofs_x = 0, .ofs_y = 0},
    {.bitmap_index = 361, .adv_w = 226, .box_w = 14, .box_h = 14, .ofs_x = 0, .ofs_y = 0},
    {.bitmap_index = 459, .adv_w = 95, .box_w = 4, .box_h = 7, .ofs_x = 1, .ofs_y = 8},
    {.bitmap_index = 473, .adv_w = 114, .box_w = 6, .box_h = 21, .ofs_x = 1, .ofs_y = -4},
    {.bitmap_index = 536, .adv_w = 114, .box_w = 6, .box_h = 21, .ofs_x = 0, .ofs_y = -4},
    {.bitmap_index = 599, .adv_w = 155, .box_w = 8, .box_h = 7, .ofs_x = 1, .ofs_y = 8},
    {.bitmap_index = 627, .adv_w = 182, .box_w = 11, .box_h = 11, .ofs_x = 0, .ofs_y = 2},
    {.bitmap_index = 688, .adv_w = 95, .box_w = 4, .box_h = 7, .ofs_x = 1, .ofs_y = -4},
    {.bitmap_index = 702, .adv_w = 114, .box_w = 7, .box_h = 2, .ofs_x = 0, .ofs_y = 5},
    {.bitmap_index = 709, .adv_w = 95, .box_w = 4, .box_h = 4, .ofs_x = 1, .ofs_y = 0},
    {.bitmap_index = 717, .adv_w = 125, .box_w = 8, .box_h = 19, .ofs_x = 0, .ofs_y = -4},
    {.bitmap_index = 793, .adv_w = 182, .box_w = 11, .box_h = 14, .ofs_x = 0, .ofs_y = 0},
    {.bitmap_index = 870, .adv_w = 182, .box_w = 10, .box_h = 14, .ofs_x = 1, .ofs_y = 0},
    {.bitmap_index = 940, .adv_w = 182, .box_w = 11, .box_h = 14, .ofs_x = 0, .ofs_y = 0},
    {.bitmap_index = 1017, .adv_w = 182, .box_w = 11, .box_h = 14, .ofs_x = 0, .ofs_y = 0},
    {.bitmap_index = 1094, .adv_w = 182, .box_w = 11, .box_h = 14, .ofs_x = 0, .ofs_y = 0},
    {.bitmap_index = 1171, .adv_w = 182, .box_w = 11, .box_h = 14, .ofs_x = 0, .ofs_y = 0},
    {.bitmap_index = 1248, .adv_w = 182, .box_w = 10, .box_h = 14, .ofs_x = 1, .ofs_y = 0},
    {.bitmap_index = 1318, .adv_w = 182, .box_w = 10, .box_h = 14, .ofs_x = 1, .ofs_y = 0},
    {.bitmap_index = 1388, .adv_w = 182, .box_w = 11, .box_h = 14, .ofs_x = 0, .ofs_y = 0},
    {.bitmap_index = 1465, .adv_w = 182, .box_w = 11, .box_h = 14, .ofs_x = 0, .ofs_y = 0},
    {.bitmap_index = 1542, .adv_w = 95, .box_w = 4, .box_h = 11, .ofs_x = 1, .ofs_y = 0},
    {.bitmap_index = 1564, .adv_w = 95, .box_w = 4, .box_h = 15, .ofs_x = 1, .ofs_y = -4},
    {.bitmap_index = 1594, .adv_w = 182, .box_w = 11, .box_h = 10, .ofs_x = 0, .ofs_y = 2},
    {.bitmap_index = 1649, .adv_w = 182, .box_w = 11, .box_h = 7, .ofs_x = 0, .ofs_y = 4},
    {.bitmap_index = 1688, .adv_w = 182, .box_w = 11, .box_h = 10, .ofs_x = 0, .ofs_y = 2},
    {.bitmap_index = 1743, .adv_w = 157, .box_w = 9, .box_h = 14, .ofs_x = 0, .ofs_y = 0},
    {.bitmap_index = 1806, .adv_w = 311, .box_w = 18, .box_h = 19, .ofs_x = 1, .ofs_y = -5},
    {.bitmap_index = 1977, .adv_w = 199, .box_w = 13, .box_h = 14, .ofs_x = 0, .ofs_y = 0},
    {.bitmap_index = 2068, .adv_w = 213, .box_w = 12, .box_h = 14, .ofs_x = 1, .ofs_y = 0},
    {.bitmap_index = 2152, .adv_w = 207, .box_w = 12, .box_h = 14, .ofs_x = 1, .ofs_y = 0},
    {.bitmap_index = 2236, .adv_w = 224, .box_w = 12, .box_h = 14, .ofs_x = 1, .ofs_y = 0},
    {.bitmap_index = 2320, .adv_w = 192, .box_w = 10, .box_h = 14, .ofs_x = 1, .ofs_y = 0},
    {.bitmap_index = 2390, .adv_w = 181, .box_w = 10, .box_h = 14, .ofs_x = 1, .ofs_y = 0},
    {.bitmap_index = 2460, .adv_w = 224, .box_w = 12, .box_h = 14, .ofs_x = 1, .ofs_y = 0},
    {.bitmap_index = 2544, .adv_w = 237, .box_w = 12, .box_h = 14, .ofs_x = 1, .ofs_y = 0},
    {.bitmap_index = 2628, .adv_w = 99, .box_w = 4, .box_h = 14, .ofs_x = 1, .ofs_y = 0},
    {.bitmap_index = 2656, .adv_w = 176, .box_w = 10, .box_h = 14, .ofs_x = 0, .ofs_y = 0},
    {.bitmap_index = 2726, .adv_w = 212, .box_w = 13, .box_h = 14, .ofs_x = 1, .ofs_y = 0},
    {.bitmap_index = 2817, .adv_w = 179, .box_w = 10, .box_h = 14, .ofs_x = 1, .ofs_y = 0},
    {.bitmap_index = 2887, .adv_w = 266, .box_w = 14, .box_h = 14, .ofs_x = 1, .ofs_y = 0},
    {.bitmap_index = 2985, .adv_w = 235, .box_w = 12, .box_h = 14, .ofs_x = 1, .ofs_y = 0},
    {.bitmap_index = 3069, .adv_w = 241, .box_w = 13, .box_h = 14, .ofs_x = 1, .ofs_y = 0},
    {.bitmap_index = 3160, .adv_w = 207, .box_w = 12, .box_h = 14, .ofs_x = 1, .ofs_y = 0},
    {.bitmap_index = 3244, .adv_w = 241, .box_w = 14, .box_h = 18, .ofs_x = 1, .ofs_y = -4},
    {.bitmap_index = 3370, .adv_w = 210, .box_w = 12, .box_h = 14, .ofs_x = 1, .ofs_y = 0},
    {.bitmap_index = 3454, .adv_w = 195, .box_w = 12, .box_h = 14, .ofs_x = 0, .ofs_y = 0},
    {.bitmap_index = 3538, .adv_w = 196, .box_w = 12, .box_h = 14, .ofs_x = 0, .ofs_y = 0},
    {.bitmap_index = 3622, .adv_w = 235, .box_w = 12, .box_h = 14, .ofs_x = 1, .ofs_y = 0},
    {.bitmap_index = 3706, .adv_w = 190, .box_w = 13, .box_h = 14, .ofs_x = -1, .ofs_y = 0},
    {.bitmap_index = 3797, .adv_w = 286, .box_w = 18, .box_h = 14, .ofs_x = 0, .ofs_y = 0},
    {.bitmap_index = 3923, .adv_w = 191, .box_w = 12, .box_h = 14, .ofs_x = 0, .ofs_y = 0},
    {.bitmap_index = 4007, .adv_w = 177, .box_w = 13, .box_h = 14, .ofs_x = -1, .ofs_y = 0},
    {.bitmap_index = 4098, .adv_w = 194, .box_w = 12, .box_h = 14, .ofs_x = 0, .ofs_y = 0},
    {.bitmap_index = 4182, .adv_w = 114, .box_w = 5, .box_h = 20, .ofs_x = 2, .ofs_y = -5},
    {.bitmap_index = 4232, .adv_w = 125, .box_w = 8, .box_h = 19, .ofs_x = 0, .ofs_y = -4},
    {.bitmap_index = 4308, .adv_w = 114, .box_w = 6, .box_h = 20, .ofs_x = 0, .ofs_y = -5},
    {.bitmap_index = 4368, .adv_w = 182, .box_w = 10, .box_h = 9, .ofs_x = 1, .ofs_y = 6},
    {.bitmap_index = 4413, .adv_w = 180, .box_w = 11, .box_h = 3, .ofs_x = 0, .ofs_y = -4},
    {.bitmap_index = 4430, .adv_w = 197, .box_w = 6, .box_h = 6, .ofs_x = 2, .ofs_y = 12},
    {.bitmap_index = 4448, .adv_w = 184, .box_w = 9, .box_h = 11, .ofs_x = 1, .ofs_y = 0},
    {.bitmap_index = 4498, .adv_w = 201, .box_w = 11, .box_h = 15, .ofs_x = 1, .ofs_y = 0},
    {.bitmap_index = 4581, .adv_w = 165, .box_w = 10, .box_h = 11, .ofs_x = 0, .ofs_y = 0},
    {.bitmap_index = 4636, .adv_w = 202, .box_w = 10, .box_h = 15, .ofs_x = 1, .ofs_y = 0},
    {.bitmap_index = 4711, .adv_w = 181, .box_w = 11, .box_h = 11, .ofs_x = 0, .ofs_y = 0},
    {.bitmap_index = 4772, .adv_w = 111, .box_w = 8, .box_h = 15, .ofs_x = 0, .ofs_y = 0},
    {.bitmap_index = 4832, .adv_w = 185, .box_w = 12, .box_h = 15, .ofs_x = 0, .ofs_y = -4},
    {.bitmap_index = 4922, .adv_w = 199, .box_w = 10, .box_h = 15, .ofs_x = 1, .ofs_y = 0},
    {.bitmap_index = 4997, .adv_w = 92, .box_w = 4, .box_h = 15, .ofs_x = 1, .ofs_y = 0},
    {.bitmap_index = 5027, .adv_w = 92, .box_w = 6, .box_h = 19, .ofs_x = -1, .ofs_y = -4},
    {.bitmap_index = 5084, .adv_w = 184, .box_w = 11, .box_h = 15, .ofs_x = 1, .ofs_y = 0},
    {.bitmap_index = 5167, .adv_w = 95, .box_w = 5, .box_h = 15, .ofs_x = 1, .ofs_y = 0},
    {.bitmap_index = 5205, .adv_w = 302, .box_w = 17, .box_h = 11, .ofs_x = 1, .ofs_y = 0},
    {.bitmap_index = 5299, .adv_w = 200, .box_w = 10, .box_h = 11, .ofs_x = 1, .ofs_y = 0},
    {.bitmap_index = 5354, .adv_w = 197, .box_w = 12, .box_h = 11, .ofs_x = 0, .ofs_y = 0},
    {.bitmap_index = 5420, .adv_w = 202, .box_w = 11, .box_h = 15, .ofs_x = 1, .ofs_y = -4},
    {.bitmap_index = 5503, .adv_w = 202, .box_w = 10, .box_h = 15, .ofs_x = 1, .ofs_y = -4},
    {.bitmap_index = 5578, .adv_w = 131, .box_w = 8, .box_h = 11, .ofs_x = 1, .ofs_y = 0},
    {.bitmap_index = 5622, .adv_w = 154, .box_w = 9, .box_h = 11, .ofs_x = 0, .ofs_y = 0},
    {.bitmap_index = 5672, .adv_w = 127, .box_w = 8, .box_h = 14, .ofs_x = 0, .ofs_y = 0},
    {.bitmap_index = 5728, .adv_w = 198, .box_w = 10, .box_h = 11, .ofs_x = 1, .ofs_y = 0},
    {.bitmap_index = 5783, .adv_w = 174, .box_w = 11, .box_h = 11, .ofs_x = 0, .ofs_y = 0},
    {.bitmap_index = 5844, .adv_w = 265, .box_w = 17, .box_h = 11, .ofs_x = 0, .ofs_y = 0},
    {.bitmap_index = 5938, .adv_w = 168, .box_w = 11, .box_h = 11, .ofs_x = 0, .ofs_y = 0},
    {.bitmap_index = 5999, .adv_w = 174, .box_w = 11, .box_h = 15, .ofs_x = 0, .ofs_y = -4},
    {.bitmap_index = 6082, .adv_w = 157, .box_w = 10, .box_h = 11, .ofs_x = 0, .ofs_y = 0},
    {.bitmap_index = 6137, .adv_w = 114, .box_w = 7, .box_h = 20, .ofs_x = 0, .ofs_y = -5},
    {.bitmap_index = 6207, .adv_w = 90, .box_w = 2, .box_h = 22, .ofs_x = 2, .ofs_y = -5},
    {.bitmap_index = 6229, .adv_w = 114, .box_w = 7, .box_h = 20, .ofs_x = 0, .ofs_y = -5},
    {.bitmap_index = 6299, .adv_w = 182, .box_w = 11, .box_h = 4, .ofs_x = 0, .ofs_y = 6},
    {.bitmap_index = 6321, .adv_w = 320, .box_w = 6, .box_h = 5, .ofs_x = 7, .ofs_y = 5},
    {.bitmap_index = 6336, .adv_w = 288, .box_w = 18, .box_h = 2, .ofs_x = 0, .ofs_y = 5},
    {.bitmap_index = 6354, .adv_w = 320, .box_w = 7, .box_h = 7, .ofs_x = 0, .ofs_y = -2},
    {.bitmap_index = 6379, .adv_w = 320, .box_w = 7, .box_h = 7, .ofs_x = 0, .ofs_y = -2},
    {.bitmap_index = 6404, .adv_w = 320, .box_w = 17, .box_h = 18, .ofs_x = 2, .ofs_y = -2},
    {.bitmap_index = 6557, .adv_w = 320, .box_w = 17, .box_h = 16, .ofs_x = 2, .ofs_y = -1},
    {.bitmap_index = 6693, .adv_w = 320, .box_w = 14, .box_h = 18, .ofs_x = 3, .ofs_y = -2},
    {.bitmap_index = 6819, .adv_w = 320, .box_w = 18, .box_h = 18, .ofs_x = 1, .ofs_y = -1},
    {.bitmap_index = 6981, .adv_w = 320, .box_w = 19, .box_h = 17, .ofs_x = 1, .ofs_y = -1},
    {.bitmap_index = 7143, .adv_w = 320, .box_w = 20, .box_h = 19, .ofs_x = 0, .ofs_y = -1},
    {.bitmap_index = 7333, .adv_w = 320, .box_w = 15, .box_h = 19, .ofs_x = 3, .ofs_y = -2},
    {.bitmap_index = 7476, .adv_w = 320, .box_w = 18, .box_h = 19, .ofs_x = 2, .ofs_y = -2},
    {.bitmap_index = 7647, .adv_w = 320, .box_w = 12, .box_h = 19, .ofs_x = 3, .ofs_y = -2},
    {.bitmap_index = 7761, .adv_w = 320, .box_w = 15, .box_h = 19, .ofs_x = 3, .ofs_y = -2},
    {.bitmap_index = 7904, .adv_w = 320, .box_w = 14, .box_h = 16, .ofs_x = 3, .ofs_y = -1},
    {.bitmap_index = 8016, .adv_w = 320, .box_w = 15, .box_h = 18, .ofs_x = 3, .ofs_y = -1},
    {.bitmap_index = 8151, .adv_w = 320, .box_w = 15, .box_h = 17, .ofs_x = 4, .ofs_y = -2},
    {.bitmap_index = 8279, .adv_w = 320, .box_w = 18, .box_h = 19, .ofs_x = 1, .ofs_y = -2},
    {.bitmap_index = 8450, .adv_w = 320, .box_w = 19, .box_h = 17, .ofs_x = 0, .ofs_y = -1},
    {.bitmap_index = 8612, .adv_w = 320, .box_w = 18, .box_h = 19, .ofs_x = 1, .ofs_y = -2},
    {.bitmap_index = 8783, .adv_w = 320, .box_w = 19, .box_h = 18, .ofs_x = 1, .ofs_y = -2},
    {.bitmap_index = 8954, .adv_w = 320, .box_w = 16, .box_h = 18, .ofs_x = 2, .ofs_y = -2},
    {.bitmap_index = 9098, .adv_w = 320, .box_w = 15, .box_h = 12, .ofs_x = 3, .ofs_y = -1},
    {.bitmap_index = 9188, .adv_w = 320, .box_w = 18, .box_h = 14, .ofs_x = 1, .ofs_y = 0},
    {.bitmap_index = 9314, .adv_w = 320, .box_w = 17, .box_h = 16, .ofs_x = 1, .ofs_y = -1},
    {.bitmap_index = 9450, .adv_w = 320, .box_w = 18, .box_h = 16, .ofs_x = 1, .ofs_y = -1},
    {.bitmap_index = 9594, .adv_w = 320, .box_w = 14, .box_h = 17, .ofs_x = 3, .ofs_y = -1},
    {.bitmap_index = 9713, .adv_w = 320, .box_w = 18, .box_h = 19, .ofs_x = 1, .ofs_y = -2},
    {.bitmap_index = 9884, .adv_w = 320, .box_w = 17, .box_h = 17, .ofs_x = 2, .ofs_y = -1},
    {.bitmap_index = 10029, .adv_w = 320, .box_w = 18, .box_h = 16, .ofs_x = 1, .ofs_y = -1},
    {.bitmap_index = 10173, .adv_w = 320, .box_w = 18, .box_h = 17, .ofs_x = 2, .ofs_y = -1},
    {.bitmap_index = 10326, .adv_w = 320, .box_w = 19, .box_h = 19, .ofs_x = 1, .ofs_y = -2},
    {.bitmap_index = 10507, .adv_w = 320, .box_w = 20, .box_h = 14, .ofs_x = 0, .ofs_y = 0},
    {.bitmap_index = 10647, .adv_w = 320, .box_w = 19, .box_h = 15, .ofs_x = 0, .ofs_y = 0},
    {.bitmap_index = 10790, .adv_w = 320, .box_w = 15, .box_h = 18, .ofs_x = 3, .ofs_y = -2},
    {.bitmap_index = 10925, .adv_w = 320, .box_w = 19, .box_h = 18, .ofs_x = 1, .ofs_y = -2},
    {.bitmap_index = 11096, .adv_w = 320, .box_w = 18, .box_h = 18, .ofs_x = 1, .ofs_y = -2},
    {.bitmap_index = 11258, .adv_w = 320, .box_w = 17, .box_h = 19, .ofs_x = 1, .ofs_y = -2},
    {.bitmap_index = 11420, .adv_w = 320, .box_w = 19, .box_h = 19, .ofs_x = 0, .ofs_y = -2},
    {.bitmap_index = 11601, .adv_w = 320, .box_w = 15, .box_h = 18, .ofs_x = 3, .ofs_y = -2},
    {.bitmap_index = 11736, .adv_w = 320, .box_w = 13, .box_h = 18, .ofs_x = 4, .ofs_y = -2},
    {.bitmap_index = 11853, .adv_w = 320, .box_w = 16, .box_h = 17, .ofs_x = 2, .ofs_y = -1},
    {.bitmap_index = 11989, .adv_w = 320, .box_w = 20, .box_h = 18, .ofs_x = 0, .ofs_y = -1},
    {.bitmap_index = 12169, .adv_w = 320, .box_w = 19, .box_h = 18, .ofs_x = 0, .ofs_y = -1},
    {.bitmap_index = 12340, .adv_w = 320, .box_w = 17, .box_h = 18, .ofs_x = 1, .ofs_y = -1},
    {.bitmap_index = 12493, .adv_w = 320, .box_w = 18, .box_h = 17, .ofs_x = 1, .ofs_y = -1},
    {.bitmap_index = 12646, .adv_w = 320, .box_w = 15, .box_h = 14, .ofs_x = 3, .ofs_y = -2},
    {.bitmap_index = 12751, .adv_w = 320, .box_w = 17, .box_h = 16, .ofs_x = 2, .ofs_y = -1},
    {.bitmap_index = 12887, .adv_w = 320, .box_w = 14, .box_h = 15, .ofs_x = 2, .ofs_y = -2},
    {.bitmap_index = 12992, .adv_w = 320, .box_w = 17, .box_h = 17, .ofs_x = 1, .ofs_y = -1},
    {.bitmap_index = 13137, .adv_w = 320, .box_w = 17, .box_h = 18, .ofs_x = 2, .ofs_y = -1},
    {.bitmap_index = 13290, .adv_w = 320, .box_w = 18, .box_h = 14, .ofs_x = 1, .ofs_y = 0},
    {.bitmap_index = 13416, .adv_w = 320, .box_w = 15, .box_h = 15, .ofs_x = 3, .ofs_y = -3},
    {.bitmap_index = 13529, .adv_w = 320, .box_w = 17, .box_h = 17, .ofs_x = 1, .ofs_y = -1},
    {.bitmap_index = 13674, .adv_w = 320, .box_w = 17, .box_h = 17, .ofs_x = 1, .ofs_y = -1},
    {.bitmap_index = 13819, .adv_w = 320, .box_w = 17, .box_h = 18, .ofs_x = 2, .ofs_y = -2},
    {.bitmap_index = 13972, .adv_w = 320, .box_w = 19, .box_h = 20, .ofs_x = 1, .ofs_y = -2},
    {.bitmap_index = 14162, .adv_w = 320, .box_w = 17, .box_h = 19, .ofs_x = 1, .ofs_y = -2},
    {.bitmap_index = 14324, .adv_w = 320, .box_w = 19, .box_h = 20, .ofs_x = 1, .ofs_y = -2},
    {.bitmap_index = 14514, .adv_w = 320, .box_w = 18, .box_h = 18, .ofs_x = 1, .ofs_y = -2},
    {.bitmap_index = 14676, .adv_w = 320, .box_w = 15, .box_h = 16, .ofs_x = 3, .ofs_y = -1},
    {.bitmap_index = 14796, .adv_w = 320, .box_w = 18, .box_h = 17, .ofs_x = 1, .ofs_y = -1},
    {.bitmap_index = 14949, .adv_w = 320, .box_w = 19, .box_h = 18, .ofs_x = 1, .ofs_y = -1},
    {.bitmap_index = 15120, .adv_w = 320, .box_w = 18, .box_h = 16, .ofs_x = 1, .ofs_y = -1},
    {.bitmap_index = 15264, .adv_w = 320, .box_w = 17, .box_h = 17, .ofs_x = 1, .ofs_y = -1},
    {.bitmap_index = 15409, .adv_w = 320, .box_w = 19, .box_h = 20, .ofs_x = 1, .ofs_y = -2},
    {.bitmap_index = 15599, .adv_w = 320, .box_w = 17, .box_h = 18, .ofs_x = 1, .ofs_y = -1},
    {.bitmap_index = 15752, .adv_w = 320, .box_w = 19, .box_h = 20, .ofs_x = 1, .ofs_y = -2},
    {.bitmap_index = 15942, .adv_w = 320, .box_w = 18, .box_h = 18, .ofs_x = 1, .ofs_y = -2},
    {.bitmap_index = 16104, .adv_w = 320, .box_w = 15, .box_h = 14, .ofs_x = 3, .ofs_y = -2},
    {.bitmap_index = 16209, .adv_w = 320, .box_w = 18, .box_h = 18, .ofs_x = 1, .ofs_y = -2},
    {.bitmap_index = 16371, .adv_w = 320, .box_w = 19, .box_h = 20, .ofs_x = 1, .ofs_y = -2},
    {.bitmap_index = 16561, .adv_w = 320, .box_w = 12, .box_h = 17, .ofs_x = 6, .ofs_y = -1},
    {.bitmap_index = 16663, .adv_w = 320, .box_w = 13, .box_h = 17, .ofs_x = 5, .ofs_y = -1},
    {.bitmap_index = 16774, .adv_w = 320, .box_w = 18, .box_h = 17, .ofs_x = 1, .ofs_y = -1},
    {.bitmap_index = 16927, .adv_w = 320, .box_w = 17, .box_h = 14, .ofs_x = 1, .ofs_y = 0},
    {.bitmap_index = 17046, .adv_w = 320, .box_w = 18, .box_h = 19, .ofs_x = 1, .ofs_y = -2},
    {.bitmap_index = 17217, .adv_w = 320, .box_w = 19, .box_h = 18, .ofs_x = 1, .ofs_y = -1},
    {.bitmap_index = 17388, .adv_w = 320, .box_w = 19, .box_h = 18, .ofs_x = 1, .ofs_y = -1},
    {.bitmap_index = 17559, .adv_w = 320, .box_w = 17, .box_h = 18, .ofs_x = 3, .ofs_y = -1},
    {.bitmap_index = 17712, .adv_w = 320, .box_w = 16, .box_h = 16, .ofs_x = 2, .ofs_y = -1},
    {.bitmap_index = 17840, .adv_w = 320, .box_w = 18, .box_h = 19, .ofs_x = 2, .ofs_y = -1},
    {.bitmap_index = 18011, .adv_w = 320, .box_w = 18, .box_h = 18, .ofs_x = 2, .ofs_y = -1},
    {.bitmap_index = 18173, .adv_w = 320, .box_w = 19, .box_h = 15, .ofs_x = 0, .ofs_y = 0},
    {.bitmap_index = 18316, .adv_w = 320, .box_w = 19, .box_h = 15, .ofs_x = 0, .ofs_y = 0},
    {.bitmap_index = 18459, .adv_w = 320, .box_w = 19, .box_h = 18, .ofs_x = 1, .ofs_y = -1},
    {.bitmap_index = 18630, .adv_w = 320, .box_w = 18, .box_h = 16, .ofs_x = 1, .ofs_y = -1},
    {.bitmap_index = 18774, .adv_w = 320, .box_w = 18, .box_h = 17, .ofs_x = 1, .ofs_y = -1},
    {.bitmap_index = 18927, .adv_w = 320, .box_w = 16, .box_h = 17, .ofs_x = 2, .ofs_y = -1},
    {.bitmap_index = 19063, .adv_w = 320, .box_w = 17, .box_h = 16, .ofs_x = 2, .ofs_y = -1},
    {.bitmap_index = 19199, .adv_w = 320, .box_w = 16, .box_h = 15, .ofs_x = 2, .ofs_y = -2},
    {.bitmap_index = 19319, .adv_w = 320, .box_w = 16, .box_h = 12, .ofs_x = 2, .ofs_y = -1},
    {.bitmap_index = 19415, .adv_w = 320, .box_w = 12, .box_h = 14, .ofs_x = 4, .ofs_y = -2},
    {.bitmap_index = 19499, .adv_w = 320, .box_w = 14, .box_h = 16, .ofs_x = 3, .ofs_y = -1},
    {.bitmap_index = 19611, .adv_w = 320, .box_w = 16, .box_h = 18, .ofs_x = 2, .ofs_y = -2},
    {.bitmap_index = 19755, .adv_w = 320, .box_w = 12, .box_h = 18, .ofs_x = 4, .ofs_y = -2},
    {.bitmap_index = 19863, .adv_w = 320, .box_w = 18, .box_h = 17, .ofs_x = 1, .ofs_y = -1},
    {.bitmap_index = 20016, .adv_w = 320, .box_w = 16, .box_h = 17, .ofs_x = 3, .ofs_y = -1},
    {.bitmap_index = 20152, .adv_w = 320, .box_w = 16, .box_h = 15, .ofs_x = 2, .ofs_y = -1},
    {.bitmap_index = 20272, .adv_w = 320, .box_w = 16, .box_h = 17, .ofs_x = 2, .ofs_y = -2},
    {.bitmap_index = 20408, .adv_w = 320, .box_w = 17, .box_h = 16, .ofs_x = 2, .ofs_y = -1},
    {.bitmap_index = 20544, .adv_w = 320, .box_w = 18, .box_h = 4, .ofs_x = 1, .ofs_y = 6},
    {.bitmap_index = 20580, .adv_w = 320, .box_w = 20, .box_h = 18, .ofs_x = 0, .ofs_y = -1},
    {.bitmap_index = 20760, .adv_w = 320, .box_w = 18, .box_h = 18, .ofs_x = 1, .ofs_y = -2},
    {.bitmap_index = 20922, .adv_w = 320, .box_w = 20, .box_h = 18, .ofs_x = 0, .ofs_y = -2},
    {.bitmap_index = 21102, .adv_w = 320, .box_w = 18, .box_h = 20, .ofs_x = 1, .ofs_y = -3},
    {.bitmap_index = 21282, .adv_w = 320, .box_w = 18, .box_h = 20, .ofs_x = 1, .ofs_y = -3},
    {.bitmap_index = 21462, .adv_w = 320, .box_w = 18, .box_h = 19, .ofs_x = 1, .ofs_y = -2},
    {.bitmap_index = 21633, .adv_w = 320, .box_w = 18, .box_h = 18, .ofs_x = 1, .ofs_y = -1},
    {.bitmap_index = 21795, .adv_w = 320, .box_w = 20, .box_h = 19, .ofs_x = 0, .ofs_y = -2},
    {.bitmap_index = 21985, .adv_w = 320, .box_w = 18, .box_h = 19, .ofs_x = 1, .ofs_y = -2},
    {.bitmap_index = 22156, .adv_w = 320, .box_w = 18, .box_h = 19, .ofs_x = 1, .ofs_y = -2},
    {.bitmap_index = 22327, .adv_w = 320, .box_w = 20, .box_h = 19, .ofs_x = 0, .ofs_y = -2},
    {.bitmap_index = 22517, .adv_w = 320, .box_w = 17, .box_h = 19, .ofs_x = 1, .ofs_y = -3},
    {.bitmap_index = 22679, .adv_w = 320, .box_w = 18, .box_h = 18, .ofs_x = 1, .ofs_y = -2},
    {.bitmap_index = 22841, .adv_w = 320, .box_w = 18, .box_h = 19, .ofs_x = 1, .ofs_y = -3},
    {.bitmap_index = 23012, .adv_w = 320, .box_w = 18, .box_h = 18, .ofs_x = 1, .ofs_y = -2},
    {.bitmap_index = 23174, .adv_w = 320, .box_w = 19, .box_h = 18, .ofs_x = 1, .ofs_y = -2},
    {.bitmap_index = 23345, .adv_w = 320, .box_w = 19, .box_h = 19, .ofs_x = 0, .ofs_y = -2},
    {.bitmap_index = 23526, .adv_w = 320, .box_w = 19, .box_h = 20, .ofs_x = 0, .ofs_y = -2},
    {.bitmap_index = 23716, .adv_w = 320, .box_w = 20, .box_h = 19, .ofs_x = 0, .ofs_y = -2},
    {.bitmap_index = 23906, .adv_w = 320, .box_w = 20, .box_h = 20, .ofs_x = 0, .ofs_y = -3},
    {.bitmap_index = 24106, .adv_w = 320, .box_w = 20, .box_h = 20, .ofs_x = 0, .ofs_y = -2},
    {.bitmap_index = 24306, .adv_w = 320, .box_w = 20, .box_h = 19, .ofs_x = 0, .ofs_y = -2},
    {.bitmap_index = 24496, .adv_w = 320, .box_w = 20, .box_h = 19, .ofs_x = 0, .ofs_y = -2},
    {.bitmap_index = 24686, .adv_w = 320, .box_w = 19, .box_h = 19, .ofs_x = 1, .ofs_y = -2},
    {.bitmap_index = 24867, .adv_w = 320, .box_w = 20, .box_h = 19, .ofs_x = 0, .ofs_y = -2},
    {.bitmap_index = 25057, .adv_w = 320, .box_w = 20, .box_h = 20, .ofs_x = 0, .ofs_y = -2},
    {.bitmap_index = 25257, .adv_w = 320, .box_w = 20, .box_h = 19, .ofs_x = 0, .ofs_y = -2},
    {.bitmap_index = 25447, .adv_w = 320, .box_w = 20, .box_h = 19, .ofs_x = 0, .ofs_y = -2},
    {.bitmap_index = 25637, .adv_w = 320, .box_w = 20, .box_h = 20, .ofs_x = 0, .ofs_y = -3},
    {.bitmap_index = 25837, .adv_w = 320, .box_w = 20, .box_h = 19, .ofs_x = 0, .ofs_y = -2},
    {.bitmap_index = 26027, .adv_w = 320, .box_w = 20, .box_h = 19, .ofs_x = 0, .ofs_y = -2},
    {.bitmap_index = 26217, .adv_w = 320, .box_w = 20, .box_h = 20, .ofs_x = 0, .ofs_y = -3},
    {.bitmap_index = 26417, .adv_w = 320, .box_w = 19, .box_h = 19, .ofs_x = 0, .ofs_y = -2},
    {.bitmap_index = 26598, .adv_w = 320, .box_w = 20, .box_h = 19, .ofs_x = 0, .ofs_y = -2},
    {.bitmap_index = 26788, .adv_w = 320, .box_w = 20, .box_h = 20, .ofs_x = 0, .ofs_y = -3},
    {.bitmap_index = 26988, .adv_w = 320, .box_w = 20, .box_h = 19, .ofs_x = 0, .ofs_y = -2},
    {.bitmap_index = 27178, .adv_w = 320, .box_w = 20, .box_h = 19, .ofs_x = 0, .ofs_y = -2},
    {.bitmap_index = 27368, .adv_w = 320, .box_w = 19, .box_h = 20, .ofs_x = 0, .ofs_y = -3},
    {.bitmap_index = 27558, .adv_w = 320, .box_w = 20, .box_h = 19, .ofs_x = 0, .ofs_y = -2},
    {.bitmap_index = 27748, .adv_w = 320, .box_w = 20, .box_h = 20, .ofs_x = 0, .ofs_y = -3},
    {.bitmap_index = 27948, .adv_w = 320, .box_w = 19, .box_h = 20, .ofs_x = 0, .ofs_y = -3},
    {.bitmap_index = 28138, .adv_w = 320, .box_w = 20, .box_h = 19, .ofs_x = 0, .ofs_y = -2},
    {.bitmap_index = 28328, .adv_w = 320, .box_w = 20, .box_h = 21, .ofs_x = 0, .ofs_y = -3},
    {.bitmap_index = 28538, .adv_w = 320, .box_w = 20, .box_h = 21, .ofs_x = 0, .ofs_y = -3},
    {.bitmap_index = 28748, .adv_w = 320, .box_w = 20, .box_h = 20, .ofs_x = 0, .ofs_y = -3},
    {.bitmap_index = 28948, .adv_w = 320, .box_w = 20, .box_h = 19, .ofs_x = 0, .ofs_y = -2},
    {.bitmap_index = 29138, .adv_w = 320, .box_w = 20, .box_h = 20, .ofs_x = 0, .ofs_y = -3},
    {.bitmap_index = 29338, .adv_w = 320, .box_w = 20, .box_h = 19, .ofs_x = 0, .ofs_y = -2},
    {.bitmap_index = 29528, .adv_w = 320, .box_w = 20, .box_h = 19, .ofs_x = 0, .ofs_y = -2},
    {.bitmap_index = 29718, .adv_w = 320, .box_w = 20, .box_h = 19, .ofs_x = 0, .ofs_y = -2},
    {.bitmap_index = 29908, .adv_w = 320, .box_w = 20, .box_h = 19, .ofs_x = 0, .ofs_y = -3},
    {.bitmap_index = 30098, .adv_w = 320, .box_w = 20, .box_h = 20, .ofs_x = 0, .ofs_y = -3},
    {.bitmap_index = 30298, .adv_w = 320, .box_w = 20, .box_h = 19, .ofs_x = 0, .ofs_y = -2},
    {.bitmap_index = 30488, .adv_w = 320, .box_w = 17, .box_h = 19, .ofs_x = 2, .ofs_y = -2},
    {.bitmap_index = 30650, .adv_w = 320, .box_w = 20, .box_h = 20, .ofs_x = 0, .ofs_y = -2},
    {.bitmap_index = 30850, .adv_w = 320, .box_w = 20, .box_h = 19, .ofs_x = 0, .ofs_y = -2},
    {.bitmap_index = 31040, .adv_w = 320, .box_w = 20, .box_h = 20, .ofs_x = 0, .ofs_y = -2},
    {.bitmap_index = 31240, .adv_w = 320, .box_w = 20, .box_h = 19, .ofs_x = 0, .ofs_y = -2},
    {.bitmap_index = 31430, .adv_w = 320, .box_w = 18, .box_h = 20, .ofs_x = 1, .ofs_y = -2},
    {.bitmap_index = 31610, .adv_w = 320, .box_w = 20, .box_h = 19, .ofs_x = 0, .ofs_y = -3},
    {.bitmap_index = 31800, .adv_w = 320, .box_w = 20, .box_h = 18, .ofs_x = 0, .ofs_y = -2},
    {.bitmap_index = 31980, .adv_w = 320, .box_w = 18, .box_h = 19, .ofs_x = 1, .ofs_y = -3},
    {.bitmap_index = 32151, .adv_w = 320, .box_w = 20, .box_h = 19, .ofs_x = 0, .ofs_y = -3},
    {.bitmap_index = 32341, .adv_w = 320, .box_w = 20, .box_h = 20, .ofs_x = 0, .ofs_y = -3},
    {.bitmap_index = 32541, .adv_w = 320, .box_w = 17, .box_h = 19, .ofs_x = 1, .ofs_y = -2},
    {.bitmap_index = 32703, .adv_w = 320, .box_w = 18, .box_h = 19, .ofs_x = 1, .ofs_y = -2},
    {.bitmap_index = 32874, .adv_w = 320, .box_w = 20, .box_h = 20, .ofs_x = 0, .ofs_y = -3},
    {.bitmap_index = 33074, .adv_w = 320, .box_w = 19, .box_h = 19, .ofs_x = 0, .ofs_y = -3},
    {.bitmap_index = 33255, .adv_w = 320, .box_w = 19, .box_h = 20, .ofs_x = 0, .ofs_y = -3},
    {.bitmap_index = 33445, .adv_w = 320, .box_w = 19, .box_h = 20, .ofs_x = 0, .ofs_y = -3},
    {.bitmap_index = 33635, .adv_w = 320, .box_w = 19, .box_h = 20, .ofs_x = 0, .ofs_y = -3},
    {.bitmap_index = 33825, .adv_w = 320, .box_w = 19, .box_h = 20, .ofs_x = 0, .ofs_y = -3},
    {.bitmap_index = 34015, .adv_w = 320, .box_w = 19, .box_h = 20, .ofs_x = 0, .ofs_y = -3},
    {.bitmap_index = 34205, .adv_w = 320, .box_w = 18, .box_h = 19, .ofs_x = 1, .ofs_y = -3},
    {.bitmap_index = 34376, .adv_w = 320, .box_w = 19, .box_h = 20, .ofs_x = 0, .ofs_y = -3},
    {.bitmap_index = 34566, .adv_w = 320, .box_w = 19, .box_h = 20, .ofs_x = 0, .ofs_y = -3},
    {.bitmap_index = 34756, .adv_w = 320, .box_w = 19, .box_h = 20, .ofs_x = 0, .ofs_y = -3},
    {.bitmap_index = 34946, .adv_w = 320, .box_w = 18, .box_h = 20, .ofs_x = 1, .ofs_y = -3},
    {.bitmap_index = 35126, .adv_w = 320, .box_w = 19, .box_h = 20, .ofs_x = 1, .ofs_y = -3},
    {.bitmap_index = 35316, .adv_w = 320, .box_w = 18, .box_h = 20, .ofs_x = 1, .ofs_y = -3},
    {.bitmap_index = 35496, .adv_w = 320, .box_w = 19, .box_h = 21, .ofs_x = 0, .ofs_y = -3},
    {.bitmap_index = 35696, .adv_w = 320, .box_w = 19, .box_h = 20, .ofs_x = 0, .ofs_y = -3},
    {.bitmap_index = 35886, .adv_w = 320, .box_w = 19, .box_h = 20, .ofs_x = 0, .ofs_y = -3},
    {.bitmap_index = 36076, .adv_w = 320, .box_w = 20, .box_h = 20, .ofs_x = 0, .ofs_y = -3},
    {.bitmap_index = 36276, .adv_w = 320, .box_w = 18, .box_h = 20, .ofs_x = 1, .ofs_y = -3},
    {.bitmap_index = 36456, .adv_w = 320, .box_w = 19, .box_h = 20, .ofs_x = 0, .ofs_y = -3},
    {.bitmap_index = 36646, .adv_w = 320, .box_w = 19, .box_h = 20, .ofs_x = 0, .ofs_y = -3},
    {.bitmap_index = 36836, .adv_w = 320, .box_w = 20, .box_h = 21, .ofs_x = 0, .ofs_y = -3},
    {.bitmap_index = 37046, .adv_w = 320, .box_w = 20, .box_h = 19, .ofs_x = 0, .ofs_y = -2},
    {.bitmap_index = 37236, .adv_w = 320, .box_w = 20, .box_h = 19, .ofs_x = 0, .ofs_y = -2},
    {.bitmap_index = 37426, .adv_w = 320, .box_w = 19, .box_h = 18, .ofs_x = 1, .ofs_y = -2},
    {.bitmap_index = 37597, .adv_w = 320, .box_w = 18, .box_h = 18, .ofs_x = 1, .ofs_y = -1},
    {.bitmap_index = 37759, .adv_w = 320, .box_w = 20, .box_h = 20, .ofs_x = 0, .ofs_y = -3},
    {.bitmap_index = 37959, .adv_w = 320, .box_w = 20, .box_h = 20, .ofs_x = 0, .ofs_y = -3},
    {.bitmap_index = 38159, .adv_w = 320, .box_w = 18, .box_h = 18, .ofs_x = 1, .ofs_y = -2},
    {.bitmap_index = 38321, .adv_w = 320, .box_w = 19, .box_h = 18, .ofs_x = 0, .ofs_y = -2},
    {.bitmap_index = 38492, .adv_w = 320, .box_w = 20, .box_h = 20, .ofs_x = 0, .ofs_y = -2},
    {.bitmap_index = 38692, .adv_w = 320, .box_w = 20, .box_h = 18, .ofs_x = 0, .ofs_y = -2},
    {.bitmap_index = 38872, .adv_w = 320, .box_w = 19, .box_h = 19, .ofs_x = 0, .ofs_y = -2},
    {.bitmap_index = 39053, .adv_w = 320, .box_w = 20, .box_h = 20, .ofs_x = 0, .ofs_y = -2},
    {.bitmap_index = 39253, .adv_w = 320, .box_w = 20, .box_h = 19, .ofs_x = 0, .ofs_y = -3},
    {.bitmap_index = 39443, .adv_w = 320, .box_w = 20, .box_h = 19, .ofs_x = 0, .ofs_y = -2},
    {.bitmap_index = 39633, .adv_w = 320, .box_w = 19, .box_h = 20, .ofs_x = 0, .ofs_y = -2},
    {.bitmap_index = 39823, .adv_w = 320, .box_w = 16, .box_h = 17, .ofs_x = 2, .ofs_y = -2},
    {.bitmap_index = 39959, .adv_w = 320, .box_w = 19, .box_h = 19, .ofs_x = 1, .ofs_y = -3},
    {.bitmap_index = 40140, .adv_w = 320, .box_w = 18, .box_h = 20, .ofs_x = 1, .ofs_y = -2},
    {.bitmap_index = 40320, .adv_w = 320, .box_w = 18, .box_h = 20, .ofs_x = 1, .ofs_y = -3},
    {.bitmap_index = 40500, .adv_w = 320, .box_w = 20, .box_h = 20, .ofs_x = 0, .ofs_y = -2},
    {.bitmap_index = 40700, .adv_w = 320, .box_w = 18, .box_h = 20, .ofs_x = 0, .ofs_y = -3},
    {.bitmap_index = 40880, .adv_w = 320, .box_w = 20, .box_h = 20, .ofs_x = 0, .ofs_y = -3},
    {.bitmap_index = 41080, .adv_w = 320, .box_w = 18, .box_h = 21, .ofs_x = 1, .ofs_y = -3},
    {.bitmap_index = 41269, .adv_w = 320, .box_w = 18, .box_h = 19, .ofs_x = 1, .ofs_y = -3},
    {.bitmap_index = 41440, .adv_w = 320, .box_w = 19, .box_h = 20, .ofs_x = 0, .ofs_y = -3},
    {.bitmap_index = 41630, .adv_w = 320, .box_w = 19, .box_h = 19, .ofs_x = 0, .ofs_y = -2},
    {.bitmap_index = 41811, .adv_w = 320, .box_w = 18, .box_h = 20, .ofs_x = 1, .ofs_y = -3},
    {.bitmap_index = 41991, .adv_w = 320, .box_w = 18, .box_h = 20, .ofs_x = 1, .ofs_y = -2},
    {.bitmap_index = 42171, .adv_w = 320, .box_w = 20, .box_h = 20, .ofs_x = 0, .ofs_y = -3},
    {.bitmap_index = 42371, .adv_w = 320, .box_w = 18, .box_h = 19, .ofs_x = 1, .ofs_y = -2},
    {.bitmap_index = 42542, .adv_w = 320, .box_w = 20, .box_h = 19, .ofs_x = 0, .ofs_y = -2},
    {.bitmap_index = 42732, .adv_w = 320, .box_w = 18, .box_h = 19, .ofs_x = 1, .ofs_y = -2},
    {.bitmap_index = 42903, .adv_w = 320, .box_w = 18, .box_h = 19, .ofs_x = 1, .ofs_y = -2},
    {.bitmap_index = 43074, .adv_w = 320, .box_w = 18, .box_h = 19, .ofs_x = 1, .ofs_y = -2},
    {.bitmap_index = 43245, .adv_w = 320, .box_w = 18, .box_h = 19, .ofs_x = 1, .ofs_y = -2},
    {.bitmap_index = 43416, .adv_w = 320, .box_w = 19, .box_h = 19, .ofs_x = 0, .ofs_y = -2},
    {.bitmap_index = 43597, .adv_w = 320, .box_w = 20, .box_h = 19, .ofs_x = 0, .ofs_y = -2},
    {.bitmap_index = 43787, .adv_w = 320, .box_w = 20, .box_h = 18, .ofs_x = 0, .ofs_y = -1},
    {.bitmap_index = 43967, .adv_w = 320, .box_w = 20, .box_h = 19, .ofs_x = 0, .ofs_y = -2},
    {.bitmap_index = 44157, .adv_w = 320, .box_w = 20, .box_h = 19, .ofs_x = 0, .ofs_y = -2},
    {.bitmap_index = 44347, .adv_w = 320, .box_w = 20, .box_h = 18, .ofs_x = 0, .ofs_y = -1},
    {.bitmap_index = 44527, .adv_w = 320, .box_w = 20, .box_h = 20, .ofs_x = 0, .ofs_y = -3},
    {.bitmap_index = 44727, .adv_w = 320, .box_w = 20, .box_h = 20, .ofs_x = 0, .ofs_y = -3},
    {.bitmap_index = 44927, .adv_w = 320, .box_w = 19, .box_h = 19, .ofs_x = 0, .ofs_y = -2},
    {.bitmap_index = 45108, .adv_w = 320, .box_w = 20, .box_h = 20, .ofs_x = 0, .ofs_y = -3},
    {.bitmap_index = 45308, .adv_w = 320, .box_w = 20, .box_h = 19, .ofs_x = 0, .ofs_y = -2},
    {.bitmap_index = 45498, .adv_w = 320, .box_w = 20, .box_h = 20, .ofs_x = 0, .ofs_y = -2},
    {.bitmap_index = 45698, .adv_w = 320, .box_w = 20, .box_h = 19, .ofs_x = 0, .ofs_y = -2},
    {.bitmap_index = 45888, .adv_w = 320, .box_w = 18, .box_h = 19, .ofs_x = 1, .ofs_y = -2},
    {.bitmap_index = 46059, .adv_w = 320, .box_w = 20, .box_h = 20, .ofs_x = 0, .ofs_y = -2},
    {.bitmap_index = 46259, .adv_w = 320, .box_w = 20, .box_h = 19, .ofs_x = 0, .ofs_y = -2},
    {.bitmap_index = 46449, .adv_w = 320, .box_w = 20, .box_h = 20, .ofs_x = 0, .ofs_y = -2},
    {.bitmap_index = 46649, .adv_w = 320, .box_w = 20, .box_h = 19, .ofs_x = 0, .ofs_y = -2},
    {.bitmap_index = 46839, .adv_w = 320, .box_w = 20, .box_h = 19, .ofs_x = 0, .ofs_y = -2},
    {.bitmap_index = 47029, .adv_w = 320, .box_w = 20, .box_h = 19, .ofs_x = 0, .ofs_y = -2},
    {.bitmap_index = 47219, .adv_w = 320, .box_w = 18, .box_h = 20, .ofs_x = 1, .ofs_y = -2},
    {.bitmap_index = 47399, .adv_w = 320, .box_w = 20, .box_h = 19, .ofs_x = 0, .ofs_y = -2},
    {.bitmap_index = 47589, .adv_w = 320, .box_w = 18, .box_h = 20, .ofs_x = 1, .ofs_y = -2},
    {.bitmap_index = 47769, .adv_w = 320, .box_w = 18, .box_h = 19, .ofs_x = 1, .ofs_y = -2},
    {.bitmap_index = 47940, .adv_w = 320, .box_w = 18, .box_h = 20, .ofs_x = 1, .ofs_y = -2},
    {.bitmap_index = 48120, .adv_w = 320, .box_w = 20, .box_h = 21, .ofs_x = 0, .ofs_y = -3},
    {.bitmap_index = 48330, .adv_w = 320, .box_w = 19, .box_h = 21, .ofs_x = 0, .ofs_y = -3},
    {.bitmap_index = 48530, .adv_w = 320, .box_w = 18, .box_h = 20, .ofs_x = 1, .ofs_y = -2},
    {.bitmap_index = 48710, .adv_w = 320, .box_w = 19, .box_h = 19, .ofs_x = 1, .ofs_y = -2},
    {.bitmap_index = 48891, .adv_w = 320, .box_w = 18, .box_h = 19, .ofs_x = 1, .ofs_y = -2},
    {.bitmap_index = 49062, .adv_w = 320, .box_w = 20, .box_h = 19, .ofs_x = 0, .ofs_y = -2},
    {.bitmap_index = 49252, .adv_w = 320, .box_w = 20, .box_h = 19, .ofs_x = 0, .ofs_y = -2},
    {.bitmap_index = 49442, .adv_w = 320, .box_w = 19, .box_h = 21, .ofs_x = 0, .ofs_y = -3},
    {.bitmap_index = 49642, .adv_w = 320, .box_w = 20, .box_h = 20, .ofs_x = 0, .ofs_y = -3},
    {.bitmap_index = 49842, .adv_w = 320, .box_w = 20, .box_h = 20, .ofs_x = 0, .ofs_y = -3},
    {.bitmap_index = 50042, .adv_w = 320, .box_w = 20, .box_h = 19, .ofs_x = 0, .ofs_y = -2},
    {.bitmap_index = 50232, .adv_w = 320, .box_w = 20, .box_h = 20, .ofs_x = 0, .ofs_y = -3},
    {.bitmap_index = 50432, .adv_w = 320, .box_w = 19, .box_h = 20, .ofs_x = 0, .ofs_y = -3},
    {.bitmap_index = 50622, .adv_w = 320, .box_w = 20, .box_h = 19, .ofs_x = 0, .ofs_y = -2},
    {.bitmap_index = 50812, .adv_w = 320, .box_w = 16, .box_h = 19, .ofs_x = 2, .ofs_y = -2},
    {.bitmap_index = 50964, .adv_w = 320, .box_w = 20, .box_h = 20, .ofs_x = 0, .ofs_y = -3},
    {.bitmap_index = 51164, .adv_w = 320, .box_w = 19, .box_h = 19, .ofs_x = 0, .ofs_y = -3},
    {.bitmap_index = 51345, .adv_w = 320, .box_w = 17, .box_h = 19, .ofs_x = 2, .ofs_y = -2},
    {.bitmap_index = 51507, .adv_w = 320, .box_w = 20, .box_h = 16, .ofs_x = 0, .ofs_y = -1},
    {.bitmap_index = 51667, .adv_w = 320, .box_w = 18, .box_h = 18, .ofs_x = 2, .ofs_y = -2},
    {.bitmap_index = 51829, .adv_w = 320, .box_w = 19, .box_h = 20, .ofs_x = 1, .ofs_y = -3},
    {.bitmap_index = 52019, .adv_w = 320, .box_w = 18, .box_h = 19, .ofs_x = 1, .ofs_y = -2},
    {.bitmap_index = 52190, .adv_w = 320, .box_w = 18, .box_h = 19, .ofs_x = 1, .ofs_y = -2},
    {.bitmap_index = 52361, .adv_w = 320, .box_w = 20, .box_h = 19, .ofs_x = 0, .ofs_y = -2},
    {.bitmap_index = 52551, .adv_w = 320, .box_w = 20, .box_h = 18, .ofs_x = 0, .ofs_y = -2},
    {.bitmap_index = 52731, .adv_w = 320, .box_w = 20, .box_h = 20, .ofs_x = 0, .ofs_y = -3},
    {.bitmap_index = 52931, .adv_w = 320, .box_w = 20, .box_h = 20, .ofs_x = 0, .ofs_y = -3},
    {.bitmap_index = 53131, .adv_w = 320, .box_w = 20, .box_h = 20, .ofs_x = 0, .ofs_y = -3},
    {.bitmap_index = 53331, .adv_w = 320, .box_w = 19, .box_h = 20, .ofs_x = 0, .ofs_y = -3},
    {.bitmap_index = 53521, .adv_w = 320, .box_w = 20, .box_h = 20, .ofs_x = 0, .ofs_y = -2},
    {.bitmap_index = 53721, .adv_w = 320, .box_w = 20, .box_h = 19, .ofs_x = 0, .ofs_y = -2},
    {.bitmap_index = 53911, .adv_w = 320, .box_w = 20, .box_h = 20, .ofs_x = 0, .ofs_y = -3},
    {.bitmap_index = 54111, .adv_w = 320, .box_w = 20, .box_h = 19, .ofs_x = 0, .ofs_y = -3},
    {.bitmap_index = 54301, .adv_w = 320, .box_w = 19, .box_h = 19, .ofs_x = 1, .ofs_y = -2},
    {.bitmap_index = 54482, .adv_w = 320, .box_w = 17, .box_h = 19, .ofs_x = 2, .ofs_y = -2},
    {.bitmap_index = 54644, .adv_w = 320, .box_w = 19, .box_h = 18, .ofs_x = 1, .ofs_y = -2},
    {.bitmap_index = 54815, .adv_w = 320, .box_w = 19, .box_h = 19, .ofs_x = 1, .ofs_y = -2},
    {.bitmap_index = 54996, .adv_w = 320, .box_w = 20, .box_h = 21, .ofs_x = 0, .ofs_y = -3},
    {.bitmap_index = 55206, .adv_w = 320, .box_w = 20, .box_h = 20, .ofs_x = 0, .ofs_y = -3},
    {.bitmap_index = 55406, .adv_w = 320, .box_w = 20, .box_h = 19, .ofs_x = 0, .ofs_y = -2},
    {.bitmap_index = 55596, .adv_w = 320, .box_w = 20, .box_h = 19, .ofs_x = 0, .ofs_y = -2},
    {.bitmap_index = 55786, .adv_w = 320, .box_w = 20, .box_h = 19, .ofs_x = 0, .ofs_y = -2},
    {.bitmap_index = 55976, .adv_w = 320, .box_w = 20, .box_h = 20, .ofs_x = 0, .ofs_y = -2},
    {.bitmap_index = 56176, .adv_w = 320, .box_w = 20, .box_h = 19, .ofs_x = 0, .ofs_y = -2},
    {.bitmap_index = 56366, .adv_w = 320, .box_w = 20, .box_h = 21, .ofs_x = 0, .ofs_y = -3},
    {.bitmap_index = 56576, .adv_w = 320, .box_w = 20, .box_h = 19, .ofs_x = 0, .ofs_y = -2},
    {.bitmap_index = 56766, .adv_w = 320, .box_w = 18, .box_h = 20, .ofs_x = 1, .ofs_y = -2},
    {.bitmap_index = 56946, .adv_w = 320, .box_w = 19, .box_h = 20, .ofs_x = 0, .ofs_y = -2},
    {.bitmap_index = 57136, .adv_w = 320, .box_w = 19, .box_h = 19, .ofs_x = 1, .ofs_y = -2},
    {.bitmap_index = 57317, .adv_w = 320, .box_w = 20, .box_h = 21, .ofs_x = 0, .ofs_y = -3},
    {.bitmap_index = 57527, .adv_w = 320, .box_w = 20, .box_h = 21, .ofs_x = 0, .ofs_y = -3},
    {.bitmap_index = 57737, .adv_w = 320, .box_w = 20, .box_h = 20, .ofs_x = 0, .ofs_y = -3},
    {.bitmap_index = 57937, .adv_w = 320, .box_w = 19, .box_h = 20, .ofs_x = 1, .ofs_y = -3},
    {.bitmap_index = 58127, .adv_w = 320, .box_w = 20, .box_h = 20, .ofs_x = 0, .ofs_y = -3},
    {.bitmap_index = 58327, .adv_w = 320, .box_w = 19, .box_h = 19, .ofs_x = 0, .ofs_y = -2},
    {.bitmap_index = 58508, .adv_w = 320, .box_w = 20, .box_h = 20, .ofs_x = 0, .ofs_y = -3},
    {.bitmap_index = 58708, .adv_w = 320, .box_w = 20, .box_h = 20, .ofs_x = 0, .ofs_y = -3},
    {.bitmap_index = 58908, .adv_w = 320, .box_w = 20, .box_h = 20, .ofs_x = 0, .ofs_y = -3},
    {.bitmap_index = 59108, .adv_w = 320, .box_w = 20, .box_h = 20, .ofs_x = 0, .ofs_y = -3},
    {.bitmap_index = 59308, .adv_w = 320, .box_w = 19, .box_h = 20, .ofs_x = 0, .ofs_y = -3},
    {.bitmap_index = 59498, .adv_w = 320, .box_w = 20, .box_h = 20, .ofs_x = 0, .ofs_y = -3},
    {.bitmap_index = 59698, .adv_w = 320, .box_w = 19, .box_h = 19, .ofs_x = 0, .ofs_y = -2},
    {.bitmap_index = 59879, .adv_w = 320, .box_w = 20, .box_h = 20, .ofs_x = 0, .ofs_y = -3},
    {.bitmap_index = 60079, .adv_w = 320, .box_w = 20, .box_h = 20, .ofs_x = 0, .ofs_y = -2},
    {.bitmap_index = 60279, .adv_w = 320, .box_w = 20, .box_h = 20, .ofs_x = 0, .ofs_y = -3},
    {.bitmap_index = 60479, .adv_w = 320, .box_w = 20, .box_h = 20, .ofs_x = 0, .ofs_y = -3},
    {.bitmap_index = 60679, .adv_w = 320, .box_w = 19, .box_h = 19, .ofs_x = 0, .ofs_y = -2},
    {.bitmap_index = 60860, .adv_w = 320, .box_w = 20, .box_h = 20, .ofs_x = 0, .ofs_y = -3},
    {.bitmap_index = 61060, .adv_w = 320, .box_w = 20, .box_h = 20, .ofs_x = 0, .ofs_y = -3},
    {.bitmap_index = 61260, .adv_w = 320, .box_w = 20, .box_h = 19, .ofs_x = 0, .ofs_y = -2},
    {.bitmap_index = 61450, .adv_w = 320, .box_w = 20, .box_h = 20, .ofs_x = 0, .ofs_y = -3},
    {.bitmap_index = 61650, .adv_w = 320, .box_w = 20, .box_h = 20, .ofs_x = 0, .ofs_y = -3},
    {.bitmap_index = 61850, .adv_w = 320, .box_w = 20, .box_h = 20, .ofs_x = 0, .ofs_y = -3},
    {.bitmap_index = 62050, .adv_w = 320, .box_w = 20, .box_h = 20, .ofs_x = 0, .ofs_y = -3},
    {.bitmap_index = 62250, .adv_w = 320, .box_w = 20, .box_h = 19, .ofs_x = 0, .ofs_y = -2},
    {.bitmap_index = 62440, .adv_w = 320, .box_w = 20, .box_h = 19, .ofs_x = 0, .ofs_y = -2},
    {.bitmap_index = 62630, .adv_w = 320, .box_w = 20, .box_h = 19, .ofs_x = 0, .ofs_y = -2},
    {.bitmap_index = 62820, .adv_w = 320, .box_w = 20, .box_h = 20, .ofs_x = 0, .ofs_y = -3},
    {.bitmap_index = 63020, .adv_w = 320, .box_w = 20, .box_h = 19, .ofs_x = 0, .ofs_y = -2},
    {.bitmap_index = 63210, .adv_w = 320, .box_w = 19, .box_h = 20, .ofs_x = 1, .ofs_y = -3},
    {.bitmap_index = 63400, .adv_w = 320, .box_w = 19, .box_h = 19, .ofs_x = 1, .ofs_y = -2},
    {.bitmap_index = 63581, .adv_w = 320, .box_w = 20, .box_h = 19, .ofs_x = 0, .ofs_y = -2},
    {.bitmap_index = 63771, .adv_w = 320, .box_w = 20, .box_h = 19, .ofs_x = 0, .ofs_y = -2},
    {.bitmap_index = 63961, .adv_w = 320, .box_w = 20, .box_h = 20, .ofs_x = 0, .ofs_y = -3},
    {.bitmap_index = 64161, .adv_w = 320, .box_w = 20, .box_h = 19, .ofs_x = 0, .ofs_y = -2},
    {.bitmap_index = 64351, .adv_w = 320, .box_w = 20, .box_h = 20, .ofs_x = 0, .ofs_y = -2},
    {.bitmap_index = 64551, .adv_w = 320, .box_w = 20, .box_h = 20, .ofs_x = 0, .ofs_y = -2},
    {.bitmap_index = 64751, .adv_w = 320, .box_w = 20, .box_h = 20, .ofs_x = 0, .ofs_y = -3},
    {.bitmap_index = 64951, .adv_w = 320, .box_w = 19, .box_h = 20, .ofs_x = 1, .ofs_y = -3},
    {.bitmap_index = 65141, .adv_w = 320, .box_w = 20, .box_h = 21, .ofs_x = 0, .ofs_y = -3},
    {.bitmap_index = 65351, .adv_w = 320, .box_w = 19, .box_h = 19, .ofs_x = 1, .ofs_y = -2},
    {.bitmap_index = 65532, .adv_w = 320, .box_w = 19, .box_h = 21, .ofs_x = 0, .ofs_y = -3},
    {.bitmap_index = 65732, .adv_w = 320, .box_w = 20, .box_h = 21, .ofs_x = 0, .ofs_y = -3},
    {.bitmap_index = 65942, .adv_w = 320, .box_w = 20, .box_h = 19, .ofs_x = 0, .ofs_y = -3},
    {.bitmap_index = 66132, .adv_w = 320, .box_w = 14, .box_h = 18, .ofs_x = 3, .ofs_y = -2},
    {.bitmap_index = 66258, .adv_w = 320, .box_w = 19, .box_h = 20, .ofs_x = 1, .ofs_y = -3},
    {.bitmap_index = 66448, .adv_w = 320, .box_w = 19, .box_h = 19, .ofs_x = 1, .ofs_y = -2},
    {.bitmap_index = 66629, .adv_w = 320, .box_w = 20, .box_h = 17, .ofs_x = 0, .ofs_y = -1},
    {.bitmap_index = 66799, .adv_w = 320, .box_w = 19, .box_h = 20, .ofs_x = 1, .ofs_y = -3},
    {.bitmap_index = 66989, .adv_w = 320, .box_w = 18, .box_h = 19, .ofs_x = 0, .ofs_y = -2},
    {.bitmap_index = 67160, .adv_w = 320, .box_w = 19, .box_h = 19, .ofs_x = 1, .ofs_y = -2},
    {.bitmap_index = 67341, .adv_w = 320, .box_w = 19, .box_h = 19, .ofs_x = 1, .ofs_y = -3},
    {.bitmap_index = 67522, .adv_w = 320, .box_w = 18, .box_h = 20, .ofs_x = 1, .ofs_y = -2},
    {.bitmap_index = 67702, .adv_w = 320, .box_w = 20, .box_h = 19, .ofs_x = 0, .ofs_y = -2},
    {.bitmap_index = 67892, .adv_w = 320, .box_w = 19, .box_h = 19, .ofs_x = 0, .ofs_y = -2},
    {.bitmap_index = 68073, .adv_w = 320, .box_w = 19, .box_h = 20, .ofs_x = 0, .ofs_y = -3},
    {.bitmap_index = 68263, .adv_w = 320, .box_w = 20, .box_h = 19, .ofs_x = 0, .ofs_y = -2},
    {.bitmap_index = 68453, .adv_w = 320, .box_w = 20, .box_h = 19, .ofs_x = 0, .ofs_y = -2},
    {.bitmap_index = 68643, .adv_w = 320, .box_w = 20, .box_h = 19, .ofs_x = 0, .ofs_y = -2},
    {.bitmap_index = 68833, .adv_w = 320, .box_w = 20, .box_h = 19, .ofs_x = 0, .ofs_y = -2},
    {.bitmap_index = 69023, .adv_w = 320, .box_w = 20, .box_h = 19, .ofs_x = 0, .ofs_y = -2},
    {.bitmap_index = 69213, .adv_w = 320, .box_w = 20, .box_h = 19, .ofs_x = 0, .ofs_y = -2},
    {.bitmap_index = 69403, .adv_w = 320, .box_w = 20, .box_h = 19, .ofs_x = 0, .ofs_y = -2},
    {.bitmap_index = 69593, .adv_w = 320, .box_w = 20, .box_h = 20, .ofs_x = 0, .ofs_y = -3},
    {.bitmap_index = 69793, .adv_w = 320, .box_w = 20, .box_h = 18, .ofs_x = 0, .ofs_y = -2},
    {.bitmap_index = 69973, .adv_w = 320, .box_w = 20, .box_h = 20, .ofs_x = 0, .ofs_y = -2},
    {.bitmap_index = 70173, .adv_w = 320, .box_w = 20, .box_h = 19, .ofs_x = 0, .ofs_y = -2},
    {.bitmap_index = 70363, .adv_w = 320, .box_w = 20, .box_h = 20, .ofs_x = 0, .ofs_y = -3},
    {.bitmap_index = 70563, .adv_w = 320, .box_w = 20, .box_h = 20, .ofs_x = 0, .ofs_y = -3},
    {.bitmap_index = 70763, .adv_w = 320, .box_w = 20, .box_h = 20, .ofs_x = 0, .ofs_y = -2},
    {.bitmap_index = 70963, .adv_w = 320, .box_w = 20, .box_h = 19, .ofs_x = 0, .ofs_y = -2},
    {.bitmap_index = 71153, .adv_w = 320, .box_w = 20, .box_h = 19, .ofs_x = 0, .ofs_y = -2},
    {.bitmap_index = 71343, .adv_w = 320, .box_w = 20, .box_h = 19, .ofs_x = 0, .ofs_y = -2},
    {.bitmap_index = 71533, .adv_w = 320, .box_w = 20, .box_h = 20, .ofs_x = 0, .ofs_y = -3},
    {.bitmap_index = 71733, .adv_w = 320, .box_w = 20, .box_h = 19, .ofs_x = 0, .ofs_y = -2},
    {.bitmap_index = 71923, .adv_w = 320, .box_w = 20, .box_h = 19, .ofs_x = 0, .ofs_y = -2},
    {.bitmap_index = 72113, .adv_w = 320, .box_w = 20, .box_h = 19, .ofs_x = 0, .ofs_y = -2},
    {.bitmap_index = 72303, .adv_w = 320, .box_w = 20, .box_h = 20, .ofs_x = 0, .ofs_y = -3},
    {.bitmap_index = 72503, .adv_w = 320, .box_w = 20, .box_h = 19, .ofs_x = 0, .ofs_y = -2},
    {.bitmap_index = 72693, .adv_w = 320, .box_w = 19, .box_h = 20, .ofs_x = 0, .ofs_y = -3},
    {.bitmap_index = 72883, .adv_w = 320, .box_w = 20, .box_h = 20, .ofs_x = 0, .ofs_y = -3},
    {.bitmap_index = 73083, .adv_w = 320, .box_w = 20, .box_h = 20, .ofs_x = 0, .ofs_y = -2},
    {.bitmap_index = 73283, .adv_w = 320, .box_w = 19, .box_h = 19, .ofs_x = 1, .ofs_y = -2},
    {.bitmap_index = 73464, .adv_w = 320, .box_w = 19, .box_h = 19, .ofs_x = 1, .ofs_y = -2},
    {.bitmap_index = 73645, .adv_w = 320, .box_w = 20, .box_h = 17, .ofs_x = 0, .ofs_y = -1},
    {.bitmap_index = 73815, .adv_w = 320, .box_w = 20, .box_h = 20, .ofs_x = 0, .ofs_y = -3},
    {.bitmap_index = 74015, .adv_w = 320, .box_w = 20, .box_h = 20, .ofs_x = 0, .ofs_y = -3},
    {.bitmap_index = 74215, .adv_w = 320, .box_w = 20, .box_h = 20, .ofs_x = 0, .ofs_y = -3},
    {.bitmap_index = 74415, .adv_w = 320, .box_w = 20, .box_h = 20, .ofs_x = 0, .ofs_y = -3},
    {.bitmap_index = 74615, .adv_w = 320, .box_w = 20, .box_h = 19, .ofs_x = 0, .ofs_y = -2},
    {.bitmap_index = 74805, .adv_w = 320, .box_w = 20, .box_h = 19, .ofs_x = 0, .ofs_y = -2},
    {.bitmap_index = 74995, .adv_w = 320, .box_w = 20, .box_h = 20, .ofs_x = 0, .ofs_y = -2},
    {.bitmap_index = 75195, .adv_w = 320, .box_w = 20, .box_h = 19, .ofs_x = 0, .ofs_y = -2},
    {.bitmap_index = 75385, .adv_w = 320, .box_w = 20, .box_h = 19, .ofs_x = 0, .ofs_y = -2},
    {.bitmap_index = 75575, .adv_w = 320, .box_w = 20, .box_h = 19, .ofs_x = 0, .ofs_y = -2},
    {.bitmap_index = 75765, .adv_w = 320, .box_w = 19, .box_h = 20, .ofs_x = 0, .ofs_y = -3},
    {.bitmap_index = 75955, .adv_w = 320, .box_w = 20, .box_h = 19, .ofs_x = 0, .ofs_y = -2},
    {.bitmap_index = 76145, .adv_w = 320, .box_w = 20, .box_h = 19, .ofs_x = 0, .ofs_y = -2},
    {.bitmap_index = 76335, .adv_w = 320, .box_w = 20, .box_h = 19, .ofs_x = 0, .ofs_y = -2},
    {.bitmap_index = 76525, .adv_w = 320, .box_w = 20, .box_h = 21, .ofs_x = 0, .ofs_y = -3},
    {.bitmap_index = 76735, .adv_w = 320, .box_w = 20, .box_h = 19, .ofs_x = 0, .ofs_y = -2},
    {.bitmap_index = 76925, .adv_w = 320, .box_w = 19, .box_h = 20, .ofs_x = 0, .ofs_y = -3},
    {.bitmap_index = 77115, .adv_w = 320, .box_w = 20, .box_h = 20, .ofs_x = 0, .ofs_y = -2},
    {.bitmap_index = 77315, .adv_w = 320, .box_w = 20, .box_h = 19, .ofs_x = 0, .ofs_y = -2},
    {.bitmap_index = 77505, .adv_w = 320, .box_w = 20, .box_h = 20, .ofs_x = 0, .ofs_y = -2},
    {.bitmap_index = 77705, .adv_w = 320, .box_w = 20, .box_h = 20, .ofs_x = 0, .ofs_y = -3},
    {.bitmap_index = 77905, .adv_w = 320, .box_w = 20, .box_h = 19, .ofs_x = 0, .ofs_y = -2},
    {.bitmap_index = 78095, .adv_w = 320, .box_w = 20, .box_h = 19, .ofs_x = 0, .ofs_y = -2},
    {.bitmap_index = 78285, .adv_w = 320, .box_w = 20, .box_h = 19, .ofs_x = 0, .ofs_y = -2},
    {.bitmap_index = 78475, .adv_w = 320, .box_w = 20, .box_h = 20, .ofs_x = 0, .ofs_y = -3},
    {.bitmap_index = 78675, .adv_w = 320, .box_w = 20, .box_h = 19, .ofs_x = 0, .ofs_y = -2},
    {.bitmap_index = 78865, .adv_w = 320, .box_w = 20, .box_h = 20, .ofs_x = 0, .ofs_y = -2},
    {.bitmap_index = 79065, .adv_w = 320, .box_w = 20, .box_h = 19, .ofs_x = 0, .ofs_y = -2},
    {.bitmap_index = 79255, .adv_w = 320, .box_w = 20, .box_h = 20, .ofs_x = 0, .ofs_y = -3},
    {.bitmap_index = 79455, .adv_w = 320, .box_w = 18, .box_h = 21, .ofs_x = 0, .ofs_y = -3},
    {.bitmap_index = 79644, .adv_w = 320, .box_w = 20, .box_h = 20, .ofs_x = 0, .ofs_y = -3},
    {.bitmap_index = 79844, .adv_w = 320, .box_w = 20, .box_h = 21, .ofs_x = 0, .ofs_y = -3},
    {.bitmap_index = 80054, .adv_w = 320, .box_w = 20, .box_h = 20, .ofs_x = 0, .ofs_y = -3},
    {.bitmap_index = 80254, .adv_w = 320, .box_w = 20, .box_h = 19, .ofs_x = 0, .ofs_y = -2},
    {.bitmap_index = 80444, .adv_w = 320, .box_w = 20, .box_h = 20, .ofs_x = 0, .ofs_y = -3},
    {.bitmap_index = 80644, .adv_w = 320, .box_w = 20, .box_h = 20, .ofs_x = 0, .ofs_y = -3},
    {.bitmap_index = 80844, .adv_w = 320, .box_w = 20, .box_h = 19, .ofs_x = 0, .ofs_y = -2},
    {.bitmap_index = 81034, .adv_w = 320, .box_w = 20, .box_h = 18, .ofs_x = 0, .ofs_y = -2},
    {.bitmap_index = 81214, .adv_w = 320, .box_w = 20, .box_h = 20, .ofs_x = 0, .ofs_y = -3},
    {.bitmap_index = 81414, .adv_w = 320, .box_w = 20, .box_h = 20, .ofs_x = 0, .ofs_y = -3},
    {.bitmap_index = 81614, .adv_w = 320, .box_w = 20, .box_h = 19, .ofs_x = 0, .ofs_y = -2},
    {.bitmap_index = 81804, .adv_w = 320, .box_w = 20, .box_h = 19, .ofs_x = 0, .ofs_y = -2},
    {.bitmap_index = 81994, .adv_w = 320, .box_w = 18, .box_h = 19, .ofs_x = 0, .ofs_y = -3},
    {.bitmap_index = 82165, .adv_w = 320, .box_w = 18, .box_h = 19, .ofs_x = 2, .ofs_y = -2},
    {.bitmap_index = 82336, .adv_w = 320, .box_w = 18, .box_h = 18, .ofs_x = 1, .ofs_y = -2},
    {.bitmap_index = 82498, .adv_w = 320, .box_w = 18, .box_h = 20, .ofs_x = 1, .ofs_y = -2},
    {.bitmap_index = 82678, .adv_w = 320, .box_w = 20, .box_h = 19, .ofs_x = 0, .ofs_y = -2},
    {.bitmap_index = 82868, .adv_w = 320, .box_w = 20, .box_h = 20, .ofs_x = 0, .ofs_y = -3},
    {.bitmap_index = 83068, .adv_w = 320, .box_w = 18, .box_h = 18, .ofs_x = 1, .ofs_y = -2},
    {.bitmap_index = 83230, .adv_w = 320, .box_w = 18, .box_h = 20, .ofs_x = 1, .ofs_y = -3},
    {.bitmap_index = 83410, .adv_w = 320, .box_w = 20, .box_h = 19, .ofs_x = 0, .ofs_y = -2},
    {.bitmap_index = 83600, .adv_w = 320, .box_w = 20, .box_h = 19, .ofs_x = 0, .ofs_y = -2},
    {.bitmap_index = 83790, .adv_w = 320, .box_w = 14, .box_h = 18, .ofs_x = 3, .ofs_y = -2},
    {.bitmap_index = 83916, .adv_w = 320, .box_w = 19, .box_h = 20, .ofs_x = 0, .ofs_y = -3},
    {.bitmap_index = 84106, .adv_w = 320, .box_w = 19, .box_h = 20, .ofs_x = 1, .ofs_y = -2},
    {.bitmap_index = 84296, .adv_w = 320, .box_w = 19, .box_h = 19, .ofs_x = 1, .ofs_y = -2},
    {.bitmap_index = 84477, .adv_w = 320, .box_w = 19, .box_h = 19, .ofs_x = 0, .ofs_y = -3},
    {.bitmap_index = 84658, .adv_w = 320, .box_w = 20, .box_h = 19, .ofs_x = 0, .ofs_y = -2},
    {.bitmap_index = 84848, .adv_w = 320, .box_w = 19, .box_h = 20, .ofs_x = 0, .ofs_y = -3},
    {.bitmap_index = 85038, .adv_w = 320, .box_w = 20, .box_h = 20, .ofs_x = 0, .ofs_y = -3},
    {.bitmap_index = 85238, .adv_w = 320, .box_w = 19, .box_h = 19, .ofs_x = 0, .ofs_y = -2},
    {.bitmap_index = 85419, .adv_w = 320, .box_w = 19, .box_h = 20, .ofs_x = 0, .ofs_y = -3},
    {.bitmap_index = 85609, .adv_w = 320, .box_w = 19, .box_h = 19, .ofs_x = 0, .ofs_y = -3},
    {.bitmap_index = 85790, .adv_w = 320, .box_w = 20, .box_h = 19, .ofs_x = 0, .ofs_y = -2},
    {.bitmap_index = 85980, .adv_w = 320, .box_w = 20, .box_h = 19, .ofs_x = 0, .ofs_y = -2},
    {.bitmap_index = 86170, .adv_w = 320, .box_w = 20, .box_h = 20, .ofs_x = 0, .ofs_y = -3},
    {.bitmap_index = 86370, .adv_w = 320, .box_w = 20, .box_h = 19, .ofs_x = 0, .ofs_y = -2},
    {.bitmap_index = 86560, .adv_w = 320, .box_w = 20, .box_h = 19, .ofs_x = 0, .ofs_y = -2},
    {.bitmap_index = 86750, .adv_w = 320, .box_w = 20, .box_h = 20, .ofs_x = 0, .ofs_y = -3},
    {.bitmap_index = 86950, .adv_w = 320, .box_w = 18, .box_h = 19, .ofs_x = 1, .ofs_y = -1},
    {.bitmap_index = 87121, .adv_w = 320, .box_w = 19, .box_h = 18, .ofs_x = 1, .ofs_y = -1},
    {.bitmap_index = 87292, .adv_w = 320, .box_w = 20, .box_h = 20, .ofs_x = 0, .ofs_y = -3},
    {.bitmap_index = 87492, .adv_w = 320, .box_w = 20, .box_h = 20, .ofs_x = 0, .ofs_y = -3},
    {.bitmap_index = 87692, .adv_w = 320, .box_w = 20, .box_h = 21, .ofs_x = 0, .ofs_y = -3},
    {.bitmap_index = 87902, .adv_w = 320, .box_w = 20, .box_h = 19, .ofs_x = 0, .ofs_y = -2},
    {.bitmap_index = 88092, .adv_w = 320, .box_w = 20, .box_h = 19, .ofs_x = 0, .ofs_y = -2},
    {.bitmap_index = 88282, .adv_w = 320, .box_w = 19, .box_h = 19, .ofs_x = 0, .ofs_y = -2},
    {.bitmap_index = 88463, .adv_w = 320, .box_w = 20, .box_h = 20, .ofs_x = 0, .ofs_y = -2},
    {.bitmap_index = 88663, .adv_w = 320, .box_w = 20, .box_h = 19, .ofs_x = 0, .ofs_y = -2},
    {.bitmap_index = 88853, .adv_w = 320, .box_w = 20, .box_h = 21, .ofs_x = 0, .ofs_y = -3},
    {.bitmap_index = 89063, .adv_w = 320, .box_w = 20, .box_h = 19, .ofs_x = 0, .ofs_y = -2},
    {.bitmap_index = 89253, .adv_w = 320, .box_w = 19, .box_h = 19, .ofs_x = 1, .ofs_y = -2},
    {.bitmap_index = 89434, .adv_w = 320, .box_w = 18, .box_h = 19, .ofs_x = 1, .ofs_y = -2},
    {.bitmap_index = 89605, .adv_w = 320, .box_w = 20, .box_h = 20, .ofs_x = 0, .ofs_y = -2},
    {.bitmap_index = 89805, .adv_w = 320, .box_w = 20, .box_h = 19, .ofs_x = 0, .ofs_y = -2},
    {.bitmap_index = 89995, .adv_w = 320, .box_w = 20, .box_h = 19, .ofs_x = 0, .ofs_y = -2},
    {.bitmap_index = 90185, .adv_w = 320, .box_w = 20, .box_h = 21, .ofs_x = 0, .ofs_y = -3},
    {.bitmap_index = 90395, .adv_w = 320, .box_w = 20, .box_h = 19, .ofs_x = 0, .ofs_y = -2},
    {.bitmap_index = 90585, .adv_w = 320, .box_w = 20, .box_h = 20, .ofs_x = 0, .ofs_y = -3},
    {.bitmap_index = 90785, .adv_w = 320, .box_w = 20, .box_h = 20, .ofs_x = 0, .ofs_y = -3},
    {.bitmap_index = 90985, .adv_w = 320, .box_w = 19, .box_h = 19, .ofs_x = 0, .ofs_y = -2},
    {.bitmap_index = 91166, .adv_w = 320, .box_w = 20, .box_h = 19, .ofs_x = 0, .ofs_y = -2},
    {.bitmap_index = 91356, .adv_w = 320, .box_w = 20, .box_h = 20, .ofs_x = 0, .ofs_y = -2},
    {.bitmap_index = 91556, .adv_w = 320, .box_w = 19, .box_h = 21, .ofs_x = 0, .ofs_y = -3},
    {.bitmap_index = 91756, .adv_w = 320, .box_w = 20, .box_h = 19, .ofs_x = 0, .ofs_y = -2},
    {.bitmap_index = 91946, .adv_w = 320, .box_w = 19, .box_h = 19, .ofs_x = 1, .ofs_y = -2},
    {.bitmap_index = 92127, .adv_w = 320, .box_w = 20, .box_h = 19, .ofs_x = 0, .ofs_y = -2},
    {.bitmap_index = 92317, .adv_w = 320, .box_w = 19, .box_h = 19, .ofs_x = 0, .ofs_y = -2},
    {.bitmap_index = 92498, .adv_w = 320, .box_w = 20, .box_h = 20, .ofs_x = 0, .ofs_y = -2},
    {.bitmap_index = 92698, .adv_w = 320, .box_w = 20, .box_h = 20, .ofs_x = 0, .ofs_y = -3},
    {.bitmap_index = 92898, .adv_w = 320, .box_w = 20, .box_h = 19, .ofs_x = 0, .ofs_y = -2},
    {.bitmap_index = 93088, .adv_w = 320, .box_w = 19, .box_h = 20, .ofs_x = 0, .ofs_y = -3},
    {.bitmap_index = 93278, .adv_w = 320, .box_w = 20, .box_h = 20, .ofs_x = 0, .ofs_y = -2},
    {.bitmap_index = 93478, .adv_w = 320, .box_w = 18, .box_h = 18, .ofs_x = 1, .ofs_y = -2},
    {.bitmap_index = 93640, .adv_w = 320, .box_w = 18, .box_h = 19, .ofs_x = 1, .ofs_y = -2},
    {.bitmap_index = 93811, .adv_w = 320, .box_w = 20, .box_h = 19, .ofs_x = 0, .ofs_y = -2},
    {.bitmap_index = 94001, .adv_w = 320, .box_w = 18, .box_h = 19, .ofs_x = 1, .ofs_y = -2},
    {.bitmap_index = 94172, .adv_w = 320, .box_w = 19, .box_h = 19, .ofs_x = 1, .ofs_y = -2},
    {.bitmap_index = 94353, .adv_w = 320, .box_w = 19, .box_h = 19, .ofs_x = 1, .ofs_y = -2},
    {.bitmap_index = 94534, .adv_w = 320, .box_w = 20, .box_h = 21, .ofs_x = 0, .ofs_y = -3},
    {.bitmap_index = 94744, .adv_w = 320, .box_w = 20, .box_h = 21, .ofs_x = 0, .ofs_y = -3},
    {.bitmap_index = 94954, .adv_w = 320, .box_w = 15, .box_h = 19, .ofs_x = 3, .ofs_y = -2},
    {.bitmap_index = 95097, .adv_w = 320, .box_w = 19, .box_h = 17, .ofs_x = 1, .ofs_y = -1},
    {.bitmap_index = 95259, .adv_w = 320, .box_w = 20, .box_h = 19, .ofs_x = 0, .ofs_y = -2},
    {.bitmap_index = 95449, .adv_w = 320, .box_w = 18, .box_h = 19, .ofs_x = 1, .ofs_y = -2},
    {.bitmap_index = 95620, .adv_w = 320, .box_w = 20, .box_h = 20, .ofs_x = 0, .ofs_y = -3},
    {.bitmap_index = 95820, .adv_w = 320, .box_w = 20, .box_h = 20, .ofs_x = 0, .ofs_y = -3},
    {.bitmap_index = 96020, .adv_w = 320, .box_w = 19, .box_h = 19, .ofs_x = 0, .ofs_y = -2},
    {.bitmap_index = 96201, .adv_w = 320, .box_w = 20, .box_h = 20, .ofs_x = 0, .ofs_y = -3},
    {.bitmap_index = 96401, .adv_w = 320, .box_w = 20, .box_h = 19, .ofs_x = 0, .ofs_y = -2},
    {.bitmap_index = 96591, .adv_w = 320, .box_w = 20, .box_h = 19, .ofs_x = 0, .ofs_y = -2},
    {.bitmap_index = 96781, .adv_w = 320, .box_w = 20, .box_h = 20, .ofs_x = 0, .ofs_y = -2},
    {.bitmap_index = 96981, .adv_w = 320, .box_w = 20, .box_h = 19, .ofs_x = 0, .ofs_y = -2},
    {.bitmap_index = 97171, .adv_w = 320, .box_w = 20, .box_h = 19, .ofs_x = 0, .ofs_y = -2},
    {.bitmap_index = 97361, .adv_w = 320, .box_w = 20, .box_h = 20, .ofs_x = 0, .ofs_y = -3},
    {.bitmap_index = 97561, .adv_w = 320, .box_w = 19, .box_h = 19, .ofs_x = 1, .ofs_y = -2},
    {.bitmap_index = 97742, .adv_w = 320, .box_w = 20, .box_h = 20, .ofs_x = 0, .ofs_y = -3},
    {.bitmap_index = 97942, .adv_w = 320, .box_w = 20, .box_h = 21, .ofs_x = 0, .ofs_y = -3},
    {.bitmap_index = 98152, .adv_w = 320, .box_w = 20, .box_h = 20, .ofs_x = 0, .ofs_y = -3},
    {.bitmap_index = 98352, .adv_w = 320, .box_w = 19, .box_h = 19, .ofs_x = 1, .ofs_y = -2},
    {.bitmap_index = 98533, .adv_w = 320, .box_w = 20, .box_h = 21, .ofs_x = 0, .ofs_y = -3},
    {.bitmap_index = 98743, .adv_w = 320, .box_w = 20, .box_h = 20, .ofs_x = 0, .ofs_y = -3},
    {.bitmap_index = 98943, .adv_w = 320, .box_w = 20, .box_h = 19, .ofs_x = 0, .ofs_y = -2},
    {.bitmap_index = 99133, .adv_w = 320, .box_w = 20, .box_h = 19, .ofs_x = 0, .ofs_y = -2},
    {.bitmap_index = 99323, .adv_w = 320, .box_w = 20, .box_h = 20, .ofs_x = 0, .ofs_y = -3},
    {.bitmap_index = 99523, .adv_w = 320, .box_w = 20, .box_h = 20, .ofs_x = 0, .ofs_y = -2},
    {.bitmap_index = 99723, .adv_w = 320, .box_w = 20, .box_h = 19, .ofs_x = 0, .ofs_y = -2},
    {.bitmap_index = 99913, .adv_w = 320, .box_w = 20, .box_h = 19, .ofs_x = 0, .ofs_y = -2},
    {.bitmap_index = 100103, .adv_w = 320, .box_w = 20, .box_h = 20, .ofs_x = 0, .ofs_y = -3},
    {.bitmap_index = 100303, .adv_w = 320, .box_w = 20, .box_h = 21, .ofs_x = 0, .ofs_y = -3},
    {.bitmap_index = 100513, .adv_w = 320, .box_w = 19, .box_h = 20, .ofs_x = 0, .ofs_y = -3},
    {.bitmap_index = 100703, .adv_w = 320, .box_w = 20, .box_h = 19, .ofs_x = 0, .ofs_y = -2},
    {.bitmap_index = 100893, .adv_w = 320, .box_w = 20, .box_h = 20, .ofs_x = 0, .ofs_y = -3},
    {.bitmap_index = 101093, .adv_w = 320, .box_w = 20, .box_h = 20, .ofs_x = 0, .ofs_y = -3},
    {.bitmap_index = 101293, .adv_w = 320, .box_w = 20, .box_h = 20, .ofs_x = 0, .ofs_y = -2},
    {.bitmap_index = 101493, .adv_w = 320, .box_w = 20, .box_h = 20, .ofs_x = 0, .ofs_y = -3},
    {.bitmap_index = 101693, .adv_w = 320, .box_w = 20, .box_h = 20, .ofs_x = 0, .ofs_y = -3},
    {.bitmap_index = 101893, .adv_w = 320, .box_w = 19, .box_h = 20, .ofs_x = 0, .ofs_y = -3},
    {.bitmap_index = 102083, .adv_w = 320, .box_w = 20, .box_h = 19, .ofs_x = 0, .ofs_y = -2},
    {.bitmap_index = 102273, .adv_w = 320, .box_w = 20, .box_h = 19, .ofs_x = 0, .ofs_y = -2},
    {.bitmap_index = 102463, .adv_w = 320, .box_w = 20, .box_h = 19, .ofs_x = 0, .ofs_y = -2},
    {.bitmap_index = 102653, .adv_w = 320, .box_w = 20, .box_h = 19, .ofs_x = 0, .ofs_y = -2},
    {.bitmap_index = 102843, .adv_w = 320, .box_w = 20, .box_h = 19, .ofs_x = 0, .ofs_y = -2},
    {.bitmap_index = 103033, .adv_w = 320, .box_w = 20, .box_h = 19, .ofs_x = 0, .ofs_y = -2},
    {.bitmap_index = 103223, .adv_w = 320, .box_w = 19, .box_h = 19, .ofs_x = 0, .ofs_y = -2},
    {.bitmap_index = 103404, .adv_w = 320, .box_w = 20, .box_h = 20, .ofs_x = 0, .ofs_y = -3},
    {.bitmap_index = 103604, .adv_w = 320, .box_w = 20, .box_h = 19, .ofs_x = 0, .ofs_y = -2},
    {.bitmap_index = 103794, .adv_w = 320, .box_w = 20, .box_h = 20, .ofs_x = 0, .ofs_y = -2},
    {.bitmap_index = 103994, .adv_w = 320, .box_w = 20, .box_h = 19, .ofs_x = 0, .ofs_y = -2},
    {.bitmap_index = 104184, .adv_w = 320, .box_w = 20, .box_h = 19, .ofs_x = 0, .ofs_y = -2},
    {.bitmap_index = 104374, .adv_w = 320, .box_w = 20, .box_h = 19, .ofs_x = 0, .ofs_y = -2},
    {.bitmap_index = 104564, .adv_w = 320, .box_w = 20, .box_h = 19, .ofs_x = 0, .ofs_y = -2},
    {.bitmap_index = 104754, .adv_w = 320, .box_w = 19, .box_h = 20, .ofs_x = 0, .ofs_y = -3},
    {.bitmap_index = 104944, .adv_w = 320, .box_w = 19, .box_h = 19, .ofs_x = 0, .ofs_y = -2},
    {.bitmap_index = 105125, .adv_w = 320, .box_w = 20, .box_h = 19, .ofs_x = 0, .ofs_y = -2},
    {.bitmap_index = 105315, .adv_w = 320, .box_w = 20, .box_h = 20, .ofs_x = 0, .ofs_y = -3},
    {.bitmap_index = 105515, .adv_w = 320, .box_w = 20, .box_h = 20, .ofs_x = 0, .ofs_y = -3},
    {.bitmap_index = 105715, .adv_w = 320, .box_w = 20, .box_h = 19, .ofs_x = 0, .ofs_y = -3},
    {.bitmap_index = 105905, .adv_w = 320, .box_w = 20, .box_h = 19, .ofs_x = 0, .ofs_y = -2},
    {.bitmap_index = 106095, .adv_w = 320, .box_w = 20, .box_h = 19, .ofs_x = 0, .ofs_y = -2},
    {.bitmap_index = 106285, .adv_w = 320, .box_w = 20, .box_h = 19, .ofs_x = 0, .ofs_y = -2},
    {.bitmap_index = 106475, .adv_w = 320, .box_w = 19, .box_h = 19, .ofs_x = 1, .ofs_y = -2},
    {.bitmap_index = 106656, .adv_w = 320, .box_w = 20, .box_h = 19, .ofs_x = 0, .ofs_y = -2},
    {.bitmap_index = 106846, .adv_w = 320, .box_w = 20, .box_h = 21, .ofs_x = 0, .ofs_y = -3},
    {.bitmap_index = 107056, .adv_w = 320, .box_w = 18, .box_h = 20, .ofs_x = 1, .ofs_y = -2},
    {.bitmap_index = 107236, .adv_w = 320, .box_w = 19, .box_h = 20, .ofs_x = 1, .ofs_y = -3},
    {.bitmap_index = 107426, .adv_w = 320, .box_w = 20, .box_h = 21, .ofs_x = 0, .ofs_y = -3},
    {.bitmap_index = 107636, .adv_w = 320, .box_w = 20, .box_h = 20, .ofs_x = 0, .ofs_y = -3},
    {.bitmap_index = 107836, .adv_w = 320, .box_w = 20, .box_h = 21, .ofs_x = 0, .ofs_y = -3},
    {.bitmap_index = 108046, .adv_w = 320, .box_w = 20, .box_h = 19, .ofs_x = 0, .ofs_y = -2},
    {.bitmap_index = 108236, .adv_w = 320, .box_w = 20, .box_h = 19, .ofs_x = 0, .ofs_y = -2},
    {.bitmap_index = 108426, .adv_w = 320, .box_w = 20, .box_h = 19, .ofs_x = 0, .ofs_y = -3},
    {.bitmap_index = 108616, .adv_w = 320, .box_w = 19, .box_h = 20, .ofs_x = 0, .ofs_y = -3},
    {.bitmap_index = 108806, .adv_w = 320, .box_w = 20, .box_h = 20, .ofs_x = 0, .ofs_y = -3},
    {.bitmap_index = 109006, .adv_w = 320, .box_w = 20, .box_h = 20, .ofs_x = 0, .ofs_y = -3},
    {.bitmap_index = 109206, .adv_w = 320, .box_w = 20, .box_h = 20, .ofs_x = 0, .ofs_y = -3},
    {.bitmap_index = 109406, .adv_w = 320, .box_w = 19, .box_h = 21, .ofs_x = 1, .ofs_y = -3},
    {.bitmap_index = 109606, .adv_w = 320, .box_w = 20, .box_h = 20, .ofs_x = 0, .ofs_y = -3},
    {.bitmap_index = 109806, .adv_w = 320, .box_w = 20, .box_h = 20, .ofs_x = 0, .ofs_y = -3},
    {.bitmap_index = 110006, .adv_w = 320, .box_w = 20, .box_h = 20, .ofs_x = 0, .ofs_y = -3},
    {.bitmap_index = 110206, .adv_w = 320, .box_w = 20, .box_h = 20, .ofs_x = 0, .ofs_y = -3},
    {.bitmap_index = 110406, .adv_w = 320, .box_w = 20, .box_h = 20, .ofs_x = 0, .ofs_y = -3},
    {.bitmap_index = 110606, .adv_w = 320, .box_w = 20, .box_h = 20, .ofs_x = 0, .ofs_y = -3},
    {.bitmap_index = 110806, .adv_w = 320, .box_w = 20, .box_h = 20, .ofs_x = 0, .ofs_y = -3},
    {.bitmap_index = 111006, .adv_w = 320, .box_w = 20, .box_h = 20, .ofs_x = 0, .ofs_y = -3},
    {.bitmap_index = 111206, .adv_w = 320, .box_w = 20, .box_h = 19, .ofs_x = 0, .ofs_y = -2},
    {.bitmap_index = 111396, .adv_w = 320, .box_w = 20, .box_h = 20, .ofs_x = 0, .ofs_y = -3},
    {.bitmap_index = 111596, .adv_w = 320, .box_w = 19, .box_h = 20, .ofs_x = 0, .ofs_y = -3},
    {.bitmap_index = 111786, .adv_w = 320, .box_w = 20, .box_h = 20, .ofs_x = 0, .ofs_y = -2},
    {.bitmap_index = 111986, .adv_w = 320, .box_w = 20, .box_h = 20, .ofs_x = 0, .ofs_y = -3},
    {.bitmap_index = 112186, .adv_w = 320, .box_w = 20, .box_h = 20, .ofs_x = 0, .ofs_y = -3},
    {.bitmap_index = 112386, .adv_w = 320, .box_w = 20, .box_h = 20, .ofs_x = 0, .ofs_y = -2},
    {.bitmap_index = 112586, .adv_w = 320, .box_w = 19, .box_h = 20, .ofs_x = 1, .ofs_y = -3},
    {.bitmap_index = 112776, .adv_w = 320, .box_w = 20, .box_h = 19, .ofs_x = 0, .ofs_y = -2},
    {.bitmap_index = 112966, .adv_w = 320, .box_w = 20, .box_h = 19, .ofs_x = 0, .ofs_y = -2},
    {.bitmap_index = 113156, .adv_w = 320, .box_w = 20, .box_h = 19, .ofs_x = 0, .ofs_y = -2},
    {.bitmap_index = 113346, .adv_w = 320, .box_w = 20, .box_h = 20, .ofs_x = 0, .ofs_y = -2},
    {.bitmap_index = 113546, .adv_w = 320, .box_w = 20, .box_h = 19, .ofs_x = 0, .ofs_y = -2},
    {.bitmap_index = 113736, .adv_w = 320, .box_w = 20, .box_h = 21, .ofs_x = 0, .ofs_y = -3},
    {.bitmap_index = 113946, .adv_w = 320, .box_w = 20, .box_h = 19, .ofs_x = 0, .ofs_y = -2},
    {.bitmap_index = 114136, .adv_w = 320, .box_w = 19, .box_h = 19, .ofs_x = 0, .ofs_y = -2},
    {.bitmap_index = 114317, .adv_w = 320, .box_w = 20, .box_h = 19, .ofs_x = 0, .ofs_y = -2},
    {.bitmap_index = 114507, .adv_w = 320, .box_w = 20, .box_h = 19, .ofs_x = 0, .ofs_y = -2},
    {.bitmap_index = 114697, .adv_w = 320, .box_w = 20, .box_h = 20, .ofs_x = 0, .ofs_y = -2},
    {.bitmap_index = 114897, .adv_w = 320, .box_w = 18, .box_h = 20, .ofs_x = 1, .ofs_y = -3},
    {.bitmap_index = 115077, .adv_w = 320, .box_w = 18, .box_h = 20, .ofs_x = 1, .ofs_y = -3},
    {.bitmap_index = 115257, .adv_w = 320, .box_w = 18, .box_h = 20, .ofs_x = 1, .ofs_y = -3},
    {.bitmap_index = 115437, .adv_w = 320, .box_w = 18, .box_h = 19, .ofs_x = 1, .ofs_y = -2},
    {.bitmap_index = 115608, .adv_w = 320, .box_w = 18, .box_h = 20, .ofs_x = 1, .ofs_y = -3},
    {.bitmap_index = 115788, .adv_w = 320, .box_w = 18, .box_h = 20, .ofs_x = 1, .ofs_y = -3},
    {.bitmap_index = 115968, .adv_w = 320, .box_w = 18, .box_h = 19, .ofs_x = 1, .ofs_y = -2},
    {.bitmap_index = 116139, .adv_w = 320, .box_w = 19, .box_h = 20, .ofs_x = 1, .ofs_y = -3},
    {.bitmap_index = 116329, .adv_w = 320, .box_w = 19, .box_h = 19, .ofs_x = 1, .ofs_y = -2},
    {.bitmap_index = 116510, .adv_w = 320, .box_w = 19, .box_h = 21, .ofs_x = 1, .ofs_y = -3},
    {.bitmap_index = 116710, .adv_w = 320, .box_w = 19, .box_h = 20, .ofs_x = 1, .ofs_y = -3},
    {.bitmap_index = 116900, .adv_w = 320, .box_w = 20, .box_h = 20, .ofs_x = 0, .ofs_y = -2},
    {.bitmap_index = 117100, .adv_w = 320, .box_w = 20, .box_h = 20, .ofs_x = 0, .ofs_y = -2},
    {.bitmap_index = 117300, .adv_w = 320, .box_w = 19, .box_h = 19, .ofs_x = 1, .ofs_y = -2},
    {.bitmap_index = 117481, .adv_w = 320, .box_w = 19, .box_h = 19, .ofs_x = 1, .ofs_y = -2},
    {.bitmap_index = 117662, .adv_w = 320, .box_w = 18, .box_h = 20, .ofs_x = 1, .ofs_y = -3},
    {.bitmap_index = 117842, .adv_w = 320, .box_w = 19, .box_h = 19, .ofs_x = 1, .ofs_y = -2},
    {.bitmap_index = 118023, .adv_w = 320, .box_w = 18, .box_h = 18, .ofs_x = 1, .ofs_y = -2},
    {.bitmap_index = 118185, .adv_w = 320, .box_w = 20, .box_h = 18, .ofs_x = 0, .ofs_y = -2},
    {.bitmap_index = 118365, .adv_w = 320, .box_w = 20, .box_h = 20, .ofs_x = 0, .ofs_y = -3},
    {.bitmap_index = 118565, .adv_w = 320, .box_w = 20, .box_h = 18, .ofs_x = 0, .ofs_y = -2},
    {.bitmap_index = 118745, .adv_w = 320, .box_w = 20, .box_h = 19, .ofs_x = 0, .ofs_y = -2},
    {.bitmap_index = 118935, .adv_w = 320, .box_w = 20, .box_h = 19, .ofs_x = 0, .ofs_y = -2},
    {.bitmap_index = 119125, .adv_w = 320, .box_w = 20, .box_h = 19, .ofs_x = 0, .ofs_y = -2},
    {.bitmap_index = 119315, .adv_w = 320, .box_w = 20, .box_h = 19, .ofs_x = 0, .ofs_y = -2},
    {.bitmap_index = 119505, .adv_w = 320, .box_w = 20, .box_h = 19, .ofs_x = 0, .ofs_y = -2},
    {.bitmap_index = 119695, .adv_w = 320, .box_w = 19, .box_h = 20, .ofs_x = 0, .ofs_y = -3},
    {.bitmap_index = 119885, .adv_w = 320, .box_w = 20, .box_h = 20, .ofs_x = 0, .ofs_y = -3},
    {.bitmap_index = 120085, .adv_w = 320, .box_w = 20, .box_h = 20, .ofs_x = 0, .ofs_y = -3},
    {.bitmap_index = 120285, .adv_w = 320, .box_w = 20, .box_h = 21, .ofs_x = 0, .ofs_y = -3},
    {.bitmap_index = 120495, .adv_w = 320, .box_w = 20, .box_h = 20, .ofs_x = 0, .ofs_y = -3},
    {.bitmap_index = 120695, .adv_w = 320, .box_w = 19, .box_h = 20, .ofs_x = 0, .ofs_y = -3},
    {.bitmap_index = 120885, .adv_w = 320, .box_w = 20, .box_h = 21, .ofs_x = 0, .ofs_y = -3},
    {.bitmap_index = 121095, .adv_w = 320, .box_w = 19, .box_h = 19, .ofs_x = 1, .ofs_y = -2},
    {.bitmap_index = 121276, .adv_w = 320, .box_w = 18, .box_h = 19, .ofs_x = 1, .ofs_y = -2},
    {.bitmap_index = 121447, .adv_w = 320, .box_w = 20, .box_h = 19, .ofs_x = 0, .ofs_y = -2},
    {.bitmap_index = 121637, .adv_w = 320, .box_w = 20, .box_h = 20, .ofs_x = 0, .ofs_y = -3},
    {.bitmap_index = 121837, .adv_w = 320, .box_w = 7, .box_h = 20, .ofs_x = 13, .ofs_y = -2},
    {.bitmap_index = 121907, .adv_w = 320, .box_w = 7, .box_h = 20, .ofs_x = 0, .ofs_y = -2},
    {.bitmap_index = 121977, .adv_w = 320, .box_w = 6, .box_h = 8, .ofs_x = 2, .ofs_y = -3},
    {.bitmap_index = 122001, .adv_w = 320, .box_w = 4, .box_h = 14, .ofs_x = 3, .ofs_y = -1},
    {.bitmap_index = 122029, .adv_w = 320, .box_w = 10, .box_h = 17, .ofs_x = 0, .ofs_y = -1}
};

/*---------------------
 *  CHARACTER MAPPING
 *--------------------*/

static const uint16_t unicode_list_1[] = {
    0x0, 0x1f5d, 0x2f4a, 0x2f4b, 0x2f8b, 0x2f8d, 0x2f8f, 0x2f93,
    0x2f94, 0x2f95, 0x2f96, 0x2f97, 0x2f98, 0x2f99, 0x2f9c, 0x2f9e,
    0x2fa0, 0x2fa2, 0x2fa4, 0x2fa8, 0x2fa9, 0x2faa, 0x2fac, 0x2fad,
    0x2faf, 0x2fb0, 0x2fb1, 0x2fb3, 0x2fb4, 0x2fb7, 0x2fb8, 0x2fb9,
    0x2fc1, 0x2fc2, 0x2fc7, 0x2fc8, 0x2fca, 0x2fcb, 0x2fcd, 0x2fd2,
    0x2fd3, 0x2fd4, 0x2fd5, 0x2fd8, 0x2fdb, 0x2fdc, 0x2fea, 0x2feb,
    0x2fec, 0x2fed, 0x2fef, 0x2ff1, 0x2ff2, 0x2ff3, 0x2ff4, 0x2ff6,
    0x2ff7, 0x2ff8, 0x2ff9, 0x2ffa, 0x2ffc, 0x3000, 0x3001, 0x3002,
    0x3004, 0x3007, 0x3008, 0x3009, 0x300a, 0x300c, 0x300f, 0x3010,
    0x3011, 0x3012, 0x3013, 0x3014, 0x3016, 0x3019, 0x301a, 0x301d,
    0x301e, 0x301f, 0x3020, 0x3022, 0x3023, 0x3025, 0x3027, 0x3029,
    0x302a, 0x302b, 0x302c, 0x302e, 0x3030, 0x3031, 0x3032, 0x3033,
    0x3034, 0x3035, 0x3036, 0x3038, 0x303c, 0x3045, 0x4d53, 0x4d54,
    0x4d56, 0x4d57, 0x4d65, 0x4d6b, 0x4d6f, 0x4d73, 0x4d76, 0x4d7b,
    0x4d92, 0x4da9, 0x4dcf, 0x4dd7, 0x4dda, 0x4ddb, 0x4ded, 0x4df5,
    0x4e03, 0x4e0e, 0x4e13, 0x4e17, 0x4e21, 0x4e2e, 0x4e3f, 0x4e44,
    0x4e5a, 0x4e63, 0x4e69, 0x4e6f, 0x4e8f, 0x4e90, 0x4e96, 0x4e9c,
    0x4e9e, 0x4ea5, 0x4ec8, 0x4ed4, 0x4f26, 0x4f2a, 0x4f54, 0x4f62,
    0x4f74, 0x4fa5, 0x4fbe, 0x4fe2, 0x4ffc, 0x500e, 0x5018, 0x507b,
    0x508c, 0x5091, 0x50ae, 0x50b0, 0x50b1, 0x50bc, 0x50bf, 0x50c5,
    0x50ce, 0x50d5, 0x50d6, 0x50e2, 0x5129, 0x512f, 0x5143, 0x5144,
    0x514f, 0x5150, 0x5160, 0x5169, 0x5172, 0x5173, 0x5174, 0x5179,
    0x517f, 0x5180, 0x5184, 0x5193, 0x5196, 0x51bb, 0x51e4, 0x51e8,
    0x51e9, 0x51ea, 0x51f1, 0x5202, 0x521e, 0x5222, 0x524e, 0x5260,
    0x5283, 0x5289, 0x5298, 0x529d, 0x52bc, 0x52e8, 0x5304, 0x5315,
    0x5316, 0x531a, 0x531f, 0x5320, 0x5321, 0x532c, 0x5338, 0x5339,
    0x5340, 0x5351, 0x5356, 0x5357, 0x535a, 0x5360, 0x5378, 0x53d5,
    0x5416, 0x548f, 0x54a8, 0x5517, 0x55b1, 0x5627, 0x5646, 0x5647,
    0x565f, 0x5671, 0x5679, 0x5689, 0x5698, 0x56a0, 0x56d4, 0x5740,
    0x577d, 0x5827, 0x584d, 0x5850, 0x5852, 0x5856, 0x5863, 0x5873,
    0x5877, 0x587a, 0x587d, 0x58a0, 0x5914, 0x5aa0, 0x5aa1, 0x5aaf,
    0x5ac1, 0x5ad2, 0x5ad5, 0x5ae3, 0x5ae7, 0x5ae8, 0x5aed, 0x5b02,
    0x5b0f, 0x5b34, 0x5b42, 0x5b47, 0x5b4f, 0x5b50, 0x5b56, 0x5b5a,
    0x5b63, 0x5b7a, 0x5b98, 0x5bba, 0x5d2e, 0x5d3b, 0x5d70, 0x5d81,
    0x5d89, 0x5d9e, 0x5dbc, 0x5dbf, 0x5dc7, 0x5dd8, 0x5ddc, 0x5ddd,
    0x5def, 0x5e43, 0x5e49, 0x5e58, 0x5e9c, 0x5e9e, 0x5eba, 0x5ece,
    0x5ed5, 0x5ef2, 0x5f0e, 0x5f20, 0x5f21, 0x5f22, 0x5f25, 0x5f4a,
    0x6058, 0x6094, 0x60b0, 0x6112, 0x6159, 0x615a, 0x615f, 0x6173,
    0x6184, 0x6189, 0x6194, 0x619c, 0x61b0, 0x61b4, 0x61e7, 0x6205,
    0x6232, 0x624a, 0x6252, 0x62b7, 0x62cc, 0x62ee, 0x62f1, 0x6318,
    0x6324, 0x633d, 0x638d, 0x63ed, 0x6410, 0x6413, 0x6416, 0x6466,
    0x6478, 0x647f, 0x6482, 0x6491, 0x64a0, 0x64af, 0x64b9, 0x64bd,
    0x64d0, 0x64e2, 0x64f6, 0x64f9, 0x6500, 0x6502, 0x6505, 0x6529,
    0x652e, 0x653f, 0x6569, 0x6587, 0x658b, 0x65c3, 0x65cb, 0x663d,
    0x6641, 0x664c, 0x6652, 0x6668, 0x6673, 0x6675, 0x6683, 0x66a8,
    0x66aa, 0x66b8, 0x66ba, 0x66c8, 0x66e5, 0x672e, 0x6750, 0x676a,
    0x6785, 0x6791, 0x6795, 0x67e6, 0x6809, 0x6865, 0x68b6, 0x6946,
    0x6962, 0x696a, 0x69a8, 0x69dd, 0x69eb, 0x6a6a, 0x6a70, 0x6a99,
    0x6aac, 0x6aad, 0x6afe, 0x6b81, 0x6b8b, 0x6bdb, 0x6bea, 0x6c1e,
    0x6c2b, 0x6c54, 0x6c87, 0x6c94, 0x6cd1, 0x6d44, 0x6d4e, 0x6d51,
    0x6d52, 0x6d75, 0x6dc9, 0x6dd9, 0x6ddf, 0x6e1a, 0x6e2a, 0x6e48,
    0x7002, 0x7030, 0x706a, 0x707f, 0x70b0, 0x711b, 0x7190, 0x7191,
    0x7195, 0x71b2, 0x71c2, 0x71ff, 0x7209, 0x72d0, 0x72f8, 0x72f9,
    0x7347, 0x734f, 0x7468, 0x7471, 0x747e, 0x7484, 0x74a2, 0x74b4,
    0x75c5, 0x75c7, 0x75cd, 0x761a, 0x762c, 0x7637, 0x7641, 0x7668,
    0x7669, 0x774a, 0x777d, 0x77b7, 0x77d5, 0x7803, 0x7805, 0x7883,
    0x791b, 0x7939, 0x7944, 0x7954, 0x7956, 0x797a, 0x79c3, 0x7a14,
    0x7a38, 0x7a6f, 0x7a92, 0x7a9d, 0x7ac7, 0x7ac9, 0x7b0d, 0x7b88,
    0x7bad, 0x7bbc, 0x7bc4, 0x7c44, 0x7c8b, 0x7c8d, 0x7c99, 0x7cba,
    0x7cbe, 0x7cdc, 0x7ce3, 0x7cfb, 0x7d1b, 0x7d23, 0x7d31, 0x7d8a,
    0x7e08, 0x7e18, 0x7e1c, 0x7e25, 0x7e28, 0x7e33, 0x7e5f, 0x7e83,
    0x7e9a, 0x7eb7, 0x7ed7, 0x7f1b, 0x8015, 0x8046, 0x8081, 0x8112,
    0x8133, 0x813c, 0x8150, 0x81cb, 0x859e, 0x85a8, 0x86eb, 0x8795,
    0x87aa, 0x87b1, 0x880e, 0x8826, 0x8846, 0x8850, 0x88ca, 0x88df,
    0x890f, 0x892c, 0x8949, 0x8961, 0x8976, 0x8985, 0x89af, 0x89bb,
    0x89d5, 0x89d6, 0x89e7, 0x89ed, 0x89f6, 0x8a08, 0x8a14, 0x8a1f,
    0x8a92, 0x8aa1, 0x8ab9, 0x8ac0, 0x8ac9, 0x8ad3, 0x8aed, 0x8af7,
    0x8af9, 0x8b07, 0x8b0a, 0x8b0f, 0x8b1e, 0x8b26, 0x8b2e, 0x8b36,
    0x8b38, 0x8b40, 0x8b44, 0x8b4c, 0x8c10, 0x8c6e, 0x8cc0, 0x8cce,
    0x8cfc, 0x8d38, 0x8e13, 0x8e2b, 0x8e52, 0x8e78, 0x8e81, 0x8eaf,
    0x8ec6, 0x8eda, 0x8edc, 0x8ef1, 0x8f05, 0x8f10, 0x8f19, 0x8f1d,
    0x8f24, 0x8f27, 0x8f3d, 0x8f46, 0x8f49, 0x8f4a, 0x8f52, 0x8f63,
    0x8f68, 0x8f6c, 0x8f7b, 0x8f87, 0x8f94, 0x8f97, 0x8f9e, 0x8fb2,
    0x8fc1, 0x8fc3, 0x9031, 0x9096, 0x9116, 0x9118, 0x924d, 0x9278,
    0x92df, 0x932a, 0x9361, 0x93e8, 0x9449, 0x944a, 0x9462, 0x94d2,
    0x94d4, 0x94dc, 0x9525, 0x9536, 0x9537, 0x953d, 0x9568, 0x9599,
    0x95ad, 0x95d7, 0x960f, 0x9622, 0x963b, 0x9644, 0x9649, 0x96a7,
    0x96ab, 0x974e, 0x9759, 0x9776, 0x979d, 0x97a7, 0x97b8, 0x97c2,
    0x97da, 0x991e, 0x9924, 0x995c, 0x99a0, 0x99bf, 0x99c7, 0x99d5,
    0x9a1d, 0x9a21, 0x9e21, 0x9e27, 0xfe51, 0xfe52, 0xfe55, 0xfe63,
    0xfe68
};

/*Collect the unicode lists and glyph_id offsets*/
static const lv_font_fmt_txt_cmap_t cmaps[] =
{
    {
        .range_start = 32, .range_length = 95, .glyph_id_start = 1,
        .unicode_list = NULL, .glyph_id_ofs_list = NULL, .list_length = 0, .type = LV_FONT_FMT_TXT_CMAP_FORMAT0_TINY
    },
    {
        .range_start = 183, .range_length = 65129, .glyph_id_start = 96,
        .unicode_list = unicode_list_1, .glyph_id_ofs_list = NULL, .list_length = 641, .type = LV_FONT_FMT_TXT_CMAP_SPARSE_TINY
    }
};

/*-----------------
 *    KERNING
 *----------------*/


/*Map glyph_ids to kern left classes*/
static const uint8_t kern_left_class_mapping[] =
{
    0, 0, 0, 1, 0, 0, 0, 0,
    1, 2, 0, 0, 0, 3, 4, 3,
    5, 0, 0, 0, 0, 0, 0, 0,
    0, 0, 0, 6, 6, 0, 0, 0,
    0, 0, 7, 8, 9, 10, 11, 12,
    13, 0, 0, 14, 15, 16, 0, 0,
    10, 17, 10, 18, 19, 20, 21, 22,
    23, 24, 25, 26, 2, 27, 0, 0,
    0, 0, 28, 29, 30, 0, 31, 32,
    33, 34, 0, 0, 35, 36, 34, 34,
    29, 29, 37, 38, 39, 40, 37, 41,
    42, 43, 44, 45, 2, 0, 0, 0,
    0, 4, 0, 0, 46, 47, 48, 0,
    49, 50, 51, 52, 53, 54, 55, 0,
    56, 57, 0, 58, 59, 0, 60, 61,
    62, 63, 64, 0, 65, 66, 67, 68,
    69, 70, 71, 72, 73, 74, 75, 76,
    77, 78, 79, 80, 0, 81, 82, 83,
    0, 84, 85, 0, 82, 86, 87, 88,
    89, 90, 91, 92, 93, 94, 95, 96,
    97, 98, 99, 100, 101, 102, 103, 104,
    105, 106, 107, 0, 108, 109, 110, 0,
    111, 112, 113, 114, 0, 0, 115, 116,
    117, 0, 118, 119, 0, 0, 120, 121,
    122, 123, 0, 124, 125, 126, 0, 0,
    0, 0, 0, 0, 0, 0, 0, 0,
    0, 0, 0, 0, 0, 0, 0, 0,
    0, 0, 0, 0, 0, 0, 0, 0,
    0, 0, 0, 0, 0, 0, 0, 0,
    0, 0, 0, 0, 0, 0, 0, 0,
    0, 0, 0, 0, 0, 0, 0, 0,
    0, 0, 0, 0, 0, 0, 0, 0,
    0, 0, 0, 0, 0, 0, 0, 0,
    0, 0, 0, 0, 0, 0, 0, 0,
    0, 0, 0, 0, 0, 0, 0, 0,
    0, 0, 0, 0, 0, 0, 0, 0,
    0, 0, 0, 0, 0, 0, 0, 0,
    0, 0, 0, 0, 0, 0, 0, 0,
    0, 0, 0, 0, 0, 0, 0, 0,
    0, 0, 0, 0, 0, 0, 0, 0,
    0, 0, 0, 0, 0, 0, 0, 0,
    0, 0, 0, 0, 0, 0, 0, 0,
    0, 0, 0, 0, 0, 0, 0, 0,
    0, 0, 0, 0, 0, 0, 0, 0,
    0, 0, 0, 0, 0, 0, 0, 0,
    0, 0, 0, 0, 0, 0, 0, 0,
    0, 0, 0, 0, 0, 0, 0, 0,
    0, 0, 0, 0, 0, 0, 0, 0,
    0, 0, 0, 0, 0, 0, 0, 0,
    0, 0, 0, 0, 0, 0, 0, 0,
    0, 0, 0, 0, 0, 0, 0, 0,
    0, 0, 0, 0, 0, 0, 0, 0,
    0, 0, 0, 0, 0, 0, 0, 0,
    0, 0, 0, 0, 0, 0, 0, 0,
    0, 0, 0, 0, 0, 0, 0, 0,
    0, 0, 0, 0, 0, 0, 0, 0,
    0, 0, 0, 0, 0, 0, 0, 0,
    0, 0, 0, 0, 0, 0, 0, 0,
    0, 0, 0, 0, 0, 0, 0, 0,
    0, 0, 0, 0, 0, 0, 0, 0,
    0, 0, 0, 0, 0, 0, 0, 0,
    0, 0, 0, 0, 0, 0, 0, 0,
    0, 0, 0, 0, 0, 0, 0, 0,
    0, 0, 0, 0, 0, 0, 0, 0,
    0, 0, 0, 0, 0, 0, 0, 0,
    0, 0, 0, 0, 0, 0, 0, 0,
    0, 0, 0, 0, 0, 0, 0, 0,
    0, 0, 0, 0, 0, 0, 0, 0,
    0, 0, 0, 0, 0, 0, 0, 0,
    0, 0, 0, 0, 0, 0, 0, 0,
    0, 0, 0, 0, 0, 0, 0, 0,
    0, 0, 0, 0, 0, 0, 0, 0,
    0, 0, 0, 0, 0, 0, 0, 0,
    0, 0, 0, 0, 0, 0, 0, 0,
    0, 0, 0, 0, 0, 0, 0, 0,
    0, 0, 0, 0, 0, 0, 0, 0,
    0, 0, 0, 0, 0, 0, 0, 0,
    0, 0, 0, 0, 0, 0, 0, 0,
    0, 0, 0, 0, 0, 0, 0, 0,
    0, 0, 0, 0, 0, 0, 0, 0,
    0, 0, 0, 0, 0, 0, 0, 0,
    0, 0, 0, 0, 0, 0, 0, 0,
    0, 0, 0, 0, 0, 0, 0, 0,
    0, 0, 0, 0, 0, 0, 0, 0,
    0, 0, 0, 0, 0, 0, 0, 0,
    0, 0, 0, 0, 0, 0, 0, 0,
    0, 0, 0, 0, 0, 0, 0, 0,
    0, 0, 0, 0, 0, 0, 0, 0,
    0, 0, 0, 0, 0, 0, 0, 0,
    0, 0, 0, 0, 0, 0, 0, 0,
    0, 0, 0, 0, 0, 0, 0, 0,
    0, 0, 0, 0, 0, 0, 0, 0,
    0
};

/*Map glyph_ids to kern right classes*/
static const uint8_t kern_right_class_mapping[] =
{
    0, 0, 1, 2, 0, 0, 0, 0,
    2, 0, 3, 4, 0, 5, 6, 7,
    8, 0, 0, 0, 0, 0, 0, 0,
    0, 0, 0, 9, 10, 0, 0, 0,
    11, 0, 12, 0, 13, 0, 0, 0,
    13, 0, 0, 14, 0, 0, 0, 0,
    13, 0, 13, 0, 15, 16, 17, 18,
    19, 20, 21, 22, 0, 23, 3, 0,
    0, 0, 24, 0, 25, 25, 25, 26,
    27, 0, 28, 29, 0, 0, 30, 30,
    25, 30, 25, 30, 31, 32, 33, 34,
    35, 36, 37, 38, 0, 0, 3, 0,
    39, 6, 40, 41, 42, 43, 44, 45,
    46, 47, 48, 45, 49, 50, 47, 47,
    0, 51, 52, 53, 53, 0, 54, 55,
    56, 57, 58, 59, 0, 60, 61, 62,
    63, 63, 64, 65, 0, 66, 67, 0,
    0, 68, 69, 0, 62, 0, 0, 70,
    71, 72, 73, 74, 0, 0, 75, 0,
    0, 76, 77, 0, 78, 79, 79, 80,
    81, 82, 83, 83, 81, 0, 84, 85,
    86, 86, 87, 81, 88, 89, 90, 0,
    91, 92, 92, 93, 94, 0, 95, 96,
    97, 0, 98, 99, 0, 0, 100, 0,
    101, 102, 0, 0, 103, 104, 0, 0,
    0, 0, 0, 0, 0, 0, 0, 0,
    0, 0, 0, 0, 0, 0, 0, 0,
    0, 0, 0, 0, 0, 0, 0, 0,
    0, 0, 0, 0, 0, 0, 0, 0,
    0, 0, 0, 0, 0, 0, 0, 0,
    0, 0, 0, 0, 0, 0, 0, 0,
    0, 0, 0, 0, 0, 0, 0, 0,
    0, 0, 0, 0, 0, 0, 0, 0,
    0, 0, 0, 0, 0, 0, 0, 0,
    0, 0, 0, 0, 0, 0, 0, 0,
    0, 0, 0, 0, 0, 0, 0, 0,
    0, 0, 0, 0, 0, 0, 0, 0,
    0, 0, 0, 0, 0, 0, 0, 0,
    0, 0, 0, 0, 0, 0, 0, 0,
    0, 0, 0, 0, 0, 0, 0, 0,
    0, 0, 0, 0, 0, 0, 0, 0,
    0, 0, 0, 0, 0, 0, 0, 0,
    0, 0, 0, 0, 0, 0, 0, 0,
    0, 0, 0, 0, 0, 0, 0, 0,
    0, 0, 0, 0, 0, 0, 0, 0,
    0, 0, 0, 0, 0, 0, 0, 0,
    0, 0, 0, 0, 0, 0, 0, 0,
    0, 0, 0, 0, 0, 0, 0, 0,
    0, 0, 0, 0, 0, 0, 0, 0,
    0, 0, 0, 0, 0, 0, 0, 0,
    0, 0, 0, 0, 0, 0, 0, 0,
    0, 0, 0, 0, 0, 0, 0, 0,
    0, 0, 0, 0, 0, 0, 0, 0,
    0, 0, 0, 0, 0, 0, 0, 0,
    0, 0, 0, 0, 0, 0, 0, 0,
    0, 0, 0, 0, 0, 0, 0, 0,
    0, 0, 0, 0, 0, 0, 0, 0,
    0, 0, 0, 0, 0, 0, 0, 0,
    0, 0, 0, 0, 0, 0, 0, 0,
    0, 0, 0, 0, 0, 0, 0, 0,
    0, 0, 0, 0, 0, 0, 0, 0,
    0, 0, 0, 0, 0, 0, 0, 0,
    0, 0, 0, 0, 0, 0, 0, 0,
    0, 0, 0, 0, 0, 0, 0, 0,
    0, 0, 0, 0, 0, 0, 0, 0,
    0, 0, 0, 0, 0, 0, 0, 0,
    0, 0, 0, 0, 0, 0, 0, 0,
    0, 0, 0, 0, 0, 0, 0, 0,
    0, 0, 0, 0, 0, 0, 0, 0,
    0, 0, 0, 0, 0, 0, 0, 0,
    0, 0, 0, 0, 0, 0, 0, 0,
    0, 0, 0, 0, 0, 0, 0, 0,
    0, 0, 0, 0, 0, 0, 0, 0,
    0, 0, 0, 0, 0, 0, 0, 0,
    0, 0, 0, 0, 0, 0, 0, 0,
    0, 0, 0, 0, 0, 0, 0, 0,
    0, 0, 0, 0, 0, 0, 0, 0,
    0, 0, 0, 0, 0, 0, 0, 0,
    0, 0, 0, 0, 0, 0, 0, 0,
    0, 0, 0, 0, 0, 0, 0, 0,
    0, 0, 0, 0, 0, 0, 0, 0,
    0, 0, 0, 0, 0, 0, 0, 0,
    0, 0, 0, 0, 0, 0, 0, 0,
    0, 0, 0, 0, 0, 0, 0, 0,
    0, 0, 0, 0, 0, 0, 0, 0,
    0, 0, 0, 0, 0, 0, 0, 0,
    0, 0, 0, 0, 0, 0, 0, 0,
    0, 0, 0, 0, 0, 0, 0, 0,
    0, 0, 0, 0, 0, 0, 0, 0,
    0, 0, 0, 0, 0, 0, 0, 0,
    0, 0, 0, 0, 0, 0, 0, 0,
    0, 0, 0, 0, 0, 0, 105, 0,
    0
};

/*Kern values between classes*/
static const int8_t kern_class_values[] =
{
    0, 0, 0, 0, -43, 0, -43, 0,
    0, 0, 0, -22, 0, -36, -4, 0,
    0, 0, 0, -4, 0, 0, 0, 0,
    -9, 0, 0, 0, 0, 0, -7, 0,
    0, 0, 0, 0, 0, 0, 0, 0,
    0, 0, 0, 0, 0, 0, 0, 0,
    0, 0, 0, 0, 0, 0, 0, 0,
    0, 0, 0, 0, 0, 0, 0, 0,
    0, 0, 0, 0, 0, 0, 0, 0,
    0, 0, 0, 0, 0, 0, 0, 0,
    0, 0, 0, 0, 0, 0, 0, 0,
    0, 0, 0, 0, 0, 0, 0, 0,
    0, 0, 0, 0, 0, 0, 0, 0,
    0, 0, 0, 0, 0, 0, 0, 0,
    0, 0, 0, 0, 0, 0, -7, 0,
    0, 0, 0, 0, 0, 0, 0, 0,
    0, 0, 0, 0, 0, 29, 0, 0,
    0, 0, 0, 0, 0, 0, 0, 0,
    0, 0, 0, 0, 0, 0, 0, 0,
    0, 0, 0, 0, 0, 0, 0, 0,
    0, 0, 0, 0, 0, 0, 0, 0,
    0, 0, 0, 0, 0, 0, 0, 0,
    0, 0, 0, 0, 0, 0, 0, 0,
    0, 0, 0, 0, 0, 0, 0, 0,
    0, 0, 0, 0, 0, 0, 0, 0,
    0, 0, 0, 0, 0, 0, 0, 0,
    0, 0, 0, -38, 0, -53, 0, 0,
    0, 0, 0, 0, 0, 0, 0, 0,
    0, -36, -8, -25, -12, 0, -36, 0,
    0, 0, -4, 0, 0, 0, 11, 0,
    0, -19, 0, -15, -9, 0, -7, 0,
    0, 0, 0, 0, 0, 0, 0, 0,
    0, 0, 0, 0, 0, 0, 0, 0,
    0, 0, 0, 0, 0, 0, 0, 0,
    0, 0, 0, 0, 0, 0, 0, 0,
    0, 0, 0, 0, 0, 0, 0, 0,
    0, 0, 0, 0, 0, 0, 0, 0,
    0, 0, 0, 0, 0, 0, 0, 0,
    0, 0, 0, 0, 0, 0, 0, 0,
    0, 0, 0, 0, 0, 0, 0, 0,
    0, 0, 0, 0, 0, 0, 0, 0,
    -7, -7, -18, 0, -7, -4, -11, -25,
    -7, 0, 0, 0, 0, 0, 0, 0,
    0, 0, -9, 0, -4, 0, -5, 0,
    0, 0, 0, 0, 0, 0, 0, 0,
    0, 0, 0, 0, 0, 0, 0, 0,
    0, 0, 0, 0, 0, 0, 0, 0,
    0, 0, 0, 0, 0, 0, 0, 0,
    0, 0, 0, 0, 0, 0, 0, 0,
    0, 0, 0, 0, 0, 0, 0, 0,
    0, 0, 0, 0, 0, 0, 0, 0,
    0, 0, 0, 0, 0, 0, 0, 0,
    0, 0, 0, 0, 0, 0, 0, 0,
    0, 0, 0, 0, 0, 0, 0, -14,
    -4, -29, 0, 0, 0, 0, 0, 0,
    0, 0, 0, -9, -10, 0, -4, 7,
    7, 0, 0, 2, -7, 0, 0, 0,
    0, 0, 0, 0, 0, 0, 0, 0,
    0, 0, 0, 0, 0, 0, 0, 0,
    0, 0, 0, 0, 0, 0, 0, 0,
    0, 0, 0, 0, 0, 0, 0, 0,
    0, 0, 0, 0, 0, 0, 0, 0,
    0, 0, 0, 0, 0, 0, 0, 0,
    0, 0, 0, 0, 0, 0, 0, 0,
    0, 0, 0, 0, 0, 0, 0, 0,
    0, 0, 0, 0, 0, 0, 0, 0,
    -15, 0, 0, 0, 0, 0, 0, 0,
    0, 0, 0, 0, 0, 0, 0, 0,
    0, -11, 0, 0, 0, 0, 0, 0,
    0, 1, 0, 0, 0, 0, 0, 0,
    0, 0, 0, 0, 0, 0, 0, 0,
    0, 0, 0, 0, 0, 0, 0, 0,
    0, 0, 0, 0, 0, 0, 0, 0,
    0, 0, 0, 0, 0, 0, 0, 0,
    0, 0, 0, 0, 0, 0, 0, 0,
    0, 0, 0, 0, 0, 0, 0, 0,
    0, 0, 0, 0, 0, 0, 0, 0,
    0, 0, 0, 0, 0, 0, 0, 0,
    0, 0, 0, 0, 0, 0, 0, -22,
    0, -33, 0, 0, 0, 0, 0, 0,
    -11, -2, -4, 0, 0, -22, -5, -5,
    0, 0, -5, -2, -14, 7, 0, -4,
    0, 0, 0, 0, 7, -5, -2, -4,
    -2, -2, -4, 0, 0, 0, 0, 0,
    0, 0, 0, 0, 0, 0, 0, 0,
    0, 0, 0, 0, 0, 0, 0, 0,
    0, 0, 0, 0, 0, 0, 0, 0,
    0, 0, 0, 0, 0, 0, 0, 0,
    0, 0, 0, 0, 0, 0, 0, 0,
    0, 0, 0, 0, 0, 0, 0, 0,
    0, 0, 0, 0, 0, 0, 0, 0,
    0, 0, 0, 0, 0, 0, 0, 0,
    0, 0, -11, 0, 0, 0, 0, 0,
    0, 0, 0, 0, -6, -5, -9, 0,
    -3, -2, -2, -5, -2, 0, 0, 0,
    0, 0, 0, 0, 0, 0, -4, 0,
    -5, -4, -4, -5, 0, 0, 0, 0,
    0, 0, 0, 0, 0, 0, 0, 0,
    0, 0, 0, 0, 0, 0, 0, 0,
    0, 0, 0, 0, 0, 0, 0, 0,
    0, 0, 0, 0, 0, 0, 0, 0,
    0, 0, 0, 0, 0, 0, 0, 0,
    0, 0, 0, 0, 0, 0, 0, 0,
    0, 0, 0, 0, 0, 0, 0, 0,
    0, 0, 0, 0, 0, 0, 0, 0,
    0, 0, 0, 0, 0, -11, 0, 0,
    0, 0, 0, 0, -11, -4, -9, -6,
    -5, -2, -2, -2, -4, -4, 0, 0,
    0, 0, -7, 0, 0, 0, 0, -11,
    -4, -5, -4, 0, -5, 0, 0, 0,
    0, 0, 0, 0, 0, 0, 0, 0,
    0, 0, 0, 0, 0, 0, 0, 0,
    0, 0, 0, 0, 0, 0, 0, 0,
    0, 0, 0, 0, 0, 0, 0, 0,
    0, 0, 0, 0, 0, 0, 0, 0,
    0, 0, 0, 0, 0, 0, 0, 0,
    0, 0, 0, 0, 0, 0, 0, 0,
    0, 0, 0, 0, 0, 0, 0, 0,
    0, 0, 0, 0, -11, 0, 0, 0,
    -6, 0, 0, 0, -4, 0, -16, 0,
    -9, 0, -4, -2, -7, -7, -7, 0,
    0, 0, 0, 0, 0, 0, 0, 0,
    0, 0, 0, 0, -5, 0, -4, 0,
    0, 0, 0, 0, 0, 0, 0, 0,
    0, 0, 0, 0, 0, 0, 0, 0,
    0, 0, 0, 0, 0, 0, 0, 0,
    0, 0, 0, 0, 0, 0, 0, 0,
    0, 0, 0, 0, 0, 0, 0, 0,
    0, 0, 0, 0, 0, 0, 0, 0,
    0, 0, 0, 0, 0, 0, 0, 0,
    0, 0, 0, 0, 0, 0, 0, 0,
    0, 0, 0, 0, 0, 0, 0, 0,
    0, 0, 0, 0, 0, 0, 0, 0,
    0, 0, 0, 0, 0, 0, 0, 0,
    0, 0, -4, 0, 0, 0, 0, 0,
    0, -9, 0, -4, 0, -12, -4, 0,
    0, 0, 0, 0, 0, 0, 0, 0,
    0, 0, 0, 0, 0, 0, 0, 0,
    0, 0, 0, 0, 0, 0, 0, 0,
    0, 0, 0, 0, 0, 0, 0, 0,
    0, 0, 0, 0, 0, 0, 0, 0,
    0, 0, 0, 0, 0, 0, 0, 0,
    0, 0, 0, 0, 0, 0, 0, 0,
    0, 0, 0, 0, 0, 0, 0, 0,
    0, 0, 0, 0, 0, 0, 0, -28,
    0, -28, -23, 0, 0, 0, -14, -4,
    -49, -8, 0, 0, 0, 0, -9, -1,
    -11, 0, -12, -5, 0, -9, 0, 0,
    -7, -8, -4, -6, -9, -7, -11, -7,
    -13, 0, 0, 0, 0, 0, 0, 0,
    0, 0, 0, 0, 0, 0, 0, 0,
    0, 0, 0, 0, 0, 0, 0, 0,
    0, 0, 0, 0, 0, 0, 0, 0,
    0, 0, 0, 0, 0, 0, 0, 0,
    0, 0, 0, 0, 0, 0, 0, 0,
    0, 0, 0, 0, 0, 0, 0, 0,
    0, 0, 0, 0, 0, 0, 0, 0,
    0, 0, 0, 0, 0, 0, 0, -9,
    0, 0, 0, 0, 0, 0, 0, -2,
    0, 0, 0, -7, 0, -5, -2, 0,
    0, 0, 0, 0, 0, 0, 0, 0,
    0, 0, 0, 0, 0, 0, 0, 0,
    0, 0, 0, 0, 0, 0, 0, 0,
    0, 0, 0, 0, 0, 0, 0, 0,
    0, 0, 0, 0, 0, 0, 0, 0,
    0, 0, 0, 0, 0, 0, 0, 0,
    0, 0, 0, 0, 0, 0, 0, 0,
    0, 0, 0, 0, 0, 0, 0, 0,
    0, 0, 0, 0, 0, 0, 0, 0,
    0, 0, 0, 0, 0, 0, 0, 0,
    0, 0, 0, 0, 0, 0, 0, 0,
    0, -9, 0, -9, 0, 0, 0, 0,
    0, 0, -14, 0, 0, 0, 0, 0,
    0, 0, 0, 0, 0, 0, 0, 0,
    0, 0, 0, 0, 0, 0, 0, 0,
    0, 0, 0, 0, 0, 0, 0, 0,
    0, 0, 0, 0, 0, 0, 0, 0,
    0, 0, 0, 0, 0, 0, 0, 0,
    0, 0, 0, 0, 0, 0, 0, 0,
    0, 0, 0, 0, 0, 0, 0, 0,
    0, 0, 0, 0, 0, 0, 0, 0,
    0, 0, 0, 0, 0, 0, 0, 0,
    0, 0, 0, 0, 0, 0, 0, 0,
    0, 0, 0, 0, 0, 0, 0, -9,
    0, -14, 0, -13, 0, 0, 0, 0,
    -4, -4, -8, 0, -4, -7, -5, -5,
    -4, 0, -7, 0, 0, 0, -4, 0,
    0, 0, -4, 0, 0, -14, -5, -9,
    -7, -7, -9, -5, 0, 0, 0, 0,
    0, 0, 0, 0, 0, 0, 0, 0,
    0, 0, 0, 0, 0, 0, 0, 0,
    0, 0, 0, 0, 0, 0, 0, 0,
    0, 0, 0, 0, 0, 0, 0, 0,
    0, 0, 0, 0, 0, 0, 0, 0,
    0, 0, 0, 0, 0, 0, 0, 0,
    0, 0, 0, 0, 0, 0, 0, 0,
    0, 0, 0, 0, 0, 0, 0, 0,
    -38, 0, -57, 0, -18, 0, 0, 0,
    0, -14, 0, -11, 0, -9, -43, -11,
    -28, -20, 0, -28, 0, -29, 0, -4,
    -5, -2, 0, 0, 0, 0, -8, -4,
    -15, -12, 0, -15, 0, 0, 0, 0,
    0, 0, 0, 0, 0, 0, 0, 0,
    0, 0, 0, 0, 0, 0, 0, 0,
    0, 0, 0, 0, 0, 0, 0, 0,
    0, 0, 0, 0, 0, 0, 0, 0,
    0, 0, 0, 0, 0, 0, 0, 0,
    0, 0, 0, 0, 0, 0, 0, 0,
    0, 0, 0, 0, 0, 0, 0, 0,
    0, 0, 0, 0, 0, 0, 0, 0,
    0, 0, 0, 0, -43, -11, -43, -24,
    0, 0, 0, -18, 0, -52, -4, -8,
    0, 0, 0, -9, -4, -25, 0, -14,
    -8, 0, -9, 0, 0, 0, -4, 0,
    0, 0, 0, -5, 0, -7, 0, 0,
    0, 0, 0, 0, 0, 0, 0, 0,
    0, 0, 0, 0, 0, 0, 0, 0,
    0, 0, 0, 0, 0, 0, 0, 0,
    0, 0, 0, 0, 0, 0, 0, 0,
    0, 0, 0, 0, 0, 0, 0, 0,
    0, 0, 0, 0, 0, 0, 0, 0,
    0, 0, 0, 0, 0, 0, 0, 0,
    0, 0, 0, 0, 0, 0, 0, 0,
    0, 0, 0, 0, -4, 0, -11, 0,
    0, 0, 0, 0, -2, 0, -6, -5,
    -5, 0, 0, 2, -2, -2, -4, 0,
    -2, -4, 0, -2, 0, 0, 0, 0,
    0, 0, 0, 0, -4, 0, -4, 0,
    0, 0, 0, 0, 0, 0, 0, 0,
    0, 0, 0, 0, 0, 0, 0, 0,
    0, 0, 0, 0, 0, 0, 0, 0,
    0, 0, 0, 0, 0, 0, 0, 0,
    0, 0, 0, 0, 0, 0, 0, 0,
    0, 0, 0, 0, 0, 0, 0, 0,
    0, 0, 0, 0, 0, 0, 0, 0,
    0, 0, 0, 0, 0, 0, 0, 0,
    0, 0, 0, 0, 0, -5, 0, 5,
    0, 0, 0, 0, 0, 0, 0, -5,
    -5, -7, 0, 0, 0, 0, -5, 0,
    0, 0, 0, 0, 0, 0, 0, 0,
    0, -9, 0, 0, 0, 0, 0, -2,
    0, 0, 0, 0, 0, 0, 0, 0,
    0, 0, 0, 0, 0, 0, 0, 0,
    0, 0, 0, 0, 0, 0, 0, 0,
    0, 0, 0, 0, 0, 0, 0, 0,
    0, 0, 0, 0, 0, 0, 0, 0,
    0, 0, 0, 0, 0, 0, 0, 0,
    0, 0, 0, 0, 0, 0, 0, 0,
    0, 0, 0, 0, 0, 0, 0, 0,
    0, 0, 0, 0, 0, 0, 0, -39,
    -25, -39, -30, -7, -7, 0, -14, -9,
    -45, -12, 0, 0, 0, 0, -7, -5,
    -18, 0, -25, -25, -6, -25, 0, 0,
    -16, -21, -6, -16, -11, -11, -12, -11,
    -26, 0, 0, 0, 0, 0, 0, 0,
    0, 0, 0, 0, 0, 0, 0, 0,
    0, 0, 0, 0, 0, 0, 0, 0,
    0, 0, 0, 0, 0, 0, 0, 0,
    0, 0, 0, 0, 0, 0, 0, 0,
    0, 0, 0, 0, 0, 0, 0, 0,
    0, 0, 0, 0, 0, 0, 0, 0,
    0, 0, 0, 0, 0, 0, 0, 0,
    0, 0, 0, 0, 0, 0, 0, 0,
    -7, 0, -7, -10, 0, 0, 0, -5,
    0, -18, -4, 0, 0, -2, 0, -4,
    -5, 0, 0, -2, 0, 0, -4, 0,
    0, 0, -2, 0, 0, 0, 0, -4,
    0, 0, 0, 0, 0, 0, 0, 0,
    0, 0, 0, 0, 0, 0, 0, 0,
    0, 0, 0, 0, 0, 0, 0, 0,
    0, 0, 0, 0, 0, 0, 0, 0,
    0, 0, 0, 0, 0, 0, 0, 0,
    0, 0, 0, 0, 0, 0, 0, 0,
    0, 0, 0, 0, 0, 0, 0, 0,
    0, 0, 0, 0, 0, 0, 0, 0,
    0, 0, 0, 0, 0, 0, 0, 0,
    0, -25, -7, -25, -15, 0, 0, 0,
    -5, -4, -25, -4, 0, -4, 4, 0,
    0, 0, -7, 0, -9, -6, 0, -8,
    0, 0, -7, -5, 0, -11, -3, -3,
    -6, -3, -9, 0, 0, 0, 0, 0,
    0, 0, 0, 0, 0, 0, 0, 0,
    0, 0, 0, 0, 0, 0, 0, 0,
    0, 0, 0, 0, 0, 0, 0, 0,
    0, 0, 0, 0, 0, 0, 0, 0,
    0, 0, 0, 0, 0, 0, 0, 0,
    0, 0, 0, 0, 0, 0, 0, 0,
    0, 0, 0, 0, 0, 0, 0, 0,
    0, 0, 0, 0, 0, 0, 0, 0,
    0, 0, -12, -4, -12, -8, 0, 0,
    0, 0, -2, -21, -2, 0, 0, 0,
    0, 0, 0, -2, 0, -5, 0, 0,
    -4, 0, 0, 0, 0, 0, 0, 0,
    0, 0, 0, -4, 0, 0, 0, 0,
    0, 0, 0, 0, 0, 0, 0, 0,
    0, 0, 0, 0, 0, 0, 0, 0,
    0, 0, 0, 0, 0, 0, 0, 0,
    0, 0, 0, 0, 0, 0, 0, 0,
    0, 0, 0, 0, 0, 0, 0, 0,
    0, 0, 0, 0, 0, 0, 0, 0,
    0, 0, 0, 0, 0, 0, 0, 0,
    0, 0, 0, 0, 0, 0, 0, 0,
    -4, 0, -4, 0, -11, 0, 0, 0,
    0, 0, 0, -7, -2, -5, -7, -4,
    0, 0, 0, 0, 0, 0, -4, -4,
    -7, 0, 0, 0, 0, 0, -7, -4,
    -7, -5, -4, -7, -5, 0, 0, 0,
    0, 0, 0, 0, 0, 0, 0, 0,
    0, 0, 0, 0, 0, 0, 0, 0,
    0, 0, 0, 0, 0, 0, 0, 0,
    0, 0, 0, 0, 0, 0, 0, 0,
    0, 0, 0, 0, 0, 0, 0, 0,
    0, 0, 0, 0, 0, 0, 0, 0,
    0, 0, 0, 0, 0, 0, 0, 0,
    0, 0, 0, 0, 0, 0, 0, 0,
    0, 0, 0, 0, -35, -25, -35, -22,
    -10, -10, -4, -5, -5, -36, -6, -5,
    -4, 0, 0, 0, 0, -9, 0, -25,
    -16, 0, -21, 0, 0, -14, -16, -13,
    -12, -5, -9, -12, -5, -18, 0, 0,
    0, 0, 0, 0, 0, 0, 0, 0,
    0, 0, 0, 0, 0, 0, 0, 0,
    0, 0, 0, 0, 0, 0, 0, 0,
    0, 0, 0, 0, 0, 0, 0, 0,
    0, 0, 0, 0, 0, 0, 0, 0,
    0, 0, 0, 0, 0, 0, 0, 0,
    0, 0, 0, 0, 0, 0, 0, 0,
    0, 0, 0, 0, 0, 0, 0, 0,
    0, 0, 0, 0, 0, 0, -11, 0,
    0, 0, 0, 0, -2, -7, -11, -11,
    0, -4, -2, -2, 0, -5, -5, 0,
    -5, -7, -7, -5, 0, 0, 0, 0,
    -5, -7, -5, -5, -9, -5, 0, 0,
    0, 0, 0, 0, 0, 0, 0, 0,
    0, 0, 0, 0, 0, 0, 0, 0,
    0, 0, 0, 0, 0, 0, 0, 0,
    0, 0, 0, 0, 0, 0, 0, 0,
    0, 0, 0, 0, 0, 0, 0, 0,
    0, 0, 0, 0, 0, 0, 0, 0,
    0, 0, 0, 0, 0, 0, 0, 0,
    0, 0, 0, 0, 0, 0, 0, 0,
    0, 0, 0, 0, 0, 0, 0, 0,
    0, 0, 0, 0, 0, 0, 0, 0,
    0, -29, -9, -18, -9, 0, -25, 0,
    0, 0, 0, 0, 11, 0, 25, 0,
    0, 0, 0, -7, -4, 0, 4, 0,
    0, 0, 0, 0, 0, 0, 0, 0,
    0, 0, 0, 0, 0, 0, 0, 0,
    0, 0, 0, 0, 0, 0, 0, 0,
    0, 0, 0, 0, 0, 0, 0, 0,
    0, 0, 0, 0, 0, 0, 0, 0,
    0, 0, 0, 0, 0, 0, 0, 0,
    0, 0, 0, 0, 0, 0, 0, 0,
    0, 0, 0, 0, 0, 0, 0, 0,
    0, 0, 0, 0, 0, 0, -18, 0,
    0, 0, 0, 0, 0, -7, 0, 0,
    0, 0, -9, 0, -7, -2, 0, -9,
    0, 0, 0, 0, 0, 0, 0, 0,
    0, 0, -5, 0, 0, 0, 0, 0,
    0, 0, 0, 0, 0, 0, 0, 0,
    0, 0, 0, 0, 0, 0, 0, 0,
    0, 0, 0, 0, 0, 0, 0, 0,
    0, 0, 0, 0, 0, 0, 0, 0,
    0, 0, 0, 0, 0, 0, 0, 0,
    0, 0, 0, 0, 0, 0, 0, 0,
    0, 0, 0, 0, 0, 0, 0, 0,
    0, 0, 0, 0, 0, 0, 0, 0,
    0, 0, 0, 0, 0, -9, 0, -7,
    -4, 2, -4, 0, 0, 0, -7, 0,
    0, 0, 0, -21, 0, -7, 0, -2,
    -18, 0, -11, -5, 0, -1, 0, 0,
    0, 0, -1, -7, 0, -2, -2, -7,
    -2, -3, 0, 0, 0, 0, 0, 0,
    0, 0, 0, 0, 0, 0, 0, 0,
    0, 0, 0, 0, 0, 0, 0, 0,
    0, 0, 0, 0, 0, 0, 0, 0,
    0, 0, 0, 0, 0, 0, 0, 0,
    0, 0, 0, 0, 0, 0, 0, 0,
    0, 0, 0, 0, 0, 0, 0, 0,
    0, 0, 0, 0, 0, 0, 0, 0,
    0, 0, 0, 0, 0, 0, 0, 0,
    0, 0, -9, 0, 0, 0, 0, 0,
    0, 0, 0, 0, -7, 0, -5, 0,
    0, -9, 0, 0, -4, -8, 0, -4,
    0, 0, 0, 0, -4, 0, 2, 2,
    1, 2, 0, 0, 0, 0, 0, 0,
    0, 0, 0, 0, 0, 0, 0, 0,
    0, 0, 0, 0, 0, 0, 0, 0,
    0, 0, 0, 0, 0, 0, 0, 0,
    0, 0, 0, 0, 0, 0, 0, 0,
    0, 0, 0, 0, 0, 0, 0, 0,
    0, 0, 0, 0, 0, 0, 0, 0,
    0, 0, 0, 0, 0, 0, 0, 0,
    0, 0, 0, 0, 0, 0, 0, 0,
    0, -11, 0, 4, 0, 0, 0, 0,
    -4, 0, 0, -7, -7, -9, 0, -7,
    -4, 0, -11, 0, -9, -5, 0, -1,
    -4, 0, 0, 0, 0, -4, 0, 0,
    0, -4, 0, 0, 0, 0, 0, 0,
    0, 0, 0, 0, 0, 0, 0, 0,
    0, 0, 0, 0, 0, 0, 0, 0,
    0, 0, 0, 0, 0, 0, 0, 0,
    0, 0, 0, 0, 0, 0, 0, 0,
    0, 0, 0, 0, 0, 0, 0, 0,
    0, 0, 0, 0, 0, 0, 0, 0,
    0, 0, 0, 0, 0, 0, 0, 0,
    0, 0, 0, 0, 0, 0, 0, 4,
    14, 16, 0, -20, -5, -20, -4, 0,
    0, 9, 0, 0, 0, 0, 16, 0,
    23, 16, 11, 20, 0, 19, -7, -4,
    0, -5, 0, -4, 0, -2, 0, 0,
    4, 0, -2, 0, -5, 0, 0, 0,
    0, 0, 0, 0, 0, 0, 0, 0,
    0, 0, 0, 0, 0, 0, 0, 0,
    0, 0, 0, 0, 0, 0, 0, 0,
    0, 0, 0, 0, 0, 0, 0, 0,
    0, 0, 0, 0, 0, 0, 0, 0,
    0, 0, 0, 0, 0, 0, 0, 0,
    0, 0, 0, 0, 0, 0, 0, 0,
    0, 0, 0, 0, 0, 0, 0, 0,
    0, 0, 4, -11, 0, 0, 0, 15,
    0, 0, -14, 0, 0, 0, 0, -11,
    0, 0, 0, 0, -5, 0, 0, -6,
    -5, 0, 0, 0, 14, 0, 0, 0,
    0, -2, -2, 0, 4, -5, 0, 0,
    0, 0, 0, 0, 0, 0, 0, 0,
    0, 0, 0, 0, 0, 0, 0, 0,
    0, 0, 0, 0, 0, 0, 0, 0,
    0, 0, 0, 0, 0, 0, 0, 0,
    0, 0, 0, 0, 0, 0, 0, 0,
    0, 0, 0, 0, 0, 0, 0, 0,
    0, 0, 0, 0, 0, 0, 0, 0,
    0, 0, 0, 0, 0, 0, 0, 0,
    0, 0, 0, 0, -11, 0, 0, 0,
    0, 0, 0, -4, 0, 0, 0, 0,
    -9, 0, -4, 0, 0, -7, 0, 0,
    0, 0, 0, 0, 0, 0, 0, 0,
    0, 0, 0, 0, 0, 0, 0, 0,
    0, 0, 0, 0, 0, 0, 0, 0,
    0, 0, 0, 0, 0, 0, 0, 0,
    0, 0, 0, 0, 0, 0, 0, 0,
    0, 0, 0, 0, 0, 0, 0, 0,
    0, 0, 0, 0, 0, 0, 0, 0,
    0, 0, 0, 0, 0, 0, 0, 0,
    0, 0, 0, 0, 0, 0, 0, 0,
    0, 0, 0, 0, 0, 0, 0, 0,
    0, 0, 0, 0, 0, -8, 4, -20,
    4, 0, 4, 4, -7, 0, 0, 0,
    0, -14, 0, 0, 0, 0, -5, 0,
    0, -4, -8, 0, -4, 0, -4, 0,
    0, -9, -5, 0, 0, -4, 0, -4,
    0, 0, 0, 0, 0, 0, 0, 0,
    0, 0, 0, 0, 0, 0, 0, 0,
    0, 0, 0, 0, 0, 0, 0, 0,
    0, 0, 0, 0, 0, 0, 0, 0,
    0, 0, 0, 0, 0, 0, 0, 0,
    0, 0, 0, 0, 0, 0, 0, 0,
    0, 0, 0, 0, 0, 0, 0, 0,
    0, 0, 0, 0, 0, 0, 0, 0,
    0, 0, 0, 0, 0, 0, 0, 0,
    0, 0, 0, 0, 0, 0, 0, 0,
    0, 0, 0, 0, 0, 0, 0, 0,
    0, 0, 0, 0, 0, 0, 0, 3,
    0, 0, 0, 0, 0, 0, 0, 0,
    0, 0, 0, 0, 0, 0, 0, 0,
    0, 0, 0, 0, 0, 0, 0, 0,
    0, 0, 0, 0, 0, 0, 0, 0,
    0, 0, 0, 0, 0, 0, 0, 0,
    0, 0, 0, 0, 0, 0, 0, 0,
    0, 0, 0, 0, 0, 0, 0, 0,
    0, 0, 0, 0, 0, 0, 0, 0,
    0, 0, 0, 0, 0, 0, 0, 0,
    0, 0, 0, 0, 0, 0, 0, -8,
    0, 0, 0, 0, 0, 0, 0, 0,
    0, 0, 0, -7, 0, -5, 0, 0,
    -11, 0, 0, 0, 0, 0, 0, 0,
    0, 0, 0, 0, 0, 0, 0, 0,
    0, 0, 0, 0, 0, 0, 0, 0,
    0, 0, 0, 0, 0, 0, 0, 0,
    0, 0, 0, 0, 0, 0, 0, 0,
    0, 0, 0, 0, 0, 0, 0, 0,
    0, 0, 0, 0, 0, 0, 0, 0,
    0, 0, 0, 0, 0, 0, 0, 0,
    0, 0, 0, 0, 0, 0, 0, 0,
    0, 0, 0, 0, 0, 0, 0, 0,
    0, 0, 0, 0, 0, 0, 0, 0,
    0, -24, -9, -24, -11, 7, 7, 0,
    -5, 0, -22, 0, 0, 0, 0, 0,
    0, 0, -4, 4, -9, -4, 0, -4,
    0, 0, 0, -2, 0, 0, 7, 5,
    0, 7, -2, 0, 0, 0, 0, 0,
    0, 0, 0, 0, 0, 0, 0, 0,
    0, 0, 0, 0, 0, 0, 0, 0,
    0, 0, 0, 0, 0, 0, 0, 0,
    0, 0, 0, 0, 0, 0, 0, 0,
    0, 0, 0, 0, 0, 0, 0, 0,
    0, 0, 0, 0, 0, 0, 0, 0,
    0, 0, 0, 0, 0, 0, 0, 0,
    0, 0, 0, 0, 0, 0, 0, 0,
    0, -15, 0, 4, 0, 0, 0, 0,
    -5, 0, 0, 0, 0, -9, 0, -4,
    0, 0, -7, 0, 0, 0, 0, 0,
    0, 0, 0, 0, 0, -7, 0, 0,
    0, 0, 0, 0, 0, 0, 0, 0,
    0, 0, 0, 0, 0, 0, 0, 0,
    0, 0, 0, 0, 0, 0, 0, 0,
    0, 0, 0, 0, 0, 0, 0, 0,
    0, 0, 0, 0, 0, 0, 0, 0,
    0, 0, 0, 0, 0, 0, 0, 0,
    0, 0, 0, 0, 0, 0, 0, 0,
    0, 0, 0, 0, 0, 0, 0, 0,
    0, 0, 0, 0, 0, 0, 0, 0,
    0, 0, 0, 0, -11, 0, 2, 4,
    4, -11, 0, 0, 0, 0, -5, 0,
    0, 0, 0, -2, 0, 0, -8, -5,
    0, -4, 0, 0, 0, -4, -7, 0,
    0, 0, -5, 0, 0, 0, 0, 0,
    0, 0, 0, 0, 0, 0, 0, 0,
    0, 0, 0, 0, 0, 0, 0, 0,
    0, 0, 0, 0, 0, 0, 0, 0,
    0, 0, 0, 0, 0, 0, 0, 0,
    0, 0, 0, 0, 0, 0, 0, 0,
    0, 0, 0, 0, 0, 0, 0, 0,
    0, 0, 0, 0, 0, 0, 0, 0,
    0, 0, 0, 0, 0, 0, 0, 0,
    0, 0, 0, -4, -15, -4, -15, -7,
    0, 0, 0, -4, 0, -14, 0, -7,
    0, -3, 0, 0, -5, -4, 0, -7,
    -2, 0, 0, 0, -4, 0, 0, 0,
    0, 0, 0, 0, 0, -9, 0, 0,
    0, 0, 0, 0, 0, 0, 0, 0,
    0, 0, 0, 0, 0, 0, 0, 0,
    0, 0, 0, 0, 0, 0, 0, 0,
    0, 0, 0, 0, 0, 0, 0, 0,
    0, 0, 0, 0, 0, 0, 0, 0,
    0, 0, 0, 0, 0, 0, 0, 0,
    0, 0, 0, 0, 0, 0, 0, 0,
    0, 0, 0, 0, 0, 0, 0, 0,
    0, 0, 0, 0, -4, -20, 0, -20,
    -2, 0, 0, 0, -2, 0, -11, 0,
    -9, 0, -3, 0, -5, -9, 0, 0,
    -4, -2, 0, 0, 0, -4, 0, 0,
    0, 0, 0, 0, 0, 0, -7, 0,
    0, 0, 0, 0, 0, 0, 0, 0,
    0, 0, 0, 0, 0, 0, 0, 0,
    0, 0, 0, 0, 0, 0, 0, 0,
    0, 0, 0, 0, 0, 0, 0, 0,
    0, 0, 0, 0, 0, 0, 0, 0,
    0, 0, 0, 0, 0, 0, 0, 0,
    0, 0, 0, 0, 0, 0, 0, 0,
    0, 0, 0, 0, 0, 0, 0, 0,
    0, 0, -5, 0, 0, -8, 4, -5,
    -4, 0, 0, 4, 0, 0, -4, 0,
    -2, -11, 0, -6, 0, -4, -12, 0,
    0, -4, -7, 0, 0, 0, 0, 0,
    0, -9, 0, 0, 0, 0, -2, 0,
    0, 0, 0, 0, 0, 0, 0, 0,
    0, 0, 0, 0, 0, 0, 0, 0,
    0, 0, 0, 0, 0, 0, 0, 0,
    0, 0, 0, 0, 0, 0, 0, 0,
    0, 0, 0, 0, 0, 0, 0, 0,
    0, 0, 0, 0, 0, 0, 0, 0,
    0, 0, 0, 0, 0, 0, 0, 0,
    0, 0, 0, 0, 0, 0, 0, 0,
    0, 0, 0, 0, 0, 0, 0, -15,
    0, -15, -4, 0, 0, 0, 0, 0,
    -14, 0, -7, 0, -2, 0, -2, -4,
    0, 0, -7, -2, 0, 0, 0, -4,
    0, 0, 0, 0, 0, 0, -5, 0,
    -9, 0, 0, 0, 0, 0, 0, 0,
    0, 0, 0, 0, 0, 0, 0, 0,
    0, 0, 0, 0, 0, 0, 0, 0,
    0, 0, 0, 0, 0, 0, 0, 0,
    0, 0, 0, 0, 0, 0, 0, 0,
    0, 0, 0, 0, 0, 0, 0, 0,
    0, 0, 0, 0, 0, 0, 0, 0,
    0, 0, 0, 0, 0, 0, 0, 0,
    0, 0, 0, 0, 0, 0, 0, 0,
    0, -7, 0, 0, 0, 0, 0, 0,
    0, 0, 0, -9, 0, 0, 0, 0,
    -9, 0, 0, -7, -4, 0, -2, 0,
    0, 0, 0, 0, -4, -2, 0, 0,
    -2, 0, 0, 0, 0, 0, 0, 0,
    0, 0, 0, 0, 0, 0, 0, 0,
    0, 0, 0, 0, 0, 0, 0, 0,
    0, 0, 0, 0, 0, 0, 0, 0,
    0, 0, 0, 0, 0, 0, 0, 0,
    0, 0, 0, 0, 0, 0, 0, 0,
    0, 0, 0, 0, 0, 0, 0, 0,
    0, 0, 0, 0, 0, 0, 0, 0,
    0, 0, 0, 0, 0, 0, 0, 0,
    0, 0, 0, 0, 0, 0, 0, 0,
    0, 0, 0, 0, 0, 0, 0, 0,
    0, 0, 0, 0, 0, 0, 0, 0,
    0, 0, 0, 0, 0, 0, 0, 0,
    0, 0, 0, 0, 0, 0, 0, 0,
    0, 0, 0, 0, 0, 0, 0, 0,
    0, 0, 0, 0, -6, -6, 0, 0,
    0, 0, 0, 0, 0, 0, 0, 0,
    0, 0, 0, 0, 0, 0, 0, 0,
    0, 0, 0, 0, 0, 0, -3, 0,
    0, 0, 0, 0, 0, 0, 0, -6,
    0, 0, 0, 0, 0, 0, 0, 0,
    0, 0, 0, 0, 0, 0, 0, 0,
    0, 0, 0, 0, 0, 0, 0, 0,
    0, 0, 0, 0, 0, 0, 0, 0,
    0, 0, 0, 0, 0, 0, 0, 0,
    0, 0, 0, 0, 0, 0, 0, 0,
    0, 0, 0, 0, 0, 0, 0, 0,
    0, 0, 0, 0, 0, 0, 0, 0,
    0, 0, 0, 0, 0, -10, -10, 0,
    0, 0, 0, 0, 0, 0, 0, 0,
    0, 0, 0, 0, 0, 0, 0, 0,
    0, 0, 0, 0, 0, 0, 0, 0,
    0, 0, 0, 0, 0, 0, 0, 0,
    0, 0, 0, 0, 0, 0, 0, 0,
    0, 0, 0, 0, 0, 0, 0, 0,
    0, 0, 0, 0, 0, 0, 0, 0,
    0, 0, 0, 0, 0, 0, 0, 0,
    0, 0, 0, 0, 0, 0, 0, 0,
    0, 0, 0, 0, 0, 0, 0, 0,
    0, 0, 0, 0, 0, 0, 0, -19,
    0, 0, 0, 0, 0, 0, 0, 0,
    0, 0, 0, 0, 0, 0, 0, 0,
    0, 0, 0, 0, 0, 0, 0, 0,
    0, 0, 0, 0, 0, 0, 0, 0,
    0, 0, 0, 0, 0, 0, 0, 0,
    0, 0, 0, 0, 0, 0, 0, 0,
    0, -6, -6, 0, 0, 0, 0, 0,
    0, 0, 0, 0, 0, 0, 0, -32,
    0, 0, 0, 0, 0, 0, 0, 0,
    0, 0, 0, 0, 0, 0, 0, 0,
    0, 0, 0, 0, 0, 0, 0, 0,
    0, 0, 0, 0, 0, 0, 0, 0,
    0, 0, 0, 0, 0, 0, 0, -6,
    -6, 0, 0, 0, 0, 0, 0, 0,
    0, 0, 0, 0, 0, 0, 0, 0,
    0, 0, 0, 0, -13, 0, 0, 0,
    0, 0, 0, 0, 0, 0, 0, 0,
    0, 0, 0, 0, 0, 0, 0, 0,
    0, 0, 0, 0, 0, 0, 0, 0,
    0, 0, 0, 0, 0, 0, 0, 0,
    0, 0, 0, 0, 0, 0, 0, 0,
    -19, 0, 0, 0, 0, 0, 0, 0,
    0, 0, 0, 0, 0, 0, 0, 0,
    0, 0, 0, 0, 0, 0, 0, 0,
    0, 0, 0, 0, 0, 0, 0, 0,
    0, 0, 0, 0, 0, 0, 0, 0,
    -6, -6, 0, 0, 0, 0, 0, 0,
    0, 0, 0, 0, 0, 0, 0, 0,
    0, 0, 0, 0, 0, 0, 0, 0,
    0, 0, 0, 0, 0, 0, 0, 0,
    0, 0, 0, 0, 0, 0, 0, 0,
    0, 0, 0, 0, 0, 0, 0, 0,
    0, 0, 0, 0, 0, 0, 0, 0,
    0, 0, 0, 0, 0, 0, 0, 0,
    0, -19, 0, 0, 0, 0, 0, 0,
    0, 0, 0, 0, 0, 0, 0, 0,
    0, 0, 0, 0, 0, 0, 0, 0,
    0, 0, 0, 0, 0, 0, 0, 0,
    0, 0, 0, 0, 0, 0, 0, 0,
    0, -22, -16, 0, 0, -6, 0, 0,
    0, 0, 0, 0, 0, 0, 0, -13,
    0, 0, 0, 0, 0, 0, 0, 0,
    0, 0, 0, 0, 0, -6, 0, 0,
    0, 0, 0, 0, 0, 0, 0, 0,
    0, 0, 0, 0, 0, 0, 0, 0,
    0, 0, 0, 0, 0, 0, 0, 0,
    0, 0, 0, 0, 0, 0, 0, 0,
    0, 0, -10, 0, 0, 0, 0, 0,
    0, 0, 0, 0, 0, 0, 0, 0,
    0, 0, 0, 0, 0, 0, 0, 0,
    0, 0, 0, 0, 0, 0, 0, 0,
    0, 0, 0, 0, 0, 0, 0, 0,
    0, 0, -16, -16, 0, 0, 0, 0,
    0, 0, 0, 6, 6, 0, 0, 0,
    -13, 0, 0, 0, 0, 0, 0, 0,
    0, 0, 0, 0, 0, 0, 0, 0,
    0, 0, 0, 0, 0, 0, 0, 0,
    0, 0, 0, 0, 0, 0, 0, 0,
    0, 0, 0, 0, 0, 0, 0, 0,
    0, 0, 0, 0, 0, 0, 0, 0,
    0, 0, 0, -19, 0, 0, 0, 0,
    0, 0, 0, 0, 0, 0, 0, 0,
    0, 0, 0, 0, 0, 0, 0, 0,
    0, 0, 0, 0, 0, 0, 0, 0,
    0, 0, 0, 0, 0, 0, 0, 0,
    0, 0, 0, 0, 0, 0, 0, -6,
    0, 0, 0, 0, 0, 0, 0, 0,
    0, 0, 0, -10, -10, 0, 0, 0,
    0, 0, 0, 0, 13, 0, 0, -6,
    0, 0, 0, 0, 0, 0, 0, 0,
    0, 0, 0, 0, 0, 0, 0, 0,
    0, 0, 0, 0, 0, 0, 0, 0,
    0, 0, 0, 0, 0, 0, 0, 0,
    0, 0, 0, 0, -10, 0, 0, 0,
    0, 0, 0, 0, 0, 0, 0, 0,
    0, 0, 0, 0, 0, 0, 0, 0,
    0, 0, 0, 0, 0, 0, 0, 0,
    0, 0, 0, 0, 0, 0, 0, 0,
    0, 0, 0, 0, -10, 0, 0, 0,
    -6, 0, 0, 0, 0, 0, 0, 0,
    0, 0, 0, 0, 3, 3, 0, 0,
    0, 0, 0, 0, 0, 10, 0, 0,
    -6, 0, 0, 0, 0, 0, 0, 0,
    0, 0, 0, 0, 0, 0, 0, 0,
    0, 0, 0, 0, 0, 0, 0, 0,
    0, 0, 0, 0, 0, 0, 0, 0,
    0, 0, 0, 0, 0, -16, 0, 0,
    0, 0, 0, 0, 0, 0, 0, 0,
    0, 0, 0, 0, 0, 0, 0, 0,
    0, 0, 0, 0, 0, 0, 0, 0,
    0, 0, 0, 0, 0, 0, 0, 0,
    0, 0, 0, 0, 0, -6, 0, 0,
    0, 0, 0, 0, 0, 0, 0, 0,
    -6, 0, 0, -22, 0, 0, 0, 0,
    0, 0, 0, 0, 0, 0, 0, 0,
    0, 0, 0, 0, 0, 0, 0, 0,
    0, 0, 0, 0, 0, 0, 0, 0,
    0, 0, 0, 0, 0, 0, 0, 0,
    0, 0, 0, 0, 0, 0, 0, 0,
    0, 0, 0, 0, 0, 0, -16, 0,
    0, 0, 0, 0, 0, 0, 0, 0,
    0, 0, 0, 0, 0, 0, 0, 0,
    0, 0, 0, 0, 0, 0, 0, 0,
    0, 0, 0, 0, 0, 0, 0, 0,
    0, 0, 0, 0, 0, 0, 0, 0,
    0, 0, 0, 0, 0, 0, 0, 0,
    0, -6, 0, 0, 0, -19, -10, -10,
    0, 0, 0, 0, 0, 0, 0, 0,
    0, -3, 0, 0, 0, 0, 0, 0,
    0, 0, 0, 0, 0, 0, 0, 0,
    0, 0, 0, 0, 0, 0, 0, 0,
    0, 0, 0, 0, 0, 0, 0, 0,
    0, 0, 0, 0, 0, 0, 0, 0,
    0, 0, 0, 0, 0, 0, 0, 0,
    0, 0, 0, 0, 0, 0, 0, 0,
    0, 0, 0, 0, 0, 0, 0, 0,
    0, 0, 0, 0, 0, 0, 0, 0,
    0, 0, 0, 0, 0, 0, 0, -26,
    -32, 0, 0, 0, 0, 0, 0, 0,
    0, 0, 0, 0, 0, -13, 0, 3,
    3, 0, 0, 0, 0, 0, -22, 0,
    0, 0, 0, 0, 0, 0, 0, 0,
    0, 0, 0, -10, 0, 0, 0, 0,
    0, 0, 0, 0, 0, 0, 0, 0,
    0, 0, 0, 0, -22, -29, 0, 0,
    0, 0, 0, 0, 0, 0, 0, 0,
    -13, 0, 0, 0, 0, 0, 0, 0,
    0, 0, 0, 0, 0, 0, 0, 0,
    0, 0, 0, 0, 0, 0, 0, 0,
    0, 0, 0, 0, 0, 0, 0, 0,
    0, 0, 0, 0, 0, 0, 0, 0,
    0, 0, 0, 0, 0, 0, 0, 0,
    0, 0, 0, 0, 0, 0, 0, 0,
    0, 0, 0, 0, 0, 0, 0, 0,
    -10, 0, 0, 0, 0, 0, 0, 0,
    0, 0, 0, 0, 0, 0, 0, 0,
    0, 0, 0, 0, 0, 0, 0, 0,
    0, 0, 0, 0, 0, 0, 0, 0,
    0, 0, 0, 0, 0, 0, 0, 0,
    0, -6, 0, 0, 0, 0, 0, 0,
    0, 0, 0, 0, 0, 0, 0, 0,
    0, 0, 0, 0, 0, 0, 0, 0,
    0, 0, 0, 0, 0, 0, 0, 0,
    0, 0, 0, 0, 0, 0, 0, 0,
    0, -10, -10, 0, 0, 0, 0, 0,
    0, 0, 0, 0, 0, 0, 0, 0,
    0, 0, 0, 0, 0, 0, 0, 0,
    0, -6, 0, 0, 0, 0, 0, 0,
    0, 0, 0, 0, 0, 0, 0, 0,
    0, 0, 0, 0, 0, 0, 0, 0,
    0, 0, 0, 0, 0, 0, 0, 0,
    0, 0, 0, 0, 0, 0, 0, 0,
    0, 0, -16, 0, 0, 0, 0, 0,
    0, 0, 0, 0, 0, 0, 0, 0,
    0, 0, 0, 0, 0, 0, 0, 0,
    0, 0, 0, 0, 0, 0, 0, 0,
    0, 0, 0, 0, 0, 0, 0, 0,
    0, 0, 0, 0, 0, 0, 0, 0,
    0, 0, 0, 0, 0, 0, 0, 0,
    0, 0, -16, 0, 0, 0, 10, 0,
    0, 0, 0, 0, 0, 0, 0, 0,
    0, 0, 0, 0, 0, 0, 0, 0,
    0, 0, 0, 0, 0, 0, 0, 0,
    0, 0, 0, 0, 0, 0, 0, 0,
    0, 0, 0, 0, 0, 0, 0, 0,
    0, 0, 0, 0, 0, 0, 0, 0,
    0, 0, 0, 0, 0, 0, 0, 0,
    0, 0, 0, 0, 0, 0, 0, 0,
    0, 0, 0, 0, 0, 0, 0, 0,
    0, 0, 0, 0, 0, 0, 0, 0,
    0, 0, 0, -13, -13, 0, 0, 0,
    0, 0, 0, 0, 0, 0, 0, 0,
    0, 0, 0, 0, 0, 0, 0, 0,
    0, 0, 0, 0, 0, 0, 0, 0,
    0, 0, 0, 0, 0, 0, 0, 0,
    0, 0, 0, 0, 0, 0, 0, 0,
    0, 0, 0, 0, 0, 0, 0, 0,
    0, 0, 0, 0, 0, 0, 0, 0,
    0, 0, 0, 0, -16, 0, 0, 0,
    0, 0, 0, 0, 0, 0, 0, 0,
    0, 0, 0, 0, 0, 0, 0, 0,
    0, 0, 0, 0, 0, 0, 0, 0,
    0, 0, 0, 0, 0, 0, 0, 0,
    0, 0, 0, 0, -16, -10, -10, 0,
    0, -10, 0, 0, -10, -10, -10, 0,
    0, 0, -19, -6, 0, 0, 0, 0,
    0, -6, -6, 0, -16, 0, -16, 0,
    0, 0, 0, 0, 0, 0, 0, 0,
    0, 0, 0, 0, 0, 0, 0, 0,
    0, 0, 0, 0, 0, 0, 0, 0,
    0, 0, 0, 0, 0, 0, 0, 0,
    0, 0, 0, 0, 0, -22, 0, 0,
    0, 0, 0, 0, 0, 0, 0, 0,
    0, 0, 0, 0, 0, 0, 0, 0,
    0, 0, 0, 0, 0, 0, 0, 0,
    0, 0, 0, 0, 0, 0, 0, 0,
    0, 0, 0, 0, 0, -13, -13, -3,
    0, 0, 0, 0, 0, 0, 0, 6,
    0, 0, 0, 0, 0, 0, 0, 0,
    0, 0, 0, 0, 0, 0, 0, 0,
    0, 0, 0, 0, 0, 0, 0, 0,
    0, 0, 0, 0, 0, 0, 0, 0,
    0, 0, 0, 0, 0, 0, 0, 0,
    0, 0, 0, 0, 0, 0, 0, 0,
    0, 0, 0, 0, 0, 0, -13, 0,
    0, 0, 0, 0, 0, 0, 0, 0,
    0, 0, 0, 0, 0, 0, 0, 0,
    0, 0, 0, 0, 0, 0, 0, 0,
    0, 0, 0, 0, 0, 0, 0, 0,
    0, 0, 0, 0, 0, 0, -13, 0,
    0, 0, 0, 0, 0, 0, 0, -10,
    0, -10, 0, 0, -10, -13, -10, -10,
    0, -10, -3, 0, 0, -16, 0, 0,
    0, 0, 0, 0, 0, 0, 0, 0,
    0, 0, 0, 0, 0, 0, 0, 0,
    0, 0, 0, 0, 0, 0, 0, 0,
    0, 0, 0, 0, 0, 0, 0, 0,
    0, 0, 0, 0, 0, 0, 0, -13,
    0, 0, 0, 0, 0, 0, 0, 0,
    0, 0, 0, 0, 0, 0, 0, 0,
    0, 0, 0, 0, 0, 0, 0, 0,
    0, 0, 0, 0, 0, 0, 0, 0,
    0, 0, 0, 0, 0, 0, 0, -10,
    0, 0, 0, 0, 0, 0, -6, 0,
    -6, -6, 3, 0, 0, 0, 0, 0,
    0, 0, 0, 0, 0, 0, 0, 0,
    0, 0, 0, 0, 0, 0, 0, 0,
    0, 0, 0, 0, 0, 0, 0, 0,
    0, 0, 0, 0, 0, 0, 0, 0,
    0, 0, 0, 0, 0, 0, 0, 0,
    0, 0, 0, 0, 0, 0, 0, 0,
    -16, 0, 0, 0, 0, 0, 0, 0,
    0, 0, 0, 0, 0, 0, 0, 0,
    0, 0, 0, 0, 0, 0, 0, 0,
    0, 0, 0, 0, 0, 0, 0, 0,
    0, 0, 0, 0, 0, 0, 0, 0,
    0, 0, 0, 0, 0, 0, 0, 0,
    -10, 0, 0, 0, 0, 0, 0, 0,
    0, 0, 0, 0, 0, 0, 0, 0,
    0, 0, 0, 0, 0, 0, 0, 0,
    0, 0, 0, 0, 0, 0, 0, 0,
    0, 0, 0, 0, 0, 0, 0, 0,
    0, 0, 0, 0, 0, 0, 0, 0,
    0, 0, 0, 0, 0, 0, 0, 0,
    0, -19, 0, 0, 0, 0, 0, 0,
    0, 0, 0, 0, 0, 0, 0, 0,
    0, 0, 0, 0, 0, 0, 0, 0,
    0, 0, 0, 0, 0, 0, 0, 0,
    0, 0, 0, 0, 0, 0, 0, 0,
    0, 0, 0, 0, 0, 0, 0, 0,
    0, 0, 0, 0, 0, 0, -6, 0,
    0, 0, 0, 0, 0, 0, 0, 0,
    0, 0, 0, 0, 0, 0, 0, 0,
    0, 0, 0, 0, 0, 0, 0, 0,
    0, 0, 0, 0, 0, 0, 0, 0,
    0, 0, 0, 0, 0, 0, 0, 0,
    0, 0, 0, 0, 0, 0, 0, 0,
    0, 0, 0, 0, 0, 0, 0, 0,
    0, 0, 0, 0, 0, 0, 0, 0,
    0, 0, 0, 0, 0, 0, 0, 0,
    0, 0, 0, 0, 0, 0, 0, 0,
    0, 0, 0, 0, 0, 0, 0, 0,
    0, 0, 0, 0, 0, 0, 0, 0,
    6, 0, 0, 0, 0, 0, 0, 0,
    0, 0, 0, 0, 0, 0, 0, 0,
    0, 0, 0, 0, 0, 0, 0, 0,
    0, 0, 0, 0, 0, 0, 0, 0,
    0, 0, 0, 0, 0, 0, 0, 0,
    0, 0, 0, 0, 0, 0, 0, 0,
    0, 0, 0, 0, 0, 0, 0, 0,
    0, 0, 0, 0, 0, 0, 0, 0,
    0, 0, 0, 0, 0, 0, 0, 0,
    0, 0, 0, 0, 0, 0, 0, 0,
    0, 0, 0, 0, 0, 0, 0, 0,
    0, 0, 0, 0, 0, 0, 0, 0,
    0, 0, 0, 0, 0, 0, 0, 0,
    0, 0, 0, 0, 0, 0, 0, 0,
    0, 0, 0, -22, -22, -16, 0, 0,
    0, 0, 0, 0, 0, 0, 0, 0,
    0, 0, 0, 0, 0, 0, 0, 0,
    0, 0, 0, 0, 0, 0, 0, 0,
    0, 0, 0, 0, 0, 0, 0, 0,
    0, 0, 0, 0, 0, 0, 0, 0,
    0, 0, 0, 0, -10, 0, 0, 0,
    0, 0, 0, 0, 0, 0, 0, 0,
    0, 0, 0, 0, 0, 0, 0, 0,
    0, 0, 0, 0, 0, 0, 0, 0,
    0, 0, 0, 0, 0, 0, 0, 0,
    0, 0, 0, 0, 0, 0, 0, 0,
    0, 0, 0, 0, 0, 0, 0, 0,
    0, 0, 0, 0, -13, -13, 0, 0,
    0, 0, 0, 0, 0, 0, 0, 0,
    0, 0, 0, 0, 0, 0, 0, 0,
    0, 0, 0, 0, 0, 0, 0, 0,
    0, 0, 0, 0, 0, 0, 0, 0,
    0, 0, 0, 0, 0, 0, 0, 0,
    0, 0, 0, 0, 0, -10, 0, 0,
    0, 0, 0, 0, 0, 0, 0, 0,
    0, 0, 0, 0, 0, 0, 0, 0,
    0, 0, 0, 0, 0, 0, 0, 0,
    0, 0, 0, 0, 0, 0, 0, 0,
    0, 0, 0, 0, 0, -13, -13, 0,
    0, 0, 0, 0, 0, 0, 0, 0,
    0, -10, 0, -13, 0, 0, 0, 0,
    0, 0, 0, 0, 0, 0, 0, 0,
    0, 0, 0, 0, 0, 0, 0, 0,
    0, 0, 0, 0, 0, 0, 0, 0,
    0, 0, 0, 0, 0, 0, 0, 0,
    0, 0, 0, 0, 0, 0, 0, 0,
    0, 0, 0, 0, 0, 0, -16, 0,
    0, 0, 0, 0, 0, 0, 0, 0,
    0, 0, 0, 0, 0, 0, 0, 0,
    0, 0, 0, 0, 0, 0, 0, 0,
    0, 0, 0, 0, 0, 0, 0, 0,
    0, 0, 0, 0, 0, 0, 0, 0,
    0, 0, 0, 0, 0, 0, 0, 0,
    0, 0, 0, 0, 0, 0, 0, 0,
    0, 0, 0, 0, 0, 0, 0, 0,
    0, 0, 0, 0, 0, 0, 0, 0,
    0, 0, 0, 0, 0, 0, 0, 0,
    0, 0, 0, 0, 0, 0, 0, 0,
    0, 0, 0, 0, 0, 0, 0, 0,
    0, 0, 0, 0, 0, 0, 0, -13,
    0, 0, 0, 0, 0, 0, 0, 0,
    0, 0, 0, 0, 0, 0, 0, 0,
    0, 0, 0, 0, 0, 0, 0, 0,
    0, 0, 0, 0, 0, 0, 0, 0,
    0, 0, 0, 0, 0, 0, 0, 0,
    0, 0, 0, 0, 0, 0, 0, 0,
    0, 0, 0, 0, 0, 0, 0, 0,
    0, 0, 0, 0, 0, 0, 0, 0,
    0, 0, 0, 0, 0, 0, 0, 0,
    0, 0, 0, 0, 0, 0, 0, 0,
    0, 0, 0, 0, 0, 0, 0, 0,
    0, 0, 0, 0, 0, 0, 0, 0,
    0, 0, 0, 0, 0, 0, 0, 0,
    -16, 0, 0, 0, 0, 0, 0, 0,
    0, 0, 0, 0, 0, 0, 0, 0,
    0, 0, 0, 0, 0, 0, 0, 0,
    0, 0, 0, 0, 0, 0, 0, 0,
    0, 0, 0, 0, 0, 0, 0, 0,
    -10, 0, 0, -6, -10, 0, 0, 0,
    0, 0, 0, 0, 0, 0, 0, -13,
    -13, -13, -6, 0, 0, 0, 0, 0,
    0, 0, 0, 0, 0, 0, 0, 0,
    0, 0, 0, 0, 0, 0, 0, 0,
    0, 0, 0, 0, 0, 0, 0, 0,
    0, 0, 0, 0, 0, 0, 0, 0,
    0, 0, 0, 0, 0, 0, 0, 0,
    0, -13, 0, 0, 0, 0, 0, 0,
    0, 0, 0, 0, 0, 0, 0, 0,
    0, 0, 0, 0, 0, 0, 0, 0,
    0, 0, 0, 0, 0, 0, 0, 0,
    0, 0, 0, 0, 0, 0, 0, 0,
    0, -10, -3, 0, 0, 0, 0, 0,
    0, 0, 0, 0, 0, 0, 0, 0,
    0, 0, 0, 0, 0, 0, 0, 0,
    0, 0, 0, 0, 0, 0, 0, 0,
    0, 0, 0, 0, 0, 0, 0, 0,
    0, 0, 0, 0, 0, 0, 0, 0,
    0, 0, 0, 0, 0, 0, 0, 0,
    0, 0, 0, 0, 0, 0, 0, 0,
    0, 0, -13, 0, 0, 0, 0, 0,
    0, 0, 0, 0, 0, 0, 0, 0,
    0, 0, 0, 0, 0, 0, 0, 0,
    0, 0, 0, 0, 0, 0, 0, 0,
    0, 0, 0, 0, 0, 0, 0, 0,
    0, 0, 0, 0, 0, 0, 0, 0,
    0, 0, 0, 0, 0, -6, -6, 0,
    0, 0, -10, -10, 0, 0, 0, 0,
    0, 0, 0, 0, 0, 0, 0, 0,
    0, 0, 0, 0, 0, 0, 0, 0,
    0, 0, 0, 0, 0, 0, 0, 0,
    0, 0, 0, 0, 0, 0, 0, 0,
    0, 0, 0, 0, 0, 0, 0, 0,
    0, 0, 0, -10, 0, 0, 0, 0,
    0, 0, 0, 0, 0, 0, 0, 0,
    0, 0, 0, 0, 0, 0, 0, 0,
    0, 0, 0, 0, 0, 0, 0, 0,
    0, 0, 0, 0, 0, 0, 0, 0,
    0, 0, 0, -13, -6, 0, 0, 0,
    0, 0, 0, 0, 0, 0, 0, 0,
    0, 0, 3, 0, 0, 0, 0, 0,
    0, 0, 0, 0, 0, 0, 0, 0,
    0, 0, 0, 0, 0, 0, 0, 0,
    0, 0, 0, 0, 0, 0, 0, 0,
    0, 0, 0, 0, 0, 0, 0, 0,
    0, 0, 0, 0, 0, 0, 0, 0,
    0, 0, 0, 0, -22, 0, 0, 0,
    0, 0, 0, 0, 0, 0, 0, 0,
    0, 0, 0, 0, 0, 0, 0, 0,
    0, 0, 0, 0, 0, 0, 0, 0,
    0, 0, 0, 0, 0, 0, 0, 0,
    0, 0, 0, 0, 0, 0, 0, 0,
    0, 0, 0, 0, 0, 0, 0, 0,
    0, 0, 0, -13, 0, 0, 0, 0,
    0, 0, 0, 0, 0, 0, 0, 0,
    0, 0, 0, 0, 0, 0, 0, 0,
    0, 0, 0, 0, 0, 0, 0, 0,
    0, 0, 0, 0, 0, 0, 0, 0,
    0, 0, 0, -13, 0, 0, 0, 0,
    0, 0, 0, 0, 0, 0, 0, 0,
    0, 0, 0, 0, 0, 0, 0, 0,
    0, 0, 0, 0, 0, 0, 0, 0,
    0, 0, 0, 0, 0, 0, 0, 0,
    0, 0, 0, 0, 0, 0, 0, 0,
    0, 0, 0, 0, 0, 3, 3, 0,
    0, 0, 0, 0, 0, 0, 0, 0,
    0, 0, 0, 0, -6, -10, -10, 0,
    0, 0, 0, 0, 0, 0, 0, 0,
    0, 0, 0, 0, 0, 0, 0, 0,
    0, 0, 0, 0, 0, 0, 0, 0,
    0, 0, 0, 0, 0, 0, 0, 0,
    0, 0, 0, 0, 0, 0, 0, 0,
    0, 0, 0, 0, 0, 0, 0, 0,
    0, 0, 0, 0, 0, 0, 0, 0,
    0, 0, 0, 0, 0, 0, 0, 0,
    0, 0, 0, 0, 0, 0, 0, 0,
    0, 0, 0, 0, 0, 0, 0, 0,
    0, 0, 0, 0, 0, 0, 0, 0,
    0, 0, 0, 0, 0, 0, 0, 0,
    0, 0, 0, 0, 0, 0, 0, 0,
    0, 0, 0, 0, 0, 0, 0, 0,
    0, 0, 0, -16, 0, 0, 0, 0,
    0, 0, 0, 0, 0, 0, 0, 0,
    0, 0, 0, 0, 0, 0, 0, 0,
    0, 0, 0, 0, 0, 0, 0, 0,
    0, 0, 0, 0, 0, 0, 0, 0,
    0, 0, 0, 0, 0, 0, 0, 0,
    0, 0, 0, 0, 0, 0, 0, 0,
    0, 0, 0, 0, 0, 0, 0, 0,
    0, 0, 0, 0, 0, 0, 0, 0,
    0, 0, 0, 0, 0, 0, 0, 0,
    0, 0, 0, 0, 0, 0, 0, 0,
    0, 0, -6, 0, 0, 0, 0, -16,
    -16, 0, 0, 0, 0, 0, 0, 0,
    0, 0, 0, 0, 0, 0, 0, 0,
    0, 0, 0, 0, 0, 0, 0, 0,
    0, 0, 0, 0, 0, 0, 0, 0,
    0, 0, 0, 0, 0, 0, 0, 0,
    0, 0, 0, 0, 0, 0, 0, 0,
    0, 0, 0, 0, 0, 0, 0, 0,
    0, 0, 0, 0, 0, 0, 0, 0,
    0, 0, 0, 0, 0, 0, 0, 0,
    0, 0, 0, 0, 0, 0, 0, 0,
    0, 0, 0, 0, 0, 0, 0, 0,
    -16, -16, 0, 0, 0, 0, 0, 0,
    0, 0, 0, 0, 0, 0, 0, 0,
    0, 0, 0, 0, 0, 0, 0, 0,
    0, 0, 0, 0, 0, 0, 0, 0,
    0, 0, 0, 0, 0, 0, 0, 0,
    0, 0, 0, 0, 0, 0, 0, 0,
    0, 0, 0, 0, 0, 0, 0, 0,
    0, 0, 0, 0, 0, 0, 0, 0,
    0, -16, 0, 0, 0, 0, 0, 0,
    0, 0, 0, 0, 0, 0, 0, 0,
    0, 0, 0, 0, 0, 0, 0, 0,
    0, 0, 0, 0, 0, 0, 0, 0,
    0, 0, 0, 0, 0, 0, 0, 0,
    0, -32, -32, 0, 0, 0, 0, 0,
    0, 0, 0, 0, 0, 0, 0, 0,
    0, 0, 0, -6, 0, 0, 0, 0,
    0, 0, 0, 0, 0, 0, 0, 0,
    0, -16, 0, 0, 0, -16, -16, 0,
    -13, 0, -6, 0, 0, 0, 0, 0,
    -6, 0, -13, -6, 0, 0, -6, -6,
    0, -22, -16, 0, 0, 0, -3, 0,
    -13, -19, -32, 0, 0, 0, 0, 0,
    0, 0, 0, 0, 0, 0, 0, 0,
    0, 0, 0, 0, 0, 0, 0, 0,
    0, 0, 0, 0, 0, 0, 0, 0,
    0, 0, 0, 0, 0, 0, 0, 0,
    0, 0, -6, -6, 0, 0, 0, 0,
    0, 0, 0, 0, 0, 0, 0, 0,
    0, 0, 0, 0, 0, 0, 0, 0,
    0, 0, 0, 0, 0, 0, 0, 0,
    0, 0, 0, 0, -3, 0, -6, -6,
    0, 0, -10, 0, 0, -13, -6, 0,
    0, -6, 0, -6, -6, 0, 0, 0,
    0, 0, -6, 0, 0, 0, 0, 0,
    0, 0, 0, 0, 0, 0, 0, 0,
    0, 0, 0, 0, 0, 0, 0, 0,
    0, 0, 0, 0, 0, 0, 0, 0,
    0, 0, 0, 0, 0, 0, 0, 0,
    0, 0, 0, 0, 0, 0, 0, 0,
    0, 0, 0, -10, -6, 0, 0, 0,
    0, 0, 0, 0, 0, 0, 0, 0,
    0, 0, 0, 0, 0, 0, 0, 0,
    0, 0, 0, 0, 0, 0, 0, 0,
    0, 0, 0, 0, 0, 0, 0, 0,
    0, 0, 0, 0, 0, 0, 0, 0,
    0, 0, 0, 0, 0, 0, 0, 0,
    0, 0, 0, 0, 0, 0, 0, 0,
    0, 0, 0, 0, 0, 0, 0, 0,
    0, 0, 0, 0, 0, 0, 0, 0,
    0, 0, 0, 0, 0, 0, 0, 0,
    0, 0, 0, 0, 0, 0, 0, 0,
    0, 0, 0, 0, 0, 0, 0, 0,
    0, 0, 0, 0, -19, -19, 0, 0,
    0, 0, 0, 0, 0, 0, 0, 0,
    0, 0, 0, 0, 0, 0, 0, 0,
    0, 0, 0, 0, 0, 0, 0, 0,
    0, 0, 0, 0, 0, 0, 0, 0,
    -6, -6, 0, 0, 0, 0, 0, 0,
    0, 0, 0, 0, 0, 0, 0, 0,
    0, 0, 0, 0, -10, 0, 0, 0,
    0, 0, 0, 0, 0, -16, 0, 0,
    0, 0, 0, 0, 0, 0, 0, 0,
    0, 0, 0, 0, 0, 0, 0, 0,
    0, 0, 0, 0, 0, 0, 0, 0,
    0, 0, 0, 0, 0, 0, 0, 0,
    0, 0, 0, 0, 0, -6, 0, 0,
    0, 0, 0, 0, 0, 0, 0, 0,
    0, 0, 0, 0, 0, 0, 0, 0,
    0, 0, 0, 0, 0, 0, 0, 0,
    0, 0, 0, 0, 0, 0, 0, 0,
    0, 0, 0, 0, 0, 0, 0, 0,
    0, 0, 0, 0, 0, 0, 0, 0,
    0, 0, 0, 0, 0, 0, 0, 0,
    0, 0, 0, 0, 0, 0, -10, 0,
    0, 0, 0, 0, 0, 0, 0, 0,
    0, 0, 0, 0, 0, 0, 0, 0,
    0, 0, 0, 0, 0, 0, 0, 0,
    0, 0, 0, 0, 0, 0, 0, 0,
    0, 0, 0, 0, 0, 0, -13, -13,
    0, 0, 0, 0, 0, 0, 0, 0,
    0, 0, 0, 0, 0, 0, 0, 0,
    0, 0, 0, 0, 0, 0, 0, 0,
    0, 0, 0, 0, 0, 0, 0, 0,
    0, 0, 0, 0, 0, 0, -10, 0,
    0, 0, 0, 0, 0, 0, 0, 0,
    0, 0, 0, 0, 0, 0, 0, 0,
    0, 0, 0, 0, 0, -10, 0, -10,
    0, 0, 0, 0, 0, 0, 0, 0,
    0, 0, 0, 0, 0, 0, 0, 0,
    0, 0, 0, 0, 0, 0, 0, 0,
    0, 0, 0, 0, 0, 0, 0, 0,
    0, 0, 0, 0, 0, 0, 0, -10,
    -10, 0, 0, 0, 0, 0, 0, 0,
    0, 0, 0, 0, 0, 0, 0, 0,
    0, 0, 0, 0, 0, 0, 0, 0,
    0, 0, 0, 0, 0, 0, 0, 0,
    0, 0, 0, 0, 0, 0, 0, 0,
    0, 0, 0, 0, 0, 0, 0, 0,
    0, 0, 0, 0, 0, 0, 0, 0,
    0, 0, 0, 0, 0, 0, 0, 0,
    -22, 0, 0, 0, 0, 0, 0, 0,
    0, 0, 0, 0, 0, 0, 0, 0,
    0, 0, 0, 0, 0, 0, 0, 0,
    0, 0, 0, 0, 0, 0, 0, 0,
    0, 0, 0, 0, 0, 0, 0, -6,
    -29, -26, 0, 0, 0, 0, 0, 0,
    0, 0, 0, 0, 0, 0, 0, 0,
    0, 0, 0, 0, 0, 0, 0, 0,
    0, 0, 0, 0, 0, 0, 0, 0,
    0, 0, 0, 0, -13, -13, 0, 0,
    -10, 0, 0, -13, 0, 0, 0, 0,
    0, -16, -16, 0, 0, 0, 0, 0,
    -26, -13, 0, 0, 0, -10, 0, 0,
    0, -29, 0, 0, 0, 0, 0, 0,
    0, 0, 0, 0, 0, 0, 0, 0,
    0, 0, 0, 0, 0, 0, 0, 0,
    0, 0, 0, 0, 0, 0, 0, 0,
    0, 0, 0, 0, 0, 0, 0, 0,
    0, -22, -26, 0, 0, 0, 0, 0,
    0, 0, 0, 0, 0, 0, 0, 0,
    0, 0, 0, 0, 0, 0, 0, 0,
    0, 0, 0, 0, 0, 0, 0, 0,
    0, 0, 0, 0, 0, -6, -6, 0,
    0, 0, 0, 3, 0, 0, 0, 0,
    0, 0, 0, 0, 0, 0, 0, 0,
    0, -6, 0, 0, 0, 0, 0, 0,
    0, 0, -22, 0, 0, 0, 0, 0,
    0, 0, 0, 0, 0, 0, 0, 0,
    0, 0, 0, 0, 0, 0, 0, 0,
    0, 0, 0, 0, 0, 0, 0, 0,
    0, 0, 0, 0, 0, 0, 0, 0,
    0, 0, -26, -29, 0, 0, 0, 0,
    0, 0, 0, 0, 0, 0, 0, 0,
    0, 0, 0, 0, 0, 0, 0, 0,
    0, 0, 0, 0, 0, 0, 0, 0,
    0, 0, -6, 0, 0, 0, 0, 0,
    0, 0, 0, 0, 0, 0, -6, -6,
    0, 0, 0, -13, -13, 0, 0, -10,
    -10, 0, -22, -10, 0, 0, 0, 0,
    -6, -10, 0, -32, 0, 0, 0, 0,
    0, 0, 0, 0, 0, 0, 0, 0,
    0, 0, 0, 0, 0, 0, 0, 0,
    0, 0, 0, 0, 0, 0, 0, 0,
    0, 0, 0, 0, 0, 0, 0, 0,
    0, 0, 0, 0, 0, 0, 0, 0,
    0, 0, 0, 0, 0, 0, 0, 0,
    0, 0, 0, 0, 0, 0, 0, 0,
    0, 0, 0, 0, 0, 0, 0, 0,
    0, 0, 0, 0, -13, 0, 0, 0,
    0, 0, 0, 0, 0, 0, 0, 0,
    0, 0, 0, 0, 0, 0, 0, 0,
    0, 0, 0, 0, 0, 0, 0, 0,
    0, 0, 0, 0, 0, 0, 0, 0,
    0, 0, 0, 0, 0, 0, 0, 0,
    0, 0, 0, 0, 0, 0, 0, 0,
    0, 0, 0, 0, 0, 0, 0, 0,
    0, 0, 0, 0, 0, 0, 0, 0,
    0, 0, 0, 0, -6, -6, 0, 0,
    0, 0, 0, 0, 0, 0, 0, 0,
    0, 0, 0, 0, 0, 0, 0, 0,
    0, 0, 0, 0, 0, 0, 0, 0,
    0, 0, 0, 0, 0, 0, 0, 0,
    0, 0, 0, 0, 0, 0, 0, 0,
    0, 0, 0, 0, 0, -10, -10, 0,
    0, 0, 0, 0, 0, 0, 0, 0,
    0, 0, 0, 0, 0, -10, 0, 0,
    0, 0, 0, 0, 0, 0, 0, 0,
    0, 0, 0, 0, 0, 0, 0, 0,
    0, 0, 0, 0, 0, 0, 0, 0,
    0, 0, 0, 0, 0, 0, 0, 0,
    0, 0, 0, 0, 0, -10, -10, 0,
    0, 0, 0, 0, 0, 0, 0, 0,
    0, 0, 0, 0, 0, 0, 0, 0,
    0, 0, 0, 0, 0, 0, 0, 0,
    0, 0, 0, 0, 0, 0, 0, 0,
    0, 0, 0, 0, 0, 0, 0, 0,
    -6, 0, 0, 0, 0, 0, -19, -19,
    0, 0, 0, 0, 0, 0, 0, -16,
    -22, 0, 0, 0, 0, 0, -10, 0,
    0, 0, 0, 0, 0, 0, 0, 0,
    0, 0, 0, 0, 0, 0, 0, 0,
    0, 0, 0, 0, 0, 0, 0, 0,
    0, 0, 0, 0, 0, 0, 0, 0,
    0, 0, 0, 0, 0, 0, 0, 0,
    0, 0, 0, 0, 0, 0, 0, 0,
    0, 0, 0, 0, 0, 0, 0, 0,
    0, 0, 0, 0, 0, 0, 0, 0,
    0, 0, 0, 0, 0, 0, 0, 0,
    0, 0, 0, 0, 0, 0, 0, 0,
    0, 0, 0, 0, 0, 0, 0, 0,
    0, 0, 0, -22, -22, -10, 0, 0,
    0, 0, 0, 0, 0, 0, 0, 0,
    0, 0, 0, 0, 0, 0, 0, 0,
    0, 0, 0, 0, 0, 0, 0, 0,
    0, 0, 0, 0, 0, 0, 0, 0,
    0, 0, 0, 0, 0, 0, 0, 0,
    0, 0, 0, 0, 0, 0, 0, 0,
    0, 0, 0, 0, 0, 0, 0, 0,
    0, 0, 0, 0, 0, 0, 0, 0,
    0, 0, 0, 0, 0, 0, 0, 0,
    0, 0, 0, 0, 0, 0, 0, 0,
    0, 0, 0, 0, 0, 0, 0, 0,
    0, 0, 0, 0, 0, 0, 0, 0,
    0, 0, 0, 0, 0, 0, 0, 0,
    -6, 0, 0, 0, 0, 0, 0, 0,
    0, 0, 0, 0, 0, 0, 0, 0,
    0, 0, 0, 0, 0, 0, 0, 0,
    0, 0, 0, 0, 0, 0, 0, 0,
    0, 0, 0, 0, 0, 0, 0, 0,
    0, 0, 0, 0, 0, 0, 0, 0,
    -19, -19, 0, 0, 0, 0, 0, 0,
    0, 0, 0, 0, 0, 0, 0, 0,
    0, 0, 0, 0, 0, 0, 0, 0,
    0, 0, 0, 0, 0, 0, 0, 0,
    0, 0, 0, 0, 0, 0, 0, 0,
    0, 0, 0, 0, 0, 0, 0, 0,
    0, 0, 0, 0, 0, 0, 0, 0,
    0, 0, 0, 0, 0, 0, 0, 0,
    0, -22, 0, 0, 0, 0, 0, 0,
    0, 0, 0, 0, 0, 0, 0, 0,
    0, 0, 0, 0, 0, 0, 0, 0,
    0, 0, 0, 0, 0, 0, 0, 0,
    0, 0, 0, 0, 0, 0, 0, 0,
    0, -10, -10, 0, 0, 0, 0, 0,
    0, 0, 0, 0, 0, 0, 0, 0,
    0, 0, 0, 0, 0, 0, 0, 0,
    0, 0, 0, 0, 0, 0, 0, 0,
    0, 0, 0, 0, 0, 0, 0, 0,
    0, 0, 0, 0, 0, 0, 0, 0,
    0, 0, 0, 0, 0, 0, 0, 0,
    0, 0, -10, 0, 0, 0, 0, 0,
    0, 0, -16, 0, 0, 0, 0, 0,
    0, 0, 0, 0, 0, 0, 0, 0,
    0, 0, 0, 0, 0, 0, 0, 0,
    0, 0, 0, 0, 0, 0, 0, 0,
    0, 0, 0, 0, 0, 0, 0, 0,
    0, 0, -16, -10, 0, 0, 0, 0,
    0, 0, 0, 0, 0, 0, 0, 0,
    0, 0, 0, 0, 0, 0, 0, 0,
    0, 0, 0, 0, 0, 0, 0, 0,
    0, 0, 0, 0, 0, 0, 0, 0,
    0, 6, 0, 0, 0, 0, 0, 0,
    0, 0, 0, 0, 0, 0, 0, 0,
    0, 0, 0, -10, 0, 0, 0, 0,
    0, 0, 0, -16, 0, 0, 0, 0,
    0, 0, 0, 0, 0, 0, 0, 0,
    0, 0, 0, 0, 0, 0, 0, 0,
    0, 0, 0, 0, 0, 0, 0, 0,
    0, 0, 0, 0, 0, 0, 0, 0,
    0, 0, 0, -19, -16, 0, 0, 0,
    0, 0, 0, 0, 0, 0, 0, 0,
    0, 0, 0, 0, 0, 0, 0, 0,
    0, 0, 0, 0, 0, 0, 0, 0,
    0, 0, 0, 0, 0, 0, 0, 0,
    0, 0, 0, 0, 0, 0, 0, 0,
    0, 0, 0, 0, 0, 0, 0, 0,
    0, 0, 0, -6, 0, -3, 0, 0,
    0, 0, 0, 0, -10, 0, 0, 0,
    0, 0, 0, 0, 0, 0, 0, 0,
    0, 0, 0, 0, 0, 0, 0, 0,
    0, 0, 0, 0, 0, 0, 0, 0,
    0, 0, 0, 0, 0, 0, 0, 0,
    0, 0, 0, 0, -3, -3, 0, 0,
    0, 0, 0, 0, 0, 0, 0, 0,
    0, 0, 0, 0, 0, 0, 0, 0,
    0, 0, 0, 0, 0, 0, 0, 0,
    0, 0, 0, 0, 0, 0, 0, 0,
    0, 0, 0, 0, 0, 0, 0, 0,
    0, 0, 0, 0, 0, 0, 0, 0,
    0, 0, 0, 0, 0, 0, 0, 0,
    0, 0, 0, 0, 0, -16, 0, 0,
    0, 0, 0, 0, 0, 0, 0, 0,
    0, 0, 0, 0, 0, 0, 0, 0,
    0, 0, 0, 0, 0, 0, 0, 0,
    0, 0, 0, 0, 0, 0, 0, 0,
    0, 0, 0, 0, 0, -10, -10, 0,
    0, 0, 0, 0, 0, 0, 0, 0,
    0, 0, 0, 0, 0, 0, 0, 0,
    0, 0, 0, 0, 0, 0, 0, 0,
    0, 0, 0, 0, -19, 0, 0, 0,
    0, 0, 0, 0, 0, 0, 0, 0,
    0, 0, 0, 0, 0, 0, 0, 0,
    0, 0, 0, 0, 0, -10, 0, 0,
    0, 0, 0, 0, 0, 0, -13, 0,
    0, 0, 0, 0, 0, 0, 0, 0,
    0, 0, 0, 0, 0, 0, 0, 0,
    0, 0, 0, 0, 0, 0, 0, 0,
    0, 0, 0, 0, 0, 0, 0, 0,
    0, 0, 0, 0, 0, 0, -10, -10,
    0, 0, 0, 0, 0, 0, 0, 0,
    0, 0, 0, 0, 0, 0, 0, 0,
    0, 0, 0, 0, 0, 0, 0, 0,
    0, 0, 0, 0, 0, -22, 0, 0,
    0, 0, 0, 0, 0, 0, 0, 0,
    0, 0, 0, 0, 0, 0, 0, 0,
    0, 0, 0, 0, 0, 0, -6, 0,
    0, 0, 0, 0, 0, 0, 0, -16,
    0, 0, 0, 0, 0, 0, 0, 0,
    0, 0, 0, 0, 0, 0, 0, 0,
    0, 0, 0, 0, 0, 0, 0, 0,
    0, 0, 0, 0, 0, 0, 0, 0,
    0, 0, 0, 0, 0, 0, 0, -6,
    -6, 0, 0, 0, 0, 0, 0, 0,
    0, 0, 0, 0, 0, 0, 0, 0,
    0, 0, 0, 0, 0, 0, 0, 0,
    0, 0, 0, 0, 0, 0, 0, 0,
    0, 0, 0, 0, 0, 0, 0, 0,
    0, 0, 0, 0, 0, 0, 0, 0,
    0, 0, 0, 0, 0, 0, 0, 0,
    0, 0, 0, 0, 0, 0, 0, 0,
    -10, 0, 0, 0, 0, 0, 0, 0,
    0, 0, 0, 0, 0, 0, 0, 0,
    0, 0, 0, 0, 0, 0, 0, 0,
    0, 0, 0, 0, 0, 0, 0, 0,
    0, 0, 0, 0, 0, 0, 0, 0,
    -13, -6, 0, 0, 0, 0, 0, 0,
    0, 0, 0, 0, 0, 0, 0, 0,
    0, 0, 0, 0, 0, 0, 0, 0,
    0, 0, 0, 0, 0, 0, 0, 0,
    0, 0, 0, 0, 0, 0, 0, 0,
    0, 0, 0, 0, 0, 0, 0, 0,
    0, 0, 0, 0, 0, 0, 0, 0,
    0, 0, 0, 0, 0, 0, 0, 0,
    0, -6, 0, 0, 0, 0, 0, 0,
    0, 0, 0, 0, 0, 0, 0, 0,
    0, 0, 0, 0, 0, 0, 0, 0,
    0, 0, 0, 0, 0, 0, 0, 0,
    0, 0, 0, 0, 0, 0, 0, 0,
    0, -16, -16, 0, 0, 0, 0, 0,
    0, 0, 0, 0, 0, 0, 0, 0,
    0, 0, 0, 0, 0, 0, 0, 0,
    0, 0, 0, 0, 0, 0, 0, 0,
    0, 0, 0, 0, 0, 0, 0, 0,
    0, 0, 0, 0, 0, 0, 0, 0,
    0, 0, 0, 0, 0, 0, 0, 0,
    0, -10, 0, 0, 0, 0, 0, 0,
    0, 0, -26, 0, 0, 0, 0, 0,
    0, 0, 0, 0, 0, 0, 0, 0,
    0, 0, 0, 0, 0, 0, 0, 0,
    0, 0, 0, 0, 0, 0, 0, 0,
    0, 0, 0, 0, 0, 0, 0, 0,
    0, 0, 0, 0, 0, 0, 0, 0,
    0, 0, 0, 0, 0, 0, 0, 0,
    0, 0, 0, 0, 0, 0, 0, 0,
    0, 0, 0, 0, 0, 0, 0, 0,
    0, 0, 0, 0, 0, 0, 0, 0,
    -6, 0, 0, 0, 0, 0, 0, 0,
    0, 0, 0, 0, 0, 0, 0, 0,
    0, 0, 0, 0, 0, 0, 0, 0,
    0, 0, 0, 0, 0, 0, 0, 0,
    0, 0, 0, 0, 0, 0, 0, 0,
    0, 0, 0, 0, 0, 0, 0, 0,
    0, 0, 0, 0, 0, 0, 0, 0,
    0, 0, 0, 0, 0, 0, 0, 0,
    0, 0, 0, 0, 0, 0, 0, 0,
    0, 0, 0, 0, 0, 0, 0, 0,
    0, 0, 0, 0, 0, 0, 0, 0,
    0, 0, 0, 0, 0, 0, 0, 0,
    0, 0, 0, 0, 0, 0, 0, 0,
    0, 0, 0, 0, 0, 0, 0, 0,
    0, 10, 0, 0, 0, 0, 0, 0,
    0, 0, 0, 0, 0, 0, 0, 0,
    0, 0, 16, 0, 3, 0, 0, 0,
    0, 0, 0, 0, 0, 0, 0, 0,
    0, 0, 0, 0, 0, 0, 0, 0,
    0, 0, 0, 0, 0, 0, 0, 0,
    0, 0, 0, 0, 0, 0, 0, 0,
    0, 0, 0, 0, 0, 0, 0, 0,
    0, 0, 0, 0, 0, 0, 0, 0,
    0, 0, 0, 0, 0, 0, 0, 0,
    0, 0, 0, 0, 0, 0, 0, 0,
    0, 0, 0, 0, 0, 0, 0, 0,
    0, 0, 0, 0, 0, 0, 0, 0,
    0, 0, 10, 0, 0, 0, 0, 0,
    0, 0, 0, 0, 0, 0, 0, 0,
    0, 0, 0, 16, 0, 0, 0, 0,
    0, 0, 0, 0, 0, 0, 0, 0,
    0, 0, 0, 0, 0, 0, 0, 0,
    0, 0, 0, 0, 0, 0, 0, 0,
    0, 0, 0, 0, 0, 0, 0, 0,
    0, 0, 0, 0, 0, -13, -13, 0,
    0, 0, 0, 0, 0, 0, 0, 0,
    0, 0, 0, 0, 0, 0, 0, 0,
    0, 0, 0, 0, 0, 0, 0, 0,
    0, 0, 0, 0, -6, 0, 0, 0,
    0, 0, 0, 0, 0, 0, 0, 0,
    0, 0, 0, 0, 0, 0, 0, 0,
    0, 0, 0, 0, 0, -10, 0, 0,
    0, 0, 0, 0, 6, 0, -6, 0,
    0, 0, 0, 0, 0, 0, 0, 0,
    0, 0, 0, 0, 0, 0, 0, 0,
    0, 0, 0, 0, 0, 0, 0, 0,
    0, 0, 0, 0, 0, 0, 0, 0,
    0, 0, 0, 0, 0, 0, -10, -10,
    0, 0, 0, 0, 0, 0, 0, 0,
    0, 0, 0, 0, 0, 0, 0, 0,
    0, 0, 0, 0, 0, 0, 0, 0,
    0, 0, 0, 0, 0, -10, 0, 0,
    0, 0, 0, 0, 0, 0, 0, 0,
    0, 0, 0, 0, 0, 0, 0, 0,
    0, 0, 0, 0, 0, 0, 0, 0,
    0, 0, 0, 0, 0, 0, 0, -16,
    0, 0, 0, 0, 0, 0, 0, 0,
    0, 0, 0, 0, 0, 0, 0, 0,
    0, 0, 0, 0, 0, 0, 0, 0,
    0, 0, 0, 0, 0, 0, 0, 0,
    0, 0, 0, 0, 0, 0, 0, -10,
    -10, 0, 0, 0, 0, 0, 0, 0,
    0, 0, 0, 0, 0, 0, 0, 0,
    0, 0, 0, 0, 0, 0, 0, 0,
    0, 0, 0, 0, 0, 0, -10, 0,
    0, 0, 0, 0, 0, 0, 0, 0,
    0, 0, 0, 0, 0, 0, 0, 0,
    0, 0, 0, 0, 0, 0, 0, 0,
    0, 0, -6, 0, 0, 0, 0, 0,
    -16, 0, 0, 0, 0, 0, 0, 0,
    0, 0, 0, 0, 0, 0, 0, 0,
    0, 0, 0, 0, 0, 0, 0, 0,
    0, 0, 0, 0, 0, 0, 0, 0,
    0, 0, 0, 0, 0, 0, 0, 0,
    0, 0, 0, 0, 0, 0, 0, 0,
    0, 0, 0, 0, 0, 0, 0, 0,
    0, 0, 0, 0, 0, 0, 0, 0,
    0, 0, 0, 0, 0, 0, 0, 0,
    0, 0, 0, 0, 0, 0, 0, 0,
    6, 0, 0, 0, 0, 0, 0, 0,
    0, 0, 0, 0, 0, 0, 0, 0,
    0, 0, 0, 0, 0, 0, 0, 0,
    0, 0, 0, 0, 0, 0, 0, 0,
    0, 0, 0, 0, 0, 0, 0, 0,
    0, 0, 0, 0, 0, 0, 0, 0,
    0, 0, 0, 0, 0, 0, 0, 0,
    0, 0, 0, 0, 0, 0, 0, 0,
    0, -16, -10, 0, 0, 0, 0, 0,
    0, 0, 0, 0, 0, 0, 0, 0,
    0, 0, 0, 0, 0, 0, 0, 0,
    0, 0, 0, 0, 0, 0, 0, 0,
    0, 0, 0, 0, 0, 0, 0, 0,
    0, 0, 0, 0, 0, 0, 0, 0,
    0, 0, 0, 0, 0, 0, 0, 0,
    0, 0, 0, 0, 0, 0, 0, 0,
    0, 0, -16, 0, 0, 0, 0, 0,
    0, 0, 0, 0, 0, 0, 0, 0,
    0, 0, 0, 0, 0, 0, 0, 0,
    0, 0, 0, 0, 0, 0, 0, 0,
    0, 0, 0, 0, 0, 0, 0, 0,
    0, 0, 0, 0, 0, 0, 0, 0,
    0, 0, 0, 0, 0, 0, 0, 0,
    0, 0, 0, 0, 0, 0, 0, 0,
    0, 0, 0, 0, 0, 0, 0, 0,
    0, 0, 0, 0, 0, 0, 0, 0,
    0, 0, 0, 0, 0, 0, 0, 0,
    0, 0, 0, 0, 0, -19, -19, 0,
    0, 0, 0, 0, 0, 0, -16, 0,
    0, 0, 0, 0, 0, 0, 0, 0,
    0, 0, 0, 0, 0, 0, 0, 0,
    0, 0, 0, 0, 0, 0, 0, 0,
    0, 0, 0, 0, 0, 0, 0, 0,
    0, 0, 0, 0, 0, 0, 0, 0,
    0, 0, 0, 0, 0, 0, 0, 0,
    0, 0, 0, 0, 0, 0, 0, 0,
    0, 0, 0, 0, 0, 0, 0, 0,
    0, 0, 0, 0, 0, 0, 0, 0,
    0, 0, 0, 0, 0, 0, 0, 0,
    0, 0, 0, 0, 0, 0, 0, 0,
    0, 0, 0, 0, 0, 0, 0, 0,
    0, 0, 0, 0, 0, 0, 0, 0,
    0, 0, 0, 0, -10, 0, 0, 0,
    0, 0, 0, 0, 0, 0, 0, 0,
    0, 0, 0, 0, 0, 0, 0, 0,
    0, 0, 0, 0, 0, 0, 0, 0,
    0, 0, 0, 0, 0, 0, 0, 0,
    0, 0, 0, 0, -6, -6, 0, 0,
    0, 0, 0, 0, 0, 0, 0, 0,
    0, 0, 0, 0, 0, 0, 0, 0,
    0, 0, 0, 0, 0, 0, 0, 0,
    0, 0, 0, 0, 0, 0, 0, 0,
    0, 0, 0, 0, 0, 0, 0, 0,
    0, 0, 0, 0, 0, 0, 0, 0,
    0, 0, 0, 0, 0, 0, 0, 0,
    0, 0, 0, 0, 0, 0, 0, 0,
    0, 0, 0, 0, 0, 0, 0, 0,
    0, 0, 0, 0, 0, 0, 0, 0,
    0, 0, 0, 0, 0, 0, 0, 0,
    0, 0, 0, 0, 0, 0, 0, 0,
    0, 0, 0, 0, 0, -6, 0, 0,
    0, 0, 0, 0, 0, 0, 0, 0,
    0, 0, 0, 0, 0, 0, 0, 0,
    0, 0, 0, 0, 0, 0, 0, 0,
    0, 0, 0, -6, 0, 0, 0, 0,
    0, 0, 0, 0, 0, 0, 0, 0,
    0, 0, 0, 0, 0, 0, 0, 0,
    0, 0, 0, 0, 0, 0, 0, 0,
    0, 0, 0, -6, 0, 0, 0, 0,
    0, 0, 0, 0, 0, 0, 0, 0,
    0, 0, 0, 0, 0, 0, 0, 0,
    0, 0, 0, 0, 0, 0, 0, 0,
    0, 0, 0, 0, 0, 0, 0, 0,
    0, 0, 0, 0, 0, 0, -6, -6,
    0, 0, 0, 0, 0, 0, 0, 0,
    0, 0, 0, 0, 0, 0, 0, 0,
    0, 0, 0, 0, 0, 0, 0, 0,
    0, 0, 0, 0, 0, 0, 0, 0,
    0, 0, 0, 0, 0, -6, -6, 0,
    0, 0, 0, 0, 0, 0, 0, -3,
    -3, 0, 0, 0, 0, 0, -10, -10,
    0, 0, 0, 0, 0, 0, 0, -16,
    0, 0, 0, 0, 0, 0, 0, 0,
    0, 0, 0, 0, 0, 0, 0, 0,
    0, 0, 0, 0, 0, 0, 0, 0,
    0, 0, 0, 0, 0, 0, 0, 0,
    0, 0, 0, 0, 0, 0, 0, -19,
    -13, 0, 0, 0, 0, 0, 0, 0,
    0, 0, 0, 0, 0, 0, 0, 0,
    0, 0, 0, 0, 0, 0, 0, 0,
    0, 0, 0, 0, 0, 0, 0, 0,
    0, 0, 0, 0, 0, 0, 0, 0,
    0, 0, 0, 0, 0, 0, 0, 0,
    0, 0, 0, 0, 0, 0, 0, 0,
    0, 0, 0, 0, 0, 0, 0, 0,
    -10, 0, 0, 0, 0, 0, 0, 0,
    0, 0, 0, 0, 0, 0, 0, 0,
    0, 0, 0, 0, 0, 0, 0, 0,
    0, 0, 0, 0, 0, 0, 0, 0,
    0, 0, 0, 0, 0, 0, 0, 0,
    0, 0, 0, 0, 0, 0, 0, 0,
    0, 0, 0, 0, 0, 0, 0, 0,
    0, 0, 0, 0, 0, 0, 0, 0,
    0, 0, 0, 0, 0, 0, 0, 0,
    0, 0, 0, -10, 0, 0, -6, 0,
    0, 0, 0, 0, 0, 0, 0, 0,
    0, 0, 0, 0, 0, 0, 0, 0,
    -6, 0, 0, 0, 0, 0, 0, -6,
    0, 0, 0, 0, 0, 0, 0, 0,
    0, 0, 0, 0, 0, 0, 0, 0,
    0, 0, 0, 0, 0, 0, 0, 0,
    0, 0, 0, 0, 0, 0, 0, 0,
    0, 0, 0, 0, 0, 0, 0, 0,
    0, 0, 0, 0, 0, 0, 0, 0,
    0, 0, 0, 0, 0, 0, 0, 0,
    0, 0, 0, 0, 0, 0, 0, 0,
    0, 0, 0, 0, 0, 0, 0, 0,
    0, 0, 0, 0, 0, 0, 0, 0,
    0, 0, 0, 0, 0, 0, 0, 0,
    0, 0, 0, 0, 0, 0, 0, 0,
    0, -6, 0, 0, 0, 0, 0, 0,
    0, 0, 0, 0, 0, 0, 0, 0,
    0, 0, 0, 0, 0, 0, 0, 0,
    0, 0, 0, 0, 0, 0, 0, 0,
    0, 0, 0, 0, 0, 0, 0, 0,
    0, 0, 0, 0, 0, 0, 0, 0,
    0, 0, -19, -19, 0, 0, 0, 0,
    0, 0, 0, 0, 0, 0, 0, 0,
    0, 0, 0, 0, 0, 0, 0, 0,
    0, 0, 0, 0, 0, 0, 0, 0,
    0, -10, 0, 0, 0, 0, 0, 0,
    0, 0, 0, 0, 0, 0, 0, 0,
    0, 0, 0, -6, -6, 0, 0, 0,
    0, 0, 0, 0, 0, 0, 0, 0,
    0, 0, 0, -16, 0, 0, 0, 0,
    0, 0, 0, 0, 0, 0, 0, 0,
    0, 0, 0, 0, 0, 0, 0, 0,
    0, 0, 0, 0, 0, 0, 0, 0,
    0, 0, 0, 0, 0, 0, 0, 0,
    0, 0, 0, -19, -19, 0, 0, 0,
    0, 0, 0, 0, 0, 0, 0, 0,
    0, 0, 0, 0, 0, 0, 0, 0,
    0, 0, 0, 0, 0, 0, 0, 0,
    0, 0, 0, 0, 0, 0, 0, 0,
    0, 0, 0, -6, 0, 0, 0, 0,
    0, 0, 0, -6, 0, 0, -10, -10,
    0, 0, 0, -6, -10, 0, 0, 0,
    0, 0, 0, 0, -16, 0, 0, 0,
    0, 0, 0, 0, 0, 0, 0, 0,
    0, 0, 0, 0, 0, 0, 0, 0,
    0, 0, 0, 0, 0, 0, 0, 0,
    0, 0, 0, 0, 0, 0, 0, 0,
    0, 0, 0, 0, -3, -3, 0, 0,
    0, 0, 0, 0, 0, 0, 0, 0,
    0, 0, 0, 0, -19, -19, 0, 0,
    0, 0, 0, 0, 0, 0, 0, 0,
    0, 0, -13, -13, 0, 0, 0, 0,
    0, 0, 0, -6, -16, 0, 0, 0,
    0, 0, 0, 0, 0, -3, -3, -19,
    -19, 0, 0, 0, -10, -13, 0, 0,
    0, 0, 0, -16, 0, 0
};


/*Collect the kern class' data in one place*/
static const lv_font_fmt_txt_kern_classes_t kern_classes =
{
    .class_pair_values   = kern_class_values,
    .left_class_mapping  = kern_left_class_mapping,
    .right_class_mapping = kern_right_class_mapping,
    .left_class_cnt      = 126,
    .right_class_cnt     = 105,
};

/*--------------------
 *  ALL CUSTOM DATA
 *--------------------*/

#if LVGL_VERSION_MAJOR == 8
/*Store all the custom data of the font*/
static  lv_font_fmt_txt_glyph_cache_t cache;
#endif

#if LVGL_VERSION_MAJOR >= 8
static const lv_font_fmt_txt_dsc_t font_dsc = {
#else
static lv_font_fmt_txt_dsc_t font_dsc = {
#endif
    .glyph_bitmap = glyph_bitmap,
    .glyph_dsc = glyph_dsc,
    .cmaps = cmaps,
    .kern_dsc = &kern_classes,
    .kern_scale = 16,
    .cmap_num = 2,
    .bpp = 4,
    .kern_classes = 1,
    .bitmap_format = 0,
#if LVGL_VERSION_MAJOR == 8
    .cache = &cache
#endif
};



/*-----------------
 *  PUBLIC FONT
 *----------------*/

/*Initialize a public general font descriptor*/
#if LVGL_VERSION_MAJOR >= 8
const lv_font_t ui_font_source_han_20 = {
#else
lv_font_t ui_font_source_han_20 = {
#endif
    .get_glyph_dsc = lv_font_get_glyph_dsc_fmt_txt,    /*Function pointer to get glyph's data*/
    .get_glyph_bitmap = lv_font_get_bitmap_fmt_txt,    /*Function pointer to get glyph's bitmap*/
    .line_height = 23,          /*The maximum line height required by the font*/
    .base_line = 5,             /*Baseline measured from the bottom of the line*/
#if !(LVGL_VERSION_MAJOR == 6 && LVGL_VERSION_MINOR == 0)
    .subpx = LV_FONT_SUBPX_NONE,
#endif
#if LV_VERSION_CHECK(7, 4, 0) || LVGL_VERSION_MAJOR >= 8
    .underline_position = -2,
    .underline_thickness = 1,
#endif
    .dsc = &font_dsc,          /*The custom font data. Will be accessed by `get_glyph_bitmap/dsc` */
#if LV_VERSION_CHECK(8, 2, 0) || LVGL_VERSION_MAJOR >= 9
    .fallback = NULL,
#endif
    .user_data = NULL,
};



#endif /*#if UI_FONT_SOURCE_HAN_20*/

